time,open,high,low,close
-566559000,24.25,24.25,24.25,24.25
-566299800,24.459999,24.459999,24.459999,24.459999
-566213400,24.66,24.66,24.66,24.66
-566127000,24.540001,24.540001,24.540001,24.540001
-566040600,24.559999,24.559999,24.559999,24.559999
-565954200,24.549999,24.549999,24.549999,24.549999
-565695000,24.610001,24.610001,24.610001,24.610001
-565608600,24.57,24.57,24.57,24.57
-565522200,24.23,24.23,24.23,24.23
-565435800,24.139999,24.139999,24.139999,24.139999
-565349400,24.299999,24.299999,24.299999,24.299999
-565090200,24.120001,24.120001,24.120001,24.120001
-565003800,24.110001,24.110001,24.110001,24.110001
-564917400,24.18,24.18,24.18,24.18
-564831000,24.110001,24.110001,24.110001,24.110001
-564744600,24.24,24.24,24.24,24.24
-564485400,24.110001,24.110001,24.110001,24.110001
-564312600,23.92,23.92,23.92,23.92
-564226200,23.870001,23.870001,23.870001,23.870001
-564139800,23.860001,23.860001,23.860001,23.860001
-563880600,23.74,23.74,23.74,23.74
-563794200,23.360001,23.360001,23.360001,23.360001
-563707800,23.09,23.09,23.09,23.09
-563621400,23.16,23.16,23.16,23.16
-563275800,23.23,23.23,23.23,23.23
-563189400,23.15,23.15,23.15,23.15
-563103000,23.18,23.18,23.18,23.18
-563016600,23.290001,23.290001,23.290001,23.290001
-562930200,23.26,23.26,23.26,23.26
-562671000,23.290001,23.290001,23.290001,23.290001
-562584600,23.68,23.68,23.68,23.68
-562498200,23.709999,23.709999,23.709999,23.709999
-562411800,23.690001,23.690001,23.690001,23.690001
-562325400,23.719999,23.719999,23.719999,23.719999
-562066200,23.6,23.6,23.6,23.6
-561979800,23.620001,23.620001,23.620001,23.620001
-561893400,23.73,23.73,23.73,23.73
-561807000,23.75,23.75,23.75,23.75
-561720600,23.75,23.75,23.75,23.75
-561461400,23.92,23.92,23.92,23.92
-561375000,23.870001,23.870001,23.870001,23.870001
-561288600,23.82,23.82,23.82,23.82
-561202200,23.889999,23.889999,23.889999,23.889999
-561115800,23.93,23.93,23.93,23.93
-560856600,23.93,23.93,23.93,23.93
-560770200,23.790001,23.790001,23.790001,23.790001
-560683800,23.780001,23.780001,23.780001,23.780001
-560597400,23.99,23.99,23.99,23.99
-560511000,24.18,24.18,24.18,24.18
-560251800,24.370001,24.370001,24.370001,24.370001
-560165400,24.18,24.18,24.18,24.18
-560079000,24.120001,24.120001,24.120001,24.120001
-559992600,24.120001,24.120001,24.120001,24.120001
-559906200,24.02,24.02,24.02,24.02
-559647000,23.799999,23.799999,23.799999,23.799999
-559560600,23.91,23.91,23.91,23.91
-559474200,23.940001,23.940001,23.940001,23.940001
-559387800,24.110001,24.110001,24.110001,24.110001
-559042200,23.950001,23.950001,23.950001,23.950001
-558955800,23.65,23.65,23.65,23.65
-558869400,23.58,23.58,23.58,23.58
-558783000,23.41,23.41,23.41,23.41
-558696600,23.5,23.5,23.5,23.5
-558437400,23.690001,23.690001,23.690001,23.690001
-558351000,23.58,23.58,23.58,23.58
-558264600,23.48,23.48,23.48,23.48
-558178200,23.43,23.43,23.43,23.43
-558091800,23.540001,23.540001,23.540001,23.540001
-557836200,23.549999,23.549999,23.549999,23.549999
-557749800,23.49,23.49,23.49,23.49
-557663400,23.32,23.32,23.32,23.32
-557577000,23.17,23.17,23.17,23.17
-557490600,23.559999,23.559999,23.559999,23.559999
-557231400,23.66,23.66,23.66,23.66
-557145000,23.67,23.67,23.67,23.67
-557058600,23.809999,23.809999,23.809999,23.809999
-556972200,23.860001,23.860001,23.860001,23.860001
-556885800,23.84,23.84,23.84,23.84
-556626600,23.75,23.75,23.75,23.75
-556540200,23.780001,23.780001,23.780001,23.780001
-556453800,23.68,23.68,23.68,23.68
-556367400,23.6,23.6,23.6,23.6
-556281000,23.559999,23.559999,23.559999,23.559999
-556021800,23.610001,23.610001,23.610001,23.610001
-555935400,23.74,23.74,23.74,23.74
-555849000,23.780001,23.780001,23.780001,23.780001
-555762600,23.91,23.91,23.91,23.91
-555676200,23.889999,23.889999,23.889999,23.889999
-555417000,23.940001,23.940001,23.940001,23.940001
-555330600,23.879999,23.879999,23.879999,23.879999
-555244200,23.84,23.84,23.84,23.84
-555157800,23.860001,23.860001,23.860001,23.860001
-554812200,23.799999,23.799999,23.799999,23.799999
-554725800,23.780001,23.780001,23.780001,23.780001
-554639400,23.950001,23.950001,23.950001,23.950001
-554553000,24.1,24.1,24.1,24.1
-554466600,24.26,24.26,24.26,24.26
-554207400,24.370001,24.370001,24.370001,24.370001
-554121000,24.23,24.23,24.23,24.23
-554034600,24.309999,24.309999,24.309999,24.309999
-553948200,24.309999,24.309999,24.309999,24.309999
-553861800,24.370001,24.370001,24.370001,24.370001
-553602600,24.299999,24.299999,24.299999,24.299999
-553516200,24.33,24.33,24.33,24.33
-553429800,24.43,24.43,24.43,24.43
-553343400,24.51,24.51,24.51,24.51
-553257000,24.59,24.59,24.59,24.59
-552997800,24.559999,24.559999,24.559999,24.559999
-552911400,24.6,24.6,24.6,24.6
-552825000,24.66,24.66,24.66,24.66
-552738600,24.75,24.75,24.75,24.75
-552652200,24.83,24.83,24.83,24.83
-552393000,24.959999,24.959999,24.959999,24.959999
-552306600,25.120001,25.120001,25.120001,25.120001
-552220200,25.059999,25.059999,25.059999,25.059999
-552133800,25.049999,25.049999,25.049999,25.049999
-551788200,24.969999,24.969999,24.969999,24.969999
-551701800,24.959999,24.959999,24.959999,24.959999
-551615400,24.860001,24.860001,24.860001,24.860001
-551529000,24.809999,24.809999,24.809999,24.809999
-551442600,24.98,24.98,24.98,24.98
-551183400,25.030001,25.030001,25.030001,25.030001
-551097000,25.16,25.16,25.16,25.16
-551010600,25.16,25.16,25.16,25.16
-550924200,25.049999,25.049999,25.049999,25.049999
-550837800,24.85,24.85,24.85,24.85
-550578600,24.950001,24.950001,24.950001,24.950001
-550492200,25,25,25,25
-550405800,25.110001,25.110001,25.110001,25.110001
-550319400,25.24,25.24,25.24,25.24
-550233000,25.16,25.16,25.16,25.16
-549973800,25.200001,25.200001,25.200001,25.200001
-549887400,25.26,25.26,25.26,25.26
-549801000,25.370001,25.370001,25.370001,25.370001
-549714600,25.4,25.4,25.4,25.4
-549628200,25.450001,25.450001,25.450001,25.450001
-549369000,25.43,25.43,25.43,25.43
-549282600,25.459999,25.459999,25.459999,25.459999
-549196200,25.440001,25.440001,25.440001,25.440001
-549109800,25.52,25.52,25.52,25.52
-549023400,25.549999,25.549999,25.549999,25.549999
-548764200,25.52,25.52,25.52,25.52
-548677800,25.309999,25.309999,25.309999,25.309999
-548591400,25.280001,25.280001,25.280001,25.280001
-548505000,25.280001,25.280001,25.280001,25.280001
-548418600,25.200001,25.200001,25.200001,25.200001
-548159400,24.940001,24.940001,24.940001,24.940001
-548073000,24.889999,24.889999,24.889999,24.889999
-547986600,24.950001,24.950001,24.950001,24.950001
-547900200,24.98,24.98,24.98,24.98
-547813800,24.99,24.99,24.99,24.99
-547554600,24.870001,24.870001,24.870001,24.870001
-547468200,24.83,24.83,24.83,24.83
-547381800,24.940001,24.940001,24.940001,24.940001
-547295400,24.969999,24.969999,24.969999,24.969999
-547209000,25.030001,25.030001,25.030001,25.030001
-546863400,25.15,25.15,25.15,25.15
-546777000,25.25,25.25,25.25,25.25
-546690600,25.24,25.24,25.24,25.24
-546604200,25.209999,25.209999,25.209999,25.209999
-546345000,25.110001,25.110001,25.110001,25.110001
-546258600,24.860001,24.860001,24.860001,24.860001
-546172200,24.690001,24.690001,24.690001,24.690001
-546085800,24.719999,24.719999,24.719999,24.719999
-545999400,24.709999,24.709999,24.709999,24.709999
-545740200,24.450001,24.450001,24.450001,24.450001
-545653800,24.530001,24.530001,24.530001,24.530001
-545567400,24.58,24.58,24.58,24.58
-545481000,24.51,24.51,24.51,24.51
-545394600,24.57,24.57,24.57,24.57
-545135400,24.59,24.59,24.59,24.59
-545049000,24.700001,24.700001,24.700001,24.700001
-544962600,24.790001,24.790001,24.790001,24.790001
-544876200,24.809999,24.809999,24.809999,24.809999
-544789800,24.73,24.73,24.73,24.73
-544527000,24.68,24.68,24.68,24.68
-544440600,24.540001,24.540001,24.540001,24.540001
-544354200,24.48,24.48,24.48,24.48
-544267800,24.52,24.52,24.52,24.52
-544181400,24.5,24.5,24.5,24.5
-543922200,24.440001,24.440001,24.440001,24.440001
-543835800,24.4,24.4,24.4,24.4
-543749400,24.58,24.58,24.58,24.58
-543663000,24.57,24.57,24.57,24.57
-543576600,24.549999,24.549999,24.549999,24.549999
-543231000,24.48,24.48,24.48,24.48
-543144600,24.059999,24.059999,24.059999,24.059999
-543058200,23.91,23.91,23.91,23.91
-542971800,24.200001,24.200001,24.200001,24.200001
-542712600,24.129999,24.129999,24.129999,24.129999
-542626200,24.07,24.07,24.07,24.07
-542539800,23.799999,23.799999,23.799999,23.799999
-542453400,23.870001,23.870001,23.870001,23.870001
-542367000,24.030001,24.030001,24.030001,24.030001
-542107800,24.09,24.09,24.09,24.09
-542021400,24.129999,24.129999,24.129999,24.129999
-541935000,24.15,24.15,24.15,24.15
-541848600,24.15,24.15,24.15,24.15
-541762200,24.52,24.52,24.52,24.52
-541503000,24.6,24.6,24.6,24.6
-541330200,24.67,24.67,24.67,24.67
-541243800,24.77,24.77,24.77,24.77
-541157400,24.780001,24.780001,24.780001,24.780001
-540898200,24.77,24.77,24.77,24.77
-540725400,24.65,24.65,24.65,24.65
-540639000,24.709999,24.709999,24.709999,24.709999
-540552600,24.75,24.75,24.75,24.75
-540293400,24.799999,24.799999,24.799999,24.799999
-540207000,25.16,25.16,25.16,25.16
-540120600,25.33,25.33,25.33,25.33
-540034200,25.280001,25.280001,25.280001,25.280001
-539947800,25.27,25.27,25.27,25.27
-539688600,25.42,25.42,25.42,25.42
-539602200,25.360001,25.360001,25.360001,25.360001
-539515800,25.52,25.52,25.52,25.52
-539343000,25.66,25.66,25.66,25.66
-539083800,25.68,25.68,25.68,25.68
-538997400,25.74,25.74,25.74,25.74
-538911000,25.709999,25.709999,25.709999,25.709999
-538824600,25.610001,25.610001,25.610001,25.610001
-538738200,25.620001,25.620001,25.620001,25.620001
-538479000,25.76,25.76,25.76,25.76
-538392600,25.93,25.93,25.93,25.93
-538306200,25.98,25.98,25.98,25.98
-538219800,25.959999,25.959999,25.959999,25.959999
-538133400,26.040001,26.040001,26.040001,26.040001
-537874200,26.040001,26.040001,26.040001,26.040001
-537787800,26.07,26.07,26.07,26.07
-537701400,26.040001,26.040001,26.040001,26.040001
-537615000,26.030001,26.030001,26.030001,26.030001
-537528600,26.15,26.15,26.15,26.15
-537269400,26.299999,26.299999,26.299999,26.299999
-537183000,26.190001,26.190001,26.190001,26.190001
-537096600,26.209999,26.209999,26.209999,26.209999
-536923800,26.25,26.25,26.25,26.25
-536664600,26.4,26.4,26.4,26.4
-536578200,26.59,26.59,26.59,26.59
-536491800,26.57,26.57,26.57,26.57
-536319000,26.540001,26.540001,26.540001,26.540001
-536059800,26.66,26.66,26.66,26.66
-535973400,26.48,26.48,26.48,26.48
-535887000,26.370001,26.370001,26.370001,26.370001
-535800600,26.33,26.33,26.33,26.33
-535714200,26.08,26.08,26.08,26.08
-535455000,25.860001,25.860001,25.860001,25.860001
-535368600,26.02,26.02,26.02,26.02
-535282200,26.08,26.08,26.08,26.08
-535195800,26.129999,26.129999,26.129999,26.129999
-535109400,26.02,26.02,26.02,26.02
-534850200,26.01,26.01,26.01,26.01
-534763800,26.139999,26.139999,26.139999,26.139999
-534677400,26.09,26.09,26.09,26.09
-534591000,26.120001,26.120001,26.120001,26.120001
-534504600,26.07,26.07,26.07,26.07
-534245400,26.02,26.02,26.02,26.02
-534159000,26.049999,26.049999,26.049999,26.049999
-534072600,26.129999,26.129999,26.129999,26.129999
-533986200,26.200001,26.200001,26.200001,26.200001
-533899800,26.379999,26.379999,26.379999,26.379999
-533640600,26.51,26.51,26.51,26.51
-533554200,26.540001,26.540001,26.540001,26.540001
-533467800,26.42,26.42,26.42,26.42
-533381400,26.15,26.15,26.15,26.15
-533295000,26.51,26.51,26.51,26.51
-533035800,25.690001,25.690001,25.690001,25.690001
-532949400,25.620001,25.620001,25.620001,25.620001
-532863000,25.639999,25.639999,25.639999,25.639999
-532690200,25.74,25.74,25.74,25.74
-532431000,25.65,25.65,25.65,25.65
-532344600,25.5,25.5,25.5,25.5
-532258200,25.48,25.48,25.48,25.48
-532171800,25.57,25.57,25.57,25.57
-532085400,25.629999,25.629999,25.629999,25.629999
-531739800,25.75,25.75,25.75,25.75
-531653400,25.91,25.91,25.91,25.91
-531567000,25.950001,25.950001,25.950001,25.950001
-531480600,25.9,25.9,25.9,25.9
-531221400,25.93,25.93,25.93,25.93
-531135000,26,26,26,26
-531048600,25.780001,25.780001,25.780001,25.780001
-530962200,25.790001,25.790001,25.790001,25.790001
-530875800,25.84,25.84,25.84,25.84
-530616600,25.83,25.83,25.83,25.83
-530530200,25.91,25.91,25.91,25.91
-530443800,26.120001,26.120001,26.120001,26.120001
-530357400,26.129999,26.129999,26.129999,26.129999
-530271000,26.18,26.18,26.18,26.18
-530011800,26.219999,26.219999,26.219999,26.219999
-529925400,26.33,26.33,26.33,26.33
-529839000,26.24,26.24,26.24,26.24
-529752600,26.219999,26.219999,26.219999,26.219999
-529666200,26.18,26.18,26.18,26.18
-529407000,26.02,26.02,26.02,26.02
-529320600,26.17,26.17,26.17,26.17
-529234200,26.1,26.1,26.1,26.1
-529147800,25.950001,25.950001,25.950001,25.950001
-529061400,25.99,25.99,25.99,25.99
-528802200,25.610001,25.610001,25.610001,25.610001
-528715800,25.290001,25.290001,25.290001,25.290001
-528629400,25.25,25.25,25.25,25.25
-528543000,25.23,25.23,25.23,25.23
-528197400,24.610001,24.610001,24.610001,24.610001
-528111000,24.709999,24.709999,24.709999,24.709999
-528024600,24.93,24.93,24.93,24.93
-527938200,24.879999,24.879999,24.879999,24.879999
-527851800,24.82,24.82,24.82,24.82
-527592600,24.77,24.77,24.77,24.77
-527506200,24.860001,24.860001,24.860001,24.860001
-527419800,24.959999,24.959999,24.959999,24.959999
-527333400,24.91,24.91,24.91,24.91
-527247000,24.620001,24.620001,24.620001,24.620001
-526987800,24.73,24.73,24.73,24.73
-526901400,24.67,24.67,24.67,24.67
-526815000,24.459999,24.459999,24.459999,24.459999
-526728600,24.190001,24.190001,24.190001,24.190001
-526642200,24.200001,24.200001,24.200001,24.200001
-526386600,24.34,24.34,24.34,24.34
-526300200,24.52,24.52,24.52,24.52
-526213800,24.68,24.68,24.68,24.68
-526127400,24.620001,24.620001,24.620001,24.620001
-526041000,24.73,24.73,24.73,24.73
-525781800,25,25,25,25
-525695400,25.030001,25.030001,25.030001,25.030001
-525609000,25,25,25,25
-525522600,24.9,24.9,24.9,24.9
-525436200,24.9,24.9,24.9,24.9
-525177000,24.91,24.91,24.91,24.91
-525090600,24.74,24.74,24.74,24.74
-525004200,24.709999,24.709999,24.709999,24.709999
-524917800,24.85,24.85,24.85,24.85
-524831400,24.84,24.84,24.84,24.84
-524572200,24.75,24.75,24.75,24.75
-524485800,24.700001,24.700001,24.700001,24.700001
-524399400,24.93,24.93,24.93,24.93
-524313000,25.059999,25.059999,25.059999,25.059999
-524226600,25.030001,25.030001,25.030001,25.030001
-523967400,24.99,24.99,24.99,24.99
-523881000,24.870001,24.870001,24.870001,24.870001
-523794600,24.639999,24.639999,24.639999,24.639999
-523708200,24.459999,24.459999,24.459999,24.459999
-523621800,24.540001,24.540001,24.540001,24.540001
-523362600,24.15,24.15,24.15,24.15
-523276200,24.219999,24.219999,24.219999,24.219999
-523189800,24.18,24.18,24.18,24.18
-523103400,24.030001,24.030001,24.030001,24.030001
-523017000,24.09,24.09,24.09,24.09
-522757800,24.01,24.01,24.01,24.01
-522671400,23.6,23.6,23.6,23.6
-522585000,23.540001,23.540001,23.540001,23.540001
-522498600,23.75,23.75,23.75,23.75
-522412200,23.82,23.82,23.82,23.82
-522153000,23.620001,23.620001,23.620001,23.620001
-522066600,23.549999,23.549999,23.549999,23.549999
-521980200,23.85,23.85,23.85,23.85
-521893800,23.84,23.84,23.84,23.84
-521807400,23.84,23.84,23.84,23.84
-521548200,23.959999,23.959999,23.959999,23.959999
-521461800,24.120001,24.120001,24.120001,24.120001
-521375400,24.09,24.09,24.09,24.09
-521289000,24.190001,24.190001,24.190001,24.190001
-521202600,24.209999,24.209999,24.209999,24.209999
-520943400,24.139999,24.139999,24.139999,24.139999
-520857000,24.139999,24.139999,24.139999,24.139999
-520770600,24.24,24.24,24.24,24.24
-520684200,24.309999,24.309999,24.309999,24.309999
-520597800,24.360001,24.360001,24.360001,24.360001
-520338600,24.379999,24.379999,24.379999,24.379999
-520252200,24.51,24.51,24.51,24.51
-520165800,24.5,24.5,24.5,24.5
-520079400,24.43,24.43,24.43,24.43
-519993000,24.41,24.41,24.41,24.41
-519733800,24.17,24.17,24.17,24.17
-519647400,24.08,24.08,24.08,24.08
-519561000,24.15,24.15,24.15,24.15
-519474600,24.18,24.18,24.18,24.18
-519388200,24.35,24.35,24.35,24.35
-519129000,24.219999,24.219999,24.219999,24.219999
-519042600,24.16,24.16,24.16,24.16
-518956200,24.190001,24.190001,24.190001,24.190001
-518869800,24.23,24.23,24.23,24.23
-518783400,24.23,24.23,24.23,24.23
-518524200,24.07,24.07,24.07,24.07
-518437800,24.110001,24.110001,24.110001,24.110001
-518351400,24.26,24.26,24.26,24.26
-518265000,24.49,24.49,24.49,24.49
-518178600,24.75,24.75,24.75,24.75
-517919400,24.84,24.84,24.84,24.84
-517833000,24.780001,24.780001,24.780001,24.780001
-517746600,24.68,24.68,24.68,24.68
-517660200,24.799999,24.799999,24.799999,24.799999
-517573800,24.780001,24.780001,24.780001,24.780001
-517314600,24.75,24.75,24.75,24.75
-517228200,24.719999,24.719999,24.719999,24.719999
-517141800,24.780001,24.780001,24.780001,24.780001
-517055400,24.73,24.73,24.73,24.73
-516969000,24.620001,24.620001,24.620001,24.620001
-516709800,24.559999,24.559999,24.559999,24.559999
-516623400,24.459999,24.459999,24.459999,24.459999
-516537000,24.309999,24.309999,24.309999,24.309999
-516450600,24.290001,24.290001,24.290001,24.290001
-516364200,24.35,24.35,24.35,24.35
-516105000,24.09,24.09,24.09,24.09
-516018600,23.93,23.93,23.93,23.93
-515932200,23.860001,23.860001,23.860001,23.860001
-515845800,23.790001,23.790001,23.790001,23.790001
-515759400,23.74,23.74,23.74,23.74
-515500200,23.32,23.32,23.32,23.32
-515413800,23.42,23.42,23.42,23.42
-515327400,23.559999,23.559999,23.559999,23.559999
-515241000,23.51,23.51,23.51,23.51
-515154600,23.57,23.57,23.57,23.57
-514809000,23.610001,23.610001,23.610001,23.610001
-514722600,23.65,23.65,23.65,23.65
-514636200,23.41,23.41,23.41,23.41
-514549800,23.139999,23.139999,23.139999,23.139999
-514290600,22.709999,22.709999,22.709999,22.709999
-514204200,22.9,22.9,22.9,22.9
-514117800,23.01,23.01,23.01,23.01
-514031400,23.07,23.07,23.07,23.07
-513945000,22.950001,22.950001,22.950001,22.950001
-513685800,22.879999,22.879999,22.879999,22.879999
-513599400,23.200001,23.200001,23.200001,23.200001
-513513000,23.23,23.23,23.23,23.23
-513426600,23.24,23.24,23.24,23.24
-513340200,23.299999,23.299999,23.299999,23.299999
-513077400,23.450001,23.450001,23.450001,23.450001
-512991000,23.49,23.49,23.49,23.49
-512904600,23.35,23.35,23.35,23.35
-512818200,23.49,23.49,23.49,23.49
-512731800,23.59,23.59,23.59,23.59
-512472600,23.48,23.48,23.48,23.48
-512386200,23.389999,23.389999,23.389999,23.389999
-512299800,23.58,23.58,23.58,23.58
-512213400,23.620001,23.620001,23.620001,23.620001
-512127000,23.66,23.66,23.66,23.66
-511781400,23.57,23.57,23.57,23.57
-511695000,23.68,23.68,23.68,23.68
-511608600,23.950001,23.950001,23.950001,23.950001
-511522200,24.139999,24.139999,24.139999,24.139999
-511263000,24.16,24.16,24.16,24.16
-511176600,24.17,24.17,24.17,24.17
-511090200,24.190001,24.190001,24.190001,24.190001
-511003800,24.299999,24.299999,24.299999,24.299999
-510917400,24.35,24.35,24.35,24.35
-510658200,24.309999,24.309999,24.309999,24.309999
-510571800,24.26,24.26,24.26,24.26
-510485400,24.290001,24.290001,24.290001,24.290001
-510399000,24.58,24.58,24.58,24.58
-510312600,24.540001,24.540001,24.540001,24.540001
-510053400,24.66,24.66,24.66,24.66
-509880600,24.51,24.51,24.51,24.51
-509794200,24.639999,24.639999,24.639999,24.639999
-509707800,24.610001,24.610001,24.610001,24.610001
-509448600,24.66,24.66,24.66,24.66
-509362200,24.370001,24.370001,24.370001,24.370001
-509189400,24.459999,24.459999,24.459999,24.459999
-509103000,24.540001,24.540001,24.540001,24.540001
-508843800,24.379999,24.379999,24.379999,24.379999
-508757400,24.25,24.25,24.25,24.25
-508671000,24.290001,24.290001,24.290001,24.290001
-508584600,24.4,24.4,24.4,24.4
-508498200,24.440001,24.440001,24.440001,24.440001
-508239000,24.360001,24.360001,24.360001,24.360001
-508152600,24.5,24.5,24.5,24.5
-508066200,24.52,24.52,24.52,24.52
-507893400,24.66,24.66,24.66,24.66
-507634200,24.76,24.76,24.76,24.76
-507547800,24.780001,24.780001,24.780001,24.780001
-507461400,24.950001,24.950001,24.950001,24.950001
-507375000,24.969999,24.969999,24.969999,24.969999
-507288600,24.98,24.98,24.98,24.98
-507029400,24.950001,24.950001,24.950001,24.950001
-506943000,24.870001,24.870001,24.870001,24.870001
-506856600,24.84,24.84,24.84,24.84
-506770200,24.780001,24.780001,24.780001,24.780001
-506683800,24.76,24.76,24.76,24.76
-506424600,24.690001,24.690001,24.690001,24.690001
-506338200,24.709999,24.709999,24.709999,24.709999
-506251800,24.959999,24.959999,24.959999,24.959999
-506165400,24.940001,24.940001,24.940001,24.940001
-506079000,24.99,24.99,24.99,24.99
-505819800,24.950001,24.950001,24.950001,24.950001
-505733400,24.76,24.76,24.76,24.76
-505647000,24.690001,24.690001,24.690001,24.690001
-505560600,24.799999,24.799999,24.799999,24.799999
-505215000,24.709999,24.709999,24.709999,24.709999
-505128600,24.549999,24.549999,24.549999,24.549999
-505042200,24.76,24.76,24.76,24.76
-504955800,24.809999,24.809999,24.809999,24.809999
-504610200,24.950001,24.950001,24.950001,24.950001
-504523800,25.1,25.1,25.1,25.1
-504437400,25.139999,25.139999,25.139999,25.139999
-504351000,25.059999,25.059999,25.059999,25.059999
-504264600,24.93,24.93,24.93,24.93
-504005400,24.799999,24.799999,24.799999,24.799999
-503919000,24.93,24.93,24.93,24.93
-503832600,25.07,25.07,25.07,25.07
-503746200,25.190001,25.190001,25.190001,25.190001
-503659800,25.43,25.43,25.43,25.43
-503400600,25.43,25.43,25.43,25.43
-503314200,25.68,25.68,25.68,25.68
-503227800,25.75,25.75,25.75,25.75
-503141400,25.790001,25.790001,25.790001,25.790001
-503055000,25.85,25.85,25.85,25.85
-502795800,25.93,25.93,25.93,25.93
-502709400,26.09,26.09,26.09,26.09
-502623000,26.01,26.01,26.01,26.01
-502536600,26.02,26.02,26.02,26.02
-502450200,26.08,26.08,26.08,26.08
-502191000,25.99,25.99,25.99,25.99
-502104600,25.92,25.92,25.92,25.92
-502018200,26.01,26.01,26.01,26.01
-501931800,26.200001,26.200001,26.200001,26.200001
-501845400,26.299999,26.299999,26.299999,26.299999
-501586200,26.23,26.23,26.23,26.23
-501499800,26.17,26.17,26.17,26.17
-501413400,26.139999,26.139999,26.139999,26.139999
-501327000,26.059999,26.059999,26.059999,26.059999
-501240600,26.120001,26.120001,26.120001,26.120001
-500981400,26.040001,26.040001,26.040001,26.040001
-500895000,25.809999,25.809999,25.809999,25.809999
-500808600,25.860001,25.860001,25.860001,25.860001
-500722200,25.860001,25.860001,25.860001,25.860001
-500635800,25.92,25.92,25.92,25.92
-500290200,25.83,25.83,25.83,25.83
-500203800,25.83,25.83,25.83,25.83
-500117400,25.91,25.91,25.91,25.91
-500031000,26.15,26.15,26.15,26.15
-499771800,26.25,26.25,26.25,26.25
-499685400,26.32,26.32,26.32,26.32
-499599000,26.32,26.32,26.32,26.32
-499512600,26.41,26.41,26.41,26.41
-499426200,26.52,26.52,26.52,26.52
-499167000,26.450001,26.450001,26.450001,26.450001
-499080600,26.51,26.51,26.51,26.51
-498994200,26.57,26.57,26.57,26.57
-498907800,26.690001,26.690001,26.690001,26.690001
-498821400,26.690001,26.690001,26.690001,26.690001
-498562200,26.57,26.57,26.57,26.57
-498475800,26.559999,26.559999,26.559999,26.559999
-498389400,26.620001,26.620001,26.620001,26.620001
-498303000,26.73,26.73,26.73,26.73
-498216600,26.809999,26.809999,26.809999,26.809999
-497957400,26.790001,26.790001,26.790001,26.790001
-497871000,26.6,26.6,26.6,26.6
-497784600,26.469999,26.469999,26.469999,26.469999
-497698200,26.42,26.42,26.42,26.42
-497611800,26.559999,26.559999,26.559999,26.559999
-497352600,26.66,26.66,26.66,26.66
-497266200,26.690001,26.690001,26.690001,26.690001
-497179800,26.940001,26.940001,26.940001,26.940001
-497093400,27.17,27.17,27.17,27.17
-497007000,27.209999,27.209999,27.209999,27.209999
-496747800,27.26,27.26,27.26,27.26
-496661400,27.01,27.01,27.01,27.01
-496575000,27.110001,27.110001,27.110001,27.110001
-496488600,27.379999,27.379999,27.379999,27.379999
-496402200,27.379999,27.379999,27.379999,27.379999
-496143000,27.57,27.57,27.57,27.57
-496056600,27.639999,27.639999,27.639999,27.639999
-495970200,27.85,27.85,27.85,27.85
-495883800,27.940001,27.940001,27.940001,27.940001
-495538200,27.76,27.76,27.76,27.76
-495451800,27.75,27.75,27.75,27.75
-495365400,27.639999,27.639999,27.639999,27.639999
-495279000,27.68,27.68,27.68,27.68
-495192600,27.780001,27.780001,27.780001,27.780001
-494937000,27.879999,27.879999,27.879999,27.879999
-494850600,27.709999,27.709999,27.709999,27.709999
-494764200,27.76,27.76,27.76,27.76
-494677800,28.18,28.18,28.18,28.18
-494591400,28.26,28.26,28.26,28.26
-494332200,28.209999,28.209999,28.209999,28.209999
-494245800,28.280001,28.280001,28.280001,28.280001
-494159400,28.290001,28.290001,28.290001,28.290001
-494073000,28.51,28.51,28.51,28.51
-493986600,28.65,28.65,28.65,28.65
-493727400,28.620001,28.620001,28.620001,28.620001
-493641000,28.49,28.49,28.49,28.49
-493554600,28.719999,28.719999,28.719999,28.719999
-493468200,28.559999,28.559999,28.559999,28.559999
-493381800,28.799999,28.799999,28.799999,28.799999
-493122600,28.84,28.84,28.84,28.84
-493036200,28.85,28.85,28.85,28.85
-492949800,28.719999,28.719999,28.719999,28.719999
-492863400,28.82,28.82,28.82,28.82
-492777000,28.99,28.99,28.99,28.99
-492517800,29,29,29,29
-492431400,28.93,28.93,28.93,28.93
-492345000,29.17,29.17,29.17,29.17
-492258600,29.049999,29.049999,29.049999,29.049999
-492172200,29.190001,29.190001,29.190001,29.190001
-491826600,29.190001,29.190001,29.190001,29.190001
-491740200,29.16,29.16,29.16,29.16
-491653800,29.15,29.15,29.15,29.15
-491567400,29.1,29.1,29.1,29.1
-491308200,28.99,28.99,28.99,28.99
-491221800,28.34,28.34,28.34,28.34
-491135400,28.15,28.15,28.15,28.15
-491049000,28.34,28.34,28.34,28.34
-490962600,28.58,28.58,28.58,28.58
-490703400,28.620001,28.620001,28.620001,28.620001
-490617000,28.83,28.83,28.83,28.83
-490530600,29.040001,29.040001,29.040001,29.040001
-490444200,28.959999,28.959999,28.959999,28.959999
-490357800,29.040001,29.040001,29.040001,29.040001
-490098600,29.059999,29.059999,29.059999,29.059999
-490012200,29.08,29.08,29.08,29.08
-489925800,29.129999,29.129999,29.129999,29.129999
-489839400,29.26,29.26,29.26,29.26
-489753000,29.200001,29.200001,29.200001,29.200001
-489493800,29.280001,29.280001,29.280001,29.280001
-489407400,29.43,29.43,29.43,29.43
-489321000,29.209999,29.209999,29.209999,29.209999
-489234600,29.209999,29.209999,29.209999,29.209999
-489148200,29.59,29.59,29.59,29.59
-488802600,29.92,29.92,29.92,29.92
-488716200,29.940001,29.940001,29.940001,29.940001
-488629800,29.940001,29.940001,29.940001,29.940001
-488543400,30.139999,30.139999,30.139999,30.139999
-488284200,30.120001,30.120001,30.120001,30.120001
-488197800,30.02,30.02,30.02,30.02
-488111400,30.09,30.09,30.09,30.09
-488025000,30.190001,30.190001,30.190001,30.190001
-487938600,30.059999,30.059999,30.059999,30.059999
-487679400,29.98,29.98,29.98,29.98
-487593000,29.84,29.84,29.84,29.84
-487506600,30.030001,30.030001,30.030001,30.030001
-487420200,30.27,30.27,30.27,30.27
-487333800,30.309999,30.309999,30.309999,30.309999
-487074600,30.34,30.34,30.34,30.34
-486988200,30.52,30.52,30.52,30.52
-486901800,30.58,30.58,30.58,30.58
-486815400,30.690001,30.690001,30.690001,30.690001
-486729000,30.879999,30.879999,30.879999,30.879999
-486469800,30.99,30.99,30.99,30.99
-486383400,30.93,30.93,30.93,30.93
-486297000,30.9,30.9,30.9,30.9
-486210600,30.77,30.77,30.77,30.77
-486124200,30.379999,30.379999,30.379999,30.379999
-485865000,30.120001,30.120001,30.120001,30.120001
-485778600,30.370001,30.370001,30.370001,30.370001
-485692200,30.719999,30.719999,30.719999,30.719999
-485605800,30.59,30.59,30.59,30.59
-485519400,30.719999,30.719999,30.719999,30.719999
-485260200,31.049999,31.049999,31.049999,31.049999
-485173800,31.120001,31.120001,31.120001,31.120001
-485087400,31.09,31.09,31.09,31.09
-485001000,31.16,31.16,31.16,31.16
-484914600,31.209999,31.209999,31.209999,31.209999
-484655400,31,31,31,31
-484569000,30.870001,30.870001,30.870001,30.870001
-484482600,30.65,30.65,30.65,30.65
-484396200,30.57,30.57,30.57,30.57
-484309800,30.66,30.66,30.66,30.66
-484050600,30.35,30.35,30.35,30.35
-483964200,29.83,29.83,29.83,29.83
-483877800,30.040001,30.040001,30.040001,30.040001
-483791400,30.27,30.27,30.27,30.27
-483705000,30.5,30.5,30.5,30.5
-483359400,30.66,30.66,30.66,30.66
-483273000,30.68,30.68,30.68,30.68
-483186600,30.73,30.73,30.73,30.73
-483100200,30.84,30.84,30.84,30.84
-482841000,31.120001,31.120001,31.120001,31.120001
-482754600,31.280001,31.280001,31.280001,31.280001
-482668200,31.290001,31.290001,31.290001,31.290001
-482581800,31.459999,31.459999,31.459999,31.459999
-482495400,31.709999,31.709999,31.709999,31.709999
-482236200,31.57,31.57,31.57,31.57
-482149800,31.790001,31.790001,31.790001,31.790001
-482063400,32,32,32,32
-481977000,32.18,32.18,32.18,32.18
-481890600,32.400002,32.400002,32.400002,32.400002
-481627800,32.529999,32.529999,32.529999,32.529999
-481541400,32.689999,32.689999,32.689999,32.689999
-481455000,32.5,32.5,32.5,32.5
-481368600,32.310001,32.310001,32.310001,32.310001
-481282200,32.290001,32.290001,32.290001,32.290001
-481023000,32.470001,32.470001,32.470001,32.470001
-480936600,32.630001,32.630001,32.630001,32.630001
-480850200,32.759998,32.759998,32.759998,32.759998
-480763800,32.689999,32.689999,32.689999,32.689999
-480677400,32.669998,32.669998,32.669998,32.669998
-480418200,32.41,32.41,32.41,32.41
-480331800,32.279999,32.279999,32.279999,32.279999
-480245400,32.27,32.27,32.27,32.27
-480159000,31.879999,31.879999,31.879999,31.879999
-480072600,31.709999,31.709999,31.709999,31.709999
-479813400,31.83,31.83,31.83,31.83
-479727000,31.91,31.91,31.91,31.91
-479640600,32.169998,32.169998,32.169998,32.169998
-479554200,32.130001,32.130001,32.130001,32.130001
-479467800,32.130001,32.130001,32.130001,32.130001
-479208600,31.959999,31.959999,31.959999,31.959999
-479122200,31.940001,31.940001,31.940001,31.940001
-479035800,32.02,32.02,32.02,32.02
-478949400,31.879999,31.879999,31.879999,31.879999
-478863000,31.68,31.68,31.68,31.68
-478603800,31.790001,31.790001,31.790001,31.790001
-478431000,32.439999,32.439999,32.439999,32.439999
-478344600,32.82,32.82,32.82,32.82
-478258200,32.709999,32.709999,32.709999,32.709999
-477999000,33.02,33.02,33.02,33.02
-477912600,33.150002,33.150002,33.150002,33.150002
-477826200,33.18,33.18,33.18,33.18
-477739800,33.470001,33.470001,33.470001,33.470001
-477653400,33.540001,33.540001,33.540001,33.540001
-477394200,33.470001,33.470001,33.470001,33.470001
-477307800,33.57,33.57,33.57,33.57
-477221400,33.630001,33.630001,33.630001,33.630001
-477135000,33.439999,33.439999,33.439999,33.439999
-477048600,33.450001,33.450001,33.450001,33.450001
-476789400,33.580002,33.580002,33.580002,33.580002
-476703000,34.029999,34.029999,34.029999,34.029999
-476616600,34.220001,34.220001,34.220001,34.220001
-476443800,34.549999,34.549999,34.549999,34.549999
-476184600,34.540001,34.540001,34.540001,34.540001
-476098200,34.240002,34.240002,34.240002,34.240002
-476011800,33.990002,33.990002,33.990002,33.990002
-475925400,34.18,34.18,34.18,34.18
-475839000,34.490002,34.490002,34.490002,34.490002
-475579800,34.759998,34.759998,34.759998,34.759998
-475493400,34.919998,34.919998,34.919998,34.919998
-475407000,34.860001,34.860001,34.860001,34.860001
-475320600,34.689999,34.689999,34.689999,34.689999
-475234200,34.560001,34.560001,34.560001,34.560001
-474975000,34.59,34.59,34.59,34.59
-474888600,34.349998,34.349998,34.349998,34.349998
-474802200,34.560001,34.560001,34.560001,34.560001
-474715800,34.93,34.93,34.93,34.93
-474629400,35.919998,35.919998,35.919998,35.919998
-474370200,35.330002,35.330002,35.330002,35.330002
-474283800,35.380001,35.380001,35.380001,35.380001
-474197400,35.34,35.34,35.34,35.34
-474111000,35.369999,35.369999,35.369999,35.369999
-473765400,35.07,35.07,35.07,35.07
-473679000,35.43,35.43,35.43,35.43
-473592600,35.740002,35.740002,35.740002,35.740002
-473506200,35.740002,35.740002,35.740002,35.740002
-473419800,35.98,35.98,35.98,35.98
-473160600,36.75,36.75,36.75,36.75
-473074200,36.419998,36.419998,36.419998,36.419998
-472987800,35.52,35.52,35.52,35.52
-472901400,35.040001,35.040001,35.040001,35.040001
-472815000,35.330002,35.330002,35.330002,35.330002
-472555800,35.790001,35.790001,35.790001,35.790001
-472469400,35.68,35.68,35.68,35.68
-472383000,35.580002,35.580002,35.580002,35.580002
-472296600,35.43,35.43,35.43,35.43
-472210200,35.279999,35.279999,35.279999,35.279999
-471951000,34.580002,34.580002,34.580002,34.580002
-471864600,34.799999,34.799999,34.799999,34.799999
-471778200,34.959999,34.959999,34.959999,34.959999
-471691800,35.130001,35.130001,35.130001,35.130001
-471605400,35.439999,35.439999,35.439999,35.439999
-471346200,35.52,35.52,35.52,35.52
-471259800,35.509998,35.509998,35.509998,35.509998
-471173400,35.950001,35.950001,35.950001,35.950001
-471087000,35.990002,35.990002,35.990002,35.990002
-471000600,36.189999,36.189999,36.189999,36.189999
-470741400,36.630001,36.630001,36.630001,36.630001
-470655000,36.720001,36.720001,36.720001,36.720001
-470568600,36.610001,36.610001,36.610001,36.610001
-470482200,36.439999,36.439999,36.439999,36.439999
-470395800,36.959999,36.959999,36.959999,36.959999
-470136600,36.959999,36.959999,36.959999,36.959999
-470050200,36.459999,36.459999,36.459999,36.459999
-469963800,36.75,36.75,36.75,36.75
-469877400,37.080002,37.080002,37.080002,37.080002
-469791000,37.150002,37.150002,37.150002,37.150002
-469531800,36.889999,36.889999,36.889999,36.889999
-469445400,36.889999,36.889999,36.889999,36.889999
-469359000,36.77,36.77,36.77,36.77
-469272600,36.84,36.84,36.84,36.84
-469186200,36.889999,36.889999,36.889999,36.889999
-468927000,36.849998,36.849998,36.849998,36.849998
-468754200,36.82,36.82,36.82,36.82
-468667800,36.619999,36.619999,36.619999,36.619999
-468581400,36.57,36.57,36.57,36.57
-468322200,36.759998,36.759998,36.759998,36.759998
-468235800,36.830002,36.830002,36.830002,36.830002
-468149400,37.150002,37.150002,37.150002,37.150002
-468063000,37.290001,37.290001,37.290001,37.290001
-467976600,37.52,37.52,37.52,37.52
-467717400,37.279999,37.279999,37.279999,37.279999
-467631000,36.580002,36.580002,36.580002,36.580002
-467544600,36.220001,36.220001,36.220001,36.220001
-467458200,36.450001,36.450001,36.450001,36.450001
-467371800,35.82,35.82,35.82,35.82
-467112600,34.959999,34.959999,34.959999,34.959999
-467026200,35.709999,35.709999,35.709999,35.709999
-466939800,35.98,35.98,35.98,35.98
-466853400,36.119999,36.119999,36.119999,36.119999
-466767000,36.18,36.18,36.18,36.18
-466507800,35.950001,35.950001,35.950001,35.950001
-466421400,36.169998,36.169998,36.169998,36.169998
-466335000,36.639999,36.639999,36.639999,36.639999
-466248600,36.93,36.93,36.93,36.93
-466162200,36.959999,36.959999,36.959999,36.959999
-465903000,36.830002,36.830002,36.830002,36.830002
-465816600,36.849998,36.849998,36.849998,36.849998
-465730200,36.52,36.52,36.52,36.52
-465643800,36.580002,36.580002,36.580002,36.580002
-465557400,36.950001,36.950001,36.950001,36.950001
-465298200,36.830002,36.830002,36.830002,36.830002
-465211800,36.98,36.98,36.98,36.98
-465125400,37.169998,37.169998,37.169998,37.169998
-465039000,37.34,37.34,37.34,37.34
-464693400,37.439999,37.439999,37.439999,37.439999
-464607000,37.66,37.66,37.66,37.66
-464520600,37.709999,37.709999,37.709999,37.709999
-464434200,37.790001,37.790001,37.790001,37.790001
-464347800,37.959999,37.959999,37.959999,37.959999
-464088600,38.27,38.27,38.27,38.27
-464002200,38.220001,38.220001,38.220001,38.220001
-463915800,38.279999,38.279999,38.279999,38.279999
-463829400,38.32,38.32,38.32,38.32
-463743000,38.009998,38.009998,38.009998,38.009998
-463487400,38.110001,38.110001,38.110001,38.110001
-463401000,38.310001,38.310001,38.310001,38.310001
-463314600,38.110001,38.110001,38.110001,38.110001
-463228200,37.68,37.68,37.68,37.68
-463141800,37.959999,37.959999,37.959999,37.959999
-462882600,38.040001,38.040001,38.040001,38.040001
-462796200,37.700001,37.700001,37.700001,37.700001
-462709800,37.639999,37.639999,37.639999,37.639999
-462623400,37.82,37.82,37.82,37.82
-462537000,37.889999,37.889999,37.889999,37.889999
-462277800,37.93,37.93,37.93,37.93
-462191400,37.849998,37.849998,37.849998,37.849998
-462105000,37.419998,37.419998,37.419998,37.419998
-462018600,37.200001,37.200001,37.200001,37.200001
-461932200,37.439999,37.439999,37.439999,37.439999
-461673000,37.02,37.02,37.02,37.02
-461586600,36.970001,36.970001,36.970001,36.970001
-461500200,37.279999,37.279999,37.279999,37.279999
-461413800,37.490002,37.490002,37.490002,37.490002
-461327400,37.740002,37.740002,37.740002,37.740002
-461068200,37.48,37.48,37.48,37.48
-460981800,37.459999,37.459999,37.459999,37.459999
-460895400,37.599998,37.599998,37.599998,37.599998
-460809000,37.849998,37.849998,37.849998,37.849998
-460722600,37.93,37.93,37.93,37.93
-460377000,37.91,37.91,37.91,37.91
-460290600,37.959999,37.959999,37.959999,37.959999
-460204200,38.009998,38.009998,38.009998,38.009998
-460117800,38.369999,38.369999,38.369999,38.369999
-459858600,39.689999,39.689999,39.689999,39.689999
-459772200,39.959999,39.959999,39.959999,39.959999
-459685800,39.220001,39.220001,39.220001,39.220001
-459599400,39.009998,39.009998,39.009998,39.009998
-459513000,39.25,39.25,39.25,39.25
-459253800,39.619999,39.619999,39.619999,39.619999
-459167400,39.669998,39.669998,39.669998,39.669998
-459081000,39.889999,39.889999,39.889999,39.889999
-458994600,39.959999,39.959999,39.959999,39.959999
-458908200,40.099998,40.099998,40.099998,40.099998
-458649000,40.139999,40.139999,40.139999,40.139999
-458562600,40.509998,40.509998,40.509998,40.509998
-458476200,40.599998,40.599998,40.599998,40.599998
-458389800,40.75,40.75,40.75,40.75
-458303400,40.959999,40.959999,40.959999,40.959999
-458044200,40.990002,40.990002,40.990002,40.990002
-457957800,40.77,40.77,40.77,40.77
-457871400,40.790001,40.790001,40.790001,40.790001
-457785000,41.029999,41.029999,41.029999,41.029999
-457698600,41.189999,41.189999,41.189999,41.189999
-457353000,41.689999,41.689999,41.689999,41.689999
-457266600,43.18,43.18,43.18,43.18
-457180200,42.580002,42.580002,42.580002,42.580002
-457093800,42.639999,42.639999,42.639999,42.639999
-456834600,42.75,42.75,42.75,42.75
-456748200,42.75,42.75,42.75,42.75
-456661800,42.240002,42.240002,42.240002,42.240002
-456575400,42.25,42.25,42.25,42.25
-456489000,42.400002,42.400002,42.400002,42.400002
-456229800,42.360001,42.360001,42.360001,42.360001
-456143400,42.099998,42.099998,42.099998,42.099998
-456057000,42.23,42.23,42.23,42.23
-455970600,42.639999,42.639999,42.639999,42.639999
-455884200,43,43,43,43
-455625000,43.48,43.48,43.48,43.48
-455538600,43.580002,43.580002,43.580002,43.580002
-455452200,43.759998,43.759998,43.759998,43.759998
-455365800,43.5,43.5,43.5,43.5
-455279400,43.52,43.52,43.52,43.52
-455020200,42.93,42.93,42.93,42.93
-454933800,43.029999,43.029999,43.029999,43.029999
-454847400,43.09,43.09,43.09,43.09
-454761000,42.360001,42.360001,42.360001,42.360001
-454674600,42.560001,42.560001,42.560001,42.560001
-454415400,42.310001,42.310001,42.310001,42.310001
-454329000,41.75,41.75,41.75,41.75
-454242600,41.740002,41.740002,41.740002,41.740002
-454156200,42.130001,42.130001,42.130001,42.130001
-454069800,42.209999,42.209999,42.209999,42.209999
-453810600,42.169998,42.169998,42.169998,42.169998
-453724200,41.860001,41.860001,41.860001,41.860001
-453637800,41.900002,41.900002,41.900002,41.900002
-453551400,41.84,41.84,41.84,41.84
-453465000,42.02,42.02,42.02,42.02
-453205800,41.98,41.98,41.98,41.98
-453119400,42.549999,42.549999,42.549999,42.549999
-453033000,42.610001,42.610001,42.610001,42.610001
-452946600,42.799999,42.799999,42.799999,42.799999
-452860200,42.990002,42.990002,42.990002,42.990002
-452601000,42.959999,42.959999,42.959999,42.959999
-452514600,42.919998,42.919998,42.919998,42.919998
-452428200,43.18,43.18,43.18,43.18
-452341800,43.369999,43.369999,43.369999,43.369999
-452255400,43.599998,43.599998,43.599998,43.599998
-451909800,43.860001,43.860001,43.860001,43.860001
-451823400,43.849998,43.849998,43.849998,43.849998
-451737000,43.880001,43.880001,43.880001,43.880001
-451650600,43.889999,43.889999,43.889999,43.889999
-451391400,44.189999,44.189999,44.189999,44.189999
-451305000,44.799999,44.799999,44.799999,44.799999
-451218600,44.990002,44.990002,44.990002,44.990002
-451132200,44.75,44.75,44.75,44.75
-451045800,45.09,45.09,45.09,45.09
-450786600,45.16,45.16,45.16,45.16
-450700200,45.130001,45.130001,45.130001,45.130001
-450613800,45.389999,45.389999,45.389999,45.389999
-450527400,45.389999,45.389999,45.389999,45.389999
-450441000,45.630001,45.630001,45.630001,45.630001
-450181800,42.610001,42.610001,42.610001,42.610001
-450095400,43.580002,43.580002,43.580002,43.580002
-450009000,44.310001,44.310001,44.310001,44.310001
-449922600,44.029999,44.029999,44.029999,44.029999
-449836200,43.669998,43.669998,43.669998,43.669998
-449577000,42.490002,42.490002,42.490002,42.490002
-449490600,42.82,42.82,42.82,42.82
-449404200,42.990002,42.990002,42.990002,42.990002
-449317800,42.700001,42.700001,42.700001,42.700001
-449231400,42.380001,42.380001,42.380001,42.380001
-448972200,41.150002,41.150002,41.150002,41.150002
-448885800,40.799999,40.799999,40.799999,40.799999
-448799400,41.52,41.52,41.52,41.52
-448713000,41.389999,41.389999,41.389999,41.389999
-448626600,41.220001,41.220001,41.220001,41.220001
-448367400,41.349998,41.349998,41.349998,41.349998
-448281000,41.650002,41.650002,41.650002,41.650002
-448194600,42.07,42.07,42.07,42.07
-448108200,42.59,42.59,42.59,42.59
-448021800,42.59,42.59,42.59,42.59
-447762600,42.91,42.91,42.91,42.91
-447676200,42.630001,42.630001,42.630001,42.630001
-447589800,42.290001,42.290001,42.290001,42.290001
-447503400,42.34,42.34,42.34,42.34
-447417000,42.369999,42.369999,42.369999,42.369999
-447154200,42.34,42.34,42.34,42.34
-447067800,42.279999,42.279999,42.279999,42.279999
-446981400,42.349998,42.349998,42.349998,42.349998
-446895000,43.240002,43.240002,43.240002,43.240002
-446808600,43.959999,43.959999,43.959999,43.959999
-446549400,44.150002,44.150002,44.150002,44.150002
-446376600,44.610001,44.610001,44.610001,44.610001
-446290200,44.720001,44.720001,44.720001,44.720001
-446203800,45.240002,45.240002,45.240002,45.240002
-445944600,46.41,46.41,46.41,46.41
-445858200,46.209999,46.209999,46.209999,46.209999
-445771800,45.91,45.91,45.91,45.91
-445685400,45.59,45.59,45.59,45.59
-445599000,45.540001,45.540001,45.540001,45.540001
-445339800,45.220001,45.220001,45.220001,45.220001
-445253400,45.66,45.66,45.66,45.66
-445167000,45.720001,45.720001,45.720001,45.720001
-444994200,45.68,45.68,45.68,45.68
-444735000,45.380001,45.380001,45.380001,45.380001
-444648600,45.560001,45.560001,45.560001,45.560001
-444562200,45.509998,45.509998,45.509998,45.509998
-444475800,45.349998,45.349998,45.349998,45.349998
-444389400,45.439999,45.439999,45.439999,45.439999
-444130200,45.700001,45.700001,45.700001,45.700001
-444043800,45.700001,45.700001,45.700001,45.700001
-443957400,45.549999,45.549999,45.549999,45.549999
-443871000,45.82,45.82,45.82,45.82
-443784600,45.889999,45.889999,45.889999,45.889999
-443525400,45.419998,45.419998,45.419998,45.419998
-443439000,45.450001,45.450001,45.450001,45.450001
-443352600,45.07,45.07,45.07,45.07
-443266200,45.060001,45.060001,45.060001,45.060001
-443179800,45.130001,45.130001,45.130001,45.130001
-442920600,45.02,45.02,45.02,45.02
-442834200,44.950001,44.950001,44.950001,44.950001
-442747800,45.84,45.84,45.84,45.84
-442661400,45.41,45.41,45.41,45.41
-442575000,45.5,45.5,45.5,45.5
-442229400,45.220001,45.220001,45.220001,45.220001
-442143000,45.049999,45.049999,45.049999,45.049999
-442056600,45.150002,45.150002,45.150002,45.150002
-441970200,45.48,45.48,45.48,45.48
-441624600,45.16,45.16,45.16,45.16
-441538200,45,45,45,45
-441451800,44.950001,44.950001,44.950001,44.950001
-441365400,45.139999,45.139999,45.139999,45.139999
-441106200,44.509998,44.509998,44.509998,44.509998
-441019800,44.16,44.16,44.16,44.16
-440933400,44.380001,44.380001,44.380001,44.380001
-440847000,44.75,44.75,44.75,44.75
-440760600,44.669998,44.669998,44.669998,44.669998
-440501400,44.139999,44.139999,44.139999,44.139999
-440415000,44.470001,44.470001,44.470001,44.470001
-440328600,44.169998,44.169998,44.169998,44.169998
-440242200,43.720001,43.720001,43.720001,43.720001
-440155800,43.220001,43.220001,43.220001,43.220001
-439896600,43.110001,43.110001,43.110001,43.110001
-439810200,43.650002,43.650002,43.650002,43.650002
-439723800,43.720001,43.720001,43.720001,43.720001
-439637400,43.459999,43.459999,43.459999,43.459999
-439551000,43.349998,43.349998,43.349998,43.349998
-439291800,43.5,43.5,43.5,43.5
-439205400,43.82,43.82,43.82,43.82
-439119000,44.029999,44.029999,44.029999,44.029999
-439032600,44.220001,44.220001,44.220001,44.220001
-438946200,44.779999,44.779999,44.779999,44.779999
-438687000,44.810001,44.810001,44.810001,44.810001
-438600600,44.599998,44.599998,44.599998,44.599998
-438514200,44.16,44.16,44.16,44.16
-438427800,43.66,43.66,43.66,43.66
-438341400,43.639999,43.639999,43.639999,43.639999
-438082200,43.580002,43.580002,43.580002,43.580002
-437995800,43.419998,43.419998,43.419998,43.419998
-437909400,44.040001,44.040001,44.040001,44.040001
-437823000,43.82,43.82,43.82,43.82
-437736600,44.52,44.52,44.52,44.52
-437477400,44.450001,44.450001,44.450001,44.450001
-437391000,44.560001,44.560001,44.560001,44.560001
-437218200,44.950001,44.950001,44.950001,44.950001
-437131800,45.32,45.32,45.32,45.32
-436872600,45.27,45.27,45.27,45.27
-436786200,45.43,45.43,45.43,45.43
-436699800,45.34,45.34,45.34,45.34
-436613400,45.540001,45.540001,45.540001,45.540001
-436527000,45.810001,45.810001,45.810001,45.810001
-436267800,46.060001,46.060001,46.060001,46.060001
-436181400,46.040001,46.040001,46.040001,46.040001
-436095000,46.009998,46.009998,46.009998,46.009998
-436008600,46.119999,46.119999,46.119999,46.119999
-435922200,46.700001,46.700001,46.700001,46.700001
-435663000,47.130001,47.130001,47.130001,47.130001
-435576600,47.060001,47.060001,47.060001,47.060001
-435490200,47.529999,47.529999,47.529999,47.529999
-435403800,47.990002,47.990002,47.990002,47.990002
-435317400,48.139999,48.139999,48.139999,48.139999
-435058200,48.59,48.59,48.59,48.59
-434971800,48.869999,48.869999,48.869999,48.869999
-434885400,48.23,48.23,48.23,48.23
-434799000,48.720001,48.720001,48.720001,48.720001
-434712600,48.830002,48.830002,48.830002,48.830002
-434453400,48.619999,48.619999,48.619999,48.619999
-434367000,48.25,48.25,48.25,48.25
-434280600,48.509998,48.509998,48.509998,48.509998
-434194200,48.48,48.48,48.48,48.48
-433848600,48.700001,48.700001,48.700001,48.700001
-433762200,48.529999,48.529999,48.529999,48.529999
-433675800,48.799999,48.799999,48.799999,48.799999
-433589400,48.57,48.57,48.57,48.57
-433503000,48.849998,48.849998,48.849998,48.849998
-433243800,48.610001,48.610001,48.610001,48.610001
-433157400,47.93,47.93,47.93,47.93
-433071000,48.310001,48.310001,48.310001,48.310001
-432984600,48.02,48.02,48.02,48.02
-432898200,47.950001,47.950001,47.950001,47.950001
-432639000,47.959999,47.959999,47.959999,47.959999
-432552600,47.93,47.93,47.93,47.93
-432466200,47.740002,47.740002,47.740002,47.740002
-432379800,47.57,47.57,47.57,47.57
-432293400,47.759998,47.759998,47.759998,47.759998
-432034200,47.650002,47.650002,47.650002,47.650002
-431947800,47.259998,47.259998,47.259998,47.259998
-431861400,47.09,47.09,47.09,47.09
-431775000,47.490002,47.490002,47.490002,47.490002
-431688600,47.990002,47.990002,47.990002,47.990002
-431433000,48.380001,48.380001,48.380001,48.380001
-431346600,48.16,48.16,48.16,48.16
-431260200,48.169998,48.169998,48.169998,48.169998
-431173800,48.34,48.34,48.34,48.34
-431087400,48.509998,48.509998,48.509998,48.509998
-430828200,48.220001,48.220001,48.220001,48.220001
-430741800,48.02,48.02,48.02,48.02
-430655400,47.939999,47.939999,47.939999,47.939999
-430569000,47.16,47.16,47.16,47.16
-430482600,47.119999,47.119999,47.119999,47.119999
-430223400,46.860001,46.860001,46.860001,46.860001
-430137000,46.369999,46.369999,46.369999,46.369999
-430050600,46.049999,46.049999,46.049999,46.049999
-429964200,46.610001,46.610001,46.610001,46.610001
-429877800,46.389999,46.389999,46.389999,46.389999
-429618600,45.990002,45.990002,45.990002,45.990002
-429532200,45.259998,45.259998,45.259998,45.259998
-429445800,45.02,45.02,45.02,45.02
-429359400,44.599998,44.599998,44.599998,44.599998
-429273000,44.619999,44.619999,44.619999,44.619999
-429013800,44.099998,44.099998,44.099998,44.099998
-428927400,45.110001,45.110001,45.110001,45.110001
-428754600,45.200001,45.200001,45.200001,45.200001
-428668200,45.580002,45.580002,45.580002,45.580002
-428409000,45.849998,45.849998,45.849998,45.849998
-428322600,45.860001,45.860001,45.860001,45.860001
-428236200,45.630001,45.630001,45.630001,45.630001
-428149800,45.990002,45.990002,45.990002,45.990002
-428063400,45.139999,45.139999,45.139999,45.139999
-427804200,45.709999,45.709999,45.709999,45.709999
-427717800,46.360001,46.360001,46.360001,46.360001
-427631400,46.419998,46.419998,46.419998,46.419998
-427545000,46.310001,46.310001,46.310001,46.310001
-427458600,46.369999,46.369999,46.369999,46.369999
-427199400,46.169998,46.169998,46.169998,46.169998
-427113000,46.220001,46.220001,46.220001,46.220001
-427026600,46.41,46.41,46.41,46.41
-426940200,46.73,46.73,46.73,46.73
-426853800,46.59,46.59,46.59,46.59
-426594600,46.41,46.41,46.41,46.41
-426508200,46.720001,46.720001,46.720001,46.720001
-426421800,47.07,47.07,47.07,47.07
-426335400,47.130001,47.130001,47.130001,47.130001
-426249000,46.970001,46.970001,46.970001,46.970001
-425989800,46.93,46.93,46.93,46.93
-425903400,47.32,47.32,47.32,47.32
-425730600,47.799999,47.799999,47.799999,47.799999
-425644200,48.040001,48.040001,48.040001,48.040001
-425385000,48.25,48.25,48.25,48.25
-425298600,48.540001,48.540001,48.540001,48.540001
-425212200,48.689999,48.689999,48.689999,48.689999
-425125800,48.580002,48.580002,48.580002,48.580002
-425039400,48.720001,48.720001,48.720001,48.720001
-424780200,49.139999,49.139999,49.139999,49.139999
-424693800,49.310001,49.310001,49.310001,49.310001
-424607400,49.299999,49.299999,49.299999,49.299999
-424521000,49.32,49.32,49.32,49.32
-424434600,49.349998,49.349998,49.349998,49.349998
-424175400,49.330002,49.330002,49.330002,49.330002
-424089000,49.330002,49.330002,49.330002,49.330002
-424002600,49.439999,49.439999,49.439999,49.439999
-423916200,49.48,49.48,49.48,49.48
-423829800,49.080002,49.080002,49.080002,49.080002
-423570600,49,49,49,49
-423484200,49.389999,49.389999,49.389999,49.389999
-423397800,49.619999,49.619999,49.619999,49.619999
-423311400,49.639999,49.639999,49.639999,49.639999
-423225000,49.639999,49.639999,49.639999,49.639999
-422965800,48.959999,48.959999,48.959999,48.959999
-422879400,49.16,49.16,49.16,49.16
-422793000,49.360001,49.360001,49.360001,49.360001
-422706600,49.32,49.32,49.32,49.32
-422620200,49.09,49.09,49.09,49.09
-422361000,48.580002,48.580002,48.580002,48.580002
-422274600,48,48,48,48
-422188200,48.990002,48.990002,48.990002,48.990002
-422101800,48.880001,48.880001,48.880001,48.880001
-422015400,48.82,48.82,48.82,48.82
-421756200,48.25,48.25,48.25,48.25
-421669800,47.889999,47.889999,47.889999,47.889999
-421583400,47.419998,47.419998,47.419998,47.419998
-421497000,48,48,48,48
-421410600,47.950001,47.950001,47.950001,47.950001
-421151400,47.66,47.66,47.66,47.66
-421065000,47.57,47.57,47.57,47.57
-420978600,47.360001,47.360001,47.360001,47.360001
-420892200,46.939999,46.939999,46.939999,46.939999
-420805800,47.509998,47.509998,47.509998,47.509998
-420460200,47.889999,47.889999,47.889999,47.889999
-420373800,48.02,48.02,48.02,48.02
-420287400,48.099998,48.099998,48.099998,48.099998
-420201000,47.810001,47.810001,47.810001,47.810001
-419941800,47.560001,47.560001,47.560001,47.560001
-419855400,47.380001,47.380001,47.380001,47.380001
-419769000,47.049999,47.049999,47.049999,47.049999
-419682600,46.09,46.09,46.09,46.09
-419596200,47.209999,47.209999,47.209999,47.209999
-419337000,47.099998,47.099998,47.099998,47.099998
-419250600,46.790001,46.790001,46.790001,46.790001
-419164200,46.240002,46.240002,46.240002,46.240002
-419077800,46.209999,46.209999,46.209999,46.209999
-418991400,46.580002,46.580002,46.580002,46.580002
-418732200,46.400002,46.400002,46.400002,46.400002
-418645800,45.75,45.75,45.75,45.75
-418559400,45.82,45.82,45.82,45.82
-418473000,45.599998,45.599998,45.599998,45.599998
-418386600,45.349998,45.349998,45.349998,45.349998
-418127400,44.700001,44.700001,44.700001,44.700001
-418041000,45.52,45.52,45.52,45.52
-417954600,46.279999,46.279999,46.279999,46.279999
-417868200,46.290001,46.290001,46.290001,46.290001
-417781800,46.450001,46.450001,46.450001,46.450001
-417522600,46.43,46.43,46.43,46.43
-417436200,46.200001,46.200001,46.200001,46.200001
-417349800,46.84,46.84,46.84,46.84
-417263400,46.810001,46.810001,46.810001,46.810001
-417177000,47,47,47,47
-416917800,46.860001,46.860001,46.860001,46.860001
-416831400,46.619999,46.619999,46.619999,46.619999
-416745000,46.259998,46.259998,46.259998,46.259998
-416658600,46.34,46.34,46.34,46.34
-416572200,46.240002,46.240002,46.240002,46.240002
-416313000,46.23,46.23,46.23,46.23
-416226600,46.119999,46.119999,46.119999,46.119999
-416140200,45.93,45.93,45.93,45.93
-416053800,45.849998,45.849998,45.849998,45.849998
-415967400,46.27,46.27,46.27,46.27
-415704600,46.400002,46.400002,46.400002,46.400002
-415618200,46.369999,46.369999,46.369999,46.369999
-415531800,45.580002,45.580002,45.580002,45.580002
-415445400,46.52,46.52,46.52,46.52
-415359000,46.98,46.98,46.98,46.98
-415099800,47.599998,47.599998,47.599998,47.599998
-414927000,47.110001,47.110001,47.110001,47.110001
-414840600,46.73,46.73,46.73,46.73
-414754200,46.34,46.34,46.34,46.34
-414495000,46.490002,46.490002,46.490002,46.490002
-414408600,46.27,46.27,46.27,46.27
-414322200,46.009998,46.009998,46.009998,46.009998
-414235800,45.720001,45.720001,45.720001,45.720001
-414149400,45.740002,45.740002,45.740002,45.740002
-413890200,45.290001,45.290001,45.290001,45.290001
-413803800,44.889999,44.889999,44.889999,44.889999
-413717400,44.669998,44.669998,44.669998,44.669998
-413544600,45.139999,45.139999,45.139999,45.139999
-413285400,44.869999,44.869999,44.869999,44.869999
-413199000,44.91,44.91,44.91,44.91
-413112600,44.43,44.43,44.43,44.43
-413026200,44.380001,44.380001,44.380001,44.380001
-412939800,45.080002,45.080002,45.080002,45.080002
-412680600,45.98,45.98,45.98,45.98
-412594200,45.84,45.84,45.84,45.84
-412507800,46.389999,46.389999,46.389999,46.389999
-412421400,46.810001,46.810001,46.810001,46.810001
-412335000,47.040001,47.040001,47.040001,47.040001
-412075800,46.799999,46.799999,46.799999,46.799999
-411989400,46.48,46.48,46.48,46.48
-411903000,46.130001,46.130001,46.130001,46.130001
-411816600,46.5,46.5,46.5,46.5
-411730200,46.540001,46.540001,46.540001,46.540001
-411471000,46.540001,46.540001,46.540001,46.540001
-411384600,46.540001,46.540001,46.540001,46.540001
-411298200,46.43,46.43,46.43,46.43
-411211800,46.07,46.07,46.07,46.07
-411125400,46.369999,46.369999,46.369999,46.369999
-410693400,46.389999,46.389999,46.389999,46.389999
-410607000,46.349998,46.349998,46.349998,46.349998
-410520600,46.560001,46.560001,46.560001,46.560001
-410261400,46.669998,46.669998,46.669998,46.669998
-410088600,46.200001,46.200001,46.200001,46.200001
-410002200,46.599998,46.599998,46.599998,46.599998
-409915800,46.66,46.66,46.66,46.66
-409656600,46.419998,46.419998,46.419998,46.419998
-409570200,46.25,46.25,46.25,46.25
-409483800,46.16,46.16,46.16,46.16
-409397400,46.27,46.27,46.27,46.27
-409311000,46.18,46.18,46.18,46.18
-409051800,45.860001,45.860001,45.860001,45.860001
-408965400,45.18,45.18,45.18,45.18
-408879000,45.23,45.23,45.23,45.23
-408792600,45.220001,45.220001,45.220001,45.220001
-408706200,44.639999,44.639999,44.639999,44.639999
-408447000,44.400002,44.400002,44.400002,44.400002
-408360600,44.529999,44.529999,44.529999,44.529999
-408274200,44.869999,44.869999,44.869999,44.869999
-408187800,45.029999,45.029999,45.029999,45.029999
-408101400,44.82,44.82,44.82,44.82
-407842200,44.490002,44.490002,44.490002,44.490002
-407755800,44.709999,44.709999,44.709999,44.709999
-407669400,44.91,44.91,44.91,44.91
-407583000,44.720001,44.720001,44.720001,44.720001
-407496600,44.619999,44.619999,44.619999,44.619999
-407237400,44.529999,44.529999,44.529999,44.529999
-407151000,43.889999,43.889999,43.889999,43.889999
-407064600,43.82,43.82,43.82,43.82
-406978200,43.619999,43.619999,43.619999,43.619999
-406891800,43.32,43.32,43.32,43.32
-406632600,42.57,42.57,42.57,42.57
-406546200,42.389999,42.389999,42.389999,42.389999
-406459800,43.040001,43.040001,43.040001,43.040001
-406373400,42.990002,42.990002,42.990002,42.990002
-406287000,43.509998,43.509998,43.509998,43.509998
-406027800,43.459999,43.459999,43.459999,43.459999
-405941400,43.490002,43.490002,43.490002,43.490002
-405855000,43.630001,43.630001,43.630001,43.630001
-405768600,43.48,43.48,43.48,43.48
-405423000,43.380001,43.380001,43.380001,43.380001
-405336600,43.450001,43.450001,43.450001,43.450001
-405250200,43.41,43.41,43.41,43.41
-405163800,43.259998,43.259998,43.259998,43.259998
-405077400,43.740002,43.740002,43.740002,43.740002
-404818200,44.060001,44.060001,44.060001,44.060001
-404731800,44.220001,44.220001,44.220001,44.220001
-404645400,44.23,44.23,44.23,44.23
-404559000,44.209999,44.209999,44.209999,44.209999
-404472600,44.07,44.07,44.07,44.07
-404213400,43.779999,43.779999,43.779999,43.779999
-404127000,43.75,43.75,43.75,43.75
-404040600,44.040001,44.040001,44.040001,44.040001
-403954200,44.07,44.07,44.07,44.07
-403867800,44.049999,44.049999,44.049999,44.049999
-403608600,43.849998,43.849998,43.849998,43.849998
-403522200,44.040001,44.040001,44.040001,44.040001
-403435800,44.099998,44.099998,44.099998,44.099998
-403349400,44.110001,44.110001,44.110001,44.110001
-403263000,44.060001,44.060001,44.060001,44.060001
-403003800,43.880001,43.880001,43.880001,43.880001
-402917400,43.91,43.91,43.91,43.91
-402831000,44.09,44.09,44.09,44.09
-402744600,44.18,44.18,44.18,44.18
-402658200,44.110001,44.110001,44.110001,44.110001
-402399000,44.139999,44.139999,44.139999,44.139999
-402312600,44.419998,44.419998,44.419998,44.419998
-402226200,44.540001,44.540001,44.540001,44.540001
-402139800,44.439999,44.439999,44.439999,44.439999
-402053400,44.490002,44.490002,44.490002,44.490002
-401794200,44.389999,44.389999,44.389999,44.389999
-401707800,44.790001,44.790001,44.790001,44.790001
-401621400,44.98,44.98,44.98,44.98
-401535000,44.98,44.98,44.98,44.98
-401448600,44.98,44.98,44.98,44.98
-401189400,44.950001,44.950001,44.950001,44.950001
-401103000,45.02,45.02,45.02,45.02
-401016600,45.080002,45.080002,45.080002,45.080002
-400930200,45.41,45.41,45.41,45.41
-400584600,45.48,45.48,45.48,45.48
-400498200,45.650002,45.650002,45.650002,45.650002
-400411800,45.720001,45.720001,45.720001,45.720001
-400325400,45.560001,45.560001,45.560001,45.560001
-400239000,45.5,45.5,45.5,45.5
-399983400,45.73,45.73,45.73,45.73
-399897000,45.740002,45.740002,45.740002,45.740002
-399810600,46.02,46.02,46.02,46.02
-399724200,46.389999,46.389999,46.389999,46.389999
-399637800,46.34,46.34,46.34,46.34
-399378600,46.27,46.27,46.27,46.27
-399292200,46.130001,46.130001,46.130001,46.130001
-399205800,46.310001,46.310001,46.310001,46.310001
-399119400,46.360001,46.360001,46.360001,46.360001
-399033000,46.59,46.59,46.59,46.59
-398773800,46.880001,46.880001,46.880001,46.880001
-398687400,46.669998,46.669998,46.669998,46.669998
-398601000,46.830002,46.830002,46.830002,46.830002
-398514600,47.02,47.02,47.02,47.02
-398428200,47.150002,47.150002,47.150002,47.150002
-398169000,47.349998,47.349998,47.349998,47.349998
-398082600,47.330002,47.330002,47.330002,47.330002
-397996200,47.139999,47.139999,47.139999,47.139999
-397909800,47.150002,47.150002,47.150002,47.150002
-397823400,47.209999,47.209999,47.209999,47.209999
-397564200,46.779999,46.779999,46.779999,46.779999
-397477800,46.689999,46.689999,46.689999,46.689999
-397391400,47.110001,47.110001,47.110001,47.110001
-397218600,47.43,47.43,47.43,47.43
-396959400,47.369999,47.369999,47.369999,47.369999
-396873000,47.279999,47.279999,47.279999,47.279999
-396786600,47.27,47.27,47.27,47.27
-396700200,47.799999,47.799999,47.799999,47.799999
-396613800,47.849998,47.849998,47.849998,47.849998
-396354600,47.900002,47.900002,47.900002,47.900002
-396268200,47.939999,47.939999,47.939999,47.939999
-396181800,48.049999,48.049999,48.049999,48.049999
-396095400,48.139999,48.139999,48.139999,48.139999
-396009000,48.150002,48.150002,48.150002,48.150002
-395749800,48.240002,48.240002,48.240002,48.240002
-395663400,48.040001,48.040001,48.040001,48.040001
-395577000,47.720001,47.720001,47.720001,47.720001
-395490600,47.43,47.43,47.43,47.43
-395404200,47.150002,47.150002,47.150002,47.150002
-395145000,46.779999,46.779999,46.779999,46.779999
-395058600,47.150002,47.150002,47.150002,47.150002
-394972200,47.09,47.09,47.09,47.09
-394885800,47.259998,47.259998,47.259998,47.259998
-394799400,47.369999,47.369999,47.369999,47.369999
-394540200,47.43,47.43,47.43,47.43
-394453800,47.900002,47.900002,47.900002,47.900002
-394367400,48.459999,48.459999,48.459999,48.459999
-394194600,48.689999,48.689999,48.689999,48.689999
-393935400,48.900002,48.900002,48.900002,48.900002
-393849000,48.900002,48.900002,48.900002,48.900002
-393762600,49,49,49,49
-393676200,48.860001,48.860001,48.860001,48.860001
-393589800,49.080002,49.080002,49.080002,49.080002
-393330600,49.130001,49.130001,49.130001,49.130001
-393244200,48.880001,48.880001,48.880001,48.880001
-393157800,48.580002,48.580002,48.580002,48.580002
-393071400,48.529999,48.529999,48.529999,48.529999
-392985000,48.580002,48.580002,48.580002,48.580002
-392725800,48.470001,48.470001,48.470001,48.470001
-392639400,48.560001,48.560001,48.560001,48.560001
-392553000,48.610001,48.610001,48.610001,48.610001
-392466600,48.610001,48.610001,48.610001,48.610001
-392380200,48.450001,48.450001,48.450001,48.450001
-392121000,47.919998,47.919998,47.919998,47.919998
-392034600,47.919998,47.919998,47.919998,47.919998
-391948200,47.91,47.91,47.91,47.91
-391861800,47.790001,47.790001,47.790001,47.790001
-391775400,47.68,47.68,47.68,47.68
-391516200,47.259998,47.259998,47.259998,47.259998
-391429800,46.669998,46.669998,46.669998,46.669998
-391343400,47.029999,47.029999,47.029999,47.029999
-391257000,46.900002,46.900002,46.900002,46.900002
-391170600,46.919998,46.919998,46.919998,46.919998
-390911400,46.330002,46.330002,46.330002,46.330002
-390825000,46.299999,46.299999,46.299999,46.299999
-390738600,45.73,45.73,45.73,45.73
-390652200,45.75,45.75,45.75,45.75
-390565800,45.830002,45.830002,45.830002,45.830002
-390306600,44.91,44.91,44.91,44.91
-390220200,45.290001,45.290001,45.290001,45.290001
-390133800,45.490002,45.490002,45.490002,45.490002
-390047400,45.16,45.16,45.16,45.16
-389961000,44.509998,44.509998,44.509998,44.509998
-389701800,43.889999,43.889999,43.889999,43.889999
-389615400,44.610001,44.610001,44.610001,44.610001
-389529000,44.639999,44.639999,44.639999,44.639999
-389442600,44.459999,44.459999,44.459999,44.459999
-389356200,45.220001,45.220001,45.220001,45.220001
-389010600,45.439999,45.439999,45.439999,45.439999
-388924200,45.049999,45.049999,45.049999,45.049999
-388837800,44.82,44.82,44.82,44.82
-388751400,44.68,44.68,44.68,44.68
-388492200,44.279999,44.279999,44.279999,44.279999
-388405800,43.869999,43.869999,43.869999,43.869999
-388319400,44.259998,44.259998,44.259998,44.259998
-388233000,44.82,44.82,44.82,44.82
-388146600,44.799999,44.799999,44.799999,44.799999
-387887400,44.580002,44.580002,44.580002,44.580002
-387801000,44.639999,44.639999,44.639999,44.639999
-387714600,44.689999,44.689999,44.689999,44.689999
-387628200,44.400002,44.400002,44.400002,44.400002
-387541800,43.689999,43.689999,43.689999,43.689999
-387282600,42.689999,42.689999,42.689999,42.689999
-387196200,42.98,42.98,42.98,42.98
-387109800,42.98,42.98,42.98,42.98
-387023400,42.57,42.57,42.57,42.57
-386937000,42.549999,42.549999,42.549999,42.549999
-386677800,42.419998,42.419998,42.419998,42.419998
-386591400,42.759998,42.759998,42.759998,42.759998
-386505000,43.099998,43.099998,43.099998,43.099998
-386418600,43.139999,43.139999,43.139999,43.139999
-386332200,42.790001,42.790001,42.790001,42.790001
-386073000,42.220001,42.220001,42.220001,42.220001
-385986600,41.950001,41.950001,41.950001,41.950001
-385900200,41.990002,41.990002,41.990002,41.990002
-385813800,40.959999,40.959999,40.959999,40.959999
-385727400,40.939999,40.939999,40.939999,40.939999
-385468200,41.240002,41.240002,41.240002,41.240002
-385381800,41.669998,41.669998,41.669998,41.669998
-385295400,41.330002,41.330002,41.330002,41.330002
-385209000,40.650002,40.650002,40.650002,40.650002
-385122600,40.330002,40.330002,40.330002,40.330002
-384863400,39.150002,39.150002,39.150002,39.150002
-384777000,38.98,38.98,38.98,38.98
-384690600,40.73,40.73,40.73,40.73
-384604200,40.709999,40.709999,40.709999,40.709999
-384517800,40.59,40.59,40.59,40.59
-384255000,40.419998,40.419998,40.419998,40.419998
-384168600,40.689999,40.689999,40.689999,40.689999
-384082200,41.02,41.02,41.02,41.02
-383995800,41.060001,41.060001,41.060001,41.060001
-383909400,40.439999,40.439999,40.439999,40.439999
-383650200,40.369999,40.369999,40.369999,40.369999
-383477400,40.43,40.43,40.43,40.43
-383391000,40.669998,40.669998,40.669998,40.669998
-383304600,40.189999,40.189999,40.189999,40.189999
-383045400,40.18,40.18,40.18,40.18
-382959000,39.599998,39.599998,39.599998,39.599998
-382872600,39.549999,39.549999,39.549999,39.549999
-382786200,39.439999,39.439999,39.439999,39.439999
-382699800,40.369999,40.369999,40.369999,40.369999
-382440600,40.040001,40.040001,40.040001,40.040001
-382354200,39.810001,39.810001,39.810001,39.810001
-382267800,39.919998,39.919998,39.919998,39.919998
-382181400,40.48,40.48,40.48,40.48
-382095000,40.869999,40.869999,40.869999,40.869999
-381835800,41.18,41.18,41.18,41.18
-381749400,40.09,40.09,40.09,40.09
-381663000,41.25,41.25,41.25,41.25
-381490200,41.720001,41.720001,41.720001,41.720001
-381231000,41.360001,41.360001,41.360001,41.360001
-381144600,41.369999,41.369999,41.369999,41.369999
-381058200,41.540001,41.540001,41.540001,41.540001
-380971800,41.52,41.52,41.52,41.52
-380885400,41.310001,41.310001,41.310001,41.310001
-380626200,40.919998,40.919998,40.919998,40.919998
-380539800,40.560001,40.560001,40.560001,40.560001
-380453400,40.509998,40.509998,40.509998,40.509998
-380367000,40.549999,40.549999,40.549999,40.549999
-380280600,40.73,40.73,40.73,40.73
-380021400,40.119999,40.119999,40.119999,40.119999
-379935000,39.419998,39.419998,39.419998,39.419998
-379848600,39.380001,39.380001,39.380001,39.380001
-379762200,39.799999,39.799999,39.799999,39.799999
-379675800,39.48,39.48,39.48,39.48
-379416600,39.48,39.48,39.48,39.48
-379330200,39.52,39.52,39.52,39.52
-379157400,39.919998,39.919998,39.919998,39.919998
-379071000,39.779999,39.779999,39.779999,39.779999
-378811800,39.580002,39.580002,39.580002,39.580002
-378725400,39.990002,39.990002,39.990002,39.990002
-378552600,40.330002,40.330002,40.330002,40.330002
-378466200,40.869999,40.869999,40.869999,40.869999
-378207000,40.68,40.68,40.68,40.68
-378120600,41,41,41,41
-378034200,40.990002,40.990002,40.990002,40.990002
-377947800,40.75,40.75,40.75,40.75
-377861400,40.369999,40.369999,40.369999,40.369999
-377602200,40.490002,40.490002,40.490002,40.490002
-377515800,40.669998,40.669998,40.669998,40.669998
-377429400,40.990002,40.990002,40.990002,40.990002
-377343000,41.060001,41.060001,41.060001,41.060001
-377256600,41.099998,41.099998,41.099998,41.099998
-376997400,41.349998,41.349998,41.349998,41.349998
-376911000,41.299999,41.299999,41.299999,41.299999
-376824600,41.200001,41.200001,41.200001,41.200001
-376738200,41.360001,41.360001,41.360001,41.360001
-376651800,41.709999,41.709999,41.709999,41.709999
-376392600,41.59,41.59,41.59,41.59
-376306200,41.630001,41.630001,41.630001,41.630001
-376219800,41.880001,41.880001,41.880001,41.880001
-376133400,41.68,41.68,41.68,41.68
-376047000,41.700001,41.700001,41.700001,41.700001
-375787800,42.040001,42.040001,42.040001,42.040001
-375701400,42.459999,42.459999,42.459999,42.459999
-375615000,42.189999,42.189999,42.189999,42.189999
-375528600,42.099998,42.099998,42.099998,42.099998
-375442200,41.73,41.73,41.73,41.73
-375183000,41.48,41.48,41.48,41.48
-375096600,41.110001,41.110001,41.110001,41.110001
-375010200,40.93,40.93,40.93,40.93
-374923800,40.939999,40.939999,40.939999,40.939999
-374837400,41.330002,41.330002,41.330002,41.330002
-374578200,41.110001,41.110001,41.110001,41.110001
-374491800,41.169998,41.169998,41.169998,41.169998
-374405400,41.150002,41.150002,41.150002,41.150002
-374319000,40.91,40.91,40.91,40.91
-374232600,40.880001,40.880001,40.880001,40.880001
-373973400,40.650002,40.650002,40.650002,40.650002
-373887000,40.610001,40.610001,40.610001,40.610001
-373800600,40.919998,40.919998,40.919998,40.919998
-373714200,40.68,40.68,40.68,40.68
-373627800,40.84,40.84,40.84,40.84
-373368600,41.130001,41.130001,41.130001,41.130001
-373282200,41.349998,41.349998,41.349998,41.349998
-373195800,41.470001,41.470001,41.470001,41.470001
-373109400,42,42,42,42
-373023000,42.07,42.07,42.07,42.07
-372763800,42.209999,42.209999,42.209999,42.209999
-372677400,42.509998,42.509998,42.509998,42.509998
-372591000,42.41,42.41,42.41,42.41
-372504600,42.459999,42.459999,42.459999,42.459999
-372418200,42.330002,42.330002,42.330002,42.330002
-372159000,42.040001,42.040001,42.040001,42.040001
-372072600,41.889999,41.889999,41.889999,41.889999
-371986200,42.09,42.09,42.09,42.09
-371899800,42.110001,42.110001,42.110001,42.110001
-371813400,42.419998,42.419998,42.419998,42.419998
-371554200,42.580002,42.580002,42.580002,42.580002
-371467800,42.439999,42.439999,42.439999,42.439999
-371381400,42.299999,42.299999,42.299999,42.299999
-371295000,42.169998,42.169998,42.169998,42.169998
-371208600,42.200001,42.200001,42.200001,42.200001
-370949400,42.099998,42.099998,42.099998,42.099998
-370863000,41.93,41.93,41.93,41.93
-370776600,41.599998,41.599998,41.599998,41.599998
-370690200,41.48,41.48,41.48,41.48
-370344600,41.330002,41.330002,41.330002,41.330002
-370258200,41.43,41.43,41.43,41.43
-370171800,41.650002,41.650002,41.650002,41.650002
-370085400,41.700001,41.700001,41.700001,41.700001
-369999000,41.740002,41.740002,41.740002,41.740002
-369739800,42,42,42,42
-369653400,42.43,42.43,42.43,42.43
-369567000,42.099998,42.099998,42.099998,42.099998
-369480600,42.25,42.25,42.25,42.25
-369394200,42.709999,42.709999,42.709999,42.709999
-369135000,42.93,42.93,42.93,42.93
-369048600,42.799999,42.799999,42.799999,42.799999
-368962200,42.799999,42.799999,42.799999,42.799999
-368875800,43.139999,43.139999,43.139999,43.139999
-368789400,43.360001,43.360001,43.360001,43.360001
-368533800,43.220001,43.220001,43.220001,43.220001
-368447400,43,43,43,43
-368361000,43.439999,43.439999,43.439999,43.439999
-368274600,43.540001,43.540001,43.540001,43.540001
-368188200,43.689999,43.689999,43.689999,43.689999
-367929000,43.790001,43.790001,43.790001,43.790001
-367842600,44.009998,44.009998,44.009998,44.009998
-367756200,43.93,43.93,43.93,43.93
-367669800,43.990002,43.990002,43.990002,43.990002
-367583400,44.09,44.09,44.09,44.09
-367324200,43.75,43.75,43.75,43.75
-367237800,43.619999,43.619999,43.619999,43.619999
-367151400,43.119999,43.119999,43.119999,43.119999
-367065000,43.34,43.34,43.34,43.34
-366978600,43.360001,43.360001,43.360001,43.360001
-366719400,43.240002,43.240002,43.240002,43.240002
-366633000,43.610001,43.610001,43.610001,43.610001
-366546600,43.549999,43.549999,43.549999,43.549999
-366460200,43.779999,43.779999,43.779999,43.779999
-366373800,43.869999,43.869999,43.869999,43.869999
-366114600,43.849998,43.849998,43.849998,43.849998
-366028200,43.790001,43.790001,43.790001,43.790001
-365941800,43.849998,43.849998,43.849998,43.849998
-365855400,44.09,44.09,44.09,44.09
-365509800,44.310001,44.310001,44.310001,44.310001
-365423400,44.459999,44.459999,44.459999,44.459999
-365337000,44.5,44.5,44.5,44.5
-365250600,44.549999,44.549999,44.549999,44.549999
-365164200,44.639999,44.639999,44.639999,44.639999
-364905000,44.57,44.57,44.57,44.57
-364818600,44.48,44.48,44.48,44.48
-364732200,44.490002,44.490002,44.490002,44.490002
-364645800,44.75,44.75,44.75,44.75
-364559400,45.02,45.02,45.02,45.02
-364300200,45.18,45.18,45.18,45.18
-364213800,44.939999,44.939999,44.939999,44.939999
-364127400,45.34,45.34,45.34,45.34
-364041000,44.610001,44.610001,44.610001,44.610001
-363954600,44.849998,44.849998,44.849998,44.849998
-363695400,44.689999,44.689999,44.689999,44.689999
-363609000,44.52,44.52,44.52,44.52
-363522600,44.630001,44.630001,44.630001,44.630001
-363436200,44.84,44.84,44.84,44.84
-363349800,44.900002,44.900002,44.900002,44.900002
-363090600,45.240002,45.240002,45.240002,45.240002
-363004200,45.279999,45.279999,45.279999,45.279999
-362917800,45.32,45.32,45.32,45.32
-362831400,45.470001,45.470001,45.470001,45.470001
-362485800,45.619999,45.619999,45.619999,45.619999
-362399400,45.400002,45.400002,45.400002,45.400002
-362313000,45.25,45.25,45.25,45.25
-362226600,45.419998,45.419998,45.419998,45.419998
-362140200,45.720001,45.720001,45.720001,45.720001
-361881000,45.139999,45.139999,45.139999,45.139999
-361794600,45.110001,45.110001,45.110001,45.110001
-361708200,45.25,45.25,45.25,45.25
-361621800,45.549999,45.549999,45.549999,45.549999
-361535400,45.77,45.77,45.77,45.77
-361276200,46.330002,46.330002,46.330002,46.330002
-361189800,46.41,46.41,46.41,46.41
-361103400,46.400002,46.400002,46.400002,46.400002
-361017000,46.650002,46.650002,46.650002,46.650002
-360930600,46.970001,46.970001,46.970001,46.970001
-360671400,47.150002,47.150002,47.150002,47.150002
-360585000,46.959999,46.959999,46.959999,46.959999
-360498600,47.09,47.09,47.09,47.09
-360412200,47.189999,47.189999,47.189999,47.189999
-360325800,47.490002,47.490002,47.490002,47.490002
-360066600,47.939999,47.939999,47.939999,47.939999
-359980200,47.75,47.75,47.75,47.75
-359893800,47.459999,47.459999,47.459999,47.459999
-359807400,47.77,47.77,47.77,47.77
-359721000,48.049999,48.049999,48.049999,48.049999
-359461800,48.16,48.16,48.16,48.16
-359375400,47.73,47.73,47.73,47.73
-359289000,47.810001,47.810001,47.810001,47.810001
-359202600,47.91,47.91,47.91,47.91
-359116200,47.5,47.5,47.5,47.5
-358857000,47.220001,47.220001,47.220001,47.220001
-358770600,47.299999,47.299999,47.299999,47.299999
-358684200,47.32,47.32,47.32,47.32
-358597800,47.630001,47.630001,47.630001,47.630001
-358511400,47.73,47.73,47.73,47.73
-358252200,47.740002,47.740002,47.740002,47.740002
-358165800,47.900002,47.900002,47.900002,47.900002
-358079400,47.91,47.91,47.91,47.91
-357993000,47.66,47.66,47.66,47.66
-357906600,47.75,47.75,47.75,47.75
-357561000,48,48,48,48
-357474600,48.18,48.18,48.18,48.18
-357388200,48.099998,48.099998,48.099998,48.099998
-357301800,47.970001,47.970001,47.970001,47.970001
-357042600,48.130001,48.130001,48.130001,48.130001
-356956200,48.459999,48.459999,48.459999,48.459999
-356869800,48.310001,48.310001,48.310001,48.310001
-356783400,48.639999,48.639999,48.639999,48.639999
-356697000,48.529999,48.529999,48.529999,48.529999
-356437800,48.959999,48.959999,48.959999,48.959999
-356351400,49.349998,49.349998,49.349998,49.349998
-356265000,49.349998,49.349998,49.349998,49.349998
-356178600,49.380001,49.380001,49.380001,49.380001
-356092200,49.400002,49.400002,49.400002,49.400002
-355833000,49.200001,49.200001,49.200001,49.200001
-355746600,49.560001,49.560001,49.560001,49.560001
-355660200,49.779999,49.779999,49.779999,49.779999
-355573800,49.57,49.57,49.57,49.57
-355487400,49.66,49.66,49.66,49.66
-355228200,49.869999,49.869999,49.869999,49.869999
-355141800,50.060001,50.060001,50.060001,50.060001
-355055400,49.98,49.98,49.98,49.98
-354969000,50.169998,50.169998,50.169998,50.169998
-354882600,50.369999,50.369999,50.369999,50.369999
-354623400,51.07,51.07,51.07,51.07
-354537000,51.07,51.07,51.07,51.07
-354450600,51.060001,51.060001,51.060001,51.060001
-354364200,51.049999,51.049999,51.049999,51.049999
-354277800,51.389999,51.389999,51.389999,51.389999
-354018600,51.619999,51.619999,51.619999,51.619999
-353932200,51.259998,51.259998,51.259998,51.259998
-353845800,50.580002,50.580002,50.580002,50.580002
-353759400,50.939999,50.939999,50.939999,50.939999
-353673000,51.459999,51.459999,51.459999,51.459999
-353413800,51.27,51.27,51.27,51.27
-353327400,51.27,51.27,51.27,51.27
-353241000,51.07,51.07,51.07,51.07
-353154600,50.970001,50.970001,50.970001,50.970001
-353068200,50.810001,50.810001,50.810001,50.810001
-352805400,50.419998,50.419998,50.419998,50.419998
-352719000,50.580002,50.580002,50.580002,50.580002
-352632600,51.07,51.07,51.07,51.07
-352546200,51.27,51.27,51.27,51.27
-352459800,51.330002,51.330002,51.330002,51.330002
-352200600,51.560001,51.560001,51.560001,51.560001
-352027800,52.029999,52.029999,52.029999,52.029999
-351941400,52.450001,52.450001,52.450001,52.450001
-351855000,52.259998,52.259998,52.259998,52.259998
-351595800,52.57,52.57,52.57,52.57
-351509400,52.98,52.98,52.98,52.98
-351423000,53.049999,53.049999,53.049999,53.049999
-351336600,52.830002,52.830002,52.830002,52.830002
-351250200,53.09,53.09,53.09,53.09
-350991000,53.240002,53.240002,53.240002,53.240002
-350904600,53.130001,53.130001,53.130001,53.130001
-350818200,53.200001,53.200001,53.200001,53.200001
-350731800,53.209999,53.209999,53.209999,53.209999
-350645400,52.700001,52.700001,52.700001,52.700001
-350386200,52.029999,52.029999,52.029999,52.029999
-350299800,51.02,51.02,51.02,51.02
-350213400,51.900002,51.900002,51.900002,51.900002
-350040600,52.48,52.48,52.48,52.48
-349781400,52.689999,52.689999,52.689999,52.689999
-349695000,52.459999,52.459999,52.459999,52.459999
-349608600,52.529999,52.529999,52.529999,52.529999
-349522200,52.549999,52.549999,52.549999,52.549999
-349435800,52.459999,52.459999,52.459999,52.459999
-349176600,52.459999,52.459999,52.459999,52.459999
-349090200,52.82,52.82,52.82,52.82
-349003800,53.459999,53.459999,53.459999,53.459999
-348917400,53.349998,53.349998,53.349998,53.349998
-348831000,53.220001,53.220001,53.220001,53.220001
-348571800,53.369999,53.369999,53.369999,53.369999
-348485400,53.57,53.57,53.57,53.57
-348399000,53.919998,53.919998,53.919998,53.919998
-348312600,54.150002,54.150002,54.150002,54.150002
-348226200,54.07,54.07,54.07,54.07
-347967000,53.709999,53.709999,53.709999,53.709999
-347880600,53.419998,53.419998,53.419998,53.419998
-347794200,54.110001,54.110001,54.110001,54.110001
-347362200,54.740002,54.740002,54.740002,54.740002
-347275800,54.93,54.93,54.93,54.93
-347189400,55.209999,55.209999,55.209999,55.209999
-347016600,55.439999,55.439999,55.439999,55.439999
-346757400,55.66,55.66,55.66,55.66
-346671000,55.59,55.59,55.59,55.59
-346584600,54.889999,54.889999,54.889999,54.889999
-346498200,55.400002,55.400002,55.400002,55.400002
-346411800,55.77,55.77,55.77,55.77
-346152600,55.779999,55.779999,55.779999,55.779999
-346066200,55.470001,55.470001,55.470001,55.470001
-345979800,55.619999,55.619999,55.619999,55.619999
-345893400,55.830002,55.830002,55.830002,55.830002
-345807000,55.810001,55.810001,55.810001,55.810001
-345547800,55.68,55.68,55.68,55.68
-345461400,55.720001,55.720001,55.720001,55.720001
-345375000,56.040001,56.040001,56.040001,56.040001
-345288600,55.970001,55.970001,55.970001,55.970001
-345202200,56,56,56,56
-344943000,55.77,55.77,55.77,55.77
-344856600,55.779999,55.779999,55.779999,55.779999
-344770200,55.16,55.16,55.16,55.16
-344683800,55.200001,55.200001,55.200001,55.200001
-344597400,55.450001,55.450001,55.450001,55.450001
-344338200,55.209999,55.209999,55.209999,55.209999
-344251800,55.279999,55.279999,55.279999,55.279999
-344165400,55.060001,55.060001,55.060001,55.060001
-344079000,54.810001,54.810001,54.810001,54.810001
-343992600,54.369999,54.369999,54.369999,54.369999
-343733400,53.580002,53.580002,53.580002,53.580002
-343647000,54.32,54.32,54.32,54.32
-343560600,54.349998,54.349998,54.349998,54.349998
-343474200,54,54,54,54
-343387800,54.419998,54.419998,54.419998,54.419998
-343128600,54.5,54.5,54.5,54.5
-343042200,54.290001,54.290001,54.290001,54.290001
-342955800,54.299999,54.299999,54.299999,54.299999
-342869400,55.5,55.5,55.5,55.5
-342783000,55.52,55.52,55.52,55.52
-342437400,55.48,55.48,55.48,55.48
-342351000,55.240002,55.240002,55.240002,55.240002
-342264600,55.34,55.34,55.34,55.34
-342178200,55.41,55.41,55.41,55.41
-341919000,55.73,55.73,55.73,55.73
-341832600,56.25,56.25,56.25,56.25
-341746200,56.349998,56.349998,56.349998,56.349998
-341659800,56.43,56.43,56.43,56.43
-341573400,56.209999,56.209999,56.209999,56.209999
-341314200,56.150002,56.150002,56.150002,56.150002
-341227800,56.310001,56.310001,56.310001,56.310001
-341141400,56.349998,56.349998,56.349998,56.349998
-341055000,56.599998,56.599998,56.599998,56.599998
-340968600,56.669998,56.669998,56.669998,56.669998
-340709400,56.060001,56.060001,56.060001,56.060001
-340623000,56.52,56.52,56.52,56.52
-340536600,56.389999,56.389999,56.389999,56.389999
-340450200,56.34,56.34,56.34,56.34
-340363800,56.389999,56.389999,56.389999,56.389999
-340104600,55.869999,55.869999,55.869999,55.869999
-340018200,55.959999,55.959999,55.959999,55.959999
-339931800,55.880001,55.880001,55.880001,55.880001
-339845400,55.759998,55.759998,55.759998,55.759998
-339499800,55.450001,55.450001,55.450001,55.450001
-339413400,55.439999,55.439999,55.439999,55.439999
-339327000,55.689999,55.689999,55.689999,55.689999
-339240600,56,56,56,56
-339154200,56.439999,56.439999,56.439999,56.439999
-338895000,56.599998,56.599998,56.599998,56.599998
-338808600,56.48,56.48,56.48,56.48
-338722200,56.209999,56.209999,56.209999,56.209999
-338635800,56.169998,56.169998,56.169998,56.169998
-338549400,56.220001,56.220001,56.220001,56.220001
-338290200,56.43,56.43,56.43,56.43
-338203800,56.709999,56.709999,56.709999,56.709999
-338117400,56.959999,56.959999,56.959999,56.959999
-338031000,57.43,57.43,57.43,57.43
-337944600,57.919998,57.919998,57.919998,57.919998
-337685400,58.169998,58.169998,58.169998,58.169998
-337599000,58.110001,58.110001,58.110001,58.110001
-337512600,57.73,57.73,57.73,57.73
-337426200,57.599998,57.599998,57.599998,57.599998
-337339800,57.959999,57.959999,57.959999,57.959999
-337084200,58.139999,58.139999,58.139999,58.139999
-336997800,57.919998,57.919998,57.919998,57.919998
-336911400,57.689999,57.689999,57.689999,57.689999
-336825000,57.59,57.59,57.59,57.59
-336738600,57.650002,57.650002,57.650002,57.650002
-336479400,57.650002,57.650002,57.650002,57.650002
-336393000,57.75,57.75,57.75,57.75
-336306600,57.610001,57.610001,57.610001,57.610001
-336220200,56.880001,56.880001,56.880001,56.880001
-336133800,57.32,57.32,57.32,57.32
-335874600,57.959999,57.959999,57.959999,57.959999
-335788200,57.959999,57.959999,57.959999,57.959999
-335701800,57.970001,57.970001,57.970001,57.970001
-335615400,58.369999,58.369999,58.369999,58.369999
-335529000,58.16,58.16,58.16,58.16
-335269800,58.150002,58.150002,58.150002,58.150002
-335183400,58.32,58.32,58.32,58.32
-335097000,58.09,58.09,58.09,58.09
-335010600,58.139999,58.139999,58.139999,58.139999
-334924200,58.330002,58.330002,58.330002,58.330002
-334665000,58.18,58.18,58.18,58.18
-334578600,58.09,58.09,58.09,58.09
-334492200,58.189999,58.189999,58.189999,58.189999
-334405800,58.389999,58.389999,58.389999,58.389999
-334319400,58.68,58.68,58.68,58.68
-334060200,58.630001,58.630001,58.630001,58.630001
-333973800,58.23,58.23,58.23,58.23
-333887400,58.25,58.25,58.25,58.25
-333801000,57.630001,57.630001,57.630001,57.630001
-333714600,57.509998,57.509998,57.509998,57.509998
-333455400,56.759998,56.759998,56.759998,56.759998
-333369000,56.360001,56.360001,56.360001,56.360001
-333282600,57.189999,57.189999,57.189999,57.189999
-333196200,57.25,57.25,57.25,57.25
-333109800,57.290001,57.290001,57.290001,57.290001
-332850600,56.990002,56.990002,56.990002,56.990002
-332764200,56.560001,56.560001,56.560001,56.560001
-332677800,57.09,57.09,57.09,57.09
-332591400,57.049999,57.049999,57.049999,57.049999
-332505000,57.130001,57.130001,57.130001,57.130001
-332245800,57.130001,57.130001,57.130001,57.130001
-332159400,57.119999,57.119999,57.119999,57.119999
-332073000,57.41,57.41,57.41,57.41
-331986600,57.73,57.73,57.73,57.73
-331900200,57.98,57.98,57.98,57.98
-331641000,58.369999,58.369999,58.369999,58.369999
-331554600,58.470001,58.470001,58.470001,58.470001
-331468200,58.970001,58.970001,58.970001,58.970001
-331381800,59.279999,59.279999,59.279999,59.279999
-331036200,59.650002,59.650002,59.650002,59.650002
-330949800,60.009998,60.009998,60.009998,60.009998
-330863400,60.029999,60.029999,60.029999,60.029999
-330777000,59.970001,59.970001,59.970001,59.970001
-330690600,59.91,59.91,59.91,59.91
-330431400,59.41,59.41,59.41,59.41
-330345000,59.549999,59.549999,59.549999,59.549999
-330258600,59.59,59.59,59.59,59.59
-330172200,59.41,59.41,59.41,59.41
-330085800,59.189999,59.189999,59.189999,59.189999
-329826600,58.91,58.91,58.91,58.91
-329740200,59.41,59.41,59.41,59.41
-329653800,59.610001,59.610001,59.610001,59.610001
-329567400,59.669998,59.669998,59.669998,59.669998
-329481000,59.650002,59.650002,59.650002,59.650002
-329221800,60.02,60.02,60.02,60.02
-329135400,60.32,60.32,60.32,60.32
-329049000,60.619999,60.619999,60.619999,60.619999
-328962600,60.5,60.5,60.5,60.5
-328876200,60.509998,60.509998,60.509998,60.509998
-328617000,60.709999,60.709999,60.709999,60.709999
-328530600,60.610001,60.610001,60.610001,60.610001
-328444200,60.299999,60.299999,60.299999,60.299999
-328357800,60.240002,60.240002,60.240002,60.240002
-328271400,59.869999,59.869999,59.869999,59.869999
-328012200,58.619999,58.619999,58.619999,58.619999
-327925800,59.389999,59.389999,59.389999,59.389999
-327839400,59.25,59.25,59.25,59.25
-327753000,59.150002,59.150002,59.150002,59.150002
-327666600,59.290001,59.290001,59.290001,59.290001
-327407400,59.169998,59.169998,59.169998,59.169998
-327321000,58.619999,58.619999,58.619999,58.619999
-327234600,58.27,58.27,58.27,58.27
-327148200,59.139999,59.139999,59.139999,59.139999
-327061800,59.080002,59.080002,59.080002,59.080002
-326802600,58.869999,58.869999,58.869999,58.869999
-326716200,58.990002,58.990002,58.990002,58.990002
-326629800,59.07,59.07,59.07,59.07
-326543400,59.580002,59.580002,59.580002,59.580002
-326457000,59.599998,59.599998,59.599998,59.599998
-326197800,59.599998,59.599998,59.599998,59.599998
-326111400,58.869999,58.869999,58.869999,58.869999
-326025000,58.919998,58.919998,58.919998,58.919998
-325938600,58.259998,58.259998,58.259998,58.259998
-325852200,58.540001,58.540001,58.540001,58.540001
-325506600,57.700001,57.700001,57.700001,57.700001
-325420200,57.290001,57.290001,57.290001,57.290001
-325333800,56.990002,56.990002,56.990002,56.990002
-325247400,57.41,57.41,57.41,57.41
-324988200,56.990002,56.990002,56.990002,56.990002
-324901800,56.68,56.68,56.68,56.68
-324815400,56.720001,56.720001,56.720001,56.720001
-324729000,56.41,56.41,56.41,56.41
-324642600,56.189999,56.189999,56.189999,56.189999
-324383400,55.27,55.27,55.27,55.27
-324297000,55.139999,55.139999,55.139999,55.139999
-324210600,55.82,55.82,55.82,55.82
-324124200,56.779999,56.779999,56.779999,56.779999
-324037800,56.73,56.73,56.73,56.73
-323778600,57.150002,57.150002,57.150002,57.150002
-323692200,57.509998,57.509998,57.509998,57.509998
-323605800,56.880001,56.880001,56.880001,56.880001
-323519400,56.939999,56.939999,56.939999,56.939999
-323433000,57.200001,57.200001,57.200001,57.200001
-323173800,57.139999,57.139999,57.139999,57.139999
-323087400,57.09,57.09,57.09,57.09
-323001000,56.939999,56.939999,56.939999,56.939999
-322914600,56.810001,56.810001,56.810001,56.810001
-322828200,57,57,57,57
-322569000,57.32,57.32,57.32,57.32
-322482600,57.16,57.16,57.16,57.16
-322396200,56.709999,56.709999,56.709999,56.709999
-322309800,56.869999,56.869999,56.869999,56.869999
-322223400,57.330002,57.330002,57.330002,57.330002
-321964200,57.009998,57.009998,57.009998,57.009998
-321877800,56.66,56.66,56.66,56.66
-321791400,56.549999,56.549999,56.549999,56.549999
-321705000,56,56,56,56
-321618600,56.560001,56.560001,56.560001,56.560001
-321355800,56.939999,56.939999,56.939999,56.939999
-321269400,57.419998,57.419998,57.419998,57.419998
-321183000,57.459999,57.459999,57.459999,57.459999
-321096600,57.41,57.41,57.41,57.41
-321010200,57.52,57.52,57.52,57.52
-320751000,57.41,57.41,57.41,57.41
-320578200,57.259998,57.259998,57.259998,57.259998
-320491800,57.32,57.32,57.32,57.32
-320405400,57.599998,57.599998,57.599998,57.599998
-320146200,57.5,57.5,57.5,57.5
-320059800,57.48,57.48,57.48,57.48
-319973400,57.490002,57.490002,57.490002,57.490002
-319887000,57.169998,57.169998,57.169998,57.169998
-319800600,56.849998,56.849998,56.849998,56.849998
-319541400,56.220001,56.220001,56.220001,56.220001
-319455000,56.380001,56.380001,56.380001,56.380001
-319368600,56.990002,56.990002,56.990002,56.990002
-319282200,56.939999,56.939999,56.939999,56.939999
-319195800,56.970001,56.970001,56.970001,56.970001
-318936600,57.080002,57.080002,57.080002,57.080002
-318850200,57.349998,57.349998,57.349998,57.349998
-318763800,57.439999,57.439999,57.439999,57.439999
-318591000,57.700001,57.700001,57.700001,57.700001
-318331800,58.279999,58.279999,58.279999,58.279999
-318245400,58.700001,58.700001,58.700001,58.700001
-318159000,58.599998,58.599998,58.599998,58.599998
-318072600,58.73,58.73,58.73,58.73
-317986200,58.849998,58.849998,58.849998,58.849998
-317727000,58.959999,58.959999,58.959999,58.959999
-317640600,59.34,59.34,59.34,59.34
-317554200,58.970001,58.970001,58.970001,58.970001
-317467800,59.02,59.02,59.02,59.02
-317381400,58.880001,58.880001,58.880001,58.880001
-317122200,59.040001,59.040001,59.040001,59.040001
-317035800,58.900002,58.900002,58.900002,58.900002
-316949400,58.970001,58.970001,58.970001,58.970001
-316863000,58.860001,58.860001,58.860001,58.860001
-316776600,59.139999,59.139999,59.139999,59.139999
-316517400,59.209999,59.209999,59.209999,59.209999
-316431000,59.139999,59.139999,59.139999,59.139999
-316344600,58.959999,58.959999,58.959999,58.959999
-316258200,59,59,59,59
-315912600,58.98,58.98,58.98,58.98
-315826200,59.299999,59.299999,59.299999,59.299999
-315739800,59.77,59.77,59.77,59.77
-315653400,59.889999,59.889999,59.889999,59.889999
-315307800,59.91,59.91,59.91,59.91
-315221400,60.389999,60.389999,60.389999,60.389999
-315135000,60.130001,60.130001,60.130001,60.130001
-315048600,59.689999,59.689999,59.689999,59.689999
-314962200,59.5,59.5,59.5,59.5
-314703000,58.77,58.77,58.77,58.77
-314616600,58.41,58.41,58.41,58.41
-314530200,58.080002,58.080002,58.080002,58.080002
-314443800,58.400002,58.400002,58.400002,58.400002
-314357400,58.380001,58.380001,58.380001,58.380001
-314098200,57.889999,57.889999,57.889999,57.889999
-314011800,57.27,57.27,57.27,57.27
-313925400,57.07,57.07,57.07,57.07
-313839000,57.209999,57.209999,57.209999,57.209999
-313752600,57.380001,57.380001,57.380001,57.380001
-313493400,56.779999,56.779999,56.779999,56.779999
-313407000,56.860001,56.860001,56.860001,56.860001
-313320600,56.720001,56.720001,56.720001,56.720001
-313234200,56.130001,56.130001,56.130001,56.130001
-313147800,55.610001,55.610001,55.610001,55.610001
-312888600,55.959999,55.959999,55.959999,55.959999
-312802200,56.82,56.82,56.82,56.82
-312715800,56.32,56.32,56.32,56.32
-312629400,56.27,56.27,56.27,56.27
-312543000,55.98,55.98,55.98,55.98
-312283800,55.32,55.32,55.32,55.32
-312197400,55.84,55.84,55.84,55.84
-312111000,55.490002,55.490002,55.490002,55.490002
-312024600,55.18,55.18,55.18,55.18
-311938200,55.459999,55.459999,55.459999,55.459999
-311679000,55.169998,55.169998,55.169998,55.169998
-311592600,54.73,54.73,54.73,54.73
-311506200,55.029999,55.029999,55.029999,55.029999
-311419800,55.799999,55.799999,55.799999,55.799999
-311333400,56.240002,56.240002,56.240002,56.240002
-310987800,55.939999,55.939999,55.939999,55.939999
-310901400,55.740002,55.740002,55.740002,55.740002
-310815000,55.93,55.93,55.93,55.93
-310728600,56.16,56.16,56.16,56.16
-310469400,56.119999,56.119999,56.119999,56.119999
-310383000,56.009998,56.009998,56.009998,56.009998
-310296600,55.619999,55.619999,55.619999,55.619999
-310210200,54.779999,54.779999,54.779999,54.779999
-310123800,54.57,54.57,54.57,54.57
-309864600,54.02,54.02,54.02,54.02
-309778200,53.470001,53.470001,53.470001,53.470001
-309691800,54.040001,54.040001,54.040001,54.040001
-309605400,53.830002,53.830002,53.830002,53.830002
-309519000,54.240002,54.240002,54.240002,54.240002
-309259800,54.32,54.32,54.32,54.32
-309173400,54.740002,54.740002,54.740002,54.740002
-309087000,55.040001,55.040001,55.040001,55.040001
-309000600,54.959999,54.959999,54.959999,54.959999
-308914200,55.009998,55.009998,55.009998,55.009998
-308655000,55.07,55.07,55.07,55.07
-308568600,55.290001,55.290001,55.290001,55.290001
-308482200,55.740002,55.740002,55.740002,55.740002
-308395800,55.98,55.98,55.98,55.98
-308309400,55.98,55.98,55.98,55.98
-308050200,55.860001,55.860001,55.860001,55.860001
-307963800,55.779999,55.779999,55.779999,55.779999
-307877400,55.66,55.66,55.66,55.66
-307791000,55.34,55.34,55.34,55.34
-307704600,55.43,55.43,55.43,55.43
-307445400,55.540001,55.540001,55.540001,55.540001
-307359000,55.369999,55.369999,55.369999,55.369999
-307272600,56.509998,56.509998,56.509998,56.509998
-307186200,56.52,56.52,56.52,56.52
-307099800,56.389999,56.389999,56.389999,56.389999
-306840600,56.169998,56.169998,56.169998,56.169998
-306754200,56.299999,56.299999,56.299999,56.299999
-306667800,56.299999,56.299999,56.299999,56.299999
-306581400,56.43,56.43,56.43,56.43
-306235800,56.59,56.59,56.59,56.59
-306149400,56.130001,56.130001,56.130001,56.130001
-306063000,55.439999,55.439999,55.439999,55.439999
-305976600,55.59,55.59,55.59,55.59
-305890200,55.419998,55.419998,55.419998,55.419998
-305634600,54.860001,54.860001,54.860001,54.860001
-305548200,55.040001,55.040001,55.040001,55.040001
-305461800,55.040001,55.040001,55.040001,55.040001
-305375400,54.560001,54.560001,54.560001,54.560001
-305289000,54.369999,54.369999,54.369999,54.369999
-305029800,54.130001,54.130001,54.130001,54.130001
-304943400,54.830002,54.830002,54.830002,54.830002
-304857000,55.040001,55.040001,55.040001,55.040001
-304770600,54.860001,54.860001,54.860001,54.860001
-304684200,54.75,54.75,54.75,54.75
-304425000,54.799999,54.799999,54.799999,54.799999
-304338600,54.419998,54.419998,54.419998,54.419998
-304252200,54.57,54.57,54.57,54.57
-304165800,54.849998,54.849998,54.849998,54.849998
-304079400,55.299999,55.299999,55.299999,55.299999
-303820200,55.25,55.25,55.25,55.25
-303733800,55.459999,55.459999,55.459999,55.459999
-303647400,55.439999,55.439999,55.439999,55.439999
-303561000,55.68,55.68,55.68,55.68
-303474600,55.73,55.73,55.73,55.73
-303215400,55.759998,55.759998,55.759998,55.759998
-303129000,55.700001,55.700001,55.700001,55.700001
-303042600,55.669998,55.669998,55.669998,55.669998
-302956200,55.709999,55.709999,55.709999,55.709999
-302869800,55.740002,55.740002,55.740002,55.740002
-302524200,55.830002,55.830002,55.830002,55.830002
-302437800,55.889999,55.889999,55.889999,55.889999
-302351400,56.130001,56.130001,56.130001,56.130001
-302265000,56.23,56.23,56.23,56.23
-302005800,56.889999,56.889999,56.889999,56.889999
-301919400,57.43,57.43,57.43,57.43
-301833000,57.889999,57.889999,57.889999,57.889999
-301746600,58,58,58,58
-301660200,57.970001,57.970001,57.970001,57.970001
-301401000,57.990002,57.990002,57.990002,57.990002
-301314600,57.91,57.91,57.91,57.91
-301228200,57.57,57.57,57.57,57.57
-301141800,57.5,57.5,57.5,57.5
-301055400,57.439999,57.439999,57.439999,57.439999
-300796200,57.16,57.16,57.16,57.16
-300709800,57.110001,57.110001,57.110001,57.110001
-300623400,57.279999,57.279999,57.279999,57.279999
-300537000,57.59,57.59,57.59,57.59
-300450600,57.68,57.68,57.68,57.68
-300191400,57.330002,57.330002,57.330002,57.330002
-300105000,56.939999,56.939999,56.939999,56.939999
-300018600,56.939999,56.939999,56.939999,56.939999
-299932200,56.919998,56.919998,56.919998,56.919998
-299845800,57.060001,57.060001,57.060001,57.060001
-299500200,57.02,57.02,57.02,57.02
-299413800,56.939999,56.939999,56.939999,56.939999
-299327400,57.240002,57.240002,57.240002,57.240002
-299241000,57.380001,57.380001,57.380001,57.380001
-298981800,56.869999,56.869999,56.869999,56.869999
-298895400,56.25,56.25,56.25,56.25
-298809000,56.099998,56.099998,56.099998,56.099998
-298722600,56.119999,56.119999,56.119999,56.119999
-298636200,56.049999,56.049999,56.049999,56.049999
-298377000,55.700001,55.700001,55.700001,55.700001
-298290600,55.700001,55.700001,55.700001,55.700001
-298204200,55.610001,55.610001,55.610001,55.610001
-298117800,55.099998,55.099998,55.099998,55.099998
-298031400,54.720001,54.720001,54.720001,54.720001
-297772200,54.18,54.18,54.18,54.18
-297685800,54.509998,54.509998,54.509998,54.509998
-297599400,54.169998,54.169998,54.169998,54.169998
-297513000,54.57,54.57,54.57,54.57
-297426600,55.509998,55.509998,55.509998,55.509998
-297167400,55.529999,55.529999,55.529999,55.529999
-297081000,55.040001,55.040001,55.040001,55.040001
-296994600,54.720001,54.720001,54.720001,54.720001
-296908200,54.889999,54.889999,54.889999,54.889999
-296821800,55.439999,55.439999,55.439999,55.439999
-296562600,55.52,55.52,55.52,55.52
-296476200,55.84,55.84,55.84,55.84
-296389800,56.07,56.07,56.07,56.07
-296303400,56.279999,56.279999,56.279999,56.279999
-296217000,56.66,56.66,56.66,56.66
-295957800,56.610001,56.610001,56.610001,56.610001
-295871400,56.720001,56.720001,56.720001,56.720001
-295785000,56.84,56.84,56.84,56.84
-295698600,56.810001,56.810001,56.810001,56.810001
-295612200,57.009998,57.009998,57.009998,57.009998
-295353000,57.189999,57.189999,57.189999,57.189999
-295266600,57.75,57.75,57.75,57.75
-295180200,58.07,58.07,58.07,58.07
-295093800,57.790001,57.790001,57.790001,57.790001
-295007400,57.599998,57.599998,57.599998,57.599998
-294748200,57.439999,57.439999,57.439999,57.439999
-294661800,56.84,56.84,56.84,56.84
-294575400,56.959999,56.959999,56.959999,56.959999
-294489000,57.09,57.09,57.09,57.09
-294402600,57,57,57,57
-294057000,56.490002,56.490002,56.490002,56.490002
-293970600,55.790001,55.790001,55.790001,55.790001
-293884200,55.740002,55.740002,55.740002,55.740002
-293797800,56.110001,56.110001,56.110001,56.110001
-293538600,55.720001,55.720001,55.720001,55.720001
-293452200,55.830002,55.830002,55.830002,55.830002
-293365800,55.439999,55.439999,55.439999,55.439999
-293279400,55.220001,55.220001,55.220001,55.220001
-293193000,55.110001,55.110001,55.110001,55.110001
-292933800,53.860001,53.860001,53.860001,53.860001
-292847400,54.009998,54.009998,54.009998,54.009998
-292761000,54.57,54.57,54.57,54.57
-292674600,54.360001,54.360001,54.360001,54.360001
-292588200,53.900002,53.900002,53.900002,53.900002
-292329000,53.060001,53.060001,53.060001,53.060001
-292242600,52.939999,52.939999,52.939999,52.939999
-292156200,52.48,52.48,52.48,52.48
-292069800,52.619999,52.619999,52.619999,52.619999
-291983400,53.52,53.52,53.52,53.52
-291724200,53.360001,53.360001,53.360001,53.360001
-291637800,52.990002,52.990002,52.990002,52.990002
-291551400,53.389999,53.389999,53.389999,53.389999
-291465000,53.720001,53.720001,53.720001,53.720001
-291378600,54.029999,54.029999,54.029999,54.029999
-291119400,54.139999,54.139999,54.139999,54.139999
-291033000,54.220001,54.220001,54.220001,54.220001
-290946600,54.150002,54.150002,54.150002,54.150002
-290860200,54.57,54.57,54.57,54.57
-290773800,54.860001,54.860001,54.860001,54.860001
-290514600,54.630001,54.630001,54.630001,54.630001
-290428200,54.349998,54.349998,54.349998,54.349998
-290341800,54.25,54.25,54.25,54.25
-290255400,53.860001,53.860001,53.860001,53.860001
-290169000,53.720001,53.720001,53.720001,53.720001
-289909800,52.700001,52.700001,52.700001,52.700001
-289823400,52.200001,52.200001,52.200001,52.200001
-289737000,53.049999,53.049999,53.049999,53.049999
-289650600,53.619999,53.619999,53.619999,53.619999
-289564200,53.41,53.41,53.41,53.41
-289301400,53.389999,53.389999,53.389999,53.389999
-289215000,53.939999,53.939999,53.939999,53.939999
-289128600,54.220001,54.220001,54.220001,54.220001
-289042200,54.43,54.43,54.43,54.43
-288955800,54.900002,54.900002,54.900002,54.900002
-288696600,55.110001,55.110001,55.110001,55.110001
-288523800,55.349998,55.349998,55.349998,55.349998
-288437400,56.43,56.43,56.43,56.43
-288351000,55.869999,55.869999,55.869999,55.869999
-288091800,55.59,55.59,55.59,55.59
-288005400,55.810001,55.810001,55.810001,55.810001
-287919000,55.700001,55.700001,55.700001,55.700001
-287832600,55.549999,55.549999,55.549999,55.549999
-287746200,55.82,55.82,55.82,55.82
-287487000,55.93,55.93,55.93,55.93
-287400600,55.720001,55.720001,55.720001,55.720001
-287314200,55.799999,55.799999,55.799999,55.799999
-287141400,56.130001,56.130001,56.130001,56.130001
-286882200,56.029999,56.029999,56.029999,56.029999
-286795800,55.830002,55.830002,55.830002,55.830002
-286709400,55.540001,55.540001,55.540001,55.540001
-286623000,55.299999,55.299999,55.299999,55.299999
-286536600,55.389999,55.389999,55.389999,55.389999
-286277400,55.310001,55.310001,55.310001,55.310001
-286191000,55.470001,55.470001,55.470001,55.470001
-286104600,56.02,56.02,56.02,56.02
-286018200,56.150002,56.150002,56.150002,56.150002
-285931800,56.650002,56.650002,56.650002,56.650002
-285672600,56.849998,56.849998,56.849998,56.849998
-285586200,56.880001,56.880001,56.880001,56.880001
-285499800,56.84,56.84,56.84,56.84
-285413400,56.68,56.68,56.68,56.68
-285327000,57.200001,57.200001,57.200001,57.200001
-285067800,57.130001,57.130001,57.130001,57.130001
-284981400,57.09,57.09,57.09,57.09
-284895000,57.549999,57.549999,57.549999,57.549999
-284808600,57.389999,57.389999,57.389999,57.389999
-284722200,57.439999,57.439999,57.439999,57.439999
-284376600,57.52,57.52,57.52,57.52
-284290200,57.779999,57.779999,57.779999,57.779999
-284203800,58.049999,58.049999,58.049999,58.049999
-284117400,58.110001,58.110001,58.110001,58.110001
-283771800,57.57,57.57,57.57,57.57
-283685400,58.360001,58.360001,58.360001,58.360001
-283599000,58.57,58.57,58.57,58.57
-283512600,58.400002,58.400002,58.400002,58.400002
-283253400,58.810001,58.810001,58.810001,58.810001
-283167000,58.970001,58.970001,58.970001,58.970001
-283080600,59.139999,59.139999,59.139999,59.139999
-282994200,59.32,59.32,59.32,59.32
-282907800,59.599998,59.599998,59.599998,59.599998
-282648600,59.580002,59.580002,59.580002,59.580002
-282562200,59.639999,59.639999,59.639999,59.639999
-282475800,59.68,59.68,59.68,59.68
-282389400,59.77,59.77,59.77,59.77
-282303000,59.959999,59.959999,59.959999,59.959999
-282043800,60.290001,60.290001,60.290001,60.290001
-281957400,60.450001,60.450001,60.450001,60.450001
-281871000,60.529999,60.529999,60.529999,60.529999
-281784600,60.619999,60.619999,60.619999,60.619999
-281698200,61.240002,61.240002,61.240002,61.240002
-281439000,61.970001,61.970001,61.970001,61.970001
-281352600,61.779999,61.779999,61.779999,61.779999
-281266200,61.900002,61.900002,61.900002,61.900002
-281179800,62.299999,62.299999,62.299999,62.299999
-281093400,62.220001,62.220001,62.220001,62.220001
-280834200,61.759998,61.759998,61.759998,61.759998
-280747800,61.650002,61.650002,61.650002,61.650002
-280661400,62.209999,62.209999,62.209999,62.209999
-280575000,62.02,62.02,62.02,62.02
-280488600,61.5,61.5,61.5,61.5
-280229400,61.139999,61.139999,61.139999,61.139999
-280143000,61.41,61.41,61.41,61.41
-280056600,61.919998,61.919998,61.919998,61.919998
-279970200,62.299999,62.299999,62.299999,62.299999
-279883800,62.099998,62.099998,62.099998,62.099998
-279624600,62.32,62.32,62.32,62.32
-279538200,62.360001,62.360001,62.360001,62.360001
-279365400,62.59,62.59,62.59,62.59
-279279000,62.84,62.84,62.84,62.84
-279019800,63.299999,63.299999,63.299999,63.299999
-278933400,63.439999,63.439999,63.439999,63.439999
-278847000,63.43,63.43,63.43,63.43
-278760600,63.849998,63.849998,63.849998,63.849998
-278674200,63.950001,63.950001,63.950001,63.950001
-278415000,64.050003,64.050003,64.050003,64.050003
-278328600,63.470001,63.470001,63.470001,63.470001
-278242200,63.439999,63.439999,63.439999,63.439999
-278155800,63.5,63.5,63.5,63.5
-278069400,63.48,63.48,63.48,63.48
-277810200,63.66,63.66,63.66,63.66
-277723800,63.380001,63.380001,63.380001,63.380001
-277637400,63.57,63.57,63.57,63.57
-277551000,64.209999,64.209999,64.209999,64.209999
-277464600,64,64,64,64
-277205400,64.860001,64.860001,64.860001,64.860001
-277119000,64.739998,64.739998,64.739998,64.739998
-277032600,64.699997,64.699997,64.699997,64.699997
-276946200,64.529999,64.529999,64.529999,64.529999
-276859800,64.419998,64.419998,64.419998,64.419998
-276600600,64.349998,64.349998,64.349998,64.349998
-276514200,64.379997,64.379997,64.379997,64.379997
-276427800,64.93,64.93,64.93,64.93
-276341400,65.059998,65.059998,65.059998,65.059998
-275995800,65.599998,65.599998,65.599998,65.599998
-275909400,65.660004,65.660004,65.660004,65.660004
-275823000,65.459999,65.459999,65.459999,65.459999
-275736600,65.610001,65.610001,65.610001,65.610001
-275650200,65.959999,65.959999,65.959999,65.959999
-275391000,66.529999,66.529999,66.529999,66.529999
-275304600,66.620003,66.620003,66.620003,66.620003
-275218200,66.309998,66.309998,66.309998,66.309998
-275131800,66.260002,66.260002,66.260002,66.260002
-275045400,66.370003,66.370003,66.370003,66.370003
-274786200,68.68,68.68,68.68,68.68
-274699800,66.199997,66.199997,66.199997,66.199997
-274613400,65.809998,65.809998,65.809998,65.809998
-274527000,65.82,65.82,65.82,65.82
-274440600,65.769997,65.769997,65.769997,65.769997
-274181400,64.400002,64.400002,64.400002,64.400002
-274095000,65.300003,65.300003,65.300003,65.300003
-274008600,65.550003,65.550003,65.550003,65.550003
-273922200,65.459999,65.459999,65.459999,65.459999
-273835800,65.309998,65.309998,65.309998,65.309998
-273580200,65.169998,65.169998,65.169998,65.169998
-273493800,65.639999,65.639999,65.639999,65.639999
-273407400,66.18,66.18,66.18,66.18
-273321000,66.440002,66.440002,66.440002,66.440002
-273234600,66.519997,66.519997,66.519997,66.519997
-272975400,66.410004,66.410004,66.410004,66.410004
-272889000,66.470001,66.470001,66.470001,66.470001
-272802600,66.410004,66.410004,66.410004,66.410004
-272716200,66.389999,66.389999,66.389999,66.389999
-272629800,66.5,66.5,66.5,66.5
-272370600,66.830002,66.830002,66.830002,66.830002
-272284200,67.080002,67.080002,67.080002,67.080002
-272197800,67.389999,67.389999,67.389999,67.389999
-272111400,66.989998,66.989998,66.989998,66.989998
-272025000,67.269997,67.269997,67.269997,67.269997
-271765800,66.849998,66.849998,66.849998,66.849998
-271679400,66.68,66.68,66.68,66.68
-271593000,66.260002,66.260002,66.260002,66.260002
-271506600,66.010002,66.010002,66.010002,66.010002
-271420200,66.43,66.43,66.43,66.43
-270988200,66.559998,66.559998,66.559998,66.559998
-270901800,66.559998,66.559998,66.559998,66.559998
-270815400,66.730003,66.730003,66.730003,66.730003
-270556200,67.080002,67.080002,67.080002,67.080002
-270469800,66.889999,66.889999,66.889999,66.889999
-270383400,65.639999,65.639999,65.639999,65.639999
-270297000,66.669998,66.669998,66.669998,66.669998
-270210600,66.660004,66.660004,66.660004,66.660004
-269951400,66.150002,66.150002,66.150002,66.150002
-269865000,65.800003,65.800003,65.800003,65.800003
-269778600,65.980003,65.980003,65.980003,65.980003
-269692200,65.690002,65.690002,65.690002,65.690002
-269605800,65.18,65.18,65.18,65.18
-269346600,64.580002,64.580002,64.580002,64.580002
-269260200,65.150002,65.150002,65.150002,65.150002
-269173800,65.139999,65.139999,65.139999,65.139999
-269087400,64.900002,64.900002,64.900002,64.900002
-269001000,65.160004,65.160004,65.160004,65.160004
-268741800,64.470001,64.470001,64.470001,64.470001
-268655400,64.470001,64.470001,64.470001,64.470001
-268569000,64.589996,64.589996,64.589996,64.589996
-268482600,64.519997,64.519997,64.519997,64.519997
-268396200,64.639999,64.639999,64.639999,64.639999
-268137000,65.209999,65.209999,65.209999,65.209999
-267964200,65.629997,65.629997,65.629997,65.629997
-267877800,65.809998,65.809998,65.809998,65.809998
-267791400,65.769997,65.769997,65.769997,65.769997
-267532200,65.709999,65.709999,65.709999,65.709999
-267445800,65.690002,65.690002,65.690002,65.690002
-267359400,65.32,65.32,65.32,65.32
-267273000,64.860001,64.860001,64.860001,64.860001
-267186600,65.279999,65.279999,65.279999,65.279999
-266927400,64.790001,64.790001,64.790001,64.790001
-266841000,64.410004,64.410004,64.410004,64.410004
-266754600,64.699997,64.699997,64.699997,64.699997
-266668200,64.709999,64.709999,64.709999,64.709999
-266581800,64.860001,64.860001,64.860001,64.860001
-266322600,64.870003,64.870003,64.870003,64.870003
-266236200,65.230003,65.230003,65.230003,65.230003
-266149800,65.839996,65.839996,65.839996,65.839996
-266063400,66.610001,66.610001,66.610001,66.610001
-265977000,66.709999,66.709999,66.709999,66.709999
-265717800,66.760002,66.760002,66.760002,66.760002
-265631400,67.370003,67.370003,67.370003,67.370003
-265545000,66.940002,66.940002,66.940002,66.940002
-265458600,67.290001,67.290001,67.290001,67.290001
-265372200,67.68,67.68,67.68,67.68
-265113000,67.669998,67.669998,67.669998,67.669998
-265026600,67.82,67.82,67.82,67.82
-264940200,67.739998,67.739998,67.739998,67.739998
-264853800,67.949997,67.949997,67.949997,67.949997
-264767400,68.059998,68.059998,68.059998,68.059998
-264508200,67.720001,67.720001,67.720001,67.720001
-264421800,67.550003,67.550003,67.550003,67.550003
-264335400,67.730003,67.730003,67.730003,67.730003
-264249000,68.110001,68.110001,68.110001,68.110001
-264162600,68.290001,68.290001,68.290001,68.290001
-263903400,68.43,68.43,68.43,68.43
-263817000,68.440002,68.440002,68.440002,68.440002
-263730600,67.980003,67.980003,67.980003,67.980003
-263644200,67.589996,67.589996,67.589996,67.589996
-263557800,67.669998,67.669998,67.669998,67.669998
-263298600,67.699997,67.699997,67.699997,67.699997
-263212200,67.550003,67.550003,67.550003,67.550003
-263125800,67.809998,67.809998,67.809998,67.809998
-263039400,68.07,68.07,68.07,68.07
-262953000,68.190002,68.190002,68.190002,68.190002
-262607400,67.959999,67.959999,67.959999,67.959999
-262521000,68.459999,68.459999,68.459999,68.459999
-262434600,68.349998,68.349998,68.349998,68.349998
-262348200,67.879997,67.879997,67.879997,67.879997
-262089000,67.279999,67.279999,67.279999,67.279999
-262002600,67.959999,67.959999,67.959999,67.959999
-261916200,68.010002,68.010002,68.010002,68.010002
-261829800,67.529999,67.529999,67.529999,67.529999
-261743400,67.650002,67.650002,67.650002,67.650002
-261484200,67.209999,67.209999,67.209999,67.209999
-261397800,66.080002,66.080002,66.080002,66.080002
-261311400,66.959999,66.959999,66.959999,66.959999
-261225000,66.989998,66.989998,66.989998,66.989998
-261138600,66.720001,66.720001,66.720001,66.720001
-260879400,65.769997,65.769997,65.769997,65.769997
-260793000,65.779999,65.779999,65.779999,65.779999
-260706600,66.470001,66.470001,66.470001,66.470001
-260620200,66.580002,66.580002,66.580002,66.580002
-260533800,66.730003,66.730003,66.730003,66.730003
-260274600,66.769997,66.769997,66.769997,66.769997
-260188200,66.730003,66.730003,66.730003,66.730003
-260101800,67.18,67.18,67.18,67.18
-260015400,67.769997,67.769997,67.769997,67.769997
-259929000,66.970001,66.970001,66.970001,66.970001
-259669800,67.940002,67.940002,67.940002,67.940002
-259583400,68.110001,68.110001,68.110001,68.110001
-259497000,68.169998,68.169998,68.169998,68.169998
-259410600,68.160004,68.160004,68.160004,68.160004
-259324200,68.040001,68.040001,68.040001,68.040001
-259065000,67.849998,67.849998,67.849998,67.849998
-258978600,67.870003,67.870003,67.870003,67.870003
-258892200,68.209999,68.209999,68.209999,68.209999
-258805800,68.449997,68.449997,68.449997,68.449997
-258719400,68,68,68,68
-258460200,68.059998,68.059998,68.059998,68.059998
-258373800,67.980003,67.980003,67.980003,67.980003
-258287400,68.339996,68.339996,68.339996,68.339996
-258201000,68.459999,68.459999,68.459999,68.459999
-258114600,68.339996,68.339996,68.339996,68.339996
-257851800,68.419998,68.419998,68.419998,68.419998
-257765400,68.620003,68.620003,68.620003,68.620003
-257679000,68.730003,68.730003,68.730003,68.730003
-257592600,69.110001,69.110001,69.110001,69.110001
-257506200,69.470001,69.470001,69.470001,69.470001
-257247000,70.010002,70.010002,70.010002,70.010002
-257074200,70.870003,70.870003,70.870003,70.870003
-256987800,70.769997,70.769997,70.769997,70.769997
-256901400,71.07,71.07,71.07,71.07
-256642200,71.269997,71.269997,71.269997,71.269997
-256555800,71.660004,71.660004,71.660004,71.660004
-256469400,71.669998,71.669998,71.669998,71.669998
-256383000,71.620003,71.620003,71.620003,71.620003
-256296600,71.620003,71.620003,71.620003,71.620003
-256037400,71.720001,71.720001,71.720001,71.720001
-255951000,71.779999,71.779999,71.779999,71.779999
-255864600,71.699997,71.699997,71.699997,71.699997
-255691800,71.839996,71.839996,71.839996,71.839996
-255432600,71.849998,71.849998,71.849998,71.849998
-255346200,71.75,71.75,71.75,71.75
-255259800,71.699997,71.699997,71.699997,71.699997
-255173400,71.32,71.32,71.32,71.32
-255087000,71.779999,71.779999,71.779999,71.779999
-254827800,72.010002,72.010002,72.010002,72.010002
-254741400,71.93,71.93,71.93,71.93
-254655000,71.989998,71.989998,71.989998,71.989998
-254568600,71.699997,71.699997,71.699997,71.699997
-254482200,72.040001,72.040001,72.040001,72.040001
-254223000,72.389999,72.389999,72.389999,72.389999
-254136600,72.639999,72.639999,72.639999,72.639999
-254050200,72.529999,72.529999,72.529999,72.529999
-253963800,71.980003,71.980003,71.980003,71.980003
-253877400,72.010002,72.010002,72.010002,72.010002
-253618200,71.760002,71.760002,71.760002,71.760002
-253531800,71.260002,71.260002,71.260002,71.260002
-253445400,71.120003,71.120003,71.120003,71.120003
-253359000,70.860001,70.860001,70.860001,70.860001
-253272600,70.910004,70.910004,70.910004,70.910004
-252927000,71.019997,71.019997,71.019997,71.019997
-252840600,71.650002,71.650002,71.650002,71.650002
-252754200,71.690002,71.690002,71.690002,71.690002
-252667800,71.550003,71.550003,71.550003,71.550003
-252322200,71.550003,71.959999,70.709999,70.959999
-252235800,70.959999,71.480003,70.379997,71.129997
-252149400,71.129997,71.620003,70.449997,70.639999
-252063000,70.639999,70.839996,69.349998,69.660004
-251803800,69.660004,69.839996,68.169998,69.120003
-251717400,69.120003,69.93,68.830002,69.150002
-251631000,69.150002,69.580002,68.620003,68.959999
-251544600,68.959999,69.540001,68.57,69.370003
-251458200,69.370003,70.169998,69.230003,69.610001
-251199000,69.610001,69.959999,69.059998,69.470001
-251112600,69.470001,69.610001,68.68,69.07
-251026200,69.07,69.309998,68.129997,68.32
-250939800,68.32,68.730003,67.75,68.389999
-250853400,68.389999,70.080002,68.139999,68.75
-250594200,68.75,69.370003,68.449997,68.809998
-250507800,68.809998,68.959999,68,68.290001
-250421400,68.290001,68.68,67.550003,68.400002
-250335000,68.400002,69.050003,68.099998,68.349998
-250248600,68.349998,68.669998,67.830002,68.129997
-249989400,68.129997,68.5,67.550003,67.900002
-249903000,67.900002,68.650002,67.620003,68.169998
-249816600,68.169998,69.089996,68.120003,68.839996
-249730200,68.839996,69.650002,68.559998,69.260002
-249643800,69.260002,70.019997,69.019997,69.809998
-249384600,69.809998,70.300003,69.419998,69.879997
-249298200,69.879997,70.32,69.410004,69.959999
-249211800,69.959999,70.669998,69.779999,70.419998
-249125400,70.419998,70.949997,70.160004,70.580002
-249039000,70.580002,70.830002,69.93,70.480003
-248779800,70.480003,70.809998,70.139999,70.459999
-248693400,70.459999,70.889999,70.07,70.449997
-248607000,70.449997,70.790001,70.029999,70.419998
-248520600,70.419998,71.059998,70.230003,70.739998
-248434200,70.739998,71.129997,70.269997,70.589996
-248175000,70.589996,70.959999,70.120003,70.410004
-248088600,70.410004,70.910004,70.129997,70.660004
-248002200,70.660004,70.970001,70.120003,70.32
-247829400,70.32,70.57,69.730003,70.160004
-247570200,70.160004,70.330002,69.440002,69.760002
-247483800,69.760002,70.32,69.480003,69.889999
-247397400,69.889999,70.419998,69.57,69.959999
-247311000,69.959999,70.599998,69.760002,70.199997
-247224600,70.160004,70.160004,69.75,70.160004
-246965400,70.160004,70.480003,69.650002,70.010002
-246879000,70.010002,70.239998,69.459999,69.779999
-246792600,69.779999,70.07,69.370003,69.690002
-246706200,69.690002,70.370003,69.400002,70.190002
-246619800,70.190002,70.709999,70,70.419998
-246360600,70.419998,70.760002,70.019997,70.400002
-246274200,70.400002,70.860001,70.059998,70.599998
-246187800,70.599998,71.25,70.480003,70.910004
-246101400,70.910004,71.440002,70.589996,71.059998
-246015000,71.059998,71.339996,70.669998,70.940002
-245755800,70.940002,71.309998,70.529999,70.849998
-245669400,70.849998,71.080002,70.400002,70.660004
-245583000,70.660004,70.93,70.160004,70.510002
-245496600,70.510002,70.839996,70.139999,70.400002
-245410200,70.400002,70.779999,70.120003,70.449997
-245151000,70.449997,70.629997,69.730003,69.889999
-245064600,69.889999,70.199997,69.410004,69.699997
-244978200,69.699997,70.330002,69.540001,70.040001
-244891800,70.040001,70.5,69.809998,70.010002
-244805400,70.010002,70.089996,69.160004,69.550003
-244546200,69.550003,69.82,69.129997,69.370003
-244459800,69.370003,69.529999,68.529999,68.809998
-244373400,68.809998,69.220001,68.330002,68.489998
-244287000,68.489998,69.089996,68.120003,68.910004
-244200600,68.910004,69.419998,68.580002,68.839996
-243941400,68.839996,69.019997,68.089996,68.309998
-243855000,68.309998,68.800003,67.940002,68.559998
-243768600,68.559998,69.260002,68.239998,68.410004
-243682200,68.410004,68.43,67.470001,67.900002
-243595800,67.900002,68.110001,67.029999,67.900002
-243336600,67.900002,68.190002,67.209999,67.599998
-243250200,67.599998,68.199997,67.239998,67.900002
-243163800,67.900002,68.720001,67.830002,68.269997
-243077400,68.269997,68.900002,68.07,68.589996
-242731800,68.589996,69.010002,68.169998,68.529999
-242645400,68.529999,68.910004,68.160004,68.459999
-242559000,68.459999,68.580002,67.529999,67.709999
-242472600,67.709999,67.970001,66.919998,67.050003
-242386200,67.050003,67.610001,65.989998,66.300003
-242130600,66.300003,66.900002,64.949997,65.239998
-242044200,65.239998,65.940002,63.759998,65.699997
-241957800,65.699997,66.669998,65.559998,65.989998
-241871400,65.989998,66.93,65.809998,66.529999
-241785000,66.529999,66.800003,65.800003,66.239998
-241525800,66.239998,66.559998,65.660004,66.019997
-241439400,66.019997,66.129997,64.879997,65.169998
-241353000,65.169998,65.169998,64.019997,64.260002
-241266600,64.260002,64.389999,62.990002,63.57
-241180200,63.57,64.099998,62.439999,62.650002
-240921000,62.650002,63.310001,61.110001,63.099998
-240834600,63.41,64.870003,63.41,64.290001
-240748200,64.290001,64.879997,63.82,64.269997
-240661800,64.269997,64.410004,63.380001,63.93
-240575400,63.93,64.139999,63.290001,63.82
-240316200,63.82,64,63.209999,63.59
-240229800,63.59,63.689999,62.259998,62.34
-240143400,62.34,62.419998,60.900002,61.110001
-240057000,61.110001,61.790001,60.360001,60.619999
-239970600,60.619999,60.98,59,59.470001
-239711400,59.150002,59.150002,55.419998,55.5
-239625000,55.5,58.290001,53.130001,58.080002
-239452200,58.799999,60.82,58.799999,59.630001
-239365800,59.630001,59.959999,58.52,59.380001
-239106600,59.119999,59.119999,57.139999,57.27
-239020200,57.27,58.419998,56.330002,57.57
-238933800,57.639999,59.169998,57.639999,58.389999
-238847400,58.389999,58.900002,58,58.400002
-238761000,58.400002,58.970001,58.139999,58.450001
-238501800,58.450001,58.580002,57.509998,57.82
-238415400,57.66,57.66,56.23,56.34
-238329000,56.34,56.799999,55.240002,55.5
-238242600,55.5,56,54.119999,54.330002
-238156200,54.330002,55.959999,53.66,55.889999
-237897000,55.889999,56.529999,54.970001,55.740002
-237810600,55.740002,55.880001,54.98,55.540001
-237724200,55.540001,55.919998,54.66,54.779999
-237637800,54.779999,54.779999,53.5,53.59
-237551400,53.59,53.779999,52.48,52.68
-237292200,52.68,52.959999,51.349998,52.450001
-237205800,52.450001,53.580002,52.099998,52.32
-237119400,52.32,52.830002,51.77,52.599998
-237033000,52.98,54.639999,52.98,54.41
-236946600,54.41,55.470001,54.200001,54.75
-236687400,54.75,56.02,54.470001,55.860001
-236601000,55.860001,56.740002,55.57,56.490002
-236428200,56.490002,57.099998,56.150002,56.810001
-236341800,56.73,56.73,55.639999,56.169998
-236082600,56.169998,56.73,55.540001,56.549999
-235996200,56.990002,58.360001,56.990002,57.200001
-235909800,57.200001,57.950001,56.77,57.73
-235823400,57.73,58.669998,57.59,58.029999
-235737000,58.029999,58.18,57.23,57.830002
-235477800,57.830002,58.099998,57.18,57.830002
-235391400,57.830002,57.959999,56.68,56.779999
-235305000,56.779999,56.810001,55.860001,56.200001
-235218600,56.200001,56.950001,55.959999,56.419998
-235132200,56.419998,57.09,56.27,56.810001
-234873000,56.810001,57.32,56.529999,56.799999
-234786600,56.799999,56.93,56.139999,56.360001
-234700200,56.360001,56.669998,55.779999,56.459999
-234613800,56.459999,57.18,56.16,56.77
-234527400,56.77,57.360001,56.560001,57.200001
-234268200,57.200001,57.98,57.080002,57.830002
-234181800,57.830002,58.580002,57.740002,58.23
-234095400,58.23,58.299999,57.509998,57.75
-234009000,57.75,58.200001,57.380001,57.98
-233922600,57.98,58.32,57.630001,58.119999
-233663400,58.119999,58.349998,57.540001,57.75
-233577000,57.75,57.810001,57.07,57.360001
-233490600,57.360001,57.639999,56.759998,57.509998
-233404200,57.509998,57.880001,57.189999,57.57
-233317800,57.57,57.849998,57.16,57.549999
-233058600,57.549999,57.900002,57.220001,57.630001
-232972200,57.630001,58.43,57.41,58.25
-232885800,58.25,59.110001,58.220001,58.66
-232799400,58.66,59.110001,58.240002,58.639999
-232713000,58.639999,59.240002,58.43,59.009998
-232453800,59.009998,59.720001,58.900002,59.369999
-232367400,59.369999,59.66,58.900002,59.119999
-232281000,59.119999,59.93,58.91,59.779999
-232194600,59.779999,60.330002,59.470001,59.700001
-232108200,59.700001,59.919998,59.18,59.580002
-231849000,59.580002,59.939999,59.240002,59.549999
-231762600,59.549999,59.610001,58.66,58.790001
-231676200,58.790001,58.959999,58.169998,58.66
-231589800,58.66,59.060001,58.389999,58.68
-231503400,58.68,59.25,58.450001,59.119999
-231157800,59.119999,59.490002,58.439999,58.560001
-231071400,58.560001,58.77,57.950001,58.119999
-230985000,58.119999,58.599998,57.720001,58.360001
-230898600,58.360001,58.900002,58.09,58.380001
-230639400,58.380001,58.639999,57.880001,58.450001
-230553000,58.450001,58.93,58.169998,58.59
-230466600,58.59,59.060001,58.400002,58.84
-230380200,58.84,59.18,58.459999,58.700001
-230293800,58.700001,59.139999,58.400002,58.889999
-230034600,58.889999,59.419998,58.650002,59.080002
-229948200,59.080002,59.540001,58.77,59.029999
-229861800,59.029999,59.259998,58.59,58.950001
-229775400,58.950001,59.290001,58.330002,58.540001
-229689000,58.540001,58.639999,57.43,57.689999
-229429800,57.450001,57.450001,56.299999,56.630001
-229343400,56.630001,57.220001,56.119999,56.959999
-229257000,56.959999,57.290001,55.919998,56.150002
-229170600,56.150002,56.549999,55.529999,55.77
-229084200,55.77,56.580002,55.59,56.27
-228825000,56.27,56.310001,55.259998,55.490002
-228738600,55.490002,56.459999,55.310001,56.099998
-228652200,56.099998,56.709999,55.84,56.16
-228565800,56.16,56.84,55.900002,56.700001
-228479400,56.700001,57.299999,56.549999,57.07
-228220200,57.07,57.41,56.68,57.07
-228133800,57.07,57.400002,56.709999,57.200001
-228047400,57.200001,57.830002,56.959999,57.240002
-227961000,57.240002,57.459999,56.779999,57.049999
-227874600,57.049999,57.209999,56.66,56.950001
-227615400,56.950001,57.5,56.66,57.27
-227529000,57.27,57.630001,56.869999,57.080002
-227442600,57.080002,57.23,56.369999,56.889999
-227356200,56.889999,57.02,56.18,56.34
-227269800,56.34,56.540001,55.34,55.59
-227010600,55.48,55.48,54.380001,54.959999
-226924200,54.959999,55.189999,53.240002,53.490002
-226837800,53.490002,55.439999,52.549999,55.209999
-226751400,55.169998,55.169998,53.82,54.689999
-226665000,54.689999,54.959999,54.080002,54.540001
-226402200,55.34,56.380001,55.34,55.720001
-226315800,55.720001,56.84,55.52,56.540001
-226229400,56.540001,57,56.189999,56.52
-226143000,56.52,57.310001,55.900002,57.119999
-226056600,57.119999,58.189999,56.779999,57.75
-225797400,57.75,58.700001,57.689999,58.349998
-225624600,58.349998,59.110001,57.759998,58.709999
-225538200,58.709999,59.119999,58.09,58.32
-225451800,58.32,58.990002,57.900002,58.779999
-225192600,58.779999,60,58.59,59.59
-225106200,59.59,60.060001,59.060001,59.459999
-225019800,59.459999,60.41,59.18,60.16
-224933400,60.16,60.669998,59.740002,59.970001
-224847000,59.970001,60.459999,59.459999,60.16
-224587800,60.16,60.419998,59.459999,59.82
-224501400,59.82,60.630001,59.57,60.450001
-224415000,60.450001,61.18,60.189999,60.810001
-224242200,60.810001,62.029999,60.66,61.540001
-223983000,61.540001,62.130001,60.950001,61.360001
-223896600,61.360001,62.040001,60.98,61.73
-223810200,61.73,62.48,61.509998,62.119999
-223723800,62.119999,62.720001,61.689999,62.41
-223637400,62.41,62.779999,61.779999,62.259998
-223378200,62.259998,62.450001,61.279999,61.939999
-223291800,61.939999,62.93,61.77,62.639999
-223205400,62.639999,63.5,62.369999,62.389999
-223119000,62.389999,63.360001,62.279999,62.93
-223032600,62.93,63.43,62.450001,63.060001
-222773400,63.060001,63.349998,61.959999,62.27
-222687000,62.27,62.580002,61.720001,62.32
-222600600,62.32,63.16,62.130001,62.630001
-222514200,62.630001,63.07,62.09,62.419998
-222427800,62.419998,62.830002,61.959999,62.57
-222168600,62.57,62.950001,62.139999,62.369999
-222082200,62.369999,62.66,61.779999,62.07
-221995800,62.07,62.810001,61.720001,62.580002
-221909400,62.580002,63.279999,62.439999,62.82
-221823000,62.82,63.130001,62.259998,62.639999
-221563800,62.639999,63.029999,62.189999,62.630001
-221391000,62.630001,63.32,62.560001,63.02
-221304600,63.02,63.41,62.669998,62.93
-221218200,62.93,63.25,62.529999,62.959999
-220959000,62.959999,63.43,62.68,63.099998
-220786200,63.099998,63.389999,62.32,62.689999
-220699800,62.689999,63.889999,62.669998,63.720001
-220613400,63.720001,64.449997,63.57,64.129997
-220354200,64.129997,64.589996,63.669998,64.120003
-220267800,64.120003,64.980003,64,64.739998
-220181400,64.739998,65.220001,64.32,64.589996
-220095000,64.589996,65.160004,64.330002,64.709999
-220008600,64.709999,65.099998,64.309998,64.849998
-219749400,64.849998,65.5,64.610001,65.199997
-219663000,65.199997,65.620003,64.82,65.110001
-219576600,65.110001,65.25,64.419998,64.669998
-219490200,64.669998,65.400002,64.349998,65.129997
-219403800,65.129997,65.699997,64.860001,65.18
-219144600,65.18,65.519997,64.639999,65.279999
-219058200,65.279999,65.800003,65.029999,65.440002
-218971800,65.440002,65.910004,65.230003,65.620003
-218885400,65.620003,66.089996,65.330002,65.75
-218799000,65.75,66.230003,65.379997,65.919998
-218539800,65.919998,66.589996,65.769997,66.239998
-218453400,66.239998,66.580002,65.830002,66.230003
-218367000,66.230003,66.330002,65.550003,65.849998
-218280600,65.849998,66.449997,65.510002,66.199997
-218194200,66.309998,66.309998,66.309998,66.309998
-217935000,66.309998,66.660004,65.889999,66.169998
-217848600,66.169998,66.349998,65.379997,66.110001
-217762200,66.110001,66.760002,65.879997,66.400002
-217675800,66.400002,66.809998,65.910004,66.169998
-217589400,66.169998,66.449997,65.650002,66.169998
-217330200,66.169998,66.410004,65.5,65.760002
-217243800,65.760002,66.010002,65.160004,65.830002
-217157400,65.830002,66.529999,65.559998,66.150002
-217071000,66.150002,66.75,65.93,66.349998
-216984600,66.349998,66.739998,65.959999,66.410004
-216725400,66.410004,66.959999,66.099998,66.519997
-216639000,66.519997,66.669998,65.919998,66.199997
-216552600,66.199997,66.279999,65.440002,65.830002
-216466200,65.830002,66.230003,65.360001,65.919998
-216120600,65.919998,66.089996,65.239998,65.459999
-216034200,65.459999,65.860001,65.059998,65.470001
-215947800,65.470001,65.739998,64.860001,65.010002
-215861400,65.010002,65.139999,64.080002,64.290001
-215775000,64.290001,64.75,63.799999,64.099998
-215515800,64.099998,65.080002,63.880001,64.720001
-215429400,64.720001,65.269997,64.410004,64.739998
-215343000,64.739998,65.059998,64.309998,64.849998
-215256600,64.849998,65.599998,64.809998,65.260002
-215170200,65.260002,65.739998,65.029999,65.330002
-214911000,65.330002,65.860001,65.110001,65.510002
-214824600,65.510002,65.970001,65.260002,65.669998
-214738200,65.669998,66.269997,65.540001,65.910004
-214651800,65.910004,66.209999,65.389999,65.599998
-214565400,65.599998,66.220001,65.389999,65.93
-214306200,65.93,66.169998,65.360001,65.610001
-214219800,65.610001,65.849998,65.190002,65.470001
-214133400,65.470001,66.150002,65.300003,65.949997
-214047000,65.949997,66.25,65.599998,65.849998
-213960600,65.849998,66.440002,65.68,66.190002
-213701400,66.190002,66.599998,65.919998,66.209999
-213615000,66.209999,66.730003,66.010002,66.400002
-213528600,66.400002,66.93,66.209999,66.68
-213442200,66.68,67.010002,66.32,66.580002
-213355800,66.580002,66.900002,66.230003,66.57
-213096600,66.57,67.18,66.230003,66.849998
-213010200,66.849998,67.360001,66.510002,66.839996
-212923800,66.839996,67.550003,66.629997,67.360001
-212837400,67.360001,68.120003,67.279999,67.849998
-212751000,67.849998,68.459999,67.459999,68.279999
-212491800,68.279999,68.910004,68.050003,68.519997
-212405400,68.519997,68.839996,68.029999,68.449997
-212319000,68.449997,68.889999,67.660004,68.290001
-212232600,68.290001,69.07,67.970001,68.769997
-211887000,68.769997,69.559998,68.580002,69.089996
-211800600,69.089996,69.610001,68.660004,69.139999
-211714200,69.139999,69.370003,68.470001,68.919998
-211627800,68.919998,69.339996,68.559998,68.889999
-211541400,68.889999,69.459999,68.599998,69.230003
-211282200,69.230003,69.82,69.010002,69.300003
-211195800,69.300003,69.830002,68.949997,69.529999
-211109400,69.529999,70.120003,69.339996,69.720001
-211023000,69.720001,70.080002,69.25,69.760002
-210936600,69.760002,70.110001,69.230003,69.699997
-210681000,69.699997,70.040001,69.260002,69.650002
-210594600,69.650002,70.18,69.260002,69.800003
-210508200,69.800003,70.43,69.610001,69.970001
-210421800,69.970001,70.5,69.75,70.169998
-210335400,70.169998,70.510002,69.779999,70.029999
-210076200,70.029999,70.309998,69.32,69.529999
-209989800,69.529999,69.919998,69.029999,69.440002
-209903400,69.440002,70.239998,69.230003,70.010002
-209817000,70.010002,70.739998,69.860001,70.349998
-209730600,70.349998,70.809998,69.989998,70.519997
-209471400,70.519997,70.889999,70.110001,70.480003
-209385000,70.480003,70.730003,69.919998,70.209999
-209298600,70.209999,70.769997,69.870003,70.43
-209212200,70.43,70.809998,69.910004,70.25
-209125800,70.25,70.629997,69.830002,70.290001
-208866600,70.290001,70.480003,69.589996,69.959999
-208780200,69.959999,70.510002,69.620003,70.139999
-208693800,70.139999,70.68,69.82,70.139999
-208607400,70.139999,70.529999,69.790001,70.099998
-208521000,70.099998,70.440002,69.660004,70.019997
-208261800,70.019997,70.269997,69.480003,69.870003
-208175400,69.870003,70.410004,69.550003,70.010002
-208089000,70.010002,70.650002,69.860001,70.330002
-207916200,70.330002,71.139999,70.269997,70.800003
-207657000,70.800003,71.239998,70.389999,70.690002
-207570600,70.690002,71.080002,70.199997,70.699997
-207484200,70.699997,71.169998,70.169998,70.529999
-207397800,70.529999,70.949997,70.110001,70.580002
-207311400,70.580002,70.980003,70.099998,70.410004
-207052200,70.410004,70.510002,69.57,69.940002
-206965800,69.940002,70.410004,69.580002,70.029999
-206879400,70.029999,70.809998,69.910004,70.410004
-206793000,70.410004,70.849998,69.980003,70.230003
-206706600,70.230003,70.599998,69.870003,70.25
-206447400,69.949997,69.949997,69.949997,69.949997
-206361000,69.949997,70.43,69.629997,70.019997
-206274600,70.019997,70.470001,69.75,70.089996
-206188200,70.089996,70.360001,69.309998,70.010002
-206101800,70.010002,70.57,69.790001,70.25
-205842600,70.25,70.669998,69.839996,70.199997
-205756200,70.199997,70.510002,69.75,70.040001
-205669800,70.040001,70.099998,69.169998,69.410004
-205583400,69.410004,69.809998,68.779999,69.07
-205497000,69.07,69.68,68.93,69.370003
-205237800,69.370003,69.529999,68.580002,68.860001
-205151400,68.860001,69.720001,68.739998,69.459999
-205065000,69.459999,70.279999,69.419998,69.940002
-204892200,69.940002,70.480003,69.779999,70.220001
-204633000,70.220001,70.349998,69.470001,69.739998
-204546600,69.739998,70.389999,69.550003,70.040001
-204460200,70.040001,70.309998,69.559998,69.889999
-204373800,69.889999,70.300003,69.519997,69.760002
-204287400,69.760002,70.129997,69.360001,69.639999
-204028200,69.639999,69.730003,68.970001,69.199997
-203941800,69.199997,69.510002,68.849998,69.139999
-203855400,69.139999,69.529999,68.68,68.93
-203769000,68.93,69.269997,68.339996,68.489998
-203682600,68.489998,68.699997,67.900002,68.349998
-203423400,68.349998,68.599998,67.540001,67.900002
-203337000,67.900002,68.57,67.650002,67.910004
-203250600,67.910004,68.540001,67.760002,68.279999
-203164200,68.279999,68.919998,68.019997,68.260002
-203077800,68.260002,68.760002,68.029999,68.540001
-202818600,68.540001,68.959999,68.32,68.669998
-202732200,68.669998,69.449997,68.580002,69.239998
-202645800,69.239998,69.830002,68.910004,69.129997
-202559400,69.129997,69.470001,68.639999,69.07
-202473000,69.07,69.559998,68.860001,69.300003
-202213800,69.300003,69.970001,69.199997,69.709999
-202127400,69.709999,70.400002,69.57,70.169998
-202041000,70.169998,70.529999,69.690002,69.959999
-201954600,69.959999,70.309998,69.580002,70.019997
-201868200,70.019997,70.650002,69.830002,70.480003
-201609000,70.480003,71,70.190002,70.589996
-201522600,70.589996,71.089996,70.32,70.790001
-201436200,70.790001,71.32,70.389999,71.07
-201349800,71.07,71.709999,70.809998,71.379997
-201263400,71.379997,71.949997,71.050003,71.489998
-201004200,71.489998,71.919998,71.150002,71.440002
-200917800,71.440002,71.910004,71.029999,71.379997
-200831400,71.379997,71.730003,71,71.290001
-200745000,71.290001,71.809998,70.949997,71.540001
-200658600,71.540001,72.139999,71.330002,71.760002
-200399400,71.760002,72.300003,71.57,71.910004
-200313000,71.910004,72.040001,71.269997,71.519997
-200226600,71.519997,72.389999,71.489998,72.040001
-200140200,72.040001,72.559998,71.830002,72.160004
-200053800,72.160004,72.709999,71.879997,72.5
-199708200,72.5,73.089996,72.300003,72.660004
-199621800,72.660004,73.18,72.32,72.639999
-199535400,72.639999,73.190002,72.150002,73
-199449000,73,73.510002,72.510002,72.839996
-199189800,72.839996,73.230003,72.260002,72.580002
-199103400,72.580002,73.269997,72.25,72.989998
-199017000,72.989998,73.790001,72.830002,73.199997
-198930600,73.199997,73.599998,72.720001,73.150002
-198844200,73.150002,73.589996,72.82,73.169998
-198585000,73.169998,73.629997,72.800003,73.07
-198498600,73.07,73.639999,72.790001,73.120003
-198412200,73.120003,73.440002,72.510002,72.800003
-198325800,72.800003,73.470001,72.610001,73.220001
-198239400,73.220001,73.709999,72.919998,73.300003
-197980200,73.300003,73.529999,72.620003,72.959999
-197893800,72.959999,73.669998,72.589996,73.300003
-197807400,73.300003,73.870003,72.580002,72.889999
-197721000,72.889999,73.07,72.010002,72.269997
-197634600,72.269997,72.599998,71.599998,72.129997
-197375400,72.129997,72.370003,71.279999,71.699997
-197289000,71.699997,72.650002,71.57,72.220001
-197202600,72.220001,72.669998,71.919998,72.300003
-197116200,72.300003,73.099998,72.099998,72.830002
-197029800,72.830002,73.190002,72.459999,72.849998
-196770600,72.849998,73.269997,72.389999,72.699997
-196684200,72.699997,73.139999,72.239998,72.599998
-196597800,71.980003,71.980003,71.599998,71.870003
-196511400,71.870003,72.519997,71.599998,72.199997
-196425000,72.199997,72.709999,71.870003,72.269997
-196165800,72.269997,72.43,71.849998,72.300003
-196079400,72.300003,72.790001,71.989998,72.400002
-195993000,72.400002,73.199997,72.080002,72.970001
-195906600,72.970001,73.769997,72.839996,73.260002
-195820200,73.260002,73.739998,72.849998,73.32
-195561000,73.32,73.870003,73.029999,73.379997
-195474600,73.379997,73.550003,72.480003,72.959999
-195388200,72.959999,73.550003,72.589996,73
-195301800,73,73.730003,72.739998,73.279999
-195215400,73.279999,74.410004,73.059998,74.010002
-194952600,74.010002,75.150002,73.75,74.480003
-194866200,74.480003,75.18,73.970001,74.459999
-194779800,74.459999,74.589996,73.43,73.800003
-194693400,73.800003,74.349998,73.25,74.010002
-194607000,74.010002,74.440002,73.470001,73.830002
-194347800,73.830002,74.269997,73.089996,73.449997
-194175000,73.449997,73.470001,72.330002,72.809998
-194088600,72.809998,73.480003,72.580002,73.059998
-194002200,73.059998,73.660004,72.800003,73.360001
-193743000,73.519997,73.519997,73.519997,73.519997
-193656600,73.230003,73.230003,73.230003,73.230003
-193570200,73.230003,73.669998,72.889999,73.290001
-193483800,73.290001,73.529999,72.629997,72.949997
-193397400,72.949997,73.199997,72.089996,72.349998
-193138200,72.349998,72.519997,71.419998,71.830002
-193051800,71.830002,72.610001,71.419998,71.900002
-192965400,71.900002,73.139999,71.489998,72.559998
-192879000,72.559998,72.860001,71.400002,71.620003
-192792600,71.620003,72.169998,69.480003,69.610001
-192447000,71.400002,72.739998,71.400002,72.379997
-192360600,72.379997,72.779999,71.760002,72.25
-192187800,72.25,73.470001,72.050003,73.230003
-191928600,73.230003,74.080002,73.019997,73.660004
-191842200,73.660004,74.010002,73.139999,73.620003
-191755800,73.620003,74.18,73.209999,73.800003
-191669400,73.800003,74.57,73.449997,74.279999
-191583000,74.279999,74.629997,73.620003,74
-191323800,74,74.410004,73.559998,73.959999
-191237400,73.959999,74.480003,73.400002,73.989998
-191151000,73.989998,74.370003,73.580002,73.900002
-191064600,73.900002,74.309998,73.580002,73.910004
-190978200,73.910004,74.389999,73.68,74.059998
-190719000,74.059998,74.660004,73.779999,74.300003
-190632600,74.300003,75.080002,74.07,74.739998
-190546200,74.739998,75.209999,74.25,74.629997
-190459800,74.629997,74.919998,74.080002,74.400002
-190373400,74.400002,74.75,73.849998,74.279999
-190114200,74.279999,74.449997,73.489998,73.809998
-190027800,73.809998,74.480003,73.440002,73.970001
-189855000,73.970001,74.629997,73.739998,74.32
-189768600,74.32,74.910004,74.089996,74.440002
-189509400,74.440002,74.940002,74.129997,74.559998
-189423000,74.559998,75.360001,74.400002,75.019997
-189250200,75.019997,75.790001,74.82,75.43
-189163800,75.43,76.040001,75.089996,75.5
-188904600,75.5,76.120003,75.18,75.669998
-188818200,75.669998,76.239998,75.25,75.690002
-188731800,75.690002,76.349998,75.389999,76
-188645400,76,76.639999,75.599998,76.279999
-188559000,76.279999,76.669998,75.739998,76.239998
-188299800,76.239998,76.709999,75.779999,76.220001
-188213400,76.220001,76.849998,75.879997,76.360001
-188127000,76.360001,77.059998,75.959999,76.639999
-188040600,76.639999,77.209999,76.050003,76.550003
-187954200,76.550003,77.089996,76.019997,76.559998
-187695000,76.559998,77.190002,76.019997,76.410004
-187608600,76.410004,76.989998,75.870003,76.620003
-187522200,76.620003,77.620003,76.449997,77.029999
-187435800,77.029999,77.620003,76.669998,77.089996
-187349400,77.089996,77.559998,76.580002,77.110001
-187090200,77.110001,77.779999,76.639999,77.080002
-187003800,77.080002,77.559998,76.629997,77.099998
-186917400,77.099998,77.360001,76.330002,76.629997
-186831000,76.629997,77.199997,76.260002,76.699997
-186744600,76.699997,77.370003,76.389999,77.040001
-186485400,77.040001,77.550003,76.529999,76.970001
-186399000,76.970001,77.309998,76.459999,76.879997
-186312600,76.879997,77.279999,76.360001,76.75
-186226200,76.75,77.260002,76.470001,76.93
-186139800,76.93,77.510002,76.660004,77.18
-185880600,77.18,77.769997,76.830002,77.050003
-185794200,77.050003,77.650002,76.809998,77.330002
-185707800,77.330002,77.879997,77.139999,77.57
-185621400,77.57,77.93,77.099998,77.519997
-185535000,77.519997,77.82,77.019997,77.480003
-185275800,77.480003,77.93,77.040001,77.459999
-185189400,77.459999,77.900002,77,77.470001
-185103000,77.470001,77.980003,77.129997,77.550003
-185016600,77.550003,77.989998,77.160004,77.620003
-184671000,77.620003,78.160004,77.269997,77.68
-184584600,77.68,78.309998,77.190002,77.68
-184498200,77.68,78.129997,77.330002,77.870003
-184411800,77.870003,78.290001,77.379997,77.620003
-184325400,77.620003,78.059998,77.199997,77.800003
-184066200,77.800003,78.379997,77.5,77.970001
-183979800,77.970001,78.660004,77.690002,78.220001
-183893400,78.220001,78.699997,77.699997,78.07
-183807000,78.07,78.440002,77.580002,78.059998
-183720600,78.059998,78.599998,77.849998,78.309998
-183461400,78.309998,78.879997,77.949997,78.330002
-183375000,78.330002,78.900002,77.949997,78.589996
-183288600,78.589996,79.419998,78.449997,78.949997
-183202200,78.949997,79.410004,78.550003,79.080002
-183115800,79.080002,79.589996,78.739998,79.139999
-182856600,79.139999,79.599998,78.720001,79.139999
-182770200,79.139999,79.650002,78.769997,79.32
-182683800,79.32,79.889999,78.900002,79.379997
-182597400,79.379997,79.849998,78.940002,79.300003
-182511000,79.300003,79.349998,78.919998,78.919998
-182251800,78.919998,79.330002,78.449997,78.93
-182165400,78.93,79.339996,78.510002,78.790001
-182079000,78.790001,79.330002,78.169998,78.980003
-181992600,78.980003,79.580002,78.669998,79.190002
-181647000,79.190002,79.669998,78.75,79.139999
-181560600,79.139999,79.510002,78.57,78.980003
-181474200,78.980003,79.580002,78.669998,79.239998
-181387800,79.239998,80.089996,79.129997,79.699997
-181301400,79.699997,80.370003,79.449997,79.940002
-181042200,79.940002,80.449997,79.550003,80.019997
-180955800,80.019997,80.440002,79.410004,79.739998
-180869400,79.739998,80.169998,79.260002,79.75
-180783000,79.75,80.230003,79.360001,79.699997
-180696600,79.699997,80.260002,79.43,79.849998
-180437400,79.849998,80.300003,79.419998,79.769997
-180351000,79.769997,80.370003,79.459999,79.989998
-180264600,79.989998,80.5,79.629997,80.089996
-180178200,80.089996,80.620003,79.730003,80.199997
-180091800,80.199997,80.980003,79.989998,80.550003
-179832600,80.550003,81.040001,80.110001,80.5
-179746200,80.5,80.980003,80.050003,80.540001
-179659800,80.540001,80.919998,80.059998,80.489998
-179573400,80.489998,81.199997,80.089996,80.379997
-179487000,80.379997,80.620003,79.449997,79.75
-179231400,79.75,80.010002,78.900002,79.349998
-179145000,79.349998,80.260002,79.139999,79.900002
-179058600,79.900002,80.599998,79.290001,79.699997
-178972200,79.699997,80.080002,79.080002,79.459999
-178885800,79.459999,80.470001,79.459999,80.169998
-178626600,80.169998,81.010002,79.870003,80.470001
-178540200,80.470001,81.199997,79.989998,80.879997
-178453800,80.879997,81.57,80.529999,81.059998
-178367400,81.059998,81.720001,80.669998,81.150002
-178281000,81,81,81,81
-178021800,81,81.510002,80.580002,80.900002
-177935400,80.900002,81.809998,80.660004,81.160004
-177849000,81.160004,81.650002,80.660004,80.970001
-177762600,80.970001,81.279999,80.370003,80.860001
-177676200,80.860001,81.449997,80.489998,81.099998
-177417000,81.099998,81.470001,80.419998,80.720001
-177330600,80.720001,81.040001,79.959999,80.300003
-177244200,80.300003,81.019997,80.089996,80.660004
-177157800,80.660004,81.489998,80.360001,80.940002
-177071400,80.940002,81.150002,80.360001,80.730003
-176812200,80.730003,81.160004,80.209999,80.559998
-176725800,80.559998,80.940002,80.120003,80.389999
-176639400,80.389999,80.720001,79.779999,80.260002
-176553000,80.260002,80.75,79.879997,80.370003
-176207400,80.370003,80.830002,79.830002,80.110001
-176121000,80.110001,80.599998,79.5,79.699997
-176034600,79.699997,80.120003,79.269997,79.489998
-175948200,79.489998,79.75,78.440002,78.669998
-175861800,78.669998,79.449997,78.5,79.019997
-175602600,79.019997,79.440002,78.440002,78.639999
-175516200,78.639999,79.389999,78.150002,79.139999
-175429800,79.139999,79.839996,79.019997,79.440002
-175343400,79.440002,80.129997,79.239998,79.730003
-175257000,79.730003,80.050003,79.190002,79.599998
-174997800,79.599998,80.330002,79.389999,79.970001
-174911400,79.970001,80.720001,79.849998,80.400002
-174825000,80.400002,81.129997,80.220001,80.809998
-174738600,80.809998,81.339996,80.43,80.790001
-174652200,80.790001,81.230003,80.389999,80.889999
-174393000,80.889999,81.540001,80.660004,81.110001
-174306600,81.110001,81.43,80.5,80.769997
-174220200,80.769997,81.449997,80.410004,81.059998
-174133800,81.059998,81.730003,80.75,81.209999
-174047400,81.209999,81.779999,80.860001,81.459999
-173788200,81.459999,82.099998,81.099998,81.639999
-173701800,81.639999,82.07,81.190002,81.690002
-173615400,81.690002,82.510002,81.459999,82.269997
-173529000,82.269997,82.980003,82.089996,82.599998
-173183400,82.599998,83.379997,82.370003,82.980003
-173097000,82.980003,83.529999,82.599998,83.120003
-173010600,83.120003,83.559998,82.580002,83.120003
-172924200,83.120003,83.639999,82.739998,83.220001
-172837800,83.220001,83.989998,82.870003,83.360001
-172578600,83.360001,83.860001,82.919998,83.309998
-172492200,83.309998,83.709999,82.720001,83.059998
-172405800,83.059998,83.669998,82.720001,83.339996
-172319400,83.339996,83.980003,83.059998,83.639999
-172233000,83.639999,84.330002,83.370003,84.010002
-171973800,84.010002,84.330002,83.440002,83.739998
-171887400,83.739998,83.989998,83.059998,83.540001
-171801000,83.540001,83.949997,82.959999,83.519997
-171714600,83.519997,83.910004,83.059998,83.480003
-171628200,83.480003,83.919998,83.07,83.459999
-171369000,83.459999,83.82,82.82,83.080002
-171282600,83.080002,83.300003,82.400002,82.849998
-171196200,82.849998,83.300003,82.470001,82.919998
-171109800,82.919998,83.5,82.629997,83.089996
-171023400,83.089996,83.57,82.720001,83.18
-170764200,83.18,83.489998,82.650002,83
-170677800,83,83.019997,81.68,81.959999
-170591400,81.959999,82.410004,80.800003,82.089996
-170505000,82.089996,82.449997,81.199997,81.339996
-170418600,81.339996,82.199997,81.190002,81.860001
-170159400,81.860001,82.230003,81.43,81.779999
-170073000,81.779999,82.25,81.449997,81.760002
-169986600,81.760002,82.529999,81.599998,82.169998
-169900200,82.169998,82.870003,81.980003,82.410004
-169813800,82.410004,82.830002,82.029999,82.349998
-169554600,82.349998,82.849998,82.019997,82.360001
-169468200,82.360001,82.790001,82.010002,82.400002
-169381800,82.400002,82.800003,81.989998,82.32
-169295400,82.32,82.57,81.599998,81.940002
-169209000,81.940002,82.43,81.639999,82.07
-168949800,82.07,82.480003,81.639999,81.910004
-168863400,81.910004,82.129997,81.199997,81.440002
-168777000,81.440002,81.739998,80.989998,81.32
-168690600,81.32,81.940002,81.07,81.699997
-168604200,81.699997,82.290001,81.540001,81.989998
-168345000,81.989998,82.480003,81.459999,81.830002
-168258600,81.830002,82.5,81.57,82.18
-168172200,82.18,82.760002,81.949997,82.309998
-168085800,82.309998,82.830002,82.040001,82.559998
-167999400,82.559998,83.029999,82.309998,82.760002
-167653800,82.760002,83.239998,82.459999,82.870003
-167567400,82.870003,83.510002,82.540001,83.050003
-167481000,83.050003,83.5,82.599998,83.099998
-167394600,83.099998,83.839996,82.790001,83.449997
-167135400,83.449997,83.889999,82.879997,83.220001
-167049000,83.220001,83.68,82.690002,83
-166962600,83,83.519997,82.57,83.239998
-166876200,83.239998,84.18,83.169998,83.790001
-166789800,83.790001,84.290001,83.029999,83.480003
-166530600,83.480003,84.32,83.410004,83.860001
-166444200,83.860001,84.440002,83.529999,83.889999
-166357800,83.889999,84.370003,83.449997,83.910004
-166271400,83.910004,84.43,83.449997,84
-166185000,84,84.620003,83.559998,84.209999
-165925800,84.209999,84.730003,83.790001,84.279999
-165839400,84.279999,84.800003,83.839996,84.239998
-165753000,84.239998,84.660004,83.860001,84.18
-165666600,84.18,84.529999,83.739998,84.080002
-165580200,84.080002,84.639999,83.709999,84.360001
-165321000,84.360001,85.25,84.199997,84.739998
-165234600,84.739998,85.239998,84.370003,84.790001
-165148200,84.790001,85.25,84.419998,84.800003
-165061800,84.800003,85.400002,84.470001,85.040001
-164975400,85.040001,85.599998,84.720001,85.220001
-164716200,85.220001,85.580002,84.879997,85.239998
-164629800,85.239998,85.57,84.629997,84.959999
-164543400,84.959999,85.290001,84.5,84.790001
-164457000,84.790001,84.989998,83.650002,84.25
-164370600,84.25,85.099998,84.099998,84.830002
-164111400,84.830002,85.360001,84.470001,84.93
-164025000,84.93,85.57,84.559998,85.18
-163938600,85.18,85.639999,84.769997,85.099998
-163852200,85.099998,85.440002,84.510002,84.940002
-163765800,84.940002,85.419998,84.57,85.139999
-163503000,85.139999,85.699997,84.650002,85
-163416600,85,85.400002,84.610001,85
-163330200,85,85.370003,84.43,84.690002
-163243800,84.690002,85.150002,84.360001,84.730003
-163157400,84.730003,85.220001,84.410004,84.860001
-162898200,84.860001,85.540001,84.510002,85.18
-162725400,85.18,85.900002,84.800003,85.139999
-162639000,85.139999,85.620003,84.720001,85.160004
-162552600,85.160004,85.550003,84.650002,85.230003
-162293400,85.230003,85.720001,84.93,85.190002
-162207000,85.190002,85.550003,84.489998,84.839996
-162120600,84.839996,85.300003,84.489998,85.080002
-162034200,85.080002,85.629997,84.75,85.190002
-161947800,85.190002,85.68,84.760002,85.209999
-161688600,85.209999,85.940002,84.879997,85.650002
-161602200,85.650002,86.550003,85.480003,86.029999
-161515800,86.029999,86.800003,85.730003,86.220001
-161429400,86.220001,86.57,85.599998,86.18
-161343000,86.18,86.800003,85.730003,86.279999
-161083800,86.279999,86.589996,85.480003,86
-160997400,86,86.120003,85.150002,85.730003
-160911000,85.730003,86.18,85.099998,85.440002
-160738200,85.440002,85.68,84.550003,85.160004
-160479000,85.160004,85.410004,84.099998,84.419998
-160392600,84.419998,84.559998,83.360001,83.550003
-160306200,83.550003,84.230003,83.120003,83.790001
-160219800,83.790001,84.739998,83.709999,84.18
-160133400,84.349998,84.349998,84.349998,84.349998
-159874200,84.349998,85.029999,84.040001,84.330002
-159787800,84.330002,84.709999,83.690002,84
-159701400,84,84.239998,83.239998,83.459999
-159615000,83.459999,83.959999,82.980003,83.449997
-159528600,83.449997,84.050003,83.089996,83.660004
-159269400,83.660004,84.169998,83.099998,83.449997
-159183000,83.449997,83.790001,82.650002,83.220001
-159096600,83.220001,83.940002,83,83.550003
-159010200,83.550003,84.239998,83.339996,83.900002
-158923800,83.900002,84.650002,83.730003,84.290001
-158664600,84.290001,84.910004,84.110001,84.379997
-158578200,84.379997,84.879997,83.940002,84.330002
-158491800,84.330002,84.760002,83.790001,84.150002
-158405400,84.150002,84.589996,83.739998,84.150002
-158059800,84.150002,84.580002,83.699997,84.07
-157973400,84.07,84.349998,83.379997,83.809998
-157887000,83.809998,84.629997,83.629997,84.300003
-157800600,84.300003,85.18,84.18,84.75
-157455000,84.75,85.150002,83.769997,84.230003
-157368600,84.230003,85.019997,84.019997,84.629997
-157282200,84.629997,85.379997,84.449997,84.889999
-157195800,84.889999,85.620003,84.660004,85.260002
-157109400,85.260002,85.839996,84.910004,85.370003
-156850200,85.370003,85.809998,84.900002,85.400002
-156763800,85.400002,85.980003,85.129997,85.610001
-156677400,85.610001,86.269997,85.349998,85.839996
-156591000,85.839996,86.379997,85.410004,85.839996
-156504600,85.839996,86.519997,85.599998,86.209999
-156245400,86.209999,87.150002,85.989998,86.489998
-156159000,86.489998,87.089996,86.150002,86.629997
-156072600,86.629997,87.099998,86.260002,86.599998
-155986200,86.599998,86.900002,86.019997,86.519997
-155899800,86.519997,87.150002,86.199997,86.739998
-155640600,86.739998,87.269997,86.389999,86.860001
-155554200,86.860001,87.449997,86.510002,86.940002
-155467800,86.940002,87.669998,86.699997,87.230003
-155381400,87.230003,87.879997,86.889999,87.480003
-155295000,87.480003,88.190002,87.18,87.559998
-155035800,87.559998,88.010002,87.050003,87.580002
-154949400,87.580002,87.940002,87.029999,87.550003
-154863000,87.550003,88.010002,87.07,87.629997
-154776600,87.629997,88.059998,87.059998,87.57
-154690200,87.57,87.980003,86.900002,87.290001
-154431000,87,87,85.949997,86.949997
-154344600,86.949997,87.639999,86.699997,87.239998
-154258200,87.239998,87.699997,86.199997,86.459999
-154171800,86.459999,86.889999,85.400002,85.540001
-154085400,85.540001,86.480003,85.540001,86.169998
-153826200,86.169998,86.860001,85.75,86.07
-153739800,86.07,86.309998,85.330002,85.669998
-153653400,85.669998,86.25,85.25,85.769997
-153567000,85.769997,86.480003,85.470001,86.050003
-153480600,86.050003,86.669998,85.709999,86.209999
-153135000,86.209999,87.010002,86.029999,86.639999
-153048600,86.639999,87.720001,86.43,87.169998
-152962200,87.169998,87.699997,86.699997,87.199997
-152875800,87.199997,87.839996,86.809998,87.43
-152616600,87.43,87.93,86.919998,87.25
-152530200,87.25,87.790001,86.839996,87.400002
-152443800,87.400002,87.830002,86.879997,87.260002
-152357400,87.260002,87.720001,86.629997,86.980003
-152271000,86.980003,87.260002,86,86.800003
-152011800,86.800003,87.279999,86.309998,86.830002
-151925400,86.830002,87.269997,86.330002,86.690002
-151839000,86.690002,87.07,86.199997,86.540001
-151752600,86.540001,87.290001,86.169998,86.900002
-151666200,86.900002,87.650002,86.599998,87.209999
-151407000,87.209999,87.919998,86.82,87.239998
-151320600,87.239998,87.610001,86.669998,87.129997
-151234200,87.129997,87.510002,86.629997,87.019997
-151147800,87.019997,87.480003,86.5,86.809998
-151061400,86.809998,87.370003,86.43,86.839996
-150802200,86.839996,87.339996,86.410004,86.830002
-150715800,86.830002,87.339996,86.449997,86.93
-150629400,86.93,87.550003,86.68,87.089996
-150543000,87.089996,87.5,86.550003,86.839996
-150456600,86.839996,87.059998,85.959999,86.199997
-150197400,86.199997,86.660004,85.650002,86.029999
-150111000,86.029999,86.529999,85.690002,86.199997
-150024600,86.199997,86.639999,85.830002,86.160004
-149938200,86.160004,86.730003,85.870003,86.32
-149851800,86.32,86.889999,86.080002,86.529999
-149592600,86.529999,87.080002,86.139999,86.529999
-149506200,86.529999,86.910004,86.080002,86.5
-149419800,86.5,86.879997,86.139999,86.550003
-149333400,86.550003,87.349998,86.339996,87.040001
-149247000,87.040001,87.870003,86.860001,87.559998
-148987800,87.559998,88.360001,87.309998,87.940002
-148901400,87.940002,88.480003,87.540001,88.040001
-148815000,88.040001,88.650002,87.709999,88.239998
-148728600,88.239998,88.629997,87.550003,88.150002
-148383000,88.150002,88.900002,87.900002,88.510002
-148296600,88.510002,89.07,88.019997,88.459999
-148210200,88.459999,88.82,87.699997,88.300003
-148123800,88.300003,89.129997,88.120003,88.779999
-148037400,88.779999,89.410004,88.480003,88.879997
-147781800,88.879997,89.290001,88.300003,88.889999
-147695400,88.889999,89.639999,88.709999,89.040001
-147609000,89.040001,89.480003,88.510002,89
-147522600,89,89.43,88.470001,88.93
-147436200,88.93,89.440002,88.5,89.110001
-147177000,89.110001,89.68,88.620003,89.230003
-147090600,89.230003,89.889999,88.82,89.510002
-147004200,89.510002,90.400002,89.139999,89.709999
-146917800,89.709999,90.57,89.389999,89.919998
-146831400,89.919998,90.300003,89.330002,89.849998
-146572200,89.849998,90.220001,89.220001,89.660004
-146485800,89.660004,89.980003,89.050003,89.550003
-146399400,89.550003,90.309998,89.300003,89.940002
-146313000,89.940002,90.68,89.68,90.269997
-146226600,90.269997,90.660004,89.629997,90.099998
-145967400,90.099998,90.440002,89.239998,89.540001
-145881000,89.540001,89.839996,88.870003,89.459999
-145794600,89.459999,90.150002,89.169998,89.669998
-145708200,89.669998,89.860001,88.739998,89.18
-145621800,89.18,89.410004,88.400002,88.75
-145362600,88.75,88.889999,87.75,88.089996
-145276200,88.089996,88.959999,87.82,88.599998
-145189800,88.599998,89.220001,88.040001,88.300003
-145103400,88.300003,88.360001,87.239998,87.839996
-145017000,87.839996,88.68,87.580002,88.419998
-144671400,88.419998,88.800003,87.879997,88.720001
-144585000,87.870003,87.870003,86.25,87.089996
-144498600,87.089996,88.050003,86.580002,86.900002
-144412200,86.900002,87.459999,86.360001,87.110001
-144153000,87.110001,87.449997,86.040001,86.879997
-144066600,86.879997,87.099998,85.739998,85.93
-143980200,85.93,86.370003,84.75,85.040001
-143893800,85.040001,85.82,84.099998,84.730003
-143807400,84.730003,85.68,84.5,85.120003
-143548200,85.120003,85.68,83.639999,84.010002
-143461800,84.010002,84.860001,83.010002,84.489998
-143375400,84.580002,85.790001,84.580002,85.199997
-143289000,85.199997,86.220001,84.980003,85.739998
-143202600,85.739998,86.099998,84.900002,85.339996
-142943400,85.339996,85.639999,84.529999,85.050003
-142857000,85.050003,85.699997,84.760002,85.209999
-142770600,85.209999,85.589996,84.519997,84.669998
-142684200,84.669998,84.730003,83.300003,83.559998
-142597800,83.559998,83.830002,82.599998,83.059998
-142338600,83.059998,83.339996,81.360001,81.599998
-142252200,81.599998,83.040001,80.730003,82.410004
-142165800,82.970001,84.629997,82.970001,84.120003
-142079400,84.120003,84.639999,83.57,84.480003
-141993000,84.480003,85.400002,84.129997,85.160004
-141647400,85.160004,85.629997,84.57,84.989998
-141561000,84.989998,85.139999,84.279999,84.669998
-141474600,84.669998,85.599998,84.290001,85.389999
-141388200,85.389999,86.110001,85.110001,85.709999
-141129000,85.709999,86.080002,85.239998,85.690002
-141042600,85.690002,86.010002,85.120003,85.589996
-140956200,85.589996,86.230003,85.18,85.870003
-140869800,85.870003,86.470001,85.440002,85.720001
-140783400,85.720001,86.139999,85.260002,85.690002
-140524200,85.690002,86.040001,85.209999,85.629997
-140437800,85.629997,85.849998,84.389999,84.550003
-140351400,84.550003,84.839996,83.760002,84.07
-140265000,84.07,84.449997,83.529999,83.849998
-140178600,83.849998,84.519997,83.57,84.07
-139919400,84.07,84.470001,83.489998,84.050003
-139833000,84.050003,84.589996,83.580002,83.870003
-139746600,83.870003,84.519997,83.300003,84.029999
-139660200,84.029999,85,83.790001,84.68
-139573800,84.68,85.639999,84.639999,85.25
-139314600,85.25,85.870003,84.870003,85.419998
-139228200,85.419998,85.809998,84.800003,85.459999
-139141800,85.459999,86.120003,85.220001,85.790001
-139055400,85.790001,86.279999,85.43,85.790001
-138969000,85.790001,86.400002,85.419998,86.07
-138709800,86.07,86.540001,85.519997,85.860001
-138623400,85.860001,86.309998,85.449997,85.870003
-138537000,85.870003,86.480003,85.639999,86.129997
-138450600,86.129997,86.75,85.849998,86.379997
-138364200,86.379997,87.139999,86.089996,86.769997
-138105000,86.769997,87.43,86.459999,86.870003
-138018600,86.870003,87.419998,86.480003,87.040001
-137932200,87.040001,87.57,86.629997,86.989998
-137845800,86.989998,87.480003,86.489998,86.790001
-137759400,86.790001,87.139999,86.209999,86.690002
-137500200,86.690002,87.099998,86.220001,86.559998
-137413800,86.559998,87.190002,86.220001,86.709999
-137327400,86.709999,87.269997,86.330002,86.809998
-137241000,86.809998,87.519997,86.400002,87.139999
-137154600,87.139999,87.739998,86.809998,87.199997
-136895400,87.199997,87.639999,86.760002,87.209999
-136809000,87.209999,87.790001,86.779999,87.169998
-136722600,87.169998,87.629997,86.690002,87.169998
-136636200,87.169998,87.959999,86.980003,87.650002
-136549800,87.650002,88.410004,87.519997,88.059998
-136204200,88.059998,88.769997,87.760002,88.360001
-136117800,88.360001,89.080002,87.93,88.660004
-136031400,88.660004,89.459999,88.349998,88.889999
-135945000,88.889999,89.849998,88.410004,89.120003
-135685800,89.120003,89.910004,88.769997,89.379997
-135599400,89.379997,90.010002,88.690002,89.029999
-135513000,89.029999,89.959999,88.709999,89.519997
-135426600,90.019997,90.019997,90.019997,90.019997
-135340200,90.019997,90.470001,89.32,90.050003
-135081000,90.050003,90.669998,89.510002,90.080002
-134994600,90.080002,90.660004,89.43,89.809998
-134908200,89.809998,90.669998,89.449997,90.220001
-134821800,90.220001,90.779999,89.43,89.860001
-134735400,89.860001,90.470001,89.129997,90.019997
-134476200,90.650002,90.650002,90.650002,90.650002
-134389800,90.650002,91.129997,89.830002,90.43
-134303400,90.43,91.110001,89.559998,90.019997
-134217000,90.019997,90.709999,89.510002,89.959999
-134130600,89.959999,90.480003,89.300003,89.900002
-133871400,89.900002,90.559998,89.470001,90.080002
-133785000,90.080002,91.019997,89.919998,90.629997
-133698600,90.629997,90.940002,89.739998,90.540001
-133612200,90.540001,91.089996,90.089996,90.470001
-133525800,90.470001,91.309998,90.300003,90.849998
-133266600,90.849998,91.839996,90.730003,91.370003
-133180200,91.370003,91.940002,90.830002,91.349998
-133093800,91.349998,91.809998,90.730003,91.339996
-133007400,91.339996,91.900002,90.709999,91.190002
-132921000,91.190002,92.089996,90.760002,91.379997
-132661800,91.379997,92.279999,91.059998,91.68
-132575400,91.68,92.449997,91.349998,91.800003
-132489000,91.800003,92.260002,91.120003,91.779999
-132402600,91.779999,92.510002,91.419998,91.940002
-132316200,91.940002,92.739998,91.540001,91.980003
-132057000,91.980003,92.720001,91.339996,91.669998
-131970600,91.669998,92.629997,91.360001,92.199997
-131884200,92.199997,93.190002,91.949997,92.510002
-131797800,92.510002,92.949997,91.599998,92.209999
-131711400,92.209999,92.940002,91.830002,92.419998
-131448600,92.419998,92.919998,91.730003,92.230003
-131275800,92.230003,92.790001,91.620003,92.309998
-131189400,92.309998,93.07,91.900002,92.459999
-131103000,92.459999,92.919998,91.779999,92.370003
-130843800,92.370003,92.970001,91.629997,92.230003
-130757400,92.230003,92.650002,91.470001,91.93
-130671000,91.93,92.400002,91.349998,91.830002
-130584600,91.830002,92.370003,91.309998,92.110001
-130498200,92.110001,93.07,91.830002,92.550003
-130239000,92.550003,93.300003,92.040001,92.629997
-130152600,92.629997,93.129997,91.900002,92.410004
-130066200,92.410004,93.279999,91.849998,92.599998
-129979800,92.599998,92.940002,91.720001,92.220001
-129893400,92.220001,92.879997,91.730003,92.239998
-129634200,92.239998,92.480003,91.160004,91.639999
-129547800,91.639999,92.239998,91.150002,91.779999
-129461400,91.779999,92.5,91.139999,91.940002
-129288600,91.940002,92.650002,91.389999,92.029999
-129029400,92.029999,92.599998,91.370003,91.800003
-128943000,91.800003,92.139999,90.809998,91.610001
-128856600,91.610001,92.260002,91.019997,91.5
-128770200,91.5,91.949997,90.690002,91.209999
-128683800,91.209999,91.800003,90.529999,91.269997
-128424600,91.199997,91.199997,89.199997,90.589996
-128338200,90.589996,92,90.449997,91.389999
-128251800,91.389999,92.239998,90.839996,91.279999
-128165400,91.279999,92.059998,90.870003,91.559998
-128079000,91.559998,92.279999,91.139999,91.800003
-127819800,91.800003,92.449997,91.269997,91.830002
-127733400,91.830002,92.589996,91.349998,91.879997
-127647000,91.879997,92.669998,91.300003,92.019997
-127560600,92.019997,92.949997,91.529999,92.120003
-127474200,92.120003,92.760002,91.510002,92.080002
-127215000,92.080002,92.349998,91.089996,91.650002
-127128600,91.650002,92.589996,91.239998,92.010002
-127042200,92.010002,93.07,91.529999,92.290001
-126955800,92.290001,92.889999,91.580002,92.190002
-126610200,92.190002,92.709999,91.279999,91.519997
-126523800,91.519997,92.129997,90.629997,91.529999
-126437400,91.529999,92.389999,91.139999,91.809998
-126351000,91.809998,92.68,91.519997,92.199997
-126264600,92.199997,93.050003,91.82,92.43
-126005400,92.43,92.870003,91.629997,92.18
-125919000,92.18,93.040001,91.68,92.260002
-125832600,92.260002,93.330002,91.989998,92.849998
-125746200,92.849998,93.650002,92.510002,93.059998
-125659800,93.059998,93.639999,92.470001,93.139999
-125400600,93.139999,93.940002,92.75,93.330002
-125314200,93.330002,94.050003,92.849998,93.410004
-125227800,93.410004,93.980003,92.800003,93.190002
-125141400,93.190002,94,92.68,93.360001
-125055000,93.360001,94.139999,92.980003,93.5
-124795800,93.5,94.459999,93.099998,93.769997
-124709400,93.769997,94.639999,93.230003,93.949997
-124623000,93.949997,94.620003,93.160004,93.690002
-124536600,93.690002,94.330002,92.870003,93.360001
-124450200,93.360001,93.970001,92.599998,93.470001
-124191000,93.470001,94.410004,93.07,93.709999
-124104600,93.709999,94.559998,93.239998,93.849998
-124018200,93.849998,94.529999,93.18,93.699997
-123931800,93.699997,94.339996,93.089996,93.669998
-123845400,93.669998,94.150002,92.839996,93.309998
-123586200,93.309998,93.769997,92.459999,92.879997
-123499800,92.879997,93.360001,91.610001,92.160004
-123413400,92.160004,92.910004,91.32,92.529999
-123327000,92.529999,93.669998,92.110001,92.650002
-123240600,92.650002,93.699997,92.330002,93.260002
-122981400,93.260002,94.220001,92.849998,93.589996
-122895000,93.589996,94.290001,92.580002,93.550003
-122808600,93.550003,94.720001,93.290001,94.059998
-122722200,94.059998,94.699997,93.32,93.830002
-122635800,93.830002,94.519997,93.25,93.809998
-122376600,93.809998,94.400002,93.150002,93.529999
-122290200,93.529999,94.040001,92.669998,93.169998
-122203800,93.169998,93.739998,92.629997,93.160004
-122117400,93.160004,93.580002,92.110001,92.660004
-122031000,92.660004,93.139999,91.800003,92.410004
-121771800,92.410004,92.830002,91.349998,91.870003
-121599000,91.870003,92.209999,90.989998,91.480003
-121512600,91.480003,91.809998,90.449997,90.889999
-121426200,90.889999,91.879997,90.43,91.139999
-121167000,91.139999,91.949997,90.650002,91.220001
-121080600,91.220001,91.650002,89.760002,90.059998
-120994200,90.059998,90.650002,88.699997,89.150002
-120907800,89.150002,90.029999,88.260002,89.470001
-120821400,89.470001,90.25,88.720001,89.239998
-120562200,89.239998,89.389999,87.669998,88.040001
-120475800,88.040001,89,87.169998,88.18
-120389400,88.18,89.209999,87.959999,88.959999
-120303000,88.959999,90.139999,88.360001,88.959999
-120216600,88.959999,89.629997,88.300003,88.849998
-119957400,88.849998,88.919998,87.559998,87.849998
-119871000,87.849998,88.199997,86.690002,87.349998
-119784600,87.349998,88.550003,87.089996,87.860001
-119698200,87.860001,88.599998,87.449997,88.169998
-119611800,88.169998,89.230003,87.82,88.529999
-119352600,88.529999,89.730003,88.400002,89.199997
-119266200,89.199997,90.279999,89.010002,89.459999
-119179800,89.459999,89.800003,88.690002,89.129997
-119093400,89.129997,89.800003,88.68,89.290001
-119007000,89.290001,90.139999,88.959999,89.540001
-118747800,89.540001,90.410004,89.150002,89.620003
-118661400,89.620003,90.040001,88.629997,89.269997
-118575000,89.269997,89.57,88.309998,88.779999
-118488600,88.779999,89.699997,88.470001,89.230003
-118402200,89.230003,90.370003,88.959999,89.940002
-118143000,89.940002,91.330002,89.919998,90.760002
-118056600,90.760002,92.040001,90.470001,91.309998
-117970200,91.309998,92.099998,90.769997,91.559998
-117883800,91.559998,92.419998,90.989998,91.760002
-117538200,91.760002,92.599998,91.080002,91.790001
-117451800,91.790001,92.510002,90.919998,91.449997
-117365400,91.449997,92.809998,90.730003,91.540001
-117279000,91.540001,92.800003,91.120003,91.870003
-117192600,91.870003,92.75,91.279999,91.989998
-116933400,91.989998,92.589996,91.089996,91.580002
-116847000,91.580002,92.309998,90.889999,91.57
-116760600,91.57,92.75,91.339996,92.080002
-116674200,92.080002,93.019997,91.779999,92.419998
-116587800,92.419998,92.870003,91.599998,92.269997
-116332200,92.269997,92.860001,91.410004,92.080002
-116245800,92.080002,92.769997,91.470001,91.989998
-116159400,91.989998,92.489998,91.099998,91.760002
-116073000,91.760002,91.919998,90.239998,91.129997
-115986600,91.129997,91.860001,90.57,91.059998
-115727400,91.059998,91.75,90.43,90.900002
-115641000,90.900002,91.099998,89.459999,89.849998
-115554600,89.849998,90.110001,88.540001,89.389999
-115468200,89.389999,89.769997,87.599998,87.93
-115381800,87.93,88.519997,86.239998,87.839996
-115122600,87.839996,87.959999,85.919998,86.32
-115036200,86.32,87.879997,86.120003,87.080002
-114949800,87.080002,88.379997,86.839996,87.230003
-114863400,87.230003,87.489998,85.720001,86.230003
-114777000,86.230003,86.309998,84.769997,85.470001
-114517800,85.470001,86.040001,83.900002,84.410004
-114431400,84.410004,85.029999,83.18,83.629997
-114345000,83.720001,85.639999,83.720001,85.120003
-114258600,85.120003,86.330002,84.540001,85.019997
-114172200,85.019997,85.790001,84.209999,85.43
-113913000,85.43,86.910004,85.290001,86.199997
-113826600,86.199997,87.699997,86.190002,86.769997
-113740200,86.769997,87.480003,86.050003,87.07
-113653800,87.07,87.879997,86.540001,87.07
-113567400,87.07,87.419998,86.43,87.330002
-113221800,87.330002,87.650002,85.800003,86.129997
-113135400,86.129997,86.650002,85.279999,86.099998
-113049000,86.099998,86.849998,85.550003,85.959999
-112962600,85.959999,86.550003,85.43,86.059998
-112703400,86.059998,86.279999,85.029999,85.419998
-112617000,85.419998,85.540001,84.25,84.830002
-112530600,84.830002,85.43,84.309998,84.93
-112444200,84.93,85.980003,84.559998,85.5
-112357800,85.5,86.970001,85.32,86.440002
-112098600,86.440002,87.589996,86.199997,86.830002
-112012200,86.830002,87.57,86.019997,87.07
-111925800,87.07,87.739998,86.330002,86.730003
-111839400,86.730003,87.18,85.879997,86.470001
-111753000,86.470001,87.110001,85.889999,86.510002
-111493800,86.510002,87.029999,85.839996,86.480003
-111407400,86.480003,87.279999,86.07,86.709999
-111321000,86.709999,87.379997,86.150002,86.849998
-111234600,86.849998,87.730003,86.110001,86.5
-111148200,86.5,87.309998,85.68,86.580002
-110889000,86.580002,87.309998,85.769997,86.080002
-110802600,86.080002,86.43,85,85.669998
-110716200,85.669998,85.980003,84.519997,84.860001
-110629800,84.860001,85.370003,83.75,84.739998
-110543400,84.739998,86.080002,84.739998,85.610001
-110197800,85.610001,86.410004,85.089996,85.82
-110111400,85.82,87.379997,85.57,87.059998
-110025000,87.059998,88.019997,86.669998,87.379997
-109938600,87.379997,88.040001,86.849998,87.610001
-109679400,87.610001,88.190002,86.970001,87.449997
-109593000,87.449997,87.779999,86.449997,86.879997
-109506600,86.879997,87.059998,85.830002,86.300003
-109420200,86.300003,87.339996,85.849998,86.82
-109333800,86.82,87.68,86.440002,87.080002
-109074600,87.080002,87.589996,86.419998,86.989998
-108988200,86.989998,87.169998,85.75,86.330002
-108901800,86.330002,86.639999,85.260002,85.510002
-108815400,85.510002,86.239998,84.769997,85.519997
-108729000,85.519997,86.110001,84.93,85.410004
-108469800,85.410004,85.57,83.559998,83.830002
-108383400,83.830002,84.669998,83.050003,83.699997
-108297000,83.699997,84.830002,83.5,84.099998
-108210600,84.099998,84.760002,83.440002,83.769997
-108124200,83.769997,84.300003,83.099998,83.599998
-107865000,83.5,83.5,81.980003,82.309998
-107778600,82.309998,83.040001,81.769997,82.330002
-107692200,82.330002,83.709999,82.300003,83.150002
-107605800,83.150002,84.540001,83.07,83.93
-107519400,83.93,84.699997,83.43,84
-107260200,84,84.309998,82.970001,83.75
-107173800,83.75,84.360001,83.040001,83.489998
-107087400,83.489998,83.830002,82.690002,83.110001
-107001000,83.110001,83.529999,82.339996,83.019997
-106914600,83.019997,83.879997,82.57,83.169998
-106655400,83.169998,83.690002,82.389999,82.739998
-106569000,82.709999,82.709999,81.260002,81.629997
-106482600,81.629997,81.900002,80.529999,81.18
-106396200,81.18,81.379997,79.599998,80.160004
-106309800,80.160004,80.779999,79.239998,79.620003
-106050600,79.620003,79.879997,77.580002,78.239998
-105964200,78.239998,79.239998,77.050003,78.110001
-105877800,78.110001,79.629997,77.919998,79.07
-105791400,79.07,79.790001,77.800003,78.059998
-105705000,77.849998,77.849998,76.099998,76.410004
-105445800,76.239998,76.239998,74.18,74.529999
-105359400,74.529999,76.459999,73.910004,75.860001
-105273000,75.980003,78.059998,75.980003,77.099998
-105186600,77.099998,78.5,76.660004,77.699997
-105100200,77.699997,78.199997,76.269997,77.419998
-104754600,77.419998,78.160004,76.550003,76.959999
-104668200,76.959999,77.260002,75.769997,76.370003
-104581800,76.370003,76.949997,75.029999,76.050003
-104495400,76.050003,76.940002,75.43,76.290001
-104236200,76.470001,78.339996,76.470001,77.910004
-104149800,77.910004,79.160004,77.660004,78.32
-104063400,78.32,79.43,77.730003,79.129997
-103977000,79.129997,80.599998,78.870003,80.080002
-103890600,80.080002,80.809998,79.330002,79.989998
-103631400,79.989998,80.5,79.019997,79.589996
-103545000,79.589996,79.900002,78.57,79.040001
-103458600,79.040001,79.150002,77.519997,77.709999
-103372200,77.709999,78.410004,76.809998,77.940002
-103285800,77.940002,78.43,77.150002,77.669998
-103026600,77.669998,78.339996,76.879997,77.860001
-102940200,77.860001,79.099998,77.559998,78.099998
-102853800,78.099998,78.360001,76.699997,77.110001
-102767400,77.110001,77.279999,75.849998,76.309998
-102681000,76.309998,77.089996,75.449997,76.559998
-102421800,76.559998,76.980003,74.709999,74.900002
-102335400,74.900002,75.760002,73.910004,75.099998
-102249000,75.099998,76.099998,74.309998,74.690002
-102162600,74.690002,75.089996,73.470001,74.050003
-102076200,74.050003,74.669998,72.769997,73.199997
-101817000,73.199997,74.970001,72.279999,74.529999
-101730600,74.529999,76.199997,74.220001,74.910004
-101644200,74.910004,77.260002,74.370003,77.040001
-101557800,77.040001,78.449997,76.220001,76.889999
-101471400,76.889999,77.800003,76.010002,76.599998
-101212200,76.599998,78.410004,76.480003,77.470001
-101125800,77.470001,79.080002,77.349998,78.68
-101039400,78.68,79.339996,77.540001,78.050003
-100953000,78.050003,78.959999,77.260002,77.839996
-100866600,77.839996,78.620003,77.160004,78.190002
-100607400,78.190002,79.199997,77.730003,78.419998
-100521000,78.419998,79.220001,77.559998,78.900002
-100434600,78.900002,80.290001,78.699997,79.580002
-100348200,79.580002,80.720001,79.279999,80.230003
-100261800,80.230003,80.910004,79.489998,80.239998
-99999000,80.239998,80.82,79.339996,80.199997
-99912600,80.199997,81.18,79.790001,80.809998
-99826200,80.809998,81.68,80.300003,80.879997
-99739800,80.879997,81.349998,79.980003,80.559998
-99653400,80.559998,81.209999,79.639999,80.809998
-99394200,80.809998,81.480003,80.160004,80.730003
-99221400,80.730003,81.900002,80.459999,81.379997
-99135000,81.379997,82.43,81,81.889999
-99048600,81.889999,82.360001,81.269997,81.940002
-98789400,81.940002,82.18,80.809998,81.370003
-98703000,81.370003,82.07,80.82,81.690002
-98616600,81.690002,83.010002,81.550003,82.370003
-98530200,82.370003,82.800003,81.239998,81.800003
-98443800,81.800003,82.050003,80.790001,81.260002
-98184600,81.089996,81.089996,79.510002,80.089996
-98098200,80.089996,80.32,78.889999,79.669998
-98011800,79.669998,80.849998,79.389999,80.209999
-97839000,80.209999,81.370003,79.830002,80.849998
-97579800,80.849998,81.379997,79.959999,80.709999
-97493400,80.709999,81.160004,79.940002,80.419998
-97407000,80.419998,80.900002,79.620003,80.449997
-97320600,80.449997,81.040001,79.660004,80.080002
-97234200,80.080002,81.290001,79.489998,80.129997
-96975000,80.129997,80.809998,79.599998,80.239998
-96888600,80.239998,81.290001,79.949997,80.839996
-96802200,80.839996,82.190002,80.589996,81.720001
-96715800,81.720001,82.720001,81.339996,82.050003
-96629400,82.050003,82.68,81.330002,82.139999
-96370200,82.139999,83.540001,81.940002,83
-96283800,83,83.879997,82.279999,82.730003
-96197400,82.730003,83.349998,81.970001,82.639999
-96111000,82.639999,82.889999,81.199997,81.639999
-96024600,81.639999,82.209999,80.940002,81.580002
-95765400,81.580002,82.059998,80.559998,81.269997
-95679000,81.269997,81.690002,80.309998,80.959999
-95592600,80.959999,81.910004,80.419998,81.379997
-95506200,81.379997,82.339996,81,81.690002
-95419800,81.690002,82.220001,80.970001,81.470001
-95074200,81.470001,81.839996,80.550003,81
-94987800,81,81.669998,80.290001,80.610001
-94901400,80.610001,81.080002,79.839996,80.370003
-94815000,80.370003,81.139999,79.660004,80.330002
-94469400,80.330002,81.610001,79.589996,80.379997
-94383000,80.379997,81.010002,79.43,80.550003
-94296600,80.550003,81.93,80.5,81.599998
-94210200,81.599998,82.790001,81.32,82.18
-93951000,82.18,83.309998,81.779999,82.809998
-93864600,82.809998,83.540001,82.220001,82.809998
-93778200,82.809998,83.919998,81.370003,83.470001
-93691800,83.470001,84.800003,83.110001,83.910004
-93605400,83.910004,84.900002,83.099998,84.529999
-93346200,84.529999,85.279999,83.730003,84.309998
-93259800,84.309998,85.809998,84.029999,85.239998
-93173400,85.239998,86.360001,84.900002,85.790001
-93087000,85.790001,86.610001,85.169998,85.82
-93000600,85.82,86.470001,85.07,86.07
-92741400,86.07,88.169998,85.639999,86.389999
-92655000,86.389999,87,85.290001,86.510002
-92568600,86.510002,87.019997,85.470001,85.849998
-92482200,85.849998,86.660004,84.870003,85.809998
-92395800,85.809998,86.760002,85.339996,86.160004
-92136600,86.160004,87.349998,85.839996,86.660004
-92050200,86.660004,87.459999,86.059998,86.610001
-91963800,86.610001,87.040001,85.68,86.43
-91877400,86.43,87.309998,85.870003,86.730003
-91791000,86.730003,87.970001,86.510002,87.360001
-91531800,87.360001,87.980003,86.610001,87.18
-91445400,87.18,87.519997,86.480003,86.949997
-91359000,86.949997,88.25,86.639999,87.720001
-91272600,87.720001,88.57,86.989998,87.360001
-91186200,87.360001,88.190002,86.790001,87.629997
-90927000,87.629997,88.190002,86.949997,87.580002
-90840600,87.580002,88.739998,87.150002,88.169998
-90754200,88.169998,89,87.620003,88.269997
-90667800,88.269997,88.800003,87.43,87.860001
-90581400,87.860001,88.400002,87.25,87.889999
-90322200,87.889999,88.129997,86.650002,87.400002
-90235800,87.400002,88.010002,86.800003,87.339996
-90063000,87.339996,88,86.639999,87.449997
-89976600,87.449997,88.160004,86.760002,87.410004
-89717400,87.410004,87.610001,85.68,86.459999
-89631000,86.459999,87.260002,85.610001,86.779999
-89544600,86.779999,88.360001,86.669998,87.68
-89458200,87.68,88.849998,87.389999,88.160004
-89371800,88.160004,89,87.510002,88.290001
-89112600,88.290001,89.080002,87.459999,88.099998
-89026200,88.099998,88.739998,87.339996,88.160004
-88939800,88.160004,89.099998,87.690002,88.269997
-88853400,88.269997,89.040001,87.699997,88.529999
-88767000,88.529999,90.370003,88.459999,88.889999
-88507800,88.889999,89.410004,87.93,88.43
-88421400,88.43,89.07,87.580002,88.349998
-88335000,88.349998,89.599998,88,89.190002
-88248600,89.190002,90.660004,89.089996,90.089996
-88162200,90.089996,90.839996,89.389999,90.25
-87903000,90.25,90.870003,89.349998,90.199997
-87816600,90.199997,91.050003,89.519997,90
-87730200,90,90.699997,89.169998,90.25
-87643800,90.25,91.510002,90.040001,90.940002
-87298200,90.940002,91.720001,90.190002,90.870003
-87211800,90.870003,91.620003,90.230003,90.910004
-87125400,90.910004,91.449997,90.169998,90.730003
-87039000,90.730003,91.32,90.059998,90.699997
-86952600,90.699997,91.150002,89.75,90.199997
-86693400,90.199997,90.370003,88.760002,89.239998
-86607000,89.239998,89.93,88.449997,89.220001
-86520600,89.220001,90.309998,88.919998,89.790001
-86434200,89.790001,90.739998,89.440002,89.940002
-86347800,89.940002,90.599998,88.959999,89.360001
-86088600,89.32,89.32,87.860001,88.239998
-86002200,88.239998,89.339996,87.919998,88.879997
-85915800,88.879997,89.540001,88.360001,88.779999
-85829400,88.779999,89.860001,88.489998,89.459999
-85743000,89.459999,91.080002,89.260002,90.43
-85483800,90.43,91.779999,90.18,91.07
-85397400,91.07,92.309998,90.699997,91.860001
-85311000,91.860001,92.730003,91.25,91.940002
-85224600,91.940002,92.610001,91.209999,92.110001
-85138200,92.110001,92.900002,91.480003,92.300003
-84879000,92.300003,93.449997,91.779999,92.620003
-84792600,92.620003,93.57,92.010002,93.110001
-84706200,93.110001,93.989998,92.440002,93.019997
-84619800,93.019997,94.25,92.410004,93.809998
-84533400,93.809998,94.769997,93.330002,94.010002
-84277800,94.010002,94.599998,93.080002,93.839996
-84191400,93.839996,94.419998,93.059998,93.669998
-84105000,93.669998,94.480003,92.940002,93.910004
-84018600,93.910004,94.919998,93.410004,94.32
-83932200,94.32,95.139999,93.639999,94.440002
-83673000,94.440002,95.220001,93.709999,94.580002
-83586600,94.580002,95.25,93.279999,93.599998
-83500200,93.599998,94.040001,92.510002,93.349998
-83413800,93.349998,94.370003,92.900002,93.75
-83327400,93.75,94.449997,92.940002,93.480003
-83068200,93.480003,93.75,92.269997,92.709999
-82981800,92.709999,93.849998,92.190002,93.139999
-82895400,93.139999,93.75,92.339996,92.779999
-82809000,92.779999,93.300003,91.980003,92.529999
-82722600,92.529999,92.860001,91.400002,92.07
-82463400,92.07,92.400002,90.830002,91.669998
-82377000,91.669998,92.07,90.580002,91.230003
-82290600,91.230003,91.360001,89.68,90.18
-82204200,90.18,91.839996,90.040001,91.190002
-82117800,91.190002,91.699997,90.339996,90.980003
-81858600,90.980003,91.220001,89.919998,90.489998
-81685800,90.389999,90.389999,88.709999,89.080002
-81599400,89.080002,90.760002,88.809998,90.230003
-81513000,90.230003,90.900002,89.269997,89.790001
-81253800,89.559998,89.559998,87.190002,88.43
-81167400,88.480003,90.589996,88.480003,90.230003
-81081000,90.230003,91.75,89.919998,90.910004
-80994600,90.910004,91.779999,90.239998,91.400002
-80908200,91.400002,92.260002,90.769997,91.559998
-80649000,91.559998,92.660004,91.120003,92.040001
-80562600,92.040001,93.269997,91.650002,92.620003
-80476200,92.620003,93.209999,91.809998,92.400002
-80389800,92.400002,93.260002,91.760002,92.489998
-80303400,92.489998,93.279999,91.980003,92.540001
-80044200,92.510002,92.510002,92.510002,92.510002
-79957800,92.480003,92.480003,92.480003,92.480003
-79871400,92.199997,92.199997,92.199997,92.199997
-79785000,91.970001,91.970001,91.970001,91.970001
-79698600,92,92,92,92
-79439400,91.639999,91.639999,91.639999,91.639999
-79353000,91.300003,91.300003,91.300003,91.300003
-79266600,91.309998,91.309998,91.309998,91.309998
-79180200,90.849998,90.849998,90.849998,90.849998
-79093800,90.639999,90.639999,90.639999,90.639999
-78834600,90.639999,91.32,90.120003,90.910004
-78661800,90.910004,91.910004,90.559998,91.360001
-78575400,91.360001,92.029999,90.639999,91.32
-78489000,91.32,92.279999,90.760002,91.690002
-78229800,91.690002,92.800003,91.110001,92.050003
-78143400,92.050003,93.160004,91.580002,92.480003
-78057000,92.480003,93.099998,91.620003,92.400002
-77970600,92.400002,93.169998,91.82,92.419998
-77884200,92.419998,93.349998,91.870003,92.739998
-77625000,92.739998,93.529999,92.099998,92.75
-77538600,92.75,94.050003,92.300003,93.5
-77452200,93.5,94.400002,92.830002,93.650002
-77365800,93.650002,94.489998,93.010002,93.849998
-77279400,93.849998,94.919998,93.239998,94.040001
-77020200,94.040001,94.68,92.910004,93.730003
-76933800,93.730003,94.559998,93.029999,93.239998
-76847400,93.239998,94.709999,93.120003,94.059998
-76761000,94.059998,95.190002,93.510002,94.349998
-76674600,94.349998,95.230003,93.769997,94.489998
-76415400,94.489998,95.510002,94.010002,94.75
-76329000,94.75,95.839996,94.199997,95.370003
-76242600,95.370003,96.639999,95.029999,95.779999
-76156200,95.779999,96.360001,94.419998,95.660004
-76069800,95.660004,96.540001,95.150002,95.830002
-75810600,95.830002,96.43,95.019997,95.580002
-75724200,95.580002,96.279999,95.040001,95.690002
-75637800,95.690002,96.470001,95.110001,95.779999
-75551400,95.779999,96.669998,95.050003,95.529999
-75465000,95.529999,95.980003,94.620003,95.150002
-75205800,95.150002,95.400002,94.019997,94.639999
-75119400,94.639999,95.540001,94.18,94.769997
-75033000,94.769997,95.150002,93.93,94.550003
-74946600,94.550003,95.330002,94.110001,94.629997
-74860200,94.629997,95.400002,94.160004,94.779999
-74601000,94.779999,95.220001,93.790001,94.25
-74514600,94.25,94.720001,93.349998,93.739998
-74428200,93.739998,94.150002,92.769997,93.610001
-74341800,93.610001,94.279999,92.769997,93.089996
-74255400,93.089996,93.379997,92.040001,92.699997
-73996200,92.699997,93.309998,92.010002,92.639999
-73909800,92.639999,93.580002,92.169998,92.879997
-73823400,92.879997,93.669998,92.43,93.07
-73737000,93.07,94.190002,92.839996,93.639999
-73650600,93.639999,94.209999,93,93.68
-73305000,93.68,94.699997,93.360001,94.209999
-73218600,94.209999,95.059998,93.720001,94.389999
-73132200,94.389999,94.949997,93.699997,94.330002
-73045800,94.330002,95.040001,93.699997,94.360001
-72786600,94.360001,95.260002,93.879997,94.540001
-72700200,94.540001,95.480003,94.010002,94.989998
-72613800,94.989998,96.620003,94.800003,95.989998
-72527400,95.989998,97.400002,95.589996,96.199997
-72441000,96.199997,96.940002,95.470001,96.269997
-72181800,96.269997,97.309998,95.730003,96.529999
-72095400,96.529999,97.349998,95.839996,96.169998
-72009000,96.169998,96.839996,95.389999,96.129997
-71922600,96.129997,97.5,95.669998,96.75
-71836200,96.75,97.610001,96.110001,97
-71577000,97,98.309998,96.739998,97.589996
-71490600,97.589996,98.199997,96.400002,96.760002
-71404200,96.760002,97.540001,96,96.790001
-71317800,96.790001,97.589996,96.190002,96.790001
-71231400,96.790001,97.370003,96.059998,96.709999
-70972200,96.709999,97.25,95.82,96.32
-70885800,96.32,97.230003,95.75,96.650002
-70799400,96.650002,97.470001,95.940002,96.43
-70713000,96.43,97.25,95.889999,96.669998
-70626600,96.669998,97.830002,96.339996,97.260002
-70367400,97.260002,98.25,96.699997,97.510002
-70281000,97.510002,98.150002,96.379997,96.839996
-70194600,96.839996,97.339996,95.699997,96.370003
-70108200,96.370003,96.699997,95.32,95.75
-70021800,95.75,96.690002,95.160004,96
-69762600,96,96.550003,94.849998,95.25
-69676200,95.25,95.919998,94.190002,95
-69589800,95,95.82,94.339996,95.25
-69503400,95.25,96.459999,94.860001,95.43
-69417000,95.43,96.120003,94.620003,95.379997
-69157800,95.379997,95.690002,93.919998,94.959999
-69071400,94.959999,95.980003,94.050003,94.419998
-68985000,94.419998,95.18,93.470001,94.519997
-68898600,94.519997,95.559998,93.989998,94.940002
-68812200,94.940002,95.790001,94.309998,94.959999
-68549400,94.959999,95.669998,94.139999,94.790001
-68463000,94.790001,95.25,93.290001,93.300003
-68376600,93.300003,94.209999,92.449997,92.709999
-68290200,92.709999,93.690002,91.849998,92.339996
-68203800,92.339996,92.900002,91.330002,91.779999
-67944600,91.779999,92.230003,90.389999,91.480003
-67771800,91.480003,93.07,90.800003,91.139999
-67685400,91.139999,92.25,90.610001,91.589996
-67599000,91.589996,92.839996,91.290001,92.209999
-67339800,92.209999,93.230003,91.459999,91.970001
-67253400,91.970001,92.489998,90.809998,91.389999
-67167000,91.389999,92.25,90.440002,91.760002
-67080600,91.760002,93.279999,91.5,92.599998
-66994200,92.599998,93.620003,92.019997,92.82
-66735000,92.379997,92.379997,90.089996,91.650002
-66648600,91.650002,93.709999,91.639999,93.099998
-66562200,93.099998,94.410004,92.699997,93.650002
-66389400,93.650002,94.459999,92.739998,93.900002
-66130200,93.900002,94.800003,93.32,94.169998
-66043800,94.169998,95.080002,93.57,94.489998
-65957400,94.489998,95.510002,93.849998,94.470001
-65871000,94.470001,94.940002,93.489998,94
-65784600,94,94.949997,93.410004,94.5
-65525400,94.5,95.68,94.089996,95.099998
-65439000,95.099998,96.269997,94.519997,95.230003
-65352600,95.230003,96.160004,94.099998,95.639999
-65266200,95.639999,96.669998,95.040001,95.529999
-65179800,95.529999,96.25,94.779999,95.419998
-64920600,95.419998,95.989998,94.5,95.120003
-64834200,95.120003,95.779999,94.339996,95.010002
-64747800,95.010002,96,94.580002,95.339996
-64661400,95.339996,96.349998,94.849998,95.470001
-64575000,95.470001,96.199997,94.510002,95.029999
-64315800,95.029999,95.879997,94.169998,94.769997
-64229400,94.769997,95.410004,94,94.629997
-64143000,94.629997,95.75,94.169998,95.150002
-64056600,95.150002,96.25,94.690002,95.379997
-63970200,95.379997,96.110001,94.610001,95.199997
-63624600,95.199997,96.019997,94.610001,95.260002
-63538200,95.260002,96.419998,94.82,95.910004
-63451800,95.910004,96.650002,94.910004,95.889999
-63365400,95.889999,96.900002,95.849998,96.470001
-63019800,96.470001,97.330002,95.309998,96.110001
-62933400,96.110001,96.949997,95.040001,95.669998
-62847000,95.669998,96.230003,94.309998,95.360001
-62760600,95.360001,96.660004,94.970001,95.940002
-62501400,95.940002,97.400002,95.540001,96.620003
-62415000,96.620003,97.839996,95.889999,96.5
-62328600,96.5,97.260002,95.660004,96.519997
-62242200,96.519997,97.82,95.879997,96.620003
-62155800,96.620003,97.440002,95.870003,96.720001
-61896600,96.720001,97.459999,95.849998,96.419998
-61810200,96.419998,96.910004,95.32,95.82
-61723800,95.82,96.410004,94.779999,95.639999
-61637400,95.639999,96.660004,95.010002,95.559998
-61551000,95.559998,96.220001,94.599998,95.239998
-61291800,95.239998,95.400002,93.550003,94.029999
-61205400,94.029999,94.660004,92.879997,93.660004
-61119000,93.660004,94.120003,92.449997,93.169998
-61032600,93.169998,94.110001,91.959999,93.300003
-60946200,93.300003,94.339996,92.769997,93.449997
-60687000,93.449997,94.379997,92.709999,93.349998
-60600600,93.349998,93.709999,92.18,92.889999
-60514200,92.889999,93.260002,91.269997,92.239998
-60427800,92.239998,93.139999,91.57,92.559998
-60341400,92.559998,93.440002,91.690002,92.269997
-60082200,92.269997,92.720001,91.239998,91.870003
-59995800,91.870003,92.519997,91.150002,91.900002
-59909400,91.900002,92.739998,91.480003,92.059998
-59823000,92.059998,92.400002,90.599998,90.900002
-59736600,90.900002,91,89.230003,89.860001
-59391000,89.860001,90.459999,86.730003,89.07
-59304600,89.07,90.599998,88.660004,90.139999
-59218200,90.300003,90.300003,90.300003,90.300003
-59131800,90.300003,90.620003,89.279999,89.959999
-58872600,89.959999,90.870003,89.419998,90.309998
-58786200,90.309998,91.339996,89.949997,91.239998
-58699800,91.239998,91.870003,90.540001,91.239998
-58527000,91.239998,91.800003,90.279999,90.889999
-58267800,90.889999,91.080002,89.669998,90.18
-58181400,90.18,90.910004,89.559998,90.529999
-58095000,90.529999,91.190002,89.709999,90.080002
-58008600,90.080002,90.239998,88.93,89.360001
-57922200,89.360001,89.82,88.580002,89.110001
-57663000,89.110001,89.330002,87.519997,87.919998
-57576600,87.919998,88.720001,86.989998,87.720001
-57490200,87.720001,89.760002,87.639999,89.260002
-57403800,89.260002,89.980003,88.440002,89.099998
-57317400,89.099998,89.57,88.230003,89.029999
-57058200,89.029999,90.559998,88.809998,90.129997
-56971800,90.129997,90.779999,89.389999,90.230003
-56885400,90.230003,90.709999,89.400002,90.029999
-56799000,89.75,89.75,87.809998,88.32
-56712600,88.32,89.75,87.610001,89.099998
-56453400,89.110001,91.089996,89.110001,89.589996
-56367000,89.589996,90.050003,88.610001,88.989998
-56280600,88.989998,89.650002,88.480003,88.980003
-56194200,88.980003,89.480003,88.050003,88.330002
-56107800,88.330002,89.139999,87.5,88.419998
-55848600,88.419998,88.879997,87.650002,88.330002
-55762200,88.330002,89.5,88.099998,88.93
-55675800,88.93,90.199997,88.879997,89.660004
-55589400,89.660004,90.400002,89.050003,89.57
-55503000,89.57,90.919998,89.209999,90.199997
-55243800,91.110001,93.550003,91.110001,92.480003
-55157400,92.480003,93.440002,91.389999,92.639999
-55071000,92.639999,95.129997,92.239998,93.470001
-54984600,93.470001,94.589996,92.629997,93.839996
-54898200,93.839996,94.510002,92.669998,93.290001
-54639000,93.290001,95.449997,93.110001,94.949997
-54466200,94.949997,97.110001,94.739998,95.669998
-54379800,95.669998,96.93,94.809998,96.529999
-54034200,96.529999,97.360001,95.330002,96.589996
-53947800,96.589996,97.540001,95.720001,96.620003
-53861400,96.620003,97.400002,95.760002,96.809998
-53775000,96.809998,97.889999,96.120003,97.080002
-53688600,97.080002,97.080002,95.150002,95.849998
-53429400,95.849998,96.07,94.220001,95.32
-53343000,95.68,97.480003,95.68,96.620003
-53256600,96.620003,97.809998,95.980003,96.919998
-53170200,96.919998,97.480003,95.68,96.620003
-53083800,96.620003,97.830002,96.220001,97.209999
-52828200,97.209999,98.610001,96.809998,97.970001
-52741800,97.970001,98.169998,96.580002,97.459999
-52655400,97.459999,98.610001,96.839996,97.970001
-52569000,97.970001,99.18,97.529999,98.589996
-52482600,98.589996,100.190002,97.980003,98.660004
-52223400,98.660004,99.110001,97.269997,98.349998
-52137000,98.349998,99.589996,97.860001,98.900002
-52050600,98.900002,99.739998,98.25,98.910004
-51964200,98.910004,99.470001,97.68,98.389999
-51877800,98.389999,99.300003,97.760002,98.5
-51618600,98.5,99.099998,97.519997,98.190002
-51532200,98.190002,98.849998,97.330002,98.120003
-51445800,98.120003,98.790001,97.32,98.07
-51359400,98.07,98.690002,97.050003,97.599998
-51273000,97.599998,97.809998,96.110001,96.900002
-51013800,96.900002,97.410004,95.800003,96.449997
-50927400,96.449997,97.519997,95.919998,96.93
-50841000,96.93,98.169998,96.470001,97.18
-50754600,97.18,97.790001,96.379997,96.970001
-50668200,96.970001,97.730003,96.209999,97.150002
-50409000,97.150002,97.809998,96.290001,96.989998
-50322600,96.989998,98.199997,96.410004,97.620003
-50236200,97.620003,98.739998,97.010002,97.919998
-50063400,97.919998,99.400002,97.660004,98.68
-49804200,98.720001,100.620003,98.720001,99.989998
-49717800,99.989998,101.260002,99.32,100.379997
-49631400,100.379997,101.129997,99.260002,99.889999
-49545000,99.889999,101.589996,99.5,100.650002
-49458600,100.650002,101.889999,100.239998,101.269997
-49199400,101.269997,102.25,100.419998,101.410004
-49113000,101.410004,102.400002,100.739998,101.660004
-48940200,101.660004,102.839996,100.550003,101.25
-48853800,101.25,101.82,99.980003,101.129997
-48594600,101.129997,101.709999,99.43,100.129997
-48508200,100.129997,101.089996,99.43,99.989998
-48335400,99.989998,101.599998,99.519997,101.510002
-48249000,101.510002,101.589996,99.800003,100.660004
-47989800,100.660004,101.480003,99.660004,100.389999
-47903400,100.389999,101.099998,99.279999,100.080002
-47730600,100.080002,101.010002,99.110001,99.980003
-47644200,99.980003,100.629997,98.910004,99.580002
-47385000,99.580002,100.330002,98.769997,99.400002
-47298600,99.400002,100.599998,98.599998,99.739998
-47212200,99.739998,101.360001,99.599998,100.910004
-46780200,100.910004,102.760002,100.720001,101.940002
-46693800,101.940002,102.93,101.190002,102.230003
-46521000,102.230003,103.669998,101.410004,102.389999
-46434600,102.389999,103.239998,101.389999,102.339996
-46175400,102.339996,103.150002,101.440002,102.260002
-46089000,102.260002,102.720001,100.970001,101.699997
-45916200,101.699997,102.650002,100.489998,101.440002
-45829800,101.440002,101.82,99.800003,100.459999
-45570600,100.459999,100.879997,98.510002,99.330002
-45484200,99.330002,99.93,97.889999,99.209999
-45311400,99.209999,100.07,97.43,97.940002
-45225000,97.940002,99.139999,97.220001,98.339996
-44965800,98.339996,98.779999,96.889999,97.650002
-44879400,97.650002,98.620003,96.839996,97.739998
-44706600,97.739998,98.82,96.779999,97.279999
-44620200,97.279999,97.470001,95.790001,96.629997
-44361000,96.629997,97.510002,95.949997,96.849998
-44274600,96.849998,97.82,96.419998,97.25
-44101800,97.25,98.32,96.580002,97.040001
-44015400,97.040001,97.559998,96.110001,97.010002
-43756200,97.010002,98.489998,96.720001,98.010002
-43669800,98.010002,99.199997,97.68,98.529999
-43497000,98.529999,99.360001,97.480003,98.07
-43410600,98.07,99.209999,97.620003,98.68
-43151400,98.68,99.639999,98.160004,99
-43065000,99,99.650002,98.080002,98.959999
-42892200,98.959999,99.580002,97.709999,98.699997
-42805800,98.699997,99.57,97.709999,98.690002
-42546600,98.690002,99.669998,98.290001,98.940002
-42460200,98.940002,99.610001,98.160004,98.809998
-42287400,98.809998,99.489998,97.900002,98.739998
-42201000,98.739998,99.519997,98.199997,98.860001
-41855400,98.860001,99.889999,98.309998,99.32
-41769000,99.32,100.489998,98.949997,100.019997
-41682600,100.019997,101.339996,99.629997,100.739998
-41596200,100.739998,101.879997,100.230003,101.199997
-41337000,101.199997,102.089996,100.470001,101.230003
-41250600,101.230003,101.809998,100.120003,100.730003
-41077800,100.730003,101.400002,99.699997,100.519997
-40991400,100.519997,101.529999,99.889999,100.860001
-40732200,100.860001,102.010002,100.330002,101.239998
-40645800,101.239998,102.18,100.639999,101.5
-40473000,101.5,102.529999,100.839996,101.589996
-40386600,101.589996,102.370003,100.809998,101.660004
-40127400,101.660004,102.82,101.199997,102.239998
-40041000,102.239998,103.209999,101.589996,102.589996
-39868200,102.589996,103.629997,101.589996,102.360001
-39781800,102.360001,103.07,101.360001,102.309998
-39522600,102.309998,103.290001,101.709999,102.669998
-39436200,102.669998,103.580002,101.800003,102.860001
-39263400,102.860001,104.129997,102.339996,103.220001
-39177000,103.220001,104.349998,102.650002,103.709999
-38917800,103.709999,104.400002,102.93,103.699997
-38831400,103.699997,104.449997,102.839996,103.739998
-38658600,103.739998,104.300003,102.610001,103.290001
-38572200,103.290001,103.900002,102.389999,103.18
-38313000,103.18,104.029999,102.480003,103.32
-38226600,103.32,104.25,102.660004,103.529999
-38053800,103.809998,105.010002,103.809998,104.010002
-37967400,104.010002,105.339996,103.540001,104.82
-37708200,104.82,105.779999,104.089996,104.989998
-37621800,104.989998,105.480003,103.839996,104.57
-37449000,104.57,105.150002,103.150002,103.839996
-37362600,103.839996,104.809998,103.139999,104.199997
-37099800,104.199997,104.889999,103.160004,103.900002
-37013400,103.900002,104.5,102.650002,103.300003
-36840600,103.300003,104.57,102.43,103.410004
-36754200,103.410004,104.300003,102.360001,103.059998
-36495000,103.059998,103.690002,101.849998,103.099998
-36322200,103.099998,104.410004,102.449997,103.269997
-36235800,103.269997,104.470001,102.309998,103.5
-36149400,103.5,104.589996,102.959999,103.949997
-35803800,103.949997,105.279999,103.510002,104.620003
-35717400,104.620003,105.760002,104.080002,105.129997
-35631000,105.129997,106.010002,104.339996,105.199997
-35544600,105.199997,106.440002,104.610001,105.779999
-35285400,105.779999,106.739998,105.050003,105.919998
-35199000,105.919998,106.839996,105.059998,106.139999
-35026200,106.139999,106.769997,104.849998,105.970001
-34939800,105.970001,106.889999,105.209999,106.300003
-34680600,106.300003,107.290001,105.470001,106.480003
-34594200,106.480003,107.93,106.110001,107.260002
-34507800,107.260002,108.550003,106.589996,107.760002
-34335000,107.760002,109.089996,107.32,108.370003
-34075800,108.370003,109.370003,107.150002,108.120003
-33989400,108.120003,108.739998,107.019997,108.019997
-33816600,108.019997,108.900002,106.709999,107.669998
-33730200,107.669998,108.910004,106.849998,107.93
-33471000,107.93,108.769997,106.889999,107.660004
-33384600,107.660004,108.330002,106.68,107.389999
-33211800,107.389999,108.43,106.330002,107.32
-33125400,107.32,108.5,106.559998,107.580002
-32866200,107.580002,108.400002,106.400002,107.099998
-32779800,107.099998,107.650002,105.860001,106.660004
-32607000,106.660004,107.669998,105.099998,106.970001
-32520600,106.970001,107.980003,105.730003,106.339996
-32261400,106.339996,106.68,104.610001,105.209999
-32175000,105.209999,105.949997,104.370003,105.040001
-32002200,105.040001,106.029999,104.290001,105.150002
-31915800,105.150002,105.870003,104.199997,104.739998
-31656600,104.739998,104.989998,103.089996,103.800003
-31570200,103.800003,104.610001,102.980003,103.860001
-31397400,103.860001,104.849998,103.209999,103.93
-31311000,103.93,104.870003,103.169998,103.989998
-31051800,103.989998,104.360001,101.940002,102.470001
-30965400,102.470001,102.68,100.150002,101.220001
-30879000,101.220001,102.120003,100.139999,100.800003
-30792600,100.800003,102.089996,100.349998,101.220001
-30706200,101.220001,102.139999,100.32,100.93
-30447000,100.93,101.349998,96.629997,100.440002
-30360600,100.440002,101.629997,99.040001,101.129997
-30274200,101.129997,102.480003,100.779999,101.620003
-30187800,101.620003,103.25,101.269997,102.18
-30101400,102.18,103.059998,101.32,102.029999
-29842200,102.029999,102.599998,101,101.690002
-29755800,101.690002,102.400002,100.879997,101.629997
-29669400,101.629997,102.550003,101.059998,101.980003
-29583000,101.980003,103.209999,101.57,102.43
-29496600,102.43,103.230003,101.709999,102.379997
-29237400,102.379997,103.150002,101.639999,102.400002
-29151000,102.400002,103.300003,101.559998,102.410004
-29064600,102.410004,103.309998,101.690002,102.510002
-28978200,102.510002,103.330002,101.730003,102.550003
-28891800,102.550003,103.639999,102.080002,103.010002
-28632600,103.010002,103.75,102.040001,102.889999
-28546200,102.889999,103.589996,102.150002,102.919998
-28459800,102.919998,103.839996,102.260002,103.199997
-28373400,103.199997,104.300003,102.550003,103.540001
-28287000,103.540001,104.220001,102.5,103.529999
-27941400,103.529999,104.610001,102.959999,103.650002
-27855000,103.650002,104.339996,102.980003,103.629997
-27768600,103.629997,104.360001,102.860001,103.709999
-27682200,103.709999,104.370003,102.879997,103.610001
-27423000,103.610001,104.029999,102.040001,102.440002
-27336600,102.269997,102.269997,100.580002,101.400002
-27250200,101.400002,102.07,100.300003,100.650002
-27163800,100.650002,101.029999,99.290001,99.790001
-26818200,99.790001,100.07,98.089996,98.599998
-26731800,98.599998,99.650002,97.5,97.980003
-26645400,97.980003,99.099998,97.360001,98.449997
-26559000,98.449997,99,97.5,98.139999
-26472600,98.139999,99.019997,97.529999,98.129997
-26213400,98.129997,99.080002,97.610001,98.379997
-26127000,98.379997,99.760002,98.169998,99.32
-26040600,99.32,100.480003,98.949997,99.709999
-25954200,99.709999,99.93,98.110001,98.699997
-25867800,98.699997,99.129997,97.32,98.650002
-25608600,98.650002,99.470001,97.870003,98.989998
-25522200,98.989998,100.139999,98.580002,99.32
-25435800,99.32,99.870003,98.349998,99.050003
-25349400,99.050003,99.349998,97.82,98.389999
-25263000,98.389999,98.699997,97.400002,98
-25003800,98,98.709999,97.059998,98.25
-24917400,98.25,99.410004,97.830002,98.489998
-24831000,98.489998,99.699997,98.029999,99.209999
-24744600,99.209999,100.389999,98.900002,99.839996
-24658200,99.839996,100.370003,98.879997,99.629997
-24399000,99.629997,100.160004,98.849998,99.5
-24312600,99.5,100.300003,98.879997,99.660004
-24226200,99.660004,100.860001,99.239998,100.389999
-24139800,100.389999,101.809998,100.029999,101.099998
-24053400,101.099998,102.349998,100.730003,101.510002
-23707800,101.510002,102.449997,100.839996,101.419998
-23621400,101.419998,101.650002,100.610001,100.779999
-23535000,100.779999,101.300003,99.870003,100.68
-23189400,100.629997,100.629997,99.080002,99.889999
-23103000,99.889999,101.269997,99.349998,100.139999
-23016600,100.139999,101.440002,99.879997,101.019997
-22930200,101.019997,102.220001,100.730003,101.550003
-22843800,101.550003,102.279999,100.970001,101.650002
-22584600,101.650002,102.400002,101.019997,101.57
-22498200,101.57,102.150002,100.760002,101.529999
-22411800,101.529999,101.779999,100.160004,100.629997
-22325400,100.629997,101.410004,99.989998,100.779999
-22239000,100.779999,102.089996,100.300003,101.239998
-21979800,101.239998,101.68,100.110001,100.559998
-21893400,100.559998,101.290001,99.519997,100.779999
-21807000,100.779999,101.769997,100.150002,100.800003
-21720600,100.800003,101.800003,100.209999,101.269997
-21634200,101.269997,102.290001,100.809998,101.720001
-21378600,101.720001,102.650002,100.970001,102.029999
-21292200,102.029999,103.309998,101.510002,102.790001
-21205800,102.790001,104.559998,102.5,103.690002
-21119400,103.690002,104.589996,102.739998,103.510002
-21033000,103.510002,104.629997,102.980003,104
-20773800,104,105.080002,103.480003,104.370003
-20687400,104.370003,105.5,103.839996,104.860001
-20601000,104.860001,105.589996,103.830002,104.669998
-20514600,104.669998,105.739998,104.099998,105.099998
-20428200,105.099998,106.010002,104.349998,105.050003
-20169000,105.050003,105.650002,104.120003,104.889999
-20082600,104.889999,105.910004,104.309998,105.339996
-19996200,105.339996,106.739998,105.07,106.160004
-19909800,106.160004,106.690002,105.080002,105.849998
-19823400,105.849998,106.589996,105.18,105.940002
-19564200,105.940002,106.150002,104.519997,104.970001
-19477800,104.970001,105.160004,103.559998,104.040001
-19391400,104.040001,105.029999,103.370003,104.470001
-19305000,104.470001,105.660004,103.919998,104.599998
-19218600,104.599998,105.32,103.779999,104.589996
-18959400,104.589996,105.139999,103.800003,104.360001
-18873000,104.360001,104.68,103.120003,103.57
-18786600,103.57,103.910004,102.290001,103.260002
-18700200,103.260002,104.269997,102.760002,103.459999
-18354600,103.459999,103.75,102.400002,102.940002
-18268200,102.940002,103.599998,102.089996,102.629997
-18181800,102.629997,103.449997,102.07,102.589996
-18095400,102.589996,103.449997,102.050003,102.760002
-18009000,102.760002,103.410004,101.68,102.120003
-17749800,102.120003,102.160004,100.540001,101.199997
-17663400,101.199997,101.760002,100.019997,100.419998
-17577000,100.419998,100.709999,99.019997,99.050003
-17490600,99.050003,99.779999,97.959999,98.260002
-17404200,98.260002,99.510002,97.589996,98.650002
-17145000,98.650002,99.639999,97.910004,98.32
-17058600,98.32,98.709999,96.879997,97.949997
-16972200,97.949997,99.199997,97.449997,97.809998
-16885800,97.809998,98.379997,96.610001,97.239998
-16799400,97.239998,98.220001,96.290001,96.669998
-16540200,96.669998,97.169998,95.209999,96.230003
-16453800,96.290001,98.040001,96.290001,97.32
-16367400,97.32,98.300003,96.559998,97.010002
-16281000,97.010002,97.910004,95.970001,97.25
-16194600,97.25,98.150002,96.650002,97.330002
-15935400,97.330002,98.639999,96.82,97.709999
-15849000,97.709999,98.660004,97.129997,98.080002
-15762600,98.080002,99.5,97.809998,98.940002
-15676200,98.940002,100.25,98.620003,99.610001
-15330600,99.610001,100.330002,98.449997,99.029999
-15244200,98.980003,98.980003,97.150002,97.629997
-15157800,97.629997,97.849998,96.330002,96.879997
-15071400,96.879997,97.040001,95.029999,95.379997
-14985000,95.379997,96.650002,94.809998,95.769997
-14725800,95.769997,96.169998,94.199997,94.550003
-14639400,94.550003,95,93.110001,94.239998
-14553000,94.239998,95.830002,94.220001,95.18
-14466600,95.18,96.709999,95.07,95.760002
-14380200,95.760002,95.839996,94.18,94.949997
-14034600,94.949997,95.449997,93.150002,93.519997
-13948200,93.519997,93.989998,92.07,93.120003
-13861800,93.120003,93.870003,92.290001,92.800003
-13775400,92.800003,93.279999,91.540001,92.059998
-13516200,91.910004,91.910004,89.830002,90.209999
-13429800,90.209999,91.559998,89.059998,89.480003
-13343400,89.480003,90.82,88.040001,89.93
-13257000,89.959999,92.400002,89.959999,91.830002
-13170600,91.919998,94.190002,91.919998,93.470001
-12911400,93.470001,94.419998,92.290001,92.989998
-12825000,92.989998,94.019997,92.129997,93.410004
-12738600,93.410004,94.760002,93.019997,93.919998
-12652200,93.919998,94.769997,93.169998,93.989998
-12565800,93.989998,94.629997,93.290001,93.940002
-12306600,93.940002,94.239998,92.769997,93.360001
-12220200,93.360001,93.660004,92.190002,92.629997
-12133800,92.629997,93.260002,91.480003,92.699997
-12047400,92.699997,93.870003,92.32,93.339996
-11961000,93.339996,94.5,92.919998,94
-11701800,94,95,93.510002,94.57
-11615400,94.57,95.18,93.949997,95.07
-11529000,95.07,95.639999,94.25,95.07
-11442600,95.07,95.870003,94.559998,95.349998
-11356200,95.349998,96.43,94.910004,95.919998
-11097000,95.919998,96.129997,94.519997,94.93
-11010600,94.93,95.040001,93.650002,94.300003
-10924200,94.300003,95.160004,93.760002,94.489998
-10837800,94.489998,95.379997,94.040001,94.889999
-10751400,94.889999,95.510002,94.459999,95.510002
-10405800,95.510002,96.309998,94.849998,95.540001
-10319400,95.540001,96.110001,94.379997,94.980003
-10233000,94.980003,95.199997,93.660004,94.199997
-10146600,94.199997,94.510002,93.089996,93.639999
-9887400,93.639999,93.760002,92.349998,92.699997
-9801000,92.699997,93.940002,91.769997,93.379997
-9714600,93.379997,95.349998,93.230003,94.949997
-9628200,94.949997,95.769997,93.720001,94.220001
-9541800,94.220001,95.040001,93.260002,94.129997
-9282600,94.129997,95.610001,93.730003,94.870003
-9196200,94.870003,95.730003,94.059998,94.949997
-9109800,94.949997,95.699997,94.040001,94.760002
-9023400,94.760002,95.529999,94.050003,94.900002
-8937000,94.900002,95.919998,94.349998,95.190002
-8677800,95.190002,96.129997,94.580002,95.629997
-8591400,95.629997,96.620003,94.860001,95.629997
-8505000,95.629997,96.199997,94.75,95.5
-8418600,95.5,95.919998,94.279999,94.769997
-8332200,94.769997,95.230003,93.529999,94.160004
-8073000,94.160004,94.449997,92.620003,93.410004
-7986600,93.410004,94.050003,92.550003,93.120003
-7900200,93.120003,93.510002,92.120003,92.519997
-7813800,92.519997,93.629997,91.660004,93.239998
-7727400,93.239998,94.389999,92.650002,93.190002
-7468200,93.190002,93.989998,92.5,93.379997
-7381800,93.379997,94.029999,92.589996,93.089996
-7295400,93.089996,93.559998,92.040001,92.669998
-7209000,92.669998,93.550003,91.75,93.029999
-7122600,93.029999,94.190002,92.599998,93.559998
-6863400,93.559998,94.860001,93.199997,94.550003
-6777000,94.550003,96.529999,94.32,95.699997
-6690600,95.699997,96.559998,94.650002,95.720001
-6604200,95.720001,97.540001,95.050003,96.370003
-6517800,96.370003,97.239998,95.379997,96.260002
-6258600,96.260002,97.169998,95.290001,96.459999
-6172200,96.459999,97.839996,95.860001,97.199997
-6085800,97.199997,98.610001,96.559998,97.830002
-5999400,97.830002,98.389999,96.459999,97.459999
-5913000,97.459999,98.830002,96.970001,98.120003
-5650200,98.120003,98.779999,97.489998,97.970001
-5563800,97.970001,98.550003,97.019997,97.660004
-5477400,97.660004,97.919998,96.260002,96.809998
-5391000,96.809998,97.470001,95.610001,96.93
-5304600,96.93,98.029999,96.330002,97.120003
-5045400,97.120003,97.82,96.190002,97.150002
-4959000,97.150002,97.82,95.839996,97.209999
-4872600,97.209999,98.389999,96.75,97.639999
-4786200,97.639999,98.309998,96.800003,97.669998
-4699800,97.669998,99.010002,97.18,98.260002
-4440600,98.260002,99.230003,97.650002,98.330002
-4354200,98.330002,98.790001,97.449997,98.07
-4267800,98.07,98.720001,97.279999,97.889999
-4181400,97.889999,98.339996,96.540001,97.419998
-4095000,97.419998,97.440002,96.360001,97.07
-3835800,97.07,97.360001,95.82,96.410004
-3749400,96.410004,97,95.57,96.389999
-3663000,96.389999,96.949997,95.360001,95.900002
-3576600,95.900002,95.940002,94.120003,94.910004
-3490200,94.910004,95.339996,93.870003,94.32
-3231000,94.32,94.43,92.629997,93.239998
-3144600,93.239998,94.169998,92.379997,92.940002
-3058200,92.940002,93.849998,92.239998,93.269997
-2885400,93.269997,94.410004,92.879997,93.809998
-2626200,93.809998,94.470001,92.779999,93.220001
-2539800,93.220001,93.540001,91.949997,92.650002
-2453400,92.650002,93.050003,91.25,91.650002
-2367000,91.650002,92.449997,90.360001,91.949997
-2280600,91.949997,92.910004,91.139999,91.730003
-2021400,91.730003,92.050003,90.290001,90.839996
-1935000,90.839996,91.790001,89.93,90.550003
-1848600,90.550003,91.220001,89.330002,90.480003
-1762200,90.480003,91.370003,89.739998,90.519997
-1675800,90.519997,91.669998,90.050003,90.809998
-1416600,90.809998,91.419998,89.959999,90.540001
-1330200,90.540001,91.050003,89.230003,89.720001
-1243800,89.720001,90.32,88.940002,89.199997
-1157400,89.199997,91.150002,88.620003,90.610001
-1071000,90.610001,92.339996,90.330002,91.379997
-811800,91.379997,92.029999,90.099998,90.580002
-725400,90.580002,91.129997,89.400002,90.230003
-639000,90.230003,91.889999,89.93,91.18
-466200,91.18,92.300003,90.940002,91.889999
-207000,91.889999,92.489998,90.660004,91.25
-120600,91.25,92.199997,90.470001,91.599998
-34200,91.599998,92.940002,91.150002,92.059998
138600,92.059998,93.540001,91.790001,93
397800,93,94.25,92.529999,93.459999
484200,93.459999,93.809998,92.129997,92.82
570600,92.82,93.379997,91.93,92.629997
657000,92.629997,93.470001,91.989998,92.68
743400,92.68,93.25,91.82,92.400002
1002600,92.400002,92.669998,91.199997,91.699997
1089000,91.699997,92.610001,90.989998,91.919998
1175400,91.919998,92.400002,90.879997,91.650002
1261800,91.650002,92.349998,90.730003,91.68
1348200,91.68,92.489998,90.360001,90.919998
1607400,90.720001,90.720001,89.139999,89.650002
1693800,89.650002,90.449997,88.639999,89.830002
1780200,89.830002,90.610001,89.199997,89.949997
1866600,89.949997,90.800003,89.199997,90.040001
1953000,90.040001,90.449997,88.739998,89.370003
2212200,89.230003,89.230003,87.489998,88.169998
2298600,88.169998,88.540001,86.919998,87.620003
2385000,87.620003,88.239998,86.440002,86.790001
2471400,86.790001,87.089996,85.019997,85.690002
2557800,85.690002,86.330002,84.419998,85.019997
2817000,85.019997,86.760002,84.760002,85.75
2903400,85.75,87.540001,84.639999,86.769997
2989800,86.769997,87.660004,85.589996,86.239998
3076200,86.239998,86.620003,84.949997,85.900002
3162600,85.900002,86.879997,85.230003,86.330002
3421800,86.330002,87.849998,86.160004,87.010002
3508200,87.010002,87.400002,85.580002,86.099998
3594600,86.099998,87.379997,85.300003,86.940002
3681000,86.940002,87.540001,85.93,86.730003
3767400,86.730003,87.300003,85.709999,86.540001
4026600,86.540001,87.300003,85.800003,86.470001
4113000,86.470001,87.080002,85.57,86.370003
4199400,86.370003,88.07,86.190002,87.440002
4285800,87.440002,88.699997,86.940002,87.760002
4372200,87.760002,88.739998,86.870003,88.029999
4717800,88.029999,88.910004,87.279999,87.989998
4804200,87.989998,89.800003,87.110001,89.349998
4890600,89.349998,89.629997,87.629997,88.900002
4977000,88.900002,90.330002,88.419998,89.5
5236200,89.5,90.800003,88.919998,89.709999
5322600,89.709999,90.669998,88.959999,90.230003
5409000,90.230003,91.050003,89.32,90.040001
5495400,90.040001,90.989998,89.379997,90
5581800,90,90.360001,88.839996,89.440002
5841000,89.43,89.43,87.940002,88.510002
5927400,88.510002,89.410004,87.889999,88.75
6013800,88.75,89.580002,88.110001,88.690002
6100200,88.690002,89.089996,87.68,88.330002
6186600,88.330002,89.43,87.290001,87.860001
6445800,87.860001,87.970001,86.389999,86.910004
6532200,86.910004,87.860001,86.360001,87.290001
6618600,87.290001,88.279999,86.93,87.540001
6705000,87.540001,88.199997,86.879997,87.419998
6791400,87.419998,87.769997,86.43,87.059998
7050600,87.059998,87.639999,86.190002,86.989998
7137000,86.989998,88.43,86.900002,87.980003
7223400,88.110001,91.07,88.110001,89.769997
7309800,89.769997,90.650002,89.18,89.919998
7655400,89.919998,90.410004,88.910004,89.629997
7741800,89.629997,90.169998,88.849998,89.629997
7828200,89.629997,90.620003,89.300003,90.07
7914600,90.07,90.699997,89.279999,89.790001
8001000,89.790001,90.160004,88.809998,89.389999
8260200,89.389999,89.610001,88.150002,88.760002
8346600,88.760002,89.309998,87.940002,88.519997
8433000,88.519997,89.089996,87.830002,88.489998
8519400,88.489998,89.32,87.959999,88.529999
8605800,88.529999,89.139999,87.82,88.239998
8865000,88.239998,88.669998,87.150002,87.639999
8951400,87.639999,87.730003,86.010002,86.889999
9037800,86.889999,87.709999,86.529999,86.730003
9124200,86.730003,87.129997,85.510002,85.879997
9210600,85.879997,86.360001,84.75,85.669998
9469800,85.669998,86.360001,84.989998,85.830002
9556200,85.830002,86.540001,84.989998,85.379997
9642600,85.379997,85.510002,83.839996,84.269997
9729000,84.269997,84.300003,82.610001,83.040001
9815400,83.040001,83.620003,81.959999,82.769997
10071000,82.769997,83.080002,81.080002,81.459999
10157400,81.459999,82.160004,79.860001,80.269997
10243800,80.269997,83.230003,79.309998,81.809998
10330200,81.809998,82.57,80.760002,81.519997
10416600,81.519997,82.32,80.269997,81.440002
10675800,81.279999,81.279999,78.849998,79.370003
10762200,79.370003,79.830002,78.019997,78.599998
10848600,78.599998,80.910004,78.230003,79.470001
10935000,79.470001,80.599998,78.889999,79.830002
11021400,79.830002,80.150002,78.709999,79.440002
11280600,79.440002,79.720001,78.290001,78.599998
11367000,78.599998,79.150002,77.059998,77.849998
11453400,77.75,77.75,75.919998,76.529999
11539800,76.529999,76.639999,74.029999,75.440002
11626200,75.440002,77.419998,74.589996,76.900002
11885400,76.900002,77.68,76.07,76.959999
11971800,76.959999,77.199997,75.209999,75.459999
12058200,75.349998,75.349998,73.25,73.519997
12144600,73.510002,73.510002,70.940002,72.160004
12231000,72.160004,73.419998,71.419998,72.25
12490200,72.160004,72.160004,69.919998,70.25
12576600,70.25,71.169998,68.610001,69.290001
12663000,69.370003,73.220001,69.370003,72.769997
12749400,72.769997,75.440002,72.589996,74.610001
12835800,74.610001,76.919998,73.529999,76.550003
13095000,76.550003,78.400002,75.839996,77.839996
13181400,77.839996,78.730003,76.510002,77.839996
13267800,77.839996,79.220001,76.970001,78.519997
13354200,78.519997,79.419998,76.989998,77.360001
13440600,77.360001,77.480003,75.25,76.169998
13699800,76.169998,77.370003,75.300003,76.290001
13786200,76.290001,79.959999,75.580002,76.25
13872600,76.25,76.620003,74.919998,75.480003
13959000,75.480003,75.519997,73.959999,74.449997
14045400,74.449997,74.839996,73.25,73.879997
14304600,73.879997,75.269997,73.669998,74.580002
14391000,74.580002,76.760002,74.209999,76.150002
14477400,76.150002,78.040001,75.629997,76
14563800,76,77.169998,74.989998,76.510002
14650200,76.510002,78.050003,76.309998,77.050003
14909400,77.050003,77.43,75.610001,76.639999
14995800,76.639999,76.830002,74.519997,74.760002
15082200,74.760002,75.419998,73.400002,73.970001
15168600,73.970001,74.93,73.300003,74.019997
15255000,74.019997,74.68,73.089996,73.470001
15514200,73.470001,73.860001,72.339996,72.889999
15600600,72.889999,73.889999,72.25,72.720001
15687000,72.720001,73.660004,72.110001,72.940002
15773400,72.940002,73.919998,72.43,72.919998
16119000,72.919998,73.120003,71.379997,71.779999
16205400,71.779999,72.32,70.690002,71.230003
16291800,71.230003,73.300003,70.989998,73
16378200,73,74.769997,72.879997,74.059998
16464600,74.059998,75.209999,73.489998,74.449997
16723800,74.449997,75.370003,73.830002,74.550003
16810200,74.550003,75.040001,73.779999,74.419998
16896600,74.419998,75.68,74.059998,75.230003
16983000,75.230003,77.089996,75.120003,76.339996
17069400,76.370003,78.230003,76.370003,77.690002
17328600,77.690002,78.720001,77.040001,77.790001
17415000,77.790001,77.940002,76.389999,76.980003
17501400,76.980003,78.199997,76.220001,77.029999
17587800,77.029999,78.510002,76.459999,78
17674200,78,78.480003,76.959999,77.82
17933400,77.82,78.269997,77.07,77.650002
18019800,77.650002,78.349998,76.959999,77.769997
18106200,77.769997,78.809998,77.279999,78.040001
18192600,78.040001,78.660004,77.360001,78.07
18279000,78.07,79.029999,77.440002,78.050003
18538200,78.050003,78.239998,76.559998,77.019997
18624600,77.019997,77.559998,76.120003,77.190002
18711000,77.190002,77.860001,76.589996,77.18
18797400,77.18,77.68,76.389999,77.080002
18883800,77.080002,78.089996,76.459999,77.279999
19143000,77.279999,77.400002,75.720001,76.199997
19229400,76.199997,76.330002,75.160004,75.82
19315800,75.82,76.239998,75.040001,75.419998
19402200,75.419998,75.690002,74.129997,74.760002
19488600,74.760002,75.739998,74.389999,75.18
19747800,75.18,75.790001,74.519997,75.330002
19834200,75.330002,76.790001,75.300003,76.199997
19920600,76.199997,77.580002,76.010002,76.959999
20007000,76.959999,77.989998,76.300003,77.839996
20093400,77.839996,79.599998,77.459999,79.239998
20352600,79.410004,81.620003,79.410004,80.989998
20439000,80.989998,81.809998,79.690002,81.120003
20525400,81.120003,82.260002,80.599998,81.209999
20611800,81.209999,81.910004,80.129997,81.080002
20698200,81.080002,82.470001,80.690002,81.860001
20957400,81.860001,82.330002,80.949997,81.519997
21043800,81.519997,81.800003,80.43,80.949997
21130200,80.949997,81.349998,79.949997,80.959999
21216600,80.959999,82.629997,80.879997,82.089996
21303000,82.089996,83.419998,81.790001,82.830002
21648600,82.830002,83.690002,81.480003,83.040001
21735000,83.040001,83.779999,81.900002,82.790001
21821400,82.790001,82.980003,81.620003,82.300003
21907800,82.300003,83.190002,81.809998,82.519997
22167000,82.519997,83.129997,81.43,82.07
22253400,82.07,82.110001,80.75,81.360001
22339800,81.360001,82.57,80.610001,81.790001
22426200,81.790001,83.089996,81.510002,82.290001
22512600,82.290001,83.5,81.769997,82.620003
22771800,82.620003,83.150002,81.519997,81.910004
22858200,81.910004,82.239998,80.82,81.860001
22944600,81.860001,83.150002,81.519997,81.910004
23031000,81.910004,82.239998,80.82,81.660004
23117400,81.660004,83.599998,81.410004,82.830002
23376600,82.830002,84.559998,82.610001,83.910004
23463000,83.910004,84.57,83.110001,83.860001
23549400,83.860001,84.989998,82.779999,84.300003
23635800,84.300003,84.699997,83.459999,84.32
23722200,84.32,85.559998,84.059998,85.160004
23981400,85.160004,86.989998,85.010002,86.470001
24067800,86.470001,87.75,86.040001,86.849998
24154200,86.849998,87.470001,85.550003,86.889999
24240600,86.889999,87.370003,85.550003,85.949997
24327000,85.949997,86.25,84.540001,85.080002
24586200,85.050003,85.050003,83.580002,84.169998
24672600,84.169998,84.699997,83.239998,84.059998
24759000,84.059998,84.830002,83.419998,84.190002
24845400,84.190002,85.279999,83.82,84.650002
24931800,84.650002,85.209999,83.830002,84.279999
25191000,84.279999,84.290001,82.809998,83.150002
25277400,83.150002,84.190002,82.620003,83.639999
25363800,83.639999,84.720001,83.209999,83.660004
25450200,83.660004,84.040001,82.769997,83.379997
25536600,83.379997,84.300003,82.910004,83.769997
25799400,83.769997,84.260002,82.889999,83.309998
25885800,83.309998,83.730003,82.519997,83.120003
25972200,83.120003,83.809998,82.290001,83.43
26058600,83.43,84.099998,82.82,83.360001
26145000,83.360001,83.800003,82.519997,83.25
26404200,83.25,83.989998,82.660004,83.510002
26490600,83.510002,84.769997,83.209999,84.220001
26577000,84.220001,85.260002,83.82,84.389999
26663400,84.389999,84.790001,83.529999,84.099998
26749800,84.099998,84.730003,83.550003,84.220001
27009000,84.220001,85.269997,83.82,84.669998
27095400,84.669998,85.690002,84.18,84.790001
27181800,84.790001,86.239998,84.690002,85.029999
27268200,85.029999,85.540001,83.809998,84.150002
27354600,84.150002,84.330002,82.919998,83.370003
27613800,83.370003,83.75,82.339996,83.239998
27700200,83.239998,84.169998,82.809998,83.470001
27786600,83.470001,83.529999,82.410004,82.790001
27873000,82.790001,83.480003,82.230003,82.910004
27959400,82.910004,84.059998,82.489998,83.720001
28218600,83.720001,84.919998,83.470001,84.239998
28305000,84.239998,85.18,83.589996,84.779999
28391400,84.779999,85.699997,84.349998,85.089996
28564200,85.089996,86.209999,84.669998,85.93
28823400,85.93,87.599998,85.790001,87.199997
28909800,87.199997,88.610001,86.110001,87.470001
28996200,87.470001,88.830002,86.720001,88.480003
29082600,88.480003,89.870003,88.110001,88.900002
29169000,88.900002,89.889999,88.120003,89.459999
29428200,89.459999,90.389999,88.760002,89.940002
29514600,89.940002,90.470001,88.870003,89.470001
29601000,89.470001,90.029999,88.480003,89.540001
29687400,89.540001,90.870003,89.010002,89.919998
29773800,89.919998,90.93,89.440002,90.260002
30033000,90.260002,90.809998,89.279999,89.800003
30119400,89.800003,90.32,88.93,89.660004
30205800,89.660004,90.220001,88.769997,89.720001
30292200,89.720001,90.610001,89.309998,90.040001
30378600,90.040001,90.769997,89.419998,90.220001
30637800,90.220001,90.769997,89.360001,89.940002
30724200,89.940002,90.839996,89.349998,90.040001
30810600,90.040001,90.860001,89.349998,90.099998
30897000,90.099998,91.080002,89.809998,90.610001
31242600,90.610001,91.489998,90.279999,91.089996
31329000,91.089996,92.379997,90.730003,92.080002
31415400,92.080002,92.989998,91.599998,92.269997
31501800,92.269997,92.790001,91.360001,92.150002
31847400,92.150002,92.190002,90.639999,91.150002
31933800,91.150002,92.279999,90.690002,91.800003
32020200,91.800003,93,91.5,92.349998
32106600,92.349998,93.260002,91.75,92.379997
32193000,92.379997,93.019997,91.599998,92.190002
32452200,92.190002,92.669998,90.989998,91.980003
32538600,91.980003,93.279999,91.629997,92.720001
32625000,92.720001,93.660004,91.879997,92.559998
32711400,92.559998,93.360001,91.669998,92.800003
32797800,92.800003,93.940002,92.25,93.029999
33057000,93.029999,94.110001,92.629997,93.410004
33143400,93.410004,94.279999,92.849998,93.760002
33229800,93.760002,94.529999,93.07,93.779999
33316200,93.779999,94.690002,93.150002,94.190002
33402600,94.190002,95.529999,93.959999,94.879997
33661800,94.879997,95.93,94.160004,95.279999
33748200,95.279999,96.360001,94.690002,95.589996
33834600,95.589996,95.779999,93.959999,94.889999
33921000,94.889999,95.779999,94.120003,95.209999
34007400,95.209999,96.489998,94.790001,95.879997
34266600,95.879997,97.050003,95.379997,96.419998
34353000,96.419998,97.190002,95.599998,96.43
34439400,96.43,97.190002,95.580002,96.629997
34525800,96.629997,97.260002,95.690002,96.620003
34612200,96.620003,97.580002,95.839996,96.93
34871400,96.93,98.040001,96.129997,97.449997
34957800,97.449997,98.5,96.900002,97.510002
35044200,97.510002,97.970001,96.230003,97.389999
35130600,97.389999,98.489998,96.989998,97.910004
35217000,97.910004,98.959999,97.559998,98.43
35562600,98.43,99.589996,97.849998,98.660004
35649000,98.660004,99.32,97.32,98.199997
35735400,98.199997,98.599998,96.959999,97.559998
35821800,97.559998,97.790001,96.25,96.739998
36081000,96.650002,96.650002,94.970001,95.720001
36167400,95.720001,96.669998,94.919998,96.089996
36253800,96.089996,97.339996,95.860001,96.730003
36340200,96.730003,97.709999,96.080002,96.959999
36426600,96.959999,97.540001,95.839996,96.75
36685800,96.75,97.480003,96.110001,97
36772200,97,97.599998,96.32,96.980003
36858600,96.980003,97.540001,96.300003,96.949997
36945000,96.949997,98.379997,96.900002,97.919998
37031400,97.919998,99.489998,97.82,98.959999
37290600,98.959999,99.440002,98.419998,99.379997
37377000,99.379997,100.309998,98.720001,99.459999
37463400,99.459999,100.099998,98.629997,99.300003
37549800,99.300003,100.290001,98.57,99.389999
37636200,99.389999,100.089996,98.639999,99.57
37895400,99.57,101.150002,99.120003,100.709999
37981800,100.709999,101.940002,100.360001,101.209999
38068200,101.209999,101.660004,99.980003,101.120003
38154600,101.120003,102.029999,100.43,101.190002
38241000,101.190002,101.739998,100.349998,101.010002
38500200,101.010002,101.459999,100.080002,100.620003
38586600,100.620003,101.059998,99.620003,100.279999
38673000,100.279999,100.629997,99.150002,99.620003
38759400,99.620003,100.029999,98.360001,99.610001
38845800,99.610001,100.650002,99.18,99.949997
39105000,99.949997,100.739998,99.360001,100.029999
39191400,100.029999,100.860001,99.410004,100.260002
39277800,100.260002,101.050003,99.690002,100.309998
39364200,100.309998,100.989998,99.629997,100.389999
39450600,100.389999,101.230003,99.860001,100.559998
39709800,100.559998,101.410004,99.879997,100.790001
39796200,100.790001,102.110001,100.300003,101.510002
39882600,101.510002,102.870003,101.129997,101.980003
39969000,101.980003,102.860001,101.300003,102.099998
40314600,102.099998,103.540001,101.75,102.879997
40401000,102.879997,103.959999,102.25,102.980003
40487400,102.980003,104.010002,102.279999,103.370003
40573800,103.370003,104.400002,102.760002,103.519997
40660200,103.519997,104.18,102.68,103.489998
40919400,103.489998,104.629997,103.089996,104.010002
41005800,104.010002,104.580002,103.059998,103.610001
41092200,103.610001,104.160004,102.550003,103.360001
41178600,103.360001,104.269997,102.580002,103.559998
41265000,103.559998,104.629997,102.790001,104.050003
41520600,104.050003,104.830002,103.190002,103.940002
41607000,103.940002,105.07,103.230003,104.589996
41693400,104.589996,105.599998,103.849998,104.769997
41779800,104.769997,105.580002,103.900002,104.629997
41866200,104.629997,104.959999,103.25,103.949997
42125400,103.949997,104.110001,102.370003,103.290001
42211800,103.290001,104.360001,102.709999,103.790001
42298200,103.790001,104.279999,102.68,103.779999
42384600,103.779999,104.419998,102.800003,103.230003
42471000,103.230003,103.5,101.860001,102.870003
42730200,102.870003,103.150002,101.709999,102.360001
42816600,102.360001,103.370003,101.5,102.620003
42903000,102.620003,103.57,102.120003,102.900002
42989400,102.900002,103.57,101.980003,102.690002
43075800,102.690002,103.169998,101.650002,102.209999
43335000,102.080002,102.080002,100.25,100.690002
43421400,100.690002,101.620003,99.68,100.830002
43507800,100.830002,101.75,100.300003,101.07
43594200,101.07,102.169998,100.610001,101.309998
43680600,101.309998,101.839996,100.410004,100.989998
43939800,100.989998,101.239998,99.720001,100.129997
44026200,100.129997,100.389999,98.730003,99.470001
44112600,99.470001,100.489998,98.93,99.589996
44199000,99.589996,100.139999,98.779999,99.400002
44285400,99.400002,100.169998,98.68,99.629997
44631000,99.629997,100.760002,99.220001,100.199997
44717400,100.199997,101.529999,99.889999,100.959999
44803800,100.959999,102.07,100.300003,101.010002
44890200,101.010002,101.879997,100.43,101.300003
45149400,101.300003,102.019997,100.550003,101.089996
45235800,101.089996,101.5,99.910004,100.32
45322200,100.32,100.970001,99.279999,100.290001
45408600,100.290001,101.230003,99.779999,100.639999
45495000,100.639999,101.709999,100.18,101.07
45754200,101.07,101.279999,99.779999,100.220001
45840600,100.220001,101.099998,99.449997,100.32
45927000,100.32,101.290001,99.68,100.519997
46013400,100.519997,101.370003,99.870003,100.5
46099800,100.5,100.629997,98.650002,98.970001
46359000,98.970001,99.18,97.220001,97.870003
46445400,97.870003,98.660004,96.919998,97.589996
46531800,97.589996,98.949997,97.360001,98.410004
46618200,98.410004,99,97.589996,98.129997
46704600,98.129997,98.660004,97.330002,97.989998
46963800,97.989998,98.480003,97.019997,97.739998
47050200,97.739998,99.389999,97.610001,98.82
47136600,98.82,100.290001,98.68,98.699997
47223000,99.160004,100.650002,99.160004,99.779999
47309400,99.779999,100.309998,99.089996,99.779999
47655000,99.779999,100.349998,99.099998,99.760002
47741400,99.760002,100.830002,99.25,100.040001
47827800,100.040001,101.029999,99.589996,100.339996
47914200,100.339996,101.330002,99.860001,100.690002
48173400,100.690002,101.519997,100.190002,100.82
48259800,100.82,101.059998,99.07,99.5
48346200,99.5,99.830002,98.230003,99.220001
48432600,99.220001,100.480003,98.760002,99.279999
48519000,99.279999,100.349998,98.639999,99.110001
48778200,99.110001,99.57,98.110001,98.93
48864600,98.93,100.010002,98.599998,99.32
48951000,99.32,100,98.739998,99.279999
49037400,99.279999,99.82,98.5,99.110001
49123800,99.110001,99.599998,98.260002,98.940002
49383000,98.940002,99.470001,96.669998,98.139999
49469400,98.139999,98.989998,97.419998,97.779999
49555800,97.779999,98.150002,96.510002,97.07
49642200,97.07,97.220001,95.370003,96.019997
49728600,96.019997,96.779999,95.080002,95.580002
49987800,95.580002,96.760002,95.220001,95.959999
50074200,95.959999,96.110001,94.059998,94.510002
50160600,94.510002,95.339996,93.349998,93.889999
50247000,93.889999,94.889999,93.330002,94.089996
50333400,94.089996,94.910004,93.629997,94.25
50592600,94.25,94.550003,93.169998,93.529999
50679000,93.529999,94.129997,92.809998,93.540001
50765400,93.540001,95.059998,93.349998,94.660004
50851800,94.809998,96.5,94.809998,96
50938200,96,96.529999,95.190002,95.690002
51197400,97.900002,100.959999,97.900002,98.760002
51283800,98.760002,101,98.489998,99.989998
51370200,99.989998,100.190002,98.059998,98.599998
51456600,98.599998,99.07,97.349998,98.160004
51543000,98.160004,98.940002,97.519997,98.330002
51802200,98.330002,99.959999,98.089996,99.25
51888600,99.25,101.019997,99.150002,100.400002
51975000,100.400002,101.510002,99.769997,100.410004
52061400,100.410004,101.120003,99.400002,100.239998
52147800,100.239998,101.220001,99.760002,100.480003
52407000,100.480003,100.889999,99.169998,99.519997
52493400,99.519997,99.760002,98.32,99.029999
52579800,99.029999,99.839996,98.5,99.07
52666200,99.07,99.800003,98.519997,99.290001
52752600,99.290001,100.93,99.099998,100.690002
53098200,100.690002,102.25,100.43,101.150002
53184600,101.150002,101.940002,100.519997,101.339996
53271000,101.339996,101.879997,100.379997,100.800003
53357400,100.800003,101.010002,99.690002,100.419998
53616600,100.419998,100.839996,99.489998,100.07
53703000,100.07,100.349998,98.989998,99.339996
53789400,99.339996,100.239998,98.790001,99.769997
53875800,99.769997,100.349998,99.07,99.660004
53962200,99.660004,100.519997,99.260002,99.959999
54221400,99.959999,100.400002,99.139999,99.68
54307800,99.68,100.080002,98.709999,99.339996
54394200,99.339996,99.720001,98.150002,98.470001
54480600,98.470001,99.120003,97.610001,98.379997
54567000,98.379997,99.349998,97.779999,98.150002
54826200,98.150002,98.410004,96.970001,97.620003
54912600,97.620003,98.550003,97.120003,97.879997
54999000,97.879997,98.510002,97.290001,97.900002
55085400,97.900002,98.970001,97.480003,98.339996
55171800,98.339996,99.489998,97.959999,98.93
55431000,98.93,100.040001,98.620003,99.209999
55517400,99.209999,99.779999,98.339996,99.110001
55603800,99.110001,100.129997,98.489998,99.82
55690200,99.82,100.959999,99.419998,100.019997
55776600,100.019997,100.300003,98.870003,99.360001
56035800,99.360001,99.620003,98.580002,99.209999
56122200,99.209999,100.199997,98.620003,99.57
56208600,99.57,100.080002,98.610001,99.029999
56295000,99.029999,99.25,97.739998,98.129997
56381400,98.129997,98.449997,97.029999,97.790001
56640600,97.790001,98.330002,96.980003,97.349998
56727000,97.349998,97.660004,96.050003,97
56813400,97,97.449997,95.230003,95.650002
56899800,95.650002,96.330002,94.589996,95.599998
56986200,95.599998,96.830002,94.970001,95.57
57245400,95.57,95.760002,94.57,95.099998
57331800,95.019997,95.019997,94.379997,94.739998
57418200,94.739998,94.989998,93.389999,93.790001
57504600,93.790001,94.75,92.959999,93.959999
57591000,93.959999,94.709999,93.279999,94.230003
57853800,94.230003,94.43,92.480003,92.800003
57940200,92.800003,93.730003,91.839996,93.18
58026600,93.269997,95.309998,93.269997,94.910004
58113000,94.910004,96.080002,94.370003,94.790001
58199400,94.790001,95.010002,93.639999,94.459999
58458600,94.459999,94.970001,93.779999,94.389999
58545000,94.389999,95.309998,93.940002,94.459999
58631400,94.459999,94.839996,93.099998,93.410004
58717800,93.410004,93.540001,91.639999,92.120003
58804200,92.120003,92.900002,90.93,92.120003
59063400,92.120003,92.690002,91.379997,91.809998
59149800,91.809998,93.150002,91.209999,92.709999
59236200,92.709999,93.349998,91.800003,92.849998
59322600,92.849998,93.620003,91.879997,92.129997
59409000,92.129997,92.379997,90.949997,91.610001
59668200,91.610001,92.120003,90.510002,90.790001
59754600,90.790001,91.099998,89.339996,90.160004
59841000,90.160004,91.139999,89.730003,90.330002
60013800,90.330002,92.190002,90.269997,91.940002
60273000,92.040001,94.900002,92.040001,93.410004
60359400,93.410004,94.43,92.510002,93.989998
60445800,93.989998,96.120003,93.949997,95.440002
60532200,95.440002,96.589996,94.730003,95.839996
60618600,95.839996,97.57,95.360001,97.059998
60877800,97.059998,98.169998,96.07,96.510002
60964200,96.510002,97.349998,95.400002,96.870003
61050600,96.870003,97.650002,96.080002,96.919998
61137000,96.959999,96.959999,96.959999,96.959999
61223400,97.690002,97.690002,97.690002,97.690002
61482600,97.970001,97.970001,97.970001,97.970001
61569000,97.669998,97.669998,97.669998,97.669998
61655400,98.540001,98.540001,98.540001,98.540001
61741800,99.739998,99.739998,99.739998,99.739998
61828200,100.260002,100.260002,100.260002,100.260002
62087400,101.550003,101.550003,101.550003,101.550003
62173800,101.800003,101.800003,101.800003,101.800003
62260200,101.18,101.18,101.18,101.18
62346600,100.739998,100.739998,100.739998,100.739998
62692200,100.949997,100.949997,100.949997,100.949997
62778600,101.949997,101.949997,101.949997,101.949997
62865000,102.209999,102.209999,102.209999,102.209999
62951400,101.779999,101.779999,101.779999,101.779999
63037800,102.089996,102.089996,102.089996,102.089996
63297000,102.089996,102.849998,101.190002,101.669998
63383400,101.669998,102.589996,100.870003,102.089996
63469800,102.089996,103.690002,101.900002,103.059998
63556200,103.059998,104.199997,102.660004,103.510002
63642600,103.510002,104.290001,102.379997,103.470001
63901800,103.470001,103.970001,102.440002,103.32
63988200,103.32,104.300003,102.849998,103.650002
64074600,103.650002,104.660004,103.050003,103.589996
64161000,103.589996,103.800003,102.290001,102.989998
64247400,102.989998,103.889999,102.410004,103.389999
64506600,103.389999,104.239998,102.800003,103.699997
64593000,103.699997,104.849998,103.349998,104.050003
64679400,104.050003,104.610001,102.830002,103.879997
64765800,103.879997,105,103.32,103.879997
64852200,103.879997,104.400002,102.75,103.650002
65111400,103.650002,104.029999,102.199997,102.57
65197800,102.57,103.589996,101.629997,102.699997
65284200,102.699997,103.309998,101.809998,102.5
65370600,102.5,103.93,102.199997,103.5
65457000,103.5,104.980003,103.220001,104.160004
65716200,104.160004,104.879997,103.300003,103.940002
65802600,103.940002,104.57,103.099998,104.010002
65889000,104.010002,105.410004,103.5,104.68
65975400,104.68,105.43,103.849998,104.639999
66061800,104.639999,105.480003,104.050003,104.860001
66321000,104.860001,105.459999,103.970001,104.540001
66407400,104.540001,105.220001,103.900002,104.739998
66493800,104.739998,106.029999,104.360001,105.550003
66580200,105.550003,106.690002,104.970001,105.589996
66666600,105.589996,105.910004,104.449997,105.080002
66925800,105.080002,105.529999,104.029999,104.589996
67012200,104.589996,105.589996,104.099998,105.029999
67098600,105.029999,106.25,104.650002,105.620003
67185000,105.620003,106.650002,104.959999,105.589996
67271400,105.589996,106.010002,104.470001,105.279999
67617000,105.279999,106.18,104.650002,105.290001
67703400,105.290001,106.18,104.720001,105.379997
67789800,105.379997,106.239998,104.760002,105.449997
67876200,105.449997,106.730003,105.040001,106.18
68135400,106.18,107.040001,105.370003,106.190002
68221800,106.190002,107.160004,105.449997,106.57
68308200,106.57,108.129997,106.209999,107.349998
68394600,107.349998,108.389999,106.629997,107.32
68481000,107.32,108.510002,106.779999,107.940002
68740200,107.940002,109.400002,107.639999,108.769997
68826600,108.769997,109.720001,108.019997,108.870003
68913000,108.870003,109.68,108.040001,108.959999
68999400,108.959999,109.75,108.190002,108.940002
69085800,108.940002,109.370003,107.769997,108.379997
69345000,108.379997,108.519997,106.709999,107.330002
69431400,107.330002,108.199997,106.709999,107.610001
69517800,107.610001,108.550003,107.089996,107.75
69604200,107.75,108.220001,106.550003,107.5
69690600,107.5,108.610001,106.889999,107.919998
69949800,107.919998,108.809998,107.18,107.589996
70036200,107.589996,107.68,105.860001,106.690002
70122600,106.690002,107.519997,106,106.839996
70209000,106.839996,108.330002,106.669998,107.75
70295400,107.75,108.360001,106.949997,107.519997
70554600,107.519997,108,106.529999,107.300003
70641000,107.300003,108.080002,106.220001,107.169998
70727400,107.169998,107.410004,105.980003,106.489998
70813800,106.489998,107.669998,106.07,107.199997
71159400,107.199997,108.260002,106.75,107.480003
71245800,107.480003,108.620003,106.769997,108.120003
71332200,108.120003,109.639999,107.959999,109
71418600,109,110.290001,108.529999,109.529999
71505000,109.529999,110.150002,108.529999,109.620003
71764200,109.620003,110.540001,108.889999,109.449997
71850600,109.449997,110.379997,108.760002,109.760002
71937000,109.760002,111.110001,109.360001,110.18
72023400,110.18,110.790001,109.370003,109.910004
72109800,109.910004,110.559998,109.07,109.839996
72369000,109.839996,110.220001,108.769997,109.510002
72455400,109.510002,110.639999,109.019997,109.769997
72541800,109.769997,110.349998,108.709999,109.199997
72628200,109.199997,109.690002,108.080002,109.040001
72714600,109.040001,109.919998,108.300003,108.889999
72973800,108.889999,109.190002,107.620003,108.190002
73060200,108.190002,108.290001,106.699997,107.120003
73146600,107.120003,107.889999,106.18,106.889999
73233000,106.889999,107.889999,106.419998,107.050003
73319400,107.050003,108.279999,106.699997,107.669998
73575000,107.669998,108,106.300003,106.690002
73661400,106.690002,107.370003,105.550003,106.080002
73747800,106.080002,107.239998,105.440002,105.989998
73834200,105.989998,106.809998,105.139999,106.25
73920600,106.25,107.330002,105.699997,106.629997
74179800,106.629997,106.809998,105.360001,106.139999
74266200,106.059998,106.059998,103.830002,104.739998
74352600,104.739998,106.099998,104.43,105.419998
74439000,105.419998,106.449997,104.900002,105.769997
74525400,105.769997,107.019997,105.489998,106.379997
74784600,106.379997,107.449997,106.059998,106.860001
74871000,106.860001,107.550003,106.129997,106.660004
74957400,106.660004,107.379997,106.019997,106.889999
75043800,106.889999,108.389999,106.720001,107.940002
75130200,107.940002,109.589996,107.739998,108.980003
75389400,108.980003,110.370003,108.790001,109.690002
75475800,109.690002,110.459999,108.910004,109.779999
75562200,109.779999,111.07,109.389999,110.309998
75648600,110.309998,111.199997,109.669998,110.459999
75735000,110.459999,111.309998,109.839996,110.660004
76080600,110.660004,111.480003,109.779999,110.349998
76167000,110.349998,110.519997,108.919998,109.529999
76253400,109.529999,110.349998,108.970001,109.690002
76339800,109.690002,110.510002,108.93,109.730003
76599000,109.730003,109.919998,108.279999,108.82
76685400,108.82,109.32,107.709999,108.209999
76771800,108.209999,108.519997,106.910004,107.650002
76858200,107.650002,108.519997,106.900002,107.279999
76944600,107.279999,107.68,106.300003,106.860001
77203800,106.860001,107.919998,106.290001,107.010002
77290200,107.010002,108.029999,106.379997,107.550003
77376600,107.550003,109.150002,107.379997,108.389999
77463000,108.389999,109.519997,107.779999,108.440002
77549400,108.440002,108.940002,107.540001,108.360001
77808600,108.360001,108.779999,107.370003,108.110001
77895000,108.110001,109.120003,107.639999,108.559998
77981400,108.559998,109.660004,107.980003,108.790001
78067800,108.790001,109.260002,107.620003,108.68
78154200,108.68,109.330002,107.690002,108.269997
78413400,108.230003,108.230003,106.68,107.480003
78499800,107.480003,108.290001,106.699997,107.370003
78586200,107.370003,107.870003,106.489998,107.019997
78672600,107.019997,107.470001,105.940002,106.82
78759000,106.82,107.910004,106.400002,107.139999
79018200,107.139999,107.949997,106.720001,107.489998
79191000,107.489998,108.800003,107.139999,108.099998
79277400,108.279999,110.269997,108.279999,109.040001
79363800,109.040001,109.660004,108.160004,108.690002
79623000,108.690002,109.160004,107.620003,108.110001
79709400,108.110001,108.349998,106.870003,107.32
79795800,107.32,108.150002,106.419998,106.889999
79882200,106.889999,107.300003,105.620003,106.279999
79968600,106.279999,107.580002,105.769997,106.800003
80227800,106.800003,107.370003,105.550003,105.879997
80314200,105.879997,106.400002,104.43,105.830002
80400600,105.830002,107.360001,105.470001,106.139999
80487000,106.139999,106.68,105.120003,105.809998
80573400,105.809998,107.050003,104.989998,106.660004
80832600,106.660004,108.669998,106.629997,107.919998
80919000,107.919998,108.879997,107.059998,107.599998
81005400,107.599998,108.419998,106.790001,107.529999
81091800,107.529999,108.309998,106.610001,107.279999
81178200,107.279999,108.029999,106.519997,107.379997
81437400,107.379997,108.059998,106.599998,107.389999
81523800,107.389999,108.849998,107.059998,108.400002
81610200,108.400002,109.849998,108.120003,109.290001
81696600,109.290001,110.879997,108.900002,110.139999
81783000,110.139999,111.120003,109.370003,110.43
82042200,110.43,111.379997,109.690002,110.610001
82128600,110.610001,111.32,109.669998,110.690002
82215000,110.690002,111.57,109.980003,110.860001
82301400,110.860001,111.68,110.089996,111.050003
82387800,111.050003,112.400002,110.519997,111.949997
82647000,111.949997,113.449997,111.660004,112.550003
82733400,112.550003,113.040001,111.269997,112.059998
82819800,112.059998,112.800003,110.870003,111.660004
82906200,111.660004,112.410004,110.720001,111.339996
82992600,111.339996,112.529999,110.809998,111.760002
83251800,111.760002,112.739998,110.75,111.720001
83338200,111.720001,113.160004,111.279999,112.410004
83424600,112.410004,113.269997,111.300003,112.260002
83511000,112.260002,112.809998,110.620003,111.019997
83597400,111.019997,111.529999,109.779999,110.669998
83856600,110.669998,111.239998,109.709999,110.230003
83943000,110.230003,111.019997,109.260002,110.410004
84029400,110.410004,111.330002,109.900002,110.57
84115800,110.57,111.519997,110.080002,111.089996
84202200,111.089996,112.120003,110.699997,111.510002
84547800,111.510002,112.080002,110.75,111.230003
84634200,111.230003,111.379997,110.040001,110.550003
84720600,110.550003,111.059998,109.709999,110.290001
84807000,110.290001,110.900002,109.669998,110.150002
85066200,110.150002,110.57,109.010002,109.510002
85152600,109.510002,109.839996,107.809998,108.470001
85239000,108.470001,109.360001,107.839996,108.900002
85325400,108.900002,109.639999,108.209999,108.93
85411800,108.93,109.489998,108.099998,108.809998
85671000,108.809998,109.220001,107.860001,108.610001
85757400,108.610001,109.57,108.080002,108.550003
85843800,108.550003,109.120003,107.839996,108.599998
85930200,108.599998,109.129997,107.75,108.43
86016600,108.43,109.199997,107.720001,108.519997
86275800,108.519997,109.089996,107.669998,108.050003
86362200,108.050003,108.970001,107.349998,108.120003
86448600,108.120003,109.919998,107.790001,109.660004
86535000,109.660004,110.75,108.75,110.349998
86621400,110.349998,110.550003,108.050003,110.550003
86880600,110.550003,110.980003,109.489998,110.160004
86967000,110.160004,110.900002,109.470001,110.300003
87053400,110.300003,111.349998,109.580002,110.089996
87139800,110.089996,110.519997,108.489998,108.889999
87226200,108.889999,110.489998,107.779999,109.620003
87485400,109.620003,110.440002,109.279999,109.900002
87571800,109.900002,111.110001,109.32,109.989998
87658200,109.989998,110.510002,108.769997,109.5
87744600,109.5,109.690002,108.029999,108.599998
87831000,108.599998,108.879997,107.169998,107.919998
88090200,107.919998,108.400002,106.379997,106.769997
88176600,106.769997,108.040001,106.269997,107.5
88263000,107.5,109.110001,107.360001,108.190002
88349400,108.190002,108.809998,107.400002,108.050003
88435800,108.050003,109.790001,107.589996,109.239998
88695000,109.510002,111.099998,109.510002,110.349998
88781400,110.349998,111.339996,109.379997,110.809998
88867800,110.809998,111.559998,109.959999,110.720001
88954200,110.720001,112.260002,110.260002,110.989998
89040600,110.989998,111.620003,109.989998,110.620003
89303400,110.620003,111.190002,109.660004,110.589996
89389800,110.589996,112.050003,110.400002,111.580002
89476200,111.580002,113.309998,111.32,112.669998
89562600,112.669998,113.809998,111.959999,113.230003
89649000,113.230003,114.809998,112.709999,114.220001
89908200,114.220001,115.169998,112.910004,113.980003
90081000,113.980003,115.230003,112.769997,113.349998
90167400,113.349998,114.110001,112.080002,113.5
90253800,113.5,115.150002,112.849998,113.730003
90513000,113.730003,114.75,112.910004,113.900002
90599400,113.900002,115.410004,113.360001,114.949997
90685800,114.949997,116.07,113.870003,114.5
90772200,114.5,115.57,113.730003,115.129997
90858600,115.129997,116.230003,114.440002,115.489998
91117800,115.489998,116.25,114.57,115.529999
91204200,115.529999,116.839996,115.040001,116.209999
91290600,116.209999,117.610001,115.669998,116.900002
91463400,116.900002,117.910004,116.190002,117.269997
91722600,117.269997,117.550003,115.660004,116.720001
91809000,116.720001,117.480003,115.779999,116.470001
91895400,116.470001,117.139999,115.559998,116.519997
91981800,116.519997,117.389999,115.739998,116.669998
92068200,116.669998,118.18,116.290001,117.379997
92327400,117.379997,118.540001,116.989998,117.769997
92413800,117.769997,118.419998,116.889999,117.580002
92500200,117.580002,118.559998,116.900002,118.010002
92586600,118.010002,119.169998,117.57,118.599998
92673000,118.599998,119.540001,117.919998,118.860001
92932200,118.860001,119.779999,118.239998,119.120003
93018600,119.120003,119.790001,118.089996,118.660004
93105000,118.660004,119.230003,117.769997,118.559998
93191400,118.559998,119.190002,117.629997,118.239998
93277800,118.239998,119.25,117.370003,118.260002
93537000,117.879997,117.879997,115.889999,116.900002
93623400,116.900002,117.370003,115.690002,116.339996
93709800,116.339996,117.129997,115.379997,115.949997
93796200,115.949997,116.599998,114.629997,115.110001
93882600,115.110001,116.400002,114.779999,115.830002
94228200,115.830002,116.870003,115.540001,116.300003
94314600,116.300003,117.550003,115.889999,116.93
94487400,116.93,118.769997,116.699997,118.050003
94833000,118.059998,119.900002,118.059998,119.099998
94919400,119.099998,120.449997,118.690002,119.57
95005800,119.57,120.169998,118.120003,119.400002
95092200,119.400002,120.709999,118.879997,119.870003
95351400,119.870003,120.550003,119.040001,119.849998
95437800,119.849998,120.400002,118.889999,119.730003
95524200,119.730003,120.440002,118.779999,119.43
95610600,119.43,121.739998,119.010002,120.239998
95697000,120.239998,121.269997,118.690002,119.300003
95956200,119.300003,120.82,118.040001,118.440002
96042600,118.440002,119.169998,117.040001,118.139999
96129000,118.139999,119.349998,117.610001,118.68
96215400,118.68,119.93,118.150002,118.849998
96301800,118.849998,119.449997,117.459999,118.779999
96561000,118.779999,119.629997,117.720001,118.209999
96647400,118.209999,119,116.839996,118.220001
96733800,118.220001,119.040001,116.089996,116.730003
96906600,116.730003,117.290001,114.970001,116.449997
97165800,116.449997,117.18,115.129997,116.010002
97252200,116.010002,117.110001,115.260002,115.830002
97338600,115.830002,116.839996,115.050003,116.029999
97425000,116.029999,117.010002,114.260002,114.760002
97511400,114.760002,115.400002,113.449997,114.349998
97770600,114.349998,115.150002,113.620003,114.230003
97857000,114.230003,115.330002,113.449997,114.449997
97943400,114.449997,115.480003,113.239998,113.660004
98029800,113.660004,114.050003,111.849998,113.160004
98116200,113.160004,115.199997,113.080002,114.68
98375400,114.690002,116.660004,114.690002,116.059998
98461800,116.089996,118.980003,116.089996,116.779999
98548200,116.779999,116.919998,114.519997,115.099998
98634600,115.099998,115.68,113.699997,114.449997
98721000,114.449997,115.470001,113.730003,114.980003
99066600,114.980003,116.260002,114.57,115.400002
99153000,115.400002,116.010002,114.129997,114.690002
99239400,114.690002,115.199997,113.440002,114.440002
99325800,114.440002,114.669998,112.769997,113.160004
99585000,113.160004,113.260002,111.150002,112.190002
99671400,112.190002,112.900002,110.5,110.900002
99757800,110.900002,112.209999,109.800003,111.68
99844200,111.68,112.980003,110.68,111.050003
99930600,111.050003,112.620003,109.449997,112.279999
100189800,112.279999,113.43,111.330002,112.68
100276200,112.68,114.709999,112.57,114.099998
100362600,114.099998,115.120003,112.830002,114.449997
100449000,114.449997,115.230003,113.57,114.230003
100535400,114.230003,114.550003,112.93,113.790001
100794600,113.790001,114.800003,113.25,113.860001
100881000,113.860001,115.050003,113.32,114.480003
100967400,114.480003,115.610001,113.970001,114.980003
101053800,114.980003,115.470001,113.769997,114.120003
101140200,114.120003,114.620003,112.839996,113.540001
101399400,113.5,113.5,111.650002,112.169998
101485800,112.169998,112.68,111.019997,111.949997
101572200,111.949997,112.809998,110.169998,110.489998
101658600,110.389999,110.389999,108.190002,108.839996
101745000,108.839996,109.970001,107.410004,108.879997
102004200,108.879997,110.400002,108.290001,109.839996
102090600,109.949997,112.07,109.949997,111.559998
102177000,111.559998,112.470001,110.540001,111.620003
102263400,111.620003,113.220001,111.07,112.709999
102349800,112.709999,112.870003,110.889999,111.519997
102609000,111.519997,111.699997,109.68,110.18
102695400,110.18,110.349998,108.470001,109.239998
102781800,109.239998,109.959999,108.099998,108.769997
102868200,108.769997,109.150002,107.440002,108.519997
102954600,108.519997,110.040001,108.220001,109.279999
103213800,109.279999,111.239998,108.739998,110.860001
103300200,110.919998,112.849998,110.919998,112.209999
103386600,112.209999,113.269997,111.209999,112.68
103473000,112.68,113.650002,111.830002,112.580002
103559400,112.580002,112.910004,111.230003,112.080002
103818600,112.080002,112.610001,110.910004,111.440002
103905000,111.440002,111.809998,110.190002,110.940002
103991400,110.940002,112.029999,109.989998,111.540001
104077800,111.540001,112.93,111.059998,112.169998
104423400,112.169998,112.660004,110.910004,111.57
104509800,111.57,111.889999,109.639999,109.989998
104596200,109.82,109.82,107.790001,108.339996
104682600,108.339996,109.660004,107.139999,108.889999
104769000,108.889999,109.279999,106.760002,107.230003
105024600,107.230003,107.900002,105.440002,106.970001
105111000,106.970001,108,105.339996,107.099998
105197400,107.099998,109.059998,106.949997,108.43
105283800,108.43,110.639999,106.809998,110.220001
105370200,110.220001,111.989998,109.889999,111
105629400,111,111.379997,109.68,110.529999
105715800,110.529999,111.720001,109.459999,111.25
105802200,111.25,112.25,109.970001,110.440002
105888600,110.440002,110.860001,108.860001,109.540001
105975000,109.489998,109.489998,107.699997,108.169998
106234200,107.739998,107.739998,105.519997,105.900002
106320600,105.900002,107.160004,104.120003,106.57
106407000,106.57,107.610001,105.489998,106.43
106493400,106.43,106.82,105.150002,105.559998
106579800,105.410004,105.410004,103.18,103.860001
106839000,103.769997,103.769997,101.360001,102.730003
106925400,102.730003,105.040001,102.580002,103.580002
107011800,103.580002,105.099998,102.82,104.07
107098200,104.07,107.440002,103.589996,107.139999
107184600,107.139999,108.860001,106.080002,107.940002
107530200,107.940002,108.580002,106.769997,107.510002
107616600,107.510002,107.639999,105.480003,105.910004
107703000,105.910004,106.300003,104.349998,104.949997
107789400,104.949997,105.040001,103.309998,103.93
108048600,103.93,103.980003,102.330002,102.970001
108135000,102.970001,105.269997,102.610001,104.620003
108221400,104.620003,105.779999,103.599998,104.309998
108307800,104.309998,106.389999,104.190002,105.839996
108394200,105.839996,107.75,105.599998,107.029999
108653400,107.029999,107.790001,106.110001,106.699997
108739800,106.699997,108.779999,106.400002,108.290001
108826200,108.290001,109.519997,107.080002,107.599998
108912600,107.599998,108.269997,105.830002,106.400002
108999000,106.209999,106.209999,104.370003,105.099998
109258200,104.959999,104.959999,103.080002,103.599998
109344600,103.599998,104.959999,102.459999,103.989998
109431000,103.989998,105.129997,103.510002,104.440002
109517400,104.440002,104.769997,102.839996,103.209999
109603800,103.209999,105.660004,103.07,103.699997
109863000,103.639999,103.639999,101.709999,102.25
109949400,102.25,103.779999,101.449997,103.300003
110035800,103.300003,104.230003,102.290001,103.620003
110122200,103.620003,105.169998,103.18,104.690002
110208600,104.690002,105.300003,103.68,104.260002
110467800,104.099998,104.099998,102.440002,102.900002
110554200,102.900002,103.019997,101.139999,101.870003
110727000,101.870003,102.480003,100.800003,101.779999
110813400,101.779999,102.220001,100.669998,101.279999
111072600,101.279999,102.449997,100.440002,102.139999
111159000,102.260002,104.199997,102.260002,103.519997
111245400,103.639999,106.209999,103.639999,105.800003
111331800,105.800003,106.620003,104.379997,105.5
111418200,105.5,105.800003,103.660004,104.089996
111677400,104.089996,106.010002,103.419998,105.669998
111763800,105.669998,107.279999,104.989998,105.720001
111850200,105.720001,107.050003,104.730003,106.349998
111936600,106.349998,107.580002,105.059998,106.550003
112023000,106.550003,108.019997,105.949997,107.139999
112282200,107.139999,108.419998,106.540001,107.519997
112368600,107.519997,108.629997,106.309998,108.139999
112455000,108.139999,110.760002,107.919998,109.639999
112541400,109.639999,111.040001,108.510002,109.849998
112627800,109.849998,110.489998,108.699997,109.589996
112887000,109.589996,110.120003,108.239998,109.25
112973400,109.25,110.089996,107.889999,108.220001
113059800,108.169998,108.169998,106.290001,106.830002
113146200,106.830002,107.379997,105.510002,106.669998
113232600,106.669998,107.169998,105.68,106.489998
113491800,106.489998,107.540001,105.449997,106.730003
113578200,106.730003,107.57,105.870003,106.550003
113664600,106.550003,106.730003,105.040001,105.550003
113751000,105.550003,106.650002,104.889999,105.610001
113837400,105.610001,106.029999,104.209999,104.769997
114096600,104.769997,104.830002,103.129997,103.709999
114183000,103.709999,104.290001,102.339996,102.709999
114269400,102.709999,103.790001,101.919998,103.010002
114355800,103.010002,103.970001,101.849998,102.290001
114442200,102.290001,102.980003,101.379997,102.309998
114701400,102.309998,102.540001,101.110001,101.610001
114787800,101.610001,102.099998,100.510002,100.889999
114874200,100.889999,101.389999,99.739998,100.529999
114960600,100.620003,102.5,100.620003,101.910004
115047000,101.910004,102.650002,100.879997,101.620003
115306200,101.620003,102.82,101.089996,102.419998
115392600,102.419998,103.660004,102.059998,103.019997
115479000,103.019997,104.919998,102.690002,104.029999
115565400,104.029999,104.839996,103.290001,103.879997
115651800,103.879997,104.720001,103.150002,104.25
115997400,104.25,105.349998,103.599998,104.510002
116083800,104.510002,105.330002,103.599998,104.639999
116170200,104.639999,105.949997,104.050003,105.150002
116256600,105.150002,105.870003,104.040001,104.760002
116515800,104.760002,105.120003,103.330002,103.849998
116602200,103.849998,104.089996,102.129997,103.220001
116688600,103.220001,103.980003,102.150002,103.059998
116775000,103.059998,104.089996,102.370003,103.360001
116861400,103.360001,104.75,102.660004,104.440002
117120600,104.440002,105.410004,103.209999,104.150002
117207000,104.150002,104.620003,102.410004,103.769997
117293400,103.800003,106.43,103.800003,105.879997
117379800,105.879997,107.550003,105.32,106.760002
117466200,106.760002,108.019997,105.43,107.199997
117725400,107.199997,108.360001,106.209999,107.360001
117811800,107.360001,108.790001,106.5,108.050003
117898200,108.050003,109.610001,107.43,108.830002
117984600,108.830002,110.449997,108.019997,109.080002
118071000,109.080002,109.419998,107.480003,108.43
118330200,108.43,108.980003,107.080002,108.209999
118416600,108.209999,109.459999,107.480003,108.790001
118503000,108.790001,109.949997,107.739998,108.779999
118589400,108.779999,109.529999,107.300003,108.410004
118675800,108.410004,110.459999,107.760002,109.849998
118935000,109.849998,110.93,108.019997,110.230003
119021400,110.230003,111.190002,109.050003,110.129997
119107800,110.129997,111.309998,108.510002,109.220001
119194200,109.220001,111.769997,108.959999,111.089996
119280600,111.089996,112.82,110.519997,111.440002
119539800,111.32,111.32,109.290001,110.050003
119626200,110.050003,110.800003,108.5,110.190002
119712600,110.190002,111.410004,109.190002,109.970001
119799000,109.970001,111.43,108.970001,110.010002
119885400,110.010002,111.559998,109.300003,110.220001
120144600,110.220001,110.559998,108.18,109.160004
120231000,109.160004,110.910004,107.400002,109.75
120317400,109.75,110.980003,109.029999,110.269997
120403800,110.269997,111.330002,108.849998,110.5
120490200,110.5,112.309998,110.080002,111.379997
120753000,111.379997,112.559998,110.519997,111.150002
120839400,111.150002,111.300003,108.949997,109.330002
120925800,109.330002,109.82,107.639999,108.290001
121012200,108.290001,109.199997,106.879997,107.690002
121098600,107.690002,108.349998,106.330002,107.07
121357800,106.970001,106.970001,104.870003,105.519997
121444200,105.519997,107,104.519997,104.959999
121530600,104.959999,106.720001,104.529999,105.800003
121617000,106.099998,108.449997,106.099998,107.019997
121703400,107.019997,107.269997,104.769997,105.300003
121962600,105.300003,105.75,103.120003,104.440002
122049000,104.440002,105.419998,102.910004,104.360001
122135400,104.360001,105.25,101.870003,102.449997
122221800,102.449997,103.849998,100.690002,102.43
122308200,102.43,105.410004,101.769997,103.879997
122567400,103.650002,103.650002,100.370003,100.709999
122653800,100.650002,100.650002,97.639999,98.660004
122740200,98.660004,101.330002,97.870003,99.760002
122913000,99.760002,100.489998,98.589996,99.440002
123172200,98.639999,98.639999,95.790001,96.580002
123258600,96.580002,97.699997,94.879997,95.699997
123345000,95.699997,98.400002,95.220001,97.650002
123431400,97.650002,98.720001,96.010002,97.309998
123517800,97.309998,97.550003,95.400002,95.959999
123777000,95.830002,95.830002,92.919998,93.900002
123863400,93.900002,95.230003,92.599998,93.589996
123949800,93.589996,93.93,91.550003,92.160004
124036200,92.160004,94.889999,91.68,94.419998
124122600,94.489998,97.580002,94.489998,96.510002
124381800,96.510002,98.580002,95.440002,97.949997
124468200,97.949997,99.089996,95.620003,96.040001
124554600,95.519997,95.519997,92.900002,93.57
124641000,93.57,94.68,91.639999,92.379997
124727400,92.379997,94.529999,91.050003,93.290001
124986600,93.290001,94,91.870003,92.75
125073000,92.75,95.410004,92.18,94.739998
125159400,94.739998,96.830002,93.809998,94.82
125245800,94.82,96.260002,93.510002,94.550003
125332200,94.550003,95.110001,92.699997,93.540001
125591400,93.540001,93.769997,91.68,92.900002
125764200,93.870003,96.519997,93.870003,95.739998
125850600,96,98.529999,96,97.739998
125937000,97.739998,98.760002,96.410004,97.540001
126196200,97.540001,98.300003,95.949997,97.550003
126369000,97.550003,98.379997,96.25,97.68
126455400,98.019997,100.940002,98.019997,99.800003
126541800,99.800003,100.699997,97.699997,98.900002
126797400,98.900002,99.309998,96.860001,98.07
126883800,98.07,98.260002,95.580002,96.120003
126970200,95.400002,95.400002,92.629997,93.419998
127056600,93.419998,94.629997,91.620003,92.389999
127143000,92.389999,94.57,91.75,93.660004
127402200,93.660004,95.239998,92.349998,93.419998
127488600,93.419998,95.260002,92.839996,94.230003
127575000,94.230003,96.199997,93.779999,95.669998
127661400,95.669998,98.349998,95.669998,97.300003
127747800,97.300003,97.629997,95,95.559998
128007000,95.559998,95.959999,93.230003,95.400002
128093400,95.400002,97.410004,94.919998,96.550003
128179800,96.550003,98.110001,95.879997,97.07
128266200,97.07,97.75,95.489998,96.82
128352600,96.82,97.639999,95.68,96.629997
128611800,96.629997,97.32,95.370003,96.089996
128698200,96.089996,96.809998,94.970001,96.010002
128784600,96.019997,97.900002,96.019997,97.059998
128871000,97.059998,98.059998,96.110001,96.57
128957400,96.57,96.629997,94.660004,95.32
129216600,94.889999,94.889999,92.739998,93.290001
129303000,93.290001,94.169998,92.260002,93
129389400,93,94.089996,92.370003,93.260002
129475800,93.260002,94.089996,92.43,93.300003
129562200,93.300003,93.790001,91.870003,92.330002
129821400,92.330002,92.540001,90.260002,90.660004
129907800,90.660004,91.599998,89.529999,90.940002
129994200,90.940002,92.129997,90.370003,90.980003
130080600,90.980003,91.889999,90.169998,90.949997
130167000,90.949997,92.980003,90.620003,92.269997
130512600,92.269997,94.440002,91.68,92.120003
130599000,92.120003,93.919998,91.339996,93.440002
130685400,93.440002,95.190002,93.199997,94.709999
130771800,94.709999,96.190002,94.080002,95.389999
131031000,95.389999,95.959999,94.239998,95.029999
131117400,95.029999,96.379997,94.199997,96
131203800,96,97.43,95.489998,96.400002
131290200,96.400002,96.980003,95.199997,96.220001
131376600,96.220001,96.400002,94.809998,95.529999
131635800,95.529999,95.949997,94.190002,95.529999
131722200,95.980003,98.169998,95.980003,97.32
131808600,97.32,98.57,96.540001,97.980003
131895000,97.980003,98.199997,96.370003,96.940002
131981400,96.940002,98.279999,95.769997,97.779999
132240600,97.779999,99.400002,96.379997,98.879997
132327000,98.879997,100.019997,97.970001,99.150002
132413400,99.150002,100.730003,98.720001,99.739998
132499800,99.739998,101.050003,98.800003,99.650002
132586200,99.650002,99.989998,98.220001,99.279999
132845400,99.279999,99.709999,97.620003,98.050003
132931800,98.050003,98.199997,96.629997,97.230003
133018200,97.230003,98.220001,96.669998,97.57
133104600,97.57,98.589996,96.82,97.339996
133191000,97.339996,98.040001,96.349998,97.269997
133450200,97.269997,98.019997,95.690002,97.639999
133536600,97.639999,98.660004,97.110001,97.949997
133623000,97.949997,98.260002,96.32,96.589996
133709400,96.199997,96.199997,94.360001,94.82
133795800,94.82,95.120003,93.440002,93.980003
134055000,93.980003,94.68,92.82,93.25
134141400,93.25,94.150002,92.589996,93.349998
134227800,93.349998,94.699997,92.940002,94.330002
134314200,94.330002,95.139999,93.550003,94.330002
134400600,94.239998,94.239998,92.550003,93.010002
134659800,93,93,91.5,92.029999
134746200,92.029999,93.279999,91.610001,92.610001
134832600,92.610001,93.519997,91.889999,92.400002
134919000,92.400002,92.919998,91.550003,92.120003
135264600,92.120003,92.940002,91.489998,92.050003
135351000,92.050003,94.059998,92.050003,93.660004
135437400,93.660004,95.040001,93.120003,94.360001
135523800,94.360001,95.419998,93.75,94.779999
135610200,94.769997,94.769997,93.199997,93.75
135869400,93.75,94.120003,92.709999,93.379997
135955800,93.379997,93.510002,91.529999,91.809998
136042200,91.809998,91.82,89.910004,90.300003
136128600,90.300003,90.529999,88.620003,89.57
136215000,89.57,91.099998,89.059998,90.18
136474200,90.18,90.779999,89.019997,90
136560600,90,91.089996,89.379997,90.309998
136647000,90.309998,93.029999,89.82,92.220001
136733400,92.220001,93.589996,91.459999,92.089996
136819800,92.089996,92.269997,90.589996,91.290001
137079000,91.290001,91.599998,90.129997,91.120003
137165400,91.120003,92.360001,90.690002,91.459999
137251800,91.459999,92.339996,90.709999,91.639999
137338200,91.639999,93.489998,91.269997,92.959999
137424600,92.959999,93.57,91.029999,91.470001
137683800,91.470001,91.720001,89.910004,90.660004
137770200,90.660004,91.68,90.050003,90.690002
137856600,90.690002,91.220001,89.650002,90.449997
137943000,90.449997,91.309998,89.360001,89.720001
138029400,89.529999,89.529999,87.669998,88.209999
138288600,88.209999,89.089996,87.190002,87.860001
138375000,87.860001,88.980003,87.190002,87.910004
138461400,87.910004,88.790001,86.720001,87.089996
138547800,87.089996,87.980003,86.120003,87.290001
138634200,87.290001,89.269997,87.199997,88.580002
138979800,88.580002,89.370003,87.690002,88.370003
139066200,88.370003,88.839996,86.519997,86.889999
139152600,86.889999,88.089996,85.870003,87.43
139239000,87.43,88.019997,86.190002,87.279999
139498200,87.279999,89.400002,86.779999,89.099998
139584600,89.099998,91.129997,89.089996,90.139999
139671000,90.139999,91.419998,89.040001,90.309998
139757400,90.309998,92.309998,89.709999,91.959999
139843800,91.959999,93.760002,91.739998,92.550003
140103000,92.550003,93.639999,91.529999,93.099998
140189400,93.099998,93.57,91.760002,92.279999
140275800,92.279999,92.610001,90.889999,92.059998
140362200,92.059998,93.330002,91.480003,92.339996
140448600,92.230003,92.230003,90.730003,91.300003
140707800,91.300003,91.339996,89.629997,90.040001
140794200,90.040001,90.529999,88.919998,89.449997
140880600,89.449997,89.800003,88.389999,88.839996
140967000,88.839996,89.349998,87.800003,88.209999
141053400,88.209999,88.309998,86.769997,87.459999
141312600,87.459999,88.379997,86.699997,87.690002
141399000,87.690002,89.480003,87.669998,88.980003
141485400,88.980003,89.120003,87.300003,87.610001
141571800,87.610001,87.610001,85.879997,86.309998
141658200,86.309998,86.779999,85.129997,86
141917400,86,86.889999,85.32,86.019997
142003800,86.019997,86.260002,83.980003,84.300003
142090200,84.300003,85.150002,83.459999,84.25
142263000,84.25,84.449997,83.169998,83.660004
142522200,83.129997,83.129997,80.480003,81.089996
142608600,81.089996,82.5,80.349998,81.480003
142695000,81.480003,82.220001,79.739998,79.989998
142781400,79.989998,81.080002,79.080002,79.889999
142867800,80.970001,83.650002,80.970001,83.150002
143127000,83.150002,84.889999,82.650002,83.779999
143213400,83.779999,83.849998,82.139999,82.809998
143299800,82.809998,84.129997,81.699997,83.699997
143386200,83.699997,85.389999,83.129997,83.779999
143472600,83.779999,84.669998,82.870003,83.540001
143731800,83.540001,84.440002,82.589996,83.809998
143818200,83.809998,85.629997,83.669998,84.650002
143904600,84.650002,85.639999,83.610001,84.989998
143991000,84.989998,85.669998,83.129997,83.980003
144077400,83.980003,84.169998,82,82.400002
144336600,82.019997,82.019997,80.220001,80.940002
144423000,80.940002,81.519997,79.580002,80.5
144509400,80.5,80.82,78.959999,79.309998
144595800,79.309998,80.019997,77.970001,78.75
144682200,78.75,79.389999,77.839996,78.589996
144941400,78.589996,80.309998,78.029999,79.290001
145027800,79.779999,82.650002,79.779999,80.519997
145114200,80.519997,82.93,80.129997,82.650002
145200600,82.650002,83.529999,80.860001,81.57
145287000,81.57,81.879997,80.110001,80.860001
145546200,80.860001,81.260002,79.300003,79.75
145632600,79.75,79.949997,77.830002,78.489998
145719000,76.730003,76.730003,76.730003,76.730003
145805400,76.730003,77.519997,75.190002,76.300003
145891800,76.300003,77.019997,75.290001,75.669998
146151000,75.650002,75.650002,73.779999,74.57
146237400,74.57,76.110001,73.82,74.949997
146323800,74.949997,75.5,73.160004,73.510002
146410200,73.510002,74.050003,71.610001,72.800003
146496600,72.800003,73.709999,70.75,71.550003
146755800,71.550003,73.169998,70.419998,72.160004
146842200,72.160004,72.5,70.5,70.940002
146928600,70.940002,72.169998,70.129997,70.760002
147015000,70.760002,71.220001,69.370003,69.989998
147101400,70.220001,72.68,70.220001,72.150002
147447000,72.150002,73.010002,70.279999,70.519997
147533400,69.849998,69.849998,67.639999,68.690002
147619800,68.690002,71.300003,68.650002,70.870003
147706200,70.870003,72.419998,70.080002,71.419998
147965400,71.349998,71.349998,69.379997,69.720001
148051800,69.720001,70.470001,68.550003,69.239998
148138200,69.239998,70,68.220001,68.550003
148224600,68.540001,68.540001,66.220001,66.709999
148311000,66.709999,66.910004,64.739998,65.199997
148570200,65.199997,66.919998,64.150002,66.260002
148656600,66.449997,68.839996,66.449997,67.379997
148743000,67.379997,68.139999,65.919998,67.720001
148829400,68.360001,70.760002,68.360001,70.089996
148915800,70.089996,71.120003,68.620003,70.139999
149175000,70.139999,71.019997,68.790001,69.419998
149261400,69.029999,69.029999,67.419998,68.019997
149347800,68.019997,69.769997,66.860001,67.57
149434200,67.400002,67.400002,65.790001,66.459999
149520600,66.459999,67.089996,64.580002,64.940002
149779800,64.849998,64.849998,62.52,63.540001
149866200,63.540001,64.370003,61.75,63.389999
149952600,63.389999,64.620003,62.740002,63.380001
150039000,63.380001,63.48,61.66,62.279999
150125400,62.279999,63.23,60.959999,62.34
150384600,62.779999,65.400002,62.779999,64.949997
150471000,64.949997,66.07,63.950001,64.839996
150557400,64.839996,68.150002,63.740002,67.82
150643800,68.300003,71.480003,68.300003,69.790001
150730200,69.790001,71.989998,68.800003,71.139999
150989400,71.169998,74.43,71.169998,72.739998
151075800,72.739998,73.349998,70.610001,71.440002
151162200,71.440002,71.980003,69.540001,70.330002
151248600,70.330002,72,69.410004,71.169998
151335000,71.199997,73.339996,71.199997,72.279999
151594200,72.279999,73.919998,71.239998,73.5
151680600,73.5,75.089996,72.550003,73.129997
151767000,72.809998,72.809998,70.400002,71.029999
151853400,70.980003,70.980003,68.800003,70.220001
151939800,70.220001,71.589996,69.459999,70.120003
152202600,70.120003,70.669998,68.889999,70.089996
152289000,70.489998,73.190002,70.489998,72.830002
152375400,72.830002,75.449997,72.400002,74.309998
152461800,74.309998,75.900002,73.150002,73.900002
152548200,73.900002,74.849998,72.68,73.879997
152807400,73.800003,73.800003,71.93,73.080002
152893800,73.080002,75.360001,72.489998,75.110001
152980200,75.110001,77.410004,74.230003,74.75
153066600,74.75,76.300003,73.849998,75.209999
153153000,75.209999,76,74.010002,74.910004
153412200,74.910004,75.699997,74.040001,75.150002
153498600,75.150002,75.589996,73.339996,73.669998
153585000,73.669998,74.25,72.32,73.349998
153671400,73.349998,74.540001,72.529999,73.059998
153757800,73.059998,73.269997,71.410004,71.910004
154017000,71.099998,71.099998,68.949997,69.269997
154103400,69.269997,69.709999,67.660004,68.199997
154189800,68.199997,69.25,67.360001,67.900002
154276200,67.900002,68.940002,66.849998,68.18
154362600,68.239998,70,68.239998,68.900002
154621800,68.900002,69.68,67.790001,68.830002
154708200,68.830002,70.360001,68.190002,69.470001
154794600,69.470001,71.309998,69.169998,69.940002
154967400,69.940002,70.489998,69.18,69.970001
155226600,69.800003,69.800003,67.809998,68.110001
155313000,68.110001,68.129997,66.620003,67.169998
155399400,67.169998,68.32,66.610001,67.410004
155485800,67.410004,68,65.900002,66.129997
155572200,66.129997,66.199997,64.400002,65.010002
155831400,65.010002,66.290001,64.129997,65.599998
155917800,65.879997,68.169998,65.879997,67.279999
156004200,67.279999,69.029999,66.830002,67.669998
156090600,67.669998,68.610001,66.559998,67.449997
156177000,67.449997,68.150002,66.32,67.07
156436200,67.07,67.739998,66.019997,66.459999
156522600,66.459999,67.919998,65.860001,67.580002
156609000,67.580002,69.010002,67.300003,67.900002
156695400,67.900002,68.620003,66.93,67.650002
156781800,67.650002,67.93,66.360001,66.910004
157041000,66.910004,67.18,65.339996,65.959999
157127400,65.959999,67.25,65.860001,66.879997
157300200,66.879997,68.190002,66.620003,67.440002
157386600,67.440002,67.989998,66.489998,67.139999
157645800,67.139999,67.650002,66.230003,67.160004
157732200,67.160004,69.040001,67.150002,68.559998
157905000,68.650002,70.919998,68.650002,70.230003
157991400,70.230003,71.639999,69.290001,70.709999
158250600,70.709999,72.239998,70.330002,71.07
158337000,71.07,71.75,69.919998,71.019997
158423400,71.019997,71.529999,69.650002,70.040001
158509800,70.040001,71.419998,69.040001,71.169998
158596200,71.599998,73.75,71.599998,72.610001
158855400,72.610001,73.809998,71.830002,72.309998
158941800,72.309998,72.699997,71.019997,71.68
159028200,71.68,72.769997,70.449997,72.139999
159114600,72.139999,72.93,71.260002,72.050003
159201000,72.050003,72.360001,70.559998,70.959999
159460200,70.959999,71.459999,69.800003,71.080002
159546600,71.080002,72.040001,70.25,70.699997
159633000,70.699997,71.970001,69.860001,71.739998
159719400,71.739998,73.110001,71.089996,72.07
159805800,72.07,73.57,71.550003,72.980003
160065000,73.760002,76.029999,73.760002,75.370003
160151400,75.370003,77.589996,75.360001,76.029999
160237800,76.029999,78.029999,75.230003,77.260002
160324200,77.260002,78.690002,75.82,76.209999
160410600,76.209999,77.720001,75.410004,76.980003
160669800,76.980003,78.550003,76.360001,77.82
160756200,77.82,78.370003,76,77.610001
160842600,77.610001,79.400002,76.809998,78.949997
160929000,78.949997,80.720001,78.089996,78.559998
161015400,78.559998,79.120003,77,78.629997
161274600,78.629997,79.400002,77.769997,78.360001
161361000,78.360001,79.07,77.379997,78.580002
161447400,78.580002,80.209999,77.940002,79.919998
161533800,79.980003,82.529999,79.980003,81.010002
161620200,81.010002,82.330002,80.129997,81.5
161965800,81.5,82.449997,80.160004,80.93
162052200,80.93,81.940002,79.830002,81.440002
162138600,81.440002,82.779999,80.82,82.209999
162225000,82.209999,83.559998,81.720001,82.620003
162480600,82.620003,82.709999,80.870003,81.440002
162567000,81.089996,81.089996,79.050003,79.529999
162653400,79.529999,80.889999,78.910004,80.370003
162739800,80.370003,81.639999,80.059998,80.769997
162826200,80.769997,82.019997,80.07,81.589996
163085400,81.589996,83.459999,81.32,83.029999
163171800,83.029999,85.43,82.849998,83.559998
163258200,83.559998,84.709999,82.160004,83.900002
163344600,83.900002,84.169998,81.940002,83.690002
163431000,83.690002,85.139999,83.25,84.300003
163690200,84.300003,85.470001,83.43,84.949997
163776600,84.949997,85.889999,83.800003,84.360001
163863000,84.360001,84.730003,82.870003,83.589996
163949400,83.589996,84.260002,82.519997,83.739998
164035800,83.739998,85.43,83.5,84.760002
164295000,84.760002,86.519997,84.389999,86.010002
164381400,86.010002,87.080002,84.75,85.129997
164467800,85.129997,85.169998,83.43,84.339996
164554200,84.339996,85.300003,83.019997,83.610001
164640600,83.610001,84.110001,82.519997,83.389999
164899800,82.389999,82.389999,80.599998,81.419998
164986200,81.419998,82.669998,80.080002,82.059998
165072600,82.160004,84.239998,82.160004,83.589996
165159000,83.589996,84.879997,83.040001,83.849998
165504600,83.849998,84.620003,82.839996,83.360001
165591000,83.360001,83.589996,81.980003,82.639999
165677400,82.639999,83.57,81.800003,82.43
165763800,82.43,82.839996,80.879997,81.510002
165850200,81.510002,81.900002,80.290001,80.879997
166109400,80.879997,81.110001,79.660004,80.349998
166195800,80.349998,81.650002,80.129997,80.989998
166282200,80.989998,83.220001,80.910004,82.839996
166368600,82.839996,84.699997,82.68,83.769997
166455000,83.769997,84.68,82.93,84.18
166714200,84.18,86.120003,83.980003,85.599998
166800600,85.599998,87.239998,85.029999,86.300003
166887000,86.300003,87.099998,84.93,86.599998
166973400,86.599998,88.790001,86.43,87.25
167059800,87.25,87.589996,85.529999,86.300003
167319000,86.300003,87.989998,85.919998,87.230003
167405400,87.230003,88.639999,86.580002,87.089996
167491800,87.089996,87.419998,85.650002,86.120003
167578200,86.120003,86.919998,85,86.040001
167664600,86.040001,87.5,85.620003,86.620003
167923800,86.620003,87.330002,85.540001,86.230003
168010200,86.230003,86.790001,85.040001,85.639999
168096600,85.639999,87.610001,85,87.300003
168183000,87.300003,89.099998,86.940002,88.099998
168269400,88.099998,89.980003,87.910004,89.220001
168528600,89.220001,90.82,88.260002,90.080002
168615000,90.080002,90.860001,88.150002,88.639999
168701400,88.639999,89.75,87.599998,89.080002
168787800,89.080002,90.129997,88.230003,89.559998
168874200,89.559998,91.239998,89.330002,90.529999
169133400,90.529999,91.669998,89.910004,90.610001
169219800,90.610001,92.260002,89.989998,91.580002
169306200,91.580002,93.230003,91.169998,92.269997
169392600,92.269997,93.510002,90.940002,91.410004
169479000,91.410004,91.589996,89.739998,90.43
169738200,90.43,91.07,88.980003,90.529999
169824600,90.529999,91.449997,89.580002,90.07
169911000,90.07,90.25,88.470001,89.059998
169997400,89.059998,90.300003,88.349998,89.389999
170083800,89.389999,91.019997,89.300003,90.580002
170429400,90.580002,91.290001,89.599998,90.339996
170515800,90.339996,91.139999,89.07,89.709999
170602200,89.709999,90.589996,88.830002,89.68
170688600,89.870003,91.620003,89.870003,91.150002
170947800,91.32,93.410004,91.32,92.580002
171034200,92.580002,93.760002,91.879997,92.889999
171120600,92.889999,93.610001,91.82,92.599998
171207000,92.599998,93.160004,91.410004,92.690002
171293400,92.690002,93.599998,91.75,92.480003
171552600,92.480003,92.870003,90.910004,91.209999
171639000,91.209999,91.209999,89.459999,90.440002
171725400,90.440002,91.669998,90,90.550003
171811800,90.550003,91.360001,89.639999,90.080002
171898200,90.080002,91.059998,89.300003,90.519997
172157400,90.519997,91.849998,90.120003,91.459999
172243800,91.459999,92.220001,90.169998,90.580002
172330200,90.580002,91.07,89.599998,90.389999
172416600,90.389999,92.370003,90.120003,92.019997
172503000,92.019997,93.75,91.830002,92.610001
172762200,92.610001,93.980003,91.809998,93.620003
172848600,93.620003,95.230003,93.309998,94.190002
172935000,94.190002,95.290001,93.529999,94.620003
173021400,94.620003,95.720001,93.879997,94.809998
173107800,94.809998,95.660004,94.099998,94.809998
173367000,94.809998,95.849998,94.300003,95.190002
173453400,95.190002,95.730003,94.129997,94.849998
173539800,94.849998,94.910004,93.370003,94.18
173626200,94.18,95.040001,93.489998,94.360001
173971800,94.360001,94.82,93.160004,93.540001
174058200,93.540001,94.029999,92.510002,93.389999
174144600,93.389999,95.220001,93.379997,94.800003
174231000,94.800003,96.190002,94.25,94.809998
174317400,94.809998,95.690002,93.830002,94.660004
174576600,94.660004,95.760002,94.040001,95.190002
174663000,95.190002,96.580002,94.709999,95.610001
174749400,95.610001,96.370003,94.199997,94.610001
174835800,94.610001,95.029999,92.989998,93.629997
174922200,93.629997,93.959999,92.389999,93.199997
175181400,93.199997,93.93,92.029999,92.440002
175267800,92.440002,92.489998,90.629997,91.449997
175354200,91.449997,92.150002,89.830002,90.18
175440600,90.18,90.949997,88.900002,90.07
175527000,90.07,90.720001,88.720001,89.290001
175786200,89.290001,89.68,88.019997,88.690002
175872600,88.690002,89.910004,87.709999,88.190002
175959000,88.190002,89.489998,87.68,88.830002
176045400,88.830002,90.07,88.309998,88.75
176131800,88.75,89.040001,87.459999,87.989998
176391000,87.989998,88.169998,86.68,87.150002
176477400,87.150002,87.809998,85.889999,86.230003
176563800,86.230003,87.040001,85.339996,86.25
176650200,86.25,87.239998,85.690002,86.300003
176736600,86.300003,87,85.519997,86.019997
176995800,86.019997,86.889999,85.339996,86.550003
177082200,86.550003,88.169998,86.489998,87.120003
177168600,87.120003,87.410004,85.610001,85.970001
177255000,85.970001,86.339996,85.019997,85.599998
177341400,85.599998,86.760002,85.330002,86.360001
177600600,86.360001,87.209999,85.760002,86.199997
177687000,86.199997,86.470001,84.660004,84.949997
177773400,84.779999,84.779999,82.760002,83.220001
177859800,83.220001,84.150002,82.209999,83.07
177946200,83.07,84.610001,82.790001,84.279999
178205400,84.279999,85.580002,84.059998,85.059998
178291800,85.059998,85.400002,83.650002,83.959999
178378200,83.959999,84.790001,83.349998,84.43
178464600,84.68,86.639999,84.68,86.400002
178551000,86.400002,87.730003,86.099998,86.879997
178896600,86.879997,87.419998,85.209999,85.480003
178983000,85.480003,86.379997,84.620003,86.029999
179069400,86.029999,86.910004,85.290001,86.199997
179155800,86.199997,86.489998,85.190002,85.620003
179415000,85.620003,86.309998,84.889999,85.889999
179501400,85.889999,86.730003,84.370003,84.599998
179587800,84.589996,84.589996,83,83.790001
179674200,83.790001,84.300003,82.879997,83.449997
179760600,83.449997,84.470001,82.839996,83.300003
180019800,83.300003,83.489998,82.290001,82.879997
180106200,82.879997,83.43,81.790001,82.089996
180192600,82.089996,82.93,81.57,82.370003
180279000,82.370003,84.339996,82.230003,84.059998
180365400,84.260002,86.389999,84.260002,85.879997
180624600,85.879997,86.699997,84.699997,85.07
180711000,85.07,85.510002,83.800003,84.940002
180797400,85.029999,86.699997,85.029999,85.739998
180883800,85.739998,86.410004,84.790001,85.639999
180970200,85.639999,86.860001,85.129997,86.190002
181229400,86.190002,86.379997,84.739998,85.029999
181315800,85.010002,85.010002,83.440002,83.870003
181402200,83.870003,85.449997,82.57,82.93
181488600,82.93,84.330002,82.82,83.82
181575000,83.879997,86.209999,83.879997,85.949997
181834200,85.980003,87.639999,85.980003,86.879997
181920600,86.879997,87.32,85.559998,86.769997
182007000,86.769997,88.459999,86.339996,87.940002
182093400,87.940002,89.419998,87.599998,88.370003
182179800,88.370003,89.169998,87.440002,88.209999
182439000,88.209999,89.669998,87.730003,89.459999
182525400,89.459999,90.800003,88.809998,89.279999
182611800,89.279999,90.07,88.5,89.230003
182698200,89.230003,90.730003,88.900002,89.370003
182784600,89.370003,89.870003,88.080002,88.860001
183043800,88.860001,90.139999,88.43,89.82
183130200,89.82,91.43,89.790001,90.559998
183216600,90.559998,91.379997,89.769997,90.709999
183303000,90.709999,91.75,90.089996,91.239998
183389400,91.239998,91.519997,89.459999,89.830002
183652200,89.830002,90.400002,88.849998,89.730003
183738600,89.730003,91.010002,89.400002,90.510002
183825000,90.510002,90.610001,88.889999,89.389999
183911400,89.389999,90.199997,88.699997,89.309998
183997800,89.309998,89.800003,88.349998,89.040001
184257000,89.040001,89.209999,87.779999,88.089996
184343400,88.089996,89.029999,87.629997,88.510002
184429800,88.510002,90.080002,88.32,89.150002
184516200,89.150002,90.150002,88.160004,89.550003
184602600,89.550003,90.18,88.669998,89.330002
184861800,89.330002,89.980003,88.349998,89.339996
184948200,89.339996,90.470001,89.040001,89.870003
185034600,89.870003,91.629997,89.800003,91.190002
185121000,91.190002,92.330002,90.559998,91.040001
185207400,91.040001,91.589996,90.190002,90.970001
185466600,90.970001,91.989998,90.5,91.459999
185553000,91.459999,92.300003,90.599998,91
185639400,91,91.279999,89.470001,89.980003
185725800,89.980003,90.68,89.089996,89.639999
185812200,89.639999,90.230003,88.790001,89.529999
186071400,89.529999,90.169998,88.650002,89.699997
186157800,89.699997,91.099998,89.660004,90.709999
186244200,90.709999,91.580002,90.169998,90.940002
186417000,90.940002,91.739998,90.440002,91.239998
186676200,91.239998,91.900002,90.330002,90.669998
186762600,90.669998,90.809998,89.080002,89.330002
186849000,88.830002,88.830002,87.080002,87.599998
186935400,87.599998,88.389999,86.68,87.839996
187021800,87.839996,88.379997,86.540001,86.82
187281000,86.82,87.75,86.150002,87.07
187367400,87.07,87.800003,86.160004,87.300003
187453800,87.300003,88.389999,86.910004,88.080002
187540200,88.080002,88.790001,87.410004,87.800003
187626600,87.800003,88.220001,87.050003,87.830002
187885800,87.830002,88.639999,87.32,88.089996
187972200,88.089996,89.489998,87.779999,88.93
188058600,88.93,89.800003,88.459999,89.150002
188145000,89.150002,90.089996,88.620003,89.43
188231400,89.43,89.809998,88.389999,88.800003
188490600,88.800003,89.129997,87.739998,88.139999
188577000,88.139999,89.230003,87.639999,88.730003
188663400,88.730003,89.839996,88.730003,89.459999
188836200,89.459999,90.449997,89.25,90.25
189095400,90.25,91.089996,89.629997,90.129997
189181800,90.129997,90.550003,89.199997,89.769997
189268200,89.769997,90.75,89.169998,90.190002
189441000,90.190002,91.18,89.809998,90.900002
189700200,90.900002,92.839996,90.849998,92.580002
189786600,92.580002,94.18,92.370003,93.529999
189873000,93.529999,95.150002,92.910004,93.949997
189959400,93.949997,95.470001,93.410004,94.580002
190045800,94.580002,95.709999,94.050003,94.949997
190305000,94.949997,96.760002,94.379997,96.330002
190391400,96.330002,97.389999,95.110001,95.57
190477800,95.57,97.470001,94.910004,97.129997
190564200,97.129997,98.339996,96.150002,96.610001
190650600,96.610001,97.730003,95.839996,97
190909800,97,98.839996,96.360001,98.32
190996200,98.32,99.440002,97.43,98.860001
191082600,98.860001,99.239998,97.120003,98.239998
191169000,98.239998,98.790001,97.07,98.040001
191255400,98.040001,99.879997,97.68,99.209999
191514600,99.209999,100.75,98.919998,99.68
191601000,99.68,100.519997,98.279999,99.07
191687400,99.07,99.639999,97.660004,98.529999
191773800,98.529999,100.540001,98.32,100.110001
191860200,100.110001,101.989998,99.940002,100.860001
192119400,100.860001,101.389999,99.739998,100.870003
192205800,100.870003,101.970001,99.580002,101.18
192292200,101.18,102.57,100.699997,101.910004
192378600,101.910004,102.300003,100.059998,100.389999
192465000,100.389999,100.529999,98.639999,99.459999
192724200,99.459999,100.660004,98.769997,99.620003
192810600,99.620003,100.959999,99.110001,100.470001
192897000,100.470001,101.800003,100.099998,100.769997
192983400,100.769997,101.550003,99.82,100.25
193069800,100.25,100.660004,99.010002,99.669998
193415400,99.669998,100.25,98.559998,99.050003
193501800,99.050003,100.43,98.5,99.849998
193588200,99.940002,101.919998,99.940002,101.410004
193674600,101.410004,103.07,101.18,102.099998
193933800,102.099998,102.540001,100.690002,101.610001
194020200,101.610001,102.919998,101.029999,102.029999
194106600,102.029999,102.709999,100.690002,101.690002
194193000,101.690002,102.360001,99.739998,100.110001
194279400,100.110001,100.529999,98.599998,99.709999
194538600,99.709999,100.639999,98.669998,100.019997
194625000,100.019997,101.260002,99.610001,100.580002
194711400,100.580002,100.970001,99.230003,99.980003
194797800,99.980003,100.400002,98.489998,98.919998
194884200,98.919998,99.879997,98.230003,99.110001
195143400,99.110001,100.709999,98.93,100.190002
195229800,100.190002,101.900002,99.949997,100.580002
195316200,100.580002,101.800003,99.980003,100.940002
195402600,100.940002,102.410004,100.620003,101.889999
195489000,101.889999,102.459999,100.489998,100.860001
195748200,100.860001,100.900002,99.239998,99.800003
195834600,99.800003,101.25,99.379997,100.919998
195921000,100.919998,102.010002,100.279999,100.860001
196007400,100.860001,101.370003,99.730003,100.449997
196093800,100.449997,101.230003,99.699997,100.580002
196353000,100.580002,101.529999,100.139999,100.709999
196439400,100.709999,102.540001,100.32,102.239998
196525800,102.510002,104.389999,102.510002,103.419998
196612200,103.419998,104,102.190002,102.849998
196698600,102.849998,103.650002,102.199997,102.849998
196957800,102.849998,103.360001,101.989998,102.410004
197044200,102.410004,103.360001,101.25,102.010002
197130600,102.010002,103.080002,101.599998,102.769997
197217000,102.769997,103.239998,101.5,102.239998
197303400,102.239998,102.760002,101.230003,102.25
197562600,102.32,104.129997,102.32,103.510002
197649000,103.510002,104.629997,102.93,103.360001
197735400,103.360001,103.849998,101.919998,102.209999
197821800,102.209999,102.379997,100.529999,101.279999
197908200,101.279999,101.739998,99.870003,100.349998
198167400,100.349998,101.300003,99.57,100.199997
198253800,100.199997,101.389999,99.639999,101.050003
198340200,101.050003,101.769997,99.980003,100.309998
198426600,100.309998,101.18,99.730003,100.669998
198772200,100.669998,101.830002,100.32,101.440002
198858600,101.440002,103.32,101.419998,102.870003
198945000,102.870003,104.029999,102.300003,103.32
199031400,103.32,104.040001,102.519997,102.980003
199117800,102.980003,103.209999,101.699997,102.290001
199373400,102.290001,102.800003,101.360001,102.43
199459800,102.43,103.18,101.510002,101.860001
199546200,101.860001,102.459999,100.910004,102.129997
199632600,102.129997,102.970001,101.449997,102.129997
199719000,102.129997,102.650002,101.160004,101.639999
199978200,101.639999,101.730003,100.139999,100.919998
200064600,100.919998,101.93,100.290001,101.459999
200151000,101.459999,101.919998,100.449997,100.879997
200237400,100.879997,101.699997,100.309998,101.160004
200323800,101.160004,102.269997,100.769997,101.879997
200583000,101.879997,103.510002,101.760002,103.099998
200669400,103.099998,103.989998,102.389999,102.949997
200755800,102.949997,103.550003,102.139999,102.769997
200842200,102.769997,103.029999,101.730003,102.160004
200928600,102.160004,102.230003,100.82,101.339996
201187800,101.339996,101.709999,100.410004,101.089996
201274200,101.089996,102,100.720001,101.260002
201360600,101.260002,102.010002,100.550003,101.18
201447000,101.18,102.529999,100.690002,102
201533400,102,102.339996,100.809998,101.260002
201792600,101.07,101.07,99.110001,99.440002
201879000,99.440002,100.019997,98.480003,99.489998
201965400,99.489998,100.139999,98.650002,99.339996
202051800,99.339996,99.769997,98.260002,99.379997
202138200,99.379997,100.639999,99,100.18
202483800,100.18,100.739998,99.360001,99.849998
202570200,99.849998,100.690002,99.260002,100.220001
202656600,100.220001,101.099998,99.68,100.129997
202743000,100.129997,100.269997,98.790001,99.150002
203002200,99.150002,99.389999,97.970001,98.629997
203088600,98.629997,99.709999,98.32,98.800003
203175000,98.800003,99.489998,98.230003,98.739998
203261400,98.739998,99.980003,98.550003,99.559998
203347800,99.559998,101.220001,99.379997,100.919998
203607000,101,102.510002,101,101.949997
203693400,101.949997,102.389999,100.839996,101.459999
203779800,101.459999,102.650002,100.959999,102.010002
203866200,102.010002,104.120003,101.970001,103.610001
203952600,103.610001,104.800003,103.059998,103.760002
204211800,103.760002,104.730003,103.18,104.279999
204298200,104.279999,104.82,103.160004,103.470001
204384600,103.470001,103.900002,102.400002,103.25
204471000,103.25,104.370003,102.900002,103.790001
204557400,103.790001,104.540001,103.169998,103.720001
204816600,103.720001,104.349998,102.970001,103.43
204903000,103.43,104.330002,102.949997,103.860001
204989400,103.860001,105.07,103.519997,104.279999
205075800,104.279999,104.980003,103.139999,103.589996
205162200,103.589996,104.529999,103.129997,104.110001
205507800,104.110001,104.669998,103.190002,103.540001
205594200,103.540001,104.230003,102.800003,103.830002
205680600,103.830002,104.75,103.440002,103.980003
205767000,103.980003,105.410004,103.800003,104.980003
206026200,104.980003,106.300003,104.739998,105.900002
206112600,105.900002,106.779999,105.150002,105.669998
206199000,105.669998,106.610001,105.050003,105.949997
206285400,105.949997,106.25,104.760002,105.199997
206371800,105.199997,105.269997,103.870003,104.68
206631000,104.68,105.32,103.839996,104.290001
206717400,104.290001,104.57,103.050003,103.720001
206803800,103.720001,104.559998,103.209999,103.82
206890200,103.82,104.419998,103.150002,103.93
206976600,103.93,104.709999,103.489998,104.059998
207235800,104.059998,104.690002,103.459999,104.07
207322200,104.07,104.510002,103.129997,103.480003
207408600,103.480003,103.580002,102.309998,103.050003
207495000,103.050003,103.589996,102.360001,102.93
207581400,102.93,103.879997,102.470001,103.440002
207840600,103.440002,103.980003,102.639999,103.190002
207927000,103.190002,104.489998,102.790001,104.139999
208013400,104.139999,105.18,103.720001,104.43
208099800,104.43,104.760002,103.480003,103.849998
208186200,103.849998,104.25,103.099998,103.790001
208445400,103.790001,104.019997,103.010002,103.489998
208531800,103.489998,104.709999,103.209999,104.410004
208618200,104.410004,105.239998,103.730003,104.059998
208704600,104.059998,104.639999,103.379997,104.220001
208791000,104.220001,104.790001,103.610001,104.25
209050200,104.25,104.989998,103.739998,104.43
209136600,104.43,105.25,103.980003,104.800003
209223000,104.800003,105.410004,104.120003,104.559998
209309400,104.559998,104.739998,103.010002,103.389999
209395800,103.309998,103.309998,101.959999,102.370003
209655000,102.370003,102.489998,101.040001,101.959999
209741400,101.959999,102.650002,100.980003,101.269997
209827800,101.269997,102.410004,100.43,102.029999
209914200,102.029999,102.589996,101.010002,101.32
210000600,101.32,101.900002,100.550003,101.480003
210259800,101.480003,102.510002,101.220001,102.07
210346200,102.07,103.379997,101.940002,102.910004
210432600,102.910004,104.300003,102.599998,104.059998
210519000,104.059998,104.839996,103.470001,103.919998
210605400,103.919998,104.629997,103.360001,104.300003
210951000,104.300003,105.309998,103.93,105.029999
211037400,105.029999,105.730003,104.339996,104.940002
211123800,104.940002,105.120003,103.910004,104.400002
211210200,104.400002,105.029999,103.790001,104.650002
211469400,104.650002,105.290001,103.879997,104.290001
211555800,104.290001,104.5,103.309998,103.940002
211642200,103.940002,104.699997,103.279999,104.25
211728600,104.25,105.589996,103.839996,105.339996
211815000,105.339996,106.809998,105.139999,106.269997
212074200,106.269997,107.199997,105.739998,106.32
212160600,106.32,108.129997,106.089996,107.830002
212247000,107.830002,108.720001,106.919998,107.459999
212333400,107.459999,107.959999,106.400002,106.919998
212419800,106.919998,107.360001,106.029999,106.800003
212679000,106.800003,107.699997,106.349998,107.269997
212765400,107.269997,107.540001,105.610001,105.919998
212851800,105.919998,106.449997,104.830002,105.370003
212938200,105.370003,105.839996,104.57,105.239998
213024600,105.239998,105.75,103.599998,104.169998
213283800,104.169998,104.620003,103.419998,104.029999
213370200,104.029999,104.25,102.510002,103.230003
213456600,103.230003,103.720001,102.050003,102.970001
213543000,102.970001,103.900002,102.160004,103.540001
213629400,103.540001,104,102.239998,102.559998
213888600,102.480003,102.480003,100.980003,101.639999
213975000,101.639999,102.190002,100.379997,100.809998
214061400,100.809998,102.440002,100.540001,102.120003
214147800,102.120003,102.139999,100.279999,100.849998
214234200,100.849998,101.5,100.019997,100.879997
214493400,100.879997,101.989998,100.620003,101.470001
214579800,101.470001,102.040001,100.419998,101.449997
214666200,101.449997,102.230003,100.809998,101.739998
214752600,101.739998,102.32,100.489998,100.769997
214839000,100.769997,100.93,99.239998,99.959999
215098200,99.959999,100.599998,99.209999,100.07
215184600,100.07,101.5,99.910004,101.059998
215271000,101.059998,102.120003,100.610001,101.760002
215357400,101.760002,102.5,101.120003,101.610001
215443800,101.610001,103.099998,101.150002,102.900002
215706600,102.900002,103.779999,102.190002,103.099998
215879400,102.489998,102.489998,100.730003,101.919998
215965800,101.919998,103.160004,101.400002,102.410004
216052200,102.410004,102.699997,100.480003,100.82
216311400,100.620003,100.620003,99.099998,99.599998
216397800,99.599998,100.209999,98.379997,99.32
216484200,99.32,99.980003,98.18,98.809998
216570600,98.809998,99.889999,98.349998,99.639999
216657000,99.639999,99.949997,98.510002,99.239998
216916200,99.239998,100.160004,98.529999,99.900002
217002600,99.900002,101.120003,99.440002,100.040001
217089000,100.040001,101.32,99.639999,100.610001
217175400,100.610001,102.220001,100.489998,101.889999
217261800,101.889999,102.769997,101.169998,101.919998
217521000,101.919998,103.150002,101.629997,102.589996
217607400,102.589996,102.900002,101.5,101.959999
217693800,101.959999,102.849998,101.410004,102.410004
217866600,102.410004,103.510002,102.129997,103.150002
218125800,103.150002,103.459999,102.07,102.440002
218212200,102.440002,102.720001,101.459999,102.099998
218298600,102.099998,103.029999,101.620003,102.489998
218385000,102.489998,103.300003,101.699997,102.120003
218471400,102.120003,103.309998,101.75,102.760002
218730600,102.760002,104.150002,102.529999,103.559998
218817000,103.559998,104.400002,102.959999,103.489998
218903400,103.489998,104.400002,102.940002,104.080002
218989800,104.080002,105.269997,103.709999,104.510002
219076200,104.510002,105.360001,103.900002,104.699997
219335400,104.699997,105.330002,103.940002,104.629997
219421800,104.629997,105.440002,103.800003,105.07
219508200,105.07,105.889999,104.330002,105.139999
219594600,105.139999,105.529999,104.07,104.800003
219681000,104.800003,105.599998,103.889999,104.260002
219940200,104.260002,104.629997,103.209999,103.650002
220026600,103.650002,104.660004,102.989998,104.220001
220113000,104.220001,105.589996,104.029999,104.709999
220199400,104.709999,105.489998,104.089996,104.839996
220545000,104.839996,106.309998,104.580002,106.059998
220631400,106.059998,107.360001,105.900002,106.769997
220717800,106.769997,107.169998,105.830002,106.339996
220804200,106.339996,107.410004,105.970001,106.879997
220890600,106.879997,107.82,106.550003,107.459999
221149800,107.459999,107.970001,106.419998,107
221236200,107,107.309998,105.400002,105.699997
221322600,105.699997,106.07,104.330002,104.760002
221409000,104.760002,105.860001,104.400002,105.019997
221495400,105.019997,105.589996,104.300003,105.010002
221754600,105.010002,105.75,104.459999,105.199997
221841000,105.199997,105.599998,103.760002,104.120003
221927400,104.120003,104.18,102.75,103.400002
222013800,103.400002,104.599998,103.209999,104.199997
222100200,104.199997,104.709999,103.370003,104.010002
222359400,104.010002,104.370003,103.040001,103.730003
222445800,103.730003,104.290001,102.709999,103.32
222532200,103.32,104.379997,102.830002,103.849998
222618600,103.849998,104.449997,102.5,102.970001
222705000,102.970001,103.910004,102.349998,103.32
222964200,103.32,104.059998,102.5,103.25
223050600,103.25,104.080002,102.419998,103.129997
223137000,103.129997,103.480003,101.839996,102.339996
223223400,102.339996,102.809998,101.269997,101.790001
223309800,101.790001,102.610001,101.080002,101.93
223569000,101.93,102.440002,100.910004,102.029999
223655400,102.029999,103.059998,101.57,102.540001
223741800,102.540001,103.32,101.889999,102.360001
223828200,102.360001,102.57,101.279999,101.849998
223914600,101.849998,102.709999,101.300003,101.879997
224173800,101.879997,102.43,101.25,101.889999
224260200,101.889999,102.650002,101.160004,101.599998
224346600,101.599998,101.879997,100.120003,100.730003
224433000,100.730003,101.510002,100.160004,100.82
224519400,100.82,101.18,99.739998,100.220001
224778600,100.220001,101.059998,99.510002,100.739998
224865000,100.739998,101.669998,100.349998,101.040001
224951400,101.040001,102.220001,100.68,101.5
225037800,101.5,101.760002,100.43,100.919998
225124200,100.919998,101.129997,99.949997,100.489998
225469800,100.489998,101.220001,99.940002,100.489998
225556200,100.489998,100.949997,99.779999,100.190002
225642600,100.190002,100.419998,99.18,99.599998
225729000,99.599998,100.019997,98.82,99.480003
225988200,99.480003,100.059998,98.910004,99.82
226074600,99.82,101.029999,99.650002,100.660004
226161000,100.660004,101.239998,99.970001,100.389999
226247400,100.389999,101.279999,100.010002,100.879997
226333800,100.879997,101.669998,100.519997,101.199997
226593000,101.199997,101.769997,100.639999,101.25
226679400,101.25,101.849998,100.480003,100.870003
226765800,100.870003,100.889999,99.629997,100.099998
226852200,100.099998,100.959999,99.489998,100.669998
226938600,100.669998,101.370003,100.139999,100.650002
227197800,100.650002,101.75,100.239998,101.419998
227284200,101.419998,102.610001,101.339996,101.980003
227370600,101.980003,102.699997,101.519997,102.169998
227457000,102.169998,102.580002,101.279999,102.080002
227543400,102.080002,102.610001,101.389999,101.860001
227802600,101.860001,102.129997,100.919998,101.309998
227889000,101.309998,101.580002,100.349998,101
227975400,101,101.419998,99.879997,100.199997
228061800,100.199997,100.599998,99.260002,99.699997
228148200,99.699997,100.050003,98.709999,99.059998
228407400,99.059998,99.540001,98.349998,99
228493800,99,100.120003,98.949997,99.690002
228580200,99.690002,99.989998,98.18,98.540001
228666600,98.540001,99.139999,97.800003,98.419998
228753000,98.419998,99.57,98.379997,99.209999
229012200,99.209999,99.5,97.980003,98.230003
229098600,98.230003,98.599998,97.43,98.010002
229185000,98.010002,98.610001,97.449997,97.910004
229271400,97.910004,98.650002,97.480003,98.349998
229617000,98.349998,99.370003,98.080002,98.879997
229703400,98.970001,100.580002,98.970001,100.150002
229789800,100.150002,100.720001,99.019997,100.160004
229876200,100.419998,102.07,100.419998,101
229962600,101,101.629997,100.349998,101.040001
230221800,101.040001,101.360001,100.089996,100.540001
230308200,100.540001,100.809998,99.580002,100.07
230394600,100.07,100.980003,99.489998,100.400002
230481000,100.400002,101.199997,99.349998,99.75
230567400,99.669998,99.669998,98.080002,98.440002
230823000,98.32,98.32,96.540001,97.150002
230909400,97.150002,97.940002,96.529999,97.110001
230995800,97.110001,98.470001,96.900002,97.959999
231082200,97.959999,98.769997,97.470001,98.199997
231168600,98.199997,98.870003,97.580002,98.440002
231427800,98.440002,99.260002,97.970001,98.93
231514200,98.93,99.959999,98.720001,99.43
231600600,99.43,100.559998,98.900002,99.959999
231687000,99.959999,100.790001,99.279999,100.110001
231773400,100.110001,100.199997,98.949997,99.489998
232032600,99.489998,99.779999,98.660004,99.18
232119000,99.18,100.089996,98.82,99.470001
232205400,99.470001,99.769997,98.400002,98.779999
232291800,98.779999,99.25,97.910004,98.730003
232378200,98.730003,99.519997,98.370003,99.029999
232637400,99.029999,99.980003,98.790001,99.470001
232723800,99.470001,100.110001,98.760002,99.769997
232810200,99.769997,100.93,99.580002,100.300003
232896600,100.300003,100.739998,99.489998,99.879997
232983000,99.879997,100.120003,98.910004,99.449997
233242200,99.349998,99.349998,97.879997,98.150002
233328600,98.150002,98.25,97,97.669998
233415000,97.669998,98.139999,96.5,96.769997
233501400,96.769997,97.470001,96.199997,97.010002
233587800,97.010002,97.260002,95.919998,96.269997
233933400,96.269997,96.75,95.519997,96.120003
234019800,96.120003,97.269997,95.889999,96.93
234106200,96.93,97.529999,96.230003,96.739998
234192600,96.739998,98.120003,96.550003,97.690002
234451800,97.690002,98.260002,96.889999,97.230003
234538200,97.230003,98.010002,96.599998,97.730003
234624600,97.730003,98.75,97.489998,98.199997
234711000,98.199997,98.620003,97.510002,98.139999
234797400,98.139999,98.860001,97.68,98.459999
235056600,98.459999,99.209999,98.059998,98.739998
235143000,98.760002,100.120003,98.760002,99.860001
235229400,99.860001,100.309998,99.120003,99.610001
235315800,99.610001,100.330002,98.910004,99.849998
235402200,99.849998,100.470001,99.339996,99.970001
235661400,99.970001,100.760002,99.559998,100.419998
235747800,100.419998,101.410004,100.160004,100.739998
235834200,100.739998,101.07,99.900002,100.459999
235920600,100.459999,101.099998,99.879997,100.620003
236007000,100.620003,101.650002,100.410004,101.190002
236266200,101.190002,101.629997,100.470001,100.980003
236352600,100.980003,101.360001,99.870003,100.139999
236439000,100.139999,100.489998,99.300003,100.110001
236525400,100.110001,100.879997,99.68,100.480003
236611800,100.480003,100.760002,99.629997,100.099998
236957400,100.099998,100.720001,99.620003,100.089996
237043800,100.089996,100.410004,99.199997,99.580002
237130200,99.580002,100.300003,99.120003,99.93
237216600,99.93,100.620003,99.370003,99.790001
237475800,99.790001,100.160004,98.900002,99.550003
237562200,99.550003,100.010002,98.809998,99.449997
237648600,99.449997,99.989998,98.830002,99.589996
237821400,99.589996,100.68,99.279999,100.18
238080600,100.18,101.400002,99.940002,100.949997
238167000,100.949997,102.169998,100.68,101.790001
238253400,101.790001,102.57,101.139999,101.730003
238339800,101.730003,102.190002,100.849998,101.589996
238426200,101.589996,102.279999,101.019997,101.669998
238685400,101.669998,101.849998,100.459999,100.849998
238771800,100.849998,100.919998,99.720001,100.269997
238858200,100.269997,100.290001,98.309998,98.639999
238944600,98.639999,99.360001,97.779999,98.790001
239031000,98.790001,99.209999,97.709999,98.849998
239290200,98.849998,99.839996,98.459999,99.120003
239376600,99.120003,99.269997,98.139999,98.5
239463000,98.5,98.860001,97.529999,98.370003
239549400,98.370003,99.190002,97.790001,98.739998
239635800,98.739998,99.440002,98.309998,98.760002
239895000,98.760002,98.860001,97.68,97.989998
239981400,97.989998,98.629997,97.480003,98.050003
240067800,98.050003,99.059998,97.669998,98.919998
240154200,98.919998,99.449997,97.900002,98.160004
240240600,98.160004,98.510002,97.309998,97.879997
240499800,97.879997,98.559998,97.139999,98.18
240586200,98.18,98.599998,97.349998,97.730003
240672600,97.730003,98.400002,97.120003,97.739998
240759000,97.739998,98.690002,97.209999,97.68
240845400,97.68,98.290001,96.779999,97.510002
241104600,97.510002,98.290001,96.839996,97.790001
241191000,97.790001,98.519997,97.18,97.620003
241277400,97.620003,97.989998,96.769997,97.230003
241363800,97.18,97.18,95.809998,96.150002
241450200,96.150002,96.419998,95.040001,96.059998
241709400,96.059998,97.25,95.93,96.919998
241795800,96.919998,97.550003,96.040001,96.379997
241882200,96.379997,97,95.589996,96.769997
241968600,96.769997,97.540001,96.349998,96.830002
242055000,96.830002,97.760002,96.510002,97.449997
242400600,97.449997,98.129997,96.93,97.709999
242487000,97.709999,98.379997,97.330002,98.010002
242573400,98.010002,98.43,97.010002,97.279999
242659800,97.099998,97.099998,95.970001,96.370003
242919000,96.370003,96.639999,95.370003,96.029999
243005400,96.029999,96.559998,95.480003,96.089996
243091800,96.089996,96.879997,95.660004,96.550003
243178200,96.550003,97.309998,96.150002,96.800003
243264600,96.800003,97.300003,96.050003,96.480003
243523800,96.480003,96.589996,95.459999,95.849998
243610200,95.849998,96.290001,95.230003,95.889999
243696600,95.889999,96.519997,94.830002,95.099998
243783000,95.099998,95.610001,94.510002,95.089996
243869400,95.089996,95.690002,94.599998,95.040001
244128600,95.040001,95.68,94.440002,95.379997
244215000,95.379997,96.010002,94.760002,95.239998
244301400,95.239998,95.910004,94.730003,95.309998
244387800,95.309998,96.279999,95.089996,95.849998
244474200,95.849998,96.849998,95.660004,96.529999
244733400,96.529999,97.110001,95.860001,96.739998
244819800,96.739998,97.269997,95.730003,96.029999
244906200,96.029999,96.360001,95.199997,95.68
244992600,95.68,96.449997,95.300003,96.050003
245079000,96.050003,96.510002,95.480003,95.970001
245338200,95.970001,96.150002,95.32,95.75
245424600,95.75,95.970001,94.730003,94.93
245511000,94.82,94.82,93.400002,94.040001
245597400,94.040001,94.32,92.889999,93.459999
245683800,93.459999,94.190002,92.879997,93.559998
245943000,93.559998,94.029999,92.870003,93.470001
246029400,93.470001,94.190002,93.010002,93.459999
246115800,93.459999,93.709999,92.07,92.379997
246202200,92.379997,93.120003,91.599998,92.669998
246288600,92.669998,92.989998,91.800003,92.32
246547800,92.32,92.620003,91.360001,91.629997
246634200,91.629997,91.709999,90.199997,91
246720600,91,92.459999,90.440002,92.099998
246807000,92.099998,93.150002,91.540001,92.339996
246893400,92.339996,93.129997,91.879997,92.610001
247156200,92.610001,93.029999,91.849998,92.339996
247242600,92.190002,92.190002,91,91.349998
247329000,91.349998,91.589996,90.290001,90.709999
247415400,90.709999,91.18,90.010002,90.760002
247501800,90.760002,91.970001,90.720001,91.580002
247761000,91.580002,92.699997,91.32,92.290001
247847400,92.290001,92.970001,91.82,92.459999
247933800,92.459999,93.269997,92.010002,92.980003
248020200,92.980003,95.099998,92.690002,94.709999
248106600,95.099998,96.489998,95.099998,95.980003
248365800,95.980003,96.379997,94.910004,95.32
248452200,95.32,96.470001,94.730003,95.93
248538600,95.93,96.470001,95.059998,95.449997
248625000,95.449997,95.879997,94.589996,95.160004
248711400,95.160004,95.879997,94.699997,95.330002
248970600,95.330002,95.769997,94.589996,95.25
249057000,95.25,96.519997,95.050003,96.089996
249143400,96.089996,96.940002,95.599998,96.489998
249316200,96.489998,97.110001,95.860001,96.690002
249575400,96.690002,96.980003,95.669998,96.040001
249661800,96.040001,96.089996,94.279999,94.550003
249748200,94.550003,95.169998,93.779999,94.830002
249834600,94.830002,95.449997,94.230003,94.690002
249921000,94.690002,95.25,94.080002,94.669998
250180200,94.669998,95.010002,93.910004,94.269997
250266600,94.089996,94.089996,92.440002,92.830002
250353000,92.830002,93.389999,92.150002,92.779999
250439400,92.779999,93.760002,92.510002,92.959999
250525800,92.959999,94.110001,92.769997,93.650002
250785000,93.650002,94.290001,93.18,93.629997
250871400,93.629997,94.040001,92.900002,93.559998
250957800,93.559998,94.260002,92.940002,94.029999
251044200,94.029999,94.419998,93.230003,93.550003
251130600,93.550003,94.040001,92.93,93.400002
251389800,93.400002,93.709999,92.419998,92.690002
251476200,92.690002,93,91.760002,92.5
251562600,92.5,93.580002,92.199997,93.050003
251649000,93.050003,94.370003,93.050003,93.800003
251735400,93.800003,94.989998,93.75,94.690002
252081000,94.690002,95.209999,94.089996,94.690002
252167400,94.690002,95.199997,93.989998,94.75
252253800,94.75,95.43,94.099998,94.940002
252340200,94.940002,95.669998,94.440002,95.099998
252685800,95.099998,95.150002,93.489998,93.82
252772200,93.82,94.099998,92.57,93.519997
252858600,93.519997,94.529999,92.510002,92.739998
252945000,92.660004,92.660004,91.050003,91.620003
253204200,91.480003,91.480003,89.970001,90.639999
253290600,90.639999,91.290001,89.720001,90.169998
253377000,90.169998,90.699997,89.230003,89.739998
253463400,89.739998,90.599998,89.25,89.82
253549800,89.82,90.470001,89.260002,89.690002
253809000,89.690002,90.110001,88.879997,89.43
253895400,89.43,90.309998,89.050003,89.879997
253981800,89.879997,90.860001,89.589996,90.559998
254068200,90.559998,91.040001,89.739998,90.089996
254154600,90.089996,90.269997,89.410004,89.889999
254413800,89.889999,90.080002,88.809998,89.239998
254500200,89.239998,89.800003,88.669998,89.25
254586600,89.25,89.940002,88.830002,89.389999
254673000,89.389999,89.790001,88.309998,88.580002
254759400,88.580002,89.099998,88.019997,88.580002
255018600,88.580002,89.669998,88.260002,89.339996
255105000,89.339996,89.919998,88.610001,89.25
255191400,89.25,90.239998,88.82,89.93
255277800,89.93,90.910004,89.540001,90.129997
255364200,90.129997,90.32,89.190002,89.620003
255623400,89.620003,89.849998,88.949997,89.5
255709800,89.5,90.529999,89.379997,90.330002
255796200,90.330002,91.32,90.089996,90.830002
255882600,90.830002,90.959999,89.839996,90.300003
255969000,90.300003,90.690002,89.559998,90.080002
256228200,90.080002,90.300003,89.379997,89.860001
256314600,89.860001,89.889999,88.699997,89.040001
256401000,89.040001,89.400002,88.300003,88.830002
256487400,88.769997,88.769997,87.639999,88.080002
256573800,88.080002,88.699997,87.550003,87.959999
256919400,87.959999,88.190002,87.089996,87.589996
257005800,87.589996,88.150002,87.190002,87.559998
257092200,87.559998,87.919998,86.830002,87.639999
257178600,87.660004,88.870003,87.660004,88.489998
257437800,88.489998,88.970001,87.489998,87.720001
257524200,87.720001,87.760002,86.580002,87.040001
257610600,87.040001,87.629997,86.449997,87.190002
257697000,87.190002,87.809998,86.690002,87.32
257783400,87.32,87.980003,86.830002,87.449997
258042600,87.449997,87.519997,86.480003,86.900002
258129000,86.900002,87.629997,86.550003,87.360001
258215400,87.360001,88.080002,86.970001,87.839996
258301800,87.839996,88.489998,87.339996,87.889999
258388200,87.889999,89.25,87.82,88.879997
258647400,88.879997,89.769997,88.480003,88.949997
258733800,88.949997,89.620003,88.209999,89.349998
258820200,89.349998,89.730003,88.519997,89.120003
258906600,89.120003,89.769997,88.580002,89.510002
258993000,89.510002,90.519997,89.169998,90.199997
259252200,90.199997,91.349998,90.099998,90.82
259338600,90.82,91.059998,89.5,89.790001
259425000,89.790001,90.07,88.989998,89.470001
259511400,89.470001,89.900002,88.830002,89.360001
259857000,89.360001,89.5,88.510002,88.870003
259943400,88.870003,89.760002,88.470001,89.5
260029800,89.5,90.169998,89.139999,89.639999
260116200,89.639999,89.889999,88.970001,89.410004
260202600,89.410004,89.639999,88.68,89.209999
260461800,89.199997,89.199997,88.07,88.459999
260548200,88.459999,89.18,88.160004,88.860001
260634600,88.860001,89.910004,88.620003,89.639999
260721000,89.639999,90.459999,89.309998,89.790001
260807400,89.790001,90.589996,89.389999,90.169998
261066600,90.169998,90.879997,89.730003,90.489998
261153000,90.489998,90.790001,89.769997,90.25
261239400,90.25,90.779999,89.650002,90.110001
261325800,90.110001,91.269997,89.82,90.980003
261412200,91.400002,93.309998,91.400002,92.919998
261671400,93.599998,95.889999,93.599998,94.449997
261757800,94.449997,94.720001,92.870003,93.43
261844200,93.43,94.480003,92.75,93.860001
261930600,93.970001,95.709999,93.970001,94.540001
262017000,94.540001,95.089996,93.709999,94.339996
262276200,94.339996,96,94.080002,95.769997
262362600,96.050003,97.910004,96.050003,96.639999
262449000,96.639999,97.75,95.959999,96.82
262535400,96.82,96.93,95.300003,95.860001
262621800,95.860001,97.099998,95.239998,96.830002
262877400,96.830002,98.300003,96.410004,97.669998
262963800,97.669998,98.110001,96.440002,97.25
263050200,97.25,97.610001,95.839996,96.260002
263136600,96.260002,96.43,94.57,95.93
263223000,95.93,97.440002,95.559998,96.529999
263482200,96.529999,97.5,95.82,96.190002
263568600,96.190002,96.68,95.330002,95.900002
263655000,95.900002,96.690002,95.349998,95.919998
263741400,95.919998,97.470001,95.599998,97.199997
263827800,97.199997,98.889999,97.139999,98.07
264087000,98.07,99.110001,97.400002,98.760002
264173400,98.760002,100.160004,98.610001,99.349998
264259800,99.349998,100.32,98.629997,99.599998
264346200,99.599998,100.040001,98.190002,98.620003
264432600,98.620003,99.059998,97.419998,98.120003
264691800,98.120003,99.43,97.650002,99.089996
264778200,99.089996,99.169998,97.529999,98.050003
264864600,97.739998,97.739998,96.269997,97.080002
264951000,97.080002,97.800003,96.300003,96.800003
265037400,96.800003,97.139999,96.010002,96.580002
265383000,96.580002,97.230003,95.949997,96.860001
265469400,96.860001,97.970001,96.5,97.239998
265555800,97.239998,97.949997,96.629997,97.349998
265642200,97.349998,98.519997,97.010002,98.139999
265901400,98.139999,100.269997,97.970001,99.949997
265987800,99.949997,101.839996,99.900002,100.32
266074200,100.32,100.809998,99.360001,100.120003
266160600,100.120003,101.209999,99.550003,100.209999
266247000,100.209999,100.709999,99.300003,99.93
266506200,99.93,100.599998,99.160004,99.550003
266592600,99.550003,99.980003,98.43,99.57
266679000,99.57,100.68,98.889999,99.480003
266765400,99.480003,99.540001,97.970001,98.339996
266851800,98.339996,98.589996,97.099998,97.419998
267111000,97.419998,97.940002,96.529999,97.489998
267197400,97.489998,97.779999,96.150002,96.510002
267283800,96.510002,96.739998,95.419998,96.010002
267370200,96.010002,96.760002,95.519997,96.239998
267456600,96.239998,96.980003,95.489998,95.849998
267715800,95.849998,96.059998,94.309998,94.599998
267802200,94.599998,95.480003,93.989998,94.980003
267888600,94.980003,95.790001,94.440002,95.400002
267975000,95.400002,96.260002,95,95.57
268061400,95.57,95.959999,94.870003,95.529999
268320600,95.529999,95.650002,94.620003,95.089996
268493400,95.089996,95.199997,93.779999,94.269997
268579800,94.269997,94.830002,93.589996,94.32
268666200,94.32,95.32,94.019997,94.889999
268925400,94.889999,95.669998,94.279999,95.269997
269011800,95.269997,96.489998,94.919998,95.93
269098200,95.93,96.830002,95.5,96.239998
269184600,96.239998,96.660004,95.419998,96.25
269271000,96.25,97.879997,95.889999,97.580002
269530200,97.580002,98.839996,97.239998,97.779999
269616600,97.779999,97.980003,96.519997,96.870003
269703000,96.870003,98.410004,96.709999,98.120003
269789400,98.120003,99.18,97.489998,98.029999
269875800,98.029999,98.57,97.019997,97.75
270135000,97.75,98.129997,96.720001,97.720001
270221400,97.720001,98.730003,97.199997,98.440002
270307800,99.080002,99.080002,99.080002,99.080002
270394200,99.080002,100.169998,98.599998,99.540001
270480600,99.540001,100.510002,98.900002,100
270739800,100,101.18,99.370003,100.68
270826200,100.68,101.459999,99.949997,100.660004
270912600,100.660004,103.209999,100.18,102.919998
270999000,102.919998,105.410004,102.82,103.510002
271085400,103.510002,104.669998,102.75,103.919998
271344600,103.919998,104.839996,103.029999,103.550003
271431000,103.550003,104.349998,102.599998,104.010002
271517400,104.010002,105.720001,103.699997,104.5
271603800,104.5,105.110001,103.099998,103.660004
271690200,103.660004,104.669998,102.849998,103.959999
271949400,103.959999,104.980003,103.400002,103.970001
272035800,103.970001,104.379997,102.860001,103.849998
272122200,103.849998,105.150002,103.410004,104.650002
272208600,104.650002,106.269997,104.339996,105.080002
272295000,105.080002,105.980003,104.230003,104.730003
272554200,104.730003,105.199997,103.440002,103.889999
272640600,103.889999,104.790001,103.139999,104.309998
272727000,104.309998,105.68,104.120003,104.910004
272813400,104.910004,105.860001,104.290001,105.080002
272899800,105.080002,105.68,104.239998,104.900002
273159000,104.900002,105.139999,103.610001,103.959999
273245400,103.959999,104.339996,102.919998,103.389999
273331800,103.389999,104.260002,102.699997,103.5
273418200,103.5,104.050003,102.629997,103.290001
273504600,103.290001,104.269997,102.730003,103.68
273850200,103.68,104.830002,103.309998,104.489998
273936600,104.510002,106.190002,104.510002,105.379997
274023000,105.379997,106.489998,104.760002,105.419998
274109400,105.5,107.190002,105.5,106.790001
274368600,106.790001,108.050003,106.419998,106.980003
274455000,106.980003,107.480003,106.019997,106.989998
274541400,106.989998,107.849998,105.870003,106.339996
274627800,106.339996,106.620003,104.769997,105.099998
274714200,105.099998,105.120003,103.559998,104.120003
274973400,104.120003,105.029999,102.75,103.209999
275059800,103.209999,103.82,102.120003,102.529999
275146200,102.529999,103.290001,101.279999,101.730003
275232600,101.730003,102.540001,100.660004,101.900002
275319000,101.900002,102.690002,101.129997,101.839996
275578200,101.839996,102.360001,101.050003,101.860001
275664600,101.860001,103.150002,101.580002,102.620003
275751000,102.620003,103.440002,101.330002,101.660004
275837400,101.660004,102.379997,100.940002,101.959999
275923800,101.959999,103.080002,101.650002,102.540001
276183000,102.540001,103.419998,102.129997,102.959999
276269400,102.959999,103.559998,102.18,102.599998
276355800,102.599998,103.360001,101.760002,103.059998
276442200,103.059998,104.099998,102.540001,103.269997
276528600,103.269997,104.230003,102.82,103.519997
276787800,103.519997,104.889999,103.309998,104.589996
276874200,104.589996,105.360001,103.900002,104.459999
276960600,104.459999,105.639999,103.800003,105.389999
277047000,105.389999,106.230003,104.419998,104.879997
277133400,104.879997,105.339996,104.07,104.660004
277392600,104.629997,104.629997,102.43,102.610001
277479000,102.349998,102.349998,100.470001,101.260002
277565400,101.260002,101.760002,99.889999,100.489998
277651800,100.489998,101.029999,99.040001,99.330002
277738200,99.260002,99.260002,97.120003,97.949997
277997400,97.949997,98.839996,96.629997,98.18
278083800,98.18,98.949997,97.129997,97.489998
278170200,97.489998,98.559998,96.330002,97.309998
278256600,97.309998,97.709999,95.589996,96.029999
278343000,96.029999,96.620003,94.300003,94.589996
278605800,94.589996,95.489998,91.650002,95.059998
278692200,95.059998,95.800003,92.720001,93.150002
278778600,94.129997,97.410004,94.129997,96.849998
278865000,96.849998,97.309998,94.839996,95.610001
278951400,95.610001,96.980003,94.779999,96.18
279210600,96.18,96.489998,94.839996,95.190002
279297000,94.75,94.75,93.139999,93.849998
279383400,93.849998,94.739998,92.889999,94.449997
279469800,94.449997,95.5,93.809998,94.419998
279556200,94.419998,95.389999,93.940002,94.769997
279815400,94.769997,94.900002,92.959999,93.129997
279901800,93.129997,93.529999,91.769997,92.489998
279988200,92.489998,94,92.290001,92.709999
280074600,92.709999,94.080002,92.589996,93.709999
280161000,93.709999,95.029999,93.589996,94.419998
280420200,94.419998,95.860001,94.290001,95.25
280506600,95.25,95.830002,94.489998,95.010002
280593000,95.010002,95.910004,94.540001,95.480003
280765800,95.480003,96.169998,94.980003,95.790001
281025000,95.790001,96.519997,95.169998,95.989998
281111400,95.989998,96.510002,94.879997,95.150002
281197800,94.919998,94.919998,93.480003,93.75
281284200,93.75,94.940002,93.290001,94.699997
281370600,95.010002,96.690002,95.010002,96.279999
281629800,96.279999,96.959999,95.370003,96.150002
281716200,96.150002,97.699997,95.879997,97.440002
281802600,97.440002,98.580002,96.830002,97.489998
281889000,97.489998,98.099998,96.580002,97.080002
281975400,97.080002,97.480003,96.139999,96.629997
282234600,96.629997,97.559998,96.07,97.110001
282321000,97.110001,97.580002,96.269997,96.589996
282407400,96.589996,97.07,95.589996,96.059998
282493800,96.059998,96.440002,95.199997,96.040001
282580200,96.040001,96.279999,94.879997,95.330002
282839400,94.330002,94.330002,92.639999,93.440002
282925800,93.440002,94.849998,93.050003,94.239998
283012200,94.239998,95.199997,93.699997,94.68
283098600,94.68,95.660004,94.110001,94.709999
283185000,94.769997,96.620003,94.769997,96.309998
283530600,96.309998,97.889999,95.989998,97.519997
283617000,97.510002,97.510002,96.150002,96.660004
283703400,96.660004,97.190002,95.82,96.279999
283789800,96.279999,97.029999,95.480003,96.110001
284135400,96.110001,96.959999,95.220001,96.730003
284221800,96.809998,98.540001,96.809998,97.800003
284308200,97.800003,99.419998,97.519997,98.580002
284394600,98.580002,99.790001,98.25,99.129997
284653800,99.129997,99.300003,97.830002,98.800003
284740200,98.800003,99.959999,98.620003,99.330002
284826600,99.330002,99.75,98.279999,98.769997
284913000,98.769997,99.410004,97.949997,99.099998
284999400,99.32,100.910004,99.32,99.93
285258600,99.93,101.129997,99.580002,100.690002
285345000,100.690002,100.879997,99.110001,99.459999
285431400,99.459999,100,98.330002,99.480003
285517800,99.480003,100.349998,98.910004,99.720001
285604200,99.720001,100.57,99.220001,99.75
285863400,99.75,100.349998,98.900002,99.900002
285949800,99.900002,101.050003,99.349998,100.599998
286036200,100.599998,101.309998,99.669998,100.160004
286122600,100.160004,101.660004,99.989998,101.190002
286209000,101.190002,102.589996,101.029999,101.860001
286468200,101.860001,102.330002,100.989998,101.550003
286554600,101.550003,102.07,100.68,101.050003
286641000,101.050003,101.410004,99.470001,99.93
286727400,99.93,100.379997,99.010002,99.959999
286813800,99.959999,100.519997,99.099998,99.5
287073000,99.07,99.07,97.57,98.089996
287159400,98.089996,98.739998,97.480003,98.050003
287245800,98.050003,98.07,96.510002,97.160004
287332200,97.160004,98.110001,96.82,97.650002
287418600,97.650002,98.5,97.279999,97.870003
287677800,97.870003,98.550003,97.050003,98.199997
287764200,98.25,99.580002,98.25,98.93
287850600,98.93,99.639999,98.209999,98.870003
287937000,98.870003,99.129997,97.959999,98.730003
288023400,98.730003,99.230003,98.110001,98.669998
288369000,98.669998,99.669998,98.260002,99.419998
288455400,99.419998,100.07,98.690002,99.07
288541800,99.07,99.209999,97.879997,98.330002
288628200,98.330002,98.5,97.290001,97.779999
288887400,97.779999,98.279999,97.199997,97.669998
288973800,97.650002,97.650002,95.690002,96.129997
289060200,96.129997,96.690002,95.379997,96.279999
289146600,96.279999,97.279999,95.980003,96.900002
289233000,96.900002,97.550003,96.440002,96.970001
289492200,97.029999,98.639999,97.029999,98.059998
289578600,98.059998,98.529999,97.360001,97.870003
289665000,97.870003,99.230003,97.669998,98.440002
289751400,98.440002,99.82,98.099998,99.580002
289837800,99.580002,100.580002,99.120003,99.540001
290097000,99.540001,100.040001,98.559998,99.669998
290183400,99.669998,100.660004,99.129997,99.839996
290269800,99.839996,100.43,99.230003,99.709999
290356200,99.709999,100.57,99.110001,99.860001
290442600,99.860001,101.160004,99.529999,100.690002
290701800,100.690002,101.940002,100.349998,101.059998
290788200,101.059998,101.339996,100.010002,100.5
290874600,100.5,101.480003,99.870003,101.25
290961000,101.25,102.410004,101.040001,101.669998
291047400,101.669998,102.370003,101.019997,101.599998
291306600,101.599998,101.769997,100.599998,101.040001
291393000,101.040001,102.709999,100.809998,102.480003
291479400,102.480003,103.309998,101.739998,102.120003
291565800,102.120003,102.779999,101.43,102.029999
291652200,102.029999,102.510002,101.029999,101.589996
291911400,101.559998,101.559998,100.139999,100.900002
291997800,100.900002,102.669998,100.809998,102.400002
292084200,102.400002,103.730003,102.160004,102.650002
292170600,102.650002,103.599998,102.160004,103.260002
292257000,103.260002,103.949997,102.580002,103.18
292516200,103.18,103.559998,102.279999,102.870003
292602600,102.870003,103.830002,102.419998,103.339996
292689000,103.339996,103.769997,101.919998,102.309998
292775400,102.309998,102.769997,101.510002,102
293121000,102,102.019997,100.669998,101.120003
293207400,101.120003,101.940002,100.650002,101.239998
293293800,101.239998,102.230003,100.959999,101.699997
293380200,101.699997,102.400002,100.879997,101.279999
293466600,101.279999,101.809998,100.459999,101.230003
293725800,101.230003,102,100.68,101.57
293812200,101.57,103.019997,101.389999,102.199997
293898600,102.199997,103.07,101.790001,102.5
293985000,102.5,102.910004,101.580002,102.010002
294071400,102.010002,102.32,101.040001,101.800003
294327000,101.800003,102.239998,100.910004,101.760002
294413400,101.760002,102.5,101.220001,101.68
294499800,101.68,102.279999,101,101.720001
294586200,101.720001,102.57,101.25,101.809998
294672600,101.809998,102.080002,100.419998,100.690002
294931800,100.370003,100.370003,98.779999,99.019997
295018200,99.019997,99.559998,97.980003,99.169998
295104600,99.169998,100.010002,98.5,99.459999
295191000,99.459999,99.629997,98.220001,98.519997
295277400,98.519997,99.029999,97.919998,98.519997
295536600,98.519997,98.949997,97.709999,98.059998
295623000,98.059998,98.900002,97.599998,98.139999
295709400,98.139999,98.800003,97.489998,98.419998
295795800,98.419998,100.220001,98.290001,99.940002
295882200,99.940002,100.730003,99.330002,99.93
296141400,99.93,100.75,99.370003,100.139999
296227800,100.139999,100.93,99.449997,100.510002
296314200,100.510002,101.309998,99.629997,99.889999
296400600,99.889999,100.440002,99.139999,99.93
296487000,99.93,100.68,99.519997,100.220001
296832600,100.220001,100.760002,99.559998,100.050003
296919000,100.050003,100.25,98.790001,99.110001
297005400,99.110001,99.610001,98.290001,99.080002
297091800,99.080002,99.699997,98.57,99.169998
297351000,99.169998,99.760002,98.610001,99.32
297437400,99.32,101.07,99.169998,100.620003
297523800,100.620003,101.959999,100.379997,101.300003
297610200,101.300003,102.540001,101.150002,101.790001
297696600,101.790001,102.230003,100.910004,101.489998
297955800,101.489998,102.239998,100.910004,101.910004
298042200,101.910004,103.639999,101.809998,102.849998
298128600,102.849998,103.580002,101.830002,102.309998
298215000,102.309998,102.629997,101.040001,102.199997
298301400,102.199997,102.779999,101.379997,102.089996
298560600,102.089996,102.480003,101.050003,101.559998
298647000,101.559998,102.279999,100.910004,101.580002
298733400,101.580002,102.190002,100.93,101.629997
298819800,101.629997,102.739998,101.199997,102.089996
298906200,102.089996,103.160004,101.910004,102.639999
299165400,102.639999,102.910004,101.449997,102.089996
299251800,102.089996,102.089996,101.220001,101.660004
299338200,101.660004,102.949997,101.290001,102.269997
299424600,102.269997,103.459999,101.910004,102.800003
299511000,102.800003,103.669998,102.040001,102.910004
299770200,102.910004,103,101.449997,101.989998
299856600,101.989998,102.57,101.309998,102.089996
300029400,102.089996,102.879997,101.589996,102.43
300115800,102.43,103.910004,102.120003,103.620003
300375000,103.620003,105.07,103.360001,104.470001
300461400,104.470001,105.169998,103.519997,104.199997
300547800,104.199997,104.339996,102.870003,103.639999
300634200,103.639999,103.720001,102.220001,102.690002
300720600,102.690002,102.989998,101.489998,102.32
300979800,102.32,103.199997,101.809998,102.739998
301066200,102.739998,103.059998,101.269997,101.830002
301152600,101.830002,102.059998,100.349998,101.690002
301239000,101.690002,102.419998,101.040001,101.610001
301325400,101.610001,102.32,101.059998,101.82
301584600,101.82,102.129997,100.839996,101.589996
301671000,101.589996,102.5,101.139999,101.970001
301757400,101.970001,103.440002,101.849998,103.080002
301843800,103.080002,103.629997,102.339996,103.099998
301930200,103.099998,103.5,102.290001,103.099998
302189400,103.099998,103.629997,102.419998,103.150002
302275800,103.150002,104.260002,102.889999,103.809998
302362200,103.809998,104.57,103.139999,104.169998
302448600,104.169998,105.019997,103.589996,104.099998
302535000,104.099998,104.559998,103.360001,104.040001
302794200,104.040001,104.660004,103.269997,104.300003
302880600,104.300003,106.230003,104.120003,105.650002
302967000,105.650002,106.839996,105.199997,105.980003
303053400,105.980003,106.25,104.889999,105.489998
303139800,105.489998,106.790001,104.809998,106.400002
303399000,106.400002,107.900002,106.279999,107.419998
303485400,107.419998,108.029999,106.599998,107.519997
303571800,107.519997,108.639999,106.75,108.25
303658200,108.25,109.18,107.379997,108.089996
303744600,108.089996,108.940002,107.25,108.300003
304003800,108.300003,109.32,107.690002,108.830002
304090200,108.830002,109.68,108.169998,108.910004
304176600,108.910004,109.559998,108.089996,108.989998
304263000,108.989998,109.589996,108.120003,108.629997
304349400,108.629997,109.110001,107.650002,108.599998
304608600,108.599998,109.839996,108.120003,109.139999
304695000,109.139999,109.650002,108.470001,109.019997
304781400,109.019997,109.589996,108.360001,109.019997
304867800,109.019997,109.589996,108.400002,109.019997
304954200,109.019997,109.800003,108.580002,109.32
305299800,109.32,109.410004,107.220001,107.440002
305386200,107.190002,107.190002,105.379997,106.400002
305472600,106.400002,107.610001,105.970001,106.849998
305559000,106.849998,108.089996,106.300003,107.660004
305818200,107.660004,108.709999,107.209999,108.169998
305904600,108.169998,108.830002,106.800003,107.510002
305991000,107.510002,108.410004,106.720001,107.82
306077400,107.82,108.529999,107.059998,107.849998
306163800,107.849998,109.480003,107.419998,108.760002
306423000,108.760002,110.059998,108.400002,108.839996
306509400,108.839996,109,107.32,108
306595800,108,109.019997,107.519997,108.279999
306682200,108.279999,110.690002,107.589996,110.510002
306768600,110.510002,111.580002,109.459999,110.470001
307027800,110.470001,110.900002,109.160004,109.610001
307114200,109.610001,110.190002,108.269997,109.68
307200600,109.68,111.25,109.370003,109.959999
307287000,109.959999,110.75,109.190002,110.209999
307373400,110.209999,110.669998,108.699997,109.32
307632600,109.190002,109.190002,107.699997,108.559998
307719000,108.559998,110.080002,108.029999,109.589996
307805400,109.589996,110.43,108.879997,109.589996
307891800,109.589996,110.809998,109.139999,110.169998
307978200,110.169998,112.160004,110.160004,111.269997
308237400,111.269997,111.830002,109.650002,109.879997
308323800,109.43,109.43,106.040001,106.629997
308410200,106.230003,106.230003,102.309998,105.300003
308496600,105.300003,106.330002,103.699997,105.050003
308583000,105.050003,106.199997,104.010002,104.489998
308842200,104.489998,104.739998,102.690002,103.360001
308928600,103.360001,104.370003,102.519997,103.190002
309015000,103.190002,104.540001,102.739998,103.389999
309101400,103.389999,104.620003,102.919998,103.610001
309187800,103.580002,103.580002,101.239998,101.599998
309447000,101.379997,101.379997,99.059998,100.709999
309533400,100.709999,101.440002,99.610001,100.279999
309619800,100.279999,101.449997,99.660004,100.440002
309706200,100.440002,101.389999,99.559998,100
309792600,100,101.309998,99.589996,100.57
310055400,100.57,101.559998,100.129997,100.709999
310141800,100.709999,102.830002,100.410004,102.669998
310228200,102.669998,103.160004,101.379997,101.82
310314600,101.82,103.07,101.099998,102.57
310401000,102.57,103.209999,101.919998,102.510002
310660200,102.510002,102.660004,101.239998,101.82
310746600,101.82,102.010002,100.769997,101.199997
310833000,100.970001,100.970001,99.419998,99.870003
310919400,99.870003,101,99.489998,100.300003
311005800,100.580002,102.18,100.580002,101.510002
311265000,101.510002,103.720001,101.269997,103.510002
311351400,103.510002,104.209999,102.419998,102.940002
311437800,102.940002,104.129997,101.910004,103.389999
311524200,103.389999,104.940002,103.099998,104.129997
311610600,104.129997,104.720001,103.07,103.790001
311869800,103.790001,105.080002,103.169998,104.230003
311956200,104.230003,105.110001,103.139999,103.690002
312042600,103.690002,104.230003,102.040001,103.889999
312215400,103.889999,105.129997,103.559998,104.669998
312474600,104.830002,107.440002,104.830002,106.800003
312561000,106.800003,107.889999,105.639999,106.379997
312647400,106.379997,107.550003,105.290001,106.769997
312733800,106.769997,107.839996,106.169998,106.809998
312820200,106.809998,107.160004,105.559998,106.160004
313079400,106.160004,106.650002,105.07,105.830002
313165800,105.830002,107.25,105.660004,106.790001
313252200,106.790001,108.360001,106.599998,107.25
313338600,107.25,108.470001,106.709999,108
313425000,108,109.239998,106.550003,107.519997
313684200,107.519997,108.269997,106.650002,107.669998
313770600,107.669998,108.580002,106.790001,107.489998
313857000,107.489998,108.32,106.779999,107.519997
313943400,107.519997,108.290001,106.68,107.669998
314029800,107.669998,109.489998,107.370003,108.919998
314289000,108.919998,110.330002,108.360001,109.330002
314375400,109.330002,109.830002,107.830002,108.300003
314461800,108.300003,108.790001,107.019997,108.199997
314548200,108.199997,109.239998,107.400002,108.260002
314634600,108.260002,108.760002,106.989998,107.589996
314893800,107.589996,108.080002,106.800003,107.660004
315066600,107.660004,108.370003,107.059998,107.779999
315153000,107.779999,108.5,107.139999,107.959999
315239400,107.959999,108.610001,107.160004,107.839996
315498600,107.839996,108.529999,107.260002,107.940002
315671400,106.5,108.43,105.29,105.76
315757800,105.76,106.08,103.26,105.22
315844200,106.23,107.08,105.09,106.52
316103400,106.8,107.8,105.8,106.81
316189800,108.17,109.29,106.29,108.95
316276200,109.51,111.09,108.41,109.05
316362600,109.74,110.86,108.47,109.89
316449000,109.99,111.16,108.89,109.92
316708200,110.38,111.44,109.34,110.38
316794600,110.84,111.93,109.45,111.14
316881000,111.44,112.9,110.38,111.05
316967400,110.84,112.01,109.81,110.7
317053800,110.89,111.74,109.88,111.07
317313000,111.88,112.9,110.66,112.1
317399400,111.84,113.1,110.92,111.51
317485800,112.76,113.93,110.93,113.44
317572200,113.97,115.27,112.95,113.7
317658600,113.47,114.45,112.36,113.61
317917800,114.47,115.65,112.93,114.85
318004200,114.29,115.77,113.03,114.07
318090600,114.8,115.85,113.37,115.2
318177000,114.7,115.85,113.13,115.12
318263400,114.59,115.54,113.13,115.12
318522600,114.73,116.01,113.83,114.37
318609000,114.02,115.25,112.15,114.66
318695400,115.31,116.57,113.65,115.72
318781800,116.38,117.67,115.22,116.26
318868200,117.44,118.66,115.72,117.95
319127400,117.49,119.05,116.31,117.12
319213800,117.35,118.41,115.75,117.9
319300200,118.74,120.22,117.57,118.44
319386600,117.35,119.3,116.04,116.72
319473000,115.41,116.7,114.12,115.41
319818600,114.54,115.67,113.35,114.6
319905000,115.9,117.18,114.06,116.47
319991400,115.87,117.9,114.44,115.28
320077800,115.28,116.46,113.43,115.04
320337000,113.62,114.93,112.62,113.33
320423400,113.68,114.76,112.3,113.98
320509800,113.13,115.12,111.91,112.38
320596200,112.46,113.7,111.33,112.35
320682600,113.18,114.12,111.77,113.66
320941800,112.95,114.34,112.01,112.5
321028200,112.33,113.41,110.83,112.76
321114600,111.88,113.94,110.58,111.13
321201000,109.26,111.29,107.85,108.65
321287400,107.28,108.96,105.99,106.9
321546600,106.43,107.86,104.92,106.51
321633000,106.53,107.78,106.18,107.78
321719400,106.89,108.4,105.42,106.87
321805800,106.09,107.55,105.1,105.62
321892200,105.31,106.49,104.01,105.43
322151400,103.1,105.23,101.82,102.26
322237800,103.31,104.71,101.14,104.1
322324200,104.1,105.72,103.35,104.31
322410600,103.6,105.17,102.52,103.12
322497000,102.53,103.73,101.55,102.31
322756200,100.11,102.18,98.88,99.28
322842600,99.22,100.58,97.89,99.19
322929000,99.33,101.22,98.1,98.68
323015400,97.34,99.58,94.23,98.22
323101800,99.94,101.43,97.72,100.68
323361000,101.58,102.65,100.02,102.09
323447400,102.1,103.28,100.85,102.18
323533800,102.66,103.87,101.45,102.68
323620200,102.15,103.34,101.31,102.15
323965800,100.73,102.27,99.73,100.19
324052200,100.77,101.88,99.23,101.2
324138600,102.57,103.6,101.01,103.11
324225000,103.96,105,102.81,104.08
324311400,104.04,105.15,103.2,103.79
324570600,102.94,103.92,102.08,102.84
324657000,102.87,103.94,101.85,102.83
324743400,102.36,104.42,101.13,101.54
324829800,101.12,102.21,100.12,101.05
324916200,100.86,102.07,99.97,100.55
325175400,100,101.26,98.95,99.8
325261800,102.75,104.02,100.81,103.43
325348200,103.88,105.11,102.81,103.73
325434600,104.25,105.43,102.93,104.4
325521000,104.58,105.57,103.02,105.16
325776600,105.69,106.79,104.64,105.64
325863000,105.8,106.7,104.86,105.86
325949400,105.83,106.72,104.5,106.29
326035800,105.68,106.86,104.72,105.46
326122200,105.48,106.25,104.61,105.58
326381400,105.95,106.83,104.64,106.38
326467800,106.48,107.83,105.36,106.25
326554200,107.04,108.12,105.83,107.18
326640600,105.88,106.13,105.5,106.13
326727000,105.03,106.2,104.18,104.72
326986200,104.58,105.48,103.5,104.78
327072600,105.83,106.76,104.44,106.3
327159000,106.91,107.89,106,106.85
327245400,107.01,107.99,106.07,106.99
327331800,107.16,107.89,106.25,107.35
327591000,107.6,108.43,106.51,107.87
327677400,107.58,108.39,106.75,107.62
327763800,107.52,108.31,106.54,107.72
327850200,108.69,109.73,107.34,109.01
327936600,110.33,111.37,109.01,110.62
328282200,112.84,113.69,111.99,112.66
328368600,111.73,112.72,110.42,112.06
328455000,110.92,112.64,109.86,110.27
328541400,110.55,111.55,108.87,111.24
328800600,110.99,112.15,110.06,110.76
328887000,112.02,113.05,110.98,111.86
328973400,112.09,113.45,110.22,112.61
329059800,113.01,114.38,111.89,112.78
329146200,113.1,114.01,112.11,113.2
329405400,113.63,114.51,112.68,113.71
329491800,114.45,115.5,113.17,114.68
329578200,116.29,118.02,114.22,118.02
329664600,115.6,117.01,114.28,115.52
329751000,115.64,116.94,114.67,115.31
330010200,115.89,116.8,114.78,116.09
330096600,116.1,117.16,115.13,116.03
330183000,115.04,116.84,114.77,116.26
330269400,115.28,116.81,114.36,114.68
330355800,114.02,114.9,113.12,114.06
330615000,114.38,115.28,113.35,114.51
330701400,114.88,115.75,113.76,115.14
330787800,116.38,117.37,115.07,116.72
330874200,116.58,117.98,115.58,116.19
330960600,115.99,116.93,115.06,116
331219800,114.61,116.04,113.55,114.24
331306200,114.64,115.45,113.54,114.93
331392600,115.49,116.44,114.36,115.68
331479000,116.92,117.8,115.49,117.48
331824600,118.03,118.85,116.96,118.29
331911000,118,119.11,117.07,117.84
331997400,118.2,119.52,117.1,117.98
332083800,117.3,118.57,116.38,116.95
332170200,117.5,118.38,116.29,117.84
332429400,119.27,120.37,117.45,120.01
332515800,119.9,121.56,118.85,119.3
332602200,119.68,120.87,118.54,119.63
332688600,120.9,121.84,119.43,121.44
332775000,122.03,123.19,120.88,122.04
333034200,122.17,123.15,120.85,122.51
333120600,122.49,123.9,121.38,122.19
333207000,122.04,123.26,120.93,121.93
333293400,121.86,122.98,120.83,121.79
333379800,120.89,121.96,119.94,120.78
333639000,121.07,122.02,119.78,121.43
333725400,122.05,122.99,120.76,122.4
333811800,122.44,123.93,121.16,122.23
333898200,121.13,122.34,119.4,121.67
333984600,121.22,122.38,120.08,121.21
334243800,120.67,121.63,119.42,120.98
334330200,120.93,122.09,119.96,120.74
334416600,121.16,122.01,119.94,121.55
334503000,122.93,123.84,121.66,123.3
334589400,123.88,125.23,122.82,123.61
334848600,124.31,125.31,122.85,124.78
334935000,124.28,125.78,123.29,123.79
335021400,123.48,124.67,122.49,123.28
335107800,124.51,125.62,122.68,125.25
335194200,125.63,126.61,124.57,125.72
335453400,123.83,125.28,122.82,123.39
335539800,122.85,124,121.97,122.6
335626200,123.31,124.27,121.91,123.77
335712600,125.02,125.99,123.61,125.46
335799000,126.32,127.78,125.18,126.02
336058200,125.36,126.28,124.65,125.16
336144600,125.04,126.29,124.01,124.84
336231000,123.81,124.98,122.93,123.52
336317400,122.53,123.91,121.61,122.08
336403800,122.15,123.01,121.06,122.38
336749400,123.29,124.36,121.79,123.74
336835800,125.47,126.43,123.87,126.12
336922200,125.84,127.7,124.42,125.42
337008600,125.02,126.12,124.08,124.88
337267800,123.92,125.67,122.78,123.31
337354200,123.51,124.52,121.94,124.07
337440600,124.78,125.95,123.6,124.81
337527000,125.44,126.48,124.19,125.66
337613400,125.67,126.75,124.72,125.54
337872600,125.37,126.35,124.09,125.67
337959000,126.55,127.78,125.15,126.74
338045400,128.3,129.68,126.37,128.87
338131800,128.8,130.38,127.63,128.4
338218200,129.05,130.33,127.57,129.25
338477400,129.76,130.99,127.89,130.4
338563800,130.05,132.17,128.55,129.43
338650200,130.05,131.34,128.45,130.37
338736600,129.46,131.53,128.13,128.72
338823000,126.6,128.17,125.29,126.35
339082200,123.94,125.41,122.87,123.54
339168600,125.03,126.09,123.54,125.48
339255000,126.55,127.88,124.66,127.13
339341400,127.65,128.82,126.04,128.09
339427800,129.14,130.44,127.65,129.33
339687000,131.15,132.38,129.35,131.73
339773400,131.32,132.88,130.1,131
339859800,131.57,132.78,130.28,131.65
339946200,131.31,132.65,130.25,131.04
340032600,130.67,132.15,129.58,130.29
340291800,131.28,132.46,129.37,132.03
340378200,132.25,133.57,131.16,132.02
340464600,133.21,134.35,131.59,133.7
340551000,133.24,135.88,131.64,132.22
340637400,131.6,133.07,130.22,131.52
340896600,131.95,133.21,130.04,132.61
340983000,132.21,134.01,130.78,131.84
341069400,131.83,132.97,130.62,131.92
341155800,130.31,132.54,128.87,129.53
341242200,129.48,130.55,128.04,129.85
341505000,128.38,129.94,127.34,127.88
341591400,127.75,128.86,126.36,128.05
341677800,128.29,129.91,127.07,127.91
341764200,126.92,128.71,125.78,126.29
341850600,127,128.24,125.29,127.47
342109800,128.7,129.85,127.23,129.04
342282600,132.58,135.65,130.77,131.33
342369000,129.48,131.3,128.23,128.91
342455400,129,130.08,127.74,129.18
342714600,129.39,130.51,128.19,129.48
342801000,131.01,132.3,129.48,131.26
342887400,133.68,135.12,131.33,134.59
342973800,135.94,137.21,134.12,136.49
343060200,137.07,138.96,135.12,137.15
343319400,137.03,138.46,134.9,137.75
343405800,139.51,140.92,137.91,139.7
343492200,139.62,141.76,138.06,139.06
343578600,139.81,141.24,137.79,140.4
343665000,139.48,141.24,138.1,139.11
343924200,138.01,139.36,136.36,138.31
344010600,139.19,140.83,137.42,139.33
344097000,140.24,141.96,138.6,140.17
344269800,140.35,141.54,139,140.52
344529000,138.2,140.66,136.75,137.21
344615400,136.48,138.11,134.37,136.97
344701800,136.74,138.09,135.43,136.71
344788200,136.65,138.4,135.09,136.48
344874600,134.43,136.37,132.91,134.03
345133800,131.17,133.19,129.71,130.61
345220200,130.39,131.92,128.77,130.48
345306600,129.39,131.99,127.94,128.26
345393000,127.13,128.73,125.32,127.36
345479400,128.75,129.98,127.15,129.13
345738600,129.8,131.33,128.64,129.45
345825000,130.05,131.22,128.33,130.6
345911400,132.23,133.59,130.22,132.89
345997800,133.59,135.9,131.89,133
346084200,133.16,134,131.8,133.7
346343400,135.11,136.68,132.88,135.78
346429800,135.59,137.48,134.01,135.3
346516200,135.52,136.55,134.15,135.88
346689000,136.26,137.02,135.2,136.57
346948200,135.63,137.51,134.36,135.03
347034600,135.29,136.51,134.04,135.33
347121000,135.6,136.76,134.29,135.76
347293800,136.01,137.1,134.61,136.34
347553000,137.69,139.24,135.86,137.97
347639400,138.07,140.32,135.78,138.12
347725800,134.46,136.02,132.3,135.08
347812200,133.7,136.1,131.96,133.06
347898600,133.31,134.76,131.71,133.48
348157800,134.06,135.88,132.79,133.52
348244200,133.08,134.27,131.69,133.29
348330600,133.79,135.25,132.65,133.47
348417000,133.93,135.15,132.44,134.22
348503400,134.67,135.91,133.35,134.77
348762600,134.58,135.86,133.51,134.37
348849000,132.73,135.3,131.26,131.65
348935400,131.25,132.48,129.93,131.36
349021800,130.52,132.08,129.23,130.26
349108200,130.19,131.34,129,130.23
349367400,129.86,131.18,128.57,129.84
349453800,130.79,131.95,129.32,131.12
349540200,130.85,132.41,129.82,130.34
349626600,130.33,131.78,128.97,130.24
349713000,129.93,131.65,128.61,129.55
349972200,127.4,129.48,125.82,126.91
350058600,127.75,128.92,125.89,128.46
350145000,128.53,129.71,127.29,128.59
350231400,129.37,130.49,127.99,129.63
350317800,130.48,131.81,129.03,130.6
350577000,129.75,131.39,128.61,129.27
350663400,129.16,130.19,128.05,129.24
350749800,128.58,129.92,127.6,128.24
350836200,127.73,128.95,126.78,127.48
350922600,127.12,128.34,126.04,126.98
351268200,127.66,128.75,126.43,127.81
351354600,128.27,129.25,127.09,128.48
351441000,127.22,129.07,125.98,126.61
351527400,126.29,127.65,124.66,126.58
351786600,127.1,128.28,125.69,127.35
351873000,127.54,128.76,126.49,127.39
351959400,127.83,129.21,125.77,128.52
352045800,129.68,130.93,128.02,130.1
352132200,130.88,132.02,129.35,131.27
352391400,131.7,132.96,130.15,132.01
352477800,130.98,132.72,129.66,130.56
352564200,130.83,132.07,129.57,130.86
352650600,130.33,131.82,129.25,129.93
352737000,129.86,131.18,128.56,129.85
352996200,130.81,131.94,129.39,131.12
353082600,130.94,132.64,129.72,130.46
353169000,129.95,131.2,128.72,129.95
353255400,132.17,133.56,129.76,133.19
353341800,133.67,135.53,132.39,133.11
353601000,134.04,135.35,132.1,134.68
353687400,134.27,136.09,132.8,133.92
353773800,134.33,135.66,132.8,134.55
353860200,133.73,135.37,132.37,133.46
353946600,133.95,135.29,132.5,134.08
354205800,135.2,136.5,133.41,135.69
354292200,135.39,137.4,134.1,134.67
354378600,136.11,137.32,133.92,137.11
354465000,136.64,138.38,135.29,136.27
354551400,135.15,136.89,133.91,134.65
354810600,134.55,135.87,133.51,134.28
354897000,135.94,137.15,134.68,136
354983400,136.39,137.56,135.04,136.57
355069800,136.4,137.72,135.16,136.32
355156200,135.73,137.04,134.67,135.49
355415400,134.15,135.61,132.91,133.93
355501800,134.04,135.27,132.96,133.91
355588200,134.3,135.34,133.26,134.31
355674600,134.35,135.8,132.59,134.67
355761000,134.64,136.23,133.18,134.51
356020200,133.43,134.91,132.24,133.15
356106600,132.76,134.03,131.58,132.68
356193000,133.72,134.79,132.2,134.17
356279400,134.65,135.82,133.43,134.7
356625000,134.96,136.25,133.19,135.45
356711400,134.7,136.38,133.49,134.23
356797800,134.13,135.54,132.72,134.14
356884200,134.24,135.9,132.9,133.94
356970600,134.67,136,132.88,135.14
357226200,135.39,136.56,134.13,135.48
357312600,134.5,136.09,133.1,134.33
357399000,133.18,134.69,131.82,133.05
357485400,133.05,134.44,131.85,132.87
357571800,132.77,134.17,131.43,132.72
357831000,130.68,131.78,129.61,130.67
357917400,130.19,131.33,128.93,130.32
358003800,131.08,132.38,130.09,130.78
358090200,131.43,132.41,130.21,131.67
358176600,131.73,132.69,130.84,131.66
358435800,130.35,132.23,129.11,129.71
358522200,130.22,131.17,128.78,130.72
358608600,130.68,131.96,129.53,130.55
358695000,131.11,132.15,129.91,131.28
358781400,132.04,133.21,130.75,132.17
359040600,132.56,133.65,131.49,132.54
359127000,132.03,133.22,130.78,132.09
359213400,131.87,133.03,130.59,132
359299800,131.82,133.03,130.7,131.75
359386200,131.46,132.65,130.42,131.33
359731800,132.23,133.3,130.64,132.77
359818200,133.42,134.65,131.85,133.77
359904600,133.45,134.92,132,133.45
359991000,132.82,134.36,131.52,132.59
360250200,132.84,134.62,131.49,132.41
360336600,131.14,132.96,129.84,130.62
360423000,130.28,131.37,128.77,130.71
360509400,130.96,132.21,129.72,130.96
360595800,131.79,132.98,130.17,132.22
360855000,132.4,133.68,131.29,132.24
360941400,132.07,133.3,130.94,131.97
361027800,132.28,133.49,131.04,132.32
361114200,133.21,134.31,131.58,133.75
361200600,133.66,135.09,132.4,133.49
361459800,134.02,135.67,132.78,133.61
361546200,132.48,134,131.29,132.15
361632600,132.7,133.98,130.81,133.32
361719000,132.18,133.98,130.94,131.64
361805400,132.01,133.27,130.49,132.27
362064600,132.19,133.54,131.1,131.95
362151000,132.83,133.98,131.16,133.35
362237400,132.73,133.9,131.65,132.66
362323800,132.96,134.3,131.78,132.81
362410200,132.67,133.75,131.71,132.56
362669400,132.19,133.5,131.2,131.89
362755800,131.39,132.67,130.31,131.21
362842200,130.16,131.69,129.04,129.77
362928600,128.98,130.48,127.84,128.64
363274200,127.6,128.99,126.44,127.37
363360600,128.07,129.6,126.39,128.24
363447000,128.28,129.57,126.95,128.32
363533400,128.98,130.08,127.57,129.3
363619800,129.39,130.43,128.38,129.37
363879000,129.75,130.82,128.79,129.64
363965400,129.52,130.78,128.14,129.65
364051800,130.23,131.59,128.89,130.23
364138200,130.35,131.41,129.3,130.34
364224600,130.61,131.6,129.49,130.76
364483800,129.1,130.6,127.98,128.72
364570200,128.34,129.6,127.08,128.34
364656600,127.85,129.72,126.7,127.13
364743000,127.2,128.26,125.96,127.4
364829400,128.29,129.31,127.11,128.46
365088600,129.64,130.61,128.43,129.9
365175000,129.28,130.44,128.28,129.14
365261400,129.2,130.09,128.37,129.16
365347800,129.75,130.68,128.56,130.01
365434200,130.76,131.78,129.6,130.92
365693400,130.53,131.74,129.42,130.43
365779800,130.75,131.66,129.43,131.18
365866200,132.27,133.39,130.76,132.67
365952600,132.8,134.04,131.74,132.64
366039000,131.91,133.04,130.96,131.75
366298200,132.23,133.32,130.83,132.54
366384600,133.52,134.63,132.09,133.85
366471000,133.77,135.18,132.73,133.4
366557400,133.54,134.58,132.53,133.51
366643800,134.02,135.49,131.91,135.49
366903000,131.66,133.02,130.75,131.22
366989400,130.31,131.73,129.1,130.11
367075800,130.22,131.2,128.99,130.49
367162200,130.75,131.74,129.84,130.69
367248600,129.66,131.06,128.7,129.23
367507800,126.37,128.59,125.02,125.5
367594200,124.63,125.77,123,125.13
367680600,125.04,126.17,123.99,124.96
367767000,123.9,125.31,122.9,123.51
367853400,124,125.09,122.85,124.08
368112600,123.55,125.58,122.29,122.79
368199000,122.84,123.92,121.59,123.02
368285400,123.53,124.58,122.54,123.49
368371800,122.07,124.16,120.82,121.24
368458200,120.28,121.54,119.24,120.07
368803800,118.31,120.12,116.85,117.98
368890200,118.25,119.49,116.87,118.4
368976600,120.21,122.18,118.33,120.14
369063000,121.01,122.13,119.29,121.61
369322200,120.77,122,119.67,120.66
369408600,120.27,121.77,119.27,119.77
369495000,118.92,120,117.89,118.87
369581400,117.88,119.87,116.63,117.15
369667800,116.37,117.69,115.18,116.26
369927000,116.78,118.07,115.04,117.24
370013400,116.93,118.19,115.93,116.68
370099800,115.31,116.68,113.6,115.65
370186200,115.6,117.47,114.32,115.01
370272600,113.03,114.69,111.64,112.77
370531800,113.85,115.83,110.19,115.53
370618200,116.14,117.75,114.75,115.94
370704600,115.94,117.05,114.6,116.18
370791000,116.58,117.66,115,117.08
370877400,118.86,120.16,117.07,119.36
371136600,119.88,121.54,118.61,119.51
371223000,119.62,121.39,118.08,119.39
371309400,120.75,121.87,119.09,121.31
371395800,121.87,123.08,120.23,122.31
371482200,121.78,123.28,120.63,121.45
371741400,121.25,122.37,120.17,121.21
371827800,121.03,122.37,119.96,120.78
371914200,119.38,120.97,118.38,118.8
372000600,119.43,120.58,118.01,119.71
372087000,119.34,120.46,118.38,119.19
372346200,118.8,119.85,117.58,118.98
372432600,120.11,121.29,118.78,120.28
372519000,120.46,121.94,119.35,120.1
372605400,119.63,120.78,118.48,119.64
372691800,118.76,119.92,117.78,118.6
372954600,117.99,119,116.81,118.16
373041000,119.17,120.43,117.8,119.29
373127400,119.6,120.96,118.39,119.45
373213800,119.19,120.37,118.14,119.06
373300200,120.95,122.53,118.43,121.89
373559400,123.89,125.14,122.35,124.2
373645800,124.48,125.52,123.14,124.8
373732200,124.79,126,123.64,124.74
373818600,124.1,125.8,122.98,123.54
373905000,122.91,124.03,121.85,122.87
374164200,123,124.13,121.59,123.29
374250600,123.13,124.69,122.01,122.7
374337000,122.75,123.82,121.51,122.92
374423400,123.36,124.71,122.19,123.19
374509800,122.11,123.61,121.06,121.67
374769000,120.33,121.64,119.13,120.24
374855400,120.81,121.78,119.5,121.15
374941800,120.51,121.66,119.61,120.26
375028200,120.6,121.67,119.42,120.71
375114600,121.47,122.59,120.13,121.71
375373800,121.81,123.09,120.76,121.6
375460200,122.92,124.04,121.22,123.51
375546600,124.13,125.29,123.07,124.05
375719400,124.81,125.71,123.63,125.09
375978600,125.83,126.97,124.18,126.35
376065000,126.08,127.3,124.84,126.1
376151400,125.1,126.45,124.18,124.69
376237800,124.86,125.84,123.63,125.12
376324200,126.23,127.32,125.12,126.26
376583400,125.59,126.91,124.67,125.19
376669800,124.69,125.75,123.52,124.82
376756200,125.21,126.08,124.09,125.48
376842600,125.61,126.54,124.6,125.71
376929000,125.17,126.26,124.32,124.93
377188200,123.1,124.37,122.17,122.78
377274600,122.86,123.78,121.83,122.99
377361000,122.6,123.66,121.73,122.42
377447400,122.91,123.79,121.82,123.12
377533800,123.81,124.87,122.56,124
377793000,123.57,124.71,122.67,123.34
377879400,123.08,124.17,122.19,122.88
377965800,122.49,123.59,121.58,122.31
378052200,122.39,123.06,121.57,122.54
378397800,122.45,123.36,121.73,122.27
378484200,121.89,122.9,121.12,121.67
378570600,122.15,123.11,121.04,122.3
378657000,122.55,123.42,121.57,122.55
379002600,122.64,123.72,121.48,122.74
379089000,120.74,122.61,119.57,120.05
379175400,119.2,120.45,117.99,119.18
379261800,118.83,119.88,117.7,118.93
379348200,119.56,120.59,118.55,119.55
379607400,117.86,120.34,116.47,116.78
379693800,116.32,117.49,115.18,116.3
379780200,115.52,117.46,114.24,114.88
379866600,115.3,116.3,114.07,115.54
379953000,116.19,117.14,115.1,116.33
380212200,116.58,117.69,114.85,117.22
380298600,116.54,118.15,115.52,115.97
380385000,115.4,116.64,114.29,115.27
380471400,115.75,116.92,114.6,115.75
380557800,115.49,116.53,114.58,115.38
380817000,114.99,115.93,113.63,115.41
380903400,115.42,116.6,114.49,115.19
380989800,115.57,116.6,114.38,115.74
381076200,118.12,119.35,116.1,118.92
381162600,120.4,121.38,118.64,120.4
381421800,118.24,119.81,117.14,117.78
381508200,118.02,119.15,116.91,118.01
381594600,117.06,118.67,116.04,116.48
381681000,116.26,117.49,114.88,116.42
381767400,117.08,118.25,115.74,117.25
382026600,115.29,117.04,114.2,114.63
382113000,113.88,115.15,112.82,113.68
382199400,114.58,115.62,113.45,114.66
382285800,114.48,115.59,113.41,114.43
382372200,114.49,115.39,113.7,114.38
382717800,113.58,114.63,112.06,114.06
382804200,113.92,115.09,112.97,113.69
382890600,113.94,115.04,112.97,113.82
382977000,113.38,114.58,112.33,113.22
383236200,112.56,114.9,111.2,111.59
383322600,111.51,111.51,111.51,111.51
383409000,112.69,113.88,110.71,113.47
383495400,113.5,114.86,112.44,113.21
383581800,113.05,114.01,112.04,113.11
383841000,113.16,114.32,111.86,113.31
383927400,113.17,114.8,112.03,112.68
384013800,111.14,112.51,109.98,110.92
384100200,110.14,111.78,108.77,109.88
384186600,109.52,110.9,108.31,109.34
384445800,108.48,111.06,107.03,107.34
384532200,108.83,108.83,108.83,108.83
384618600,109.49,110.98,108.09,109.41
384705000,109.54,110.87,108.38,109.36
384791400,107.6,109.72,104.46,108.61
385050600,108.97,109.99,107.47,109.45
385137000,109.59,110.92,108.57,109.28
385223400,109.1,110.1,108.11,109.08
385309800,109.72,110.3,108.85,110.3
385396200,110.61,110.61,110.61,110.61
385655400,112.28,113.35,110.71,112.77
385741800,113.45,114.51,112.29,113.55
385828200,113.17,114.31,112.23,112.97
385914600,113.16,114.26,112.02,113.21
386001000,112.21,113.43,111.26,111.94
386260200,112,112.82,110.9,112.3
386346600,112.22,113.09,111.3,112.27
386433000,112.15,113.17,111.32,111.96
386519400,113.16,114.22,111.48,113.79
386605800,114.85,115.79,113.65,115.12
386865000,114.86,115.9,113.94,114.73
386951400,114.99,115.92,113.7,115.36
387037800,115.5,116.45,114.58,115.46
387124200,116.03,116.94,114.94,116.22
387210600,118.32,120.6,116.05,117.5
387469800,116.06,117.02,115.16,116
387556200,116.09,117.12,115.16,115.99
387642600,115.76,116.69,114.8,115.83
387729000,116.08,116.86,115.02,116.35
387815400,116.73,117.7,115.68,116.81
388074600,116.9,118.16,115.83,116.7
388161000,115.8,117.14,114.83,115.44
388247400,115.48,115.87,115.3,115.72
388333800,115.72,117.25,115.72,116.2
388420200,118.02,118.64,117.19,118.64
388675800,118.94,119.33,118.25,119.26
388762200,119.07,119.26,117.73,118
388848600,117.83,118.05,116.94,117.26
388935000,116.4,117.24,116.11,116.14
389021400,116.21,116.78,116.07,116.44
389280600,115.96,116.82,115.91,116.82
389367000,117.41,117.64,116.85,117.46
389453400,117.85,118.05,117.31,117.67
389539800,118.82,118.83,117.68,118.68
389626200,119.08,119.89,118.71,119.44
389885400,119.08,119.49,118.37,118.38
389971800,118.54,119.59,118.32,119.42
390058200,119.89,119.92,118.76,119.17
390144600,119.08,119.2,118.13,118.22
390231000,118.2,118.4,118.01,118.01
390490200,117.62,118.02,116.66,116.71
390576600,116.35,116.7,115.71,115.84
390663000,115.61,115.96,114.82,114.89
390749400,114.85,115.07,114.37,114.59
390835800,115.03,115.13,114.6,114.89
391095000,114.46,114.86,114.24,114.79
391181400,115.5,115.51,114.4,114.4
391267800,113.68,114.4,112.88,113.11
391354200,112.66,112.66,112.66,112.66
391440600,112.79,112.8,111.66,111.88
391699800,111.5,112.25,110.75,111
391786200,111.97,112.07,111.66,111.68
391872600,111.74,112.19,111.55,112.04
391959000,111.86,111.86,111.86,111.86
392045400,111.66,111.85,110.02,110.09
392304600,109.59,110.59,109.42,110.12
392391000,110.33,110.33,109.6,109.63
392477400,109.46,109.63,108.53,108.98
392563800,109.35,109.7,108.96,109.61
392650200,111.11,111.48,109.65,111.24
392909400,110.5,111.22,109.9,109.96
392995800,109.63,109.96,108.98,109.68
393082200,110.1,110.13,108.82,108.87
393168600,108.01,108.85,107.48,107.6
393255000,107.28,107.28,107.28,107.28
393514200,107.2,107.2,107.2,107.2
393600600,107.25,108.29,107.17,108.29
393687000,108.59,110.13,108.09,110.13
393773400,110.25,110.92,109.79,109.83
393859800,109.56,109.83,109.09,109.14
394119000,109.3,110.45,109.17,110.26
394205400,110.26,111.21,109.68,111.21
394291800,110.95,111,109.5,109.61
394378200,109.52,109.63,108.62,108.71
394464600,108.1,108.71,107.6,107.65
394723800,109.7,113,106.4,107.35
394810200,107.27,107.67,106.74,107.29
394896600,107.08,107.61,106.99,107.21
394983000,106.85,107.53,105.57,107.53
395069400,108.23,108.97,107.56,108.83
395328600,109.48,109.62,108.89,109.57
395415000,109.19,110.07,109.1,109.1
395501400,109.68,110.44,109.08,110.44
395587800,110.83,110.95,110.27,110.47
395674200,110.16,111.48,110.16,111.07
395933400,111.75,111.78,110.66,110.73
396019800,111.11,111.56,110.35,111.54
396106200,112.15,112.39,111.38,111.42
396192600,110.95,112.02,110.94,111.48
396279000,111.46,111.58,111.05,111.17
396538200,110.66,111.16,110.29,110.35
396624600,110.26,110.35,109.36,109.43
396711000,109.42,109.42,107.53,107.74
396797400,107.42,107.92,106.62,107.72
396883800,107.35,107.95,107.01,107.09
397143000,107.71,109.09,107.11,108.97
397229400,108.98,109.43,107.81,107.83
397315800,107.83,107.83,106.11,106.14
397402200,106.1,106.1,104.76,105.16
397488600,105.16,105.16,103.67,103.71
397747800,103.69,103.69,102.2,103.08
397834200,103.11,103.84,102.82,102.84
397920600,102.83,103.01,102.48,102.59
398007000,102.6,103.22,102.39,102.41
398093400,102.42,103.85,102.4,103.85
398352600,103.86,105.52,103.86,104.09
398439000,105.4,108.99,104.09,108.99
398525400,109.04,111.58,108.46,108.54
398611800,108.53,109.86,108.34,109.16
398698200,109.19,113.02,109.19,113.02
398957400,113.02,116.09,112.65,116.09
399043800,116.11,116.39,115.08,115.35
399130200,115.35,118.12,115.11,117.58
399216600,117.57,120.26,117.57,118.53
399303000,117.38,118.56,116.63,117.11
399562200,117.05,117.66,115.79,117.66
399648600,117.65,119.6,117.65,119.51
399735000,119.52,120.05,117.98,118.25
399821400,118.24,120.32,117.84,120.29
399907800,120.31,123.64,120.31,122.68
400167000,122.07,125.2,118.95,119.35
400253400,122.68,122.68,121.19,121.37
400339800,121.33,123.11,121.19,122.2
400426200,122.19,123.22,121.9,121.97
400512600,121.97,121.98,120.27,120.97
400771800,120.94,122.23,120.25,122.23
400858200,122.27,123.69,122.27,123.1
400944600,123.09,124.81,122.72,124.81
401031000,124.28,124.88,123.65,123.77
401117400,123.76,123.76,122.34,122.55
401376600,122.54,122.54,121.48,122.51
401463000,122.51,124.91,122.51,124.91
401549400,124.9,126.43,123.99,123.99
401635800,123.99,124.19,122.96,123.81
401722200,123.79,123.8,123.11,123.32
401981400,123.32,123.62,122.75,123.62
402067800,123.62,124.16,123.21,123.24
402154200,123.24,123.24,121.28,121.63
402240600,121.62,121.62,120.14,120.42
402327000,120.4,121.97,120.15,121.97
402586200,121.97,121.97,120.56,121.5
402672600,121.6,122.73,121.6,121.98
402759000,122,125.97,122,125.97
402845400,125.99,128.96,125.99,128.8
402931800,128.79,131.11,128.79,131.05
403191000,131.06,135.53,131.06,134.46
403277400,134.48,135.85,133.59,134.44
403363800,134.42,137.97,134.14,136.68
403450200,136.71,136.89,134.55,134.57
403536600,134.55,134.61,133.28,133.57
403795800,133.59,136.72,133.59,136.71
403882200,136.73,137.96,135.72,136.58
403968600,136.58,139.22,136.37,139.22
404055000,139.23,140.27,137.63,139.08
404141400,139.06,140.4,138.75,138.83
404400600,138.81,138.81,133.32,133.32
404487000,133.29,134.48,131.5,134.48
404573400,134.48,135.92,134.48,135.29
404659800,135.28,135.42,133.59,133.59
404746200,133.54,134.02,132.64,133.72
405009000,133.72,135.46,133.22,135.46
405095400,135.48,138.51,135.48,137.49
405181800,137.53,142.88,137.53,142.86
405268200,142.85,143.99,141.65,141.85
405354600,141.85,142.43,141.32,142.16
405613800,142.12,142.12,139.98,140.44
405700200,140.48,143.16,140.46,143.02
405786600,143.04,144.36,140.8,141.16
405873000,141.15,141.75,139.88,141.75
405959400,141.75,141.85,139.53,139.53
406218600,139.54,139.54,137,137.02
406305000,136.97,136.97,134.05,135.41
406391400,135.47,137.93,135.47,137.93
406477800,137.93,138.78,137.47,138.34
406564200,138.35,138.93,137,137.02
406823400,137.03,137.1,134.21,134.22
406909800,134.21,134.28,132.89,132.93
406996200,132.92,133.87,132.92,133.87
407082600,134.02,138.65,131.4,138.65
407169000,133.89,134.88,133.89,134.88
407428200,134.89,135.29,133.69,134.2
407514600,134.2,138.53,134.19,138.53
407601000,138.56,140.37,138.35,138.72
407687400,138.72,139.63,138.66,138.82
407773800,138.87,139.59,138.59,138.69
408033000,138.7,141.77,138.01,141.77
408119400,141.79,143.68,141.79,142.72
408205800,142.71,143.58,141.82,141.82
408292200,141.8,141.8,139.92,139.99
408378600,139.99,141.15,139.35,139.57
408637800,139.57,140.12,139.5,139.95
408724200,139.99,142.5,137.34,137.4
408810600,137.4,137.4,135.12,135.24
408897000,135.22,135.78,134.79,135.29
408983400,135.35,137.71,135.35,137.49
409242600,137.49,137.84,136.19,136.25
409329000,136.24,139.27,136.07,138.61
409415400,138.63,139.69,138.6,138.83
409501800,138.84,139.94,138.84,139.72
409588200,139.15,141.75,136.55,140.75
409847400,139.73,142.32,139.72,142.17
409933800,142.18,142.34,140.75,140.76
410020200,140.77,141.73,140.68,141.24
410106600,141.24,141.68,140.22,140.32
410193000,140.34,140.78,140.27,140.64
410452200,140.65,141.33,138.2,138.34
410538600,138.33,141.36,138.08,141.36
410625000,141.35,142.6,141.15,141.95
410711400,142.01,145.77,142.01,145.27
410797800,145.27,146.46,145.15,145.23
411057000,145.19,147.25,144.58,146.77
411143400,146.79,146.83,145.38,145.78
411229800,145.76,148.36,145.76,146.66
411316200,146.67,146.94,145.67,145.72
411402600,145.72,147.12,145.72,146.65
411661800,146.65,147.9,146.64,146.72
411748200,146.71,146.74,145.52,146.38
411834600,146.4,146.45,144.51,145.27
411921000,145.29,146.62,145.29,146.31
412007400,146.3,146.3,143.25,143.88
412266600,143.84,143.84,139.1,139.97
412353000,139.98,141.75,139.98,141.74
412439400,141.77,142.16,141.16,141.54
412525800,141.54,144.3,141.54,144.27
412612200,144.31,145.47,144.25,144.51
412871400,144.51,145.3,143.93,145.3
412957800,145.29,145.29,142.96,142.96
413044200,142.95,143.52,141.9,143.23
413130600,143.25,144.43,143.25,144.27
413217000,144.26,146.14,144.14,146.14
413476200,146.14,147.42,146.14,146.93
413562600,146.93,147.21,145.52,145.7
413649000,145.7,145.83,144.09,145
413735400,145.04,147.75,145.04,147.5
413821800,147.51,148.81,147.18,147.62
414081000,147.71,149.14,147.4,148.93
414167400,148.94,149.41,148.13,148.29
414253800,148.31,148.66,147.41,147.43
414340200,147.43,147.57,143.84,147.44
414426600,147.44,148.29,147.21,148
414685800,149.27,152.65,145.9,149.2
414772200,148.01,148.11,145.42,145.47
414858600,145.47,146.79,145.4,146.79
414945000,146.8,149.67,146.8,149.6
415031400,149.6,150.88,149.6,149.74
415290600,149.74,149.74,147.81,148.05
415377000,148.07,150.88,148.07,150.88
415463400,150.91,152.63,150.91,152.03
415549800,152.31,154.16,152.31,153.48
415636200,153.47,153.67,152.53,153.67
415895400,153.67,154,152.65,153.67
415981800,153.63,153.63,151.26,151.26
416068200,151.25,152.87,150.84,152.87
416154600,152.87,154.01,151.75,151.8
416241000,151.75,151.75,150.65,151.24
416500200,151.28,151.3,150.24,150.83
416586600,150.83,151.37,150.4,151.37
416673000,151.36,151.62,149.78,149.81
416759400,149.8,149.8,149.12,149.59
416845800,149.59,150.29,149.56,149.9
417105000,149.82,151.21,149.32,151.21
417191400,151.21,151.59,150.6,150.66
417277800,150.65,152.98,150.65,152.81
417364200,152.82,153.78,152.82,153.37
417450600,153.37,153.71,152.3,152.67
417709800,152.67,152.67,151.56,151.84
417796200,151.85,152.46,151.42,151.59
417882600,151.6,153.39,151.6,153.39
417969000,153.41,155.02,152.86,152.96
418055400,153.85,156,151.7,151.9
418314600,152.92,153.15,152.23,153.01
418401000,153.04,153.92,151.81,151.9
418487400,151.9,151.9,150.17,151.05
418573800,151.04,151.76,150.81,151.76
418660200,151.77,152.85,151.39,152.85
418919400,152.87,155.14,152.87,155.14
419005800,155.15,155.82,154.78,155.82
419092200,155.82,157.22,155.82,156.77
419178600,156.8,158.12,156.55,158.12
419265000,158.11,158.75,158.11,158.75
419524200,158.75,159.75,158.41,159.74
419610600,159.74,159.74,158.54,158.71
419697000,158.71,160.83,158.71,160.71
419783400,160.73,161.08,159.96,160.05
419869800,160.04,160.76,160.02,160.42
420125400,160.43,160.83,158.72,158.81
420211800,158.81,161.8,158.07,161.8
420298200,161.85,162.77,160.76,161.44
420384600,161.44,162.96,161.44,162.95
420471000,162.97,164.43,162.72,164.43
420730200,164.41,164.42,161.99,162.11
420816600,162.1,162.35,160.8,162.34
420903000,162.38,163.64,162.38,163.31
420989400,163.35,164.3,163.35,164.27
421075800,164.3,166.99,164.3,166.1
421335000,166.1,166.46,164.9,165.81
421421400,165.82,166.4,165.74,165.96
421507800,165.95,166.3,164.53,164.96
421594200,164.98,165.35,163.82,164.25
421680600,164.26,165.23,164.26,164.91
421939800,164.9,164.9,162.33,163.4
422026200,163.4,163.71,162.55,163.71
422112600,163.73,165.18,163.16,163.27
422199000,163.27,163.61,161.98,161.99
422285400,161.97,162.13,161.25,162.13
422544600,162.06,163.5,160.29,163.43
422631000,163.45,165.59,163.45,165.54
422717400,165.54,166.21,164.79,166.21
422803800,166.22,166.39,165.27,165.48
422890200,165.49,165.49,164.33,164.46
423149400,163.3,165.6,161,162.2
423235800,164.44,164.44,162.12,162.39
423322200,162.38,162.64,161.33,162.55
423408600,162.56,164,162.56,164
423495000,163.96,164.79,163.96,164.42
423754200,164.43,165.09,163.75,164.83
423840600,164.84,164.93,162.77,162.77
423927000,162.78,162.78,161.35,161.36
424013400,161.37,161.92,160.8,161.83
424099800,161.86,162.76,161.86,162.68
424359000,162.7,164.84,162.7,164.84
424445400,164.87,165.93,164.87,165.53
424531800,165.52,167.11,165.07,167.11
424618200,167.11,169.38,167.11,169.14
424704600,169.11,169.64,168.6,169.13
424963800,169.13,170.1,168.59,169.02
425050200,169.03,170.6,168.25,170.53
425136600,170.53,171.6,170.42,170.99
425223000,170.99,171,170.13,170.57
425309400,170.57,170.69,170.03,170.41
425568600,170.4,170.46,168.32,168.46
425655000,168.45,168.81,165.67,165.68
425741400,165.66,167.09,165.17,166.64
425827800,166.64,168.12,166.64,168.11
425914200,168.12,168.64,167.77,168.64
426173400,168.97,171.4,163.7,163.7
426259800,168.8,168.8,165.8,166.6
426346200,166.61,168.49,166.49,168.48
426432600,168.48,169.15,167.46,167.56
426519000,167.56,167.91,166.95,167.08
426778200,167.09,168.11,167.09,168.11
426864600,168.03,168.05,165.51,165.53
426951000,165.53,165.68,164.77,165.46
427037400,165.46,166.9,165.46,166.01
427123800,166.01,166.04,164.03,164.29
427383000,164.28,164.29,163.3,163.95
427469400,163.95,165.18,163.95,164.82
427555800,164.89,169.29,164.89,169.29
427642200,169.29,169.8,168.33,169.06
427728600,169.08,169.08,168.4,168.89
427987800,168.89,169.74,167.63,169.53
428074200,169.52,170.63,169.26,170.35
428160600,170.35,170.72,167.27,167.59
428247000,167.59,167.79,164.99,165.04
428333400,165.03,165.03,161.5,162.56
428592600,162.34,162.78,161.55,162.04
428679000,162.06,163.04,161.97,162.01
428765400,162.01,163.44,161.52,163.44
428851800,163.4,163.42,159.63,161.33
428938200,161.33,161.88,160.89,161.74
429197400,161.73,161.73,159.18,159.18
429283800,159.2,160.14,158.5,160.13
429370200,160.11,161.77,159.47,161.54
429456600,161.55,162.14,161.41,161.54
429543000,161.55,162.6,161.55,162.16
429802200,162.22,164.76,162.22,163.7
429888600,163.74,163.84,162.72,163.41
429975000,163.43,165.4,163.43,165.29
430061400,165.29,165.8,163.55,163.55
430147800,163.58,164.27,163.22,163.98
430407000,164.06,165.64,163.77,164.34
430493400,164.33,164.33,162.54,162.77
430579800,162.77,162.77,161.2,161.25
430666200,161.27,161.28,159.96,160.84
430752600,160.85,162.16,160.25,162.14
431011800,162.14,162.32,160.97,162.25
431098200,162.25,163.13,162.25,162.58
431184600,162.58,164.4,162.32,164.4
431271000,164.4,164.66,163.95,164.23
431357400,164.25,165.07,164.21,165
431616600,167.7,168.95,166.45,168.25
431703000,165.3,167.9,165.3,167.89
431789400,167.9,168.48,167.46,167.96
431875800,167.96,168.14,167.12,167.77
431962200,167.77,167.77,166.91,166.92
432221400,166.95,169.2,165.27,165.48
432307800,165.48,165.48,164.17,164.8
432394200,164.8,165.42,164.63,165.35
432480600,165.39,165.58,164.38,164.38
432567000,164.39,166.57,164.39,166.25
432826200,166.27,168.09,166.26,167.62
432912600,167.64,169.38,167.64,169.24
432999000,169.24,169.3,168.21,168.41
433085400,168.41,169.78,168.22,169.76
433171800,169.78,170.17,168.88,169.51
433431000,169.53,170.41,169.16,170.07
433517400,170.02,170.02,167.95,168.43
433603800,168.42,168.53,167.52,168
433690200,168.02,168.35,167.23,167.23
433776600,167.23,167.23,165.63,166.07
434035800,166.07,166.07,164.93,165.81
434122200,165.81,166.8,165.81,166.27
434208600,166.29,167.74,165.92,167.74
434295000,167.76,170.28,167.76,170.28
434381400,170.32,171.1,170.31,170.8
434640600,170.77,172.65,170.05,172.65
434727000,172.59,172.59,170.34,170.34
434813400,170.34,170.84,169.34,169.62
434899800,169.63,170.12,169.13,169.87
434986200,169.88,169.99,169.18,169.86
435245400,169.97,171.18,169.63,170.43
435331800,170.41,170.41,167.67,167.81
435418200,167.81,167.81,165.67,166.73
435504600,166.77,167.35,166.44,166.98
435591000,166.97,167.23,164.98,165.95
435850200,165.85,165.99,163.85,165.99
435936600,166,167.15,166,166.47
436023000,166.47,166.65,165.36,165.38
436109400,165.38,165.38,164.41,164.84
436195800,164.84,165.19,163.23,163.37
436458600,163.43,164.58,162.86,163.55
436545000,163.55,163.66,162.37,163.66
436631400,163.64,165.21,163.55,164.84
436717800,164.84,164.85,163.42,163.45
436804200,163.42,163.42,162.22,162.44
437063400,162.42,162.56,161.84,161.91
437149800,161.91,162.15,161.63,161.76
437236200,161.78,163.97,161.74,163.97
437322600,163.97,164.71,163.97,164.41
437409000,164.39,166.29,164.34,166.29
437668200,166.27,167.58,166.27,166.57
437754600,166.54,166.59,165.28,165.36
437841000,165.38,166.41,165.34,166.08
437927400,166.04,166.49,165.51,166.12
438013800,166.12,166.13,164.5,165.09
438273000,165.09,166.05,165,166.05
438359400,166.06,167.26,166.06,166.84
438445800,166.84,167.21,166.26,166.96
438532200,167.75,168.6,166.4,166.4
438618600,167.75,168.6,166.9,168.15
438877800,166.77,166.9,166.21,166.54
438964200,166.57,167.92,166.17,167.91
439050600,167.9,168.07,166.33,166.39
439137000,166.4,166.77,166.08,166.5
439223400,166.49,166.7,165.25,165.44
439482600,165.42,166.15,164.71,165.76
439569000,165.74,165.93,165.34,165.47
439655400,165.47,166.34,165.35,165.91
439741800,165.91,166.01,164.86,165.2
439828200,165.2,165.29,164.5,165.08
440087400,165.06,165.62,164.99,165.62
440173800,165.57,165.63,164.85,164.93
440260200,164.93,164.93,163.25,163.33
440346600,163.32,163.32,161.66,161.66
440433000,161.66,162.39,161.58,162.39
440692200,162.37,162.88,162.27,162.32
440778600,162.31,162.8,161.64,162
440865000,161.99,163.57,161.99,163.56
440951400,163.59,164.18,163.17,163.27
441037800,163.26,163.31,162.9,163.22
441297000,167.35,168.05,166.65,167.3
441383400,163.22,164.76,163.22,164.76
441469800,164.7,165.27,164.3,165.26
441556200,165.35,165.84,164.83,164.85
441642600,164.87,165.05,164.58,164.93
441901800,168.3,170.95,165.5,165.5
441988200,164.93,164.93,163.98,164.04
442074600,164.04,166.78,164.04,166.78
442161000,166.83,169.1,166.83,168.81
442247400,168.82,169.31,168.49,169.28
442506600,169.26,169.46,168.48,168.9
442593000,168.91,169.54,167.87,167.95
442679400,167.95,168.07,167.27,167.8
442765800,167.81,168.4,167.68,167.75
442852200,167.75,168.59,166.64,167.02
443111400,167.01,167.55,166.77,167.18
443197800,167.19,167.84,167.01,167.84
443284200,167.85,168.34,167.02,167.55
443370600,167.55,167.65,166.67,167.04
443457000,167.04,167.06,165.87,166.19
443716200,166.2,166.2,164.83,164.87
443802600,164.87,166.35,164.84,165.94
443889000,165.94,167.12,164.74,164.84
443975400,164.9,165.55,164.12,164.24
444061800,164.27,164.33,163.07,163.93
444321000,163.97,164.67,162.4,162.87
444407400,162.87,163.6,162.03,163.42
444493800,163.43,164,162.27,162.73
444580200,162.72,163.36,162.24,163.36
444666600,163.44,163.98,160.82,160.91
444925800,160.9,160.9,158.02,158.11
445012200,158.06,158.81,157.01,158.74
445098600,158.76,159.07,155.67,155.85
445185000,155.85,156.17,154.3,155.42
445271400,155.42,156.52,155.42,156.3
445530600,156.3,156.32,154.13,154.95
445617000,154.96,156.61,154.96,156.61
445703400,156.62,157.48,156.15,156.25
445789800,156.25,156.44,155.44,156.13
445876200,156.14,156.8,155.51,155.74
446135400,156.12,159.45,152.8,157.15
446221800,155.73,155.73,154.47,154.64
446308200,154.65,155.1,153.94,154.32
446394600,154.31,154.31,152.13,154.29
446481000,154.31,157.51,154.31,157.51
446740200,157.51,159.58,157.08,159.3
446826600,159.24,159.24,156.59,156.82
446913000,156.82,158.27,156.41,157.06
446999400,157.07,158.19,156.77,158.19
447085800,158.2,159.9,158.2,159.24
447345000,159.23,159.23,157.59,157.89
447431400,157.87,158.37,156.21,156.25
447517800,156.18,156.18,153.81,154.57
447604200,154.57,155.8,154.35,155.19
447690600,155.19,155.19,153.77,154.35
447949800,154.37,156.35,154.37,156.34
448036200,156.35,157.93,156.35,156.78
448122600,156.77,157.17,156.22,156.77
448209000,156.77,158.05,156.73,157.41
448295400,157.46,159.97,157.46,159.27
448554600,159.18,159.18,157.28,157.78
448641000,157.78,159.17,157.78,158.86
448727400,158.86,159.26,158.59,158.66
448813800,158.67,158.67,156.61,156.69
448900200,156.65,156.92,156.02,156.86
449159400,156.82,157.18,156.31,156.67
449245800,156.69,157.3,156.61,157.3
449332200,157.3,159.9,157.3,159.89
449418600,159.88,160.46,159.52,159.52
449505000,159.51,159.52,158.92,159.18
449764200,159.19,159.87,157.63,157.98
449850600,157.99,158.27,157.17,157.66
449937000,157.65,158.11,157.29,157.55
450023400,157.61,158.1,154.96,155.04
450109800,155.04,155.48,154.12,155.48
450369000,155.55,155.86,154.71,155.45
450455400,155.46,156.57,155.46,155.87
450541800,155.87,156.31,154.9,155
450628200,155,157.74,154.17,157.73
450714600,157.71,158.87,157.13,157.31
450973800,157.31,158.35,156.49,158.32
451060200,158.36,159.59,158.36,158.97
451146600,158.94,158.94,157.64,157.9
451233000,157.89,158.02,157.1,158.02
451319400,159.67,161.45,157.9,159.2
451578600,158.02,158.05,156.79,156.8
451665000,156.8,158.38,156.61,158.05
451751400,158.04,158.77,157.8,158.65
451837800,158.65,160.5,158.65,160.3
451924200,160.28,160.69,159.77,159.89
452179800,159.89,160.43,159.3,160.04
452266200,160.07,161.69,160.05,161.68
452352600,161.69,162.11,161.41,161.9
452439000,161.88,161.88,160.95,161.2
452525400,161.2,161.2,158.93,159.11
452784600,159.11,159.48,158.63,159.47
452871000,159.49,160.52,159.14,160.52
452957400,160.53,161.31,159.39,160.11
453043800,160.1,160.45,159.61,160
453130200,160,160,157.42,158.5
453389400,158.45,158.45,157.2,157.5
453475800,157.51,158.27,157.29,158
453562200,158,158.41,157.83,157.99
453648600,157.98,157.99,156.15,156.57
453735000,156.57,156.77,155.24,155.77
453994200,155.8,156.11,154.63,154.73
454080600,154.72,154.72,152.99,153.89
454167000,153.88,154.02,153.1,153.15
454253400,153.15,153.15,150.8,151.23
454339800,151.23,152.02,150.85,151.62
454599000,151.15,153.4,148.9,150.8
454685400,151.63,151.86,149.95,150.29
454771800,150.29,151.43,148.68,150.35
454858200,150.34,150.69,149.76,150.55
454944600,150.55,153.24,150.55,153.24
455203800,153.27,155.1,153.27,154.34
455290200,154.32,154.34,153.28,153.66
455376600,153.67,155.03,153.38,155.01
455463000,155.01,155.11,154.36,154.92
455549400,154.91,155.4,154.57,155.17
455808600,155.17,155.17,153,153.06
455895000,153.07,153.07,151.61,152.19
455981400,152.27,152.85,151.86,152.13
456067800,152.14,152.14,150.31,150.39
456154200,150.39,150.71,149.02,149.03
456413400,149.02,151.92,148.53,151.73
456499800,151.74,153,151.74,152.61
456586200,152.6,154.84,150.96,154.84
456672600,154.84,155.64,154.05,154.51
456759000,154.49,154.92,153.89,154.47
457018200,154.46,154.67,153.86,153.97
457104600,153.96,153.96,152.47,152.71
457191000,152.68,152.88,151.3,151.64
457277400,151.64,153.07,151.62,152.84
457363800,152.84,154.08,152.84,153.18
457623000,153.21,153.22,152.44,153.2
457709400,153.18,153.86,153.1,153.7
457795800,154.7,156.3,152.25,152.25
457882200,153.71,153.87,152.71,152.76
457968600,152.66,152.76,151.63,152.24
458227800,152.22,153.53,151.44,153.36
458314200,153.36,153.53,152.57,152.89
458400600,152.82,152.89,150.55,150.55
458487000,150.57,151.06,149.63,150.03
458573400,150.03,151.16,150.03,150.88
458832600,150.87,151.6,150.01,151.6
458919000,151.59,152.6,151.26,152.37
459005400,152.37,152.38,151.11,151.4
459091800,151.38,151.38,150.27,150.37
459178200,150.37,150.58,149.07,149.55
459437400,149.55,149.55,147.85,148.95
459523800,148.93,149.28,147.78,147.82
459610200,147.83,149.3,147.26,148.83
459696600,148.88,150.16,148.83,150.07
459783000,150.08,151.38,149.99,151.19
460042200,151.17,151.19,150.14,150.19
460128600,150.15,150.77,149.65,150.66
460215000,150.66,154.08,150.66,154.08
460301400,154.1,157.99,154.08,157.99
460387800,158,162.56,157.99,162.37
460647000,162.34,165.27,162.09,162.6
460733400,162.59,163.58,160.81,162.72
460819800,162.71,163.87,161.75,161.75
460906200,161.74,165.88,161.47,165.54
460992600,165.57,168.59,165.24,165.42
461251800,165.25,165.49,163.98,165.43
461338200,165.43,166.09,164.28,164.43
461424600,164.42,164.42,162.75,162.8
461511000,162.8,164.42,162.75,163.77
461597400,163.78,164.61,163.78,164.14
461856600,164.14,164.94,163.76,164.94
461943000,164.94,168.22,164.93,167.83
462029400,167.83,168.79,166.92,167.06
462115800,167.05,167.78,166.61,167.12
462202200,167.12,167.52,167.12,167.51
462461400,167.5,167.5,165.81,166.44
462547800,166.43,167.43,166.21,167.4
462634200,167.4,168.21,167.03,167.09
462720600,167.09,167.19,166.55,166.6
462807000,166.53,166.68,165.78,166.68
463066200,166.9,170.1,166.3,170.1
463152600,166.68,166.68,164.73,164.88
463239000,164.83,164.83,163.84,164.29
463325400,164.35,165.95,164.35,165.64
463411800,165.64,166.31,164.22,164.37
463671000,164.37,165.05,163.06,164.26
463757400,164.34,166.17,164.34,164.45
463843800,164.45,164.81,164.14,164.68
463930200,164.68,167.94,164.68,167.94
464016600,167.97,169.65,167.97,168.78
464275800,168.78,169.37,167.99,168.87
464362200,168.86,168.86,167.64,167.65
464448600,167.65,168.76,166.89,166.94
464535000,166.89,167.47,166.7,167.47
464621400,167.46,168.67,165.66,165.67
464880600,165.67,166.12,164.98,165.28
464967000,165.28,165.97,164.45,165.62
465053400,165.61,167.2,165.61,166.28
465139800,166.33,167.18,166.33,166.96
465226200,166.96,166.96,165.77,166.1
465485400,166.07,166.07,164.48,164.62
465571800,164.63,165.24,163.55,163.59
465658200,163.59,163.59,162.2,162.44
465744600,162.44,163.16,162.44,162.92
465831000,163.26,163.32,162.51,162.68
466090200,162.68,162.68,161.8,162.13
466176600,162.16,162.84,161.62,161.66
466263000,161.71,162.12,160.02,162.1
466349400,162.11,162.87,162,162.78
466435800,162.81,164.47,162.81,164.18
466695000,164.13,166.15,164.09,165.77
466781400,165.75,165.75,164.66,164.78
466867800,164.79,165.04,163.71,164.14
466954200,164.14,168.1,163.8,168.1
467040600,168.1,169.62,167.31,167.96
467299800,167.96,168.36,167.26,167.36
467386200,167.37,168.27,166.83,167.09
467472600,167.09,167.54,166.82,167.2
467559000,167.2,167.62,166.17,166.31
467645400,166.24,166.24,164.93,165.29
467908200,165.29,165.29,164.67,164.78
467994600,164.8,167.33,164.79,166.84
468081000,166.82,166.95,165.99,166.09
468167400,166.1,167.83,166.1,167.49
468253800,167.49,167.95,167.24,167.49
468513000,167.49,168.65,167.33,168.58
468599400,168.59,170.41,168.59,170.41
468685800,170.41,170.41,168.44,169.17
468772200,169.07,169.27,168.27,168.68
468858600,168.68,169.46,167.44,167.6
469117800,167.65,167.65,166.67,167.37
469204200,167.38,167.38,165.79,165.97
469290600,165.97,166.43,165.39,165.99
469377000,165.99,166.49,165.61,165.89
469463400,165.89,166.24,164.09,164.1
469722600,164.23,164.34,163.03,163.09
469809000,163.11,164.47,163.11,164.18
469895400,164.19,164.68,163.29,164.51
469981800,166.5,168.5,164.5,164.55
470068200,164.55,166.92,164.55,166.92
470327400,166.9,166.9,165.37,165.55
470413800,165.54,166.85,165.07,166.29
470500200,166.3,166.9,164.97,165.01
470586600,164.95,164.95,163.78,163.91
470673000,163.81,163.87,162.99,163.58
470932200,163.57,163.57,162.29,162.81
471018600,162.84,163.91,162.84,163.38
471105000,163.38,163.4,161.93,162.1
471191400,162.06,163.11,161.76,162.76
471277800,162.75,163.31,162.26,162.26
471537000,162.27,163.32,161.54,162.83
471623400,162.83,163.18,162.56,163.07
471709800,163.07,163.18,162.55,162.62
471796200,162.63,162.92,161.54,161.81
471882600,161.8,163.53,161.63,162.69
472141800,162.69,163.63,162.44,163.62
472228200,163.65,168.11,163.65,168.11
472314600,168.11,169.03,166.84,167.15
472401000,167.12,167.58,166.29,166.38
472487400,166.36,166.36,164.62,165.51
472746600,165.5,166.93,165.5,166.76
472833000,170.6,171.8,169.4,170.2
472919400,166.73,166.73,166.29,166.47
473005800,166.46,166.5,165.62,165.75
473092200,165.74,166.32,165.67,166.26
473351400,166.24,167.34,166.06,167.24
473524200,167.2,167.2,165.19,165.37
473610600,165.29,166.11,164.38,164.57
473697000,164.55,164.55,163.36,163.68
473956200,163.68,164.71,163.68,164.24
474042600,164.25,164.59,163.91,163.99
474129000,163.99,165.57,163.99,165.18
474215400,165.97,168.31,164.99,168.31
474301800,168.29,168.72,167.58,167.9
474561000,167.89,170.55,167.58,170.51
474647400,170.53,171.82,170.4,170.81
474733800,170.82,171.94,170.41,171.19
474820200,171.18,171.34,170.22,170.73
474906600,170.73,171.42,170.66,171.32
475165800,171.31,175.45,171.31,175.23
475252200,175.23,176.63,175.14,175.48
475338600,175.48,177.29,175.15,177.29
475425000,177.31,178.16,176.56,176.71
475511400,176.72,177.75,176.54,177.35
475770600,177.35,178.19,176.56,177.39
475857000,177.4,179.19,176.58,179.19
475943400,179.18,180.27,179.05,179.39
476029800,179.39,179.83,178.56,179.63
476116200,179.6,179.6,178.44,178.63
476375400,178.58,180.35,177.75,180.35
476461800,180.34,181.53,180.07,180.6
476548200,180.51,181.5,180.32,180.43
476634600,180.47,181.96,180.47,181.82
476721000,181.82,182.39,181.67,182.19
476980200,182.17,182.18,180.11,180.51
477066600,180.51,180.75,179.45,180.56
477153000,180.58,183.86,180.5,183.35
477239400,183.34,183.95,182.39,182.39
477325800,182.39,182.65,181.23,181.6
477585000,181.2,183.35,179.05,181.8
477671400,181.61,181.61,180.95,181.33
477757800,181.26,182.1,180.64,181.18
477844200,181.14,181.14,180.02,180.18
477930600,180.17,180.41,179.23,179.37
478189800,179.34,179.34,178.13,179.23
478276200,179.23,181.58,179.16,181.17
478362600,181.17,181.87,180.5,180.71
478449000,180.7,181.21,180.33,181.18
478535400,181.18,183.89,181.16,183.23
478794600,183.25,183.41,181.4,182.06
478881000,182.06,182.64,181.42,182.24
478967400,182.23,182.25,180.59,180.65
479053800,180.63,180.63,179.44,179.51
479140200,179.51,179.97,179.07,179.1
479399400,179.09,179.46,178.15,178.79
479485800,178.8,180.14,178.7,179.66
479572200,179.66,179.96,178.02,178.19
479658600,178.18,178.53,177.61,177.84
479745000,177.85,178.41,176.53,176.53
480004200,176.53,177.66,176.53,176.87
480090600,176.87,179.56,176.87,179.54
480177000,179.55,179.78,178.79,179.08
480263400,179.08,180.22,178.89,179.35
480349800,179.39,179.92,178.86,179.04
480609000,179.04,179.04,177.85,177.97
480695400,177.98,178.86,177.88,178.43
480781800,178.43,179.8,178.43,179.55
480868200,179.53,180.6,179.43,179.54
480954600,179.56,180.66,179.56,180.66
481213800,180.66,181.27,180.43,181.27
481300200,181.3,181.86,180.28,180.53
481386600,180.51,180.51,178.64,179.11
481473000,179.13,179.13,178.29,179.03
481559400,182.62,184.85,180.4,181.55
481818600,179.04,179.46,177.86,178.03
481905000,178.03,178.67,177.97,178.21
481991400,178.23,179.9,178.23,179.42
482077800,179.43,180.91,179.43,180.19
482164200,180.22,180.55,180.06,180.55
482423400,180.54,181.15,180.45,180.92
482509800,180.92,181.78,180.19,181.2
482596200,181.2,181.91,181.14,181.68
482682600,181.69,182.56,180.75,180.84
482769000,180.8,181.25,180.42,181.11
483028200,181.11,181.23,180.25,180.7
483114600,180.71,181.97,180.34,181.87
483201000,181.86,182.27,181.74,182.26
483287400,182.25,183.43,182.12,183.43
483373800,183.43,183.61,182.11,182.18
483629400,182.16,182.34,180.62,180.63
483715800,180.63,180.63,178.86,179.83
483802200,179.86,180.04,178.35,178.37
483888600,178.44,179.01,178.44,179.01
483975000,179.02,180.3,179.02,180.08
484234200,180.08,180.56,179.82,179.99
484320600,179.99,181.09,179.87,180.76
484407000,180.74,180.76,179.96,180.62
484493400,180.62,181.97,180.62,181.92
484579800,181.92,184.74,181.92,184.28
484839000,184.29,184.61,184.19,184.61
484925400,184.61,185.17,183.65,183.87
485011800,183.87,185.43,183.86,184.54
485098200,184.55,185.74,184.55,185.66
485184600,185.64,187.94,185.47,187.42
485443800,187.5,189.98,187.5,189.72
485530200,189.72,189.81,188.78,189.64
485616600,189.51,189.51,187.71,188.56
485703000,188.5,188.5,187.45,187.6
485789400,187.6,188.29,187.29,188.29
486048600,188.97,190.55,187.4,189.65
486135000,188.3,188.94,187.38,187.85
486221400,187.85,187.85,187.11,187.68
486307800,187.73,188.04,187.09,187.75
486394200,187.73,189.59,187.45,189.57
486653400,189.56,190.36,188.93,189.32
486739800,189.32,190.27,188.88,190.04
486826200,190.05,191.02,190.05,190.16
486912600,190.16,191.06,189.13,191.06
486999000,191.1,191.29,189.55,189.68
487258200,189.67,189.67,188.82,189.51
487344600,189.54,189.61,188.78,189.04
487431000,189.01,189.02,187.59,187.6
487517400,187.56,187.56,185.03,185.33
487603800,185.35,187.1,185.35,187.1
487863000,187.07,187.07,185.98,186.53
487949400,186.53,187.65,186.51,187.34
488035800,187.35,187.98,186.63,186.63
488122200,186.62,186.74,185.97,186.73
488208600,186.69,189.61,186.43,189.61
488467800,189.5,189.5,187.84,189.15
488554200,189.16,190.96,189.16,189.74
488640600,189.84,190.26,189.44,190.06
488727000,190.08,191.36,190.08,191.23
488813400,191.11,191.85,191.04,191.85
489072600,191.82,192.43,191.17,192.43
489159000,192.44,192.63,191.84,192.01
489245400,191.99,192.08,191.37,191.45
489331800,194.15,195.5,191.35,191.35
489418200,191.47,192.67,191.47,192.52
489677400,192.47,192.47,191.26,191.94
489763800,191.93,191.93,190.81,191.05
489850200,191.03,192.36,190.99,192.36
489936600,192.36,192.95,192.28,192.95
490023000,192.94,193.32,192.64,193.29
490282200,193.27,193.84,192.55,192.72
490368600,193.05,194.72,192.73,194.72
490455000,194.76,196.07,194.76,195.65
490541400,195.55,195.55,194.39,194.39
490627800,194.38,195.13,194.28,195.13
490887000,195.13,195.13,193.58,194.34
490973400,194.33,194.98,192.28,192.55
491059800,192.55,192.55,190.66,191.58
491146200,191.59,192.23,191.17,192.06
491232600,192.05,192.78,191.58,192.4
491491800,192.42,192.42,189.53,189.6
491578200,189.62,190.05,189.3,189.93
491664600,189.93,190.92,189.93,190.92
491751000,190.91,192.17,190.91,192.11
491837400,192.11,192.11,191.27,191.48
492096600,191.47,191.47,189.95,190.61
492183000,190.42,190.72,187.87,187.93
492269400,187.91,187.91,187.39,187.68
492355800,187.68,188.96,187.68,188.95
492442200,188.97,189.05,188.11,188.32
492701400,188.32,188.32,187.43,187.63
492787800,187.66,188.15,186.51,187.3
492874200,187.3,187.87,187.3,187.41
492960600,187.43,187.74,186.62,187.26
493047000,187.23,187.23,186.12,186.12
493306200,186.14,186.82,186.14,186.38
493392600,186.39,188.27,186.39,188.09
493479000,188.09,189.16,188.09,189.16
493565400,189.14,189.23,187.2,187.37
493651800,187.21,187.35,186.59,187.17
493911000,187.15,187.44,186.46,187.31
493997400,187.34,188.1,187.34,188.1
494083800,188.11,188.83,187.9,188.83
494170200,188.8,188.94,188.38,188.92
494256600,188.97,189.13,188,188.63
494515800,187.82,189.1,182.8,182.8
494602200,188.63,188.63,187.38,187.91
494688600,187.92,187.92,186.97,187.37
494775000,187.36,187.52,186.89,187.27
494861400,187.29,188.43,187.29,188.24
495120600,188.24,188.8,187.9,188.25
495207000,188.23,188.26,186.5,186.9
495293400,186.47,186.47,184.79,185.03
495379800,185.02,185.21,183.49,183.69
495466200,183.7,184.19,182.05,182.91
495725400,182.91,182.91,182.45,182.88
495811800,182.88,182.88,180.78,181.36
495898200,181.33,181.83,180.81,181.71
495984600,181.73,183.4,181.73,183.4
496071000,183.39,183.39,182.04,182.05
496330200,182.12,184.65,182.12,184.3
496416600,184.3,184.3,182.42,182.62
496503000,182.6,182.6,180.64,180.66
496589400,180.66,181.29,179.45,181.29
496675800,181.29,181.3,181.29,181.3
496935000,181.36,182.08,181.22,182.08
497021400,182.06,185.08,182.06,185.07
497107800,185.08,185.94,184.06,184.07
497194200,184.07,185.17,183.59,184.36
497280600,184.36,184.36,182.65,183.22
497539800,183.22,183.22,181.3,181.87
497626200,181.83,182.3,181.16,181.87
497712600,181.87,183.27,181.87,182.52
497799000,182.49,182.79,182.05,182.78
497885400,182.8,184.28,182.61,184.28
498144600,184.38,186.37,184.38,186.37
498231000,186.38,187.16,185.66,186.08
498317400,186.08,187.98,186.08,187.98
498403800,187.98,188.52,187.42,187.66
498490200,187.67,188.11,186.89,187.04
498749400,186.98,187.3,186.79,186.96
498835800,186.98,188.56,186.96,188.04
498922200,188.06,189.09,188.04,189.09
499008600,189.09,189.45,188.41,188.5
499095000,188.51,188.51,187.32,187.52
499357800,187.52,187.76,186.93,187.76
499444200,187.81,189.78,187.76,189.23
499530600,189.27,190.09,189.14,190.07
499617000,190.07,190.95,189.35,189.82
499703400,189.81,191.53,189.37,191.53
499962600,191.53,191.96,190.66,191.25
500049000,191.25,192.43,190.99,192.37
500135400,192.37,193.01,191.83,192.76
500221800,192.77,192.96,192.16,192.62
500308200,192.58,193.97,192.53,193.72
500567400,193.7,197.29,193.7,197.29
500653800,197.28,198.66,196.97,198.08
500740200,198.08,198.11,196.91,197.1
500826600,197.1,199.19,196.88,199.06
500913000,199.06,199.58,197.9,198.11
501172200,198.11,198.71,197.51,198.71
501258600,198.7,199.52,198.01,198.67
501345000,198.66,199.2,198.52,198.99
501431400,198.99,201.43,198.99,201.41
501517800,201.4,202.01,201.05,201.52
501777000,201.52,201.52,200.08,200.35
501863400,200.37,201.16,200.11,200.67
501949800,200.67,202.65,200.67,202.54
502036200,202.37,204.5,200.25,202.4
502122600,202.53,203.4,201.92,202.17
502381800,202.17,202.19,200.2,200.46
502468200,200.46,200.98,200.1,200.86
502554600,200.88,204.23,200.86,204.23
502641000,204.23,205.86,203.79,203.88
502727400,203.83,203.83,202.45,202.99
502986600,202.98,204.65,202.98,204.23
503073000,204.35,205.16,203.68,204.39
503159400,204.39,206.68,204.17,206.31
503245800,206.31,207.65,205.83,206.73
503332200,206.74,210.31,206.73,209.94
503591400,209.93,213.08,209.91,212.02
503677800,212.01,212.45,210.58,210.65
503764200,210.63,211.23,209.24,209.81
503850600,209.81,210.13,209.25,210.02
503937000,210.02,211.77,210.02,210.94
504196200,210.94,210.94,208.44,208.57
504282600,208.51,208.57,206.44,207.14
504369000,211.17,213.75,208.6,212.45
504455400,207.13,207.76,207.05,207.65
504541800,207.65,209.62,207.65,209.61
504801000,209.62,210.7,209.17,210.68
504887400,210.74,211.61,210.68,211.28
504973800,212.3,214.3,210.3,213.05
505060200,211.24,211.28,208.93,209.59
505146600,209.6,210.88,209.51,210.88
505405800,210.89,210.98,209.93,210.65
505492200,210.69,213.8,210.65,213.8
505578600,213.79,214.57,207.49,207.97
505665000,207.96,207.96,204.51,206.11
505751400,206.17,207.33,205.52,205.96
506010600,205.97,206.83,205.52,206.72
506097000,206.75,207.37,206.06,206.64
506183400,206.64,208.27,206.64,208.26
506269800,208.31,209.18,207.61,209.17
506356200,209.17,209.4,207.59,208.43
506615400,208.42,208.42,206.62,207.53
506701800,207.53,207.78,205.05,205.79
506788200,205.79,206.03,203.41,203.49
506874600,203.44,204.43,202.6,204.25
506961000,204.26,206.43,204.25,206.43
507220200,206.45,207.69,206.43,207.39
507306600,207.42,209.82,207.4,209.81
507393000,209.84,212.36,209.81,210.29
507479400,210.23,211.54,209.15,209.33
507565800,209.31,212.42,209.19,211.78
507825000,211.72,214.18,211.6,213.96
507911400,213.97,214.57,210.82,212.79
507997800,212.84,213.03,211.21,212.96
508084200,212.96,214.51,212.6,213.47
508170600,213.46,215.27,211.13,214.56
508429800,214.56,216.24,214.47,216.24
508516200,216.24,216.67,215.54,215.92
508602600,215.95,216.28,215.13,215.97
508689000,215.94,217.41,215.38,217.4
508775400,217.44,219.76,217.22,219.76
509034600,223.1,226.2,220,226
509121000,219.76,222.45,219.26,222.45
509207400,222.38,222.96,219.73,219.76
509293800,219.74,222.22,219.22,222.22
509380200,222.24,224.62,222.22,224.62
509639400,224.58,225.29,223.31,224.34
509725800,224.31,224.4,222.63,223.79
509812200,223.79,224.59,223.15,224.04
509898600,224.04,226.88,223.41,226.77
509985000,226.89,227.92,225.42,226.92
510244200,226.92,226.92,224.41,225.42
510330600,225.4,227.33,223.94,224.38
510417000,224.14,224.37,222.18,224.34
510503400,224.38,225.5,224.13,225.13
510589800,225.11,226.33,224.44,225.57
510849000,225.58,226.98,225.36,226.58
510935400,231.69,231.81,226.58,231.69
511021800,232.54,234.7,231.68,232.54
511108200,233.19,233.89,231.27,233.19
511194600,233.2,236.55,232.58,236.55
511453800,234.67,236.55,233.69,234.67
511540200,234.65,236.52,234.14,235.78
511626600,235.78,236.52,235.13,235.6
511713000,235.63,237.09,235.6,236.54
511799400,236.56,237.35,233.34,233.34
512058600,233.34,235.33,232.92,235.33
512145000,235.33,235.33,233.62,234.72
512231400,234.71,237.79,234.71,237.3
512317800,237.31,240.11,237.31,238.97
512404200,239.45,243.8,235.1,241.65
512663400,238.97,239.86,238.08,238.9
512749800,238.88,239.1,234.57,235.14
512836200,234.99,235.71,233.4,235.71
512922600,235.71,236.42,232.07,232.47
513009000,232.43,232.56,228.32,228.69
513268200,228.71,228.83,226.3,228.63
513354600,228.76,233.7,228.76,233.52
513441000,233.52,235.57,232.13,233.74
513527400,233.79,236.54,233.75,236.44
513613800,236.49,237.85,235.13,235.98
513873000,235.94,237.48,235.43,237.28
513959400,237.28,238.09,236.64,237.73
514045800,237.77,242.57,237.73,242.22
514132200,242.21,243.36,241.89,243.03
514218600,243.02,243.47,241.74,242.38
514477800,242.38,244.78,241.88,244.74
514564200,244.78,245.47,241.3,242.42
514650600,242.33,242.42,240.08,241.75
514737000,241.76,243.13,241.65,242.02
514823400,242.7,242.8,240.91,242.29
515079000,242.3,243.08,241.23,243.08
515165400,243.02,243.57,239.23,240.51
515251800,240.52,240.52,235.26,235.52
515338200,235.51,236.01,234.21,235.16
515424600,235.16,236.5,234.15,234.79
515683800,234.83,237.73,234.79,237.73
515770200,237.82,238.28,236.26,237.24
515856600,237.24,237.24,233.98,236.08
515943000,236.13,237.96,236.08,237.13
516029400,237.13,238.01,235.85,237.85
516288600,237.85,238.53,237.02,237.58
516375000,237.6,237.87,236.02,236.41
516461400,236.43,237.54,235.85,237.54
516547800,237.54,237.54,233.93,234.43
516634200,234.42,234.43,232.26,232.76
516893400,232.76,233.54,232.41,233.2
516979800,233.23,236.12,232.58,236.11
517066200,236.15,236.83,235.45,235.45
517152600,235.48,240.25,235.45,240.12
517239000,240.12,242.16,240.12,241.35
517498200,246.35,250.4,242.3,247.55
517584600,241.37,244.76,241.35,244.75
517671000,244.76,247.4,244.75,246.63
517757400,246.63,248.32,245.29,247.98
517843800,247.98,249.19,246.43,247.35
518103000,247.34,247.74,243.83,245.04
518189400,245.07,245.51,243.67,245.51
518275800,245.54,246.3,242.59,243.94
518362200,243.94,245.66,243.41,245.65
518448600,245.65,246.07,244.43,245.67
518707800,245.67,245.67,239.68,239.96
518794200,239.96,240.08,238.23,239.58
518880600,239.59,241.13,239.21,241.13
518967000,241.12,241.64,240.7,241.49
519053400,241.71,245.91,241.71,245.73
519312600,245.73,246.5,245.17,246.13
519399000,246.12,246.26,243.6,244.35
519485400,244.35,245.25,242.58,244.99
519571800,244.99,245.8,244.05,244.06
519658200,244.06,247.56,243.98,247.56
519917400,247.58,247.58,244.45,245.26
520003800,245.28,248.26,244.53,247.03
520090200,247.04,250.13,247.03,248.93
520176600,248.93,249.43,247.72,248.74
520263000,248.74,249.74,248.74,249.6
520522200,249.6,251.81,249.6,250.84
520608600,250.67,252.04,250.53,252.04
520695000,252.04,253.2,251.79,252.7
520781400,252.7,252.94,251.23,251.79
520867800,252.82,255.2,250.45,252
521127000,251.79,251.81,243.63,244.05
521213400,244.05,244.06,239.07,241.59
521299800,241.59,243.07,241.46,242.82
521386200,242.82,243.44,239.66,243.01
521472600,243.01,243.48,241.68,242.22
521731800,242.22,242.22,238.04,238.11
521818200,238.09,238.12,233.6,233.66
521904600,233.66,236.19,233.66,235.01
521991000,235.01,236.65,235.01,236.07
522077400,236.07,238.22,233.94,236.36
522336600,236.36,236.45,235.53,236.24
522423000,236.24,238.42,235.92,238.18
522509400,238.19,239.25,238.17,238.67
522595800,238.69,239.05,237.32,237.95
522682200,237.99,240.36,237.95,240.22
522941400,240.2,240.25,235.23,236.01
523027800,235.72,236.01,234.42,234.55
523114200,234.57,237.38,233.07,236.59
523200600,236.59,236.92,235.89,236.12
523287000,236.12,236.89,234.59,234.91
523546200,234.91,236.86,231.92,235.99
523632600,235.99,238.31,235.97,237.03
523719000,237.03,237.35,235.48,236.84
523805400,236.84,238.02,236.31,237.04
523891800,237.04,238.06,236.37,236.88
524151000,236.88,241.2,236.87,240.68
524237400,240.68,243.37,240.35,243.34
524323800,243.34,246.51,243.06,245.67
524410200,245.67,246.79,245.53,246.25
524496600,246.25,247.15,245.7,247.15
524755800,247.15,247.83,245.48,247.38
524842200,247.38,247.42,245.82,246.51
524928600,246.53,249.77,246.51,249.77
525015000,249.77,250.45,249.11,249.67
525101400,249.67,250.61,249.27,250.19
525360600,250.19,250.26,247.76,247.81
525447000,247.81,252.91,247.81,252.84
525533400,252.84,254.24,252.66,253.3
525619800,253.3,253.67,251.91,252.84
525706200,252.84,254.07,251.73,252.93
526051800,252.93,253.3,248.14,248.52
526138200,248.52,250.08,247.59,250.08
526224600,250.08,254.01,250.03,253.83
526311000,253.82,254.13,250.33,250.47
526570200,250.47,250.47,247.02,248.14
526656600,248.14,250.21,246.94,247.67
526743000,247.67,247.76,246.11,247.06
526829400,247.06,247.06,234.67,235.18
526915800,235.18,235.45,228.74,230.67
527175000,230.67,232.82,229.44,231.94
527261400,231.94,231.94,228.32,231.72
527347800,231.73,233.81,231.38,231.68
527434200,231.67,232.87,230.57,232.31
527520600,232.31,232.31,230.69,232.21
527779800,232.2,234.93,232.2,234.93
527866200,234.96,235.88,234.5,235.67
527952600,235.66,237.06,235.53,236.28
528039000,235.19,236.28,230.67,231.83
528125400,231.83,233.68,230.64,232.23
528384600,232.23,232.23,228.08,229.91
528471000,229.91,233.01,229.91,231.32
528557400,231.32,234.62,231.32,233.6
528643800,233.6,234.33,232.77,233.92
528730200,233.92,236.14,232.79,233.71
528989400,233.71,235.5,233.17,234.78
529075800,234.74,235.18,233.46,234.41
529162200,234.41,236.84,233.68,236.68
529248600,236.67,238.2,235.72,235.85
529335000,235.84,236.27,235.31,235.48
529594200,235.52,235.91,235.02,235.91
529680600,235.9,236.37,234.37,235.37
529767000,235.36,239.03,235.27,238.8
529853400,238.83,240.18,238.8,239.53
529939800,239.5,239.53,237.71,238.84
530199000,238.84,238.84,234.78,235.97
530285400,236.03,236.49,234.95,235.88
530371800,235.89,236.64,235.82,236.26
530458200,236.28,239.76,236.26,239.28
530544600,239.3,239.65,238.25,238.26
530807400,238.22,238.77,236.72,238.77
530893800,238.81,240.58,238.77,239.26
530980200,239.23,240.99,238.98,240.94
531066600,240.97,244.08,240.94,243.71
531153000,243.7,244.51,242.95,243.98
531412200,243.97,245.8,243.97,245.8
531498600,245.8,246.43,244.42,246.2
531585000,246.09,247.05,245.23,246.58
531671400,246.54,246.9,244.3,245.87
531757800,245.85,246.13,244.94,245.77
532017000,245.75,246.21,244.68,246.13
532103400,246.15,247.1,246.12,247.08
532189800,247.06,247.67,245.68,246.64
532276200,246.63,246.66,242.98,243.02
532362600,243.01,244.51,241.96,244.5
532621800,244.5,244.8,242.29,243.21
532708200,243.23,243.23,236.65,236.78
532794600,236.77,237.94,235.51,237.66
532881000,237.66,242.05,237.66,242.05
532967400,242.03,246.38,241.91,245.86
533226600,245.21,248,245.21,247.45
533313000,247.44,248.18,246.3,248.17
533399400,248.14,248.9,247.73,248.77
533572200,248.82,249.22,248.07,249.22
533831400,249.22,249.22,245.72,249.05
533917800,249.06,254,249.05,254
534004200,254,254.87,253.24,253.85
534090600,253.85,254.42,252.88,253.04
534177000,253.05,253.89,250.71,251.17
534436200,251.17,252.35,248.82,251.16
534522600,251.16,251.27,249.25,249.28
534609000,249.28,251.53,248.94,250.96
534695400,250.96,250.98,247.15,248.17
534781800,248.17,248.31,247.02,247.35
535041000,247.31,248.23,244.92,248.21
535127400,248.18,250.04,247.4,250.04
535213800,250.04,250.04,247.19,247.56
535300200,247.56,247.79,246.45,246.78
535386600,246.79,249.96,245.89,249.73
535645800,249.73,249.73,247.45,248.75
535732200,248.75,248.75,245.85,246.34
535818600,246.34,247.22,246.02,246.75
535991400,246.75,247.09,246.73,246.92
536250600,246.9,246.92,244.31,244.67
536337000,244.63,244.67,243.04,243.37
536423400,243.37,244.03,241.28,242.16
536596200,242.17,246.45,242.17,246.45
536855400,246.45,252.57,246.45,252.19
536941800,252.2,253.99,252.15,252.77
537028200,252.72,255.72,252.65,255.33
537114600,255.36,257.28,254.97,257.28
537201000,257.26,259.2,256.11,258.73
537460200,258.72,261.36,257.92,260.3
537546600,260.3,260.45,259.21,259.95
537633000,259.95,262.72,259.62,262.64
537719400,262.65,266.68,262.64,265.49
537805800,265.46,267.24,264.31,266.28
538065000,266.26,269.34,264,269.34
538151400,269.34,271.03,267.65,269.04
538237800,269.04,270.84,267.35,267.84
538324200,267.84,274.05,267.32,273.91
538410600,273.91,280.96,268.41,270.1
538669800,270.1,270.4,267.73,269.61
538756200,269.61,274.31,269.61,273.75
538842600,273.75,275.71,273.03,275.4
538929000,275.4,276.85,272.54,274.24
539015400,274.24,274.24,271.38,274.08
539274600,274.08,277.35,273.16,276.45
539361000,276.45,277.83,275.84,275.99
539447400,275.99,279.65,275.35,279.64
539533800,279.64,282.26,278.69,281.16
539620200,281.16,281.79,279.88,280.04
539879400,280.04,280.04,277.26,278.16
539965800,278.16,278.16,273.49,275.07
540052200,275.07,277.71,274.71,277.54
540138600,277.54,278.04,273.89,275.62
540225000,275.62,280.91,275.01,279.7
540570600,279.7,285.49,279.7,285.49
540657000,285.49,287.55,282.97,285.42
540743400,285.42,286.24,283.84,285.57
540829800,285.57,285.98,284.31,285.48
541089000,285.48,285.5,279.37,282.38
541175400,282.38,283.33,281.45,282.88
541261800,282.88,285.35,282.14,284
541348200,284,284.4,280.73,282.96
541434600,282.96,284.55,282.77,284.2
541693800,284.17,284.83,282.3,283
541780200,283,284.19,282.92,284.12
541866600,284.12,288.62,284.12,288.62
541953000,288.62,291.24,288.6,290.52
542039400,290.52,290.67,288.77,290.66
542298600,290.66,290.66,287.12,288.3
542385000,288.3,290.87,287.89,290.86
542471400,290.87,292.51,289.33,290.31
542557800,290.33,291.91,289.66,291.22
542644200,291.22,291.79,289.88,289.89
542903400,289.88,289.89,286.64,288.23
542989800,288.09,292.47,287.96,292.47
543076200,292.49,294.58,290.87,292.78
543162600,292.73,294.46,292.26,294.08
543249000,294.08,298.17,294.08,298.17
543508200,298.16,301.17,297.5,301.16
543594600,301.17,301.91,300.14,301.64
543681000,301.64,301.83,299.38,300.38
543767400,300.38,302.72,300.38,300.93
543853800,300.96,301.4,296.06,296.13
544113000,296.1,296.1,286.69,289.2
544199400,289.21,291.87,289.07,291.7
544285800,291.7,292.38,288.34,292.38
544372200,292.39,294.45,292.02,293.63
544458600,293.63,301.27,292.3,300.41
544714200,300.41,302.19,300.41,301.95
544800600,301.95,303.64,296.69,296.7
544887000,296.69,299.18,295.24,297.26
544973400,297.26,297.71,291.51,292.86
545059800,292.86,293.73,290.94,292.49
545319000,292.48,293.36,285.65,285.65
545405400,285.65,285.65,275.68,279.16
545491800,279.17,285.11,279.17,284.43
545578200,284.44,289.57,284.44,286.91
545923800,286.91,288.34,284.57,286.09
546010200,286.09,293.07,282.9,293.07
546096600,293.05,293.45,286.98,287.19
546183000,287.19,289.11,284.28,286.82
546269400,286.82,286.82,281.18,281.52
546528600,281.52,284.45,276.22,281.83
546615000,281.84,285.95,281.84,282.51
546701400,282.58,286.42,282.58,284.57
546787800,284.57,290.08,284.57,288.35
546874200,288.35,289.7,286.52,288.03
547133400,288.03,289.88,286.48,289.36
547219800,289.35,295.4,289.34,295.34
547306200,295.34,296.19,293.6,295.46
547392600,295.47,296.79,294.07,294.71
547479000,294.71,296.16,291.73,293.37
547738200,293.5,298.69,291.56,291.57
547824600,291.58,293.3,290.18,293.3
547911000,294.54,294.54,290.74,293.98
547997400,293.98,295.09,292.95,294.24
548083800,294.24,294.24,287.11,287.43
548343000,287.43,287.43,282.57,286.65
548429400,286.65,287.38,278.83,279.62
548515800,279.62,280.89,277.02,278.21
548602200,278.21,282.31,278.21,280.17
548688600,280.19,283.33,280.19,282.16
549034200,282.16,289.11,282.16,289.11
549120600,289.11,290.76,288.21,288.73
549207000,288.73,291.5,286.34,290.76
549293400,290.76,292.87,289.7,290.1
549552600,290.1,291.96,289.26,289.83
549639000,289.82,290.94,286.93,288.46
549725400,288.56,293.47,288.56,293.47
549811800,293.49,295.09,292.76,295.09
549898200,295.09,295.12,292.82,293.45
550157400,293.45,296.99,291.57,296.72
550243800,296.68,297.58,295.92,297.28
550330200,300.01,300.8,295.66,297.47
550416600,298.93,298.93,297.47,298.73
550503000,298.82,302.26,298.82,301.62
550762200,301.67,304.11,301.67,303.14
550848600,302.23,304.85,302.23,304.76
550935000,304.77,305.74,304.05,304.81
551021400,304.81,306.13,303.38,305.69
551107800,305.71,306.97,305.55,306.97
551367000,306.97,310.19,306.97,309.66
551453400,307.48,310.25,307.48,308.43
551539800,306.32,308.9,306.32,306.85
551626200,306.87,309.44,306.87,308.96
551712600,306.38,308.96,306.38,307.16
551971800,306.75,308.15,306.75,307.9
552058200,307.9,308,303.03,304
552144600,304,304,302.54,302.94
552231000,302.94,306.34,302.94,305.63
552576600,305.63,306.75,304.23,304.92
552663000,304.92,308.63,304.73,307.4
552749400,306.01,308.48,306.01,308.29
552835800,308.29,309.55,307.42,307.53
552922200,307.52,308.4,306.97,308.38
553181400,308.38,308.38,305.52,307.63
553267800,307.63,310.69,307.46,310.68
553354200,310.68,312.08,309.07,310.42
553440600,310.42,312.83,310.42,312.7
553527000,312.71,314.59,312.38,314.59
553786200,314.59,314.59,311.26,311.39
553872600,311.39,312.4,307.51,308.55
553959000,308.56,309.12,307.22,308.47
554045400,306.14,309.63,306.14,307.81
554131800,307.79,309.28,307.79,309.27
554391000,309.3,310.7,308.61,310.64
554477400,310.28,312.33,310.28,312.33
554563800,311.73,315.65,311.73,315.65
554650200,318.62,318.62,315.65,318.05
554736600,318.05,318.85,317.57,318.66
554995800,320.25,320.25,316.56,317.57
555082200,317.57,318.25,314.51,316.24
555168600,316.23,319.74,316.23,318.45
555255000,318.45,322.09,317.5,322.09
555341400,322.09,324.14,321.82,323
555600600,322.99,328,322.95,328
555687000,328.08,333.4,328.08,333.33
555773400,331.08,334.57,331.08,332.39
555859800,332.38,335.52,332.38,334.65
555946200,334.65,336.08,332.63,333.99
556205400,333.99,335.43,332.88,334.11
556291800,334.04,334.04,326.43,329.25
556378200,329.25,329.88,326.54,329.83
556464600,329.92,335.18,329.92,334.84
556551000,334.85,336.37,334.31,335.9
556810200,331.92,335.9,331.92,333.33
556896600,333.33,337.89,333.33,336.77
556983000,336.77,337.39,334.51,334.57
557069400,334.55,334.55,331.11,331.38
557155800,331.38,331.38,327.03,327.04
557415000,327.08,330.09,326.99,329.79
557501400,329.81,332.18,322.83,323.38
557587800,323.4,324.52,318.77,321.68
557674200,321.68,324.29,317.4,320.21
557760600,320.21,322.03,316.53,316.7
558106200,316.7,316.7,308.56,313.56
558192600,313.6,315.41,312.29,313.92
558279000,314.07,317.59,314.07,317.13
558365400,317.13,322.45,317.13,321.98
558624600,320.4,323.81,320.4,323.08
558711000,317.63,323.04,317.63,317.74
558797400,314.66,319.5,314.66,314.86
558883800,313.45,316.08,313.45,314.93
558970200,314.86,316.98,314.86,314.86
559229400,310.12,317.66,310.12,310.54
559315800,308.69,319.51,308.69,319.5
559402200,319.49,321.82,319.13,321.22
559488600,319.13,322.01,319.13,319.72
559575000,318.1,320.55,318.1,320.15
559834200,320.17,325.32,320.17,323.2
559920600,320.27,324.63,320.27,321.69
560007000,320.18,322.53,320.18,321.83
560093400,321.87,327.34,321.87,327.34
560179800,327.23,328.93,327.23,328.07
560439000,326.09,328.5,326.09,328.09
560525400,328.06,328.06,319.17,319.22
560611800,315.78,319.38,315.78,318.52
560698200,318.54,319.34,312.02,314.17
560784600,314.16,315.04,310.98,311.05
561043800,311.07,311.07,306.76,309.39
561130200,309.39,314.53,309.39,314.52
561216600,314.5,314.5,304.78,305.23
561303000,305.19,305.19,298.07,298.08
561389400,298.08,298.87,281.52,282.94
561648600,282.69,282.69,225.06,225.06
561735000,224.85,245.62,216.47,236.84
561821400,236.83,259.27,236.83,258.39
561907800,258.38,258.38,242.99,248.25
561994200,248.05,250.7,242.84,248.22
562257000,248.2,248.2,227.26,227.67
562343400,227.67,237.81,227.67,233.19
562429800,233.19,238.29,226.31,233.28
562516200,233.31,246.68,233.29,244.77
562602600,244.86,254.04,244.86,251.79
562861800,251.79,255.75,249.15,255.74
562948200,255.74,255.74,242.82,250.82
563034600,250.81,251.02,246.35,248.96
563121000,248.93,256.09,247.72,254.48
563207400,254.49,257.21,249.69,250.41
563466600,250.39,250.39,243.01,243.19
563553000,243.14,243.14,237.65,239
563639400,239.01,243.85,239.01,241.9
563725800,241.93,249.9,241.93,248.53
563812200,248.52,249.46,245.64,245.64
564071400,245.64,249.53,244.99,246.76
564157800,246.76,246.76,240.81,243.04
564244200,243.04,245.55,240.67,245.55
564330600,245.54,245.54,239.7,240.04
564417000,239.78,242.01,235.9,242
564676200,242,242.99,240.52,242.99
564762600,243.03,247.9,243.03,246.38
564849000,246.39,246.54,244.09,244.11
565021800,244.1,244.11,240.34,240.34
565281000,240.27,240.27,225.76,230.31
565367400,233.96,233.96,231.33,231.99
565453800,232,234.56,230.32,233.46
565540200,233.45,233.9,225.21,225.21
565626600,225.2,225.77,221.24,223.87
565885800,223.97,228.77,223.97,228.76
565972200,228.76,234.92,228.69,234.92
566058600,234.91,240.07,233.84,238.89
566145000,238.89,244.07,233.43,233.58
566231400,233.57,235.47,233.37,235.34
566490600,235.3,242.34,235.05,242.2
566577000,242.2,245.59,241.31,242.81
566663400,242.82,248.1,242.82,248.09
566749800,248.13,248.6,242.98,242.98
566836200,243.01,249.14,243.01,249.14
567095400,249.14,250.25,248.3,249.54
567181800,249.56,249.97,247.01,249.96
567268200,249.95,253.35,249.95,253.18
567354600,253.13,253.13,251.69,252.03
567700200,251.94,251.94,244.19,245.58
567786600,245.54,245.88,244.29,244.6
567873000,244.63,248.06,244.63,247.87
567959400,247.84,247.84,245.23,247.09
568305000,247.1,256.44,247.1,255.95
568391400,255.95,261.77,255.95,258.64
568477800,258.65,259.79,257.19,258.9
568564200,258.87,261.32,256.2,261.09
568650600,261.05,261.05,242.95,243.4
568909800,243.46,247.51,241.07,247.49
568996200,247.49,247.49,240.46,245.44
569082600,245.41,249.25,241.41,245.82
569169000,245.81,247,243.97,245.91
569255400,245.88,253.65,245.88,252.07
569514600,252.08,252.86,249.98,251.88
569601000,251.84,253.33,248.75,249.32
569687400,249.31,249.32,241.14,242.63
569773800,242.65,244.25,240.17,243.14
569860200,243.15,246.5,243.15,246.5
570119400,246.5,252.87,246.5,252.16
570205800,252.17,252.17,249.1,249.57
570292200,249.58,253.02,248.5,249.38
570378600,249.39,253.66,249.39,253.29
570465000,253.29,257.07,252.7,257.07
570724200,257.05,258.27,254.93,255.04
570810600,255.05,256.08,252.8,255.57
570897000,255.56,256.98,250.56,252.22
570983400,252.2,253.03,250.34,252.21
571069800,252.22,253.85,250.9,250.96
571329000,250.95,250.95,247.82,249.1
571415400,249.1,251.72,248.66,251.72
571501800,251.72,256.92,251.72,256.66
571588200,256.66,257.77,255.12,255.96
571674600,255.96,258.86,255.85,257.63
572020200,257.63,259.84,256.57,259.82
572106600,259.84,261.47,257.94,259.21
572193000,259.11,259.6,256.9,257.91
572279400,257.9,261.61,257.62,261.61
572538600,261.6,266.06,260.88,265.64
572625000,265.62,266.12,263.11,265.02
572711400,265.01,266.25,263.87,264.44
572797800,264.43,267.75,261.05,261.58
572884200,261.56,263,261.38,262.46
573143400,262.5,267.82,262.5,267.82
573229800,267.83,267.95,265.39,267.23
573316200,267.22,268.75,267,267.98
573402600,267.96,268.4,266.82,267.89
573489000,267.87,268.4,264.72,267.31
573748200,267.3,267.69,265.94,267.38
573834600,267.38,270.06,267.38,269.43
573921000,269.46,270.76,268.65,269.06
574007400,269.07,269.35,263.8,263.84
574093800,263.85,264.94,261.27,264.94
574353000,264.95,266.55,264.52,266.37
574439400,266.37,266.41,264.92,266.13
574525800,266.11,268.68,264.81,268.65
574612200,268.7,271.22,268.69,271.21
574698600,271.26,272.64,269.76,271.12
574957800,271.12,271.12,267.42,268.74
575044200,268.74,269.61,267.9,268.84
575130600,268.84,269.79,268.01,268.91
575217000,268.85,268.85,262.48,263.35
575303400,263.34,263.44,258.12,258.51
575562600,258.5,258.5,256.07,258.06
575649000,258.06,260.86,258.06,260.07
575735400,260.06,261.59,257.92,258.07
575821800,258.07,259.03,256.16,258.89
576163800,258.88,259.06,255.68,256.09
576250200,256.1,258.52,256.03,258.51
576336600,258.52,265.5,258.22,265.49
576423000,265.49,267.32,265.22,266.16
576509400,266.16,270.22,266.11,269.43
576768600,269.46,270.41,268.61,270.16
576855000,270.15,272.03,269.66,271.37
576941400,271.33,271.7,269.23,271.58
577027800,271.57,271.57,259.37,259.75
577114200,259.74,260.39,255.97,259.77
577373400,259.77,259.81,258.03,259.21
577459800,259.24,262.38,257.91,257.92
577546200,257.91,258.54,256.12,256.12
577632600,256.15,260.44,254.71,256.42
577719000,256.42,261.16,256.42,260.14
577978200,260.15,263.29,260.15,262.51
578064600,262.45,265.06,262.18,263.93
578151000,263.94,265.09,263.45,263.8
578237400,263.79,263.79,262.22,262.6
578323800,262.61,262.61,259.97,261.33
578583000,261.33,261.56,259.99,261.56
578669400,261.55,263.7,261.55,263
578755800,263,263.23,260.31,260.32
578842200,260.32,260.32,258.13,258.79
578928600,258.79,260.31,257.03,257.48
579187800,257.48,258.22,255.45,256.54
579274200,256.53,258.3,255.93,257.62
579360600,257.6,257.6,252.32,253.31
579447000,253.31,254.87,253.31,253.85
579533400,253.88,256.83,253.88,256.78
579792600,256.75,258.71,256.28,258.71
579879000,258.72,260.2,255.35,255.39
579965400,255.4,255.67,250.73,251.35
580051800,251.35,252.57,248.85,252.57
580138200,252.57,253.7,251.79,253.02
580397400,253,253,249.82,250.83
580483800,250.84,253.51,250.84,253.51
580570200,253.52,255.34,253.51,253.77
580656600,253.76,254.98,253.52,254.63
580743000,254.62,254.62,252.74,253.42
581088600,253.42,262.14,253.42,262.14
581175000,262.16,267.43,262.1,266.69
581261400,266.69,266.71,264.14,265.33
581347800,265.34,267.11,264.42,266.45
581607000,266.45,267.05,264.97,267.05
581693400,267.05,267.28,264.5,265.17
581779800,265.17,272.01,265.17,271.53
581866200,271.52,272.29,270.19,270.2
581952600,270.2,273.21,270.2,271.24
582211800,271.26,271.94,270.53,271.43
582298200,271.58,276.14,271.58,274.31
582384600,274.29,274.44,272.75,274.44
582471000,274.44,274.44,268.76,269.77
582557400,269.79,270.77,268.09,270.68
582816600,270.67,270.67,268.59,268.94
582903000,268.95,271.67,267.52,271.67
582989400,271.69,276.88,271.69,275.66
583075800,275.66,275.89,274.26,274.82
583162200,274.82,275.19,273.53,273.79
583421400,273.79,273.79,268.85,269.07
583507800,269.07,272.8,269.07,272.31
583594200,272.31,273.01,269.49,270.98
583680600,270.98,273.51,270.97,273.5
583767000,273.51,273.8,270.78,271.78
584112600,271.78,275.81,270.51,275.8
584199000,275.8,276.36,269.92,272.03
584285400,272.02,272.05,269.32,271.78
584371800,271.76,272.31,269.86,270.03
584631000,270.03,271.64,270.03,270.55
584717400,270.54,270.7,266.96,267.85
584803800,267.85,269.46,266.12,269.32
584890200,269.33,270.69,268.58,270.26
584976600,270.26,272.06,269.53,272.05
585235800,272.05,272.05,268.66,270.51
585322200,270.51,271.21,267.01,268.47
585408600,268.47,270.24,268.47,270
585495000,269.99,269.99,266.66,266.67
585581400,266.65,266.66,263.29,263.5
585840600,263.49,265.17,263.03,264.68
585927000,264.68,266.09,264.32,265.19
586013400,265.18,265.83,262.48,262.5
586099800,262.5,266.55,262.5,266.02
586186200,266.02,272.02,266.02,272.01
586445400,272.02,272.8,271.21,272.21
586531800,272.21,273.68,270.37,272.07
586618200,272.03,273.42,271.15,272.98
586704600,272.98,274.2,271.77,271.93
586791000,271.92,271.92,270.08,271.15
587050200,271.13,272.47,269.93,269.98
587136600,269.98,270.2,265.06,266.49
587223000,266.49,266.49,261.03,261.9
587309400,261.92,262.76,260.34,262.76
587395800,262.75,262.94,261.37,262.55
587655000,262.55,262.55,258.68,258.69
587741400,258.69,262.61,257.5,260.56
587827800,260.56,261.84,259.33,260.77
587914200,260.76,262.76,260.75,261.03
588000600,261.03,262.27,260.23,260.24
588259800,260.23,260.71,256.94,256.98
588346200,256.99,257.86,256.53,257.09
588432600,257.09,261.13,257.09,261.13
588519000,261.1,261.1,257.56,259.18
588605400,259.18,260.15,258.87,259.68
588864600,259.69,262.56,259.68,262.33
588951000,262.33,263.18,261.53,262.51
589037400,262.52,263.8,261.22,261.52
589123800,261.52,261.52,256.98,258.32
589210200,258.37,264.9,258.37,264.47
589555800,264.48,265.94,264.41,265.59
589642200,266.26,266.95,264.93,265.87
589728600,265.87,266.54,264.88,265.88
589815000,265.89,268.26,263.66,266.84
590074200,266.85,267.64,266.22,266.47
590160600,266.45,267.43,265.22,267.43
590247000,268.3,269.47,267.41,269.31
590333400,269.3,269.78,268.03,268.13
590419800,268.12,270.81,267.33,270.65
590679000,270.64,270.64,267.41,268.82
590765400,268.82,270.07,268.5,269.73
590851800,269.73,270.64,269.48,270.16
590938200,270.19,270.58,268.26,269.18
591024600,269.16,270.31,268.28,269.76
591283800,269.77,269.8,268.61,268.81
591370200,268.89,269.36,268.01,268.26
591456600,268.26,269.08,267.77,269.08
591543000,269.08,273.02,269.08,272.59
591629400,272.59,274.87,271.66,271.91
591888600,271.91,271.91,268.84,271.38
591975000,271.38,271.79,270.34,270.62
592061400,270.62,272.45,270.08,271.86
592147800,271.86,272.39,271.3,272.39
592234200,272.38,278.07,272.37,278.07
592493400,278.06,278.69,277.1,278.24
592579800,278.24,278.24,276.33,277.93
592666200,277.91,277.91,273.05,273.99
592752600,273.98,275.83,273.39,275.22
592839000,275.27,277.01,274.08,275.5
593098200,275.5,276.65,275.01,276.41
593184600,276.41,279.39,276.41,279.38
593271000,279.38,280.53,274.41,276.97
593357400,276.97,282.88,276.93,282.88
593443800,282.87,283.66,281.16,283.66
593703000,283.66,283.95,282.28,282.28
593789400,282.28,282.84,281.87,282.38
593875800,282.38,282.52,280.54,281.38
593962200,281.38,281.38,276,277.28
594048600,277.29,279.48,277.29,278.53
594311400,278.53,279.39,277.14,278.97
594397800,278.97,279.57,278.01,279.06
594484200,279.07,279.45,277.08,279.06
594570600,279.06,280.37,279.04,279.19
594657000,279.2,279.2,276.31,276.31
594916200,276.31,276.31,273.62,273.93
595002600,273.93,275.8,273.93,275.15
595089000,275.15,275.15,272.15,273.33
595175400,273.33,274.37,272.98,273.68
595261800,273.69,273.69,267,267.92
595521000,267.93,269.25,266.79,267.72
595607400,267.73,268.75,267.73,268.34
595693800,268.34,268.41,262.85,263.82
595780200,263.83,265.63,263.45,264.61
595866600,264.62,266.62,264.62,266.45
596125800,266.35,266.35,263.41,266.21
596212200,266.21,267.85,265.42,267.21
596298600,267.22,269.56,267.22,269
596471400,269,269,266.47,267.23
596730600,267.23,268.98,266.97,268.64
596817000,268.64,271.31,268.13,270.9
596903400,270.91,274.36,270.9,273.69
596989800,273.68,273.68,272.27,272.5
597076200,272.49,272.49,270.47,271.81
597335400,271.82,275.62,271.82,274.93
597421800,274.92,277.89,274.62,277.58
597508200,277.58,279.01,277.34,278.11
597594600,278.1,278.1,276.55,276.56
597681000,276.58,277.82,276.34,277.03
597940200,277.03,278.82,276.52,276.52
598026600,276.52,276.52,274.58,276.3
598113000,276.31,276.31,274.58,275.31
598199400,275.32,275.62,274.01,274.29
598285800,274.31,276.29,274.31,276.28
598545000,276.28,279.31,275.61,278.92
598631400,278.93,280.45,277.47,277.47
598717800,277.47,277.83,276.3,277.37
598804200,277.38,277.89,276.86,276.87
598890600,276.88,277.99,276.88,277.83
599236200,277.87,278.09,276.74,276.83
599322600,276.82,277.55,276.17,277.08
599409000,277.09,279.42,277.09,279.4
599495400,279.37,279.78,277.72,277.72
599841000,277.72,277.72,273.81,275.31
599927400,275.32,279.75,275.32,279.43
600013800,279.45,281.51,279.45,280
600100200,280.01,282.06,280.01,280.67
600359400,280.68,281.89,280.33,280.98
600445800,280.98,281.58,279.44,280.38
600532200,280.36,282.01,280.21,282.01
600618600,282.02,284.63,282.01,283.17
600705000,283.17,284.12,282.71,283.87
600964200,283.87,284.88,283.63,284.14
601050600,284.13,284.13,283.06,283.55
601137000,283.54,286.87,282.65,286.52
601223400,286.55,287.9,286.14,286.91
601309800,286.9,287.04,285.75,286.62
601569000,286.63,287.98,284.52,284.53
601655400,284.5,288.49,284.5,288.49
601741800,288.51,289.15,287.97,289.15
601828200,289.13,292.62,288.13,291.68
601914600,291.69,296.08,291.69,293.81
602173800,293.82,295.13,293.54,294.98
602260200,294.99,297.51,293.57,297.48
602346600,297.48,298.33,296.22,297.09
602433000,297.09,297.92,295.81,296.84
602519400,296.75,297.66,296.15,296.97
602778600,296.97,296.99,294.96,296.04
602865000,296.03,300.34,295.79,299.64
602951400,299.62,300.57,298.41,298.65
603037800,298.65,298.79,295.16,296.06
603124200,295.91,295.91,291.96,292.02
603383400,291.99,293.07,290.88,292.55
603469800,292.54,294.37,291.41,291.81
603556200,291.81,294.42,291.49,294.23
603642600,294.24,295.15,294.22,294.81
603729000,294.8,297.12,294.69,296.76
604074600,296.76,297.04,295.16,295.98
604161000,295.96,295.96,290.76,290.91
604247400,290.91,292.05,289.83,292.05
604333800,292.03,292.03,287.13,287.13
604593000,287.13,288.12,286.26,287.82
604679400,287.82,289.42,287.63,288.86
604765800,288.86,290.28,286.46,287.11
604852200,287.12,290.32,287.12,289.95
604938600,289.95,291.18,289.44,291.18
605197800,291.2,294.81,291.2,294.81
605284200,294.82,295.16,293.5,293.87
605370600,293.87,295.62,293.51,294.08
605457000,294.08,294.69,293.85,293.94
605543400,293.91,293.91,291.6,292.88
605802600,292.88,296.18,292.88,295.32
605889000,295.33,296.29,294.63,295.12
605975400,295.15,296.78,295.15,296.66
606061800,296.67,299.99,296.67,299.44
606148200,299.38,299.38,291.09,292.7
606407400,292.69,292.69,288.56,289.92
606493800,289.93,292.38,289.93,291.33
606580200,291.33,291.46,289.9,290.49
606666600,290.5,291.51,288.56,288.98
607012200,288.73,290.57,288.07,290.57
607098600,290.57,292.32,290.57,291.59
607185000,291.58,292.75,291.42,292.35
607271400,292.36,293.8,291.5,292.52
607357800,292.53,294.96,292.53,294.87
607613400,294.87,297.04,294.62,296.39
607699800,296.39,296.4,294.72,295.31
607786200,295.29,296.43,295.28,296.24
607872600,296.22,296.22,294.52,295.29
607959000,295.29,297.62,294.35,297.16
608218200,297.16,297.94,296.85,297.11
608304600,297.12,298.87,297.12,298.49
608391000,298.51,299.81,298.51,298.99
608477400,298.99,299,296.27,296.4
608563800,296.42,301.38,296.42,301.36
608823000,301.34,302.01,300.71,301.72
608909400,301.74,306.25,301.74,306.02
608995800,306.02,307.68,305.36,307.15
609082200,307.15,307.96,304.53,306.19
609168600,306.19,309.61,306.19,309.61
609427800,309.61,309.61,307.85,308.69
609514200,308.72,309.65,306.74,306.75
609600600,306.75,307.3,306.07,306.93
609687000,306.93,310.45,306.93,309.58
609773400,309.58,309.65,308.48,309.64
610032600,309.64,309.64,307.4,309.12
610119000,309.12,310.45,308.12,308.12
610205400,308.12,308.52,307.11,308.16
610291800,308.16,308.4,307.32,307.77
610378200,307.77,310.69,306.98,307.61
610637400,307.61,307.61,304.74,306
610723800,306,306.99,304.06,305.19
610810200,305.19,306.25,304.85,305.81
610896600,305.8,307.34,305.8,306.95
610983000,306.95,313.84,306.95,313.84
611242200,313.84,316.16,313.84,316.16
611328600,316.16,316.16,315,315.28
611415000,315.33,317.94,315.11,317.48
611501400,317.48,318.52,316.54,317.97
611587800,317.97,321.38,317.97,321.24
611847000,321.26,323.06,320.45,321.98
611933400,321.98,321.98,318.2,318.32
612019800,318.32,319.14,317.58,319.14
612106200,319.12,319.6,318.42,319.17
612192600,319.17,321.59,319.14,321.59
612538200,321.59,322.51,317.83,319.05
612624600,319.04,321.3,318.68,320.52
612711000,320.5,322.57,320.01,321.97
612797400,321.98,325.63,321.98,325.52
613056600,325.52,325.93,322.02,322.03
613143000,322.03,324.48,321.27,324.24
613229400,324.24,327.39,324.24,326.95
613315800,326.95,327.37,325.92,326.75
613402200,326.75,327.32,325.16,326.69
613661400,326.69,326.69,323.73,326.25
613747800,326.23,326.23,322.96,323.91
613834200,323.93,324.89,322.8,323.83
613920600,323.8,323.8,319.21,320.08
614007000,319.86,321.36,318.69,321.35
614266200,321.35,321.89,320.4,321.89
614352600,321.89,322.78,321.03,321.25
614439000,321.25,321.87,319.25,320.48
614525400,320.48,322.34,320.2,322.32
614611800,322.33,328,322.33,328
614871000,328,328.15,326.31,326.6
614957400,326.61,329.19,326.59,328.44
615043800,328.42,328.42,324.3,325.81
615130200,325.81,325.81,319.54,319.68
615216600,319.68,319.97,314.38,317.98
615475800,317.98,319.27,317.27,319.23
615648600,319.23,321.2,317.26,320.64
615735000,320.66,321.55,320.45,321.55
615821400,321.55,325.87,321.09,324.91
616080600,324.93,327.07,324.92,327.07
616167000,327.09,330.42,327.09,328.78
616253400,328.77,330.39,327.92,329.81
616339800,329.81,330.37,329.08,329.95
616426200,329.96,331.89,327.13,331.84
616685400,331.84,333.02,331.02,332.44
616771800,332.42,332.42,330.75,331.35
616858200,331.37,335.73,331.37,335.73
616944600,335.73,337.4,333.22,333.51
617031000,333.5,335.91,332.46,335.9
617290200,335.9,335.9,333.44,333.67
617376600,333.7,336.29,332.6,333.88
617463000,333.87,338.05,333.19,338.05
617549400,338.05,342,338.05,341.99
617635800,341.99,342.96,341.3,342.15
617895000,342.13,346.08,342.02,346.08
617981400,346.13,347.99,342.93,343.75
618067800,343.75,344.34,342.47,344.34
618154200,344.35,345.22,343.81,344.74
618240600,344.74,345.42,342.6,343.92
618499800,343.92,349.42,343.91,349.41
618586200,349.39,349.84,348.28,349.35
618672600,349.35,351,346.86,346.94
618759000,346.93,349.78,345.31,348.25
618845400,348.28,351.18,344.01,344.74
619104600,344.74,345.44,341.96,343.06
619191000,343.07,345.03,343.05,344.71
619277400,344.71,346.37,344.71,345.66
619363800,345.66,346.39,342.97,344.45
619450200,344.46,346.03,343.89,346.03
619709400,346.03,346.25,340.55,340.67
619795800,340.67,341.25,339,341.19
619882200,341.19,344.8,341.19,344.7
619968600,344.75,351.52,344.75,351.52
620055000,351.43,352.73,350.09,350.52
620314200,350.52,352.09,349.08,352.09
620400600,352.09,352.12,348.86,349.84
620487000,349.85,352.27,348.66,350.65
620573400,350.65,351.45,350.21,351.45
620659800,351.45,353.9,350.88,353.73
621005400,353.74,354.13,351.82,352.56
621091800,352.56,352.56,347.98,349.24
621178200,349.28,350.31,348.15,348.35
621264600,348.36,349.18,345.74,348.76
621523800,348.75,348.75,345.91,347.66
621610200,347.66,349.46,347.5,348.7
621696600,348.71,350.1,345.46,345.46
621783000,345.46,345.61,342.55,343.16
621869400,343.19,345.06,341.37,345.06
622128600,345.04,346.84,344.6,346.73
622215000,346.64,348.17,346.44,346.55
622301400,346.56,347.27,346.18,346.47
622387800,346.47,348.46,344.96,345.7
622474200,345.69,347.57,345.69,347.05
622733400,347.05,347.05,343.7,344.23
622819800,344.22,347.02,344.13,344.33
622906200,344.33,345.47,342.85,345.1
622992600,345.14,348.61,345.14,348.6
623079000,348.63,350.39,348.19,349.15
623338200,349.15,350.99,348.35,350.87
623424600,350.85,354.73,350.85,354.71
623511000,354.71,357.49,354.71,356.94
623597400,356.71,357.63,356.28,356.97
623683800,356.97,359.05,356.97,358.78
623943000,358.76,359.86,358.06,359.8
624029400,359.83,360.44,358.11,359.13
624115800,359.1,359.1,356.08,356.99
624202200,356.99,356.99,354.91,355.39
624288600,355.41,355.53,332.81,333.65
624547800,333.47,342.87,327.12,342.86
624634200,342.84,342.84,335.69,341.16
624720600,341.08,343.39,339.03,341.76
624807000,341.79,348.82,341.79,347.13
624893400,347.13,347.57,344.47,347.16
625152600,347.11,348.19,344.22,344.83
625239000,344.82,344.82,335.13,343.7
625325400,343.69,344.51,341.96,342.5
625411800,342.47,342.47,337.2,337.93
625498200,337.96,337.97,333.26,335.06
625761000,335.07,337.04,334.48,335.07
625847400,335.08,340.86,335.07,340.36
625933800,340.37,341.74,339.79,341.2
626020200,341.15,341.15,336.61,338.48
626106600,338.46,339.67,337.37,337.62
626365800,337.61,337.61,332.33,332.61
626452200,332.6,334.82,330.91,334.81
626538600,334.83,339.41,334.83,338.15
626625000,338.15,338.73,336.21,336.57
626711400,336.59,339.1,336.59,339.1
626970600,339.08,340.51,337.93,339.55
627057000,339.55,340.41,337.06,337.99
627143400,338,340.54,337.14,340.54
627229800,340.53,341.02,338.93,340.58
627316200,340.55,342.24,339.85,341.61
627575400,341.61,341.9,338.29,339.35
627661800,339.35,340.21,337.53,339.59
627748200,339.59,341.92,339.59,341.91
627921000,341.91,344.24,341.91,343.97
628180200,343.97,346.24,343.97,345.61
628266600,345.59,346.33,344.41,345.77
628353000,345.76,345.76,343.36,343.6
628439400,343.57,346.5,343.57,345.99
628525800,345.99,351.88,345.99,350.63
628785000,350.62,351.51,350.32,351.41
628871400,351.42,352.24,349.58,349.58
628957800,349.59,349.94,347.91,348.55
629044200,348.55,349.84,346,347.59
629130600,347.59,349.6,347.59,348.69
629389800,348.69,348.74,346.39,348.56
629476200,348.54,352.21,348.41,351.73
629562600,351.73,354.1,351.65,352.75
629649000,352.75,352.75,350.08,350.93
629735400,350.93,351.86,346.08,350.14
629994600,350.14,350.88,342.19,343.69
630081000,343.68,343.74,339.63,342.46
630167400,342.5,343.7,341.79,342.84
630253800,342.84,345.03,342.84,344.78
630340200,344.78,347.53,344.76,347.42
630685800,347.41,347.87,346.53,346.81
630772200,346.84,349.12,346.84,348.81
630858600,348.8,350.68,348.76,350.67
630945000,350.68,353.41,350.68,353.4
631290600,353.39,359.69,351.98,359.69
631377000,359.66,360.59,357.89,358.76
631463400,358.74,358.74,352.89,355.67
631549800,355.67,355.67,351.35,352.2
631809000,352.19,354.24,350.54,353.79
631895400,353.83,354.17,349.61,349.62
631981800,349.62,349.62,344.32,347.31
632068200,347.35,350.14,347.35,348.53
632154600,348.49,348.49,339.49,339.93
632413800,339.94,339.94,336.57,337
632500200,335.66,340.75,333.37,340.75
632586600,340.75,342.01,336.26,337.4
632673000,337.39,338.38,333.98,338.19
632759400,338.19,340.48,338.19,339.15
633018600,339.14,339.96,330.28,330.38
633105000,330.41,332.76,328.67,331.61
633191400,331.61,331.71,324.17,330.26
633277800,330.26,332.33,325.33,326.08
633364200,326.08,328.58,321.44,325.8
633623400,325.8,327.31,321.79,325.2
633709800,325.11,325.73,319.83,322.98
633796200,322.98,329.08,322.98,329.08
633882600,329.07,329.86,327.76,328.79
633969000,328.79,332.1,328.09,330.92
634228200,330.91,332.16,330.45,331.85
634314600,331.85,331.86,328.2,329.66
634401000,329.66,333.76,326.55,333.75
634487400,333.75,336.09,332,332.96
634573800,333.02,334.6,332.41,333.62
634833000,333.62,333.62,329.97,330.08
634919400,330.09,331.61,327.92,331.02
635005800,331.02,333.2,330.64,332.01
635092200,331.99,335.21,331.61,334.9
635178600,334.87,335.64,332.42,332.72
635524200,332.72,332.72,326.26,327.99
635610600,327.91,328.17,324.47,327.67
635697000,327.67,330.98,325.7,325.7
635783400,325.69,326.15,322.1,324.15
636042600,324.16,328.67,323.98,328.67
636129000,328.68,331.94,328.47,330.26
636215400,330.19,333.48,330.16,331.89
636301800,331.86,334.4,331.08,332.74
636388200,332.74,335.54,332.72,335.54
636647400,335.53,336.38,333.49,333.74
636733800,333.74,337.93,333.57,337.93
636820200,337.93,338.84,336.33,336.95
636906600,336.98,340.66,336.98,340.27
636993000,340.27,340.27,336.84,337.93
637252200,337.93,339.08,336.14,338.67
637338600,338.66,338.66,335.36,336
637425000,336,337.63,334.93,336.89
637511400,336.89,338.91,336.89,338.07
637597800,338.12,341.91,338.12,341.91
637857000,341.91,343.76,339.12,343.53
637943400,343.51,344.49,340.87,341.57
638029800,341.57,342.34,339.56,339.74
638116200,339.71,339.77,333.62,335.69
638202600,335.69,337.58,335.69,337.22
638461800,337.22,339.74,337.22,337.63
638548200,337.63,341.5,337.03,341.5
638634600,341.5,342.58,340.6,342
638721000,342,342.07,339.77,340.79
638807400,340.79,341.41,338.21,339.94
639063000,339.93,339.93,336.33,338.7
639149400,338.74,343.76,338.74,343.64
639235800,343.63,344.12,340.4,341.09
639322200,341.1,342.85,340.63,340.73
639408600,340.74,341.73,338.94,340.08
639667800,340.07,341.83,339.88,341.37
639754200,341.38,342.41,340.62,342.07
639840600,342.07,343,341.26,341.92
639927000,341.91,344.79,341.91,344.34
640272600,344.36,347.3,344.1,344.74
640359000,344.71,345.19,342.06,344.68
640445400,344.71,345.33,340.11,340.72
640531800,340.69,340.69,337.59,338.09
640618200,338.09,338.52,333.41,335.12
640877400,335.12,335.12,330.09,330.99
640963800,331.06,332.97,329.71,330.36
641050200,330.36,332.74,330.36,332.03
641136600,332.06,333.76,330.67,332.92
641223000,332.93,333.57,328.71,329.11
641482200,329.09,331.31,327.76,330.8
641568600,330.8,332.83,330.8,332.25
641655000,332.23,334.48,332.15,334.48
641741400,334.51,337.02,334.51,335.57
641827800,335.58,338.46,335.17,338.39
642087000,338.4,341.07,338.11,340.53
642173400,340.52,342.03,340.17,342.01
642259800,342.01,343.08,340.9,342.86
642346200,342.87,344.98,342.77,343.82
642432600,343.84,352.31,343.84,352
642691800,352,358.41,351.95,354.75
642778200,354.73,355.09,352.84,354.28
642864600,354.27,354.68,351.95,354
642951000,354,356.92,354,354.47
643037400,354.47,354.64,352.52,354.64
643296600,354.63,359.07,353.78,358
643383000,358,360.5,356.09,358.43
643469400,358.43,359.29,356.99,359.29
643555800,359.28,359.56,357.87,358.41
643642200,358.4,358.4,354.32,354.58
643987800,354.56,360.65,354.56,360.65
644074200,360.65,362.26,360,360.86
644160600,360.86,361.84,360.23,361.23
644247000,361.26,363.52,361.21,363.16
644506200,363.16,367.85,362.43,367.4
644592600,367.4,368.78,365.49,366.64
644679000,366.64,366.64,364.42,364.96
644765400,364.97,365.92,361.6,363.15
644851800,363.15,363.49,357.68,358.71
645111000,358.71,361.63,357.7,361.63
645197400,361.63,367.27,361.15,366.25
645283800,366.24,367.09,364.51,364.9
645370200,364.9,364.9,361.64,362.9
645456600,362.89,363.14,360.71,362.91
645715800,362.91,362.91,356.88,356.88
645802200,356.88,358.9,356.18,358.47
645888600,358.47,359.91,357,359.1
645975000,359.11,360.88,357.63,360.47
646061400,360.47,363.2,355.31,355.43
646320600,355.43,356.41,351.91,352.31
646407000,352.32,356.09,351.85,352.06
646493400,352.06,355.89,351.23,355.14
646579800,355.16,357.63,355.16,357.63
646666200,357.63,359.09,357.3,358.02
646925400,358.02,359.58,357.54,359.54
647011800,359.54,360.73,359.44,360.16
647184600,360.16,360.16,354.86,355.68
647271000,355.66,359.02,354.64,358.42
647530200,358.42,360.05,358.11,359.52
647616600,359.52,359.74,356.41,356.49
647703000,356.49,361.23,356.49,361.23
647789400,361.23,365.46,360.57,365.44
647875800,365.47,369.68,365.47,367.31
648135000,367.31,369.78,367.31,368.95
648221400,368.94,369.4,364.99,367.52
648307800,367.52,367.52,361.29,364.22
648394200,364.22,365.32,361.29,365.32
648480600,365.32,366.64,361.58,361.61
648739800,361.61,361.61,350.09,355.31
648826200,355.31,356.09,351.46,355.79
648912600,355.79,357.52,354.8,357.09
648999000,357.09,357.47,353.95,355.91
649085400,355.9,355.94,352.14,353.44
649344600,353.44,355.55,351.15,355.55
649431000,355.55,357.54,353.91,356.15
649517400,356.15,357.35,353.82,355.52
649603800,355.51,355.51,349.73,351.48
649690200,351.48,351.48,338.2,344.86
649949400,344.75,344.75,333.27,334.43
650035800,334.43,338.63,332.22,334.83
650122200,334.83,339.21,334.83,338.35
650208600,338.35,340.56,337.56,339.94
650295000,339.94,339.94,334.22,335.52
650554200,335.52,338.88,332.02,338.84
650640600,338.77,340.96,337.19,339.39
650727000,339.39,341.92,339.38,340.06
650813400,340.06,340.06,332.39,332.39
650899800,332.36,332.36,324.63,327.83
651159000,327.8,329.9,327.07,328.51
651245400,328.51,328.51,318.78,321.86
651331800,321.86,324.15,316.55,316.55
651418200,316.55,316.55,306.56,307.06
651504600,307.06,311.65,306.18,311.51
651763800,311.55,323.11,311.55,321.44
651850200,321.44,322.2,320.25,321.34
651936600,321.34,325.83,320.87,324.19
652023000,324.19,324.57,317.82,318.71
652109400,318.7,322.57,316.59,322.56
652455000,322.56,323.09,319.11,323.09
652541400,323.09,324.52,320.99,324.39
652627800,324.39,324.39,319.37,320.46
652714200,320.46,324.18,319.71,323.4
652973400,323.42,326.53,320.31,321.63
653059800,321.63,322.18,319.6,321.04
653146200,321.04,322.55,319.6,322.54
653232600,322.51,322.51,318.02,318.65
653319000,318.65,318.65,314.76,316.83
653578200,316.83,318.05,315.21,317.77
653664600,317.77,318.85,314.27,318.6
653751000,318.6,319.35,316.25,316.6
653837400,316.59,316.59,310.55,311.48
653923800,311.48,312.17,307.98,311.32
654183000,311.32,311.32,303.58,304.59
654269400,304.59,308.27,304.23,308.26
654355800,308.24,308.28,303.05,305.06
654442200,305.06,307.47,299.1,300.97
654528600,300.97,306.05,295.98,306.05
654787800,306.1,314.94,306.1,314.94
654874200,314.94,319.69,314.94,315.21
654960600,315.21,316.26,310.7,311.4
655047000,311.4,313.4,308.59,312.69
655133400,312.69,314.79,305.76,311.5
655392600,311.5,315.03,311.5,313.48
655479000,313.46,313.46,305.09,305.1
655565400,305.09,306.43,299.21,300.39
655651800,300.39,301.45,294.51,295.46
655738200,295.45,301.68,295.22,300.03
655997400,300.03,304.79,299.38,303.23
656083800,303.23,304.34,298.12,298.92
656170200,298.92,301.5,297.79,298.76
656256600,298.75,305.74,298.75,305.74
656343000,305.74,312.48,305.74,312.48
656602200,312.48,315.83,310.47,314.76
656688600,314.76,315.06,312.06,312.36
656775000,312.36,313.51,310.74,312.6
656861400,312.6,313.71,309.7,310.17
656947800,310.17,310.17,304.71,304.71
657210600,304.74,307.41,300.69,301.88
657297000,301.88,304.36,299.44,304.06
657383400,304.06,305.7,302.33,304
657469800,304,307.27,301.61,307.02
657556200,307.02,311.94,306.88,311.85
657815400,311.85,314.61,311.41,314.59
657901800,314.59,314.76,311.43,311.62
657988200,311.62,311.62,305.79,306.01
658074600,306.01,309.77,305.03,307.61
658161000,307.61,313.78,307.61,313.74
658420200,313.74,319.77,313.73,319.48
658506600,319.48,319.48,317.26,317.67
658593000,317.66,321.7,317.23,320.4
658679400,320.4,320.4,316.13,317.02
658765800,317.02,318.8,314.99,317.12
659025000,317.15,319.39,317.15,319.34
659111400,319.34,319.34,315.31,315.31
659197800,315.31,316.15,312.42,316.03
659370600,316.03,317.3,315.06,315.1
659629800,315.08,316.51,311.48,316.51
659716200,316.51,318.69,315.8,318.1
659802600,318.11,319.96,317.62,317.95
659889000,317.95,317.95,315.03,316.42
659975400,316.42,323.02,315.42,322.22
660234600,322.23,324.9,322.23,324.1
660321000,324.11,326.77,321.97,326.35
660407400,326.36,329.92,325.66,329.92
660493800,329.94,333.98,328.37,329.07
660580200,329.09,329.39,326.39,327.75
660839400,327.75,328.97,326.15,328.89
660925800,328.88,328.88,325.65,326.44
661012200,326.44,330.36,326.44,330.19
661098600,330.14,330.58,328.77,329.34
661185000,329.34,329.34,325.16,326.82
661444200,326.82,326.82,324.46,326.02
661530600,326.02,330.43,325.75,330.05
661617000,330.04,330.8,329.39,330.2
661703400,330.2,330.74,326.94,330.12
661789800,330.12,332.47,330.12,331.75
662049000,331.74,331.74,329.16,329.9
662221800,329.89,331.69,329.89,330.85
662308200,330.85,331.04,328.23,328.29
662394600,328.29,328.72,327.24,328.72
662653800,328.71,330.23,327.5,330.22
662826600,330.2,330.75,326.45,326.45
662913000,326.46,326.53,321.9,321.91
662999400,321.91,322.35,318.87,321
663258600,320.97,320.97,315.44,315.44
663345000,315.44,316.97,313.79,314.9
663431400,314.9,320.73,310.93,311.49
663517800,311.51,314.77,311.51,314.53
663604200,314.53,315.24,313.59,315.23
663863400,315.23,315.23,309.35,312.49
663949800,312.49,313.73,311.84,313.73
664036200,313.73,316.94,312.94,316.17
664122600,316.17,327.97,316.17,327.97
664209000,327.93,332.23,327.08,332.23
664468200,332.23,332.23,328.87,331.06
664554600,331.06,331.26,327.83,328.31
664641000,328.3,331.04,327.93,330.21
664727400,330.21,335.83,330.19,334.78
664813800,334.78,336.92,334.2,336.07
665073000,336.06,337.41,335.81,336.03
665159400,336.03,336.03,334.26,335.84
665245800,335.8,340.91,335.69,340.91
665332200,340.92,343.93,340.47,343.93
665418600,343.91,344.9,340.37,343.05
665677800,343.05,348.71,342.96,348.34
665764200,348.34,351.84,347.21,351.26
665850600,351.26,358.07,349.58,358.07
665937000,358.07,363.43,355.53,356.52
666023400,356.52,359.35,356.02,359.35
666282600,359.36,368.58,359.32,368.58
666369000,368.58,370.54,365.5,365.5
666455400,365.5,369.49,364.64,369.02
666541800,369.02,370.26,362.77,364.22
666628200,364.23,369.49,364.23,369.06
666973800,369.06,370.11,367.05,369.39
667060200,369.37,369.37,364.38,365.14
667146600,365.14,366.79,364.5,364.97
667233000,364.97,370.96,364.23,365.65
667492200,365.65,370.32,365.12,367.26
667578600,367.26,367.26,362.19,362.81
667665000,362.81,368.38,362.81,367.74
667751400,367.73,369.91,365.95,367.07
667837800,367.07,370.47,363.73,370.47
668097000,370.53,371.99,369.07,369.33
668183400,369.33,377.89,369.33,376.72
668269800,376.72,379.66,375.02,376.17
668356200,376.16,377.49,375.58,375.91
668442600,375.91,378.69,374.43,374.95
668701800,374.94,375.1,372.52,372.96
668788200,372.96,374.35,369.55,370.03
668874600,370.03,374.65,370.03,374.57
668961000,374.59,378.28,371.76,373.5
669047400,373.5,374.58,370.21,373.59
669306600,373.59,374.09,369.46,372.11
669393000,372.11,372.11,366.54,366.59
669479400,366.59,368.85,365.8,367.92
669565800,367.94,371.01,366.51,366.58
669652200,366.58,368.22,365.58,367.48
669911400,367.5,371.31,367.48,369.83
669997800,369.83,376.3,369.37,376.3
670084200,376.28,378.48,374.73,375.35
670170600,375.35,376.6,374.4,375.22
670516200,375.22,375.22,370.27,371.3
670602600,371.3,379.5,371.3,379.5
670689000,379.5,381.56,378.49,378.94
670775400,378.94,381.88,377.05,379.77
670861800,379.78,381.12,374.15,375.36
671117400,375.35,378.76,374.69,378.66
671203800,378.65,379.02,373.11,373.56
671290200,373.57,374.83,371.21,373.15
671376600,374.18,379.53,374.18,377.63
671463000,377.65,381.07,376.89,380.4
671722200,380.4,382.32,378.78,381.19
671808600,381.19,387.62,379.64,387.62
671895000,387.65,391.26,387.3,390.45
671981400,390.45,390.97,388.13,388.46
672067800,388.46,388.46,383.9,384.2
672327000,384.19,384.19,380.16,380.95
672413400,380.95,383.55,379.67,381.76
672499800,381.76,383.02,379.99,382.76
672586200,382.76,382.89,378.43,379.25
672672600,379.25,380.11,376.77,379.02
672931800,379.01,380.96,373.66,373.66
673018200,373.66,377.86,373.01,375.35
673104600,375.35,380.46,375.27,380.29
673191000,380.29,382.14,379.82,380.52
673277400,380.52,381,378.82,380.8
673536600,380.78,380.78,377.86,380.08
673623000,380.08,380.91,377.31,377.32
673709400,377.33,379.26,376.21,378.51
673795800,378.51,383.56,378.51,383.25
673882200,383.26,383.91,375.61,375.74
674141400,375.82,377.05,374.62,376.76
674227800,376.76,376.76,370.82,371.62
674314200,371.55,372.47,365.83,368.57
674400600,368.57,372.51,368.57,372.19
674487000,372.19,373.01,369.44,372.39
674746200,372.39,373.65,371.26,372.28
674832600,372.28,376.66,372.28,375.35
674919000,375.35,376.5,374.4,376.19
675005400,376.23,378.07,373.55,374.96
675091800,375.04,378.08,375.04,377.49
675351000,377.49,377.7,377.49,377.49
675437400,378.24,382.1,377.12,381.94
675523800,381.94,383.66,381.37,382.79
675610200,382.79,388.17,382.5,386.96
675696600,386.96,389.85,385.01,389.83
675955800,389.75,389.75,386.97,388.06
676042200,388.06,388.06,385.14,387.74
676128600,387.74,388.23,384.45,385.09
676215000,385.1,385.85,383.13,383.63
676301400,383.63,383.63,378.76,379.43
676560600,379.42,379.75,377.95,378.57
676647000,378.57,381.63,378.57,381.05
676733400,381.05,381.05,374.46,376.65
676819800,376.65,377.9,376.08,377.63
676906200,377.63,382.3,377.63,382.29
677165400,382.3,382.31,380.13,380.13
677251800,380.13,381.83,377.99,378.59
677338200,378.57,378.57,374.36,375.09
677424600,375.09,376.29,373.87,375.42
677511000,375.42,377.75,375.33,377.75
677770200,377.74,377.74,370.73,370.94
677856600,370.94,372.62,369.56,370.65
677943000,370.65,372.73,368.34,371.59
678029400,374.4,374.4,371.59,374.4
678115800,371.16,374.4,367.98,371.16
678375000,371.18,377.92,371.18,377.92
678461400,377.92,377.93,376.62,377.47
678547800,377.47,377.47,372.09,373.33
678720600,373.34,375.51,372.17,374.08
678979800,374.09,377.94,370.92,377.94
679066200,377.94,378.58,375.37,376.11
679152600,376.11,380.35,375.2,375.74
679239000,375.73,377.68,375.51,376.97
679325400,376.97,381.41,375.79,380.25
679584600,380.28,383,380.24,382.39
679671000,382.39,382.94,380.81,381.54
679757400,381.5,382.86,381.13,381.18
679843800,381.18,385.37,381.18,385.37
679930200,385.38,385.83,383.65,384.22
680189400,384.21,384.55,381.84,382.88
680275800,382.88,384.86,379.39,379.42
680362200,379.42,380.46,378.29,378.64
680448600,378.64,381.13,378.15,380.96
680535000,380.96,381.76,379.81,380.93
680794200,380.93,383.15,380.45,383.15
680880600,383.15,386.92,383.15,386.69
680967000,386.69,387.81,386.19,387.81
681053400,387.81,387.95,386.48,387.12
681139800,387.12,389.56,386.05,387.18
681399000,387.17,387.17,384.48,385.06
681485400,385.06,390.8,384.29,390.62
681571800,390.62,391.59,389.86,390.56
681658200,390.56,391.8,388.15,389.32
681744600,389.32,389.89,387.04,387.12
682003800,387.11,388.17,385.9,388.02
682090200,388.13,392.12,388.13,389.62
682176600,389.62,391.85,389.62,389.9
682263000,389.91,391.92,389.29,389.33
682349400,389.33,390.41,382.59,385.58
682608600,385.58,385.58,374.09,376.47
682695000,376.47,380.35,376.47,379.43
682781400,379.43,390.59,379.43,390.59
682867800,390.59,391.98,390.21,391.33
682954200,391.33,395.34,390.69,394.17
683213400,394.16,394.39,392.75,393.85
683299800,393.85,393.87,391.77,393.06
683386200,393.06,396.64,393.03,396.64
683472600,396.65,396.82,395.14,396.47
683559000,396.47,396.47,393.6,395.43
683904600,395.43,397.62,392.1,392.15
683991000,392.15,392.62,388.68,389.97
684077400,389.97,390.97,388.49,389.14
684163800,389.14,390.71,387.36,389.1
684423000,389.11,389.34,387.88,388.57
684509400,388.57,388.63,383.78,384.56
684595800,384.56,385.6,383.59,385.09
684682200,385.09,387.34,385.09,387.34
684768600,387.34,387.95,382.85,383.59
685027800,383.59,385.79,382.77,385.78
685114200,385.78,387.13,384.97,385.5
685200600,385.5,386.94,384.28,386.94
685287000,386.94,389.42,386.27,387.56
685373400,387.56,388.82,386.49,387.92
685632600,387.9,388.55,385.76,385.92
685719000,385.92,388.13,384.46,387.71
685805400,387.72,388.25,385.99,386.88
685891800,386.87,388.39,385.3,386.49
685978200,386.49,389.09,384.87,385.9
686237400,385.87,388.29,384.32,387.86
686323800,387.86,389.56,387.86,389.2
686410200,389.2,390.03,387.62,388.26
686496600,387.96,387.96,384.47,384.47
686583000,384.47,385.19,381.24,381.24
686842200,381.22,381.27,379.07,379.5
686928600,379.49,381.23,379.18,380.67
687015000,380.57,380.57,376.35,376.8
687101400,376.8,380.55,376.11,380.55
687187800,380.55,381.46,379.9,381.45
687447000,381.53,386.47,381.49,386.47
687533400,386.47,391.5,385.95,391.01
687619800,391.01,393.29,390.14,392.8
687706200,392.79,393.81,390.32,391.92
687792600,391.92,392.8,391.77,392.5
688051800,392.49,392.49,388.96,390.02
688138200,390.02,391.2,387.4,387.83
688224600,387.83,389.08,386.52,387.94
688311000,387.94,388.32,383.45,385.07
688397400,385.06,386.13,383.02,384.2
688660200,384.2,389.52,384.2,389.52
688746600,389.52,391.7,386.88,391.48
688833000,391.48,393.11,390.78,392.96
688919400,392.96,392.96,391.58,392.46
689005800,392.46,395.1,389.67,391.32
689265000,391.29,391.29,388.09,390.28
689351400,390.28,392.17,388.19,388.71
689437800,388.71,389.97,387.58,389.97
689524200,389.97,393.72,389.97,393.72
689610600,393.72,396.43,392.42,392.89
689869800,392.9,393.57,392.32,393.12
689956200,393.12,397.13,393.12,396.74
690042600,396.74,397.42,394.01,397.41
690129000,397.41,398.22,395.85,397.15
690215400,397.15,397.16,382.62,382.62
690474600,382.88,385.4,379.7,385.24
690561000,385.24,385.24,374.9,379.42
690647400,379.42,381.51,377.84,378.53
690733800,378.53,381.12,377.41,380.06
690820200,380.05,380.05,374.52,376.14
691079400,376.14,377.07,373.96,375.34
691165800,375.34,378.29,371.63,377.96
691252200,377.96,378.11,375.98,376.55
691425000,375.22,376.55,374.65,375.22
691684200,375.11,381.4,371.36,381.4
691770600,381.4,381.43,379.92,380.96
691857000,380.96,381.51,378.07,380.07
691943400,380.07,380.07,376.58,377.39
692029800,377.39,382.39,375.41,379.1
692289000,379.09,381.42,377.67,378.26
692375400,378.26,379.57,376.64,377.9
692461800,377.9,379.42,374.78,377.7
692548200,377.7,381.62,377.7,381.55
692634600,381.55,385.04,381.55,384.47
692893800,384.48,385.84,384.37,384.46
692980200,384.46,385.05,382.6,382.74
693066600,382.74,383.51,380.88,383.48
693153000,383.48,383.48,380.64,382.52
693239400,382.52,388.24,382.52,387.04
693498600,387.05,397.44,386.96,396.82
693585000,396.82,401.79,396.82,399.33
693757800,399.33,404.92,399.31,404.84
693844200,404.84,406.58,404.59,406.46
694103400,406.49,415.14,406.49,415.14
694189800,415.14,418.32,412.73,417.09
694362600,417.03,417.27,411.04,417.26
694449000,417.27,419.79,416.16,419.34
694708200,419.31,419.44,416.92,417.96
694794600,417.96,417.96,415.2,417.4
694881000,417.36,420.23,415.02,418.1
694967400,418.1,420.5,415.85,417.61
695053800,417.62,417.62,413.31,415.1
695313000,415.05,415.36,413.54,414.34
695399400,414.34,420.44,414.32,420.44
695485800,420.45,421.18,418.79,420.77
695572200,420.77,420.85,415.37,418.21
695658600,418.2,419.45,416,418.86
695917800,418.86,418.86,415.8,416.36
696004200,416.36,416.39,411.32,412.64
696090600,412.65,418.13,412.49,418.13
696177000,418.13,419.78,414.36,414.96
696263400,414.96,417.27,414.29,415.48
696522600,415.66,416.84,414.48,414.99
696609000,415.38,416.41,414.54,414.96
696695400,414.96,417.83,409.17,410.34
696781800,410.34,412.17,409.26,411.62
696868200,411.65,412.63,408.64,408.79
697127400,408.79,409.95,407.45,409.53
697213800,409.6,413.85,409.28,413.85
697300200,413.88,416.17,413.18,413.84
697386600,413.87,414.55,411.93,413.82
697473000,413.82,415.29,408.04,411.09
697732200,411.07,413.77,411.07,413.77
697818600,413.77,414.38,412.24,413.76
697905000,413.77,418.08,413.36,417.13
697991400,417.13,417.77,412.07,413.69
698077800,413.69,413.84,411.2,412.48
698423400,412.48,413.27,406.34,407.38
698509800,407.38,408.7,406.54,408.26
698596200,408.26,413.9,408.26,413.9
698682600,413.9,414.26,409.72,411.46
698941800,411.46,412.94,410.34,412.27
699028200,412.27,412.27,408.02,410.45
699114600,411.41,415.35,411.34,415.35
699201000,415.35,415.99,413.47,413.86
699287400,413.86,416.06,411.8,412.7
699546600,412.68,413.74,411.52,412.45
699633000,412.45,413.78,411.88,412.85
699719400,412.86,413.27,409.33,409.33
699805800,409.33,409.33,405.42,406.51
699892200,406.51,407.51,403.65,404.44
700151400,404.45,405.64,404.25,405.21
700237800,405.21,409.16,405.21,406.89
700324200,406.88,407.02,402.64,404.03
700410600,404.03,404.72,401.94,403.89
700497000,403.92,406.69,403.92,405.84
700756200,405.85,406.4,403.55,406.39
700842600,406.39,409.72,406.39,409.58
700929000,409.58,410.84,408.23,409.15
701015400,409.15,410.57,409.12,409.8
701101800,409.8,411.3,408.53,411.3
701361000,411.29,411.29,408.87,409.91
701447400,409.91,411.43,407.99,408.88
701533800,408.88,409.87,407.52,407.52
701620200,407.52,409.44,406.75,407.86
701706600,407.86,407.86,402.87,403.5
701965800,403.5,404.3,402.97,403
702052200,403,405.21,402.22,403.69
702138600,403.67,404.5,400.75,404.23
702225000,404.17,404.63,399.28,400.5
702311400,400.5,401.59,398.21,401.55
702567000,401.54,405.93,401.54,405.59
702653400,405.59,405.75,397.97,398.06
702739800,396.96,398.05,392.41,394.5
702826200,394.5,401.04,394.5,400.64
702912600,400.59,405.12,400.59,404.29
703171800,404.28,405.17,403.9,405.11
703258200,406.08,413.86,406.08,412.39
703344600,412.39,416.28,412.39,416.28
703431000,416.28,416.28,413.4,416.05
703776600,416.05,416.05,407.93,410.18
703863000,410.16,411.09,408.2,410.26
703949400,410.26,411.3,409.23,409.81
704035800,409.81,411.6,406.86,411.6
704122200,411.6,412.48,408.74,409.02
704381400,409.03,409.6,407.64,408.45
704467800,409.11,409.69,406.33,409.11
704554200,409.11,412.31,409.11,412.02
704640600,412.03,414.95,412.03,414.95
704727000,414.95,415.21,409.87,412.53
704986200,412.54,417.84,412.54,416.91
705072600,416.91,418.53,415.77,416.84
705159000,416.84,418.48,416.4,416.79
705245400,416.79,416.84,415.38,415.85
705331800,415.87,416.85,414.41,416.05
705591000,416.05,418.75,416.05,418.49
705677400,418.49,418.68,414.69,416.29
705763800,416.29,417.04,415.86,416.45
705850200,416.45,416.52,411.82,413.14
705936600,413.14,413.14,409.85,410.09
706195800,410.13,413.34,410.13,412.81
706282200,412.82,416.51,412.26,416.37
706368600,416.37,416.83,415.37,415.39
706455000,415.4,415.41,411.57,412.6
706541400,412.61,414.82,412.6,414.02
706887000,414.02,414.02,410.23,411.41
706973400,411.41,412.68,411.06,412.17
707059800,412.17,416.77,411.81,416.74
707146200,416.74,418.36,415.35,415.35
707405400,415.35,417.3,412.44,417.3
707491800,417.3,417.3,413.5,413.5
707578200,413.5,416.54,413.06,414.59
707664600,414.6,414.98,412.97,413.26
707751000,413.26,413.85,410.97,413.48
708010200,413.48,413.95,412.03,413.36
708096600,413.4,413.56,409.3,410.06
708183000,410.06,410.1,406.81,407.25
708269400,407.25,409.05,406.11,409.05
708355800,409.08,411.86,409.08,409.76
708615000,409.76,411.68,408.13,410.29
708701400,410.29,411.4,408.32,408.32
708787800,408.32,408.32,401.98,402.26
708874200,402.26,402.68,400.51,400.96
708960600,400.96,404.23,400.96,403.67
709219800,403.64,403.64,399.92,403.4
709306200,403.4,405.41,403.4,404.04
709392600,404.05,404.76,403.26,403.84
709479000,403.83,405.53,402.01,403.12
709565400,403.12,403.51,401.94,403.45
709824600,403.45,408.96,403.45,408.94
709911000,408.94,409.63,407.85,408.14
709997400,408.2,412.88,408.2,412.88
710083800,412.88,415.71,410.07,411.77
710429400,411.77,413.84,410.46,413.84
710515800,413.83,415.33,408.58,409.16
710602200,409.15,410.28,407.2,410.28
710688600,410.28,414.69,410.26,414.23
710775000,414.23,415.88,413.34,414.62
711034200,414.62,415.86,413.93,414.87
711120600,414.86,417.69,414.33,417.68
711207000,417.68,417.81,416.29,417.1
711293400,417.04,417.93,414.79,417.54
711379800,417.54,417.54,412.97,415.62
711639000,415.62,415.62,410.72,413.75
711725400,413.75,414.92,413.1,413.76
711811800,413.74,413.74,409.95,410.93
711898200,410.93,412.08,409.81,412.08
711984600,412.07,412.07,409.93,411.6
712243800,411.6,412.67,411.27,411.54
712330200,411.55,417.55,411.55,417.52
712416600,417.52,423.02,417.52,422.23
712503000,422.2,423.94,421.57,423.92
712589400,423.92,424.8,422.46,424.22
712848600,424.19,425.09,422.84,425.09
712935000,425.09,425.14,423.1,424.36
713021400,424.35,424.35,421.92,422.19
713107800,422.19,422.36,420.26,420.59
713194200,420.59,423.45,418.51,418.88
713453400,418.87,419.42,417.04,419.42
713539800,419.45,419.72,416.53,418.9
713626200,418.89,419.75,416.43,417.78
713712600,417.78,419.88,416.4,417.73
713799000,417.74,420.4,417.74,419.91
714058200,419.89,421.89,419.44,420.74
714144600,420.74,421.4,419.78,421.34
714231000,421.34,421.62,418.19,418.19
714317400,418.18,418.85,416.93,418.26
714403800,418.27,420.35,413.58,414.85
714663000,414.8,414.8,410.07,410.72
714749400,410.73,411.64,408.3,411.61
714835800,411.65,413.61,410.53,413.51
714922200,413.51,415.83,413.51,413.53
715008600,413.54,414.95,413.38,414.84
715267800,414.87,415.29,413.76,414.03
715354200,414.03,416.07,413.35,416.07
715440600,416.06,418.28,415.31,417.98
715527000,417.98,420.31,417.49,417.98
715613400,417.98,418.62,416.76,417.08
715959000,417.07,417.18,414.3,414.44
716045400,414.44,416.44,414.44,416.36
716131800,416.34,420.52,416.34,419.95
716218200,419.95,420.58,419.14,419.58
716477400,419.65,425.27,419.65,425.27
716563800,425.22,425.22,419.54,419.77
716650200,419.71,422.44,417.77,419.92
716736600,419.92,421.43,419.62,419.93
716823000,419.92,422.92,419.92,422.92
717082200,422.66,422.66,421.18,422.14
717168600,422.14,422.14,417.13,417.14
717255000,417.15,417.88,416,417.44
717341400,417.46,419.01,417.46,418.47
717427800,418.47,418.63,412.71,414.35
717687000,414.27,416.62,413,416.62
717773400,416.62,417.38,415.34,416.8
717859800,416.79,418.58,416.67,417.8
717946200,417.8,418.67,415.46,416.29
718032600,416.29,416.35,410.45,410.47
718291800,410.43,410.43,396.8,407.57
718378200,407.57,408.56,404.84,407.18
718464600,407.17,408.6,403.91,404.25
718551000,404.29,408.03,404.29,407.75
718637400,407.75,407.75,402.42,402.66
718896600,402.66,407.44,402.66,407.44
718983000,407.44,410.64,406.83,409.3
719069400,409.3,411.52,407.86,409.37
719155800,409.34,411.03,407.92,409.6
719242200,409.64,411.73,407.43,411.73
719501400,411.7,414.98,410.66,414.98
719587800,414.98,417.98,414.49,415.48
719674200,415.53,416.15,414.54,415.67
719760600,415.67,416.81,413.1,414.9
719847000,414.9,416.23,413.68,414.1
720109800,414.09,418.17,413.71,418.16
720196200,418.18,419.2,416.97,418.49
720282600,418.49,420.13,417.56,420.13
720369000,420.15,421.16,419.83,420.86
720455400,420.86,421.13,418.54,418.68
720714600,418.66,422.75,418.12,422.75
720801000,422.75,422.81,418.59,419.92
720887400,419.91,421.07,416.63,417.11
720973800,417.08,418.4,415.58,418.34
721060200,418.35,418.35,417.01,417.58
721319400,417.59,420.13,416.79,418.59
721405800,418.59,419.71,417.99,418.62
721492200,418.61,422.33,418.4,422.2
721578600,422.2,423.1,421.7,422.87
721665000,422.89,422.91,421.04,422.43
721924200,422.44,422.44,420.35,420.68
722010600,420.63,420.97,418.31,419.27
722097000,419.27,423.49,419.24,422.85
722183400,422.86,423.61,422.5,423.61
722269800,423.61,426.98,423.61,426.65
722529000,426.62,426.62,424.95,425.12
722615400,425.14,429.31,424.83,427.59
722701800,427.59,429.41,427.58,429.19
722874600,429.17,431.93,429.17,430.16
723133800,430.19,431.53,429.36,431.35
723220200,431.35,431.47,429.07,430.78
723306600,430.78,430.87,428.61,429.89
723393000,429.98,430.99,428.8,429.91
723479400,429.91,432.89,429.74,432.06
723738600,432.06,435.31,432.06,435.31
723825000,435.31,436.99,434.68,436.99
723911400,436.99,436.99,434.03,435.65
723997800,435.66,435.66,432.65,434.64
724084200,434.55,434.55,433.34,433.73
724343400,433.73,435.26,432.83,432.84
724429800,432.82,433.66,431.92,432.57
724516200,432.58,434.22,430.88,431.52
724602600,431.52,435.44,431.46,435.43
724689000,435.46,441.29,435.46,441.28
724948200,441.26,441.26,439.65,440.7
725034600,440.7,441.64,438.25,440.31
725121000,440.29,441.11,439.03,439.03
725207400,439.03,439.81,439.03,439.77
725553000,439.77,439.77,437.26,439.15
725639400,439.15,442.65,437.6,437.98
725725800,437.98,439.37,437.12,438.82
725812200,438.88,439.59,435.71,435.71
726157800,435.7,437.32,434.48,435.38
726244200,435.33,435.4,433.55,434.34
726330600,434.34,435.17,432.52,434.52
726417000,434.52,435.46,429.76,430.73
726503400,430.72,430.72,426.88,429.05
726762600,429.23,431.04,429.23,430.95
726849000,430.95,431.39,428.19,431.04
726935400,431.03,433.44,429.99,433.03
727021800,433.08,435.96,433.08,435.94
727108200,435.87,439.49,435.84,437.15
727367400,437.13,437.13,435.92,436.84
727453800,436.84,437.7,434.59,435.13
727540200,435.14,436.23,433.37,433.37
727626600,433.37,435.75,432.48,435.49
727713000,435.49,437.81,435.49,436.11
727972200,436.11,440.53,436.11,440
728058600,440.05,442.66,439.54,439.95
728145000,439.95,440.04,436.82,438.1
728231400,438.11,439.14,437.3,438.67
728317800,438.67,438.93,436.91,438.78
728577000,438.79,442.52,438.79,442.52
728663400,442.52,442.87,440.76,442.55
728749800,442.57,447.35,442.57,447.2
728836200,447.24,449.86,447.24,449.56
728922600,449.56,449.56,446.95,448.93
729181800,448.94,450.04,447.7,447.85
729268200,448.04,448.04,444.52,445.33
729354600,445.33,446.37,444.24,446.23
729441000,446.21,449.36,446.21,447.66
729527400,447.64,447.7,444.58,444.58
729873000,444.53,444.53,433.47,433.91
729959400,433.91,433.97,430.92,433.3
730045800,433.3,437.79,428.25,431.9
730132200,431.93,434.26,431.68,434.22
730391400,434.21,436.49,433.53,435.25
730477800,435.24,436.84,432.41,434.8
730564200,434.76,440.87,434.68,440.87
730650600,440.7,442.34,439.67,442.33
730737000,442.34,443.77,440.98,443.38
730996200,443.4,444.18,441.34,442.01
731082600,442,447.91,441.07,447.9
731169000,447.9,450,447.73,449.26
731255400,449.26,449.52,446.72,447.34
731341800,447.34,449.59,445.56,446.11
731601000,446.11,454.71,446.11,454.71
731687400,454.67,455.52,453.68,454.4
731773800,454.4,456.34,452.7,456.34
731860200,456.35,456.76,453.48,453.7
731946600,453.72,453.72,447.04,449.83
732205800,449.83,451.43,449.4,451.43
732292200,451.43,452.36,451.01,451.37
732378600,451.36,451.36,447.99,448.31
732465000,448.31,452.39,448.31,451.88
732551400,451.9,453.32,449.91,450.18
732810600,450.17,450.17,446.08,448.88
732897000,448.88,449.8,448.3,448.76
732983400,448.76,450.9,446.1,448.07
733069800,448.09,451.75,447.93,450.88
733156200,450.91,452.09,447.69,447.77
733415400,447.76,452.81,447.75,450.77
733501800,450.77,452.06,449.63,451.97
733588200,451.97,454.88,451.67,451.67
733674600,451.67,452.63,449.6,450.3
733761000,450.28,450.28,440.71,441.38
734016600,441.42,442.43,440.53,442.29
734103000,442.29,443.38,439.48,441.16
734189400,441.16,442.73,440.5,442.73
734275800,442.73,443.77,440.02,441.84
734621400,441.84,448.37,441.84,448.37
734707800,448.37,450.4,447.66,449.23
734794200,449.22,450,448.02,448.66
734880600,448.66,449.11,446.39,448.4
734967000,448.41,449.39,447.67,448.94
735226200,448.94,449.14,445.85,447.46
735312600,447.46,447.46,441.81,445.1
735399000,445.09,445.77,443.08,443.63
735485400,443.63,445.73,439.46,439.46
735571800,439.49,439.49,436.82,437.03
735831000,437.03,438.35,432.3,433.54
735917400,433.54,438.02,433.14,438.01
736003800,438.03,438.8,436.68,438.02
736090200,438,438.96,435.59,438.89
736176600,438.89,442.29,438.89,440.19
736435800,440.19,442.59,438.25,442.48
736522200,442.46,445.19,442.45,444.05
736608600,443.98,446.09,443.76,444.52
736695000,444.6,444.81,442.9,443.26
736781400,443.26,443.7,441.69,442.31
737040600,442.34,445.42,442.05,442.8
737127000,442.76,444.57,441.52,444.36
737213400,444.32,445.16,442.87,444.8
737299800,444.75,444.75,439.23,439.23
737386200,439.22,439.82,438.1,439.56
737645400,439.56,440.38,437.83,440.37
737731800,440.37,441.26,437.95,440.32
737818200,440.32,447.86,436.86,447.54
737904600,447.57,450.59,447.36,450.59
737991000,450.59,450.59,444.89,445.84
738250200,445.83,448.44,445.26,447.99
738336600,447.97,449.04,447.7,448.85
738423000,448.82,453.51,448.82,453.44
738509400,453.47,454.55,451.14,452.42
738595800,452.41,452.41,447.67,450.21
738941400,450.19,455.63,450.19,453.83
739027800,453.83,454.53,452.68,453.85
739114200,453.84,453.85,451.12,452.49
739200600,452.43,452.43,448.92,450.06
739459800,450.07,450.75,447.32,447.69
739546200,447.65,447.65,444.31,444.71
739632600,444.71,447.39,444.66,445.78
739719000,445.78,446.22,444.09,445.38
739805400,445.38,448.19,445.38,447.26
740064600,447.25,448.64,447.23,447.71
740151000,447.73,448.28,446.18,446.27
740237400,446.31,447.43,443.61,447.43
740323800,447.43,448.98,446.91,448.54
740410200,448.54,448.59,443.68,443.68
740669400,443.68,446.22,443.68,446.22
740755800,446.25,446.29,444.94,445.93
740842200,445.96,445.96,443.19,443.19
740928600,443.04,447.21,442.5,446.62
741015000,446.62,448.64,446.62,447.6
741274200,447.6,451.9,447.6,451.85
741360600,451.85,451.9,449.67,450.68
741447000,450.69,451.47,450.15,450.53
741533400,450.54,451.15,448.71,449.02
741619800,449.02,449.02,445.2,445.84
741965400,445.84,446.87,441.42,441.42
742051800,441.4,443.63,441.4,442.83
742138200,442.84,448.64,442.84,448.64
742224600,448.64,448.94,446.74,448.11
742483800,448.13,449.11,447.71,448.98
742570200,449,450.7,448.07,448.09
742656600,448.08,451.12,448.08,450.08
742743000,450.09,450.12,447.26,449.22
742829400,449.07,449.08,445.66,445.75
743088600,445.75,446.78,444.83,446.02
743175000,446.03,447.63,443.71,447.31
743261400,447.28,447.5,445.84,447.18
743347800,447.14,447.23,443.72,444.51
743434200,444.54,447.1,444.54,447.1
743693400,447.06,449.5,447.04,449.09
743779800,449,449.44,446.76,448.24
743866200,448.25,448.61,446.59,447.19
743952600,447.19,450.77,447.19,450.24
744039000,450.19,450.22,446.98,448.13
744298200,448.14,450.15,448.03,450.15
744384600,450.12,450.43,447.59,449.27
744471000,449.27,449.72,447.93,448.54
744557400,448.55,449.61,446.94,448.13
744643800,448.13,449.26,447.87,448.68
744903000,448.68,451.51,448.31,450.71
744989400,450.71,450.71,449.1,449.46
745075800,449.6,451,449.6,450.46
745162200,450.47,451.63,447.53,448.96
745248600,448.97,450.25,448.97,450.14
745507800,450.25,453.41,450.25,452.38
745594200,452.38,453.7,451.96,453.13
745680600,453.21,456.99,453.21,456.04
745767000,456.01,456.76,455.2,456.43
745853400,456.43,456.68,454.6,456.16
746112600,456.12,456.12,454.29,455.23
746199000,455.23,459.77,455.04,459.77
746285400,459.75,462.04,459.3,460.13
746371800,460.04,462.87,458.82,461.04
746458200,461.05,461.05,459.19,460.54
746717400,460.54,462.58,460.28,461.9
746803800,461.9,463.56,461.29,463.56
746890200,463.55,463.8,461.77,463.15
746976600,463.13,463.54,461.07,461.3
747063000,461.3,462.05,459.91,461.33
747408600,461.34,462.07,457.95,458.52
747495000,458.53,458.53,453.75,456.65
747581400,456.69,458.11,455.17,457.5
747667800,457.49,461.86,457.49,461.72
747927000,461.7,463.38,461.41,462.06
748013400,461.93,461.93,458.15,459.88
748099800,459.9,461.96,456.31,461.6
748186200,461.54,461.54,459,459.43
748272600,459.43,459.43,457.09,458.83
748531800,458.84,459.91,455,455.04
748618200,455.05,455.8,449.64,452.95
748704600,452.94,456.92,452.94,456.2
748791000,456.25,458.69,456.25,457.74
748877400,457.74,458.56,456.92,457.63
749136600,457.63,461.81,457.63,461.8
749223000,461.84,462.08,460.91,461.53
749309400,461.6,462.17,459.51,460.11
749395800,460.11,460.56,458.28,458.93
749482200,458.93,461.48,458.35,461.28
749741400,461.18,461.8,460.02,461.34
749827800,461.34,463.15,459.45,461.2
749914200,461.24,462.6,460.26,460.74
750000600,460.74,461.13,459.08,459.18
750087000,459.19,460.99,456.4,460.31
750346200,460.31,461.87,460.31,460.88
750432600,460.95,462.47,460.73,461.12
750519000,461.12,461.98,460.76,461.49
750605400,461.55,466.83,461.55,466.83
750691800,466.9,471.1,466.9,469.5
750951000,469.5,470.04,468.02,468.45
751037400,468.41,468.64,464.8,466.21
751123800,466.21,466.87,464.54,466.07
751210200,466.06,466.64,464.38,465.36
751296600,465.36,467.82,463.27,463.27
751555800,463.27,464.49,462.05,464.2
751642200,464.2,464.32,462.65,464.3
751728600,464.3,464.61,463.36,464.61
751815000,464.52,468.76,464.52,467.73
751901400,467.73,468.2,467.37,467.83
752164200,467.83,469.11,467.33,469.1
752250600,469.1,469.1,466.2,468.44
752337000,468.44,468.61,460.95,463.02
752423400,463.03,463.16,457.26,457.49
752509800,457.47,459.63,454.36,459.57
752769000,459.57,461.54,458.78,460.21
752855400,460.21,463.42,460.21,460.33
752941800,460.55,463.72,459.57,463.72
753028200,463.72,464.96,462.49,462.64
753114600,462.64,465.84,462.64,465.39
753373800,465.39,466.13,463.05,463.75
753460200,463.75,466.74,462.97,466.74
753546600,466.74,467.24,462.73,464.81
753633000,464.83,464.88,461.73,463.62
753719400,463.59,463.6,460.03,462.6
753978600,462.6,462.6,457.08,459.13
754065000,459.13,461.77,458.47,461.03
754151400,461.03,462.9,461.03,462.36
754324200,462.39,463.63,462.39,463.06
754583400,463.06,464.83,461.83,461.9
754669800,461.9,463.62,460.45,461.79
754756200,461.93,464.47,461.63,461.89
754842600,461.89,463.22,461.45,463.11
754929000,463.13,464.89,462.67,464.89
755188200,464.89,466.89,464.4,466.43
755274600,466.43,466.77,465.44,466.76
755361000,466.73,466.73,465.42,466.29
755447400,466.29,466.54,463.87,464.18
755533800,464.18,464.86,462.66,463.93
755793000,463.93,465.71,462.71,465.7
755879400,465.73,466.12,462.46,463.06
755965800,463.07,463.69,461.84,461.84
756052200,461.86,463.98,461.86,463.34
756138600,463.34,466.38,463.34,466.38
756397800,466.38,466.89,465.53,465.85
756484200,465.84,465.92,464.03,465.3
756570600,465.08,467.38,465.08,467.32
756657000,467.3,468.97,467.3,467.38
757002600,467.4,470.55,467.35,470.54
757089000,470.61,471.05,469.43,470.94
757175400,470.91,471.29,469.87,470.58
757261800,470.58,470.58,468.09,468.64
757348200,468.66,470.75,466.45,466.45
757607400,466.45,466.94,464.36,465.44
757693800,465.44,466.89,464.44,466.89
757780200,466.89,467.82,465.92,467.55
757866600,467.55,469,467.02,467.12
757953000,467.09,470.26,467.09,469.9
758212200,469.9,475.27,469.55,475.27
758298600,475.27,475.28,473.27,474.13
758385000,474.13,475.06,472.14,474.17
758471400,474.17,474.17,471.8,472.47
758557800,472.5,475.32,472.5,474.91
758817000,474.91,474.91,472.84,473.3
758903400,473.3,475.19,473.29,474.25
758989800,474.25,474.7,472.21,474.3
759076200,474.3,475,473.42,474.98
759162600,475.07,475.56,473.72,474.72
759421800,474.72,475.2,471.49,471.97
759508200,471.97,472.56,470.27,470.92
759594600,470.92,473.44,470.72,473.2
759681000,473.2,477.52,473.2,477.05
759767400,477.05,479.75,477.05,478.7
760026600,478.7,482.85,478.7,481.61
760113000,481.6,481.64,479.18,479.62
760199400,479.62,482.23,479.57,482
760285800,481.96,481.96,478.71,480.71
760372200,480.68,481.02,469.28,469.81
760631400,469.81,472.09,467.57,471.76
760717800,471.74,472.33,469.5,471.06
760804200,471.09,473.41,471.09,472.77
760890600,472.81,473.13,468.91,468.94
760977000,468.91,471.13,466.89,470.18
761236200,470.18,471.99,469.05,470.23
761322600,470.23,473.41,470.23,472.52
761409000,472.53,474.16,471.94,472.79
761495400,472.81,475.13,468.26,470.34
761581800,470.29,471.09,466.09,467.69
761927400,467.69,471.65,467.58,471.46
762013800,471.48,472.41,469.47,470.69
762100200,470.65,470.65,464.26,464.26
762186600,464.33,466.48,464.33,466.07
762445800,466.07,469.16,466.07,467.14
762532200,467.19,467.43,462.02,464.44
762618600,464.4,464.87,457.49,464.81
762705000,464.81,464.83,462.5,463.01
762791400,463.03,466.16,462.41,464.74
763050600,464.74,468.07,464.74,466.91
763137000,466.92,467.79,465.02,465.88
763223400,465.94,467.42,463.4,467.06
763309800,467.08,467.29,462.46,463.9
763396200,463.86,466.61,462.56,466.44
763655400,466.44,467.6,466.08,467.39
763741800,467.36,468.99,466.04,467.01
763828200,467.04,469.85,465.48,469.42
763914600,469.42,471.05,468.62,470.9
764001000,470.89,471.09,467.83,471.06
764260200,471.06,471.06,467.23,468.54
764346600,468.4,470.47,467.88,468.8
764433000,468.89,470.38,468.52,468.53
764519400,468.57,468.57,462.41,464.35
764605800,464.35,465.29,460.58,460.58
764865000,460.58,461.12,456.1,460
764951400,460.03,460.32,452.43,452.48
765037800,452.4,452.49,445.55,445.55
765124200,445.55,447.16,436.16,445.76
765466200,445.66,445.66,435.86,438.92
765552600,439.14,448.29,439.14,448.29
765639000,448.29,449.63,444.98,448.05
765725400,448.11,451.1,446.38,450.88
765811800,450.89,450.89,445.51,447.1
766071000,447.12,450.34,447.1,449.87
766157400,449.83,450.8,447.33,447.57
766243800,447.63,448.57,442.62,446.26
766330200,446.01,447.55,443.57,446.38
766416600,446.38,447.85,445.81,446.18
766675800,446.27,447.87,441.48,442.46
766762200,442.54,444.82,438.83,442.54
766848600,442.54,445.01,439.4,441.96
766935000,441.96,449.14,441.96,448.73
767021400,448.73,449.96,447.16,447.63
767280600,447.64,452.71,447.58,452.71
767367000,452.71,452.79,450.66,451.87
767539800,451.84,452.23,447.97,449.1
767626200,449.07,451.35,447.91,450.91
767885400,450.91,453.57,449.05,453.02
767971800,453.06,453.98,450.51,453.03
768058200,453.04,453.11,449.87,451.72
768144600,451.76,452.82,450.72,451.38
768231000,451.37,451.37,445.64,447.82
768490200,447.82,447.82,441.84,442.32
768576600,442.37,446.84,442.37,446.01
768663000,446.03,446.03,440.78,441.49
768749400,441.5,444.8,441.5,443.75
768835800,443.62,444.72,441.21,444.14
769095000,444.15,445.82,443.62,444.49
769181400,444.49,449.37,443.7,449.37
769267800,449.39,454.45,448.87,453.69
769354200,453.69,456.88,453,456.48
769440600,456.48,456.48,454.22,454.92
769699800,454.92,454.92,451.79,453.2
769786200,453.21,456.77,453.21,454.81
769872600,454.84,456.34,452.2,456.34
769959000,456.33,457.77,455.79,457.06
770045400,457.03,457.33,454.67,457.33
770391000,457.32,457.61,455.16,456.51
770477400,456.5,458.29,453.99,457.63
770563800,457.62,458.5,457.26,457.65
770650200,457.65,460.86,456.27,460.13
770909400,460.13,461.87,458.85,458.88
770995800,458.88,459.46,457.65,458.21
771082200,458.24,459.74,455.43,457.06
771168600,457.06,457.87,455.86,457.86
771255000,457.86,459.48,457.36,458.67
771514200,458.67,459.36,457.18,459.1
771600600,459.1,462.52,459.1,462.37
771687000,462.38,463.23,459.95,460.61
771773400,460.61,461.93,459.8,461.93
771859800,461.93,462.16,458.44,458.45
772119000,458.45,458.45,454.46,455.41
772205400,455.48,455.48,449.45,451.34
772291800,451.4,453.91,451.4,453.09
772378200,453.09,454.16,449.43,449.63
772464600,449.63,449.63,442.51,442.8
772723800,442.78,447.76,439.83,447.31
772810200,447.36,448.47,443.08,446.07
772896600,446.05,449.83,446.04,447.63
772983000,447.63,448.61,443.66,444.27
773069400,444.29,446.45,443.58,446.2
773415000,446.2,447.62,445.14,446.37
773501400,446.09,447.28,444.18,446.13
773587800,446.15,448.64,446.15,448.38
773674200,448.38,449.75,446.53,449.55
773933400,449.56,450.24,445.27,448.06
774019800,448.02,448.16,444.65,447.95
774106200,448.03,450.06,447.97,448.73
774192600,448.73,454.33,448.73,453.41
774279000,453.41,454.33,452.8,454.16
774538200,454.41,455.71,453.26,455.22
774624600,455.22,455.3,453.86,453.86
774711000,453.89,454.16,450.69,451.6
774797400,451.6,453.22,451,452.61
774883800,452.61,454.03,452.33,453.11
775143000,453.06,454.32,452.76,454.25
775229400,454.25,454.25,452.78,453.36
775315800,453.36,453.38,451.36,452.57
775402200,452.57,454.93,452.3,454.24
775488600,454.25,459.33,454.25,458.25
775747800,458.27,461.01,458.08,461.01
775834200,461.01,462.77,459.7,460.56
775920600,460.65,461.46,459.51,461.46
776007000,461.45,461.49,458.4,458.4
776093400,458.34,458.34,456.08,457.09
776352600,457.08,458.3,457.01,457.89
776439000,457.89,458.16,456.66,457.92
776525400,457.98,460.48,457.98,460.3
776611800,460.31,461.41,456.88,458.88
776698200,458.88,462.27,458.88,461.95
776957400,461.97,463.34,461.21,461.23
777043800,461.22,465.2,459.89,465.01
777130200,465.27,465.91,464.57,465.17
777216600,465.1,465.1,462.3,463.17
777303000,463.25,464.37,461.81,463.68
777562200,463.38,463.38,461.46,462.31
777648600,462.39,466.58,462.39,464.51
777735000,464.51,469.05,464.51,469.03
777821400,469.07,470.12,467.64,468.08
777907800,468.32,474.65,468.32,473.8
778167000,473.89,477.14,473.89,474.59
778253400,474.59,476.61,473.56,476.09
778339800,476.07,477.59,474.43,475.5
778426200,475.49,475.49,471.74,473.17
778512600,473.2,474.89,470.67,470.99
778858200,471.03,471.92,469.64,471.86
778944600,471.86,472.41,470.2,470.99
779031000,471,473.4,470.86,473.14
779117400,473.13,473.13,466.55,468.18
779376600,468.1,468.42,466.15,466.21
779463000,466.48,468.76,466.48,467.52
779549400,467.55,468.86,466.82,468.8
779635800,468.8,474.81,468.79,474.81
779722200,474.81,474.81,470.06,471.19
779981400,471.21,473.15,470.68,470.85
780067800,470.83,470.83,463.36,463.36
780154200,463.42,464.01,458.47,461.46
780240600,461.45,463.22,460.96,461.27
780327000,461.27,462.14,459.01,459.67
780586200,459.57,460.87,459.31,460.82
780672600,460.82,462.75,459.83,462.05
780759000,462.1,465.55,462.1,464.81
780845400,464.84,464.84,461.51,462.23
780931800,462.27,465.3,461.91,462.71
781191000,462.77,463.31,460.33,461.74
781277400,461.77,462.46,454.03,454.59
781363800,454.56,454.56,449.27,453.52
781450200,453.52,454.49,452.13,452.36
781536600,452.37,455.67,452.13,455.1
781795800,455.34,459.29,455.34,459.04
781882200,459.04,466.34,459.04,465.79
781968600,465.78,466.7,464.79,465.47
782055000,465.56,471.3,465.56,467.79
782141400,467.89,469.53,466.11,469.1
782400600,469.03,469.88,468.16,468.96
782487000,469.02,469.19,466.54,467.66
782573400,467.69,471.43,465.96,470.28
782659800,470.37,470.37,465.39,466.85
782746200,466.69,466.69,463.83,464.89
783005400,464.89,466.37,460.8,460.83
783091800,460.83,461.95,458.26,461.52
783178200,461.55,463.77,461.22,462.61
783264600,462.68,465.85,462.68,465.85
783351000,465.84,473.78,465.8,473.77
783613800,473.76,474.74,472.33,472.35
783700200,472.26,472.26,467.64,468.42
783786600,468.41,470.92,466.36,466.51
783873000,466.5,468.64,466.4,467.91
783959400,467.96,469.28,462.28,462.28
784218600,462.31,463.56,461.25,463.06
784305000,463.08,467.54,463.07,465.65
784391400,465.65,469.95,463.46,465.42
784477800,465.4,467.79,463.73,464.35
784564200,464.17,464.17,461.45,462.35
784823400,462.44,466.29,462.44,466.04
784909800,466.04,468.51,462.95,465.03
784996200,465.06,466.25,464.28,465.62
785082600,465.71,465.83,461.47,463.57
785169000,463.6,463.84,460.25,461.47
785428200,461.69,463.41,457.55,458.29
785514600,457.95,458.03,450.08,450.08
785601000,450.01,450.61,444.18,449.93
785773800,449.94,452.87,449.94,452.29
786033000,452.26,454.19,451.04,454.16
786119400,454.23,455.17,452.14,455.17
786205800,455.17,457.13,453.27,453.69
786292200,453.55,453.91,447.97,448.92
786378600,448.92,453.31,448,453.3
786637800,453.3,455.04,452.06,453.33
786724200,453.29,453.93,450.35,453.11
786810600,453.11,453.11,450.01,451.23
786897000,451.23,452.06,444.59,445.45
786983400,445.45,446.98,442.88,446.97
787242600,446.95,449.48,445.62,449.47
787329000,449.52,451.69,449.43,450.15
787415400,450.05,456.16,450.05,454.97
787501800,454.97,456.84,454.5,455.35
787588200,455.35,458.8,455.35,458.8
787847400,458.78,458.78,456.64,457.91
787933800,458.08,458.45,456.37,457.1
788020200,457.24,461.7,457.17,459.61
788106600,459.62,461.21,459.33,459.68
788193000,459.7,461.32,459.38,459.83
788538600,461.57,462.73,461.25,462.47
788625000,462.47,462.49,459,460.86
788711400,460.92,461.81,460.36,461.17
789143400,459.21,459.21,457.2,459.11
789229800,459.13,460.72,457.56,460.71
789316200,460.73,461.3,459.75,460.34
789402600,460.38,462.49,459.47,460.68
789661800,460.67,461.77,459.74,460.83
789748200,460.9,464.59,460.9,461.68
789834600,461.68,463.61,458.65,461.67
789921000,461.64,461.93,460.63,461.64
790007400,461.73,466.43,461.73,465.97
790266600,465.97,470.39,465.97,469.38
790353000,469.43,470.15,468.19,470.05
790439400,470.05,470.43,468.03,469.71
790871400,464.74,466.23,461.14,465.82
790957800,465.81,466.88,465.47,465.86
791044200,465.86,469.51,464.4,467.44
791130600,467.44,468.62,466.9,468.32
791217000,468.32,471.36,468.32,470.39
791476200,470.39,470.52,467.49,468.51
791562600,468.51,471.03,468.18,470.42
791649000,470.42,472.75,469.29,470.4
791735400,470.4,472.79,469.95,472.79
791821800,472.79,479.91,472.79,478.65
792081000,478.64,481.95,478.36,481.14
792167400,481.14,481.32,479.69,480.81
792253800,480.83,482.6,480.4,481.19
792340200,481.21,482,479.91,480.19
792426600,480.19,481.96,479.53,481.46
792685800,481.46,482.86,481.07,481.65
792772200,481.66,482.94,480.89,482.55
792858600,482.55,485.54,481.77,484.54
792945000,484.56,485.22,483.05,485.22
793031400,485.15,485.15,481.97,481.97
793377000,481.95,483.26,481.94,482.72
793463400,482.74,486.15,482.45,485.07
793549800,485.07,489.19,485.07,486.91
793636200,486.82,488.28,485.7,488.26
793895400,488.26,488.26,483.18,483.96
793981800,483.81,487.44,483.77,487.39
794068200,487.39,487.83,484.92,485.65
794154600,485.65,485.71,483.19,485.13
794241000,485.13,485.42,483.07,485.42
794500200,485.42,485.7,481.52,485.63
794586600,485.63,485.63,479.7,482.12
794673000,482.21,484.08,481.57,483.14
794759400,483.15,483.74,482.05,483.16
794845800,483.16,490.37,483.16,489.57
795105000,489.57,491.28,489.35,490.05
795191400,490.05,493.69,490.05,492.89
795277800,492.89,492.89,490.83,491.88
795364200,491.87,495.94,491.78,495.41
795450600,495.43,496.67,494.95,495.52
795709800,495.52,496.61,495.27,496.14
795796200,496.15,499.19,494.04,495.07
795882600,495.07,495.67,493.67,495.67
795969000,495.67,496.77,494.19,495.95
796055400,496.07,500.97,496.07,500.97
796314600,500.97,503.2,500.93,503.2
796401000,503.19,503.91,501.83,503.9
796487400,503.92,508.15,500.96,503.12
796573800,503.17,504.66,501,502.22
796660200,501.94,501.94,495.7,500.71
796915800,500.74,501.91,500.2,501.85
797002200,501.85,505.26,501.85,505.24
797088600,505.27,505.57,503.17,505.57
797175000,505.63,507.1,505,506.08
797261400,506.13,507.19,503.59,506.42
797520600,506.3,507.01,504.61,507.01
797607000,507.24,508.85,505.29,505.53
797693400,505.59,507.17,505.07,507.17
797779800,507.19,509.83,507.19,509.23
798125400,507.17,512.03,505.43,506.13
798211800,506.43,507.65,504.12,505.37
798298200,505.37,505.89,501.19,504.92
798384600,504.95,506.5,503.44,505.29
798471000,505.31,508.49,505.31,508.49
798730200,508.49,513.02,507.44,512.89
798816600,512.85,513.54,511.32,512.15
798903000,512.1,513.04,510.47,512.66
798989400,512.68,513.62,511.63,513.55
799075800,513.64,515.29,510.9,514.71
799335000,514.73,515.6,513.42,514.26
799421400,514.26,515.18,513.03,514.86
799507800,514.86,520.54,514.86,520.48
799594200,521.17,525.4,519.45,520.54
799680600,520.64,522.35,518.28,520.12
799939800,520.14,525.15,519.14,523.96
800026200,523.96,525.99,521.79,523.56
800112600,523.68,524.4,521.53,524.36
800199000,524.36,524.89,522.7,524.37
800285400,524.37,527.05,523.3,525.55
800544600,525.57,527.74,525,527.74
800631000,527.73,529.08,526.45,528.19
800717400,528.29,528.42,525.38,527.07
800803800,527.07,527.07,519.58,519.58
800890200,519.58,519.58,517.07,519.19
801149400,519.2,524.34,519.2,523.65
801235800,523.65,528.59,523.65,528.59
801322200,528.59,531.91,525.57,528.61
801408600,528.61,529.04,524.89,528.59
801495000,528.58,528.58,522.51,523.65
801840600,523.67,525.58,521.39,523.58
801927000,523.66,533.41,522.17,533.4
802013400,533.41,534.21,530.05,533.49
802099800,533.48,536.91,529.55,532.51
802359000,532.47,537.73,532.47,535.6
802445400,535.6,537.09,535.14,535.55
802531800,535.53,535.54,531.66,533.13
802618200,533.13,533.56,531.65,532.35
802704600,532.35,532.35,526,527.94
802963800,527.94,532.54,527.94,530.88
803050200,531,536.23,531,536.05
803136600,535.96,536.48,533.83,536.47
803223000,536.48,539.07,535.56,537.12
803309400,537.24,539.98,537.24,539.83
803568600,539.93,545.22,539.86,545.22
803655000,545.24,545.44,543.43,544.98
803741400,544.99,545.93,543.9,543.98
803827800,544.04,551.07,544.04,551.07
803914200,551.04,551.04,548.23,549.71
804173400,549.74,549.79,544.06,544.13
804259800,544.11,547.07,542.19,542.43
804346200,542.4,546.33,540.72,544.73
804432600,544.8,546.25,540.79,543.87
804519000,543.87,546.82,543.51,544.75
804778200,544.79,547.1,544.43,547.09
804951000,547.1,549.98,546.28,547.26
805037400,547.26,553.99,546.59,553.99
805123800,553.99,556.57,553.05,556.37
805383000,556.44,558.48,555.77,557.19
805469400,557.17,557.17,553.8,554.78
805555800,555.1,561.56,554.27,560.89
805642200,560.87,562,559.07,561
805728600,561,561,556.41,559.89
805987800,559.89,562.94,559.45,562.72
806074200,562.57,562.6,556.86,558.46
806160600,558.46,558.46,542.51,550.98
806247000,551.1,554.43,549.1,553.54
806333400,553.48,554.73,550.91,553.62
806592600,553.67,557.21,553.67,556.63
806679000,556.79,561.75,556.34,561.1
806765400,561.3,563.78,560.85,561.61
806851800,561.61,565.29,561.61,565.22
806938200,565.22,565.4,562.04,562.93
807197400,562.93,563.49,560.06,562.06
807283800,562.07,562.11,556.67,559.64
807370200,560.06,565.62,557.87,558.8
807456600,558.8,558.8,554.1,558.75
807543000,558.75,559.57,557.91,558.94
807802200,558.94,561.24,558.94,560.03
807888600,560.03,561.52,558.31,560.39
807975000,560.39,561.59,559.29,559.71
808061400,559.71,560.63,556.05,557.45
808147800,557.45,558.5,553.04,555.11
808407000,555.14,559.74,554.76,559.74
808493400,559.74,559.98,555.22,558.57
808579800,558.84,559.98,557.37,559.97
808666200,559.97,559.97,557.42,559.04
808752600,559.18,561.24,558.34,559.21
809011800,559.21,563.34,557.89,558.11
809098200,558.29,559.52,555.87,559.52
809184600,559.52,560,557.08,557.14
809271000,557.14,558.63,555.2,557.46
809357400,557.54,561.31,557.54,560.1
809616600,560.13,562.22,557.99,559.05
809703000,559.07,560.01,555.71,560
809789400,560,561.52,559.5,560.92
809875800,561,562.36,560.49,561.88
809962200,561.83,564.62,561.01,563.84
810307800,564,569.2,564,569.17
810394200,569.18,570.53,569,570.17
810480600,570.64,571.11,569.23,570.29
810567000,570.29,572.68,569.27,572.68
810826200,572.69,575.15,572.69,573.91
810912600,573.95,576.51,573.11,576.51
810999000,576.44,579.72,575.47,578.77
811085400,578.81,583.99,578.81,583.61
811171800,583.61,585.07,581.79,583.35
811431000,583.37,583.37,579.36,582.77
811517400,582.66,584.24,580.75,584.2
811603800,584.2,586.77,584.18,586.77
811690200,586.77,586.78,580.89,583
811776600,583,583,578.25,581.73
812035800,581.87,582.14,579.5,581.81
812122200,581.89,584.66,580.65,581.41
812208600,581.42,581.42,574.68,581.04
812295000,581.13,585.87,580.7,585.87
812381400,585.91,587.61,584.01,584.41
812640600,584.43,585.05,580.54,581.72
812727000,581.72,582.34,578.48,582.34
812813400,582.24,582.24,579.91,581.47
812899800,581.47,582.63,579.58,582.63
812986200,582.65,584.5,582.11,582.49
813245400,582.1,582.1,576.35,578.37
813331800,578.37,578.37,571.55,577.52
813418200,577.52,579.52,577.08,579.46
813504600,579.59,583.12,579.59,583.1
813591000,583.1,587.39,583.1,584.5
813850200,584.48,584.86,582.63,583.03
813936600,583.03,586.78,581.9,586.78
814023000,586.84,589.76,586.28,587.44
814109400,587.42,590.66,586.34,590.65
814195800,590.66,590.66,586.78,587.46
814455000,587.46,587.46,583.73,585.06
814541400,585.05,587.31,584.75,586.56
814627800,586.59,587.19,581.41,582.47
814714200,582.47,582.63,572.52,576.72
814800600,576.63,579.7,573.21,579.7
815063400,579.87,583.79,579.87,583.25
815149800,583.25,586.71,581.49,581.5
815236200,581.61,584.24,581.04,584.22
815322600,584.22,589.72,584.22,589.72
815409000,589.72,590.57,588.65,590.57
815668200,590.47,590.64,588.31,588.46
815754600,588.39,588.39,584.24,586.32
815841000,586.32,591.71,586.32,591.71
815927400,592.23,593.9,590.89,593.26
816013800,593.12,593.25,590.39,592.72
816273000,592.67,593.71,590.58,592.3
816359400,592.29,592.29,588.98,589.29
816445800,589.29,593.97,588.36,593.96
816532200,593.57,597.91,593.52,597.34
816618600,597.34,600.07,597.3,600.07
816877800,600.08,600.4,596.17,596.85
816964200,596.85,600.27,595.42,600.24
817050600,600.25,600.71,598.4,598.4
817223400,598.51,600.24,598.51,599.97
817482600,600.19,603.35,600.19,601.32
817569000,601.32,606.45,599.02,606.45
817655400,606.45,607.64,605.45,607.64
817741800,607.51,608.69,605.36,605.37
817828200,605.42,608.11,605.42,606.98
818087400,606.98,613.83,606.84,613.68
818173800,613.68,618.48,613.14,617.68
818260200,617.72,621.11,616.69,620.18
818346600,620.18,620.19,615.21,616.17
818433000,616.52,617.82,614.32,617.48
818692200,617.48,620.9,617.14,619.52
818778600,619.52,619.55,617.71,618.78
818865000,618.78,622.04,618.27,621.69
818951400,621.69,622.88,616.13,616.92
819037800,617.1,617.7,614.44,616.34
819297000,616.32,616.32,606.13,606.81
819383400,607.01,611.94,605.05,611.93
819469800,611.93,614.27,605.94,605.94
819556200,606.08,610.52,606.08,610.49
819642600,610.48,613.51,610.45,611.95
819988200,611.97,614.5,611.97,614.3
820074600,614.27,615.73,613.75,614.53
820161000,614.28,615.5,612.4,614.12
820247400,614.12,615.93,612.38,615.93
820593000,615.93,620.74,613.17,620.73
820679400,620.57,623.25,619.56,621.32
820765800,621.32,624.52,613.96,617.7
820852200,617.7,617.7,612.02,616.72
821111400,616.71,618.46,616.71,618.46
821197800,618.46,619.15,608.21,609.45
821284200,609.45,609.45,597.29,598.48
821370600,598.48,602.71,597.54,602.69
821457000,602.75,604.8,597.46,601.81
821716200,601.81,603.43,598.47,599.82
821802600,600.01,608.44,599.05,608.44
821889000,608.44,609.93,604.7,606.37
821975400,606.37,608.27,604.12,608.24
822061800,608.24,612.92,606.76,611.83
822321000,611.83,613.45,610.95,613.4
822407400,613.4,613.4,610.65,612.79
822493800,612.79,619.96,612.79,619.96
822580200,619.96,620.15,616.62,617.03
822666600,617.03,621.7,615.26,621.62
822925800,621.62,624.22,621.42,624.22
823012200,624.22,630.29,624.22,630.15
823098600,630.15,636.18,629.48,636.02
823185000,636.02,638.46,634.54,638.46
823271400,638.46,639.26,634.29,635.85
823530600,635.86,641.43,633.71,641.43
823617000,641.46,646.67,639.7,646.33
823703400,646.26,649.93,645.59,649.93
823789800,649.92,656.54,647.97,656.07
823876200,656.07,661.08,653.64,656.37
824135400,656.43,662.95,656.34,661.45
824221800,661.11,664.19,657.92,660.51
824308200,660.04,661.53,654.37,655.58
824394600,655.53,656.84,651.11,651.32
824481000,651.4,651.42,646.99,647.98
824826600,647.98,647.98,638.79,640.65
824913000,640.65,648.11,640.65,648.1
824999400,648.1,659.75,648.1,658.86
825085800,658.86,663,652.25,659.08
825345000,659.08,659.08,650.16,650.46
825431400,650.46,650.62,643.87,647.24
825517800,647.24,654.39,643.99,644.75
825604200,644.75,646.95,639.01,640.43
825690600,640.43,644.38,635,644.37
825949800,644.37,653.54,644.37,650.81
826036200,650.81,655.8,648.77,655.79
826122600,655.81,656.97,651.61,652
826209000,652.06,653.65,649.54,653.65
826295400,653.65,653.65,627.63,633.5
826554600,633.62,640.41,629.95,640.02
826641000,639.98,639.98,628.82,637.09
826727400,637.09,640.52,635.19,638.55
826813800,638.58,644.17,638.58,640.87
826900200,640.87,642.87,638.35,641.43
827159400,641.43,652.65,641.43,652.65
827245800,652.65,656.18,649.8,651.69
827332200,651.68,653.13,645.57,649.98
827418600,650.01,651.54,648.1,649.19
827505000,649.19,652.08,649.19,650.62
827764200,650.62,655.5,648.82,650.04
827850600,650.04,654.31,648.15,652.97
827937000,653.16,653.94,647.6,648.91
828023400,648.89,649.58,646.36,648.94
828109800,648.97,650.96,644.89,645.5
828369000,645.5,653.87,645.5,653.73
828455400,653.73,655.27,652.81,655.26
828541800,655.26,655.89,651.81,655.88
828628200,655.89,656.68,654.89,655.86
828970200,655.86,655.86,638.04,644.24
829056600,644.24,646.33,640.84,642.19
829143000,642.19,642.78,631.76,633.5
829229400,633.5,635.18,624.14,631.18
829315800,631.19,637.14,631.19,636.71
829575000,636.71,642.49,636.71,642.49
829661400,642.96,645.57,642.15,645
829747800,645,645,638.71,641.61
829834200,641.61,644.66,640.76,643.61
829920600,643.61,647.32,643.61,645.07
830179800,645.24,650.91,645.24,647.89
830266200,647.89,651.59,647.7,651.58
830352600,651.58,653.37,648.25,650.17
830439000,650.17,654.18,647.06,652.87
830525400,652.87,656.43,651.96,653.46
830784600,653.46,654.71,651.6,654.16
830871000,654.16,654.59,651.05,654.17
830957400,654.17,656.44,652.26,654.58
831043800,654.58,654.58,642.13,643.38
831130200,643.39,648.45,640.23,641.63
831389400,641.63,644.64,636.19,640.81
831475800,640.86,641.4,636.96,638.26
831562200,638.26,644.79,630.07,644.78
831648600,644.78,647.95,643.18,645.44
831735000,646.2,653,646.2,652.09
831994200,652.09,662.16,652.09,661.51
832080600,661.51,666.96,661.51,665.6
832167000,665.6,669.82,664.46,665.42
832253400,665.42,667.11,662.79,664.85
832339800,664.96,669.84,664.96,668.91
832599000,668.91,673.66,667.64,673.15
832685400,673.15,675.56,672.26,672.76
832771800,672.73,678.42,671.23,678.42
832858200,678.42,681.1,673.45,676
832944600,676,679.72,676,678.51
833290200,678.57,679.98,671.52,672.23
833376600,672.23,673.73,666.09,667.93
833463000,667.94,673.51,664.56,671.7
833549400,671.7,673.46,667,669.12
833808600,669.12,669.12,665.19,667.68
833895000,667.69,672.6,667.69,672.56
833981400,672.56,678.45,672.09,678.44
834067800,678.44,680.32,673.02,673.03
834154200,673.03,673.31,662.57,673.31
834413400,673.31,673.61,670.15,672.16
834499800,672.16,676.72,669.94,670.97
834586200,670.97,673.67,668.77,669.04
834672600,669.04,670.54,665.49,667.92
834759000,667.92,668.4,664.35,665.85
835018200,665.85,668.27,664.09,665.16
835104600,665.16,666.36,661.34,662.06
835191000,662.1,665.62,661.21,661.96
835277400,661.96,664.96,658.75,662.1
835363800,662.1,666.84,662.1,666.84
835623000,666.84,671.07,666.84,668.85
835709400,668.85,670.65,667.29,668.48
835795800,668.49,668.49,663.67,664.39
835882200,664.39,668.9,661.56,668.55
835968600,668.55,672.68,668.55,670.63
836227800,670.64,675.88,670.64,675.88
836314200,675.84,675.84,672.55,673.61
836400600,673.61,673.64,670.21,672.4
836573400,672.21,672.21,657.41,657.44
836832600,657.44,657.65,651.13,652.54
836919000,652.64,656.6,652.64,654.75
837005400,654.74,656.27,648.39,656.06
837091800,656.06,656.06,639.52,645.67
837178200,645.67,647.64,640.21,646.19
837437400,646.19,646.19,629.69,629.8
837523800,629.71,631.99,605.88,628.37
837610200,629.04,636.61,629.04,634.07
837696600,634.08,644.44,633.29,643.56
837783000,643.51,643.51,635.5,638.73
838042200,638.72,638.72,630.38,633.77
838128600,633.79,637.7,625.65,626.87
838215000,626.19,629.1,616.43,626.65
838301400,626.65,633.57,626.65,631.17
838387800,631.18,636.23,631.18,635.9
838647000,635.9,635.9,630.9,630.91
838733400,630.91,635.26,629.22,635.26
838819800,635.26,640.54,633.74,639.95
838906200,639.95,650.66,639.49,650.02
838992600,650.13,662.49,650.13,662.49
839251800,662.49,663.64,659.03,660.23
839338200,660.23,662.75,656.83,662.38
839424600,662.39,664.61,660,664.16
839511000,664.16,664.17,661.28,662.59
839597400,662.45,665.37,660.31,662.1
839856600,662.05,665.77,658.95,665.77
839943000,665.77,665.77,659.13,660.2
840029400,660.2,662.42,658.47,662.05
840115800,662.05,664.18,660.64,662.28
840202200,662.28,666.34,662.26,665.21
840461400,665.15,667.12,665,666.58
840547800,666.58,666.99,665.15,665.69
840634200,665.69,665.69,662.16,665.07
840720600,665.07,670.68,664.88,670.68
840807000,670.68,670.68,664.93,667.03
841066200,667.03,667.03,662.36,663.88
841152600,663.89,666.4,663.5,666.4
841239000,666.4,667.41,664.39,664.81
841325400,664.81,664.81,655.35,657.4
841411800,657.4,657.71,650.52,651.99
841757400,651.9,655.13,643.97,654.72
841843800,654.72,655.82,652.93,655.61
841930200,655.61,655.61,648.89,649.44
842016600,649.44,658.21,649.44,655.68
842275800,655.7,663.77,655.7,663.76
842362200,663.76,665.57,661.55,663.81
842448600,663.65,667.73,661.79,667.28
842535000,667.34,673.07,667.34,671.13
842621400,671.15,681.39,671.15,680.54
842880600,680.54,686.48,680.53,683.98
842967000,683.98,685.8,679.96,682.94
843053400,682.94,683.77,679.75,681.47
843139800,681.47,684.07,679.06,683
843226200,683,687.07,683,687.02
843485400,687.03,687.03,681.01,686.48
843571800,686.48,690.88,683.54,685.61
843658200,685.61,688.26,684.92,685.83
843744600,685.9,690.15,683.77,685.86
843831000,685.91,687.11,683.73,686.19
844090200,686.19,690.11,686.03,687.33
844176600,687.31,689.54,684.44,689.08
844263000,689.15,694.82,689.15,694.01
844349400,694.06,694.81,691.78,692.78
844435800,692.78,701.74,692.78,701.46
844695000,701.46,704.17,701.39,703.38
844781400,703.35,705.76,699.88,700.64
844867800,700.64,702.36,694.42,696.74
844954200,696.74,696.82,693.34,694.61
845040600,694.61,700.67,694.61,700.66
845299800,700.66,705.16,700.66,703.54
845386200,704.26,708.07,699.07,702.57
845472600,702.41,704.42,699.15,704.41
845559000,705,708.52,704.76,706.99
845645400,706.89,711.04,706.11,710.82
845904600,710.82,714.1,707.71,709.85
845991000,709.78,709.78,704.55,706.57
846077400,706.57,707.31,700.98,707.27
846163800,707.33,708.25,702.11,702.29
846250200,702.31,704.11,700.53,700.92
846513000,700.92,705.4,697.25,697.26
846599400,697.32,703.25,696.22,701.5
846685800,701.59,703.44,700.05,700.9
846772200,700.9,706.61,700.35,705.27
846858600,705.27,708.6,701.3,703.77
847117800,703.81,707.02,702.84,706.73
847204200,706.76,714.56,706.76,714.14
847290600,714.14,724.6,712.83,724.59
847377000,724.59,729.49,722.23,727.65
847463400,727.65,730.82,725.22,730.82
847722600,730.79,732.6,729.94,731.87
847809000,731.87,733.04,728.2,729.56
847895400,729.59,732.11,728.03,731.13
847981800,731.13,735.99,729.2,735.88
848068200,735.88,741.92,735.15,737.62
848327400,737.62,739.24,734.39,737.02
848413800,737.02,742.18,736.87,742.16
848500200,742.16,746.99,740.4,743.95
848586600,743.95,745.2,741.08,742.75
848673000,742.75,748.73,742.75,748.73
848932200,748.81,757.05,747.99,757.03
849018600,757.03,762.12,752.83,755.96
849105000,756.08,757.3,753.18,755
849277800,755,758.27,755,757.02
849537000,757.02,757.03,751.49,756.56
849623400,756.61,761.75,747.58,748.28
849709800,748.4,748.4,738.46,745.1
849796200,745.22,747.65,742.61,744.38
849882600,744.38,744.38,726.89,739.6
850141800,739.75,749.76,739.75,749.76
850228200,749.76,753.43,747.02,747.54
850314600,747.54,747.54,732.75,740.73
850401000,740.73,744.86,729.3,729.3
850487400,729.33,731.47,721.88,728.64
850746600,728.64,732.68,719.4,720.98
850833000,720.98,727.67,716.69,726.04
850919400,726.83,732.76,726.78,731.54
851005800,731.54,746.06,731.54,745.76
851092200,745.76,755.41,745.76,748.87
851351400,749.06,750.4,743.28,746.92
851437800,746.92,751.03,746.92,751.03
851610600,751.02,757.07,751.02,755.82
851697000,755.82,758.75,754.82,756.79
851956200,756.79,759.2,752.73,753.85
852042600,753.85,753.95,740.74,740.74
852215400,740.74,742.81,729.55,737.01
852301800,737.01,748.24,737.01,748.03
852561000,748.12,753.31,743.82,747.65
852647400,747.65,753.26,742.18,753.23
852733800,753.23,755.72,747.71,748.41
852820200,748.41,757.68,748.41,754.85
852906600,754.82,759.65,746.92,759.5
853165800,759.5,762.85,756.69,759.51
853252200,759.61,772.04,759.61,768.86
853338600,768.94,770.95,763.72,767.2
853425000,767.41,772.05,765.25,769.75
853511400,769.75,776.37,769.72,776.17
853770600,776.27,780.08,774.19,776.7
853857000,776.7,783.72,772,782.72
853943400,782.72,786.23,779.56,786.23
854029800,786.23,794.67,776.64,777.56
854116200,777.56,778.21,768.17,770.52
854375400,770.52,771.43,764.18,765.02
854461800,765.02,776.32,761.75,765.02
854548200,765.48,772.7,765.48,772.5
854634600,772.5,784.17,772.5,784.17
854721000,784.17,791.86,784.17,786.16
854980200,786.16,787.14,783.12,786.73
855066600,786.73,789.28,783.67,789.26
855153000,789.03,792.71,773.43,778.28
855239400,778.48,780.35,774.45,780.15
855325800,780.85,789.72,778.19,789.56
855585000,789.56,793.46,784.69,785.43
855671400,785.43,789.6,780.95,789.59
855757800,789.59,802.77,789.59,802.77
855844200,802.77,812.93,802.77,811.82
855930600,811.82,812.2,808.15,808.48
856276200,808.48,816.29,806.34,816.29
856362600,816.16,817.68,811.2,812.49
856449000,812.49,812.49,800.35,802.8
856535400,802.8,804.94,799.99,801.77
856794600,801.77,810.64,798.42,810.28
856881000,810.28,812.85,807.65,812.03
856967400,812.1,812.7,798.13,805.68
857053800,805.68,805.68,795.06,795.07
857140200,795.07,795.7,788.5,790.82
857399400,790.82,795.31,785.66,795.31
857485800,795.31,798.93,789.98,790.95
857572200,791.51,801.99,791.51,801.99
857658600,801.99,804.11,797.5,798.56
857745000,799.11,808.19,799.11,804.97
858004200,804.97,813.66,803.66,813.65
858090600,813.65,814.9,810.77,811.34
858177000,811.34,811.34,801.07,804.26
858263400,804.26,804.26,789.44,789.56
858349800,789.56,796.88,789.56,793.17
858609000,793.16,796.28,782.98,795.71
858695400,795.88,797.18,785.47,789.66
858781800,789.66,791.59,780.03,785.77
858868200,785.77,786.29,778.04,782.65
858954600,782.65,786.44,782.65,784.1
859213800,784.1,791.01,780.79,790.89
859300200,791.24,798.11,788.39,789.07
859386600,789.07,794.89,786.77,790.5
859473000,790.5,792.58,767.32,773.88
859818600,773.88,773.88,756.13,757.12
859905000,757.12,761.49,751.26,759.64
859991400,759.65,759.65,747.59,750.11
860077800,750.11,751.04,744.4,750.32
860164200,749.82,757.9,744.04,757.9
860419800,757.9,764.82,757.9,762.13
860506200,762.25,766.25,758.36,766.12
860592600,766.12,769.53,759.15,760.6
860679000,760.6,763.73,757.65,758.34
860765400,758.34,758.34,737.64,737.65
861024600,737.88,743.73,733.54,743.73
861111000,743.73,754.72,743.73,754.72
861197400,754.72,763.53,751.99,763.53
861283800,763.53,768.55,760.49,761.77
861370200,761.77,767.93,761.77,766.34
861629400,766.34,767.39,756.38,760.37
861715800,760.37,774.64,759.9,774.61
861802200,774.62,778.19,771.9,773.64
861888600,773.64,779.89,769.72,771.18
861975000,770.76,770.76,764.63,765.37
862234200,765.37,773.89,763.3,772.96
862320600,772.96,794.44,772.96,794.05
862407000,794.05,804.13,791.21,801.34
862493400,801.34,802.95,793.21,798.53
862579800,798.53,812.99,798.53,812.97
862839000,812.97,830.29,811.8,830.29
862925400,830.24,832.29,824.7,827.76
863011800,827.76,827.76,814.7,815.62
863098200,815.62,829.09,811.84,820.26
863184600,820.26,827.69,815.78,824.78
863443800,824.78,838.56,824.78,837.66
863530200,837.66,838.49,829.12,833.13
863616600,833.13,841.29,833.13,836.04
863703000,836.04,842.45,833.34,841.88
863789400,841.88,841.88,829.15,829.75
864048600,829.75,835.92,828.87,833.27
864135000,833.27,841.96,826.41,841.66
864221400,841.66,846.87,835.22,839.35
864307800,839.35,841.91,833.86,835.66
864394200,835.66,848.49,835.66,847.03
864739800,847.03,851.53,840.96,849.71
864826200,849.71,850.95,843.21,847.21
864912600,847.21,848.96,842.61,844.08
864999000,844.08,851.87,831.87,848.28
865258200,848.28,851.34,844.61,846.36
865344600,846.36,850.56,841.51,845.48
865431000,845.48,845.55,838.82,840.11
865517400,840.11,848.89,840.11,843.43
865603800,843.43,859.24,843.36,858.01
865863000,858.01,865.14,858.01,862.91
865949400,862.91,870.05,862.18,865.27
866035800,865.27,870.66,865.15,869.57
866122200,869.57,884.34,869.01,883.46
866208600,883.48,894.69,883.48,893.27
866467800,893.27,895.17,891.21,893.9
866554200,893.9,897.6,886.2,894.43
866640600,894.42,894.42,887.03,889.1
866727000,889.06,900.09,888.99,897.99
866813400,897.99,901.77,897.77,898.7
867072600,898.7,898.7,878.43,878.62
867159000,878.62,896.75,878.62,896.34
867245400,896.34,902.09,882.24,888.99
867331800,888.99,893.21,879.32,883.68
867418200,883.68,894.7,883.68,887.3
867677400,887.3,892.62,879.82,885.14
867763800,885.14,893.88,884.54,891.03
867850200,891.03,904.05,891.03,904.03
867936600,904.03,917.82,904.03,916.92
868282200,917.59,923.26,909.69,912.2
868368600,912.2,918.76,911.56,918.75
868455000,918.75,922.03,902.48,907.54
868541400,907.45,916.54,904.31,913.78
868627800,913.78,919.74,913.11,916.68
868887000,916.68,921.78,912.02,918.38
868973400,918.38,926.15,914.52,925.76
869059800,926.24,939.32,926.24,936.59
869146200,936.59,936.96,927.9,931.61
869232600,931.61,931.61,912.9,915.3
869491800,915.3,915.38,907.12,912.94
869578200,912.94,934.38,912.94,933.98
869664600,933.98,941.8,933.98,936.56
869751000,936.56,941.51,926.91,940.28
869837400,940.3,945.65,936.09,938.79
870096600,938.79,942.97,935.19,936.45
870183000,936.16,942.96,932.56,942.29
870269400,942.29,953.98,941.98,952.29
870355800,952.29,957.73,948.89,954.31
870442200,954.29,955.33,939.05,947.14
870701400,947.14,953.18,943.6,950.3
870787800,950.3,954.21,948.92,952.37
870874200,952.37,962.43,949.45,960.32
870960600,960.32,964.17,950.87,951.19
871047000,951.19,951.19,925.74,933.54
871306200,933.54,938.5,925.39,937
871392600,937.56,942.99,925.66,926.53
871479000,926.53,935.77,916.54,922.02
871565400,922.02,930.07,916.92,924.77
871651800,924.77,924.77,900.81,900.81
871911000,900.81,912.57,893.34,912.49
871997400,912.49,926.01,912.49,926.01
872083800,926.01,939.35,924.58,939.35
872170200,939.35,939.47,921.35,925.05
872256600,925.05,925.05,905.42,923.54
872515800,923.94,930.93,917.29,920.16
872602200,920.16,922.47,911.72,913.02
872688600,913.02,916.23,903.83,913.7
872775000,913.7,915.9,898.65,903.67
872861400,903.67,907.28,896.82,899.47
873207000,899.47,927.58,899.47,927.58
873293400,927.58,935.9,926.87,927.85
873379800,927.86,933.36,925.59,930.87
873466200,930.87,940.37,924.05,929.05
873725400,929.05,936.5,929.05,931.2
873811800,931.24,938.9,927.28,933.62
873898200,933.62,933.62,918.76,919.03
873984600,919.03,919.03,902.56,912.59
874071000,912.59,925.05,906.7,923.91
874330200,923.91,928.9,919.41,919.77
874416600,919.77,947.66,919.77,945.64
874503000,945.64,950.29,941.99,943
874589400,943,958.19,943,947.29
874675800,947.29,952.35,943.9,950.51
874935000,950.71,960.59,950.71,955.43
875021400,955.43,955.78,948.07,951.93
875107800,951.93,959.78,944.07,944.48
875194200,944.48,947,937.38,937.91
875280600,937.91,946.44,937.91,945.22
875539800,945.38,953.96,941.94,953.34
875626200,953.1,955.17,947.28,947.28
875712600,950.72,956.71,948.04,955.41
875799000,955.58,960.46,952.94,960.46
875885400,960.46,975.47,955.13,965.03
876144600,965.03,974.16,965.03,972.69
876231000,972.69,983.12,971.95,983.12
876317400,983.12,983.12,968.65,973.84
876403800,973.84,974.72,963.34,970.62
876490200,970.16,970.16,963.42,966.98
876749400,966.98,973.46,966.95,968.1
876835800,968.1,972.86,961.87,970.28
876922200,970.28,970.28,962.75,965.72
877008600,965.72,973.38,950.77,955.25
877095000,955.23,955.23,931.58,944.16
877354200,944.16,955.72,941.43,955.61
877440600,956.11,972.56,956.11,972.28
877527000,972.28,972.61,965.66,968.49
877613400,968.49,968.49,944.16,950.69
877699800,950.69,960.04,937.55,941.64
877962600,941.65,941.65,876.72,876.97
878049000,876.99,923.07,855.27,921.85
878135400,921.85,935.25,913.87,919.15
878221800,917.96,923.28,903.68,903.68
878308200,903.68,919.93,903.68,914.62
878567400,914.62,939.02,914.62,938.99
878653800,938.99,941.4,932.66,940.76
878740200,940.76,949.62,938.16,942.76
878826600,942.76,942.85,934.16,938.03
878913000,935.56,935.56,915.39,927.51
879172200,927.51,935.9,920.26,921.13
879258600,921.13,928.29,919.63,923.78
879345000,923.78,923.88,905.34,905.96
879431400,905.96,917.79,900.61,916.66
879517800,916.66,930.44,915.34,928.35
879777000,928.35,949.66,928.35,946.2
879863400,946.2,947.65,937.43,938.23
879949800,938.23,947.28,934.83,944.59
880036200,944.59,961.83,944.59,958.98
880122600,959.03,964.55,954.6,963.09
880381800,963.09,963.09,945.22,946.67
880468200,948.05,954.47,944.7,950.82
880554600,950.82,956.47,950.82,951.64
880727400,951.69,959.13,951.69,955.4
880986600,955.4,974.77,955.4,974.77
881073000,974.78,976.2,969.83,971.68
881159400,971.68,980.81,966.16,976.77
881245800,976.77,983.36,971.37,973.1
881332200,973.1,986.25,969.1,983.79
881591400,983.79,985.67,979.57,982.37
881677800,982.37,982.37,973.81,975.78
881764200,975.78,975.78,962.68,969.79
881850600,969.79,969.79,951.89,954.94
881937000,954.94,961.32,947,953.39
882196200,953.39,965.96,953.39,963.39
882282600,963.39,973,963.39,968.04
882369000,968.04,974.3,964.25,965.54
882455400,965.54,965.54,950.55,955.3
882541800,955.3,955.3,924.92,946.78
882801000,946.78,956.73,946.25,953.7
882887400,953.7,954.51,938.91,939.12
882973800,939.13,942.88,932.7,932.7
883146600,932.7,939.99,932.7,936.46
883405800,936.46,953.95,936.46,953.36
883492200,953.39,970.84,953.39,970.84
883578600,970.84,975.02,967.41,970.43
883751400,970.43,975.04,965.73,975
884010600,975.21,982.63,969,977.07
884097000,977.07,977.07,962.68,966.58
884183400,966.58,966.58,952.67,964
884269800,964,964,955.04,956.04
884356200,956.05,956.05,921.72,927.69
884615400,927.69,939.25,912.83,939.21
884701800,939.21,952.14,939.21,952.12
884788200,952.12,958.12,948,957.94
884874600,957.94,957.94,950.27,950.73
884961000,951.12,965.12,951.12,961.51
885306600,961.48,978.6,961.48,978.6
885393000,978.6,978.6,963.29,970.78
885479400,970.81,970.81,959.49,963.04
885565800,963.04,966.44,950.86,957.58
885825000,957.59,963.04,954.24,956.95
885911400,956.95,973.23,956.26,969.02
885997800,969.02,978.63,969.02,977.46
886084200,977.46,992.65,975.21,985.49
886170600,985.49,987.41,979.63,980.28
886429800,980.28,1002.48,980.28,1001.27
886516200,1001.27,1006.13,996.9,1006
886602600,1006,1009.52,999.43,1006.9
886689000,1006.9,1013.51,1000.27,1003.54
886775400,1003.54,1013.07,1003.36,1012.45
887034600,1012.46,1015.33,1006.28,1010.74
887121000,1010.74,1022.15,1010.71,1019.01
887207400,1019.01,1020.71,1016.38,1020.01
887293800,1020.01,1026.3,1008.55,1024.14
887380200,1024.14,1024.14,1017.71,1020.09
887725800,1020.09,1028.02,1020.09,1022.76
887812200,1022.76,1032.06,1021.7,1032.06
887898600,1032.08,1032.93,1026.62,1028.28
887985000,1028.28,1034.21,1022.69,1034.21
888244200,1035.78,1038.68,1031.76,1038.14
888330600,1038.14,1038.73,1028.89,1030.56
888417000,1030.56,1045.79,1030.56,1042.9
888503400,1042.9,1048.68,1039.85,1048.67
888589800,1048.67,1051.66,1044.4,1049.34
888849000,1049.68,1053.98,1044.7,1047.7
888935400,1047.7,1052.02,1043.41,1052.02
889021800,1051.22,1051.22,1042.74,1047.33
889108200,1047.33,1047.33,1030.87,1035.04
889194600,1035.05,1055.69,1035.05,1055.69
889453800,1055.69,1058.55,1050.02,1052.31
889540200,1052.3,1064.6,1052.3,1064.25
889626600,1064.22,1069.18,1064.22,1068.47
889713000,1068.47,1071.87,1063.54,1069.92
889799400,1069.93,1075.86,1066.57,1068.59
890058600,1068.64,1079.4,1068.64,1079.27
890145000,1079.27,1080.52,1073.29,1080.45
890231400,1080.45,1085.52,1077.77,1085.52
890317800,1085.52,1089.74,1084.3,1089.74
890404200,1089.74,1101.04,1089.39,1099.16
890663400,1099.16,1101.16,1094.25,1095.55
890749800,1095.55,1106.75,1095.55,1105.65
890836200,1105.66,1113.07,1092.84,1101.92
890922600,1101.83,1106.28,1097,1100.8
891009000,1100.8,1107.18,1091.14,1095.44
891268200,1095.44,1099.16,1090.02,1093.55
891354600,1093.55,1110.13,1093.55,1101.75
891441000,1101.75,1109.19,1095.29,1108.15
891527400,1107.99,1121.01,1107.89,1120.01
891613800,1120.01,1126.36,1118.12,1122.7
891869400,1122.7,1131.99,1121.37,1121.39
891955800,1121.38,1121.38,1102.44,1109.55
892042200,1109.55,1111.6,1098.21,1101.65
892128600,1107.41,1111.45,1101.45,1110.67
892474200,1110.67,1110.75,1100.6,1109.69
892560600,1109.69,1115.95,1109.48,1115.75
892647000,1115.75,1119.9,1112.24,1119.32
892733400,1118.72,1118.72,1105.27,1108.17
892819800,1107.92,1122.72,1104.95,1122.72
893079000,1122.72,1124.88,1118.47,1123.65
893165400,1123.65,1129.65,1119.54,1126.34
893251800,1126.67,1132.98,1126.29,1130
893338200,1130.54,1130.54,1117.49,1119.58
893424600,1119.58,1122.81,1104.77,1107.9
893683800,1107.9,1107.9,1076.7,1086.54
893770200,1086.61,1095.94,1081.49,1085.11
893856600,1085.2,1098.24,1084.65,1094.62
893943000,1094.63,1116.97,1094.63,1111.77
894029400,1111.75,1121.02,1111.75,1121
894288600,1121.07,1130.52,1121.07,1122.07
894375000,1122.07,1122.07,1111.16,1115.65
894461400,1117.39,1118.39,1104.64,1104.92
894547800,1104.99,1105.58,1094.59,1095.14
894634200,1095.14,1111.42,1094.53,1108.14
894893400,1108.14,1119.13,1103.72,1106.64
894979800,1106.64,1115.96,1102.78,1115.79
895066200,1115.79,1122.22,1114.93,1118.86
895152600,1118.86,1124.03,1112.43,1117.37
895239000,1117.37,1118.66,1107.11,1108.73
895498200,1108.73,1112.44,1097.99,1105.82
895584600,1105.82,1113.5,1105.82,1109.52
895671000,1109.68,1119.08,1107.51,1119.06
895757400,1119.06,1124.45,1111.95,1114.64
895843800,1114.64,1116.89,1107.99,1110.47
896189400,1110.52,1116.79,1094.01,1094.02
896275800,1093.78,1094.44,1074.39,1092.23
896362200,1092.23,1099.73,1089.06,1097.59
896448600,1097.6,1104.16,1090.82,1090.82
896707800,1090.82,1097.85,1084.28,1090.98
896794200,1090.98,1098.71,1089.67,1093.03
896880600,1093.24,1097.43,1081.09,1082.73
896967000,1083.31,1095.93,1078.1,1094.83
897053400,1094.83,1113.88,1094.82,1113.86
897312600,1113.87,1119.7,1113.31,1115.72
897399000,1115.72,1119.86,1111.31,1118.41
897485400,1118.41,1126,1110.27,1112.28
897571800,1112.36,1114.2,1094.28,1094.58
897658200,1094.58,1098.84,1080.83,1098.84
897917400,1097.89,1097.89,1077.01,1077.01
898003800,1077.01,1087.59,1074.67,1087.59
898090200,1087.59,1112.87,1087.58,1107.1
898176600,1107.03,1109.36,1103.71,1106.37
898263000,1106.37,1111.25,1097.1,1100.65
898522200,1100.65,1109.01,1099.42,1103.22
898608600,1103.21,1119.49,1103.21,1119.49
898695000,1119.49,1134.4,1115.1,1132.88
898781400,1132.88,1142.04,1127.6,1129.28
898867800,1129.28,1136.83,1129.28,1133.2
899127000,1133.56,1145.15,1133.56,1138.49
899213400,1137.81,1140.8,1131.98,1133.84
899299800,1133.84,1148.56,1133.84,1148.56
899386200,1148.52,1148.52,1142.99,1146.42
899731800,1146.42,1157.32,1145.03,1157.31
899818200,1157.33,1159.81,1152.85,1154.66
899904600,1154.66,1166.89,1154.66,1166.37
899991000,1166.38,1166.38,1156.03,1158.56
900077400,1158.57,1166.93,1150.88,1164.33
900336600,1164.36,1166.98,1160.21,1165.19
900423000,1165.21,1179.76,1165.21,1177.58
900509400,1177.58,1181.48,1174.73,1174.81
900595800,1174.81,1184.02,1170.4,1184.02
900682200,1183.99,1188.1,1182.42,1186.75
900941400,1186.91,1190.58,1179.19,1184.1
901027800,1184.1,1187.37,1163.05,1165.07
901114200,1165.07,1167.67,1155.2,1164.08
901200600,1164.08,1164.35,1139.75,1139.75
901287000,1139.75,1150.14,1129.11,1140.8
901546200,1140.8,1147.27,1128.19,1147.27
901632600,1147.27,1147.27,1119.44,1130.24
901719000,1130.24,1138.56,1121.98,1125.21
901805400,1125.21,1143.07,1125.21,1142.86
901891800,1142.97,1142.97,1114.3,1120.67
902151000,1120.67,1121.79,1110.39,1112.44
902237400,1112.44,1119.73,1071.82,1072.12
902323800,1072.12,1084.8,1057.35,1081.43
902410200,1081.43,1090.95,1074.94,1089.63
902496600,1089.63,1102.54,1084.72,1089.45
902755800,1089.45,1092.82,1081.76,1083.14
902842200,1083.14,1083.14,1054,1068.98
902928600,1068.98,1084.7,1068.98,1084.22
903015000,1084.22,1091.5,1074.91,1074.91
903101400,1075.06,1083.92,1057.22,1062.75
903360600,1062.75,1083.67,1055.17,1083.67
903447000,1083.67,1101.72,1083.67,1101.2
903533400,1101.2,1106.32,1094.93,1098.06
903619800,1098.06,1098.79,1089.55,1091.6
903706200,1091.6,1091.6,1054.92,1081.18
903965400,1081.36,1093.82,1081.28,1088.14
904051800,1088.14,1106.64,1085.53,1092.86
904138200,1092.82,1092.82,1075.91,1084.19
904224600,1084.19,1084.19,1037.61,1042.59
904311000,1042.59,1051.8,1021.04,1027.25
904570200,1027.14,1033.47,957.42,957.53
904656600,957.3,1000.71,939.98,994.24
904743000,994.36,1013.19,988.4,990.48
904829400,990.47,990.47,969.32,982.26
904915800,982.26,991.41,956.51,973.89
905261400,973.98,1023.46,973.98,1023.46
905347800,1023.46,1025.74,1004.56,1006.2
905434200,1006.2,1006.2,968.64,980.19
905520600,980.19,1009.06,969.71,1009.06
905779800,1009.08,1038.38,1009.08,1029.72
905866200,1029.72,1037.9,1021.42,1037.68
905952600,1037.79,1046.07,1029.31,1045.48
906039000,1045.48,1045.48,1016.05,1018.87
906125400,1018.87,1021.96,1011.86,1020.09
906384600,1020.09,1026.02,993.82,1023.89
906471000,1023.89,1033.89,1021.96,1029.8
906557400,1029.63,1066.09,1029.63,1066.09
906643800,1066.11,1066.11,1033.04,1042.72
906730200,1042.72,1051.89,1028.49,1044.75
906989400,1045.39,1061.46,1042.26,1048.69
907075800,1048.69,1056.31,1039.95,1049.02
907162200,1049.02,1049.02,1015.73,1017.05
907248600,1017.01,1017.01,981.29,986.39
907335000,986.39,1005.45,971.69,1002.6
907594200,1002.6,1002.6,964.72,988.56
907680600,988.56,1008.77,974.81,984.59
907767000,984.49,995.66,957.23,970.68
907853400,970.08,970.08,923.32,959.44
907939800,959.49,984.42,953.04,984.32
908199000,985.28,1010.71,985.28,997.71
908285400,997.71,1000.78,987.55,994.8
908371800,994.76,1014.42,987.8,1005.53
908458200,1005.53,1053.15,1000.12,1047.49
908544600,1047.49,1062.65,1047.49,1056.42
908803800,1056.29,1065.21,1054.23,1062.39
908890200,1062.42,1084.06,1060.61,1063.93
908976600,1063.93,1073.61,1058.08,1069.92
909063000,1069.92,1080.43,1061.47,1078.48
909149400,1078.48,1078.48,1067.43,1070.67
909412200,1070.67,1081.23,1068.01,1072.32
909498600,1072.32,1086.06,1063.06,1065.34
909585000,1065.25,1072.79,1059.65,1068.09
909671400,1068.09,1086.11,1065.11,1085.93
909757800,1085.93,1103.76,1085.93,1098.67
910017000,1098.82,1114.44,1098.82,1111.6
910103400,1111.47,1115.02,1106.42,1110.84
910189800,1110.84,1127.18,1110.59,1118.67
910276200,1118.32,1133.88,1109.55,1133.68
910362600,1133.68,1141.3,1131.18,1141.01
910621800,1141.01,1141.01,1123.17,1130.2
910708200,1130.2,1135.37,1122.8,1128.26
910794600,1128.26,1136.25,1117.4,1120.97
910881000,1120.97,1126.57,1115.55,1118.17
910967400,1117.69,1126.34,1116.76,1125.72
911226600,1125.85,1138.72,1125.85,1135.86
911313000,1135.87,1151.71,1129.67,1139.32
911399400,1139.32,1144.52,1133.07,1144.48
911485800,1144.48,1155.1,1144.42,1152.61
911572200,1152.61,1163.55,1152.61,1163.55
911831400,1163.55,1188.21,1163.55,1188.21
911917800,1188.21,1191.3,1181.81,1182.99
912004200,1183.42,1187.16,1179.37,1186.87
912177000,1186.87,1192.97,1186.83,1192.29
912436200,1192.72,1192.72,1163.63,1163.63
912522600,1163.63,1175.89,1150.31,1175.28
912609000,1175.28,1175.28,1157.76,1171.25
912695400,1171.25,1177.03,1149.6,1150.14
912781800,1150.14,1176.74,1150.14,1176.74
913041000,1176.71,1189.01,1176.71,1187.7
913127400,1187.68,1193.53,1172.78,1181.38
913213800,1181.38,1185.22,1175.89,1183.49
913300200,1183.53,1183.77,1163.75,1165.02
913386600,1165.02,1167.89,1153.19,1166.46
913645800,1166.52,1166.89,1136.89,1141.2
913732200,1141.2,1162.83,1141.2,1162.83
913818600,1162.83,1166.29,1154.69,1161.97
913905000,1161.94,1180.03,1161.94,1179.96
913991400,1180.25,1188.89,1178.27,1188.03
914250600,1188.68,1210.75,1188.68,1202.84
914337000,1202.86,1209.22,1192.81,1203.57
914423400,1203.57,1229.89,1203.57,1228.54
914509800,1228.53,1229.72,1224.85,1226.27
914855400,1227.04,1231.52,1221.17,1225.49
914941800,1225.7,1241.86,1220.78,1241.81
915028200,1241.81,1244.93,1231.2,1231.93
915114600,1231.93,1237.18,1224.96,1229.23
915460200,1229.23,1248.81,1219.1,1228.1
915546600,1228.1,1246.11,1228.1,1244.78
915633000,1244.78,1272.5,1244.78,1272.31
915719400,1272.34,1272.34,1257.68,1269.74
915805800,1269.73,1278.05,1261.85,1275.09
916065000,1275.09,1276.22,1253.43,1263.88
916151400,1263.94,1264.45,1238.25,1239.52
916237800,1233.82,1247.66,1206.59,1234.4
916324200,1234.56,1236.97,1209.48,1212.19
916410600,1212.61,1243.27,1212.61,1243.26
916756200,1243.26,1253.27,1234.91,1252
916842600,1256.88,1274.08,1251.32,1256.62
916929000,1256.56,1256.94,1232.19,1235.16
917015400,1232.44,1236.53,1218,1225.19
917274600,1227.93,1233.98,1219.46,1233.98
917361000,1236.12,1253.27,1235.42,1252.31
917447400,1252.82,1262.62,1242.82,1243.19
917533800,1243.46,1266.32,1243.46,1265.37
917620200,1266.16,1280.4,1255.2,1279.64
917879400,1281.02,1283.64,1271.29,1273.03
917965800,1273.34,1273.34,1247.62,1261.99
918052200,1260.64,1276.08,1255.27,1272.07
918138600,1271.8,1272.16,1248.37,1248.49
918225000,1248.49,1251.84,1232.33,1239.4
918484200,1239.4,1246.71,1231.94,1243.77
918570600,1243.59,1244.06,1215.58,1216.14
918657000,1215.48,1226.78,1211.89,1223.55
918743400,1225.59,1254.05,1223.36,1254.04
918829800,1251.01,1251.3,1225.53,1230.13
919175400,1232.93,1252.27,1232.02,1241.87
919261800,1239.46,1249.29,1220.94,1224.03
919348200,1224.13,1239.07,1220.53,1237.28
919434600,1237.28,1247.94,1232.03,1239.19
919693800,1239.22,1272.22,1239.22,1272.2
919780200,1273.79,1280.43,1263.35,1271.18
919866600,1272,1283.91,1251.97,1253.41
919953000,1252.71,1252.71,1225.01,1245.02
920039400,1243.45,1246.54,1226.25,1238.33
920298600,1238.33,1238.6,1222.02,1236.16
920385000,1236.33,1248.31,1221.87,1225.5
920471400,1226.64,1231.69,1216.03,1227.7
920557800,1227.7,1247.91,1227.7,1246.64
920644200,1246.79,1275.68,1246.79,1275.47
920903400,1277.26,1282.73,1271.61,1282.73
920989800,1282.73,1293.74,1274.76,1279.84
921076200,1279.84,1287.03,1275.17,1286.84
921162600,1286.9,1306.41,1286.9,1297.68
921249000,1297.83,1304.58,1289.2,1294.59
921508200,1295.21,1307.54,1290.99,1307.26
921594600,1307.14,1311.13,1302.37,1306.36
921681000,1306.46,1306.77,1292.61,1297.82
921767400,1297.95,1317.41,1294.74,1316.55
921853800,1318.22,1323.88,1298.98,1299.29
922113000,1299.88,1303.89,1294.22,1297.01
922199400,1296.24,1296.25,1257.5,1262.14
922285800,1262.62,1269.02,1256.52,1268.59
922372200,1270.18,1290.01,1270.18,1289.99
922458600,1289.23,1289.46,1277.29,1282.8
922717800,1284.37,1311.8,1284.37,1310.17
922804200,1310.8,1310.8,1295.53,1300.75
922890600,1301.21,1313.53,1285.75,1286.42
922977000,1286.44,1294.44,1282.55,1293.72
923319000,1295.86,1321.12,1295.86,1321.12
923405400,1321.41,1326.76,1311.07,1317.89
923491800,1320.27,1329.65,1312.56,1326.89
923578200,1326.95,1344.08,1321.61,1344
923664600,1343.98,1351.18,1335.23,1348.35
923923800,1342.23,1358.69,1333.07,1358.63
924010200,1359.53,1362.38,1344.03,1349.82
924096600,1350.71,1357.08,1326.41,1328.5
924183000,1330.44,1333.6,1308.38,1322.89
924269400,1322.36,1325.12,1311.1,1319
924528600,1319.64,1340.02,1284.59,1289.48
924615000,1290.63,1306.25,1288.28,1306.17
924701400,1306.17,1336.12,1301.83,1336.12
924787800,1337.97,1358.96,1337.97,1358.83
924874200,1358.83,1363.7,1348.47,1356.85
925133400,1356.85,1363.58,1353.76,1360.04
925219800,1360.98,1371.67,1356.61,1362.8
925306200,1363.86,1368.76,1348.38,1350.91
925392600,1351.37,1356.86,1336.71,1342.83
925479000,1342.85,1351.83,1314.59,1335.18
925738200,1335.18,1354.63,1329.83,1354.63
925824600,1354.41,1354.63,1330.59,1332
925911000,1332.09,1347.32,1317.41,1347.31
925997400,1347.48,1348.29,1322.56,1332.08
926083800,1332.05,1345.99,1332.05,1345
926343000,1346.19,1352.01,1334,1340.3
926429400,1340.64,1360.03,1340.64,1355.61
926515800,1357.63,1366.95,1332.95,1364
926602200,1364.44,1375.98,1364.44,1367.56
926688600,1365.82,1365.82,1332.71,1337.8
926947800,1337.8,1339.95,1321.18,1339.49
927034200,1339.49,1345.46,1323.37,1333.32
927120600,1340.47,1344.23,1328.27,1344.23
927207000,1344.87,1350.5,1338.83,1338.83
927293400,1338.98,1340.9,1326.24,1330.29
927552600,1330.71,1332.96,1303.46,1306.65
927639000,1306.65,1317.48,1284.38,1284.4
927725400,1284.4,1304.83,1278.53,1304.76
927811800,1304.31,1304.31,1277.31,1281.41
927898200,1281.68,1303.94,1281.68,1301.84
928243800,1301.74,1301.74,1281.49,1294.26
928330200,1294.26,1297.07,1277.51,1294.81
928416600,1294.81,1304.12,1294.23,1299.54
928503000,1300.91,1327.75,1300.91,1327.75
928762200,1327.75,1336.43,1325.89,1334.52
928848600,1333.97,1333.97,1312.93,1317.33
928935000,1318.7,1325.95,1314.73,1318.64
929021400,1318.48,1318.48,1293.08,1302.82
929107800,1302.82,1311.91,1287.92,1293.64
929367000,1293.97,1301.93,1292.2,1294
929453400,1294.69,1310.75,1294.69,1301.16
929539800,1302.61,1332.83,1302.61,1330.41
929626200,1328.93,1339.23,1322.78,1338.09
929712600,1338,1344.55,1333.48,1342.84
929971800,1342.84,1349.11,1337.68,1349
930058200,1347.79,1351.12,1335.58,1335.88
930144600,1335.26,1335.26,1324.32,1333.06
930231000,1332.86,1332.86,1308.5,1315.78
930317400,1317.21,1329.07,1312.64,1315.31
930576600,1315.31,1333.68,1315.31,1331.35
930663000,1331.46,1351.51,1328.4,1351.45
930749400,1351.45,1372.93,1338.8,1372.66
930835800,1372.7,1382.8,1360.76,1380.78
930922200,1380.96,1391.22,1379.5,1391.22
931267800,1392.46,1405.32,1387.14,1388.12
931354200,1388.12,1395.86,1384.99,1395.86
931440600,1395.86,1403.13,1386.67,1394.42
931527000,1394.51,1403.28,1394.51,1403.28
931786200,1403.63,1407.04,1394.7,1399.1
931872600,1399.1,1399.1,1386.84,1393.56
931959000,1393.8,1400.1,1386.54,1398.17
932045400,1398.9,1409.72,1398.9,1409.62
932131800,1410.98,1418.82,1406.99,1418.78
932391000,1419.35,1420.14,1404.6,1407.65
932477400,1407.39,1407.39,1375.18,1377.1
932563800,1377.26,1386.59,1372.64,1379.28
932650200,1378.38,1378.38,1354.02,1360.97
932736600,1361.16,1367.48,1349.91,1356.94
932995800,1354.56,1358.57,1346.11,1347.76
933082200,1349.24,1368.77,1349.24,1362.84
933168600,1362.95,1370.53,1355.54,1365.4
933255000,1362.41,1362.41,1332.82,1341.03
933341400,1342.54,1350.92,1328.49,1328.72
933600600,1328.67,1344.73,1325.18,1328.05
933687000,1330,1336.06,1314.94,1322.18
933773400,1322.18,1330.09,1304.54,1305.33
933859800,1305.48,1313.71,1287.3,1313.71
933946200,1313.71,1316.75,1293.18,1300.29
934205400,1300.32,1306.71,1295.93,1297.8
934291800,1297.8,1298.78,1267.73,1281.43
934378200,1281.51,1301.93,1281.51,1301.93
934464600,1301.36,1313.61,1298.06,1298.16
934551000,1300.87,1327.71,1300.87,1327.68
934810200,1327.68,1331.1,1320.79,1330.77
934896600,1332.66,1344.16,1328.76,1344.16
934983000,1344.16,1344.16,1332.07,1332.84
935069400,1331.83,1331.83,1315.37,1323.59
935155800,1323.59,1336.61,1323.59,1336.61
935415000,1337.54,1360.24,1337.54,1360.22
935501400,1359.57,1373.32,1353.74,1363.5
935587800,1364.85,1382.75,1359.18,1381.79
935674200,1381.79,1381.79,1361.62,1362.01
935760600,1362.23,1365.63,1347.35,1348.27
936019800,1348.29,1350.58,1322.77,1324.02
936106200,1324.02,1333.28,1306.91,1320.41
936192600,1321.12,1331.18,1320.31,1331.07
936279000,1328.48,1328.48,1304.8,1319.11
936365400,1322.71,1357.75,1322.71,1357.24
936711000,1356.55,1361.39,1349.59,1350.45
936797400,1349.77,1355.2,1337.36,1344.15
936883800,1344.15,1347.66,1333.91,1347.66
936970200,1348.41,1357.62,1346.2,1351.66
937229400,1351.12,1351.13,1341.7,1344.13
937315800,1344.13,1344.13,1330.6,1336.29
937402200,1336.15,1347.41,1317.97,1317.97
937488600,1318.6,1322.51,1299.95,1318.48
937575000,1319.6,1337.54,1319.6,1335.42
937834200,1335.42,1338.55,1330.62,1335.53
937920600,1333.81,1333.81,1302.06,1307.58
938007000,1308.4,1316.2,1297.81,1310.51
938093400,1312.22,1315.31,1277.3,1280.77
938179800,1279.52,1281.21,1263.79,1277.36
938439000,1280.79,1295.07,1280.79,1283.31
938525400,1282.38,1285.39,1256.29,1282.2
938611800,1281.83,1289.16,1268.16,1268.37
938698200,1269.33,1291.32,1269.33,1282.71
938784600,1281,1283.19,1265.86,1282.81
939043800,1283.16,1304.6,1283.16,1304.6
939130200,1304.66,1316.43,1286.44,1301.35
939216600,1301.76,1325.46,1301.76,1325.4
939303000,1325.74,1328.03,1314.13,1317.64
939389400,1317.5,1336.57,1311.72,1336.02
939648600,1336.57,1339.23,1332.96,1335.21
939735000,1335.77,1335.77,1311.8,1313.04
939821400,1313.04,1313.04,1282.8,1285.55
939907800,1286.29,1289.59,1267.75,1283.42
939994200,1281.31,1281.31,1245.39,1247.41
940253400,1246.92,1254.13,1233.66,1254.13
940339800,1255.6,1279.3,1255.6,1261.32
940426200,1264.62,1289.44,1264.62,1289.43
940512600,1289.43,1289.43,1265.61,1283.61
940599000,1285.32,1308.89,1285.32,1301.65
940858200,1301.83,1301.83,1286.08,1293.63
940944600,1296.3,1303.44,1281.86,1281.91
941031000,1281.91,1299.39,1280.48,1296.71
941117400,1298.06,1342.47,1298.06,1342.43
941203800,1346.56,1373.22,1342.44,1362.93
941466600,1363.17,1367.37,1353.92,1354.12
941553000,1355.33,1369.44,1346.49,1347.74
941639400,1347.74,1360.44,1347.74,1354.93
941725800,1354.93,1369.4,1354.93,1362.64
941812200,1363.55,1387.49,1363.55,1370.23
942071400,1366.09,1380.78,1363.73,1377.01
942157800,1377.01,1383.81,1361.45,1365.53
942244200,1365.93,1379.26,1360.19,1373.46
942330600,1375,1382.12,1372.2,1381.46
942417000,1383.04,1396.07,1367.97,1396.04
942676200,1395.92,1398.59,1392.17,1394.39
942762600,1395.62,1420.36,1395.62,1420.03
942849000,1420.07,1423.55,1410.69,1410.71
942935400,1412.67,1425.27,1412.61,1424.94
943021800,1424.46,1424.94,1417.61,1422
943281000,1424.63,1425.15,1412.3,1420.94
943367400,1421.99,1424.1,1402.2,1404.66
943453800,1405.04,1419.71,1399.17,1417.08
943626600,1418.93,1425.24,1416.14,1416.62
943885800,1415.78,1415.78,1404.15,1407.83
943972200,1407.6,1410.59,1386.95,1388.95
944058600,1388.91,1400.12,1387.38,1397.72
944145000,1397.72,1409.04,1397.72,1409.04
944231400,1413.25,1447.42,1413.25,1433.3
944490600,1434.15,1434.15,1418.25,1423.34
944577000,1424.91,1426.81,1409.17,1409.17
944663400,1409.17,1415.66,1403.88,1403.88
944749800,1404.78,1418.46,1391.5,1408.11
944836200,1410.3,1421.58,1405.65,1417.04
945095400,1417.04,1421.58,1410.23,1415.22
945181800,1415.54,1418.3,1401.59,1403.17
945268200,1402.81,1417.34,1395.93,1413.3
945354600,1416.21,1423.11,1408.35,1418.78
945441000,1424.43,1431.77,1420.16,1421.05
945700200,1422.25,1429.16,1411.1,1418.09
945786600,1418.49,1436.47,1414.8,1433.43
945873000,1434.63,1440.02,1429.05,1435.99
945959400,1437.31,1461.44,1437.31,1458.34
946305000,1460.73,1463.19,1450.83,1457.09
946391400,1457.09,1462.68,1452.78,1457.66
946477800,1458.74,1467.47,1458.74,1463.46
946564200,1467.22,1473.1,1462.6,1464.47
946650600,1465.94,1472.42,1458.19,1469.25
946909800,1471.21,1478,1438.36,1455.17
946996200,1449,1449,1397.43,1399.42
947082600,1395.62,1413.09,1377.68,1402.11
947169000,1398.87,1411.9,1392.02,1403.45
947255400,1403.45,1441.47,1400.73,1441.47
947514600,1441.47,1464.2,1441.47,1457.6
947601000,1454.36,1458.66,1434.44,1438.56
947687400,1438.56,1442.6,1427.08,1432.31
947773800,1436.02,1454.2,1432.55,1449.68
947860200,1449.68,1473,1449.68,1465.15
948205800,1465.15,1465.15,1451.3,1455.14
948292200,1451.99,1461.39,1448.68,1455.9
948378600,1455.9,1465.71,1438.54,1445.57
948465000,1448.87,1453.18,1439.6,1441.36
948724200,1444.36,1454.09,1395.42,1401.91
948810600,1402.87,1414.26,1388.49,1410.03
948897000,1407.12,1412.73,1400.16,1404.09
948983400,1404.09,1418.86,1380.71,1398.56
949069800,1397.73,1397.73,1356.2,1360.15
949329000,1359.73,1394.5,1350.05,1394.46
949415400,1395.05,1412.49,1384.79,1409.28
949501800,1408.74,1420.61,1403.49,1409.12
949588200,1413.53,1425.43,1398.52,1424.97
949674600,1427.49,1435.91,1420.63,1424.37
949933800,1426.02,1427.15,1413.33,1424.18
950020200,1424.24,1441.83,1424.24,1436.68
950106600,1444.55,1444.55,1412.93,1412.93
950193000,1413.71,1422.1,1406.43,1416.84
950279400,1415.16,1416.38,1378.89,1387.12
950538600,1390.07,1394.93,1380.53,1389.94
950625000,1389.78,1407.72,1376.25,1402.05
950711400,1401.97,1404.55,1385.58,1387.67
950797800,1387.67,1399.88,1380.07,1388.25
950884200,1388.59,1388.59,1345.32,1346.09
951229800,1347.02,1358.11,1331.88,1352.17
951316200,1352.84,1370.11,1342.44,1360.69
951402600,1361.79,1364.8,1329.88,1353.04
951489000,1353.6,1362.14,1329.15,1333.36
951748200,1331.58,1360.82,1325.02,1348.05
951834600,1348.05,1364.87,1348.05,1359.78
951921000,1366.83,1383.46,1366.83,1379.19
952007400,1380.65,1386.56,1370.35,1381.76
952093800,1386.77,1410.88,1386.77,1409.17
952353000,1409.4,1409.74,1384.75,1391.28
952439400,1397.25,1399.21,1349.99,1355.62
952525800,1359.92,1373.79,1346.62,1366.7
952612200,1366.7,1401.82,1357.59,1401.69
952698600,1401.69,1413.46,1392.07,1395.07
952957800,1395.07,1398.39,1364.84,1383.62
953044200,1388.91,1395.38,1359.15,1359.15
953130600,1359.39,1397.99,1356.99,1392.14
953217000,1394.9,1458.47,1394.9,1458.47
953303400,1458.47,1477.33,1453.27,1464.47
953562600,1467.96,1470.74,1448.43,1456.63
953649000,1456.63,1493.92,1446.06,1493.87
953735400,1494.3,1505.08,1487.33,1500.64
953821800,1501.03,1532.5,1492.39,1527.35
953908200,1527.58,1552.87,1516.83,1527.46
954167400,1528.7,1534.63,1518.46,1523.86
954253800,1521.06,1527.36,1507.09,1507.73
954340200,1509.07,1521.45,1497.45,1508.52
954426600,1508.52,1517.38,1474.63,1487.92
954513000,1494.06,1519.81,1484.38,1498.58
954768600,1498.58,1507.19,1486.96,1505.97
954855000,1509.47,1526.45,1416.41,1494.73
954941400,1480.81,1506.55,1478.25,1487.37
955027800,1487.37,1511.76,1487.37,1501.34
955114200,1501.34,1518.68,1501.34,1516.35
955373400,1516.85,1527.19,1503.35,1504.46
955459800,1499.18,1512.8,1486.84,1500.58
955546200,1500.67,1509.1,1466.15,1467.19
955632600,1471.67,1477.52,1439.34,1440.51
955719000,1436.67,1436.67,1339.4,1346.22
955978200,1356.56,1401.53,1346.5,1401.53
956064600,1402.48,1441.57,1397.81,1441.57
956151000,1442.16,1447.69,1424.26,1427.47
956237400,1427.77,1435.49,1422.08,1434.54
956583000,1434.54,1434.54,1407.13,1429.91
956669400,1438.42,1477.67,1438.42,1477.54
956755800,1477.4,1482.94,1456.98,1460.99
956842200,1452.83,1469.21,1434.81,1464.92
956928600,1468.01,1473.62,1448.15,1456.04
957187800,1456.75,1481.51,1456.3,1468.25
957274200,1467.58,1467.58,1445.22,1446.28
957360600,1444.21,1444.21,1398.36,1415.1
957447000,1415.54,1420.99,1404.94,1409.47
957533400,1408.32,1436.03,1405.08,1426.7
957792600,1432.63,1432.63,1417.05,1424.17
957879000,1426.51,1430.28,1401.85,1412.13
957965400,1410.53,1410.53,1375.14,1383.08
958051800,1386.88,1410.26,1386.88,1407.81
958138200,1408.29,1430.13,1408.29,1420.96
958397400,1421,1452.39,1416.54,1452.36
958483800,1456.11,1470.4,1450.76,1466.04
958570200,1466.04,1466.04,1441.67,1447.79
958656600,1448.25,1458.04,1436.59,1437.21
958743000,1433.74,1433.74,1401.74,1406.95
959002200,1406.95,1410.55,1368.73,1400.72
959088600,1400.72,1404.04,1373.6,1373.85
959175000,1372.84,1401.75,1361.09,1399.05
959261400,1399.05,1411.65,1373.93,1381.52
959347800,1381.52,1391.42,1369.75,1378.02
959693400,1382.65,1422.45,1382.65,1422.45
959779800,1420.93,1434.49,1415.5,1420.65
959866200,1425.53,1448.8,1425.53,1448.8
959952600,1460.23,1483.23,1460.23,1477.26
960211800,1474.06,1477.28,1464.68,1467.63
960298200,1467.26,1471.36,1454.74,1457.84
960384600,1458.83,1474.64,1455.06,1471.36
960471000,1471.28,1475.65,1456.49,1461.68
960557400,1465.22,1472.67,1454.96,1456.95
960816600,1460.83,1462.95,1446,1446
960903000,1445.74,1470.42,1442.38,1469.44
960989400,1471.23,1483.62,1467.71,1470.54
961075800,1471.64,1482.04,1464.62,1478.6
961162200,1478.73,1480.68,1460.42,1464.48
961421400,1463.9,1488.93,1459.05,1486
961507800,1486.71,1487.32,1470.18,1476.28
961594200,1475.95,1482.19,1468,1479.13
961680600,1478.19,1478.19,1448.03,1452.18
961767000,1452.78,1459.94,1438.31,1441.54
962026200,1443.65,1459.66,1443.65,1455.31
962112600,1455.31,1463.44,1450.55,1450.55
962199000,1451.96,1467.6,1451.51,1454.82
962285400,1451.71,1455.14,1434.63,1442.39
962371800,1441.33,1454.68,1438.71,1454.6
962631000,1454.27,1469.58,1450.85,1469.32
962803800,1465.27,1468.63,1442.45,1445.62
962890200,1446.61,1461.65,1439.56,1456.67
962976600,1457.48,1484.12,1457.48,1478.9
963235800,1475.67,1486.56,1474.76,1475.67
963322200,1474.24,1488.77,1470.48,1480.88
963408600,1485.26,1497.69,1485.26,1492.92
963495000,1492.92,1501.39,1489.65,1495.84
963581400,1499.39,1509.89,1494.56,1509.51
963840600,1509.92,1517.32,1505.26,1510.5
963927000,1507.64,1507.64,1491.35,1493.74
964013400,1493.74,1495.63,1479.92,1481.96
964099800,1483.9,1501.92,1483.9,1495.47
964186200,1495.57,1495.57,1477.91,1480.11
964445400,1480.82,1485.88,1463.8,1464.29
964531800,1464.29,1476.23,1464.29,1474.47
964618200,1472.08,1472.08,1452.43,1452.43
964704600,1449.06,1464.91,1445.33,1449.62
964791000,1449.62,1456.68,1413.89,1419.89
965050200,1419.9,1437.65,1418.71,1430.84
965136600,1430.83,1443.54,1428.96,1438.09
965223000,1438.31,1451.59,1433.49,1438.7
965309400,1434.53,1454.19,1425.43,1452.56
965395800,1455.99,1462.93,1451.31,1462.93
965655000,1464.28,1480.8,1460.72,1479.32
965741400,1478.44,1484.4,1472.53,1482.81
965827800,1488.48,1490.37,1471.32,1472.88
965914200,1472.64,1475.19,1459.85,1460.3
966000600,1458.65,1475.72,1453.06,1471.84
966259800,1471.84,1491.64,1468.56,1491.55
966346200,1490.69,1493.12,1482.74,1484.43
966432600,1486.32,1496.09,1475.74,1479.85
966519000,1479.85,1499.32,1479.85,1496.09
966605400,1497.08,1499.47,1488.99,1491.8
966864600,1493.97,1502.84,1491.13,1499.48
966951000,1500.4,1508.45,1497.42,1498.13
967037400,1498.13,1507.2,1489.52,1505.97
967123800,1505.97,1511.16,1501.25,1508.31
967210200,1507.96,1513.47,1505.09,1506.46
967469400,1506.72,1523.95,1506.72,1514.11
967555800,1514.14,1514.89,1505.48,1509.89
967642200,1509.83,1510.49,1500.09,1502.61
967728600,1504.44,1525.21,1504.44,1517.59
967815000,1520.69,1530.09,1515.53,1520.77
968160600,1516.08,1517.1,1503.75,1507.08
968247000,1506.43,1512.61,1492.12,1492.26
968333400,1495.17,1505.34,1494.01,1502.41
968419800,1502.51,1502.51,1489.88,1494.64
968679000,1494.5,1506.76,1483.01,1489.26
968765400,1490.96,1496.93,1479.67,1481.99
968851800,1479.82,1487.45,1473.61,1484.94
968938200,1489.94,1494.16,1476.73,1480.87
969024600,1480.24,1480.96,1460.22,1465.78
969283800,1466.64,1467.77,1441.92,1444.51
969370200,1448.29,1461.16,1446.05,1459.9
969456600,1460.49,1460.49,1430.95,1451.34
969543000,1451.34,1452.77,1436.3,1449.05
969629400,1427.16,1448.72,1421.08,1448.71
969888600,1450.3,1457.42,1435.93,1439.03
969975000,1441.47,1448.04,1425.25,1427.34
970061400,1430.45,1437.22,1419.44,1426.57
970147800,1426.58,1461.69,1425.86,1458.25
970234200,1456.98,1456.98,1436.29,1436.48
970493400,1441.68,1445.6,1429.83,1436.22
970579800,1441.84,1454.82,1425.28,1426.18
970666200,1426.46,1439.99,1416.37,1434.32
970752600,1432.04,1444.17,1431.8,1436.21
970839000,1437.3,1443.3,1397.06,1408.99
971098200,1408.67,1409.69,1392.48,1402.03
971184600,1399.27,1408.83,1383.85,1385.94
971271000,1379.74,1381.97,1349.67,1364.55
971357400,1364.59,1374.93,1328.06,1329.64
971443800,1329.83,1374.14,1326.81,1374.1
971703000,1373.11,1379.48,1365.06,1374.62
971789400,1379.33,1380.99,1342.34,1349.97
971875800,1349.97,1356.65,1305.79,1342.11
971962200,1345.64,1389.93,1345.64,1388.78
972048600,1388.76,1408.47,1382.19,1396.86
972307800,1396.72,1406.96,1387.75,1395.78
972394200,1399.4,1415.64,1388.13,1398.13
972480600,1392.42,1393.29,1362.21,1364.9
972567000,1364.9,1372.72,1337.77,1364.44
972653400,1364.44,1384.57,1364.13,1379.56
972916200,1379.49,1406.36,1377.07,1398.65
973002600,1401.18,1432.22,1401.18,1429.39
973089000,1425.25,1429.6,1410.45,1421.22
973175400,1426.7,1433.27,1421.13,1428.32
973261800,1429.58,1433.21,1420.92,1426.69
973521000,1428.76,1438.46,1427.72,1432.19
973607400,1430.86,1436.22,1423.26,1431.88
973693800,1432.54,1437.28,1408.78,1409.28
973780200,1409.28,1409.28,1369.68,1400.14
973866600,1400.14,1400.14,1365.98,1365.98
974125800,1365.98,1365.98,1328.62,1351.26
974212200,1361.66,1390.06,1351.26,1382.95
974298600,1383.25,1395.96,1374.75,1390.04
974385000,1389.81,1394.68,1370.4,1372.32
974471400,1372.32,1384.85,1355.55,1367.72
974730600,1367.72,1367.72,1341.67,1342.62
974817000,1342.62,1355.87,1333.62,1347.35
974903400,1347.35,1347.35,1321.89,1322.36
975076200,1322.36,1343.83,1322.36,1341.77
975335400,1341.77,1362.5,1341.77,1348.97
975421800,1348.97,1358.81,1334.97,1336.09
975508200,1337.08,1352.38,1329.28,1341.77
975594600,1334.55,1334.55,1294.9,1314.95
975681000,1317.34,1334.67,1307.02,1315.18
975940200,1317.68,1332.06,1310.23,1325.05
976026600,1333.47,1376.56,1333.47,1376.56
976113000,1374.72,1376.01,1346.15,1351.54
976199400,1347.73,1353.5,1339.26,1343.55
976285800,1353.1,1380.33,1353.1,1369.54
976545000,1369.88,1389.05,1364.14,1380.23
976631400,1378.97,1380.27,1370.27,1371.18
976717800,1371.18,1385.82,1358.48,1359.99
976804200,1359.68,1359.68,1340.48,1340.93
976890600,1336.59,1336.59,1305.38,1312.33
977149800,1316.32,1332.32,1316.32,1322.77
977236200,1322.96,1346.44,1305.2,1305.57
977322600,1305.6,1305.6,1261.16,1264.74
977409000,1263.7,1285.31,1254.07,1274.89
977495400,1279.47,1305.97,1279.47,1305.97
977841000,1305.93,1315.94,1301.64,1315.21
977927400,1314.27,1332.03,1310.96,1328.92
978013800,1326.52,1335.93,1325.78,1334.19
978100200,1333.15,1340.1,1317.51,1320.5
978445800,1320.28,1320.28,1276.05,1283.27
978532200,1280.21,1347.76,1274.62,1347.53
978618600,1345.82,1350.24,1329.14,1333.29
978705000,1334.26,1334.77,1294.95,1298.47
978964200,1296.33,1296.97,1276.29,1295.9
979050600,1298.96,1311.72,1295.14,1300.78
979137000,1297.57,1313.76,1287.28,1313.28
979223400,1309.72,1332.19,1300.8,1326.81
979309800,1326.52,1333.21,1311.59,1318.55
979655400,1318.68,1327.81,1313.33,1326.65
979741800,1326.65,1346.92,1325.41,1329.47
979828200,1329.89,1352.71,1327.41,1347.97
979914600,1354.55,1354.55,1336.74,1342.56
980173800,1341.36,1353.62,1333.84,1342.9
980260200,1342.9,1362.9,1339.63,1360.4
980346600,1361.74,1369.75,1357.28,1364.32
980433000,1362.98,1367.35,1354.63,1357.49
980519400,1353.47,1357.48,1342.75,1354.94
980778600,1351.03,1365.54,1350.36,1364.11
980865000,1364.42,1375.68,1356.2,1373.73
980951400,1374.56,1383.37,1364.66,1366.01
981037800,1365.67,1373.45,1359.34,1373.45
981124200,1373.21,1376.38,1348.72,1349.47
981383400,1347.08,1354.56,1344.48,1354.31
981469800,1354.4,1363.55,1350.04,1352.26
981556200,1351.8,1351.8,1334.26,1340.9
981642600,1342.37,1350.32,1332.42,1332.53
981729000,1329.81,1330.39,1309.98,1314.76
981988200,1314.18,1330.96,1313.64,1330.31
982074600,1332.07,1336.62,1317.51,1318.8
982161000,1319.64,1320.73,1304.72,1315.91
982247400,1315.92,1331.29,1315.92,1326.61
982333800,1314.31,1314.31,1293.18,1301.47
982679400,1301.53,1307.16,1278.44,1278.96
982765800,1275.09,1282.97,1253.21,1255.28
982852200,1255.99,1259.94,1228.33,1252.77
982938600,1249.59,1250.06,1215.44,1245.47
983197800,1245.86,1267.69,1241.71,1267.65
983284200,1265.72,1272.76,1252.26,1257.94
983370600,1257.94,1263.35,1229.65,1239.94
983457000,1237.39,1241.36,1214.5,1241.17
983543400,1241.23,1251.01,1219.74,1234.2
983802600,1234.18,1242.3,1234.04,1241.39
983889000,1250.68,1267.42,1250.68,1253.81
983975400,1253.8,1263.72,1253.8,1261.89
984061800,1260.62,1266.5,1257.6,1264.76
984148200,1262.1,1262.1,1228.42,1233.42
984407400,1228.88,1228.88,1176.78,1180.3
984493800,1182.88,1197.83,1171.5,1197.68
984580200,1197.45,1197.45,1155.35,1166.71
984666600,1171.29,1182.04,1170.83,1173.56
984753000,1170.96,1170.96,1148.64,1150.56
985012200,1151.68,1173.5,1147.18,1170.85
985098600,1172.28,1180.56,1142.19,1142.62
985185000,1142.33,1149.39,1118.74,1122.07
985271400,1122.14,1124.06,1081.38,1117.58
985357800,1121.84,1141.83,1117.96,1139.9
985617000,1140.15,1160.02,1140.15,1152.72
985703400,1152.98,1183.35,1150.96,1182.18
985789800,1178.04,1178.04,1147.83,1153.25
985876200,1151.59,1161.69,1136.26,1147.95
985962600,1147.95,1162.8,1143.83,1160.34
986218200,1160.2,1169.51,1137.51,1145.85
986304600,1144.04,1144.04,1100.19,1106.4
986391000,1105.92,1117.5,1091.99,1103.25
986477400,1109.98,1151.46,1109.98,1151.46
986563800,1148.44,1148.44,1119.29,1128.42
986823000,1129.88,1146.13,1126.38,1137.58
986909400,1137.59,1173.92,1137.59,1168.36
986995800,1173.9,1182.24,1160.26,1166.46
987082200,1165.51,1183.51,1157.73,1183.51
987427800,1180.39,1184.64,1167.38,1179.67
987514200,1179.68,1192.25,1168.9,1191.8
987600600,1200.58,1248.42,1200.58,1238.19
987687000,1239.58,1253.71,1233.39,1253.69
987773400,1252.88,1252.88,1234.41,1242.93
988032600,1242.36,1242.36,1217.47,1224.36
988119000,1224.36,1233.54,1208.89,1209.46
988205400,1209.11,1232.36,1207.38,1228.69
988291800,1231.64,1248.3,1231.64,1234.52
988378200,1238.28,1253.07,1238.28,1253.07
988637400,1257.01,1269.3,1243.99,1249.48
988723800,1249.55,1266.47,1243.55,1266.46
988810200,1269.97,1272.93,1257.7,1267.42
988896600,1264.43,1264.43,1239.88,1248.58
988983000,1248.58,1267.51,1232,1266.6
989242200,1266.61,1270,1259.19,1263.48
989328600,1266.71,1267.01,1253,1261.12
989415000,1261.2,1261.65,1247.83,1255.41
989501400,1255.54,1268.14,1254.56,1255.19
989587800,1255.39,1259.84,1240.79,1245.65
989847000,1245.67,1249.68,1241.02,1248.91
989933400,1249.28,1257.45,1245.36,1249.43
990019800,1247.95,1286.39,1243.02,1285
990106200,1285.24,1296.48,1282.65,1288.49
990192600,1287.13,1292.06,1281.15,1291.95
990451800,1292.19,1312.92,1287.87,1312.83
990538200,1313.94,1315.79,1307.1,1309.34
990624600,1313.94,1315.79,1288.7,1289.39
990711000,1289.05,1295.04,1281.22,1293.13
990797400,1293.17,1293.17,1276.42,1277.9
991143000,1277.89,1278.42,1265.41,1267.94
991229400,1263.51,1265.44,1245.96,1248.08
991315800,1248.7,1261.91,1248.07,1255.84
991402200,1257.5,1265.34,1246.88,1260.67
991661400,1262.62,1267.17,1256.36,1267.12
991747800,1268.31,1286.62,1267.28,1283.56
991834200,1283.85,1283.85,1269.01,1270.03
991920600,1269.4,1277.08,1265.08,1276.95
992007000,1277.11,1277.11,1259.99,1264.97
992266200,1264.96,1264.96,1249.23,1254.38
992352600,1252.6,1261,1235.75,1255.86
992439000,1255.85,1259.75,1241.59,1241.59
992525400,1241.6,1241.6,1218.9,1219.9
992611800,1219.87,1221.5,1203.03,1214.36
992871000,1214.36,1221.23,1208.33,1208.43
992957400,1208.43,1226.11,1207.71,1212.58
993043800,1210.67,1225.61,1210.07,1223.13
993130200,1222.66,1240.24,1220.25,1237.04
993216600,1237.59,1237.73,1221.41,1225.42
993475800,1225.35,1231.5,1213.6,1218.61
993562200,1215.31,1220.7,1204.64,1216.73
993648600,1216.77,1219.92,1207.29,1211.07
993735000,1211.08,1234.44,1211.08,1226.16
993821400,1226.2,1237.29,1221.14,1226.99
994080600,1225,1239.78,1224.03,1236.73
994167000,1235.91,1236.21,1229.43,1234.45
994339800,1234.05,1234.05,1219.15,1219.25
994426200,1219.1,1219.1,1188.74,1190.59
994685400,1191.1,1201.76,1189.75,1198.78
994771800,1198.78,1203.43,1179.93,1181.52
994858200,1181.54,1184.93,1168.46,1180.18
994944600,1187.55,1210.25,1187.55,1208.14
995031000,1207.61,1218.54,1203.61,1215.68
995290200,1214.59,1219.63,1200.05,1202.45
995376600,1201.42,1215.36,1196.14,1214.44
995463000,1210.62,1211.16,1198.33,1207.7
995549400,1210.68,1225.04,1205.8,1215.02
995635800,1210.69,1215.69,1207.04,1210.85
995895000,1210.85,1215.22,1190.5,1191.03
995981400,1190.14,1190.14,1165.54,1171.65
996067800,1171.65,1190.5,1171.28,1190.4
996154200,1189.95,1204.18,1182.65,1202.98
996240600,1202.55,1209.26,1195.99,1205.93
996499800,1206.48,1209.05,1200.41,1204.52
996586200,1205.35,1222.74,1205.32,1211.22
996672600,1214.3,1223.04,1212.33,1216.08
996759000,1225.6,1226.27,1215.31,1220.74
996845400,1220.75,1220.75,1205.31,1214.36
997104600,1211.9,1211.9,1197.35,1200.48
997191000,1199.48,1207.56,1195.64,1204.4
997277400,1203.02,1206.79,1181.27,1183.53
997363800,1182.76,1184.71,1174.68,1183.42
997450200,1182.7,1193.33,1169.55,1190.17
997709400,1190.84,1193.82,1185.12,1191.21
997795800,1191.5,1198.79,1184.26,1186.73
997882200,1187.17,1191.21,1177.61,1178.02
997968600,1176.38,1181.8,1166.08,1181.65
998055000,1177.45,1177.45,1156.07,1161.97
998314200,1161.99,1171.41,1160.94,1171.41
998400600,1171.48,1179.85,1156.56,1157.26
998487000,1159.31,1168.56,1153.34,1165.31
998573400,1165.18,1169.86,1160.96,1162.09
998659800,1164.19,1185.15,1162.79,1184.92
998919000,1184.41,1186.85,1178.07,1179.21
999005400,1179.21,1179.66,1161.17,1161.51
999091800,1162.83,1166.97,1147.38,1148.56
999178200,1145.36,1151.75,1124.87,1129.03
999264600,1128.21,1141.83,1126.38,1133.58
999610200,1133.38,1155.4,1129.06,1132.93
999696600,1133.48,1135.52,1114.86,1131.74
999783000,1128.95,1128.95,1105.83,1106.4
999869400,1104.79,1105.82,1082.12,1085.78
1000128600,1084.49,1096.94,1073.15,1092.56
1000215000,1092.54,1092.54,1092.54,1092.54
1000733400,1090.23,1090.23,1037.46,1038.79
1000819800,1040.08,1046.42,1029.25,1032.76
1000906200,1032.74,1038.91,984.62,1016.08
1000992600,1012.98,1012.98,984.49,984.54
1001079000,975.98,984.54,944.75,965.8
1001338200,969.73,1008.44,969.73,1003.4
1001424600,1003.88,1017.14,998.33,1012.28
1001511000,1013.53,1020.29,1002.62,1007.04
1001597400,1006.29,1018.92,998.24,1018.61
1001683800,1019.73,1040.91,1019.73,1040.9
1001943000,1040.2,1040.2,1026.76,1038.2
1002029400,1038.44,1051.32,1034.47,1051.32
1002115800,1051.33,1075.38,1041.48,1072.26
1002202200,1075.29,1084.12,1067.82,1069.62
1002288600,1069.62,1072.35,1053.5,1071.38
1002547800,1071.37,1071.37,1056.88,1062.44
1002634200,1062.1,1063.37,1053.83,1056.75
1002720600,1056.71,1081.62,1052.7,1080.99
1002807000,1082.44,1099.16,1082.44,1097.43
1002893400,1095.96,1095.96,1072.15,1091.61
1003152600,1088.83,1090.54,1078.19,1089.98
1003239000,1090.91,1101.66,1087.13,1097.55
1003325400,1097.54,1107.12,1076.57,1077.09
1003411800,1077.39,1077.94,1064.54,1068.65
1003498200,1067.84,1075.52,1057.24,1073.48
1003757400,1072.35,1090.57,1070.32,1089.9
1003843800,1089.9,1098.99,1081.53,1084.78
1003930200,1085.43,1090.26,1079.98,1085.2
1004016600,1085.2,1100.07,1065.64,1100.07
1004103000,1099.23,1110.61,1094.24,1104.61
1004365800,1103.95,1103.95,1078.3,1078.3
1004452200,1075.56,1075.56,1053.61,1059.79
1004538600,1062.29,1074.79,1057.55,1059.78
1004625000,1060.98,1085.61,1054.31,1084.1
1004711400,1083.55,1089.63,1075.58,1087.2
1004970600,1087.45,1106.72,1087.45,1102.81
1005057000,1102.01,1119.73,1095.36,1118.86
1005143400,1116.29,1126.62,1112.98,1115.8
1005229800,1115.8,1135.75,1115.42,1118.54
1005316200,1118.18,1123.02,1111.13,1120.31
1005575400,1119.71,1121.71,1098.32,1118.33
1005661800,1122.23,1139.14,1122.23,1139.09
1005748200,1139.09,1148.28,1132.87,1141.22
1005834600,1141.21,1146.46,1135.06,1142.26
1005921000,1142.49,1143.52,1129.92,1138.58
1006180200,1140.45,1151.06,1140.08,1151.06
1006266600,1149.95,1152.45,1142.17,1142.66
1006353000,1141.32,1141.32,1129.78,1137.03
1006525800,1137.62,1151.03,1135.9,1150.34
1006785000,1150.34,1157.88,1146.17,1157.42
1006871400,1156.07,1163.38,1140.81,1149.5
1006957800,1148.1,1148.1,1128.29,1128.52
1007044200,1130.02,1140.4,1125.51,1140.23
1007130600,1140.19,1143.57,1135.89,1139.45
1007389800,1137.53,1137.53,1125.78,1129.9
1007476200,1131.75,1144.79,1128.86,1144.79
1007562600,1145.05,1173.62,1145.05,1170.35
1007649000,1170.35,1173.35,1164.43,1167.1
1007735400,1166.81,1166.81,1152.66,1158.27
1007994600,1156.54,1158.14,1139.66,1139.95
1008081000,1141.18,1150.89,1134.32,1136.76
1008167400,1136.83,1141.58,1126.01,1137.06
1008253800,1133.2,1133.2,1117.85,1119.38
1008340200,1119.01,1128.28,1114.53,1123.07
1008599400,1122.34,1137.36,1122.34,1134.36
1008685800,1135.41,1145.1,1135.41,1142.92
1008772200,1140.12,1152.44,1134.75,1149.56
1008858600,1147.86,1151.42,1139.94,1139.94
1008945000,1139.93,1147.83,1139.93,1144.9
1009204200,1145.19,1147.83,1144.62,1144.65
1009377000,1145.06,1159.18,1145.06,1149.37
1009463400,1149.99,1157.13,1149.99,1157.13
1009549800,1158.35,1164.64,1157.8,1161.01
1009809000,1160.19,1161.16,1148.04,1148.16
1009981800,1149.97,1154.67,1136.23,1154.67
1010068200,1155.72,1165.27,1154.01,1165.27
1010154600,1167.1,1176.55,1163.42,1172.51
1010413800,1173.96,1176.97,1163.55,1164.89
1010500200,1165.22,1167.6,1157.46,1160.71
1010586600,1162.29,1174.26,1151.89,1155.14
1010673000,1155.17,1159.93,1150.85,1156.55
1010759400,1156.55,1159.41,1145.45,1145.6
1011018600,1144.4,1145.34,1138.15,1138.41
1011105000,1138.74,1148.81,1136.88,1146.17
1011191400,1143.72,1143.72,1127.49,1127.57
1011277800,1130.31,1139.27,1130.31,1138.88
1011364200,1138.88,1138.88,1124.45,1127.58
1011709800,1132.77,1135.26,1117.91,1119.31
1011796200,1120.13,1131.94,1117.43,1128.18
1011882600,1130.42,1139.5,1130.42,1132.19
1011969000,1131.35,1138.31,1127.82,1133.29
1012228200,1134.94,1138.63,1126.66,1133.06
1012314600,1133.23,1137.47,1098.74,1100.64
1012401000,1100.64,1113.79,1081.66,1113.57
1012487400,1114.78,1130.18,1113.3,1130.18
1012573800,1129.4,1129.4,1118.51,1122.19
1012833000,1122.09,1122.09,1092.25,1094.44
1012919400,1093.34,1100.96,1082.58,1090.02
1013005800,1091.95,1093.58,1077.78,1083.54
1013092200,1083.2,1094.03,1078.44,1080.19
1013178600,1081.63,1096.3,1079.91,1096.22
1013437800,1095.52,1112.01,1094.68,1111.94
1013524200,1110.58,1112.68,1102.98,1107.5
1013610600,1107.5,1120.56,1107.5,1118.5
1013697000,1118.51,1124.72,1112.3,1116.45
1013783400,1116.72,1117.09,1103.23,1104.18
1014129000,1102.16,1102.16,1082.24,1083.21
1014215400,1084.68,1098.32,1074.36,1097.98
1014301800,1096.28,1101.5,1080.24,1080.96
1014388200,1080.95,1093.93,1074.39,1089.84
1014647400,1090.83,1112.71,1090.83,1109.43
1014733800,1110.35,1115.05,1101.72,1109.4
1014820200,1111.23,1123.06,1102.26,1109.89
1014906600,1110.8,1121.57,1106.73,1106.74
1014993000,1108.74,1131.79,1108.74,1131.78
1015252200,1130.93,1153.81,1130.93,1153.78
1015338600,1153.02,1157.74,1144.78,1146.14
1015425000,1145.86,1165.29,1145.11,1162.76
1015511400,1164.65,1167.94,1150.69,1157.54
1015597800,1161.14,1172.76,1159.77,1164.31
1015857000,1164,1173.03,1159.58,1168.26
1015943400,1168.26,1168.26,1154.34,1165.58
1016029800,1162.98,1162.98,1151.01,1154.09
1016116200,1154.18,1157.83,1151.08,1153.04
1016202600,1153.45,1166.48,1153.45,1166.16
1016461800,1166.16,1172.73,1159.14,1165.55
1016548200,1165.55,1173.94,1165.55,1170.29
1016634600,1170.19,1170.19,1151.61,1151.85
1016721000,1151.55,1155.1,1139.48,1153.58
1016807400,1153.33,1156.49,1144.6,1148.7
1017066600,1149.28,1151.04,1131.87,1131.87
1017153000,1131.61,1147,1131.61,1138.49
1017239400,1137.45,1146.95,1135.33,1144.58
1017325800,1146.29,1154.45,1144.98,1147.39
1017671400,1145.96,1147.84,1132.87,1146.55
1017757800,1143.01,1143.01,1135.71,1136.85
1017844200,1137.55,1138.85,1119.68,1125.4
1017930600,1124.96,1130.45,1120.06,1126.34
1018017000,1127.67,1133.31,1119.49,1122.73
1018272600,1122.73,1125.41,1111.79,1125.29
1018359000,1125.53,1128.29,1116.73,1117.79
1018445400,1119.14,1131.76,1118.41,1130.46
1018531800,1130.35,1130.35,1102.42,1103.68
1018618200,1105.38,1112.77,1102.74,1111.01
1018877400,1111.68,1114.77,1099.41,1102.55
1018963800,1102.55,1129.4,1102.55,1128.11
1019050200,1130.17,1133,1123.37,1126.09
1019136600,1125.87,1130.49,1109.29,1124.47
1019223000,1127.44,1128.82,1122.59,1125.16
1019482200,1122.68,1122.68,1105.62,1107.82
1019568600,1107.89,1111.17,1098.94,1100.96
1019655000,1101.93,1108.46,1092.51,1093.13
1019741400,1091.94,1094.36,1084.81,1091.48
1019827800,1092.79,1096.77,1076.31,1076.32
1020087000,1076.89,1078.95,1063.62,1065.45
1020173400,1065.45,1082.62,1063.46,1076.87
1020259800,1076.4,1088.32,1065.29,1086.46
1020346200,1086.12,1091.42,1079.46,1084.56
1020432600,1084.2,1084.2,1068.89,1073.43
1020691800,1073.01,1075.96,1052.65,1052.67
1020778200,1052.67,1058.67,1048.96,1049.49
1020864600,1055.97,1088.92,1055.97,1088.85
1020951000,1088.85,1088.85,1072.23,1073.01
1021037400,1074.25,1075.43,1053.93,1054.99
1021296600,1056.26,1074.84,1053.9,1074.56
1021383000,1076.15,1097.71,1076.15,1097.34
1021469400,1096.83,1104.23,1088.94,1091.07
1021555800,1091,1099.29,1089.17,1098.23
1021642200,1099.78,1106.59,1096.77,1106.59
1021901400,1104.1,1104.1,1090.61,1091.88
1021987800,1092.46,1099.55,1079.08,1079.88
1022074200,1078.83,1085.95,1075.64,1085.89
1022160600,1086.62,1097.1,1080.55,1097.08
1022247000,1094.66,1095.99,1082.19,1083.82
1022592600,1084.58,1085.98,1070.31,1074.55
1022679000,1074.55,1074.83,1067.66,1067.66
1022765400,1067.66,1069.5,1054.26,1064.66
1022851800,1065.82,1079.93,1065.82,1067.18
1023111000,1066.77,1070.74,1039.9,1040.62
1023197400,1040.43,1046.06,1030.52,1040.69
1023283800,1041.12,1050.11,1038.84,1049.9
1023370200,1049.33,1049.33,1026.91,1029.15
1023456600,1025.06,1033.02,1012.49,1027.53
1023715800,1027.16,1038.18,1025.45,1030.74
1023802200,1031.54,1039.04,1012.94,1013.6
1023888600,1012.91,1021.85,1002.58,1020.24
1023975000,1019.45,1023.47,1008.12,1009.56
1024061400,1007.48,1009.13,981.63,1007.26
1024320600,1007.27,1036.17,1007.27,1036.17
1024407000,1035.11,1040.83,1030.92,1037.11
1024493400,1035.76,1037.61,1017.88,1019.99
1024579800,1019.76,1023.33,1004.59,1006.29
1024666200,1004.48,1005.89,985.65,989.13
1024925400,988.82,1002.11,970.85,992.71
1025011800,994.31,1005.88,974.21,976.14
1025098200,970.61,977.43,952.92,973.54
1025184600,974.56,990.67,963.74,990.64
1025271000,990.19,1001.79,988.31,989.44
1025530200,989.15,994.46,967.43,968.65
1025616600,967.97,968.59,945.54,948.09
1025703000,946.03,954.3,934.87,953.98
1025875800,956.03,989.07,956.03,989.03
1026135000,987.88,993.56,972.91,976.98
1026221400,976.91,979.63,951.71,952.83
1026307800,954.63,956.34,920.29,920.47
1026394200,919.86,929.16,900.94,927.38
1026480600,929.06,934.31,913.71,921.4
1026739800,920.99,920.99,876.46,917.87
1026826200,916.96,918.65,897.13,900.94
1026912600,904.19,926.52,895.03,906.03
1026999000,905.25,907.8,880.6,881.57
1027085400,877.75,877.75,842.07,847.75
1027344600,846.6,854.13,813.26,819.83
1027431000,819.9,827.69,796.13,798.61
1027517400,794.11,844.32,775.68,843.39
1027603800,841.11,853.83,816.11,838.68
1027690200,840.67,852.85,835.92,852.84
1027949400,855.2,898.96,855.2,898.96
1028035800,898.96,909.81,884.7,902.78
1028122200,901.2,911.64,889.88,911.62
1028208600,910.7,910.7,882.48,884.66
1028295000,884.4,884.72,853.95,864.24
1028554200,863.6,864.07,833.44,834.6
1028640600,837.09,874.44,837.09,859.57
1028727000,863.57,878.74,854.15,876.77
1028813400,876.77,905.84,875.17,905.45
1028899800,902.53,913.95,890.77,908.6
1029159000,908.54,908.54,892.38,903.78
1029245400,902.82,911.71,883.62,884.21
1029331800,884.21,920.21,876.2,919.63
1029418200,920.25,933.29,918.17,930.24
1029504600,928.64,935.38,916.21,928.77
1029763800,928.71,951.17,927.21,950.74
1029850200,949.05,949.05,931.86,937.43
1029936600,939.03,951.59,931.32,949.34
1030023000,949.52,965,946.43,962.7
1030109400,960.59,960.59,937.17,940.86
1030368600,941.77,950.8,930.42,947.95
1030455000,947.96,955.82,930.36,934.82
1030541400,932.72,932.72,913.21,917.87
1030627800,917.87,924.59,903.33,917.8
1030714200,916.49,928.15,910.17,916.08
1031059800,916.07,916.07,877.51,878.02
1031146200,878.65,896.1,875.73,893.34
1031232600,890.32,890.32,870.5,879.16
1031319000,883.2,899.07,883.2,893.92
1031578200,893.39,907.34,882.92,902.96
1031664600,903.33,909.89,900.5,909.58
1031751000,910.63,924.02,908.47,909.45
1031837400,908.36,908.36,884.84,886.9
1031923800,886.36,892.75,877.05,889.8
1032183000,889.08,891.84,878.91,891.1
1032269400,893.12,902.68,872.38,873.52
1032355800,870.71,878.45,857.39,869.48
1032442200,867.14,867.14,843.09,843.32
1032528600,843.32,849.32,839.09,845.39
1032787800,843.68,843.68,825.76,833.7
1032874200,832.05,833.32,817.38,819.27
1032960600,822.47,844.22,818.46,839.65
1033047000,841.26,856.6,841.26,854.95
1033133400,853.75,853.75,826.84,827.36
1033392600,825.77,825.77,800.2,815.26
1033479000,816.78,847.92,812.82,847.92
1033565400,843.77,851.93,826.5,827.92
1033651800,827.71,840.02,817.25,819
1033738200,820.21,825.9,794.1,800.59
1033997400,799.98,808.21,782.96,785.28
1034083800,785.57,808.86,779.5,796.42
1034170200,796.92,796.92,775.8,776.77
1034256600,776.76,806.51,768.63,803.94
1034343000,806.05,843.27,806.05,835.32
1034602200,833.86,844.39,828.37,841.44
1034688600,847.62,881.27,847.62,881.27
1034775000,875.37,875.37,856.28,860.02
1034861400,862.22,885.35,862.22,879.19
1034947800,879.05,886.68,866.58,884.38
1035207000,884.39,900.69,873.06,899.72
1035293400,896.45,896.45,882.4,890.16
1035379800,889.59,896.14,873.82,896.14
1035466200,896.95,902.94,879,882.5
1035552600,882.48,897.71,877.03,897.65
1035815400,900.82,907.44,886.15,890.21
1035901800,889.88,890.64,867.91,882.15
1035988200,883.13,895.28,879.19,890.69
1036074600,891.1,898.83,879.75,885.76
1036161000,884.33,903.42,877.71,900.96
1036420200,905.57,924.58,905.45,908.35
1036506600,906.79,915.83,904.91,915.4
1036593000,916.51,925.66,905,923.76
1036679400,923.19,923.19,898.68,902.69
1036765800,902.2,910.11,891.62,894.73
1037025000,894.09,894.09,874.63,876.18
1037111400,877.39,894.3,877.39,882.95
1037197800,882.06,892.51,872.05,882.53
1037284200,887.29,904.27,887.29,904.27
1037370600,904.27,910.21,895.35,909.74
1037629800,909.84,915.91,899.48,900.36
1037716200,900.36,905.45,893.09,896.75
1037802600,897.1,915.01,894.93,914.15
1037889000,914.4,935.13,914.4,933.79
1037975400,932.83,937.28,928.41,930.55
1038234600,930.55,937.15,923.31,932.89
1038321000,929.95,929.95,912.1,913.3
1038407400,917.34,940.41,917.34,938.98
1038580200,939.83,941.82,935.58,936.31
1038839400,941.57,954.28,927.72,934.53
1038925800,932.89,932.89,918.73,920.75
1039012200,917.51,925.25,909.51,917.53
1039098600,919.59,921.49,905.9,906.55
1039185000,903.9,915.48,895.96,912.23
1039444200,910.96,910.96,891.97,892
1039530600,892.86,904.95,892.71,904.41
1039617000,903.57,909.94,896.48,904.95
1039703400,906.34,908.37,897,901.53
1039789800,901.58,901.58,888.48,889.5
1040049000,890.31,910.41,890.31,910.41
1040135400,910.21,911.22,901.74,902.96
1040221800,902.99,902.99,887.82,891.12
1040308200,890.02,899.19,880.32,884.27
1040394600,884.36,897.79,884.36,895.85
1040653800,895.18,902.43,892.26,897.38
1040740200,896.2,896.6,892.29,892.47
1040913000,893.28,903.89,887.48,889.66
1040999400,889.66,890.46,873.62,875.42
1041258600,875.44,882.1,870.23,879.39
1041345000,879.08,881.93,869.45,879.82
1041517800,881.44,909.03,881.44,909.03
1041604200,908.49,911.25,903.07,908.6
1041863400,909.04,931.77,909.04,929.03
1041949800,929.57,930.81,919.93,922.93
1042036200,922.93,922.93,908.32,909.93
1042122600,911.09,928.31,911.09,927.58
1042209000,927.51,932.89,917.66,927.57
1042468200,929.29,935.05,922.05,926.27
1042554600,926.15,931.66,921.72,931.66
1042641000,932.17,932.59,916.7,918.22
1042727400,918.41,926.03,911.98,914.69
1042813800,914.6,914.6,899.02,901.78
1043159400,901.79,906,887.62,887.62
1043245800,887.6,889.74,877.64,878.38
1043332200,880.81,890.25,876.89,887.34
1043418600,886.28,886.28,859.71,861.4
1043677800,858.71,863.95,844.25,847.48
1043764200,848.34,860.76,848.34,858.55
1043850600,857.78,868.72,845.86,864.36
1043937000,864.84,865.48,843.74,844.57
1044023400,842.6,858.33,840.34,855.7
1044282600,855.7,864.64,855.7,860.32
1044369000,858.02,858.02,840.19,848.18
1044455400,849.96,861.63,842.11,843.59
1044541800,843,844.23,833.25,838.15
1044628200,839.29,845.73,826.7,829.69
1044887400,830.08,837.16,823.53,835.97
1044973800,836.53,843.02,825.09,829.21
1045060200,828.96,832.12,818.49,818.68
1045146600,818.75,821.25,806.29,817.37
1045233000,818.32,834.89,815.03,834.89
1045578600,836.43,852.87,836.43,851.17
1045665000,851.17,851.17,838.79,845.13
1045751400,845.13,849.37,836.56,837.1
1045837800,837.81,852.28,831.48,848.17
1046097000,847.29,847.29,832.16,832.58
1046183400,830.54,839.55,818.54,838.57
1046269800,837.73,840.1,826.68,827.55
1046356200,829.24,842.19,827.71,837.28
1046442600,837.7,847,837.31,841.15
1046701800,841.96,852.34,832.74,834.81
1046788200,834.87,835.43,821.96,821.99
1046874600,821.99,829.87,819,829.85
1046961000,828.82,829.56,819.85,822.1
1047047400,819.82,829.55,811.23,828.89
1047306600,826.12,826.12,806.57,807.48
1047393000,808.34,814.25,800.3,800.73
1047479400,799.89,804.15,788.9,804.15
1047565800,806.48,832.02,806.48,831.9
1047652200,831.89,841.39,828.26,833.26
1047911400,832.09,862.76,827.17,862.69
1047997800,862.78,866.94,857.36,866.45
1048084200,865.85,874.99,861.21,874.02
1048170600,872.8,879.6,859.01,875.84
1048257000,879.12,895.89,877.65,895.89
1048516200,890.91,890.91,862.02,864.23
1048602600,864.89,879.87,862.59,874.74
1048689000,874.54,875.8,866.47,869.95
1048775400,868.56,874.15,858.09,868.52
1048861800,866.71,869.88,860.83,863.48
1049121000,863.18,863.18,843.68,848.12
1049207400,849.05,861.28,847.85,858.48
1049293800,858.48,884.57,858.48,880.9
1049380200,882.07,885.89,876.12,876.45
1049466600,877.06,882.73,874.23,878.85
1049722200,884.48,904.89,879.78,879.93
1049808600,880.01,883.11,874.68,878.29
1049895000,878.65,887.35,865.72,865.99
1049981400,866.61,871.78,862.76,871.58
1050067800,871.58,883.34,865.92,868.3
1050327000,868.51,885.26,868.51,885.23
1050413400,884.78,891.27,881.85,890.81
1050499800,890.81,896.77,877.93,879.91
1050586200,879.2,893.83,879.2,893.58
1050931800,893.66,898.01,888.17,892.01
1051018200,890.63,911.74,886.7,911.37
1051104600,911.5,919.74,909.89,919.02
1051191000,917.21,917.21,906.69,911.43
1051277400,910.57,911.13,897.52,898.81
1051536600,899.19,918.15,899.19,914.84
1051623000,914.84,924.24,911.1,917.84
1051709400,917.34,922.01,911.7,916.92
1051795800,916.8,919.68,902.83,916.3
1051882200,915.08,930.56,912.35,930.08
1052141400,930.57,933.88,924.55,926.55
1052227800,926.38,939.61,926.38,934.39
1052314200,932.75,937.22,926.41,929.62
1052400600,929.62,929.62,919.72,920.27
1052487000,921.85,933.77,921.85,933.41
1052746200,933.05,946.84,929.3,945.11
1052832600,945.11,947.51,938.91,942.3
1052919000,943.18,947.29,935.24,939.28
1053005400,940.47,948.23,938.79,946.67
1053091800,946.5,948.65,938.6,944.3
1053351000,942.46,942.46,920.23,920.77
1053437400,921.62,925.34,912.05,919.73
1053523800,919.01,923.85,914.91,923.42
1053610200,923.53,935.3,922.54,931.87
1053696600,931.68,935.2,927.42,933.22
1054042200,932.16,952.76,927.33,951.48
1054128600,951.78,959.39,950.12,953.22
1054215000,953.22,962.08,946.23,949.64
1054301400,950.7,965.38,950.7,963.59
1054560600,965.31,979.11,965.31,967
1054647000,967.07,973.02,964.47,971.56
1054733400,971.69,987.85,970.72,986.24
1054819800,983.94,990.14,978.13,990.14
1054906200,990.14,1007.69,986.01,987.76
1055165400,986.82,986.82,972.59,975.93
1055251800,975.93,984.84,975.93,984.84
1055338200,984.84,997.48,981.61,997.48
1055424600,997.48,1002.74,991.27,998.51
1055511000,999.02,1000.92,984.27,988.61
1055770200,988.61,1010.86,988.61,1010.86
1055856600,1011.35,1015.33,1007.04,1011.69
1055943000,1011.14,1015.12,1004.61,1010.09
1056029400,1010.05,1011.22,993.08,994.69
1056115800,996.13,1002.09,993.36,995.73
1056375000,995.25,995.25,977.4,981.65
1056461400,980.68,987.84,979.08,983.44
1056547800,983.58,991.64,974.86,975.31
1056634200,976.42,986.53,973.8,985.81
1056720600,985.82,988.88,974.03,976.22
1056979800,977.35,983.61,973.6,974.5
1057066200,973.83,983.26,962.1,982.31
1057152600,983.34,993.78,983.34,993.75
1057239000,992.55,995,983.34,985.7
1057584600,985.7,1005.56,985.7,1004.5
1057671000,1004.44,1008.92,998.73,1007.84
1057757400,1007.76,1010.43,998.17,1002.22
1057843800,1000.24,1000.24,983.63,988.67
1057930200,989.53,1000.86,989.53,998.13
1058189400,1001.08,1015.41,1001.08,1003.86
1058275800,1003.86,1009.61,996.67,1000.42
1058362200,1002.64,1003.47,989.3,994.09
1058448600,994,994,978.6,981.73
1058535000,981.73,994.25,981.7,993.32
1058794200,992.91,992.91,975.63,978.8
1058880600,980.42,990.29,976.08,988.11
1058967000,988.68,989.86,979.79,988.6
1059053400,988.61,998.89,981.07,981.6
1059139800,981.81,998.71,977.42,998.68
1059399000,999,1000.68,993.59,996.52
1059485400,996.52,998.64,984.15,989.28
1059571800,989.5,992.62,985.96,987.65
1059658200,990.12,1004.59,988.85,990.31
1059744600,989.73,989.9,978.86,980.15
1060003800,979.92,985.75,966.79,982.82
1060090200,982.41,982.61,964.97,965.47
1060176600,964.25,975.74,960.84,967.08
1060263000,966.93,974.89,963.82,974.12
1060349400,974.12,980.57,973.83,977.59
1060608600,977.59,985.46,974.21,980.59
1060695000,981.34,990.41,979.9,990.35
1060781400,991.2,992.5,980.85,984.03
1060867800,984.3,991.91,980.36,990.51
1060954200,990.19,992.39,986.44,990.67
1061213400,991.47,1000.35,991.47,999.74
1061299800,1000.65,1003.3,995.3,1002.33
1061386200,1000.84,1003.54,996.62,1000.3
1061472600,1001.67,1009.53,999.33,1003.27
1061559000,1005.43,1011.01,992.62,993.05
1061818200,992.94,993.71,987.91,993.71
1061904600,992.47,997.93,983.57,996.73
1061991000,995.95,998.05,993.33,996.79
1062077400,997.43,1004.12,991.42,1002.84
1062163800,1002.2,1008.85,999.52,1008.03
1062509400,1008.96,1022.59,1005.67,1021.99
1062595800,1023.33,1029.34,1022.45,1026.27
1062682200,1026.27,1029.17,1022.19,1027.97
1062768600,1027.11,1029.21,1018.19,1021.37
1063027800,1021.93,1032.41,1021.93,1031.64
1063114200,1031.15,1031.15,1021.14,1023.17
1063200600,1021.51,1021.51,1009.74,1010.93
1063287000,1011.58,1020.88,1011.58,1016.42
1063373400,1014.55,1019.65,1007.71,1018.63
1063632600,1018.68,1019.79,1013.59,1014.81
1063719000,1015.03,1029.66,1015.03,1029.32
1063805400,1028.98,1031.34,1024.53,1025.97
1063891800,1025.84,1040.16,1025.75,1039.58
1063978200,1039.58,1040.29,1031.89,1036.31
1064237400,1036.3,1036.3,1018.3,1022.79
1064323800,1022.82,1030.12,1021.54,1029.04
1064410200,1029.16,1029.83,1008.93,1009.38
1064496600,1010.19,1015.97,1003.26,1003.26
1064583000,1003.45,1003.45,996.08,996.85
1064842200,998.09,1006.89,995.31,1006.59
1064928600,1005.14,1005.14,990.36,995.95
1065015000,997.12,1018.22,997.12,1018.22
1065101400,1017.78,1021.87,1013.38,1020.24
1065187800,1024.93,1039.31,1024.93,1029.85
1065447000,1030.25,1036.48,1029.15,1034.35
1065533400,1032.81,1039.25,1026.19,1039.25
1065619800,1039.25,1040.08,1030.96,1033.78
1065706200,1036.42,1048.28,1034.92,1038.73
1065792600,1038.83,1040.84,1035.74,1038.06
1066051800,1039.29,1048.9,1039.29,1045.35
1066138200,1045.35,1049.49,1040.84,1049.48
1066224600,1052.82,1053.79,1043.15,1046.76
1066311000,1045.47,1052.94,1044.04,1050.07
1066397400,1050.07,1051.9,1036.57,1039.32
1066656600,1039.4,1044.69,1036.13,1044.68
1066743000,1045.24,1048.57,1042.5,1046.03
1066829400,1046.02,1046.02,1028.39,1030.36
1066915800,1030.36,1035.44,1025.87,1033.77
1067002200,1030.79,1030.79,1018.32,1028.91
1067265000,1030.57,1037.75,1029.19,1031.13
1067351400,1032.75,1046.79,1032.75,1046.79
1067437800,1046.79,1049.83,1043.35,1048.11
1067524200,1050.3,1052.82,1043.82,1046.94
1067610600,1046.94,1053.09,1046.94,1050.71
1067869800,1051.84,1061.44,1051.84,1059.02
1067956200,1059.02,1059.02,1051.7,1053.25
1068042600,1053.31,1054.54,1044.88,1051.81
1068129000,1053.51,1058.94,1046.93,1058.05
1068215400,1059.22,1062.39,1052.17,1053.21
1068474600,1053.44,1053.65,1045.58,1047.11
1068561000,1046.88,1048.23,1043.46,1046.57
1068647400,1047.02,1059.1,1046.74,1058.53
1068733800,1057.54,1059.62,1052.96,1058.41
1068820200,1058.41,1063.65,1048.11,1050.35
1069079400,1049.04,1049.04,1035.28,1043.63
1069165800,1043.7,1048.77,1034,1034.15
1069252200,1034.15,1043.95,1034.15,1042.44
1069338600,1041.13,1046.48,1033.42,1033.65
1069425000,1035.25,1037.57,1031.2,1035.28
1069684200,1036.44,1052.08,1036.44,1052.08
1069770600,1052.11,1058.05,1049.31,1053.89
1069857000,1055.25,1058.45,1048.28,1058.45
1070029800,1057.89,1060.63,1056.77,1058.2
1070289000,1059.64,1070.47,1059.64,1070.12
1070375400,1070.12,1071.22,1065.22,1066.62
1070461800,1067.68,1074.3,1064.63,1064.73
1070548200,1065.35,1070.37,1063.15,1069.72
1070634600,1067.32,1068.41,1060.09,1061.5
1070893800,1061.49,1069.59,1060.93,1069.3
1070980200,1069.3,1071.94,1059.16,1060.18
1071066600,1060.65,1063.02,1053.41,1059.05
1071153000,1059.25,1073.63,1059.25,1071.21
1071239400,1071.21,1074.76,1067.64,1074.14
1071498600,1077.77,1082.79,1068,1068.04
1071585000,1068.09,1075.94,1068.06,1075.13
1071671400,1075.13,1076.54,1071.14,1076.48
1071757800,1076.8,1089.5,1076.8,1089.18
1071844200,1089.18,1091.06,1084.19,1088.66
1072103400,1088.64,1092.94,1086.14,1092.94
1072189800,1092.94,1096.95,1091.73,1096.02
1072276200,1095.25,1096.4,1092.73,1094.04
1072449000,1094.23,1098.47,1094.23,1095.89
1072708200,1095.89,1109.48,1095.89,1109.48
1072794600,1109.19,1109.75,1106.41,1109.64
1072881000,1109.49,1112.56,1106.21,1111.92
1073053800,1112.64,1118.85,1105.08,1108.49
1073313000,1110.62,1122.22,1110.62,1122.22
1073399400,1121.58,1124.46,1118.44,1123.67
1073485800,1123.62,1126.33,1116.45,1126.33
1073572200,1126.33,1131.92,1124.91,1131.92
1073658600,1131.34,1131.36,1120.9,1121.86
1073917800,1122.53,1127.85,1120.9,1127.23
1074004200,1127.23,1129.07,1115.19,1121.22
1074090600,1121.22,1130.75,1121.22,1130.52
1074177000,1130.52,1137.11,1124.5,1132.05
1074263400,1132.23,1139.83,1132.23,1139.83
1074609000,1140.62,1142.93,1135.4,1138.77
1074695400,1138.77,1149.21,1134.62,1147.62
1074781800,1148.01,1150.51,1143.01,1143.94
1074868200,1145.11,1150.31,1136.85,1141.55
1075127400,1141.01,1155.38,1141,1155.37
1075213800,1154.4,1155.2,1144.05,1144.05
1075300200,1145.33,1149.14,1126.5,1128.48
1075386600,1128.5,1134.39,1122.38,1134.11
1075473000,1134.17,1134.17,1127.73,1131.13
1075732200,1131.88,1142.58,1127.87,1135.26
1075818600,1135.26,1137.44,1131.33,1136.03
1075905000,1133.6,1133.6,1124.74,1126.52
1075991400,1126.49,1131.17,1124.44,1128.59
1076077800,1129.29,1142.79,1128.39,1142.76
1076337000,1142.74,1144.46,1139.21,1139.81
1076423400,1139.81,1147.02,1138.7,1145.54
1076509800,1145.35,1158.89,1142.33,1157.76
1076596200,1157.76,1157.76,1151.44,1152.11
1076682600,1152.71,1156.88,1143.23,1145.81
1077028200,1147.75,1158.98,1147.75,1156.99
1077114600,1157.4,1157.4,1149.42,1151.82
1077201000,1151.82,1158.57,1146.83,1147.06
1077287400,1147.06,1149.81,1139,1144.11
1077546600,1144.88,1146.69,1136.98,1140.99
1077633000,1139.97,1144.54,1134.43,1139.09
1077719400,1139.82,1145.24,1138.71,1143.67
1077805800,1141.66,1147.23,1138.62,1144.91
1077892200,1145.8,1151.68,1141.8,1144.94
1078151400,1144.94,1157.45,1144.94,1155.97
1078237800,1155.89,1156.54,1147.31,1149.1
1078324200,1149.1,1152.44,1143.78,1151.03
1078410600,1151.07,1154.97,1149.81,1154.87
1078497000,1154.87,1163.23,1148.71,1156.86
1078756200,1156.86,1159.94,1146.97,1147.2
1078842600,1147.32,1147.32,1136.84,1140.57
1078929000,1141.02,1141.45,1122.53,1123.9
1079015400,1122.84,1125.96,1105.87,1106.79
1079101800,1106.78,1120.63,1106.78,1120.6
1079361000,1120.57,1120.57,1103.36,1104.43
1079447400,1105.87,1113.82,1102.61,1110.7
1079533800,1110.7,1125.76,1110.7,1123.78
1079620200,1123.45,1125.5,1113.25,1122.31
1079706600,1122.32,1122.72,1109.69,1109.74
1079965800,1109.78,1109.78,1089.49,1095.44
1080052200,1096.8,1101.52,1091.57,1093.9
1080138600,1094.7,1098.39,1087.06,1091.32
1080225000,1092.17,1110.38,1092.17,1109.28
1080311400,1108.74,1115.27,1106.13,1108.03
1080570600,1108.06,1124.37,1108.06,1122.47
1080657000,1121.63,1127.6,1119.66,1127
1080743400,1126.94,1130.83,1121.46,1126.21
1080829800,1126.2,1135.67,1126.2,1132.17
1080916200,1135.87,1144.81,1135.87,1141.8
1081171800,1141.81,1150.54,1141.64,1150.54
1081258200,1148.93,1148.93,1143.3,1148.17
1081344600,1148.16,1148.16,1138.41,1140.51
1081431000,1140.53,1148.97,1134.52,1139.33
1081776600,1139.87,1147.29,1139.87,1145.22
1081863000,1146.21,1147.81,1127.7,1129.42
1081949400,1129.44,1132.52,1122.15,1128.17
1082035800,1128.1,1134.08,1120.75,1128.84
1082122200,1129.65,1136.8,1126.79,1134.57
1082381400,1134.56,1136.18,1129.84,1135.84
1082467800,1135.82,1139.26,1118.09,1118.09
1082554200,1118.16,1125.72,1116.03,1124.12
1082640600,1123.5,1142.77,1121.92,1139.95
1082727000,1139.93,1141.85,1134.81,1140.6
1082986200,1140.37,1145.08,1132.91,1135.48
1083072600,1135.91,1146.84,1135.91,1138.15
1083159000,1138.11,1138.11,1121.7,1122.41
1083245400,1122.41,1128.8,1108.02,1113.88
1083331800,1113.89,1119.26,1107.23,1107.24
1083591000,1107.3,1118.72,1107.3,1117.56
1083677400,1117.49,1127.74,1112.89,1119.51
1083763800,1119.55,1125.07,1117.86,1121.58
1083850200,1121.53,1121.53,1106.3,1113.96
1083936600,1113.99,1117.33,1098.63,1098.69
1084195800,1098.7,1098.7,1079.63,1087.12
1084282200,1088.14,1095.69,1088.14,1095.49
1084368600,1094.47,1097.55,1076.32,1097.26
1084455000,1097.28,1102.77,1091.76,1096.47
1084541400,1096.01,1102.37,1088.24,1095.66
1084800600,1092.8,1092.8,1079.36,1084.08
1084887000,1085.66,1094.14,1085.66,1091.53
1084973400,1091.49,1105.93,1088.51,1088.68
1085059800,1089.08,1092.62,1085.43,1089.18
1085146200,1090.69,1099.7,1089.78,1093.59
1085405400,1094.84,1101.71,1091.77,1095.34
1085491800,1094.98,1113.8,1090.74,1113.08
1085578200,1112.37,1116.71,1109.91,1114.95
1085664600,1114.94,1123.95,1114.86,1121.26
1085751000,1121.37,1122.69,1118.1,1120.64
1086096600,1119.48,1122.7,1113.32,1121.24
1086183000,1121.2,1128.1,1118.64,1124.99
1086269400,1124.99,1125.31,1116.56,1116.63
1086355800,1116.65,1129.17,1116.65,1122.51
1086615000,1122.5,1140.54,1122.5,1140.53
1086701400,1139.23,1142.16,1135.45,1142.12
1086787800,1141.09,1141.09,1131.17,1131.29
1086874200,1131.33,1136.47,1131.33,1136.47
1087219800,1135.21,1135.21,1122.16,1125.26
1087306200,1126.55,1137.36,1126.55,1132
1087392600,1131.89,1135.28,1130.55,1133.6
1087479000,1132.83,1133.45,1126.89,1132.03
1087565400,1132.05,1139.08,1129.82,1135
1087824600,1135.43,1138.05,1129.64,1130.32
1087911000,1130.3,1135.05,1124.37,1134.41
1087997400,1134.12,1145.16,1131.73,1144.04
1088083800,1143.76,1146.34,1139.94,1140.62
1088170200,1140.73,1145.97,1134.24,1134.32
1088429400,1136.6,1142.88,1131.62,1133.52
1088515800,1132.96,1138.26,1131.81,1136.23
1088602200,1136.57,1144.22,1133.62,1140.75
1088688600,1140.73,1140.8,1123.06,1128.98
1088775000,1128.94,1129.18,1123.26,1125.38
1089120600,1123.58,1123.58,1113.21,1116.19
1089207000,1116.21,1122.37,1114.92,1118.33
1089293400,1116.72,1119.12,1108.72,1109.1
1089379800,1109.11,1115.57,1109.11,1112.81
1089639000,1111.57,1115.95,1106.71,1114.35
1089725400,1114.87,1116.3,1112.99,1115.13
1089811800,1115.14,1119.6,1107.83,1111.47
1089898200,1112.08,1114.67,1106.6,1106.69
1089984600,1107.93,1112.17,1101.07,1101.4
1090243800,1101.39,1105.52,1096.55,1100.9
1090330200,1101.1,1108.88,1099.1,1108.67
1090416600,1108.67,1116.27,1093.88,1093.88
1090503000,1093.87,1099.69,1084.16,1096.84
1090589400,1096.84,1096.84,1083.49,1086.2
1090848600,1086.62,1089.82,1078.78,1084.07
1090935000,1084.07,1096.65,1084.07,1094.83
1091021400,1093.88,1098.84,1082.17,1095.42
1091107800,1097.09,1103.71,1095.82,1100.43
1091194200,1100.37,1103.73,1096.96,1101.72
1091453400,1101.72,1108.6,1097.34,1106.62
1091539800,1106.32,1106.32,1099.2,1099.69
1091626200,1098.67,1102.45,1092.4,1098.63
1091712600,1098.63,1098.83,1079.98,1080.7
1091799000,1078.55,1078.55,1062.23,1063.97
1092058200,1064.8,1069.46,1064.15,1065.22
1092144600,1066.22,1079.04,1066.22,1079.04
1092231000,1079.04,1079.04,1065.92,1075.79
1092317400,1075.79,1075.79,1062.82,1063.23
1092403800,1063.23,1067.58,1060.72,1064.8
1092663000,1065.06,1080.66,1065.06,1079.34
1092749400,1079.35,1086.96,1079.35,1081.71
1092835800,1081.71,1095.17,1078.93,1095.17
1092922200,1094.99,1094.99,1086.28,1091.23
1093008600,1090.89,1100.26,1089.57,1098.35
1093267800,1098.35,1101.4,1094.73,1095.68
1093354200,1096.47,1100.94,1092.82,1096.19
1093440600,1096.15,1106.29,1093.24,1104.96
1093527000,1104.26,1106.78,1102.43,1105.09
1093613400,1105.33,1109.68,1104.61,1107.77
1093872600,1107.77,1107.77,1099.15,1099.15
1093959000,1099.21,1104.24,1094.72,1104.24
1094045400,1104.24,1109.24,1099.18,1105.91
1094131800,1105.6,1119.11,1105.6,1118.31
1094218200,1116.09,1120.8,1113.57,1113.63
1094563800,1114.81,1124.08,1114.81,1121.3
1094650200,1120.94,1123.05,1116.27,1116.27
1094736600,1117.12,1121.3,1113.62,1118.38
1094823000,1118.49,1125.26,1114.47,1123.92
1095082200,1124.71,1129.78,1123.35,1125.82
1095168600,1125.81,1129.46,1124.72,1128.33
1095255000,1128.33,1128.33,1119.74,1120.37
1095341400,1120.37,1126.06,1120.37,1123.5
1095427800,1123.9,1130.48,1123.9,1128.55
1095687000,1127.78,1127.78,1120.34,1122.2
1095773400,1122.83,1131.54,1122.8,1129.3
1095859800,1126.72,1126.72,1112.67,1113.56
1095946200,1113.56,1113.61,1108.05,1108.36
1096032600,1108.36,1113.81,1108.36,1110.11
1096291800,1109.05,1109.05,1103.24,1103.52
1096378200,1104.24,1111.77,1101.29,1110.06
1096464600,1109.89,1114.8,1107.36,1114.8
1096551000,1114.8,1116.31,1109.61,1114.58
1096637400,1115.96,1131.64,1115.96,1131.5
1096896600,1131.5,1140.13,1131.5,1135.17
1096983000,1134.81,1137.87,1132.03,1134.48
1097069400,1134.16,1142.05,1132.94,1142.05
1097155800,1141.68,1141.68,1130.46,1130.65
1097242200,1129.83,1132.92,1120.19,1122.14
1097501400,1122.14,1126.2,1122.14,1124.39
1097587800,1122.94,1124.23,1115.77,1121.84
1097674200,1124.56,1127.01,1109.63,1113.64
1097760600,1113.55,1114.97,1102.06,1103.29
1097847000,1105.35,1113.17,1102.14,1108.2
1098106200,1107.62,1114.46,1103.33,1114.02
1098192600,1114.79,1118.03,1103.15,1103.23
1098279000,1102.86,1104.09,1094.25,1103.66
1098365400,1104.42,1108.96,1098.47,1106.49
1098451800,1106.49,1108.32,1095.29,1095.74
1098711000,1095.15,1096.81,1090.19,1094.8
1098797400,1094.86,1111.1,1094.86,1111.1
1098883800,1110.28,1126.29,1107.43,1125.4
1098970200,1124.75,1130.67,1120.57,1127.44
1099056600,1127.41,1131.44,1124.62,1130.2
1099319400,1130.26,1133.43,1127.53,1130.51
1099405800,1130.85,1130.85,1128.12,1130.58
1099492200,1130.54,1147.6,1130.54,1143.2
1099578600,1142.76,1161.67,1142.34,1161.67
1099665000,1163.04,1170.87,1160.52,1166.17
1099924200,1166.17,1166.86,1162.32,1164.89
1100010600,1164.97,1168.96,1162.48,1164.08
1100097000,1164.08,1169.35,1162.51,1162.91
1100183400,1162.91,1174.82,1162.91,1173.48
1100269800,1174.18,1184.17,1171.39,1184.17
1100529000,1183.81,1184.48,1179.85,1183.81
1100615400,1183.81,1183.81,1175.32,1175.43
1100701800,1176.63,1188.46,1176.63,1181.94
1100788200,1181.78,1184.9,1180.09,1183.55
1100874600,1183.55,1184,1169.17,1170.34
1101133800,1170.34,1178.18,1167.89,1177.24
1101220200,1176.63,1179.52,1171.41,1176.94
1101306600,1178.07,1182.46,1178.07,1181.76
1101479400,1181.43,1186.62,1181.08,1182.65
1101738600,1182.65,1186.94,1172.37,1178.57
1101825000,1178.57,1178.66,1173.81,1173.82
1101911400,1173.83,1191.37,1173.83,1191.37
1101997800,1190.68,1194.81,1186.66,1190.33
1102084200,1191.35,1197.11,1187.7,1191.17
1102343400,1190.84,1192.41,1185.18,1190.25
1102429800,1190.44,1192.17,1177.07,1177.07
1102516200,1177.07,1184.05,1176.8,1182.81
1102602600,1181.18,1190.51,1173.76,1189.24
1102689000,1187.45,1191.45,1185.24,1188
1102948200,1189.87,1198.77,1189.87,1198.68
1103034600,1198.68,1205.29,1197.84,1203.38
1103121000,1203.09,1206.61,1199.44,1205.72
1103207400,1205.3,1207.97,1198.41,1203.2
1103293800,1202.26,1203.17,1193.44,1194.22
1103553000,1194.2,1203.64,1193.36,1194.66
1103639400,1195.2,1205.93,1195.2,1205.43
1103725800,1205.45,1211.14,1203.81,1209.57
1103812200,1209.16,1213.66,1208.71,1210.13
1104157800,1210.13,1214.17,1204.92,1204.92
1104244200,1205.12,1213.54,1205.12,1213.54
1104330600,1212.72,1213.95,1210.95,1213.45
1104417000,1213.48,1216.47,1213.41,1213.55
1104503400,1213.55,1217.33,1211.65,1211.92
1104762600,1213.43,1217.9,1200.3,1202.08
1104849000,1202.08,1205.78,1185.39,1188.04
1104935400,1187.75,1192.75,1183.72,1183.74
1105021800,1184.41,1191.63,1183.23,1187.89
1105108200,1189.2,1192.2,1182.16,1186.19
1105367400,1186.19,1194.78,1185,1190.24
1105453800,1190.25,1190.25,1180.43,1182.99
1105540200,1182.99,1187.98,1175.64,1187.7
1105626600,1187.64,1187.64,1175.61,1177.45
1105713000,1177.45,1185.21,1177.45,1184.52
1106058600,1183.64,1195.98,1180.1,1195.98
1106145000,1195.51,1195.51,1184.37,1184.63
1106231400,1182.52,1182.52,1173.39,1175.41
1106317800,1175.82,1179.45,1167.82,1167.87
1106577000,1168.59,1173.17,1163.75,1163.75
1106663400,1166.61,1174.3,1166.61,1168.41
1106749800,1168.41,1175.99,1168.41,1174.07
1106836200,1173.55,1177.5,1170.15,1174.55
1106922600,1175.05,1175.63,1166.3,1171.36
1107181800,1174.73,1182.07,1174.73,1181.27
1107268200,1181.26,1190.39,1181.03,1189.41
1107354600,1189.78,1195.25,1188.92,1193.19
1107441000,1193.19,1193.19,1185.63,1189.89
1107527400,1189.83,1203.12,1189.67,1203.03
1107786600,1202.91,1204.09,1199.27,1201.72
1107873000,1201.33,1205.11,1200.24,1202.3
1107959400,1202.66,1203.81,1191.54,1191.99
1108045800,1192.64,1198.75,1191.54,1197.01
1108132200,1196.35,1208.38,1193.28,1205.3
1108391400,1206.14,1212.33,1205.52,1210.12
1108477800,1209.27,1212.44,1205.17,1210.34
1108564200,1209.96,1211.33,1200.74,1200.75
1108650600,1201.08,1202.92,1197.35,1201.59
1108737000,1201.08,1202.92,1197.35,1201.59
1109082600,1185.48,1193.52,1185.48,1190.8
1109169000,1190.5,1200.42,1187.84,1200.2
1109255400,1200.17,1212.05,1199.61,1211.37
1109341800,1200.17,1212.05,1199.61,1211.37
1109601000,1204.72,1212.19,1204.72,1210.41
1109687400,1209.21,1215.58,1204.22,1210.08
1109773800,1210.57,1215.72,1204.45,1210.47
1109860200,1210.47,1224.76,1210.47,1222.12
1109946600,1210.47,1224.76,1210.47,1222.12
1110205800,1224.84,1225.69,1218.57,1219.43
1110292200,1219.13,1219.36,1206.66,1207.01
1110378600,1207.48,1211.23,1201.46,1209.25
1110465000,1209.39,1213.04,1198.15,1200.08
1110551400,1209.39,1213.04,1198.15,1200.08
1110810600,1200.46,1206.83,1199.53,1206.83
1110897000,1208.29,1210.54,1197.75,1197.75
1110983400,1197.11,1197.11,1185.61,1188.07
1111069800,1188.09,1193.28,1186.44,1190.21
1111156200,1190.32,1191.98,1182.78,1189.65
1111415400,1189.52,1189.52,1178.82,1183.78
1111501800,1183.78,1189.5,1171.71,1171.71
1111588200,1171.71,1176.26,1168.7,1172.53
1111674600,1172.55,1180.11,1171.42,1171.42
1112020200,1172.42,1179.91,1172.42,1174.28
1112106600,1174.24,1179.39,1163.69,1165.36
1112193000,1166.06,1181.54,1166.06,1181.41
1112279400,1181.54,1184.53,1179.49,1180.59
1112365800,1181.44,1189.8,1169.91,1172.92
1112621400,1172.97,1178.61,1167.72,1176.12
1112707800,1176.52,1183.56,1176.52,1181.39
1112794200,1181.63,1189.23,1181.63,1184.07
1112880600,1184.23,1191.88,1183.83,1191.14
1112967000,1191.22,1191.75,1181.13,1181.2
1113226200,1181.35,1184.06,1178.69,1181.21
1113312600,1180.87,1190.17,1171.04,1187.76
1113399000,1187.2,1187.2,1171.4,1173.79
1113485400,1173.74,1174.67,1161.71,1162.05
1113571800,1160.12,1161.22,1141.92,1142.62
1113831000,1142.4,1148.84,1139.87,1145.98
1113917400,1147.07,1154.67,1147.07,1152.78
1114003800,1154.09,1155.5,1136.22,1137.5
1114090200,1139.3,1159.95,1139.3,1159.95
1114176600,1159.95,1159.95,1142.95,1152.12
1114435800,1153.46,1164.05,1153.46,1162.1
1114522200,1161.81,1164.8,1151.74,1151.74
1114608600,1151.04,1159.87,1144.49,1156.38
1114695000,1155.56,1155.56,1143.22,1143.22
1114781400,1148.73,1156.97,1139.2,1156.85
1115040600,1156.85,1162.87,1154.71,1162.16
1115127000,1161.7,1166.89,1156.71,1161.17
1115213400,1161.57,1176.01,1161.57,1175.65
1115299800,1175.48,1178.47,1166.86,1172.1
1115386200,1173.64,1177.73,1170.5,1171.35
1115645400,1171.24,1178.87,1169.38,1178.84
1115731800,1175.39,1175.39,1163.01,1166.22
1115818200,1166.22,1171.77,1158.48,1171.11
1115904600,1171.1,1173.2,1157.76,1159.36
1115991000,1160.07,1163.75,1146.18,1154.05
1116250200,1154.35,1165.75,1154.35,1165.69
1116336600,1164.73,1174.35,1159.96,1173.8
1116423000,1174.43,1187.9,1174.43,1185.56
1116509400,1185.72,1191.09,1184.6,1191.08
1116595800,1191.14,1191.22,1185.19,1189.28
1116855000,1189.28,1197.44,1188.76,1193.86
1116941400,1191.55,1195.29,1189.87,1194.07
1117027800,1192.42,1193.22,1185.96,1190.01
1117114200,1191.69,1198.95,1190.69,1197.62
1117200600,1197.62,1199.56,1195.28,1198.78
1117546200,1198.26,1198.32,1191.5,1191.5
1117632600,1191.07,1205.64,1191.03,1202.22
1117719000,1202.27,1204.65,1198.42,1204.29
1117805400,1204.29,1205.09,1194.55,1196.02
1118064600,1196.3,1198.78,1192.75,1197.51
1118151000,1198.37,1208.85,1197.26,1197.26
1118237400,1198.54,1201.97,1193.33,1194.67
1118323800,1194.04,1201.86,1191.09,1200.93
1118410200,1200.87,1202.79,1192.64,1198.11
1118669400,1197.64,1206.03,1194.51,1200.82
1118755800,1200.39,1207.53,1200.18,1203.91
1118842200,1204.93,1208.01,1198.66,1206.58
1118928600,1206.35,1212.1,1205.47,1210.96
1119015000,1213.19,1219.5,1213.19,1216.96
1119274200,1216.12,1219.1,1210.65,1216.1
1119360600,1215.93,1217.13,1211.86,1213.61
1119447000,1214.34,1219.59,1211.69,1213.88
1119533400,1214.19,1216.45,1200.72,1200.73
1119619800,1200.7,1200.9,1191.45,1191.57
1119879000,1191.33,1194.33,1188.3,1190.69
1119965400,1191.37,1202.54,1191.37,1201.57
1120051800,1202.64,1204.07,1198.7,1199.85
1120138200,1199.93,1203.27,1190.51,1191.33
1120224600,1191.33,1197.89,1191.33,1194.44
1120570200,1193.87,1206.34,1192.49,1204.99
1120656600,1204.83,1206.11,1194.78,1194.94
1120743000,1193.73,1198.46,1183.55,1197.87
1120829400,1197.88,1212.73,1197.2,1211.86
1121088600,1212.37,1220.03,1212.11,1219.44
1121175000,1219.44,1225.54,1216.6,1222.21
1121261400,1222.47,1224.46,1219.64,1223.29
1121347800,1224.14,1233.16,1224.14,1226.5
1121434200,1226.63,1229.53,1223.5,1227.92
1121693400,1226.72,1226.72,1221.13,1221.13
1121779800,1222.47,1230.34,1222.47,1229.35
1121866200,1227.36,1236.56,1222.91,1235.2
1121952600,1235.83,1235.83,1224.7,1227.04
1122039000,1227.2,1234.19,1226.26,1233.68
1122298200,1233.44,1238.36,1228.15,1229.03
1122384600,1229.38,1234.42,1229.28,1231.16
1122471000,1231.33,1237.64,1230.15,1236.79
1122557400,1236.96,1245.15,1235.81,1243.72
1122643800,1243.39,1244.87,1234.18,1234.18
1122903000,1234.86,1239.1,1233.8,1235.35
1122989400,1235.7,1244.69,1235.7,1244.12
1123075800,1244.12,1245.86,1240.57,1245.04
1123162200,1243.17,1243.8,1235.15,1235.86
1123248600,1235.05,1235.05,1225.64,1226.42
1123507800,1226.72,1232.28,1222.67,1223.13
1123594200,1223.42,1234.11,1223.42,1231.38
1123680600,1231.49,1242.69,1226.58,1229.13
1123767000,1229.07,1237.81,1228.33,1237.81
1123853400,1235.18,1235.18,1225.87,1230.39
1124112600,1229.78,1236.24,1226.2,1233.87
1124199000,1233.01,1233.43,1219.05,1219.34
1124285400,1219.44,1225.63,1218.07,1220.24
1124371800,1219.62,1222.64,1215.93,1219.02
1124458200,1219.52,1225.08,1219.52,1219.71
1124717400,1220.54,1228.96,1216.47,1221.73
1124803800,1221.77,1223.04,1214.44,1217.59
1124890200,1217.15,1224.15,1209.5,1209.59
1124976600,1209.59,1213.73,1209.57,1212.37
1125063000,1211.83,1211.83,1204.23,1205.1
1125322200,1202.81,1214.28,1201.53,1212.28
1125408600,1212.28,1212.28,1201.07,1208.41
1125495000,1208.33,1220.33,1204.67,1220.33
1125581400,1219.71,1227.29,1216.18,1221.59
1125667800,1221.92,1224.45,1217.75,1218.02
1126013400,1218.02,1233.61,1218.02,1233.39
1126099800,1233.02,1237.06,1230.93,1236.36
1126186200,1232.64,1243.13,1232.64,1241.48
1126272600,1232.64,1243.13,1231.67,1241.48
1126531800,1241.5,1242.5,1239.15,1240.56
1126618200,1240.19,1240.57,1231.2,1231.2
1126704600,1231.66,1234.74,1226.16,1227.16
1126791000,1228.66,1231.88,1224.85,1227.73
1126877400,1229.21,1237.95,1229.21,1237.91
1127136600,1237.01,1237.01,1227.69,1231.02
1127223000,1231.27,1236.49,1220.11,1221.34
1127309400,1221.52,1221.52,1209.89,1210.2
1127395800,1209.98,1216.53,1205.35,1214.62
1127482200,1213.35,1218.82,1209.8,1215.29
1127741400,1216.05,1222.56,1211.84,1215.63
1127827800,1215.92,1220.17,1211.2,1215.66
1127914200,1216.81,1220.97,1212.72,1216.89
1128000600,1216.71,1228.7,1211.54,1227.68
1128087000,1227.68,1229.56,1225.26,1228.81
1128346200,1228.81,1233.34,1225.15,1226.7
1128432600,1226.61,1229.88,1214.02,1214.47
1128519000,1214.47,1214.47,1196.25,1196.39
1128605400,1196.7,1202.14,1181.92,1191.49
1128691800,1192.23,1199.71,1191.46,1195.9
1128951000,1196.02,1196.52,1186.12,1187.33
1129037400,1187.9,1193.1,1183.16,1184.87
1129123800,1183.38,1190.02,1173.65,1177.68
1129210200,1176.34,1179.56,1168.42,1176.84
1129296600,1177.33,1187.13,1175.54,1186.57
1129555800,1189.98,1189.98,1178.13,1178.14
1129642200,1177.09,1195.76,1170.85,1195.76
1129728600,1195.76,1197.3,1173.3,1177.8
1129815000,1179.92,1186.46,1174.92,1179.59
1129901400,1179.92,1186.46,1174.92,1179.59
1130160600,1179.59,1199.39,1179.59,1199.38
1130247000,1198.55,1201.3,1189.29,1196.54
1130333400,1196.06,1204.01,1191.38,1191.38
1130419800,1191.1,1192.65,1178.89,1178.9
1130506200,1180.54,1198.41,1178.9,1198.41
1130769000,1198.41,1211.43,1198.41,1207.01
1130855400,1205.85,1207.34,1201.66,1202.76
1130941800,1201.79,1215.17,1201.07,1214.76
1131028200,1216.2,1224.7,1214.76,1219.94
1131114600,1220.29,1222.52,1214.45,1220.14
1131373800,1221,1224.18,1217.29,1222.81
1131460200,1221.72,1222.81,1216.08,1218.59
1131546600,1218.39,1226.59,1216.53,1220.65
1131633000,1220.75,1232.41,1215.05,1230.96
1131719400,1231.36,1235.7,1230.72,1234.72
1131978600,1234.59,1237.2,1231.78,1233.76
1132065000,1233.48,1237.94,1226.41,1229.01
1132151400,1229.36,1232.24,1227.18,1231.21
1132237800,1231.92,1242.96,1231.92,1242.8
1132324200,1249.35,1249.58,1240.71,1248.27
1132583400,1248.27,1255.89,1246.9,1254.85
1132669800,1254.06,1261.9,1251.4,1261.23
1132756200,1261.19,1270.64,1259.51,1265.61
1132929000,1265.88,1268.78,1265.54,1268.25
1133188200,1267.99,1268.44,1257.17,1257.46
1133274600,1258.02,1266.06,1257.48,1257.48
1133361000,1257.3,1260.93,1249.39,1249.48
1133447400,1249.48,1266.17,1249.48,1264.67
1133533800,1263.56,1266.85,1261.42,1265.08
1133793000,1263.34,1272.89,1262.83,1263.7
1133879400,1264.27,1264.85,1253.02,1257.37
1133965800,1264.27,1264.85,1253.02,1257.37
1134052200,1257.48,1263.36,1250.91,1255.84
1134138600,1256.12,1263.08,1254.24,1259.37
1134397800,1259.86,1263.86,1255.52,1260.43
1134484200,1259.99,1272.11,1258.56,1267.43
1134570600,1267.19,1275.8,1267.07,1272.74
1134657000,1273.14,1275.17,1267.74,1270.94
1134743400,1271.16,1275.24,1267.32,1267.32
1135002600,1267.21,1270.51,1259.36,1259.92
1135089000,1260.01,1263.86,1257.21,1259.62
1135175400,1260.51,1269.37,1259.62,1262.79
1135261800,1262.91,1268.19,1262.5,1268.12
1135348200,1268.38,1269.76,1265.92,1268.66
1135693800,1268.96,1271.83,1256.54,1256.54
1135780200,1257.13,1261.1,1256.54,1258.17
1135866600,1258.15,1260.61,1254.18,1254.42
1135953000,1254.42,1254.42,1246.59,1248.29
1136298600,1252.03,1270.22,1245.74,1268.8
1136385000,1268.96,1275.37,1267.74,1273.46
1136471400,1273.54,1276.91,1270.3,1273.48
1136557800,1274.61,1286.09,1274.61,1285.45
1136817000,1285.56,1290.78,1284.82,1290.15
1136903400,1288.93,1289.94,1283.76,1289.69
1136989800,1290.08,1294.9,1288.12,1294.18
1137076200,1286.07,1288.96,1282.78,1287.61
1137162600,1286.07,1288.96,1282.78,1287.61
1137508200,1278.91,1282.43,1272.08,1277.93
1137594600,1278.96,1287.79,1278.6,1285.04
1137681000,1284.52,1284.57,1260.92,1261.49
1137767400,1284.52,1285.04,1260.92,1261.49
1138026600,1261.98,1268.19,1261.7,1263.82
1138113000,1264.59,1271.47,1264.59,1266.86
1138199400,1267.81,1271.87,1259.45,1264.68
1138285800,1267.4,1276.44,1267.4,1273.83
1138372200,1275.4,1286.32,1275.18,1283.72
1138631400,1283.78,1287.94,1283.51,1285.2
1138717800,1284.97,1285.2,1276.85,1280.08
1138804200,1280.08,1283.33,1277.57,1282.46
1138890600,1281.82,1282.46,1267.72,1270.84
1138977000,1269.45,1270.87,1261.02,1264.03
1139236200,1264.21,1267.04,1261.62,1265.02
1139322600,1264.82,1265.78,1253.61,1254.78
1139409000,1257.23,1266.47,1254.78,1265.65
1139495400,1266.37,1274.56,1262.8,1263.78
1139581800,1263.86,1269.89,1254.98,1266.99
1139841000,1265.15,1266.99,1258.34,1262.86
1139927400,1263.12,1278.21,1260.8,1275.53
1140013800,1275.53,1281,1271.08,1280
1140100200,1280.42,1289.39,1280,1289.38
1140186600,1288.64,1289.47,1284.07,1287.24
1140532200,1287.14,1291.92,1281.33,1283.04
1140618600,1283.09,1294.17,1283.03,1292.67
1140705000,1292.52,1293.84,1285.14,1287.79
1140791400,1287.72,1292.11,1285.62,1289.43
1141050600,1289.79,1297.57,1288.43,1294.12
1141137000,1293.24,1294.12,1278.66,1280.66
1141223400,1281.65,1291.8,1280.66,1291.24
1141309800,1288.57,1291.24,1283.21,1289.14
1141396200,1287.28,1297.33,1284.2,1287.23
1141655400,1287.3,1288.23,1275.67,1278.26
1141741800,1277.22,1278.26,1271.11,1275.88
1141828200,1275.08,1280.33,1268.42,1278.47
1141914600,1278.93,1282.74,1272.23,1272.23
1142001000,1272.94,1284.37,1271.11,1281.58
1142260200,1284.97,1287.37,1281.58,1284.13
1142346600,1284.13,1298.14,1282.67,1297.48
1142433000,1297.71,1304.4,1294.97,1303.02
1142519400,1303.75,1310.45,1303.02,1305.33
1142605800,1308.01,1309.79,1305.32,1307.25
1142865000,1307.69,1310,1303.59,1305.08
1142951400,1305,1310.88,1295.82,1297.23
1143037800,1297.23,1305.97,1295.81,1305.04
1143124200,1305.04,1305.04,1298.11,1301.67
1143210600,1301.71,1306.53,1298.89,1302.95
1143469800,1302.94,1303.74,1299.09,1301.61
1143556200,1301.3,1306.24,1291.84,1293.23
1143642600,1293.23,1305.6,1293.23,1302.89
1143729000,1303,1310.15,1296.72,1300.25
1143815400,1300.6,1303,1294.82,1294.82
1144071000,1302.88,1309.19,1296.65,1297.81
1144157400,1297.84,1307.55,1294.71,1305.93
1144243800,1306.52,1312.81,1304.82,1311.56
1144330200,1308.91,1311.99,1302.44,1309.04
1144416600,1309.04,1314.07,1294.18,1295.5
1144675800,1295.61,1300.74,1293.17,1296.6
1144762200,1296.6,1300.71,1282.96,1286.57
1144848600,1286.89,1290.93,1286.45,1288.12
1144935000,1288.12,1292.09,1283.37,1289.12
1145280600,1285.33,1292.45,1280.74,1285.33
1145367000,1285.97,1309.02,1285.33,1307.65
1145453400,1307.93,1310.39,1302.79,1309.93
1145539800,1309.74,1318.16,1306.38,1311.46
1145626200,1313.58,1317.67,1306.59,1311.28
1145885400,1311.28,1311.28,1303.79,1308.11
1145971800,1308.43,1310.79,1299.17,1301.74
1146058200,1301.74,1310.97,1301.74,1305.41
1146144600,1304.56,1315,1295.57,1309.72
1146231000,1309.72,1316.04,1306.16,1310.61
1146490200,1311.1,1317.21,1303.46,1305.19
1146576600,1305.18,1313.66,1305.16,1313.21
1146663000,1313.34,1313.47,1303.92,1307.85
1146749400,1308.25,1315.14,1307.85,1312.25
1146835800,1313.92,1326.53,1312.25,1325.76
1147095000,1325.78,1326.7,1322.87,1324.66
1147181400,1324,1326.6,1322.48,1325.14
1147267800,1324.57,1325.51,1317.44,1322.85
1147354200,1322.63,1322.63,1303.45,1305.92
1147440600,1305.17,1305.17,1290.38,1291.24
1147699800,1290.56,1294.81,1284.51,1294.5
1147786200,1294.5,1297.88,1288.51,1292.08
1147872600,1290.16,1291.73,1267.31,1270.32
1147959000,1271.17,1274.89,1261.75,1261.81
1148045400,1261.86,1272.15,1256.28,1267.03
1148304600,1266.47,1268.77,1252.98,1262.07
1148391000,1263.52,1273.67,1256.15,1256.57
1148477400,1256.56,1264.53,1245.34,1258.57
1148563800,1260.55,1273.26,1258.41,1272.88
1148650200,1273.79,1280.54,1272.5,1280.16
1148995800,1279.24,1280.04,1259.84,1259.84
1149082200,1259.38,1270.09,1259.38,1270.09
1149168600,1270.22,1285.71,1269.19,1285.71
1149255000,1286.57,1290.68,1280.22,1288.22
1149514200,1287.24,1288.16,1264.66,1265.29
1149600600,1265.93,1269.88,1254.46,1263.85
1149687000,1263.98,1272.47,1255.77,1256.15
1149773400,1255.22,1259.85,1235.18,1257.93
1149859800,1258.18,1262.58,1250.03,1252.3
1150119000,1252.62,1255.22,1236.2,1236.4
1150205400,1223.69,1243.37,1222.52,1223.69
1150291800,1223.66,1231.46,1219.29,1230.04
1150378200,1230.76,1258.64,1230.01,1256.16
1150464600,1255.89,1256.27,1246.32,1251.54
1150723800,1252.51,1255.93,1237.17,1240.14
1150810200,1240.12,1249.01,1238.87,1240.12
1150896600,1240.41,1257.96,1240.09,1252.2
1150983000,1251.74,1251.92,1241.53,1245.6
1151069400,1245.17,1253.13,1241.43,1244.5
1151328600,1244.5,1250.92,1243.68,1250.56
1151415000,1250.78,1253.37,1238.94,1239.2
1151501400,1239.39,1247.06,1237.59,1246
1151587800,1245.93,1272.88,1245.93,1272.87
1151674200,1272.86,1276.3,1270.2,1270.2
1151933400,1270.93,1280.38,1270.06,1280.19
1152106200,1278.55,1280.05,1265.91,1270.91
1152192600,1270.81,1278.32,1270.58,1274.08
1152279000,1273.25,1275.38,1263.13,1265.48
1152538200,1266.28,1274.06,1264.46,1267.34
1152624600,1266.67,1273.64,1259.65,1272.52
1152711000,1272.39,1273.31,1257.29,1258.6
1152797400,1257.15,1257.15,1241.43,1242.29
1152883800,1242.25,1242.69,1228.44,1236.19
1153143000,1236.23,1240.07,1231.49,1234.49
1153229400,1234.82,1239.86,1224.54,1236.86
1153315800,1236.74,1261.81,1236.74,1259.81
1153402200,1260.21,1262.56,1249.13,1249.13
1153488600,1249.12,1250.96,1238.72,1240.29
1153747800,1241.1,1262.5,1240.25,1260.91
1153834200,1261.1,1272.39,1257.19,1268.88
1153920600,1268.19,1273.89,1261.94,1268.4
1154007000,1269.67,1275.85,1261.92,1263.2
1154093400,1264.8,1280.42,1263.15,1278.55
1154352600,1277.49,1278.66,1274.31,1276.66
1154439000,1275.76,1278.66,1265.71,1270.92
1154525400,1270.73,1283.42,1270.73,1278.55
1154611800,1278.22,1283.96,1271.25,1280.27
1154698200,1286.73,1292.92,1273.82,1279.36
1154957400,1279.31,1279.31,1273,1275.77
1155043800,1275.67,1282.75,1268.37,1271.48
1155130200,1273.52,1283.74,1264.73,1265.95
1155216600,1265.17,1272.55,1261.3,1271.81
1155303000,1271.35,1271.64,1262.08,1266.74
1155562200,1267.6,1278.9,1266.67,1268.21
1155648600,1271.52,1286.23,1271.52,1285.58
1155735000,1285.93,1296.21,1285.27,1295.43
1155821400,1294.99,1300.78,1292.71,1297.48
1155907800,1297.48,1302.3,1293.56,1302.3
1156167000,1301.09,1302.3,1295.51,1297.52
1156253400,1297.52,1302.49,1294.44,1298.82
1156339800,1299.06,1301.5,1289.49,1292.99
1156426200,1293.88,1297.23,1291.4,1296.06
1156512600,1295.23,1298.88,1292.39,1295.09
1156771800,1295.25,1305.02,1293.97,1301.78
1156858200,1301.68,1305.02,1295.29,1304.28
1156944600,1303.69,1306.74,1302.15,1304.27
1157031000,1304.35,1306.11,1302.45,1303.82
1157117400,1303.8,1312.03,1303.8,1311.01
1157463000,1310.94,1314.67,1308.82,1313.25
1157549400,1310.79,1313.04,1299.28,1300.26
1157635800,1299.97,1301.25,1292.13,1294.02
1157722200,1294.02,1300.14,1294.02,1298.92
1157981400,1298.86,1302.36,1290.93,1299.54
1158067800,1299.53,1314.28,1299.53,1313.11
1158154200,1312.33,1319.92,1311.12,1318.07
1158240600,1318,1318,1313.25,1316.28
1158327000,1317.48,1324.65,1316.28,1319.87
1158586200,1319.63,1324.87,1318.16,1321.18
1158672600,1321.17,1322.04,1312.17,1318.31
1158759000,1318.28,1328.53,1318.28,1325.18
1158845400,1324.89,1328.19,1315.45,1318.03
1158931800,1317.74,1318.03,1310.94,1314.78
1159191000,1314.78,1329.35,1311.58,1326.37
1159277400,1326.22,1336.6,1325.3,1336.34
1159363800,1335.37,1340.08,1333.54,1336.59
1159450200,1336.56,1340.28,1333.75,1339.15
1159536600,1338.86,1339.88,1335.64,1335.85
1159795800,1335.56,1338.54,1330.28,1330.28
1159882200,1331.17,1338.31,1327.1,1334.11
1159968600,1333.81,1350.22,1331.48,1350.22
1160055000,1349.56,1353.79,1347.75,1353.22
1160141400,1352.42,1353.22,1344.21,1349.58
1160400600,1349.58,1352.69,1346.55,1350.66
1160487000,1350.64,1354.23,1348.6,1353.42
1160573400,1353.28,1353.97,1343.57,1349.95
1160659800,1350.79,1363.76,1349.94,1362.83
1160746200,1362.52,1366.63,1360.5,1365.62
1161005400,1365.57,1370.2,1364.48,1369.05
1161091800,1367.71,1369.05,1356.87,1364.05
1161178200,1364.74,1372.87,1360.95,1365.96
1161264600,1365.43,1368.09,1362.06,1366.96
1161351000,1368.07,1368.66,1362.1,1368.6
1161610200,1368.58,1377.4,1363.94,1377.02
1161696600,1377.02,1377.78,1372.42,1377.38
1161783000,1377.78,1383.61,1376,1382.22
1161869400,1382.65,1389.45,1379.47,1389.08
1161955800,1388.62,1388.89,1375.85,1377.34
1162218600,1376.74,1381.22,1373.46,1377.93
1162305000,1378.23,1381.21,1372.19,1377.94
1162391400,1377.76,1381.95,1366.26,1367.81
1162477800,1366.41,1368.39,1362.21,1367.34
1162564200,1367.31,1371.68,1360.98,1364.3
1162823400,1364.36,1381.4,1364.27,1379.78
1162909800,1379.89,1388.19,1379.19,1382.84
1162996200,1381.03,1388.61,1376.29,1385.72
1163082600,1385.57,1388.92,1377.31,1378.33
1163169000,1378.35,1381.04,1375.6,1380.9
1163428200,1380.6,1387.61,1378.8,1384.42
1163514600,1384.36,1394.49,1379.07,1393.22
1163601000,1392.74,1401.35,1392.13,1396.57
1163687400,1396.53,1403.76,1396.53,1399.76
1163773800,1399.76,1401.21,1394.55,1401.2
1164033000,1400.63,1404.37,1397.85,1400.5
1164119400,1400.43,1403.49,1399.99,1402.81
1164205800,1403.68,1407.89,1402.26,1406.09
1164378600,1405.94,1405.94,1399.25,1400.95
1164637800,1400.18,1400.95,1381.44,1381.9
1164724200,1381.61,1387.91,1377.83,1386.72
1164810600,1386.94,1401.14,1386.11,1399.48
1164897000,1399.18,1406.3,1393.83,1400.63
1164983400,1400.63,1402.46,1385.93,1396.71
1165242600,1396.67,1411.23,1396.67,1409.12
1165329000,1409.17,1415.27,1408.78,1414.76
1165415400,1414.23,1415.93,1411.05,1412.9
1165501800,1413.27,1418.27,1406.8,1407.29
1165588200,1406.96,1414.09,1403.67,1409.84
1165847400,1409.81,1415.6,1408.56,1413.04
1165933800,1413,1413.78,1404.75,1411.56
1166020200,1411.32,1416.64,1411.05,1413.21
1166106600,1413.16,1427.23,1413.16,1425.49
1166193000,1426.13,1431.63,1425.48,1427.09
1166452200,1427.08,1431.81,1420.65,1422.48
1166538600,1421.2,1428.3,1414.88,1425.55
1166625000,1425.66,1429.05,1423.51,1423.53
1166711400,1423.2,1426.4,1415.9,1418.3
1166797800,1418.1,1418.82,1410.28,1410.76
1167143400,1410.75,1417.91,1410.45,1416.9
1167229800,1416.63,1427.72,1416.63,1426.84
1167316200,1426.77,1427.26,1422.05,1424.73
1167402600,1424.3,1427,1416.72,1418.3
1167834600,1418.03,1429.42,1407.86,1416.6
1167921000,1416.95,1421.84,1408.22,1418.34
1168007400,1418.34,1418.34,1405.75,1409.71
1168266600,1409.22,1414.98,1403.97,1412.84
1168353000,1412.85,1415.61,1405.42,1412.11
1168439400,1410.85,1415.99,1404.33,1414.85
1168525800,1415.71,1427.12,1415.66,1423.82
1168612200,1423.66,1431.23,1422.58,1430.73
1168957800,1430.73,1433.93,1428.62,1431.9
1169044200,1430.44,1435.27,1428.57,1430.62
1169130600,1430.59,1433.3,1424.21,1426.37
1169217000,1426.35,1431.57,1425.19,1430.5
1169476200,1430.47,1431.39,1420.4,1422.95
1169562600,1422.78,1431.33,1421.66,1427.99
1169649000,1427.96,1440.14,1427.96,1440.13
1169735400,1440.31,1440.69,1422.34,1423.9
1169821800,1423.9,1427.27,1416.96,1422.18
1170081000,1422.03,1426.94,1418.46,1420.62
1170167400,1420.61,1428.82,1420.61,1428.82
1170253800,1428.65,1441.61,1424.78,1438.24
1170340200,1437.9,1446.64,1437.9,1445.94
1170426600,1446.72,1449.33,1444.49,1448.39
1170685800,1448.28,1449.38,1443.85,1446.99
1170772200,1446.98,1450.19,1443.4,1448
1170858600,1447.41,1452.99,1446.44,1450.02
1170945000,1449.99,1450.45,1442.81,1448.31
1171031400,1448.25,1452.45,1433.44,1438.06
1171290600,1437.94,1439.11,1431.44,1433.37
1171377000,1433.22,1444.41,1433.22,1444.26
1171463400,1443.91,1457.65,1443.91,1455.3
1171549800,1455.45,1457.97,1453.19,1456.81
1171636200,1456.62,1456.77,1451.57,1455.54
1171981800,1455.53,1460.53,1449.2,1459.68
1172068200,1459.6,1459.6,1452.02,1457.63
1172154600,1457.29,1461.57,1450.51,1456.38
1172241000,1456.22,1456.22,1448.36,1451.19
1172500200,1451.04,1456.95,1445.48,1449.37
1172586600,1449.25,1449.25,1389.42,1399.04
1172673000,1399.01,1415.89,1396.65,1406.82
1172759400,1406.8,1409.46,1380.87,1403.17
1172845800,1401.67,1403.4,1386.87,1387.17
1173105000,1387.11,1391.86,1373.97,1374.12
1173191400,1374.06,1397.9,1374.06,1395.41
1173277800,1394.98,1401.16,1390.64,1391.97
1173364200,1391.88,1407.93,1391.88,1401.89
1173450600,1403.49,1410.15,1397.3,1402.85
1173706200,1402.58,1409.34,1398.4,1406.6
1173792600,1406.23,1406.23,1377.71,1377.95
1173879000,1377.89,1388.09,1363.98,1387.17
1173965400,1386.92,1395.73,1385.16,1392.28
1174051800,1392.24,1397.51,1383.63,1386.95
1174311000,1387.78,1403.2,1386.95,1402.06
1174397400,1402.08,1411.53,1400.7,1410.94
1174483800,1411.87,1437.77,1409.75,1435.04
1174570200,1435.04,1437.66,1429.88,1434.54
1174656600,1434.19,1438.89,1433.21,1436.11
1174915800,1436.11,1437.65,1423.28,1437.5
1175002200,1437.49,1437.49,1425.54,1429.61
1175088600,1428.35,1428.35,1414.07,1417.23
1175175000,1417.17,1426.24,1413.27,1422.53
1175261400,1422.45,1429.22,1408.9,1420.86
1175520600,1420.83,1425.49,1416.37,1424.55
1175607000,1424.27,1440.57,1424.27,1437.77
1175693400,1438.02,1440.16,1435.08,1439.37
1175779800,1438.65,1444.88,1436.67,1443.76
1176125400,1443.76,1448.1,1443.28,1444.61
1176211800,1444.58,1448.73,1443.99,1448.39
1176298200,1448.23,1448.39,1436.15,1438.87
1176384600,1438.87,1448.02,1433.91,1447.8
1176471000,1447.8,1453.11,1444.15,1452.85
1176730200,1453.75,1468.62,1452.84,1468.47
1176816600,1468.51,1474.35,1467.15,1471.48
1176903000,1469.53,1476.57,1466.41,1472.5
1176989400,1470.49,1474.23,1464.47,1470.73
1177075800,1470.69,1484.74,1470.69,1484.35
1177335000,1484.24,1487.32,1480.19,1480.93
1177421400,1480.93,1483.82,1473.74,1480.41
1177507800,1480.75,1496.59,1480.28,1495.42
1177594200,1495.77,1498.02,1491.17,1494.25
1177680600,1494.28,1497.32,1488.67,1494.07
1177939800,1494.07,1497.16,1482.29,1482.37
1178026200,1483,1487.27,1476.7,1486.3
1178112600,1486.45,1499.1,1486.13,1495.92
1178199000,1496.02,1503.34,1495.56,1502.39
1178285400,1503.46,1510.34,1501.8,1505.62
1178544600,1505.54,1511,1505.54,1509.48
1178631000,1509.36,1509.36,1500.66,1507.72
1178717400,1505.78,1513.8,1503.77,1512.58
1178803800,1511.76,1511.76,1491.42,1491.47
1178890200,1491.47,1506.24,1491.47,1505.85
1179149400,1505.76,1510.9,1498.34,1503.15
1179235800,1502.71,1514.83,1500.43,1501.19
1179322200,1500.75,1514.15,1500.75,1514.14
1179408600,1514.01,1517.14,1509.29,1512.75
1179495000,1513.8,1522.75,1512.74,1522.75
1179754200,1522.71,1529.87,1522.71,1525.1
1179840600,1525.1,1529.24,1522.05,1524.12
1179927000,1524.09,1532.43,1521.9,1522.28
1180013400,1522.1,1529.31,1505.18,1507.51
1180099800,1507.5,1517.41,1507.5,1515.73
1180445400,1515.55,1521.8,1512.02,1518.11
1180531800,1517.6,1530.23,1510.06,1530.23
1180618200,1530.9,1535.56,1528.26,1530.62
1180704600,1532.99,1540.56,1532.24,1536.34
1180963800,1535.36,1540.53,1532.31,1539.18
1181050200,1538.4,1539.12,1525.62,1530.95
1181136600,1530.57,1530.57,1514.13,1517.38
1181223000,1516.04,1517.36,1490.37,1490.72
1181309400,1490.74,1507.76,1487.41,1507.67
1181568600,1506.96,1515.53,1503.35,1509.12
1181655000,1509.12,1511.33,1492.97,1493
1181741400,1493.5,1515.7,1492.65,1515.67
1181827800,1515.65,1526.45,1515.58,1522.97
1181914200,1525.46,1538.71,1525.46,1532.91
1182173400,1533.28,1535.44,1529.31,1531.05
1182259800,1531.02,1535.85,1525.67,1533.7
1182346200,1534.19,1537.32,1512.36,1512.84
1182432600,1512.47,1522.9,1504.75,1522.19
1182519000,1522.19,1522.19,1500.74,1502.56
1182778200,1502.68,1514.29,1492.68,1497.74
1182864600,1497.68,1506.12,1490.54,1492.89
1182951000,1491.46,1506.8,1484.18,1506.34
1183037400,1506.22,1514.84,1503.41,1505.71
1183123800,1505.7,1517.53,1493.61,1503.35
1183383000,1506.14,1519.45,1504.66,1519.43
1183469400,1519.12,1526.01,1519.12,1524.87
1183642200,1524.86,1526.57,1517.72,1525.4
1183728600,1524.77,1532.4,1520.47,1530.44
1183987800,1530.48,1534.21,1527.53,1531.85
1184074200,1530.59,1531.85,1510.06,1510.12
1184160600,1509.93,1519.27,1506.64,1518.76
1184247000,1520.28,1547.91,1518.74,1547.7
1184333400,1546.61,1555.1,1544.85,1552.5
1184592600,1552.5,1555.9,1546.69,1549.52
1184679000,1549.52,1555.22,1547.91,1549.37
1184765400,1549.2,1549.2,1533.68,1546.17
1184851800,1546.97,1555.24,1546.13,1553.08
1184938200,1553.19,1553.19,1529.47,1534.1
1185197400,1541.25,1547.02,1534.06,1541.57
1185283800,1541.57,1541.57,1508.74,1511.04
1185370200,1511.03,1524.31,1503.73,1518.09
1185456600,1515.95,1518.09,1465.95,1482.66
1185543000,1482.82,1488.37,1458.95,1458.95
1185802200,1458.93,1477.69,1454.24,1473.91
1185888600,1476.03,1488.4,1454.22,1455.27
1185975000,1454.4,1467.8,1439.64,1465.81
1186061400,1465.46,1476.13,1460.73,1472.2
1186147800,1471.96,1473.23,1432.8,1433.06
1186407000,1433.04,1467.67,1427.36,1467.67
1186493400,1467.62,1488.42,1456.9,1476.71
1186579800,1476.22,1503.41,1476.22,1497.49
1186666200,1497.21,1497.21,1453.09,1453.09
1186752600,1450.05,1462.02,1429.74,1453.64
1187011800,1455.41,1466.29,1451.54,1452.92
1187098200,1452.87,1456.74,1426.2,1426.54
1187184600,1425.65,1440.78,1404.36,1406.7
1187271000,1406.64,1415.97,1370.6,1411.27
1187357400,1415.51,1450.33,1411.26,1445.94
1187616600,1445.94,1451.75,1430.54,1445.55
1187703000,1444.55,1455.32,1439.76,1447.12
1187789400,1447.03,1464.86,1447.03,1464.07
1187875800,1465.07,1472.06,1453.88,1462.5
1187962200,1462.34,1479.4,1460.54,1479.37
1188221400,1478.52,1479.36,1465.98,1466.79
1188307800,1464.89,1466.72,1432.01,1432.36
1188394200,1433.61,1463.76,1432.01,1463.76
1188480600,1463.67,1468.43,1451.25,1457.64
1188567000,1457.61,1481.47,1457.61,1473.99
1188912600,1473.96,1496.4,1472.15,1489.42
1188999000,1488.76,1488.76,1466.34,1472.29
1189085400,1472.03,1481.49,1467.41,1478.55
1189171800,1475.02,1475.02,1449.07,1453.55
1189431000,1455.38,1462.25,1439.29,1451.7
1189517400,1452.95,1472.48,1451.69,1471.49
1189603800,1471.1,1479.5,1465.75,1471.56
1189690200,1471.47,1489.58,1471.47,1483.95
1189776600,1482.4,1485.99,1473.18,1484.25
1190035800,1483.19,1484.24,1471.82,1476.65
1190122200,1477.67,1519.89,1476.63,1519.78
1190208600,1519.75,1538.74,1519.75,1529.03
1190295000,1528.69,1529.14,1516.42,1518.75
1190381400,1520.11,1530.89,1518.75,1525.75
1190640600,1526.21,1530.18,1516.15,1517.73
1190727000,1516.34,1518.27,1507.13,1517.21
1190813400,1518.62,1529.39,1518.62,1525.42
1190899800,1527.32,1532.46,1525.81,1531.38
1190986200,1531.24,1533.74,1521.99,1526.75
1191245400,1527.29,1549.02,1527.25,1547.04
1191331800,1546.96,1548.01,1540.37,1546.63
1191418200,1545.8,1545.84,1536.34,1539.59
1191504600,1539.91,1544.02,1537.63,1542.84
1191591000,1539.6,1561.91,1539.6,1557.59
1191850200,1553.71,1556.51,1549,1552.58
1191936600,1553.18,1565.27,1551.81,1565.15
1192023000,1564.98,1565.36,1555.46,1562.47
1192109400,1564.72,1576.09,1546.72,1554.41
1192195800,1555.41,1563.03,1554.09,1561.8
1192455000,1562.25,1564.74,1540.81,1548.71
1192541400,1547.81,1547.81,1536.29,1538.53
1192627800,1544.44,1550.66,1526.01,1541.24
1192714200,1539.29,1542.79,1531.76,1540.08
1192800600,1540,1540,1500.26,1500.63
1193059800,1497.79,1508.06,1490.4,1506.33
1193146200,1509.3,1520.01,1503.61,1519.59
1193232600,1516.61,1517.23,1489.56,1515.88
1193319000,1516.15,1523.24,1500.46,1514.4
1193405400,1522.17,1535.53,1520.18,1535.28
1193664600,1536.92,1544.67,1536.43,1540.98
1193751000,1539.42,1539.42,1529.55,1531.02
1193837400,1532.15,1552.76,1529.4,1549.38
1193923800,1545.79,1545.79,1506.66,1508.44
1194010200,1511.07,1513.15,1492.53,1509.65
1194273000,1505.61,1510.84,1489.95,1502.17
1194359400,1505.33,1520.77,1499.07,1520.27
1194445800,1515.46,1515.46,1475.04,1475.62
1194532200,1475.27,1482.5,1450.31,1474.77
1194618600,1467.59,1474.09,1448.51,1453.7
1194877800,1453.66,1464.94,1438.53,1439.18
1194964200,1441.35,1481.37,1441.35,1481.05
1195050600,1483.4,1492.14,1466.47,1470.58
1195137000,1468.04,1472.67,1443.49,1451.15
1195223400,1453.09,1462.18,1443.99,1458.74
1195482600,1456.7,1456.7,1430.42,1433.27
1195569000,1434.51,1452.64,1419.28,1439.7
1195655400,1434.71,1436.4,1415.64,1416.77
1195828200,1417.62,1440.86,1417.62,1440.7
1196087400,1440.74,1446.09,1406.1,1407.22
1196173800,1409.59,1429.49,1407.43,1428.23
1196260200,1432.95,1471.62,1432.95,1469.02
1196346600,1467.41,1473.81,1458.36,1469.72
1196433000,1471.83,1488.74,1469.72,1481.14
1196692200,1479.63,1481.16,1470.08,1472.42
1196778600,1471.34,1471.34,1460.66,1462.79
1196865000,1465.22,1485.85,1462.06,1485.01
1196951400,1484.59,1508.02,1482.19,1507.34
1197037800,1508.6,1510.63,1502.66,1504.66
1197297000,1505.11,1518.27,1504.96,1515.96
1197383400,1516.68,1523.57,1475.99,1477.65
1197469800,1487.58,1511.96,1468.23,1486.59
1197556200,1483.27,1489.4,1469.21,1488.41
1197642600,1486.19,1486.67,1467.78,1467.95
1197901800,1465.05,1467.92,1445.46,1445.9
1197988200,1445.92,1460.16,1435.65,1454.98
1198074600,1454.7,1464.4,1445.49,1453
1198161000,1456.42,1461.53,1447.22,1460.12
1198247400,1463.19,1485.4,1463.19,1484.46
1198506600,1484.55,1497.63,1484.55,1496.45
1198679400,1495.12,1498.85,1488.2,1497.66
1198765800,1495.05,1495.05,1475.86,1476.37
1198852200,1479.83,1488.01,1471.7,1478.49
1199111400,1475.25,1475.83,1465.13,1468.36
1199284200,1467.97,1471.77,1442.07,1447.16
1199370600,1447.55,1456.8,1443.73,1447.16
1199457000,1444.01,1444.01,1411.19,1411.63
1199716200,1414.07,1423.87,1403.45,1416.18
1199802600,1415.71,1430.28,1388.3,1390.19
1199889000,1390.25,1409.19,1378.7,1409.13
1199975400,1406.78,1429.07,1395.3,1420.33
1200061800,1419.91,1419.91,1394.83,1401.02
1200321000,1402.91,1417.89,1402.91,1416.25
1200407400,1411.88,1411.88,1380.6,1380.95
1200493800,1377.41,1391.99,1364.27,1373.2
1200580200,1374.79,1377.72,1330.67,1333.25
1200666600,1333.9,1350.28,1312.51,1325.19
1201012200,1325.19,1325.19,1274.29,1310.5
1201098600,1310.41,1339.09,1270.05,1338.6
1201185000,1340.13,1355.15,1334.31,1352.07
1201271400,1357.32,1368.56,1327.5,1330.61
1201530600,1330.7,1353.97,1322.26,1353.97
1201617000,1355.94,1364.93,1350.19,1362.3
1201703400,1362.22,1385.86,1352.95,1355.81
1201789800,1351.98,1385.62,1334.08,1378.55
1201876200,1378.6,1396.02,1375.93,1395.42
1202135400,1395.38,1395.38,1379.69,1380.82
1202221800,1380.28,1380.28,1336.64,1336.64
1202308200,1339.48,1351.96,1324.34,1326.45
1202394600,1324.01,1347.16,1316.75,1336.91
1202481000,1336.88,1341.22,1321.06,1331.29
1202740200,1331.92,1341.4,1320.32,1339.13
1202826600,1340.55,1362.1,1339.36,1348.86
1202913000,1353.12,1369.23,1350.78,1367.21
1202999400,1367.33,1368.16,1347.31,1348.86
1203085800,1347.52,1350,1338.13,1349.99
1203431400,1357.98,1367.28,1345.05,1348.78
1203517800,1348.39,1363.71,1336.55,1360.03
1203604200,1362.21,1367.94,1339.34,1342.53
1203690600,1344.22,1354.3,1327.04,1353.11
1203949800,1352.75,1374.36,1346.03,1371.8
1204036200,1371.76,1387.34,1363.29,1381.29
1204122600,1378.95,1388.34,1372,1380.02
1204209000,1378.16,1378.16,1363.16,1367.68
1204295400,1364.07,1364.07,1325.42,1330.63
1204554600,1330.45,1335.13,1320.04,1331.34
1204641000,1329.58,1331.03,1307.39,1326.75
1204727400,1327.69,1344.19,1320.22,1333.7
1204813800,1332.2,1332.2,1303.42,1304.34
1204900200,1301.53,1313.24,1282.43,1293.37
1205155800,1293.16,1295.01,1272.66,1273.37
1205242200,1274.4,1320.65,1274.4,1320.65
1205328600,1321.13,1333.26,1307.86,1308.77
1205415000,1305.26,1321.68,1282.11,1315.48
1205501400,1316.05,1321.47,1274.86,1288.14
1205760600,1283.21,1287.5,1256.98,1276.6
1205847000,1277.16,1330.74,1277.16,1330.74
1205933400,1330.97,1341.51,1298.42,1298.42
1206019800,1299.67,1330.67,1295.22,1329.51
1206365400,1330.29,1359.68,1330.29,1349.88
1206451800,1349.07,1357.47,1341.21,1352.99
1206538200,1352.45,1352.45,1336.41,1341.13
1206624600,1340.34,1345.62,1325.66,1325.66
1206711000,1327.02,1334.87,1312.95,1315.22
1206970200,1315.92,1328.52,1312.81,1322.7
1207056600,1326.41,1370.18,1326.41,1370.18
1207143000,1369.96,1377.95,1361.55,1367.53
1207229400,1365.69,1375.66,1358.68,1369.31
1207315800,1369.85,1380.91,1362.83,1370.4
1207575000,1373.69,1386.74,1369.02,1372.54
1207661400,1370.16,1370.16,1360.62,1365.54
1207747800,1365.5,1368.39,1349.97,1354.49
1207834200,1355.37,1367.24,1350.11,1360.55
1207920600,1357.98,1357.98,1331.21,1332.83
1208179800,1332.2,1335.64,1326.16,1328.32
1208266200,1331.72,1337.72,1324.35,1334.43
1208352600,1337.02,1365.49,1337.02,1364.71
1208439000,1363.37,1368.6,1357.25,1365.56
1208525400,1369,1395.9,1369,1390.33
1208784600,1387.72,1390.23,1379.25,1388.17
1208871000,1386.43,1386.43,1369.84,1375.94
1208957400,1378.4,1387.87,1372.24,1379.93
1209043800,1380.52,1397.72,1371.09,1388.82
1209130200,1387.88,1399.11,1379.98,1397.84
1209389400,1398.33,1402.9,1394.4,1396.37
1209475800,1395.61,1397,1386.7,1390.94
1209562200,1391.22,1404.57,1384.25,1385.59
1209648600,1385.97,1410.07,1383.07,1409.34
1209735000,1409.16,1422.72,1406.25,1413.9
1209994200,1412.77,1415.7,1404.37,1407.49
1210080600,1405.6,1421.57,1397.1,1418.26
1210167000,1417.49,1419.54,1391.16,1392.57
1210253400,1394.29,1402.35,1389.39,1397.68
1210339800,1394.9,1394.9,1384.11,1388.28
1210599000,1389.4,1404.06,1386.2,1403.58
1210685400,1404.4,1406.3,1396.26,1403.04
1210771800,1405.65,1420.19,1405.65,1408.66
1210858200,1408.36,1424.4,1406.87,1423.57
1210944600,1423.89,1425.82,1414.35,1425.35
1211203800,1425.28,1440.24,1421.63,1426.63
1211290200,1424.49,1424.49,1409.09,1413.4
1211376600,1414.06,1419.12,1388.81,1390.71
1211463000,1390.83,1399.07,1390.23,1394.35
1211549400,1392.2,1392.2,1373.72,1375.93
1211895000,1375.97,1387.4,1373.07,1385.35
1211981400,1386.54,1391.25,1378.16,1390.84
1212067800,1391.05,1406.32,1388.66,1398.26
1212154200,1398.36,1404.46,1398.08,1400.38
1212413400,1399.62,1399.62,1377.79,1385.67
1212499800,1386.42,1393.12,1370.12,1377.65
1212586200,1376.26,1388.18,1371.74,1377.2
1212672600,1377.48,1404.05,1377.48,1404.05
1212759000,1400.06,1400.06,1359.9,1360.68
1213018200,1360.83,1370.63,1350.62,1361.76
1213104600,1358.98,1366.84,1351.56,1358.44
1213191000,1357.09,1357.09,1335.47,1335.49
1213277400,1335.78,1353.03,1331.29,1339.87
1213363800,1341.81,1360.03,1341.71,1360.03
1213623000,1358.85,1364.7,1352.07,1360.14
1213709400,1360.71,1366.59,1350.54,1350.93
1213795800,1349.59,1349.59,1333.4,1337.81
1213882200,1336.89,1347.66,1330.5,1342.83
1213968600,1341.02,1341.02,1314.46,1317.93
1214227800,1319.77,1323.78,1315.31,1318
1214314200,1317.23,1326.02,1304.42,1314.29
1214400600,1314.54,1335.63,1314.54,1321.97
1214487000,1316.29,1316.29,1283.15,1283.15
1214573400,1283.6,1289.45,1272,1278.38
1214832600,1278.06,1290.31,1274.86,1280
1214919000,1276.68,1285.31,1260.68,1284.91
1215005400,1285.81,1292.17,1261.51,1261.52
1215091800,1262.96,1271.48,1252.01,1262.9
1215437400,1262.9,1273.95,1240.68,1252.31
1215523800,1251.84,1274.17,1242.84,1273.7
1215610200,1273.38,1277.36,1244.57,1244.68
1215696600,1245.25,1257.65,1236.76,1253.39
1215783000,1248.66,1257.27,1225.35,1239.49
1216042200,1241.61,1253.5,1225.01,1228.3
1216128600,1226.82,1234.35,1200.44,1214.91
1216215000,1214.65,1245.52,1211.39,1245.36
1216301400,1246.31,1262.31,1241.49,1260.32
1216387800,1258.22,1262.23,1251.81,1260.68
1216647000,1261.81,1267.74,1255.7,1260
1216733400,1257.07,1277.42,1248.82,1277
1216819800,1278.87,1291.17,1276.06,1282.19
1216906200,1283.22,1283.22,1251.48,1252.54
1216992600,1253.51,1263.23,1251.75,1257.76
1217251800,1257.76,1260.09,1234.37,1234.37
1217338200,1236.38,1263.2,1236.38,1263.19
1217424600,1264.52,1284.33,1264.52,1284.26
1217511000,1281.37,1284.93,1265.97,1267.38
1217597400,1269.42,1270.52,1254.54,1260.31
1217856600,1260.16,1260.49,1247.45,1249.01
1217943000,1254.87,1284.88,1254.67,1284.88
1218029400,1283.99,1291.67,1276,1289.19
1218115800,1286.51,1286.51,1264.29,1266.06
1218202200,1266.29,1297.85,1262.11,1296.31
1218461400,1294.42,1313.15,1291.41,1305.31
1218547800,1304.79,1304.79,1285.64,1289.59
1218634200,1288.64,1294.03,1274.86,1285.83
1218720600,1282.11,1300.11,1276.84,1292.93
1218807000,1293.85,1302.05,1290.74,1298.2
1219066200,1298.14,1300.22,1274.51,1278.6
1219152600,1276.65,1276.65,1263.11,1266.69
1219239000,1267.34,1276.01,1261.16,1274.54
1219325400,1267.9,1281.4,1265.22,1277.72
1219411800,1277.59,1293.09,1277.59,1292.2
1219671000,1290.47,1290.47,1264.87,1266.84
1219757400,1267.03,1275.65,1263.21,1271.51
1219843800,1271.29,1285.05,1270.03,1281.66
1219930200,1283.79,1300.68,1283.79,1300.68
1220016600,1296.49,1297.59,1282.74,1282.83
1220362200,1287.82,1303.04,1272.2,1277.57
1220448600,1276.61,1280.6,1265.59,1274.98
1220535000,1271.8,1271.8,1232.83,1236.83
1220621400,1233.21,1244.94,1217.23,1242.31
1220880600,1249.5,1274.42,1247.12,1267.79
1220967000,1267.98,1268.66,1224.51,1224.51
1221053400,1227.5,1243.9,1221.6,1232.04
1221139800,1229.04,1249.98,1211.54,1249.05
1221226200,1245.88,1255.09,1233.81,1251.7
1221485400,1250.92,1250.92,1192.7,1192.7
1221571800,1188.31,1214.84,1169.28,1213.59
1221658200,1210.34,1210.34,1155.88,1156.39
1221744600,1157.07,1211.14,1133.5,1206.51
1221831000,1213.11,1265.12,1213.11,1255.08
1222090200,1255.37,1255.37,1205.61,1207.09
1222176600,1207.61,1221.15,1187.06,1188.22
1222263000,1188.79,1197.41,1179.79,1185.87
1222349400,1187.87,1220.03,1187.87,1209.18
1222435800,1204.47,1215.77,1187.54,1213.01
1222695000,1209.06,1209.07,1106.39,1106.39
1222781400,1113.78,1168.03,1113.78,1166.36
1222867800,1164.17,1167.03,1140.77,1161.06
1222954200,1160.64,1160.64,1111.43,1114.28
1223040600,1115.16,1153.82,1098.14,1099.23
1223299800,1097.56,1097.56,1007.97,1056.89
1223386200,1057.6,1072.91,996.23,996.23
1223472600,988.91,1021.06,970.97,984.94
1223559000,988.42,1005.25,909.19,909.92
1223645400,902.31,936.36,839.8,899.22
1223904600,912.75,1006.93,912.75,1003.35
1223991000,1009.97,1044.31,972.07,998.01
1224077400,994.6,994.6,903.99,907.84
1224163800,909.53,947.71,865.83,946.43
1224250200,942.29,984.64,918.74,940.55
1224509400,943.51,985.4,943.51,985.4
1224595800,980.4,985.44,952.47,955.05
1224682200,951.67,951.67,875.81,896.78
1224768600,899.08,922.83,858.44,908.11
1224855000,895.22,896.3,852.85,876.77
1225114200,874.28,893.78,846.75,848.92
1225200600,848.92,940.51,845.27,940.51
1225287000,939.51,969.97,922.26,930.09
1225373400,939.38,963.23,928.5,954.09
1225459800,953.11,984.38,944.59,968.75
1225722600,968.67,975.57,958.82,966.3
1225809000,971.31,1007.51,971.31,1005.75
1225895400,1001.84,1001.84,949.86,952.77
1225981800,952.4,952.4,899.73,904.88
1226068200,907.44,931.46,906.9,930.99
1226327400,936.75,951.95,907.47,919.21
1226413800,917.15,917.15,884.9,898.95
1226500200,893.39,893.39,850.48,852.3
1226586600,853.13,913.01,818.69,911.29
1226673000,891.96,893.77,871.13,873.29
1226932200,873.23,882.29,848.98,850.75
1227018600,852.34,865.9,826.84,859.12
1227105000,859.03,864.57,806.18,806.58
1227191400,805.87,820.52,747.78,752.44
1227277800,785.3,801.2,775.47,800.03
1227537000,801.2,865.6,801.2,851.81
1227623400,853.4,868.94,834.99,857.39
1227709800,852.9,887.68,841.37,887.68
1227882600,886.89,896.25,881.21,896.24
1228141800,888.61,888.61,815.69,816.21
1228228200,817.94,850.54,817.94,848.81
1228314600,843.6,873.12,827.6,870.74
1228401000,869.75,875.6,833.6,845.22
1228487400,844.43,879.42,818.41,876.07
1228746600,882.71,918.57,882.71,909.7
1228833000,906.48,916.26,885.38,888.67
1228919400,892.17,908.27,885.45,899.24
1229005800,898.35,904.63,868.73,873.59
1229092200,871.79,883.24,851.35,879.73
1229351400,881.07,884.63,857.72,868.57
1229437800,871.53,914.66,871.53,913.18
1229524200,908.16,918.85,895.94,904.42
1229610600,905.98,911.02,877.44,885.28
1229697000,886.96,905.47,883.02,887.88
1229956200,887.2,887.37,857.09,871.63
1230042600,874.31,880.44,860.1,863.16
1230129000,863.87,866.59,861.44,865.42
1230301800,869.51,873.74,866.52,872.8
1230561000,872.37,873.7,857.07,869.42
1230647400,870.58,891.12,870.58,890.64
1230733800,890.59,910.32,889.67,903.25
1230906600,902.99,934.73,899.35,931.8
1231165800,929.17,936.63,919.53,927.45
1231252200,931.17,943.85,927.28,934.7
1231338600,927.45,927.45,902.37,906.65
1231425000,905.73,910,896.81,909.73
1231511400,909.91,911.93,888.31,890.35
1231770600,890.4,890.4,864.32,870.26
1231857000,869.79,877.02,862.02,871.79
1231943400,867.28,867.28,836.93,842.62
1232029800,841.99,851.59,817.04,843.74
1232116200,844.45,858.13,830.66,850.12
1232461800,849.64,849.64,804.47,805.22
1232548200,806.77,841.72,804.3,840.24
1232634600,839.74,839.74,811.29,827.5
1232721000,822.16,838.61,806.07,831.95
1232980200,832.5,852.53,827.69,836.57
1233066600,837.3,850.45,835.4,845.71
1233153000,845.73,877.86,845.73,874.09
1233239400,868.89,868.89,844.15,845.14
1233325800,845.69,851.66,821.67,825.88
1233585000,823.09,830.78,812.87,825.44
1233671400,825.69,842.6,821.98,838.51
1233757800,837.77,851.85,829.18,832.23
1233844200,831.75,850.55,819.91,845.85
1233930600,846.09,870.75,845.42,868.6
1234189800,868.24,875.01,861.65,869.89
1234276200,866.87,868.05,822.99,827.16
1234362600,827.41,838.22,822.3,833.74
1234449000,829.91,835.48,808.06,835.19
1234535400,833.95,839.43,825.21,826.84
1234881000,818.61,818.61,789.17,789.17
1234967400,791.06,796.17,780.43,788.42
1235053800,787.91,797.58,777.03,778.94
1235140200,775.87,778.69,754.25,770.05
1235399400,773.25,777.85,742.37,743.33
1235485800,744.69,775.49,744.69,773.14
1235572200,770.64,780.12,752.89,764.9
1235658600,765.76,779.42,751.75,752.83
1235745000,749.93,751.27,734.52,735.09
1236004200,729.57,729.57,699.7,700.82
1236090600,704.44,711.67,692.3,696.33
1236177000,698.6,724.12,698.6,712.87
1236263400,708.27,708.27,677.93,682.55
1236349800,684.04,699.09,666.79,683.38
1236605400,680.76,695.27,672.88,676.53
1236691800,679.28,719.6,679.28,719.6
1236778200,719.59,731.92,713.85,721.36
1236864600,720.89,752.63,714.76,750.74
1236951000,751.97,758.29,742.46,756.55
1237210200,758.84,774.53,753.37,753.89
1237296600,753.88,778.12,749.93,778.12
1237383000,776.01,803.04,765.64,794.35
1237469400,797.92,803.24,781.82,784.04
1237555800,784.58,788.91,766.2,768.54
1237815000,772.31,823.37,772.31,822.92
1237901400,820.6,823.65,805.48,806.25
1237987800,806.81,826.78,791.37,813.88
1238074200,814.06,832.98,814.06,832.86
1238160600,828.68,828.68,813.43,815.94
1238419800,809.07,809.07,779.81,787.53
1238506200,790.88,810.48,790.88,797.87
1238592600,793.59,813.62,783.32,811.08
1238679000,814.53,845.61,814.53,834.38
1238765400,835.13,842.5,826.7,842.5
1239024600,839.75,839.75,822.79,835.48
1239111000,817.98,825.56,814.53,815.55
1239197400,816.76,828.42,814.84,825.16
1239283800,829.29,856.91,829.29,856.56
1239629400,855.33,864.31,845.35,858.73
1239715800,856.88,856.88,840.25,841.5
1239802200,839.44,852.93,835.58,852.06
1239888600,854.54,870.35,847.04,865.3
1239975000,865.18,875.63,860.87,869.6
1240234200,868.27,868.27,832.39,832.39
1240320600,831.25,850.09,826.83,850.08
1240407000,847.26,861.78,840.57,843.55
1240493400,844.62,852.87,835.45,851.92
1240579800,853.91,871.8,853.91,866.23
1240839000,862.82,868.83,854.65,857.51
1240925400,854.48,864.48,847.12,855.16
1241011800,856.85,882.06,856.85,873.64
1241098200,876.59,888.7,868.51,872.81
1241184600,872.74,880.48,866.1,877.52
1241443800,879.21,907.85,879.21,907.24
1241530200,906.1,907.7,897.34,903.8
1241616600,903.95,920.28,903.95,919.53
1241703000,919.58,929.58,901.36,907.39
1241789400,909.03,930.17,909.03,929.23
1242048600,913.82,922.99,908.68,909.24
1242135000,910.52,915.57,896.46,908.35
1242221400,905.4,905.4,882.8,883.92
1242307800,884.24,898.36,882.52,893.07
1242394200,892.76,896.97,878.94,882.88
1242653400,886.07,910,886.07,909.71
1242739800,909.67,916.39,905.22,908.13
1242826200,908.62,924.6,901.37,903.47
1242912600,900.42,900.42,879.61,888.33
1242999000,888.68,896.65,883.75,887
1243344600,887,911.76,881.46,910.33
1243431000,909.95,913.84,891.87,893.06
1243517400,892.96,909.45,887.6,906.83
1243603800,907.02,920.02,903.56,919.14
1243863000,923.26,947.77,923.26,942.87
1243949400,942.87,949.38,938.46,944.74
1244035800,942.51,942.51,923.85,931.76
1244122200,932.49,942.47,929.32,942.46
1244208600,945.67,951.69,934.13,940.09
1244467800,938.12,946.33,926.44,939.14
1244554200,940.35,946.92,936.15,942.43
1244640600,942.73,949.77,927.97,939.15
1244727000,939.04,956.23,939.04,944.89
1244813400,943.44,946.3,935.66,946.21
1245072600,942.45,942.45,919.65,923.72
1245159000,925.6,928,911.6,911.97
1245245400,911.89,918.44,903.78,910.71
1245331800,910.86,921.93,907.94,918.37
1245418200,919.96,927.09,915.8,921.23
1245677400,918.13,918.13,893.04,893.04
1245763800,893.46,898.69,888.86,895.1
1245850200,896.31,910.85,896.31,900.94
1245936600,899.45,921.42,896.27,920.26
1246023000,918.84,922,913.03,918.9
1246282200,919.86,927.99,916.18,927.23
1246368600,927.15,930.01,912.86,919.32
1246455000,920.82,931.92,920.82,923.33
1246541400,921.24,921.24,896.42,896.42
1246887000,894.27,898.72,886.36,898.72
1246973400,898.6,898.6,879.93,881.03
1247059800,881.9,886.8,869.32,879.56
1247146200,881.28,887.86,878.45,882.68
1247232600,880.03,883.57,872.81,879.13
1247491800,879.57,901.05,875.32,901.05
1247578200,900.77,905.84,896.5,905.84
1247664600,910.15,933.95,910.15,932.68
1247751000,930.17,943.96,927.45,940.74
1247837400,940.56,941.89,934.65,940.38
1248096600,942.07,951.62,940.99,951.13
1248183000,951.97,956.53,943.22,954.58
1248269400,953.4,959.83,947.75,954.07
1248355800,953.87,979.42,953.27,976.29
1248442200,972.16,979.79,965.95,979.26
1248701400,978.63,982.49,972.29,982.18
1248787800,981.48,982.35,969.35,979.62
1248874200,977.66,977.76,968.65,975.15
1248960600,976.01,996.68,976.01,986.75
1249047000,986.8,993.18,982.85,987.48
1249306200,990.22,1003.61,990.22,1002.63
1249392600,1001.41,1007.12,996.68,1005.65
1249479000,1005.41,1006.64,994.31,1002.72
1249565400,1004.06,1008,992.49,997.08
1249651800,999.83,1018,999.83,1010.48
1249911000,1008.89,1010.12,1000.99,1007.1
1249997400,1005.77,1005.77,992.4,994.35
1250083800,994,1012.78,993.36,1005.81
1250170200,1005.86,1012.78,1001.02,1012.73
1250256600,1012.23,1012.6,994.6,1004.09
1250515800,998.18,998.18,978.51,979.73
1250602200,980.62,991.2,980.62,989.67
1250688600,986.88,999.61,980.62,996.46
1250775000,996.41,1008.92,996.39,1007.37
1250861400,1009.06,1027.59,1009.06,1026.13
1251120600,1026.59,1035.82,1022.48,1025.57
1251207000,1026.63,1037.75,1026.21,1028
1251293400,1027.35,1032.47,1021.57,1028.12
1251379800,1027.81,1033.33,1016.2,1030.98
1251466200,1031.62,1039.47,1023.13,1028.93
1251725400,1025.21,1025.21,1014.62,1020.62
1251811800,1019.52,1028.45,996.28,998.04
1251898200,996.07,1000.34,991.97,994.75
1251984600,996.12,1003.43,992.25,1003.24
1252071000,1003.84,1016.48,1001.65,1016.4
1252416600,1018.67,1026.07,1018.67,1025.39
1252503000,1025.36,1036.34,1023.97,1033.37
1252589400,1032.99,1044.14,1028.04,1044.14
1252675800,1043.92,1048.18,1038.4,1042.73
1252935000,1040.15,1049.74,1035,1049.34
1253021400,1049.03,1056.04,1043.42,1052.63
1253107800,1053.99,1068.76,1052.87,1068.76
1253194200,1067.87,1074.77,1061.2,1065.49
1253280600,1066.6,1071.52,1064.27,1068.3
1253539800,1067.14,1067.28,1057.46,1064.66
1253626200,1066.35,1073.81,1066.35,1071.66
1253712600,1072.68,1080.15,1060.39,1060.87
1253799000,1062.56,1066.29,1045.85,1050.78
1253885400,1049.48,1053.47,1041.17,1044.38
1254144600,1045.38,1065.13,1045.38,1062.98
1254231000,1063.68,1069.62,1057.83,1060.61
1254317400,1061.02,1063.4,1046.47,1057.08
1254403800,1054.91,1054.91,1029.45,1029.85
1254490200,1029.71,1030.6,1019.95,1025.21
1254749400,1026.87,1042.58,1025.92,1040.46
1254835800,1042.02,1060.55,1042.02,1054.72
1254922200,1053.65,1058.02,1050.1,1057.58
1255008600,1060.03,1070.67,1060.03,1065.48
1255095000,1065.28,1071.51,1063,1071.49
1255354200,1071.63,1079.46,1071.63,1076.19
1255440600,1074.96,1075.3,1066.71,1073.19
1255527000,1078.68,1093.17,1078.68,1092.02
1255613400,1090.36,1096.56,1086.41,1096.56
1255699800,1094.67,1094.67,1081.53,1087.68
1255959000,1088.22,1100.17,1086.48,1097.91
1256045400,1098.64,1098.64,1086.16,1091.06
1256131800,1090.36,1101.36,1080.77,1081.4
1256218200,1080.96,1095.21,1074.31,1092.91
1256304600,1095.62,1095.83,1075.49,1079.6
1256563800,1080.36,1091.75,1065.23,1066.95
1256650200,1067.54,1072.48,1060.62,1063.41
1256736600,1061.51,1063.26,1042.19,1042.63
1256823000,1043.69,1066.83,1043.69,1066.11
1256909400,1065.41,1065.41,1033.38,1036.19
1257172200,1036.18,1052.18,1029.38,1042.88
1257258600,1040.92,1046.36,1033.94,1045.41
1257345000,1047.14,1061,1045.15,1046.5
1257431400,1047.3,1066.65,1047.3,1066.63
1257517800,1064.95,1071.48,1059.32,1069.3
1257777000,1072.31,1093.19,1072.31,1093.08
1257863400,1091.86,1096.42,1087.4,1093.01
1257949800,1096.04,1105.37,1093.81,1098.51
1258036200,1098.31,1101.97,1084.9,1087.24
1258122600,1087.59,1097.79,1085.33,1093.48
1258381800,1094.13,1113.69,1094.13,1109.3
1258468200,1109.22,1110.52,1102.19,1110.32
1258554600,1109.43,1111.1,1102.7,1109.8
1258641000,1106.43,1106.43,1088.4,1094.9
1258727400,1094.66,1094.66,1086.81,1091.38
1258986600,1094.86,1112.38,1094.86,1106.24
1259073000,1105.82,1107.56,1097.63,1105.65
1259159400,1106.49,1111.18,1104.75,1110.63
1259332200,1105.47,1105.47,1083.74,1091.49
1259591400,1091.07,1097.24,1086.25,1095.63
1259677800,1098.89,1112.28,1098.89,1108.86
1259764200,1109.03,1115.58,1105.29,1109.24
1259850600,1110.59,1117.28,1098.74,1099.92
1259937000,1100.43,1119.13,1096.52,1105.98
1260196200,1105.52,1110.72,1100.83,1103.25
1260282600,1103.04,1103.04,1088.61,1091.94
1260369000,1091.06,1097.04,1085.89,1095.95
1260455400,1098.68,1106.25,1098.68,1102.35
1260541800,1103.96,1108.5,1101.34,1106.41
1260801000,1107.84,1114.76,1107.84,1114.11
1260887400,1114.11,1114.11,1105.35,1107.93
1260973800,1108.61,1116.21,1107.96,1109.18
1261060200,1106.36,1106.36,1095.88,1096.08
1261146600,1097.86,1103.74,1093.88,1102.47
1261405800,1105.31,1117.68,1105.31,1114.05
1261492200,1114.51,1120.27,1114.51,1118.02
1261578600,1118.84,1121.58,1116,1120.59
1261665000,1121.07,1126.48,1121.07,1126.48
1262010600,1127.53,1130.38,1123.51,1127.78
1262097000,1128.55,1130.38,1126.08,1126.19
1262183400,1125.53,1126.42,1121.94,1126.42
1262269800,1126.6,1127.64,1114.81,1115.1
1262615400,1116.56,1133.87,1116.56,1132.99
1262701800,1132.66,1136.63,1129.66,1136.52
1262788200,1135.71,1139.19,1133.95,1137.14
1262874600,1136.27,1142.46,1131.32,1141.69
1262961000,1140.52,1145.39,1136.22,1144.98
1263220200,1145.96,1149.74,1142.02,1146.98
1263306600,1143.81,1143.81,1131.77,1136.22
1263393000,1137.31,1148.4,1133.18,1145.68
1263479400,1145.68,1150.41,1143.8,1148.46
1263565800,1147.72,1147.77,1131.39,1136.03
1263911400,1136.03,1150.45,1135.77,1150.23
1263997800,1147.94,1147.95,1129.25,1138.04
1264084200,1138.68,1141.58,1114.84,1116.48
1264170600,1115.49,1115.49,1090.18,1091.76
1264429800,1092.4,1102.97,1092.4,1096.78
1264516200,1095.8,1103.69,1089.86,1092.17
1264602600,1091.94,1099.51,1083.11,1097.5
1264689000,1096.93,1100.22,1078.46,1084.53
1264775400,1087.61,1096.45,1071.59,1073.87
1265034600,1073.89,1089.38,1073.89,1089.18
1265121000,1090.05,1104.73,1087.96,1103.32
1265207400,1100.67,1102.72,1093.28,1097.28
1265293800,1097.25,1097.25,1062.78,1063.11
1265380200,1064.12,1067.13,1044.5,1066.19
1265639400,1065.51,1071.2,1056.51,1056.74
1265725800,1060.06,1079.28,1060.06,1070.52
1265812200,1069.68,1073.67,1059.34,1068.13
1265898600,1067.1,1080.04,1060.59,1078.47
1265985000,1075.95,1077.81,1062.97,1075.51
1266330600,1079.13,1095.67,1079.13,1094.87
1266417000,1096.14,1101.03,1094.72,1099.51
1266503400,1099.03,1108.24,1097.48,1106.75
1266589800,1105.49,1112.42,1100.8,1109.17
1266849000,1110,1112.29,1105.38,1108.01
1266935400,1107.49,1108.58,1092.18,1094.6
1267021800,1095.89,1106.42,1095.5,1105.24
1267108200,1101.24,1103.5,1086.02,1102.93
1267194600,1103.1,1107.24,1097.56,1104.49
1267453800,1105.36,1116.11,1105.36,1115.71
1267540200,1117.01,1123.46,1116.51,1118.31
1267626600,1119.36,1125.64,1116.58,1118.79
1267713000,1119.12,1123.73,1116.66,1122.97
1267799400,1125.12,1139.38,1125.12,1138.69
1268058600,1138.4,1141.05,1136.77,1138.5
1268145000,1137.56,1145.37,1134.9,1140.44
1268231400,1140.22,1148.26,1140.09,1145.61
1268317800,1143.96,1150.24,1138.99,1150.24
1268404200,1151.71,1153.41,1146.97,1149.99
1268659800,1148.53,1150.98,1141.45,1150.51
1268746200,1150.82,1160.28,1150.35,1159.46
1268832600,1159.93,1169.84,1159.93,1166.21
1268919000,1166.13,1167.77,1161.16,1165.82
1269005400,1166.68,1169.2,1155.33,1159.9
1269264600,1157.82,1167.82,1152.88,1165.81
1269351000,1166.47,1174.72,1163.83,1174.17
1269437400,1172.69,1173.04,1166.01,1167.72
1269523800,1170.03,1180.69,1165.09,1165.73
1269610200,1167.57,1173.93,1161.48,1166.59
1269869400,1167.71,1174.85,1167.71,1173.32
1269955800,1173.75,1177.83,1168.92,1173.27
1270042200,1171.75,1174.56,1165.77,1169.43
1270128600,1171.23,1181.43,1170.69,1178.1
1270474200,1178.71,1187.73,1178.71,1187.44
1270560600,1186.01,1191.8,1182.77,1189.43
1270647000,1188.23,1189.6,1177.25,1182.44
1270733400,1181.75,1188.55,1175.12,1186.43
1270819800,1187.47,1194.66,1187.15,1194.37
1271079000,1194.93,1199.2,1194.71,1196.48
1271165400,1195.93,1199.04,1188.82,1197.3
1271251800,1198.68,1210.65,1198.68,1210.65
1271338200,1210.77,1213.92,1208.5,1211.67
1271424600,1210.17,1210.17,1186.77,1192.13
1271683800,1192.06,1197.87,1183.68,1197.52
1271770200,1199.04,1208.58,1199.04,1207.17
1271856600,1207.16,1210.99,1198.85,1205.93
1271943000,1202.52,1210.27,1190.19,1208.67
1272029400,1207.87,1217.28,1205.1,1217.28
1272288600,1217.06,1219.8,1211.07,1212.05
1272375000,1209.92,1211.38,1181.62,1183.71
1272461400,1184.59,1195.05,1181.81,1191.36
1272547800,1193.3,1209.36,1193.3,1206.78
1272634200,1206.77,1207.99,1186.32,1186.68
1272893400,1188.57,1205.13,1188.57,1202.26
1272979800,1197.5,1197.5,1168.12,1173.6
1273066200,1169.24,1175.94,1158.15,1165.87
1273152600,1164.38,1167.58,1065.79,1128.15
1273239000,1127.04,1135.13,1094.15,1110.88
1273498200,1122.27,1163.85,1122.27,1159.73
1273584600,1156.39,1170.48,1147.71,1155.79
1273671000,1155.43,1172.87,1155.43,1171.67
1273757400,1170.04,1173.57,1156.14,1157.43
1273843800,1157.18,1157.19,1126.14,1135.68
1274103000,1136.52,1141.88,1114.96,1136.94
1274189400,1138.78,1148.66,1117.2,1120.8
1274275800,1119.57,1124.27,1100.66,1115.05
1274362200,1107.34,1107.34,1071.58,1071.59
1274448600,1067.26,1090.16,1055.9,1087.69
1274707800,1084.78,1089.95,1072.7,1073.65
1274794200,1067.42,1074.75,1040.78,1074.03
1274880600,1075.51,1090.75,1065.59,1067.95
1274967000,1074.27,1103.52,1074.27,1103.06
1275053400,1102.59,1102.59,1084.78,1089.41
1275399000,1087.3,1094.77,1069.89,1070.71
1275485400,1073.01,1098.56,1072.03,1098.38
1275571800,1098.82,1105.67,1091.81,1102.83
1275658200,1098.43,1098.43,1060.5,1064.88
1275917400,1065.84,1071.36,1049.86,1050.47
1276003800,1050.81,1063.15,1042.17,1062
1276090200,1062.75,1077.74,1052.25,1055.69
1276176600,1058.77,1087.85,1058.77,1086.84
1276263000,1082.65,1092.25,1077.12,1091.6
1276522200,1095,1105.91,1089.03,1089.63
1276608600,1091.21,1115.59,1091.21,1115.23
1276695000,1114.02,1118.74,1107.13,1114.61
1276781400,1115.98,1117.72,1105.87,1116.04
1276867800,1116.16,1121.01,1113.93,1117.51
1277127000,1122.79,1131.23,1108.24,1113.2
1277213400,1113.9,1118.5,1094.18,1095.31
1277299800,1095.57,1099.64,1085.31,1092.04
1277386200,1090.93,1090.93,1071.6,1073.69
1277472600,1075.1,1083.56,1067.89,1076.76
1277731800,1077.5,1082.6,1071.45,1074.57
1277818200,1071.1,1071.1,1035.18,1041.24
1277904600,1040.56,1048.08,1028.33,1030.71
1277991000,1031.1,1033.58,1010.91,1027.37
1278077400,1027.65,1032.95,1015.93,1022.58
1278423000,1028.09,1042.5,1018.35,1028.06
1278509400,1028.54,1060.89,1028.54,1060.27
1278595800,1062.92,1071.25,1058.24,1070.25
1278682200,1070.5,1078.16,1068.1,1077.96
1278941400,1077.23,1080.78,1070.45,1078.75
1279027800,1080.65,1099.46,1080.65,1095.34
1279114200,1095.61,1099.08,1087.68,1095.17
1279200600,1094.46,1098.66,1080.53,1096.48
1279287000,1093.85,1093.85,1063.32,1064.88
1279546200,1066.85,1074.7,1061.11,1071.25
1279632600,1064.53,1083.94,1056.88,1083.48
1279719000,1086.67,1088.96,1065.25,1069.59
1279805400,1072.14,1097.5,1072.14,1093.67
1279891800,1092.17,1103.73,1087.88,1102.66
1280151000,1102.89,1115.01,1101.3,1115.01
1280237400,1117.36,1120.95,1109.78,1113.84
1280323800,1112.84,1114.66,1103.11,1106.13
1280410200,1108.07,1115.9,1092.82,1101.53
1280496600,1098.44,1106.44,1088.01,1101.6
1280755800,1107.53,1127.3,1107.53,1125.86
1280842200,1125.34,1125.44,1116.76,1120.46
1280928600,1121.06,1128.75,1119.46,1127.24
1281015000,1125.78,1126.56,1118.81,1125.81
1281101400,1122.07,1123.06,1107.17,1121.64
1281360600,1122.8,1129.24,1120.91,1127.79
1281447000,1122.92,1127.16,1111.58,1121.06
1281533400,1116.89,1116.89,1088.55,1089.47
1281619800,1081.48,1086.72,1076.69,1083.61
1281706200,1082.22,1086.25,1079,1079.25
1281965400,1077.49,1082.62,1069.49,1079.38
1282051800,1081.16,1100.14,1081.16,1092.54
1282138200,1092.08,1099.77,1085.76,1094.16
1282224600,1092.44,1092.44,1070.66,1075.63
1282311000,1075.63,1075.63,1063.91,1071.69
1282570200,1073.36,1081.58,1067.08,1067.36
1282656600,1063.2,1063.2,1046.68,1051.87
1282743000,1048.98,1059.38,1039.83,1055.33
1282829400,1056.28,1061.45,1045.4,1047.22
1282915800,1049.27,1065.21,1039.7,1064.59
1283175000,1062.9,1064.4,1048.79,1048.92
1283261400,1046.88,1055.14,1040.88,1049.33
1283347800,1049.72,1081.3,1049.72,1080.29
1283434200,1080.66,1090.1,1080.39,1090.1
1283520600,1093.61,1105.1,1093.61,1104.51
1283866200,1102.6,1102.6,1091.15,1091.84
1283952600,1092.36,1103.26,1092.36,1098.87
1284039000,1101.15,1110.27,1101.15,1104.18
1284125400,1104.57,1110.88,1103.92,1109.55
1284384600,1113.38,1123.87,1113.38,1121.9
1284471000,1121.16,1127.36,1115.58,1121.1
1284557400,1119.43,1126.46,1114.63,1125.07
1284643800,1123.89,1125.44,1118.88,1124.66
1284730200,1126.39,1131.47,1122.43,1125.59
1284989400,1126.57,1144.86,1126.57,1142.71
1285075800,1142.82,1148.59,1136.22,1139.78
1285162200,1139.49,1144.38,1131.58,1134.28
1285248600,1131.1,1136.77,1122.79,1124.83
1285335000,1131.69,1148.9,1131.69,1148.67
1285594200,1148.64,1149.92,1142,1142.16
1285680600,1142.31,1150,1132.09,1147.7
1285767000,1146.75,1148.63,1140.26,1144.73
1285853400,1145.97,1157.16,1136.08,1141.2
1285939800,1143.49,1150.3,1139.42,1146.24
1286199000,1144.96,1148.16,1131.87,1137.03
1286285400,1140.68,1162.76,1140.68,1160.75
1286371800,1159.81,1162.33,1154.85,1159.97
1286458200,1161.57,1163.87,1151.41,1158.06
1286544600,1158.36,1167.73,1155.58,1165.15
1286803800,1165.32,1168.68,1162.02,1165.32
1286890200,1164.28,1172.58,1155.71,1169.77
1286976600,1171.32,1184.38,1171.32,1178.1
1287063000,1177.82,1178.89,1166.71,1173.81
1287149400,1177.47,1181.2,1167.12,1176.19
1287408600,1176.83,1185.53,1174.55,1184.71
1287495000,1178.64,1178.64,1159.71,1165.9
1287581400,1166.74,1182.94,1166.74,1178.17
1287667800,1179.82,1189.43,1171.17,1180.26
1287754200,1180.52,1183.93,1178.99,1183.08
1288013400,1184.74,1196.14,1184.74,1185.62
1288099800,1184.88,1187.11,1177.72,1185.64
1288186200,1183.84,1183.84,1171.7,1182.45
1288272600,1184.47,1189.53,1177.1,1183.78
1288359000,1183.87,1185.46,1179.7,1183.26
1288618200,1185.71,1195.81,1177.65,1184.38
1288704600,1187.86,1195.88,1187.86,1193.57
1288791000,1193.79,1198.3,1183.56,1197.96
1288877400,1198.34,1221.25,1198.34,1221.06
1288963800,1221.2,1227.08,1220.29,1225.85
1289226600,1223.24,1224.57,1217.55,1223.25
1289313000,1223.59,1226.84,1208.94,1213.4
1289399400,1213.14,1218.75,1204.33,1218.71
1289485800,1213.04,1215.45,1204.49,1213.54
1289572200,1209.07,1210.5,1194.08,1199.21
1289831400,1200.44,1207.43,1197.15,1197.75
1289917800,1194.79,1194.79,1173,1178.34
1290004200,1178.33,1183.56,1175.82,1178.59
1290090600,1183.75,1200.29,1183.75,1196.69
1290177000,1196.12,1199.97,1189.44,1199.73
1290436200,1198.07,1198.94,1184.58,1197.84
1290522600,1192.51,1192.51,1176.91,1180.73
1290609000,1183.7,1198.62,1183.7,1198.35
1290781800,1194.16,1194.16,1186.93,1189.4
1291041000,1194.16,1194.16,1173.64,1187.76
1291127400,1182.96,1187.4,1174.14,1180.55
1291213800,1186.6,1207.61,1186.6,1206.07
1291300200,1206.81,1221.89,1206.81,1221.53
1291386600,1219.93,1225.57,1216.82,1224.71
1291645800,1223.87,1225.8,1220.67,1223.12
1291732200,1227.25,1235.05,1223.25,1223.75
1291818600,1225.02,1228.93,1219.5,1228.28
1291905000,1230.14,1234.71,1226.85,1233
1291991400,1233.85,1240.4,1232.58,1240.4
1292250600,1242.52,1246.73,1240.34,1240.46
1292337000,1241.84,1246.59,1238.17,1241.59
1292423400,1241.58,1244.25,1234.01,1235.23
1292509800,1236.34,1243.75,1232.85,1242.87
1292596200,1243.63,1245.81,1239.87,1243.91
1292855400,1245.76,1250.2,1241.51,1247.08
1292941800,1249.43,1255.82,1249.43,1254.6
1293028200,1254.94,1259.39,1254.94,1258.84
1293114600,1257.53,1258.59,1254.05,1256.77
1293460200,1254.66,1258.43,1251.48,1257.54
1293546600,1259.1,1259.9,1256.22,1258.51
1293633000,1258.78,1262.6,1258.78,1259.78
1293719400,1259.44,1261.09,1256.32,1257.88
1293805800,1256.76,1259.34,1254.19,1257.64
1294065000,1257.62,1276.17,1257.62,1271.89
1294151400,1272.95,1274.12,1262.66,1270.2
1294237800,1268.78,1277.63,1265.36,1276.56
1294324200,1275.47,1278.17,1270.43,1273.85
1294410600,1274.41,1276.83,1261.7,1271.5
1294669800,1270.84,1271.52,1262.18,1269.75
1294756200,1272.58,1277.25,1269.62,1274.48
1294842600,1275.65,1286.87,1275.65,1285.96
1294929000,1285.78,1286.7,1280.47,1283.76
1295015400,1282.9,1293.24,1281.24,1293.24
1295361000,1293.22,1296.06,1290.16,1295.02
1295447400,1294.52,1294.6,1278.92,1281.92
1295533800,1280.85,1283.35,1271.26,1280.26
1295620200,1283.63,1291.21,1282.07,1283.35
1295879400,1283.29,1291.93,1282.47,1290.84
1295965800,1288.17,1291.26,1281.07,1291.18
1296052200,1291.97,1299.74,1291.97,1296.63
1296138600,1297.51,1301.29,1294.41,1299.54
1296225000,1299.63,1302.67,1275.1,1276.34
1296484200,1276.5,1287.17,1276.5,1286.12
1296570600,1289.14,1308.86,1289.14,1307.59
1296657000,1305.91,1307.61,1302.62,1304.03
1296743400,1302.77,1308.6,1294.83,1307.1
1296829800,1307.01,1311,1301.67,1310.87
1297089000,1311.85,1322.85,1311.85,1319.05
1297175400,1318.76,1324.87,1316.03,1324.57
1297261800,1322.48,1324.54,1314.89,1320.88
1297348200,1318.13,1322.78,1311.74,1321.87
1297434600,1318.66,1330.79,1316.08,1329.15
1297693800,1328.73,1332.96,1326.9,1332.32
1297780200,1330.43,1330.43,1324.61,1328.01
1297866600,1329.51,1337.61,1329.51,1336.32
1297953000,1334.37,1341.5,1331,1340.43
1298039400,1340.38,1344.07,1338.12,1343.01
1298385000,1338.91,1338.91,1312.33,1315.44
1298471400,1315.44,1317.91,1299.55,1307.4
1298557800,1307.47,1310.91,1294.26,1306.1
1298644200,1307.34,1320.61,1307.34,1319.88
1298903400,1321.61,1329.38,1320.55,1327.22
1298989800,1328.64,1332.09,1306.14,1306.33
1299076200,1305.47,1314.19,1302.58,1308.44
1299162600,1312.37,1332.28,1312.37,1330.97
1299249000,1330.73,1331.08,1312.59,1321.15
1299508200,1322.72,1327.68,1303.99,1310.13
1299594600,1311.05,1325.74,1306.86,1321.82
1299681000,1319.92,1323.21,1312.27,1320.02
1299767400,1315.72,1315.72,1294.21,1295.11
1299853800,1293.43,1308.35,1291.99,1304.28
1300109400,1301.19,1301.19,1286.37,1296.39
1300195800,1288.46,1288.46,1261.12,1281.87
1300282200,1279.46,1280.91,1249.05,1256.88
1300368600,1261.61,1278.88,1261.61,1273.72
1300455000,1276.71,1288.88,1276.18,1279.2
1300714200,1281.65,1300.58,1281.65,1298.38
1300800600,1298.29,1298.47,1293.77,1293.77
1300887000,1292.19,1300.51,1284.05,1297.54
1300973400,1300.61,1311.34,1297.74,1309.66
1301059800,1311.8,1319.18,1310.15,1313.8
1301319000,1315.45,1319.74,1310.19,1310.19
1301405400,1309.37,1319.45,1305.26,1319.44
1301491800,1321.89,1331.74,1321.89,1328.26
1301578200,1327.44,1329.77,1325.03,1325.83
1301664600,1329.48,1337.85,1328.89,1332.41
1301923800,1333.56,1336.74,1329.1,1332.87
1302010200,1332.03,1338.21,1330.03,1332.63
1302096600,1335.94,1339.38,1331.09,1335.54
1302183000,1334.82,1338.8,1326.56,1333.51
1302269400,1336.16,1339.46,1322.94,1328.17
1302528600,1329.01,1333.77,1321.06,1324.46
1302615000,1321.96,1321.96,1309.51,1314.16
1302701400,1314.03,1321.35,1309.19,1314.41
1302787800,1311.13,1316.79,1302.42,1314.52
1302874200,1314.54,1322.88,1313.68,1319.68
1303133400,1313.35,1313.35,1294.7,1305.14
1303219800,1305.99,1312.7,1303.97,1312.62
1303306200,1319.12,1332.66,1319.12,1330.36
1303392600,1333.23,1337.49,1332.83,1337.38
1303738200,1337.14,1337.55,1331.47,1335.25
1303824600,1336.75,1349.55,1336.75,1347.24
1303911000,1348.43,1357.49,1344.25,1355.66
1303997400,1353.86,1361.71,1353.6,1360.48
1304083800,1360.14,1363.61,1360.14,1363.61
1304343000,1365.21,1370.58,1358.59,1361.22
1304429400,1359.76,1360.84,1349.52,1356.62
1304515800,1355.9,1355.9,1341.5,1347.32
1304602200,1344.16,1348,1329.17,1335.1
1304688600,1340.24,1354.36,1335.58,1340.2
1304947800,1340.2,1349.44,1338.64,1346.29
1305034200,1348.34,1359.44,1348.34,1357.16
1305120600,1354.51,1354.51,1336.36,1342.08
1305207000,1339.39,1351.05,1332.03,1348.65
1305293400,1348.69,1350.47,1333.36,1337.77
1305552600,1334.77,1343.33,1327.32,1329.47
1305639000,1326.1,1330.42,1318.51,1328.98
1305725400,1328.54,1341.82,1326.59,1340.68
1305811800,1342.4,1345.21,1336.36,1343.6
1305898200,1342,1342,1330.67,1333.27
1306157400,1333.07,1333.07,1312.88,1317.37
1306243800,1317.7,1323.72,1313.87,1316.28
1306330200,1316.36,1325.86,1311.8,1320.47
1306416600,1320.64,1328.51,1314.41,1325.69
1306503000,1325.69,1334.62,1325.69,1331.1
1306848600,1331.1,1345.2,1331.1,1345.2
1306935000,1345.2,1345.2,1313.71,1314.55
1307021400,1314.55,1318.03,1305.61,1312.94
1307107800,1312.94,1312.94,1297.9,1300.16
1307367000,1300.26,1300.26,1284.72,1286.17
1307453400,1286.31,1296.22,1284.74,1284.94
1307539800,1284.63,1287.04,1277.42,1279.56
1307626200,1279.63,1294.54,1279.63,1289
1307712600,1288.6,1288.6,1268.28,1270.98
1307971800,1271.31,1277.04,1265.64,1271.83
1308058200,1272.22,1292.5,1272.22,1287.87
1308144600,1287.87,1287.87,1261.9,1265.42
1308231000,1265.53,1274.11,1258.07,1267.64
1308317400,1268.58,1279.82,1267.4,1271.5
1308576600,1271.5,1280.42,1267.56,1278.36
1308663000,1278.4,1297.62,1278.4,1295.52
1308749400,1295.48,1298.61,1286.79,1287.14
1308835800,1286.6,1286.6,1262.87,1283.5
1308922200,1283.04,1283.93,1267.24,1268.45
1309181400,1268.44,1284.91,1267.53,1280.1
1309267800,1280.21,1296.8,1280.21,1296.67
1309354200,1296.85,1309.21,1296.85,1307.41
1309440600,1307.64,1321.97,1307.64,1320.64
1309527000,1320.64,1341.01,1318.18,1339.67
1309872600,1339.59,1340.89,1334.3,1337.88
1309959000,1337.56,1340.94,1330.92,1339.22
1310045400,1339.62,1356.48,1339.62,1353.22
1310131800,1352.39,1352.39,1333.71,1343.8
1310391000,1343.31,1343.31,1316.42,1319.49
1310477400,1319.61,1327.17,1313.33,1313.64
1310563800,1314.45,1331.48,1314.45,1317.72
1310650200,1317.74,1326.88,1306.51,1308.87
1310736600,1308.87,1317.7,1307.52,1316.14
1310995800,1315.94,1315.94,1295.92,1305.44
1311082200,1307.07,1328.14,1307.07,1326.73
1311168600,1328.66,1330.43,1323.65,1325.84
1311255000,1325.65,1347,1325.65,1343.8
1311341400,1343.8,1346.1,1336.95,1345.02
1311600600,1344.32,1344.32,1331.09,1337.43
1311687000,1337.39,1338.51,1329.59,1331.94
1311773400,1331.91,1331.91,1303.49,1304.89
1311859800,1304.84,1316.32,1299.16,1300.67
1311946200,1300.12,1304.16,1282.86,1292.28
1312205400,1292.59,1307.38,1274.73,1286.94
1312291800,1286.56,1286.56,1254.03,1254.05
1312378200,1254.25,1261.2,1234.56,1260.34
1312464600,1260.23,1260.23,1199.54,1200.07
1312551000,1200.28,1218.11,1168.09,1199.38
1312810200,1198.48,1198.48,1119.28,1119.46
1312896600,1120.23,1172.88,1101.54,1172.53
1312983000,1171.77,1171.77,1118.01,1120.76
1313069400,1121.3,1186.29,1121.3,1172.64
1313155800,1172.87,1189.04,1170.74,1178.81
1313415000,1178.86,1204.49,1178.86,1204.49
1313501400,1204.22,1204.22,1180.53,1192.76
1313587800,1192.89,1208.47,1184.36,1193.89
1313674200,1189.62,1189.62,1131.03,1140.65
1313760600,1140.47,1154.54,1122.05,1123.53
1314019800,1123.55,1145.49,1121.09,1123.82
1314106200,1124.36,1162.35,1122.91,1162.35
1314192600,1162.16,1178.56,1156.3,1177.6
1314279000,1176.69,1190.68,1155.47,1159.27
1314365400,1158.85,1181.23,1135.91,1176.8
1314624600,1177.91,1210.28,1177.91,1210.08
1314711000,1209.76,1220.1,1195.77,1212.92
1314797400,1213,1230.71,1209.35,1218.89
1314883800,1219.12,1229.29,1203.85,1204.42
1314970200,1203.9,1203.9,1170.56,1173.97
1315315800,1173.97,1173.97,1140.13,1165.24
1315402200,1165.85,1198.62,1165.85,1198.62
1315488600,1197.98,1204.4,1183.34,1185.9
1315575000,1185.37,1185.37,1148.37,1154.23
1315834200,1153.5,1162.52,1136.07,1162.27
1315920600,1162.59,1176.41,1157.44,1172.87
1316007000,1173.32,1202.38,1162.73,1188.68
1316093400,1189.44,1209.11,1189.44,1209.11
1316179800,1209.21,1220.06,1204.46,1216.01
1316439000,1214.99,1214.99,1188.36,1204.09
1316525400,1204.5,1220.39,1201.29,1202.09
1316611800,1203.63,1206.3,1166.21,1166.76
1316698200,1164.55,1164.55,1114.22,1129.56
1316784600,1128.82,1141.72,1121.36,1136.43
1317043800,1136.91,1164.19,1131.07,1162.95
1317130200,1163.32,1195.86,1163.32,1175.38
1317216600,1175.39,1184.71,1150.4,1151.06
1317303000,1151.74,1175.87,1139.93,1160.4
1317389400,1159.93,1159.93,1131.34,1131.42
1317648600,1131.21,1138.99,1098.92,1099.23
1317735000,1097.42,1125.12,1074.77,1123.95
1317821400,1124.03,1146.07,1115.68,1144.03
1317907800,1144.11,1165.55,1134.95,1164.97
1317994200,1165.03,1171.4,1150.26,1155.46
1318253400,1158.15,1194.91,1158.15,1194.89
1318339800,1194.6,1199.24,1187.3,1195.54
1318426200,1196.19,1220.25,1196.19,1207.25
1318512600,1206.96,1207.46,1190.58,1203.66
1318599000,1205.65,1224.61,1205.65,1224.58
1318858200,1224.47,1224.47,1198.55,1200.86
1318944600,1200.75,1233.1,1191.48,1225.38
1319031000,1223.46,1229.64,1206.31,1209.88
1319117400,1209.92,1219.53,1197.34,1215.39
1319203800,1215.39,1239.03,1215.39,1238.25
1319463000,1238.72,1256.55,1238.72,1254.19
1319549400,1253.86,1253.86,1226.79,1229.05
1319635800,1229.17,1246.28,1221.06,1242
1319722200,1243.97,1292.66,1243.97,1284.59
1319808600,1284.39,1287.08,1277.01,1285.09
1320067800,1284.96,1284.96,1253.16,1253.3
1320154200,1251,1251,1215.42,1218.28
1320240600,1219.62,1242.48,1219.62,1237.9
1320327000,1238.25,1263.21,1234.81,1261.15
1320413400,1260.82,1260.82,1238.92,1253.23
1320676200,1253.21,1261.7,1240.75,1261.12
1320762600,1261.12,1277.55,1254.99,1275.92
1320849000,1275.18,1275.18,1226.64,1229.1
1320935400,1229.59,1246.22,1227.7,1239.66
1321021800,1240.12,1266.98,1240.12,1263.85
1321281000,1263.85,1263.85,1246.68,1251.78
1321367400,1251.7,1264.25,1244.34,1257.81
1321453800,1257.81,1259.61,1235.67,1236.91
1321540200,1236.56,1237.73,1209.43,1216.13
1321626600,1216.19,1223.51,1211.36,1215.65
1321885800,1215.62,1215.62,1183.16,1192.98
1321972200,1192.98,1196.81,1181.65,1188.04
1322058600,1187.48,1187.48,1161.79,1161.79
1322231400,1161.41,1172.66,1158.66,1158.67
1322490600,1158.67,1197.35,1158.67,1192.55
1322577000,1192.56,1203.67,1191.8,1195.19
1322663400,1196.72,1247.11,1196.72,1246.96
1322749800,1246.91,1251.09,1239.73,1244.58
1322836200,1246.03,1260.08,1243.35,1244.28
1323095400,1244.33,1266.73,1244.33,1257.08
1323181800,1257.19,1266.03,1253.03,1258.47
1323268200,1258.14,1267.06,1244.8,1261.01
1323354600,1260.87,1260.87,1231.47,1234.35
1323441000,1234.48,1258.25,1234.48,1255.19
1323700200,1255.05,1255.05,1227.25,1236.47
1323786600,1236.83,1249.86,1219.43,1225.73
1323873000,1225.73,1225.73,1209.47,1211.82
1323959400,1212.12,1225.6,1212.12,1215.75
1324045800,1216.09,1231.04,1215.2,1219.66
1324305000,1219.74,1224.57,1202.37,1205.35
1324391400,1205.72,1242.82,1205.72,1241.3
1324477800,1241.25,1245.09,1229.51,1243.72
1324564200,1243.72,1255.22,1243.72,1254
1324650600,1254,1265.42,1254,1265.33
1324996200,1265.02,1269.37,1262.3,1265.43
1325082600,1265.38,1265.85,1248.64,1249.64
1325169000,1249.75,1263.54,1249.75,1263.02
1325255400,1262.82,1264.12,1257.46,1257.6
1325601000,1258.86,1284.62,1258.86,1277.06
1325687400,1277.03,1278.73,1268.1,1277.3
1325773800,1277.3,1283.05,1265.26,1281.06
1325860200,1280.93,1281.84,1273.34,1277.81
1326119400,1277.83,1281.99,1274.55,1280.7
1326205800,1280.77,1296.46,1280.77,1292.08
1326292200,1292.02,1293.8,1285.41,1292.48
1326378600,1292.48,1296.82,1285.77,1295.5
1326465000,1294.82,1294.82,1277.58,1289.09
1326810600,1290.22,1303,1290.22,1293.67
1326897000,1293.65,1308.11,1290.99,1308.04
1326983400,1308.07,1315.49,1308.07,1314.5
1327069800,1314.49,1315.38,1309.17,1315.38
1327329000,1315.29,1322.28,1309.89,1316
1327415400,1315.96,1315.96,1306.06,1314.65
1327501800,1314.4,1328.3,1307.65,1326.06
1327588200,1326.28,1333.47,1313.6,1318.43
1327674600,1318.25,1320.06,1311.72,1316.33
1327933800,1316.16,1316.16,1300.49,1313.01
1328020200,1313.53,1321.41,1306.69,1312.41
1328106600,1312.45,1330.52,1312.45,1324.09
1328193000,1324.24,1329.19,1321.57,1325.54
1328279400,1326.21,1345.34,1326.21,1344.9
1328538600,1344.32,1344.36,1337.52,1344.33
1328625000,1344.33,1349.24,1335.92,1347.05
1328711400,1347.04,1351,1341.95,1349.96
1328797800,1349.97,1354.32,1344.63,1351.95
1328884200,1351.21,1351.21,1337.35,1342.64
1329143400,1343.06,1353.35,1343.06,1351.77
1329229800,1351.3,1351.3,1340.83,1350.5
1329316200,1350.52,1355.87,1340.8,1343.23
1329402600,1342.61,1359.02,1341.22,1358.04
1329489000,1358.06,1363.4,1357.24,1361.23
1329834600,1361.22,1367.76,1358.11,1362.21
1329921000,1362.11,1362.7,1355.53,1357.66
1330007400,1357.53,1364.24,1352.28,1363.46
1330093800,1363.46,1368.92,1363.46,1365.74
1330353000,1365.2,1371.94,1354.92,1367.59
1330439400,1367.56,1373.09,1365.97,1372.18
1330525800,1372.2,1378.04,1363.81,1365.68
1330612200,1365.9,1376.17,1365.9,1374.09
1330698600,1374.09,1374.53,1366.42,1369.63
1330957800,1369.59,1369.59,1359.13,1364.33
1331044200,1363.63,1363.63,1340.03,1343.36
1331130600,1343.39,1354.85,1343.39,1352.63
1331217000,1352.65,1368.72,1352.65,1365.91
1331303400,1365.97,1374.76,1365.97,1370.87
1331559000,1370.78,1373.04,1366.69,1371.09
1331645400,1371.92,1396.13,1371.92,1395.95
1331731800,1395.95,1399.42,1389.97,1394.28
1331818200,1394.17,1402.63,1392.78,1402.6
1331904600,1402.55,1405.88,1401.47,1404.17
1332163800,1404.17,1414,1402.43,1409.75
1332250200,1409.59,1409.59,1397.68,1405.52
1332336600,1405.52,1407.75,1400.64,1402.89
1332423000,1402.89,1402.89,1388.73,1392.78
1332509400,1392.78,1399.18,1386.87,1397.11
1332768600,1397.11,1416.58,1397.11,1416.51
1332855000,1416.55,1419.15,1411.95,1412.52
1332941400,1412.52,1413.65,1397.2,1405.54
1333027800,1405.39,1405.39,1391.56,1403.28
1333114200,1403.31,1410.89,1401.42,1408.47
1333373400,1408.47,1422.38,1404.46,1419.04
1333459800,1418.98,1419,1404.62,1413.38
1333546200,1413.09,1413.09,1394.09,1398.96
1333632600,1398.79,1401.6,1392.92,1398.08
1333978200,1397.45,1397.45,1378.24,1382.2
1334064600,1382.18,1383.01,1357.38,1358.59
1334151000,1358.98,1374.71,1358.98,1368.71
1334237400,1368.77,1388.13,1368.77,1387.57
1334323800,1387.61,1387.61,1369.85,1370.26
1334583000,1370.27,1379.66,1365.38,1369.57
1334669400,1369.57,1392.76,1369.57,1390.78
1334755800,1390.78,1390.78,1383.29,1385.14
1334842200,1385.08,1390.46,1370.3,1376.92
1334928600,1376.96,1387.4,1376.96,1378.53
1335187800,1378.53,1378.53,1358.79,1366.94
1335274200,1366.97,1375.57,1366.82,1371.97
1335360600,1372.11,1391.37,1372.11,1390.69
1335447000,1390.64,1402.09,1387.28,1399.98
1335533400,1400.19,1406.64,1397.31,1403.36
1335792600,1403.26,1403.26,1394,1397.91
1335879000,1397.86,1415.32,1395.73,1405.82
1335965400,1405.5,1405.5,1393.92,1402.31
1336051800,1402.32,1403.07,1388.71,1391.57
1336138200,1391.51,1391.51,1367.96,1369.1
1336397400,1368.79,1373.91,1363.94,1369.58
1336483800,1369.16,1369.16,1347.75,1363.72
1336570200,1363.2,1363.73,1343.13,1354.58
1336656600,1354.58,1365.88,1354.58,1357.99
1336743000,1358.11,1365.66,1348.89,1353.39
1337002200,1351.93,1351.93,1336.61,1338.35
1337088600,1338.36,1344.94,1328.41,1330.66
1337175000,1330.78,1341.78,1324.79,1324.8
1337261400,1324.82,1326.36,1304.86,1304.86
1337347800,1305.05,1312.24,1291.98,1295.22
1337607000,1295.73,1316.39,1295.73,1315.99
1337693400,1316.09,1328.49,1310.04,1316.63
1337779800,1316.02,1320.71,1296.53,1318.86
1337866200,1318.72,1324.14,1310.5,1320.68
1337952600,1320.81,1324.2,1314.23,1317.82
1338298200,1318.9,1334.93,1318.9,1332.42
1338384600,1331.25,1331.25,1310.76,1313.32
1338471000,1313.09,1319.74,1298.9,1310.33
1338557400,1309.87,1309.87,1277.25,1278.04
1338816600,1278.29,1282.55,1266.74,1278.18
1338903000,1277.82,1287.62,1274.16,1285.5
1338989400,1285.61,1315.13,1285.61,1315.13
1339075800,1316.15,1329.05,1312.68,1314.99
1339162200,1314.99,1325.81,1307.77,1325.66
1339421400,1325.72,1335.52,1307.73,1308.93
1339507800,1309.4,1324.31,1306.62,1324.18
1339594200,1324.02,1327.28,1310.51,1314.88
1339680600,1314.88,1333.68,1314.14,1329.1
1339767000,1329.19,1343.32,1329.19,1342.84
1340026200,1342.42,1348.22,1334.46,1344.78
1340112600,1344.83,1363.46,1344.83,1357.98
1340199000,1358.04,1361.57,1346.45,1355.69
1340285400,1355.43,1358.27,1324.41,1325.51
1340371800,1325.92,1337.82,1325.92,1335.02
1340631000,1334.9,1334.9,1309.27,1313.72
1340717400,1314.09,1324.24,1310.3,1319.99
1340803800,1320.71,1334.4,1320.71,1331.85
1340890200,1331.52,1331.52,1313.29,1329.04
1340976600,1330.12,1362.17,1330.12,1362.16
1341235800,1362.33,1366.35,1355.7,1365.51
1341322200,1365.75,1374.81,1363.53,1374.02
1341495000,1373.72,1373.85,1363.02,1367.58
1341581400,1367.09,1367.09,1348.03,1354.68
1341840600,1354.66,1354.87,1346.65,1352.46
1341927000,1352.96,1361.54,1336.27,1341.47
1342013400,1341.4,1345,1333.25,1341.45
1342099800,1341.29,1341.29,1325.41,1334.76
1342186200,1334.81,1357.7,1334.81,1356.78
1342445400,1356.5,1357.26,1348.51,1353.64
1342531800,1353.68,1365.36,1345.07,1363.67
1342618200,1363.58,1375.26,1358.96,1372.78
1342704600,1373.01,1380.39,1371.21,1376.51
1342791000,1376.51,1376.51,1362.19,1362.66
1343050200,1362.34,1362.34,1337.56,1350.52
1343136600,1350.52,1351.53,1329.24,1338.31
1343223000,1338.35,1343.98,1331.5,1337.89
1343309400,1338.17,1363.13,1338.17,1360.02
1343395800,1360.05,1389.19,1360.05,1385.97
1343655000,1385.94,1391.74,1381.37,1385.3
1343741400,1385.27,1387.16,1379.17,1379.32
1343827800,1379.32,1385.03,1373.35,1375.32
1343914200,1375.13,1375.13,1354.65,1365
1344000600,1365.45,1394.16,1365.45,1390.99
1344259800,1391.04,1399.63,1391.04,1394.23
1344346200,1394.46,1407.14,1394.46,1401.35
1344432600,1401.23,1404.14,1396.13,1402.22
1344519000,1402.26,1405.95,1398.8,1402.8
1344605400,1402.58,1405.98,1395.62,1405.87
1344864600,1405.87,1405.87,1397.32,1404.11
1344951000,1404.36,1410.03,1400.6,1403.93
1345037400,1403.89,1407.73,1401.83,1405.53
1345123800,1405.57,1417.44,1404.15,1415.51
1345210200,1415.84,1418.71,1414.67,1418.16
1345469400,1417.85,1418.13,1412.12,1418.13
1345555800,1418.13,1426.68,1410.86,1413.17
1345642200,1413.09,1416.12,1406.78,1413.49
1345728600,1413.49,1413.49,1400.5,1402.08
1345815000,1401.99,1413.46,1398.04,1411.13
1346074200,1411.13,1416.17,1409.11,1410.44
1346160600,1410.44,1413.63,1405.59,1409.3
1346247000,1409.32,1413.95,1406.57,1410.49
1346333400,1410.08,1410.08,1397.01,1399.48
1346419800,1400.07,1413.09,1398.96,1406.58
1346765400,1406.54,1409.31,1396.56,1404.94
1346851800,1404.94,1408.81,1401.25,1403.44
1346938200,1403.74,1432.12,1403.74,1432.12
1347024600,1432.12,1437.92,1431.45,1437.92
1347283800,1437.92,1438.74,1428.98,1429.08
1347370200,1429.13,1437.76,1429.13,1433.56
1347456600,1433.56,1439.15,1432.99,1436.56
1347543000,1436.56,1463.76,1435.34,1459.99
1347629400,1460.07,1474.51,1460.07,1465.77
1347888600,1465.42,1465.63,1457.55,1461.19
1347975000,1461.19,1461.47,1456.13,1459.32
1348061400,1459.5,1465.15,1457.88,1461.05
1348147800,1461.05,1461.23,1449.98,1460.26
1348234200,1460.34,1467.07,1459.51,1460.15
1348493400,1459.76,1460.72,1452.06,1456.89
1348579800,1456.94,1463.24,1441.59,1441.59
1348666200,1441.6,1441.6,1430.53,1433.32
1348752600,1433.36,1450.2,1433.36,1447.15
1348839000,1447.13,1447.13,1435.6,1440.67
1349098200,1440.9,1457.14,1440.9,1444.49
1349184600,1444.99,1451.52,1439.01,1445.75
1349271000,1446.05,1454.3,1441.99,1450.99
1349357400,1451.08,1463.14,1451.08,1461.4
1349443800,1461.4,1470.96,1456.89,1460.93
1349703000,1460.93,1460.93,1453.1,1455.88
1349789400,1455.9,1455.9,1441.18,1441.48
1349875800,1441.48,1442.52,1430.64,1432.56
1349962200,1432.82,1443.9,1432.82,1432.84
1350048600,1432.84,1438.43,1425.53,1428.59
1350307800,1428.75,1441.31,1427.24,1440.13
1350394200,1440.31,1455.51,1440.31,1454.92
1350480600,1454.22,1462.2,1453.35,1460.91
1350567000,1460.94,1464.02,1452.63,1457.34
1350653400,1457.34,1457.34,1429.85,1433.19
1350912600,1433.21,1435.46,1422.06,1433.82
1350999000,1433.74,1433.74,1407.56,1413.11
1351085400,1413.2,1420.04,1407.1,1408.75
1351171800,1409.74,1421.12,1405.14,1412.97
1351258200,1412.97,1417.09,1403.28,1411.94
1351690200,1410.99,1418.76,1405.95,1412.16
1351776600,1412.2,1428.35,1412.2,1427.59
1351863000,1427.59,1434.27,1412.91,1414.2
1352125800,1414.2,1419.9,1408.13,1417.26
1352212200,1417.26,1433.38,1417.26,1428.39
1352298600,1428.27,1428.27,1388.14,1394.53
1352385000,1394.53,1401.23,1377.51,1377.51
1352471400,1377.55,1391.39,1373.03,1379.85
1352730600,1379.86,1384.87,1377.19,1380.03
1352817000,1380.03,1388.81,1371.39,1374.53
1352903400,1374.64,1380.13,1352.5,1355.49
1352989800,1355.41,1360.62,1348.05,1353.33
1353076200,1353.36,1362.03,1343.35,1359.88
1353335400,1359.88,1386.89,1359.88,1386.89
1353421800,1386.82,1389.77,1377.04,1387.81
1353508200,1387.79,1391.25,1386.39,1391.03
1353681000,1391.03,1409.16,1391.03,1409.15
1353940200,1409.15,1409.15,1397.68,1406.29
1354026600,1406.29,1409.01,1398.03,1398.94
1354113000,1398.77,1410.31,1385.43,1409.93
1354199400,1409.96,1419.7,1409.04,1415.95
1354285800,1415.95,1418.86,1411.63,1416.18
1354545000,1416.34,1423.73,1408.46,1409.46
1354631400,1409.46,1413.14,1403.65,1407.05
1354717800,1407.05,1415.56,1398.23,1409.28
1354804200,1409.43,1413.95,1405.93,1413.94
1354890600,1413.95,1420.34,1410.9,1418.07
1355149800,1418.07,1421.64,1415.64,1418.55
1355236200,1418.55,1434.27,1418.55,1427.84
1355322600,1427.84,1438.59,1426.76,1428.48
1355409000,1428.48,1431.36,1416,1419.45
1355495400,1419.45,1419.45,1411.88,1413.58
1355754600,1413.54,1430.67,1413.54,1430.36
1355841000,1430.47,1448,1430.47,1446.79
1355927400,1446.79,1447.75,1435.8,1435.81
1356013800,1435.81,1443.7,1432.82,1443.69
1356100200,1443.67,1443.67,1422.58,1430.15
1356359400,1430.15,1430.15,1424.66,1426.66
1356532200,1426.66,1429.42,1416.43,1419.83
1356618600,1419.83,1422.8,1401.8,1418.1
1356705000,1418.1,1418.1,1401.58,1402.43
1356964200,1402.43,1426.74,1398.11,1426.19
1357137000,1426.19,1462.43,1426.19,1462.42
1357223400,1462.42,1465.47,1455.53,1459.37
1357309800,1459.37,1467.94,1458.99,1466.47
1357569000,1466.47,1466.47,1456.62,1461.89
1357655400,1461.89,1461.89,1451.64,1457.15
1357741800,1457.15,1464.73,1457.15,1461.02
1357828200,1461.02,1472.3,1461.02,1472.12
1357914600,1472.12,1472.75,1467.58,1472.05
1358173800,1472.05,1472.05,1465.69,1470.68
1358260200,1470.67,1473.31,1463.76,1472.34
1358346600,1472.33,1473.96,1467.6,1472.63
1358433000,1472.63,1485.16,1472.63,1480.94
1358519400,1480.95,1485.98,1475.81,1485.98
1358865000,1485.98,1492.56,1481.16,1492.56
1358951400,1492.56,1496.13,1489.9,1494.81
1359037800,1494.81,1502.27,1489.46,1494.82
1359124200,1494.82,1503.26,1494.82,1502.96
1359383400,1502.96,1503.23,1496.33,1500.18
1359469800,1500.18,1509.35,1498.09,1507.84
1359556200,1507.84,1509.94,1500.11,1501.96
1359642600,1501.96,1504.19,1496.76,1498.11
1359729000,1498.11,1514.41,1498.11,1513.17
1359988200,1513.17,1513.17,1495.02,1495.71
1360074600,1495.71,1514.96,1495.71,1511.29
1360161000,1511.29,1512.53,1504.71,1512.12
1360247400,1512.12,1512.9,1498.49,1509.39
1360333800,1509.39,1518.31,1509.39,1517.93
1360593000,1517.93,1518.31,1513.61,1517.01
1360679400,1517.01,1522.29,1515.61,1519.43
1360765800,1519.43,1524.69,1515.93,1520.33
1360852200,1520.33,1523.14,1514.02,1521.38
1360938600,1521.38,1524.24,1514.14,1519.79
1361284200,1519.79,1530.94,1519.79,1530.94
1361370600,1530.94,1530.94,1511.41,1511.95
1361457000,1511.95,1511.95,1497.29,1502.42
1361543400,1502.42,1515.64,1502.42,1515.6
1361802600,1515.6,1525.84,1487.85,1487.85
1361889000,1487.85,1498.99,1485.01,1496.94
1361975400,1496.94,1520.08,1494.88,1515.99
1362061800,1515.99,1525.34,1514.46,1514.68
1362148200,1514.68,1519.99,1501.48,1518.2
1362407400,1518.2,1525.27,1512.29,1525.2
1362493800,1525.2,1543.47,1525.2,1539.79
1362580200,1539.79,1545.25,1538.11,1541.46
1362666600,1541.46,1545.78,1541.46,1544.26
1362753000,1544.26,1552.48,1542.94,1551.18
1363008600,1551.15,1556.27,1547.36,1556.22
1363095000,1556.22,1556.77,1548.24,1552.48
1363181400,1552.48,1556.39,1548.25,1554.52
1363267800,1554.52,1563.32,1554.52,1563.23
1363354200,1563.21,1563.62,1555.74,1560.7
1363613400,1560.7,1560.7,1545.13,1552.1
1363699800,1552.1,1557.25,1538.57,1548.34
1363786200,1548.34,1561.56,1548.34,1558.71
1363872600,1558.71,1558.71,1543.55,1545.8
1363959000,1545.9,1557.74,1545.9,1556.89
1364218200,1556.89,1564.91,1546.22,1551.69
1364304600,1551.69,1563.95,1551.69,1563.77
1364391000,1563.75,1564.07,1551.9,1562.85
1364477400,1562.86,1570.28,1561.08,1569.19
1364823000,1569.18,1570.57,1558.47,1562.17
1364909400,1562.17,1573.66,1562.17,1570.25
1364995800,1570.25,1571.47,1549.8,1553.69
1365082200,1553.69,1562.6,1552.52,1559.98
1365168600,1559.98,1559.98,1539.5,1553.28
1365427800,1553.26,1563.07,1548.63,1563.07
1365514200,1563.11,1573.89,1560.92,1568.61
1365600600,1568.61,1589.07,1568.61,1587.73
1365687000,1587.73,1597.35,1586.17,1593.37
1365773400,1593.3,1593.3,1579.97,1588.85
1366032600,1588.84,1588.84,1552.28,1552.36
1366119000,1552.36,1575.35,1552.36,1574.57
1366205400,1574.57,1574.57,1543.69,1552.01
1366291800,1552.03,1554.38,1536.03,1541.61
1366378200,1541.61,1555.89,1539.4,1555.25
1366637400,1555.25,1565.55,1548.19,1562.5
1366723800,1562.5,1579.58,1562.5,1578.78
1366810200,1578.78,1583,1575.8,1578.79
1366896600,1578.93,1592.64,1578.93,1585.16
1366983000,1585.16,1585.78,1577.56,1582.24
1367242200,1582.34,1596.65,1582.34,1593.61
1367328600,1593.58,1597.57,1586.5,1597.57
1367415000,1597.55,1597.55,1581.28,1582.7
1367501400,1582.77,1598.6,1582.77,1597.59
1367587800,1597.6,1618.46,1597.6,1614.42
1367847000,1614.4,1619.77,1614.21,1617.5
1367933400,1617.55,1626.03,1616.64,1625.96
1368019800,1625.95,1632.78,1622.7,1632.69
1368106200,1632.69,1635.01,1623.09,1626.67
1368192600,1626.69,1633.7,1623.71,1633.7
1368451800,1632.1,1636,1626.74,1633.77
1368538200,1633.75,1651.1,1633.75,1650.34
1368624600,1649.13,1661.49,1646.68,1658.78
1368711000,1658.07,1660.51,1648.6,1650.47
1368797400,1652.45,1667.47,1652.45,1667.47
1369056600,1665.71,1672.84,1663.52,1666.29
1369143000,1666.2,1674.93,1662.67,1669.16
1369229400,1669.39,1687.18,1648.86,1655.35
1369315800,1651.62,1655.5,1636.42,1650.51
1369402200,1646.67,1649.78,1636.88,1649.6
1369747800,1652.63,1674.21,1652.63,1660.06
1369834200,1656.57,1656.57,1640.05,1648.36
1369920600,1649.14,1661.91,1648.61,1654.41
1370007000,1652.13,1658.99,1630.74,1630.74
1370266200,1631.71,1640.42,1622.72,1640.42
1370352600,1640.73,1646.53,1623.62,1631.38
1370439000,1629.05,1629.31,1607.09,1608.9
1370525400,1609.29,1622.56,1598.23,1622.56
1370611800,1625.27,1644.4,1625.27,1643.38
1370871000,1644.67,1648.69,1639.26,1642.81
1370957400,1638.64,1640.13,1622.92,1626.13
1371043800,1629.94,1637.71,1610.92,1612.52
1371130200,1612.15,1639.25,1608.07,1636.36
1371216600,1635.52,1640.8,1623.96,1626.73
1371475800,1630.64,1646.5,1630.34,1639.04
1371562200,1639.77,1654.19,1639.77,1651.81
1371648600,1651.83,1652.45,1628.91,1628.93
1371735000,1624.62,1624.62,1584.32,1588.19
1371821400,1588.62,1599.19,1577.7,1592.43
1372080600,1588.77,1588.77,1560.33,1573.09
1372167000,1577.52,1593.79,1577.09,1588.03
1372253400,1592.27,1606.83,1592.27,1603.26
1372339800,1606.44,1620.07,1606.44,1613.2
1372426200,1611.12,1615.94,1601.06,1606.28
1372685400,1609.78,1626.61,1609.78,1614.96
1372771800,1614.29,1624.26,1606.77,1614.08
1372858200,1611.48,1618.97,1604.57,1615.41
1373031000,1618.65,1632.07,1614.71,1631.89
1373290200,1634.2,1644.68,1634.2,1640.46
1373376600,1642.89,1654.18,1642.89,1652.32
1373463000,1651.56,1657.92,1647.66,1652.62
1373549400,1657.41,1676.63,1657.41,1675.02
1373635800,1675.26,1680.19,1672.33,1680.19
1373895000,1679.59,1684.51,1677.89,1682.5
1373981400,1682.7,1683.73,1671.84,1676.26
1374067800,1677.91,1684.75,1677.91,1680.91
1374154200,1681.05,1693.12,1681.05,1689.37
1374240600,1686.15,1692.09,1684.08,1692.09
1374499800,1694.41,1697.61,1690.67,1695.53
1374586200,1696.63,1698.78,1691.13,1692.39
1374672600,1696.06,1698.38,1682.57,1685.94
1374759000,1685.21,1690.94,1680.07,1690.25
1374845400,1687.31,1691.85,1676.03,1691.65
1375104600,1690.32,1690.92,1681.86,1685.33
1375191000,1687.92,1693.19,1682.42,1685.96
1375277400,1687.76,1698.43,1684.94,1685.73
1375363800,1689.42,1707.85,1689.42,1706.87
1375450200,1706.1,1709.67,1700.68,1709.67
1375709400,1708.01,1709.24,1703.55,1707.14
1375795800,1705.79,1705.79,1693.29,1697.37
1375882200,1695.3,1695.3,1684.91,1690.91
1375968600,1693.35,1700.18,1688.38,1697.48
1376055000,1696.1,1699.42,1686.02,1691.42
1376314200,1688.37,1691.49,1683.35,1689.47
1376400600,1690.65,1696.81,1682.62,1694.16
1376487000,1693.88,1695.52,1684.83,1685.39
1376573400,1679.61,1679.61,1658.59,1661.32
1376659800,1661.22,1663.6,1652.61,1655.83
1376919000,1655.25,1659.18,1645.84,1646.06
1377005400,1646.81,1658.92,1646.08,1652.35
1377091800,1650.66,1656.99,1639.43,1642.8
1377178200,1645.03,1659.55,1645.03,1656.96
1377264600,1659.92,1664.85,1654.81,1663.5
1377523800,1664.29,1669.51,1656.02,1656.78
1377610200,1652.54,1652.54,1629.05,1630.48
1377696600,1630.25,1641.18,1627.47,1634.96
1377783000,1633.5,1646.41,1630.88,1638.17
1377869400,1638.89,1640.08,1628.05,1632.97
1378215000,1635.95,1651.35,1633.41,1639.77
1378301400,1640.72,1655.72,1637.41,1653.08
1378387800,1653.28,1659.17,1653.07,1655.08
1378474200,1657.44,1664.83,1640.62,1655.17
1378733400,1656.85,1672.4,1656.85,1671.71
1378819800,1674.32,1684.09,1674.32,1683.99
1378906200,1681.04,1689.13,1678.7,1689.13
1378992600,1689.21,1689.97,1681.96,1683.42
1379079000,1685.04,1688.73,1682.22,1687.99
1379338200,1691.7,1704.95,1691.7,1697.6
1379424600,1697.73,1705.52,1697.73,1704.76
1379511000,1705.74,1729.44,1700.35,1725.52
1379597400,1727.34,1729.86,1720.2,1722.34
1379683800,1722.44,1725.23,1708.89,1709.91
1379943000,1711.44,1711.44,1697.1,1701.84
1380029400,1702.6,1707.63,1694.9,1697.42
1380115800,1698.02,1701.71,1691.88,1692.77
1380202200,1694.05,1703.85,1693.11,1698.67
1380288600,1695.52,1695.52,1687.11,1691.75
1380547800,1687.26,1687.26,1674.99,1681.55
1380634200,1682.41,1696.55,1682.07,1695
1380720600,1691.9,1693.87,1680.34,1693.87
1380807000,1692.35,1692.35,1670.36,1678.66
1380893400,1678.79,1691.94,1677.33,1690.5
1381152600,1687.15,1687.15,1674.7,1676.12
1381239000,1676.22,1676.79,1655.03,1655.45
1381325400,1656.99,1662.47,1646.47,1656.4
1381411800,1660.88,1692.56,1660.88,1692.56
1381498200,1691.09,1703.44,1688.52,1703.2
1381757400,1699.86,1711.03,1692.13,1710.14
1381843800,1709.17,1711.57,1695.93,1698.06
1381930200,1700.49,1721.76,1700.49,1721.54
1382016600,1720.17,1733.45,1714.12,1733.15
1382103000,1736.72,1745.31,1735.74,1744.5
1382362200,1745.2,1747.79,1740.67,1744.66
1382448600,1746.48,1759.33,1746.48,1754.67
1382535000,1752.27,1752.27,1740.5,1746.38
1382621400,1747.48,1753.94,1745.5,1752.07
1382707800,1756.01,1759.82,1752.45,1759.77
1382967000,1759.42,1764.99,1757.67,1762.11
1383053400,1762.93,1772.09,1762.93,1771.95
1383139800,1772.27,1775.22,1757.24,1763.31
1383226200,1763.24,1768.53,1755.72,1756.54
1383312600,1758.7,1765.67,1752.7,1761.64
1383575400,1763.4,1768.78,1761.56,1767.93
1383661800,1765.67,1767.03,1755.76,1762.97
1383748200,1765,1773.74,1764.4,1770.49
1383834600,1770.74,1774.54,1746.2,1747.15
1383921000,1748.37,1770.78,1747.63,1770.61
1384180200,1769.96,1773.44,1767.85,1771.89
1384266600,1769.51,1771.78,1762.29,1767.69
1384353000,1764.37,1782,1760.64,1782
1384439400,1782.75,1791.53,1780.22,1790.62
1384525800,1790.66,1798.22,1790.66,1798.18
1384785000,1798.82,1802.33,1788,1791.53
1384871400,1790.79,1795.51,1784.72,1787.87
1384957800,1789.59,1795.73,1777.23,1781.37
1385044200,1783.52,1797.16,1783.52,1795.85
1385130600,1797.21,1804.84,1794.7,1804.76
1385389800,1806.33,1808.1,1800.58,1802.48
1385476200,1802.87,1808.42,1800.77,1802.75
1385562600,1803.48,1808.27,1802.77,1807.23
1385735400,1808.69,1813.55,1803.98,1805.81
1385994600,1806.55,1810.02,1798.6,1800.9
1386081000,1800.1,1800.1,1787.85,1795.15
1386167400,1793.15,1799.8,1779.09,1792.81
1386253800,1792.82,1792.82,1783.38,1785.03
1386340200,1788.36,1806.04,1788.36,1805.09
1386599400,1806.21,1811.52,1806.21,1808.37
1386685800,1807.6,1808.52,1801.75,1802.62
1386772200,1802.76,1802.97,1780.09,1782.22
1386858600,1781.71,1782.99,1772.28,1775.5
1386945000,1777.98,1780.92,1772.45,1775.32
1387204200,1777.48,1792.22,1777.48,1786.54
1387290600,1786.47,1786.77,1777.05,1781
1387377000,1781.46,1811.08,1767.99,1810.65
1387463400,1809,1810.88,1801.35,1809.6
1387549800,1810.39,1823.75,1810.25,1818.32
1387809000,1822.92,1829.75,1822.92,1827.99
1387895400,1828.02,1833.32,1828.02,1833.32
1388068200,1834.96,1842.84,1834.96,1842.02
1388154600,1842.97,1844.89,1839.81,1841.4
1388413800,1841.47,1842.47,1838.77,1841.07
1388500200,1842.61,1849.44,1842.41,1848.36
1388673000,1845.86,1845.86,1827.74,1831.98
1388759400,1833.21,1838.24,1829.13,1831.37
1389018600,1832.31,1837.16,1823.73,1826.77
1389105000,1828.71,1840.1,1828.71,1837.88
1389191400,1837.9,1840.02,1831.4,1837.49
1389277800,1839,1843.23,1830.38,1838.13
1389364200,1840.06,1843.15,1832.43,1842.37
1389623400,1841.26,1843.45,1815.52,1819.2
1389709800,1821.36,1839.26,1821.36,1838.88
1389796200,1840.52,1850.84,1840.52,1848.38
1389882600,1847.99,1847.99,1840.3,1845.89
1389969000,1844.23,1846.04,1835.23,1838.7
1390314600,1841.05,1849.31,1832.38,1843.8
1390401000,1844.71,1846.87,1840.88,1844.86
1390487400,1842.29,1842.29,1820.06,1828.46
1390573800,1826.96,1826.96,1790.29,1790.29
1390833000,1791.03,1795.98,1772.88,1781.56
1390919400,1783,1793.87,1779.49,1792.5
1391005800,1790.15,1790.15,1770.45,1774.2
1391092200,1777.17,1798.77,1777.17,1794.19
1391178600,1790.88,1793.88,1772.26,1782.59
1391437800,1782.68,1784.83,1739.66,1741.89
1391524200,1743.82,1758.73,1743.82,1755.2
1391610600,1753.38,1755.79,1737.92,1751.64
1391697000,1752.99,1774.06,1752.99,1773.43
1391783400,1776.01,1798.03,1776.01,1797.02
1392042600,1796.2,1799.94,1791.83,1799.84
1392129000,1800.45,1823.54,1800.41,1819.75
1392215400,1820.12,1826.55,1815.97,1819.26
1392301800,1814.82,1830.25,1809.22,1829.83
1392388200,1828.46,1841.65,1825.59,1838.63
1392733800,1839.03,1842.87,1835.01,1840.76
1392820200,1838.9,1847.5,1826.99,1828.75
1392906600,1829.24,1842.79,1824.58,1839.78
1392993000,1841.07,1846.13,1835.6,1836.25
1393252200,1836.78,1858.71,1836.78,1847.61
1393338600,1847.66,1852.91,1840.19,1845.12
1393425000,1845.79,1852.65,1840.66,1845.16
1393511400,1844.9,1854.53,1841.13,1854.29
1393597800,1855.12,1867.92,1847.67,1859.45
1393857000,1857.68,1857.68,1834.44,1845.73
1393943400,1849.23,1876.23,1849.23,1873.91
1394029800,1874.05,1876.53,1871.11,1873.81
1394116200,1874.18,1881.94,1874.18,1877.03
1394202600,1878.52,1883.57,1870.56,1878.04
1394458200,1877.86,1877.87,1867.04,1877.17
1394544600,1878.26,1882.35,1863.88,1867.63
1394631000,1866.15,1868.38,1854.38,1868.2
1394717400,1869.06,1874.4,1841.86,1846.34
1394803800,1845.07,1852.44,1839.57,1841.13
1395063000,1842.81,1862.3,1842.81,1858.83
1395149400,1858.92,1873.76,1858.92,1872.25
1395235800,1872.25,1874.14,1850.35,1860.77
1395322200,1860.09,1873.49,1854.63,1872.01
1395408600,1874.53,1883.97,1863.46,1866.52
1395667800,1867.67,1873.34,1849.69,1857.44
1395754200,1859.48,1871.87,1855.96,1865.62
1395840600,1867.09,1875.92,1852.56,1852.56
1395927000,1852.11,1855.55,1842.11,1849.04
1396013400,1850.07,1866.63,1850.07,1857.62
1396272600,1859.16,1875.18,1859.16,1872.34
1396359000,1873.96,1885.84,1873.96,1885.52
1396445400,1886.61,1893.17,1883.79,1890.9
1396531800,1891.43,1893.8,1882.65,1888.77
1396618200,1890.25,1897.28,1863.26,1865.09
1396877400,1863.92,1864.04,1841.48,1845.04
1396963800,1845.48,1854.95,1837.49,1851.96
1397050200,1852.64,1872.43,1852.38,1872.18
1397136600,1872.28,1872.53,1830.87,1833.08
1397223000,1830.65,1835.07,1814.36,1815.69
1397482200,1818.18,1834.19,1815.8,1830.61
1397568600,1831.45,1844.02,1816.29,1842.98
1397655000,1846.01,1862.31,1846.01,1862.31
1397741400,1861.73,1869.63,1856.72,1864.85
1398087000,1865.79,1871.89,1863.18,1871.89
1398173400,1872.57,1884.89,1872.57,1879.55
1398259800,1879.32,1879.75,1873.91,1875.39
1398346200,1881.97,1884.06,1870.24,1878.61
1398432600,1877.72,1877.72,1859.7,1863.4
1398691800,1865,1877.01,1850.61,1869.43
1398778200,1870.78,1880.6,1870.78,1878.33
1398864600,1877.1,1885.2,1872.69,1883.95
1398951000,1884.39,1888.59,1878.04,1883.68
1399037400,1885.3,1891.33,1878.5,1881.14
1399296600,1879.45,1885.51,1866.77,1884.66
1399383000,1883.69,1883.69,1867.72,1867.72
1399469400,1868.53,1878.83,1859.79,1878.21
1399555800,1877.39,1889.07,1870.05,1875.63
1399642200,1875.27,1878.57,1867.02,1878.48
1399901400,1880.03,1897.13,1880.03,1896.65
1399987800,1896.75,1902.17,1896.06,1897.45
1400074200,1897.13,1897.13,1885.77,1888.53
1400160600,1888.16,1888.16,1862.36,1870.85
1400247000,1871.19,1878.28,1864.82,1877.86
1400506200,1876.66,1886,1872.42,1885.08
1400592600,1884.88,1884.88,1868.14,1872.83
1400679000,1873.34,1888.8,1873.34,1888.03
1400765400,1888.19,1896.33,1885.39,1892.49
1400851800,1893.32,1901.26,1893.32,1900.53
1401197400,1902.01,1912.28,1902.01,1911.91
1401283800,1911.77,1914.46,1907.3,1909.78
1401370200,1910.6,1920.03,1909.82,1920.03
1401456600,1920.33,1924.03,1916.64,1923.57
1401715800,1923.87,1925.88,1915.98,1924.97
1401802200,1923.07,1925.07,1918.79,1924.24
1401888600,1923.06,1928.63,1918.6,1927.88
1401975000,1928.52,1941.74,1922.93,1940.46
1402061400,1942.41,1949.44,1942.41,1949.44
1402320600,1948.97,1955.55,1947.16,1951.27
1402407000,1950.34,1950.86,1944.64,1950.79
1402493400,1949.37,1949.37,1940.08,1943.89
1402579800,1943.35,1943.35,1925.78,1930.11
1402666200,1930.8,1937.3,1927.69,1936.16
1402925400,1934.84,1941.15,1930.91,1937.78
1403011800,1937.15,1943.69,1933.55,1941.99
1403098200,1942.73,1957.74,1939.29,1956.98
1403184600,1957.5,1959.87,1952.26,1959.48
1403271000,1960.45,1963.91,1959.17,1962.87
1403530200,1962.92,1963.74,1958.89,1962.61
1403616600,1961.97,1968.17,1948.34,1949.98
1403703000,1949.27,1960.83,1947.49,1959.53
1403789400,1959.89,1959.89,1944.69,1957.22
1403875800,1956.56,1961.47,1952.18,1960.96
1404135000,1960.79,1964.24,1958.22,1960.23
1404221400,1962.29,1978.58,1962.29,1973.32
1404307800,1973.06,1976.67,1972.58,1974.62
1404394200,1975.88,1985.59,1975.88,1985.44
1404739800,1984.22,1984.22,1974.88,1977.65
1404826200,1976.39,1976.39,1959.46,1963.71
1404912600,1965.1,1974.15,1965.1,1972.83
1404999000,1966.67,1969.84,1952.86,1964.68
1405085400,1965.76,1968.67,1959.63,1967.57
1405344600,1969.86,1979.85,1969.86,1977.1
1405431000,1977.36,1982.52,1965.34,1973.28
1405517400,1976.35,1983.94,1975.67,1981.57
1405603800,1979.75,1981.8,1955.59,1958.12
1405690200,1961.54,1979.91,1960.82,1978.22
1405949400,1976.93,1976.93,1965.77,1973.63
1406035800,1975.65,1986.24,1975.65,1983.53
1406122200,1985.32,1989.23,1982.44,1987.01
1406208600,1988.07,1991.39,1985.79,1987.98
1406295000,1984.6,1984.6,1974.37,1978.34
1406554200,1978.25,1981.52,1967.31,1978.91
1406640600,1980.03,1984.85,1969.95,1969.95
1406727000,1973.21,1978.9,1962.42,1970.07
1406813400,1965.14,1965.14,1930.67,1930.67
1406899800,1929.8,1937.35,1916.37,1925.15
1407159000,1926.62,1942.92,1921.2,1938.99
1407245400,1936.34,1936.34,1913.77,1920.21
1407331800,1917.29,1927.91,1911.45,1920.24
1407418200,1923.03,1928.89,1904.78,1909.57
1407504600,1910.35,1932.38,1909.01,1931.59
1407763800,1933.43,1944.9,1933.43,1936.92
1407850200,1935.73,1939.65,1928.29,1933.75
1407936600,1935.6,1948.41,1935.6,1946.72
1408023000,1947.41,1955.23,1947.41,1955.18
1408109400,1958.87,1964.04,1941.5,1955.06
1408368600,1958.36,1971.99,1958.36,1971.74
1408455000,1972.73,1982.57,1972.73,1981.6
1408541400,1980.46,1988.57,1977.68,1986.51
1408627800,1986.82,1994.76,1986.82,1992.37
1408714200,1992.6,1993.54,1984.76,1988.4
1408973400,1991.74,2001.95,1991.74,1997.92
1409059800,1998.59,2005.04,1998.59,2000.02
1409146200,2000.54,2002.14,1996.2,2000.12
1409232600,1997.42,1998.55,1990.52,1996.74
1409319000,1998.45,2003.38,1994.65,2003.37
1409664600,2004.07,2006.12,1994.85,2002.28
1409751000,2003.57,2009.28,1998.14,2000.72
1409837400,2001.67,2011.17,1992.54,1997.65
1409923800,1998,2007.71,1990.1,2007.71
1410183000,2007.17,2007.17,1995.6,2001.54
1410269400,2000.73,2001.01,1984.61,1988.44
1410355800,1988.41,1996.66,1982.99,1995.69
1410442200,1992.85,1997.65,1985.93,1997.45
1410528600,1996.74,1996.74,1980.26,1985.54
1410787800,1986.04,1987.18,1978.48,1984.13
1410874200,1981.93,2002.28,1979.06,1998.98
1410960600,1999.3,2010.74,1993.29,2001.57
1411047000,2003.07,2012.34,2003.07,2011.36
1411133400,2012.74,2019.26,2006.59,2010.4
1411392600,2009.08,2009.08,1991.01,1994.29
1411479000,1992.78,1995.41,1982.77,1982.77
1411565400,1983.34,1999.79,1978.63,1998.3
1411651800,1997.32,1997.32,1965.99,1965.99
1411738200,1966.22,1986.37,1966.22,1982.85
1411997400,1978.96,1981.28,1964.04,1977.8
1412083800,1978.21,1985.17,1968.96,1972.29
1412170200,1971.44,1971.44,1941.72,1946.16
1412256600,1945.83,1952.32,1926.03,1946.17
1412343000,1948.12,1971.19,1948.12,1967.9
1412602200,1970.01,1977.84,1958.43,1964.82
1412688600,1962.36,1962.36,1934.87,1935.1
1412775000,1935.55,1970.36,1925.25,1968.89
1412861400,1967.68,1967.68,1927.56,1928.21
1412947800,1925.63,1936.98,1906.05,1906.13
1413207000,1905.65,1912.09,1874.14,1874.74
1413293400,1877.11,1898.71,1871.79,1877.7
1413379800,1874.18,1874.18,1820.66,1862.49
1413466200,1855.95,1876.01,1835.02,1862.76
1413552600,1864.91,1898.16,1864.91,1886.76
1413811800,1885.62,1905.03,1882.3,1904.01
1413898200,1909.38,1942.45,1909.38,1941.28
1413984600,1941.29,1949.31,1926.83,1927.11
1414071000,1931.02,1961.95,1931.02,1950.82
1414157400,1951.59,1965.27,1946.27,1964.58
1414416600,1962.97,1964.64,1951.37,1961.63
1414503000,1964.14,1985.05,1964.14,1985.05
1414589400,1983.29,1991.4,1969.04,1982.3
1414675800,1979.49,1999.4,1974.75,1994.65
1414762200,2001.2,2018.19,2001.2,2018.05
1415025000,2018.21,2024.46,2013.68,2017.81
1415111400,2015.81,2015.98,2001.01,2012.1
1415197800,2015.29,2023.77,2014.42,2023.57
1415284200,2023.33,2031.61,2015.86,2031.21
1415370600,2032.36,2034.26,2025.07,2031.92
1415629800,2032.01,2038.7,2030.17,2038.26
1415716200,2038.2,2041.28,2035.28,2039.68
1415802600,2037.75,2040.33,2031.95,2038.25
1415889000,2039.21,2046.18,2030.44,2039.33
1415975400,2039.74,2042.22,2035.2,2039.82
1416234600,2038.29,2043.07,2034.46,2041.32
1416321000,2041.48,2056.08,2041.48,2051.8
1416407400,2051.16,2052.14,2040.37,2048.72
1416493800,2045.87,2053.84,2040.49,2052.75
1416580200,2057.46,2071.46,2056.75,2063.5
1416839400,2065.07,2070.17,2065.07,2069.41
1416925800,2070.15,2074.21,2064.75,2067.03
1417012200,2067.36,2073.29,2066.62,2072.83
1417185000,2074.78,2075.76,2065.06,2067.56
1417444200,2065.78,2065.78,2049.57,2053.44
1417530600,2053.77,2068.77,2053.77,2066.55
1417617000,2067.45,2076.28,2066.65,2074.33
1417703400,2073.64,2077.34,2062.34,2071.92
1417789800,2072.78,2079.47,2070.81,2075.37
1418049000,2074.84,2075.78,2054.27,2060.31
1418135400,2056.55,2060.6,2034.17,2059.82
1418221800,2058.86,2058.86,2024.26,2026.14
1418308200,2027.92,2055.53,2027.92,2035.33
1418394600,2030.36,2032.25,2002.33,2002.33
1418653800,2005.03,2018.69,1982.26,1989.63
1418740200,1986.71,2016.89,1972.56,1972.74
1418826600,1973.77,2016.75,1973.77,2012.89
1418913000,2018.98,2061.23,2018.98,2061.23
1418999400,2061.04,2077.85,2061.03,2070.65
1419258600,2069.28,2078.76,2069.28,2078.54
1419345000,2081.48,2086.73,2079.77,2082.17
1419431400,2083.25,2087.56,2081.86,2081.88
1419604200,2084.3,2092.7,2084.3,2088.77
1419863400,2087.63,2093.55,2085.75,2090.57
1419949800,2088.49,2088.49,2079.53,2080.35
1420036200,2082.11,2085.58,2057.94,2058.9
1420209000,2058.9,2072.36,2046.04,2058.2
1420468200,2054.44,2054.44,2017.34,2020.58
1420554600,2022.15,2030.25,1992.44,2002.61
1420641000,2005.55,2029.61,2005.55,2025.9
1420727400,2030.61,2064.08,2030.61,2062.14
1420813800,2063.45,2064.43,2038.33,2044.81
1421073000,2046.13,2049.3,2022.58,2028.26
1421159400,2031.58,2056.93,2008.25,2023.03
1421245800,2018.4,2018.4,1988.44,2011.27
1421332200,2013.75,2021.35,1991.47,1992.67
1421418600,1992.25,2020.46,1988.12,2019.42
1421764200,2020.76,2028.94,2004.49,2022.55
1421850600,2020.19,2038.29,2012.04,2032.12
1421937000,2034.3,2064.62,2026.38,2063.15
1422023400,2062.98,2062.98,2050.54,2051.82
1422282600,2050.42,2057.62,2040.97,2057.09
1422369000,2047.86,2047.86,2019.91,2029.55
1422455400,2032.34,2042.49,2001.49,2002.16
1422541800,2002.45,2024.64,1989.18,2021.25
1422628200,2019.35,2023.32,1993.38,1994.99
1422887400,1996.67,2021.66,1980.9,2020.85
1422973800,2022.71,2050.3,2022.71,2050.03
1423060200,2048.86,2054.74,2036.72,2041.51
1423146600,2043.45,2063.55,2043.45,2062.52
1423233000,2062.28,2072.4,2049.97,2055.47
1423492200,2053.47,2056.16,2041.88,2046.74
1423578600,2049.38,2070.86,2048.62,2068.59
1423665000,2068.55,2073.48,2057.99,2068.53
1423751400,2069.98,2088.53,2069.98,2088.48
1423837800,2088.78,2097.03,2086.7,2096.99
1424183400,2096.47,2101.3,2089.8,2100.34
1424269800,2099.16,2100.23,2092.15,2099.68
1424356200,2099.25,2102.13,2090.79,2097.45
1424442600,2097.65,2110.61,2085.44,2110.3
1424701800,2109.83,2110.05,2103,2109.66
1424788200,2109.1,2117.94,2105.87,2115.48
1424874600,2115.3,2119.59,2109.89,2113.86
1424961000,2113.91,2113.91,2103.76,2110.74
1425047400,2110.88,2112.74,2103.75,2104.5
1425306600,2105.23,2117.52,2104.5,2117.39
1425393000,2115.76,2115.76,2098.26,2107.78
1425479400,2107.72,2107.72,2087.62,2098.53
1425565800,2098.54,2104.25,2095.22,2101.04
1425652200,2100.91,2100.91,2067.27,2071.26
1425907800,2072.25,2083.49,2072.21,2079.43
1425994200,2076.14,2076.14,2044.16,2044.16
1426080600,2044.69,2050.08,2039.69,2040.24
1426167000,2041.1,2066.41,2041.1,2065.95
1426253400,2064.56,2064.56,2041.17,2053.4
1426512600,2055.35,2081.41,2055.35,2081.19
1426599000,2080.59,2080.59,2065.08,2074.28
1426685400,2072.84,2106.85,2061.23,2099.5
1426771800,2098.69,2098.69,2085.56,2089.27
1426858200,2090.32,2113.92,2090.32,2108.1
1427117400,2107.99,2114.86,2104.42,2104.42
1427203800,2103.94,2107.63,2091.5,2091.5
1427290200,2093.1,2097.43,2061.05,2061.05
1427376600,2059.94,2067.15,2045.5,2056.15
1427463000,2055.78,2062.83,2052.96,2061.02
1427722200,2064.11,2088.97,2064.11,2086.24
1427808600,2084.05,2084.05,2067.04,2067.89
1427895000,2067.63,2067.63,2048.38,2059.69
1427981400,2060.03,2072.17,2057.32,2066.96
1428327000,2064.87,2086.99,2056.52,2080.62
1428413400,2080.79,2089.81,2076.1,2076.33
1428499800,2076.94,2086.69,2073.3,2081.9
1428586200,2081.29,2093.31,2074.29,2091.18
1428672600,2091.51,2102.61,2091.51,2102.06
1428931800,2102.03,2107.65,2092.33,2092.43
1429018200,2092.28,2098.62,2083.24,2095.84
1429104600,2097.82,2111.91,2097.82,2106.63
1429191000,2105.96,2111.3,2100.02,2104.99
1429277400,2102.58,2102.58,2072.37,2081.18
1429536600,2084.11,2103.94,2084.11,2100.4
1429623000,2102.82,2109.64,2094.38,2097.29
1429709400,2098.27,2109.98,2091.05,2107.96
1429795800,2107.21,2120.49,2103.19,2112.93
1429882200,2112.8,2120.92,2112.8,2117.69
1430141400,2119.29,2125.92,2107.04,2108.92
1430227800,2108.35,2116.09,2094.89,2114.76
1430314200,2112.49,2113.65,2097.41,2106.85
1430400600,2105.52,2105.52,2077.59,2085.51
1430487000,2087.38,2108.41,2087.38,2108.29
1430746200,2110.23,2120.95,2110.23,2114.49
1430832600,2112.63,2115.24,2088.46,2089.46
1430919000,2091.26,2098.42,2067.93,2080.15
1431005400,2079.96,2092.9,2074.99,2088
1431091800,2092.13,2117.66,2092.13,2116.1
1431351000,2115.56,2117.69,2104.58,2105.33
1431437400,2102.87,2105.06,2085.57,2099.12
1431523800,2099.62,2110.19,2096.04,2098.48
1431610200,2100.43,2121.45,2100.43,2121.1
1431696600,2122.07,2123.89,2116.79,2122.73
1431955800,2121.3,2131.78,2120.01,2129.2
1432042200,2129.45,2133.02,2124.5,2127.83
1432128600,2127.79,2134.72,2122.59,2125.85
1432215000,2125.55,2134.28,2122.95,2130.82
1432301400,2130.36,2132.15,2126.06,2126.06
1432647000,2125.34,2125.34,2099.18,2104.2
1432733400,2105.13,2126.22,2105.13,2123.48
1432819800,2122.27,2122.27,2112.86,2120.79
1432906200,2120.66,2120.66,2104.89,2107.39
1433165400,2108.64,2119.15,2102.54,2111.73
1433251800,2110.41,2117.59,2099.14,2109.6
1433338200,2110.64,2121.92,2109.61,2114.07
1433424600,2112.35,2112.89,2093.23,2095.84
1433511000,2095.09,2100.99,2085.67,2092.83
1433770200,2092.34,2093.01,2079.11,2079.28
1433856600,2079.07,2085.62,2072.14,2080.15
1433943000,2081.12,2108.5,2081.12,2105.2
1434029400,2106.24,2115.02,2106.24,2108.86
1434115800,2107.43,2107.43,2091.33,2094.11
1434375000,2091.34,2091.34,2072.49,2084.43
1434461400,2084.26,2097.4,2082.1,2096.29
1434547800,2097.4,2106.79,2088.86,2100.44
1434634200,2101.58,2126.65,2101.58,2121.24
1434720600,2121.03,2121.64,2109.38,2109.99
1434979800,2112.5,2129.87,2112.5,2122.85
1435066200,2123.16,2128.03,2119.89,2124.2
1435152600,2123.33,2125.1,2108.58,2108.58
1435239000,2109.96,2116.04,2101.78,2102.31
1435325400,2102.62,2108.92,2095.38,2101.49
1435584600,2098.63,2098.63,2056.64,2057.64
1435671000,2061.19,2074.28,2056.32,2063.11
1435757400,2067,2082.78,2067,2077.42
1435843800,2078.03,2085.06,2071.02,2076.78
1436189400,2073.95,2078.61,2058.4,2068.76
1436275800,2069.52,2083.74,2044.02,2081.34
1436362200,2077.66,2077.66,2044.66,2046.68
1436448600,2049.73,2074.28,2049.73,2051.31
1436535000,2052.74,2081.31,2052.74,2076.62
1436794200,2080.03,2100.67,2080.03,2099.6
1436880600,2099.72,2111.98,2098.18,2108.95
1436967000,2109.01,2114.14,2102.49,2107.4
1437053400,2110.55,2124.42,2110.55,2124.29
1437139800,2126.8,2128.91,2119.88,2126.64
1437399000,2126.85,2132.82,2123.65,2128.28
1437485400,2127.55,2128.49,2115.4,2119.21
1437571800,2118.21,2118.51,2110,2114.15
1437658200,2114.16,2116.87,2098.63,2102.15
1437744600,2102.24,2106.01,2077.09,2079.65
1438003800,2078.19,2078.19,2063.52,2067.64
1438090200,2070.75,2095.6,2069.09,2093.25
1438176600,2094.7,2110.6,2094.08,2108.57
1438263000,2106.78,2110.48,2094.97,2108.63
1438349400,2111.6,2114.24,2102.07,2103.84
1438608600,2104.49,2105.7,2087.31,2098.04
1438695000,2097.68,2102.51,2088.6,2093.32
1438781400,2095.27,2112.66,2095.27,2099.84
1438867800,2100.75,2103.32,2075.53,2083.56
1438954200,2082.61,2082.61,2067.91,2077.57
1439213400,2080.98,2105.35,2080.98,2104.18
1439299800,2102.66,2102.66,2076.49,2084.07
1439386200,2081.1,2089.06,2052.09,2086.05
1439472600,2086.19,2092.93,2078.26,2083.39
1439559000,2083.15,2092.45,2080.61,2091.54
1439818200,2089.7,2102.87,2079.3,2102.44
1439904600,2101.99,2103.47,2094.14,2096.92
1439991000,2095.69,2096.17,2070.53,2079.61
1440077400,2076.61,2076.61,2035.73,2035.73
1440163800,2034.08,2034.08,1970.89,1970.89
1440423000,1965.15,1965.15,1867.01,1893.21
1440509400,1898.08,1948.04,1867.08,1867.61
1440595800,1872.75,1943.09,1872.75,1940.51
1440682200,1942.77,1989.6,1942.77,1987.66
1440768600,1986.06,1993.48,1975.19,1988.87
1441027800,1986.73,1986.73,1965.98,1972.18
1441114200,1970.09,1970.09,1903.07,1913.85
1441200600,1916.52,1948.91,1916.52,1948.86
1441287000,1950.79,1975.01,1944.72,1951.13
1441373400,1947.76,1947.76,1911.21,1921.22
1441719000,1927.3,1970.42,1927.3,1969.41
1441805400,1971.45,1988.63,1937.88,1942.04
1441891800,1941.59,1965.29,1937.19,1952.29
1441978200,1951.45,1961.05,1939.19,1961.05
1442237400,1963.06,1963.06,1948.27,1953.03
1442323800,1955.1,1983.19,1954.3,1978.09
1442410200,1978.02,1997.26,1977.93,1995.31
1442496600,1995.33,2020.86,1986.73,1990.2
1442583000,1989.66,1989.66,1953.45,1958.03
1442842200,1960.84,1979.64,1955.8,1966.97
1442928600,1961.39,1961.39,1929.22,1942.74
1443015000,1943.24,1949.52,1932.57,1938.76
1443101400,1934.81,1937.17,1908.92,1932.24
1443187800,1935.93,1952.89,1921.5,1931.34
1443447000,1929.18,1929.18,1879.21,1881.77
1443533400,1881.9,1899.48,1871.91,1884.09
1443619800,1887.14,1920.53,1887.14,1920.03
1443706200,1919.65,1927.21,1900.7,1923.82
1443792600,1921.77,1951.36,1893.7,1951.36
1444051800,1954.33,1989.17,1954.33,1987.05
1444138200,1986.63,1991.62,1971.99,1979.92
1444224600,1982.34,1999.31,1976.44,1995.83
1444311000,1994.01,2016.5,1987.53,2013.43
1444397400,2013.73,2020.13,2007.61,2014.89
1444656600,2015.65,2018.66,2010.55,2017.46
1444743000,2015,2022.34,2001.78,2003.69
1444829400,2003.66,2009.56,1990.73,1994.24
1444915800,1996.47,2024.15,1996.47,2023.86
1445002200,2024.37,2033.54,2020.46,2033.11
1445261400,2031.73,2034.45,2022.31,2033.66
1445347800,2033.13,2039.12,2026.61,2030.77
1445434200,2033.47,2037.97,2017.22,2018.94
1445520600,2021.88,2055.2,2021.88,2052.51
1445607000,2058.19,2079.74,2058.19,2075.15
1445866200,2075.08,2075.14,2066.53,2071.18
1445952600,2068.75,2070.37,2058.84,2065.89
1446039000,2066.48,2090.35,2063.11,2090.35
1446125400,2088.35,2092.52,2082.63,2089.41
1446211800,2090,2094.32,2079.34,2079.36
1446474600,2080.76,2106.2,2080.76,2104.05
1446561000,2102.63,2116.48,2097.51,2109.79
1446647400,2110.6,2114.59,2096.98,2102.31
1446733800,2101.68,2108.78,2090.41,2099.93
1446820200,2098.6,2101.91,2083.74,2099.2
1447079400,2096.56,2096.56,2068.24,2078.58
1447165800,2077.19,2083.67,2069.91,2081.72
1447252200,2083.41,2086.94,2074.85,2075
1447338600,2072.29,2072.29,2045.66,2045.97
1447425000,2044.64,2044.64,2022.02,2023.04
1447684200,2022.08,2053.22,2019.39,2053.19
1447770600,2053.67,2066.69,2045.9,2050.44
1447857000,2051.99,2085.31,2051.99,2083.58
1447943400,2083.7,2086.74,2078.76,2081.24
1448029800,2082.82,2097.06,2082.82,2089.17
1448289000,2089.41,2095.61,2081.39,2086.59
1448375400,2084.42,2094.12,2070.29,2089.14
1448461800,2089.3,2093,2086.3,2088.87
1448634600,2088.82,2093.29,2084.13,2090.11
1448893800,2090.95,2093.81,2080.41,2080.41
1448980200,2082.93,2103.37,2082.93,2102.63
1449066600,2101.71,2104.27,2077.11,2079.51
1449153000,2080.71,2085,2042.35,2049.62
1449239400,2051.24,2093.84,2051.24,2091.69
1449498600,2090.42,2090.42,2066.78,2077.07
1449585000,2073.39,2073.85,2052.32,2063.59
1449671400,2061.17,2080.33,2036.53,2047.62
1449757800,2047.93,2067.65,2045.67,2052.23
1449844200,2047.27,2047.27,2008.8,2012.37
1450103400,2013.37,2022.92,1993.26,2021.94
1450189800,2025.55,2053.87,2025.55,2043.41
1450276200,2046.5,2076.72,2042.43,2073.07
1450362600,2073.76,2076.37,2041.66,2041.89
1450449000,2040.81,2040.81,2005.33,2005.55
1450708200,2010.27,2022.9,2005.93,2021.15
1450794600,2023.15,2042.74,2020.49,2038.97
1450881000,2042.2,2064.73,2042.2,2064.29
1450967400,2063.52,2067.36,2058.73,2060.99
1451313000,2057.77,2057.77,2044.2,2056.5
1451399400,2060.54,2081.56,2060.54,2078.36
1451485800,2077.34,2077.34,2061.97,2063.36
1451572200,2060.59,2062.54,2043.62,2043.94
1451917800,2038.2,2038.2,1989.68,2012.66
1452004200,2013.78,2021.94,2004.17,2016.71
1452090600,2011.71,2011.71,1979.05,1990.26
1452177000,1985.32,1985.32,1938.83,1943.09
1452263400,1945.97,1960.4,1918.46,1922.03
1452522600,1926.12,1935.65,1901.1,1923.67
1452609000,1927.83,1947.38,1914.35,1938.68
1452695400,1940.34,1950.33,1886.41,1890.28
1452781800,1891.68,1934.47,1878.93,1921.84
1452868200,1916.68,1916.68,1857.83,1880.33
1453213800,1888.66,1901.44,1864.6,1881.33
1453300200,1876.18,1876.18,1812.29,1859.33
1453386600,1861.46,1889.85,1848.98,1868.99
1453473000,1877.4,1908.85,1877.4,1906.9
1453732200,1906.28,1906.28,1875.97,1877.08
1453818600,1878.79,1906.73,1878.79,1903.63
1453905000,1902.52,1916.99,1872.7,1882.95
1453991400,1885.22,1902.96,1873.65,1893.36
1454077800,1894,1940.24,1894,1940.24
1454337000,1936.94,1947.2,1920.3,1939.38
1454423400,1935.26,1935.26,1897.29,1903.03
1454509800,1907.07,1918.01,1872.23,1912.53
1454596200,1911.67,1927.35,1900.52,1915.45
1454682600,1913.07,1913.07,1872.65,1880.05
1454941800,1873.25,1873.25,1828.46,1853.44
1455028200,1848.46,1868.25,1834.94,1852.21
1455114600,1857.1,1881.6,1850.32,1851.86
1455201000,1847,1847,1810.1,1829.08
1455287400,1833.4,1864.78,1833.4,1864.78
1455633000,1871.44,1895.77,1871.44,1895.58
1455719400,1898.8,1930.68,1898.8,1926.82
1455805800,1927.57,1930,1915.09,1917.83
1455892200,1916.74,1918.78,1902.17,1917.78
1456151400,1924.44,1946.7,1924.44,1945.5
1456237800,1942.38,1942.38,1919.44,1921.27
1456324200,1917.56,1932.08,1891,1929.8
1456410600,1931.87,1951.83,1925.41,1951.7
1456497000,1954.95,1962.96,1945.78,1948.05
1456756200,1947.13,1958.27,1931.81,1932.23
1456842600,1937.09,1978.35,1937.09,1978.35
1456929000,1976.6,1986.51,1968.8,1986.45
1457015400,1985.6,1993.69,1977.37,1993.4
1457101800,1994.01,2009.13,1986.77,1999.99
1457361000,1996.11,2006.12,1989.38,2001.76
1457447400,1996.88,1996.88,1977.43,1979.26
1457533800,1981.44,1992.69,1979.84,1989.26
1457620200,1990.97,2005.08,1969.25,1989.57
1457706600,1994.71,2022.37,1994.71,2022.19
1457962200,2019.27,2024.57,2012.05,2019.64
1458048600,2015.27,2015.94,2005.23,2015.93
1458135000,2014.24,2032.02,2010.04,2027.22
1458221400,2026.9,2046.24,2022.16,2040.59
1458307800,2041.16,2052.36,2041.16,2049.58
1458567000,2047.88,2053.91,2043.14,2051.6
1458653400,2048.64,2056.6,2040.57,2049.8
1458739800,2048.55,2048.55,2034.86,2036.71
1458826200,2032.48,2036.04,2022.49,2035.94
1459171800,2037.89,2042.67,2031.96,2037.05
1459258200,2035.75,2055.91,2028.31,2055.01
1459344600,2058.27,2072.21,2058.27,2063.95
1459431000,2063.77,2067.92,2057.46,2059.74
1459517400,2056.62,2075.07,2043.98,2072.78
1459776600,2073.19,2074.02,2062.57,2066.13
1459863000,2062.5,2062.5,2042.56,2045.17
1459949400,2045.56,2067.33,2043.09,2066.66
1460035800,2063.01,2063.01,2033.8,2041.91
1460122200,2045.54,2060.63,2041.69,2047.6
1460381400,2050.23,2062.93,2041.88,2041.99
1460467800,2043.72,2065.05,2039.74,2061.72
1460554200,2065.92,2083.18,2065.92,2082.42
1460640600,2082.89,2087.84,2078.13,2082.78
1460727000,2083.1,2083.22,2076.31,2080.73
1460986200,2078.83,2094.66,2073.65,2094.34
1461072600,2096.05,2104.05,2091.68,2100.8
1461159000,2101.52,2111.05,2096.32,2102.4
1461245400,2102.09,2103.78,2088.52,2091.48
1461331800,2091.49,2094.32,2081.2,2091.58
1461591000,2089.37,2089.37,2077.52,2087.79
1461677400,2089.84,2096.87,2085.8,2091.7
1461763800,2092.33,2099.89,2082.31,2095.15
1461850200,2090.93,2099.3,2071.62,2075.81
1461936600,2071.82,2073.85,2052.28,2065.3
1462195800,2067.17,2083.42,2066.11,2081.43
1462282200,2077.18,2077.18,2054.89,2063.37
1462368600,2060.3,2060.3,2045.55,2051.12
1462455000,2052.95,2060.23,2045.77,2050.63
1462541400,2047.77,2057.72,2039.45,2057.14
1462800600,2057.55,2064.15,2054.31,2058.69
1462887000,2062.63,2084.87,2062.63,2084.39
1462973400,2083.29,2083.29,2064.46,2064.46
1463059800,2067.17,2073.99,2053.13,2064.11
1463146200,2062.5,2066.79,2043.13,2046.61
1463405400,2046.53,2071.88,2046.53,2066.66
1463491800,2065.04,2065.69,2040.82,2047.21
1463578200,2044.38,2060.61,2034.49,2047.63
1463664600,2044.21,2044.21,2025.91,2040.04
1463751000,2041.88,2058.35,2041.88,2052.32
1464010200,2052.23,2055.58,2047.26,2048.04
1464096600,2052.65,2079.67,2052.65,2076.06
1464183000,2078.93,2094.73,2078.93,2090.54
1464269400,2091.44,2094.3,2087.08,2090.1
1464355800,2090.06,2099.06,2090.06,2099.06
1464701400,2100.13,2103.48,2088.66,2096.96
1464787800,2093.94,2100.97,2085.1,2099.33
1464874200,2097.71,2105.26,2088.59,2105.26
1464960600,2104.07,2104.07,2085.36,2099.13
1465219800,2100.83,2113.36,2100.83,2109.41
1465306200,2110.18,2119.22,2110.18,2112.13
1465392600,2112.71,2120.55,2112.71,2119.12
1465479000,2115.65,2117.64,2107.73,2115.48
1465565400,2109.57,2109.57,2089.96,2096.07
1465824600,2091.75,2098.12,2078.46,2079.06
1465911000,2076.65,2081.3,2064.1,2075.32
1465997400,2077.6,2085.65,2069.8,2071.5
1466083800,2066.36,2079.62,2050.37,2077.99
1466170200,2078.2,2078.2,2062.84,2071.22
1466429400,2075.58,2100.66,2075.58,2083.25
1466515800,2085.19,2093.66,2083.02,2088.9
1466602200,2089.75,2099.71,2084.36,2085.45
1466688600,2092.8,2113.32,2092.8,2113.32
1466775000,2103.81,2103.81,2032.57,2037.41
1467034200,2031.45,2031.45,1991.68,2000.54
1467120600,2006.67,2036.09,2006.67,2036.09
1467207000,2042.69,2073.13,2042.69,2070.77
1467293400,2073.17,2098.94,2070,2098.86
1467379800,2099.34,2108.71,2097.9,2102.95
1467725400,2095.05,2095.05,2080.86,2088.55
1467811800,2084.43,2100.72,2074.02,2099.73
1467898200,2100.42,2109.08,2089.39,2097.9
1467984600,2106.97,2131.71,2106.97,2129.9
1468243800,2131.72,2143.16,2131.72,2137.16
1468330200,2139.5,2155.4,2139.5,2152.14
1468416600,2153.81,2156.45,2146.21,2152.43
1468503000,2157.88,2168.99,2157.88,2163.75
1468589400,2165.13,2169.05,2155.79,2161.74
1468848600,2162.04,2168.35,2159.63,2166.89
1468935000,2163.79,2164.63,2159.01,2163.78
1469021400,2166.1,2175.63,2164.89,2173.02
1469107800,2172.91,2174.56,2159.75,2165.17
1469194200,2166.47,2175.11,2163.24,2175.03
1469453400,2173.71,2173.71,2161.95,2168.48
1469539800,2168.97,2173.54,2160.18,2169.18
1469626200,2169.81,2174.98,2159.07,2166.58
1469712600,2166.05,2172.85,2159.74,2170.06
1469799000,2168.83,2177.09,2163.49,2173.6
1470058200,2173.15,2178.29,2166.21,2170.84
1470144600,2169.94,2170.2,2147.58,2157.03
1470231000,2156.81,2163.79,2152.56,2163.79
1470317400,2163.51,2168.19,2159.07,2164.25
1470403800,2168.79,2182.87,2168.79,2182.87
1470663000,2183.76,2185.44,2177.85,2180.89
1470749400,2182.24,2187.66,2178.61,2181.74
1470835800,2182.81,2183.41,2172,2175.49
1470922200,2177.97,2188.45,2177.97,2185.79
1471008600,2183.74,2186.28,2179.42,2184.05
1471267800,2186.08,2193.81,2186.08,2190.15
1471354200,2186.24,2186.24,2178.14,2178.15
1471440600,2177.84,2183.08,2168.5,2182.22
1471527000,2181.9,2187.03,2180.46,2187.02
1471613400,2184.24,2185,2175.13,2183.87
1471872600,2181.58,2185.15,2175.96,2182.64
1471959000,2187.81,2193.42,2186.8,2186.9
1472045400,2185.09,2186.66,2171.25,2175.44
1472131800,2173.29,2179,2169.74,2172.47
1472218200,2175.1,2187.94,2160.39,2169.04
1472477400,2170.19,2183.48,2170.19,2180.38
1472563800,2179.45,2182.27,2170.41,2176.12
1472650200,2173.56,2173.79,2161.35,2170.95
1472736600,2171.33,2173.56,2157.09,2170.86
1472823000,2177.49,2184.87,2173.59,2179.98
1473168600,2181.61,2186.57,2175.1,2186.48
1473255000,2185.17,2187.87,2179.07,2186.16
1473341400,2182.76,2184.94,2177.49,2181.3
1473427800,2169.08,2169.08,2127.81,2127.81
1473687000,2120.86,2163.3,2119.12,2159.04
1473773400,2150.47,2150.47,2120.27,2127.02
1473859800,2127.86,2141.33,2119.9,2125.77
1473946200,2125.36,2151.31,2122.36,2147.26
1474032600,2146.48,2146.48,2131.2,2139.16
1474291800,2143.99,2153.61,2135.91,2139.12
1474378200,2145.94,2150.8,2139.17,2139.76
1474464600,2144.58,2165.11,2139.57,2163.12
1474551000,2170.94,2179.99,2170.94,2177.18
1474637400,2173.29,2173.75,2163.97,2164.69
1474896600,2158.54,2158.54,2145.04,2146.1
1474983000,2146.04,2161.13,2141.55,2159.93
1475069400,2161.85,2172.4,2151.79,2171.37
1475155800,2168.9,2172.67,2145.2,2151.13
1475242200,2156.51,2175.3,2156.51,2168.27
1475501400,2164.33,2164.41,2154.77,2161.2
1475587800,2163.37,2165.46,2144.01,2150.49
1475674200,2155.15,2163.95,2155.15,2159.73
1475760600,2158.22,2162.93,2150.28,2160.77
1475847000,2164.19,2165.86,2144.85,2153.74
1476106200,2160.39,2169.6,2160.39,2163.66
1476192600,2161.35,2161.56,2128.84,2136.73
1476279000,2137.67,2145.36,2132.77,2139.18
1476365400,2130.26,2138.19,2114.72,2132.55
1476451800,2139.68,2149.19,2132.98,2132.98
1476711000,2132.95,2135.61,2124.43,2126.5
1476797400,2138.31,2144.38,2135.49,2139.6
1476883800,2140.81,2148.44,2138.15,2144.29
1476970200,2142.51,2147.18,2133.44,2141.34
1477056600,2139.43,2142.63,2130.09,2141.16
1477315800,2148.5,2154.79,2146.91,2151.33
1477402200,2149.72,2151.44,2141.93,2143.16
1477488600,2136.97,2145.73,2131.59,2139.43
1477575000,2144.06,2147.13,2132.52,2133.04
1477661400,2132.23,2140.72,2119.36,2126.41
1477920600,2129.78,2133.25,2125.53,2126.15
1478007000,2128.68,2131.45,2097.85,2111.72
1478093400,2109.43,2111.76,2094,2097.94
1478179800,2098.8,2102.56,2085.23,2088.66
1478266200,2083.79,2099.07,2083.79,2085.18
1478529000,2100.59,2132,2100.59,2131.52
1478615400,2129.92,2146.87,2123.56,2139.56
1478701800,2131.56,2170.1,2125.35,2163.26
1478788200,2167.49,2182.3,2151.17,2167.48
1478874600,2162.71,2165.92,2152.49,2164.45
1479133800,2165.64,2171.36,2156.08,2164.2
1479220200,2168.29,2180.84,2166.38,2180.39
1479306600,2177.53,2179.22,2172.2,2176.94
1479393000,2178.61,2188.06,2176.65,2187.12
1479479400,2186.85,2189.89,2180.38,2181.9
1479738600,2186.43,2198.7,2186.43,2198.18
1479825000,2201.56,2204.8,2194.51,2202.94
1479911400,2198.55,2204.72,2194.51,2204.72
1480084200,2206.27,2213.35,2206.27,2213.35
1480343400,2210.21,2211.14,2200.36,2201.72
1480429800,2200.76,2210.46,2198.15,2204.66
1480516200,2204.97,2214.1,2198.81,2198.81
1480602600,2200.17,2202.6,2187.44,2191.08
1480689000,2191.12,2197.95,2188.37,2191.95
1480948200,2200.65,2209.42,2199.97,2204.71
1481034600,2207.26,2212.78,2202.21,2212.23
1481121000,2210.72,2241.63,2208.93,2241.35
1481207400,2241.13,2251.69,2237.57,2246.19
1481293800,2249.73,2259.8,2249.23,2259.53
1481553000,2258.83,2264.03,2252.37,2256.96
1481639400,2263.32,2277.53,2263.32,2271.72
1481725800,2268.35,2276.2,2248.44,2253.28
1481812200,2253.77,2272.12,2253.77,2262.03
1481898600,2266.81,2268.05,2254.24,2258.07
1482157800,2259.24,2267.47,2258.21,2262.53
1482244200,2266.5,2272.56,2266.14,2270.76
1482330600,2270.54,2271.23,2265.15,2265.18
1482417000,2262.93,2263.18,2256.08,2260.96
1482503400,2260.25,2263.79,2258.84,2263.79
1482849000,2266.23,2273.82,2266.15,2268.88
1482935400,2270.23,2271.31,2249.11,2249.92
1483021800,2249.5,2254.51,2244.56,2249.26
1483108200,2251.61,2253.58,2233.62,2238.83
1483453800,2251.57,2263.88,2245.13,2257.83
1483540200,2261.6,2272.82,2261.6,2270.75
1483626600,2268.18,2271.5,2260.45,2269
1483713000,2271.14,2282.1,2264.06,2276.98
1483972200,2273.59,2275.49,2268.9,2268.9
1484058600,2269.72,2279.27,2265.27,2268.9
1484145000,2268.6,2275.32,2260.83,2275.32
1484231400,2271.14,2271.78,2254.25,2270.44
1484317800,2272.74,2278.68,2271.51,2274.64
1484663400,2269.14,2272.08,2262.81,2267.89
1484749800,2269.14,2272.01,2263.35,2271.89
1484836200,2271.9,2274.33,2258.41,2263.69
1484922600,2269.96,2276.96,2265.01,2271.31
1485181800,2267.78,2271.78,2257.02,2265.2
1485268200,2267.88,2284.63,2266.68,2280.07
1485354600,2288.88,2299.55,2288.88,2298.37
1485441000,2298.63,2300.99,2294.08,2296.68
1485527400,2299.02,2299.02,2291.62,2294.69
1485786600,2286.01,2286.01,2268.04,2280.9
1485873000,2274.02,2279.09,2267.21,2278.87
1485959400,2285.59,2289.14,2272.44,2279.55
1486045800,2276.69,2283.97,2271.65,2280.85
1486132200,2288.54,2298.31,2287.88,2297.42
1486391400,2294.28,2296.18,2288.57,2292.56
1486477800,2295.87,2299.4,2290.16,2293.08
1486564200,2289.55,2295.91,2285.38,2294.67
1486650600,2296.7,2311.08,2296.61,2307.87
1486737000,2312.27,2319.23,2311.1,2316.1
1486996200,2321.72,2331.58,2321.42,2328.25
1487082600,2326.12,2337.58,2322.17,2337.58
1487169000,2335.58,2351.3,2334.81,2349.25
1487255400,2349.64,2351.31,2338.87,2347.22
1487341800,2343.01,2351.16,2339.58,2351.16
1487687400,2354.91,2366.71,2354.91,2365.38
1487773800,2361.11,2365.13,2358.34,2362.82
1487860200,2367.5,2368.26,2355.09,2363.81
1487946600,2355.73,2367.34,2352.87,2367.34
1488205800,2365.23,2371.54,2361.87,2369.75
1488292200,2366.08,2367.79,2358.96,2363.64
1488378600,2380.13,2400.98,2380.13,2395.96
1488465000,2394.75,2394.75,2380.17,2381.92
1488551400,2380.92,2383.89,2375.39,2383.12
1488810600,2375.23,2378.8,2367.98,2375.31
1488897000,2370.74,2375.12,2365.51,2368.39
1488983400,2369.81,2373.09,2361.01,2362.98
1489069800,2363.49,2369.08,2354.54,2364.87
1489156200,2372.52,2376.86,2363.04,2372.6
1489411800,2371.56,2374.42,2368.52,2373.47
1489498200,2368.55,2368.55,2358.18,2365.45
1489584600,2370.34,2390.01,2368.94,2385.26
1489671000,2387.71,2388.1,2377.18,2381.38
1489757400,2383.71,2385.71,2377.64,2378.25
1490016600,2378.24,2379.55,2369.66,2373.47
1490103000,2379.32,2381.93,2341.9,2344.02
1490189400,2343,2351.81,2336.45,2348.45
1490275800,2345.97,2358.92,2342.13,2345.96
1490362200,2350.42,2356.22,2335.74,2343.98
1490621400,2329.11,2344.9,2322.25,2341.59
1490707800,2339.79,2363.78,2337.63,2358.57
1490794200,2356.54,2363.36,2352.94,2361.13
1490880600,2361.31,2370.42,2358.58,2368.06
1490967000,2364.82,2370.35,2362.6,2362.72
1491226200,2362.34,2365.87,2344.73,2358.84
1491312600,2354.76,2360.53,2350.72,2360.16
1491399000,2366.59,2378.36,2350.52,2352.95
1491485400,2353.79,2364.16,2348.9,2357.49
1491571800,2356.59,2363.76,2350.74,2355.54
1491831000,2357.16,2366.37,2351.5,2357.16
1491917400,2353.92,2355.22,2337.25,2353.78
1492003800,2352.15,2352.72,2341.18,2344.93
1492090200,2341.98,2348.26,2328.95,2328.95
1492435800,2332.62,2349.14,2332.51,2349.01
1492522200,2342.53,2348.35,2334.54,2342.19
1492608600,2346.79,2352.63,2335.05,2338.17
1492695000,2342.69,2361.37,2340.91,2355.84
1492781400,2354.74,2356.18,2344.51,2348.69
1493040600,2370.33,2376.98,2369.19,2374.15
1493127000,2381.51,2392.48,2381.15,2388.61
1493213400,2388.98,2398.16,2386.76,2387.45
1493299800,2389.7,2392.1,2382.68,2388.77
1493386200,2393.68,2393.68,2382.36,2384.2
1493645400,2388.5,2394.49,2384.83,2388.33
1493731800,2391.05,2392.93,2385.82,2391.17
1493818200,2386.5,2389.82,2379.75,2388.13
1493904600,2389.79,2391.43,2380.35,2389.52
1493991000,2392.37,2399.29,2389.38,2399.29
1494250200,2399.94,2401.36,2393.92,2399.38
1494336600,2401.58,2403.87,2392.44,2396.92
1494423000,2396.79,2399.74,2392.79,2399.63
1494509400,2394.84,2395.72,2381.74,2394.44
1494595800,2392.44,2392.44,2387.19,2390.9
1494855000,2393.98,2404.05,2393.94,2402.32
1494941400,2404.55,2405.77,2396.05,2400.67
1495027800,2382.95,2384.87,2356.21,2357.03
1495114200,2354.69,2375.74,2352.72,2365.72
1495200600,2371.37,2389.06,2370.43,2381.73
1495459800,2387.21,2395.46,2386.92,2394.02
1495546200,2397.04,2400.85,2393.88,2398.42
1495632600,2401.41,2405.58,2397.99,2404.39
1495719000,2409.54,2418.71,2408.01,2415.07
1495805400,2414.5,2416.68,2412.2,2415.82
1496151000,2411.67,2415.26,2409.43,2412.91
1496237400,2415.63,2415.99,2403.59,2411.8
1496323800,2415.65,2430.06,2413.54,2430.06
1496410200,2431.28,2440.23,2427.71,2439.07
1496669400,2437.83,2439.55,2434.32,2436.1
1496755800,2431.92,2436.21,2428.12,2429.33
1496842200,2432.03,2435.28,2424.75,2433.14
1496928600,2434.27,2439.27,2427.94,2433.79
1497015000,2436.39,2446.2,2415.7,2431.77
1497274200,2425.88,2430.38,2419.97,2429.39
1497360600,2434.15,2441.49,2431.28,2440.35
1497447000,2443.75,2443.75,2428.34,2437.92
1497533400,2424.14,2433.95,2418.53,2432.46
1497619800,2431.24,2433.15,2422.88,2433.15
1497879000,2442.55,2453.82,2441.79,2453.46
1497965400,2450.66,2450.66,2436.6,2437.03
1498051800,2439.31,2442.23,2430.74,2435.61
1498138200,2437.4,2441.62,2433.27,2434.5
1498224600,2434.65,2441.4,2431.11,2438.3
1498483800,2443.32,2450.42,2437.03,2439.07
1498570200,2436.34,2440.15,2419.38,2419.38
1498656600,2428.7,2442.97,2428.02,2440.69
1498743000,2442.38,2442.73,2405.7,2419.7
1498829400,2429.2,2432.71,2421.65,2423.41
1499088600,2431.39,2439.17,2428.69,2429.01
1499261400,2430.78,2434.9,2422.05,2432.54
1499347800,2423.44,2424.28,2407.7,2409.75
1499434200,2413.52,2426.92,2413.52,2425.18
1499693400,2424.51,2432,2422.27,2427.43
1499779800,2427.35,2429.3,2412.79,2425.53
1499866200,2435.75,2445.76,2435.75,2443.25
1499952600,2444.99,2449.32,2441.69,2447.83
1500039000,2449.16,2463.54,2446.69,2459.27
1500298200,2459.5,2462.82,2457.16,2459.14
1500384600,2455.88,2460.92,2450.34,2460.61
1500471000,2463.85,2473.83,2463.85,2473.83
1500557400,2475.56,2477.62,2468.43,2473.45
1500643800,2467.4,2472.54,2465.06,2472.54
1500903000,2472.04,2473.1,2466.32,2469.91
1500989400,2477.88,2481.24,2474.91,2477.13
1501075800,2479.97,2481.69,2474.94,2477.83
1501162200,2482.76,2484.04,2459.93,2475.42
1501248600,2469.12,2473.53,2464.66,2472.1
1501507800,2475.94,2477.96,2468.53,2470.3
1501594200,2477.1,2478.51,2471.14,2476.35
1501680600,2480.38,2480.38,2466.48,2477.57
1501767000,2476.03,2476.03,2468.85,2472.16
1501853400,2476.88,2480,2472.08,2476.83
1502112600,2477.14,2480.95,2475.88,2480.91
1502199000,2478.35,2490.87,2470.32,2474.92
1502285400,2465.35,2474.41,2462.08,2474.02
1502371800,2465.38,2465.38,2437.75,2438.21
1502458200,2441.04,2448.09,2437.85,2441.32
1502717400,2454.96,2468.22,2454.96,2465.84
1502803800,2468.66,2468.9,2461.61,2464.61
1502890200,2468.63,2474.93,2463.86,2468.11
1502976600,2462.95,2465.02,2430.01,2430.01
1503063000,2427.64,2440.27,2420.69,2425.55
1503322200,2425.5,2430.58,2417.35,2428.37
1503408600,2433.75,2454.77,2433.67,2452.51
1503495000,2444.88,2448.91,2441.42,2444.04
1503581400,2447.91,2450.39,2436.19,2438.97
1503667800,2444.72,2453.96,2442.22,2443.05
1503927000,2447.35,2449.12,2439.03,2444.24
1504013400,2431.94,2449.19,2428.2,2446.3
1504099800,2446.06,2460.31,2443.77,2457.59
1504186200,2462.65,2475.01,2462.65,2471.65
1504272600,2474.42,2480.38,2473.85,2476.55
1504618200,2470.35,2471.97,2446.55,2457.85
1504704600,2463.83,2469.64,2459.2,2465.54
1504791000,2468.06,2468.62,2460.29,2465.1
1504877400,2462.25,2467.11,2459.4,2461.43
1505136600,2474.52,2488.95,2474.52,2488.11
1505223000,2491.94,2496.77,2490.37,2496.48
1505309400,2493.89,2498.37,2492.14,2498.37
1505395800,2494.56,2498.43,2491.35,2495.62
1505482200,2495.67,2500.23,2493.16,2500.23
1505741400,2502.51,2508.32,2499.92,2503.87
1505827800,2506.29,2507.84,2503.19,2506.65
1505914200,2506.84,2508.85,2496.67,2508.24
1506000600,2507.16,2507.16,2499,2500.6
1506087000,2497.26,2503.47,2496.54,2502.22
1506346200,2499.39,2502.54,2488.03,2496.66
1506432600,2501.04,2503.51,2495.12,2496.84
1506519000,2503.3,2511.75,2495.91,2507.04
1506605400,2503.41,2510.81,2502.93,2510.06
1506691800,2509.96,2519.44,2507.99,2519.36
1506951000,2521.2,2529.23,2520.4,2529.12
1507037400,2530.34,2535.13,2528.85,2534.58
1507123800,2533.48,2540.53,2531.8,2537.74
1507210200,2540.86,2552.51,2540.02,2552.07
1507296600,2547.44,2549.41,2543.79,2549.33
1507555800,2551.39,2551.82,2541.6,2544.73
1507642200,2549.99,2555.23,2544.86,2550.64
1507728600,2550.62,2555.24,2547.95,2555.24
1507815000,2552.88,2555.33,2548.31,2550.93
1507901400,2555.66,2557.65,2552.09,2553.17
1508160600,2555.57,2559.47,2552.64,2557.64
1508247000,2557.17,2559.71,2554.69,2559.36
1508333400,2562.87,2564.11,2559.67,2561.26
1508419800,2553.39,2562.36,2547.92,2562.1
1508506200,2567.56,2575.44,2567.56,2575.21
1508765400,2578.08,2578.29,2564.33,2564.98
1508851800,2568.66,2572.18,2565.58,2569.13
1508938200,2566.52,2567.4,2544,2557.15
1509024600,2560.08,2567.07,2559.8,2560.4
1509111000,2570.26,2582.98,2565.94,2581.07
1509370200,2577.75,2580.03,2568.25,2572.83
1509456600,2575.99,2578.29,2572.15,2575.26
1509543000,2583.21,2588.4,2574.92,2579.36
1509629400,2579.46,2581.11,2566.17,2579.85
1509715800,2581.93,2588.42,2576.77,2587.84
1509978600,2587.47,2593.38,2585.66,2591.13
1510065000,2592.11,2597.02,2584.35,2590.64
1510151400,2588.71,2595.47,2585.02,2594.38
1510237800,2584,2586.5,2566.33,2584.62
1510324200,2580.18,2583.81,2575.57,2582.3
1510583400,2576.53,2587.66,2574.48,2584.84
1510669800,2577.75,2579.66,2566.56,2578.87
1510756200,2569.45,2572.84,2557.45,2564.62
1510842600,2572.95,2590.09,2572.95,2585.64
1510929000,2582.94,2583.96,2577.62,2578.85
1511188200,2579.49,2584.64,2578.24,2582.14
1511274600,2589.17,2601.19,2589.17,2599.03
1511361000,2600.31,2600.94,2595.23,2597.08
1511533800,2600.42,2604.21,2600.42,2602.42
1511793000,2602.66,2606.41,2598.87,2601.42
1511879400,2605.94,2627.69,2605.44,2627.04
1511965800,2627.82,2634.89,2620.32,2626.07
1512052200,2633.93,2657.74,2633.93,2647.58
1512138600,2645.1,2650.62,2605.52,2642.22
1512397800,2657.19,2665.19,2639.03,2639.44
1512484200,2639.78,2648.72,2627.73,2629.57
1512570600,2626.24,2634.41,2624.75,2629.27
1512657000,2628.38,2640.99,2626.53,2636.98
1512743400,2646.21,2651.65,2644.1,2651.5
1513002600,2652.19,2660.33,2651.47,2659.99
1513089000,2661.73,2669.72,2659.78,2664.11
1513175400,2667.59,2671.88,2662.85,2662.85
1513261800,2665.87,2668.09,2652.01,2652.01
1513348200,2660.63,2679.63,2659.14,2675.81
1513607400,2685.92,2694.97,2685.92,2690.16
1513693800,2692.71,2694.44,2680.74,2681.47
1513780200,2688.18,2691.01,2676.11,2679.25
1513866600,2683.02,2692.64,2682.4,2684.57
1513953000,2684.22,2685.35,2678.13,2683.34
1514298600,2679.09,2682.74,2677.96,2680.5
1514385000,2682.1,2685.64,2678.91,2682.62
1514471400,2686.1,2687.66,2682.69,2687.54
1514557800,2689.15,2692.12,2673.61,2673.61
1514903400,2683.73,2695.89,2682.36,2695.81
1514989800,2697.85,2714.37,2697.77,2713.06
1515076200,2719.31,2729.29,2719.07,2723.99
1515162600,2731.33,2743.45,2727.92,2743.15
1515421800,2742.67,2748.51,2737.6,2747.71
1515508200,2751.15,2759.14,2747.86,2751.29
1515594600,2745.55,2750.8,2736.06,2748.23
1515681000,2752.97,2767.56,2752.78,2767.56
1515767400,2770.18,2787.85,2769.64,2786.24
1516113000,2798.96,2807.54,2768.64,2776.42
1516199400,2784.99,2807.04,2778.38,2802.56
1516285800,2802.4,2805.83,2792.56,2798.03
1516372200,2802.6,2810.33,2798.08,2810.3
1516631400,2809.16,2833.03,2808.12,2832.97
1516717800,2835.05,2842.24,2830.59,2839.13
1516804200,2845.42,2852.97,2824.81,2837.54
1516890600,2846.24,2848.56,2830.94,2839.25
1516977000,2847.48,2872.87,2846.18,2872.87
1517236200,2867.23,2870.62,2851.48,2853.53
1517322600,2832.74,2837.75,2818.27,2822.43
1517409000,2832.41,2839.26,2813.04,2823.81
1517495400,2816.45,2835.96,2812.7,2821.98
1517581800,2808.92,2808.92,2759.97,2762.13
1517841000,2741.06,2763.39,2638.17,2648.94
1517927400,2614.78,2701.04,2593.07,2695.14
1518013800,2690.95,2727.67,2681.33,2681.66
1518100200,2685.01,2685.27,2580.56,2581
1518186600,2601.78,2638.67,2532.69,2619.55
1518445800,2636.75,2672.61,2622.45,2656
1518532200,2646.27,2668.84,2637.08,2662.94
1518618600,2651.21,2702.1,2648.87,2698.63
1518705000,2713.46,2731.51,2689.82,2731.2
1518791400,2727.14,2754.42,2725.11,2732.22
1519137000,2722.99,2737.6,2706.76,2716.26
1519223400,2720.53,2747.75,2701.29,2701.33
1519309800,2710.42,2731.26,2697.77,2703.96
1519396200,2715.8,2747.76,2713.74,2747.3
1519655400,2757.37,2780.64,2753.78,2779.6
1519741800,2780.45,2789.15,2744.22,2744.28
1519828200,2753.78,2761.52,2713.54,2713.83
1519914600,2715.22,2730.89,2659.65,2677.67
1520001000,2658.89,2696.25,2647.32,2691.25
1520260200,2681.06,2728.09,2675.75,2720.94
1520346600,2730.18,2732.08,2711.26,2728.12
1520433000,2710.18,2730.6,2701.74,2726.8
1520519400,2732.75,2740.45,2722.65,2738.97
1520605800,2752.91,2786.57,2751.54,2786.57
1520861400,2790.54,2796.98,2779.26,2783.02
1520947800,2792.31,2801.9,2758.68,2765.31
1521034200,2774.06,2777.11,2744.38,2749.48
1521120600,2754.27,2763.03,2741.47,2747.33
1521207000,2750.57,2761.85,2749.97,2752.01
1521466200,2741.38,2741.38,2694.59,2712.92
1521552600,2715.05,2724.22,2710.05,2716.94
1521639000,2714.99,2739.14,2709.79,2711.93
1521725400,2691.36,2695.68,2641.59,2643.69
1521811800,2646.71,2657.67,2585.89,2588.26
1522071000,2619.35,2661.36,2601.81,2658.55
1522157400,2667.57,2674.78,2596.12,2612.62
1522243800,2611.3,2632.65,2593.06,2605
1522330200,2614.41,2659.07,2609.72,2640.87
1522675800,2633.45,2638.3,2553.8,2581.88
1522762200,2592.17,2619.14,2575.49,2614.45
1522848600,2584.04,2649.86,2573.61,2644.69
1522935000,2657.36,2672.08,2649.58,2662.84
1523021400,2645.82,2656.88,2586.27,2604.47
1523280600,2617.18,2653.55,2610.79,2613.16
1523367000,2638.41,2665.45,2635.78,2656.87
1523453400,2643.89,2661.43,2639.25,2642.19
1523539800,2653.83,2674.72,2653.83,2663.99
1523626200,2676.9,2680.26,2645.05,2656.3
1523885400,2670.1,2686.49,2665.16,2677.84
1523971800,2692.74,2713.34,2692.05,2706.39
1524058200,2710.11,2717.49,2703.63,2708.64
1524144600,2701.16,2702.84,2681.9,2693.13
1524231000,2692.56,2693.94,2660.61,2670.14
1524490200,2675.4,2682.86,2657.99,2670.29
1524576600,2680.8,2683.55,2617.32,2634.56
1524663000,2634.92,2645.3,2612.67,2639.4
1524749400,2651.65,2676.48,2647.16,2666.94
1524835800,2675.47,2677.35,2659.01,2669.91
1525095000,2675.05,2682.92,2648.04,2648.05
1525181400,2643.64,2655.27,2625.41,2654.8
1525267800,2654.24,2660.87,2631.7,2635.67
1525354200,2628.08,2637.14,2594.62,2629.73
1525440600,2621.45,2670.93,2615.32,2663.42
1525699800,2669.36,2683.35,2664.7,2672.63
1525786200,2670.26,2676.34,2655.2,2671.92
1525872600,2678.12,2701.27,2674.14,2697.79
1525959000,2705.02,2726.11,2704.54,2723.07
1526045400,2722.7,2732.86,2717.45,2727.72
1526304600,2733.37,2742.1,2725.47,2730.13
1526391000,2718.59,2718.59,2701.91,2711.45
1526477400,2712.62,2727.76,2712.17,2722.46
1526563800,2719.71,2731.96,2711.36,2720.13
1526650200,2717.35,2719.5,2709.18,2712.97
1526909400,2725.95,2739.19,2725.7,2733.01
1526995800,2738.34,2742.24,2721.88,2724.44
1527082200,2713.98,2733.33,2709.54,2733.29
1527168600,2730.94,2731.97,2707.38,2727.76
1527255000,2723.6,2727.36,2714.99,2721.33
1527600600,2705.11,2710.67,2676.81,2689.86
1527687000,2702.43,2729.34,2702.43,2724.01
1527773400,2720.98,2722.5,2700.68,2705.27
1527859800,2718.7,2736.93,2718.7,2734.62
1528119000,2741.67,2749.16,2740.54,2746.87
1528205400,2748.46,2752.61,2739.51,2748.8
1528291800,2753.25,2772.39,2748.46,2772.35
1528378200,2774.84,2779.9,2760.16,2770.37
1528464600,2765.84,2779.39,2763.59,2779.03
1528723800,2780.18,2790.21,2780.17,2782
1528810200,2785.6,2789.8,2778.78,2786.85
1528896600,2787.94,2791.47,2774.65,2775.63
1528983000,2783.21,2789.06,2776.52,2782.49
1529069400,2777.78,2782.81,2761.73,2779.66
1529328600,2765.79,2774.99,2757.12,2773.75
1529415000,2752.01,2765.05,2743.19,2762.59
1529501400,2769.73,2774.86,2763.91,2767.32
1529587800,2769.28,2769.28,2744.39,2749.76
1529674200,2760.79,2764.17,2752.68,2754.88
1529933400,2742.94,2742.94,2698.67,2717.07
1530019800,2722.12,2732.91,2715.6,2723.06
1530106200,2728.45,2746.09,2699.38,2699.63
1530192600,2698.69,2724.34,2691.99,2716.31
1530279000,2727.13,2743.26,2718.03,2718.37
1530538200,2704.95,2727.26,2698.95,2726.71
1530624600,2733.27,2736.58,2711.16,2713.22
1530797400,2724.19,2737.83,2716.02,2736.61
1530883800,2737.68,2764.41,2733.52,2759.82
1531143000,2768.51,2784.65,2768.51,2784.17
1531229400,2788.56,2795.58,2786.24,2793.84
1531315800,2779.82,2785.91,2770.77,2774.02
1531402200,2783.14,2799.22,2781.53,2798.29
1531488600,2796.93,2804.53,2791.69,2801.31
1531747800,2801.43,2803.71,2793.39,2798.43
1531834200,2789.34,2814.19,2789.24,2809.55
1531920600,2811.35,2816.76,2805.89,2815.62
1532007000,2809.37,2812.05,2799.77,2804.49
1532093400,2804.55,2809.7,2800.01,2801.83
1532352600,2799.17,2808.61,2795.14,2806.98
1532439000,2820.68,2829.99,2811.12,2820.4
1532525400,2817.73,2848.03,2817.73,2846.07
1532611800,2835.49,2845.57,2835.26,2837.44
1532698200,2842.35,2843.17,2808.34,2818.82
1532957400,2819,2821.74,2798.11,2802.6
1533043800,2809.73,2824.46,2808.06,2816.29
1533130200,2821.17,2825.83,2805.85,2813.36
1533216600,2800.48,2829.91,2796.34,2827.22
1533303000,2829.62,2840.38,2827.37,2840.35
1533562200,2840.29,2853.29,2835.98,2850.4
1533648600,2855.92,2863.43,2855.92,2858.45
1533735000,2856.79,2862.44,2853.09,2857.7
1533821400,2857.19,2862.48,2851.98,2853.58
1533907800,2839.64,2842.2,2825.81,2833.28
1534167000,2835.46,2843.4,2819.88,2821.93
1534253400,2827.88,2843.11,2826.58,2839.96
1534339800,2827.95,2827.95,2802.49,2818.37
1534426200,2831.44,2850.49,2831.44,2840.69
1534512600,2838.32,2855.63,2833.73,2850.13
1534771800,2853.93,2859.76,2850.62,2857.05
1534858200,2861.51,2873.23,2861.32,2862.96
1534944600,2860.99,2867.54,2856.05,2861.82
1535031000,2860.29,2868.78,2854.03,2856.98
1535117400,2862.35,2876.16,2862.35,2874.69
1535376600,2884.69,2898.25,2884.69,2896.74
1535463000,2901.45,2903.77,2893.5,2897.52
1535549400,2900.62,2916.5,2898.4,2914.04
1535635800,2908.94,2912.46,2895.22,2901.13
1535722200,2898.37,2906.32,2891.73,2901.52
1536067800,2896.96,2900.18,2885.13,2896.72
1536154200,2891.59,2894.21,2876.92,2888.6
1536240600,2888.64,2892.05,2867.29,2878.05
1536327000,2868.26,2883.81,2864.12,2871.68
1536586200,2881.39,2886.93,2875.94,2877.13
1536672600,2871.57,2892.52,2866.78,2887.89
1536759000,2888.29,2894.65,2879.2,2888.92
1536845400,2896.85,2906.76,2896.39,2904.18
1536931800,2906.38,2908.3,2895.77,2904.98
1537191000,2903.83,2904.65,2886.16,2888.8
1537277400,2890.74,2911.17,2890.43,2904.31
1537363800,2906.6,2912.36,2903.82,2907.95
1537450200,2919.73,2934.8,2919.73,2930.75
1537536600,2936.76,2940.91,2927.11,2929.67
1537795800,2921.83,2923.79,2912.63,2919.37
1537882200,2921.75,2923.95,2913.7,2915.56
1537968600,2916.98,2931.15,2903.28,2905.97
1538055000,2911.65,2927.22,2909.27,2914
1538141400,2910.03,2920.53,2907.5,2913.98
1538400600,2926.29,2937.06,2917.91,2924.59
1538487000,2923.8,2931.42,2919.37,2923.43
1538573400,2931.69,2939.86,2921.36,2925.51
1538659800,2919.35,2919.78,2883.92,2901.61
1538746200,2902.54,2909.64,2869.29,2885.57
1539005400,2877.53,2889.45,2862.08,2884.43
1539091800,2882.51,2894.83,2874.27,2880.34
1539178200,2873.9,2874.02,2784.86,2785.68
1539264600,2776.87,2795.14,2710.51,2728.37
1539351000,2770.54,2775.77,2729.44,2767.13
1539610200,2763.83,2775.99,2749.03,2750.79
1539696600,2767.05,2813.46,2766.91,2809.92
1539783000,2811.67,2816.94,2781.81,2809.21
1539869400,2802,2806.04,2755.18,2768.78
1539955800,2775.66,2797.77,2760.27,2767.78
1540215000,2773.94,2778.94,2749.22,2755.88
1540301400,2721.03,2753.59,2691.43,2740.69
1540387800,2737.87,2742.59,2651.89,2656.1
1540474200,2674.88,2722.7,2667.84,2705.57
1540560600,2667.86,2692.38,2628.16,2658.69
1540819800,2682.65,2706.85,2603.54,2641.25
1540906200,2640.68,2685.43,2635.34,2682.63
1540992600,2705.6,2736.69,2705.6,2711.74
1541079000,2717.58,2741.67,2708.85,2740.37
1541165400,2745.45,2756.55,2700.44,2723.06
1541428200,2726.37,2744.27,2717.94,2738.31
1541514600,2738.4,2756.82,2737.08,2755.45
1541601000,2774.13,2815.15,2774.13,2813.89
1541687400,2806.38,2814.75,2794.99,2806.83
1541773800,2794.1,2794.1,2764.24,2781.01
1542033000,2773.93,2775.99,2722,2726.22
1542119400,2730.05,2754.6,2714.98,2722.18
1542205800,2737.9,2746.8,2685.75,2701.58
1542292200,2693.52,2735.38,2670.75,2730.2
1542378600,2718.54,2746.75,2712.16,2736.27
1542637800,2730.74,2733.16,2681.09,2690.73
1542724200,2654.6,2669.44,2631.52,2641.89
1542810600,2657.74,2670.73,2649.82,2649.93
1542983400,2633.36,2647.55,2631.09,2632.56
1543242600,2649.97,2674.35,2649.97,2673.45
1543329000,2663.75,2682.53,2655.89,2682.17
1543415400,2691.45,2744,2684.38,2743.79
1543501800,2736.97,2753.75,2722.94,2737.76
1543588200,2737.76,2760.88,2732.76,2760.17
1543847400,2790.5,2800.18,2773.38,2790.37
1543933800,2782.43,2785.93,2697.18,2700.06
1544106600,2663.51,2696.15,2621.53,2695.95
1544193000,2691.26,2708.54,2623.14,2633.08
1544452200,2630.86,2647.51,2583.23,2637.72
1544538600,2664.44,2674.35,2621.3,2636.78
1544625000,2658.23,2685.44,2650.26,2651.07
1544711400,2658.7,2670.19,2637.27,2650.54
1544797800,2629.68,2635.07,2593.84,2599.95
1545057000,2590.75,2601.13,2530.54,2545.94
1545143400,2559.9,2573.99,2528.71,2546.16
1545229800,2547.05,2585.29,2488.96,2506.96
1545316200,2496.77,2509.63,2441.18,2467.42
1545402600,2465.38,2504.41,2408.55,2416.62
1545661800,2400.56,2410.34,2351.1,2351.1
1545834600,2363.12,2467.76,2346.58,2467.7
1545921000,2442.5,2489.1,2397.94,2488.83
1546007400,2498.77,2520.27,2472.89,2485.74
1546266600,2498.94,2509.24,2482.82,2506.85
1546439400,2476.96,2519.49,2467.47,2510.03
1546525800,2491.92,2493.14,2443.96,2447.89
1546612200,2474.33,2538.07,2474.33,2531.94
1546871400,2535.61,2566.16,2524.56,2549.69
1546957800,2568.11,2579.82,2547.56,2574.41
1547044200,2580,2595.32,2568.89,2584.96
1547130600,2573.51,2597.82,2562.02,2596.64
1547217000,2588.11,2596.27,2577.4,2596.26
1547476200,2580.31,2589.32,2570.41,2582.61
1547562600,2585.1,2613.08,2585.1,2610.3
1547649000,2614.75,2625.76,2612.68,2616.1
1547735400,2609.28,2645.06,2606.36,2635.96
1547821800,2651.27,2675.47,2647.58,2670.71
1548167400,2657.88,2657.88,2617.27,2632.9
1548253800,2643.48,2653.19,2612.86,2638.7
1548340200,2638.84,2647.2,2627.01,2642.33
1548426600,2657.44,2672.38,2657.33,2664.76
1548685800,2644.97,2644.97,2624.06,2643.85
1548772200,2644.89,2650.93,2631.05,2640
1548858600,2653.62,2690.44,2648.34,2681.05
1548945000,2685.49,2708.95,2678.65,2704.1
1549031400,2702.32,2716.66,2696.88,2706.53
1549290600,2706.49,2724.99,2698.75,2724.87
1549377000,2728.34,2738.98,2724.03,2737.7
1549463400,2735.05,2738.08,2724.15,2731.61
1549549800,2717.53,2719.32,2687.26,2706.05
1549636200,2692.36,2708.07,2681.83,2707.88
1549895400,2712.4,2718.05,2703.79,2709.8
1549981800,2722.61,2748.19,2722.61,2744.73
1550068200,2750.3,2761.85,2748.63,2753.03
1550154600,2743.5,2757.9,2731.23,2745.73
1550241000,2760.24,2775.66,2760.24,2775.6
1550586600,2769.28,2787.33,2767.29,2779.76
1550673000,2779.05,2789.88,2774.06,2784.7
1550759400,2780.24,2781.58,2764.55,2774.88
1550845800,2780.67,2794.2,2779.11,2792.67
1551105000,2804.35,2813.49,2794.99,2796.11
1551191400,2792.36,2803.12,2789.47,2793.9
1551277800,2787.5,2795.76,2775.13,2792.38
1551364200,2788.11,2793.73,2782.51,2784.49
1551450600,2798.22,2808.02,2787.38,2803.69
1551709800,2814.37,2816.88,2767.66,2792.81
1551796200,2794.41,2796.44,2782.97,2789.65
1551882600,2790.27,2790.27,2768.69,2771.45
1551969000,2766.53,2767.25,2739.09,2748.93
1552055400,2730.79,2744.13,2722.27,2743.07
1552311000,2747.61,2784,2747.61,2783.3
1552397400,2787.34,2798.32,2786.73,2791.52
1552483800,2799.78,2821.24,2799.78,2810.92
1552570200,2810.38,2815,2803.46,2808.48
1552656600,2810.79,2830.73,2810.79,2822.48
1552915800,2822.61,2835.41,2821.99,2832.94
1553002200,2840.76,2852.42,2823.27,2832.57
1553088600,2831.34,2843.54,2812.43,2824.23
1553175000,2819.72,2860.31,2817.38,2854.88
1553261400,2844.52,2846.16,2800.47,2800.71
1553520600,2796.01,2809.79,2785.02,2798.36
1553607000,2812.66,2829.87,2803.99,2818.46
1553693400,2819.72,2825.56,2787.72,2805.37
1553779800,2809.4,2819.71,2798.77,2815.44
1553866200,2828.27,2836.03,2819.23,2834.4
1554125400,2848.63,2869.4,2848.63,2867.19
1554211800,2868.24,2872.9,2858.75,2867.24
1554298200,2876.09,2885.25,2865.17,2873.4
1554384600,2873.99,2881.28,2867.14,2879.39
1554471000,2884.16,2893.24,2882.99,2892.74
1554730200,2888.46,2895.95,2880.78,2895.77
1554816600,2886.58,2886.88,2873.33,2878.2
1554903000,2881.37,2889.71,2879.13,2888.21
1554989400,2891.92,2893.42,2881.99,2888.32
1555075800,2900.86,2910.54,2898.37,2907.41
1555335000,2908.32,2909.6,2896.48,2905.58
1555421400,2912.26,2916.06,2900.71,2907.06
1555507800,2916.04,2918,2895.45,2900.45
1555594200,2904.81,2908.4,2891.9,2905.03
1555939800,2898.78,2909.51,2896.35,2907.97
1556026200,2909.99,2936.31,2908.53,2933.68
1556112600,2934,2936.83,2926.05,2927.25
1556199000,2928.99,2933.1,2912.84,2926.17
1556285400,2925.81,2939.88,2917.56,2939.88
1556544600,2940.58,2949.52,2939.35,2943.03
1556631000,2937.14,2948.22,2924.11,2945.83
1556717400,2952.33,2954.13,2923.36,2923.73
1556803800,2922.16,2931.68,2900.5,2917.52
1556890200,2929.21,2947.85,2929.21,2945.64
1557149400,2908.89,2937.32,2898.21,2932.47
1557235800,2913.03,2913.03,2862.6,2884.05
1557322200,2879.61,2897.96,2873.28,2879.42
1557408600,2859.84,2875.97,2836.4,2870.72
1557495000,2863.1,2891.31,2825.39,2881.4
1557754200,2840.19,2840.19,2801.43,2811.87
1557840600,2820.12,2852.54,2820.12,2834.41
1557927000,2820.38,2858.68,2815.08,2850.96
1558013400,2855.8,2892.15,2855.8,2876.32
1558099800,2858.6,2885.48,2854.23,2859.53
1558359000,2841.94,2853.86,2831.29,2840.23
1558445400,2854.02,2868.88,2854.02,2864.36
1558531800,2856.06,2865.47,2851.11,2856.27
1558618200,2836.7,2836.7,2805.49,2822.24
1558704600,2832.41,2841.36,2820.19,2826.06
1559050200,2830.03,2840.51,2801.58,2802.39
1559136600,2790.25,2792.03,2766.06,2783.02
1559223000,2786.94,2799,2776.74,2788.86
1559309400,2766.15,2768.98,2750.52,2752.06
1559568600,2751.53,2763.07,2728.81,2744.45
1559655000,2762.64,2804.49,2762.64,2803.27
1559741400,2818.09,2827.28,2800.92,2826.15
1559827800,2828.51,2852.1,2822.45,2843.49
1559914200,2852.87,2884.97,2852.87,2873.34
1560173400,2885.83,2904.77,2885.51,2886.73
1560259800,2903.27,2910.61,2878.53,2885.72
1560346200,2882.73,2888.57,2874.68,2879.84
1560432600,2886.24,2895.24,2881.99,2891.64
1560519000,2886.82,2894.45,2879.62,2886.98
1560778200,2889.75,2897.27,2887.3,2889.67
1560864600,2906.71,2930.79,2905.44,2917.75
1560951000,2920.55,2931.74,2911.43,2926.46
1561037400,2949.6,2958.06,2931.5,2954.18
1561123800,2952.71,2964.15,2946.87,2950.46
1561383000,2951.42,2954.92,2944.05,2945.35
1561469400,2945.78,2946.52,2916.01,2917.38
1561555800,2926.07,2932.59,2912.99,2913.78
1561642200,2919.66,2929.3,2918.57,2924.92
1561728600,2932.94,2943.98,2929.05,2941.76
1561987800,2971.41,2977.93,2952.22,2964.33
1562074200,2964.66,2973.21,2955.92,2973.01
1562160600,2978.08,2995.84,2977.96,2995.82
1562333400,2984.25,2994.03,2967.97,2990.41
1562592600,2979.77,2980.76,2970.09,2975.95
1562679000,2965.52,2981.9,2963.44,2979.63
1562765400,2989.3,3002.98,2984.62,2993.07
1562851800,2999.62,3002.33,2988.8,2999.91
1562938200,3003.36,3013.92,3001.87,3013.77
1563197400,3017.8,3017.8,3008.77,3014.3
1563283800,3012.13,3015.02,3001.15,3004.04
1563370200,3005.1,3005.26,2984.25,2984.42
1563456600,2978.87,2998.28,2973.09,2995.11
1563543000,3004.26,3006.02,2975.86,2976.61
1563802200,2981.93,2990.71,2976.65,2985.03
1563888600,2994.74,3005.9,2988.56,3005.47
1563975000,2998.77,3019.59,2996.82,3019.56
1564061400,3016.26,3016.31,2997.24,3003.67
1564147800,3013.25,3027.98,3012.59,3025.86
1564407000,3024.47,3025.61,3014.3,3020.97
1564493400,3007.66,3017.19,3000.94,3013.18
1564579800,3016.22,3017.4,2958.08,2980.38
1564666200,2980.32,3013.59,2945.23,2953.56
1564752600,2943.9,2945.5,2914.11,2932.05
1565011800,2898.07,2898.07,2822.12,2844.74
1565098200,2861.18,2884.4,2847.42,2881.77
1565184600,2858.65,2892.17,2825.71,2883.98
1565271000,2896.21,2938.72,2894.47,2938.09
1565357400,2930.51,2935.75,2900.15,2918.65
1565616600,2907.07,2907.58,2873.14,2883.09
1565703000,2880.72,2943.31,2877.05,2926.32
1565789400,2894.15,2894.15,2839.64,2840.6
1565875800,2846.2,2856.67,2825.51,2847.6
1565962200,2864.74,2893.63,2864.74,2888.68
1566221400,2913.48,2931,2913.48,2923.65
1566307800,2919.01,2923.63,2899.6,2900.51
1566394200,2922.04,2928.73,2917.91,2924.43
1566480600,2930.94,2939.08,2904.51,2922.95
1566567000,2911.07,2927.01,2834.97,2847.11
1566826200,2866.7,2879.27,2856,2878.38
1566912600,2893.14,2898.79,2860.59,2869.16
1566999000,2861.28,2890.03,2853.05,2887.94
1567085400,2910.37,2930.5,2905.67,2924.58
1567171800,2937.09,2940.43,2913.32,2926.46
1567517400,2909.01,2914.39,2891.85,2906.27
1567603800,2924.67,2938.84,2921.86,2937.78
1567690200,2960.6,2985.86,2960.6,2976
1567776600,2980.33,2985.03,2972.51,2978.71
1568035800,2988.43,2989.43,2969.39,2978.43
1568122200,2971.01,2979.39,2957.01,2979.39
1568208600,2981.41,3000.93,2975.31,3000.93
1568295000,3009.08,3020.74,3000.92,3009.57
1568381400,3012.21,3017.33,3002.9,3007.39
1568640600,2996.41,3002.19,2990.67,2997.96
1568727000,2995.67,3006.21,2993.73,3005.7
1568813400,3001.5,3007.83,2978.57,3006.73
1568899800,3010.36,3021.99,3003.16,3006.79
1568986200,3008.42,3016.37,2984.68,2992.07
1569245400,2983.5,2999.15,2982.23,2991.78
1569331800,3002.43,3007.98,2957.73,2966.6
1569418200,2968.35,2989.82,2952.86,2984.87
1569504600,2985.73,2987.28,2963.71,2977.62
1569591000,2985.47,2987.31,2945.53,2961.79
1569850200,2967.07,2983.85,2967.07,2976.74
1569936600,2983.69,2992.53,2938.7,2940.25
1570023000,2924.78,2924.78,2874.93,2887.61
1570109400,2885.38,2911.13,2855.94,2910.63
1570195800,2918.56,2953.74,2918.56,2952.01
1570455000,2944.23,2959.75,2935.68,2938.79
1570541400,2920.4,2925.47,2892.66,2893.06
1570627800,2911.1,2929.32,2907.41,2919.4
1570714200,2918.55,2948.46,2917.12,2938.13
1570800600,2963.07,2993.28,2963.07,2970.27
1571059800,2965.81,2972.84,2962.94,2966.15
1571146200,2973.61,3003.28,2973.61,2995.68
1571232600,2989.68,2997.54,2985.2,2989.69
1571319000,3000.77,3008.29,2991.79,2997.95
1571405400,2996.84,3000,2976.31,2986.2
1571664600,2996.48,3007.33,2995.35,3006.72
1571751000,3010.73,3014.57,2995.04,2995.99
1571837400,2994.01,3004.78,2991.21,3004.52
1571923800,3014.78,3016.07,3000.42,3010.29
1572010200,3003.32,3027.39,3001.94,3022.55
1572269400,3032.12,3044.08,3032.12,3039.42
1572355800,3035.39,3047.87,3034.81,3036.89
1572442200,3039.74,3050.1,3025.96,3046.77
1572528600,3046.9,3046.9,3023.19,3037.56
1572615000,3050.72,3066.95,3050.72,3066.91
1572877800,3078.96,3085.2,3074.87,3078.27
1572964200,3080.8,3083.95,3072.15,3074.62
1573050600,3075.1,3078.34,3065.89,3076.78
1573137000,3087.02,3097.77,3080.23,3085.18
1573223400,3081.25,3093.09,3073.58,3093.08
1573482600,3080.33,3088.33,3075.82,3087.01
1573569000,3089.28,3102.61,3084.73,3091.84
1573655400,3084.18,3098.06,3078.8,3094.04
1573741800,3090.75,3098.2,3083.26,3096.63
1573828200,3107.92,3120.46,3104.6,3120.46
1574087400,3117.91,3124.17,3112.06,3122.03
1574173800,3127.45,3127.64,3113.47,3120.18
1574260200,3114.66,3118.97,3091.41,3108.46
1574346600,3108.49,3110.11,3094.55,3103.54
1574433000,3111.41,3112.87,3099.26,3110.29
1574692200,3117.44,3133.83,3117.44,3133.64
1574778600,3134.85,3142.69,3131,3140.52
1574865000,3145.49,3154.26,3143.41,3153.63
1575037800,3147.18,3150.3,3139.34,3140.98
1575297000,3143.85,3144.31,3110.78,3113.87
1575383400,3087.41,3094.97,3070.33,3093.2
1575469800,3103.5,3119.38,3102.53,3112.76
1575556200,3119.21,3119.45,3103.76,3117.43
1575642600,3134.62,3150.6,3134.62,3145.91
1575901800,3141.86,3148.87,3135.46,3135.96
1575988200,3135.36,3142.12,3126.09,3132.52
1576074600,3135.75,3143.98,3133.21,3141.63
1576161000,3141.23,3176.28,3138.47,3168.57
1576247400,3166.65,3182.68,3156.51,3168.8
1576506600,3183.63,3197.71,3183.63,3191.45
1576593000,3195.4,3198.22,3191.03,3192.52
1576679400,3195.21,3198.48,3191.14,3191.14
1576765800,3192.32,3205.48,3192.32,3205.37
1576852200,3223.33,3225.65,3216.03,3221.22
1577111400,3226.05,3227.78,3222.3,3224.01
1577197800,3225.45,3226.43,3220.51,3223.38
1577370600,3227.2,3240.08,3227.2,3239.91
1577457000,3247.23,3247.93,3234.37,3240.02
1577716200,3240.09,3240.92,3216.57,3221.29
1577802600,3215.18,3231.72,3212.03,3230.78
1577975400,3244.67,3258.14,3235.53,3257.85
1578061800,3226.36,3246.15,3222.34,3234.85
1578321000,3217.55,3246.84,3214.64,3246.28
1578407400,3241.86,3244.91,3232.43,3237.18
1578493800,3238.59,3267.07,3236.67,3253.05
1578580200,3266.03,3275.58,3263.67,3274.7
1578666600,3281.81,3282.99,3260.86,3265.35
1578925800,3271.13,3288.13,3268.43,3288.13
1579012200,3285.35,3294.25,3277.19,3283.15
1579098600,3282.27,3298.66,3280.69,3289.29
1579185000,3302.97,3317.11,3302.82,3316.81
1579271400,3323.66,3329.88,3318.86,3329.62
1579617000,3321.03,3329.79,3316.61,3320.79
1579703400,3330.02,3337.77,3320.04,3321.75
1579789800,3315.77,3326.88,3301.87,3325.54
1579876200,3333.1,3333.18,3281.53,3295.47
1580135400,3247.16,3258.85,3234.5,3243.63
1580221800,3255.35,3285.78,3253.22,3276.24
1580308200,3289.46,3293.47,3271.89,3273.4
1580394600,3256.45,3285.91,3242.8,3283.66
1580481000,3282.33,3282.33,3214.68,3225.52
1580740200,3235.66,3268.44,3235.66,3248.92
1580826600,3280.61,3306.92,3280.61,3297.59
1580913000,3324.91,3337.58,3313.75,3334.69
1580999400,3344.92,3347.96,3334.39,3345.78
1581085800,3335.54,3341.42,3322.12,3327.71
1581345000,3318.28,3352.26,3317.77,3352.09
1581431400,3365.87,3375.63,3352.72,3357.75
1581517800,3370.5,3381.47,3369.72,3379.45
1581604200,3365.9,3385.09,3360.52,3373.94
1581690600,3378.08,3380.69,3366.15,3380.16
1582036200,3369.04,3375.01,3355.61,3370.29
1582122600,3380.39,3393.52,3378.83,3386.15
1582209000,3380.45,3389.15,3341.02,3373.23
1582295400,3360.5,3360.76,3328.45,3337.75
1582554600,3257.61,3259.81,3214.65,3225.89
1582641000,3238.94,3246.99,3118.77,3128.21
1582727400,3139.9,3182.51,3108.99,3116.39
1582813800,3062.54,3097.07,2977.39,2978.76
1582900200,2916.9,2959.72,2855.84,2954.22
1583159400,2974.28,3090.96,2945.19,3090.23
1583245800,3096.46,3136.72,2976.63,3003.37
1583332200,3045.75,3130.97,3034.38,3130.12
1583418600,3075.7,3083.04,2999.83,3023.94
1583505000,2954.2,2985.93,2901.54,2972.37
1583760600,2863.89,2863.89,2734.43,2746.56
1583847000,2813.48,2882.59,2734,2882.23
1583933400,2825.6,2825.6,2707.22,2741.38
1584019800,2630.86,2660.95,2478.86,2480.64
1584106200,2569.99,2711.33,2492.37,2711.02
1584365400,2508.59,2562.98,2380.94,2386.13
1584451800,2425.66,2553.93,2367.04,2529.19
1584538200,2436.5,2453.57,2280.52,2398.1
1584624600,2393.48,2466.97,2319.78,2409.39
1584711000,2431.94,2453.01,2295.56,2304.92
1584970200,2290.71,2300.73,2191.86,2237.4
1585056600,2344.44,2449.71,2344.44,2447.33
1585143000,2457.77,2571.42,2407.53,2475.56
1585229400,2501.29,2637.01,2500.72,2630.07
1585315800,2555.87,2615.91,2520.02,2541.47
1585575000,2558.98,2631.8,2545.28,2626.65
1585661400,2614.69,2641.39,2571.15,2584.59
1585747800,2498.08,2522.75,2447.49,2470.5
1585834200,2458.54,2533.22,2455.79,2526.9
1585920600,2514.92,2538.18,2459.96,2488.65
1586179800,2578.28,2676.85,2574.57,2663.68
1586266200,2738.65,2756.89,2657.67,2659.41
1586352600,2685,2760.75,2663.3,2749.98
1586439000,2776.99,2818.57,2762.36,2789.82
1586784600,2782.46,2782.46,2721.17,2761.63
1586871000,2805.1,2851.85,2805.1,2846.06
1586957400,2795.64,2801.88,2761.54,2783.36
1587043800,2799.34,2806.51,2764.32,2799.55
1587130200,2842.43,2879.22,2830.88,2874.56
1587389400,2845.62,2868.98,2820.43,2823.16
1587475800,2784.81,2785.54,2727.1,2736.56
1587562200,2787.89,2815.1,2775.95,2799.31
1587648600,2810.42,2844.9,2794.26,2797.8
1587735000,2812.64,2842.71,2791.76,2836.74
1587994200,2854.65,2887.72,2852.89,2878.48
1588080600,2909.96,2921.15,2860.71,2863.39
1588167000,2918.46,2954.86,2912.16,2939.51
1588253400,2930.91,2930.91,2892.47,2912.43
1588339800,2869.09,2869.09,2821.61,2830.71
1588599000,2815.01,2844.24,2797.85,2842.74
1588685400,2868.88,2898.23,2863.55,2868.44
1588771800,2883.14,2891.11,2847.65,2848.42
1588858200,2878.26,2901.92,2876.48,2881.19
1588944600,2908.83,2932.16,2902.88,2929.8
1589203800,2915.46,2944.25,2903.44,2930.32
1589290200,2939.5,2945.82,2869.59,2870.12
1589376600,2865.86,2874.14,2793.15,2820
1589463000,2794.54,2852.8,2766.64,2852.5
1589549400,2829.95,2865.01,2816.78,2863.7
1589808600,2913.86,2968.09,2913.86,2953.91
1589895000,2948.59,2964.21,2922.35,2922.94
1589981400,2953.63,2980.29,2953.63,2971.61
1590067800,2969.95,2978.5,2938.57,2948.51
1590154200,2948.05,2956.76,2933.59,2955.45
1590499800,3004.08,3021.72,2988.17,2991.77
1590586200,3015.65,3036.25,2969.75,3036.13
1590672600,3046.61,3068.67,3023.4,3029.73
1590759000,3025.17,3049.17,2998.61,3044.31
1591018200,3038.78,3062.18,3031.54,3055.73
1591104600,3064.78,3081.07,3051.64,3080.82
1591191000,3098.9,3130.94,3098.9,3122.87
1591277400,3111.56,3128.91,3090.41,3112.35
1591363800,3163.84,3211.72,3163.84,3193.93
1591623000,3199.92,3233.13,3196,3232.39
1591709400,3213.32,3222.71,3193.11,3207.18
1591795800,3213.42,3223.27,3181.49,3190.14
1591882200,3123.53,3123.53,2999.49,3002.1
1591968600,3071.04,3088.42,2984.47,3041.31
1592227800,2993.76,3079.76,2965.66,3066.59
1592314200,3131,3153.45,3076.06,3124.74
1592400600,3136.13,3141.16,3108.03,3113.49
1592487000,3101.64,3120,3093.51,3115.34
1592573400,3140.29,3155.53,3083.11,3097.74
1592832600,3094.42,3120.92,3079.39,3117.86
1592919000,3138.7,3154.9,3127.12,3131.29
1593005400,3114.4,3115.01,3032.13,3050.33
1593091800,3046.6,3086.25,3024.01,3083.76
1593178200,3073.2,3073.73,3004.63,3009.05
1593437400,3018.59,3053.89,2999.74,3053.24
1593523800,3050.2,3111.51,3047.83,3100.29
1593610200,3105.92,3128.44,3101.17,3115.86
1593696600,3143.64,3165.81,3124.52,3130.01
1594042200,3155.29,3182.59,3155.29,3179.72
1594128600,3166.44,3184.15,3142.93,3145.32
1594215000,3153.07,3171.8,3136.53,3169.94
1594301400,3176.17,3179.78,3115.7,3152.05
1594387800,3152.47,3186.82,3136.22,3185.04
1594647000,3205.08,3235.32,3149.43,3155.22
1594733400,3141.11,3200.95,3127.66,3197.52
1594819800,3225.98,3238.28,3200.76,3226.56
1594906200,3208.36,3220.39,3198.59,3215.57
1594992600,3224.21,3233.52,3205.65,3224.73
1595251800,3224.29,3258.61,3215.16,3251.84
1595338200,3268.52,3277.29,3247.77,3257.3
1595424600,3254.86,3279.32,3253.1,3276.02
1595511000,3271.64,3279.99,3222.66,3235.66
1595597400,3218.58,3227.26,3200.05,3215.63
1595856600,3219.84,3241.43,3214.25,3239.41
1595943000,3234.27,3243.72,3216.17,3218.44
1596029400,3227.22,3264.74,3227.22,3258.44
1596115800,3231.76,3250.92,3204.13,3246.22
1596202200,3270.45,3272.17,3220.26,3271.12
1596461400,3288.26,3302.73,3284.53,3294.61
1596547800,3289.92,3306.84,3286.37,3306.51
1596634200,3317.37,3330.77,3317.37,3327.77
1596720600,3323.17,3351.03,3318.14,3349.16
1596807000,3340.05,3352.54,3328.72,3351.28
1597066200,3356.04,3363.29,3335.44,3360.47
1597152600,3370.34,3381.01,3326.44,3333.69
1597239000,3355.46,3387.89,3355.46,3380.35
1597325400,3372.95,3387.24,3363.35,3373.43
1597411800,3368.66,3378.51,3361.64,3372.85
1597671000,3380.86,3387.59,3379.22,3381.99
1597757400,3387.04,3395.06,3370.15,3389.78
1597843800,3392.51,3399.54,3369.66,3374.85
1597930200,3360.48,3390.8,3354.69,3385.51
1598016600,3386.01,3399.96,3379.31,3397.16
1598275800,3418.09,3432.09,3413.13,3431.28
1598362200,3435.95,3444.21,3425.84,3443.62
1598448600,3449.97,3481.07,3444.15,3478.73
1598535000,3485.14,3501.38,3468.35,3484.55
1598621400,3494.69,3509.23,3484.32,3508.01
1598880600,3509.73,3514.77,3493.25,3500.31
1598967000,3507.44,3528.03,3494.6,3526.65
1599053400,3543.76,3588.11,3535.23,3580.84
1599139800,3564.74,3564.85,3427.41,3455.06
1599226200,3453.6,3479.15,3349.63,3426.96
1599571800,3371.88,3379.97,3329.27,3331.84
1599658200,3369.82,3424.77,3366.84,3398.96
1599744600,3412.56,3425.55,3329.25,3339.19
1599831000,3352.7,3368.95,3310.47,3340.97
1600090200,3363.56,3402.93,3363.56,3383.54
1600176600,3407.73,3419.48,3389.25,3401.2
1600263000,3411.23,3428.92,3384.45,3385.49
1600349400,3346.86,3375.17,3328.82,3357.01
1600435800,3357.38,3362.27,3292.4,3319.47
1600695000,3285.57,3285.57,3229.1,3281.06
1600781400,3295.75,3320.31,3270.95,3315.57
1600867800,3320.11,3323.35,3232.57,3236.92
1600954200,3226.14,3278.7,3209.45,3246.59
1601040600,3236.66,3306.88,3228.44,3298.46
1601299800,3333.9,3360.74,3332.91,3351.6
1601386200,3350.92,3357.92,3327.54,3335.47
1601472600,3341.21,3393.56,3340.47,3363
1601559000,3385.87,3397.18,3361.39,3380.8
1601645400,3338.94,3369.1,3323.69,3348.44
1601904600,3367.27,3409.57,3367.27,3408.63
1601991000,3408.74,3431.56,3354.54,3360.95
1602077400,3384.56,3426.26,3384.56,3419.45
1602163800,3434.28,3447.28,3428.15,3446.83
1602250200,3459.67,3482.34,3458.07,3477.13
1602509400,3500.02,3549.85,3499.61,3534.22
1602595800,3534.01,3534.01,3500.86,3511.93
1602682200,3515.47,3527.94,3480.55,3488.67
1602768600,3453.72,3489.08,3440.89,3483.34
1602855000,3493.5,3515.76,3480.45,3483.81
1603114200,3493.66,3502.42,3419.93,3426.92
1603200600,3439.38,3476.93,3435.65,3443.12
1603287000,3439.91,3464.86,3433.06,3435.56
1603373400,3438.5,3460.53,3415.34,3453.49
1603459800,3464.9,3466.46,3440.45,3465.39
1603719000,3441.42,3441.42,3364.86,3400.97
1603805400,3403.15,3409.51,3388.71,3390.68
1603891800,3342.48,3342.48,3268.89,3271.03
1603978200,3277.17,3341.05,3259.82,3310.11
1604064600,3293.59,3304.93,3233.94,3269.96
1604327400,3296.2,3330.14,3279.74,3310.24
1604413800,3336.25,3389.49,3336.25,3369.02
1604500200,3406.46,3486.25,3405.17,3443.44
1604586600,3485.74,3529.05,3485.74,3510.45
1604673000,3508.34,3521.58,3484.34,3509.44
1604932200,3583.04,3645.99,3547.48,3550.5
1605018600,3543.26,3557.22,3511.91,3545.53
1605105000,3563.22,3581.16,3557,3572.66
1605191400,3562.67,3569.02,3518.58,3537.01
1605277800,3552.57,3593.66,3552.57,3585.15
1605537000,3600.16,3628.51,3600.16,3626.91
1605623400,3610.31,3623.11,3588.68,3609.53
1605709800,3612.09,3619.09,3567.33,3567.79
1605796200,3559.41,3585.22,3543.84,3581.87
1605882600,3579.31,3581.23,3556.85,3557.54
1606141800,3566.82,3589.81,3552.77,3577.59
1606228200,3594.52,3642.31,3594.52,3635.41
1606314600,3635.5,3635.5,3617.76,3629.65
1606487400,3638.55,3644.31,3629.33,3638.35
1606746600,3634.18,3634.18,3594.39,3621.63
1606833000,3645.87,3678.45,3645.87,3662.45
1606919400,3653.78,3670.96,3644.84,3669.01
1607005800,3668.28,3682.73,3657.17,3666.72
1607092200,3670.94,3699.2,3670.94,3699.12
1607351400,3694.73,3697.41,3678.88,3691.96
1607437800,3683.05,3708.45,3678.83,3702.25
1607524200,3705.98,3712.39,3660.54,3672.82
1607610600,3659.13,3678.49,3645.18,3668.1
1607697000,3656.08,3665.91,3633.4,3663.46
1607956200,3675.27,3697.61,3645.84,3647.49
1608042600,3666.41,3695.29,3659.62,3694.62
1608129000,3696.25,3711.27,3688.57,3701.17
1608215400,3713.65,3725.12,3710.87,3722.48
1608301800,3722.39,3726.7,3685.84,3709.41
1608561000,3684.28,3702.9,3636.48,3694.92
1608647400,3698.08,3698.26,3676.16,3687.26
1608733800,3693.42,3711.24,3689.28,3690.01
1608820200,3694.03,3703.82,3689.32,3703.06
1609165800,3723.03,3740.51,3723.03,3735.36
1609252200,3750.01,3756.12,3723.31,3727.05
1609338600,3736.19,3744.63,3730.21,3732.05
1609425000,3733.27,3760.2,3726.88,3756.08
1609770600,3764.61,3769.99,3662.71,3700.66
1609857000,3698.02,3737.83,3695.07,3726.87
1609943400,3712.2,3783.04,3705.34,3748.15
1610029800,3764.71,3811.55,3764.71,3803.8
1610116200,3815.05,3826.69,3783.6,3824.69
1610375400,3803.14,3817.86,3789.02,3799.62
1610461800,3801.62,3810.78,3776.51,3801.2
1610548200,3802.23,3820.96,3791.5,3809.85
1610634600,3814.98,3823.6,3792.86,3795.55
1610721000,3788.73,3788.73,3749.62,3768.26
1611066600,3781.88,3804.53,3780.37,3798.92
1611153000,3816.22,3859.75,3816.22,3851.86
1611239400,3857.46,3861.45,3845.05,3853.08
1611325800,3844.24,3852.31,3830.41,3841.48
1611585000,3851.68,3859.23,3797.16,3855.37
1611671400,3862.96,3870.9,3847.78,3849.63
1611757800,3836.83,3836.83,3732.48,3750.78
1611844200,3755.75,3830.5,3755.75,3787.39
1611930600,3778.05,3778.05,3694.12,3714.25
1612189800,3731.17,3784.32,3725.62,3773.87
1612276200,3791.84,3843.09,3791.84,3826.32
1612362600,3840.27,3847.51,3816.68,3830.18
1612449000,3836.66,3872.42,3836.66,3871.75
1612535400,3878.3,3894.56,3874.93,3886.84
1612794600,3892.59,3915.77,3892.59,3915.6
1612881000,3910.49,3918.35,3902.64,3911.24
1612967400,3920.78,3931.5,3884.94,3909.89
1613053800,3916.4,3925.99,3890.39,3916.39
1613140200,3911.65,3937.23,3905.78,3934.84
1613485800,3939.61,3950.43,3923.85,3932.6
1613572200,3918.5,3933.61,3900.43,3931.34
1613658600,3915.86,3921.98,3885.03,3913.98
1613745000,3921.16,3930.41,3903.07,3906.72
1614004200,3885.55,3902.92,3874.71,3876.51
1614090600,3885.55,3895.98,3805.59,3881.38
1614177000,3873.71,3928.65,3859.6,3925.44
1614263400,3915.8,3925.02,3814.04,3829.35
1614349800,3839.66,3861.08,3789.54,3811.16
1614609000,3842.51,3914.5,3842.51,3901.83
1614695400,3903.64,3906.41,3868.57,3870.3
1614781800,3863.99,3874.47,3818.86,3819.73
1614868200,3818.53,3843.67,3723.34,3768.48
1614954600,3793.58,3851.69,3730.19,3841.95
1615213800,3844.39,3881.06,3819.25,3821.36
1615300200,3851.93,3903.76,3851.93,3875.45
1615386600,3891.99,3917.35,3885.73,3898.82
1615473000,3915.54,3960.27,3915.54,3939.35
1615559400,3924.52,3944.99,3915.21,3943.35
1615815000,3942.96,3970.08,3923.54,3968.95
1615901400,3973.59,3981.04,3953.44,3962.72
1615987800,3949.57,3983.87,3935.74,3974.13
1616074200,3953.5,3969.62,3910.86,3915.47
1616160600,3913.14,3930.12,3886.75,3913.11
1616419800,3916.48,3955.31,3914.16,3940.6
1616506200,3937.6,3949.13,3901.57,3910.53
1616592600,3919.93,3942.08,3889.07,3889.15
1616679000,3879.34,3919.54,3853.5,3909.53
1616765400,3917.12,3978.19,3917.12,3974.55
1617024600,3969.31,3981.83,3943.25,3971.1
1617111000,3963.34,3968.01,3944.35,3958.56
1617197400,3967.25,3994.41,3966.98,3972.9
1617283800,3992.78,4020.63,3992.78,4019.88
1617629400,4034.44,4083.42,4034.44,4077.92
1617715800,4075.57,4086.23,4068.14,4073.95
1617802200,4074.29,4083.13,4068.31,4079.96
1617888600,4089.95,4098.19,4082.54,4097.18
1617975000,4096.11,4129.48,4095.51,4128.81
1618234200,4124.71,4131.76,4114.82,4128
1618320600,4130.1,4148,4124.43,4141.6
1618407000,4141.58,4151.69,4120.87,4124.67
1618493400,4139.76,4173.49,4139.76,4170.43
1618579800,4174.14,4191.31,4170.75,4185.48
1618839000,4179.8,4180.81,4150.47,4163.27
1618925400,4159.18,4159.18,4118.38,4134.95
1619011800,4128.42,4175.02,4126.35,4173.43
1619098200,4170.46,4179.57,4123.69,4134.99
1619184600,4138.78,4194.17,4138.78,4180.18
1619443800,4185.03,4194.19,4182.36,4187.63
1619530200,4188.25,4193.35,4176.22,4186.73
1619616600,4185.14,4201.53,4181.78,4183.19
1619703000,4206.14,4218.78,4176.81,4211.48
1619789400,4198.1,4198.1,4174.85,4181.18
1620048600,4191.98,4209.39,4188.03,4192.67
1620135000,4179.04,4179.04,4128.59,4164.67
1620221400,4177.06,4187.72,4160.94,4167.6
1620307800,4169.14,4202.18,4147.33,4201.63
1620394200,4210.34,4238.04,4201.64,4232.61
1620653400,4228.29,4236.39,4188.13,4188.44
1620739800,4150.34,4162.04,4111.53,4152.11
1620826200,4130.55,4134.73,4056.88,4063.05
1620912600,4074.99,4131.58,4074.99,4112.51
1620999000,4129.58,4183.13,4129.58,4173.86
1621258200,4169.92,4171.92,4142.69,4163.3
1621344600,4165.94,4169.15,4126.34,4127.84
1621431000,4098.45,4116.93,4061.41,4115.69
1621517400,4121.97,4172.8,4121.97,4159.13
1621603800,4168.61,4188.72,4151.72,4155.87
1621863000,4170.16,4209.52,4170.16,4197.06
1621949400,4205.94,4213.42,4182.52,4188.12
1622035800,4191.59,4202.61,4184.11,4195.98
1622122200,4201.94,4213.38,4197.78,4200.87
1622208600,4210.77,4218.36,4203.81,4204.12
1622554200,4216.52,4234.12,4197.59,4202.03
1622640600,4206.82,4217.37,4198.27,4208.11
1622727000,4191.43,4204.39,4167.93,4192.86
1622813400,4206.05,4233.45,4206.05,4229.88
1623072600,4229.34,4232.34,4215.66,4226.53
1623159000,4233.81,4236.74,4208.41,4227.25
1623245400,4232.99,4237.09,4218.74,4219.54
1623331800,4228.56,4249.74,4220.34,4239.19
1623418200,4242.9,4248.38,4232.25,4247.45
1623677400,4248.31,4255.59,4234.07,4255.16
1623763800,4255.28,4257.16,4238.35,4246.58
1623850200,4248.87,4251.89,4202.45,4223.71
1623936600,4220.37,4232.29,4196.05,4221.85
1624023000,4204.78,4204.78,4164.4,4166.46
1624282200,4173.4,4226.24,4173.4,4224.8
1624368600,4224.61,4255.84,4217.27,4246.43
1624455000,4249.27,4256.6,4241.43,4241.83
1624541400,4256.97,4271.28,4256.97,4266.48
1624627800,4276.28,4286.12,4271.16,4280.69
1624887000,4284.9,4292.14,4274.67,4290.62
1624973400,4293.21,4300.52,4287.04,4291.81
1625059800,4290.65,4302.43,4287.96,4297.49
1625146200,4300.73,4320.66,4300.73,4319.93
1625232600,4326.6,4355.43,4326.6,4352.33
1625578200,4356.46,4356.46,4314.37,4343.53
1625664600,4351.01,4361.88,4329.79,4358.14
1625751000,4321.07,4330.88,4289.37,4320.83
1625837400,4338.55,4371.6,4338.55,4369.54
1626096600,4372.41,4386.68,4364.03,4384.64
1626183000,4377.67,4392.37,4366.92,4369.2
1626269400,4380.11,4393.68,4362.36,4374.31
1626355800,4369.02,4369.02,4340.7,4360.04
1626442200,4367.43,4375.09,4322.53,4327.15
1626701400,4296.4,4296.4,4233.13,4258.49
1626787800,4265.11,4336.84,4262.05,4323.05
1626874200,4331.13,4359.7,4331.13,4358.68
1626960600,4361.27,4369.87,4350.06,4367.49
1627047000,4381.2,4415.18,4381.2,4411.8
1627306200,4409.58,4422.73,4405.45,4422.31
1627392600,4416.38,4416.38,4372.51,4401.47
1627479000,4402.95,4415.47,4387.01,4400.63
1627565400,4403.59,4429.97,4403.59,4419.14
1627651800,4395.12,4412.25,4389.65,4395.27
1627911000,4406.86,4422.18,4384.81,4387.15
1627997400,4392.74,4423.79,4373,4423.16
1628083800,4415.95,4416.17,4400.23,4402.65
1628170200,4408.86,4429.42,4408.86,4429.09
1628256600,4429.07,4440.82,4429.07,4436.51
1628515800,4437.77,4439.39,4424.74,4432.34
1628602200,4435.79,4445.21,4430.03,4436.74
1628688600,4442.18,4449.44,4436.42,4447.69
1628775000,4446.08,4461.77,4435.96,4460.82
1628861400,4464.84,4468.37,4460.82,4467.99
1629120600,4461.65,4480.26,4437.66,4479.72
1629207000,4462.12,4462.12,4417.83,4448.07
1629293400,4440.94,4454.32,4397.59,4400.27
1629379800,4382.44,4418.61,4367.73,4405.8
1629466200,4410.56,4444.35,4406.8,4441.67
1629725400,4450.29,4489.88,4450.29,4479.53
1629811800,4484.4,4492.81,4482.28,4486.23
1629898200,4490.45,4501.71,4485.66,4496.2
1629984600,4493.75,4495.9,4468.99,4470.01
1630071000,4474.1,4513.33,4474.1,4509.38
1630330200,4513.76,4537.36,4513.76,4528.8
1630416600,4529.75,4531.39,4515.8,4522.69
1630503000,4531.57,4537.11,4522.02,4524.1
1630589400,4534.48,4545.85,4524.66,4536.94
1630675800,4532.42,4541.45,4521.3,4535.42
1631021400,4532.45,4532.45,4513,4520.02
1631107800,4518.09,4521.79,4493.95,4514.08
1631194200,4513.02,4529.9,4492.07,4493.27
1631280600,4506.92,4520.47,4457.66,4458.57
1631539800,4474.81,4492.99,4445.7,4468.72
1631626200,4479.33,4485.68,4435.46,4443.06
1631712600,4447.49,4486.87,4438.37,4480.69
1631799000,4477.09,4485.87,4443.8,4473.76
1631885400,4469.74,4471.52,4427.76,4432.98
1632144600,4402.95,4402.95,4305.91,4357.72
1632231000,4381.72,4394.87,4347.96,4354.18
1632317400,4375.98,4416.75,4375.98,4395.63
1632403800,4406.75,4465.4,4406.75,4448.99
1632490200,4438.04,4463.12,4430.27,4455.47
1632749400,4441.55,4457.3,4436.19,4443.1
1632835800,4419.54,4419.54,4346.33,4352.64
1632922200,4366.31,4385.57,4355.08,4359.45
1633008600,4370.67,4382.55,4306.24,4307.53
1633095000,4317.16,4375.19,4288.52,4357.05
1633354200,4348.84,4355.51,4278.94,4300.47
1633440600,4309.87,4369.23,4309.87,4345.71
1633527000,4319.57,4365.57,4290.49,4363.56
1633613400,4383.73,4429.97,4383.73,4399.75
1633699800,4406.51,4412.02,4386.22,4391.35
1633959000,4385.44,4415.88,4360.59,4361.2
1634045400,4368.31,4374.89,4342.09,4350.64
1634131800,4358.01,4372.87,4329.92,4363.79
1634218200,4386.75,4439.73,4386.75,4438.25
1634304600,4447.69,4475.82,4447.69,4471.38
1634563800,4463.72,4488.75,4447.47,4486.47
1634650200,4497.34,4520.4,4496.41,4519.64
1634736600,4524.42,4540.87,4524.4,4536.2
1634823000,4532.24,4551.44,4526.89,4549.79
1634909400,4546.12,4559.67,4524,4544.91
1635168600,4553.69,4572.62,4537.36,4566.49
1635255000,4578.69,4598.53,4569.17,4574.8
1635341400,4580.22,4584.57,4551.66,4551.67
1635427800,4562.84,4597.55,4562.84,4596.41
1635514200,4572.87,4608.08,4567.59,4605.39
1635773400,4610.62,4620.34,4595.06,4613.68
1635859800,4613.34,4635.15,4613.34,4630.66
1635946200,4630.65,4663.46,4621.19,4660.58
1636032600,4662.93,4683,4662.59,4680.07
1636119000,4699.26,4718.5,4681.32,4697.54
1636381800,4701.48,4714.92,4694.39,4701.69
1636468200,4707.25,4708.53,4670.87,4685.26
1636554600,4670.26,4684.85,4630.86,4646.7
1636641000,4659.39,4664.55,4648.31,4649.26
1636727400,4655.24,4688.47,4650.77,4682.86
1636986600,4689.3,4697.42,4672.86,4682.81
1637073000,4679.42,4714.95,4679.42,4700.91
1637159400,4701.5,4701.5,4684.41,4688.68
1637245800,4700.72,4708.8,4672.78,4704.55
1637332200,4708.44,4717.75,4694.22,4697.95
1637591400,4712,4743.83,4682.17,4682.95
1637677800,4678.48,4699.39,4652.66,4690.69
1637764200,4675.78,4702.87,4659.89,4701.45
1637937000,4664.63,4664.63,4585.43,4594.61
1638196200,4628.75,4672.95,4625.26,4655.26
1638282600,4640.25,4646.02,4560,4567.01
1638369000,4602.82,4652.94,4510.27,4513.03
1638455400,4504.73,4595.46,4504.73,4577.09
1638541800,4589.49,4608.03,4495.12,4538.44
1638801000,4548.37,4612.6,4540.51,4591.68
1638887400,4631.97,4694.04,4631.97,4686.76
1638973800,4690.86,4705.06,4674.52,4701.22
1639060200,4691,4695.26,4665.98,4667.44
1639146600,4687.64,4713.57,4670.24,4712.01
1639405800,4710.3,4710.3,4667.6,4668.98
1639492200,4642.99,4660.47,4606.52,4634.1
1639578600,4636.46,4712.6,4611.22,4709.84
1639665000,4719.13,4731.99,4651.89,4668.66
1639751400,4652.5,4666.7,4600.22,4620.65
1640010600,4587.9,4587.9,4531.1,4568.01
1640097000,4594.96,4651.14,4583.16,4649.22
1640183400,4650.36,4697.67,4645.53,4696.57
1640269800,4703.96,4740.74,4703.96,4725.78
1640615400,4733.99,4791.49,4733.99,4791.18
1640701800,4795.49,4807.02,4780.04,4786.34
1640788200,4788.64,4804.06,4778.08,4793.05
1640874600,4794.23,4808.93,4775.33,4778.74
1640961000,4775.21,4786.83,4765.75,4766.19
1641220200,4778.14,4796.64,4758.17,4796.57
1641306600,4804.51,4818.62,4774.27,4793.53
1641393000,4787.99,4797.7,4699.44,4700.59
1641479400,4693.39,4725.01,4671.26,4696.04
1641565800,4697.66,4707.95,4662.74,4677.04
1641825000,4655.34,4673.02,4582.24,4670.28
1641911400,4669.14,4714.13,4638.27,4713.08
1641997800,4728.59,4748.83,4706.71,4726.36
1642084200,4733.56,4744.13,4650.29,4659.02
1642170600,4637.99,4665.13,4614.75,4662.84
1642516200,4632.24,4632.24,4568.7,4577.1
1642602600,4588.03,4611.55,4530.2,4532.77
1642689000,4547.35,4602.11,4477.95,4482.74
1642775400,4471.38,4494.52,4395.34,4397.95
1643034600,4356.32,4417.35,4222.62,4410.14
1643121000,4366.64,4411.01,4287.11,4356.46
1643207400,4408.43,4453.23,4304.8,4349.92
1643293800,4380.58,4428.74,4309.5,4326.5
1643380200,4336.19,4432.72,4292.46,4431.86
1643639400,4431.79,4516.89,4414.02,4515.54
1643725800,4519.57,4550.49,4483.53,4546.53
1643812200,4566.39,4595.31,4544.32,4589.37
1643898600,4535.41,4542.88,4470.39,4477.43
1643985000,4482.79,4539.66,4451.5,4500.54
1644244200,4505.75,4521.86,4471.47,4483.88
1644330600,4480.02,4531.32,4465.4,4521.55
1644417000,4547,4590.03,4547,4587.19
1644503400,4553.24,4588.92,4484.31,4504.07
1644589800,4506.27,4526.33,4401.41,4418.65
1644849000,4412.61,4426.22,4364.84,4401.66
1644935400,4429.28,4472.77,4429.28,4471.08
1645021800,4455.75,4489.55,4429.68,4475.02
1645108200,4456.06,4456.06,4373.81,4380.26
1645194600,4384.57,4394.6,4327.22,4348.88
1645540200,4332.74,4362.12,4267.11,4304.77
1645626600,4324.93,4341.51,4221.51,4225.49
1645713000,4155.77,4294.73,4114.65,4288.69
1645799400,4298.38,4385.34,4286.83,4384.64
1646058600,4354.17,4388.84,4315.12,4373.95
1646145000,4363.14,4378.45,4279.54,4306.27
1646231400,4322.56,4401.48,4322.56,4386.53
1646317800,4401.31,4416.78,4345.56,4363.5
1646404200,4342.12,4342.12,4284.98,4328.88
1646663400,4327.01,4327.01,4199.85,4201.1
1646749800,4202.66,4276.94,4157.87,4170.69
1646836200,4223.1,4299.4,4223.1,4277.87
1646922600,4252.55,4268.28,4209.8,4259.51
1647009000,4279.5,4291.01,4200.49,4204.32
1647264600,4202.75,4247.57,4161.72,4173.12
1647351000,4188.82,4271.05,4187.9,4262.44
1647437400,4288.14,4358.9,4251.99,4357.85
1647523800,4345.11,4412.67,4335.65,4411.66
1647610200,4407.34,4465.4,4390.57,4463.11
1647869400,4462.4,4481.75,4424.3,4461.17
1647955800,4469.1,4522,4469.1,4511.6
1648042200,4493.1,4501.07,4455.81,4456.23
1648128600,4469.98,4520.58,4465.17,4520.17
1648215000,4522.91,4546.03,4501.07,4543.05
1648474200,4541.09,4575.65,4517.69,4575.51
1648560600,4602.86,4637.3,4589.66,4631.61
1648647000,4624.2,4627.77,4581.32,4602.46
1648733400,4599.02,4603.07,4530.41,4530.42
1648819800,4540.32,4548.7,4507.57,4545.87
1649079000,4547.97,4583.5,4539.21,4582.63
1649165400,4572.45,4593.45,4514.17,4525.11
1649251800,4494.17,4503.94,4450.04,4481.16
1649338200,4474.65,4521.16,4450.3,4500.2
1649424600,4494.15,4520.41,4474.6,4488.27
1649683800,4462.64,4464.35,4408.38,4412.54
1649770200,4437.59,4471,4381.34,4397.46
1649856600,4394.3,4453.92,4392.7,4446.6
1649943000,4449.12,4460.46,4390.77,4392.6
1650288600,4385.63,4410.31,4370.3,4391.7
1650375000,4390.63,4471.03,4390.63,4462.22
1650461400,4472.26,4488.29,4448.76,4459.46
1650547800,4489.17,4512.94,4384.47,4393.67
1650634200,4385.83,4385.83,4267.62,4271.79
1650893400,4255.34,4299.02,4200.82,4296.13
1650979800,4278.14,4278.14,4175.04,4175.21
1651066200,4186.52,4240.71,4162.9,4183.97
1651152600,4222.58,4308.45,4188.63,4287.49
1651239000,4253.75,4269.68,4124.28,4131.92
1651498200,4130.61,4169.81,4062.51,4155.39
1651584600,4159.78,4200.1,4147.08,4175.47
1651671000,4181.18,4307.66,4148.91,4300.16
1651757400,4270.43,4270.43,4106.01,4146.86
1651843800,4128.17,4157.69,4067.91,4123.35
1652103000,4081.27,4081.27,3975.48,3991.23
1652189400,4035.18,4068.82,3958.17,4001.04
1652275800,3990.08,4049.09,3928.82,3935.19
1652362200,3903.95,3964.8,3858.87,3930.09
1652448600,3963.9,4038.88,3963.9,4023.9
1652707800,4013.02,4046.46,3983.99,4008.02
1652794200,4052,4090.72,4033.93,4088.84
1652880600,4051.98,4051.98,3911.91,3923.67
1652967000,3899,3945.96,3876.58,3900.78
1653053400,3927.76,3943.42,3810.32,3901.35
1653312600,3919.42,3981.88,3909.04,3973.76
1653399000,3942.94,3955.68,3875.13,3941.49
1653485400,3929.59,3999.33,3925.03,3978.74
1653571800,3984.6,4075.14,3984.6,4057.85
1653658200,4077.43,4158.49,4077.43,4158.23
1654003800,4151.09,4168.34,4104.88,4132.16
1654090200,4149.78,4166.54,4073.85,4101.24
1654176600,4095.41,4177.51,4074.37,4176.81
1654263000,4137.57,4142.67,4098.67,4108.55
1654522200,4134.72,4168.78,4109.18,4121.44
1654608600,4096.47,4164.86,4080.19,4160.67
1654695000,4147.12,4160.14,4107.2,4115.78
1654781400,4101.65,4119.1,4017.17,4017.81
1654867800,3974.39,3974.39,3900.16,3900.85
1655127000,3838.15,3838.15,3734.3,3749.64
1655213400,3763.52,3778.18,3705.68,3735.47
1655299800,3764.05,3837.56,3722.3,3790
1655386200,3728.18,3728.18,3639.77,3666.76
1655472600,3665.9,3707.71,3636.87,3674.85
1655818200,3715.31,3779.65,3715.31,3764.8
1655904600,3733.89,3801.79,3717.69,3759.9
1655991000,3774.71,3802.58,3743.52,3795.72
1656077400,3821.75,3913.65,3821.75,3911.73
1656336600,3920.76,3927.72,3889.66,3900.12
1656423000,3913,3945.86,3820.14,3821.54
1656509400,3825.09,3836.5,3799.02,3818.84
1656595800,3785.99,3818.99,3738.67,3785.39
1656682200,3781,3829.82,3752.1,3825.32
1657027800,3792.61,3832.19,3742.06,3831.38
1657114200,3831.98,3870.91,3809.37,3845.09
1657200600,3858.85,3910.63,3858.85,3902.63
1657287000,3888.26,3918.5,3869.34,3899.37
1657546200,3880.94,3880.94,3847.22,3854.44
1657632600,3851.95,3873.41,3802.36,3818.79
1657719000,3779.67,3829.44,3759.07,3801.77
1657805400,3763.99,3796.41,3721.56,3790.37
1657891800,3818,3863.62,3817.18,3863.17
1658151000,3883.79,3902.44,3818.63,3830.86
1658237400,3860.73,3939.81,3860.73,3936.691
1658323800,3935.32,3974.13,3922.03,3959.899
1658410200,3955.47,3999.29,3927.64,3998.949
1658496600,3998.43,4012.44,3938.86,3961.631
1658755800,3965.72,3975.3,3943.46,3966.839
1658842200,3953.22,3953.22,3910.74,3921.049
1658928600,3951.43,4039.56,3951.43,4023.611
1659015000,4026.13,4078.95,3992.97,4072.429
1659101400,4087.33,4140.15,4079.22,4130.289
1659360600,4112.38,4144.95,4096.02,4118.631
1659447000,4104.21,4140.47,4079.81,4091.191
1659533400,4107.96,4167.66,4107.96,4155.171
1659619800,4154.85,4161.29,4135.42,4151.939
1659706200,4115.87,4151.58,4107.31,4145.191
1659965400,4155.93,4186.62,4128.97,4140.05
1660051800,4133.11,4137.3,4112.09,4122.48
1660138200,4181.02,4211.03,4177.26,4210.23
1660224600,4227.4,4257.91,4201.41,4207.28
1660311000,4225.02,4280.47,4219.78,4280.14
1660570200,4269.37,4301.79,4256.9,4297.15
1660656600,4290.46,4325.28,4277.77,4305.19
1660743000,4280.4,4302.18,4253.08,4274.03
1660829400,4273.13,4292.53,4261.98,4283.73
1660915800,4266.31,4266.31,4218.7,4228.49
1661175000,4195.08,4195.08,4129.86,4138
1661261400,4133.09,4159.77,4124.03,4128.72
1661347800,4126.55,4156.56,4119.97,4140.76
1661434200,4153.26,4200.54,4147.59,4199.11
1661520600,4198.74,4203.04,4057.66,4057.66
1661779800,4034.58,4062.99,4017.42,4030.6
1661866200,4041.25,4044.98,3965.21,3986.15
1661952600,4000.67,4015.37,3954.53,3954.99
1662039000,3936.73,3970.23,3903.65,3966.86
1662125400,3994.66,4018.43,3906.21,3924.27
1662471000,3930.89,3942.55,3886.75,3908.2
1662557400,3909.43,3987.89,3906.03,3979.88
1662643800,3959.94,4010.5,3944.81,4006.19
1662730200,4022.94,4076.81,4022.94,4067.35
1662989400,4083.67,4119.28,4083.67,4110.42
1663075800,4037.12,4037.12,3921.28,3932.68
1663162200,3940.73,3961.94,3912.18,3946.02
1663248600,3932.41,3959.14,3888.28,3901.34
1663335000,3880.95,3880.95,3837.08,3873.32
1663594200,3849.91,3900.45,3838.5,3899.88
1663680600,3875.23,3876.01,3827.54,3855.94
1663767000,3871.4,3907.07,3789.49,3789.94
1663853400,3782.36,3790.9,3749.45,3758
1663939800,3727.14,3727.14,3647.47,3693.22
1664199000,3682.72,3715.67,3644.76,3655.05
1664285400,3686.44,3717.53,3623.29,3647.28
1664371800,3651.94,3736.74,3640.61,3719.03
1664458200,3687.01,3687.01,3610.4,3640.46
1664544600,3633.48,3671.44,3584.13,3585.61
1664803800,3609.78,3698.35,3604.93,3678.44
1664890200,3726.46,3791.92,3726.46,3790.92
1664976600,3753.25,3806.91,3722.66,3783.29
1665063000,3771.97,3797.93,3739.22,3744.53
1665149400,3706.74,3706.74,3620.73,3639.67
1665408600,3647.51,3652.17,3588.1,3612.4
1665495000,3595.86,3640.66,3568.45,3588.83
1665581400,3590.83,3608.34,3573.86,3577.04
1665667800,3520.37,3685.41,3491.58,3669.89
1665754200,3690.41,3712,3579.68,3583.08
1666013400,3638.65,3689.73,3638.65,3677.94
1666099800,3746.26,3762.79,3686.53,3719.97
1666186200,3703.11,3728.58,3666.51,3695.15
1666272600,3689.05,3736,3656.44,3665.77
1666359000,3657.1,3757.89,3647.42,3752.76
1666618200,3762.01,3810.74,3741.65,3797.35
1666704600,3799.44,3862.85,3799.44,3859.1
1666791000,3825.97,3886.15,3824.07,3830.59
1666877400,3834.69,3859.95,3803.79,3807.29
1666963800,3808.26,3905.42,3808.26,3901.07
1667223000,3881.85,3893.73,3863.18,3871.97
1667309400,3901.79,3911.79,3843.8,3856.11
1667395800,3852.9,3894.44,3758.68,3759.68
1667482200,3733.25,3750.59,3698.15,3719.88
1667568600,3766.98,3796.34,3708.84,3770.56
1667831400,3780.71,3813.95,3764.7,3806.79
1667917800,3817.02,3859.4,3786.28,3828.1
1668004200,3810.94,3818.2,3744.22,3748.56
1668090600,3859.89,3958.33,3859.89,3956.38
1668177000,3963.72,4001.48,3944.82,3992.92
1668436200,3977.97,4008.97,3956.4,3957.26
1668522600,4006.41,4028.84,3953.17,3991.74
1668609000,3976.82,3983.09,3954.34,3958.78
1668695400,3919.26,3954.33,3906.54,3946.55
1668781800,3966.39,3979.89,3935.98,3965.33
1669041000,3956.23,3962,3933.34,3949.95
1669127400,3965.51,4005.88,3956.88,4003.57
1669213800,4000.3,4033.78,3998.66,4027.27
1669386600,4023.34,4034.02,4020.76,4026.11
1669645800,4005.36,4012.27,3955.77,3963.95
1669732200,3964.19,3976.77,3937.65,3957.62
1669818600,3957.18,4080.11,3938.58,4080.11
1669905000,4087.14,4100.51,4050.87,4076.58
1669991400,4040.17,4080.48,4026.63,4071.71
1670250600,4052.02,4052.45,3984.49,3998.83
1670337000,3996.63,4001.51,3918.39,3941.25
1670423400,3933.28,3957.57,3922.68,3933.93
1670509800,3947.79,3974.19,3935.83,3963.52
1670596200,3954.17,3977.02,3933.04,3934.39
1670855400,3939.29,3990.71,3935.3,3990.57
1670941800,4069.38,4100.96,3993.03,4019.64
1671028200,4015.54,4053.76,3965.65,3995.33
1671114600,3958.37,3958.37,3879.45,3895.74
1671201000,3890.91,3890.91,3827.91,3852.35
1671460200,3853.79,3854.86,3800.04,3817.65
1671546600,3810.47,3838.24,3795.62,3821.61
1671633000,3839.49,3889.82,3839.49,3878.45
1671719400,3853.26,3853.26,3764.49,3822.38
1671805800,3815.11,3845.8,3797.01,3844.81
1672151400,3843.34,3846.65,3813.22,3829.26
1672237800,3829.56,3848.32,3780.78,3783.23
1672324200,3805.45,3858.19,3805.45,3849.27
1672410600,3829.06,3839.85,3800.34,3839.49
1672756200,3853.29,3878.46,3794.33,3824.13
1672842600,3840.36,3873.16,3815.77,3852.98
1672929000,3839.74,3839.74,3802.42,3808.09
1673015400,3823.37,3906.19,3809.56,3895.07
1673274600,3910.82,3950.57,3890.42,3892.1
1673361000,3888.57,3919.83,3877.29,3919.26
1673447400,3932.35,3970.07,3928.54,3969.6
1673533800,3977.57,3997.76,3937.56,3983.16
1673620200,3960.6,4003.95,3947.67,3999.08
1673965800,3999.28,4015.39,3984.57,3990.98
1674052200,4002.25,4014.16,3926.59,3928.85
1674138600,3911.84,3922.94,3885.54,3898.86
1674225000,3909.04,3972.96,3897.86,3972.6
1674484200,3978.14,4039.31,3971.64,4019.82
1674570600,4001.74,4023.92,3989.79,4016.94
1674657000,3982.71,4019.55,3949.06,4016.21
1674743400,4036.08,4061.57,4013.29,4060.42
1674829800,4053.72,4094.21,4048.7,4070.57
1675089000,4049.27,4063.85,4015.55,4017.76
1675175400,4020.85,4077.16,4020.44,4076.59
1675261800,4070.07,4148.95,4037.2,4119.2
1675348200,4158.68,4195.44,4141.88,4179.75
1675434600,4136.69,4182.36,4123.36,4136.49
1675693800,4119.57,4124.63,4093.38,4111.07
1675780200,4105.35,4176.54,4088.39,4163.99
1675866600,4153.47,4156.85,4111.67,4117.85
1675953000,4144.25,4156.23,4069.67,4081.51
1676039400,4068.92,4094.36,4060.79,4090.45
1676298600,4096.62,4138.9,4092.67,4137.3
1676385000,4126.7,4159.77,4095.01,4136.14
1676471400,4119.5,4148.11,4103.98,4147.61
1676557800,4114.75,4136.54,4089.49,4090.42
1676644200,4077.39,4081.51,4047.95,4079.1
1676989800,4052.35,4052.35,3995.19,3997.35
1677076200,4001.83,4017.37,3976.9,3991.06
1677162600,4018.6,4028.3,3969.19,4012.33
1677249000,3973.24,3978.25,3943.08,3970.05
1677508200,3992.36,4018.05,3973.55,3982.23
1677594600,3977.19,3997.5,3968.98,3970.16
1677681000,3963.34,3971.73,3939.05,3951.4
1677767400,3938.68,3990.84,3928.16,3981.34
1677853800,3998.02,4048.29,3995.17,4045.65
1678113000,4055.15,4078.49,4044.61,4048.43
1678199400,4048.26,4050,3980.31,3986.36
1678285800,3987.55,4000.41,3969.76,3992
1678372200,3998.66,4017.81,3908.7,3918.33
1678458600,3912.77,3934.05,3846.32,3861.6
1678714200,3835.12,3905.05,3808.86,3855.77
1678800600,3894.01,3937.29,3873.63,3919.3
1678887000,3876.74,3894.26,3838.24,3891.92
1678973400,3878.93,3964.46,3864.11,3960.29
1679059800,3958.69,3958.91,3901.27,3916.65
1679319000,3917.47,3956.62,3916.89,3951.56
1679405400,3975.89,4009.08,3971.19,4002.86
1679491800,4002.04,4039.49,3936.17,3936.98
1679578200,3959.21,4007.66,3919.05,3948.71
1679664600,3939.21,3972.74,3909.16,3970.98
1679923800,3982.93,4003.83,3970.49,3977.54
1680010200,3974.13,3979.2,3951.53,3971.28
1680096600,3999.53,4030.59,3999.53,4027.8
1680183000,4046.74,4057.85,4032.1,4050.82
1680269400,4056.18,4110.75,4056.18,4109.32
1680528600,4102.2,4127.66,4098.79,4124.5
1680615000,4128.03,4133.13,4086.87,4100.61
1680701400,4094.5,4099.69,4072.56,4090.37
1680787800,4081.15,4107.32,4069.84,4105.03
1681133400,4085.2,4109.5,4072.55,4109.12
1681219800,4110.29,4124.26,4102.61,4108.95
1681306200,4121.72,4134.37,4086.94,4091.96
1681392600,4100.04,4150.26,4099.4,4146.21
1681479000,4140.11,4163.19,4113.2,4137.63
1681738200,4137.17,4151.72,4123.18,4151.31
1681824600,4164.26,4169.48,4140.36,4154.86
1681911000,4139.33,4162.57,4134.49,4154.51
1681997400,4130.48,4148.57,4114.57,4129.8
1682083800,4132.14,4138.02,4113.86,4133.51
1682343000,4132.07,4142.41,4117.77,4137.03
1682429400,4126.43,4126.43,4071.38,4071.62
1682515800,4087.78,4089.67,4049.35,4056
1682602200,4075.29,4138.24,4075.29,4135.34
1682688600,4129.3,4170.06,4127.17,4169.49
1682947800,4166.79,4186.92,4164.12,4167.88
1683034200,4164.1,4164.1,4089.72,4119.57
1683120600,4122.25,4148.3,4088.86,4090.74
1683207000,4082.55,4082.61,4048.28,4061.23
1683293400,4084.73,4147.02,4084.73,4136.26
1683552600,4136.98,4142.3,4123.81,4138.13
1683639000,4124.25,4130.35,4116.65,4119.18
1683725400,4143.74,4154.28,4098.92,4137.63
1683811800,4132.24,4132.8,4109.29,4130.63
1683898200,4138.54,4143.74,4099.12,4124.07
1684157400,4126.65,4141.25,4110.27,4136.27
1684243800,4127.95,4135.54,4109.86,4109.89
1684330200,4122.85,4164.67,4113.62,4158.78
1684416600,4157.68,4202.2,4153.5,4198.06
1684503000,4204.15,4212.91,4180.2,4191.99
1684762200,4190.78,4209.22,4179.68,4192.62
1684848600,4176.8,4185.68,4142.54,4145.57
1684935000,4132.96,4132.96,4103.98,4115.23
1685021400,4155.71,4165.74,4129.73,4151.27
1685107800,4156.16,4212.87,4156.16,4205.44
1685453400,4226.71,4231.1,4192.18,4205.53
1685539800,4190.74,4195.44,4166.15,4179.84
1685626200,4183.03,4232.43,4171.64,4221.01
1685712600,4241.01,4290.67,4241.01,4282.38
1685971800,4282.99,4299.28,4266.82,4273.78
1686058200,4271.34,4288.33,4263.09,4283.86
1686144600,4285.47,4299.19,4263.96,4267.51
1686231000,4268.69,4298.01,4261.07,4293.92
1686317400,4304.88,4322.62,4291.7,4298.87
1686576600,4308.32,4340.13,4304.37,4338.92
1686663000,4352.61,4375.37,4349.31,4369.02
1686749400,4366.29,4391.82,4337.85,4372.58
1686835800,4365.33,4439.2,4362.6,4425.85
1686922200,4440.95,4448.47,4407.44,4409.6
1687267800,4396.11,4400.15,4367.19,4388.72
1687354200,4380.01,4386.22,4360.14,4365.68
1687440600,4355.4,4382.25,4351.82,4381.9
1687527000,4354.17,4366.55,4341.34,4348.32
1687786200,4344.84,4362.06,4328.08,4328.81
1687872600,4337.36,4384.42,4335,4378.4
1687959000,4367.48,4390.35,4360.22,4376.85
1688045400,4374.94,4398.39,4371.97,4396.45
1688131800,4422.44,4458.48,4422.44,4450.37
1688391000,4450.48,4456.46,4442.29,4455.58
1688563800,4442.04,4454.06,4436.61,4446.81
1688650200,4422.62,4422.62,4385.05,4411.6
1688736600,4404.54,4440.39,4397.4,4398.96
1688995800,4394.23,4412.6,4389.92,4409.54
1689082200,4415.55,4443.64,4408.46,4439.25
1689168600,4467.69,4488.34,4463.23,4472.15
1689255000,4491.5,4517.38,4489.36,4510.05
1689341400,4514.61,4527.76,4499.56,4505.41
1689600600,4508.86,4532.85,4504.9,4522.78
1689687000,4521.78,4562.3,4514.59,4554.97
1689773400,4563.87,4578.43,4557.48,4565.71
1689859800,4554.38,4564.74,4527.56,4534.86
1689946200,4550.16,4555,4535.79,4536.35
1690205400,4543.39,4563.41,4541.29,4554.65
1690291800,4555.19,4580.62,4552.42,4567.45
1690378200,4558.96,4582.47,4547.58,4566.74
1690464600,4598.26,4607.07,4528.56,4537.4
1690551000,4565.75,4590.16,4564.01,4582.24
1690810200,4584.82,4594.22,4573.14,4588.97
1690896600,4578.83,4584.62,4567.53,4576.72
1690983000,4550.93,4550.93,4505.75,4513.4
1691069400,4494.27,4519.49,4485.54,4501.88
1691155800,4513.96,4540.34,4474.55,4478.02
1691415000,4491.58,4519.84,4491.15,4518.43
1691501400,4498.03,4503.31,4464.39,4499.39
1691587800,4501.57,4502.44,4461.33,4467.7
1691674200,4487.16,4527.37,4457.92,4468.84
1691760600,4450.69,4476.23,4443.98,4464.06
1692019800,4458.13,4490.33,4453.44,4489.71
1692106200,4478.87,4478.87,4432.19,4437.85
1692192600,4433.79,4449.95,4403.55,4404.32
1692279000,4416.32,4421.17,4364.83,4370.37
1692365400,4344.88,4381.82,4335.31,4369.72
1692624600,4380.28,4407.55,4360.3,4399.76
1692711000,4415.33,4418.59,4382.77,4387.54
1692797400,4396.44,4443.18,4396.44,4436.02
1692883800,4455.16,4458.3,4375.55,4376.32
1692970200,4389.38,4418.46,4356.29,4405.72
1693229400,4426.03,4439.56,4414.98,4433.32
1693315800,4432.75,4500.14,4431.68,4497.64
1693402200,4500.34,4521.65,4493.59,4514.88
1693488600,4517.01,4532.26,4507.39,4507.67
1693575000,4530.6,4541.25,4501.35,4515.78
1693920600,4510.06,4514.29,4496.01,4496.84
1694007000,4490.35,4490.35,4442.38,4465.47
1694093400,4434.55,4457.81,4430.46,4451.15
1694179800,4451.3,4473.53,4448.38,4457.5
1694439000,4480.98,4490.77,4467.89,4487.47
1694525400,4473.27,4487.11,4456.83,4461.91
1694611800,4462.65,4479.39,4453.52,4467.43
1694698200,4487.78,4511.99,4478.69,4505.11
1694784600,4497.98,4497.98,4447.21,4450.33
1695043800,4445.13,4466.36,4442.11,4453.52
1695130200,4445.41,4449.85,4416.61,4443.94
1695216600,4452.81,4461.03,4401.38,4402.21
1695303000,4374.36,4375.7,4329.17,4330.01
1695389400,4341.74,4357.4,4316.49,4320.05
1695648600,4310.62,4338.51,4302.7,4337.45
1695735000,4312.88,4313.01,4265.98,4273.54
1695821400,4282.63,4292.07,4238.63,4274.52
1695907800,4269.65,4317.27,4264.38,4299.69
1695994200,4328.18,4333.15,4274.86,4288.04
1696253400,4284.52,4300.58,4260.21,4288.4
1696339800,4269.75,4281.15,4216.45,4229.46
1696426200,4233.83,4268.5,4220.48,4263.76
1696512600,4259.31,4267.13,4225.91,4258.18
1696599000,4234.79,4324.1,4219.55,4308.49
1696858200,4289.02,4341.73,4283.79,4335.65
1696944600,4339.75,4385.46,4339.64,4358.23
1697031000,4366.59,4378.64,4345.34,4376.94
1697117400,4380.94,4385.85,4325.43,4349.6
1697203800,4360.49,4377.1,4311.97,4327.79
1697463000,4342.37,4383.33,4342.37,4373.62
1697549400,4345.23,4393.57,4337.54,4373.21
1697635800,4357.35,4364.2,4303.84,4314.59
1697722200,4321.36,4339.54,4269.69,4277.99
1697808600,4273.85,4276.56,4223.03,4224.15
1698067800,4210.4,4255.84,4189.22,4217.03
1698154200,4235.79,4259.38,4219.43,4247.69
1698240600,4232.42,4232.42,4181.42,4186.78
1698327000,4175.99,4183.6,4127.9,4137.22
1698413400,4152.93,4156.7,4103.78,4117.36
1698672600,4139.39,4177.47,4132.94,4166.83
1698759000,4171.33,4195.55,4153.12,4193.81
1698845400,4201.27,4245.64,4197.74,4237.87
1698931800,4268.26,4319.72,4268.26,4317.79
1699018200,4334.23,4373.62,4334.23,4358.35
1699281000,4364.27,4372.21,4347.53,4365.99
1699367400,4366.21,4386.26,4355.41,4378.37
1699453800,4384.37,4391.2,4359.76,4382.79
1699540200,4391.41,4393.4,4343.94,4347.36
1699626600,4364.15,4418.03,4353.34,4415.23
1699885800,4406.66,4421.76,4393.82,4411.54
1699972200,4458.97,4508.67,4458.97,4495.71
1700058600,4505.3,4521.17,4495.31,4502.89
1700145000,4497.08,4511.99,4487.83,4508.23
1700231400,4509.55,4520.12,4499.66,4514.03
1700490600,4511.7,4557.11,4510.36,4547.39
1700577000,4538.77,4542.14,4525.51,4538.18
1700663400,4553.04,4568.43,4545.05,4556.63
1700836200,4555.84,4560.31,4552.8,4559.33
1701095400,4554.86,4560.52,4546.32,4550.44
1701181800,4545.55,4568.14,4540.51,4554.9
1701268200,4571.84,4587.64,4547.15,4550.57
1701354600,4554.87,4569.89,4537.24,4567.81
1701441000,4559.43,4599.39,4554.71,4594.64
1701700200,4564.37,4572.37,4546.72,4569.77
1701786600,4557.25,4578.56,4551.68,4567.17
1701873000,4586.23,4590.74,4546.5,4549.35
1701959400,4568.84,4590.92,4565.22,4585.58
1702045800,4576.2,4609.23,4574.06,4604.36
1702305000,4593.39,4623.71,4593.39,4622.43
1702391400,4618.3,4643.93,4608.09,4643.69
1702477800,4646.2,4709.69,4643.23,4707.08
1702564200,4721.04,4738.57,4694.34,4719.54
1702650600,4714.23,4725.53,4704.69,4719.18
1702909800,4725.58,4749.52,4725.58,4740.57
1702996200,4743.72,4768.69,4743.72,4768.36
1703082600,4764.73,4778.01,4697.82,4698.34
1703169000,4724.29,4748.71,4708.35,4746.76
1703255400,4753.92,4772.94,4736.77,4754.64
1703601000,4758.86,4784.72,4758.45,4774.74
1703687400,4773.45,4785.39,4768.9,4781.59
1703773800,4786.44,4793.3,4780.98,4783.36
1703860200,4782.88,4788.43,4751.99,4769.82
1704205800,4745.2,4754.33,4722.67,4742.82
1704292200,4725.07,4729.29,4699.71,4704.82
1704378600,4697.42,4726.78,4687.53,4688.69
1704465000,4690.57,4721.49,4682.11,4697.23
1704724200,4703.7,4764.54,4699.82,4763.55
1704810600,4741.93,4765.47,4730.35,4756.51
1704897000,4759.94,4790.8,4756.2,4783.46
1704983400,4792.13,4798.5,4739.58,4780.23
1705069800,4791.18,4802.4,4768.98,4783.84
1705415400,4772.35,4782.34,4747.12,4765.99
1705501800,4739.13,4744.23,4714.82,4739.22
1705588200,4760.1,4785.79,4740.57,4780.95
1705674600,4796.28,4842.07,4785.87,4839.82
1705933800,4853.42,4868.41,4844.05,4850.44
1706020200,4856.8,4866.48,4844.37,4864.61
1706106600,4888.56,4903.68,4865.94,4868.54
1706193000,4886.66,4898.15,4869.34,4894.17
1706279400,4888.91,4906.69,4881.47,4890.96
1706538600,4892.95,4929.31,4887.4,4927.94
1706625000,4925.89,4931.09,4916.27,4924.96
1706711400,4899.19,4906.75,4845.15,4845.66
1706797800,4861.11,4906.97,4853.52,4906.18
1706884200,4916.06,4975.29,4907.99,4958.62
1707143400,4957.19,4957.19,4918.09,4942.82
1707229800,4950.16,4957.77,4934.88,4954.24
1707316200,4973.05,4999.89,4969.05,4995.05
1707402600,4995.16,5000.4,4987.09,4997.92
1707489000,5004.17,5030.06,5000.34,5026.62
1707748200,5026.83,5048.39,5016.83,5021.83
1707834600,4967.94,4971.3,4920.31,4953.16
1707921000,4976.44,5002.52,4956.45,5000.63
1708007400,5003.14,5032.72,4999.44,5029.72
1708093800,5031.13,5038.7,4999.52,5005.56
1708439400,4989.32,4993.71,4955.02,4975.52
1708525800,4963.03,4983.21,4946,4981.81
1708612200,5038.83,5094.39,5038.83,5087.02
1708698600,5100.92,5111.06,5081.46,5088.79
1708957800,5093,5097.66,5068.91,5069.54
1709044200,5074.6,5080.69,5057.29,5078.17
1709130600,5067.2,5077.37,5058.35,5069.77
1709217000,5085.36,5104.99,5061.89,5096.28
1709303400,5098.51,5140.33,5094.16,5137.07
1709562600,5130.99,5149.67,5127.18,5130.94
1709649000,5110.52,5114.54,5056.82,5078.64
1709735400,5108.03,5127.97,5092.22,5104.77
1709821800,5132.38,5165.62,5128.21,5157.35
1709908200,5164.46,5189.26,5117.5,5123.68
1710163800,5111.96,5124.66,5091.14,5117.93
1710250200,5134.3,5179.87,5114.48,5175.28
1710336600,5173.49,5179.14,5151.88,5165.3
1710423000,5175.14,5176.85,5123.3,5150.47
1710509400,5123.31,5136.86,5104.35,5117.1
1710768600,5154.77,5175.6,5145.47,5149.43
1710855000,5139.09,5180.31,5131.59,5178.52
1710941400,5181.69,5226.19,5171.55,5224.63
1711027800,5253.43,5261.1,5240.66,5241.54
1711114200,5242.48,5246.09,5229.87,5234.17
1711373400,5219.52,5229.09,5216.09,5218.18
1711459800,5228.85,5235.16,5203.42,5203.57
1711546200,5226.31,5249.26,5213.92,5248.48
1711632600,5248.03,5264.85,5245.82,5254.34
1711978200,5257.97,5263.95,5229.2,5243.78
1712064600,5204.29,5208.34,5184.05,5205.8
1712151000,5194.37,5228.75,5194.37,5211.48
1712237400,5244.05,5256.59,5146.06,5147.2
1712323800,5158.95,5222.18,5157.21,5204.35
1712583000,5211.37,5219.57,5197.35,5202.38
1712669400,5217.03,5224.81,5160.78,5209.92
1712755800,5167.88,5178.43,5138.7,5160.65
1712842200,5172.95,5211.78,5138.77,5199.05
1712928600,5171.51,5175.03,5107.94,5123.4
1713187800,5149.67,5168.43,5052.47,5061.81
1713274200,5064.59,5079.84,5039.83,5051.4
1713360600,5068.97,5077.96,5007.25,5022.22
1713447000,5031.52,5056.66,5001.89,5011.11
1713533400,5005.44,5019.02,4953.56,4967.24
1713792600,4987.33,5038.84,4969.4,5010.59
1713879000,5028.85,5076.12,5027.96,5070.56
1713965400,5084.86,5089.48,5047.02,5071.62
1714051800,5019.88,5057.75,4990.58,5048.41
1714138200,5084.65,5114.62,5073.14,5099.95
1714397400,5114.13,5123.49,5088.65,5116.16
1714483800,5103.78,5110.83,5035.31,5035.7
1714570200,5029.03,5096.12,5013.45,5018.4
1714656600,5049.32,5073.21,5011.05,5064.19
1714743000,5122.78,5139.12,5101.22,5127.8
1715002200,5142.42,5181,5142.42,5180.73
1715088600,5187.2,5200.23,5178.96,5187.71
1715175000,5168.98,5191.95,5165.86,5187.66
1715261400,5189.03,5215.3,5180.41,5214.07
1715347800,5225.49,5239.66,5209.68,5222.69
1715607000,5233.08,5237.26,5211.16,5221.41
1715693400,5221.1,5250.37,5217.98,5246.69
1715779800,5263.26,5311.76,5263.26,5308.14
1715866200,5310.07,5325.49,5296.19,5297.09
1715952600,5303.1,5305.45,5283.59,5303.26
1716211800,5305.35,5325.32,5302.4,5308.12
1716298200,5298.69,5324.32,5297.87,5321.42
1716384600,5319.28,5323.18,5286.01,5307.02
1716471000,5340.26,5341.88,5256.93,5267.85
1716557400,5281.45,5311.65,5278.39,5304.71
1716903000,5315.91,5315.91,5280.89,5306.03
1716989400,5278.73,5282.27,5262.7,5266.96
1717075800,5259.77,5260.21,5222.1,5235.47
1717162200,5243.21,5280.33,5191.68,5277.5
1717421400,5297.15,5302.11,5234.32,5283.41
1717507800,5278.24,5298.8,5257.63,5291.35
1717594200,5314.48,5354.16,5297.64,5354.04
1717680600,5357.8,5362.35,5335.36,5352.95
1717767000,5343.81,5375.08,5331.33,5346.98
1718026200,5341.22,5365.79,5331.52,5360.78
1718112600,5353,5375.95,5327.25,5375.31
1718199000,5409.13,5447.25,5409.13,5421.02
1718285400,5441.93,5441.93,5402.51,5433.75
1718371800,5424.08,5432.39,5403.75,5431.61
1718631000,5431.11,5488.5,5420.4,5473.24
1718717400,5476.15,5490.38,5471.32,5487.02
1718890200,5499.99,5505.53,5455.56,5473.16
1718976600,5466.77,5478.31,5452.03,5464.61
1719235800,5459.58,5490.66,5447.59,5447.88
1719322200,5460.73,5472.88,5446.56,5469.29
1719408600,5460.71,5483.14,5451.87,5477.91
1719495000,5473.59,5490.81,5467.54,5482.88
1719581400,5488.48,5523.64,5451.12,5460.49
1719840600,5471.08,5479.55,5446.53,5475.1
1719927000,5461.84,5509.69,5458.43,5509.02
1720013400,5507.44,5539.27,5507.42,5537.01
1720186200,5537.91,5570.33,5531.63,5567.2
1720445400,5572.75,5583.11,5562.51,5572.86
1720531800,5584.24,5590.75,5574.57,5576.97
1720618200,5591.26,5635.39,5586.44,5633.92
1720704600,5635.21,5642.45,5576.53,5584.55
1720791000,5590.76,5655.56,5590.44,5615.34
1721050200,5638.16,5666.94,5614.75,5631.21
1721136600,5644.09,5669.67,5639.02,5667.21
1721223000,5610.07,5622.49,5584.81,5588.28
1721309400,5608.56,5614.05,5522.81,5544.58
1721395800,5543.37,5557.5,5497.04,5504.99
1721655000,5544.54,5570.36,5529.04,5564.4
1721741400,5565.3,5585.34,5550.9,5555.75
1721827800,5505.84,5508.04,5419.98,5427.12
1721914200,5428.7,5491.59,5390.95,5399.23
1722000600,5433.67,5488.32,5430.7,5459.09
1722259800,5476.55,5487.74,5444.44,5463.55
1722346200,5478.73,5489.46,5401.7,5436.45
1722432600,5505.59,5551.51,5493.75,5522.29
1722519000,5537.84,5566.16,5410.42,5446.69
1722605400,5376.63,5383.89,5302.03,5346.55
1722864600,5151.14,5250.89,5119.26,5186.34
1722951000,5206.42,5312.34,5193.56,5240.04
1723037400,5293.13,5330.64,5195.54,5199.51
1723123800,5252.57,5328.03,5233.85,5319.3
1723210200,5314.66,5358.67,5300.84,5344.15
1723469400,5351.88,5371.2,5324.37,5344.38
1723555800,5376.98,5436.5,5376.98,5434.44
1723642200,5442.36,5463.22,5415.91,5455.2
1723728600,5501.13,5546.23,5501.13,5543.21
1723815000,5530.5,5561.98,5525.17,5554.26
1724074200,5557.23,5608.3,5550.74,5608.24
1724160600,5602.88,5620.51,5585.5,5597.11
1724247000,5603.09,5632.68,5591.57,5620.84
1724333400,5637.77,5643.22,5560.95,5570.65
1724419800,5602.49,5641.82,5585.16,5634.6
1724679000,5639.66,5651.62,5602.34,5616.85
1724765400,5602.89,5631.18,5593.48,5625.79
1724851800,5624.51,5627.03,5560.95,5592.19
1724938200,5607.3,5646.95,5583.71,5591.95
1725024600,5612.74,5651.37,5581.79,5648.39
1725370200,5623.89,5623.89,5504.33,5528.92
1725456600,5506.68,5552.99,5503.66,5520.08
1725543000,5520.08,5546.3,5480.54,5503.42
1725629400,5507.33,5522.47,5402.62,5408.43
1725888600,5442.07,5484.2,5434.49,5471.06
1725975000,5490.51,5497.91,5441.72,5495.53
1726061400,5496.42,5560.41,5406.96,5554.14
1726147800,5557.48,5600.71,5535.5,5595.75
1726234200,5603.34,5636.27,5601.65,5626.01
1726493400,5615.21,5636.05,5604.53,5633.08
1726579800,5655.51,5670.81,5614.05,5634.57
1726666200,5641.68,5689.75,5615.08,5618.25
1726752600,5702.63,5733.57,5686.42,5713.65
1726839000,5709.64,5715.14,5674.49,5702.54
1727098200,5711.9,5725.36,5704.22,5718.58
1727184600,5727.66,5735.32,5698.99,5732.94
1727271000,5733.65,5741.03,5712.06,5722.27
1727357400,5762.22,5767.37,5721.01,5745.36
1727443800,5755.36,5763.78,5727.34,5738.16
1727703000,5726.52,5765.14,5703.53,5762.49
1727789400,5757.73,5757.73,5681.28,5708.74
1727875800,5698.14,5719.63,5674,5709.55
1727962200,5698.19,5718.78,5677.37,5699.95
1728048600,5737.48,5753.21,5702.83,5751.06
1728307800,5737.8,5739.34,5686.85,5695.93
1728394200,5719.14,5757.6,5714.56,5751.14
1728480600,5751.8,5796.8,5745.02,5792.05
1728567000,5778.36,5795.03,5764.76,5780.04
1728653400,5775.09,5822.13,5775.09,5815.04
1728912600,5829.81,5871.41,5829.57,5859.86
1728999000,5866.74,5870.36,5804.48,5815.25
1729085400,5816.58,5846.52,5808.34,5842.48
1729171800,5875.62,5878.46,5840.25,5841.48
1729258200,5859.43,5872.17,5846.11,5864.68
1729517400,5857.82,5866.92,5824.79,5853.97
1729603800,5832.7,5863.04,5821.17,5851.19
1729690200,5834.5,5834.85,5762.41,5797.43
1729776600,5817.8,5817.8,5784.92,5809.87
1729863000,5826.75,5862.82,5799.98,5808.11
1730122200,5833.93,5842.92,5823.08,5823.51
1730208600,5819.68,5847.19,5802.17,5832.91
1730295000,5832.65,5850.94,5811.28,5813.66
1730381400,5775.34,5775.34,5702.86,5705.44
1730467800,5723.22,5772.52,5723.22,5728.81
1730730600,5725.15,5741.43,5696.51,5712.68
1730817000,5722.43,5783.44,5722.1,5782.77
1730903400,5864.89,5936.14,5864.89,5929.03
1730989800,5947.21,5983.84,5947.21,5973.09
1731076200,5976.76,6012.45,5976.76,5995.53
1731335400,6008.86,6017.31,5986.69,6001.34
1731421800,6003.6,6009.92,5960.08,5984
1731508200,5985.75,6008.19,5965.91,5985.39
1731594600,5989.68,5993.88,5942.28,5949.16
1731681000,5912.79,5915.32,5853.01,5870.63
1731940200,5874.17,5908.12,5865.95,5893.61
1732026600,5870.05,5923.51,5855.29,5916.97
1732113000,5914.34,5920.67,5860.56,5917.12
1732199400,5940.58,5963.32,5887.26,5948.7
1732285800,5944.36,5972.9,5944.36,5969.33
1732545000,5992.28,6020.75,5963.91,5987.38
1732631400,6001.16,6025.42,5992.27,6021.64
1732717800,6014.11,6020.16,5984.87,5998.73
1732890600,6003.98,6044.17,6003.98,6032.39
1733149800,6040.11,6053.58,6035.33,6047.14
1733236200,6042.97,6052.07,6033.39,6049.87
1733322600,6069.39,6089.84,6061.06,6086.48
1733409000,6089.03,6094.55,6072.9,6075.1
1733495400,6081.38,6099.97,6079.98,6090.28
1733754600,6083.01,6088.51,6048.63,6052.84
1733841000,6057.59,6065.4,6029.89,6034.9
1733927400,6060.15,6092.59,6060.15,6084.18
1734013800,6074.29,6079.68,6051.25,6051.25
1734100200,6068.17,6078.58,6035.77,6051.08
1734359400,6063.79,6085.19,6059.14,6074.07
1734445800,6052.55,6057.68,6035.19,6050.6
1734532200,6047.65,6070.67,5867.79,5872.17
1734618600,5912.71,5935.52,5866.07,5867.07
1734705000,5842,5982.06,5832.3,5930.84
1734964200,5940.25,5978.25,5902.57,5974.08
1735050600,5984.63,6040.1,5981.44,6040.05
1735223400,6024.97,6049.75,6007.37,6037.58
1735309800,6006.17,6006.17,5932.95,5970.85
1735569000,5920.67,5940.79,5869.16,5906.95
1735655400,5919.74,5929.74,5868.86,5881.62
1735828200,5903.26,5935.09,5829.53,5868.56
1735914600,5891.07,5949.34,5888.66,5942.46
1736173800,5982.81,6021.04,5960.01,5975.37
1736260200,5993.26,6000.68,5890.68,5909.02
1736346600,5910.66,5927.89,5874.78,5918.26
1736519400,5890.35,5890.35,5807.78,5827.03
1736778600,5782.02,5838.61,5773.31,5836.21
1736865000,5859.27,5871.92,5805.42,5842.9
1736951400,5905.21,5960.61,5905.21,5949.92
1737037800,5963.61,5964.69,5930.72,5937.35
1737124200,5995.4,6014.96,5978.44,5996.65
1737469800,6014.12,6051.51,6006.88,6049.23
1737556200,6081.39,6100.81,6076.13,6086.36
1737642600,6076.32,6118.73,6074.67,6118.72
1737729000,6121.43,6128.18,6088.74,6101.25
1737988200,5969.04,6017.17,5962.92,6012.29
1738074600,6026.97,6074.54,5994.63,6067.71
1738161000,6057.7,6062.83,6012.96,6039.32
1738247400,6050.75,6086.64,6027.46,6071.18
1738333800,6096.79,6120.91,6030.93,6040.52
1738593000,5969.65,6022.13,5923.93,5994.58
1738679400,5998.14,6042.48,5990.87,6037.89
1738765800,6020.45,6062.86,6007.06,6061.47
1738852200,6072.22,6084.03,6046.83,6083.56
1738938600,6083.13,6101.28,6019.96,6025.98
1739197800,6046.4,6073.38,6044.84,6066.45
1739284200,6049.32,6076.28,6042.34,6068.49
1739370600,6025.08,6063,6003,6051.98
1739457000,6060.59,6116.91,6050.95,6115.08
1739543400,6115.52,6127.47,6107.62,6114.62
1739889000,6121.6,6129.63,6099.51,6129.57
1739975400,6117.76,6147.43,6111.15,6144.14
1740061800,6134.5,6134.5,6084.59,6117.51
1740148200,6114.1,6114.82,6008.56,6013.12
1740407400,6026.69,6043.65,5977.83,5983.26
1740493800,5982.73,5992.65,5908.49,5955.26
1740580200,5970.87,6009.82,5932.69,5956.07
1740666600,5981.89,5993.69,5858.78,5861.56
1740753000,5858.93,5959.4,5837.66,5954.51
1741012200,5968.33,5986.09,5810.91,5849.71
1741098600,5811.98,5865.08,5732.59,5778.14
1741185000,5781.36,5860.59,5742.35,5842.62
1741271400,5785.87,5812.08,5711.64,5738.53
1741357800,5719.91,5783.01,5666.29,5770.19
1741613400,5705.37,5705.37,5564.02,5614.55
1741699800,5603.65,5636.3,5528.41,5572.08
1741786200,5624.84,5642.19,5546.09,5599.29
1741872600,5594.45,5597.78,5504.65,5521.53
1741959000,5563.85,5645.27,5563.85,5638.93
1742218200,5633.78,5703.52,5631.12,5675.11
1742304600,5654.53,5654.53,5597.76,5614.65
1742391000,5632.37,5715.33,5622.2,5675.3
1742477400,5646.92,5711.15,5632.33,5662.88
1742563800,5630.73,5670.84,5603.1,5667.57
1742823000,5718.08,5775.14,5718.08,5767.56
1742909400,5775.96,5786.95,5760.42,5776.66
1742995800,5771.66,5783.62,5694.41,5712.21
1743082200,5695.64,5732.28,5670.94,5693.32
1743168600,5679.2,5685.89,5572.42,5580.95
1743427800,5527.91,5627.56,5488.73,5611.84
1743514200,5597.53,5650.57,5558.52,5633.06
1743600600,5580.76,5695.31,5571.48,5670.98
1743687000,5492.74,5499.53,5390.83,5396.51
1743773400,5292.14,5292.14,5069.9,5074.09
1744032600,4953.79,5246.57,4835.04,5062.24
1744119000,5193.57,5267.47,4910.42,4982.78
1744205400,4965.28,5481.34,4948.43,5456.89
1744291800,5353.15,5353.15,5115.27,5268.06
1744378200,5255.56,5381.46,5220.77,5363.35
1744637400,5441.96,5459.46,5358.02,5405.96
1744723800,5411.99,5450.41,5386.44,5396.62
1744810200,5335.75,5367.24,5220.79,5275.71
1744896600,5305.45,5328.31,5255.58,5282.69
1745242200,5228.77,5228.77,5101.63,5158.19
1745328600,5207.67,5309.61,5207.67,5287.77
1745415000,5395.92,5469.69,5356.17,5375.85
1745501400,5381.38,5489.4,5371.96,5484.78
1745587800,5489.73,5528.11,5455.86,5525.22
1745847000,5529.22,5553.66,5468.64,5528.74
1745933400,5508.87,5571.95,5505.7,5560.82
1746019800,5499.44,5581.84,5433.24,5569.07
1746106200,5625.14,5658.91,5597.35,5604.13
1746192600,5645.88,5700.7,5642.28,5686.66
1746451800,5655.32,5683.38,5634.48,5650.37
1746538200,5605.87,5649.58,5586.04,5606.9
1746624600,5614.18,5654.73,5578.64,5631.27
1746711000,5663.6,5720.1,5635.38,5663.95
1746797400,5679.65,5691.69,5644.15,5659.9
1747056600,5807.2,5845.37,5786.08,5844.2
1747143000,5854.15,5906.64,5845.02,5886.54
1747229400,5896.74,5906.55,5872.11,5892.57
1747315800,5869.82,5924.21,5865.16,5916.92
1747402200,5929.09,5958.62,5907.36,5958.37
1747661400,5902.88,5968.61,5895.69,5963.59
1747747800,5944.66,5953.06,5909.26,5940.45
1747834200,5910.18,5938.37,5830.91,5844.62
1747920600,5841.26,5878.08,5825.82,5842
1748007000,5781.89,5829.51,5767.41,5802.83
1748352600,5854.07,5924.33,5854.07,5921.53
1748439000,5925.54,5939.92,5881.88,5888.56
1748525400,5939.96,5943.13,5873.8,5912.18
1748611800,5903.67,5922.14,5843.66,5911.68
1748871000,5896.68,5937.4,5861.43,5935.95
1748957400,5938.56,5981.35,5929,5970.36
1749043800,5978.94,5990.48,5966.11,5970.82
1749130200,5985.67,5999.7,5921.2,5939.29
1749216600,5987.06,6016.87,5978.63,6000.37
1749475800,6004.63,6021.31,5994.18,6005.89
1749562200,6009.91,6043.01,6000.28,6038.8
1749648600,6049.38,6059.4,6002.32,6022.25
1749735000,6009.9,6045.43,6003.88,6045.25
1749821400,6000.56,6026.16,5963.21,5976.96
1750080600,6004,6050.83,6004,6033.12
1750167000,6012.15,6023.25,5974.8,5982.73
1750253400,5987.93,6018.25,5971.89,5980.86
1750426200,5999.67,6018.2,5952.56,5967.85
1750685400,5969.67,6028.77,5943.23,6025.16
1750771800,6064.68,6101.76,6059.25,6092.19
1750858200,6104.23,6108.51,6080.09,6092.15
1750944600,6112.09,6146.52,6107.27,6141.01
1751031000,6150.7,6187.68,6132.35,6173.08
1751290200,6192.62,6215.08,6174.97,6204.94
1751376600,6187.25,6210.78,6177.97,6198.02
1751463000,6193.88,6227.6,6188.29,6227.41
1751549400,6246.46,6284.65,6246.46,6279.36
1751895000,6259.04,6262.07,6201,6229.99
1751981400,6233.14,6242.7,6217.75,6225.51
1752067800,6243.33,6269.16,6231.43,6263.25
1752154200,6266.8,6290.22,6251.44,6280.47
1752240600,6255.68,6269.44,6237.6,6259.74
1752499800,6255.15,6273.31,6239.22,6268.55
1752586200,6295.29,6302.04,6241.68,6243.77
1752672600,6254.5,6268.12,6201.59,6263.71
1752759000,6262.27,6304.69,6262.27,6297.35
1752845400,6313.96,6313.96,6285.27,6296.78
1753104600,6304.74,6336.08,6303.79,6305.59
1753191000,6306.6,6316.12,6281.71,6309.63
1753277400,6326.9,6360.64,6317.49,6358.9
1753363800,6368.6,6381.31,6360.57,6363.36
1753450200,6370.01,6395.82,6368.53,6388.65
1753709400,6397.69,6401.07,6375.79,6389.76
1753795800,6405.62,6409.26,6363.92,6370.87
1753882200,6381.23,6396.54,6336.38,6362.89
1753968600,6427.02,6427.02,6327.64,6339.38
1754055000,6287.28,6287.28,6212.69,6238
1754314200,6271.71,6330.69,6271.71,6329.93
1754400600,6336.63,6346,6289.37,6299.2
1754487000,6309.3,6352.83,6301.11,6345.05
1754573400,6379.43,6389.71,6310.32,6339.99
1754659800,6355.22,6395.16,6355.22,6389.44
1754919000,6389.67,6407.25,6364.06,6373.46
1755005400,6395.17,6446.55,6385.76,6445.75
1755091800,6462.67,6480.28,6445.02,6466.59
1755178200,6453.46,6473.92,6441.07,6468.53
1755264600,6477.38,6481.34,6441.85,6449.79
1755523800,6445.02,6455.35,6437.7,6449.16
1755610200,6446.24,6456.48,6400.22,6411.36
1755696600,6406.62,6408.4,6343.86,6395.79
1755783000,6380.83,6393.65,6352.71,6370.18
1755869400,6384.59,6478.89,6384.59,6466.92
1756128600,6457.67,6466.89,6438.06,6439.31
1756215000,6435.49,6468.37,6429.21,6465.95
1756301400,6462.26,6487.06,6457.84,6481.41
1756387800,6483.84,6508.23,6466.96,6501.85
1756474200,6489.28,6491.08,6444.57,6460.25
1756819800,6401.51,6416.54,6360.58,6415.53
1756906200,6445.82,6453.67,6416.17,6448.27
1756992600,6456.6,6502.54,6445.98,6502.09
1757079000,6529.08,6532.65,6443.98,6481.51
1757338200,6498.09,6508.67,6483.29,6495.16
1757424600,6503.33,6518.23,6483.08,6512.62
1757511000,6550.29,6555.97,6516.34,6532.03
1757597400,6554.41,6592.89,6545.8,6587.48
1757683800,6590.66,6600.21,6579.49,6584.28
1757943000,6603.49,6619.62,6602.07,6615.29
1758029400,6624.13,6626.99,6600.11,6606.77
1758115800,6604.87,6624.39,6551.15,6600.36
1758202200,6626.85,6656.8,6611.89,6631.95
1758288600,6647.11,6671.82,6630.31,6664.37
1758547800,6654.28,6698.88,6648.07,6693.74
1758634200,6692.44,6699.52,6645.58,6656.93
1758720600,6669.79,6672.66,6621.76,6637.98
1758807000,6608.19,6619,6569.22,6604.73
1758893400,6615.38,6648.97,6604.43,6643.71
1759152600,6661.58,6677.31,6644.49,6661.2
1759239000,6656.19,6691.25,6641,6688.47
1759325400,6664.92,6718.48,6656.2,6711.19
1759411800,6731.31,6731.94,6693.23,6715.36
1759498200,6722.14,6750.87,6705.67,6715.78
1759757400,6733.86,6749.52,6717.78,6740.29
1759843800,6746.14,6754.49,6699.96,6714.58
1759930200,6723.87,6755.64,6718.09,6753.71
1760016600,6760.5,6764.58,6716.17,6735.12
1760103000,6740.49,6762.4,6550.78,6552.52
1760362200,6628.27,6668.68,6620.71,6654.71
1760448600,6592.64,6680.7,6555.07,6644.3
1760535000,6688.27,6724.12,6612.11,6671.07
1760621400,6689.02,6709.34,6593.99,6629.08
1760707800,6611.9,6678.88,6603.76,6664
1760967000,6690.05,6744.35,6690.05,6735.14
1761053400,6736.75,6752.16,6722.03,6735.34
1761139800,6741.34,6741.75,6655.69,6699.41
1761226200,6703.65,6749.53,6700.14,6738.43
1761312600,6772.07,6807.11,6772.07,6791.68
1761571800,6845.46,6877.28,6843.94,6875.15
1761658200,6897.74,6911.3,6870.73,6890.88
1761744600,6910.95,6920.34,6851.91,6890.6
1761831000,6860.5,6880.75,6820.69,6822.35
1761917400,6874.6,6874.6,6814.26,6840.19
1762180200,6882.32,6882.32,6820.62,6851.98
1762266600,6788.52,6820.21,6766.71,6771.54
1762353000,6769.71,6829.78,6763.11,6796.3
1762439400,6787.59,6796.68,6707.51,6720.31
1762525800,6696.18,6730.11,6631.44,6728.81
1762785000,6785.36,6841.32,6770.56,6832.42
1762871400,6815.64,6855.13,6806.87,6846.62
1762957800,6867.77,6869.91,6829.62,6850.93
1763044200,6826.47,6828.05,6724.72,6737.48
1763130600,6672.14,6774.31,6646.87,6734.1
1763389800,6713.61,6754.5,6638.9,6672.42
1763476200,6641.19,6666.63,6574.32,6617.33
1763562600,6625.84,6689.75,6603.5,6642.15
1763649000,6737.93,6770.35,6534.05,6538.77
1763735400,6555.77,6660.05,6521.92,6602.98
1763994600,6636.54,6715.75,6630.7,6705.11
1764081000,6697.03,6776.4,6659.98,6765.89
1764167400,6793.55,6831.44,6783.87,6812.6
1764340200,6822.52,6850.86,6819.75,6849.08
1764599400,6812.3,6843.65,6799.94,6812.62
1764685800,6830.96,6851.55,6806.71,6829.38
1764772200,6815.29,6862.42,6810.43,6849.71
1764858600,6866.47,6866.47,6827.12,6857.13
1764945000,6866.32,6895.78,6858.29,6870.39
1765204200,6875.2,6878.27,6827.19,6846.5
1765290600,6840.61,6864.92,6837.43,6840.5
1765377000,6833.49,6900.67,6824.69,6886.69
1765463400,6861.3,6903.46,6833.45,6901.01
1765549800,6886.85,6899.85,6801.79,6827.42
1765809000,6860.19,6861.59,6801.49,6816.52
1765895400,6800.12,6819.27,6759.74,6800.25
1765981800,6802.88,6812.26,6720.43,6721.42
1766068200,6778.06,6816.13,6758.5,6774.75
1766154600,6792.62,6840.02,6792.62,6834.49
1766413800,6865.21,6882.03,6855.74,6878.48
1766500200,6872.41,6910.88,6868.81,6909.78
1766586600,6904.91,6937.32,6904.91,6932.04
1766759400,6936.02,6945.77,6921.6,6929.95
1767018600,6903.6,6920.21,6888.76,6905.73
1767105000,6900.44,6913.25,6893.47,6896.25
1767191400,6898.82,6901.42,6844.55,6845.49
1767364200,6878.11,6894.87,6824.31,6858.48
1767623400,6892.19,6920.38,6891.56,6902.04
1767709800,6908.03,6948.69,6904.02,6944.83
1767796200,6945.07,6965.69,6919.19,6920.92
1767882600,6916.29,6931.28,6899.33,6921.45
1767969000,6927.83,6978.36,6917.64,6966.29
1768228200,6944.12,6986.33,6934.07,6977.26
1768314600,6977.41,6985.83,6938.77,6963.75
1768401000,6937.41,6941.3,6885.74,6926.59
1768487400,6969.46,6979.34,6937.93,6944.46
1768573800,6960.54,6967.3,6925.09,6940
1768919400,6865.24,6871.17,6789.05,6796.87
1769005800,6810.71,6910.39,6804.96,6875.61
1769092200,6914.44,6934.75,6893.62,6913.36
1769178600,6907.85,6932.96,6895.5,6915.62
1769437800,6923.23,6964.66,6921.6,6950.22
1769524200,6965.96,6988.82,6958.83,6978.59
1769610600,7002,7002.28,6963.46,6978.02
1769697000,6977.74,6992.84,6870.8,6969.02
1769783400,6947.27,6964.09,6893.48,6939.02
1770042600,6916.64,6991.92,6914.34,6976.45
1770129000,6985.58,6993.08,6862.05,6917.82
1770215400,6924.5,6936.09,6838.8,6882.71
1770301800,6837.39,6857.85,6780.13,6798.39
1770388200,6816.74,6944.89,6816.74,6932.31
1770647400,6917.26,6980.1,6905.87,6964.81
1770733800,6974.49,6986.83,6937.53,6941.82
1770820200,6976.48,6993.48,6911.97,6941.46
1770906600,6957.54,6973.22,6824.04,6832.77
1770993000,6834.27,6881.96,6794.55,6836.18
1771338600,6819.86,6866.99,6775.5,6843.21
1771425000,6855.48,6909.12,6849.66,6881.32
1771511400,6861.34,6879.12,6833.06,6861.88
1771597800,6843.26,6915.86,6836.33,6909.52
1771857000,6901.25,6916.96,6819.82,6837.74
1771943400,6837.37,6899.17,6815.43,6890.06
1772029800,6915.15,6952.51,6915.15,6946.12
1772116200,6944.74,6947.25,6859.73,6908.87
1772202600,6856.54,6882.96,6831.74,6878.89
1772461800,6824.36,6901.01,6796.85,6881.63
1772548200,6800.26,6840.05,6710.42,6816.62
1772634600,6831.69,6885.94,6811.64,6869.49
1772721000,6851.08,6870.43,6770.78,6830.72
1772807400,6769.03,6773.42,6711.56,6740.01
1773063000,6699.8,6810.44,6636.04,6795.98
1773149400,6792.83,6845.08,6759.74,6781.49
1773235800,6790.09,6811.15,6745.59,6775.79
1773322200,6740.88,6740.88,6670.4,6672.61
1773408600,6673.49,6733.3,6623.92,6632.2
1773667800,6674.37,6729.79,6674.37,6699.37
1773754200,6722.35,6754.3,6710.8,6716.08
1773840600,6697.16,6705.18,6621.66,6624.71
1773927000,6583.12,6636.74,6557.82,6606.48
1774013400,6594.66,6594.66,6473.52,6506.49
1774272600,6574.96,6651.62,6565.55,6580.99
1774359000,6552.09,6595.75,6525.11,6556.36
1774445400,6598.35,6633.94,6568.41,6591.89
1774531800,6555.86,6573.22,6473.79,6477.17
1774618200,6453.89,6453.89,6356.08,6368.86
1774877400,6403.37,6427.31,6316.91,6343.73
1774963800,6395.88,6539.05,6395.88,6528.53
1775050200,6556.56,6609.67,6554.29,6575.33
1775136600,6512.61,6601.91,6474.94,6582.68
1775482200,6587.66,6618.13,6579.72,6611.82
1775568600,6601.93,6618.26,6534.55,6616.84
1775655000,6754.36,6793.5,6740.28,6782.82
1775741400,6783.69,6835.31,6761.55,6824.67
1775827800,6839.24,6845.77,6808.46,6816.9
1776087000,6806.47,6887,6790.02,6886.23
1776173400,6910.2,6969.42,6905.17,6967.39
1776259800,6978.17,7026.24,6967.13,7022.96
1776346200,7037.78,7051.23,7008.52,7041.29
1776432600,7074.55,7147.52,7074.55,7126.05
1776691800,7117.05,7122.65,7084.41,7109.13
1776778200,7122.64,7137.27,7050.2,7064.02
1776864600,7102.91,7138.64,7102.91,7137.89
1776951000,7118.8,7147.78,7046.55,7108.41
1777037400,7136.48,7168.59,7112.82,7165.07
1777296600,7152.72,7178.74,7146.72,7173.92
1777383000,7133.74,7152.52,7115.17,7138.81
1777469400,7131.61,7145.63,7107.86,7135.96
1777555800,7168.2,7219.83,7126.15,7209.02
1777642200,7234.54,7272.52,7229.32,7230.11
1777901400,7228.38,7244.54,7174.12,7200.76
1777987800,7233.62,7273.26,7233.62,7259.21
1778074200,7294.14,7369.22,7294.14,7365.11
1778160600,7376.78,7385.02,7321.25,7337.1
1778247000,7362.97,7401.5,7362.97,7398.92
1778506200,7385.31,7428.97,7384.2,7412.85
1778592600,7390.63,7409.57,7338.54,7400.97
1778679000,7409.12,7460.04,7375.13,7444.26
1778765400,7454.4,7517.12,7454.4,7501.25
1778851800,7445.11,7454.85,7397.5,7408.49
1779111000,7415.07,7434.06,7353.17,7403.04
1779197400,7375.75,7395.32,7333.68,7353.62
1779283800,7369.19,7435.69,7357.46,7432.96
1779370200,7410.78,7465.96,7389.48,7445.73
1779456600,7468.82,7506.32,7463.29,7473.48
1779802200,7511.79,7539.09,7501.1,7519.11
1779888600,7526.01,7530.72,7499.72,7520.37
1779975000,7519.82,7568.72,7508.04,7563.62
1780061400,7579.33,7599.38,7563.55,7580.05
1780320600,7582.29,7617.66,7562.61,7599.95
1780407000,7595.4,7620.9,7582.99,7609.77
1780493400,7605.31,7605.35,7551.22,7553.67
1780579800,7516.54,7598.19,7516.54,7584.32
1780666200,7537.36,7541.81,7368.63,7383.73
1780925400,7440.57,7466.81,7395.13,7405.72
1781011800,7438.66,7483.15,7237.85,7386.66
1781098200,7350.54,7396.56,7265.93,7267
1781184600,7287.67,7412.68,7257.33,7394.31
1781271000,7410.85,7456.4,7363.01,7431.45
1781530200,7516.75,7577.92,7516.75,7554.28
1781616600,7548.78,7564.96,7508.68,7511.34
1781703000,7524.5,7532.17,7402.61,7420.11
1781789400,7487.36,7511.07,7468.32,7500.57
1782135000,7500.44,7530.01,7460.01,7472.78
1782221400,7366.51,7424.17,7347.6,7365.45
1782307800,7370.88,7428.06,7336.82,7358.21
1782394200,7404.91,7419.08,7323.5,7357.48
1782480600,7312.74,7392.95,7294.18,7354.03
1782739800,7391.88,7444.32,7348.88,7440.43
1782826200,7441.27,7508.29,7438.04,7499.36
1782912600,7478.84,7521.81,7449.63,7483.23
1782999000,7495.14,7540.75,7427.55,7483.24
1783344600,7506.96,7551.31,7500.97,7537.43
1783431000,7516.63,7536.06,7478.63,7503.85
1783517400,7476.54,7488.51,7421.82,7482.71
1783603800,7491.6,7546.89,7481.73,7543.64
1783690200,7547.64,7579.93,7508.16,7575.39
1783949400,7547.53,7565.37,7506.41,7515.34
1784035800,7536.7,7557.44,7513.23,7543.59
1784122200,7571.72,7581.5,7526.95,7572.4
1784208600,7558.8,7570.74,7504.02,7533.77
1784295000,7447.52,7498.47,7431.26,7457.69
1784554200,7489.18,7513.23,7440.53,7443.28
1784640600,7489.95,7515.31,7467.86,7509.2
1784727000,7497.47,7525.94,7485.85,7498.96
1784813400,7418.29,7450.12,7376,7408.3
1784899800,7406.3,7460.98,7396.53,7411.98
1785159000,7464.2,7480.57,7382.74,7413.18
1785245400,7395.55,7452.09,7382.95,7428.78
1785331800,7418.16,7450.84,7313.92,7316.15
1785418200,7390.45,7448.75,7370.98,7437.63
1785504600,7462.13,7512.04,7399.83,7489.72
1785763800,7504.78,7610.04,7504.78,7600.5
1785850200,7630.62,7758.21,7629.1,7736.52
1785936600,7771.62,7793.68,7720.17,7723.55
1786023000,7713.79,7742.85,7698.15,7709.96
1786109400,7735.18,7763.08,7719.19,7757.64
1786368600,7751.74,7773.76,7743.11,7753.11
1786455000,7767.51,7767.51,7717.25,7728.2
1786541400,7765.46,7766.01,7737.95,7748.5
1786627800,7763.18,7816.7,7763.18,7798.99
1786714200,7806.6,7810.01,7776.31,7785.76
1786973400,7790.68,7790.68,7744.88,7745.06
1787059800,7700.04,7713.95,7688.63,7691.76
1787146200,7716.74,7743.93,7700.07,7707.98
1787232600,7690.49,7699.96,7639.01,7641.16
1787319000,7665.68,7697.11,7660.06,7674.37
1787578200,7663.38,7670.3,7638.17,7652.86
1787664600,7676.66,7686.11,7650.92,7677.28
1787751000,7666.88,7690.73,7657.41,7675.7
1787837400,7710.34,7741.27,7689.89,7730.99
1787923800,7735.17,7771.48,7700.91,7711.76
1788183000,7697.52,7697.52,7665.06,7686.14
1788269400,7635.47,7663.63,7611.2,7631.47
1788355800,7634.58,7681.19,7633.62,7666.6
1788442200,7686.71,7756.76,7686.71,7747.71
1788528600,7750.19,7750.19,7706.12,7718.6
1788874200,7717.81,7717.81,7666.99,7673.52
1788960600,7660.68,7660.68,7624.16,7636.36
1789047000,7594.74,7612.86,7580.06,7591.7
1789133400,7636.75,7677.02,7636.75,7656.98
1789392600,7611.44,7647.99,7592.28,7619.98
1789479000,7612.3,7617.26,7572.69,7585.73
1789565400,7601.25,7626.79,7507.77,7551.81
1789651800,7631.44,7646.86,7611.81,7637.76
1789738200,7657.17,7657.17,7610.52,7650.5
1789997400,7692.83,7743.05,7691.19,7738.45