timestamp_utc,open,high,low,close,volume
2023-07-28T00:00:00Z,32444.419921875,32528.220703125,32346.330078125,32457.419921875,0
2023-07-28T01:00:00Z,32460.060546875,32504.259765625,32379.5703125,32472.099609375,0
2023-07-28T02:00:00Z,32471.150390625,32473.599609375,32406.5390625,32453.970703125,0
2023-07-28T03:00:00Z,32527.560546875,32846.96875,32364.900390625,32364.900390625,0
2023-07-28T04:00:00Z,32352.44921875,32397.55078125,32037.55078125,32375.4609375,0
2023-07-28T05:00:00Z,32376.44921875,32822.44140625,32311.509765625,32725.130859375,0
2023-07-28T06:00:00Z,32724.650390625,32759.23046875,32724.650390625,32759.23046875,0
2023-07-31T00:00:00Z,33128.828125,33323.96875,33047.6484375,33321.26953125,0
2023-07-31T01:00:00Z,33322.30859375,33402.078125,33292.26171875,33350.390625,0
2023-07-31T02:00:00Z,33351.33984375,33368.140625,33249.94921875,33262.73828125,0
2023-07-31T03:00:00Z,33193.921875,33213.1484375,33101.53125,33130.12890625,0
2023-07-31T04:00:00Z,33129.23828125,33139.08984375,33025.9296875,33078.6484375,0
2023-07-31T05:00:00Z,33074.62109375,33241.78125,33054.37890625,33207.890625,0
2023-07-31T06:00:00Z,33198.30859375,33198.30859375,33172.21875,33172.21875,0
2023-08-01T00:00:00Z,33292.30859375,33339.44140625,33203.87890625,33334.3984375,0
2023-08-01T01:00:00Z,33336.58984375,33357.80078125,33309.3984375,33325.6015625,0
2023-08-01T02:00:00Z,33326.0,33439.109375,33324.08984375,33418.53125,0
2023-08-01T03:00:00Z,33342.23046875,33388.7109375,33308.671875,33374.23828125,0
2023-08-01T04:00:00Z,33374.2109375,33482.94921875,33374.2109375,33451.16015625,0
2023-08-01T05:00:00Z,33451.71875,33482.609375,33425.0703125,33474.01171875,0
2023-08-01T06:00:00Z,33476.578125,33476.578125,33476.578125,33476.578125,0
2023-08-02T00:00:00Z,33123.12109375,33158.578125,32950.48828125,33048.94921875,0
2023-08-02T01:00:00Z,33049.69921875,33120.87890625,32984.12890625,32997.48046875,0
2023-08-02T02:00:00Z,32998.01953125,33019.5390625,32825.33984375,32861.2890625,0
2023-08-02T03:00:00Z,32800.640625,32829.421875,32765.599609375,32792.171875,0
2023-08-02T04:00:00Z,32793.23046875,32839.859375,32668.01953125,32668.890625,0
2023-08-02T05:00:00Z,32668.169921875,32772.078125,32628.2890625,32688.25,0
2023-08-02T06:00:00Z,32674.7109375,32707.689453125,32674.7109375,32707.689453125,0
2023-08-03T00:00:00Z,32375.849609375,32467.060546875,32194.400390625,32261.099609375,0
2023-08-03T01:00:00Z,32263.859375,32430.330078125,32180.01953125,32293.990234375,0
2023-08-03T02:00:00Z,32293.91015625,32347.33984375,32240.0390625,32244.080078125,0
2023-08-03T03:00:00Z,32236.130859375,32311.5,32167.990234375,32305.810546875,0
2023-08-03T04:00:00Z,32305.970703125,32378.220703125,32210.94921875,32240.23046875,0
2023-08-03T05:00:00Z,32239.80078125,32338.509765625,32142.25,32195.509765625,0
2023-08-03T06:00:00Z,32186.619140625,32186.619140625,32159.279296875,32159.279296875,0
2023-08-04T00:00:00Z,32019.060546875,32294.69921875,31934.349609375,32290.310546875,0
2023-08-04T01:00:00Z,32288.279296875,32293.060546875,32112.359375,32126.220703125,0
2023-08-04T02:00:00Z,32125.939453125,32159.48046875,32070.4296875,32130.939453125,0
2023-08-04T03:00:00Z,32198.720703125,32221.419921875,32144.740234375,32172.19921875,0
2023-08-04T04:00:00Z,32172.830078125,32204.390625,32121.939453125,32139.94921875,0
2023-08-04T05:00:00Z,32139.369140625,32195.720703125,32097.599609375,32167.98046875,0
2023-08-04T06:00:00Z,32192.75,32192.75,32192.75,32192.75,0
2023-08-07T00:00:00Z,31921.279296875,31971.94921875,31830.23046875,31968.0703125,0
2023-08-07T01:00:00Z,31965.939453125,32147.7890625,31929.58984375,32141.359375,0
2023-08-07T02:00:00Z,32144.630859375,32190.310546875,32134.349609375,32190.310546875,0
2023-08-07T03:00:00Z,32227.55078125,32237.130859375,32179.669921875,32220.7109375,0
2023-08-07T04:00:00Z,32220.669921875,32279.1796875,32146.140625,32224.310546875,0
2023-08-07T05:00:00Z,32224.44921875,32306.869140625,32183.609375,32281.41015625,0
2023-08-07T06:00:00Z,32254.560546875,32254.560546875,32254.560546875,32254.560546875,0
2023-08-08T00:00:00Z,32430.609375,32528.279296875,32343.900390625,32519.619140625,0
2023-08-08T01:00:00Z,32519.470703125,32539.880859375,32274.650390625,32275.419921875,0
2023-08-08T02:00:00Z,32274.9296875,32366.94921875,32238.58984375,32358.099609375,0
2023-08-08T03:00:00Z,32371.580078125,32397.2890625,32331.3203125,32331.640625,0
2023-08-08T04:00:00Z,32332.0,32380.4609375,32316.060546875,32349.08984375,0
2023-08-08T05:00:00Z,32349.099609375,32426.240234375,32338.7109375,32365.720703125,0
2023-08-08T06:00:00Z,32361.9296875,32377.2890625,32361.9296875,32377.2890625,0
2023-08-09T00:00:00Z,32346.3203125,32380.2109375,32220.05078125,32323.900390625,0
2023-08-09T01:00:00Z,32315.48046875,32407.849609375,32297.98046875,32303.83984375,0
2023-08-09T02:00:00Z,32303.05078125,32350.51953125,32241.630859375,32241.630859375,0
2023-08-09T03:00:00Z,32203.580078125,32230.970703125,32181.0390625,32200.7109375,0
2023-08-09T04:00:00Z,32201.529296875,32274.619140625,32175.640625,32234.8203125,0
2023-08-09T05:00:00Z,32234.580078125,32283.390625,32231.630859375,32247.2890625,0
2023-08-09T06:00:00Z,32204.330078125,32204.330078125,32204.330078125,32204.330078125,0
2023-08-10T00:00:00Z,32015.9609375,32258.619140625,32015.9609375,32248.05078125,0
2023-08-10T01:00:00Z,32250.759765625,32270.91015625,32178.619140625,32233.900390625,0
2023-08-10T02:00:00Z,32233.810546875,32353.130859375,32233.810546875,32338.94921875,0
2023-08-10T03:00:00Z,32359.26953125,32402.810546875,32342.240234375,32387.33984375,0
2023-08-10T04:00:00Z,32389.83984375,32444.529296875,32362.470703125,32433.9609375,0
2023-08-10T05:00:00Z,32434.359375,32504.849609375,32428.7890625,32503.9609375,0
2023-08-10T06:00:00Z,32502.55078125,32502.55078125,32473.650390625,32473.650390625,0
2023-08-14T00:00:00Z,32456.720703125,32613.990234375,32366.779296875,32388.169921875,0
2023-08-14T01:00:00Z,32385.2890625,32403.859375,32261.630859375,32327.19921875,0
2023-08-14T02:00:00Z,32326.220703125,32327.470703125,32157.80078125,32160.30078125,0
2023-08-14T03:00:00Z,32153.390625,32170.0703125,32057.7109375,32123.810546875,0
2023-08-14T04:00:00Z,32123.490234375,32123.490234375,32038.669921875,32041.439453125,0
2023-08-14T05:00:00Z,32042.98046875,32132.94921875,32031.5390625,32083.25,0
2023-08-14T06:00:00Z,32085.2890625,32085.2890625,32059.91015625,32059.91015625,0
2023-08-15T00:00:00Z,32372.529296875,32403.9296875,32292.880859375,32328.859375,0
2023-08-15T01:00:00Z,32327.640625,32354.8203125,32232.849609375,32340.669921875,0
2023-08-15T02:00:00Z,32345.669921875,32345.669921875,32257.369140625,32315.609375,0
2023-08-15T03:00:00Z,32330.259765625,32346.259765625,32295.58984375,32341.650390625,0
2023-08-15T04:00:00Z,32341.0703125,32373.279296875,32296.640625,32296.640625,0
2023-08-15T05:00:00Z,32296.359375,32297.669921875,32218.2890625,32240.75,0
2023-08-15T06:00:00Z,32217.51953125,32238.890625,32217.51953125,32238.890625,0
2023-08-16T00:00:00Z,31965.580078125,31997.279296875,31784.91015625,31885.650390625,0
2023-08-16T01:00:00Z,31885.5390625,31941.310546875,31853.279296875,31885.05078125,0
2023-08-16T02:00:00Z,31885.310546875,31921.16015625,31841.099609375,31906.25,0
2023-08-16T03:00:00Z,31934.869140625,31951.6796875,31878.849609375,31902.380859375,0
2023-08-16T04:00:00Z,31901.259765625,31917.1796875,31818.9609375,31862.75,0
2023-08-16T05:00:00Z,31863.240234375,31863.240234375,31780.720703125,31787.80078125,0
2023-08-16T06:00:00Z,31795.779296875,31795.779296875,31766.8203125,31766.8203125,0
2023-08-17T00:00:00Z,31621.98046875,31647.73046875,31417.470703125,31455.689453125,0
2023-08-17T01:00:00Z,31454.55078125,31456.30078125,31309.6796875,31415.05078125,0
2023-08-17T02:00:00Z,31414.640625,31493.939453125,31400.5703125,31478.900390625,0
2023-08-17T03:00:00Z,31583.66015625,31628.779296875,31565.73046875,31628.5390625,0
2023-08-17T04:00:00Z,31628.939453125,31704.080078125,31604.3203125,31620.169921875,0
2023-08-17T05:00:00Z,31620.7890625,31654.26953125,31534.580078125,31601.259765625,0
2023-08-17T06:00:00Z,31612.439453125,31626.0,31612.439453125,31626.0,0
2023-08-18T00:00:00Z,31321.259765625,31466.609375,31275.25,31356.76953125,0
2023-08-18T01:00:00Z,31357.650390625,31588.16015625,31339.470703125,31571.689453125,0
2023-08-18T02:00:00Z,31570.9609375,31644.890625,31554.16015625,31565.2109375,0
2023-08-18T03:00:00Z,31471.189453125,31488.560546875,31406.359375,31479.0390625,0
2023-08-18T04:00:00Z,31479.33984375,31508.470703125,31391.98046875,31432.7890625,0
2023-08-18T05:00:00Z,31432.83984375,31455.689453125,31321.169921875,31455.689453125,0
2023-08-18T06:00:00Z,31474.369140625,31474.369140625,31450.759765625,31450.759765625,0
2023-08-21T00:00:00Z,31552.849609375,31717.51953125,31501.2109375,31669.970703125,0
2023-08-21T01:00:00Z,31669.2109375,31674.2109375,31409.859375,31585.759765625,0
2023-08-21T02:00:00Z,31584.91015625,31758.69921875,31564.119140625,31748.880859375,0
2023-08-21T03:00:00Z,31694.6796875,31724.400390625,31662.7890625,31675.740234375,0
2023-08-21T04:00:00Z,31673.900390625,31697.189453125,31613.130859375,31613.130859375,0
2023-08-21T05:00:00Z,31610.099609375,31642.609375,31525.080078125,31549.150390625,0
2023-08-21T06:00:00Z,31534.849609375,31565.640625,31534.849609375,31565.640625,0
2023-08-22T00:00:00Z,31792.599609375,31906.099609375,31769.05078125,31865.740234375,0
2023-08-22T01:00:00Z,31867.029296875,31867.240234375,31693.759765625,31751.55078125,0
2023-08-22T02:00:00Z,31751.83984375,31798.640625,31727.130859375,31776.060546875,0
2023-08-22T03:00:00Z,31808.69921875,31843.630859375,31771.609375,31840.380859375,0
2023-08-22T04:00:00Z,31839.970703125,31842.599609375,31780.5703125,31803.0,0
2023-08-22T05:00:00Z,31803.9296875,31879.41015625,31803.9296875,31873.30078125,0
2023-08-22T06:00:00Z,31888.23046875,31888.23046875,31856.7109375,31856.7109375,0
2023-08-23T00:00:00Z,31717.91015625,31936.529296875,31717.91015625,31919.1796875,0
2023-08-23T01:00:00Z,31919.400390625,31950.9296875,31892.01953125,31931.94921875,0
2023-08-23T02:00:00Z,31933.490234375,31966.400390625,31909.740234375,31962.990234375,0
2023-08-23T03:00:00Z,31926.5,31966.1796875,31875.51953125,31900.9609375,0
2023-08-23T04:00:00Z,31900.30078125,31927.76953125,31875.109375,31927.619140625,0
2023-08-23T05:00:00Z,31926.91015625,32039.599609375,31926.91015625,32029.859375,0
2023-08-23T06:00:00Z,32033.630859375,32033.630859375,32010.259765625,32010.259765625,0
2023-08-24T00:00:00Z,32130.51953125,32199.119140625,32082.359375,32116.599609375,0
2023-08-24T01:00:00Z,32117.869140625,32173.30078125,32063.140625,32114.369140625,0
2023-08-24T02:00:00Z,32114.83984375,32178.73046875,32104.150390625,32146.330078125,0
2023-08-24T03:00:00Z,32193.66015625,32205.01953125,32132.7890625,32153.7890625,0
2023-08-24T04:00:00Z,32157.25,32280.849609375,32145.0,32272.08984375,0
2023-08-24T05:00:00Z,32270.060546875,32297.91015625,32248.08984375,32259.810546875,0
2023-08-24T06:00:00Z,32244.5390625,32287.2109375,32244.5390625,32287.2109375,0
2023-08-25T00:00:00Z,31840.91015625,31885.529296875,31729.30078125,31764.859375,0
2023-08-25T01:00:00Z,31763.259765625,31826.439453125,31635.220703125,31728.150390625,0
2023-08-25T02:00:00Z,31728.099609375,31742.369140625,31660.630859375,31666.359375,0
2023-08-25T03:00:00Z,31667.16015625,31702.83984375,31640.640625,31702.83984375,0
2023-08-25T04:00:00Z,31701.580078125,31703.1796875,31629.9296875,31630.359375,0
2023-08-25T05:00:00Z,31629.990234375,31650.5390625,31572.060546875,31640.080078125,0
2023-08-25T06:00:00Z,31662.859375,31662.859375,31624.279296875,31624.279296875,0
2023-08-28T00:00:00Z,31915.6796875,32020.3203125,31881.9296875,32011.419921875,0
2023-08-28T01:00:00Z,32013.76953125,32134.470703125,32013.76953125,32134.2890625,0
2023-08-28T02:00:00Z,32137.189453125,32156.740234375,32107.919921875,32154.029296875,0
2023-08-28T03:00:00Z,32133.48046875,32170.900390625,32128.16015625,32135.4296875,0
2023-08-28T04:00:00Z,32134.76953125,32154.4609375,32116.169921875,32148.75,0
2023-08-28T05:00:00Z,32155.44921875,32205.48046875,32115.26953125,32197.759765625,0
2023-08-28T06:00:00Z,32187.5703125,32187.5703125,32169.990234375,32169.990234375,0
2023-08-29T00:00:00Z,32280.5703125,32389.119140625,32248.619140625,32330.349609375,0
2023-08-29T01:00:00Z,32329.91015625,32329.91015625,32187.509765625,32187.509765625,0
2023-08-29T02:00:00Z,32193.890625,32254.19921875,32186.5703125,32225.720703125,0
2023-08-29T03:00:00Z,32266.7109375,32295.55078125,32248.619140625,32274.970703125,0
2023-08-29T04:00:00Z,32275.099609375,32295.2109375,32258.650390625,32279.4609375,0
2023-08-29T05:00:00Z,32280.009765625,32287.490234375,32195.099609375,32206.720703125,0
2023-08-29T06:00:00Z,32200.5703125,32226.970703125,32200.5703125,32226.970703125,0
2023-08-30T00:00:00Z,32432.94921875,32486.119140625,32367.919921875,32390.330078125,0
2023-08-30T01:00:00Z,32388.130859375,32522.91015625,32351.7109375,32520.7890625,0
2023-08-30T02:00:00Z,32519.490234375,32557.44921875,32508.8203125,32529.720703125,0
2023-08-30T03:00:00Z,32484.880859375,32513.5390625,32474.060546875,32474.580078125,0
2023-08-30T04:00:00Z,32473.220703125,32476.01953125,32411.1796875,32411.1796875,0
2023-08-30T05:00:00Z,32406.2890625,32408.44921875,32300.560546875,32352.5703125,0
2023-08-30T06:00:00Z,32360.919921875,32360.919921875,32333.4609375,32333.4609375,0
2023-08-31T00:00:00Z,32361.01953125,32488.7890625,32359.150390625,32458.08984375,0
2023-08-31T01:00:00Z,32458.240234375,32534.849609375,32435.109375,32505.720703125,0
2023-08-31T02:00:00Z,32506.150390625,32533.41015625,32493.759765625,32517.23046875,0
2023-08-31T03:00:00Z,32482.490234375,32605.169921875,32475.869140625,32574.630859375,0
2023-08-31T04:00:00Z,32574.599609375,32692.759765625,32561.890625,32654.669921875,0
2023-08-31T05:00:00Z,32654.560546875,32690.080078125,32579.0703125,32586.900390625,0
2023-08-31T06:00:00Z,32604.669921875,32619.33984375,32604.669921875,32619.33984375,0
2023-09-01T00:00:00Z,32521.150390625,32773.83984375,32499.439453125,32750.76953125,0
2023-09-01T01:00:00Z,32751.259765625,32824.7109375,32738.5390625,32816.421875,0
2023-09-01T02:00:00Z,32817.3984375,32845.4609375,32812.1484375,32820.80078125,0
2023-09-01T03:00:00Z,32751.400390625,32807.328125,32738.9296875,32749.44921875,0
2023-09-01T04:00:00Z,32750.099609375,32814.6015625,32747.609375,32783.78125,0
2023-09-01T05:00:00Z,32782.328125,32793.328125,32717.5390625,32723.8203125,0
2023-09-01T06:00:00Z,32723.599609375,32723.599609375,32710.619140625,32710.619140625,0
2023-09-04T00:00:00Z,32797.3203125,32858.51953125,32714.939453125,32822.30078125,0
2023-09-04T01:00:00Z,32821.21875,32861.8984375,32777.55078125,32831.6796875,0
2023-09-04T02:00:00Z,32832.671875,32900.05078125,32832.671875,32899.98828125,0
2023-09-04T03:00:00Z,32885.71875,32904.98046875,32867.328125,32876.328125,0
2023-09-04T04:00:00Z,32876.37109375,32876.37109375,32846.23828125,32861.3984375,0
2023-09-04T05:00:00Z,32862.05078125,32916.30859375,32849.41015625,32916.19921875,0
2023-09-04T06:00:00Z,32914.578125,32939.1796875,32914.578125,32939.1796875,0
2023-09-05T00:00:00Z,32941.41015625,33002.58984375,32798.4609375,32799.078125,0
2023-09-05T01:00:00Z,32799.08984375,32909.30859375,32784.3203125,32848.51953125,0
2023-09-05T02:00:00Z,32848.96875,32908.1796875,32833.33984375,32870.0,0
2023-09-05T03:00:00Z,32914.87890625,32937.25,32886.890625,32886.890625,0
2023-09-05T04:00:00Z,32886.55078125,32958.55078125,32872.5,32951.98046875,0
2023-09-05T05:00:00Z,32951.7109375,33012.33984375,32932.921875,32997.3203125,0
2023-09-05T06:00:00Z,33006.37890625,33036.76171875,33006.37890625,33036.76171875,0
2023-09-06T00:00:00Z,33115.05859375,33221.55859375,33088.21875,33220.48046875,0
2023-09-06T01:00:00Z,33227.8203125,33279.0,33095.91015625,33134.98046875,0
2023-09-06T02:00:00Z,33137.578125,33262.48046875,33137.578125,33262.48046875,0
2023-09-06T03:00:00Z,33220.12109375,33282.1484375,33212.87109375,33266.359375,0
2023-09-06T04:00:00Z,33265.21875,33276.71875,33163.08984375,33164.8984375,0
2023-09-06T05:00:00Z,33165.3515625,33253.44921875,33138.921875,33250.640625,0
2023-09-06T06:00:00Z,33265.78125,33265.78125,33241.01953125,33241.01953125,0
2023-09-07T00:00:00Z,33118.55078125,33322.44921875,33118.55078125,33257.05859375,0
2023-09-07T01:00:00Z,33254.44140625,33299.76953125,33096.46875,33169.859375,0
2023-09-07T02:00:00Z,33168.37890625,33206.69921875,33155.01171875,33204.8203125,0
2023-09-07T03:00:00Z,33181.390625,33201.3984375,33141.58984375,33152.171875,0
2023-09-07T04:00:00Z,33152.9609375,33163.3515625,32995.19921875,33017.2109375,0
2023-09-07T05:00:00Z,33016.671875,33062.5,32986.3515625,33021.78125,0
2023-09-07T06:00:00Z,33014.21875,33014.21875,32991.078125,32991.078125,0
2023-09-08T00:00:00Z,32916.25,32920.4296875,32535.580078125,32689.349609375,0
2023-09-08T01:00:00Z,32688.75,32749.9296875,32629.73046875,32655.640625,0
2023-09-08T02:00:00Z,32655.41015625,32682.51953125,32599.58984375,32681.310546875,0
2023-09-08T03:00:00Z,32610.150390625,32631.810546875,32563.349609375,32565.580078125,0
2023-09-08T04:00:00Z,32565.630859375,32612.80078125,32522.66015625,32525.33984375,0
2023-09-08T05:00:00Z,32525.349609375,32613.380859375,32512.80078125,32587.76953125,0
2023-09-08T06:00:00Z,32594.369140625,32606.83984375,32594.369140625,32606.83984375,0
2023-09-11T00:00:00Z,32690.5390625,32746.140625,32480.470703125,32523.5390625,0
2023-09-11T01:00:00Z,32525.44921875,32586.990234375,32410.310546875,32554.970703125,0
2023-09-11T02:00:00Z,32554.58984375,32593.259765625,32486.75,32544.0390625,0
2023-09-11T03:00:00Z,32480.75,32516.58984375,32425.490234375,32447.5,0
2023-09-11T04:00:00Z,32448.310546875,32484.75,32414.580078125,32429.26953125,0
2023-09-11T05:00:00Z,32429.140625,32473.0,32391.689453125,32469.26953125,0
2023-09-11T06:00:00Z,32482.869140625,32482.869140625,32467.759765625,32467.759765625,0
2023-09-12T00:00:00Z,32629.16015625,32749.349609375,32605.029296875,32607.009765625,0
2023-09-12T01:00:00Z,32605.669921875,32618.470703125,32486.48046875,32513.26953125,0
2023-09-12T02:00:00Z,32514.400390625,32672.4609375,32508.619140625,32665.7109375,0
2023-09-12T03:00:00Z,32691.830078125,32748.609375,32681.779296875,32730.109375,0
2023-09-12T04:00:00Z,32730.189453125,32756.779296875,32685.919921875,32745.0,0
2023-09-12T05:00:00Z,32744.779296875,32796.78125,32696.55078125,32793.8203125,0
2023-09-12T06:00:00Z,32799.69140625,32799.69140625,32776.37109375,32776.37109375,0
2023-09-13T00:00:00Z,32742.2890625,32872.44140625,32715.55078125,32871.12890625,0
2023-09-13T01:00:00Z,32864.44140625,32865.390625,32663.720703125,32706.609375,0
2023-09-13T02:00:00Z,32706.580078125,32757.69921875,32672.060546875,32675.890625,0
2023-09-13T03:00:00Z,32667.5,32678.83984375,32616.650390625,32640.3203125,0
2023-09-13T04:00:00Z,32640.4609375,32820.9296875,32630.19921875,32806.48046875,0
2023-09-13T05:00:00Z,32823.25,32827.19921875,32670.0,32705.779296875,0
2023-09-13T06:00:00Z,32686.349609375,32706.51953125,32686.349609375,32706.51953125,0
2023-09-14T00:00:00Z,32925.5390625,32977.69921875,32851.23828125,32955.2890625,0
2023-09-14T01:00:00Z,32955.421875,33085.859375,32938.51953125,33059.19921875,0
2023-09-14T02:00:00Z,33059.26171875,33061.4609375,33007.12109375,33049.01171875,0
2023-09-14T03:00:00Z,33078.7890625,33109.5390625,33062.87890625,33102.98046875,0
2023-09-14T04:00:00Z,33102.3515625,33189.23046875,33101.6015625,33174.69921875,0
2023-09-14T05:00:00Z,33174.328125,33244.44921875,33165.96875,33192.12890625,0
2023-09-14T06:00:00Z,33187.2109375,33187.2109375,33168.1015625,33168.1015625,0
2023-09-15T00:00:00Z,33428.44140625,33531.05859375,33391.4609375,33521.87109375,0
2023-09-15T01:00:00Z,33527.76171875,33548.8515625,33423.578125,33544.578125,0
2023-09-15T02:00:00Z,33544.2109375,33634.30859375,33544.2109375,33613.51953125,0
2023-09-15T03:00:00Z,33598.78125,33616.98046875,33551.37890625,33603.21875,0
2023-09-15T04:00:00Z,33604.03125,33622.69921875,33529.66015625,33601.98828125,0
2023-09-15T05:00:00Z,33601.9609375,33625.05859375,33486.2109375,33589.390625,0
2023-09-15T06:00:00Z,33551.0390625,33551.0390625,33533.08984375,33533.08984375,0
2023-09-19T00:00:00Z,33296.23046875,33337.23046875,33231.2890625,33289.78125,0
2023-09-19T01:00:00Z,33289.0,33319.9609375,33133.58984375,33150.62890625,0
2023-09-19T02:00:00Z,33156.6015625,33181.921875,33128.859375,33129.23046875,0
2023-09-19T03:00:00Z,33218.7890625,33223.75,33190.62109375,33211.55859375,0
2023-09-19T04:00:00Z,33211.87890625,33244.6796875,33178.51953125,33191.9296875,0
2023-09-19T05:00:00Z,33191.171875,33258.01171875,33155.37109375,33258.01171875,0
2023-09-19T06:00:00Z,33279.109375,33279.109375,33242.58984375,33242.58984375,0
2023-09-20T00:00:00Z,33261.3515625,33263.44921875,33139.80078125,33170.109375,0
2023-09-20T01:00:00Z,33169.58984375,33267.140625,33159.71875,33195.71875,0
2023-09-20T02:00:00Z,33194.91015625,33206.48046875,33111.6796875,33122.2109375,0
2023-09-20T03:00:00Z,33096.0390625,33096.69140625,33048.4296875,33065.46875,0
2023-09-20T04:00:00Z,33064.75,33096.3515625,33051.75,33065.5,0
2023-09-20T05:00:00Z,33066.69921875,33103.41015625,32993.12890625,33016.69921875,0
2023-09-20T06:00:00Z,33008.359375,33023.78125,33008.359375,33023.78125,0
2023-09-21T00:00:00Z,32865.55859375,32939.890625,32769.0703125,32779.0390625,0
2023-09-21T01:00:00Z,32778.01953125,32803.19921875,32679.279296875,32681.05078125,0
2023-09-21T02:00:00Z,32680.5390625,32703.470703125,32642.6796875,32647.720703125,0
2023-09-21T03:00:00Z,32626.390625,32649.76953125,32597.55078125,32625.369140625,0
2023-09-21T04:00:00Z,32625.3203125,32629.859375,32584.0390625,32607.80078125,0
2023-09-21T05:00:00Z,32607.69921875,32628.2109375,32550.650390625,32604.490234375,0
2023-09-21T06:00:00Z,32594.76953125,32594.76953125,32571.029296875,32571.029296875,0
2023-09-22T00:00:00Z,32189.3203125,32280.51953125,32154.529296875,32246.619140625,0
2023-09-22T01:00:00Z,32246.4609375,32295.830078125,32202.330078125,32233.560546875,0
2023-09-22T02:00:00Z,32233.310546875,32359.009765625,32233.310546875,32287.4609375,0
2023-09-22T03:00:00Z,32448.580078125,32535.669921875,32447.91015625,32478.109375,0
2023-09-22T04:00:00Z,32478.560546875,32519.400390625,32362.810546875,32423.400390625,0
2023-09-22T05:00:00Z,32424.560546875,32516.58984375,32386.859375,32386.859375,0
2023-09-22T06:00:00Z,32377.66015625,32402.41015625,32377.66015625,32402.41015625,0
2023-09-25T00:00:00Z,32517.259765625,32527.869140625,32388.279296875,32482.119140625,0
2023-09-25T01:00:00Z,32482.5703125,32642.75,32479.890625,32612.33984375,0
2023-09-25T02:00:00Z,32610.5,32663.8203125,32590.330078125,32590.330078125,0
2023-09-25T03:00:00Z,32652.26953125,32678.19921875,32624.970703125,32664.7890625,0
2023-09-25T04:00:00Z,32663.4609375,32720.58984375,32648.859375,32663.19921875,0
2023-09-25T05:00:00Z,32664.669921875,32722.220703125,32662.16015625,32697.080078125,0
2023-09-25T06:00:00Z,32707.05078125,32707.05078125,32678.619140625,32678.619140625,0
2023-09-26T00:00:00Z,32640.05078125,32643.41015625,32366.23046875,32407.80078125,0
2023-09-26T01:00:00Z,32404.470703125,32477.8203125,32392.529296875,32408.830078125,0
2023-09-26T02:00:00Z,32414.720703125,32442.619140625,32372.140625,32379.849609375,0
2023-09-26T03:00:00Z,32379.630859375,32415.98046875,32372.060546875,32408.740234375,0
2023-09-26T04:00:00Z,32407.76953125,32412.51953125,32347.73046875,32397.630859375,0
2023-09-26T05:00:00Z,32397.5390625,32410.2890625,32319.05078125,32354.98046875,0
2023-09-26T06:00:00Z,32344.01953125,32344.01953125,32315.05078125,32315.05078125,0
2023-09-27T00:00:00Z,32023.369140625,32103.669921875,31960.3203125,31995.029296875,0
2023-09-27T01:00:00Z,31988.8203125,32132.33984375,31978.310546875,32117.169921875,0
2023-09-27T02:00:00Z,32118.849609375,32188.51953125,32117.720703125,32163.7109375,0
2023-09-27T03:00:00Z,32138.779296875,32200.470703125,32128.390625,32190.9296875,0
2023-09-27T04:00:00Z,32191.19921875,32253.369140625,32179.2109375,32249.869140625,0
2023-09-27T05:00:00Z,32249.98046875,32335.109375,32217.0390625,32330.75,0
2023-09-27T06:00:00Z,32351.33984375,32371.900390625,32351.33984375,32371.900390625,0
2023-09-28T00:00:00Z,32119.369140625,32150.650390625,31986.880859375,32078.759765625,0
2023-09-28T01:00:00Z,32078.5703125,32164.44921875,32066.76953125,32126.369140625,0
2023-09-28T02:00:00Z,32126.66015625,32139.009765625,31797.380859375,31813.009765625,0
2023-09-28T03:00:00Z,31730.419921875,31761.640625,31674.419921875,31747.310546875,0
2023-09-28T04:00:00Z,31745.720703125,31797.830078125,31700.619140625,31791.349609375,0
2023-09-28T05:00:00Z,31790.48046875,31962.150390625,31787.140625,31850.80078125,0
2023-09-28T06:00:00Z,31849.55078125,31872.51953125,31849.55078125,31872.51953125,0
2023-09-29T00:00:00Z,32018.640625,32027.4609375,31781.330078125,31801.2109375,0
2023-09-29T01:00:00Z,31801.58984375,31864.349609375,31767.060546875,31792.439453125,0
2023-09-29T02:00:00Z,31793.109375,31846.05078125,31737.130859375,31836.240234375,0
2023-09-29T03:00:00Z,31857.650390625,31931.66015625,31854.7109375,31857.0703125,0
2023-09-29T04:00:00Z,31857.029296875,31880.01953125,31717.740234375,31738.080078125,0
2023-09-29T05:00:00Z,31737.76953125,31907.76953125,31719.98046875,31850.599609375,0
2023-09-29T06:00:00Z,31845.609375,31857.619140625,31845.609375,31857.619140625,0
2023-10-02T00:00:00Z,32101.970703125,32401.580078125,32062.69921875,32351.650390625,0
2023-10-02T01:00:00Z,32356.310546875,32379.25,32323.66015625,32343.23046875,0
2023-10-02T02:00:00Z,32342.69921875,32357.150390625,32300.689453125,32305.66015625,0
2023-10-02T03:00:00Z,32239.580078125,32242.599609375,32053.73046875,32066.2890625,0
2023-10-02T04:00:00Z,32068.150390625,32083.33984375,31840.759765625,31884.0390625,0
2023-10-02T05:00:00Z,31886.859375,31931.580078125,31775.609375,31784.060546875,0
2023-10-02T06:00:00Z,31784.9296875,31784.9296875,31759.880859375,31759.880859375,0
2023-10-03T00:00:00Z,31607.970703125,31607.970703125,31306.0703125,31405.310546875,0
2023-10-03T01:00:00Z,31404.859375,31426.98046875,31260.990234375,31314.640625,0
2023-10-03T02:00:00Z,31315.609375,31378.25,31277.390625,31365.919921875,0
2023-10-03T03:00:00Z,31340.310546875,31379.599609375,31301.890625,31310.919921875,0
2023-10-03T04:00:00Z,31310.6796875,31310.6796875,31221.509765625,31231.130859375,0
2023-10-03T05:00:00Z,31231.66015625,31249.73046875,31157.400390625,31209.580078125,0
2023-10-03T06:00:00Z,31214.4296875,31237.939453125,31214.4296875,31237.939453125,0
2023-10-04T00:00:00Z,30765.029296875,30830.849609375,30672.560546875,30717.599609375,0
2023-10-04T01:00:00Z,30714.779296875,30760.58984375,30581.609375,30688.5,0
2023-10-04T02:00:00Z,30678.30078125,30696.44921875,30608.6796875,30634.890625,0
2023-10-04T03:00:00Z,30710.76953125,30725.810546875,30538.359375,30591.029296875,0
2023-10-04T04:00:00Z,30594.970703125,30779.83984375,30547.640625,30704.41015625,0
2023-10-04T05:00:00Z,30704.609375,30729.69921875,30487.669921875,30539.939453125,0
2023-10-04T06:00:00Z,30544.5703125,30544.5703125,30526.880859375,30526.880859375,0
2023-10-05T00:00:00Z,30733.650390625,30753.859375,30565.3203125,30753.859375,0
2023-10-05T01:00:00Z,30748.01953125,30841.05078125,30700.55078125,30832.169921875,0
2023-10-05T02:00:00Z,30838.7890625,30890.5703125,30782.1796875,30886.509765625,0
2023-10-05T03:00:00Z,30919.4609375,30999.08984375,30914.310546875,30988.169921875,0
2023-10-05T04:00:00Z,30989.98046875,31083.900390625,30988.66015625,31043.0390625,0
2023-10-05T05:00:00Z,31043.0390625,31059.650390625,30934.23046875,31057.55078125,0
2023-10-05T06:00:00Z,31052.150390625,31075.359375,31052.150390625,31075.359375,0
2023-10-06T00:00:00Z,31003.94921875,31102.029296875,30928.16015625,31081.849609375,0
2023-10-06T01:00:00Z,31081.810546875,31160.44921875,31019.189453125,31044.439453125,0
2023-10-06T02:00:00Z,31044.66015625,31073.279296875,30990.16015625,30998.80078125,0
2023-10-06T03:00:00Z,30988.490234375,31024.91015625,30970.439453125,31021.390625,0
2023-10-06T04:00:00Z,31020.69921875,31104.939453125,31020.69921875,31061.490234375,0
2023-10-06T05:00:00Z,31062.1796875,31100.80078125,31005.560546875,31024.330078125,0
2023-10-06T06:00:00Z,31021.4296875,31021.4296875,30994.669921875,30994.669921875,0
2023-10-10T00:00:00Z,31314.669921875,31683.80078125,31314.669921875,31670.119140625,0
2023-10-10T01:00:00Z,31671.9296875,31748.3203125,31656.05078125,31674.580078125,0
2023-10-10T02:00:00Z,31674.859375,31766.76953125,31659.869140625,31766.75,0
2023-10-10T03:00:00Z,31692.359375,31717.009765625,31675.58984375,31708.140625,0
2023-10-10T04:00:00Z,31707.55078125,31808.900390625,31696.720703125,31761.55078125,0
2023-10-10T05:00:00Z,31761.5390625,31818.259765625,31742.939453125,31765.119140625,0
2023-10-10T06:00:00Z,31763.880859375,31763.880859375,31746.529296875,31746.529296875,0
2023-10-11T00:00:00Z,31847.099609375,31949.490234375,31804.08984375,31876.720703125,0
2023-10-11T01:00:00Z,31862.759765625,31930.169921875,31827.609375,31905.990234375,0
2023-10-11T02:00:00Z,31905.16015625,31930.740234375,31854.080078125,31917.48046875,0
2023-10-11T03:00:00Z,31918.26953125,31973.400390625,31905.30078125,31961.150390625,0
2023-10-11T04:00:00Z,31961.91015625,32037.0703125,31957.330078125,31977.2109375,0
2023-10-11T05:00:00Z,31975.51953125,32028.0,31936.720703125,31936.720703125,0
2023-10-11T06:00:00Z,31926.0,31936.509765625,31926.0,31936.509765625,0
2023-10-12T00:00:00Z,32120.939453125,32355.400390625,32120.939453125,32328.810546875,0
2023-10-12T01:00:00Z,32327.2109375,32383.30078125,32307.30078125,32365.16015625,0
2023-10-12T02:00:00Z,32362.529296875,32392.060546875,32323.279296875,32323.279296875,0
2023-10-12T03:00:00Z,32370.400390625,32465.5,32370.400390625,32446.849609375,0
2023-10-12T04:00:00Z,32447.33984375,32472.4296875,32420.130859375,32462.439453125,0
2023-10-12T05:00:00Z,32468.130859375,32493.630859375,32447.140625,32492.0,0
2023-10-12T06:00:00Z,32475.73046875,32494.66015625,32475.73046875,32494.66015625,0
2023-10-13T00:00:00Z,32328.390625,32533.080078125,32313.80078125,32376.419921875,0
2023-10-13T01:00:00Z,32377.119140625,32486.130859375,32344.560546875,32407.80078125,0
2023-10-13T02:00:00Z,32409.810546875,32482.779296875,32356.759765625,32356.759765625,0
2023-10-13T03:00:00Z,32346.76953125,32356.0703125,32294.369140625,32319.25,0
2023-10-13T04:00:00Z,32320.029296875,32379.1796875,32266.9609375,32270.2890625,0
2023-10-13T05:00:00Z,32269.919921875,32315.439453125,32249.029296875,32291.419921875,0
2023-10-13T06:00:00Z,32296.25,32315.990234375,32296.25,32315.990234375,0
2023-10-16T00:00:00Z,31983.0390625,31999.7890625,31693.279296875,31733.4296875,0
2023-10-16T01:00:00Z,31733.689453125,31839.240234375,31732.58984375,31745.25,0
2023-10-16T02:00:00Z,31742.419921875,31806.33984375,31671.109375,31786.779296875,0
2023-10-16T03:00:00Z,31712.439453125,31754.509765625,31699.0390625,31729.8203125,0
2023-10-16T04:00:00Z,31729.349609375,31737.05078125,31666.119140625,31718.48046875,0
2023-10-16T05:00:00Z,31719.23046875,31719.23046875,31564.310546875,31645.48046875,0
2023-10-16T06:00:00Z,31645.48046875,31659.029296875,31645.48046875,31659.029296875,0
2023-10-17T00:00:00Z,32063.7890625,32260.76953125,32063.7890625,32102.330078125,0
2023-10-17T01:00:00Z,32140.91015625,32150.0390625,31960.0390625,31988.58984375,0
2023-10-17T02:00:00Z,31988.7890625,31988.7890625,31912.01953125,31944.310546875,0
2023-10-17T03:00:00Z,31974.23046875,32006.73046875,31901.390625,32004.689453125,0
2023-10-17T04:00:00Z,32005.439453125,32035.7890625,31937.51953125,31971.630859375,0
2023-10-17T05:00:00Z,31971.16015625,32031.349609375,31928.80078125,32025.990234375,0
2023-10-17T06:00:00Z,31994.80078125,32040.2890625,31994.80078125,32040.2890625,0
2023-10-18T00:00:00Z,32033.810546875,32046.779296875,31866.94921875,31900.7109375,0
2023-10-18T01:00:00Z,31901.150390625,32014.4296875,31870.359375,31923.529296875,0
2023-10-18T02:00:00Z,31921.599609375,32026.810546875,31921.599609375,31974.2890625,0
2023-10-18T03:00:00Z,31928.150390625,31958.810546875,31873.4296875,31956.1796875,0
2023-10-18T04:00:00Z,31954.990234375,32094.669921875,31941.69921875,32015.73046875,0
2023-10-18T05:00:00Z,31998.44921875,32101.470703125,31975.119140625,32070.439453125,0
2023-10-18T06:00:00Z,32074.779296875,32074.779296875,32042.25,32042.25,0
2023-10-19T00:00:00Z,31579.5390625,31664.220703125,31510.33984375,31662.30078125,0
2023-10-19T01:00:00Z,31650.029296875,31660.189453125,31466.41015625,31490.6796875,0
2023-10-19T02:00:00Z,31489.400390625,31521.310546875,31446.990234375,31446.990234375,0
2023-10-19T03:00:00Z,31419.4609375,31460.669921875,31399.169921875,31434.380859375,0
2023-10-19T04:00:00Z,31433.869140625,31542.91015625,31418.849609375,31535.810546875,0
2023-10-19T05:00:00Z,31536.259765625,31537.91015625,31433.76953125,31459.060546875,0
2023-10-19T06:00:00Z,31464.509765625,31464.509765625,31430.619140625,31430.619140625,0
2023-10-20T00:00:00Z,31164.890625,31249.9296875,31093.900390625,31191.83984375,0
2023-10-20T01:00:00Z,31190.80078125,31301.619140625,31118.890625,31255.279296875,0
2023-10-20T02:00:00Z,31254.4609375,31335.759765625,31239.990234375,31266.83984375,0
2023-10-20T03:00:00Z,31363.259765625,31414.94921875,31344.01953125,31371.3203125,0
2023-10-20T04:00:00Z,31371.400390625,31428.970703125,31330.0703125,31362.400390625,0
2023-10-20T05:00:00Z,31362.98046875,31373.720703125,31279.66015625,31279.66015625,0
2023-10-20T06:00:00Z,31275.19921875,31275.19921875,31259.359375,31259.359375,0
2023-10-23T00:00:00Z,31151.98046875,31177.41015625,31036.390625,31158.359375,0
2023-10-23T01:00:00Z,31159.5703125,31171.169921875,31064.279296875,31151.470703125,0
2023-10-23T02:00:00Z,31152.44921875,31158.990234375,31007.119140625,31007.119140625,0
2023-10-23T03:00:00Z,31069.4609375,31077.630859375,31027.490234375,31042.9296875,0
2023-10-23T04:00:00Z,31043.25,31097.0703125,30974.259765625,31087.23046875,0
2023-10-23T05:00:00Z,31086.029296875,31150.83984375,31014.419921875,31014.419921875,0
2023-10-23T06:00:00Z,30991.80078125,30999.55078125,30991.80078125,30999.55078125,0
2023-10-24T00:00:00Z,31157.009765625,31210.259765625,30808.2109375,30817.669921875,0
2023-10-24T01:00:00Z,30820.119140625,30906.55078125,30551.669921875,30667.0,0
2023-10-24T02:00:00Z,30668.189453125,30925.609375,30649.919921875,30828.58984375,0
2023-10-24T03:00:00Z,30763.0,30850.509765625,30706.2109375,30762.619140625,0
2023-10-24T04:00:00Z,30765.279296875,30995.619140625,30756.94921875,30993.740234375,0
2023-10-24T05:00:00Z,30978.779296875,31155.720703125,30978.779296875,31091.75,0
2023-10-24T06:00:00Z,31090.76953125,31090.76953125,31062.349609375,31062.349609375,0
2023-10-25T00:00:00Z,31302.509765625,31401.529296875,31252.6796875,31339.7109375,0
2023-10-25T01:00:00Z,31340.759765625,31456.19921875,31319.810546875,31429.939453125,0
2023-10-25T02:00:00Z,31430.80078125,31466.919921875,31393.859375,31466.919921875,0
2023-10-25T03:00:00Z,31406.7890625,31437.5390625,31380.970703125,31383.490234375,0
2023-10-25T04:00:00Z,31384.060546875,31446.66015625,31361.69921875,31424.80078125,0
2023-10-25T05:00:00Z,31425.060546875,31434.75,31195.580078125,31237.7890625,0
2023-10-25T06:00:00Z,31246.19921875,31269.919921875,31246.19921875,31269.919921875,0
2023-10-26T00:00:00Z,30902.919921875,30943.330078125,30670.220703125,30704.130859375,0
2023-10-26T01:00:00Z,30693.919921875,30805.220703125,30660.1796875,30704.73046875,0
2023-10-26T02:00:00Z,30705.48046875,30721.26953125,30590.859375,30602.439453125,0
2023-10-26T03:00:00Z,30625.140625,30691.759765625,30612.75,30664.80078125,0
2023-10-26T04:00:00Z,30660.890625,30700.44921875,30601.560546875,30642.23046875,0
2023-10-26T05:00:00Z,30643.640625,30697.779296875,30567.609375,30581.75,0
2023-10-26T06:00:00Z,30594.369140625,30601.779296875,30594.369140625,30601.779296875,0
2023-10-27T00:00:00Z,30713.7890625,30858.830078125,30687.330078125,30839.150390625,0
2023-10-27T01:00:00Z,30838.94921875,30956.400390625,30821.080078125,30943.009765625,0
2023-10-27T02:00:00Z,30941.349609375,31081.48046875,30941.349609375,31072.9296875,0
2023-10-27T03:00:00Z,30974.720703125,30998.58984375,30928.630859375,30969.439453125,0
2023-10-27T04:00:00Z,30969.6796875,31022.130859375,30929.380859375,31013.939453125,0
2023-10-27T05:00:00Z,31012.970703125,31034.9609375,30948.08984375,31034.9609375,0
2023-10-27T06:00:00Z,31033.41015625,31033.41015625,30991.689453125,30991.689453125,0
2023-10-30T00:00:00Z,30663.48046875,30762.5,30591.75,30707.6796875,0
2023-10-30T01:00:00Z,30709.720703125,30729.419921875,30584.029296875,30714.01953125,0
2023-10-30T02:00:00Z,30715.529296875,30740.220703125,30599.44921875,30609.48046875,0
2023-10-30T03:00:00Z,30648.439453125,30683.169921875,30646.73046875,30649.0390625,0
2023-10-30T04:00:00Z,30648.849609375,30656.189453125,30538.2890625,30580.5703125,0
2023-10-30T05:00:00Z,30579.41015625,30702.619140625,30573.810546875,30691.939453125,0
2023-10-30T06:00:00Z,30683.759765625,30696.9609375,30683.759765625,30696.9609375,0
2023-10-31T00:00:00Z,30694.9609375,30713.08984375,30552.650390625,30696.1796875,0
2023-10-31T01:00:00Z,30693.779296875,30700.48046875,30589.66015625,30648.19921875,0
2023-10-31T02:00:00Z,30649.189453125,30668.2109375,30597.189453125,30649.439453125,0
2023-10-31T03:00:00Z,30781.439453125,30919.16015625,30651.630859375,30804.400390625,0
2023-10-31T04:00:00Z,30803.490234375,30973.66015625,30776.880859375,30799.119140625,0
2023-10-31T05:00:00Z,30794.359375,30893.9609375,30712.880859375,30886.490234375,0
2023-10-31T06:00:00Z,30876.259765625,30876.259765625,30858.849609375,30858.849609375,0
2023-11-01T00:00:00Z,31311.220703125,31559.05078125,31301.509765625,31476.330078125,0
2023-11-01T01:00:00Z,31478.609375,31547.169921875,31418.189453125,31437.470703125,0
2023-11-01T02:00:00Z,31436.640625,31481.439453125,31376.4609375,31475.619140625,0
2023-11-01T03:00:00Z,31492.76953125,31537.029296875,31487.490234375,31491.630859375,0
2023-11-01T04:00:00Z,31488.5703125,31568.259765625,31443.0390625,31568.259765625,0
2023-11-01T05:00:00Z,31537.890625,31600.779296875,31494.0,31584.810546875,0
2023-11-01T06:00:00Z,31569.69921875,31601.650390625,31569.69921875,31601.650390625,0
2023-11-02T00:00:00Z,31987.01953125,32087.130859375,31921.599609375,32006.529296875,0
2023-11-02T01:00:00Z,32006.390625,32023.7109375,31946.439453125,32002.75,0
2023-11-02T02:00:00Z,32000.580078125,32016.509765625,31932.83984375,31954.48046875,0
2023-11-02T03:00:00Z,31900.33984375,31971.80078125,31878.359375,31952.76953125,0
2023-11-02T04:00:00Z,31953.439453125,31960.44921875,31879.869140625,31919.75,0
2023-11-02T05:00:00Z,31922.029296875,31992.58984375,31910.359375,31968.609375,0
2023-11-02T06:00:00Z,31971.619140625,31971.619140625,31949.890625,31949.890625,0
2023-11-06T00:00:00Z,32450.8203125,32700.8203125,32395.5,32683.529296875,0
2023-11-06T01:00:00Z,32684.0390625,32765.259765625,32642.650390625,32716.16015625,0
2023-11-06T02:00:00Z,32716.16015625,32766.5390625,32714.759765625,32720.51953125,0
2023-11-06T03:00:00Z,32684.83984375,32740.830078125,32671.099609375,32724.390625,0
2023-11-06T04:00:00Z,32725.830078125,32746.58984375,32674.33984375,32685.6796875,0
2023-11-06T05:00:00Z,32685.4296875,32714.330078125,32641.580078125,32684.01953125,0
2023-11-06T06:00:00Z,32708.48046875,32708.48046875,32708.48046875,32708.48046875,0
2023-11-07T00:00:00Z,32551.76953125,32591.109375,32437.740234375,32471.599609375,0
2023-11-07T01:00:00Z,32468.51953125,32539.1796875,32423.689453125,32459.849609375,0
2023-11-07T02:00:00Z,32460.640625,32464.990234375,32394.859375,32394.859375,0
2023-11-07T03:00:00Z,32377.44921875,32406.0390625,32325.51953125,32338.1796875,0
2023-11-07T04:00:00Z,32340.009765625,32345.240234375,32281.390625,32293.470703125,0
2023-11-07T05:00:00Z,32292.7890625,32325.8203125,32250.9296875,32258.259765625,0
2023-11-07T06:00:00Z,32253.109375,32271.8203125,32253.109375,32271.8203125,0
2023-11-08T00:00:00Z,32457.23046875,32512.169921875,32358.599609375,32376.419921875,0
2023-11-08T01:00:00Z,32375.810546875,32385.91015625,32269.08984375,32371.7109375,0
2023-11-08T02:00:00Z,32369.2109375,32385.830078125,32312.330078125,32329.390625,0
2023-11-08T03:00:00Z,32289.390625,32311.859375,32049.33984375,32084.94921875,0
2023-11-08T04:00:00Z,32088.859375,32269.80078125,32085.759765625,32245.349609375,0
2023-11-08T05:00:00Z,32243.259765625,32270.01953125,32172.51953125,32172.51953125,0
2023-11-08T06:00:00Z,32179.30078125,32179.30078125,32166.48046875,32166.48046875,0
2023-11-09T00:00:00Z,32316.390625,32378.69921875,32193.19921875,32370.58984375,0
2023-11-09T01:00:00Z,32367.7109375,32497.740234375,32367.7109375,32373.119140625,0
2023-11-09T02:00:00Z,32373.169921875,32460.310546875,32367.5703125,32454.919921875,0
2023-11-09T03:00:00Z,32454.609375,32499.279296875,32431.0703125,32497.890625,0
2023-11-09T04:00:00Z,32499.779296875,32648.390625,32494.369140625,32639.19921875,0
2023-11-09T05:00:00Z,32638.55078125,32723.7109375,32629.859375,32675.48046875,0
2023-11-09T06:00:00Z,32675.830078125,32675.830078125,32646.4609375,32646.4609375,0
2023-11-10T00:00:00Z,32491.240234375,32522.5703125,32248.240234375,32369.400390625,0
2023-11-10T01:00:00Z,32368.0703125,32447.44921875,32326.869140625,32326.869140625,0
2023-11-10T02:00:00Z,32324.189453125,32495.880859375,32307.140625,32450.029296875,0
2023-11-10T03:00:00Z,32427.439453125,32451.51953125,32397.30078125,32419.419921875,0
2023-11-10T04:00:00Z,32419.880859375,32582.25,32416.08984375,32529.349609375,0
2023-11-10T05:00:00Z,32531.48046875,32598.9296875,32517.560546875,32579.80078125,0
2023-11-10T06:00:00Z,32596.359375,32596.359375,32568.109375,32568.109375,0
2023-11-13T00:00:00Z,32818.1484375,32913.30859375,32726.44921875,32730.810546875,0
2023-11-13T01:00:00Z,32733.330078125,32771.5390625,32673.25,32711.75,0
2023-11-13T02:00:00Z,32711.880859375,32784.9609375,32698.169921875,32750.41015625,0
2023-11-13T03:00:00Z,32631.7890625,32639.400390625,32558.5,32558.5,0
2023-11-13T04:00:00Z,32556.94921875,32605.140625,32529.330078125,32533.91015625,0
2023-11-13T05:00:00Z,32533.3203125,32592.4296875,32499.279296875,32560.9296875,0
2023-11-13T06:00:00Z,32539.759765625,32585.109375,32539.759765625,32585.109375,0
2023-11-14T00:00:00Z,32760.509765625,32822.828125,32678.810546875,32678.810546875,0
2023-11-14T01:00:00Z,32679.220703125,32836.23046875,32667.400390625,32824.25,0
2023-11-14T02:00:00Z,32825.87890625,32836.26953125,32731.009765625,32757.439453125,0
2023-11-14T03:00:00Z,32695.130859375,32818.5703125,32695.130859375,32813.7890625,0
2023-11-14T04:00:00Z,32811.109375,32813.83984375,32765.80078125,32793.23046875,0
2023-11-14T05:00:00Z,32792.6484375,32793.7890625,32707.44921875,32720.869140625,0
2023-11-14T06:00:00Z,32724.94921875,32724.94921875,32695.9296875,32695.9296875,0
2023-11-15T00:00:00Z,33112.30859375,33367.6015625,33096.9296875,33333.08984375,0
2023-11-15T01:00:00Z,33325.58984375,33381.08984375,33264.01953125,33321.640625,0
2023-11-15T02:00:00Z,33321.8203125,33358.0390625,33292.08984375,33341.55859375,0
2023-11-15T03:00:00Z,33424.01953125,33474.30859375,33412.51953125,33469.4609375,0
2023-11-15T04:00:00Z,33469.421875,33488.71875,33430.55859375,33443.19140625,0
2023-11-15T05:00:00Z,33441.73828125,33556.51953125,33428.71875,33514.2109375,0
2023-11-15T06:00:00Z,33531.3515625,33531.3515625,33519.69921875,33519.69921875,0
2023-11-16T00:00:00Z,33399.58984375,33614.12890625,33399.58984375,33503.1484375,0
2023-11-16T01:00:00Z,33503.1015625,33513.7890625,33278.1015625,33278.1015625,0
2023-11-16T02:00:00Z,33273.2890625,33317.23828125,33233.83984375,33292.01953125,0
2023-11-16T03:00:00Z,33288.51953125,33315.44921875,33239.76953125,33250.890625,0
2023-11-16T04:00:00Z,33254.26171875,33401.8203125,33248.30859375,33399.76953125,0
2023-11-16T05:00:00Z,33401.80859375,33469.1015625,33390.05078125,33398.87109375,0
2023-11-16T06:00:00Z,33405.21875,33424.41015625,33405.21875,33424.41015625,0
2023-11-17T00:00:00Z,33344.8515625,33529.8203125,33263.671875,33482.01953125,0
2023-11-17T01:00:00Z,33481.6015625,33517.66015625,33409.0,33446.28125,0
2023-11-17T02:00:00Z,33447.640625,33465.140625,33394.48828125,33422.9296875,0
2023-11-17T03:00:00Z,33448.359375,33506.640625,33436.421875,33498.0703125,0
2023-11-17T04:00:00Z,33498.01953125,33513.5703125,33453.609375,33507.21875,0
2023-11-17T05:00:00Z,33507.23828125,33582.6015625,33478.30859375,33580.7890625,0
2023-11-17T06:00:00Z,33599.62890625,33599.62890625,33585.19921875,33585.19921875,0
2023-11-20T00:00:00Z,33559.62109375,33853.4609375,33525.94140625,33690.69921875,0
2023-11-20T01:00:00Z,33691.73828125,33695.51171875,33520.80078125,33568.0390625,0
2023-11-20T02:00:00Z,33566.94921875,33618.2109375,33552.2109375,33562.41015625,0
2023-11-20T03:00:00Z,33543.48046875,33562.5703125,33411.44140625,33414.2890625,0
2023-11-20T04:00:00Z,33414.23828125,33453.171875,33352.69140625,33412.23046875,0
2023-11-20T05:00:00Z,33416.0,33482.37890625,33366.62109375,33373.69921875,0
2023-11-20T06:00:00Z,33357.12890625,33388.03125,33357.12890625,33388.03125,0
2023-11-21T00:00:00Z,33453.1484375,33460.3203125,33298.0390625,33302.46875,0
2023-11-21T01:00:00Z,33302.83984375,33391.55078125,33254.73046875,33373.140625,0
2023-11-21T02:00:00Z,33372.8984375,33401.73046875,33336.73828125,33338.2890625,0
2023-11-21T03:00:00Z,33357.6796875,33429.80078125,33342.94140625,33369.71875,0
2023-11-21T04:00:00Z,33369.83984375,33430.28125,33352.2109375,33390.078125,0
2023-11-21T05:00:00Z,33390.05078125,33432.890625,33332.55078125,33365.01953125,0
2023-11-21T06:00:00Z,33354.140625,33354.140625,33354.140625,33354.140625,0
2023-11-22T00:00:00Z,33182.98828125,33475.55078125,33182.98828125,33449.33984375,0
2023-11-22T01:00:00Z,33449.109375,33593.5,33437.609375,33569.87890625,0
2023-11-22T02:00:00Z,33571.7109375,33572.1015625,33513.5,33560.01171875,0
2023-11-22T03:00:00Z,33518.078125,33536.71875,33467.71875,33485.87890625,0
2023-11-22T04:00:00Z,33486.25,33487.328125,33433.37890625,33483.0390625,0
2023-11-22T05:00:00Z,33483.26171875,33519.30859375,33408.1015625,33437.87109375,0
2023-11-22T06:00:00Z,33451.828125,33451.828125,33451.828125,33451.828125,0
2023-11-24T00:00:00Z,33752.05078125,33783.48046875,33657.94921875,33762.28125,0
2023-11-24T01:00:00Z,33762.3203125,33815.80859375,33727.30078125,33814.03125,0
2023-11-24T02:00:00Z,33816.55859375,33817.859375,33711.16015625,33715.55078125,0
2023-11-24T03:00:00Z,33679.4609375,33763.3984375,33679.4609375,33737.69140625,0
2023-11-24T04:00:00Z,33736.01953125,33737.671875,33633.28125,33659.21875,0
2023-11-24T05:00:00Z,33658.859375,33683.80078125,33622.5703125,33631.76953125,0
2023-11-24T06:00:00Z,33662.05859375,33662.05859375,33625.53125,33625.53125,0
2023-11-27T00:00:00Z,33710.03125,33811.41015625,33659.55859375,33674.87890625,0
2023-11-27T01:00:00Z,33675.55078125,33694.19140625,33514.76953125,33527.78125,0
2023-11-27T02:00:00Z,33527.578125,33540.78125,33469.94921875,33479.7109375,0
2023-11-27T03:00:00Z,33432.80078125,33472.3984375,33397.0390625,33462.98828125,0
2023-11-27T04:00:00Z,33462.58984375,33487.8984375,33404.26171875,33478.80859375,0
2023-11-27T05:00:00Z,33479.2890625,33491.71875,33404.62109375,33418.76171875,0
2023-11-27T06:00:00Z,33422.12109375,33447.671875,33422.12109375,33447.671875,0
2023-11-28T00:00:00Z,33520.390625,33545.8515625,33305.51171875,33353.73828125,0
2023-11-28T01:00:00Z,33345.03125,33402.8515625,33298.0390625,33329.48046875,0
2023-11-28T02:00:00Z,33329.359375,33416.640625,33328.1796875,33370.3984375,0
2023-11-28T03:00:00Z,33376.921875,33388.98828125,33346.44140625,33358.3984375,0
2023-11-28T04:00:00Z,33359.12890625,33399.30078125,33319.37109375,33397.44921875,0
2023-11-28T05:00:00Z,33396.94140625,33452.25,33360.5390625,33412.01953125,0
2023-11-28T06:00:00Z,33419.9609375,33419.9609375,33408.390625,33408.390625,0
2023-11-29T00:00:00Z,33244.4296875,33380.71875,33179.0703125,33196.9296875,0
2023-11-29T01:00:00Z,33194.69140625,33433.94921875,33191.44921875,33408.6796875,0
2023-11-29T02:00:00Z,33406.640625,33480.9296875,33406.640625,33450.3203125,0
2023-11-29T03:00:00Z,33455.48046875,33516.23046875,33433.98046875,33479.37890625,0
2023-11-29T04:00:00Z,33476.87890625,33480.578125,33381.359375,33382.12890625,0
2023-11-29T05:00:00Z,33386.55078125,33390.859375,33288.78125,33297.62890625,0
2023-11-29T06:00:00Z,33301.62890625,33321.21875,33301.62890625,33321.21875,0
2023-11-30T00:00:00Z,33260.140625,33337.30078125,33171.0390625,33316.23046875,0
2023-11-30T01:00:00Z,33312.41015625,33321.51171875,33161.0703125,33179.1015625,0
2023-11-30T02:00:00Z,33176.91015625,33323.46875,33174.0,33255.37109375,0
2023-11-30T03:00:00Z,33283.66015625,33372.7890625,33282.26171875,33327.6484375,0
2023-11-30T04:00:00Z,33328.6015625,33410.3515625,33312.30859375,33377.55859375,0
2023-11-30T05:00:00Z,33377.80859375,33466.1015625,33365.9296875,33464.1015625,0
2023-11-30T06:00:00Z,33486.890625,33486.890625,33486.890625,33486.890625,0
2023-12-01T00:00:00Z,33537.44140625,33551.5703125,33419.2890625,33448.48828125,0
2023-12-01T01:00:00Z,33446.73828125,33535.25,33397.421875,33449.1015625,0
2023-12-01T02:00:00Z,33443.1484375,33469.05859375,33419.8515625,33461.7109375,0
2023-12-01T03:00:00Z,33505.9296875,33521.1015625,33455.76953125,33504.1796875,0
2023-12-01T04:00:00Z,33503.94140625,33516.390625,33470.80078125,33485.05078125,0
2023-12-01T05:00:00Z,33485.05859375,33509.01171875,33428.6015625,33446.1796875,0
2023-12-01T06:00:00Z,33467.44921875,33467.44921875,33431.51171875,33431.51171875,0
2023-12-04T00:00:00Z,33318.0703125,33324.37890625,33023.0390625,33261.80859375,0
2023-12-04T01:00:00Z,33260.25,33312.828125,33185.91015625,33272.12890625,0
2023-12-04T02:00:00Z,33273.2890625,33275.69921875,33164.12890625,33216.05078125,0
2023-12-04T03:00:00Z,33148.1484375,33199.69921875,33135.640625,33197.44140625,0
2023-12-04T04:00:00Z,33197.71875,33278.58984375,33181.6015625,33271.921875,0
2023-12-04T05:00:00Z,33271.69921875,33272.30859375,33184.640625,33202.08984375,0
2023-12-04T06:00:00Z,33198.51171875,33231.26953125,33198.51171875,33231.26953125,0
2023-12-05T00:00:00Z,33022.37890625,33089.8203125,32839.19921875,32839.19921875,0
2023-12-05T01:00:00Z,32839.890625,32869.078125,32726.6796875,32754.25,0
2023-12-05T02:00:00Z,32754.51953125,32804.05078125,32740.599609375,32782.140625,0
2023-12-05T03:00:00Z,32786.91015625,32831.53125,32777.8515625,32830.5390625,0
2023-12-05T04:00:00Z,32831.66015625,32903.578125,32798.48828125,32844.578125,0
2023-12-05T05:00:00Z,32844.37109375,32878.08984375,32779.140625,32791.1484375,0
2023-12-05T06:00:00Z,32790.51171875,32790.51171875,32775.8203125,32775.8203125,0
2023-12-06T00:00:00Z,32928.921875,33233.5703125,32914.08984375,33229.46875,0
2023-12-06T01:00:00Z,33226.08984375,33319.87109375,33214.9296875,33306.25,0
2023-12-06T02:00:00Z,33306.71875,33343.51171875,33295.55859375,33339.26171875,0
2023-12-06T03:00:00Z,33364.609375,33381.30078125,33341.3984375,33353.921875,0
2023-12-06T04:00:00Z,33354.01171875,33396.28125,33342.7890625,33385.5703125,0
2023-12-06T05:00:00Z,33385.2109375,33452.12890625,33374.6484375,33452.12890625,0
2023-12-06T06:00:00Z,33422.69140625,33445.8984375,33422.69140625,33445.8984375,0
2023-12-07T00:00:00Z,33165.71875,33195.87109375,33076.6484375,33096.23046875,0
2023-12-07T01:00:00Z,33095.828125,33129.6484375,32876.4296875,32899.78125,0
2023-12-07T02:00:00Z,32899.421875,32946.44140625,32887.23828125,32899.94140625,0
2023-12-07T03:00:00Z,32861.890625,32885.01953125,32828.53125,32872.03125,0
2023-12-07T04:00:00Z,32871.6796875,32916.55078125,32836.98828125,32879.8203125,0
2023-12-07T05:00:00Z,32879.859375,32897.421875,32814.69140625,32870.6484375,0
2023-12-07T06:00:00Z,32894.3203125,32894.3203125,32858.30859375,32858.30859375,0
2023-12-08T00:00:00Z,32600.470703125,32604.349609375,32439.919921875,32474.939453125,0
2023-12-08T01:00:00Z,32476.0703125,32476.0703125,32306.970703125,32315.58984375,0
2023-12-08T02:00:00Z,32313.630859375,32333.240234375,32287.05078125,32305.330078125,0
2023-12-08T03:00:00Z,32290.7890625,32354.4609375,32271.05078125,32321.080078125,0
2023-12-08T04:00:00Z,32324.80078125,32364.009765625,32253.7890625,32268.4296875,0
2023-12-08T05:00:00Z,32266.619140625,32282.099609375,32205.380859375,32282.099609375,0
2023-12-08T06:00:00Z,32293.98046875,32307.859375,32293.98046875,32307.859375,0
2023-12-11T00:00:00Z,32665.08984375,32933.078125,32650.099609375,32849.828125,0
2023-12-11T01:00:00Z,32851.4296875,32884.46875,32785.0703125,32847.2890625,0
2023-12-11T02:00:00Z,32846.80078125,32881.171875,32816.91015625,32817.609375,0
2023-12-11T03:00:00Z,32771.55859375,32793.3203125,32732.69921875,32759.140625,0
2023-12-11T04:00:00Z,32760.91015625,32827.48046875,32752.919921875,32768.87109375,0
2023-12-11T05:00:00Z,32769.1484375,32844.53125,32735.560546875,32819.41015625,0
2023-12-11T06:00:00Z,32810.421875,32810.421875,32791.80078125,32791.80078125,0
2023-12-12T00:00:00Z,33107.6484375,33172.12890625,32991.05859375,33038.37890625,0
2023-12-12T01:00:00Z,33037.26953125,33041.55078125,32942.19921875,32975.83984375,0
2023-12-12T02:00:00Z,32975.91015625,32997.1015625,32952.21875,32983.37109375,0
2023-12-12T03:00:00Z,32959.83984375,32984.48046875,32889.19921875,32913.69140625,0
2023-12-12T04:00:00Z,32913.75,32915.51171875,32825.3203125,32830.55078125,0
2023-12-12T05:00:00Z,32829.12890625,32879.80078125,32800.23828125,32864.03125,0
2023-12-12T06:00:00Z,32843.69921875,32843.69921875,32843.69921875,32843.69921875,0
2023-12-13T00:00:00Z,32973.46875,33089.1796875,32931.98828125,33068.71875,0
2023-12-13T01:00:00Z,33070.87890625,33104.46875,32986.66015625,33006.41015625,0
2023-12-13T02:00:00Z,33005.73828125,33067.859375,32983.94140625,32987.69140625,0
2023-12-13T03:00:00Z,32961.01171875,33001.671875,32959.08984375,32982.23046875,0
2023-12-13T04:00:00Z,32978.51953125,32986.94921875,32864.37890625,32947.0703125,0
2023-12-13T05:00:00Z,32945.66015625,33001.62890625,32921.05078125,32942.30078125,0
2023-12-13T06:00:00Z,32954.87890625,32954.87890625,32926.3515625,32926.3515625,0
2023-12-14T00:00:00Z,33032.30078125,33120.55078125,32709.2109375,32734.5390625,0
2023-12-14T01:00:00Z,32734.75,32816.28125,32708.76953125,32797.2109375,0
2023-12-14T02:00:00Z,32804.44140625,32874.69921875,32783.41015625,32801.1484375,0
2023-12-14T03:00:00Z,32722.6796875,32738.6796875,32515.0390625,32584.41015625,0
2023-12-14T04:00:00Z,32583.529296875,32740.76953125,32579.75,32692.880859375,0
2023-12-14T05:00:00Z,32693.390625,32731.759765625,32637.369140625,32675.94921875,0
2023-12-14T06:00:00Z,32669.009765625,32686.25,32669.009765625,32686.25,0
2023-12-15T00:00:00Z,32760.560546875,33077.55859375,32732.66015625,33047.78125,0
2023-12-15T01:00:00Z,33050.390625,33122.328125,32975.73828125,33097.26953125,0
2023-12-15T02:00:00Z,33096.46875,33119.1015625,33059.96875,33080.37109375,0
2023-12-15T03:00:00Z,33056.55078125,33086.48046875,33047.390625,33081.421875,0
2023-12-15T04:00:00Z,33080.3515625,33088.6015625,32938.6015625,32970.69921875,0
2023-12-15T05:00:00Z,32971.1796875,33013.6484375,32877.5,32995.421875,0
2023-12-15T06:00:00Z,32964.78125,32970.55078125,32964.78125,32970.55078125,0
2023-12-18T00:00:00Z,32769.23046875,32790.578125,32583.029296875,32605.400390625,0
2023-12-18T01:00:00Z,32605.1796875,32612.0390625,32545.91015625,32563.830078125,0
2023-12-18T02:00:00Z,32565.970703125,32628.26953125,32541.23046875,32620.75,0
2023-12-18T03:00:00Z,32633.8203125,32712.16015625,32617.330078125,32712.16015625,0
2023-12-18T04:00:00Z,32711.990234375,32747.509765625,32688.26953125,32730.5,0
2023-12-18T05:00:00Z,32730.640625,32776.2109375,32727.060546875,32751.509765625,0
2023-12-18T06:00:00Z,32779.609375,32779.609375,32758.98046875,32758.98046875,0
2023-12-19T00:00:00Z,32774.2109375,32840.26953125,32654.4296875,32796.8203125,0
2023-12-19T01:00:00Z,32798.25,32798.25,32698.76953125,32764.189453125,0
2023-12-19T02:00:00Z,32764.830078125,32816.328125,32761.619140625,32799.78125,0
2023-12-19T03:00:00Z,33105.19921875,33194.640625,33081.48046875,33099.48828125,0
2023-12-19T04:00:00Z,33098.48828125,33116.26953125,33026.58984375,33094.5,0
2023-12-19T05:00:00Z,33093.26953125,33210.69921875,33070.08984375,33194.7109375,0
2023-12-19T06:00:00Z,33206.98046875,33219.390625,33206.98046875,33219.390625,0
2023-12-20T00:00:00Z,33467.3203125,33689.55859375,33467.3203125,33668.78125,0
2023-12-20T01:00:00Z,33666.9296875,33783.109375,33604.03125,33779.73046875,0
2023-12-20T02:00:00Z,33780.8203125,33824.05859375,33775.078125,33799.41015625,0
2023-12-20T03:00:00Z,33782.05078125,33812.0390625,33754.69921875,33775.12109375,0
2023-12-20T04:00:00Z,33773.421875,33784.828125,33702.80859375,33735.109375,0
2023-12-20T05:00:00Z,33735.23828125,33783.78125,33709.55859375,33721.2109375,0
2023-12-20T06:00:00Z,33694.80078125,33694.80078125,33675.94140625,33675.94140625,0
2023-12-21T00:00:00Z,33276.80859375,33337.83984375,33147.69140625,33157.55078125,0
2023-12-21T01:00:00Z,33158.55859375,33237.46875,33128.5703125,33153.03125,0
2023-12-21T02:00:00Z,33154.69140625,33178.1796875,33101.1484375,33171.4296875,0
2023-12-21T03:00:00Z,33155.41015625,33164.94140625,33131.44921875,33132.828125,0
2023-12-21T04:00:00Z,33132.390625,33151.109375,33097.7890625,33122.1796875,0
2023-12-21T05:00:00Z,33122.87890625,33174.859375,33106.80078125,33140.25,0
2023-12-21T06:00:00Z,33149.1015625,33149.1015625,33140.46875,33140.46875,0
2023-12-22T00:00:00Z,33257.94921875,33375.19140625,33166.46875,33246.66015625,0
2023-12-22T01:00:00Z,33246.44140625,33293.37890625,33210.8984375,33215.98828125,0
2023-12-22T02:00:00Z,33215.609375,33252.01171875,33188.73828125,33204.890625,0
2023-12-22T03:00:00Z,33240.8203125,33251.1484375,33178.21875,33208.0703125,0
2023-12-22T04:00:00Z,33208.46875,33210.609375,33154.48046875,33177.0390625,0
2023-12-22T05:00:00Z,33177.48046875,33204.3203125,33152.87890625,33176.05859375,0
2023-12-22T06:00:00Z,33151.69921875,33169.05078125,33151.69921875,33169.05078125,0
2023-12-25T00:00:00Z,33414.51171875,33414.51171875,33267.1796875,33305.26171875,0
2023-12-25T01:00:00Z,33304.4296875,33318.91015625,33240.859375,33280.3984375,0
2023-12-25T02:00:00Z,33280.19921875,33312.078125,33280.19921875,33291.390625,0
2023-12-25T03:00:00Z,33273.6484375,33292.28125,33257.5703125,33268.2890625,0
2023-12-25T04:00:00Z,33268.421875,33273.46875,33221.5703125,33263.98828125,0
2023-12-25T05:00:00Z,33264.28125,33290.5703125,33242.1484375,33277.37890625,0
2023-12-25T06:00:00Z,33278.640625,33278.640625,33254.03125,33254.03125,0
2023-12-26T00:00:00Z,33295.6796875,33312.26171875,33212.1796875,33279.80859375,0
2023-12-26T01:00:00Z,33280.26953125,33300.6796875,33220.890625,33241.80078125,0
2023-12-26T02:00:00Z,33241.421875,33253.76953125,33225.6484375,33253.2109375,0
2023-12-26T03:00:00Z,33251.58984375,33261.28125,33222.75,33227.73828125,0
2023-12-26T04:00:00Z,33228.73828125,33233.359375,33181.359375,33231.71875,0
2023-12-26T05:00:00Z,33230.94921875,33278.94140625,33226.51953125,33265.55078125,0
2023-12-26T06:00:00Z,33281.671875,33305.8515625,33281.671875,33305.8515625,0
2023-12-27T00:00:00Z,33532.96875,33717.96875,33521.51953125,33697.3515625,0
2023-12-27T01:00:00Z,33697.828125,33755.75,33667.44140625,33702.390625,0
2023-12-27T02:00:00Z,33703.33984375,33733.23828125,33656.62109375,33658.3203125,0
2023-12-27T03:00:00Z,33642.609375,33715.8203125,33638.6015625,33714.51953125,0
2023-12-27T04:00:00Z,33716.33984375,33720.46875,33678.73046875,33698.1015625,0
2023-12-27T05:00:00Z,33698.8203125,33738.87109375,33668.08984375,33683.28125,0
2023-12-27T06:00:00Z,33679.94921875,33681.23828125,33679.94921875,33681.23828125,0
2023-12-28T00:00:00Z,33477.46875,33512.5390625,33411.23828125,33501.46875,0
2023-12-28T01:00:00Z,33510.48828125,33553.87890625,33490.94140625,33490.94140625,0
2023-12-28T02:00:00Z,33490.94921875,33512.890625,33452.26953125,33503.94140625,0
2023-12-28T03:00:00Z,33541.94140625,33558.28125,33525.53125,33548.609375,0
2023-12-28T04:00:00Z,33547.66015625,33557.19921875,33511.0,33529.828125,0
2023-12-28T05:00:00Z,33530.1484375,33571.73046875,33522.26171875,33533.5390625,0
2023-12-28T06:00:00Z,33538.0,33539.62109375,33538.0,33539.62109375,0
2023-12-29T00:00:00Z,33458.640625,33652.7109375,33458.640625,33495.62890625,0
2023-12-29T01:00:00Z,33495.12109375,33499.9609375,33407.76171875,33479.55859375,0
2023-12-29T02:00:00Z,33476.171875,33496.05078125,33427.55859375,33470.37109375,0
2023-12-29T03:00:00Z,33466.4296875,33490.26953125,33438.859375,33439.69140625,0
2023-12-29T04:00:00Z,33440.1015625,33441.4296875,33334.44921875,33373.21875,0
2023-12-29T05:00:00Z,33372.5703125,33410.76953125,33305.171875,33410.76953125,0
2023-12-29T06:00:00Z,33444.109375,33464.171875,33444.109375,33464.171875,0
2024-01-04T00:00:00Z,33193.05078125,33193.05078125,32693.1796875,32930.30078125,0
2024-01-04T01:00:00Z,32926.98046875,33165.69140625,32903.5703125,33116.19140625,0
2024-01-04T02:00:00Z,33115.8515625,33138.01171875,33044.2890625,33048.578125,0
2024-01-04T03:00:00Z,33103.33984375,33152.1015625,33085.3984375,33146.87109375,0
2024-01-04T04:00:00Z,33147.359375,33260.83984375,33138.609375,33247.62109375,0
2024-01-04T05:00:00Z,33246.76171875,33299.390625,33242.08984375,33276.1796875,0
2024-01-04T06:00:00Z,33270.1484375,33288.2890625,33270.1484375,33288.2890625,0
2024-01-05T00:00:00Z,33397.51953125,33424.94921875,33257.4296875,33382.25,0
2024-01-05T01:00:00Z,33384.80078125,33478.5,33378.30859375,33463.94921875,0
2024-01-05T02:00:00Z,33464.9609375,33464.9609375,33415.7109375,33442.62109375,0
2024-01-05T03:00:00Z,33515.91015625,33568.0390625,33502.30859375,33515.21875,0
2024-01-05T04:00:00Z,33515.19140625,33557.78125,33462.62890625,33477.58984375,0
2024-01-05T05:00:00Z,33474.62109375,33511.48046875,33392.25,33422.6015625,0
2024-01-05T06:00:00Z,33406.9296875,33406.9296875,33377.421875,33377.421875,0
2024-01-09T00:00:00Z,33704.828125,33990.28125,33672.6015625,33954.48828125,0
2024-01-09T01:00:00Z,33955.3984375,33964.4296875,33811.859375,33812.87109375,0
2024-01-09T02:00:00Z,33813.51953125,33869.609375,33797.46875,33858.62890625,0
2024-01-09T03:00:00Z,33800.1796875,33810.19921875,33725.94140625,33751.671875,0
2024-01-09T04:00:00Z,33751.26171875,33759.2109375,33600.3203125,33702.671875,0
2024-01-09T05:00:00Z,33703.08984375,33799.98046875,33702.96875,33772.6796875,0
2024-01-09T06:00:00Z,33798.76953125,33798.76953125,33763.1796875,33763.1796875,0
2024-01-10T00:00:00Z,33896.328125,34233.80859375,33885.73828125,34168.55078125,0
2024-01-10T01:00:00Z,34164.75,34364.58984375,34164.75,34360.94921875,0
2024-01-10T02:00:00Z,34362.0703125,34402.44921875,34344.75,34386.7890625,0
2024-01-10T03:00:00Z,34366.94140625,34465.0390625,34346.2890625,34438.46875,0
2024-01-10T04:00:00Z,34438.9609375,34489.7109375,34428.55078125,34455.21875,0
2024-01-10T05:00:00Z,34454.01171875,34539.01953125,34432.12890625,34476.80859375,0
2024-01-10T06:00:00Z,34465.69921875,34465.69921875,34441.71875,34441.71875,0
2024-01-11T00:00:00Z,34871.328125,35095.87890625,34849.5703125,34908.12890625,0
2024-01-11T01:00:00Z,34907.46875,35119.328125,34894.05078125,35085.109375,0
2024-01-11T02:00:00Z,35085.19921875,35140.62890625,35064.1015625,35110.51953125,0
2024-01-11T03:00:00Z,35115.2109375,35157.55859375,35087.78125,35112.05859375,0
2024-01-11T04:00:00Z,35112.30078125,35114.12109375,34993.328125,35060.44140625,0
2024-01-11T05:00:00Z,35058.78125,35120.26953125,35052.890625,35086.828125,0
2024-01-11T06:00:00Z,35085.1015625,35085.1015625,35049.859375,35049.859375,0
2024-01-12T00:00:00Z,35601.6484375,35839.6484375,35427.19921875,35466.01171875,0
2024-01-12T01:00:00Z,35468.48828125,35511.578125,35362.23828125,35429.16015625,0
2024-01-12T02:00:00Z,35427.8203125,35521.23828125,35407.44921875,35422.94921875,0
2024-01-12T03:00:00Z,35404.94921875,35474.73828125,35374.828125,35442.12890625,0
2024-01-12T04:00:00Z,35441.69140625,35485.12890625,35405.26953125,35476.6015625,0
2024-01-12T05:00:00Z,35475.62890625,35619.76953125,35457.640625,35553.3203125,0
2024-01-12T06:00:00Z,35563.30859375,35577.109375,35563.30859375,35577.109375,0
2024-01-15T00:00:00Z,35634.12109375,35715.01953125,35544.3203125,35710.91015625,0
2024-01-15T01:00:00Z,35710.8984375,35869.75,35710.8984375,35786.921875,0
2024-01-15T02:00:00Z,35786.98046875,35875.94140625,35780.25,35870.73046875,0
2024-01-15T03:00:00Z,35918.23828125,35996.890625,35918.23828125,35981.8515625,0
2024-01-15T04:00:00Z,35980.71875,36008.23046875,35884.71875,35935.9609375,0
2024-01-15T05:00:00Z,35935.94140625,35938.53125,35880.44140625,35925.62109375,0
2024-01-15T06:00:00Z,35930.421875,35930.421875,35901.7890625,35901.7890625,0
2024-01-16T00:00:00Z,35909.19921875,35955.6796875,35710.5703125,35747.078125,0
2024-01-16T01:00:00Z,35747.5703125,35766.69140625,35587.53125,35688.7109375,0
2024-01-16T02:00:00Z,35690.1796875,35795.78125,35678.80078125,35792.05859375,0
2024-01-16T03:00:00Z,35755.5703125,35755.5703125,35623.41015625,35664.359375,0
2024-01-16T04:00:00Z,35662.0,35688.19140625,35598.9296875,35677.7109375,0
2024-01-16T05:00:00Z,35677.609375,35726.41015625,35638.94921875,35662.73046875,0
2024-01-16T06:00:00Z,35664.1484375,35664.1484375,35619.1796875,35619.1796875,0
2024-01-17T00:00:00Z,35850.1796875,36099.05859375,35850.1796875,36060.19921875,0
2024-01-17T01:00:00Z,36059.58984375,36239.21875,35796.0,35876.71875,0
2024-01-17T02:00:00Z,35875.91015625,35942.3203125,35687.51171875,35810.3515625,0
2024-01-17T03:00:00Z,35770.7109375,35770.7109375,35543.66015625,35568.76953125,0
2024-01-17T04:00:00Z,35568.76953125,35736.33984375,35566.55859375,35712.3515625,0
2024-01-17T05:00:00Z,35712.140625,35713.62890625,35476.51953125,35497.609375,0
2024-01-17T06:00:00Z,35512.94921875,35512.94921875,35477.75,35477.75,0
2024-01-18T00:00:00Z,35371.25,35633.80859375,35371.25,35601.921875,0
2024-01-18T01:00:00Z,35600.94921875,35702.94140625,35410.9609375,35699.51171875,0
2024-01-18T02:00:00Z,35728.08984375,35728.08984375,35617.71875,35637.01171875,0
2024-01-18T03:00:00Z,35632.3515625,35693.01171875,35631.5,35634.05078125,0
2024-01-18T04:00:00Z,35633.69140625,35633.69140625,35411.48046875,35453.05859375,0
2024-01-18T05:00:00Z,35455.640625,35503.62109375,35416.4296875,35467.08984375,0
2024-01-18T06:00:00Z,35448.30078125,35466.171875,35448.30078125,35466.171875,0
2024-01-19T00:00:00Z,35913.71875,36076.23046875,35869.73828125,35973.94140625,0
2024-01-19T01:00:00Z,35975.44140625,36053.0,35885.4296875,36048.98046875,0
2024-01-19T02:00:00Z,36048.890625,36066.6796875,36001.46875,36027.41015625,0
2024-01-19T03:00:00Z,35989.94140625,35989.94140625,35891.19140625,35933.171875,0
2024-01-19T04:00:00Z,35932.0703125,35949.1015625,35790.0703125,35813.01953125,0
2024-01-19T05:00:00Z,35813.46875,35977.37890625,35813.1484375,35958.890625,0
2024-01-19T06:00:00Z,35988.5703125,35988.5703125,35963.26953125,35963.26953125,0
2024-01-22T00:00:00Z,36294.1015625,36535.359375,36225.91015625,36527.80859375,0
2024-01-22T01:00:00Z,36527.80078125,36527.80078125,36332.7109375,36334.08984375,0
2024-01-22T02:00:00Z,36331.28125,36397.8515625,36303.171875,36375.55859375,0
2024-01-22T03:00:00Z,36372.76953125,36428.390625,36342.8515625,36397.890625,0
2024-01-22T04:00:00Z,36397.12890625,36448.12109375,36376.23828125,36446.26953125,0
2024-01-22T05:00:00Z,36444.19140625,36566.69921875,36404.44921875,36562.98828125,0
2024-01-22T06:00:00Z,36571.80078125,36571.80078125,36546.94921875,36546.94921875,0
2024-01-23T00:00:00Z,36605.30078125,36877.41015625,36605.30078125,36752.37109375,0
2024-01-23T01:00:00Z,36753.83984375,36871.7109375,36698.41015625,36871.7109375,0
2024-01-23T02:00:00Z,36871.37890625,36920.26953125,36818.921875,36920.26953125,0
2024-01-23T03:00:00Z,36971.078125,36984.51171875,36436.0703125,36484.53125,0
2024-01-23T04:00:00Z,36496.9296875,36696.859375,36486.83984375,36592.87890625,0
2024-01-23T05:00:00Z,36591.62109375,36638.3203125,36475.69921875,36506.33984375,0
2024-01-23T06:00:00Z,36517.5703125,36517.5703125,36517.5703125,36517.5703125,0
2024-01-24T00:00:00Z,36415.66015625,36471.390625,36247.609375,36434.87109375,0
2024-01-24T01:00:00Z,36432.859375,36432.859375,36265.80859375,36279.25,0
2024-01-24T02:00:00Z,36285.51953125,36302.5703125,36220.41015625,36268.1484375,0
2024-01-24T03:00:00Z,36265.2890625,36285.87109375,36104.890625,36180.83984375,0
2024-01-24T04:00:00Z,36180.9296875,36198.48046875,36121.87109375,36162.1015625,0
2024-01-24T05:00:00Z,36161.109375,36276.890625,36133.94140625,36226.0,0
2024-01-24T06:00:00Z,36212.890625,36226.48046875,36212.890625,36226.48046875,0
2024-01-25T00:00:00Z,36213.140625,36271.30078125,36069.58984375,36127.328125,0
2024-01-25T01:00:00Z,36126.46875,36199.16015625,35912.5390625,36038.87109375,0
2024-01-25T02:00:00Z,36038.91015625,36177.76953125,36028.05859375,36162.01171875,0
2024-01-25T03:00:00Z,36168.03125,36198.08984375,36130.73828125,36189.1796875,0
2024-01-25T04:00:00Z,36189.80859375,36279.359375,36187.66015625,36252.87890625,0
2024-01-25T05:00:00Z,36253.76171875,36312.359375,36242.41015625,36258.33984375,0
2024-01-25T06:00:00Z,36267.73046875,36267.73046875,36236.46875,36236.46875,0
2024-01-26T00:00:00Z,36003.0,36060.3984375,35808.0390625,35898.890625,0
2024-01-26T01:00:00Z,35904.05078125,35964.05078125,35818.4609375,35869.83984375,0
2024-01-26T02:00:00Z,35869.51953125,35919.12890625,35832.21875,35835.0703125,0
2024-01-26T03:00:00Z,35813.1796875,35832.390625,35755.80078125,35813.94921875,0
2024-01-26T04:00:00Z,35808.55859375,35808.55859375,35687.578125,35691.4296875,0
2024-01-26T05:00:00Z,35691.98828125,35867.78125,35691.98828125,35731.3203125,0
2024-01-26T06:00:00Z,35734.12109375,35751.0703125,35734.12109375,35751.0703125,0
2024-01-29T00:00:00Z,35814.2890625,35969.328125,35813.76953125,35926.109375,0
2024-01-29T01:00:00Z,35920.62890625,36105.8203125,35875.9296875,36102.55859375,0
2024-01-29T02:00:00Z,36101.26953125,36167.109375,36062.37109375,36079.140625,0
2024-01-29T03:00:00Z,36091.23828125,36186.87109375,36089.4296875,36139.25,0
2024-01-29T04:00:00Z,36138.44140625,36147.5390625,36050.08984375,36050.171875,0
2024-01-29T05:00:00Z,36067.8515625,36068.33984375,35957.19140625,36032.23828125,0
2024-01-29T06:00:00Z,36062.4296875,36062.4296875,36026.94140625,36026.94140625,0
2024-01-30T00:00:00Z,36196.640625,36249.03125,36071.2109375,36139.16015625,0
2024-01-30T01:00:00Z,36139.26171875,36188.96875,36124.98046875,36154.3203125,0
2024-01-30T02:00:00Z,36154.609375,36155.01953125,36048.62109375,36113.828125,0
2024-01-30T03:00:00Z,36079.76171875,36146.078125,36064.19140625,36117.44921875,0
2024-01-30T04:00:00Z,36117.41015625,36193.73828125,36113.8203125,36141.37890625,0
2024-01-30T05:00:00Z,36141.69921875,36141.69921875,36039.30859375,36043.6796875,0
2024-01-30T06:00:00Z,36043.6484375,36065.859375,36043.6484375,36065.859375,0
2024-01-31T00:00:00Z,35747.890625,35909.19140625,35704.578125,35795.94921875,0
2024-01-31T01:00:00Z,35797.41015625,35874.53125,35739.48828125,35863.75,0
2024-01-31T02:00:00Z,35864.83984375,35912.80078125,35859.0703125,35876.9609375,0
2024-01-31T03:00:00Z,35906.01953125,35989.03125,35900.44140625,35952.08984375,0
2024-01-31T04:00:00Z,35952.3203125,36097.0,35947.421875,36081.48046875,0
2024-01-31T05:00:00Z,36081.0,36270.76953125,36079.3203125,36270.76953125,0
2024-01-31T06:00:00Z,36292.53125,36292.53125,36286.7109375,36286.7109375,0
2024-02-01T00:00:00Z,36008.55859375,36146.359375,35944.05078125,35959.66015625,0
2024-02-01T01:00:00Z,35959.1015625,36118.390625,35940.05859375,36021.62890625,0
2024-02-01T02:00:00Z,36021.96875,36028.421875,35956.08984375,36024.2890625,0
2024-02-01T03:00:00Z,35987.62109375,36028.4296875,35942.37890625,36010.328125,0
2024-02-01T04:00:00Z,36011.08984375,36014.23828125,35924.6015625,35970.671875,0
2024-02-01T05:00:00Z,35970.671875,36037.87109375,35949.171875,35969.1015625,0
2024-02-01T06:00:00Z,35978.0,36011.4609375,35978.0,36011.4609375,0
2024-02-02T00:00:00Z,36249.98828125,36274.859375,36083.609375,36265.55859375,0
2024-02-02T01:00:00Z,36265.078125,36441.08984375,36228.08984375,36404.46875,0
2024-02-02T02:00:00Z,36404.3984375,36409.51953125,36302.421875,36370.6796875,0
2024-02-02T03:00:00Z,36294.16015625,36321.8203125,36266.0,36266.0,0
2024-02-02T04:00:00Z,36260.28125,36278.66015625,36128.9296875,36230.46875,0
2024-02-02T05:00:00Z,36231.80078125,36262.8203125,36150.01171875,36180.76171875,0
2024-02-02T06:00:00Z,36179.12109375,36179.12109375,36158.01953125,36158.01953125,0
2024-02-05T00:00:00Z,36419.33984375,36452.62109375,36235.109375,36254.3203125,0
2024-02-05T01:00:00Z,36253.30078125,36340.5703125,36213.0,36339.2109375,0
2024-02-05T02:00:00Z,36338.328125,36379.69140625,36310.48046875,36358.2109375,0
2024-02-05T03:00:00Z,36398.8203125,36413.8515625,36351.3203125,36353.3203125,0
2024-02-05T04:00:00Z,36353.828125,36375.390625,36314.0390625,36365.2109375,0
2024-02-05T05:00:00Z,36367.26953125,36412.96875,36346.671875,36383.44140625,0
2024-02-05T06:00:00Z,36378.6015625,36378.6015625,36354.16015625,36354.16015625,0
2024-02-06T00:00:00Z,36249.078125,36284.28125,36105.828125,36115.30078125,0
2024-02-06T01:00:00Z,36118.66015625,36170.23046875,36065.98046875,36128.109375,0
2024-02-06T02:00:00Z,36125.98828125,36155.55078125,36109.98828125,36114.05859375,0
2024-02-06T03:00:00Z,36128.83984375,36166.609375,36106.3515625,36166.609375,0
2024-02-06T04:00:00Z,36166.30078125,36273.01171875,36154.51171875,36256.51953125,0
2024-02-06T05:00:00Z,36258.55078125,36294.48046875,36125.1796875,36141.96875,0
2024-02-06T06:00:00Z,36144.2109375,36160.66015625,36144.2109375,36160.66015625,0
2024-02-07T00:00:00Z,36002.98828125,36192.578125,35906.3203125,36176.55859375,0
2024-02-07T01:00:00Z,36178.55078125,36195.5,36068.78125,36105.3984375,0
2024-02-07T02:00:00Z,36110.5390625,36141.03125,36082.83984375,36122.5703125,0
2024-02-07T03:00:00Z,36092.0,36092.0,35854.62890625,35893.80078125,0
2024-02-07T04:00:00Z,35892.53125,36110.55078125,35890.98828125,36091.51171875,0
2024-02-07T05:00:00Z,36091.609375,36134.96875,36052.578125,36134.96875,0
2024-02-07T06:00:00Z,36138.73046875,36138.73046875,36119.921875,36119.921875,0
2024-02-08T00:00:00Z,36258.83984375,36443.62109375,36206.19921875,36363.51953125,0
2024-02-08T01:00:00Z,36362.05859375,36582.140625,36344.73828125,36578.921875,0
2024-02-08T02:00:00Z,36578.48828125,36741.87109375,36571.3984375,36738.421875,0
2024-02-08T03:00:00Z,36742.3984375,36793.609375,36705.6796875,36745.37109375,0
2024-02-08T04:00:00Z,36744.109375,36956.96875,36727.28125,36956.12890625,0
2024-02-08T05:00:00Z,36954.37890625,36954.37890625,36802.94140625,36901.96875,0
2024-02-08T06:00:00Z,36890.5390625,36890.5390625,36863.28125,36863.28125,0
2024-02-09T00:00:00Z,36915.44140625,37287.26171875,36807.03125,37249.62109375,0
2024-02-09T01:00:00Z,37251.58984375,37266.33984375,36978.6796875,36991.08984375,0
2024-02-09T02:00:00Z,36993.1484375,37054.33984375,36932.390625,37029.91015625,0
2024-02-09T03:00:00Z,37003.75,37124.76171875,36995.328125,37085.4296875,0
2024-02-09T04:00:00Z,37085.890625,37140.078125,36975.421875,36997.609375,0
2024-02-09T05:00:00Z,36997.21875,37033.05078125,36922.109375,36942.1015625,0
2024-02-09T06:00:00Z,36928.69921875,36928.69921875,36897.421875,36897.421875,0
2024-02-13T00:00:00Z,37248.359375,37634.76171875,37184.1015625,37517.2109375,0
2024-02-13T01:00:00Z,37522.08984375,37659.05078125,37478.9609375,37657.4296875,0
2024-02-13T02:00:00Z,37655.48828125,37802.51171875,37654.890625,37798.890625,0
2024-02-13T03:00:00Z,37799.171875,37894.12890625,37778.140625,37857.5703125,0
2024-02-13T04:00:00Z,37858.12109375,37930.1015625,37796.66015625,37843.4296875,0
2024-02-13T05:00:00Z,37841.28125,38010.69140625,37813.671875,37991.8984375,0
2024-02-13T06:00:00Z,37986.01171875,37986.01171875,37963.96875,37963.96875,0
2024-02-14T00:00:00Z,37712.87109375,37825.8515625,37639.12109375,37770.80859375,0
2024-02-14T01:00:00Z,37770.30078125,37817.80859375,37657.26171875,37677.51171875,0
2024-02-14T02:00:00Z,37676.1015625,37697.390625,37627.05078125,37646.94921875,0
2024-02-14T03:00:00Z,37658.51171875,37717.01953125,37622.28125,37638.48828125,0
2024-02-14T04:00:00Z,37641.3984375,37704.51953125,37594.46875,37699.78125,0
2024-02-14T05:00:00Z,37699.2109375,37807.359375,37677.37109375,37747.76171875,0
2024-02-14T06:00:00Z,37721.4609375,37721.4609375,37703.3203125,37703.3203125,0
2024-02-15T00:00:00Z,38017.828125,38127.8515625,37962.69921875,38015.3515625,0
2024-02-15T01:00:00Z,38014.94921875,38063.140625,37951.33984375,38012.6015625,0
2024-02-15T02:00:00Z,38021.37109375,38025.41015625,37935.359375,37948.3515625,0
2024-02-15T03:00:00Z,38018.78125,38100.8984375,38018.78125,38093.76953125,0
2024-02-15T04:00:00Z,38095.41015625,38111.5390625,38021.76171875,38034.80859375,0
2024-02-15T05:00:00Z,38034.25,38186.44921875,38020.8515625,38165.0703125,0
2024-02-15T06:00:00Z,38188.73828125,38188.73828125,38157.94140625,38157.94140625,0
2024-02-16T00:00:00Z,38517.37109375,38859.5703125,38506.5703125,38837.6484375,0
2024-02-16T01:00:00Z,38837.41015625,38865.05859375,38361.55078125,38366.33984375,0
2024-02-16T02:00:00Z,38366.12109375,38516.26171875,38366.12109375,38505.890625,0
2024-02-16T03:00:00Z,38596.19140625,38831.16015625,38573.48828125,38789.12890625,0
2024-02-16T04:00:00Z,38788.12890625,38806.4609375,38539.171875,38555.76171875,0
2024-02-16T05:00:00Z,38547.859375,38634.5,38456.7109375,38502.5390625,0
2024-02-16T06:00:00Z,38511.33984375,38511.33984375,38487.23828125,38487.23828125,0
2024-02-19T00:00:00Z,38473.41015625,38555.83984375,38425.94140625,38472.8515625,0
2024-02-19T01:00:00Z,38473.71875,38473.71875,38320.91015625,38365.5703125,0
2024-02-19T02:00:00Z,38363.94921875,38366.76171875,38281.69921875,38365.58984375,0
2024-02-19T03:00:00Z,38363.28125,38406.48046875,38338.28125,38351.94921875,0
2024-02-19T04:00:00Z,38352.5,38471.28125,38349.0,38456.1015625,0
2024-02-19T05:00:00Z,38455.05078125,38477.171875,38404.41015625,38454.05859375,0
2024-02-19T06:00:00Z,38438.53125,38470.37890625,38438.53125,38470.37890625,0
2024-02-20T00:00:00Z,38510.37109375,38555.58984375,38430.76171875,38542.71875,0
2024-02-20T01:00:00Z,38542.98828125,38742.328125,38446.58984375,38471.05078125,0
2024-02-20T02:00:00Z,38470.30078125,38470.96875,38387.0,38438.640625,0
2024-02-20T03:00:00Z,38351.359375,38389.30078125,38288.0390625,38388.96875,0
2024-02-20T04:00:00Z,38390.48828125,38440.26171875,38325.73828125,38336.359375,0
2024-02-20T05:00:00Z,38336.05078125,38466.41015625,38336.05078125,38409.390625,0
2024-02-20T06:00:00Z,38398.140625,38398.140625,38363.609375,38363.609375,0
2024-02-21T00:00:00Z,38191.96875,38282.44921875,38130.5703125,38214.5390625,0
2024-02-21T01:00:00Z,38213.94921875,38339.69921875,38213.94921875,38257.1484375,0
2024-02-21T02:00:00Z,38249.91015625,38267.2109375,38173.91015625,38188.8515625,0
2024-02-21T03:00:00Z,38163.4296875,38197.0703125,38095.1484375,38160.80859375,0
2024-02-21T04:00:00Z,38160.37890625,38265.87109375,38160.37890625,38232.8515625,0
2024-02-21T05:00:00Z,38232.69140625,38283.46875,38222.30078125,38280.0,0
2024-02-21T06:00:00Z,38296.78125,38296.78125,38262.16015625,38262.16015625,0
2024-02-22T00:00:00Z,38508.0703125,38856.44921875,38508.0703125,38845.51953125,0
2024-02-22T01:00:00Z,38847.80078125,38924.87890625,38772.33984375,38785.1484375,0
2024-02-22T02:00:00Z,38785.41015625,38917.51953125,38785.41015625,38913.83984375,0
2024-02-22T03:00:00Z,38962.328125,39029.0,38957.578125,38996.578125,0
2024-02-22T04:00:00Z,38997.921875,38997.921875,38817.33984375,38885.6484375,0
2024-02-22T05:00:00Z,38884.75,39156.96875,38865.828125,39113.12890625,0
2024-02-22T06:00:00Z,39128.71875,39128.71875,39098.6796875,39098.6796875,0
2024-02-26T00:00:00Z,39320.640625,39379.55078125,39194.21875,39276.1015625,0
2024-02-26T01:00:00Z,39281.53125,39388.078125,39238.1484375,39306.53125,0
2024-02-26T02:00:00Z,39311.5703125,39354.87890625,39286.66015625,39309.80078125,0
2024-02-26T03:00:00Z,39278.4609375,39347.7109375,39269.2890625,39321.48828125,0
2024-02-26T04:00:00Z,39322.37890625,39322.37890625,39217.890625,39236.80859375,0
2024-02-26T05:00:00Z,39237.640625,39275.46875,39181.03125,39198.4609375,0
2024-02-26T06:00:00Z,39185.16015625,39233.7109375,39185.16015625,39233.7109375,0
2024-02-27T00:00:00Z,39260.78125,39392.6796875,39252.21875,39371.0390625,0
2024-02-27T01:00:00Z,39371.55859375,39426.2890625,39296.80859375,39321.19921875,0
2024-02-27T02:00:00Z,39323.94921875,39373.46875,39113.03125,39173.921875,0
2024-02-27T03:00:00Z,39193.578125,39260.390625,39193.578125,39208.01953125,0
2024-02-27T04:00:00Z,39207.390625,39233.58984375,39141.76171875,39167.23046875,0
2024-02-27T05:00:00Z,39166.73828125,39273.8515625,39151.3515625,39273.8515625,0
2024-02-27T06:00:00Z,39276.98046875,39276.98046875,39239.51953125,39239.51953125,0
2024-02-28T00:00:00Z,39189.21875,39283.94921875,39174.1484375,39183.33984375,0
2024-02-28T01:00:00Z,39170.26171875,39194.23828125,39075.46875,39125.08984375,0
2024-02-28T02:00:00Z,39126.390625,39191.98828125,39105.01953125,39191.98828125,0
2024-02-28T03:00:00Z,39192.28125,39265.23046875,39184.078125,39246.44921875,0
2024-02-28T04:00:00Z,39245.98828125,39259.6484375,39194.8203125,39223.87109375,0
2024-02-28T05:00:00Z,39224.078125,39282.421875,39161.53125,39168.28125,0
2024-02-28T06:00:00Z,39163.7890625,39208.03125,39163.7890625,39208.03125,0
2024-02-29T00:00:00Z,38935.53125,39086.8203125,38876.80859375,39084.41015625,0
2024-02-29T01:00:00Z,39083.71875,39159.23828125,38944.3984375,38994.671875,0
2024-02-29T02:00:00Z,38991.73046875,39038.1796875,38924.48046875,38953.48828125,0
2024-02-29T03:00:00Z,38903.05859375,39047.19921875,38886.71875,39044.078125,0
2024-02-29T04:00:00Z,39045.28125,39192.23046875,39028.0390625,39177.109375,0
2024-02-29T05:00:00Z,39177.390625,39250.12109375,39124.51953125,39184.98828125,0
2024-02-29T06:00:00Z,39187.1484375,39187.1484375,39166.19140625,39166.19140625,0
2024-03-01T00:00:00Z,39254.69140625,39619.76171875,39224.640625,39612.69921875,0
2024-03-01T01:00:00Z,39608.12109375,39862.69921875,39608.12109375,39858.69921875,0
2024-03-01T02:00:00Z,39860.01171875,39888.109375,39808.859375,39883.859375,0
2024-03-01T03:00:00Z,39872.4609375,39881.96875,39816.2109375,39844.01953125,0
2024-03-01T04:00:00Z,39842.98046875,39945.30078125,39842.26953125,39939.48828125,0
2024-03-01T05:00:00Z,39938.12109375,39990.23046875,39908.8515625,39941.16015625,0
2024-03-01T06:00:00Z,39910.8203125,39910.8203125,39910.8203125,39910.8203125,0
2024-03-04T00:00:00Z,40201.76171875,40301.30078125,40123.359375,40252.5390625,0
2024-03-04T01:00:00Z,40254.609375,40314.640625,40194.33984375,40226.73046875,0
2024-03-04T02:00:00Z,40227.6796875,40243.05859375,40154.30859375,40226.828125,0
2024-03-04T03:00:00Z,40166.41015625,40184.41015625,40076.26953125,40159.83984375,0
2024-03-04T04:00:00Z,40159.6796875,40159.6796875,40051.6796875,40100.6015625,0
2024-03-04T05:00:00Z,40100.1015625,40114.5390625,40001.55078125,40084.98046875,0
2024-03-04T06:00:00Z,40059.0703125,40109.23046875,40059.0703125,40109.23046875,0
2024-03-05T00:00:00Z,39881.73046875,40047.4296875,39862.0,39913.30859375,0
2024-03-05T01:00:00Z,39912.5703125,39952.2890625,39840.33984375,39900.5703125,0
2024-03-05T02:00:00Z,39899.48046875,39950.46875,39882.671875,39940.609375,0
2024-03-05T03:00:00Z,39978.859375,40167.609375,39972.8515625,40134.05859375,0
2024-03-05T04:00:00Z,40132.921875,40226.98828125,40127.55859375,40181.01953125,0
2024-03-05T05:00:00Z,40178.12890625,40213.44921875,40057.73046875,40124.73046875,0
2024-03-05T06:00:00Z,40143.23828125,40143.23828125,40097.62890625,40097.62890625,0
2024-03-06T00:00:00Z,39792.37109375,39975.2109375,39769.0390625,39945.890625,0
2024-03-06T01:00:00Z,39940.671875,40039.16015625,39929.609375,40008.8203125,0
2024-03-06T02:00:00Z,40011.03125,40021.640625,39980.62109375,39997.66015625,0
2024-03-06T03:00:00Z,40075.83984375,40076.83984375,39999.078125,40050.12890625,0
2024-03-06T04:00:00Z,40051.37109375,40094.171875,40028.78125,40073.0,0
2024-03-06T05:00:00Z,40075.48046875,40147.76953125,40064.25,40113.0703125,0
2024-03-06T06:00:00Z,40105.69140625,40105.69140625,40090.78125,40090.78125,0
2024-03-07T00:00:00Z,40331.05859375,40472.109375,40202.62890625,40202.62890625,0
2024-03-07T01:00:00Z,40203.140625,40203.51171875,39794.12890625,39815.3515625,0
2024-03-07T02:00:00Z,39815.16015625,39818.7109375,39680.73046875,39731.171875,0
2024-03-07T03:00:00Z,39732.6484375,39887.26171875,39653.75,39887.26171875,0
2024-03-07T04:00:00Z,39887.3984375,39887.3984375,39698.390625,39714.62890625,0
2024-03-07T05:00:00Z,39714.6484375,39741.640625,39518.3984375,39624.30078125,0
2024-03-07T06:00:00Z,39613.75,39613.75,39598.7109375,39598.7109375,0
2024-03-08T00:00:00Z,39809.55859375,39843.3984375,39551.6015625,39728.44140625,0
2024-03-08T01:00:00Z,39727.890625,39948.609375,39653.83984375,39948.578125,0
2024-03-08T02:00:00Z,39951.58984375,39951.58984375,39855.58984375,39935.23828125,0
2024-03-08T03:00:00Z,39883.7890625,39989.328125,39864.58984375,39906.01171875,0
2024-03-08T04:00:00Z,39900.26953125,39982.87109375,39745.41015625,39778.890625,0
2024-03-08T05:00:00Z,39779.21875,39786.9296875,39618.12109375,39666.01953125,0
2024-03-08T06:00:00Z,39649.921875,39688.94140625,39649.921875,39688.94140625,0
2024-03-11T00:00:00Z,39232.140625,39241.28125,38710.01171875,38742.6796875,0
2024-03-11T01:00:00Z,38741.421875,38835.109375,38701.55078125,38714.5,0
2024-03-11T02:00:00Z,38715.109375,38767.140625,38698.21875,38704.1015625,0
2024-03-11T03:00:00Z,38755.359375,38756.359375,38602.140625,38616.6796875,0
2024-03-11T04:00:00Z,38625.91015625,38648.53125,38496.66015625,38523.87890625,0
2024-03-11T05:00:00Z,38524.6015625,38836.73046875,38498.73046875,38836.73046875,0
2024-03-11T06:00:00Z,38868.1015625,38868.1015625,38820.48828125,38820.48828125,0
2024-03-12T00:00:00Z,38470.390625,38519.921875,38276.83984375,38360.609375,0
2024-03-12T01:00:00Z,38366.0390625,38458.16015625,38271.37890625,38371.46875,0
2024-03-12T02:00:00Z,38371.078125,38650.78125,38362.109375,38586.921875,0
2024-03-12T03:00:00Z,38679.921875,38698.359375,38578.98828125,38639.859375,0
2024-03-12T04:00:00Z,38634.7109375,38690.6796875,38544.5,38588.6484375,0
2024-03-12T05:00:00Z,38586.62890625,38824.80078125,38586.62890625,38810.73046875,0
2024-03-12T06:00:00Z,38841.80078125,38841.80078125,38797.51171875,38797.51171875,0
2024-03-13T00:00:00Z,39059.94921875,39147.80078125,38827.76171875,38854.96875,0
2024-03-13T01:00:00Z,38855.1796875,38855.1796875,38573.8984375,38723.9296875,0
2024-03-13T02:00:00Z,38724.87890625,38803.05859375,38629.1484375,38636.12109375,0
2024-03-13T03:00:00Z,38543.3515625,38686.8984375,38452.5703125,38668.44921875,0
2024-03-13T04:00:00Z,38670.16015625,38772.23046875,38643.8984375,38748.171875,0
2024-03-13T05:00:00Z,38749.26171875,38797.26171875,38653.8203125,38695.390625,0
2024-03-13T06:00:00Z,38671.76171875,38695.96875,38671.76171875,38695.96875,0
2024-03-14T00:00:00Z,38591.73046875,38621.21875,38400.171875,38477.58984375,0
2024-03-14T01:00:00Z,38438.4296875,38615.359375,38407.1796875,38588.12109375,0
2024-03-14T02:00:00Z,38586.19921875,38635.41015625,38527.0703125,38625.21875,0
2024-03-14T03:00:00Z,38599.55859375,38693.109375,38590.828125,38679.12890625,0
2024-03-14T04:00:00Z,38677.37109375,38809.9296875,38677.37109375,38806.80859375,0
2024-03-14T05:00:00Z,38805.98046875,38838.98046875,38745.328125,38822.25,0
2024-03-14T06:00:00Z,38840.328125,38840.328125,38807.37890625,38807.37890625,0
2024-03-15T00:00:00Z,38548.16015625,38753.48828125,38519.94140625,38657.05859375,0
2024-03-15T01:00:00Z,38655.3984375,38748.23828125,38579.69921875,38724.6484375,0
2024-03-15T02:00:00Z,38724.51171875,38779.359375,38663.8515625,38751.5390625,0
2024-03-15T03:00:00Z,38748.91015625,38808.6796875,38716.7890625,38750.01953125,0
2024-03-15T04:00:00Z,38747.12109375,38750.328125,38562.8515625,38597.44921875,0
2024-03-15T05:00:00Z,38596.53125,38718.87890625,38596.53125,38718.87890625,0
2024-03-15T06:00:00Z,38707.640625,38707.640625,38707.640625,38707.640625,0
2024-03-18T00:00:00Z,38960.98828125,39523.62890625,38935.46875,39523.62890625,0
2024-03-18T01:00:00Z,39515.859375,39594.8515625,39469.55859375,39594.8515625,0
2024-03-18T02:00:00Z,39592.80859375,39612.94140625,39496.94140625,39521.4296875,0
2024-03-18T03:00:00Z,39552.7890625,39595.4296875,39532.609375,39573.7109375,0
2024-03-18T04:00:00Z,39572.3984375,39652.80078125,39563.21875,39617.01171875,0
2024-03-18T05:00:00Z,39617.1796875,39722.8515625,39606.23828125,39715.83984375,0
2024-03-18T06:00:00Z,39769.109375,39769.109375,39740.44140625,39740.44140625,0
2024-03-19T00:00:00Z,39622.578125,39622.578125,39458.8984375,39489.76171875,0
2024-03-19T01:00:00Z,39492.26171875,39549.140625,39407.5,39443.4296875,0
2024-03-19T02:00:00Z,39445.328125,39596.2890625,39445.328125,39596.2890625,0
2024-03-19T03:00:00Z,39568.01171875,39908.171875,39449.078125,39699.46875,0
2024-03-19T04:00:00Z,39719.109375,39907.03125,39658.7890625,39875.78125,0
2024-03-19T05:00:00Z,39876.98828125,39958.421875,39831.75,39958.390625,0
2024-03-19T06:00:00Z,39985.51171875,40003.6015625,39985.51171875,40003.6015625,0
2024-03-21T00:00:00Z,40511.55078125,40748.76953125,40487.19921875,40717.2890625,0
2024-03-21T01:00:00Z,40711.55078125,40744.140625,40452.19140625,40569.578125,0
2024-03-21T02:00:00Z,40565.3984375,40688.3203125,40530.7890625,40670.51953125,0
2024-03-21T03:00:00Z,40654.6484375,40681.390625,40596.078125,40670.83984375,0
2024-03-21T04:00:00Z,40670.078125,40812.55078125,40643.53125,40803.26953125,0
2024-03-21T05:00:00Z,40803.55078125,40823.3203125,40750.01171875,40796.12109375,0
2024-03-21T06:00:00Z,40795.51171875,40815.66015625,40795.51171875,40815.66015625,0
2024-03-22T00:00:00Z,40942.87890625,41087.75,40903.0390625,41040.8203125,0
2024-03-22T01:00:00Z,41045.4296875,41064.7109375,40892.23046875,40909.69921875,0
2024-03-22T02:00:00Z,40910.37109375,40930.21875,40843.19140625,40844.53125,0
2024-03-22T03:00:00Z,40785.66015625,40860.87109375,40714.140625,40851.5390625,0
2024-03-22T04:00:00Z,40851.671875,40939.8515625,40825.55859375,40912.6796875,0
2024-03-22T05:00:00Z,40915.921875,41001.5,40890.4296875,40904.19921875,0
2024-03-22T06:00:00Z,40889.5703125,40889.5703125,40888.4296875,40888.4296875,0
2024-03-25T00:00:00Z,40798.9609375,40837.1796875,40686.08984375,40788.91015625,0
2024-03-25T01:00:00Z,40789.6015625,40818.26953125,40594.3515625,40653.9296875,0
2024-03-25T02:00:00Z,40654.87109375,40659.98046875,40568.76953125,40621.23828125,0
2024-03-25T03:00:00Z,40588.5703125,40649.19140625,40540.26171875,40614.0390625,0
2024-03-25T04:00:00Z,40615.76953125,40654.609375,40577.75,40637.44140625,0
2024-03-25T05:00:00Z,40637.05859375,40647.44140625,40440.4609375,40442.2890625,0
2024-03-25T06:00:00Z,40417.46875,40417.46875,40414.12109375,40414.12109375,0
2024-03-26T00:00:00Z,40345.0390625,40529.53125,40308.4296875,40474.12890625,0
2024-03-26T01:00:00Z,40471.62890625,40510.171875,40369.6484375,40404.421875,0
2024-03-26T02:00:00Z,40406.16015625,40406.16015625,40327.75,40364.3984375,0
2024-03-26T03:00:00Z,40346.7890625,40394.1484375,40280.8515625,40389.671875,0
2024-03-26T04:00:00Z,40389.73828125,40455.98046875,40355.58984375,40364.6484375,0
2024-03-26T05:00:00Z,40364.16015625,40484.23828125,40328.03125,40449.66015625,0
2024-03-26T06:00:00Z,40420.640625,40420.640625,40398.03125,40398.03125,0
2024-03-27T00:00:00Z,40517.171875,40677.0,40452.2109375,40675.91015625,0
2024-03-27T01:00:00Z,40674.7890625,40794.41015625,40589.78125,40771.1796875,0
2024-03-27T02:00:00Z,40772.8984375,40811.2109375,40756.98828125,40804.8515625,0
2024-03-27T03:00:00Z,40833.78125,40896.390625,40806.140625,40847.0390625,0
2024-03-27T04:00:00Z,40847.1484375,40897.890625,40806.8203125,40897.890625,0
2024-03-27T05:00:00Z,40898.25,40979.359375,40747.46875,40758.30859375,0
2024-03-27T06:00:00Z,40750.78125,40762.73046875,40750.78125,40762.73046875,0
2024-03-28T00:00:00Z,40324.421875,40482.01953125,40289.53125,40357.66015625,0
2024-03-28T01:00:00Z,40357.5703125,40385.12890625,40213.2109375,40246.25,0
2024-03-28T02:00:00Z,40244.98828125,40285.828125,40219.30859375,40283.44140625,0
2024-03-28T03:00:00Z,40299.921875,40324.01171875,40254.69140625,40297.91015625,0
2024-03-28T04:00:00Z,40292.6484375,40306.75,40238.859375,40278.37109375,0
2024-03-28T05:00:00Z,40278.98046875,40283.08984375,40054.05859375,40150.4296875,0
2024-03-28T06:00:00Z,40160.921875,40168.0703125,40160.921875,40168.0703125,0
2024-03-29T00:00:00Z,40277.44921875,40420.87890625,40275.640625,40329.578125,0
2024-03-29T01:00:00Z,40332.01953125,40418.48046875,40294.46875,40403.37890625,0
2024-03-29T02:00:00Z,40401.6484375,40466.8203125,40386.078125,40466.8203125,0
2024-03-29T03:00:00Z,40339.05078125,40362.2890625,40268.109375,40297.5390625,0
2024-03-29T04:00:00Z,40297.12890625,40358.25,40283.7109375,40350.44921875,0
2024-03-29T05:00:00Z,40350.37890625,40521.7109375,40320.96875,40444.0703125,0
2024-03-29T06:00:00Z,40393.44140625,40393.44140625,40369.44140625,40369.44140625,0
2024-04-01T00:00:00Z,40646.69921875,40697.21875,40320.66015625,40401.890625,0
2024-04-01T01:00:00Z,40403.390625,40403.8203125,39963.12109375,39964.078125,0
2024-04-01T02:00:00Z,39963.19140625,39968.01953125,39737.19921875,39765.21875,0
2024-04-01T03:00:00Z,39709.98828125,39954.8203125,39706.44921875,39932.30078125,0
2024-04-01T04:00:00Z,39929.98046875,39975.6015625,39869.0703125,39928.4296875,0
2024-04-01T05:00:00Z,39929.2109375,39940.6796875,39804.01953125,39836.80859375,0
2024-04-01T06:00:00Z,39828.0390625,39828.0390625,39803.08984375,39803.08984375,0
2024-04-02T00:00:00Z,39892.58984375,40151.05078125,39792.2109375,40057.03125,0
2024-04-02T01:00:00Z,40058.5703125,40065.73046875,39855.98828125,39945.98046875,0
2024-04-02T02:00:00Z,39958.76953125,39984.55078125,39838.8984375,39853.19921875,0
2024-04-02T03:00:00Z,39917.390625,39917.390625,39727.0703125,39773.359375,0
2024-04-02T04:00:00Z,39779.80859375,39829.7109375,39707.87109375,39811.7890625,0
2024-04-02T05:00:00Z,39812.109375,39864.19140625,39765.69140625,39846.1796875,0
2024-04-02T06:00:00Z,39849.19921875,39849.19921875,39838.91015625,39838.91015625,0
2024-04-03T00:00:00Z,39503.71875,39603.7109375,39217.0390625,39534.828125,0
2024-04-03T01:00:00Z,39547.76171875,39547.76171875,39296.1015625,39435.890625,0
2024-04-03T02:00:00Z,39438.6796875,39476.3515625,39360.76953125,39428.578125,0
2024-04-03T03:00:00Z,39469.69921875,39618.05078125,39442.23046875,39597.0703125,0
2024-04-03T04:00:00Z,39596.5390625,39625.8984375,39533.609375,39606.73828125,0
2024-04-03T05:00:00Z,39601.6015625,39617.69921875,39443.48828125,39465.109375,0
2024-04-03T06:00:00Z,39446.73828125,39451.8515625,39446.73828125,39451.8515625,0
2024-04-04T00:00:00Z,39928.328125,40243.01953125,39899.44140625,40099.3515625,0
2024-04-04T01:00:00Z,40111.33984375,40191.03125,40004.109375,40121.9609375,0
2024-04-04T02:00:00Z,40120.46875,40124.01953125,40018.12890625,40101.8203125,0
2024-04-04T03:00:00Z,40135.71875,40162.44921875,40082.921875,40086.390625,0
2024-04-04T04:00:00Z,40085.3515625,40115.96875,39985.05078125,39999.91015625,0
2024-04-04T05:00:00Z,39999.71875,39999.71875,39798.6015625,39839.5703125,0
2024-04-04T06:00:00Z,39806.48046875,39806.48046875,39773.140625,39773.140625,0
2024-04-05T00:00:00Z,39237.390625,39274.76171875,38990.1015625,39012.69140625,0
2024-04-05T01:00:00Z,39012.671875,39039.6015625,38774.23828125,38808.8203125,0
2024-04-05T02:00:00Z,38807.2890625,38872.890625,38787.55859375,38812.23828125,0
2024-04-05T03:00:00Z,38842.28125,39056.26953125,38829.87890625,39056.26953125,0
2024-04-05T04:00:00Z,39053.26171875,39053.26171875,38926.33984375,38927.33984375,0
2024-04-05T05:00:00Z,38927.828125,39011.3515625,38874.69140625,39005.6796875,0
2024-04-05T06:00:00Z,39014.62109375,39014.62109375,38992.078125,38992.078125,0
2024-04-08T00:00:00Z,39407.19921875,39492.19921875,39294.30859375,39436.71875,0
2024-04-08T01:00:00Z,39436.23046875,39615.26171875,39388.26171875,39599.25,0
2024-04-08T02:00:00Z,39600.109375,39617.359375,39505.328125,39517.80859375,0
2024-04-08T03:00:00Z,39409.6484375,39409.6484375,39218.609375,39232.03125,0
2024-04-08T04:00:00Z,39230.94140625,39345.66015625,39225.1796875,39299.26171875,0
2024-04-08T05:00:00Z,39299.078125,39326.87109375,39202.2890625,39319.3984375,0
2024-04-08T06:00:00Z,39335.33984375,39347.0390625,39335.33984375,39347.0390625,0
2024-04-09T00:00:00Z,39496.94921875,39649.26953125,39496.94921875,39532.62890625,0
2024-04-09T01:00:00Z,39534.3203125,39639.25,39491.390625,39524.05078125,0
2024-04-09T02:00:00Z,39524.30859375,39567.51171875,39476.12890625,39540.76171875,0
2024-04-09T03:00:00Z,39559.26953125,39636.3515625,39518.9609375,39610.55859375,0
2024-04-09T04:00:00Z,39613.37890625,39691.51171875,39579.19140625,39653.4296875,0
2024-04-09T05:00:00Z,39653.140625,39764.91015625,39648.08984375,39738.171875,0
2024-04-09T06:00:00Z,39750.8515625,39773.12890625,39750.8515625,39773.12890625,0
2024-04-10T00:00:00Z,39582.328125,39703.9296875,39535.23046875,39611.98828125,0
2024-04-10T01:00:00Z,39612.37890625,39676.08984375,39563.6015625,39625.30859375,0
2024-04-10T02:00:00Z,39626.3203125,39693.23828125,39619.87109375,39666.23828125,0
2024-04-10T03:00:00Z,39683.8203125,39708.69921875,39649.19921875,39652.3515625,0
2024-04-10T04:00:00Z,39659.921875,39663.33984375,39602.390625,39642.55078125,0
2024-04-10T05:00:00Z,39643.51953125,39678.66015625,39512.421875,39551.94921875,0
2024-04-10T06:00:00Z,39572.26171875,39581.80859375,39572.26171875,39581.80859375,0
2024-04-11T00:00:00Z,39090.6796875,39291.37890625,39065.30859375,39287.6015625,0
2024-04-11T01:00:00Z,39289.109375,39355.6484375,39229.71875,39282.578125,0
2024-04-11T02:00:00Z,39281.44921875,39383.73046875,39277.91015625,39383.73046875,0
2024-04-11T03:00:00Z,39405.828125,39441.75,39384.1796875,39418.26171875,0
2024-04-11T04:00:00Z,39417.94140625,39438.140625,39359.69921875,39409.25,0
2024-04-11T05:00:00Z,39409.46875,39473.48046875,39386.2109375,39424.44140625,0
2024-04-11T06:00:00Z,39423.96875,39442.62890625,39423.96875,39442.62890625,0
2024-04-12T00:00:00Z,39722.01953125,39774.8203125,39514.66015625,39524.46875,0
2024-04-12T01:00:00Z,39523.48828125,39702.80078125,39457.73046875,39702.62890625,0
2024-04-12T02:00:00Z,39703.3984375,39708.21875,39635.05859375,39642.66015625,0
2024-04-12T03:00:00Z,39675.7890625,39684.578125,39588.1484375,39594.48046875,0
2024-04-12T04:00:00Z,39594.98828125,39626.2109375,39532.609375,39536.98828125,0
2024-04-12T05:00:00Z,39537.109375,39589.8203125,39503.0,39545.87109375,0
2024-04-12T06:00:00Z,39535.66015625,39535.66015625,39523.55078125,39523.55078125,0
2024-04-15T00:00:00Z,39056.9296875,39115.5703125,38820.94921875,38971.859375,0
2024-04-15T01:00:00Z,38979.4296875,39108.44921875,38922.7890625,39092.73828125,0
2024-04-15T02:00:00Z,39091.078125,39170.3515625,39080.03125,39114.19140625,0
2024-04-15T03:00:00Z,39092.21875,39166.7890625,39083.3515625,39083.3515625,0
2024-04-15T04:00:00Z,39079.91015625,39140.48828125,39069.4609375,39125.37890625,0
2024-04-15T05:00:00Z,39124.75,39204.30078125,39124.75,39204.30078125,0
2024-04-15T06:00:00Z,39210.1484375,39232.80078125,39210.1484375,39232.80078125,0
2024-04-16T00:00:00Z,38750.671875,38764.8203125,38523.30859375,38605.83984375,0
2024-04-16T01:00:00Z,38601.19921875,38611.2109375,38461.109375,38516.08984375,0
2024-04-16T02:00:00Z,38515.9609375,38526.48828125,38405.578125,38405.578125,0
2024-04-16T03:00:00Z,38382.3515625,38446.390625,38326.69921875,38446.390625,0
2024-04-16T04:00:00Z,38446.3984375,38446.3984375,38322.3203125,38413.30078125,0
2024-04-16T05:00:00Z,38412.421875,38591.05859375,38387.078125,38482.140625,0
2024-04-16T06:00:00Z,38463.671875,38471.19921875,38463.671875,38471.19921875,0
2024-04-17T00:00:00Z,38587.46875,38587.609375,38160.828125,38250.16015625,0
2024-04-17T01:00:00Z,38251.6015625,38371.94921875,38162.01171875,38359.16015625,0
2024-04-17T02:00:00Z,38360.609375,38430.75,38345.859375,38404.44921875,0
2024-04-17T03:00:00Z,38415.69921875,38502.6015625,38376.171875,38459.48828125,0
2024-04-17T04:00:00Z,38458.48828125,38474.01953125,38281.51953125,38334.48828125,0
2024-04-17T05:00:00Z,38335.6484375,38335.6484375,37976.171875,37982.609375,0
2024-04-17T06:00:00Z,37996.98046875,37996.98046875,37961.80078125,37961.80078125,0
2024-04-18T00:00:00Z,37745.0390625,37873.58984375,37644.91015625,37831.94140625,0
2024-04-18T01:00:00Z,37831.87890625,37955.75,37776.3515625,37955.75,0
2024-04-18T02:00:00Z,37955.55859375,38090.87109375,37924.609375,38090.87109375,0
2024-04-18T03:00:00Z,38136.5703125,38164.078125,38077.3203125,38116.859375,0
2024-04-18T04:00:00Z,38116.5703125,38187.078125,38055.171875,38065.94140625,0
2024-04-18T05:00:00Z,38073.51953125,38216.75,38013.8984375,38064.48828125,0
2024-04-18T06:00:00Z,38066.01953125,38079.69921875,38066.01953125,38079.69921875,0
2024-04-19T00:00:00Z,37724.46875,37749.48046875,37226.0703125,37240.1796875,0
2024-04-19T01:00:00Z,37241.05859375,37292.83984375,36824.48046875,36944.75,0
2024-04-19T02:00:00Z,36943.4296875,36955.83984375,36733.05859375,36818.80859375,0
2024-04-19T03:00:00Z,37062.98828125,37177.23046875,37003.1484375,37138.19921875,0
2024-04-19T04:00:00Z,37142.8515625,37213.390625,37011.58984375,37083.46875,0
2024-04-19T05:00:00Z,37083.98828125,37259.87890625,37064.69140625,37096.5,0
2024-04-19T06:00:00Z,37109.23046875,37109.23046875,37068.3515625,37068.3515625,0
2024-04-22T00:00:00Z,37240.9296875,37511.80078125,37101.08984375,37117.4296875,0
2024-04-22T01:00:00Z,37113.7109375,37289.48828125,37052.62890625,37243.05078125,0
2024-04-22T02:00:00Z,37245.01171875,37400.26171875,37235.55078125,37334.96875,0
2024-04-22T03:00:00Z,37289.78125,37289.78125,37191.44921875,37193.66015625,0
2024-04-22T04:00:00Z,37191.6796875,37305.96875,37156.96875,37290.87109375,0
2024-04-22T05:00:00Z,37290.7109375,37474.87109375,37174.25,37474.87109375,0
2024-04-22T06:00:00Z,37466.87890625,37466.87890625,37438.609375,37438.609375,0
2024-04-23T00:00:00Z,37797.05859375,37817.78125,37570.58984375,37640.7890625,0
2024-04-23T01:00:00Z,37643.53125,37643.53125,37421.87890625,37427.390625,0
2024-04-23T02:00:00Z,37428.9296875,37549.76953125,37397.26953125,37538.05859375,0
2024-04-23T03:00:00Z,37505.6484375,37588.48828125,37491.7890625,37547.8515625,0
2024-04-23T04:00:00Z,37552.01953125,37637.609375,37533.23046875,37595.66015625,0
2024-04-23T05:00:00Z,37595.71875,37610.66015625,37494.23828125,37550.6796875,0
2024-04-23T06:00:00Z,37561.9296875,37561.9296875,37552.16015625,37552.16015625,0
2024-04-24T00:00:00Z,37871.921875,38328.25,37857.46875,38297.76171875,0
2024-04-24T01:00:00Z,38298.25,38351.0390625,38170.30078125,38316.01953125,0
2024-04-24T02:00:00Z,38316.44140625,38351.44140625,38274.48046875,38329.390625,0
2024-04-24T03:00:00Z,38307.078125,38424.76171875,38307.0703125,38411.91015625,0
2024-04-24T04:00:00Z,38412.44921875,38417.8984375,38333.41015625,38407.421875,0
2024-04-24T05:00:00Z,38407.87109375,38439.5703125,38356.78125,38416.5703125,0
2024-04-24T06:00:00Z,38450.48046875,38460.078125,38450.48046875,38460.078125,0
2024-04-25T00:00:00Z,38065.91015625,38129.53125,37880.9609375,38001.828125,0
2024-04-25T01:00:00Z,38003.98046875,38028.69140625,37722.109375,37779.71875,0
2024-04-25T02:00:00Z,37781.30078125,37825.51171875,37745.26171875,37818.109375,0
2024-04-25T03:00:00Z,37776.640625,37776.640625,37672.69140625,37691.80859375,0
2024-04-25T04:00:00Z,37691.3984375,37738.80859375,37651.1015625,37692.41015625,0
2024-04-25T05:00:00Z,37691.41015625,37692.1015625,37604.23046875,37630.55859375,0
2024-04-25T06:00:00Z,37613.671875,37628.48046875,37613.671875,37628.48046875,0
2024-04-26T00:00:00Z,37725.609375,37786.640625,37550.69921875,37649.80078125,0
2024-04-26T01:00:00Z,37655.73828125,37807.578125,37606.96875,37806.578125,0
2024-04-26T02:00:00Z,37806.87890625,37852.96875,37768.51953125,37780.3515625,0
2024-04-26T03:00:00Z,37926.05859375,38084.921875,37883.83984375,37915.73046875,0
2024-04-26T04:00:00Z,37918.5390625,38086.98046875,37859.9296875,38037.23828125,0
2024-04-26T05:00:00Z,38039.66015625,38061.328125,37919.8515625,37928.140625,0
2024-04-26T06:00:00Z,37929.2890625,37934.76171875,37929.2890625,37934.76171875,0
2024-04-30T00:00:00Z,38312.66015625,38454.421875,38252.7109375,38391.51953125,0
2024-04-30T01:00:00Z,38394.94140625,38608.171875,38368.94140625,38577.69140625,0
2024-04-30T02:00:00Z,38578.578125,38581.30859375,38453.0390625,38459.01171875,0
2024-04-30T03:00:00Z,38392.23828125,38446.76171875,38361.890625,38412.0703125,0
2024-04-30T04:00:00Z,38413.87109375,38471.12890625,38319.44921875,38344.26171875,0
2024-04-30T05:00:00Z,38339.55078125,38372.91015625,38182.109375,38372.91015625,0
2024-04-30T06:00:00Z,38411.23828125,38411.23828125,38405.66015625,38405.66015625,0
2024-05-01T00:00:00Z,38107.37890625,38276.55078125,38078.109375,38129.1015625,0
2024-05-01T01:00:00Z,38130.19140625,38182.6015625,38036.23828125,38134.0703125,0
2024-05-01T02:00:00Z,38135.01171875,38194.75,38081.890625,38189.5390625,0
2024-05-01T03:00:00Z,38264.80859375,38427.48828125,38264.80859375,38421.0390625,0
2024-05-01T04:00:00Z,38419.62109375,38433.33984375,38330.8515625,38346.078125,0
2024-05-01T05:00:00Z,38346.73046875,38368.05078125,38235.609375,38235.609375,0
2024-05-01T06:00:00Z,38239.390625,38274.05078125,38239.390625,38274.05078125,0
2024-05-02T00:00:00Z,38004.01171875,38206.609375,37958.19140625,38161.75,0
2024-05-02T01:00:00Z,38164.21875,38199.9296875,38114.5703125,38199.4609375,0
2024-05-02T02:00:00Z,38199.109375,38300.75,38161.0,38299.7109375,0
2024-05-02T03:00:00Z,38348.37890625,38355.6015625,38234.98046875,38275.2890625,0
2024-05-02T04:00:00Z,38276.890625,38278.4296875,38214.578125,38260.23828125,0
2024-05-02T05:00:00Z,38259.1484375,38307.37890625,38203.4609375,38203.7109375,0
2024-05-02T06:00:00Z,38210.98828125,38236.0703125,38210.98828125,38236.0703125,0
2024-05-07T00:00:00Z,38636.23046875,38863.140625,38578.01953125,38609.26953125,0
2024-05-07T01:00:00Z,38609.359375,38687.8203125,38541.96875,38682.53125,0
2024-05-07T02:00:00Z,38673.25,38697.2109375,38613.671875,38688.66015625,0
2024-05-07T03:00:00Z,38670.48828125,38800.71875,38668.98046875,38762.19140625,0
2024-05-07T04:00:00Z,38757.83984375,38821.62109375,38722.171875,38723.16015625,0
2024-05-07T05:00:00Z,38723.78125,38786.140625,38677.8203125,38786.140625,0
2024-05-07T06:00:00Z,38791.578125,38835.1015625,38791.578125,38835.1015625,0
2024-05-08T00:00:00Z,38677.5703125,38749.3515625,38396.87109375,38456.2890625,0
2024-05-08T01:00:00Z,38456.171875,38506.87109375,38388.12109375,38422.5390625,0
2024-05-08T02:00:00Z,38423.58984375,38477.76953125,38283.98046875,38303.390625,0
2024-05-08T03:00:00Z,38259.37109375,38340.9296875,38259.37109375,38309.4296875,0
2024-05-08T04:00:00Z,38307.41015625,38307.41015625,38159.8515625,38214.87890625,0
2024-05-08T05:00:00Z,38215.640625,38298.69921875,38185.53125,38188.44140625,0
2024-05-08T06:00:00Z,38184.55078125,38202.37109375,38184.55078125,38202.37109375,0
2024-05-09T00:00:00Z,38242.921875,38354.921875,38115.41015625,38287.0,0
2024-05-09T01:00:00Z,38278.37109375,38371.44140625,38234.0,38355.328125,0
2024-05-09T02:00:00Z,38355.08984375,38395.9296875,38309.48046875,38392.1015625,0
2024-05-09T03:00:00Z,38425.01171875,38429.80859375,38336.0703125,38337.12890625,0
2024-05-09T04:00:00Z,38338.19140625,38365.30859375,38244.7109375,38257.05859375,0
2024-05-09T05:00:00Z,38259.9296875,38273.37109375,38072.23828125,38072.23828125,0
2024-05-09T06:00:00Z,38079.96875,38079.96875,38073.98046875,38073.98046875,0
2024-05-10T00:00:00Z,38361.7890625,38741.87890625,38321.98046875,38620.421875,0
2024-05-10T01:00:00Z,38618.98828125,38669.1484375,38274.80078125,38347.6796875,0
2024-05-10T02:00:00Z,38349.9296875,38383.96875,38293.05078125,38311.62890625,0
2024-05-10T03:00:00Z,38253.76171875,38283.75,38180.4296875,38245.0703125,0
2024-05-10T04:00:00Z,38244.62890625,38249.98828125,38126.91015625,38207.58984375,0
2024-05-10T05:00:00Z,38207.48046875,38257.69140625,38133.8984375,38257.69140625,0
2024-05-10T06:00:00Z,38268.4609375,38268.4609375,38229.109375,38229.109375,0
2024-05-13T00:00:00Z,38211.609375,38235.76171875,38053.83984375,38181.21875,0
2024-05-13T01:00:00Z,38180.8203125,38180.8203125,37969.578125,38118.46875,0
2024-05-13T02:00:00Z,38118.87109375,38273.3984375,38118.87109375,38243.58984375,0
2024-05-13T03:00:00Z,38248.08984375,38248.08984375,38125.609375,38126.3515625,0
2024-05-13T04:00:00Z,38126.2109375,38157.3203125,38052.8203125,38103.828125,0
2024-05-13T05:00:00Z,38103.98046875,38190.0,38082.21875,38167.73828125,0
2024-05-13T06:00:00Z,38163.71875,38179.4609375,38163.71875,38179.4609375,0
2024-05-14T00:00:00Z,38287.98828125,38477.6796875,38275.23046875,38351.69140625,0
2024-05-14T01:00:00Z,38351.69140625,38367.6796875,38166.03125,38234.328125,0
2024-05-14T02:00:00Z,38236.4296875,38248.6796875,38141.98046875,38199.1015625,0
2024-05-14T03:00:00Z,38109.66015625,38170.390625,38084.7109375,38170.390625,0
2024-05-14T04:00:00Z,38171.671875,38289.3984375,38171.671875,38246.3984375,0
2024-05-14T05:00:00Z,38245.87890625,38333.96875,38205.94921875,38309.62109375,0
2024-05-14T06:00:00Z,38314.5,38356.05859375,38314.5,38356.05859375,0
2024-05-15T00:00:00Z,38533.08984375,38816.6015625,38525.3515625,38530.26171875,0
2024-05-15T01:00:00Z,38531.33984375,38591.421875,38466.109375,38512.2109375,0
2024-05-15T02:00:00Z,38512.96875,38557.73046875,38448.12109375,38491.1484375,0
2024-05-15T03:00:00Z,38605.609375,38613.30078125,38485.01953125,38490.58984375,0
2024-05-15T04:00:00Z,38490.78125,38490.78125,38386.890625,38399.16015625,0
2024-05-15T05:00:00Z,38398.62890625,38409.4609375,38335.609375,38380.640625,0
2024-05-15T06:00:00Z,38375.87890625,38385.73046875,38375.87890625,38385.73046875,0
2024-05-16T00:00:00Z,38645.9609375,38897.53125,38513.328125,38606.828125,0
2024-05-16T01:00:00Z,38609.16015625,38754.5703125,38576.9609375,38632.1484375,0
2024-05-16T02:00:00Z,38631.55859375,38686.41015625,38586.73046875,38669.5703125,0
2024-05-16T03:00:00Z,38701.359375,38733.55859375,38671.37890625,38696.80078125,0
2024-05-16T04:00:00Z,38696.6796875,38799.1015625,38678.171875,38771.55859375,0
2024-05-16T05:00:00Z,38771.9296875,38949.37890625,38722.28125,38904.671875,0
2024-05-16T06:00:00Z,38905.421875,38920.26171875,38905.421875,38920.26171875,0
2024-05-17T00:00:00Z,38561.0390625,38688.94921875,38540.328125,38575.26953125,0
2024-05-17T01:00:00Z,38576.2890625,38799.9296875,38561.87890625,38790.73046875,0
2024-05-17T02:00:00Z,38791.4296875,38799.55078125,38736.078125,38782.078125,0
2024-05-17T03:00:00Z,38739.6484375,38842.48828125,38716.5,38806.62890625,0
2024-05-17T04:00:00Z,38808.48046875,38821.140625,38747.9296875,38747.9296875,0
2024-05-17T05:00:00Z,38748.16015625,38777.12890625,38685.140625,38770.44921875,0
2024-05-17T06:00:00Z,38753.73828125,38787.37890625,38753.73828125,38787.37890625,0
2024-05-20T00:00:00Z,38761.7109375,39233.03125,38703.69921875,39232.921875,0
2024-05-20T01:00:00Z,39231.01953125,39437.16015625,39221.5,39374.76171875,0
2024-05-20T02:00:00Z,39379.2109375,39383.828125,39249.05859375,39346.921875,0
2024-05-20T03:00:00Z,39221.390625,39241.640625,39138.58984375,39170.46875,0
2024-05-20T04:00:00Z,39171.21875,39219.8203125,39117.44921875,39141.26171875,0
2024-05-20T05:00:00Z,39141.53125,39153.28125,39018.23046875,39090.0,0
2024-05-20T06:00:00Z,39091.1484375,39091.1484375,39069.6796875,39069.6796875,0
2024-05-21T00:00:00Z,39232.16015625,39346.1484375,39196.66015625,39215.55859375,0
2024-05-21T01:00:00Z,39214.98046875,39239.30859375,39119.69140625,39127.9296875,0
2024-05-21T02:00:00Z,39127.62109375,39143.609375,39087.51953125,39135.91015625,0
2024-05-21T03:00:00Z,39167.328125,39193.19921875,39096.55078125,39097.828125,0
2024-05-21T04:00:00Z,39097.94921875,39103.44140625,39022.87109375,39047.98828125,0
2024-05-21T05:00:00Z,39048.0,39048.0,38942.328125,38950.6015625,0
2024-05-21T06:00:00Z,38942.28125,38946.9296875,38942.28125,38946.9296875,0
2024-05-22T00:00:00Z,38823.91015625,38854.98828125,38645.828125,38669.71875,0
2024-05-22T01:00:00Z,38669.83984375,38737.609375,38624.9609375,38696.4296875,0
2024-05-22T02:00:00Z,38694.73828125,38758.01171875,38692.4296875,38719.3515625,0
2024-05-22T03:00:00Z,38704.078125,38773.98828125,38665.05078125,38755.5,0
2024-05-22T04:00:00Z,38754.12890625,38763.3203125,38607.578125,38609.55859375,0
2024-05-22T05:00:00Z,38610.390625,38669.33984375,38592.94140625,38615.828125,0
2024-05-22T06:00:00Z,38604.9296875,38617.1015625,38604.9296875,38617.1015625,0
2024-05-23T00:00:00Z,38803.12890625,38938.671875,38617.4296875,38825.8984375,0
2024-05-23T01:00:00Z,38827.23046875,38923.3984375,38799.640625,38844.1796875,0
2024-05-23T02:00:00Z,38844.28125,38922.98046875,38831.87890625,38913.48046875,0
2024-05-23T03:00:00Z,39032.83984375,39084.12109375,38981.75,39079.30859375,0
2024-05-23T04:00:00Z,39084.87109375,39129.46875,39048.55078125,39082.671875,0
2024-05-23T05:00:00Z,39083.890625,39124.9609375,39018.5703125,39110.73828125,0
2024-05-23T06:00:00Z,39112.9609375,39112.9609375,39103.21875,39103.21875,0
2024-05-24T00:00:00Z,38506.03125,38611.80859375,38367.69921875,38566.8984375,0
2024-05-24T01:00:00Z,38564.16015625,38710.53125,38550.37890625,38594.9609375,0
2024-05-24T02:00:00Z,38595.41015625,38658.05859375,38595.41015625,38649.1484375,0
2024-05-24T03:00:00Z,38677.609375,38710.7109375,38627.80859375,38635.0703125,0
2024-05-24T04:00:00Z,38633.171875,38740.8203125,38629.359375,38714.80078125,0
2024-05-24T05:00:00Z,38717.03125,38735.73046875,38566.51171875,38617.2109375,0
2024-05-24T06:00:00Z,38620.640625,38646.109375,38620.640625,38646.109375,0
2024-05-27T00:00:00Z,38766.2109375,38802.73828125,38691.69140625,38739.80859375,0
2024-05-27T01:00:00Z,38740.12109375,38764.078125,38667.9296875,38733.03125,0
2024-05-27T02:00:00Z,38729.5703125,38762.3515625,38709.12890625,38758.9609375,0
2024-05-27T03:00:00Z,38715.12109375,38771.390625,38715.12109375,38727.828125,0
2024-05-27T04:00:00Z,38729.890625,38773.23046875,38689.23828125,38772.05859375,0
2024-05-27T05:00:00Z,38771.30078125,38888.71875,38771.30078125,38888.71875,0
2024-05-27T06:00:00Z,38887.140625,38900.01953125,38887.140625,38900.01953125,0
2024-05-28T00:00:00Z,38879.1484375,38981.96875,38786.859375,38866.98828125,0
2024-05-28T01:00:00Z,38864.46875,38878.7890625,38756.12890625,38805.078125,0
2024-05-28T02:00:00Z,38804.80078125,38826.05078125,38768.53125,38783.26953125,0
2024-05-28T03:00:00Z,38780.55078125,38845.69921875,38765.2890625,38827.23046875,0
2024-05-28T04:00:00Z,38826.98046875,38868.6015625,38807.0703125,38812.4296875,0
2024-05-28T05:00:00Z,38810.859375,38882.0390625,38786.94140625,38863.1015625,0
2024-05-28T06:00:00Z,38856.69921875,38856.69921875,38855.37109375,38855.37109375,0
2024-05-29T00:00:00Z,38880.5,39141.98828125,38808.12890625,38819.890625,0
2024-05-29T01:00:00Z,38823.55078125,38874.859375,38675.109375,38719.80859375,0
2024-05-29T02:00:00Z,38720.73046875,38805.01171875,38712.109375,38789.51953125,0
2024-05-29T03:00:00Z,38721.21875,38756.8515625,38666.4609375,38680.25,0
2024-05-29T04:00:00Z,38681.30859375,38700.5703125,38640.44140625,38657.421875,0
2024-05-29T05:00:00Z,38657.62890625,38672.26953125,38524.23828125,38529.6015625,0
2024-05-29T06:00:00Z,38528.08984375,38556.87109375,38528.08984375,38556.87109375,0
2024-05-30T00:00:00Z,38112.76953125,38138.03125,37617.0,37633.6796875,0
2024-05-30T01:00:00Z,37644.37890625,37962.96875,37640.76953125,37906.87109375,0
2024-05-30T02:00:00Z,37906.51171875,37989.44140625,37886.87109375,37974.46875,0
2024-05-30T03:00:00Z,38058.671875,38101.30078125,38029.19140625,38064.671875,0
2024-05-30T04:00:00Z,38066.0390625,38111.87109375,38007.73046875,38071.94140625,0
2024-05-30T05:00:00Z,38072.640625,38095.7109375,37893.30078125,37990.5,0
2024-05-30T06:00:00Z,38019.30859375,38054.12890625,38019.30859375,38054.12890625,0
2024-05-31T00:00:00Z,38173.21875,38311.44921875,38087.609375,38292.0,0
2024-05-31T01:00:00Z,38288.19921875,38333.76953125,38116.51953125,38174.66015625,0
2024-05-31T02:00:00Z,38175.78125,38218.140625,38110.0703125,38119.9609375,0
2024-05-31T03:00:00Z,38245.55078125,38390.5390625,38245.55078125,38369.19140625,0
2024-05-31T04:00:00Z,38369.640625,38426.48046875,38361.73046875,38426.23046875,0
2024-05-31T05:00:00Z,38425.80859375,38526.9296875,38409.05078125,38506.0703125,0
2024-05-31T06:00:00Z,38486.390625,38487.8984375,38486.390625,38487.8984375,0
2024-06-03T00:00:00Z,38734.94921875,39032.5,38734.94921875,38953.3515625,0
2024-06-03T01:00:00Z,38950.03125,39014.73828125,38836.37890625,38860.25,0
2024-06-03T02:00:00Z,38859.71875,38899.921875,38836.12109375,38849.6484375,0
2024-06-03T03:00:00Z,38832.12109375,38964.328125,38815.87109375,38964.2109375,0
2024-06-03T04:00:00Z,38962.1796875,38968.33984375,38914.9609375,38928.859375,0
2024-06-03T05:00:00Z,38929.390625,38987.25,38894.05859375,38943.359375,0
2024-06-03T06:00:00Z,38933.7109375,38933.7109375,38923.03125,38923.03125,0
2024-06-04T00:00:00Z,38702.5390625,38840.921875,38687.48828125,38744.4609375,0
2024-06-04T01:00:00Z,38745.1015625,38750.94921875,38591.7890625,38717.890625,0
2024-06-04T02:00:00Z,38722.2109375,38767.53125,38682.921875,38749.25,0
2024-06-04T03:00:00Z,38747.5703125,38841.3203125,38743.08984375,38823.51953125,0
2024-06-04T04:00:00Z,38822.73046875,38895.05859375,38809.6484375,38823.30078125,0
2024-06-04T05:00:00Z,38820.55078125,38862.0,38752.25,38814.37890625,0
2024-06-04T06:00:00Z,38799.48828125,38837.4609375,38799.48828125,38837.4609375,0
2024-06-05T00:00:00Z,38654.08984375,38656.41015625,38350.69140625,38370.140625,0
2024-06-05T01:00:00Z,38371.08984375,38483.21875,38343.98046875,38430.62109375,0
2024-06-05T02:00:00Z,38430.12109375,38559.98046875,38430.12109375,38527.6015625,0
2024-06-05T03:00:00Z,38474.73828125,38491.16015625,38386.19140625,38406.9296875,0
2024-06-05T04:00:00Z,38405.94921875,38451.3203125,38384.71875,38398.51171875,0
2024-06-05T05:00:00Z,38398.03125,38488.37890625,38356.46875,38460.96875,0
2024-06-05T06:00:00Z,38449.0390625,38490.171875,38449.0390625,38490.171875,0
2024-06-06T00:00:00Z,38841.66015625,39011.9296875,38835.6015625,38977.03125,0
2024-06-06T01:00:00Z,38976.03125,38989.96875,38855.4296875,38962.9609375,0
2024-06-06T02:00:00Z,38965.578125,38967.05859375,38835.23046875,38841.75,0
2024-06-06T03:00:00Z,38786.0,38853.28125,38757.33984375,38762.44921875,0
2024-06-06T04:00:00Z,38762.4296875,38773.73828125,38693.5,38748.3984375,0
2024-06-06T05:00:00Z,38748.03125,38810.25,38730.12109375,38734.359375,0
2024-06-06T06:00:00Z,38720.37890625,38720.37890625,38703.51171875,38703.51171875,0
2024-06-07T00:00:00Z,38597.55078125,38747.26953125,38597.55078125,38669.3984375,0
2024-06-07T01:00:00Z,38669.78125,38711.140625,38567.7890625,38569.98828125,0
2024-06-07T02:00:00Z,38569.76171875,38669.1015625,38560.8515625,38661.0390625,0
2024-06-07T03:00:00Z,38695.01953125,38695.01953125,38621.41015625,38638.8984375,0
2024-06-07T04:00:00Z,38639.26171875,38662.12890625,38595.55078125,38609.19921875,0
2024-06-07T05:00:00Z,38609.9296875,38670.2109375,38595.8984375,38657.73828125,0
2024-06-07T06:00:00Z,38672.7109375,38683.9296875,38672.7109375,38683.9296875,0
2024-06-10T00:00:00Z,38689.78125,38895.25,38689.78125,38843.7890625,0
2024-06-10T01:00:00Z,38842.5390625,38911.08984375,38805.76953125,38880.4609375,0
2024-06-10T02:00:00Z,38881.078125,38902.76953125,38846.41015625,38872.19140625,0
2024-06-10T03:00:00Z,38991.390625,39023.390625,38911.171875,38936.1796875,0
2024-06-10T04:00:00Z,38935.71875,39049.5,38874.1796875,39044.109375,0
2024-06-10T05:00:00Z,39045.19140625,39081.5390625,39012.1015625,39052.140625,0
2024-06-10T06:00:00Z,39046.48046875,39046.48046875,39038.16015625,39038.16015625,0
2024-06-11T00:00:00Z,39175.58984375,39336.66015625,39137.16015625,39291.03125,0
2024-06-11T01:00:00Z,39289.58984375,39289.58984375,39137.5390625,39174.1015625,0
2024-06-11T02:00:00Z,39172.91015625,39186.75,39120.30859375,39155.16015625,0
2024-06-11T03:00:00Z,39141.51953125,39188.94140625,39102.19140625,39166.828125,0
2024-06-11T04:00:00Z,39170.03125,39221.75,39135.171875,39159.69140625,0
2024-06-11T05:00:00Z,39159.6484375,39190.0703125,39074.87890625,39107.71875,0
2024-06-11T06:00:00Z,39107.078125,39134.7890625,39107.078125,39134.7890625,0
2024-06-12T00:00:00Z,38865.1484375,38938.5,38824.08984375,38935.08984375,0
2024-06-12T01:00:00Z,38934.3203125,38934.3203125,38809.359375,38819.51171875,0
2024-06-12T02:00:00Z,38817.9296875,38859.94140625,38814.171875,38826.328125,0
2024-06-12T03:00:00Z,38873.671875,38919.12109375,38870.078125,38876.69921875,0
2024-06-12T04:00:00Z,38875.890625,38918.55078125,38866.890625,38907.12890625,0
2024-06-12T05:00:00Z,38906.6015625,38945.98828125,38875.62109375,38875.62109375,0
2024-06-12T06:00:00Z,38889.80859375,38889.80859375,38876.7109375,38876.7109375,0
2024-06-13T00:00:00Z,39182.05859375,39252.44140625,38921.08984375,38991.328125,0
2024-06-13T01:00:00Z,38991.01171875,39025.890625,38878.58984375,38903.078125,0
2024-06-13T02:00:00Z,38905.30078125,38947.51953125,38830.73046875,38831.359375,0
2024-06-13T03:00:00Z,38762.578125,38861.66015625,38755.01171875,38847.9296875,0
2024-06-13T04:00:00Z,38848.5,38853.140625,38757.8203125,38843.8203125,0
2024-06-13T05:00:00Z,38843.73828125,38843.73828125,38689.7890625,38689.7890625,0
2024-06-13T06:00:00Z,38712.51953125,38720.46875,38712.51953125,38720.46875,0
2024-06-14T00:00:00Z,38587.5703125,38727.1015625,38554.75,38609.01171875,0
2024-06-14T01:00:00Z,38604.58984375,38723.671875,38567.5390625,38713.78125,0
2024-06-14T02:00:00Z,38713.71875,38741.609375,38694.890625,38709.01953125,0
2024-06-14T03:00:00Z,38898.05078125,39006.921875,38853.80078125,38977.140625,0
2024-06-14T04:00:00Z,38977.4609375,39025.69921875,38809.640625,38833.76953125,0
2024-06-14T05:00:00Z,38832.87890625,38900.0,38832.80078125,38855.0,0
2024-06-14T06:00:00Z,38840.30078125,38840.30078125,38814.55859375,38814.55859375,0
2024-06-17T00:00:00Z,38440.98046875,38442.69921875,38060.890625,38067.98046875,0
2024-06-17T01:00:00Z,38068.7890625,38077.69140625,37956.48828125,38077.69140625,0
2024-06-17T02:00:00Z,38078.6484375,38139.0,38078.6484375,38106.41015625,0
2024-06-17T03:00:00Z,38077.94921875,38106.48046875,38001.21875,38008.66015625,0
2024-06-17T04:00:00Z,38008.8984375,38012.62109375,37950.19921875,37977.01171875,0
2024-06-17T05:00:00Z,37976.6015625,38121.390625,37966.23046875,38089.73828125,0
2024-06-17T06:00:00Z,38102.44140625,38102.44140625,38102.44140625,38102.44140625,0
2024-06-18T00:00:00Z,38433.48046875,38473.71875,38344.921875,38350.05078125,0
2024-06-18T01:00:00Z,38338.6484375,38485.23828125,38332.890625,38475.26953125,0
2024-06-18T02:00:00Z,38477.828125,38519.01953125,38477.140625,38504.109375,0
2024-06-18T03:00:00Z,38424.94140625,38449.578125,38390.421875,38449.48046875,0
2024-06-18T04:00:00Z,38448.16015625,38451.5390625,38396.609375,38408.421875,0
2024-06-18T05:00:00Z,38408.03125,38439.23828125,38375.9296875,38439.23828125,0
2024-06-18T06:00:00Z,38449.80078125,38482.109375,38449.80078125,38482.109375,0
2024-06-19T00:00:00Z,38653.91015625,38797.96875,38653.91015625,38685.16015625,0
2024-06-19T01:00:00Z,38683.62890625,38757.109375,38656.30078125,38728.421875,0
2024-06-19T02:00:00Z,38727.4609375,38731.1015625,38669.53125,38707.2109375,0
2024-06-19T03:00:00Z,38615.2890625,38619.55859375,38565.0390625,38585.21875,0
2024-06-19T04:00:00Z,38589.12109375,38603.30859375,38453.41015625,38468.51171875,0
2024-06-19T05:00:00Z,38467.62109375,38531.44921875,38466.94921875,38525.46875,0
2024-06-19T06:00:00Z,38545.62109375,38570.76171875,38545.62109375,38570.76171875,0
2024-06-20T00:00:00Z,38410.3203125,38483.76171875,38291.5,38331.2890625,0
2024-06-20T01:00:00Z,38335.6015625,38355.3203125,38263.078125,38329.76953125,0
2024-06-20T02:00:00Z,38328.08984375,38335.890625,38279.48828125,38324.1015625,0
2024-06-20T03:00:00Z,38368.94921875,38457.8984375,38368.94921875,38443.91015625,0
2024-06-20T04:00:00Z,38445.5390625,38592.6015625,38419.26171875,38583.46875,0
2024-06-20T05:00:00Z,38582.359375,38637.62109375,38561.78125,38629.6484375,0
2024-06-20T06:00:00Z,38622.62890625,38633.01953125,38622.62890625,38633.01953125,0
2024-06-21T00:00:00Z,38608.66015625,38795.6796875,38579.9296875,38651.2890625,0
2024-06-21T01:00:00Z,38649.73046875,38770.16015625,38613.6484375,38641.71875,0
2024-06-21T02:00:00Z,38635.21875,38705.921875,38613.6015625,38626.94921875,0
2024-06-21T03:00:00Z,38589.26953125,38593.6015625,38532.12890625,38593.6015625,0
2024-06-21T04:00:00Z,38594.26171875,38646.671875,38587.44921875,38643.8515625,0
2024-06-21T05:00:00Z,38643.8515625,38650.6796875,38577.23828125,38619.33984375,0
2024-06-21T06:00:00Z,38588.9609375,38596.46875,38588.9609375,38596.46875,0
2024-06-24T00:00:00Z,38497.421875,38751.69140625,38416.0703125,38743.80078125,0
2024-06-24T01:00:00Z,38744.609375,38744.609375,38498.109375,38717.25,0
2024-06-24T02:00:00Z,38718.05078125,38773.3984375,38665.46875,38689.21875,0
2024-06-24T03:00:00Z,38776.48046875,38781.23046875,38710.98046875,38733.26171875,0
2024-06-24T04:00:00Z,38734.76953125,38897.421875,38731.7890625,38875.30859375,0
2024-06-24T05:00:00Z,38875.859375,38905.46875,38799.44140625,38799.44140625,0
2024-06-24T06:00:00Z,38763.62109375,38804.6484375,38763.62109375,38804.6484375,0
2024-06-25T00:00:00Z,38833.8984375,38938.609375,38809.76953125,38830.328125,0
2024-06-25T01:00:00Z,38828.33984375,39014.62109375,38758.0703125,39000.16015625,0
2024-06-25T02:00:00Z,39000.3515625,39028.6484375,38994.7109375,39001.390625,0
2024-06-25T03:00:00Z,39110.5703125,39110.5703125,39034.140625,39080.9609375,0
2024-06-25T04:00:00Z,39080.6484375,39083.578125,39025.25,39082.28125,0
2024-06-25T05:00:00Z,39083.76953125,39215.0703125,39070.828125,39194.66015625,0
2024-06-25T06:00:00Z,39186.37890625,39186.37890625,39173.1484375,39173.1484375,0
2024-06-26T00:00:00Z,39364.73046875,39415.51171875,39233.55859375,39412.87109375,0
2024-06-26T01:00:00Z,39412.05078125,39684.37109375,39357.421875,39664.78125,0
2024-06-26T02:00:00Z,39663.98046875,39726.390625,39656.30078125,39726.390625,0
2024-06-26T03:00:00Z,39731.671875,39788.62890625,39676.19140625,39700.6484375,0
2024-06-26T04:00:00Z,39700.28125,39718.1015625,39628.30859375,39636.921875,0
2024-06-26T05:00:00Z,39635.8515625,39734.96875,39635.8515625,39689.3984375,0
2024-06-26T06:00:00Z,39694.21875,39694.21875,39667.0703125,39667.0703125,0
2024-06-27T00:00:00Z,39434.46875,39439.23828125,39236.140625,39266.41015625,0
2024-06-27T01:00:00Z,39263.46875,39286.8203125,39193.51171875,39220.51171875,0
2024-06-27T02:00:00Z,39221.359375,39289.21875,39202.55859375,39286.51953125,0
2024-06-27T03:00:00Z,39299.8203125,39315.05078125,39231.5390625,39248.921875,0
2024-06-27T04:00:00Z,39250.5703125,39289.890625,39213.44921875,39284.05078125,0
2024-06-27T05:00:00Z,39283.0703125,39348.01953125,39246.640625,39267.8515625,0
2024-06-27T06:00:00Z,39296.2890625,39341.5390625,39296.2890625,39341.5390625,0
2024-06-28T00:00:00Z,39593.01171875,39748.1484375,39534.890625,39708.890625,0
2024-06-28T01:00:00Z,39708.26171875,39783.69921875,39619.6796875,39748.46875,0
2024-06-28T02:00:00Z,39749.8515625,39759.80859375,39692.78125,39727.91015625,0
2024-06-28T03:00:00Z,39649.2109375,39684.4296875,39610.3515625,39680.80859375,0
2024-06-28T04:00:00Z,39680.30859375,39680.30859375,39534.66015625,39545.28125,0
2024-06-28T05:00:00Z,39545.328125,39573.76953125,39485.73046875,39573.76953125,0
2024-06-28T06:00:00Z,39578.87109375,39583.078125,39578.87109375,39583.078125,0
2024-07-01T00:00:00Z,39839.8203125,39942.69140625,39742.8203125,39759.33984375,0
2024-07-01T01:00:00Z,39758.46875,39763.0390625,39676.80859375,39721.078125,0
2024-07-01T02:00:00Z,39722.94921875,39723.53125,39645.69140625,39687.3984375,0
2024-07-01T03:00:00Z,39695.890625,39723.1484375,39579.0390625,39599.51171875,0
2024-07-01T04:00:00Z,39602.2890625,39631.1015625,39559.44140625,39602.921875,0
2024-07-01T05:00:00Z,39603.16015625,39625.5703125,39537.1015625,39602.08984375,0
2024-07-01T06:00:00Z,39621.87109375,39631.05859375,39621.87109375,39631.05859375,0
2024-07-02T00:00:00Z,39543.609375,39637.73828125,39457.62109375,39637.23828125,0
2024-07-02T01:00:00Z,39636.62890625,39929.671875,39636.62890625,39821.5390625,0
2024-07-02T02:00:00Z,39824.140625,39855.4296875,39765.359375,39780.578125,0
2024-07-02T03:00:00Z,39669.96875,39814.9296875,39625.48046875,39807.26171875,0
2024-07-02T04:00:00Z,39806.30078125,40113.48046875,39804.87890625,40055.69140625,0
2024-07-02T05:00:00Z,40054.98828125,40084.58984375,39997.421875,40032.671875,0
2024-07-02T06:00:00Z,40026.87890625,40074.69140625,40026.87890625,40074.69140625,0
2024-07-03T00:00:00Z,40225.828125,40420.53125,40172.8515625,40326.21875,0
2024-07-03T01:00:00Z,40325.33984375,40407.3984375,40231.9296875,40345.98828125,0
2024-07-03T02:00:00Z,40345.1015625,40441.6796875,40327.23046875,40425.37109375,0
2024-07-03T03:00:00Z,40420.62109375,40521.3984375,40420.62109375,40470.171875,0
2024-07-03T04:00:00Z,40464.51171875,40540.73046875,40434.109375,40530.19921875,0
2024-07-03T05:00:00Z,40530.37890625,40694.2109375,40530.37890625,40585.26171875,0
2024-07-03T06:00:00Z,40580.76171875,40580.76171875,40580.76171875,40580.76171875,0
2024-07-04T00:00:00Z,40747.58984375,40861.3515625,40666.96875,40712.171875,0
2024-07-04T01:00:00Z,40711.08984375,40772.94921875,40634.828125,40634.828125,0
2024-07-04T02:00:00Z,40634.46875,40675.01171875,40604.1484375,40666.78125,0
2024-07-04T03:00:00Z,40712.51953125,40820.171875,40710.44921875,40820.171875,0
2024-07-04T04:00:00Z,40820.62109375,40939.62890625,40782.1015625,40927.1484375,0
2024-07-04T05:00:00Z,40926.5390625,40971.23046875,40890.94140625,40943.30078125,0
2024-07-04T06:00:00Z,40939.171875,40939.171875,40913.6484375,40913.6484375,0
2024-07-05T00:00:00Z,41009.359375,41100.12890625,40815.62109375,40883.87109375,0
2024-07-05T01:00:00Z,40885.8203125,41022.859375,40848.69921875,40964.46875,0
2024-07-05T02:00:00Z,40966.171875,41063.0390625,40936.69140625,41051.48828125,0
2024-07-05T03:00:00Z,40877.69921875,40904.28125,40746.890625,40789.26171875,0
2024-07-05T04:00:00Z,40788.078125,40903.9609375,40784.16015625,40845.12109375,0
2024-07-05T05:00:00Z,40843.55859375,40872.8515625,40792.75,40872.578125,0
2024-07-05T06:00:00Z,40863.76171875,40912.37109375,40863.76171875,40912.37109375,0
2024-07-08T00:00:00Z,40863.140625,40956.30859375,40816.078125,40817.859375,0
2024-07-08T01:00:00Z,40818.3515625,40936.58984375,40785.7109375,40931.05078125,0
2024-07-08T02:00:00Z,40930.23828125,41005.4609375,40903.7109375,40999.80078125,0
2024-07-08T03:00:00Z,41018.671875,41112.23828125,41010.87890625,41028.1015625,0
2024-07-08T04:00:00Z,41023.828125,41030.26171875,40937.94921875,40961.3515625,0
2024-07-08T05:00:00Z,40953.328125,40953.328125,40825.8984375,40825.8984375,0
2024-07-08T06:00:00Z,40794.03125,40794.03125,40780.69921875,40780.69921875,0
2024-07-09T00:00:00Z,40953.41015625,41239.05859375,40942.44140625,41090.2890625,0
2024-07-09T01:00:00Z,41091.1484375,41366.05078125,41068.37890625,41265.640625,0
2024-07-09T02:00:00Z,41265.609375,41386.80078125,41239.109375,41386.80078125,0
2024-07-09T03:00:00Z,41459.421875,41592.98828125,41459.421875,41592.98828125,0
2024-07-09T04:00:00Z,41602.96875,41740.71875,41596.171875,41740.5,0
2024-07-09T05:00:00Z,41748.9296875,41769.3515625,41636.3515625,41636.3515625,0
2024-07-09T06:00:00Z,41619.08984375,41619.08984375,41580.171875,41580.171875,0
2024-07-10T00:00:00Z,41444.328125,41604.19140625,41430.37890625,41574.921875,0
2024-07-10T01:00:00Z,41571.98828125,41740.9609375,41568.03125,41642.23046875,0
2024-07-10T02:00:00Z,41642.1484375,41698.9609375,41611.76171875,41635.53125,0
2024-07-10T03:00:00Z,41599.30078125,41640.8203125,41513.71875,41548.640625,0
2024-07-10T04:00:00Z,41552.171875,41675.6484375,41537.7109375,41668.80859375,0
2024-07-10T05:00:00Z,41671.5,41889.16015625,41670.48828125,41861.609375,0
2024-07-10T06:00:00Z,41848.51171875,41848.51171875,41831.98828125,41831.98828125,0
2024-07-11T00:00:00Z,42343.71875,42426.76953125,42209.421875,42227.921875,0
2024-07-11T01:00:00Z,42228.01171875,42276.87890625,42102.4609375,42237.44140625,0
2024-07-11T02:00:00Z,42235.3203125,42235.3203125,42164.3984375,42179.83984375,0
2024-07-11T03:00:00Z,42198.5390625,42300.37109375,42171.26171875,42280.5,0
2024-07-11T04:00:00Z,42281.171875,42299.4609375,42224.05078125,42240.87109375,0
2024-07-11T05:00:00Z,42240.30078125,42385.8984375,42240.30078125,42280.87890625,0
2024-07-11T06:00:00Z,42257.16015625,42257.16015625,42224.01953125,42224.01953125,0
2024-07-12T00:00:00Z,41668.859375,41754.76171875,41188.8515625,41188.8515625,0
2024-07-12T01:00:00Z,41188.2890625,41453.62890625,41188.2890625,41451.328125,0
2024-07-12T02:00:00Z,41444.80078125,41452.3984375,41331.78125,41388.921875,0
2024-07-12T03:00:00Z,41327.5390625,41399.609375,41260.01171875,41260.01171875,0
2024-07-12T04:00:00Z,41260.28125,41298.71875,41224.30078125,41227.078125,0
2024-07-12T05:00:00Z,41227.41015625,41298.51953125,41192.91015625,41230.671875,0
2024-07-12T06:00:00Z,41254.46875,41254.46875,41190.6796875,41190.6796875,0
2024-07-16T00:00:00Z,41366.7890625,41520.0703125,41220.6484375,41424.41015625,0
2024-07-16T01:00:00Z,41424.73828125,41434.609375,41247.05078125,41358.41015625,0
2024-07-16T02:00:00Z,41358.8984375,41445.16015625,41352.0703125,41399.71875,0
2024-07-16T03:00:00Z,41359.8984375,41417.44921875,41343.26953125,41385.890625,0
2024-07-16T04:00:00Z,41385.55078125,41393.390625,41269.48828125,41272.0703125,0
2024-07-16T05:00:00Z,41271.69921875,41332.71875,41242.19140625,41242.19140625,0
2024-07-16T06:00:00Z,41237.9609375,41275.078125,41237.9609375,41275.078125,0
2024-07-17T00:00:00Z,41416.1796875,41461.25,41306.1796875,41365.05859375,0
2024-07-17T01:00:00Z,41363.73046875,41466.44921875,41308.359375,41330.76953125,0
2024-07-17T02:00:00Z,41330.6796875,41360.0,41282.37890625,41307.359375,0
2024-07-17T03:00:00Z,41316.62890625,41363.859375,41121.46875,41199.328125,0
2024-07-17T04:00:00Z,41193.33984375,41222.9609375,41054.71875,41099.03125,0
2024-07-17T05:00:00Z,41097.7109375,41217.078125,41081.3515625,41109.30859375,0
2024-07-17T06:00:00Z,41190.41015625,41190.41015625,41097.69140625,41097.69140625,0
2024-07-18T00:00:00Z,40521.7109375,40587.62890625,40112.55859375,40325.1015625,0
2024-07-18T01:00:00Z,40325.25,40408.1796875,40239.33984375,40355.7890625,0
2024-07-18T02:00:00Z,40354.9609375,40395.6015625,40246.37109375,40277.859375,0
2024-07-18T03:00:00Z,40329.6015625,40333.80859375,40197.21875,40278.109375,0
2024-07-18T04:00:00Z,40278.3203125,40339.859375,40178.921875,40214.2109375,0
2024-07-18T05:00:00Z,40214.1015625,40277.5703125,40119.05859375,40119.05859375,0
2024-07-18T06:00:00Z,40104.21875,40126.3515625,40104.21875,40126.3515625,0
2024-07-19T00:00:00Z,39965.91015625,40212.73046875,39824.578125,40166.51953125,0
2024-07-19T01:00:00Z,40165.76171875,40212.8984375,39975.30078125,39990.859375,0
2024-07-19T02:00:00Z,39985.0703125,40063.76171875,39949.0390625,39952.62109375,0
2024-07-19T03:00:00Z,39939.33984375,39983.078125,39873.3515625,39981.80078125,0
2024-07-19T04:00:00Z,39985.421875,40073.7109375,39944.28125,40063.671875,0
2024-07-19T05:00:00Z,40062.69140625,40118.75,39971.98046875,40053.26953125,0
2024-07-19T06:00:00Z,40106.6015625,40106.6015625,40063.7890625,40063.7890625,0
2024-07-22T00:00:00Z,39947.94921875,39973.19921875,39610.5390625,39646.6015625,0
2024-07-22T01:00:00Z,39646.37109375,39820.171875,39555.05078125,39647.87109375,0
2024-07-22T02:00:00Z,39645.80859375,39693.69921875,39567.6484375,39593.80859375,0
2024-07-22T03:00:00Z,39671.37890625,39710.3203125,39552.7890625,39575.21875,0
2024-07-22T04:00:00Z,39576.671875,39643.2109375,39519.390625,39636.6484375,0
2024-07-22T05:00:00Z,39637.12109375,39650.96875,39520.3984375,39559.51171875,0
2024-07-22T06:00:00Z,39559.8984375,39599.0,39559.8984375,39599.0,0
2024-07-23T00:00:00Z,39864.08984375,39927.890625,39654.48046875,39663.609375,0
2024-07-23T01:00:00Z,39663.140625,39825.6484375,39630.078125,39701.30859375,0
2024-07-23T02:00:00Z,39700.96875,39712.48046875,39604.578125,39676.33984375,0
2024-07-23T03:00:00Z,39554.8515625,39608.1796875,39542.48046875,39576.609375,0
2024-07-23T04:00:00Z,39577.62109375,39648.76171875,39519.91015625,39601.26171875,0
2024-07-23T05:00:00Z,39599.62890625,39679.640625,39580.76953125,39615.23046875,0
2024-07-23T06:00:00Z,39617.921875,39617.921875,39594.390625,39594.390625,0
2024-07-24T00:00:00Z,39336.73828125,39643.26953125,39263.80859375,39614.0703125,0
2024-07-24T01:00:00Z,39613.3203125,39633.73046875,39451.2890625,39492.51171875,0
2024-07-24T02:00:00Z,39487.0703125,39534.76171875,39429.33984375,39508.83984375,0
2024-07-24T03:00:00Z,39397.55859375,39401.890625,39312.41015625,39317.171875,0
2024-07-24T04:00:00Z,39320.83984375,39322.1015625,39133.1484375,39185.80078125,0
2024-07-24T05:00:00Z,39184.41015625,39263.37109375,39096.5,39109.9609375,0
2024-07-24T06:00:00Z,39127.1484375,39154.8515625,39127.1484375,39154.8515625,0
2024-07-25T00:00:00Z,38524.19921875,38557.7890625,38039.62890625,38121.3515625,0
2024-07-25T01:00:00Z,38118.26953125,38153.9609375,37959.0703125,38034.76171875,0
2024-07-25T02:00:00Z,38035.37890625,38165.19140625,37962.328125,38165.19140625,0
2024-07-25T03:00:00Z,37994.94921875,38051.8984375,37911.01953125,38021.640625,0
2024-07-25T04:00:00Z,38021.44140625,38158.140625,37968.26171875,37972.8984375,0
2024-07-25T05:00:00Z,37973.48828125,38014.8203125,37825.578125,37871.640625,0
2024-07-25T06:00:00Z,37879.3984375,37879.3984375,37869.51171875,37869.51171875,0
2024-07-26T00:00:00Z,37792.87109375,37971.4296875,37668.9296875,37934.73046875,0
2024-07-26T01:00:00Z,37937.16015625,38045.578125,37800.44921875,37916.30078125,0
2024-07-26T02:00:00Z,37915.37890625,38105.9609375,37913.828125,38057.609375,0
2024-07-26T03:00:00Z,38084.98046875,38084.98046875,37935.7109375,37979.73828125,0
2024-07-26T04:00:00Z,37977.30078125,37980.390625,37852.37890625,37863.62109375,0
2024-07-26T05:00:00Z,37865.53125,37925.1015625,37611.19140625,37633.87109375,0
2024-07-26T06:00:00Z,37629.12109375,37667.41015625,37629.12109375,37667.41015625,0
2024-07-29T00:00:00Z,38139.12109375,38707.48828125,38010.01171875,38646.1796875,0
2024-07-29T01:00:00Z,38638.55859375,38719.69921875,38481.25,38551.25,0
2024-07-29T02:00:00Z,38551.12109375,38582.62890625,38358.5390625,38415.75,0
2024-07-29T03:00:00Z,38457.62890625,38593.23046875,38457.62890625,38514.98828125,0
2024-07-29T04:00:00Z,38516.46875,38646.33984375,38515.73828125,38589.7109375,0
2024-07-29T05:00:00Z,38591.16015625,38675.5703125,38463.30859375,38499.03125,0
2024-07-29T06:00:00Z,38545.83984375,38545.83984375,38468.62890625,38468.62890625,0
2024-07-30T00:00:00Z,38241.3515625,38349.87109375,38154.01171875,38322.62109375,0
2024-07-30T01:00:00Z,38323.73046875,38323.73046875,38093.23828125,38125.6796875,0
2024-07-30T02:00:00Z,38125.83984375,38176.48828125,38076.69921875,38101.23828125,0
2024-07-30T03:00:00Z,38193.8203125,38240.640625,38156.890625,38232.1796875,0
2024-07-30T04:00:00Z,38232.5703125,38385.98046875,38221.55078125,38376.8984375,0
2024-07-30T05:00:00Z,38379.05078125,38531.16015625,38367.6015625,38518.01953125,0
2024-07-30T06:00:00Z,38525.94921875,38525.94921875,38525.94921875,38525.94921875,0
2024-07-31T00:00:00Z,38140.76953125,38230.828125,37954.37890625,38192.44921875,0
2024-07-31T01:00:00Z,38193.6484375,38264.1484375,38136.0,38201.578125,0
2024-07-31T02:00:00Z,38201.828125,38419.41015625,38171.71875,38369.5390625,0
2024-07-31T03:00:00Z,38411.6796875,38531.9609375,38122.9296875,38524.19921875,0
2024-07-31T04:00:00Z,38534.44140625,38713.87109375,38376.05078125,38582.671875,0
2024-07-31T05:00:00Z,38583.80859375,39188.37109375,38518.58984375,39164.19921875,0
2024-07-31T06:00:00Z,39140.26171875,39140.26171875,39101.8203125,39101.8203125,0
2024-08-01T00:00:00Z,38781.55859375,38781.55859375,38130.12109375,38151.94140625,0
2024-08-01T01:00:00Z,38159.69140625,38162.41015625,37737.87890625,37916.51171875,0
2024-08-01T02:00:00Z,37920.23046875,38123.671875,37872.73828125,38094.23828125,0
2024-08-01T03:00:00Z,38057.9296875,38174.7890625,37976.55859375,38146.25,0
2024-08-01T04:00:00Z,38144.28125,38172.828125,37970.44140625,38017.19140625,0
2024-08-01T05:00:00Z,38013.05859375,38165.83984375,38013.05859375,38101.890625,0
2024-08-01T06:00:00Z,38083.640625,38126.328125,38083.640625,38126.328125,0
2024-08-02T00:00:00Z,37444.171875,37471.51953125,36119.7890625,36182.19140625,0
2024-08-02T01:00:00Z,36183.12109375,36656.98828125,36107.2890625,36496.671875,0
2024-08-02T02:00:00Z,36493.3515625,36529.03125,36166.01171875,36261.8515625,0
2024-08-02T03:00:00Z,36316.30078125,36433.30859375,36210.62109375,36364.37109375,0
2024-08-02T04:00:00Z,36370.28125,36440.671875,36191.28125,36298.609375,0
2024-08-02T05:00:00Z,36307.71875,36326.87109375,35880.1484375,35911.28125,0
2024-08-02T06:00:00Z,35886.5390625,35909.69921875,35886.5390625,35909.69921875,0
2024-08-05T00:00:00Z,35249.359375,35301.1796875,33369.37109375,33832.16015625,0
2024-08-05T01:00:00Z,33820.55859375,34019.96875,33529.8984375,33948.87890625,0
2024-08-05T02:00:00Z,33941.828125,34284.359375,33864.30078125,34247.55859375,0
2024-08-05T03:00:00Z,34055.3515625,34055.3515625,33602.890625,33602.890625,0
2024-08-05T04:00:00Z,33606.41015625,33618.03125,32698.310546875,32698.310546875,0
2024-08-05T05:00:00Z,32667.5390625,32701.66015625,31156.119140625,31421.66015625,0
2024-08-05T06:00:00Z,31419.66015625,31458.419921875,31419.66015625,31458.419921875,0
2024-08-06T00:00:00Z,32077.330078125,34797.80859375,32077.330078125,34705.44140625,0
2024-08-06T01:00:00Z,34708.26953125,34911.80078125,33689.98828125,34361.28125,0
2024-08-06T02:00:00Z,34372.1015625,34500.5390625,34095.46875,34416.3203125,0
2024-08-06T03:00:00Z,34492.7109375,34841.75,34476.16015625,34595.21875,0
2024-08-06T04:00:00Z,34598.62890625,34738.48828125,33797.890625,33863.6484375,0
2024-08-06T05:00:00Z,33877.8515625,34519.21875,33441.76171875,34340.3515625,0
2024-08-06T06:00:00Z,34457.37890625,34675.4609375,34457.37890625,34675.4609375,0
2024-08-07T00:00:00Z,34122.3515625,34687.46875,33739.4609375,34330.4296875,0
2024-08-07T01:00:00Z,34287.4296875,35849.76953125,34078.5703125,35634.609375,0
2024-08-07T02:00:00Z,35611.0,35632.4609375,35165.4609375,35464.609375,0
2024-08-07T03:00:00Z,35368.109375,35732.19140625,35300.9296875,35362.73046875,0
2024-08-07T04:00:00Z,35368.66015625,35832.578125,35368.66015625,35757.48046875,0
2024-08-07T05:00:00Z,35750.41015625,35785.55078125,34942.328125,35058.1484375,0
2024-08-07T06:00:00Z,35048.76171875,35089.62109375,35048.76171875,35089.62109375,0
2024-08-08T00:00:00Z,34645.7890625,34807.76953125,34207.16015625,34434.859375,0
2024-08-08T01:00:00Z,34433.109375,34799.26953125,34388.4609375,34715.828125,0
2024-08-08T02:00:00Z,34707.3515625,35222.1484375,34673.78125,35148.1015625,0
2024-08-08T03:00:00Z,35271.26171875,35379.6484375,34918.9609375,35041.25,0
2024-08-08T04:00:00Z,35032.62890625,35116.37890625,34766.1015625,34914.26953125,0
2024-08-08T05:00:00Z,34915.171875,35026.9296875,34712.078125,34843.578125,0
2024-08-08T06:00:00Z,34817.44140625,34831.1484375,34817.44140625,34831.1484375,0
2024-08-09T00:00:00Z,35272.33984375,35671.30859375,35102.109375,35378.2890625,0
2024-08-09T01:00:00Z,35374.8203125,35482.58984375,35183.828125,35345.44921875,0
2024-08-09T02:00:00Z,35342.37890625,35435.76171875,35305.83984375,35380.23046875,0
2024-08-09T03:00:00Z,35481.8515625,35523.4296875,35207.08984375,35289.76171875,0
2024-08-09T04:00:00Z,35290.66015625,35299.62109375,34617.6484375,34650.05078125,0
2024-08-09T05:00:00Z,34646.921875,35184.75,34445.5703125,35104.80078125,0
2024-08-09T06:00:00Z,35069.96875,35069.96875,35025.0,35025.0,0
2024-08-13T00:00:00Z,35490.578125,36025.921875,35476.7890625,35927.44140625,0
2024-08-13T01:00:00Z,35931.828125,35993.37109375,35772.87890625,35799.390625,0
2024-08-13T02:00:00Z,35800.4296875,35889.08984375,35768.3515625,35785.55078125,0
2024-08-13T03:00:00Z,35910.69921875,36002.7890625,35850.25,35925.30859375,0
2024-08-13T04:00:00Z,35922.37109375,36148.5,35893.6015625,36098.03125,0
2024-08-13T05:00:00Z,36094.390625,36209.78125,35970.94140625,36209.78125,0
2024-08-13T06:00:00Z,36225.62109375,36232.51171875,36225.62109375,36232.51171875,0
2024-08-14T00:00:00Z,36535.6015625,36683.890625,36280.359375,36393.859375,0
2024-08-14T01:00:00Z,36393.51953125,36664.921875,36291.1484375,36657.109375,0
2024-08-14T02:00:00Z,36651.78125,36651.78125,36074.7109375,36155.26171875,0
2024-08-14T03:00:00Z,36151.76171875,36337.30859375,36146.390625,36216.41015625,0
2024-08-14T04:00:00Z,36217.08984375,36285.12890625,36144.28125,36198.0703125,0
2024-08-14T05:00:00Z,36198.12109375,36506.5703125,36126.30859375,36394.62109375,0
2024-08-14T06:00:00Z,36397.4296875,36442.4296875,36397.4296875,36442.4296875,0
2024-08-15T00:00:00Z,36381.3984375,36658.12109375,36381.3984375,36655.73828125,0
2024-08-15T01:00:00Z,36654.94921875,36798.0703125,36500.83984375,36714.78125,0
2024-08-15T02:00:00Z,36714.23828125,36823.05078125,36695.171875,36808.75,0
2024-08-15T03:00:00Z,36830.671875,36885.16015625,36773.30078125,36808.44921875,0
2024-08-15T04:00:00Z,36808.83984375,36857.96875,36710.05859375,36729.94921875,0
2024-08-15T05:00:00Z,36731.3515625,36740.05859375,36593.55078125,36705.91015625,0
2024-08-15T06:00:00Z,36726.640625,36726.640625,36726.640625,36726.640625,0
2024-08-16T00:00:00Z,37304.9296875,37811.23046875,37304.9296875,37714.19140625,0
2024-08-16T01:00:00Z,37720.87109375,37831.51171875,37694.8515625,37830.96875,0
2024-08-16T02:00:00Z,37826.80078125,37888.66015625,37788.5,37800.421875,0
2024-08-16T03:00:00Z,37875.8203125,37925.0390625,37851.05078125,37888.91015625,0
2024-08-16T04:00:00Z,37887.94921875,37922.94921875,37664.48046875,37772.421875,0
2024-08-16T05:00:00Z,37772.921875,38143.55078125,37772.921875,38109.51953125,0
2024-08-16T06:00:00Z,38109.80078125,38109.80078125,38062.671875,38062.671875,0
2024-08-19T00:00:00Z,37863.76171875,38125.26953125,37683.62890625,38010.359375,0
2024-08-19T01:00:00Z,38009.58984375,38037.4609375,37877.58984375,38012.01953125,0
2024-08-19T02:00:00Z,38013.390625,38075.0390625,37980.5390625,38047.171875,0
2024-08-19T03:00:00Z,37924.58984375,37924.58984375,37540.859375,37630.76953125,0
2024-08-19T04:00:00Z,37629.421875,37741.58984375,37383.6484375,37460.48046875,0
2024-08-19T05:00:00Z,37465.30078125,37563.4296875,37318.0390625,37351.109375,0
2024-08-19T06:00:00Z,37319.0390625,37388.62109375,37319.0390625,37388.62109375,0
2024-08-20T00:00:00Z,37847.8515625,37933.6484375,37738.30078125,37885.41015625,0
2024-08-20T01:00:00Z,37889.359375,38076.44140625,37770.98046875,37980.51171875,0
2024-08-20T02:00:00Z,37974.5703125,38092.9296875,37969.30859375,38015.87109375,0
2024-08-20T03:00:00Z,38179.25,38236.390625,38128.53125,38152.05078125,0
2024-08-20T04:00:00Z,38150.51171875,38230.859375,37984.3203125,38084.859375,0
2024-08-20T05:00:00Z,38086.73828125,38220.6015625,38052.26171875,38172.46875,0
2024-08-20T06:00:00Z,38068.69140625,38068.69140625,38062.921875,38062.921875,0
2024-08-21T00:00:00Z,37653.33984375,37849.26953125,37605.828125,37820.37109375,0
2024-08-21T01:00:00Z,37820.87890625,37885.5,37689.01953125,37765.51171875,0
2024-08-21T02:00:00Z,37760.73828125,37805.3515625,37692.55859375,37805.3515625,0
2024-08-21T03:00:00Z,37884.1015625,37978.609375,37867.71875,37933.05859375,0
2024-08-21T04:00:00Z,37928.8515625,38019.53125,37888.98828125,37993.2890625,0
2024-08-21T05:00:00Z,37992.87109375,38008.41015625,37858.28125,37974.73828125,0
2024-08-21T06:00:00Z,38026.01953125,38026.01953125,37951.80078125,37951.80078125,0
2024-08-22T00:00:00Z,38033.78125,38322.3203125,37883.859375,38191.69921875,0
2024-08-22T01:00:00Z,38190.5,38408.19140625,38164.80859375,38384.26171875,0
2024-08-22T02:00:00Z,38384.05859375,38384.5,38183.0,38190.8515625,0
2024-08-22T03:00:00Z,38098.171875,38117.2109375,37978.8203125,38019.41015625,0
2024-08-22T04:00:00Z,38019.69140625,38136.23046875,37959.3203125,38072.51171875,0
2024-08-22T05:00:00Z,38074.44921875,38197.390625,38069.55078125,38197.390625,0
2024-08-22T06:00:00Z,38157.421875,38211.01171875,38157.421875,38211.01171875,0
2024-08-23T00:00:00Z,38278.1796875,38370.69921875,38186.2890625,38225.48046875,0
2024-08-23T01:00:00Z,38226.55078125,38253.23828125,38075.08984375,38086.48046875,0
2024-08-23T02:00:00Z,38088.26171875,38154.890625,38053.46875,38117.44140625,0
2024-08-23T03:00:00Z,38241.8984375,38336.4296875,38221.78125,38290.640625,0
2024-08-23T04:00:00Z,38290.390625,38424.26953125,38275.98828125,38384.171875,0
2024-08-23T05:00:00Z,38384.53125,38420.19140625,38316.140625,38420.19140625,0
2024-08-23T06:00:00Z,38421.328125,38421.328125,38364.26953125,38364.26953125,0
2024-08-26T00:00:00Z,38156.41015625,38204.80859375,37825.30859375,37993.66015625,0
2024-08-26T01:00:00Z,37996.390625,38084.76171875,37953.30078125,37974.12890625,0
2024-08-26T02:00:00Z,37974.41015625,37980.28125,37889.078125,37944.6796875,0
2024-08-26T03:00:00Z,37957.0,38011.01953125,37865.48046875,37926.19140625,0
2024-08-26T04:00:00Z,37926.37109375,38055.62109375,37920.55078125,38009.6796875,0
2024-08-26T05:00:00Z,38011.2109375,38104.5703125,37971.69921875,38051.01953125,0
2024-08-26T06:00:00Z,38051.01953125,38110.21875,38051.01953125,38110.21875,0
2024-08-27T00:00:00Z,38066.30859375,38102.44921875,37911.3203125,38003.7890625,0
2024-08-27T01:00:00Z,38003.94921875,38089.41015625,37981.05859375,38025.94921875,0
2024-08-27T02:00:00Z,38023.578125,38070.609375,37980.73828125,38055.62109375,0
2024-08-27T03:00:00Z,38102.4609375,38183.21875,38058.2890625,38163.921875,0
2024-08-27T04:00:00Z,38162.78125,38194.390625,38115.37890625,38134.30078125,0
2024-08-27T05:00:00Z,38135.05859375,38365.640625,38135.05859375,38327.12109375,0
2024-08-27T06:00:00Z,38355.87890625,38355.87890625,38288.62109375,38288.62109375,0
2024-08-28T00:00:00Z,38221.37890625,38338.5,38141.48828125,38216.87109375,0
2024-08-28T01:00:00Z,38216.12890625,38279.390625,38152.37890625,38269.48046875,0
2024-08-28T02:00:00Z,38269.23046875,38269.23046875,38180.23046875,38199.51953125,0
2024-08-28T03:00:00Z,38181.390625,38270.05078125,38159.390625,38270.05078125,0
2024-08-28T04:00:00Z,38266.6484375,38365.359375,38240.80859375,38308.96875,0
2024-08-28T05:00:00Z,38308.44921875,38369.94140625,38250.609375,38369.94140625,0
2024-08-28T06:00:00Z,38399.91015625,38399.91015625,38371.76171875,38371.76171875,0
2024-08-29T00:00:00Z,38119.94921875,38303.87890625,37970.19921875,38231.640625,0
2024-08-29T01:00:00Z,38233.01953125,38277.05078125,38148.609375,38207.51953125,0
2024-08-29T02:00:00Z,38209.1015625,38267.7890625,38171.83984375,38220.33984375,0
2024-08-29T03:00:00Z,38313.2109375,38362.12890625,38298.01953125,38330.6796875,0
2024-08-29T04:00:00Z,38330.0390625,38401.1484375,38317.30078125,38327.671875,0
2024-08-29T05:00:00Z,38330.19921875,38356.3203125,38266.51171875,38332.30859375,0
2024-08-29T06:00:00Z,38330.03125,38362.53125,38330.03125,38362.53125,0
2024-08-30T00:00:00Z,38388.0390625,38513.671875,38316.87109375,38476.0390625,0
2024-08-30T01:00:00Z,38474.55078125,38610.3515625,38474.23828125,38568.98828125,0
2024-08-30T02:00:00Z,38569.37109375,38598.23828125,38518.26953125,38585.4296875,0
2024-08-30T03:00:00Z,38561.94921875,38585.94921875,38517.0,38584.109375,0
2024-08-30T04:00:00Z,38584.171875,38590.75,38421.69921875,38481.5703125,0
2024-08-30T05:00:00Z,38483.69921875,38669.7890625,38450.890625,38642.87890625,0
2024-08-30T06:00:00Z,38627.5,38647.75,38627.5,38647.75,0
2024-09-02T00:00:00Z,39025.30859375,39080.640625,38872.7890625,38880.8984375,0
2024-09-02T01:00:00Z,38881.4296875,38948.48828125,38778.51171875,38841.03125,0
2024-09-02T02:00:00Z,38840.44140625,38840.44140625,38670.66015625,38709.87890625,0
2024-09-02T03:00:00Z,38658.4609375,38684.078125,38492.1484375,38652.21875,0
2024-09-02T04:00:00Z,38650.640625,38665.9296875,38476.51171875,38640.75,0
2024-09-02T05:00:00Z,38641.73046875,38735.37109375,38615.6015625,38640.26171875,0
2024-09-02T06:00:00Z,38631.1796875,38700.87109375,38631.1796875,38700.87109375,0
2024-09-03T00:00:00Z,38745.76171875,38941.66015625,38737.83984375,38931.98046875,0
2024-09-03T01:00:00Z,38931.37890625,38967.55859375,38725.2890625,38765.58984375,0
2024-09-03T02:00:00Z,38769.83984375,38827.171875,38732.3203125,38787.80078125,0
2024-09-03T03:00:00Z,38656.75,38662.9609375,38581.55078125,38649.51953125,0
2024-09-03T04:00:00Z,38649.44921875,38688.62109375,38612.671875,38682.51171875,0
2024-09-03T05:00:00Z,38683.6015625,38738.3203125,38589.109375,38726.5703125,0
2024-09-03T06:00:00Z,38718.44921875,38718.44921875,38686.30859375,38686.30859375,0
2024-09-04T00:00:00Z,38039.91015625,38080.01953125,37122.328125,37192.71875,0
2024-09-04T01:00:00Z,37197.23828125,37512.76953125,37183.8984375,37433.359375,0
2024-09-04T02:00:00Z,37424.1015625,37430.3515625,37303.55078125,37405.58984375,0
2024-09-04T03:00:00Z,37332.5,37345.2890625,37191.671875,37214.0390625,0
2024-09-04T04:00:00Z,37219.16015625,37341.78125,37219.16015625,37222.078125,0
2024-09-04T05:00:00Z,37221.4296875,37221.4296875,36879.328125,37026.578125,0
2024-09-04T06:00:00Z,37013.109375,37047.609375,37013.109375,37047.609375,0
2024-09-05T00:00:00Z,36536.25,36889.8984375,36359.23046875,36837.01953125,0
2024-09-05T01:00:00Z,36841.73828125,37099.9609375,36746.578125,36911.37109375,0
2024-09-05T02:00:00Z,36911.80078125,36944.6015625,36800.48046875,36917.44140625,0
2024-09-05T03:00:00Z,36883.828125,36883.828125,36697.05859375,36704.87890625,0
2024-09-05T04:00:00Z,36705.8203125,36730.91015625,36436.0,36543.48046875,0
2024-09-05T05:00:00Z,36547.8203125,36776.25,36459.94921875,36642.8203125,0
2024-09-05T06:00:00Z,36608.51953125,36657.08984375,36608.51953125,36657.08984375,0
2024-09-06T00:00:00Z,36815.0,36898.28125,36581.53125,36642.30078125,0
2024-09-06T01:00:00Z,36627.01953125,36714.4609375,36480.640625,36709.46875,0
2024-09-06T02:00:00Z,36708.921875,36750.69140625,36568.05078125,36568.05078125,0
2024-09-06T03:00:00Z,36596.1015625,36596.1015625,36447.83984375,36494.66015625,0
2024-09-06T04:00:00Z,36495.01953125,36519.73046875,36421.640625,36498.19140625,0
2024-09-06T05:00:00Z,36497.75,36541.3203125,36235.609375,36444.12109375,0
2024-09-06T06:00:00Z,36442.12890625,36442.12890625,36391.46875,36391.46875,0
2024-09-09T00:00:00Z,35805.8203125,35854.71875,35247.87109375,35290.421875,0
2024-09-09T01:00:00Z,35289.37109375,35856.62109375,35285.5390625,35720.48828125,0
2024-09-09T02:00:00Z,35722.640625,35770.4609375,35609.96875,35613.3203125,0
2024-09-09T03:00:00Z,35775.609375,35798.6796875,35665.03125,35745.19921875,0
2024-09-09T04:00:00Z,35748.3984375,36215.66015625,35688.48828125,36084.890625,0
2024-09-09T05:00:00Z,36086.46875,36248.12109375,36020.6484375,36155.390625,0
2024-09-09T06:00:00Z,36165.7109375,36215.75,36165.7109375,36215.75,0
2024-09-10T00:00:00Z,36386.12109375,36410.33984375,36001.578125,36398.69140625,0
2024-09-10T01:00:00Z,36402.6484375,36537.03125,36309.16015625,36453.91015625,0
2024-09-10T02:00:00Z,36456.890625,36456.890625,36180.9296875,36244.21875,0
2024-09-10T03:00:00Z,36294.609375,36387.421875,36272.16015625,36359.5703125,0
2024-09-10T04:00:00Z,36360.48046875,36360.48046875,36193.828125,36215.6484375,0
2024-09-10T05:00:00Z,36215.25,36419.55078125,36184.48828125,36184.48828125,0
2024-09-10T06:00:00Z,36190.62890625,36190.62890625,36159.16015625,36159.16015625,0
2024-09-11T00:00:00Z,36029.8984375,36056.87109375,35742.1484375,35899.859375,0
2024-09-11T01:00:00Z,35901.28125,36023.01171875,35730.51953125,35880.48828125,0
2024-09-11T02:00:00Z,35878.28125,35931.390625,35820.30078125,35867.328125,0
2024-09-11T03:00:00Z,35817.421875,35824.37109375,35694.62890625,35750.05078125,0
2024-09-11T04:00:00Z,35752.26171875,35752.48828125,35542.08984375,35622.12109375,0
2024-09-11T05:00:00Z,35622.98828125,35674.8515625,35253.4296875,35598.859375,0
2024-09-11T06:00:00Z,35584.05078125,35619.76953125,35584.05078125,35619.76953125,0
2024-09-12T00:00:00Z,36185.62109375,36873.37109375,36172.26171875,36637.44140625,0
2024-09-12T01:00:00Z,36637.75,36740.37109375,36458.73828125,36648.9609375,0
2024-09-12T02:00:00Z,36658.23046875,36658.23046875,36555.41015625,36605.62109375,0
2024-09-12T03:00:00Z,36540.23828125,36753.80078125,36499.80078125,36749.05078125,0
2024-09-12T04:00:00Z,36748.3203125,36846.390625,36704.6484375,36793.578125,0
2024-09-12T05:00:00Z,36795.80859375,36902.2109375,36721.76171875,36855.140625,0
2024-09-12T06:00:00Z,36850.87890625,36850.87890625,36833.26953125,36833.26953125,0
2024-09-13T00:00:00Z,36882.41015625,36887.3984375,36556.6796875,36696.73828125,0
2024-09-13T01:00:00Z,36695.5390625,36737.30859375,36625.73046875,36628.30859375,0
2024-09-13T02:00:00Z,36629.23046875,36646.5390625,36502.26953125,36507.1015625,0
2024-09-13T03:00:00Z,36505.46875,36600.71875,36448.44140625,36591.3984375,0
2024-09-13T04:00:00Z,36590.66015625,36602.8203125,36470.30078125,36556.66015625,0
2024-09-13T05:00:00Z,36557.48046875,36742.6796875,36520.171875,36531.640625,0
2024-09-13T06:00:00Z,36557.01171875,36581.76171875,36557.01171875,36581.76171875,0
2024-09-17T00:00:00Z,36601.9296875,36663.1796875,36298.01171875,36298.23828125,0
2024-09-17T01:00:00Z,36294.390625,36294.48046875,35948.62890625,36045.890625,0
2024-09-17T02:00:00Z,36047.87890625,36067.25,35828.5390625,35828.5390625,0
2024-09-17T03:00:00Z,35939.48828125,35982.671875,35831.140625,35974.94140625,0
2024-09-17T04:00:00Z,35975.94140625,35986.12109375,35836.01953125,35931.7109375,0
2024-09-17T05:00:00Z,35931.58984375,36256.55078125,35925.94140625,36221.51171875,0
2024-09-17T06:00:00Z,36251.8984375,36251.8984375,36203.21875,36203.21875,0
2024-09-18T00:00:00Z,36546.0390625,36675.0703125,36418.23828125,36469.41015625,0
2024-09-18T01:00:00Z,36469.6796875,36570.28125,36398.69921875,36437.3984375,0
2024-09-18T02:00:00Z,36436.390625,36491.7890625,36404.19921875,36461.44140625,0
2024-09-18T03:00:00Z,36363.62890625,36363.62890625,36204.9609375,36204.9609375,0
2024-09-18T04:00:00Z,36206.640625,36278.55078125,36127.44921875,36194.48046875,0
2024-09-18T05:00:00Z,36194.3203125,36361.2890625,36162.359375,36354.44921875,0
2024-09-18T06:00:00Z,36377.05859375,36380.171875,36377.05859375,36380.171875,0
2024-09-19T00:00:00Z,36958.9296875,37279.3984375,36958.9296875,37155.859375,0
2024-09-19T01:00:00Z,37148.76171875,37321.3984375,37044.37109375,37287.828125,0
2024-09-19T02:00:00Z,37289.9296875,37394.51953125,37247.3203125,37284.4296875,0
2024-09-19T03:00:00Z,37205.25,37290.53125,37171.62890625,37290.53125,0
2024-09-19T04:00:00Z,37288.91015625,37355.1796875,37236.140625,37355.1796875,0
2024-09-19T05:00:00Z,37355.5703125,37369.41015625,37110.48828125,37117.05078125,0
2024-09-19T06:00:00Z,37122.26953125,37155.328125,37122.26953125,37155.328125,0
2024-09-20T00:00:00Z,37714.0703125,37956.3203125,37680.96875,37881.578125,0
2024-09-20T01:00:00Z,37858.37890625,37943.921875,37799.26171875,37931.80859375,0
2024-09-20T02:00:00Z,37931.05078125,37974.71875,37878.46875,37935.578125,0
2024-09-20T03:00:00Z,37822.01953125,37904.23828125,37762.53125,37890.55078125,0
2024-09-20T04:00:00Z,37891.640625,37919.80078125,37814.80078125,37898.3515625,0
2024-09-20T05:00:00Z,37903.03125,37903.03125,37654.109375,37731.6484375,0
2024-09-20T06:00:00Z,37719.98046875,37723.91015625,37719.98046875,37723.91015625,0
2024-09-24T00:00:00Z,38171.359375,38378.859375,38171.359375,38219.05859375,0
2024-09-24T01:00:00Z,38216.0703125,38427.1484375,38175.08984375,38176.640625,0
2024-09-24T02:00:00Z,38166.87109375,38166.87109375,37964.87109375,37974.98046875,0
2024-09-24T03:00:00Z,37962.359375,38076.421875,37902.98828125,38043.58984375,0
2024-09-24T04:00:00Z,38049.6015625,38059.01171875,37951.19921875,37984.359375,0
2024-09-24T05:00:00Z,37984.609375,38116.19140625,37968.26953125,37968.26953125,0
2024-09-24T06:00:00Z,37953.5390625,37953.5390625,37940.58984375,37940.58984375,0
2024-09-25T00:00:00Z,37947.3515625,38102.75,37868.83984375,37960.578125,0
2024-09-25T01:00:00Z,37959.08984375,38050.23828125,37894.328125,38043.12109375,0
2024-09-25T02:00:00Z,38042.83984375,38076.33984375,38026.921875,38068.21875,0
2024-09-25T03:00:00Z,38015.73828125,38029.921875,37938.0,37998.26953125,0
2024-09-25T04:00:00Z,37999.25,38078.9609375,37968.94140625,38049.4609375,0
2024-09-25T05:00:00Z,38051.19140625,38109.23828125,37893.51171875,37906.28125,0
2024-09-25T06:00:00Z,37895.7109375,37895.7109375,37870.26171875,37870.26171875,0
2024-09-26T00:00:00Z,38266.7890625,38576.58984375,38240.6484375,38541.41015625,0
2024-09-26T01:00:00Z,38541.1484375,38770.7890625,38520.98828125,38766.44140625,0
2024-09-26T02:00:00Z,38767.359375,38833.98828125,38752.05859375,38812.94140625,0
2024-09-26T03:00:00Z,38751.96875,38884.69921875,38744.921875,38823.5,0
2024-09-26T04:00:00Z,38824.8984375,38826.71875,38668.87109375,38731.1796875,0
2024-09-26T05:00:00Z,38735.44140625,38861.921875,38696.01953125,38832.05859375,0
2024-09-26T06:00:00Z,38864.87109375,38925.62890625,38864.87109375,38925.62890625,0
2024-09-27T00:00:00Z,39108.26953125,39260.19921875,38962.5390625,39146.0703125,0
2024-09-27T01:00:00Z,39138.0,39297.58984375,38933.69921875,38933.69921875,0
2024-09-27T02:00:00Z,38932.140625,39022.1015625,38917.98046875,38964.6484375,0
2024-09-27T03:00:00Z,38953.75,39182.12109375,38953.75,39172.01171875,0
2024-09-27T04:00:00Z,39171.921875,39494.5703125,39167.4296875,39476.55859375,0
2024-09-27T05:00:00Z,39471.609375,39777.328125,39371.96875,39741.6015625,0
2024-09-27T06:00:00Z,39764.71875,39829.55859375,39764.71875,39829.55859375,0
2024-09-30T00:00:00Z,39117.828125,39126.359375,37960.08984375,38083.87109375,0
2024-09-30T01:00:00Z,38082.1796875,38219.71875,38033.87109375,38151.921875,0
2024-09-30T02:00:00Z,38149.421875,38150.28125,37928.71875,37980.33984375,0
2024-09-30T03:00:00Z,37919.76953125,38074.62890625,37877.23828125,38052.78125,0
2024-09-30T04:00:00Z,38050.3984375,38096.890625,37920.03125,37948.05859375,0
2024-09-30T05:00:00Z,37949.62109375,37949.62109375,37797.91015625,37845.0703125,0
2024-09-30T06:00:00Z,37883.23046875,37919.55078125,37883.23046875,37919.55078125,0
2024-10-01T00:00:00Z,38232.46875,38578.05078125,38232.46875,38457.9609375,0
2024-10-01T01:00:00Z,38455.1015625,38621.94140625,38451.80859375,38491.98046875,0
2024-10-01T02:00:00Z,38495.859375,38495.87890625,38383.0703125,38476.328125,0
2024-10-01T03:00:00Z,38504.578125,38718.12890625,38504.578125,38707.48046875,0
2024-10-01T04:00:00Z,38705.8203125,38711.51953125,38621.51171875,38657.78125,0
2024-10-01T05:00:00Z,38658.23828125,38693.16015625,38605.80859375,38625.21875,0
2024-10-01T06:00:00Z,38618.890625,38651.96875,38618.890625,38651.96875,0
2024-10-02T00:00:00Z,38136.19921875,38213.5390625,38018.1484375,38081.83984375,0
2024-10-02T01:00:00Z,38081.87890625,38084.55078125,37892.26953125,38040.51953125,0
2024-10-02T02:00:00Z,38040.8984375,38061.890625,37985.05078125,38013.76171875,0
2024-10-02T03:00:00Z,38016.73046875,38113.25,38016.73046875,38050.30859375,0
2024-10-02T04:00:00Z,38053.078125,38070.73046875,37864.328125,37886.48828125,0
2024-10-02T05:00:00Z,37870.23828125,37937.6015625,37651.0703125,37794.3515625,0
2024-10-02T06:00:00Z,37775.80859375,37808.76171875,37775.80859375,37808.76171875,0
2024-10-03T00:00:00Z,38459.12890625,38856.75,38457.62109375,38605.28125,0
2024-10-03T01:00:00Z,38603.80078125,38785.5,38583.8984375,38676.98828125,0
2024-10-03T02:00:00Z,38674.08984375,38683.91015625,38587.03125,38655.03125,0
2024-10-03T03:00:00Z,38671.23046875,38673.3515625,38533.44140625,38612.8984375,0
2024-10-03T04:00:00Z,38614.03125,38668.7109375,38533.73828125,38582.83984375,0
2024-10-03T05:00:00Z,38583.80078125,38638.109375,38530.03125,38542.109375,0
2024-10-03T06:00:00Z,38566.69921875,38566.69921875,38552.05859375,38552.05859375,0
2024-10-04T00:00:00Z,38594.73046875,38689.4296875,38547.8984375,38549.33984375,0
2024-10-04T01:00:00Z,38549.21875,38698.30078125,38501.8203125,38652.6484375,0
2024-10-04T02:00:00Z,38651.44140625,38735.2890625,38623.78125,38732.41015625,0
2024-10-04T03:00:00Z,38685.109375,38685.109375,38618.9296875,38629.73046875,0
2024-10-04T04:00:00Z,38629.55859375,38682.53125,38589.46875,38640.03125,0
2024-10-04T05:00:00Z,38640.01953125,38675.94140625,38536.94140625,38620.37890625,0
2024-10-04T06:00:00Z,38602.3984375,38635.62109375,38602.3984375,38635.62109375,0
2024-10-07T00:00:00Z,39239.921875,39514.5703125,39195.9296875,39418.08984375,0
2024-10-07T01:00:00Z,39418.91015625,39497.94921875,39327.55859375,39375.2109375,0
2024-10-07T02:00:00Z,39376.51171875,39464.80859375,39348.83984375,39354.62890625,0
2024-10-07T03:00:00Z,39433.390625,39494.0703125,39382.28125,39457.109375,0
2024-10-07T04:00:00Z,39456.91015625,39507.9609375,39430.859375,39507.5703125,0
2024-10-07T05:00:00Z,39507.19921875,39560.78125,39367.2890625,39381.0,0
2024-10-07T06:00:00Z,39364.5703125,39364.5703125,39332.73828125,39332.73828125,0
2024-10-08T00:00:00Z,39021.12890625,39117.08984375,38939.51953125,39056.19921875,0
2024-10-08T01:00:00Z,39055.19921875,39077.69921875,38896.421875,38924.55078125,0
2024-10-08T02:00:00Z,38925.26171875,38930.46875,38853.51171875,38861.08984375,0
2024-10-08T03:00:00Z,38853.3203125,38910.75,38823.46875,38871.3203125,0
2024-10-08T04:00:00Z,38870.76953125,38919.640625,38817.87890625,38912.76171875,0
2024-10-08T05:00:00Z,38908.71875,38973.140625,38832.19921875,38926.51171875,0
2024-10-08T06:00:00Z,38906.96875,38937.5390625,38906.96875,38937.5390625,0
2024-10-09T00:00:00Z,39385.48828125,39456.28125,39231.08984375,39282.69921875,0
2024-10-09T01:00:00Z,39281.9296875,39390.109375,39236.5,39236.5,0
2024-10-09T02:00:00Z,39237.80078125,39237.80078125,39115.62890625,39178.69921875,0
2024-10-09T03:00:00Z,39214.83984375,39253.8515625,39171.48828125,39234.390625,0
2024-10-09T04:00:00Z,39233.01953125,39280.359375,39204.03125,39265.7109375,0
2024-10-09T05:00:00Z,39268.03125,39374.30859375,39266.140625,39300.76171875,0
2024-10-09T06:00:00Z,39324.16015625,39324.16015625,39277.9609375,39277.9609375,0
2024-10-10T00:00:00Z,39575.80078125,39616.58984375,39401.578125,39465.44140625,0
2024-10-10T01:00:00Z,39464.859375,39492.87890625,39352.05078125,39372.6796875,0
2024-10-10T02:00:00Z,39372.48046875,39412.5,39355.8984375,39395.05078125,0
2024-10-10T03:00:00Z,39385.98046875,39385.98046875,39282.19140625,39350.55859375,0
2024-10-10T04:00:00Z,39350.1796875,39411.12890625,39333.94140625,39348.5,0
2024-10-10T05:00:00Z,39348.890625,39415.51171875,39347.2890625,39404.4609375,0
2024-10-10T06:00:00Z,39406.46875,39406.46875,39380.890625,39380.890625,0
2024-10-11T00:00:00Z,39636.87109375,39636.87109375,39415.26171875,39565.0,0
2024-10-11T01:00:00Z,39560.5,39662.421875,39520.1484375,39658.58984375,0
2024-10-11T02:00:00Z,39658.21875,39658.21875,39582.94140625,39612.8203125,0
2024-10-11T03:00:00Z,39535.05859375,39634.69921875,39514.98046875,39629.19140625,0
2024-10-11T04:00:00Z,39628.80859375,39668.9296875,39582.48046875,39606.73046875,0
2024-10-11T05:00:00Z,39608.91015625,39644.578125,39539.75,39551.69140625,0
2024-10-11T06:00:00Z,39569.859375,39605.80078125,39569.859375,39605.80078125,0
2024-10-15T00:00:00Z,40047.1484375,40136.6796875,39956.328125,39999.421875,0
2024-10-15T01:00:00Z,39996.69921875,40237.7109375,39967.03125,40194.16015625,0
2024-10-15T02:00:00Z,40194.55078125,40257.33984375,40176.05078125,40232.44921875,0
2024-10-15T03:00:00Z,40157.4296875,40225.30078125,40096.1015625,40136.0703125,0
2024-10-15T04:00:00Z,40138.8984375,40163.12890625,40099.76953125,40112.51953125,0
2024-10-15T05:00:00Z,40112.87890625,40123.2109375,39934.48046875,39948.75,0
2024-10-15T06:00:00Z,39910.55078125,39910.55078125,39910.55078125,39910.55078125,0
2024-10-16T00:00:00Z,39362.62890625,39362.62890625,39062.8515625,39273.51171875,0
2024-10-16T01:00:00Z,39278.80859375,39291.98828125,39140.94921875,39188.94140625,0
2024-10-16T02:00:00Z,39189.87109375,39192.48046875,39093.4609375,39093.4609375,0
2024-10-16T03:00:00Z,39160.78125,39230.91015625,39071.44921875,39222.26171875,0
2024-10-16T04:00:00Z,39219.01171875,39260.87109375,39139.9296875,39249.12109375,0
2024-10-16T05:00:00Z,39247.98046875,39277.3515625,39145.28125,39211.55078125,0
2024-10-16T06:00:00Z,39180.30078125,39180.30078125,39180.30078125,39180.30078125,0
2024-10-17T00:00:00Z,39263.8203125,39299.73828125,39135.671875,39170.8203125,0
2024-10-17T01:00:00Z,39169.19921875,39174.08984375,38932.69140625,38993.921875,0
2024-10-17T02:00:00Z,38992.6015625,39008.2890625,38944.9296875,38944.9296875,0
2024-10-17T03:00:00Z,38964.421875,39031.640625,38954.44140625,38987.98046875,0
2024-10-17T04:00:00Z,38993.171875,39005.328125,38921.1484375,38962.48046875,0
2024-10-17T05:00:00Z,38963.0703125,39157.03125,38954.08984375,38962.01171875,0
2024-10-17T06:00:00Z,38945.1796875,38945.1796875,38911.19140625,38911.19140625,0
2024-10-18T00:00:00Z,39092.46875,39186.640625,38982.19921875,39041.0390625,0
2024-10-18T01:00:00Z,39046.30078125,39058.3984375,38964.51953125,39014.6796875,0
2024-10-18T02:00:00Z,39033.6484375,39070.87109375,38989.87890625,39058.3203125,0
2024-10-18T03:00:00Z,39020.51171875,39061.5,38893.51953125,38921.94921875,0
2024-10-18T04:00:00Z,38922.1484375,38955.08984375,38895.41015625,38927.12109375,0
2024-10-18T05:00:00Z,38928.12109375,39008.62109375,38911.859375,38952.1484375,0
2024-10-18T06:00:00Z,38973.12109375,38981.75,38973.12109375,38981.75,0
2024-10-21T00:00:00Z,38960.19921875,39036.98046875,38775.58984375,38978.03125,0
2024-10-21T01:00:00Z,38981.76953125,39055.03125,38955.41015625,39035.37109375,0
2024-10-21T02:00:00Z,39034.9609375,39119.671875,39033.0390625,39110.94921875,0
2024-10-21T03:00:00Z,39016.109375,39097.171875,38994.8203125,39070.76171875,0
2024-10-21T04:00:00Z,39073.91015625,39097.91015625,39030.76171875,39038.5703125,0
2024-10-21T05:00:00Z,39038.140625,39057.6796875,39003.01171875,39008.1015625,0
2024-10-21T06:00:00Z,39011.12109375,39011.12109375,38954.6015625,38954.6015625,0
2024-10-22T00:00:00Z,38933.6015625,38995.03125,38490.0703125,38490.0703125,0
2024-10-22T01:00:00Z,38494.2109375,38550.390625,38200.8203125,38427.37890625,0
2024-10-22T02:00:00Z,38424.16015625,38492.2890625,38392.19921875,38399.46875,0
2024-10-22T03:00:00Z,38430.640625,38500.08984375,38425.71875,38464.33984375,0
2024-10-22T04:00:00Z,38466.21875,38498.4609375,38389.12109375,38402.3203125,0
2024-10-22T05:00:00Z,38401.5390625,38520.48828125,38382.671875,38396.94921875,0
2024-10-22T06:00:00Z,38389.3984375,38411.9609375,38389.3984375,38411.9609375,0
2024-10-23T00:00:00Z,38397.28125,38514.328125,38324.05078125,38446.328125,0
2024-10-23T01:00:00Z,38443.9609375,38479.26953125,38293.140625,38293.140625,0
2024-10-23T02:00:00Z,38296.109375,38368.91015625,38293.83984375,38300.80859375,0
2024-10-23T03:00:00Z,38285.9296875,38287.73828125,38068.609375,38068.609375,0
2024-10-23T04:00:00Z,38068.08984375,38175.33984375,37987.62109375,38137.69140625,0
2024-10-23T05:00:00Z,38128.25,38158.62109375,38062.7890625,38076.9609375,0
2024-10-23T06:00:00Z,38080.8515625,38104.859375,38080.8515625,38104.859375,0
2024-10-24T00:00:00Z,37804.51953125,38320.390625,37712.19140625,38316.1015625,0
2024-10-24T01:00:00Z,38317.51953125,38317.51953125,38150.19140625,38184.6796875,0
2024-10-24T02:00:00Z,38189.62109375,38189.62109375,38103.73046875,38154.25,0
2024-10-24T03:00:00Z,38248.5390625,38265.73046875,38148.890625,38157.5703125,0
2024-10-24T04:00:00Z,38154.109375,38154.109375,38013.66015625,38121.78125,0
2024-10-24T05:00:00Z,38122.78125,38212.9609375,38100.19921875,38178.03125,0
2024-10-24T06:00:00Z,38182.62109375,38182.62109375,38143.2890625,38143.2890625,0
2024-10-25T00:00:00Z,37954.78125,38025.421875,37804.62109375,37831.3203125,0
2024-10-25T01:00:00Z,37833.28125,37910.078125,37743.0,37774.51953125,0
2024-10-25T02:00:00Z,37769.46875,37789.62109375,37728.3515625,37771.7890625,0
2024-10-25T03:00:00Z,37822.4296875,37874.98828125,37740.46875,37760.76171875,0
2024-10-25T04:00:00Z,37760.1796875,37818.890625,37714.28125,37817.94140625,0
2024-10-25T05:00:00Z,37816.05859375,37905.23046875,37773.3515625,37872.609375,0
2024-10-25T06:00:00Z,37879.890625,37913.921875,37879.890625,37913.921875,0
2024-10-28T00:00:00Z,37757.94921875,38658.73828125,37757.94921875,38486.33984375,0
2024-10-28T01:00:00Z,38488.328125,38597.48046875,38441.75,38542.671875,0
2024-10-28T02:00:00Z,38543.640625,38546.37109375,38435.12890625,38463.5,0
2024-10-28T03:00:00Z,38546.01171875,38578.62109375,38452.08984375,38518.76953125,0
2024-10-28T04:00:00Z,38515.46875,38697.21875,38495.859375,38696.7890625,0
2024-10-28T05:00:00Z,38700.01171875,38727.9609375,38588.26171875,38642.80078125,0
2024-10-28T06:00:00Z,38626.44140625,38626.44140625,38605.53125,38605.53125,0
2024-10-29T00:00:00Z,38524.30078125,38702.109375,38416.8515625,38702.109375,0
2024-10-29T01:00:00Z,38699.390625,38897.9296875,38631.98046875,38787.5390625,0
2024-10-29T02:00:00Z,38789.76171875,38859.23828125,38758.5,38819.51171875,0
2024-10-29T03:00:00Z,38870.7109375,38872.6796875,38778.0703125,38805.5390625,0
2024-10-29T04:00:00Z,38805.62890625,38850.859375,38756.1015625,38847.19921875,0
2024-10-29T05:00:00Z,38847.55078125,38896.859375,38823.828125,38874.6796875,0
2024-10-29T06:00:00Z,38903.6796875,38903.6796875,38903.6796875,38903.6796875,0
2024-10-30T00:00:00Z,39102.890625,39313.87109375,39094.30078125,39223.94921875,0
2024-10-30T01:00:00Z,39213.140625,39332.01953125,39181.01953125,39316.3203125,0
2024-10-30T02:00:00Z,39315.98828125,39390.48828125,39297.25,39390.48828125,0
2024-10-30T03:00:00Z,39401.51953125,39417.87890625,39328.609375,39354.98828125,0
2024-10-30T04:00:00Z,39355.69921875,39358.9296875,39264.51953125,39303.05859375,0
2024-10-30T05:00:00Z,39303.6484375,39346.16015625,39207.80078125,39309.08984375,0
2024-10-30T06:00:00Z,39298.01171875,39298.01171875,39277.390625,39277.390625,0
2024-10-31T00:00:00Z,39179.71875,39249.2109375,38987.328125,39006.25,0
2024-10-31T01:00:00Z,39006.5390625,39159.390625,39006.5390625,39083.01953125,0
2024-10-31T02:00:00Z,39090.7890625,39157.25,39067.7890625,39116.7890625,0
2024-10-31T03:00:00Z,39093.69921875,39139.6015625,38981.96875,39028.3515625,0
2024-10-31T04:00:00Z,39028.19921875,39033.05859375,38832.2109375,38915.94140625,0
2024-10-31T05:00:00Z,38916.9609375,39171.6796875,38895.1796875,39102.359375,0
2024-10-31T06:00:00Z,39081.25,39081.25,39081.25,39081.25,0
2024-11-01T00:00:00Z,38504.3515625,38512.828125,38238.671875,38323.0390625,0
2024-11-01T01:00:00Z,38323.859375,38361.75,38221.69921875,38254.2890625,0
2024-11-01T02:00:00Z,38254.73046875,38263.30078125,38180.3515625,38196.53125,0
2024-11-01T03:00:00Z,38206.4296875,38261.23046875,38188.7890625,38203.76171875,0
2024-11-01T04:00:00Z,38202.01953125,38240.41015625,38160.1796875,38193.75,0
2024-11-01T05:00:00Z,38197.328125,38207.71875,37946.66015625,38033.0,0
2024-11-01T06:00:00Z,38033.73828125,38053.671875,38033.73828125,38053.671875,0
2024-11-05T00:00:00Z,38274.21875,38392.2109375,38159.73046875,38354.23828125,0
2024-11-05T01:00:00Z,38354.05078125,38572.671875,38334.140625,38529.6484375,0
2024-11-05T02:00:00Z,38531.21875,38536.828125,38462.48046875,38474.66015625,0
2024-11-05T03:00:00Z,38551.83984375,38559.8984375,38458.33984375,38495.37890625,0
2024-11-05T04:00:00Z,38492.26953125,38606.69140625,38492.26953125,38523.26171875,0
2024-11-05T05:00:00Z,38535.05859375,38620.19140625,38535.05859375,38608.8203125,0
2024-11-06T00:00:00Z,38677.94921875,38958.41015625,38662.171875,38922.078125,0
2024-11-06T01:00:00Z,38938.23828125,39055.25,38933.7890625,39054.21875,0
2024-11-06T02:00:00Z,39055.7890625,39341.44140625,39053.30078125,39341.44140625,0
2024-11-06T03:00:00Z,39564.78125,39664.53125,39431.8515625,39544.578125,0
2024-11-06T04:00:00Z,39530.12109375,39542.01953125,39285.03125,39323.6015625,0
2024-11-06T05:00:00Z,39322.05078125,39444.66015625,39135.12109375,39437.44140625,0
2024-11-07T00:00:00Z,39745.23046875,39884.01171875,39202.80859375,39293.671875,0
2024-11-07T01:00:00Z,39296.921875,39384.7109375,39020.21875,39348.87109375,0
2024-11-07T02:00:00Z,39349.23046875,39371.53125,39234.3984375,39321.87109375,0
2024-11-07T03:00:00Z,39448.078125,39491.890625,39331.2109375,39361.91015625,0
2024-11-07T04:00:00Z,39364.69140625,39386.30078125,39255.4609375,39326.16015625,0
2024-11-07T05:00:00Z,39323.7890625,39393.80078125,39302.9609375,39392.23828125,0
2024-11-08T00:00:00Z,39783.44921875,39818.41015625,39552.1484375,39687.3984375,0
2024-11-08T01:00:00Z,39688.37109375,39691.0,39446.8984375,39448.51171875,0
2024-11-08T02:00:00Z,39456.62109375,39515.359375,39418.37890625,39515.359375,0
2024-11-08T03:00:00Z,39482.87109375,39525.62109375,39473.46875,39495.51953125,0
2024-11-08T04:00:00Z,39492.76953125,39493.08984375,39377.87109375,39422.03125,0
2024-11-08T05:00:00Z,39429.51953125,39552.48828125,39406.66015625,39498.23828125,0
2024-11-11T00:00:00Z,39417.2109375,39598.73828125,39316.2109375,39516.76953125,0
2024-11-11T01:00:00Z,39518.01171875,39523.51953125,39379.53125,39433.9296875,0
2024-11-11T02:00:00Z,39434.73828125,39437.640625,39315.609375,39347.7890625,0
2024-11-11T03:00:00Z,39405.1796875,39461.03125,39393.3203125,39418.4609375,0
2024-11-11T04:00:00Z,39419.16015625,39533.23828125,39415.16015625,39481.01171875,0
2024-11-11T05:00:00Z,39481.76171875,39537.6484375,39449.609375,39480.01953125,0
2024-11-12T00:00:00Z,39642.78125,39812.44140625,39572.05859375,39726.98828125,0
2024-11-12T01:00:00Z,39729.30859375,39866.71875,39665.01953125,39792.16015625,0
2024-11-12T02:00:00Z,39792.69921875,39833.609375,39747.80859375,39748.12890625,0
2024-11-12T03:00:00Z,39544.80859375,39593.140625,39388.44921875,39388.46875,0
2024-11-12T04:00:00Z,39379.7109375,39441.28125,39173.12890625,39223.140625,0
2024-11-12T05:00:00Z,39220.1796875,39301.0703125,39137.890625,39267.3203125,0
2024-11-13T00:00:00Z,39317.1484375,39377.23828125,39044.08984375,39096.66015625,0
2024-11-13T01:00:00Z,39096.98828125,39102.73828125,38814.0703125,38924.76953125,0
2024-11-13T02:00:00Z,38929.94140625,38988.359375,38862.76953125,38953.44140625,0
2024-11-13T03:00:00Z,39008.96875,39049.6015625,38962.109375,38981.83984375,0
2024-11-13T04:00:00Z,38979.37109375,39009.359375,38800.01171875,38800.01171875,0
2024-11-13T05:00:00Z,38800.4296875,38825.0,38600.26171875,38711.44140625,0
2024-11-14T00:00:00Z,38911.0390625,39084.44140625,38821.7890625,39026.359375,0
2024-11-14T01:00:00Z,39032.69921875,39057.94140625,38739.109375,38759.28125,0
2024-11-14T02:00:00Z,38753.7109375,38770.6484375,38621.87890625,38761.01953125,0
2024-11-14T03:00:00Z,38768.94140625,38795.91015625,38732.671875,38780.21875,0
2024-11-14T04:00:00Z,38767.55859375,38820.87109375,38704.6484375,38722.26953125,0
2024-11-14T05:00:00Z,38722.4609375,38782.109375,38571.421875,38638.2890625,0
2024-11-15T00:00:00Z,38749.55859375,39101.640625,38749.55859375,39019.890625,0
2024-11-15T01:00:00Z,39021.66015625,39025.69921875,38765.640625,38833.19921875,0
2024-11-15T02:00:00Z,38834.859375,38858.25,38785.66015625,38842.12890625,0
2024-11-15T03:00:00Z,38867.30859375,38886.578125,38837.21875,38865.2890625,0
2024-11-15T04:00:00Z,38865.53125,38887.51171875,38815.359375,38845.2109375,0
2024-11-15T05:00:00Z,38849.828125,38875.69140625,38752.328125,38817.28125,0
2024-11-18T00:00:00Z,38259.58984375,38406.80859375,38150.390625,38363.19140625,0
2024-11-18T01:00:00Z,38362.26953125,38548.30078125,38333.5390625,38358.7109375,0
2024-11-18T02:00:00Z,38357.140625,38390.0703125,38298.62109375,38343.390625,0
2024-11-18T03:00:00Z,38309.21875,38309.21875,38228.71875,38233.76953125,0
2024-11-18T04:00:00Z,38233.12109375,38306.2890625,38218.921875,38293.328125,0
2024-11-18T05:00:00Z,38293.890625,38297.9609375,38221.37109375,38265.01171875,0
2024-11-19T00:00:00Z,38396.71875,38511.98828125,38292.76953125,38322.30078125,0
2024-11-19T01:00:00Z,38323.7109375,38392.37890625,38246.359375,38384.0703125,0
2024-11-19T02:00:00Z,38382.71875,38434.671875,38364.8984375,38429.37109375,0
2024-11-19T03:00:00Z,38466.87109375,38549.44140625,38466.87109375,38495.671875,0
2024-11-19T04:00:00Z,38496.30078125,38560.1015625,38463.91015625,38504.0390625,0
2024-11-19T05:00:00Z,38503.76953125,38503.76953125,38343.94140625,38380.62109375,0
2024-11-20T00:00:00Z,38475.69921875,38520.44921875,38389.671875,38412.3515625,0
2024-11-20T01:00:00Z,38418.671875,38427.1796875,38207.7890625,38257.328125,0
2024-11-20T02:00:00Z,38259.44921875,38280.390625,38239.19921875,38242.3515625,0
2024-11-20T03:00:00Z,38237.12109375,38256.4296875,38180.1484375,38227.26171875,0
2024-11-20T04:00:00Z,38227.359375,38342.6484375,38217.828125,38333.80859375,0
2024-11-20T05:00:00Z,38337.5703125,38376.98046875,38258.0390625,38308.19921875,0
2024-11-21T00:00:00Z,38352.87109375,38374.69140625,37995.8984375,38047.4296875,0
2024-11-21T01:00:00Z,38045.75,38140.55078125,38023.30078125,38062.94140625,0
2024-11-21T02:00:00Z,38064.30078125,38092.75,38029.30859375,38033.21875,0
2024-11-21T03:00:00Z,38070.640625,38083.16015625,37967.62890625,37979.7890625,0
2024-11-21T04:00:00Z,37979.01171875,38043.9296875,37945.2109375,38020.55078125,0
2024-11-21T05:00:00Z,38018.7890625,38121.16015625,38005.5703125,38079.71875,0
2024-11-21T06:00:00Z,38078.76171875,38078.76171875,37974.53125,38020.87890625,0
2024-11-22T00:00:00Z,38146.98046875,38324.37109375,38085.12890625,38283.640625,0
2024-11-22T01:00:00Z,38283.26171875,38374.51171875,38280.140625,38348.921875,0
2024-11-22T02:00:00Z,38347.5390625,38420.62890625,38336.46875,38415.3203125,0
2024-11-22T03:00:00Z,38414.828125,38414.828125,38291.66015625,38345.83984375,0
2024-11-22T04:00:00Z,38352.171875,38415.28125,38310.08984375,38317.390625,0
2024-11-22T05:00:00Z,38317.66015625,38397.3515625,38314.48828125,38329.30859375,0
2024-11-22T06:00:00Z,38329.51953125,38375.25,38300.76171875,38357.421875,0
2024-11-25T00:00:00Z,38679.9296875,39047.30078125,38672.4609375,39021.08984375,0
2024-11-25T01:00:00Z,39023.3515625,39053.640625,38820.44140625,38830.23046875,0
2024-11-25T02:00:00Z,38828.0390625,38868.6796875,38787.51953125,38868.6796875,0
2024-11-25T03:00:00Z,38782.078125,38782.078125,38672.171875,38715.8984375,0
2024-11-25T04:00:00Z,38715.87109375,38861.26953125,38704.2890625,38838.03125,0
2024-11-25T05:00:00Z,38837.3203125,38957.94140625,38831.80859375,38925.359375,0
2024-11-25T06:00:00Z,38924.19921875,38924.19921875,38757.58984375,38799.828125,0
2024-11-26T00:00:00Z,38596.76171875,38596.76171875,38197.51171875,38200.75,0
2024-11-26T01:00:00Z,38206.8515625,38249.37109375,38020.078125,38231.8203125,0
2024-11-26T02:00:00Z,38232.8203125,38366.921875,38232.37890625,38260.37890625,0
2024-11-26T03:00:00Z,38287.12890625,38330.03125,38238.140625,38253.98046875,0
2024-11-26T04:00:00Z,38253.109375,38262.55859375,38158.73828125,38205.6796875,0
2024-11-26T05:00:00Z,38204.6015625,38258.80078125,38168.0390625,38240.4296875,0
2024-11-26T06:00:00Z,38240.05859375,38404.44140625,38201.55078125,38404.44140625,0
2024-11-27T00:00:00Z,38327.859375,38332.44921875,38201.41015625,38289.26953125,0
2024-11-27T01:00:00Z,38288.3984375,38313.859375,38062.76953125,38099.75,0
2024-11-27T02:00:00Z,38090.33984375,38179.7109375,38081.76953125,38165.8515625,0
2024-11-27T03:00:00Z,38150.609375,38165.0390625,38070.19921875,38158.359375,0
2024-11-27T04:00:00Z,38157.8203125,38163.98828125,38064.12890625,38068.53125,0
2024-11-27T05:00:00Z,38070.83984375,38110.01953125,37988.98828125,38069.4296875,0
2024-11-27T06:00:00Z,38065.69140625,38151.87109375,38028.80859375,38149.37890625,0
2024-11-28T00:00:00Z,37935.94140625,38080.23828125,37801.62109375,38044.421875,0
2024-11-28T01:00:00Z,38041.80078125,38381.53125,38018.640625,38292.359375,0
2024-11-28T02:00:00Z,38296.671875,38376.55859375,38199.30859375,38295.12890625,0
2024-11-28T03:00:00Z,38323.08984375,38458.91015625,38280.9296875,38359.44140625,0
2024-11-28T04:00:00Z,38360.28125,38478.3203125,38360.28125,38447.12890625,0
2024-11-28T05:00:00Z,38447.69921875,38465.51953125,38368.26953125,38368.26953125,0
2024-11-28T06:00:00Z,38364.80859375,38366.6484375,38257.26953125,38358.6796875,0
2024-11-29T00:00:00Z,38205.078125,38238.23828125,37986.96875,38010.828125,0
2024-11-29T01:00:00Z,38012.0,38160.62109375,37988.12109375,38115.94140625,0
2024-11-29T02:00:00Z,38116.6015625,38210.62109375,38116.6015625,38193.01171875,0
2024-11-29T03:00:00Z,38221.16015625,38270.05859375,38152.19921875,38157.76171875,0
2024-11-29T04:00:00Z,38156.3203125,38190.30859375,38118.0,38169.73046875,0
2024-11-29T05:00:00Z,38171.2109375,38240.359375,38171.2109375,38197.41015625,0
2024-11-29T06:00:00Z,38194.05078125,38211.01953125,38151.890625,38200.3984375,0
2024-12-02T00:00:00Z,38216.94921875,38365.01171875,37958.55078125,37995.828125,0
2024-12-02T01:00:00Z,37988.71875,38110.921875,37966.98046875,38098.83984375,0
2024-12-02T02:00:00Z,38099.75,38252.05078125,38087.05078125,38220.01171875,0
2024-12-02T03:00:00Z,38255.16015625,38352.55859375,38235.41015625,38325.05078125,0
2024-12-02T04:00:00Z,38324.16015625,38538.6015625,38320.2109375,38458.01171875,0
2024-12-02T05:00:00Z,38458.33984375,38552.41015625,38391.62890625,38531.03125,0
2024-12-02T06:00:00Z,38530.6796875,38533.80859375,38416.37109375,38487.26953125,0
2024-12-03T00:00:00Z,38748.6484375,39058.87109375,38746.05078125,39026.41015625,0
2024-12-03T01:00:00Z,39027.75,39182.4296875,38873.8203125,39148.140625,0
2024-12-03T02:00:00Z,39149.33984375,39215.8515625,39148.51171875,39180.05859375,0
2024-12-03T03:00:00Z,39196.6484375,39352.6796875,39196.6484375,39330.98828125,0
2024-12-03T04:00:00Z,39328.828125,39427.37109375,39328.75,39379.4609375,0
2024-12-03T05:00:00Z,39377.94921875,39416.0703125,39299.80078125,39305.94921875,0
2024-12-03T06:00:00Z,39316.9296875,39350.1796875,39183.12109375,39183.12109375,0
2024-12-04T00:00:00Z,39354.0,39417.078125,39159.359375,39179.7890625,0
2024-12-04T01:00:00Z,39178.421875,39218.51953125,39082.28125,39163.8203125,0
2024-12-04T02:00:00Z,39166.76953125,39182.390625,39062.03125,39077.0390625,0
2024-12-04T03:00:00Z,39075.37890625,39267.609375,39071.0703125,39250.328125,0
2024-12-04T04:00:00Z,39251.44921875,39295.78125,39215.30859375,39280.51171875,0
2024-12-04T05:00:00Z,39280.6015625,39371.8203125,39262.05859375,39334.171875,0
2024-12-04T06:00:00Z,39334.0703125,39381.23046875,39223.23046875,39279.83984375,0
2024-12-05T00:00:00Z,39610.4296875,39632.30078125,39420.58984375,39424.671875,0
2024-12-05T01:00:00Z,39429.69140625,39588.3515625,39429.69140625,39516.76171875,0
2024-12-05T02:00:00Z,39517.30078125,39559.37890625,39488.51171875,39488.51171875,0
2024-12-05T03:00:00Z,39490.75,39509.4296875,39450.46875,39454.578125,0
2024-12-05T04:00:00Z,39462.26171875,39467.109375,39353.51953125,39444.2890625,0
2024-12-05T05:00:00Z,39443.48828125,39451.48046875,39323.0390625,39413.26953125,0
2024-12-05T06:00:00Z,39415.421875,39468.1796875,39339.4296875,39342.12890625,0
2024-12-06T00:00:00Z,39371.55859375,39468.46875,39083.171875,39161.359375,0
2024-12-06T01:00:00Z,39159.98046875,39193.96875,39048.05859375,39062.921875,0
2024-12-06T02:00:00Z,39060.48046875,39071.51171875,39006.1015625,39042.58984375,0
2024-12-06T03:00:00Z,39031.21875,39098.21875,39005.9296875,39011.30078125,0
2024-12-06T04:00:00Z,39011.6484375,39039.83984375,38940.44140625,39016.51953125,0
2024-12-06T05:00:00Z,39017.51171875,39081.44140625,39003.25,39051.6796875,0
2024-12-06T06:00:00Z,39048.671875,39109.21875,39043.640625,39064.9609375,0
2024-12-09T00:00:00Z,39332.55078125,39332.55078125,38972.78125,39112.87890625,0
2024-12-09T01:00:00Z,39113.78125,39316.890625,39113.78125,39214.28125,0
2024-12-09T02:00:00Z,39210.98046875,39253.98828125,39180.9609375,39197.5703125,0
2024-12-09T03:00:00Z,39193.109375,39241.16015625,39150.75,39161.12109375,0
2024-12-09T04:00:00Z,39161.12890625,39177.140625,39075.01171875,39091.109375,0
2024-12-09T05:00:00Z,39092.328125,39136.51953125,39061.80078125,39105.7890625,0
2024-12-09T06:00:00Z,39105.87890625,39153.44921875,39104.05078125,39138.9296875,0
2024-12-10T00:00:00Z,39375.48828125,39465.140625,39228.69140625,39305.73828125,0
2024-12-10T01:00:00Z,39302.91015625,39371.1484375,39171.69140625,39222.58984375,0
2024-12-10T02:00:00Z,39222.75,39234.5,39192.21875,39197.421875,0
2024-12-10T03:00:00Z,39228.69140625,39304.0390625,39208.78125,39278.6796875,0
2024-12-10T04:00:00Z,39277.3515625,39371.0,39254.7890625,39358.7109375,0
2024-12-10T05:00:00Z,39358.6796875,39400.5,39288.6484375,39303.05078125,0
2024-12-10T06:00:00Z,39302.16015625,39358.55078125,39291.140625,39329.5703125,0
2024-12-11T00:00:00Z,39357.76953125,39391.390625,39263.80859375,39278.69921875,0
2024-12-11T01:00:00Z,39278.01953125,39343.33984375,39209.7109375,39217.3984375,0
2024-12-11T02:00:00Z,39218.671875,39218.671875,39112.80078125,39112.80078125,0
2024-12-11T03:00:00Z,39176.1796875,39296.87109375,39174.6484375,39264.25,0
2024-12-11T04:00:00Z,39264.76171875,39280.80078125,39224.12890625,39280.25,0
2024-12-11T05:00:00Z,39281.05859375,39369.921875,39258.78125,39368.98046875,0
2024-12-11T06:00:00Z,39368.48046875,39401.9296875,39334.71875,39387.9296875,0
2024-12-12T00:00:00Z,39849.96875,40085.328125,39827.58984375,40031.828125,0
2024-12-12T01:00:00Z,40028.46875,40091.55078125,39927.26171875,39940.37109375,0
2024-12-12T02:00:00Z,39938.9609375,39958.0390625,39850.83984375,39881.1015625,0
2024-12-12T03:00:00Z,39920.12109375,39963.33984375,39874.03125,39911.6796875,0
2024-12-12T04:00:00Z,39912.12109375,39943.609375,39881.58984375,39892.53125,0
2024-12-12T05:00:00Z,39891.609375,39990.08984375,39866.8984375,39980.19921875,0
2024-12-12T06:00:00Z,39980.921875,40024.51171875,39896.6484375,39908.140625,0
2024-12-13T00:00:00Z,39624.05078125,39734.98828125,39484.44140625,39508.37890625,0
2024-12-13T01:00:00Z,39509.2890625,39557.05078125,39345.78125,39363.69921875,0
2024-12-13T02:00:00Z,39363.140625,39379.96875,39247.41015625,39360.4296875,0
2024-12-13T03:00:00Z,39409.44921875,39460.98046875,39372.78125,39374.55859375,0
2024-12-13T04:00:00Z,39377.859375,39458.37890625,39373.3984375,39446.8203125,0
2024-12-13T05:00:00Z,39447.80078125,39497.33984375,39408.8984375,39422.44921875,0
2024-12-13T06:00:00Z,39423.109375,39504.7109375,39416.30859375,39491.76171875,0
2024-12-16T00:00:00Z,39551.21875,39632.171875,39479.609375,39572.51171875,0
2024-12-16T01:00:00Z,39571.0,39626.9296875,39452.62109375,39533.2890625,0
2024-12-16T02:00:00Z,39532.71875,39566.3515625,39519.890625,39533.55078125,0
2024-12-16T03:00:00Z,39514.890625,39515.71875,39371.421875,39407.3984375,0
2024-12-16T04:00:00Z,39407.140625,39481.30078125,39390.25,39442.8515625,0
2024-12-16T05:00:00Z,39443.87890625,39460.71875,39385.76171875,39424.76171875,0
2024-12-16T06:00:00Z,39424.71875,39466.41015625,39413.53125,39427.3984375,0
2024-12-17T00:00:00Z,39589.6484375,39796.21875,39565.8203125,39645.03125,0
2024-12-17T01:00:00Z,39643.19140625,39644.08984375,39548.76953125,39589.2109375,0
2024-12-17T02:00:00Z,39594.671875,39594.671875,39487.7890625,39520.05859375,0
2024-12-17T03:00:00Z,39533.078125,39553.78125,39487.94921875,39513.5,0
2024-12-17T04:00:00Z,39512.28125,39547.109375,39390.5703125,39392.671875,0
2024-12-17T05:00:00Z,39392.921875,39493.73046875,39386.37109375,39431.71875,0
2024-12-17T06:00:00Z,39432.9296875,39441.30859375,39368.51171875,39411.87109375,0
2024-12-18T00:00:00Z,39176.87890625,39277.6015625,39139.4296875,39177.140625,0
2024-12-18T01:00:00Z,39177.44140625,39382.69140625,39123.3203125,39301.19921875,0
2024-12-18T02:00:00Z,39301.80078125,39334.640625,39274.23828125,39281.05859375,0
2024-12-18T03:00:00Z,39208.12109375,39226.26953125,39115.578125,39181.16015625,0
2024-12-18T04:00:00Z,39183.94921875,39229.44921875,39142.75,39200.1796875,0
2024-12-18T05:00:00Z,39200.1484375,39218.921875,39144.83984375,39210.98828125,0
2024-12-18T06:00:00Z,39210.1796875,39249.26171875,39144.46875,39144.46875,0
2024-12-19T00:00:00Z,38522.26953125,38741.19140625,38355.51953125,38724.33984375,0
2024-12-19T01:00:00Z,38723.87890625,38830.73828125,38624.48828125,38648.87890625,0
2024-12-19T02:00:00Z,38646.98046875,38708.5703125,38598.51953125,38708.37890625,0
2024-12-19T03:00:00Z,38829.1484375,38878.3203125,38706.80859375,38737.55078125,0
2024-12-19T04:00:00Z,38738.9296875,38851.46875,38732.33984375,38848.41015625,0
2024-12-19T05:00:00Z,38844.8515625,38913.0703125,38785.44140625,38785.44140625,0
2024-12-19T06:00:00Z,38786.0703125,38872.69921875,38755.578125,38756.0703125,0
2024-12-20T00:00:00Z,38950.28125,39002.87890625,38796.01953125,38807.48046875,0
2024-12-20T01:00:00Z,38807.62109375,39039.6796875,38802.37109375,38970.16015625,0
2024-12-20T02:00:00Z,38968.55859375,38970.55078125,38866.609375,38889.94921875,0
2024-12-20T03:00:00Z,38933.91015625,38940.12109375,38772.28125,38806.8203125,0
2024-12-20T04:00:00Z,38812.41015625,38875.08984375,38758.8984375,38857.73046875,0
2024-12-20T05:00:00Z,38857.01171875,38863.55078125,38733.25,38787.890625,0
2024-12-20T06:00:00Z,38789.16015625,38796.51171875,38708.37890625,38737.078125,0
2024-12-23T00:00:00Z,39040.71875,39088.03125,38847.12890625,39000.0,0
2024-12-23T01:00:00Z,38999.12890625,39102.05078125,38956.390625,39065.890625,0
2024-12-23T02:00:00Z,39066.78125,39075.0703125,39004.12109375,39043.58984375,0
2024-12-23T03:00:00Z,39085.3515625,39085.3515625,39013.62109375,39019.53125,0
2024-12-23T04:00:00Z,39019.26953125,39148.73046875,39019.26953125,39138.421875,0
2024-12-23T05:00:00Z,39138.0703125,39210.109375,39138.0703125,39156.94921875,0
2024-12-23T06:00:00Z,39163.921875,39210.171875,39144.53125,39201.48046875,0
2024-12-24T00:00:00Z,39210.23046875,39245.75,39109.0,39163.109375,0
2024-12-24T01:00:00Z,39163.3515625,39171.26171875,38995.76171875,39027.75,0
2024-12-24T02:00:00Z,39027.671875,39059.26953125,39017.01171875,39055.3515625,0
2024-12-24T03:00:00Z,39042.58984375,39101.19140625,39031.578125,39073.44140625,0
2024-12-24T04:00:00Z,39074.26953125,39074.671875,39016.640625,39055.23046875,0
2024-12-24T05:00:00Z,39054.1796875,39072.73828125,39019.44921875,39072.73828125,0
2024-12-24T06:00:00Z,39072.6484375,39084.69140625,39026.87890625,39062.3984375,0
2024-12-25T00:00:00Z,39168.51953125,39180.58984375,38927.16015625,38954.66015625,0
2024-12-25T01:00:00Z,38954.41015625,39054.25,38951.3515625,38990.62890625,0
2024-12-25T02:00:00Z,38989.44140625,39010.921875,38960.69140625,38990.55859375,0
2024-12-25T03:00:00Z,38979.94921875,39013.19140625,38965.75,38987.12890625,0
2024-12-25T04:00:00Z,38987.69140625,39048.5390625,38960.8203125,39013.30078125,0
2024-12-25T05:00:00Z,39013.30078125,39032.0390625,38980.26171875,39026.30859375,0
2024-12-25T06:00:00Z,39021.76953125,39088.96875,38997.05078125,39071.171875,0
2024-12-26T00:00:00Z,39129.30859375,39358.6015625,39110.921875,39301.3515625,0
2024-12-26T01:00:00Z,39300.80859375,39341.33984375,39254.7109375,39283.51953125,0
2024-12-26T02:00:00Z,39282.2109375,39360.80078125,39269.1015625,39336.390625,0
2024-12-26T03:00:00Z,39360.03125,39438.4609375,39360.03125,39438.4609375,0
2024-12-26T04:00:00Z,39441.21875,39536.921875,39439.03125,39515.53125,0
2024-12-26T05:00:00Z,39516.94140625,39581.80078125,39516.16015625,39560.6796875,0
2024-12-26T06:00:00Z,39564.1484375,39592.28125,39473.05859375,39524.23046875,0
2024-12-27T00:00:00Z,39672.1484375,39875.6015625,39669.390625,39863.73046875,0
2024-12-27T01:00:00Z,39864.41015625,40017.12890625,39838.078125,39982.91015625,0
2024-12-27T02:00:00Z,39976.859375,40086.28125,39953.5,40074.55859375,0
2024-12-27T03:00:00Z,40107.1796875,40175.83984375,40048.62109375,40147.01953125,0
2024-12-27T04:00:00Z,40150.08984375,40312.05078125,40150.08984375,40199.16015625,0
2024-12-27T05:00:00Z,40199.58984375,40398.23046875,40191.26953125,40358.859375,0
2024-12-27T06:00:00Z,40358.5,40358.5,40227.828125,40274.078125,0
2024-12-30T00:00:00Z,40325.78125,40325.78125,40041.6484375,40066.46875,0
2024-12-30T01:00:00Z,40065.359375,40065.46875,39935.0390625,40053.08984375,0
2024-12-30T02:00:00Z,40052.640625,40052.640625,39979.6796875,39979.6796875,0
2024-12-30T03:00:00Z,39959.828125,39966.890625,39899.69140625,39900.6796875,0
2024-12-30T04:00:00Z,39899.23828125,39971.859375,39864.4609375,39877.30859375,0
2024-12-30T05:00:00Z,39877.48828125,39974.44921875,39864.87109375,39951.94921875,0
2024-12-30T06:00:00Z,39951.41015625,39955.41015625,39884.80078125,39902.2109375,0
2025-01-06T00:00:00Z,39945.421875,39993.5,39561.69921875,39593.0,0
2025-01-06T01:00:00Z,39589.9609375,39647.171875,39410.109375,39422.71875,0
2025-01-06T02:00:00Z,39413.01953125,39452.08984375,39359.83984375,39394.26953125,0
2025-01-06T03:00:00Z,39360.5,39393.2890625,39264.05859375,39270.55859375,0
2025-01-06T04:00:00Z,39266.48828125,39314.3984375,39232.78125,39258.12109375,0
2025-01-06T05:00:00Z,39256.12890625,39382.23046875,39239.21875,39340.71875,0
2025-01-06T06:00:00Z,39342.30859375,39353.75,39251.73046875,39304.62890625,0
2025-01-07T00:00:00Z,39584.359375,40007.62890625,39584.359375,39976.171875,0
2025-01-07T01:00:00Z,39970.8984375,40255.62890625,39916.03125,40223.69140625,0
2025-01-07T02:00:00Z,40222.01953125,40288.80078125,40204.390625,40264.5,0
2025-01-07T03:00:00Z,40168.421875,40220.16015625,40086.2890625,40214.9296875,0
2025-01-07T04:00:00Z,40219.55078125,40284.37109375,40198.08984375,40205.8984375,0
2025-01-07T05:00:00Z,40205.48828125,40236.55859375,40049.640625,40146.01171875,0
2025-01-07T06:00:00Z,40140.4296875,40154.53125,40052.109375,40105.30078125,0
2025-01-08T00:00:00Z,39879.359375,39891.6796875,39705.80859375,39816.66015625,0
2025-01-08T01:00:00Z,39817.5,39861.2109375,39718.6484375,39835.4609375,0
2025-01-08T02:00:00Z,39836.76171875,39955.5703125,39834.12109375,39942.94921875,0
2025-01-08T03:00:00Z,39993.71875,40073.58984375,39961.578125,40072.83984375,0
2025-01-08T04:00:00Z,40081.44921875,40105.71875,39978.9609375,40016.69921875,0
2025-01-08T05:00:00Z,40015.37890625,40040.98828125,39955.19921875,40038.41015625,0
2025-01-08T06:00:00Z,40037.28125,40046.3515625,39986.51171875,40029.08984375,0
2025-01-09T00:00:00Z,39888.91015625,39930.0703125,39716.8203125,39790.171875,0
2025-01-09T01:00:00Z,39791.1015625,39791.1015625,39607.05859375,39650.1796875,0
2025-01-09T02:00:00Z,39649.921875,39705.44140625,39615.30078125,39678.9296875,0
2025-01-09T03:00:00Z,39606.859375,39610.98046875,39433.671875,39451.62109375,0
2025-01-09T04:00:00Z,39451.859375,39489.30078125,39385.05078125,39480.23046875,0
2025-01-09T05:00:00Z,39481.0390625,39565.6796875,39435.03125,39561.44921875,0
2025-01-09T06:00:00Z,39571.98828125,39664.80859375,39554.37890625,39606.69921875,0
2025-01-10T00:00:00Z,39550.25,39591.4609375,39240.6796875,39249.87890625,0
2025-01-10T01:00:00Z,39248.48046875,39399.69921875,39166.05078125,39367.55859375,0
2025-01-10T02:00:00Z,39367.9609375,39426.08984375,39325.5703125,39411.76171875,0
2025-01-10T03:00:00Z,39309.91015625,39311.62890625,39191.58984375,39195.44921875,0
2025-01-10T04:00:00Z,39195.03125,39275.578125,39173.0,39243.73828125,0
2025-01-10T05:00:00Z,39244.1484375,39331.51953125,39198.58984375,39260.5390625,0
2025-01-10T06:00:00Z,39266.359375,39275.578125,39232.51953125,39249.98828125,0
2025-01-14T00:00:00Z,39010.9609375,39054.3515625,38722.890625,38732.96875,0
2025-01-14T01:00:00Z,38732.08984375,38745.78125,38401.578125,38401.578125,0
2025-01-14T02:00:00Z,38399.98828125,38497.62109375,38332.91015625,38469.578125,0
2025-01-14T03:00:00Z,38516.94921875,38548.01171875,38344.1015625,38344.1015625,0
2025-01-14T04:00:00Z,38342.109375,38423.01171875,38305.91015625,38398.0,0
2025-01-14T05:00:00Z,38397.98046875,38461.16015625,38354.0703125,38400.08984375,0
2025-01-14T06:00:00Z,38401.109375,38501.078125,38395.8203125,38433.671875,0
2025-01-15T00:00:00Z,38721.609375,38774.98828125,38481.109375,38536.3984375,0
2025-01-15T01:00:00Z,38538.98046875,38562.921875,38404.7890625,38534.26171875,0
2025-01-15T02:00:00Z,38535.98828125,38650.9296875,38523.828125,38628.609375,0
2025-01-15T03:00:00Z,38576.66015625,38577.73828125,38468.58984375,38481.58984375,0
2025-01-15T04:00:00Z,38483.640625,38523.5390625,38459.44140625,38482.2890625,0
2025-01-15T05:00:00Z,38482.0390625,38484.05859375,38316.01171875,38369.37890625,0
2025-01-15T06:00:00Z,38368.390625,38423.48828125,38333.1015625,38412.12109375,0
2025-01-16T00:00:00Z,38732.6484375,38932.5390625,38633.37890625,38759.76171875,0
2025-01-16T01:00:00Z,38759.19921875,38759.19921875,38571.8203125,38586.390625,0
2025-01-16T02:00:00Z,38586.671875,38608.6796875,38485.96875,38551.9609375,0
2025-01-16T03:00:00Z,38620.12109375,38651.4609375,38570.30859375,38576.4296875,0
2025-01-16T04:00:00Z,38575.05078125,38575.05078125,38512.7109375,38527.37109375,0
2025-01-16T05:00:00Z,38528.1015625,38551.0390625,38426.19921875,38476.69921875,0
2025-01-16T06:00:00Z,38481.96875,38718.08984375,38481.41015625,38635.25,0
2025-01-17T00:00:00Z,38454.1015625,38503.94140625,38080.26171875,38207.28125,0
2025-01-17T01:00:00Z,38208.53125,38285.7890625,38055.6796875,38068.23046875,0
2025-01-17T02:00:00Z,38072.08984375,38245.2890625,38072.08984375,38193.05078125,0
2025-01-17T03:00:00Z,38173.12890625,38319.51953125,38168.171875,38316.7109375,0
2025-01-17T04:00:00Z,38317.44140625,38364.03125,38284.66015625,38364.03125,0
2025-01-17T05:00:00Z,38363.3203125,38439.75,38321.46875,38406.66015625,0
2025-01-17T06:00:00Z,38408.109375,38478.48046875,38391.37109375,38464.578125,0
2025-01-20T00:00:00Z,38671.76953125,38966.96875,38671.76953125,38900.171875,0
2025-01-20T01:00:00Z,38899.390625,39032.9296875,38880.44921875,39010.83984375,0
2025-01-20T02:00:00Z,39009.58984375,39014.08984375,38902.328125,38948.46875,0
2025-01-20T03:00:00Z,38938.8515625,38939.51171875,38824.6015625,38913.73828125,0
2025-01-20T04:00:00Z,38913.19921875,38941.33984375,38893.1796875,38907.609375,0
2025-01-20T05:00:00Z,38908.109375,38946.9296875,38880.12890625,38946.25,0
2025-01-20T06:00:00Z,38948.30859375,38948.30859375,38855.0390625,38888.8515625,0
2025-01-21T00:00:00Z,39163.53125,39238.2109375,38713.26171875,38713.26171875,0
2025-01-21T01:00:00Z,38706.078125,38972.98828125,38643.83984375,38921.8203125,0
2025-01-21T02:00:00Z,38917.87890625,38991.55078125,38917.87890625,38951.76953125,0
2025-01-21T03:00:00Z,38977.69921875,39048.9296875,38939.0703125,38985.01953125,0
2025-01-21T04:00:00Z,38983.76953125,38991.78125,38907.55078125,38917.26953125,0
2025-01-21T05:00:00Z,38917.69140625,38960.0390625,38917.69140625,38951.6796875,0
2025-01-21T06:00:00Z,38951.98046875,39030.171875,38951.98046875,38993.3203125,0
2025-01-22T00:00:00Z,39355.21875,39583.5703125,39332.62890625,39565.96875,0
2025-01-22T01:00:00Z,39562.76953125,39643.98046875,39517.171875,39638.9296875,0
2025-01-22T02:00:00Z,39639.28125,39647.828125,39580.328125,39604.7109375,0
2025-01-22T03:00:00Z,39604.28125,39648.73828125,39584.37109375,39610.5703125,0
2025-01-22T04:00:00Z,39609.76171875,39652.609375,39509.58984375,39642.578125,0
2025-01-22T05:00:00Z,39641.87109375,39694.5703125,39612.05859375,39645.8984375,0
2025-01-22T06:00:00Z,39644.9296875,39674.25,39580.0,39605.0703125,0
2025-01-23T00:00:00Z,39810.05859375,39897.48828125,39677.21875,39765.5390625,0
2025-01-23T01:00:00Z,39767.9609375,39898.6484375,39732.28125,39833.390625,0
2025-01-23T02:00:00Z,39835.4609375,39845.8515625,39742.4609375,39830.109375,0
2025-01-23T03:00:00Z,39850.3984375,39925.0390625,39846.1484375,39917.359375,0
2025-01-23T04:00:00Z,39918.62109375,39998.12890625,39912.33984375,39971.16015625,0
2025-01-23T05:00:00Z,39970.8203125,40032.01953125,39953.8515625,39996.69140625,0
2025-01-23T06:00:00Z,39997.5390625,40036.0703125,39956.75,39957.51171875,0
2025-01-24T00:00:00Z,40060.48828125,40189.28125,39987.2109375,40171.08984375,0
2025-01-24T01:00:00Z,40172.80078125,40192.66015625,39988.12109375,40112.30078125,0
2025-01-24T02:00:00Z,40112.640625,40254.640625,40109.76171875,40192.8515625,0
2025-01-24T03:00:00Z,40189.421875,40279.7890625,40014.0390625,40118.73828125,0
2025-01-24T04:00:00Z,40118.8203125,40121.87890625,39806.69140625,39993.05078125,0
2025-01-24T05:00:00Z,39991.25,40028.71875,39943.19921875,39987.3515625,0
2025-01-24T06:00:00Z,39984.91015625,40014.21875,39929.03125,39930.7890625,0
2025-01-27T00:00:00Z,40127.73828125,40255.6796875,39851.359375,39925.7890625,0
2025-01-27T01:00:00Z,39926.078125,39993.859375,39680.01171875,39738.51953125,0
2025-01-27T02:00:00Z,39739.171875,39759.890625,39679.921875,39699.76171875,0
2025-01-27T03:00:00Z,39789.390625,39838.44140625,39764.26171875,39803.76171875,0
2025-01-27T04:00:00Z,39803.44140625,39849.078125,39756.4296875,39756.4296875,0
2025-01-27T05:00:00Z,39755.8984375,39780.05078125,39520.7890625,39561.2890625,0
2025-01-27T06:00:00Z,39563.55078125,39626.8203125,39557.21875,39566.96875,0
2025-01-28T00:00:00Z,39400.01953125,39448.55078125,38886.05078125,39042.03125,0
2025-01-28T01:00:00Z,39041.19921875,39341.3203125,39041.19921875,39152.83984375,0
2025-01-28T02:00:00Z,39132.53125,39368.91015625,39120.37109375,39340.1484375,0
2025-01-28T03:00:00Z,39327.2109375,39327.2109375,39133.1484375,39162.46875,0
2025-01-28T04:00:00Z,39162.671875,39178.98828125,39045.30078125,39074.98046875,0
2025-01-28T05:00:00Z,39074.53125,39102.1796875,38897.87890625,39030.7109375,0
2025-01-28T06:00:00Z,39032.26171875,39085.73828125,39006.16015625,39060.28125,0
2025-01-29T00:00:00Z,39273.80078125,39448.23828125,39190.078125,39219.2109375,0
2025-01-29T01:00:00Z,39218.55859375,39240.66015625,39139.05859375,39204.55078125,0
2025-01-29T02:00:00Z,39207.03125,39279.55859375,39204.609375,39232.75,0
2025-01-29T03:00:00Z,39185.91015625,39347.0703125,39129.140625,39345.0390625,0
2025-01-29T04:00:00Z,39345.8203125,39381.28125,39305.58984375,39353.3515625,0
2025-01-29T05:00:00Z,39353.28125,39356.23828125,39243.640625,39263.0,0
2025-01-29T06:00:00Z,39261.83984375,39439.0,39261.83984375,39439.0,0
2025-01-30T00:00:00Z,39302.8515625,39449.55859375,39221.359375,39331.80078125,0
2025-01-30T01:00:00Z,39336.01171875,39480.1015625,39290.78125,39450.41015625,0
2025-01-30T02:00:00Z,39448.48828125,39517.12109375,39448.48828125,39498.5703125,0
2025-01-30T03:00:00Z,39506.62890625,39600.9296875,39506.62890625,39559.71875,0
2025-01-30T04:00:00Z,39554.01171875,39571.30859375,39478.87890625,39478.87890625,0
2025-01-30T05:00:00Z,39475.640625,39493.328125,39395.859375,39459.80078125,0
2025-01-30T06:00:00Z,39459.19921875,39504.80078125,39455.8984375,39498.91015625,0
2025-01-31T00:00:00Z,39574.37890625,39648.33984375,39519.3984375,39584.7109375,0
2025-01-31T01:00:00Z,39584.16015625,39585.109375,39458.94921875,39545.5,0
2025-01-31T02:00:00Z,39544.1796875,39578.05859375,39530.4609375,39540.37109375,0
2025-01-31T03:00:00Z,39585.7890625,39658.94921875,39552.2890625,39629.94921875,0
2025-01-31T04:00:00Z,39627.62890625,39660.08984375,39570.87109375,39570.87109375,0
2025-01-31T05:00:00Z,39571.4609375,39643.51171875,39543.171875,39626.16015625,0
2025-01-31T06:00:00Z,39625.78125,39681.8203125,39625.78125,39669.7109375,0
2025-02-03T00:00:00Z,38932.66015625,38948.609375,38454.37890625,38711.140625,0
2025-02-03T01:00:00Z,38717.01953125,38859.01953125,38634.328125,38644.890625,0
2025-02-03T02:00:00Z,38644.37890625,38644.37890625,38565.359375,38612.9609375,0
2025-02-03T03:00:00Z,38535.578125,38598.26171875,38506.23046875,38522.359375,0
2025-02-03T04:00:00Z,38522.30859375,38575.76953125,38412.05078125,38473.66015625,0
2025-02-03T05:00:00Z,38473.98828125,38543.359375,38401.8203125,38542.4296875,0
2025-02-03T06:00:00Z,38546.421875,38552.6015625,38451.859375,38461.2890625,0
2025-02-04T00:00:00Z,39078.66015625,39192.51171875,39039.51953125,39133.7109375,0
2025-02-04T01:00:00Z,39134.73828125,39167.1484375,39066.671875,39155.921875,0
2025-02-04T02:00:00Z,39158.62890625,39183.6796875,39111.890625,39140.41015625,0
2025-02-04T03:00:00Z,39052.98046875,39052.98046875,38926.94140625,38947.78125,0
2025-02-04T04:00:00Z,38947.55078125,39029.12890625,38946.03125,38969.21875,0
2025-02-04T05:00:00Z,38966.0703125,38966.0703125,38590.9609375,38802.28125,0
2025-02-04T06:00:00Z,38801.55859375,38829.76171875,38751.6015625,38764.23828125,0
2025-02-05T00:00:00Z,38979.2109375,39118.94921875,38899.671875,38908.1796875,0
2025-02-05T01:00:00Z,38906.48828125,38919.28125,38806.609375,38818.4296875,0
2025-02-05T02:00:00Z,38820.671875,38822.08984375,38682.1796875,38727.19140625,0
2025-02-05T03:00:00Z,38749.9609375,38803.25,38725.328125,38755.51171875,0
2025-02-05T04:00:00Z,38756.6796875,38856.51953125,38717.44140625,38853.44921875,0
2025-02-05T05:00:00Z,38857.62890625,38909.0390625,38806.87109375,38816.9609375,0
2025-02-05T06:00:00Z,38816.51953125,38830.55078125,38761.5,38806.46875,0
2025-02-06T00:00:00Z,38977.578125,39190.12890625,38933.609375,39049.859375,0
2025-02-06T01:00:00Z,39048.87890625,39067.328125,38882.05859375,38952.16015625,0
2025-02-06T02:00:00Z,38950.76171875,38955.76953125,38851.51171875,38888.0390625,0
2025-02-06T03:00:00Z,38918.37109375,39027.66015625,38886.03125,39011.640625,0
2025-02-06T04:00:00Z,39011.390625,39036.890625,38967.37890625,39028.9609375,0
2025-02-06T05:00:00Z,39027.23046875,39074.828125,39001.37890625,39046.328125,0
2025-02-06T06:00:00Z,39046.55859375,39100.28125,39030.28125,39094.671875,0
2025-02-07T00:00:00Z,38907.76171875,38954.94921875,38753.19921875,38901.12109375,0
2025-02-07T01:00:00Z,38900.80078125,39007.94140625,38884.2109375,38895.359375,0
2025-02-07T02:00:00Z,38895.71875,38912.46875,38844.2109375,38893.6484375,0
2025-02-07T03:00:00Z,38884.640625,38884.640625,38829.21875,38834.87109375,0
2025-02-07T04:00:00Z,38836.33984375,38871.5390625,38813.109375,38839.05078125,0
2025-02-07T05:00:00Z,38840.12109375,38906.078125,38834.87109375,38875.41015625,0
2025-02-07T06:00:00Z,38874.53125,38878.1015625,38816.05859375,38841.98828125,0
2025-02-10T00:00:00Z,38736.37109375,38798.171875,38606.3203125,38785.76953125,0
2025-02-10T01:00:00Z,38786.578125,38853.7890625,38744.859375,38761.2109375,0
2025-02-10T02:00:00Z,38760.94140625,38762.76171875,38717.37109375,38746.9609375,0
2025-02-10T03:00:00Z,38755.16015625,38810.30078125,38736.7109375,38794.98828125,0
2025-02-10T04:00:00Z,38794.109375,38858.78125,38781.671875,38834.73046875,0
2025-02-10T05:00:00Z,38833.51953125,38895.73828125,38833.51953125,38859.76953125,0
2025-02-10T06:00:00Z,38859.41015625,38887.890625,38817.05859375,38818.71875,0
2025-02-12T00:00:00Z,39049.12109375,39102.6484375,38845.171875,38860.6015625,0
2025-02-12T01:00:00Z,38862.19921875,38967.71875,38821.3203125,38956.890625,0
2025-02-12T02:00:00Z,38957.0703125,38957.0703125,38858.2890625,38863.8203125,0
2025-02-12T03:00:00Z,38839.19140625,38901.03125,38794.23828125,38884.26953125,0
2025-02-12T04:00:00Z,38884.62109375,38898.44921875,38846.671875,38890.1484375,0
2025-02-12T05:00:00Z,38890.03125,38943.26953125,38876.44921875,38939.55859375,0
2025-02-12T06:00:00Z,38940.9609375,38990.9609375,38940.9609375,38972.109375,0
2025-02-13T00:00:00Z,39225.5,39435.890625,39112.171875,39407.859375,0
2025-02-13T01:00:00Z,39416.48046875,39450.48828125,39353.359375,39423.23046875,0
2025-02-13T02:00:00Z,39423.6796875,39486.66015625,39377.4296875,39474.80078125,0
2025-02-13T03:00:00Z,39492.859375,39519.9609375,39453.109375,39459.828125,0
2025-02-13T04:00:00Z,39459.6484375,39581.46875,39459.6484375,39533.890625,0
2025-02-13T05:00:00Z,39534.71875,39555.76171875,39496.48046875,39536.1484375,0
2025-02-13T06:00:00Z,39535.30078125,39539.44140625,39463.37890625,39485.69921875,0
2025-02-14T00:00:00Z,39419.25,39543.9296875,39284.48828125,39300.46875,0
2025-02-14T01:00:00Z,39302.390625,39302.51171875,39209.6796875,39261.3515625,0
2025-02-14T02:00:00Z,39260.7890625,39293.0703125,39234.28125,39287.30078125,0
2025-02-14T03:00:00Z,39307.37109375,39326.26953125,39269.21875,39274.28125,0
2025-02-14T04:00:00Z,39274.26953125,39276.26953125,39172.359375,39200.4296875,0
2025-02-14T05:00:00Z,39201.12890625,39211.69140625,39133.94140625,39148.16015625,0
2025-02-14T06:00:00Z,39148.26953125,39169.1484375,39135.0390625,39148.7890625,0
2025-02-17T00:00:00Z,39094.08984375,39238.75,39021.23046875,39106.1796875,0
2025-02-17T01:00:00Z,39105.98046875,39188.7890625,39025.9609375,39185.69921875,0
2025-02-17T02:00:00Z,39187.37890625,39211.8203125,39160.640625,39164.87109375,0
2025-02-17T03:00:00Z,39179.76953125,39216.5,39101.0,39209.859375,0
2025-02-17T04:00:00Z,39209.0,39232.3984375,39197.9296875,39214.3203125,0
2025-02-17T05:00:00Z,39212.44921875,39224.8203125,39159.12890625,39159.12890625,0
2025-02-17T06:00:00Z,39159.21875,39171.4296875,39136.25,39152.0390625,0
2025-02-18T00:00:00Z,39187.98828125,39340.51953125,39151.7109375,39331.26171875,0
2025-02-18T01:00:00Z,39332.48046875,39388.83984375,39296.8984375,39339.37890625,0
2025-02-18T02:00:00Z,39340.55859375,39357.33984375,39274.83984375,39296.109375,0
2025-02-18T03:00:00Z,39365.28125,39481.640625,39298.8203125,39481.640625,0
2025-02-18T04:00:00Z,39488.78125,39508.55078125,39411.69140625,39420.76171875,0
2025-02-18T05:00:00Z,39421.0390625,39447.4296875,39329.9296875,39332.71875,0
2025-02-18T06:00:00Z,39332.46875,39336.55078125,39300.171875,39313.8203125,0
2025-02-19T00:00:00Z,39230.62109375,39290.76171875,39138.390625,39279.828125,0
2025-02-19T01:00:00Z,39282.828125,39298.05078125,38994.69921875,39187.87109375,0
2025-02-19T02:00:00Z,39186.859375,39187.171875,39094.7109375,39108.87890625,0
2025-02-19T03:00:00Z,39099.0390625,39117.37890625,39068.4609375,39105.9609375,0
2025-02-19T04:00:00Z,39107.80078125,39149.109375,39063.44921875,39112.6484375,0
2025-02-19T05:00:00Z,39110.01171875,39170.0390625,39086.26171875,39155.12109375,0
2025-02-19T06:00:00Z,39154.6484375,39184.1015625,39134.94140625,39164.01953125,0
2025-02-20T00:00:00Z,38942.91015625,38967.01171875,38777.05078125,38795.46875,0
2025-02-20T01:00:00Z,38799.96875,38806.16015625,38640.7109375,38676.46875,0
2025-02-20T02:00:00Z,38676.23828125,38676.23828125,38559.73828125,38579.7109375,0
2025-02-20T03:00:00Z,38582.05859375,38582.05859375,38504.01953125,38510.30078125,0
2025-02-20T04:00:00Z,38508.828125,38640.3203125,38468.71875,38634.62890625,0
2025-02-20T05:00:00Z,38634.44140625,38671.23046875,38574.12890625,38658.23046875,0
2025-02-20T06:00:00Z,38659.3515625,38664.94140625,38580.890625,38661.390625,0
2025-02-21T00:00:00Z,38523.0703125,38660.48828125,38497.5703125,38567.1484375,0
2025-02-21T01:00:00Z,38572.859375,38808.80859375,38456.53125,38705.8984375,0
2025-02-21T02:00:00Z,38696.6015625,38738.73046875,38634.69140625,38719.33984375,0
2025-02-21T03:00:00Z,38741.08984375,38748.66015625,38620.25,38657.5,0
2025-02-21T04:00:00Z,38653.7890625,38721.8984375,38613.671875,38713.76953125,0
2025-02-21T05:00:00Z,38713.98046875,38769.1015625,38707.62890625,38748.890625,0
2025-02-21T06:00:00Z,38749.48828125,38807.55859375,38740.66015625,38800.1484375,0
2025-02-25T00:00:00Z,38359.671875,38407.26171875,38131.7890625,38394.37890625,0
2025-02-25T01:00:00Z,38417.94140625,38480.390625,38335.83984375,38392.9296875,0
2025-02-25T02:00:00Z,38393.66015625,38485.94921875,38327.80078125,38345.98828125,0
2025-02-25T03:00:00Z,38364.37109375,38384.48046875,38302.1796875,38351.69140625,0
2025-02-25T04:00:00Z,38352.6796875,38386.109375,38237.421875,38240.9609375,0
2025-02-25T05:00:00Z,38240.48046875,38325.76171875,38233.28125,38315.48046875,0
2025-02-25T06:00:00Z,38316.33984375,38325.05078125,38255.98046875,38283.75,0
2025-02-26T00:00:00Z,38143.6796875,38175.23828125,37811.26171875,37817.19921875,0
2025-02-26T01:00:00Z,37817.5390625,37894.19921875,37742.76171875,37799.51171875,0
2025-02-26T02:00:00Z,37801.48828125,37823.53125,37753.8515625,37814.0390625,0
2025-02-26T03:00:00Z,37911.640625,37943.25,37818.62890625,37824.109375,0
2025-02-26T04:00:00Z,37824.73828125,37894.94921875,37801.25,37869.76953125,0
2025-02-26T05:00:00Z,37870.33984375,38083.859375,37870.33984375,38035.328125,0
2025-02-26T06:00:00Z,38035.62890625,38138.19921875,38035.62890625,38135.71875,0
2025-02-27T00:00:00Z,38251.109375,38344.1015625,38110.1796875,38303.390625,0
2025-02-27T01:00:00Z,38302.51171875,38369.9609375,38151.19140625,38151.19140625,0
2025-02-27T02:00:00Z,38150.140625,38208.1796875,38081.80078125,38198.9609375,0
2025-02-27T03:00:00Z,38174.46875,38258.359375,38122.19921875,38122.19921875,0
2025-02-27T04:00:00Z,38122.8984375,38129.83984375,38061.94140625,38121.2109375,0
2025-02-27T05:00:00Z,38120.62109375,38246.5703125,38107.859375,38231.98828125,0
2025-02-27T06:00:00Z,38234.23828125,38295.3984375,38219.05078125,38283.48828125,0
2025-02-28T00:00:00Z,37853.48046875,37925.28125,37239.03125,37264.48046875,0
2025-02-28T01:00:00Z,37257.98828125,37293.8984375,37084.44140625,37136.19921875,0
2025-02-28T02:00:00Z,37137.69140625,37196.421875,37074.69921875,37182.08984375,0
2025-02-28T03:00:00Z,37051.578125,37051.578125,36840.12109375,37012.87109375,0
2025-02-28T04:00:00Z,37013.890625,37189.5390625,36936.1015625,37064.30859375,0
2025-02-28T05:00:00Z,37062.80859375,37171.48046875,37050.828125,37116.62890625,0
2025-02-28T06:00:00Z,37116.6015625,37207.6796875,37093.69140625,37156.328125,0
2025-03-03T00:00:00Z,37617.5,37720.359375,37372.26171875,37450.33984375,0
2025-03-03T01:00:00Z,37453.12890625,37638.83984375,37420.2109375,37534.58984375,0
2025-03-03T02:00:00Z,37533.76171875,37588.28125,37490.23046875,37580.01953125,0
2025-03-03T03:00:00Z,37611.9296875,37688.8515625,37603.96875,37665.46875,0
2025-03-03T04:00:00Z,37662.37890625,37779.46875,37660.87890625,37779.46875,0
2025-03-03T05:00:00Z,37778.58984375,37827.62109375,37755.5,37824.69140625,0
2025-03-03T06:00:00Z,37822.96875,37822.96875,37734.109375,37785.75,0
2025-03-04T00:00:00Z,37532.01171875,37587.48828125,37225.37890625,37268.0390625,0
2025-03-04T01:00:00Z,37271.55078125,37285.2890625,36816.16015625,36919.26171875,0
2025-03-04T02:00:00Z,36918.48828125,37120.03125,36911.75,37096.51171875,0
2025-03-04T03:00:00Z,37149.62890625,37188.01953125,37082.890625,37136.30859375,0
2025-03-04T04:00:00Z,37140.12109375,37157.390625,37004.9609375,37064.05078125,0
2025-03-04T05:00:00Z,37063.98828125,37325.0,37005.921875,37315.7109375,0
2025-03-04T06:00:00Z,37319.671875,37337.0703125,37236.3203125,37337.0703125,0
2025-03-05T00:00:00Z,37345.73828125,37536.23046875,37178.71875,37313.69140625,0
2025-03-05T01:00:00Z,37318.55078125,37438.421875,37233.7109375,37416.44921875,0
2025-03-05T02:00:00Z,37417.05078125,37429.5703125,37310.1484375,37356.44140625,0
2025-03-05T03:00:00Z,37443.0390625,37598.51171875,37419.3203125,37578.078125,0
2025-03-05T04:00:00Z,37574.87890625,37606.33984375,37441.51953125,37479.55078125,0
2025-03-05T05:00:00Z,37478.91015625,37508.33984375,37358.78125,37494.640625,0
2025-03-05T06:00:00Z,37495.140625,37504.69140625,37391.62109375,37403.25,0
2025-03-06T00:00:00Z,37654.94921875,37874.37890625,37618.73828125,37618.73828125,0
2025-03-06T01:00:00Z,37623.62109375,37775.76953125,37580.87890625,37765.01953125,0
2025-03-06T02:00:00Z,37762.921875,37818.53125,37726.01953125,37726.01953125,0
2025-03-06T03:00:00Z,37718.8515625,37777.3203125,37665.62890625,37763.37109375,0
2025-03-06T04:00:00Z,37763.5703125,37805.96875,37714.69921875,37776.03125,0
2025-03-06T05:00:00Z,37776.69921875,37814.73046875,37689.671875,37696.16015625,0
2025-03-06T06:00:00Z,37695.1015625,37740.98046875,37671.01953125,37740.98046875,0
2025-03-07T00:00:00Z,37198.30078125,37221.6484375,36857.12890625,36871.140625,0
2025-03-07T01:00:00Z,36873.80078125,37133.671875,36858.80859375,37087.8984375,0
2025-03-07T02:00:00Z,37089.76953125,37110.4609375,36995.26953125,37008.4296875,0
2025-03-07T03:00:00Z,36937.53125,36952.91015625,36873.48828125,36920.578125,0
2025-03-07T04:00:00Z,36925.23046875,36966.55859375,36847.8984375,36903.37109375,0
2025-03-07T05:00:00Z,36904.8515625,36971.6796875,36827.48046875,36868.109375,0
2025-03-07T06:00:00Z,36869.87109375,36922.0,36813.62109375,36856.390625,0
2025-03-10T00:00:00Z,36972.58984375,37013.33984375,36705.01953125,36897.078125,0
2025-03-10T01:00:00Z,36898.3984375,37052.8203125,36868.12890625,37052.8203125,0
2025-03-10T02:00:00Z,37053.5390625,37113.48046875,37030.78125,37095.8515625,0
2025-03-10T03:00:00Z,37063.140625,37101.0390625,37013.19140625,37049.25,0
2025-03-10T04:00:00Z,37044.0390625,37063.2890625,36934.26953125,36952.41015625,0
2025-03-10T05:00:00Z,36952.12890625,37066.76171875,36952.12890625,37002.12109375,0
2025-03-10T06:00:00Z,37002.44140625,37085.640625,37002.44140625,37079.78125,0
2025-03-11T00:00:00Z,36584.37109375,36602.37109375,36042.3515625,36131.94140625,0
2025-03-11T01:00:00Z,36132.48828125,36234.171875,35987.12890625,36201.37890625,0
2025-03-11T02:00:00Z,36202.23828125,36469.21875,36155.4609375,36382.5703125,0
2025-03-11T03:00:00Z,36429.51953125,36497.23046875,36391.87109375,36400.51953125,0
2025-03-11T04:00:00Z,36402.33984375,36588.9296875,36357.171875,36562.51953125,0
2025-03-11T05:00:00Z,36561.890625,36687.91015625,36509.12109375,36686.41015625,0
2025-03-11T06:00:00Z,36687.5,36779.76171875,36676.91015625,36779.3984375,0
2025-03-12T00:00:00Z,36763.1015625,36956.328125,36658.859375,36899.87109375,0
2025-03-12T01:00:00Z,36900.0703125,36918.5,36785.26171875,36886.2109375,0
2025-03-12T02:00:00Z,36886.37109375,36898.828125,36809.37109375,36898.828125,0
2025-03-12T03:00:00Z,36830.46875,36855.9296875,36759.46875,36760.8203125,0
2025-03-12T04:00:00Z,36766.1796875,36887.53125,36754.9609375,36875.8984375,0
2025-03-12T05:00:00Z,36875.51171875,36931.859375,36871.2890625,36905.9296875,0
2025-03-12T06:00:00Z,36907.0,36907.69921875,36792.0,36811.37890625,0
2025-03-13T00:00:00Z,37081.640625,37326.26953125,37072.05078125,37206.390625,0
2025-03-13T01:00:00Z,37205.55859375,37249.30859375,37066.80859375,37147.58984375,0
2025-03-13T02:00:00Z,37147.390625,37217.44921875,37131.3203125,37173.8203125,0
2025-03-13T03:00:00Z,37116.37890625,37126.53125,36967.7109375,36976.6015625,0
2025-03-13T04:00:00Z,36976.25,37048.80078125,36882.671875,36931.2890625,0
2025-03-13T05:00:00Z,36932.0703125,36952.51171875,36811.80859375,36916.80078125,0
2025-03-13T06:00:00Z,36916.19921875,36945.73046875,36776.94140625,36778.66015625,0
2025-03-14T00:00:00Z,36606.78125,36964.46875,36594.0390625,36953.21875,0
2025-03-14T01:00:00Z,36955.53125,36958.7109375,36814.01953125,36840.41015625,0
2025-03-14T02:00:00Z,36840.44921875,36940.66015625,36830.69140625,36919.12109375,0
2025-03-14T03:00:00Z,37000.28125,37124.5,37000.28125,37112.140625,0
2025-03-14T04:00:00Z,37106.2890625,37154.390625,37051.8984375,37106.08984375,0
2025-03-14T05:00:00Z,37105.1796875,37154.328125,37097.51171875,37138.3203125,0
2025-03-14T06:00:00Z,37138.69921875,37141.91015625,37087.19921875,37104.8515625,0
2025-03-17T00:00:00Z,37453.828125,37544.390625,37377.55078125,37528.4296875,0
2025-03-17T01:00:00Z,37526.69140625,37561.2109375,37465.55859375,37491.58984375,0
2025-03-17T02:00:00Z,37491.78125,37495.609375,37426.828125,37475.23828125,0
2025-03-17T03:00:00Z,37499.8984375,37556.0,37457.23046875,37529.640625,0
2025-03-17T04:00:00Z,37530.01171875,37563.26953125,37504.19921875,37540.578125,0
2025-03-17T05:00:00Z,37540.6484375,37540.6484375,37473.87890625,37499.78125,0
2025-03-17T06:00:00Z,37499.171875,37528.421875,37432.078125,37439.51171875,0
2025-03-18T00:00:00Z,37868.5703125,37969.921875,37822.87109375,37921.03125,0
2025-03-18T01:00:00Z,37920.98828125,38004.19921875,37918.76953125,37939.12109375,0
2025-03-18T02:00:00Z,37937.98828125,37960.421875,37923.7109375,37943.23046875,0
2025-03-18T03:00:00Z,37939.7109375,37963.58984375,37906.3203125,37945.7890625,0
2025-03-18T04:00:00Z,37944.12890625,37995.171875,37894.640625,37919.98828125,0
2025-03-18T05:00:00Z,37920.03125,37938.25,37854.5390625,37879.1796875,0
2025-03-18T06:00:00Z,37879.26953125,37886.078125,37850.8984375,37855.41015625,0
2025-03-19T00:00:00Z,37839.390625,38097.94921875,37826.12109375,38081.171875,0
2025-03-19T01:00:00Z,38080.94921875,38086.80078125,38020.48828125,38049.109375,0
2025-03-19T02:00:00Z,38048.08984375,38128.578125,38041.94140625,38107.26953125,0
2025-03-19T03:00:00Z,38074.08984375,38083.5,37976.4296875,38011.76171875,0
2025-03-19T04:00:00Z,38011.8984375,38011.8984375,37863.30078125,37879.2109375,0
2025-03-19T05:00:00Z,37879.46875,37881.62109375,37819.23046875,37852.41015625,0
2025-03-19T06:00:00Z,37852.26171875,37862.19921875,37814.28125,37816.109375,0
2025-03-21T00:00:00Z,37619.37109375,37927.6796875,37619.37109375,37902.28125,0
2025-03-21T01:00:00Z,37901.01953125,37968.01953125,37859.109375,37962.6796875,0
2025-03-21T02:00:00Z,37962.87109375,37964.83984375,37868.7109375,37890.421875,0
2025-03-21T03:00:00Z,37866.0390625,37907.7890625,37852.76953125,37866.87109375,0
2025-03-21T04:00:00Z,37865.62890625,37938.51171875,37816.12109375,37817.98828125,0
2025-03-21T05:00:00Z,37816.98046875,37826.76953125,37729.828125,37748.37890625,0
2025-03-21T06:00:00Z,37749.98828125,37754.578125,37708.9609375,37708.9609375,0
2025-03-24T00:00:00Z,37841.6796875,37841.6796875,37650.9609375,37776.578125,0
2025-03-24T01:00:00Z,37778.078125,37778.078125,37675.44140625,37685.9609375,0
2025-03-24T02:00:00Z,37687.328125,37707.3515625,37652.55859375,37676.96875,0
2025-03-24T03:00:00Z,37703.96875,37703.96875,37633.0,37664.1796875,0
2025-03-24T04:00:00Z,37664.66015625,37682.78125,37643.609375,37656.3515625,0
2025-03-24T05:00:00Z,37656.359375,37696.48046875,37650.05078125,37686.5390625,0
2025-03-24T06:00:00Z,37684.71875,37684.71875,37661.3203125,37667.23046875,0
2025-03-25T00:00:00Z,37953.1484375,38115.6484375,37941.140625,38078.05078125,0
2025-03-25T01:00:00Z,38076.23828125,38079.921875,37879.0703125,37896.4609375,0
2025-03-25T02:00:00Z,37894.21875,37930.3515625,37853.48046875,37881.69921875,0
2025-03-25T03:00:00Z,37863.55859375,37863.55859375,37772.12109375,37792.25,0
2025-03-25T04:00:00Z,37792.5703125,37807.4609375,37686.26171875,37766.078125,0
2025-03-25T05:00:00Z,37767.19140625,37836.01171875,37755.421875,37811.19921875,0
2025-03-25T06:00:00Z,37809.94921875,37841.109375,37807.859375,37828.19921875,0
2025-03-26T00:00:00Z,38106.66015625,38151.390625,37970.4609375,38054.51953125,0
2025-03-26T01:00:00Z,38052.21875,38052.21875,37873.28125,37943.9609375,0
2025-03-26T02:00:00Z,37943.83984375,37943.83984375,37877.21875,37890.1484375,0
2025-03-26T03:00:00Z,37954.19921875,38022.80078125,37917.69140625,38022.80078125,0
2025-03-26T04:00:00Z,38021.8515625,38114.98828125,38006.2890625,38098.828125,0
2025-03-26T05:00:00Z,38099.4296875,38220.69140625,38034.87109375,38042.83984375,0
2025-03-26T06:00:00Z,38043.69140625,38102.87890625,38039.7109375,38049.01171875,0
2025-03-27T00:00:00Z,37750.66015625,37859.05859375,37556.75,37679.7890625,0
2025-03-27T01:00:00Z,37681.58984375,37707.05859375,37558.69140625,37567.2109375,0
2025-03-27T02:00:00Z,37567.26953125,37678.21875,37566.26171875,37674.03125,0
2025-03-27T03:00:00Z,37642.80078125,37672.98828125,37584.73828125,37625.3515625,0
2025-03-27T04:00:00Z,37624.37890625,37729.19921875,37624.21875,37716.23828125,0
2025-03-27T05:00:00Z,37716.25,37716.25,37639.25,37671.9296875,0
2025-03-27T06:00:00Z,37674.53125,37792.33984375,37624.6015625,37782.359375,0
2025-03-28T00:00:00Z,37357.51953125,37359.94921875,37101.21875,37104.2109375,0
2025-03-28T01:00:00Z,37101.828125,37107.171875,36965.51953125,36969.48046875,0
2025-03-28T02:00:00Z,36970.171875,37018.03125,36961.80078125,37011.66015625,0
2025-03-28T03:00:00Z,37005.140625,37035.19140625,36919.171875,36966.98828125,0
2025-03-28T04:00:00Z,36964.71875,36964.71875,36864.9296875,36922.1015625,0
2025-03-28T05:00:00Z,36924.421875,36964.4296875,36866.3203125,36952.3515625,0
2025-03-28T06:00:00Z,36951.69140625,37083.3515625,36941.62109375,37061.19921875,0
2025-03-31T00:00:00Z,36440.1796875,36440.1796875,35574.609375,35748.578125,0
2025-03-31T01:00:00Z,35748.640625,35922.94921875,35733.91015625,35770.3984375,0
2025-03-31T02:00:00Z,35769.8515625,35769.8515625,35688.19140625,35691.51953125,0
2025-03-31T03:00:00Z,35674.48828125,35693.8515625,35584.23046875,35624.19140625,0
2025-03-31T04:00:00Z,35624.41015625,35734.73046875,35541.71875,35636.640625,0
2025-03-31T05:00:00Z,35638.30859375,35709.26171875,35629.44921875,35696.37109375,0
2025-03-31T06:00:00Z,35695.4609375,35719.30078125,35641.3203125,35666.421875,0
2025-04-01T00:00:00Z,35961.19140625,36052.5390625,35734.19921875,35815.55859375,0
2025-04-01T01:00:00Z,35815.0703125,35902.828125,35718.73828125,35855.3203125,0
2025-04-01T02:00:00Z,35856.62109375,35869.328125,35805.62109375,35825.58984375,0
2025-04-01T03:00:00Z,35816.01171875,35822.0703125,35672.1796875,35677.359375,0
2025-04-01T04:00:00Z,35677.48828125,35736.91015625,35537.859375,35709.03125,0
2025-04-01T05:00:00Z,35706.23046875,35758.94921875,35585.62109375,35586.12109375,0
2025-04-01T06:00:00Z,35585.2109375,35644.08984375,35564.359375,35600.87890625,0
2025-04-02T00:00:00Z,35751.01953125,35751.01953125,35426.328125,35469.01953125,0
2025-04-02T01:00:00Z,35468.9609375,35659.05078125,35456.859375,35596.8203125,0
2025-04-02T02:00:00Z,35597.4296875,35650.73828125,35583.91015625,35639.80859375,0
2025-04-02T03:00:00Z,35645.3515625,35679.421875,35572.5703125,35654.41015625,0
2025-04-02T04:00:00Z,35654.75,35746.828125,35630.8515625,35743.609375,0
2025-04-02T05:00:00Z,35742.48046875,35778.8984375,35619.05859375,35624.30859375,0
2025-04-02T06:00:00Z,35624.6796875,35727.19921875,35612.19921875,35718.609375,0
2025-04-03T00:00:00Z,35041.671875,35044.73046875,34102.0,34511.671875,0
2025-04-03T01:00:00Z,34510.94921875,34792.0,34510.94921875,34725.5703125,0
2025-04-03T02:00:00Z,34728.3203125,34844.26171875,34660.76171875,34673.69140625,0
2025-04-03T03:00:00Z,34655.30078125,34695.9296875,34384.828125,34524.1015625,0
2025-04-03T04:00:00Z,34536.01953125,34681.80859375,34528.08984375,34604.71875,0
2025-04-03T05:00:00Z,34604.44921875,34678.37890625,34479.96875,34528.19140625,0
2025-04-03T06:00:00Z,34528.3984375,34760.3984375,34528.3984375,34733.33984375,0
2025-04-04T00:00:00Z,34304.66015625,34320.109375,33811.30078125,33970.30859375,0
2025-04-04T01:00:00Z,33975.62109375,34102.171875,33770.2890625,33779.7890625,0
2025-04-04T02:00:00Z,33778.171875,33946.26171875,33774.6015625,33818.1796875,0
2025-04-04T03:00:00Z,33760.359375,33763.62109375,33449.609375,33539.359375,0
2025-04-04T04:00:00Z,33540.890625,33580.8984375,33259.76171875,33327.6015625,0
2025-04-04T05:00:00Z,33327.28125,33838.5703125,33283.76953125,33829.8984375,0
2025-04-04T06:00:00Z,33836.33984375,33962.390625,33749.25,33808.4609375,0
2025-04-07T00:00:00Z,33154.96875,33158.87109375,30792.740234375,31440.7109375,0
2025-04-07T01:00:00Z,31465.650390625,31904.41015625,31382.419921875,31861.5703125,0
2025-04-07T02:00:00Z,31854.119140625,31957.26953125,31573.900390625,31591.83984375,0
2025-04-07T03:00:00Z,31515.259765625,31733.859375,31255.3203125,31694.609375,0
2025-04-07T04:00:00Z,31696.0390625,31797.349609375,31304.51953125,31396.189453125,0
2025-04-07T05:00:00Z,31397.650390625,31821.240234375,31396.060546875,31455.9296875,0
2025-04-07T06:00:00Z,31474.7890625,31621.08984375,31103.619140625,31195.48046875,0
2025-04-08T00:00:00Z,31729.109375,33103.5390625,31703.689453125,32849.9609375,0
2025-04-08T01:00:00Z,32855.0390625,33257.16015625,32739.4296875,33173.25,0
2025-04-08T02:00:00Z,33176.76171875,33188.44140625,33030.66015625,33030.66015625,0
2025-04-08T03:00:00Z,32881.28125,32927.73046875,32655.58984375,32723.5703125,0
2025-04-08T04:00:00Z,32718.19921875,32878.01171875,32615.619140625,32878.01171875,0
2025-04-08T05:00:00Z,32877.359375,33042.23828125,32688.080078125,32969.01171875,0
2025-04-08T06:00:00Z,32963.78125,32963.78125,32863.51953125,32894.37890625,0
2025-04-09T00:00:00Z,32529.23046875,32565.83984375,31708.2109375,32022.400390625,0
2025-04-09T01:00:00Z,32039.109375,32149.310546875,31792.060546875,32149.310546875,0
2025-04-09T02:00:00Z,32147.98046875,32237.41015625,32078.310546875,32147.0390625,0
2025-04-09T03:00:00Z,31896.7109375,32006.939453125,31750.490234375,31799.359375,0
2025-04-09T04:00:00Z,31801.779296875,31971.9609375,31258.1796875,31653.640625,0
2025-04-09T05:00:00Z,31535.05078125,31741.44921875,31471.900390625,31738.849609375,0
2025-04-09T06:00:00Z,31741.599609375,32022.880859375,31741.599609375,31810.919921875,0
2025-04-10T00:00:00Z,32321.2109375,34568.4609375,32320.66015625,34410.76171875,0
2025-04-10T01:00:00Z,34416.05859375,34498.578125,34121.078125,34335.7890625,0
2025-04-10T02:00:00Z,34338.0390625,34415.4609375,34293.2890625,34353.171875,0
2025-04-10T03:00:00Z,34236.21875,34408.19140625,34221.80859375,34396.91015625,0
2025-04-10T04:00:00Z,34396.23828125,34465.53125,34289.80078125,34410.05078125,0
2025-04-10T05:00:00Z,34410.171875,34465.96875,34288.6796875,34444.6015625,0
2025-04-10T06:00:00Z,34445.8203125,34639.390625,34444.48828125,34581.7890625,0
2025-04-11T00:00:00Z,33951.25,33953.2890625,32626.580078125,32872.4296875,0
2025-04-11T01:00:00Z,32873.4609375,33105.671875,32745.08984375,33088.8984375,0
2025-04-11T02:00:00Z,33088.55859375,33148.44921875,32911.9296875,33148.44921875,0
2025-04-11T03:00:00Z,33275.87109375,33395.328125,33144.578125,33177.21875,0
2025-04-11T04:00:00Z,33177.80859375,33342.83984375,33107.98046875,33162.3203125,0
2025-04-11T05:00:00Z,33160.171875,33480.55078125,33061.2890625,33456.078125,0
2025-04-11T06:00:00Z,33454.30078125,33673.8515625,33454.30078125,33600.80078125,0
2025-04-14T00:00:00Z,34006.37109375,34325.58984375,33959.48046875,34045.23046875,0
2025-04-14T01:00:00Z,34043.30078125,34122.109375,33887.69921875,34019.96875,0
2025-04-14T02:00:00Z,34018.6796875,34131.21875,34007.53125,34115.51953125,0
2025-04-14T03:00:00Z,34145.19140625,34165.96875,34066.859375,34125.76953125,0
2025-04-14T04:00:00Z,34124.1796875,34258.01953125,34124.1796875,34248.76171875,0
2025-04-14T05:00:00Z,34246.4609375,34254.5703125,34127.37890625,34127.37890625,0
2025-04-14T06:00:00Z,34127.44921875,34129.37890625,34012.87890625,34012.87890625,0
2025-04-15T00:00:00Z,34349.01171875,34459.0,34275.46875,34386.640625,0
2025-04-15T01:00:00Z,34388.23828125,34426.3984375,34316.44140625,34338.66015625,0
2025-04-15T02:00:00Z,34339.53125,34348.6484375,34271.62890625,34285.01953125,0
2025-04-15T03:00:00Z,34301.48046875,34379.87109375,34301.48046875,34349.73046875,0
2025-04-15T04:00:00Z,34350.1015625,34400.9609375,34312.8515625,34331.7890625,0
2025-04-15T05:00:00Z,34331.8984375,34350.16015625,34296.28125,34315.94921875,0
2025-04-15T06:00:00Z,34315.8984375,34315.8984375,34266.30859375,34283.91015625,0
2025-04-16T00:00:00Z,34249.8203125,34329.26953125,34064.62109375,34087.19921875,0
2025-04-16T01:00:00Z,34085.859375,34187.921875,34081.0390625,34108.3984375,0
2025-04-16T02:00:00Z,34108.80859375,34138.76171875,34006.640625,34016.30859375,0
2025-04-16T03:00:00Z,34033.16015625,34063.28125,33978.30078125,33986.3203125,0
2025-04-16T04:00:00Z,33985.44140625,33992.03125,33917.76953125,33935.6015625,0
2025-04-16T05:00:00Z,33938.44140625,33938.44140625,33658.46875,33726.7890625,0
2025-04-16T06:00:00Z,33727.73828125,33945.140625,33727.73828125,33907.421875,0
2025-04-17T00:00:00Z,33987.01171875,34264.23828125,33931.53125,34065.73828125,0
2025-04-17T01:00:00Z,34065.3984375,34185.30078125,34060.01171875,34170.73046875,0
2025-04-17T02:00:00Z,34169.62109375,34222.44140625,34163.328125,34212.2890625,0
2025-04-17T03:00:00Z,34243.98828125,34268.12890625,34142.16015625,34221.28125,0
2025-04-17T04:00:00Z,34219.62109375,34277.28125,34197.53125,34236.71875,0
2025-04-17T05:00:00Z,34237.140625,34356.5,34189.109375,34312.05859375,0
2025-04-17T06:00:00Z,34312.48828125,34379.12890625,34273.6484375,34366.69140625,0
2025-04-18T00:00:00Z,34353.87890625,34532.640625,34224.5703125,34521.30078125,0
2025-04-18T01:00:00Z,34520.05859375,34651.91015625,34505.0,34569.26953125,0
2025-04-18T02:00:00Z,34568.66015625,34623.0703125,34562.94921875,34583.2890625,0
2025-04-18T03:00:00Z,34614.5390625,34649.80078125,34599.359375,34619.62890625,0
2025-04-18T04:00:00Z,34620.421875,34662.19921875,34597.94921875,34642.05859375,0
2025-04-18T05:00:00Z,34641.5703125,34758.96875,34640.05078125,34723.80078125,0
2025-04-18T06:00:00Z,34724.171875,34739.23046875,34663.3515625,34734.8515625,0
2025-04-21T00:00:00Z,34556.23046875,34610.6015625,34351.12109375,34361.140625,0
2025-04-21T01:00:00Z,34363.0390625,34433.9609375,34297.76171875,34394.421875,0
2025-04-21T02:00:00Z,34390.51953125,34420.0,34298.640625,34300.3515625,0
2025-04-21T03:00:00Z,34240.0390625,34304.2890625,34216.98046875,34288.609375,0
2025-04-21T04:00:00Z,34287.5390625,34338.76953125,34261.58984375,34292.41015625,0
2025-04-21T05:00:00Z,34290.8203125,34340.87890625,34250.9609375,34327.9609375,0
2025-04-21T06:00:00Z,34327.30078125,34379.12109375,34310.80859375,34315.55078125,0
2025-04-22T00:00:00Z,34111.140625,34340.5703125,34109.8515625,34167.73828125,0
2025-04-22T01:00:00Z,34167.859375,34296.21875,34144.98046875,34258.3515625,0
2025-04-22T02:00:00Z,34259.76953125,34283.0390625,34238.0390625,34255.7109375,0
2025-04-22T03:00:00Z,34144.4609375,34176.2890625,34122.44140625,34162.66015625,0
2025-04-22T04:00:00Z,34162.5390625,34260.16015625,34158.25,34252.71875,0
2025-04-22T05:00:00Z,34253.6015625,34266.078125,34184.8515625,34203.6484375,0
2025-04-22T06:00:00Z,34203.69140625,34245.44140625,34160.328125,34224.328125,0
2025-04-23T00:00:00Z,34787.9296875,35142.12109375,34734.26953125,34871.140625,0
2025-04-23T01:00:00Z,34869.98046875,34884.33984375,34682.28125,34748.55078125,0
2025-04-23T02:00:00Z,34751.51953125,34822.55078125,34728.28125,34808.80078125,0
2025-04-23T03:00:00Z,34860.859375,34949.4296875,34828.359375,34932.1015625,0
2025-04-23T04:00:00Z,34933.75,34972.2890625,34855.05859375,34876.44921875,0
2025-04-23T05:00:00Z,34876.87890625,34902.8984375,34778.48046875,34876.69140625,0
2025-04-23T06:00:00Z,34876.58984375,34898.921875,34793.46875,34891.44921875,0
2025-04-24T00:00:00Z,35194.7109375,35287.94921875,35109.359375,35151.7109375,0
2025-04-24T01:00:00Z,35150.1015625,35239.6015625,35138.578125,35176.6796875,0
2025-04-24T02:00:00Z,35175.0703125,35248.109375,35170.94921875,35244.41015625,0
2025-04-24T03:00:00Z,35152.01171875,35198.30859375,35122.078125,35130.19921875,0
2025-04-24T04:00:00Z,35129.48828125,35131.19921875,35020.80859375,35040.078125,0
2025-04-24T05:00:00Z,35039.8984375,35067.2890625,34960.6484375,34984.98046875,0
2025-04-24T06:00:00Z,34986.37109375,35055.2890625,34986.37109375,35019.46875,0
2025-04-25T00:00:00Z,35387.671875,35654.23828125,35337.98046875,35587.12890625,0
2025-04-25T01:00:00Z,35592.26953125,35606.41015625,35408.9609375,35514.3203125,0
2025-04-25T02:00:00Z,35518.6484375,35556.1796875,35488.76953125,35527.390625,0
2025-04-25T03:00:00Z,35629.51953125,35747.171875,35629.51953125,35735.9609375,0
2025-04-25T04:00:00Z,35734.6796875,35835.28125,35647.140625,35653.62109375,0
2025-04-25T05:00:00Z,35653.6796875,35727.51171875,35629.609375,35643.4609375,0
2025-04-25T06:00:00Z,35644.28125,35711.7890625,35611.19140625,35648.33984375,0
2025-04-28T00:00:00Z,35962.80078125,36075.26171875,35871.94140625,35903.0703125,0
2025-04-28T01:00:00Z,35903.3203125,36015.19921875,35876.30078125,35963.16015625,0
2025-04-28T02:00:00Z,35965.03125,35977.1796875,35867.76953125,35887.890625,0
2025-04-28T03:00:00Z,35823.0,35876.73046875,35805.91015625,35840.0,0
2025-04-28T04:00:00Z,35843.0390625,35884.8203125,35825.73046875,35836.69140625,0
2025-04-28T05:00:00Z,35835.48046875,35872.87109375,35773.48828125,35818.7109375,0
2025-04-28T06:00:00Z,35817.9296875,35882.46875,35815.6484375,35848.55859375,0
2025-04-30T00:00:00Z,35946.87890625,36023.23828125,35793.328125,35869.671875,0
2025-04-30T01:00:00Z,35870.51171875,35932.890625,35827.6484375,35843.69140625,0
2025-04-30T02:00:00Z,35844.98828125,35914.62890625,35842.44140625,35902.51171875,0
2025-04-30T03:00:00Z,35866.5703125,35907.78125,35826.328125,35893.05859375,0
2025-04-30T04:00:00Z,35891.21875,35935.30859375,35877.51171875,35929.78125,0
2025-04-30T05:00:00Z,35929.19140625,36004.578125,35922.80859375,35992.46875,0
2025-04-30T06:00:00Z,35992.328125,36056.51953125,35970.8515625,36036.390625,0
2025-05-01T00:00:00Z,36197.0390625,36341.62109375,36075.8515625,36115.6796875,0
2025-05-01T01:00:00Z,36110.76171875,36190.8984375,36040.05078125,36176.55078125,0
2025-05-01T02:00:00Z,36176.421875,36247.671875,36163.05859375,36241.69921875,0
2025-05-01T03:00:00Z,36263.1015625,36368.8984375,36215.44140625,36330.828125,0
2025-05-01T04:00:00Z,36329.1484375,36413.21875,36321.26953125,36403.51171875,0
2025-05-01T05:00:00Z,36404.2109375,36544.1484375,36391.69140625,36415.76171875,0
2025-05-01T06:00:00Z,36417.48828125,36459.76953125,36404.21875,36428.171875,0
2025-05-02T00:00:00Z,36636.55078125,36976.51171875,36606.578125,36937.98828125,0
2025-05-02T01:00:00Z,36937.109375,36947.73828125,36684.390625,36688.66015625,0
2025-05-02T02:00:00Z,36688.4609375,36705.53125,36619.58984375,36705.53125,0
2025-05-02T03:00:00Z,36690.0703125,36771.921875,36631.46875,36758.828125,0
2025-05-02T04:00:00Z,36759.8984375,36903.01953125,36732.890625,36899.828125,0
2025-05-02T05:00:00Z,36903.51953125,36917.2890625,36827.578125,36890.1015625,0
2025-05-02T06:00:00Z,36889.4296875,36889.4296875,36783.828125,36786.0390625,0
2025-05-07T00:00:00Z,36903.66015625,36942.37890625,36746.98828125,36805.71875,0
2025-05-07T01:00:00Z,36808.3984375,36830.41015625,36731.390625,36810.05859375,0
2025-05-07T02:00:00Z,36813.5390625,36831.7890625,36763.87890625,36813.78125,0
2025-05-07T03:00:00Z,36801.69140625,36863.9609375,36783.44921875,36839.890625,0
2025-05-07T04:00:00Z,36840.62890625,36894.9296875,36823.1484375,36877.71875,0
2025-05-07T05:00:00Z,36877.44140625,36902.41015625,36801.48828125,36812.12109375,0
2025-05-07T06:00:00Z,36811.73828125,36852.28125,36786.73046875,36835.0,0
2025-05-08T00:00:00Z,36863.37890625,36957.8984375,36606.7109375,36776.44140625,0
2025-05-08T01:00:00Z,36774.828125,36890.69140625,36703.609375,36810.78125,0
2025-05-08T02:00:00Z,36811.6796875,36875.078125,36811.6796875,36863.1484375,0
2025-05-08T03:00:00Z,36943.3515625,36973.0,36896.0,36896.0,0
2025-05-08T04:00:00Z,36896.3203125,36948.62109375,36873.75,36946.30859375,0
2025-05-08T05:00:00Z,36945.78125,36977.3515625,36921.1484375,36964.6015625,0
2025-05-08T06:00:00Z,36963.83984375,36963.83984375,36931.08984375,36945.16015625,0
2025-05-09T00:00:00Z,37332.5703125,37409.37890625,37219.03125,37280.19140625,0
2025-05-09T01:00:00Z,37280.98046875,37432.69140625,37262.078125,37429.37109375,0
2025-05-09T02:00:00Z,37426.73046875,37481.51953125,37410.890625,37478.578125,0
2025-05-09T03:00:00Z,37420.390625,37461.73046875,37393.03125,37428.390625,0
2025-05-09T04:00:00Z,37423.19921875,37505.46875,37387.921875,37488.73828125,0
2025-05-09T05:00:00Z,37487.48828125,37557.41015625,37465.0,37535.30859375,0
2025-05-09T06:00:00Z,37534.359375,37555.01171875,37437.87890625,37437.87890625,0
2025-05-12T00:00:00Z,37697.28125,37726.44140625,37559.41015625,37562.53125,0
2025-05-12T01:00:00Z,37554.37890625,37652.69921875,37547.921875,37590.0,0
2025-05-12T02:00:00Z,37588.8203125,37597.140625,37519.80078125,37519.80078125,0
2025-05-12T03:00:00Z,37457.25,37464.26171875,37417.390625,37441.9296875,0
2025-05-12T04:00:00Z,37443.5390625,37597.8203125,37422.5390625,37588.16015625,0
2025-05-12T05:00:00Z,37588.98828125,37677.51171875,37575.30859375,37669.109375,0
2025-05-12T06:00:00Z,37669.12109375,37671.30859375,37616.19921875,37671.30859375,0
2025-05-13T00:00:00Z,38149.53125,38494.05859375,38124.19921875,38311.41015625,0
2025-05-13T01:00:00Z,38311.62890625,38370.55078125,38245.75,38254.109375,0
2025-05-13T02:00:00Z,38251.609375,38300.328125,38222.25,38296.859375,0
2025-05-13T03:00:00Z,38277.30078125,38297.8515625,38230.6015625,38252.671875,0
2025-05-13T04:00:00Z,38253.9609375,38384.328125,38235.48046875,38328.1015625,0
2025-05-13T05:00:00Z,38327.83984375,38338.96875,38271.3984375,38298.8984375,0
2025-05-13T06:00:00Z,38298.51171875,38307.58984375,38204.98828125,38210.55078125,0
2025-05-14T00:00:00Z,38199.03125,38325.87890625,37991.71875,38002.01171875,0
2025-05-14T01:00:00Z,38003.03125,38007.76171875,37865.21875,37978.26953125,0
2025-05-14T02:00:00Z,37980.23828125,38003.3515625,37874.58984375,37874.58984375,0
2025-05-14T03:00:00Z,37863.26171875,37960.8984375,37851.80078125,37901.12890625,0
2025-05-14T04:00:00Z,37902.25,38035.0390625,37899.12109375,38028.7890625,0
2025-05-14T05:00:00Z,38028.69140625,38141.01953125,38017.87109375,38126.98828125,0
2025-05-14T06:00:00Z,38125.6015625,38157.28125,38104.37109375,38120.171875,0
2025-05-15T00:00:00Z,37832.359375,37876.83984375,37674.94140625,37721.140625,0
2025-05-15T01:00:00Z,37721.890625,37805.5,37665.859375,37678.51171875,0
2025-05-15T02:00:00Z,37679.23046875,37708.83984375,37649.58984375,37705.73828125,0
2025-05-15T03:00:00Z,37637.46875,37726.30859375,37633.359375,37713.4296875,0
2025-05-15T04:00:00Z,37712.1484375,37785.76171875,37705.21875,37785.671875,0
2025-05-15T05:00:00Z,37785.6796875,37820.62109375,37714.05859375,37762.8984375,0
2025-05-15T06:00:00Z,37761.859375,37816.58984375,37744.98828125,37789.25,0
2025-05-16T00:00:00Z,37748.578125,37748.578125,37513.890625,37528.859375,0
2025-05-16T01:00:00Z,37529.109375,37622.94921875,37479.2109375,37557.30859375,0
2025-05-16T02:00:00Z,37557.62890625,37659.390625,37548.1796875,37659.390625,0
2025-05-16T03:00:00Z,37670.109375,37691.33984375,37608.87109375,37653.26953125,0
2025-05-16T04:00:00Z,37653.671875,37783.94921875,37644.3203125,37759.4609375,0
2025-05-16T05:00:00Z,37760.75,37760.94921875,37706.16015625,37730.73046875,0
2025-05-16T06:00:00Z,37730.76953125,37786.4296875,37726.73828125,37729.19140625,0
2025-05-19T00:00:00Z,37572.359375,37634.8515625,37500.109375,37602.3984375,0
2025-05-19T01:00:00Z,37610.05859375,37656.23046875,37544.421875,37550.94921875,0
2025-05-19T02:00:00Z,37551.359375,37629.51953125,37523.87890625,37617.62890625,0
2025-05-19T03:00:00Z,37561.33984375,37561.33984375,37456.01171875,37470.51953125,0
2025-05-19T04:00:00Z,37470.859375,37502.44140625,37445.9296875,37489.69140625,0
2025-05-19T05:00:00Z,37490.01953125,37509.96875,37454.44140625,37483.859375,0
2025-05-19T06:00:00Z,37480.37109375,37515.55859375,37461.1484375,37472.33984375,0
2025-05-20T00:00:00Z,37723.6015625,37921.80859375,37718.46875,37832.37109375,0
2025-05-20T01:00:00Z,37824.19921875,37824.19921875,37658.87109375,37702.94140625,0
2025-05-20T02:00:00Z,37702.46875,37732.19140625,37661.6484375,37691.55859375,0
2025-05-20T03:00:00Z,37656.51171875,37672.359375,37605.30078125,37642.12109375,0
2025-05-20T04:00:00Z,37641.4609375,37642.76171875,37567.51171875,37627.5703125,0
2025-05-20T05:00:00Z,37626.98828125,37686.078125,37475.5,37485.53125,0
2025-05-20T06:00:00Z,37485.55859375,37531.3203125,37455.69921875,37490.4609375,0
2025-05-21T00:00:00Z,37590.1484375,37659.94140625,37476.5390625,37478.171875,0
2025-05-21T01:00:00Z,37474.12109375,37496.98046875,37415.75,37448.66015625,0
2025-05-21T02:00:00Z,37448.4296875,37497.87890625,37435.7890625,37491.80078125,0
2025-05-21T03:00:00Z,37445.6015625,37472.69140625,37409.76953125,37453.3203125,0
2025-05-21T04:00:00Z,37453.21875,37462.19921875,37386.58984375,37404.23046875,0
2025-05-21T05:00:00Z,37404.44140625,37429.0,37317.9609375,37321.0390625,0
2025-05-21T06:00:00Z,37321.609375,37343.26953125,37306.44921875,37315.5390625,0
2025-05-22T00:00:00Z,36931.890625,37086.609375,36873.609375,37070.62109375,0
2025-05-22T01:00:00Z,37072.01171875,37100.44921875,36970.7890625,36972.390625,0
2025-05-22T02:00:00Z,36970.91015625,37040.109375,36958.8203125,36967.12890625,0
2025-05-22T03:00:00Z,36937.58984375,36962.6796875,36902.4296875,36933.9296875,0
2025-05-22T04:00:00Z,36934.51953125,36934.51953125,36855.828125,36931.171875,0
2025-05-22T05:00:00Z,36931.66015625,37026.98046875,36884.01953125,37022.73046875,0
2025-05-22T06:00:00Z,37022.8984375,37022.8984375,36975.83984375,36985.9296875,0
2025-05-23T00:00:00Z,37161.73828125,37298.30078125,37126.6015625,37273.640625,0
2025-05-23T01:00:00Z,37272.12890625,37373.91015625,37227.80859375,37240.390625,0
2025-05-23T02:00:00Z,37241.44921875,37290.3203125,37241.44921875,37280.83984375,0
2025-05-23T03:00:00Z,37259.37890625,37263.12109375,37195.55859375,37200.671875,0
2025-05-23T04:00:00Z,37200.921875,37211.30078125,37126.98046875,37148.73046875,0
2025-05-23T05:00:00Z,37149.4609375,37221.578125,37145.3203125,37183.4296875,0
2025-05-23T06:00:00Z,37182.80859375,37190.328125,37111.62890625,37118.390625,0
2025-05-26T00:00:00Z,37209.26171875,37425.83984375,37167.01171875,37411.96875,0
2025-05-26T01:00:00Z,37413.6796875,37493.96875,37365.640625,37410.96875,0
2025-05-26T02:00:00Z,37410.66015625,37411.19140625,37323.26953125,37329.21875,0
2025-05-26T03:00:00Z,37342.890625,37437.87109375,37327.21875,37436.9296875,0
2025-05-26T04:00:00Z,37437.4296875,37489.26171875,37420.2109375,37460.01953125,0
2025-05-26T05:00:00Z,37461.078125,37527.12890625,37451.171875,37485.71875,0
2025-05-26T06:00:00Z,37486.328125,37522.359375,37475.53125,37516.69921875,0
2025-05-27T00:00:00Z,37523.37109375,37553.94140625,37411.6796875,37547.609375,0
2025-05-27T01:00:00Z,37547.0703125,37547.0703125,37425.19921875,37435.48046875,0
2025-05-27T02:00:00Z,37433.1796875,37478.62890625,37427.5703125,37440.3203125,0
2025-05-27T03:00:00Z,37453.4296875,37483.390625,37442.44921875,37455.41015625,0
2025-05-27T04:00:00Z,37456.078125,37493.78125,37442.87890625,37485.75,0
2025-05-27T05:00:00Z,37486.1796875,37763.0,37484.80078125,37704.26953125,0
2025-05-27T06:00:00Z,37703.58984375,37769.05078125,37682.80078125,37764.078125,0
2025-05-28T00:00:00Z,38094.7890625,38178.73046875,37943.66015625,37986.609375,0
2025-05-28T01:00:00Z,37982.78125,38056.6015625,37900.12890625,37946.9296875,0
2025-05-28T02:00:00Z,37946.7890625,37950.51953125,37896.25,37918.859375,0
2025-05-28T03:00:00Z,37981.6015625,37990.0,37830.69921875,37842.19921875,0
2025-05-28T04:00:00Z,37843.8984375,37872.3203125,37779.171875,37800.8984375,0
2025-05-28T05:00:00Z,37801.0703125,37860.25,37789.08984375,37811.37890625,0
2025-05-28T06:00:00Z,37809.51953125,37817.44140625,37709.7109375,37743.8984375,0
2025-05-29T00:00:00Z,38046.96875,38315.37109375,38035.3203125,38315.37109375,0
2025-05-29T01:00:00Z,38315.19921875,38367.26171875,38151.44921875,38354.23828125,0
2025-05-29T02:00:00Z,38352.37109375,38357.671875,38272.0390625,38355.69921875,0
2025-05-29T03:00:00Z,38371.41015625,38379.12890625,38322.390625,38338.1015625,0
2025-05-29T04:00:00Z,38340.69921875,38360.01171875,38265.16015625,38345.46875,0
2025-05-29T05:00:00Z,38345.62890625,38454.0703125,38330.76953125,38434.3984375,0
2025-05-29T06:00:00Z,38434.828125,38448.23046875,38397.08984375,38438.01171875,0
2025-05-30T00:00:00Z,37912.48828125,37951.48046875,37748.171875,37884.16015625,0
2025-05-30T01:00:00Z,37884.5,37937.9609375,37780.578125,37925.03125,0
2025-05-30T02:00:00Z,37923.69921875,37941.0,37890.859375,37890.859375,0
2025-05-30T03:00:00Z,37851.19140625,37911.2890625,37849.37109375,37911.2890625,0
2025-05-30T04:00:00Z,37907.05859375,37962.94140625,37863.9609375,37958.171875,0
2025-05-30T05:00:00Z,37958.55078125,38114.46875,37956.2109375,38071.80078125,0
2025-05-30T06:00:00Z,38071.28125,38104.890625,38060.08984375,38084.12109375,0
2025-06-02T00:00:00Z,37651.1796875,37651.1796875,37449.12109375,37480.71875,0
2025-06-02T01:00:00Z,37482.87109375,37544.8984375,37401.1484375,37429.91015625,0
2025-06-02T02:00:00Z,37430.28125,37449.8203125,37406.7109375,37414.01953125,0
2025-06-02T03:00:00Z,37350.01171875,37401.5703125,37320.71875,37376.96875,0
2025-06-02T04:00:00Z,37376.80078125,37454.51171875,37355.8984375,37449.359375,0
2025-06-02T05:00:00Z,37449.8984375,37499.94921875,37435.5703125,37490.12890625,0
2025-06-02T06:00:00Z,37490.109375,37498.328125,37453.640625,37479.33984375,0
2025-06-03T00:00:00Z,37598.30859375,37647.96875,37509.7890625,37614.08984375,0
2025-06-03T01:00:00Z,37612.30859375,37729.44921875,37590.28125,37710.1796875,0
2025-06-03T02:00:00Z,37708.03125,37711.80078125,37543.1015625,37546.8515625,0
2025-06-03T03:00:00Z,37527.98828125,37621.7890625,37500.91015625,37584.62109375,0
2025-06-03T04:00:00Z,37583.8515625,37588.4296875,37477.16015625,37490.55078125,0
2025-06-03T05:00:00Z,37493.19921875,37520.71875,37479.0,37518.48046875,0
2025-06-03T06:00:00Z,37517.8984375,37522.48828125,37480.9296875,37496.55078125,0
2025-06-04T00:00:00Z,37686.66015625,37868.421875,37674.859375,37736.44140625,0
2025-06-04T01:00:00Z,37738.8203125,37808.109375,37731.4296875,37778.28125,0
2025-06-04T02:00:00Z,37778.66015625,37834.66015625,37760.25,37834.66015625,0
2025-06-04T03:00:00Z,37813.921875,37838.12109375,37781.1796875,37783.390625,0
2025-06-04T04:00:00Z,37777.3515625,37795.62890625,37745.37109375,37770.53125,0
2025-06-04T05:00:00Z,37767.23046875,37821.58984375,37737.3203125,37812.828125,0
2025-06-04T06:00:00Z,37812.640625,37833.12109375,37745.109375,37750.578125,0
2025-06-05T00:00:00Z,37590.390625,37717.05859375,37538.01953125,37630.53125,0
2025-06-05T01:00:00Z,37629.78125,37732.87890625,37629.78125,37686.73046875,0
2025-06-05T02:00:00Z,37687.12109375,37694.73046875,37631.76171875,37658.4609375,0
2025-06-05T03:00:00Z,37605.03125,37653.21875,37546.4296875,37578.05078125,0
2025-06-05T04:00:00Z,37576.53125,37590.25,37527.87890625,37558.640625,0
2025-06-05T05:00:00Z,37558.328125,37595.171875,37537.98828125,37557.8984375,0
2025-06-05T06:00:00Z,37558.8515625,37654.28125,37531.96875,37551.71875,0
2025-06-06T00:00:00Z,37590.44140625,37728.01953125,37590.421875,37706.26171875,0
2025-06-06T01:00:00Z,37707.0,37754.73046875,37655.390625,37723.2109375,0
2025-06-06T02:00:00Z,37722.44140625,37755.41015625,37701.46875,37730.671875,0
2025-06-06T03:00:00Z,37716.8515625,37721.9296875,37657.921875,37657.921875,0
2025-06-06T04:00:00Z,37658.3515625,37697.9296875,37635.78125,37692.859375,0
2025-06-06T05:00:00Z,37690.58984375,37756.1484375,37669.9609375,37689.48828125,0
2025-06-06T06:00:00Z,37689.828125,37703.078125,37659.80859375,37697.30078125,0
2025-06-09T00:00:00Z,38028.7109375,38178.01171875,38018.21875,38172.44921875,0
2025-06-09T01:00:00Z,38165.859375,38168.91015625,38052.7109375,38142.58984375,0
2025-06-09T02:00:00Z,38142.80859375,38144.73828125,38088.2109375,38137.08984375,0
2025-06-09T03:00:00Z,38105.71875,38166.6015625,38105.71875,38159.6015625,0
2025-06-09T04:00:00Z,38160.62109375,38165.1484375,38106.58984375,38115.0703125,0
2025-06-09T05:00:00Z,38114.75,38114.75,38065.0,38094.91015625,0
2025-06-09T06:00:00Z,38094.83984375,38102.28125,38060.87109375,38087.12890625,0
2025-06-10T00:00:00Z,38278.171875,38346.98046875,38226.21875,38240.1484375,0
2025-06-10T01:00:00Z,38242.1484375,38467.05859375,38240.1484375,38454.37890625,0
2025-06-10T02:00:00Z,38458.33984375,38476.1796875,38427.08984375,38473.96875,0
2025-06-10T03:00:00Z,38463.9296875,38495.69921875,38448.01953125,38464.37109375,0
2025-06-10T04:00:00Z,38464.37890625,38469.71875,38423.23828125,38443.3203125,0
2025-06-10T05:00:00Z,38442.44140625,38446.28125,38139.1015625,38184.66015625,0
2025-06-10T06:00:00Z,38183.0,38210.140625,38159.30078125,38167.03125,0
2025-06-11T00:00:00Z,38431.1015625,38529.640625,38288.28125,38302.109375,0
2025-06-11T01:00:00Z,38303.05859375,38419.421875,38289.109375,38400.25,0
2025-06-11T02:00:00Z,38398.94921875,38418.62890625,38363.6015625,38385.37109375,0
2025-06-11T03:00:00Z,38363.05078125,38397.3515625,38347.3203125,38364.05859375,0
2025-06-11T04:00:00Z,38364.2890625,38406.01953125,38346.12109375,38393.75,0
2025-06-11T05:00:00Z,38392.8203125,38453.69921875,38357.23046875,38360.421875,0
2025-06-11T06:00:00Z,38354.859375,38419.109375,38345.30078125,38419.109375,0
2025-06-12T00:00:00Z,38324.9296875,38407.5703125,38107.3203125,38165.46875,0
2025-06-12T01:00:00Z,38168.30859375,38217.44921875,38102.05078125,38155.05078125,0
2025-06-12T02:00:00Z,38156.0390625,38175.71875,38124.48828125,38149.48828125,0
2025-06-12T03:00:00Z,38197.140625,38221.5390625,38194.2890625,38202.19921875,0
2025-06-12T04:00:00Z,38202.44140625,38226.19140625,38169.48046875,38199.71875,0
2025-06-12T05:00:00Z,38199.87109375,38215.328125,38169.1484375,38190.05078125,0
2025-06-12T06:00:00Z,38190.26171875,38190.26171875,38156.91015625,38171.75,0
2025-06-13T00:00:00Z,38130.25,38141.58984375,37601.8203125,37633.46875,0
2025-06-13T01:00:00Z,37635.48046875,37785.76953125,37540.19921875,37781.1015625,0
2025-06-13T02:00:00Z,37778.8515625,37780.78125,37659.28125,37665.9296875,0
2025-06-13T03:00:00Z,37672.3515625,37758.76171875,37659.1015625,37756.0,0
2025-06-13T04:00:00Z,37755.98046875,37755.98046875,37667.83984375,37747.80859375,0
2025-06-13T05:00:00Z,37745.48046875,37771.44921875,37705.078125,37761.01953125,0
2025-06-13T06:00:00Z,37759.80859375,37823.48828125,37755.73046875,37810.390625,0
2025-06-16T00:00:00Z,38056.859375,38207.51171875,38055.51953125,38133.98046875,0
2025-06-16T01:00:00Z,38137.1796875,38181.9609375,38066.33984375,38175.23828125,0
2025-06-16T02:00:00Z,38175.9296875,38213.25,38166.5,38193.390625,0
2025-06-16T03:00:00Z,38229.828125,38241.0703125,38200.4296875,38237.62109375,0
2025-06-16T04:00:00Z,38239.2890625,38342.51953125,38239.2890625,38306.03125,0
2025-06-16T05:00:00Z,38306.23828125,38328.69921875,38231.96875,38232.5390625,0
2025-06-16T06:00:00Z,38232.5,38332.23046875,38228.05078125,38317.7109375,0
2025-06-17T00:00:00Z,38366.6796875,38531.33984375,38333.3515625,38525.01171875,0
2025-06-17T01:00:00Z,38529.80078125,38567.359375,38444.0390625,38559.671875,0
2025-06-17T02:00:00Z,38561.0,38581.25,38487.26953125,38501.078125,0
2025-06-17T03:00:00Z,38522.19921875,38551.98046875,38506.21875,38506.21875,0
2025-06-17T04:00:00Z,38505.51171875,38553.26953125,38461.51953125,38534.33984375,0
2025-06-17T05:00:00Z,38533.91015625,38539.91015625,38448.75,38501.71875,0
2025-06-17T06:00:00Z,38501.87109375,38551.46875,38492.26953125,38531.7890625,0
2025-06-18T00:00:00Z,38364.16015625,38626.08984375,38364.16015625,38571.19140625,0
2025-06-18T01:00:00Z,38572.609375,38756.9296875,38572.609375,38719.01171875,0
2025-06-18T02:00:00Z,38718.37109375,38791.80078125,38718.37109375,38791.80078125,0
2025-06-18T03:00:00Z,38771.9296875,38825.078125,38770.140625,38812.44140625,0
2025-06-18T04:00:00Z,38812.44140625,38864.28125,38764.6796875,38813.0,0
2025-06-18T05:00:00Z,38813.05859375,38859.890625,38806.890625,38836.58984375,0
2025-06-18T06:00:00Z,38835.87109375,38861.2109375,38818.01171875,38861.2109375,0
2025-06-19T00:00:00Z,38858.51953125,38870.55078125,38567.16015625,38635.6796875,0
2025-06-19T01:00:00Z,38636.578125,38636.9296875,38530.87890625,38576.08984375,0
2025-06-19T02:00:00Z,38577.3515625,38606.66015625,38559.48046875,38597.16015625,0
2025-06-19T03:00:00Z,38612.30078125,38643.73046875,38591.28125,38616.53125,0
2025-06-19T04:00:00Z,38615.73828125,38624.62890625,38552.98046875,38588.87109375,0
2025-06-19T05:00:00Z,38588.96875,38590.19140625,38504.01171875,38508.0703125,0
2025-06-19T06:00:00Z,38509.23046875,38547.5,38508.23828125,38515.19140625,0
2025-06-20T00:00:00Z,38472.25,38645.30078125,38443.171875,38606.51953125,0
2025-06-20T01:00:00Z,38604.75,38646.16015625,38362.5390625,38446.94921875,0
2025-06-20T02:00:00Z,38449.9296875,38465.55078125,38419.3203125,38445.5703125,0
2025-06-20T03:00:00Z,38494.37109375,38539.12109375,38478.44140625,38524.2109375,0
2025-06-20T04:00:00Z,38526.48828125,38541.62890625,38440.25,38481.05078125,0
2025-06-20T05:00:00Z,38481.421875,38515.19140625,38468.19140625,38504.51953125,0
2025-06-20T06:00:00Z,38505.8984375,38518.3203125,38464.109375,38498.91015625,0
2025-06-23T00:00:00Z,38260.69140625,38270.23046875,38026.3203125,38206.16015625,0
2025-06-23T01:00:00Z,38201.859375,38267.0,38162.69140625,38210.0390625,0
2025-06-23T02:00:00Z,38212.19140625,38250.2109375,38175.62890625,38175.62890625,0
2025-06-23T03:00:00Z,38245.62109375,38268.0390625,38225.8515625,38251.26953125,0
2025-06-23T04:00:00Z,38254.44921875,38367.28125,38254.44921875,38331.671875,0
2025-06-23T05:00:00Z,38337.859375,38354.66015625,38305.12109375,38340.19140625,0
2025-06-23T06:00:00Z,38339.94140625,38368.21875,38325.921875,38363.421875,0
2025-06-24T00:00:00Z,38779.1796875,38990.109375,38703.48046875,38714.9609375,0
2025-06-24T01:00:00Z,38719.19140625,38885.7890625,38665.609375,38884.53125,0
2025-06-24T02:00:00Z,38883.9609375,38890.171875,38708.76953125,38769.12109375,0
2025-06-24T03:00:00Z,38758.08984375,38789.140625,38739.8515625,38772.5390625,0
2025-06-24T04:00:00Z,38771.3984375,38803.328125,38743.96875,38801.421875,0
2025-06-24T05:00:00Z,38802.8515625,38857.109375,38778.83984375,38803.08984375,0
2025-06-24T06:00:00Z,38801.5703125,38808.1484375,38708.51953125,38708.51953125,0
2025-06-25T00:00:00Z,38904.1796875,38925.91015625,38754.921875,38813.69140625,0
2025-06-25T01:00:00Z,38810.4296875,38892.328125,38759.8203125,38878.37890625,0
2025-06-25T02:00:00Z,38875.05078125,38879.94140625,38711.109375,38750.46875,0
2025-06-25T03:00:00Z,38779.21875,38832.6015625,38755.4296875,38787.37109375,0
2025-06-25T04:00:00Z,38786.828125,38888.421875,38786.828125,38880.6015625,0
2025-06-25T05:00:00Z,38880.94140625,38944.76953125,38864.6015625,38905.7890625,0
2025-06-25T06:00:00Z,38906.55859375,38923.890625,38895.7109375,38907.55859375,0
2025-06-26T00:00:00Z,39072.140625,39348.78125,39056.140625,39277.28125,0
2025-06-26T01:00:00Z,39274.83984375,39400.6484375,39238.7890625,39331.51171875,0
2025-06-26T02:00:00Z,39331.83984375,39374.4609375,39313.46875,39349.8515625,0
2025-06-26T03:00:00Z,39362.1484375,39472.03125,39360.83984375,39448.05859375,0
2025-06-26T04:00:00Z,39447.5,39506.58984375,39443.98828125,39497.87109375,0
2025-06-26T05:00:00Z,39499.6484375,39615.58984375,39475.1015625,39537.6015625,0
2025-06-26T06:00:00Z,39539.48828125,39601.6484375,39504.6484375,39521.4609375,0
2025-06-27T00:00:00Z,39866.359375,40185.4296875,39847.30859375,40159.33984375,0
2025-06-27T01:00:00Z,40155.1015625,40217.421875,40134.73046875,40150.58984375,0
2025-06-27T02:00:00Z,40151.578125,40232.69921875,40138.62890625,40215.359375,0
2025-06-27T03:00:00Z,40162.3984375,40267.83984375,40162.3984375,40185.58984375,0
2025-06-27T04:00:00Z,40186.51171875,40223.23046875,40121.01953125,40124.3984375,0
2025-06-27T05:00:00Z,40124.25,40178.6796875,40056.0703125,40076.578125,0
2025-06-27T06:00:00Z,40077.359375,40106.1015625,40048.48046875,40073.640625,0
2025-06-30T00:00:00Z,40550.7890625,40828.96875,40517.25,40780.7890625,0
2025-06-30T01:00:00Z,40772.69921875,40852.5390625,40706.30859375,40763.76953125,0
2025-06-30T02:00:00Z,40763.12109375,40836.6015625,40758.859375,40809.8203125,0
2025-06-30T03:00:00Z,40748.421875,40783.5,40726.328125,40726.328125,0
2025-06-30T04:00:00Z,40727.12109375,40769.578125,40559.0390625,40595.3984375,0
2025-06-30T05:00:00Z,40596.1484375,40596.1484375,40373.171875,40421.78125,0
2025-06-30T06:00:00Z,40414.9609375,40430.5,40322.5390625,40430.30078125,0
2025-07-01T00:00:00Z,40340.640625,40345.87109375,40036.08984375,40122.51171875,0
2025-07-01T01:00:00Z,40124.25,40143.55859375,40009.2890625,40061.3515625,0
2025-07-01T02:00:00Z,40056.8203125,40082.890625,40017.671875,40081.609375,0
2025-07-01T03:00:00Z,40026.26953125,40080.76953125,39968.671875,40080.76953125,0
2025-07-01T04:00:00Z,40078.51953125,40159.53125,40060.69140625,40124.01953125,0
2025-07-01T05:00:00Z,40124.328125,40126.03125,39984.55859375,39992.62109375,0
2025-07-01T06:00:00Z,39993.8203125,39996.55859375,39885.37890625,39958.01171875,0
2025-07-02T00:00:00Z,39631.171875,39693.0390625,39444.69921875,39669.87109375,0
2025-07-02T01:00:00Z,39667.53125,39754.0,39583.23046875,39588.69140625,0
2025-07-02T02:00:00Z,39590.01953125,39619.69921875,39556.23046875,39593.71875,0
2025-07-02T03:00:00Z,39637.76953125,39740.12109375,39637.76953125,39735.37109375,0
2025-07-02T04:00:00Z,39736.609375,39943.62109375,39732.28125,39925.2109375,0
2025-07-02T05:00:00Z,39925.44140625,39925.44140625,39763.62109375,39773.69140625,0
2025-07-02T06:00:00Z,39775.37890625,39809.55859375,39727.609375,39790.8515625,0
2025-07-03T00:00:00Z,39796.75,39844.671875,39667.8203125,39827.671875,0
2025-07-03T01:00:00Z,39825.5703125,39865.890625,39724.26171875,39752.2890625,0
2025-07-03T02:00:00Z,39748.109375,39767.73828125,39686.01171875,39732.62890625,0
2025-07-03T03:00:00Z,39760.6015625,39823.41015625,39757.51171875,39787.19140625,0
2025-07-03T04:00:00Z,39786.78125,39813.6015625,39721.7109375,39760.44140625,0
2025-07-03T05:00:00Z,39760.3515625,39765.80859375,39681.37109375,39711.53125,0
2025-07-03T06:00:00Z,39710.0390625,39719.80078125,39672.01953125,39675.26171875,0
2025-07-04T00:00:00Z,39994.640625,40012.66015625,39719.80859375,39868.75,0
2025-07-04T01:00:00Z,39867.05078125,39939.7890625,39838.33984375,39841.6015625,0
2025-07-04T02:00:00Z,39840.140625,39866.48828125,39775.62109375,39828.19921875,0
2025-07-04T03:00:00Z,39809.76171875,39827.0703125,39724.6484375,39750.2109375,0
2025-07-04T04:00:00Z,39753.37109375,39828.390625,39693.3984375,39828.390625,0
2025-07-04T05:00:00Z,39826.8515625,39860.4609375,39805.578125,39831.05078125,0
2025-07-04T06:00:00Z,39830.87109375,39833.328125,39777.6796875,39778.62890625,0
2025-07-07T00:00:00Z,39729.55859375,39829.37890625,39666.359375,39686.75,0
2025-07-07T01:00:00Z,39685.5,39685.859375,39539.7890625,39624.328125,0
2025-07-07T02:00:00Z,39621.19140625,39643.921875,39572.28125,39628.41015625,0
2025-07-07T03:00:00Z,39623.9609375,39646.421875,39605.87109375,39643.578125,0
2025-07-07T04:00:00Z,39644.4609375,39677.30859375,39581.19921875,39583.5703125,0
2025-07-07T05:00:00Z,39583.3203125,39594.98046875,39554.73046875,39569.921875,0
2025-07-07T06:00:00Z,39568.5703125,39585.71875,39524.25,39540.25,0
2025-07-08T00:00:00Z,39542.0703125,39816.26953125,39510.48046875,39743.83984375,0
2025-07-08T01:00:00Z,39742.03125,39778.51171875,39586.0,39608.671875,0
2025-07-08T02:00:00Z,39608.8203125,39715.62890625,39592.1484375,39711.2890625,0
2025-07-08T03:00:00Z,39753.83984375,39774.58984375,39677.98828125,39698.78125,0
2025-07-08T04:00:00Z,39696.55859375,39710.23046875,39630.80078125,39697.12109375,0
2025-07-08T05:00:00Z,39697.078125,39729.9609375,39659.37890625,39726.21875,0
2025-07-08T06:00:00Z,39724.75,39736.0703125,39697.078125,39724.8984375,0
2025-07-09T00:00:00Z,39942.80078125,39971.05859375,39628.30078125,39640.87890625,0
2025-07-09T01:00:00Z,39640.78125,39710.48046875,39573.33984375,39671.51171875,0
2025-07-09T02:00:00Z,39667.94921875,39702.1484375,39659.0703125,39677.421875,0
2025-07-09T03:00:00Z,39691.3515625,39728.21875,39677.03125,39710.12890625,0
2025-07-09T04:00:00Z,39709.55078125,39788.6484375,39698.7890625,39786.98046875,0
2025-07-09T05:00:00Z,39789.4609375,39827.7109375,39766.28125,39796.73828125,0
2025-07-09T06:00:00Z,39794.80859375,39804.9609375,39729.23046875,39795.578125,0
2025-07-10T00:00:00Z,39795.75,39795.75,39595.19921875,39627.19921875,0
2025-07-10T01:00:00Z,39625.0703125,39648.5390625,39547.26171875,39605.98046875,0
2025-07-10T02:00:00Z,39604.859375,39629.609375,39572.01953125,39610.609375,0
2025-07-10T03:00:00Z,39598.91015625,39618.96875,39566.03125,39573.37109375,0
2025-07-10T04:00:00Z,39572.4609375,39670.109375,39555.28125,39571.87890625,0
2025-07-10T05:00:00Z,39573.5703125,39599.0390625,39530.94921875,39589.73828125,0
2025-07-10T06:00:00Z,39591.5390625,39666.33984375,39568.25,39663.9296875,0
2025-07-11T00:00:00Z,39886.5390625,39957.80078125,39553.7890625,39730.26171875,0
2025-07-11T01:00:00Z,39728.1484375,39753.21875,39566.26171875,39568.671875,0
2025-07-11T02:00:00Z,39571.390625,39651.16015625,39571.390625,39593.83984375,0
2025-07-11T03:00:00Z,39622.140625,39669.8515625,39606.98046875,39632.609375,0
2025-07-11T04:00:00Z,39631.33984375,39641.25,39573.9296875,39615.98828125,0
2025-07-11T05:00:00Z,39614.48828125,39683.30078125,39529.05859375,39529.05859375,0
2025-07-11T06:00:00Z,39531.4609375,39592.87890625,39497.69921875,39587.87109375,0
2025-07-14T00:00:00Z,39416.1015625,39485.23046875,39318.37109375,39395.19140625,0
2025-07-14T01:00:00Z,39398.2890625,39444.83984375,39288.8984375,39432.26171875,0
2025-07-14T02:00:00Z,39430.9609375,39476.8515625,39411.30859375,39469.71875,0
2025-07-14T03:00:00Z,39466.76953125,39550.21875,39451.48046875,39548.4609375,0
2025-07-14T04:00:00Z,39546.30078125,39588.4609375,39542.140625,39570.80078125,0
2025-07-14T05:00:00Z,39571.98046875,39608.01953125,39469.44140625,39491.6484375,0
2025-07-14T06:00:00Z,39491.640625,39505.53125,39447.4609375,39480.87109375,0
2025-07-15T00:00:00Z,39525.828125,39567.76953125,39406.640625,39442.26953125,0
2025-07-15T01:00:00Z,39445.0703125,39641.30078125,39379.3203125,39618.6484375,0
2025-07-15T02:00:00Z,39612.4609375,39623.9609375,39437.71875,39507.28125,0
2025-07-15T03:00:00Z,39494.62890625,39516.96875,39434.171875,39439.53125,0
2025-07-15T04:00:00Z,39440.80078125,39558.05859375,39425.55859375,39513.91015625,0
2025-07-15T05:00:00Z,39514.51953125,39621.48046875,39512.46875,39610.0390625,0
2025-07-15T06:00:00Z,39609.359375,39657.73046875,39608.078125,39643.1796875,0
2025-07-16T00:00:00Z,39734.73828125,39750.8203125,39520.9609375,39747.80859375,0
2025-07-16T01:00:00Z,39744.6484375,39780.6015625,39623.671875,39664.0390625,0
2025-07-16T02:00:00Z,39665.7890625,39675.05078125,39619.94921875,39642.3984375,0
2025-07-16T03:00:00Z,39649.921875,39773.83984375,39649.921875,39744.5390625,0
2025-07-16T04:00:00Z,39745.4296875,39910.921875,39737.328125,39844.8984375,0
2025-07-16T05:00:00Z,39850.671875,39923.609375,39649.03125,39726.4296875,0
2025-07-16T06:00:00Z,39725.51953125,39751.05859375,39649.37890625,39681.30078125,0
2025-07-17T00:00:00Z,39492.01953125,39555.1015625,39370.4296875,39530.5,0
2025-07-17T01:00:00Z,39527.2109375,39617.6484375,39496.23046875,39557.80859375,0
2025-07-17T02:00:00Z,39558.44140625,39604.94140625,39533.1796875,39602.578125,0
2025-07-17T03:00:00Z,39652.1015625,39780.23046875,39645.609375,39778.19921875,0
2025-07-17T04:00:00Z,39779.421875,39779.421875,39684.21875,39723.48828125,0
2025-07-17T05:00:00Z,39724.3203125,39832.640625,39701.828125,39800.1015625,0
2025-07-17T06:00:00Z,39800.0,39910.9609375,39800.0,39908.08984375,0
2025-07-18T00:00:00Z,40072.390625,40087.58984375,39885.5,39885.5,0
2025-07-18T01:00:00Z,39887.1796875,39931.16015625,39761.7109375,39813.859375,0
2025-07-18T02:00:00Z,39814.01171875,39824.6796875,39751.2109375,39778.8515625,0
2025-07-18T03:00:00Z,39782.6484375,39828.140625,39763.37109375,39828.140625,0
2025-07-18T04:00:00Z,39827.83984375,39862.69921875,39745.421875,39813.890625,0
2025-07-18T05:00:00Z,39813.25,39840.1796875,39783.69921875,39799.01171875,0
2025-07-18T06:00:00Z,39798.98828125,39832.33984375,39786.69140625,39814.671875,0
2025-07-22T00:00:00Z,39864.62890625,40275.890625,39843.03125,39895.73046875,0
2025-07-22T01:00:00Z,39895.9296875,39990.6796875,39873.21875,39937.51171875,0
2025-07-22T02:00:00Z,39936.62109375,39948.0390625,39844.62890625,39892.80859375,0
2025-07-22T03:00:00Z,39806.7890625,39836.609375,39626.55078125,39715.83984375,0
2025-07-22T04:00:00Z,39715.53125,39732.6015625,39586.53125,39662.73046875,0
2025-07-22T05:00:00Z,39664.26953125,39722.7109375,39649.44921875,39704.05859375,0
2025-07-22T06:00:00Z,39708.078125,39763.73046875,39671.01171875,39757.28125,0
2025-07-23T00:00:00Z,40189.1796875,40764.62109375,40087.859375,40752.2109375,0
2025-07-23T01:00:00Z,40759.4609375,40877.640625,40714.05078125,40875.0390625,0
2025-07-23T02:00:00Z,40875.640625,41070.91015625,40815.41015625,41053.44140625,0
2025-07-23T03:00:00Z,41052.5703125,41119.78125,41012.1796875,41063.8984375,0
2025-07-23T04:00:00Z,41064.6796875,41203.91015625,41004.2890625,41183.640625,0
2025-07-23T05:00:00Z,41178.73828125,41342.58984375,41165.48828125,41279.66015625,0
2025-07-23T06:00:00Z,41279.6796875,41306.19921875,41218.8515625,41227.16015625,0
2025-07-24T00:00:00Z,41657.98046875,41801.28125,41554.1796875,41784.640625,0
2025-07-24T01:00:00Z,41795.4296875,41989.6484375,41780.51953125,41975.12109375,0
2025-07-24T02:00:00Z,41977.08984375,42004.921875,41934.44140625,41983.5,0
2025-07-24T03:00:00Z,42006.62109375,42065.828125,41801.71875,41840.25,0
2025-07-24T04:00:00Z,41836.671875,41893.921875,41782.609375,41870.6484375,0
2025-07-24T05:00:00Z,41872.73046875,41889.23046875,41772.6796875,41877.78125,0
2025-07-24T06:00:00Z,41876.71875,41950.55859375,41857.48828125,41857.48828125,0
2025-07-25T00:00:00Z,41760.578125,41773.69921875,41581.55078125,41687.9296875,0
2025-07-25T01:00:00Z,41692.2109375,41701.94140625,41559.578125,41577.2890625,0
2025-07-25T02:00:00Z,41578.19921875,41612.9296875,41558.640625,41570.23828125,0
2025-07-25T03:00:00Z,41585.05078125,41585.05078125,41487.421875,41505.23046875,0
2025-07-25T04:00:00Z,41505.19921875,41566.6796875,41429.96875,41436.171875,0
2025-07-25T05:00:00Z,41436.7890625,41484.41015625,41429.171875,41458.2109375,0
2025-07-25T06:00:00Z,41459.26171875,41493.2109375,41389.7890625,41400.53125,0
2025-07-28T00:00:00Z,41515.91015625,41534.2109375,41072.1484375,41184.16015625,0
2025-07-28T01:00:00Z,41184.05859375,41238.640625,41141.05078125,41160.62890625,0
2025-07-28T02:00:00Z,41160.98046875,41165.05078125,41096.640625,41148.0703125,0
2025-07-28T03:00:00Z,41165.66015625,41165.66015625,41041.16015625,41041.76953125,0
2025-07-28T04:00:00Z,41040.1796875,41094.62890625,41000.2109375,41000.2109375,0
2025-07-28T05:00:00Z,40997.87109375,41100.390625,40997.87109375,41080.55859375,0
2025-07-28T06:00:00Z,41079.5703125,41079.91015625,41038.5703125,41041.66015625,0
2025-07-29T00:00:00Z,40767.76953125,40792.8515625,40636.23828125,40692.5390625,0
2025-07-29T01:00:00Z,40689.828125,40747.80859375,40638.8515625,40697.19140625,0
2025-07-29T02:00:00Z,40698.578125,40728.9609375,40611.25,40623.3203125,0
2025-07-29T03:00:00Z,40664.62109375,40700.890625,40624.12109375,40644.75,0
2025-07-29T04:00:00Z,40645.140625,40664.2109375,40573.98828125,40597.3515625,0
2025-07-29T05:00:00Z,40596.6796875,40637.87890625,40563.53125,40614.83984375,0
2025-07-29T06:00:00Z,40613.5703125,40657.921875,40607.859375,40655.33984375,0
2025-07-30T00:00:00Z,40744.53125,40744.53125,40556.609375,40592.08984375,0
2025-07-30T01:00:00Z,40590.7890625,40677.87890625,40579.62109375,40651.1484375,0
2025-07-30T02:00:00Z,40653.9296875,40687.2109375,40618.359375,40682.140625,0
2025-07-30T03:00:00Z,40658.12109375,40714.12109375,40632.19921875,40675.76171875,0
2025-07-30T04:00:00Z,40675.78125,40726.859375,40647.2890625,40655.109375,0
2025-07-30T05:00:00Z,40656.5390625,40656.5390625,40586.8203125,40624.44140625,0
2025-07-30T06:00:00Z,40626.1015625,40649.78125,40617.1796875,40641.37109375,0
2025-07-31T00:00:00Z,40693.0,40912.609375,40639.3203125,40843.83984375,0
2025-07-31T01:00:00Z,40844.078125,41004.609375,40786.9609375,40941.25,0
2025-07-31T02:00:00Z,40941.19921875,41040.140625,40938.25,41020.91015625,0
2025-07-31T03:00:00Z,40960.44921875,41053.23828125,40943.69140625,41015.98046875,0
2025-07-31T04:00:00Z,41018.16015625,41088.9609375,40956.1015625,41086.58984375,0
2025-07-31T05:00:00Z,41088.3515625,41120.0390625,41047.5703125,41098.6796875,0
2025-07-31T06:00:00Z,41098.01953125,41151.25,41069.19921875,41100.73046875,0
2025-08-01T00:00:00Z,41029.83984375,41064.73046875,40588.171875,40764.48828125,0
2025-08-01T01:00:00Z,40765.44140625,40949.83984375,40762.7890625,40935.44921875,0
2025-08-01T02:00:00Z,40931.1484375,40938.19140625,40895.51953125,40914.66015625,0
2025-08-01T03:00:00Z,40979.4609375,40999.109375,40874.33984375,40880.109375,0
2025-08-01T04:00:00Z,40883.4609375,40922.21875,40830.16015625,40836.08984375,0
2025-08-01T05:00:00Z,40835.62890625,40845.421875,40768.83984375,40842.83984375,0
2025-08-01T06:00:00Z,40843.41015625,40858.26171875,40803.109375,40844.91015625,0
2025-08-04T00:00:00Z,40118.80859375,40138.078125,39850.51953125,39927.890625,0
2025-08-04T01:00:00Z,39942.3515625,40099.078125,39885.51953125,40006.1484375,0
2025-08-04T02:00:00Z,40014.26953125,40144.05859375,40007.76953125,40134.96875,0
2025-08-04T03:00:00Z,40133.75,40302.19140625,40131.01953125,40295.23046875,0
2025-08-04T04:00:00Z,40294.328125,40296.390625,40164.87890625,40178.23046875,0
2025-08-04T05:00:00Z,40184.12109375,40263.1484375,40164.328125,40246.26953125,0
2025-08-04T06:00:00Z,40246.921875,40332.25,40246.921875,40297.91015625,0
2025-08-05T00:00:00Z,40521.0,40600.359375,40431.03125,40481.7890625,0
2025-08-05T01:00:00Z,40480.05078125,40530.671875,40421.87890625,40503.4609375,0
2025-08-05T02:00:00Z,40505.828125,40560.83984375,40505.828125,40544.98828125,0
2025-08-05T03:00:00Z,40590.08984375,40649.37890625,40551.05078125,40574.80078125,0
2025-08-05T04:00:00Z,40575.16015625,40601.23046875,40511.890625,40544.1015625,0
2025-08-05T05:00:00Z,40549.80078125,40574.01171875,40503.58984375,40555.8515625,0
2025-08-05T06:00:00Z,40559.44140625,40569.5390625,40515.8515625,40549.73828125,0
2025-08-06T00:00:00Z,40430.4609375,40633.78125,40423.12890625,40627.1015625,0
2025-08-06T01:00:00Z,40621.0,40774.53125,40550.16015625,40770.48046875,0
2025-08-06T02:00:00Z,40768.3515625,40819.5,40749.140625,40802.73046875,0
2025-08-06T03:00:00Z,40789.01171875,40837.078125,40761.75,40816.2890625,0
2025-08-06T04:00:00Z,40815.390625,40850.890625,40729.41015625,40731.140625,0
2025-08-06T05:00:00Z,40731.1484375,40817.9296875,40699.08984375,40801.8984375,0
2025-08-06T06:00:00Z,40800.671875,40830.4609375,40796.6015625,40813.44140625,0
2025-08-07T00:00:00Z,40668.19140625,41078.62109375,40668.19140625,41053.26953125,0
2025-08-07T01:00:00Z,41053.359375,41153.58984375,40970.19140625,41125.76953125,0
2025-08-07T02:00:00Z,41126.0390625,41164.109375,41105.26953125,41114.6796875,0
2025-08-07T03:00:00Z,41084.73046875,41109.6484375,41045.78125,41100.98046875,0
2025-08-07T04:00:00Z,41102.71875,41120.48828125,40964.1796875,40991.62890625,0
2025-08-07T05:00:00Z,40990.12109375,41075.26171875,40962.46875,41024.2890625,0
2025-08-07T06:00:00Z,41025.12109375,41063.8984375,40975.01953125,41036.609375,0
2025-08-08T00:00:00Z,41283.69921875,41838.328125,41248.05078125,41834.671875,0
2025-08-08T01:00:00Z,41834.328125,41924.41015625,41815.8984375,41834.94140625,0
2025-08-08T02:00:00Z,41839.328125,41968.6796875,41822.859375,41968.6796875,0
2025-08-08T03:00:00Z,41970.078125,42033.921875,41959.0390625,42003.5,0
2025-08-08T04:00:00Z,42000.23046875,42028.859375,41823.46875,41846.4609375,0
2025-08-08T05:00:00Z,41846.6484375,41892.8203125,41751.98828125,41769.12109375,0
2025-08-08T06:00:00Z,41768.71875,41799.28125,41738.3515625,41759.37890625,0
2025-08-12T00:00:00Z,42098.3203125,42786.96875,42083.578125,42786.48828125,0
2025-08-12T01:00:00Z,42777.51953125,42867.69140625,42646.19921875,42846.76953125,0
2025-08-12T02:00:00Z,42849.4609375,42866.19921875,42796.48046875,42849.671875,0
2025-08-12T03:00:00Z,42893.109375,42983.33984375,42883.859375,42938.109375,0
2025-08-12T04:00:00Z,42937.55078125,42997.94921875,42921.30078125,42995.8515625,0
2025-08-12T05:00:00Z,42995.21875,42999.7109375,42715.48828125,42744.8203125,0
2025-08-12T06:00:00Z,42743.109375,42806.87109375,42620.98828125,42681.2109375,0
2025-08-13T00:00:00Z,43090.91015625,43241.26953125,43008.19921875,43214.53125,0
2025-08-13T01:00:00Z,43215.140625,43347.5703125,43194.1796875,43320.19921875,0
2025-08-13T02:00:00Z,43322.21875,43323.51953125,43248.48046875,43301.0703125,0
2025-08-13T03:00:00Z,43306.55078125,43399.640625,43275.8203125,43378.01953125,0
2025-08-13T04:00:00Z,43378.0390625,43451.4609375,43288.73828125,43290.21875,0
2025-08-13T05:00:00Z,43289.98046875,43329.12109375,43181.96875,43252.3203125,0
2025-08-13T06:00:00Z,43249.83984375,43310.30078125,43209.8515625,43302.2890625,0
2025-08-14T00:00:00Z,43129.1796875,43199.828125,42837.37109375,42868.71875,0
2025-08-14T01:00:00Z,42868.21875,42909.71875,42641.75,42679.76171875,0
2025-08-14T02:00:00Z,42682.8515625,42728.76953125,42649.3984375,42726.62890625,0
2025-08-14T03:00:00Z,42711.80859375,42744.9609375,42606.73046875,42655.12890625,0
2025-08-14T04:00:00Z,42654.75,42720.71875,42642.62890625,42651.23828125,0
2025-08-14T05:00:00Z,42648.94921875,42744.08984375,42641.12890625,42701.03125,0
2025-08-14T06:00:00Z,42701.76953125,42716.98828125,42651.23046875,42652.37109375,0
2025-08-15T00:00:00Z,42866.37890625,42972.359375,42736.859375,42894.37890625,0
2025-08-15T01:00:00Z,42891.8515625,42967.3515625,42827.890625,42946.41015625,0
2025-08-15T02:00:00Z,42947.55859375,43046.55078125,42947.078125,43036.4609375,0
2025-08-15T03:00:00Z,43062.359375,43180.890625,43060.05859375,43163.0390625,0
2025-08-15T04:00:00Z,43162.19921875,43292.21875,43160.58984375,43258.01171875,0
2025-08-15T05:00:00Z,43261.28125,43373.1484375,43259.2890625,43364.51953125,0
2025-08-15T06:00:00Z,43362.55859375,43405.4296875,43276.12109375,43381.1015625,0
2025-08-18T00:00:00Z,43452.8984375,43714.640625,43390.21875,43552.0,0
2025-08-18T01:00:00Z,43545.6484375,43713.80859375,43519.05078125,43660.48828125,0
2025-08-18T02:00:00Z,43660.44921875,43781.44140625,43653.9296875,43757.83984375,0
2025-08-18T03:00:00Z,43748.71875,43835.12109375,43744.1796875,43817.19140625,0
2025-08-18T04:00:00Z,43811.46875,43811.46875,43658.98046875,43751.171875,0
2025-08-18T05:00:00Z,43749.98046875,43808.12109375,43747.390625,43768.21875,0
2025-08-18T06:00:00Z,43766.94921875,43772.3515625,43669.23828125,43693.87109375,0
2025-08-19T00:00:00Z,43846.55078125,43876.421875,43486.69921875,43488.76171875,0
2025-08-19T01:00:00Z,43488.55859375,43733.640625,43411.96875,43722.44921875,0
2025-08-19T02:00:00Z,43718.94140625,43756.109375,43650.828125,43652.3203125,0
2025-08-19T03:00:00Z,43633.28125,43649.1015625,43538.0,43629.859375,0
2025-08-19T04:00:00Z,43627.71875,43699.98046875,43608.62890625,43655.51171875,0
2025-08-19T05:00:00Z,43657.609375,43695.671875,43600.26953125,43609.640625,0
2025-08-19T06:00:00Z,43609.21875,43609.21875,43515.21875,43525.96875,0
2025-08-20T00:00:00Z,43400.66015625,43425.78125,42889.859375,42939.12109375,0
2025-08-20T01:00:00Z,42937.96875,43033.1484375,42821.0,42840.55078125,0
2025-08-20T02:00:00Z,42841.80078125,42888.26171875,42776.6015625,42883.171875,0
2025-08-20T03:00:00Z,42852.25,42876.80078125,42724.1484375,42748.46875,0
2025-08-20T04:00:00Z,42750.6015625,42904.23046875,42738.01171875,42890.12109375,0
2025-08-20T05:00:00Z,42889.078125,42921.0,42841.0,42915.5,0
2025-08-20T06:00:00Z,42917.96875,42953.12890625,42831.171875,42869.66015625,0
2025-08-21T00:00:00Z,42783.26171875,42926.109375,42647.30859375,42648.19140625,0
2025-08-21T01:00:00Z,42650.328125,42762.71875,42599.0703125,42761.7890625,0
2025-08-21T02:00:00Z,42753.7890625,42753.7890625,42637.41015625,42640.55859375,0
2025-08-21T03:00:00Z,42640.05078125,42658.53125,42611.30078125,42612.6015625,0
2025-08-21T04:00:00Z,42612.75,42661.87890625,42595.76953125,42625.12109375,0
2025-08-21T05:00:00Z,42623.80078125,42636.55859375,42564.30078125,42636.55859375,0
2025-08-21T06:00:00Z,42638.03125,42678.0,42620.87109375,42642.62890625,0
2025-08-22T00:00:00Z,42629.80859375,42720.5703125,42331.390625,42633.578125,0
2025-08-22T01:00:00Z,42632.87890625,42685.01171875,42534.23828125,42619.828125,0
2025-08-22T02:00:00Z,42621.30859375,42713.0703125,42599.05078125,42615.08984375,0
2025-08-22T03:00:00Z,42586.828125,42601.62109375,42542.46875,42554.5,0
2025-08-22T04:00:00Z,42554.73828125,42580.73828125,42520.91015625,42564.8984375,0
2025-08-22T05:00:00Z,42564.33984375,42614.03125,42546.53125,42607.55078125,0
2025-08-22T06:00:00Z,42608.171875,42608.171875,42575.08984375,42575.08984375,0
2025-08-25T00:00:00Z,42977.26953125,43201.421875,42859.5390625,42876.87890625,0
2025-08-25T01:00:00Z,42877.0,42940.328125,42801.71875,42923.98828125,0
2025-08-25T02:00:00Z,42923.94140625,42956.8984375,42900.94140625,42922.328125,0
2025-08-25T03:00:00Z,42827.1484375,42827.1484375,42681.37109375,42736.1796875,0
2025-08-25T04:00:00Z,42735.25,42793.7890625,42728.2109375,42765.26171875,0
2025-08-25T05:00:00Z,42767.44921875,42834.53125,42732.71875,42821.80078125,0
2025-08-25T06:00:00Z,42819.28125,42830.96875,42782.69140625,42825.98828125,0
2025-08-26T00:00:00Z,42619.66015625,42703.26953125,42137.62109375,42297.46875,0
2025-08-26T01:00:00Z,42300.12109375,42408.26171875,42264.8203125,42333.71875,0
2025-08-26T02:00:00Z,42329.12109375,42379.640625,42329.12109375,42354.53125,0
2025-08-26T03:00:00Z,42301.96875,42421.4296875,42286.421875,42419.94140625,0
2025-08-26T04:00:00Z,42419.8203125,42473.08984375,42377.8984375,42400.37109375,0
2025-08-26T05:00:00Z,42400.578125,42446.671875,42389.6015625,42426.62890625,0
2025-08-26T06:00:00Z,42424.75,42455.16015625,42391.73828125,42415.76953125,0
2025-08-27T00:00:00Z,42476.08984375,42476.08984375,42270.1796875,42360.9296875,0
2025-08-27T01:00:00Z,42361.91015625,42433.48828125,42332.05078125,42422.76953125,0
2025-08-27T02:00:00Z,42421.80859375,42556.828125,42404.8984375,42529.94921875,0
2025-08-27T03:00:00Z,42526.91015625,42628.0390625,42522.69140625,42574.8203125,0
2025-08-27T04:00:00Z,42573.6015625,42584.62890625,42484.80859375,42505.80078125,0
2025-08-27T05:00:00Z,42505.9609375,42511.1015625,42414.8984375,42463.33984375,0
2025-08-27T06:00:00Z,42464.03125,42576.828125,42464.03125,42544.76953125,0
2025-08-28T00:00:00Z,42308.140625,42709.23828125,42299.7890625,42634.078125,0
2025-08-28T01:00:00Z,42632.23046875,42698.08984375,42557.98046875,42680.140625,0
2025-08-28T02:00:00Z,42675.44921875,42734.71875,42675.44921875,42731.73828125,0
2025-08-28T03:00:00Z,42764.96875,42815.48046875,42742.55078125,42801.87890625,0
2025-08-28T04:00:00Z,42799.05859375,42799.05859375,42696.359375,42783.828125,0
2025-08-28T05:00:00Z,42782.5703125,42824.1015625,42762.80859375,42807.98828125,0
2025-08-28T06:00:00Z,42807.78125,42828.75,42791.53125,42817.609375,0
2025-08-29T00:00:00Z,42774.2890625,42774.2890625,42611.30859375,42672.46875,0
2025-08-29T01:00:00Z,42668.921875,42707.37109375,42636.2890625,42699.55859375,0
2025-08-29T02:00:00Z,42699.48046875,42729.76171875,42633.96875,42642.96875,0
2025-08-29T03:00:00Z,42694.828125,42787.37109375,42691.26171875,42725.30078125,0
2025-08-29T04:00:00Z,42724.359375,42767.890625,42658.66015625,42669.390625,0
2025-08-29T05:00:00Z,42670.5,42742.37109375,42654.5,42738.6796875,0
2025-08-29T06:00:00Z,42737.01171875,42807.03125,42737.01171875,42794.51953125,0
2025-09-01T00:00:00Z,42362.7109375,42454.98828125,42210.80859375,42344.8515625,0
2025-09-01T01:00:00Z,42345.2890625,42346.98828125,41877.28125,41929.87890625,0
2025-09-01T02:00:00Z,41934.5703125,41956.03125,41843.9609375,41849.8203125,0
2025-09-01T03:00:00Z,41856.98828125,41981.23046875,41835.171875,41981.23046875,0
2025-09-01T04:00:00Z,41981.9296875,42061.109375,41938.55859375,42042.0703125,0
2025-09-01T05:00:00Z,42040.73828125,42153.0390625,42018.41015625,42149.46875,0
2025-09-01T06:00:00Z,42149.6015625,42169.5,42105.28125,42148.0390625,0
2025-09-02T00:00:00Z,42299.62890625,42389.05078125,42241.48828125,42379.5,0
2025-09-02T01:00:00Z,42379.71875,42473.671875,42282.69140625,42283.5703125,0
2025-09-02T02:00:00Z,42282.8203125,42302.01953125,42225.71875,42292.87890625,0
2025-09-02T03:00:00Z,42302.3515625,42417.30078125,42276.80078125,42380.16015625,0
2025-09-02T04:00:00Z,42378.80078125,42389.76171875,42226.421875,42226.421875,0
2025-09-02T05:00:00Z,42224.8984375,42257.0703125,42084.78125,42223.87109375,0
2025-09-02T06:00:00Z,42220.8203125,42318.23828125,42214.6015625,42308.640625,0
2025-09-03T00:00:00Z,42085.66015625,42247.55078125,42036.98828125,42220.9609375,0
2025-09-03T01:00:00Z,42222.87109375,42293.5390625,42093.6015625,42270.25,0
2025-09-03T02:00:00Z,42273.12109375,42288.25,42179.8984375,42186.58984375,0
2025-09-03T03:00:00Z,42142.26953125,42175.9609375,41992.12890625,42010.171875,0
2025-09-03T04:00:00Z,42008.921875,42074.58984375,41886.9296875,41920.2109375,0
2025-09-03T05:00:00Z,41921.48828125,41959.53125,41863.19921875,41930.578125,0
2025-09-03T06:00:00Z,41930.421875,41963.83984375,41872.03125,41884.80859375,0
2025-09-04T00:00:00Z,42093.69921875,42481.0,42066.58984375,42451.140625,0
2025-09-04T01:00:00Z,42453.76171875,42482.5,42285.05859375,42327.9296875,0
2025-09-04T02:00:00Z,42327.3515625,42478.03125,42326.8515625,42456.16015625,0
2025-09-04T03:00:00Z,42457.9296875,42475.87109375,42412.16015625,42444.33984375,0
2025-09-04T04:00:00Z,42444.640625,42602.80078125,42444.640625,42565.921875,0
2025-09-04T05:00:00Z,42568.94140625,42608.80078125,42547.08984375,42558.921875,0
2025-09-04T06:00:00Z,42558.640625,42586.62109375,42534.48046875,42573.30859375,0
2025-09-05T00:00:00Z,42983.46875,43220.94140625,42916.87109375,42944.890625,0
2025-09-05T01:00:00Z,42942.109375,42973.2890625,42870.44921875,42955.08984375,0
2025-09-05T02:00:00Z,42953.80859375,42953.80859375,42855.30859375,42890.8515625,0
2025-09-05T03:00:00Z,42923.91015625,43010.0703125,42880.0,42908.37890625,0
2025-09-05T04:00:00Z,42908.26953125,42915.9609375,42783.5390625,42827.73828125,0
2025-09-05T05:00:00Z,42824.8515625,42992.62109375,42824.8515625,42986.28125,0
2025-09-05T06:00:00Z,42987.76171875,43037.5703125,42965.73828125,43032.66015625,0
2025-09-08T00:00:00Z,43451.0703125,43835.37109375,43343.578125,43795.19921875,0
2025-09-08T01:00:00Z,43796.140625,43838.6015625,43669.51953125,43795.5,0
2025-09-08T02:00:00Z,43795.390625,43795.390625,43581.19140625,43630.5390625,0
2025-09-08T03:00:00Z,43618.94140625,43673.87109375,43615.75,43622.1015625,0
2025-09-08T04:00:00Z,43621.94921875,43662.7890625,43548.19921875,43659.26953125,0
2025-09-08T05:00:00Z,43658.6796875,43698.05078125,43578.0,43618.98828125,0
2025-09-08T06:00:00Z,43618.7890625,43703.828125,43616.75,43640.5703125,0
2025-09-09T00:00:00Z,43907.55078125,44185.73046875,43834.671875,44127.37109375,0
2025-09-09T01:00:00Z,44123.390625,44123.390625,43725.2890625,43753.96875,0
2025-09-09T02:00:00Z,43753.03125,43806.01171875,43684.19140625,43732.80078125,0
2025-09-09T03:00:00Z,43717.30078125,43763.03125,43629.4609375,43728.078125,0
2025-09-09T04:00:00Z,43728.0390625,43728.5390625,43645.23046875,43673.6484375,0
2025-09-09T05:00:00Z,43674.921875,43674.921875,43452.73828125,43549.12109375,0
2025-09-09T06:00:00Z,43548.9296875,43569.03125,43486.2890625,43494.1796875,0
2025-09-10T00:00:00Z,43513.16015625,43733.69140625,43509.01953125,43654.1796875,0
2025-09-10T01:00:00Z,43658.5390625,43709.87109375,43535.16015625,43604.078125,0
2025-09-10T02:00:00Z,43605.08984375,43687.12890625,43582.87109375,43684.2890625,0
2025-09-10T03:00:00Z,43718.94921875,43788.33984375,43706.55859375,43783.55859375,0
2025-09-10T04:00:00Z,43784.3515625,43812.6796875,43727.98828125,43811.5390625,0
2025-09-10T05:00:00Z,43811.26171875,43848.76953125,43763.671875,43785.5390625,0
2025-09-10T06:00:00Z,43788.23828125,43837.55859375,43753.0390625,43823.44921875,0
2025-09-11T00:00:00Z,43876.21875,44243.23046875,43870.5390625,44239.73828125,0
2025-09-11T01:00:00Z,44241.23828125,44251.6484375,44066.01171875,44242.3203125,0
2025-09-11T02:00:00Z,44242.171875,44288.46875,44213.94921875,44271.921875,0
2025-09-11T03:00:00Z,44290.51171875,44396.94921875,44285.28125,44378.109375,0
2025-09-11T04:00:00Z,44377.69140625,44387.37890625,44094.51171875,44105.3984375,0
2025-09-11T05:00:00Z,44110.578125,44291.0,44007.26953125,44291.0,0
2025-09-11T06:00:00Z,44291.05859375,44373.08984375,44285.83984375,44362.87109375,0
2025-09-12T00:00:00Z,44803.30078125,44888.01953125,44609.8515625,44610.73828125,0
2025-09-12T01:00:00Z,44609.3984375,44671.80078125,44548.5703125,44642.16015625,0
2025-09-12T02:00:00Z,44644.12890625,44719.0390625,44586.578125,44694.6484375,0
2025-09-12T03:00:00Z,44746.8203125,44779.21875,44698.1015625,44768.3984375,0
2025-09-12T04:00:00Z,44767.87109375,44873.26953125,44759.671875,44771.890625,0
2025-09-12T05:00:00Z,44776.0390625,44847.96875,44764.8203125,44811.9609375,0
2025-09-12T06:00:00Z,44811.55859375,44811.55859375,44732.87890625,44741.8203125,0
2025-09-16T00:00:00Z,44698.73828125,44707.73828125,44662.25,44665.58984375,0
2025-09-16T01:00:00Z,44666.69140625,44952.94140625,44616.3203125,44938.58984375,0
2025-09-16T02:00:00Z,44933.98828125,44981.12890625,44883.55859375,44904.12890625,0
2025-09-16T03:00:00Z,45026.890625,45052.328125,44876.75,44903.87109375,0
2025-09-16T04:00:00Z,44904.328125,45032.890625,44867.01171875,45020.2109375,0
2025-09-16T05:00:00Z,45031.8984375,45031.8984375,44961.359375,44990.75,0
2025-09-16T06:00:00Z,44991.9296875,45016.44140625,44851.98046875,44881.01171875,0
2025-09-17T00:00:00Z,44751.83984375,44827.05859375,44612.0703125,44782.01171875,0
2025-09-17T01:00:00Z,44777.16015625,45033.33984375,44777.16015625,44974.3515625,0
2025-09-17T02:00:00Z,44974.12109375,45027.37109375,44959.94921875,44995.7890625,0
2025-09-17T03:00:00Z,44950.859375,45017.26953125,44904.0703125,45003.12109375,0
2025-09-17T04:00:00Z,45000.78125,45000.78125,44809.2109375,44836.51171875,0
2025-09-17T05:00:00Z,44836.578125,44860.9296875,44727.30078125,44822.48828125,0
2025-09-17T06:00:00Z,44813.48046875,44873.75,44802.69140625,44839.078125,0
2025-09-18T00:00:00Z,44910.5,45055.98828125,44815.3984375,44961.171875,0
2025-09-18T01:00:00Z,44957.859375,45205.19140625,44942.91015625,45186.08984375,0
2025-09-18T02:00:00Z,45186.16015625,45296.2109375,45176.94921875,45277.4296875,0
2025-09-18T03:00:00Z,45352.6484375,45427.328125,45315.44921875,45377.53125,0
2025-09-18T04:00:00Z,45375.359375,45443.26171875,45354.640625,45438.4296875,0
2025-09-18T05:00:00Z,45438.94921875,45508.671875,45314.4609375,45365.1484375,0
2025-09-18T06:00:00Z,45362.55078125,45396.609375,45282.109375,45309.05859375,0
2025-09-19T00:00:00Z,45634.2890625,45852.75,45578.53125,45625.94140625,0
2025-09-19T01:00:00Z,45626.94140625,45800.62109375,45603.05859375,45643.98046875,0
2025-09-19T02:00:00Z,45640.609375,45675.46875,45605.25,45652.078125,0
2025-09-19T03:00:00Z,45613.44921875,45631.4609375,45281.19921875,45354.53125,0
2025-09-19T04:00:00Z,45368.05859375,45399.19921875,44495.4609375,45062.94140625,0
2025-09-19T05:00:00Z,45058.5703125,45200.4296875,44933.609375,45028.80859375,0
2025-09-19T06:00:00Z,45020.69921875,45068.8515625,45006.44140625,45039.171875,0
2025-09-22T00:00:00Z,45193.76953125,45685.76171875,45193.76953125,45529.55078125,0
2025-09-22T01:00:00Z,45530.5390625,45705.5703125,45497.91015625,45653.7109375,0
2025-09-22T02:00:00Z,45652.140625,45751.01953125,45651.94140625,45729.328125,0
2025-09-22T03:00:00Z,45684.76171875,45740.94921875,45666.94140625,45731.5390625,0
2025-09-22T04:00:00Z,45729.8984375,45757.73828125,45577.55859375,45606.48828125,0
2025-09-22T05:00:00Z,45606.8515625,45625.23828125,45523.01953125,45547.46875,0
2025-09-22T06:00:00Z,45548.26953125,45548.26953125,45491.28125,45534.328125,0
2025-09-24T00:00:00Z,45484.41015625,45522.890625,45270.48828125,45422.25,0
2025-09-24T01:00:00Z,45416.03125,45461.91015625,45205.46875,45299.76171875,0
2025-09-24T02:00:00Z,45300.62109375,45336.62890625,45258.1484375,45300.30078125,0
2025-09-24T03:00:00Z,45349.7890625,45497.0390625,45318.44140625,45474.76171875,0
2025-09-24T04:00:00Z,45477.890625,45540.921875,45432.01953125,45514.3515625,0
2025-09-24T05:00:00Z,45515.37109375,45582.1015625,45470.6796875,45546.078125,0
2025-09-24T06:00:00Z,45546.73828125,45693.28125,45531.3984375,45678.91015625,0
2025-09-25T00:00:00Z,45600.0703125,45746.078125,45503.30859375,45579.8515625,0
2025-09-25T01:00:00Z,45578.5,45807.890625,45512.01171875,45801.859375,0
2025-09-25T02:00:00Z,45801.890625,45824.69140625,45655.71875,45719.7109375,0
2025-09-25T03:00:00Z,45698.48046875,45751.1796875,45652.23828125,45728.44140625,0
2025-09-25T04:00:00Z,45729.16015625,45792.51171875,45619.21875,45666.890625,0
2025-09-25T05:00:00Z,45665.890625,45770.48828125,45636.109375,45756.21875,0
2025-09-25T06:00:00Z,45753.8984375,45792.6484375,45721.6015625,45773.21875,0
2025-09-26T00:00:00Z,45634.19921875,45754.9296875,45423.078125,45628.359375,0
2025-09-26T01:00:00Z,45630.48046875,45766.76953125,45562.76953125,45728.140625,0
2025-09-26T02:00:00Z,45726.609375,45743.26953125,45619.390625,45629.7890625,0
2025-09-26T03:00:00Z,45578.609375,45588.2890625,45433.87890625,45497.26171875,0
2025-09-26T04:00:00Z,45499.328125,45610.05078125,45406.5,45452.26171875,0
2025-09-26T05:00:00Z,45458.0390625,45544.328125,45397.76171875,45458.5703125,0
2025-09-26T06:00:00Z,45452.75,45537.33984375,45380.6796875,45448.83984375,0
2025-09-29T00:00:00Z,45113.2890625,45152.69921875,44936.19140625,44947.171875,0
2025-09-29T01:00:00Z,44944.890625,45041.91015625,44890.19921875,45014.0390625,0
2025-09-29T02:00:00Z,45016.359375,45016.359375,44892.51953125,44892.51953125,0
2025-09-29T03:00:00Z,44956.3203125,45070.98046875,44956.3203125,45033.3515625,0
2025-09-29T04:00:00Z,45032.26953125,45086.890625,44996.9609375,45038.03125,0
2025-09-29T05:00:00Z,45037.328125,45037.55859375,44902.44140625,44908.80078125,0
2025-09-29T06:00:00Z,44909.12890625,44994.75,44891.2109375,44935.05078125,0
2025-09-30T00:00:00Z,45054.9609375,45076.8515625,44876.6796875,44921.19140625,0
2025-09-30T01:00:00Z,44920.05859375,45002.671875,44733.6015625,44984.44140625,0
2025-09-30T02:00:00Z,44984.0,45023.48046875,44975.3984375,45023.48046875,0
2025-09-30T03:00:00Z,45006.01953125,45115.94140625,45006.01953125,45082.01171875,0
2025-09-30T04:00:00Z,45082.48046875,45126.23046875,45036.91015625,45050.62109375,0
2025-09-30T05:00:00Z,45049.69921875,45099.69921875,45007.7890625,45019.8203125,0
2025-09-30T06:00:00Z,45019.98828125,45022.109375,44920.83984375,44968.41015625,0
2025-10-01T00:00:00Z,44831.94921875,44874.421875,44453.109375,44662.30859375,0
2025-10-01T01:00:00Z,44668.328125,44721.53125,44394.96875,44394.96875,0
2025-10-01T02:00:00Z,44391.87890625,44465.73046875,44357.6484375,44411.26171875,0
2025-10-01T03:00:00Z,44396.9609375,44491.421875,44358.1796875,44463.98046875,0
2025-10-01T04:00:00Z,44464.8984375,44581.69140625,44464.8984375,44503.41015625,0
2025-10-01T05:00:00Z,44504.37890625,44613.37109375,44456.05859375,44571.890625,0
2025-10-01T06:00:00Z,44571.87109375,44630.5390625,44549.609375,44562.94921875,0
2025-10-02T00:00:00Z,44736.03125,45125.9609375,44705.41015625,44736.8984375,0
2025-10-02T01:00:00Z,44738.359375,44844.5390625,44659.21875,44828.328125,0
2025-10-02T02:00:00Z,44829.69140625,44829.69140625,44672.359375,44675.9609375,0
2025-10-02T03:00:00Z,44738.76953125,44902.23828125,44729.44921875,44901.6796875,0
2025-10-02T04:00:00Z,44901.4609375,45014.16015625,44855.80078125,44998.44921875,0
2025-10-02T05:00:00Z,44997.94140625,45092.78125,44973.21875,45039.05859375,0
2025-10-02T06:00:00Z,45040.0,45040.0390625,44925.0390625,44968.6484375,0
2025-10-03T00:00:00Z,45042.5390625,45587.37109375,45042.5390625,45556.0390625,0
2025-10-03T01:00:00Z,45561.48828125,45742.62890625,45531.0703125,45620.71875,0
2025-10-03T02:00:00Z,45619.1484375,45696.76953125,45573.9296875,45584.5390625,0
2025-10-03T03:00:00Z,45588.078125,45654.8515625,45565.80859375,45624.69140625,0
2025-10-03T04:00:00Z,45626.3984375,45709.140625,45589.8984375,45598.30859375,0
2025-10-03T05:00:00Z,45598.328125,45759.44140625,45598.328125,45725.671875,0
2025-10-03T06:00:00Z,45729.80859375,45778.66015625,45709.05859375,45735.05859375,0
2025-10-06T00:00:00Z,46636.0703125,47734.0390625,46592.98828125,47619.69921875,0
2025-10-06T01:00:00Z,47622.80859375,47873.3984375,47546.0,47714.421875,0
2025-10-06T02:00:00Z,47720.5,47859.8203125,47713.7109375,47835.359375,0
2025-10-06T03:00:00Z,47875.828125,47976.98046875,47778.5703125,47804.0703125,0
2025-10-06T04:00:00Z,47802.53125,47942.19921875,47589.76171875,47935.33984375,0
2025-10-06T05:00:00Z,47937.44921875,48150.0390625,47909.76171875,48031.2109375,0
2025-10-06T06:00:00Z,48027.671875,48062.48046875,47958.48046875,47969.44140625,0
2025-10-07T00:00:00Z,48281.12109375,48527.328125,48032.46875,48251.8984375,0
2025-10-07T01:00:00Z,48249.5703125,48383.5390625,48166.12890625,48233.0703125,0
2025-10-07T02:00:00Z,48232.48828125,48287.5703125,48177.16015625,48264.98046875,0
2025-10-07T03:00:00Z,48327.98828125,48386.05859375,48209.51953125,48305.16015625,0
2025-10-07T04:00:00Z,48305.0,48316.890625,48120.0703125,48234.671875,0
2025-10-07T05:00:00Z,48232.66015625,48244.05859375,47947.75,47993.19140625,0
2025-10-07T06:00:00Z,47996.58984375,48040.44921875,47904.37890625,47918.05078125,0
2025-10-08T00:00:00Z,47925.21875,48181.12109375,47845.62890625,48062.75,0
2025-10-08T01:00:00Z,48063.53125,48096.55078125,47904.21875,47914.30859375,0
2025-10-08T02:00:00Z,47916.390625,48040.37890625,47892.140625,47965.2890625,0
2025-10-08T03:00:00Z,47994.87890625,48041.46875,47898.30859375,47955.71875,0
2025-10-08T04:00:00Z,47956.30859375,47966.140625,47778.0,47798.01953125,0
2025-10-08T05:00:00Z,47801.2890625,47851.12109375,47753.1015625,47840.58984375,0
2025-10-08T06:00:00Z,47836.98046875,47865.0703125,47728.26953125,47751.37890625,0
2025-10-09T00:00:00Z,48035.421875,48423.1796875,47995.21875,48415.33984375,0
2025-10-09T01:00:00Z,48408.359375,48481.08984375,48253.05859375,48439.140625,0
2025-10-09T02:00:00Z,48436.9296875,48440.30078125,48275.80078125,48405.9296875,0
2025-10-09T03:00:00Z,48393.671875,48416.23046875,48316.80078125,48345.46875,0
2025-10-09T04:00:00Z,48342.69921875,48462.1484375,48340.2109375,48402.12109375,0
2025-10-09T05:00:00Z,48399.671875,48536.12109375,48388.69921875,48493.0703125,0
2025-10-09T06:00:00Z,48495.23046875,48597.078125,48486.3984375,48570.37890625,0
2025-10-10T00:00:00Z,48510.71875,48510.71875,48213.3515625,48370.46875,0
2025-10-10T01:00:00Z,48373.37890625,48382.4609375,48174.5,48233.921875,0
2025-10-10T02:00:00Z,48233.5,48234.109375,48073.69140625,48087.75,0
2025-10-10T03:00:00Z,48062.12890625,48105.41015625,47997.37890625,48086.83984375,0
2025-10-10T04:00:00Z,48085.4296875,48158.83984375,47962.609375,47977.0390625,0
2025-10-10T05:00:00Z,47977.890625,48182.76953125,47963.69921875,48161.921875,0
2025-10-10T06:00:00Z,48163.26171875,48214.69140625,48111.140625,48121.4296875,0
2025-10-14T00:00:00Z,47446.73046875,47865.6484375,47328.55078125,47570.171875,0
2025-10-14T01:00:00Z,47574.19921875,47836.80078125,47399.2109375,47775.3984375,0
2025-10-14T02:00:00Z,47771.19140625,47793.80859375,47520.5703125,47520.5703125,0
2025-10-14T03:00:00Z,47454.71875,47467.0,47235.05078125,47249.6015625,0
2025-10-14T04:00:00Z,47250.0703125,47255.87890625,46634.421875,46854.640625,0
2025-10-14T05:00:00Z,46833.23828125,46963.62109375,46544.05078125,46740.73046875,0
2025-10-14T06:00:00Z,46761.33984375,46849.5390625,46671.87890625,46731.1015625,0
2025-10-15T00:00:00Z,47002.30078125,47269.30078125,46910.828125,47250.87109375,0
2025-10-15T01:00:00Z,47243.19140625,47328.9609375,47127.3984375,47290.37109375,0
2025-10-15T02:00:00Z,47293.91015625,47477.2109375,47283.3984375,47463.30859375,0
2025-10-15T03:00:00Z,47515.26171875,47528.87890625,47341.19921875,47390.96875,0
2025-10-15T04:00:00Z,47392.87109375,47616.359375,47381.7109375,47560.9296875,0
2025-10-15T05:00:00Z,47562.578125,47774.828125,47562.578125,47696.0390625,0
2025-10-15T06:00:00Z,47697.6796875,47702.9296875,47606.890625,47685.83984375,0
2025-10-16T00:00:00Z,48107.44140625,48201.5,47937.71875,48021.53125,0
2025-10-16T01:00:00Z,48030.609375,48107.91015625,47968.6796875,48017.05859375,0
2025-10-16T02:00:00Z,48014.640625,48095.01953125,47980.8515625,48088.0703125,0
2025-10-16T03:00:00Z,48099.3203125,48147.87109375,48007.5703125,48124.2109375,0
2025-10-16T04:00:00Z,48122.578125,48279.55078125,48119.01953125,48274.83984375,0
2025-10-16T05:00:00Z,48274.75,48307.8203125,48176.9296875,48252.76171875,0
2025-10-16T06:00:00Z,48252.21875,48317.33984375,48184.83984375,48276.390625,0
2025-10-17T00:00:00Z,47820.96875,47926.25,47729.109375,47867.23828125,0
2025-10-17T01:00:00Z,47869.5703125,48140.8984375,47845.12890625,47885.91015625,0
2025-10-17T02:00:00Z,47883.12890625,47915.37109375,47819.171875,47827.30859375,0
2025-10-17T03:00:00Z,47782.0703125,47839.01953125,47576.7890625,47720.1484375,0
2025-10-17T04:00:00Z,47716.62109375,47750.109375,47590.4296875,47615.05859375,0
2025-10-17T05:00:00Z,47615.28125,47639.4296875,47494.30859375,47536.7109375,0
2025-10-17T06:00:00Z,47537.55078125,47604.05078125,47501.5703125,47518.53125,0
2025-10-20T00:00:00Z,48332.7109375,48805.03125,48254.828125,48731.7890625,0
2025-10-20T01:00:00Z,48726.94921875,48939.828125,48718.9609375,48897.3984375,0
2025-10-20T02:00:00Z,48898.5390625,48970.3984375,48843.03125,48970.3984375,0
2025-10-20T03:00:00Z,48984.98828125,49014.87890625,48848.53125,48869.19140625,0
2025-10-20T04:00:00Z,48871.62890625,49009.6484375,48863.66015625,48938.75,0
2025-10-20T05:00:00Z,48937.4609375,49085.21875,48921.44921875,49081.80859375,0
2025-10-20T06:00:00Z,49080.0390625,49124.98046875,48999.80859375,49112.08984375,0
2025-10-21T00:00:00Z,49675.4296875,49794.8984375,49447.69140625,49785.6484375,0
2025-10-21T01:00:00Z,49787.94140625,49912.23046875,49704.8203125,49870.30078125,0
2025-10-21T02:00:00Z,49870.921875,49945.94921875,49870.921875,49929.80859375,0
2025-10-21T03:00:00Z,49916.73046875,49920.03125,49482.1484375,49636.390625,0
2025-10-21T04:00:00Z,49643.28125,49705.3984375,49252.3515625,49420.3515625,0
2025-10-21T05:00:00Z,49415.5390625,49577.6484375,49127.19921875,49325.30078125,0
2025-10-21T06:00:00Z,49334.87109375,49366.12109375,49177.26953125,49301.30078125,0
2025-10-22T00:00:00Z,49252.03125,49337.28125,48637.2109375,48655.25,0
2025-10-22T01:00:00Z,48661.140625,48978.21875,48613.69921875,48936.98828125,0
2025-10-22T02:00:00Z,48941.0703125,49125.98046875,48938.80859375,49077.55859375,0
2025-10-22T03:00:00Z,49139.328125,49352.421875,49013.01171875,49332.23828125,0
2025-10-22T04:00:00Z,49326.890625,49417.2890625,49265.5,49390.3515625,0
2025-10-22T05:00:00Z,49390.390625,49402.6015625,49217.8203125,49314.19140625,0
2025-10-22T06:00:00Z,49313.1015625,49458.28125,49278.98046875,49368.5,0
2025-10-23T00:00:00Z,48866.578125,48866.578125,48399.05078125,48619.98046875,0
2025-10-23T01:00:00Z,48624.44921875,48760.83984375,48558.25,48670.6015625,0
2025-10-23T02:00:00Z,48674.23828125,48693.5390625,48584.921875,48664.73828125,0
2025-10-23T03:00:00Z,48681.94140625,48701.98046875,48590.859375,48656.30078125,0
2025-10-23T04:00:00Z,48659.9609375,48683.83984375,48476.2109375,48480.91015625,0
2025-10-23T05:00:00Z,48480.51171875,48655.71875,48427.0390625,48654.1796875,0
2025-10-23T06:00:00Z,48654.1796875,48681.51953125,48602.609375,48613.2109375,0
2025-10-24T00:00:00Z,49095.26953125,49267.26953125,48965.78125,49172.62890625,0
2025-10-24T01:00:00Z,49169.0,49320.94140625,49169.0,49315.51171875,0
2025-10-24T02:00:00Z,49317.3515625,49354.5703125,49268.91015625,49299.12109375,0
2025-10-24T03:00:00Z,49303.08984375,49435.30859375,49303.08984375,49348.80859375,0
2025-10-24T04:00:00Z,49349.6796875,49420.26171875,49325.48046875,49340.94140625,0
2025-10-24T05:00:00Z,49335.87109375,49392.80078125,49229.83984375,49271.44140625,0
2025-10-24T06:00:00Z,49271.1796875,49345.8515625,49259.01171875,49337.19140625,0
2025-10-27T00:00:00Z,49905.80078125,50379.7890625,49838.98046875,50073.21875,0
2025-10-27T01:00:00Z,50069.94921875,50491.23046875,50015.0,50432.8984375,0
2025-10-27T02:00:00Z,50434.0,50434.0,50311.5390625,50337.359375,0
2025-10-27T03:00:00Z,50392.78125,50395.48828125,50232.19140625,50291.4296875,0
2025-10-27T04:00:00Z,50300.16015625,50375.01953125,50205.80859375,50368.80859375,0
2025-10-27T05:00:00Z,50366.75,50469.171875,50342.19921875,50444.44140625,0
2025-10-27T06:00:00Z,50445.21875,50549.6015625,50430.21875,50538.328125,0
2025-10-28T00:00:00Z,50357.1484375,50450.37890625,50207.41015625,50392.1015625,0
2025-10-28T01:00:00Z,50393.6796875,50430.73046875,50248.859375,50248.859375,0
2025-10-28T02:00:00Z,50251.87890625,50420.44921875,50225.03125,50419.9609375,0
2025-10-28T03:00:00Z,50391.9609375,50485.80078125,50314.8203125,50458.80859375,0
2025-10-28T04:00:00Z,50457.2890625,50457.2890625,50181.71875,50208.80859375,0
2025-10-28T05:00:00Z,50207.30078125,50219.62109375,50107.76953125,50151.53125,0
2025-10-28T06:00:00Z,50167.37109375,50219.25,50147.12109375,50189.46875,0
2025-10-29T00:00:00Z,50453.640625,50910.83984375,50365.62109375,50852.23046875,0
2025-10-29T01:00:00Z,50852.01171875,51270.4609375,50811.6484375,51231.359375,0
2025-10-29T02:00:00Z,51233.80078125,51311.46875,51175.671875,51249.8203125,0
2025-10-29T03:00:00Z,51246.94921875,51281.46875,51147.51953125,51257.8203125,0
2025-10-29T04:00:00Z,51258.421875,51280.359375,51081.48046875,51204.9609375,0
2025-10-29T05:00:00Z,51202.98828125,51412.96875,51198.33984375,51296.12890625,0
2025-10-29T06:00:00Z,51299.96875,51378.53125,51257.30078125,51323.26171875,0
2025-10-30T00:00:00Z,51146.26953125,51547.9296875,51076.37890625,51223.58984375,0
2025-10-30T01:00:00Z,51213.390625,51328.69921875,51027.21875,51273.30859375,0
2025-10-30T02:00:00Z,51270.390625,51421.19140625,51226.3203125,51396.8515625,0
2025-10-30T03:00:00Z,51484.66015625,51657.28125,51465.828125,51584.3984375,0
2025-10-30T04:00:00Z,51591.46875,51649.55078125,50997.48828125,51084.75,0
2025-10-30T05:00:00Z,51072.6484375,51549.390625,50972.55859375,51496.921875,0
2025-10-30T06:00:00Z,51484.3984375,51488.12109375,51232.4296875,51290.5703125,0
2025-10-31T00:00:00Z,51629.80078125,52391.44921875,51613.03125,52174.87890625,0
2025-10-31T01:00:00Z,52175.171875,52225.4609375,51695.578125,51949.51171875,0
2025-10-31T02:00:00Z,51946.828125,52019.26171875,51835.5,51948.26171875,0
2025-10-31T03:00:00Z,52023.58984375,52252.23828125,51903.37890625,52186.23046875,0
2025-10-31T04:00:00Z,52179.26953125,52300.30859375,52071.19921875,52266.8203125,0
2025-10-31T05:00:00Z,52258.98046875,52386.05078125,52231.2109375,52272.9609375,0
2025-10-31T06:00:00Z,52260.51953125,52393.8203125,52165.12109375,52357.69140625,0
2025-11-04T00:00:00Z,52294.30859375,52431.921875,52020.6796875,52429.41015625,0
2025-11-04T01:00:00Z,52423.7890625,52636.87109375,52369.359375,52524.109375,0
2025-11-04T02:00:00Z,52533.37109375,52533.37109375,52357.23828125,52361.140625,0
2025-11-04T03:00:00Z,52395.8203125,52420.87890625,52136.66015625,52145.76171875,0
2025-11-04T04:00:00Z,52134.08984375,52201.9296875,52053.76171875,52157.671875,0
2025-11-04T05:00:00Z,52156.671875,52165.9609375,51724.6015625,51820.890625,0
2025-11-04T06:00:00Z,51830.6484375,51831.05078125,51595.37890625,51652.5390625,0
2025-11-05T00:00:00Z,51291.390625,51422.421875,50124.7109375,50197.87109375,0
2025-11-05T01:00:00Z,50202.01953125,50233.01953125,49301.55078125,49437.4609375,0
2025-11-05T02:00:00Z,49462.9609375,49462.9609375,49073.578125,49104.05078125,0
2025-11-05T03:00:00Z,49629.640625,50149.19140625,49604.37890625,50011.94140625,0
2025-11-05T04:00:00Z,50010.87890625,50132.12890625,49724.171875,49972.19140625,0
2025-11-05T05:00:00Z,49955.19140625,50258.9296875,49841.828125,50017.87890625,0
2025-11-05T06:00:00Z,50016.8984375,50228.78125,49898.7890625,50153.91015625,0
2025-11-06T00:00:00Z,50792.55078125,51248.28125,50647.91015625,50930.109375,0
2025-11-06T01:00:00Z,50910.08984375,50949.73828125,50699.19921875,50787.9609375,0
2025-11-06T02:00:00Z,50789.609375,50799.328125,50594.19140625,50768.890625,0
2025-11-06T03:00:00Z,50896.5390625,50962.6484375,50800.5703125,50932.58984375,0
2025-11-06T04:00:00Z,50933.37109375,51019.8515625,50866.66015625,50963.96875,0
2025-11-06T05:00:00Z,50963.75,50999.25,50854.08984375,50899.44921875,0
2025-11-06T06:00:00Z,50893.37890625,50927.94140625,50828.12109375,50857.76171875,0
2025-11-07T00:00:00Z,50524.30859375,50642.7890625,50084.98828125,50176.28125,0
2025-11-07T01:00:00Z,50166.171875,50166.171875,49770.55078125,49952.23828125,0
2025-11-07T02:00:00Z,49953.9609375,49974.73046875,49775.5703125,49783.48828125,0
2025-11-07T03:00:00Z,49735.23828125,49818.5,49678.921875,49795.05078125,0
2025-11-07T04:00:00Z,49799.05078125,49938.28125,49640.55859375,49926.30078125,0
2025-11-07T05:00:00Z,49926.26953125,50120.87109375,49926.26953125,50116.69921875,0
2025-11-07T06:00:00Z,50120.2109375,50323.2109375,50110.12890625,50322.51171875,0
2025-11-10T00:00:00Z,50645.26953125,50753.05859375,50392.44140625,50596.51171875,0
2025-11-10T01:00:00Z,50593.98046875,50858.76953125,50549.16015625,50851.921875,0
2025-11-10T02:00:00Z,50844.171875,50913.8984375,50751.53125,50766.890625,0
2025-11-10T03:00:00Z,50822.08984375,50842.5703125,50692.140625,50719.359375,0
2025-11-10T04:00:00Z,50713.94921875,50896.58984375,50663.55078125,50841.66015625,0
2025-11-10T05:00:00Z,50843.26171875,50944.4296875,50833.91015625,50911.41015625,0
2025-11-10T06:00:00Z,50912.96875,50969.5,50871.2109375,50944.62890625,0
2025-11-11T00:00:00Z,51314.0390625,51513.16015625,51255.1015625,51367.96875,0
2025-11-11T01:00:00Z,51359.890625,51366.8984375,51148.03125,51159.91015625,0
2025-11-11T02:00:00Z,51157.46875,51157.46875,51057.80859375,51131.28125,0
2025-11-11T03:00:00Z,51084.76953125,51222.421875,51038.41015625,51120.828125,0
2025-11-11T04:00:00Z,51114.9609375,51128.87890625,50776.9609375,50833.33984375,0
2025-11-11T05:00:00Z,50827.05078125,50875.69140625,50621.53125,50644.7109375,0
2025-11-11T06:00:00Z,50646.6796875,50878.4609375,50581.171875,50841.4609375,0
2025-11-12T00:00:00Z,50988.53125,51017.83984375,50537.5,50880.01171875,0
2025-11-12T01:00:00Z,50885.80078125,51018.69140625,50809.25,50956.3203125,0
2025-11-12T02:00:00Z,50956.58984375,51023.48828125,50907.0703125,50927.2890625,0
2025-11-12T03:00:00Z,50756.828125,50794.96875,50636.46875,50676.7890625,0
2025-11-12T04:00:00Z,50677.69921875,50912.609375,50665.1796875,50897.83984375,0
2025-11-12T05:00:00Z,50895.76171875,51021.7890625,50833.28125,50991.76171875,0
2025-11-12T06:00:00Z,50990.53125,51072.26171875,50967.859375,51021.48828125,0
2025-11-13T00:00:00Z,51013.1484375,51196.91015625,50954.26953125,51037.23046875,0
2025-11-13T01:00:00Z,51041.58984375,51338.890625,51012.16015625,51194.23828125,0
2025-11-13T02:00:00Z,51196.1484375,51239.4296875,51103.01171875,51166.78125,0
2025-11-13T03:00:00Z,51126.01171875,51200.140625,51061.98046875,51193.69140625,0
2025-11-13T04:00:00Z,51192.98828125,51286.9296875,51128.109375,51249.9296875,0
2025-11-13T05:00:00Z,51250.12109375,51328.6484375,51181.76953125,51214.96875,0
2025-11-13T06:00:00Z,51213.3515625,51263.25,51127.80078125,51239.76171875,0
2025-11-14T00:00:00Z,50767.73828125,50767.73828125,50246.6015625,50578.76171875,0
2025-11-14T01:00:00Z,50580.640625,50724.5390625,50417.94921875,50427.55078125,0
2025-11-14T02:00:00Z,50431.0390625,50528.55859375,50398.76953125,50434.5390625,0
2025-11-14T03:00:00Z,50444.9296875,50564.328125,50366.71875,50482.58984375,0
2025-11-14T04:00:00Z,50492.328125,50513.69140625,50316.87109375,50372.4609375,0
2025-11-14T05:00:00Z,50371.828125,50447.01171875,50249.01953125,50370.66015625,0
2025-11-14T06:00:00Z,50369.671875,50376.51953125,50293.66015625,50321.6015625,0
2025-11-17T00:00:00Z,50282.390625,50398.16015625,49845.859375,50278.76171875,0
2025-11-17T01:00:00Z,50273.19140625,50307.30859375,50047.62890625,50061.69140625,0
2025-11-17T02:00:00Z,50057.0390625,50152.53125,49993.7109375,50011.53125,0
2025-11-17T03:00:00Z,50110.83984375,50267.640625,50077.76953125,50213.6015625,0
2025-11-17T04:00:00Z,50216.62890625,50266.609375,50180.05078125,50213.109375,0
2025-11-17T05:00:00Z,50212.140625,50344.75,50210.8515625,50245.078125,0
2025-11-17T06:00:00Z,50247.3203125,50384.98046875,50231.7109375,50354.30078125,0
2025-11-18T00:00:00Z,49812.94921875,49971.55078125,49261.6015625,49300.98046875,0
2025-11-18T01:00:00Z,49290.98828125,49496.26953125,49107.30859375,49454.3203125,0
2025-11-18T02:00:00Z,49449.46875,49502.41015625,49287.87890625,49432.55859375,0
2025-11-18T03:00:00Z,49223.30859375,49223.30859375,48915.69921875,48975.859375,0
2025-11-18T04:00:00Z,48970.66015625,48970.66015625,48661.51953125,48914.33984375,0
2025-11-18T05:00:00Z,48912.0703125,48975.91015625,48750.73828125,48792.69140625,0
2025-11-18T06:00:00Z,48786.94921875,48902.1796875,48774.01953125,48801.421875,0
2025-11-19T00:00:00Z,48822.87890625,48943.80859375,48235.30078125,48794.98046875,0
2025-11-19T01:00:00Z,48805.078125,49046.76953125,48674.01953125,48886.609375,0
2025-11-19T02:00:00Z,48880.3984375,49087.109375,48880.3984375,49077.48828125,0
2025-11-19T03:00:00Z,48935.9296875,48995.51171875,48621.30078125,48690.69140625,0
2025-11-19T04:00:00Z,48688.96875,48770.76953125,48575.140625,48612.37890625,0
2025-11-19T05:00:00Z,48609.83984375,48748.91015625,48414.640625,48624.01171875,0
2025-11-19T06:00:00Z,48632.37109375,48694.75,48587.75,48647.078125,0
2025-11-20T00:00:00Z,49129.2890625,50574.8203125,49113.390625,50193.1796875,0
2025-11-20T01:00:00Z,50186.5390625,50365.25,50086.6484375,50181.62109375,0
2025-11-20T02:00:00Z,50175.2109375,50221.44140625,50012.94921875,50025.1015625,0
2025-11-20T03:00:00Z,50228.1015625,50252.53125,49652.578125,49763.48828125,0
2025-11-20T04:00:00Z,49770.1796875,49915.76953125,49693.5,49885.83984375,0
2025-11-20T05:00:00Z,49884.9609375,50053.359375,49843.62109375,49916.87109375,0
2025-11-20T06:00:00Z,49926.390625,49935.8203125,49782.921875,49794.328125,0
2025-11-21T00:00:00Z,49251.26171875,49459.58984375,48559.6796875,48749.62890625,0
2025-11-21T01:00:00Z,48745.078125,49010.55078125,48685.8515625,48858.7109375,0
2025-11-21T02:00:00Z,48857.75,48879.0,48645.8203125,48653.80078125,0
2025-11-21T03:00:00Z,48744.51953125,48882.0703125,48596.359375,48635.78125,0
2025-11-21T04:00:00Z,48633.62890625,48687.890625,48490.03125,48680.69921875,0
2025-11-21T05:00:00Z,48678.7890625,48751.609375,48604.83984375,48660.30078125,0
2025-11-21T06:00:00Z,48660.75,48771.9296875,48618.91015625,48767.390625,0
2025-11-25T00:00:00Z,49113.8203125,49182.3203125,48780.828125,49019.2109375,0
2025-11-25T01:00:00Z,49015.87890625,49065.21875,48889.30859375,48940.23046875,0
2025-11-25T02:00:00Z,48944.03125,49061.16015625,48804.6484375,48815.26953125,0
2025-11-25T03:00:00Z,48879.96875,48879.96875,48511.94921875,48592.0390625,0
2025-11-25T04:00:00Z,48594.71875,48753.46875,48574.7890625,48737.26171875,0
2025-11-25T05:00:00Z,48742.390625,48775.16015625,48550.12109375,48609.1015625,0
2025-11-25T06:00:00Z,48611.859375,48681.76171875,48576.51171875,48628.8515625,0
2025-11-26T00:00:00Z,49012.25,49393.5703125,48964.19140625,49390.05859375,0
2025-11-26T01:00:00Z,49388.640625,49638.2890625,49377.62109375,49626.9609375,0
2025-11-26T02:00:00Z,49627.80859375,49718.421875,49579.62890625,49605.5703125,0
2025-11-26T03:00:00Z,49646.23828125,49749.58984375,49610.80859375,49631.01171875,0
2025-11-26T04:00:00Z,49635.5390625,49688.2890625,49450.62109375,49491.328125,0
2025-11-26T05:00:00Z,49490.0390625,49655.62109375,49483.3984375,49602.76171875,0
2025-11-26T06:00:00Z,49613.41015625,49623.390625,49475.390625,49502.37890625,0
2025-11-27T00:00:00Z,49868.7890625,50322.140625,49865.171875,50202.69921875,0
2025-11-27T01:00:00Z,50198.12890625,50268.51953125,50139.55078125,50233.828125,0
2025-11-27T02:00:00Z,50230.21875,50242.37890625,50137.48046875,50203.37890625,0
2025-11-27T03:00:00Z,50087.640625,50146.76953125,50025.0703125,50118.73828125,0
2025-11-27T04:00:00Z,50119.44140625,50131.0390625,50048.71875,50109.140625,0
2025-11-27T05:00:00Z,50109.19140625,50230.859375,50088.578125,50182.109375,0
2025-11-27T06:00:00Z,50184.96875,50193.01171875,50140.3515625,50172.12109375,0
2025-11-28T00:00:00Z,50218.9609375,50258.25,50016.66015625,50102.69921875,0
2025-11-28T01:00:00Z,50102.578125,50207.6796875,49989.5390625,50078.96875,0
2025-11-28T02:00:00Z,50079.62109375,50144.76171875,50066.76171875,50144.76171875,0
2025-11-28T03:00:00Z,50113.55078125,50161.41015625,50063.73828125,50129.12109375,0
2025-11-28T04:00:00Z,50129.16015625,50178.41015625,50059.75,50135.48046875,0
2025-11-28T05:00:00Z,50133.91015625,50247.98828125,50133.91015625,50207.19140625,0
2025-11-28T06:00:00Z,50205.76171875,50231.58984375,50198.9296875,50221.37890625,0
2025-12-01T00:00:00Z,50318.58984375,50366.73828125,49550.55859375,49630.23828125,0
2025-12-01T01:00:00Z,49624.69140625,49635.0390625,49301.69140625,49486.01953125,0
2025-12-01T02:00:00Z,49476.66015625,49488.140625,49367.41015625,49407.30859375,0
2025-12-01T03:00:00Z,49338.23046875,49399.75,49295.26953125,49358.58984375,0
2025-12-01T04:00:00Z,49357.37890625,49391.890625,49276.78125,49287.73828125,0
2025-12-01T05:00:00Z,49283.80078125,49304.6484375,49215.9609375,49296.7109375,0
2025-12-01T06:00:00Z,49295.890625,49325.78125,49258.58984375,49316.30078125,0
2025-12-02T00:00:00Z,49494.578125,49623.87109375,49389.53125,49454.30859375,0
2025-12-02T01:00:00Z,49450.80859375,49636.7890625,49433.98828125,49562.48046875,0
2025-12-02T02:00:00Z,49562.7890625,49583.71875,49497.62109375,49499.05859375,0
2025-12-02T03:00:00Z,49370.78125,49509.1015625,49299.41015625,49432.46875,0
2025-12-02T04:00:00Z,49433.44921875,49458.0703125,49338.1484375,49353.6484375,0
2025-12-02T05:00:00Z,49354.75,49413.87109375,49319.73046875,49342.26171875,0
2025-12-02T06:00:00Z,49342.16015625,49356.80078125,49243.55078125,49291.828125,0
2025-12-03T00:00:00Z,49540.640625,49781.80078125,49303.44921875,49671.58984375,0
2025-12-03T01:00:00Z,49667.6796875,49746.98046875,49627.28125,49636.01953125,0
2025-12-03T02:00:00Z,49638.8515625,49874.578125,49638.8515625,49862.94140625,0
2025-12-03T03:00:00Z,49956.66015625,50136.73046875,49939.66015625,50068.48828125,0
2025-12-03T04:00:00Z,50061.48828125,50096.96875,50009.0,50068.9609375,0
2025-12-03T05:00:00Z,50068.46875,50138.6015625,50008.55078125,50040.83984375,0
2025-12-03T06:00:00Z,50038.66015625,50038.66015625,49911.5,49919.7109375,0
2025-12-04T00:00:00Z,49942.94140625,50356.5390625,49910.05859375,50170.890625,0
2025-12-04T01:00:00Z,50170.2109375,50552.26171875,50170.2109375,50492.390625,0
2025-12-04T02:00:00Z,50495.48046875,50599.33984375,50481.66015625,50596.23828125,0
2025-12-04T03:00:00Z,50545.58984375,50698.890625,50511.55859375,50683.390625,0
2025-12-04T04:00:00Z,50683.16015625,50773.21875,50653.41015625,50743.6796875,0
2025-12-04T05:00:00Z,50742.80859375,50906.4296875,50742.80859375,50854.01953125,0
2025-12-04T06:00:00Z,50853.609375,50989.98828125,50850.96875,50988.140625,0
2025-12-05T00:00:00Z,50530.33984375,50634.8515625,50271.359375,50322.69921875,0
2025-12-05T01:00:00Z,50323.390625,50386.12109375,50215.41015625,50278.80078125,0
2025-12-05T02:00:00Z,50277.30078125,50471.5703125,50273.94921875,50465.140625,0
2025-12-05T03:00:00Z,50344.16015625,50344.16015625,50235.37890625,50271.78125,0
2025-12-05T04:00:00Z,50269.078125,50377.28125,50260.71875,50338.76171875,0
2025-12-05T05:00:00Z,50340.078125,50447.71875,50320.69140625,50437.83984375,0
2025-12-05T06:00:00Z,50439.73828125,50469.21875,50396.8515625,50456.28125,0
2025-12-08T00:00:00Z,50643.08984375,50678.05078125,50224.6484375,50440.4609375,0
2025-12-08T01:00:00Z,50439.7890625,50489.9296875,50318.51953125,50407.890625,0
2025-12-08T02:00:00Z,50402.78125,50493.96875,50377.30859375,50473.83984375,0
2025-12-08T03:00:00Z,50464.26171875,50550.5,50381.51953125,50411.7890625,0
2025-12-08T04:00:00Z,50409.0390625,50541.25,50381.46875,50519.140625,0
2025-12-08T05:00:00Z,50516.5703125,50551.23828125,50477.1015625,50515.21875,0
2025-12-08T06:00:00Z,50519.62109375,50576.62890625,50420.80859375,50565.37109375,0
2025-12-09T00:00:00Z,50677.359375,50768.48046875,50417.109375,50550.98828125,0
2025-12-09T01:00:00Z,50554.23828125,50576.328125,50463.62890625,50555.30859375,0
2025-12-09T02:00:00Z,50556.5703125,50696.140625,50526.5390625,50688.19921875,0
2025-12-09T03:00:00Z,50724.23046875,50793.69140625,50705.8984375,50709.76953125,0
2025-12-09T04:00:00Z,50709.6015625,50714.55859375,50587.8515625,50589.98046875,0
2025-12-09T05:00:00Z,50590.76171875,50702.80859375,50514.609375,50679.46875,0
2025-12-09T06:00:00Z,50690.1484375,50712.62890625,50631.01171875,50633.9296875,0
2025-12-10T00:00:00Z,50878.66015625,51107.76953125,50748.23828125,50748.23828125,0
2025-12-10T01:00:00Z,50744.48828125,50805.1796875,50329.26953125,50397.66015625,0
2025-12-10T02:00:00Z,50393.3984375,50526.8203125,50371.28125,50448.28125,0
2025-12-10T03:00:00Z,50479.80859375,50519.51953125,50440.66015625,50495.171875,0
2025-12-10T04:00:00Z,50497.171875,50620.08984375,50481.7109375,50492.109375,0
2025-12-10T05:00:00Z,50489.03125,50495.5703125,50362.75,50491.44140625,0
2025-12-10T06:00:00Z,50488.69921875,50627.33984375,50487.80859375,50602.73046875,0
2025-12-11T00:00:00Z,50818.390625,50875.98046875,50461.19140625,50626.6015625,0
2025-12-11T01:00:00Z,50621.37890625,50726.62109375,50509.12109375,50536.44140625,0
2025-12-11T02:00:00Z,50536.640625,50549.12109375,50308.890625,50308.890625,0
2025-12-11T03:00:00Z,50096.671875,50177.2109375,49926.26953125,50099.26171875,0
2025-12-11T04:00:00Z,50100.171875,50219.53125,50034.9609375,50163.76953125,0
2025-12-11T05:00:00Z,50161.3984375,50212.75,50099.3984375,50206.41015625,0
2025-12-11T06:00:00Z,50208.7890625,50234.7890625,50125.80859375,50163.80859375,0
2025-12-12T00:00:00Z,50480.23046875,51127.69140625,50468.5,50919.890625,0
2025-12-12T01:00:00Z,50917.4609375,50940.3515625,50457.421875,50619.328125,0
2025-12-12T02:00:00Z,50619.44921875,50674.33984375,50579.23046875,50610.0390625,0
2025-12-12T03:00:00Z,50615.19140625,50664.2890625,50537.62109375,50592.55078125,0
2025-12-12T04:00:00Z,50589.671875,50608.26171875,50474.3515625,50516.98828125,0
2025-12-12T05:00:00Z,50521.41015625,50893.421875,50520.51171875,50865.7890625,0
2025-12-12T06:00:00Z,50862.41015625,50891.5,50825.94140625,50853.62109375,0
2025-12-15T00:00:00Z,50352.08984375,50432.1015625,50123.078125,50193.25,0
2025-12-15T01:00:00Z,50192.390625,50232.3984375,50101.08984375,50221.01953125,0
2025-12-15T02:00:00Z,50218.4609375,50234.91015625,50061.421875,50092.1015625,0
2025-12-15T03:00:00Z,50072.1015625,50072.1015625,49965.6796875,50047.78125,0
2025-12-15T04:00:00Z,50047.44140625,50214.0390625,50019.37109375,50213.08984375,0
2025-12-15T05:00:00Z,50216.08984375,50230.2109375,50124.7890625,50217.6015625,0
2025-12-15T06:00:00Z,50213.73828125,50243.73828125,50160.03125,50234.30078125,0
2025-12-16T00:00:00Z,50051.23828125,50051.23828125,49480.359375,49671.98046875,0
2025-12-16T01:00:00Z,49667.2890625,49766.51171875,49504.83984375,49551.9296875,0
2025-12-16T02:00:00Z,49558.69140625,49562.55078125,49432.4296875,49523.55859375,0
2025-12-16T03:00:00Z,49461.44140625,49601.37890625,49355.87109375,49560.41015625,0
2025-12-16T04:00:00Z,49554.1796875,49582.12890625,49474.3984375,49543.3984375,0
2025-12-16T05:00:00Z,49540.8203125,49545.96875,49400.98046875,49413.2890625,0
2025-12-16T06:00:00Z,49422.26953125,49528.12109375,49409.16015625,49485.30078125,0
2025-12-17T00:00:00Z,49413.19140625,49419.19140625,49077.80859375,49276.76953125,0
2025-12-17T01:00:00Z,49269.5703125,49547.58984375,49269.5703125,49541.69921875,0
2025-12-17T02:00:00Z,49541.828125,49571.5,49479.58984375,49553.7109375,0
2025-12-17T03:00:00Z,49528.25,49565.921875,49437.5,49461.01953125,0
2025-12-17T04:00:00Z,49460.7109375,49510.30078125,49245.328125,49248.75,0
2025-12-17T05:00:00Z,49251.75,49555.078125,49230.62109375,49537.01171875,0
2025-12-17T06:00:00Z,49538.94140625,49568.01171875,49503.30859375,49536.328125,0
2025-12-18T00:00:00Z,49058.30859375,49169.7890625,48643.78125,49033.8984375,0
2025-12-18T01:00:00Z,49032.37890625,49067.87109375,48828.5390625,48935.328125,0
2025-12-18T02:00:00Z,48934.46875,49050.078125,48854.58984375,49006.890625,0
2025-12-18T03:00:00Z,48875.828125,48943.8984375,48791.76171875,48909.76171875,0
2025-12-18T04:00:00Z,48908.94921875,49103.12109375,48873.21875,49082.23046875,0
2025-12-18T05:00:00Z,49081.48828125,49114.37890625,48968.55078125,49110.578125,0
2025-12-18T06:00:00Z,49110.3984375,49110.3984375,49028.37109375,49029.55078125,0
2025-12-19T00:00:00Z,49387.7109375,49503.6015625,49257.1484375,49470.1796875,0
2025-12-19T01:00:00Z,49469.91015625,49520.05078125,49343.25,49511.30078125,0
2025-12-19T02:00:00Z,49513.30859375,49586.19921875,49463.7890625,49568.66015625,0
2025-12-19T03:00:00Z,49727.5390625,49766.9609375,49586.4609375,49596.69921875,0
2025-12-19T04:00:00Z,49597.25,49646.3515625,49405.0703125,49495.62109375,0
2025-12-19T05:00:00Z,49495.66015625,49648.19921875,49482.171875,49585.3203125,0
2025-12-19T06:00:00Z,49586.6015625,49636.62109375,49573.5390625,49606.109375,0
2025-12-22T00:00:00Z,50084.55078125,50430.7109375,49982.19921875,50374.51953125,0
2025-12-22T01:00:00Z,50375.76953125,50590.87890625,50372.6015625,50506.03125,0
2025-12-22T02:00:00Z,50504.19921875,50520.98828125,50431.80859375,50480.76171875,0
2025-12-22T03:00:00Z,50413.62109375,50466.66015625,50370.83984375,50466.66015625,0
2025-12-22T04:00:00Z,50465.69921875,50496.8203125,50411.921875,50456.28125,0
2025-12-22T05:00:00Z,50461.8203125,50479.66015625,50377.8515625,50416.171875,0
2025-12-22T06:00:00Z,50415.140625,50423.921875,50353.08984375,50382.609375,0
2025-12-23T00:00:00Z,50374.48046875,50544.55859375,50335.55078125,50381.8203125,0
2025-12-23T01:00:00Z,50384.6484375,50511.328125,50347.9296875,50482.01171875,0
2025-12-23T02:00:00Z,50480.53125,50522.94921875,50436.26953125,50442.12109375,0
2025-12-23T03:00:00Z,50412.48828125,50441.51953125,50380.390625,50403.96875,0
2025-12-23T04:00:00Z,50402.96875,50411.21875,50264.7890625,50283.1484375,0
2025-12-23T05:00:00Z,50283.19140625,50422.0,50264.421875,50351.62890625,0
2025-12-23T06:00:00Z,50351.76171875,50382.37890625,50333.359375,50360.53125,0
2025-12-24T00:00:00Z,50475.48046875,50631.75,50432.66015625,50626.80078125,0
2025-12-24T01:00:00Z,50624.44140625,50636.94921875,50530.69140625,50548.890625,0
2025-12-24T02:00:00Z,50549.171875,50552.83984375,50478.140625,50481.421875,0
2025-12-24T03:00:00Z,50440.3203125,50479.83984375,50416.44921875,50461.4609375,0
2025-12-24T04:00:00Z,50461.828125,50475.87890625,50363.96875,50376.37109375,0
2025-12-24T05:00:00Z,50373.96875,50394.6484375,50323.921875,50357.0390625,0
2025-12-24T06:00:00Z,50357.69140625,50389.23828125,50337.44140625,50358.75,0
2025-12-25T00:00:00Z,50450.1796875,50510.109375,50352.5390625,50392.80078125,0
2025-12-25T01:00:00Z,50392.2890625,50444.9609375,50359.328125,50381.5703125,0
2025-12-25T02:00:00Z,50382.55078125,50389.23828125,50317.37109375,50349.640625,0
2025-12-25T03:00:00Z,50326.8984375,50418.16015625,50315.55859375,50383.1484375,0
2025-12-25T04:00:00Z,50383.62890625,50383.87109375,50285.03125,50291.5703125,0
2025-12-25T05:00:00Z,50290.171875,50385.69140625,50283.76171875,50373.03125,0
2025-12-25T06:00:00Z,50373.73046875,50395.12109375,50362.5,50375.1015625,0
2025-12-26T00:00:00Z,50527.12890625,50887.8984375,50527.12890625,50775.55859375,0
2025-12-26T01:00:00Z,50773.33984375,50907.078125,50727.6484375,50849.23828125,0
2025-12-26T02:00:00Z,50845.76171875,50927.890625,50845.76171875,50916.9296875,0
2025-12-26T03:00:00Z,50858.1796875,50941.890625,50848.23828125,50849.76171875,0
2025-12-26T04:00:00Z,50849.828125,50880.73046875,50771.33984375,50787.44140625,0
2025-12-26T05:00:00Z,50790.0390625,50802.80078125,50658.78125,50680.23828125,0
2025-12-26T06:00:00Z,50677.48046875,50688.8984375,50619.21875,50662.21875,0
2025-12-29T00:00:00Z,50691.21875,50707.23046875,50347.6484375,50590.03125,0
2025-12-29T01:00:00Z,50592.01953125,50653.96875,50433.69140625,50530.23828125,0
2025-12-29T02:00:00Z,50528.609375,50558.19921875,50478.4609375,50550.171875,0
2025-12-29T03:00:00Z,50489.48828125,50649.87890625,50489.48828125,50587.26953125,0
2025-12-29T04:00:00Z,50587.1015625,50685.12109375,50582.66015625,50618.76953125,0
2025-12-29T05:00:00Z,50616.16015625,50616.16015625,50406.55859375,50408.73828125,0
2025-12-29T06:00:00Z,50409.8515625,50471.80078125,50378.80078125,50447.6796875,0
2025-12-30T00:00:00Z,50312.8515625,50478.578125,50198.96875,50469.91015625,0
2025-12-30T01:00:00Z,50470.23828125,50482.578125,50386.1484375,50398.58984375,0
2025-12-30T02:00:00Z,50397.25,50467.91015625,50346.96875,50465.3515625,0
2025-12-30T03:00:00Z,50467.05078125,50506.1015625,50376.48828125,50405.5703125,0
2025-12-30T04:00:00Z,50405.8203125,50534.640625,50369.421875,50501.98828125,0
2025-12-30T05:00:00Z,50501.80859375,50501.80859375,50413.8203125,50423.9609375,0
2025-12-30T06:00:00Z,50424.8203125,50428.859375,50343.1796875,50356.87109375,0
2026-01-05T00:00:00Z,51010.28125,51714.01953125,50995.671875,51699.44921875,0
2026-01-05T01:00:00Z,51695.98828125,51816.71875,51612.01953125,51655.23828125,0
2026-01-05T02:00:00Z,51655.83984375,51759.1015625,51655.83984375,51759.1015625,0
2026-01-05T03:00:00Z,51645.890625,51683.109375,51575.44140625,51664.98828125,0
2026-01-05T04:00:00Z,51659.46875,51889.53125,51657.28125,51862.140625,0
2026-01-05T05:00:00Z,51862.03125,52033.23828125,51846.9609375,52015.3984375,0
2026-01-05T06:00:00Z,52011.28125,52021.69921875,51897.76171875,51898.66015625,0
2026-01-06T00:00:00Z,52157.21875,52456.03125,52024.62109375,52091.53125,0
2026-01-06T01:00:00Z,52096.12109375,52325.0,52065.23828125,52289.69140625,0
2026-01-06T02:00:00Z,52287.7109375,52301.46875,52128.44140625,52191.578125,0
2026-01-06T03:00:00Z,52239.6484375,52288.5390625,52197.08984375,52267.328125,0
2026-01-06T04:00:00Z,52266.08984375,52426.421875,52257.9296875,52424.7109375,0
2026-01-06T05:00:00Z,52423.3203125,52523.76953125,52377.28125,52412.859375,0
2026-01-06T06:00:00Z,52407.87109375,52522.23046875,52404.3203125,52464.6015625,0
2026-01-07T00:00:00Z,52144.640625,52396.0390625,52112.23828125,52274.01171875,0
2026-01-07T01:00:00Z,52272.76171875,52404.109375,52223.171875,52236.1484375,0
2026-01-07T02:00:00Z,52236.2109375,52285.23828125,52198.0,52257.109375,0
2026-01-07T03:00:00Z,52203.5703125,52247.5,52091.7109375,52104.01953125,0
2026-01-07T04:00:00Z,52104.9296875,52105.390625,51851.25,51867.578125,0
2026-01-07T05:00:00Z,51869.76953125,52047.05859375,51830.3984375,51928.0,0
2026-01-07T06:00:00Z,51935.0703125,51987.03125,51911.3203125,51971.08984375,0
2026-01-08T00:00:00Z,51769.828125,51866.19140625,51491.8515625,51597.98828125,0
2026-01-08T01:00:00Z,51598.01171875,51695.94921875,51528.87890625,51695.94921875,0
2026-01-08T02:00:00Z,51693.9609375,51764.6484375,51612.94140625,51660.5,0
2026-01-08T03:00:00Z,51469.94140625,51491.3515625,51340.76171875,51381.41015625,0
2026-01-08T04:00:00Z,51381.62890625,51407.62109375,51298.80859375,51315.28125,0
2026-01-08T05:00:00Z,51317.05078125,51381.91015625,51273.91015625,51298.0703125,0
2026-01-08T06:00:00Z,51300.73046875,51300.73046875,51052.828125,51108.48828125,0
2026-01-09T00:00:00Z,51367.98046875,51663.62890625,51189.140625,51342.53125,0
2026-01-09T01:00:00Z,51339.98046875,51509.55078125,51339.98046875,51505.140625,0
2026-01-09T02:00:00Z,51507.8203125,51707.078125,51507.8203125,51692.69921875,0
2026-01-09T03:00:00Z,51677.87109375,51748.421875,51672.1484375,51725.6484375,0
2026-01-09T04:00:00Z,51729.23828125,51851.71875,51729.23828125,51834.51953125,0
2026-01-09T05:00:00Z,51834.859375,51986.91015625,51832.91015625,51962.51953125,0
2026-01-09T06:00:00Z,51964.98828125,51975.80078125,51880.23828125,51917.390625,0
2026-01-13T00:00:00Z,52808.2890625,53814.7890625,52741.640625,53701.98046875,0
2026-01-13T01:00:00Z,53708.7890625,53746.01953125,53574.21875,53579.3984375,0
2026-01-13T02:00:00Z,53580.078125,53589.73828125,53480.1796875,53540.6015625,0
2026-01-13T03:00:00Z,53663.0390625,53664.78125,53500.078125,53524.98046875,0
2026-01-13T04:00:00Z,53530.8984375,53754.4609375,53530.8984375,53632.6484375,0
2026-01-13T05:00:00Z,53634.62109375,53721.48828125,53568.44921875,53605.3203125,0
2026-01-13T06:00:00Z,53605.55078125,53627.94921875,53444.62109375,53461.140625,0
2026-01-14T00:00:00Z,53827.23828125,54304.6484375,53792.6796875,54191.578125,0
2026-01-14T01:00:00Z,54186.55859375,54402.69140625,54186.55859375,54365.69921875,0
2026-01-14T02:00:00Z,54371.671875,54447.1015625,54317.05859375,54413.921875,0
2026-01-14T03:00:00Z,54461.0703125,54487.3203125,54293.76953125,54449.55859375,0
2026-01-14T04:00:00Z,54445.25,54445.25,54126.91015625,54153.23828125,0
2026-01-14T05:00:00Z,54151.51171875,54353.12109375,54107.6484375,54257.859375,0
2026-01-14T06:00:00Z,54259.05078125,54350.44921875,54243.66015625,54337.69140625,0
2026-01-15T00:00:00Z,54039.3984375,54145.51171875,53709.87109375,53739.6015625,0
2026-01-15T01:00:00Z,53737.73046875,53937.83984375,53717.0390625,53913.78125,0
2026-01-15T02:00:00Z,53916.26171875,53947.55078125,53819.23828125,53820.4609375,0
2026-01-15T03:00:00Z,53774.58984375,53826.2890625,53726.76171875,53775.71875,0
2026-01-15T04:00:00Z,53775.12890625,53929.5,53775.12890625,53911.109375,0
2026-01-15T05:00:00Z,53909.05859375,53966.33984375,53834.171875,53868.83984375,0
2026-01-15T06:00:00Z,53869.828125,54153.609375,53810.55859375,54138.87109375,0
2026-01-16T00:00:00Z,54071.28125,54130.6015625,53725.328125,53832.37109375,0
2026-01-16T01:00:00Z,53832.37890625,53924.75,53706.7890625,53870.76953125,0
2026-01-16T02:00:00Z,53868.921875,53914.140625,53840.328125,53874.58984375,0
2026-01-16T03:00:00Z,53873.21875,53999.48046875,53847.73828125,53903.359375,0
2026-01-16T04:00:00Z,53901.30859375,54108.71875,53876.26953125,54046.8515625,0
2026-01-16T05:00:00Z,54051.0,54092.51171875,54010.3515625,54058.19921875,0
2026-01-16T06:00:00Z,54057.58984375,54057.7109375,53946.73828125,53971.1796875,0
2026-01-19T00:00:00Z,53390.05078125,53547.28125,53189.96875,53260.640625,0
2026-01-19T01:00:00Z,53255.33984375,53319.1015625,53091.44921875,53237.421875,0
2026-01-19T02:00:00Z,53232.609375,53416.78125,53232.609375,53412.87890625,0
2026-01-19T03:00:00Z,53351.51953125,53482.98046875,53347.609375,53441.80859375,0
2026-01-19T04:00:00Z,53442.44921875,53506.3203125,53414.46875,53431.640625,0
2026-01-19T05:00:00Z,53431.3203125,53936.171875,53392.3515625,53511.671875,0
2026-01-19T06:00:00Z,53511.28125,53581.66015625,53505.58984375,53560.7890625,0
2026-01-20T00:00:00Z,53348.58984375,53408.3515625,52876.23828125,53066.94921875,0
2026-01-20T01:00:00Z,53068.12109375,53216.05078125,53048.33984375,53050.3984375,0
2026-01-20T02:00:00Z,53050.328125,53148.01953125,52906.30859375,52931.109375,0
2026-01-20T03:00:00Z,52994.19140625,53041.66015625,52934.23828125,52987.80078125,0
2026-01-20T04:00:00Z,52987.421875,53001.7890625,52852.8984375,52887.66015625,0
2026-01-20T05:00:00Z,52886.66015625,53112.55078125,52871.890625,53109.41015625,0
2026-01-20T06:00:00Z,53106.3984375,53106.3984375,52986.8203125,52986.8203125,0
2026-01-21T00:00:00Z,52228.078125,52651.6015625,52194.80859375,52585.171875,0
2026-01-21T01:00:00Z,52582.21875,52848.78125,52545.9296875,52803.26171875,0
2026-01-21T02:00:00Z,52800.359375,52817.48828125,52691.48046875,52693.4296875,0
2026-01-21T03:00:00Z,52821.2890625,52838.73046875,52611.7890625,52634.08984375,0
2026-01-21T04:00:00Z,52630.66015625,52752.75,52592.0,52652.98046875,0
2026-01-21T05:00:00Z,52650.8984375,52831.4296875,52646.1015625,52770.44921875,0
2026-01-21T06:00:00Z,52768.5,52768.5,52687.9609375,52713.12890625,0
2026-01-22T00:00:00Z,53327.390625,53461.19140625,53242.37890625,53381.44140625,0
2026-01-22T01:00:00Z,53394.671875,53784.26953125,53322.73046875,53717.33984375,0
2026-01-22T02:00:00Z,53712.51171875,53827.8515625,53694.16015625,53760.8515625,0
2026-01-22T03:00:00Z,53744.6015625,53820.94140625,53694.921875,53780.671875,0
2026-01-22T04:00:00Z,53777.44921875,53869.6484375,53707.9296875,53867.37890625,0
2026-01-22T05:00:00Z,53865.76953125,53922.53125,53818.75,53822.5703125,0
2026-01-22T06:00:00Z,53822.48828125,53841.640625,53669.44921875,53702.5703125,0
2026-01-23T00:00:00Z,53898.44921875,53898.44921875,53603.6796875,53819.73828125,0
2026-01-23T01:00:00Z,53819.28125,53894.23828125,53745.921875,53810.078125,0
2026-01-23T02:00:00Z,53812.9296875,53894.87890625,53800.05078125,53870.3515625,0
2026-01-23T03:00:00Z,53919.46875,54050.83984375,53862.671875,53958.98046875,0
2026-01-23T04:00:00Z,53963.66015625,53981.0,53705.23046875,53719.1796875,0
2026-01-23T05:00:00Z,53718.4296875,53845.48046875,53656.30078125,53821.078125,0
2026-01-23T06:00:00Z,53827.421875,53882.2109375,53792.21875,53797.55078125,0
2026-01-26T00:00:00Z,53023.28125,53138.671875,52794.2109375,52930.91015625,0
2026-01-26T01:00:00Z,52925.9609375,53101.25,52866.41015625,52908.94140625,0
2026-01-26T02:00:00Z,52906.69921875,52957.76953125,52780.6484375,52812.44921875,0
2026-01-26T03:00:00Z,52869.41015625,52916.2109375,52772.9296875,52852.5703125,0
2026-01-26T04:00:00Z,52852.6015625,52883.8203125,52697.23046875,52721.6015625,0
2026-01-26T05:00:00Z,52720.19140625,52956.4609375,52656.0,52947.30078125,0
2026-01-26T06:00:00Z,52946.58984375,52998.91015625,52819.640625,52870.1484375,0
2026-01-27T00:00:00Z,52847.5390625,52965.73828125,52637.66015625,52902.5390625,0
2026-01-27T01:00:00Z,52902.9609375,52993.55078125,52810.80078125,52881.5703125,0
2026-01-27T02:00:00Z,52880.7890625,53017.7109375,52849.6484375,53017.7109375,0
2026-01-27T03:00:00Z,53063.58984375,53159.0,53060.91015625,53133.421875,0
2026-01-27T04:00:00Z,53128.12890625,53299.21875,53127.078125,53299.21875,0
2026-01-27T05:00:00Z,53294.87109375,53306.9296875,53228.8515625,53281.4609375,0
2026-01-27T06:00:00Z,53281.578125,53334.03125,53218.51171875,53288.41015625,0
2026-01-28T00:00:00Z,53023.87890625,53105.01953125,52788.1015625,52990.5,0
2026-01-28T01:00:00Z,52994.83984375,53135.8984375,52919.76171875,52982.1015625,0
2026-01-28T02:00:00Z,52984.76171875,53150.6796875,52973.26953125,53029.96875,0
2026-01-28T03:00:00Z,53053.3984375,53177.2890625,52935.48046875,52977.5,0
2026-01-28T04:00:00Z,52986.0703125,53110.80078125,52978.890625,52991.44921875,0
2026-01-28T05:00:00Z,52992.0,53165.2109375,52992.0,53073.69140625,0
2026-01-28T06:00:00Z,53072.421875,53507.1796875,53072.421875,53313.44140625,0
2026-01-29T00:00:00Z,53301.26171875,53742.69140625,52990.421875,53475.30078125,0
2026-01-29T01:00:00Z,53479.80078125,53512.6796875,53105.6015625,53307.26171875,0
2026-01-29T02:00:00Z,53309.62109375,53401.671875,53176.01953125,53274.7109375,0
2026-01-29T03:00:00Z,53347.69921875,53395.80078125,53299.0390625,53394.37109375,0
2026-01-29T04:00:00Z,53392.53125,53495.859375,53318.51171875,53439.9609375,0
2026-01-29T05:00:00Z,53437.578125,53548.44140625,53353.7890625,53523.41015625,0
2026-01-29T06:00:00Z,53526.171875,53550.73828125,53402.28125,53412.2890625,0
2026-01-30T00:00:00Z,53434.73046875,53590.23828125,53195.44140625,53512.03125,0
2026-01-30T01:00:00Z,53505.28125,53585.53125,53105.2109375,53184.6015625,0
2026-01-30T02:00:00Z,53182.359375,53220.62109375,52923.12109375,52923.12109375,0
2026-01-30T03:00:00Z,53161.80078125,53249.62890625,53136.01953125,53217.51171875,0
2026-01-30T04:00:00Z,53215.3515625,53451.609375,53211.53125,53437.2109375,0
2026-01-30T05:00:00Z,53433.1015625,53508.71875,53417.421875,53439.5,0
2026-01-30T06:00:00Z,53435.890625,53457.55078125,53323.51953125,53364.87109375,0
2026-02-03T00:00:00Z,53332.1796875,54084.671875,53307.73828125,54006.671875,0
2026-02-03T01:00:00Z,54013.828125,54365.109375,53956.05078125,54325.33984375,0
2026-02-03T02:00:00Z,54334.8984375,54340.69921875,54110.19921875,54201.01171875,0
2026-02-03T03:00:00Z,54309.58984375,54506.2890625,54295.640625,54500.83984375,0
2026-02-03T04:00:00Z,54501.609375,54769.5703125,54492.12890625,54759.828125,0
2026-02-03T05:00:00Z,54759.05859375,54782.828125,54657.6796875,54727.69140625,0
2026-02-03T06:00:00Z,54726.078125,54761.328125,54683.328125,54735.8515625,0
2026-02-04T00:00:00Z,54250.41015625,54282.69140625,53965.51171875,54014.37890625,0
2026-02-04T01:00:00Z,54027.69921875,54398.73046875,54027.69921875,54370.109375,0
2026-02-04T02:00:00Z,54370.37109375,54459.41015625,54355.05078125,54391.578125,0
2026-02-04T03:00:00Z,54362.62890625,54432.23828125,54250.4296875,54341.46875,0
2026-02-04T04:00:00Z,54341.03125,54364.578125,54172.23046875,54193.98828125,0
2026-02-04T05:00:00Z,54194.75,54365.140625,54169.37890625,54361.12890625,0
2026-02-04T06:00:00Z,54358.69140625,54420.05078125,54272.640625,54289.33984375,0
2026-02-05T00:00:00Z,54289.05078125,54459.078125,54027.62109375,54365.26171875,0
2026-02-05T01:00:00Z,54369.48046875,54406.8203125,54163.1015625,54169.48046875,0
2026-02-05T02:00:00Z,54172.8515625,54186.7890625,53756.55078125,53898.3515625,0
2026-02-05T03:00:00Z,53867.23046875,53899.58984375,53653.05859375,53664.51953125,0
2026-02-05T04:00:00Z,53666.73046875,53899.4609375,53666.73046875,53867.73046875,0
2026-02-05T05:00:00Z,53867.62109375,53879.19921875,53709.3203125,53794.05859375,0
2026-02-05T06:00:00Z,53793.26171875,53944.12890625,53793.26171875,53867.9296875,0
2026-02-06T00:00:00Z,53435.37109375,53529.66015625,52950.1484375,53529.66015625,0
2026-02-06T01:00:00Z,53533.53125,53745.87109375,53277.8984375,53737.6015625,0
2026-02-06T02:00:00Z,53737.4609375,54073.51953125,53737.4609375,54073.51953125,0
2026-02-06T03:00:00Z,54154.671875,54248.16015625,53849.03125,54138.4296875,0
2026-02-06T04:00:00Z,54134.30078125,54134.4296875,53887.44140625,53930.859375,0
2026-02-06T05:00:00Z,53934.671875,54176.76171875,53889.6796875,54140.078125,0
2026-02-06T06:00:00Z,54140.05859375,54226.94921875,54140.05859375,54223.12109375,0
2026-02-09T00:00:00Z,55130.62890625,57337.0703125,55018.5703125,57114.44140625,0
2026-02-09T01:00:00Z,57120.8203125,57206.37109375,56605.640625,56684.109375,0
2026-02-09T02:00:00Z,56689.5,56842.328125,56635.4609375,56663.8515625,0
2026-02-09T03:00:00Z,56647.578125,56673.19140625,56466.05078125,56495.94921875,0
2026-02-09T04:00:00Z,56483.8984375,56639.7890625,56451.48828125,56558.69921875,0
2026-02-09T05:00:00Z,56555.05859375,56775.7109375,56446.78125,56720.390625,0
2026-02-09T06:00:00Z,56722.0390625,56722.0390625,56332.44140625,56375.37109375,0
2026-02-10T00:00:00Z,56812.01171875,57577.05859375,56812.01171875,57532.828125,0
2026-02-10T01:00:00Z,57529.30078125,57960.19140625,57505.4296875,57768.76953125,0
2026-02-10T02:00:00Z,57769.12890625,57934.7890625,57664.01171875,57926.0703125,0
2026-02-10T03:00:00Z,57794.6796875,57827.21875,57654.73046875,57735.33984375,0
2026-02-10T04:00:00Z,57727.73046875,57727.73046875,57549.48046875,57686.23828125,0
2026-02-10T05:00:00Z,57685.75,57795.69921875,57609.66015625,57698.69921875,0
2026-02-10T06:00:00Z,57697.53125,57710.78125,57633.7109375,57641.51171875,0
2026-02-12T00:00:00Z,57864.73828125,58015.078125,57703.87890625,57921.8515625,0
2026-02-12T01:00:00Z,57926.421875,57947.4296875,57580.23828125,57676.390625,0
2026-02-12T02:00:00Z,57673.19140625,57728.69921875,57554.48828125,57605.53125,0
2026-02-12T03:00:00Z,57636.140625,57832.3203125,57627.41015625,57765.6015625,0
2026-02-12T04:00:00Z,57767.0,57864.87890625,57669.16015625,57765.23828125,0
2026-02-12T05:00:00Z,57763.8203125,57862.37109375,57746.3984375,57844.6484375,0
2026-02-12T06:00:00Z,57843.73046875,57852.98828125,57608.7890625,57611.12890625,0
2026-02-13T00:00:00Z,57197.328125,57407.25,56652.48046875,56802.69140625,0
2026-02-13T01:00:00Z,56803.12109375,57246.55078125,56803.12109375,57123.51171875,0
2026-02-13T02:00:00Z,57123.7890625,57256.1484375,57123.7890625,57226.58984375,0
2026-02-13T03:00:00Z,57201.76953125,57284.5703125,57107.359375,57146.2109375,0
2026-02-13T04:00:00Z,57151.98046875,57332.0390625,57131.7109375,57264.01171875,0
2026-02-13T05:00:00Z,57273.12890625,57284.01953125,56855.5703125,56942.69140625,0
2026-02-13T06:00:00Z,56954.80859375,57118.921875,56927.890625,57074.98828125,0
2026-02-16T00:00:00Z,57212.96875,57219.19921875,56846.98828125,56913.8203125,0
2026-02-16T01:00:00Z,56916.91015625,57007.69921875,56792.28125,56905.671875,0
2026-02-16T02:00:00Z,56904.01953125,56904.01953125,56748.1796875,56790.69921875,0
2026-02-16T03:00:00Z,56854.1796875,57001.23828125,56831.87890625,56999.55859375,0
2026-02-16T04:00:00Z,56996.2109375,57060.0703125,56925.828125,56999.12890625,0
2026-02-16T05:00:00Z,57002.30078125,57040.28125,56896.421875,56950.69921875,0
2026-02-16T06:00:00Z,56948.05078125,57024.23046875,56846.30859375,56860.75,0
2026-02-17T00:00:00Z,56819.37109375,56926.23828125,56411.46875,56453.01953125,0
2026-02-17T01:00:00Z,56447.8515625,56593.30078125,56357.58984375,56392.30078125,0
2026-02-17T02:00:00Z,56390.8203125,56404.66015625,56299.69921875,56354.55078125,0
2026-02-17T03:00:00Z,56239.578125,56283.5390625,56135.12109375,56254.6796875,0
2026-02-17T04:00:00Z,56258.8515625,56405.5390625,56227.23828125,56394.30078125,0
2026-02-17T05:00:00Z,56383.25,56384.37890625,56203.1015625,56343.69140625,0
2026-02-17T06:00:00Z,56337.26171875,56544.94921875,56334.05859375,56514.44921875,0
2026-02-18T00:00:00Z,56734.26953125,57159.640625,56734.26953125,57062.73046875,0
2026-02-18T01:00:00Z,57055.71875,57230.87109375,56918.98828125,57230.87109375,0
2026-02-18T02:00:00Z,57221.05859375,57297.640625,57198.62890625,57253.4609375,0
2026-02-18T03:00:00Z,57205.80859375,57287.859375,57182.6796875,57248.66015625,0
2026-02-18T04:00:00Z,57247.58984375,57392.890625,57231.62109375,57352.12890625,0
2026-02-18T05:00:00Z,57351.46875,57354.98828125,57207.828125,57217.640625,0
2026-02-18T06:00:00Z,57214.48046875,57221.87109375,57117.69921875,57140.6796875,0
2026-02-19T00:00:00Z,57472.078125,57642.078125,57362.01171875,57586.078125,0
2026-02-19T01:00:00Z,57584.05078125,57662.55078125,57497.5,57566.44921875,0
2026-02-19T02:00:00Z,57564.87890625,57648.5,57448.98046875,57598.828125,0
2026-02-19T03:00:00Z,57619.80859375,57640.62890625,57491.37890625,57576.21875,0
2026-02-19T04:00:00Z,57575.6015625,57709.8203125,57514.76953125,57527.19140625,0
2026-02-19T05:00:00Z,57525.71875,57625.1015625,57518.55078125,57532.51171875,0
2026-02-19T06:00:00Z,57535.1015625,57549.1484375,57450.7890625,57453.62109375,0
2026-02-20T00:00:00Z,56979.73828125,56979.73828125,56732.05078125,56828.51953125,0
2026-02-20T01:00:00Z,56824.48046875,56902.7890625,56680.87890625,56699.6796875,0
2026-02-20T02:00:00Z,56698.51953125,56826.69921875,56691.75,56726.73046875,0
2026-02-20T03:00:00Z,56815.171875,56838.4296875,56705.6484375,56714.640625,0
2026-02-20T04:00:00Z,56712.48828125,56849.69921875,56696.37890625,56847.140625,0
2026-02-20T05:00:00Z,56848.1796875,56873.0,56722.73046875,56792.48046875,0
2026-02-20T06:00:00Z,56792.80859375,56873.921875,56792.80859375,56871.0390625,0
2026-02-24T00:00:00Z,56764.140625,57286.6484375,56732.9296875,57243.0703125,0
2026-02-24T01:00:00Z,57240.30859375,57332.08984375,57140.21875,57246.3984375,0
2026-02-24T02:00:00Z,57243.609375,57262.80078125,57057.98828125,57256.55078125,0
2026-02-24T03:00:00Z,57300.62890625,57383.890625,57292.03125,57369.12890625,0
2026-02-24T04:00:00Z,57370.609375,57408.23046875,57289.46875,57335.26171875,0
2026-02-24T05:00:00Z,57335.94921875,57421.671875,57320.51171875,57365.21875,0
2026-02-24T06:00:00Z,57365.83984375,57381.6796875,57212.05078125,57270.51953125,0
2026-02-25T00:00:00Z,57695.3984375,58047.890625,57656.5,57894.05859375,0
2026-02-25T01:00:00Z,57886.69140625,58227.078125,57872.21875,58131.140625,0
2026-02-25T02:00:00Z,58129.69921875,58198.73828125,58070.96875,58145.078125,0
2026-02-25T03:00:00Z,58241.28125,58639.94140625,58072.73046875,58577.76953125,0
2026-02-25T04:00:00Z,58575.46875,58875.171875,58542.26953125,58784.0390625,0
2026-02-25T05:00:00Z,58781.03125,58860.421875,58651.421875,58673.03125,0
2026-02-25T06:00:00Z,58673.16015625,58685.23046875,58589.2890625,58679.76953125,0
2026-02-26T00:00:00Z,58995.390625,59332.4296875,58760.0,58760.0,0
2026-02-26T01:00:00Z,58762.91015625,59033.25,58663.8203125,58990.828125,0
2026-02-26T02:00:00Z,58998.76953125,59021.12890625,58851.890625,58856.98046875,0
2026-02-26T03:00:00Z,58809.6796875,58941.87109375,58734.05859375,58796.0,0
2026-02-26T04:00:00Z,58795.73046875,58834.9609375,58650.66015625,58682.73046875,0
2026-02-26T05:00:00Z,58682.671875,58723.828125,58577.83984375,58717.53125,0
2026-02-26T06:00:00Z,58717.390625,58780.33984375,58674.890625,58722.19140625,0
2026-02-27T00:00:00Z,58606.03125,58731.05078125,58130.5703125,58264.609375,0
2026-02-27T01:00:00Z,58268.21875,58392.98828125,58213.16015625,58347.140625,0
2026-02-27T02:00:00Z,58346.8984375,58540.140625,58325.98828125,58528.08984375,0
2026-02-27T03:00:00Z,58585.30078125,58853.4296875,58585.30078125,58789.640625,0
2026-02-27T04:00:00Z,58787.08984375,58904.41015625,58741.69921875,58748.390625,0
2026-02-27T05:00:00Z,58747.30078125,58924.171875,58744.578125,58853.80078125,0
2026-02-27T06:00:00Z,58851.37890625,58877.5703125,58720.390625,58781.609375,0
2026-03-02T00:00:00Z,57976.19921875,58022.28125,57285.76953125,57857.98046875,0
2026-03-02T01:00:00Z,57848.98828125,58365.2109375,57842.12890625,57994.671875,0
2026-03-02T02:00:00Z,57995.08984375,58103.51171875,57860.2890625,57950.76171875,0
2026-03-02T03:00:00Z,57948.26171875,58078.6484375,57914.41015625,58006.41015625,0
2026-03-02T04:00:00Z,58020.6484375,58134.8515625,57870.98828125,57871.21875,0
2026-03-02T05:00:00Z,57871.25,57983.55078125,57781.3203125,57809.421875,0
2026-03-02T06:00:00Z,57807.8984375,58022.859375,57788.3515625,57898.41015625,0
2026-03-03T00:00:00Z,57729.80078125,57890.76171875,57443.94140625,57466.390625,0
2026-03-03T01:00:00Z,57442.8515625,57526.640625,56971.6796875,56971.6796875,0
2026-03-03T02:00:00Z,56971.0,56985.76953125,56622.23046875,56727.26953125,0
2026-03-03T03:00:00Z,56624.78125,57006.44921875,56483.671875,56814.3203125,0
2026-03-03T04:00:00Z,56805.4609375,56805.4609375,56325.5703125,56348.62109375,0
2026-03-03T05:00:00Z,56346.51171875,56580.78125,56193.01953125,56224.2109375,0
2026-03-03T06:00:00Z,56221.0,56339.98046875,56091.5390625,56155.46875,0
2026-03-04T00:00:00Z,55470.87890625,55701.26953125,54549.3203125,54881.1015625,0
2026-03-04T01:00:00Z,54909.08984375,55137.9609375,54301.83984375,54475.08984375,0
2026-03-04T02:00:00Z,54468.08984375,54625.25,54063.69921875,54090.109375,0
2026-03-04T03:00:00Z,53904.91015625,54217.5,53618.19921875,54217.5,0
2026-03-04T04:00:00Z,54208.8984375,54416.390625,53826.44921875,53966.578125,0
2026-03-04T05:00:00Z,53974.2109375,54278.6015625,53895.1015625,54106.26953125,0
2026-03-04T06:00:00Z,54105.51171875,54212.41015625,53951.9609375,54177.140625,0
2026-03-05T00:00:00Z,55204.16015625,56619.98046875,55198.0,56518.55078125,0
2026-03-05T01:00:00Z,56524.421875,56595.171875,55583.19140625,55654.7890625,0
2026-03-05T02:00:00Z,55648.4609375,55854.421875,55568.26171875,55713.26953125,0
2026-03-05T03:00:00Z,55347.3984375,55368.140625,55007.21875,55059.73046875,0
2026-03-05T04:00:00Z,55064.390625,55697.5390625,54910.328125,55682.37109375,0
2026-03-05T05:00:00Z,55696.44140625,55705.12109375,55366.4296875,55370.4609375,0
2026-03-05T06:00:00Z,55369.7109375,55377.390625,55082.8984375,55270.26953125,0
2026-03-06T00:00:00Z,54674.6015625,55212.76953125,54631.5390625,54986.140625,0
2026-03-06T01:00:00Z,54979.66015625,55206.21875,54513.4296875,55075.48828125,0
2026-03-06T02:00:00Z,55078.390625,55498.1796875,55035.359375,55490.0390625,0
2026-03-06T03:00:00Z,55427.41015625,55546.7109375,55181.1796875,55531.609375,0
2026-03-06T04:00:00Z,55536.3984375,55571.19140625,55218.4609375,55381.16015625,0
2026-03-06T05:00:00Z,55379.94140625,55679.7890625,55378.55078125,55495.80859375,0
2026-03-06T06:00:00Z,55494.2890625,55686.55859375,55493.359375,55676.26171875,0
2026-03-09T00:00:00Z,54608.62890625,54608.62890625,51950.5703125,52072.1796875,0
2026-03-09T01:00:00Z,52073.48828125,52195.609375,51435.58984375,51435.58984375,0
2026-03-09T02:00:00Z,51444.80078125,51831.73046875,51407.66015625,51740.4609375,0
2026-03-09T03:00:00Z,52002.44140625,52229.640625,51720.0390625,51791.69921875,0
2026-03-09T04:00:00Z,51797.3515625,52138.9609375,51678.16015625,51728.828125,0
2026-03-09T05:00:00Z,51724.51171875,52720.62890625,51649.25,52714.37109375,0
2026-03-09T06:00:00Z,52736.08984375,52935.30859375,52645.390625,52909.30078125,0
2026-03-10T00:00:00Z,53524.08984375,54439.01953125,53487.19140625,54287.94921875,0
2026-03-10T01:00:00Z,54289.30078125,54694.890625,54228.109375,54615.44140625,0
2026-03-10T02:00:00Z,54613.21875,54626.75,54344.6796875,54399.078125,0
2026-03-10T03:00:00Z,54050.5703125,54072.5703125,53545.1796875,53782.2109375,0
2026-03-10T04:00:00Z,53791.1484375,54074.6015625,53736.421875,53873.078125,0
2026-03-10T05:00:00Z,53872.62890625,54232.41015625,53867.16015625,54198.87109375,0
2026-03-10T06:00:00Z,54198.9296875,54214.609375,54045.69921875,54049.109375,0
2026-03-11T00:00:00Z,54917.9296875,55512.30078125,54882.578125,55282.58984375,0
2026-03-11T01:00:00Z,55273.6796875,55483.37890625,55223.171875,55387.87109375,0
2026-03-11T02:00:00Z,55391.69921875,55549.21875,55358.48828125,55387.75,0
2026-03-11T03:00:00Z,55484.6015625,55745.37890625,55484.6015625,55717.609375,0
2026-03-11T04:00:00Z,55715.94921875,55726.578125,55499.30859375,55544.26953125,0
2026-03-11T05:00:00Z,55544.41015625,55606.19140625,54979.1484375,54986.12109375,0
2026-03-11T06:00:00Z,54987.23828125,55085.6796875,54886.66015625,54984.4609375,0
2026-03-12T00:00:00Z,54387.8984375,54501.75,54107.16015625,54455.890625,0
2026-03-12T01:00:00Z,54458.359375,54733.078125,54294.62890625,54443.0,0
2026-03-12T02:00:00Z,54447.30078125,54449.05078125,54169.359375,54177.1484375,0
2026-03-12T03:00:00Z,53921.96875,54073.75,53796.01171875,54067.71875,0
2026-03-12T04:00:00Z,54068.80859375,54214.69921875,53928.6484375,53948.3203125,0
2026-03-12T05:00:00Z,53942.109375,54305.3984375,53937.0,54261.75,0
2026-03-12T06:00:00Z,54257.51171875,54392.01171875,54213.69921875,54384.46875,0
2026-03-13T00:00:00Z,53587.30078125,53847.3984375,53286.69140625,53642.5703125,0
2026-03-13T01:00:00Z,53645.2890625,54065.30859375,53645.2890625,53832.94921875,0
2026-03-13T02:00:00Z,53830.921875,53928.58984375,53720.51171875,53786.3984375,0
2026-03-13T03:00:00Z,53748.48828125,53898.55859375,53684.1796875,53874.01953125,0
2026-03-13T04:00:00Z,53873.5,53928.7109375,53644.3515625,53662.78125,0
2026-03-13T05:00:00Z,53661.23046875,53852.390625,53608.01953125,53808.96875,0
2026-03-13T06:00:00Z,53806.08984375,53895.578125,53744.91015625,53860.83984375,0
2026-03-16T00:00:00Z,53627.859375,53983.51171875,53554.53125,53750.05859375,0
2026-03-16T01:00:00Z,53755.91015625,53806.80078125,53215.71875,53456.171875,0
2026-03-16T02:00:00Z,53461.23046875,53486.30078125,53113.94921875,53138.421875,0
2026-03-16T03:00:00Z,53356.19140625,53629.26953125,53356.19140625,53599.30859375,0
2026-03-16T04:00:00Z,53605.4296875,53709.44921875,53541.23046875,53568.73828125,0
2026-03-16T05:00:00Z,53563.6484375,53746.94140625,53416.51171875,53726.8203125,0
2026-03-16T06:00:00Z,53727.3984375,53782.37890625,53695.94921875,53724.5390625,0
2026-03-17T00:00:00Z,54286.26171875,54388.4296875,53780.8203125,53883.9609375,0
2026-03-17T01:00:00Z,53884.30078125,54080.19921875,53826.921875,54051.23046875,0
2026-03-17T02:00:00Z,54048.171875,54065.73046875,53934.7109375,54013.73046875,0
2026-03-17T03:00:00Z,54061.3515625,54086.03125,53874.48046875,53914.46875,0
2026-03-17T04:00:00Z,53936.69140625,54046.19921875,53890.421875,53961.44921875,0
2026-03-17T05:00:00Z,53961.9609375,54010.890625,53688.30859375,53695.76171875,0
2026-03-17T06:00:00Z,53699.25,53706.03125,53482.58984375,53630.16015625,0
2026-03-18T00:00:00Z,54148.83984375,54608.91015625,54148.83984375,54591.6796875,0
2026-03-18T01:00:00Z,54590.8203125,54843.26953125,54590.8203125,54701.91015625,0
2026-03-18T02:00:00Z,54707.37890625,54921.80859375,54707.37890625,54898.44140625,0
2026-03-18T03:00:00Z,54961.2109375,55067.0390625,54898.73828125,55042.671875,0
2026-03-18T04:00:00Z,55042.23046875,55188.16015625,55042.23046875,55150.44140625,0
2026-03-18T05:00:00Z,55148.921875,55196.7890625,55084.48828125,55150.75,0
2026-03-18T06:00:00Z,55148.23828125,55202.62109375,55084.640625,55188.66015625,0
2026-03-19T00:00:00Z,54287.80078125,54333.01953125,53647.28125,53746.73046875,0
2026-03-19T01:00:00Z,53742.69921875,53841.55859375,53625.55859375,53744.140625,0
2026-03-19T02:00:00Z,53742.96875,53898.05859375,53622.48828125,53875.94140625,0
2026-03-19T03:00:00Z,53794.83984375,53830.73828125,53684.7109375,53690.05078125,0
2026-03-19T04:00:00Z,53685.3984375,53685.3984375,53435.69921875,53482.46875,0
2026-03-19T05:00:00Z,53482.83984375,53558.2109375,53190.1796875,53196.58984375,0
2026-03-19T06:00:00Z,53194.8203125,53409.62109375,53191.28125,53338.69921875,0
2026-03-23T00:00:00Z,52468.71875,52479.80859375,50728.05078125,50752.859375,0
2026-03-23T01:00:00Z,50745.0,51635.7890625,50688.76171875,51504.671875,0
2026-03-23T02:00:00Z,51513.80078125,51719.140625,51455.3984375,51582.23046875,0
2026-03-23T03:00:00Z,51368.6484375,51518.55078125,51203.859375,51246.359375,0
2026-03-23T04:00:00Z,51251.23828125,51527.03125,51154.83984375,51510.1015625,0
2026-03-23T05:00:00Z,51511.76953125,51670.48828125,51394.71875,51576.46875,0
2026-03-23T06:00:00Z,51573.078125,51608.140625,51506.16015625,51511.75,0
2026-03-24T00:00:00Z,52380.6015625,52701.98828125,52042.0,52231.51171875,0
2026-03-24T01:00:00Z,52228.98046875,52256.4296875,51810.08984375,51884.62890625,0
2026-03-24T02:00:00Z,51894.87890625,51956.0,51645.1484375,51910.421875,0
2026-03-24T03:00:00Z,51920.5390625,52051.578125,51711.0,52048.140625,0
2026-03-24T04:00:00Z,52052.5703125,52211.3515625,51870.19140625,51893.94140625,0
2026-03-24T05:00:00Z,51892.19921875,52032.0390625,51714.6015625,52022.37890625,0
2026-03-24T06:00:00Z,52023.58984375,52203.19921875,52015.62890625,52200.7890625,0
2026-03-25T00:00:00Z,53015.80078125,54022.87890625,53015.80078125,53881.5,0
2026-03-25T01:00:00Z,53881.05859375,53965.48046875,53697.19140625,53697.19140625,0
2026-03-25T02:00:00Z,53683.08984375,53726.23046875,53456.23046875,53616.44921875,0
2026-03-25T03:00:00Z,53437.140625,53672.12890625,53436.23828125,53672.12890625,0
2026-03-25T04:00:00Z,53681.0703125,53906.26953125,53638.30859375,53820.66015625,0
2026-03-25T05:00:00Z,53823.828125,53873.78125,53707.828125,53766.171875,0
2026-03-25T06:00:00Z,53766.87109375,53794.6796875,53703.16015625,53761.51171875,0
2026-03-26T00:00:00Z,53855.12890625,54175.80078125,53823.8515625,54009.58984375,0
2026-03-26T01:00:00Z,54019.078125,54166.2109375,53964.12109375,53992.0703125,0
2026-03-26T02:00:00Z,53990.578125,54035.51953125,53651.3203125,53658.46875,0
2026-03-26T03:00:00Z,53588.28125,53779.53125,53550.609375,53608.390625,0
2026-03-26T04:00:00Z,53612.5703125,53638.8203125,53408.3515625,53424.6796875,0
2026-03-26T05:00:00Z,53423.78125,53483.51171875,53176.76953125,53311.98828125,0
2026-03-26T06:00:00Z,53308.33984375,53420.48046875,53243.01171875,53357.859375,0
2026-03-27T00:00:00Z,53239.58984375,53355.3984375,52516.921875,52592.0390625,0
2026-03-27T01:00:00Z,52598.1015625,53133.671875,52558.55859375,53003.23828125,0
2026-03-27T02:00:00Z,53014.19140625,53235.2109375,53014.19140625,53145.328125,0
2026-03-27T03:00:00Z,53247.8984375,53468.21875,53247.8984375,53455.08984375,0
2026-03-27T04:00:00Z,53453.0703125,53625.26171875,53414.41015625,53598.55859375,0
2026-03-27T05:00:00Z,53597.23828125,53714.8984375,53483.48046875,53491.640625,0
2026-03-27T06:00:00Z,53495.30859375,53582.0390625,53379.19921875,53582.0390625,0
2026-03-30T00:00:00Z,52054.6796875,52054.6796875,50566.98828125,50884.87890625,0
2026-03-30T01:00:00Z,50871.3984375,51129.03125,50823.73046875,50978.421875,0
2026-03-30T02:00:00Z,50963.41015625,51069.171875,50821.44921875,50936.12890625,0
2026-03-30T03:00:00Z,51433.62109375,51613.37890625,51411.55078125,51585.48046875,0
2026-03-30T04:00:00Z,51582.01171875,51655.0703125,51489.16015625,51590.44921875,0
2026-03-30T05:00:00Z,51582.98828125,51732.91015625,51572.28125,51653.73828125,0
2026-03-30T06:00:00Z,51646.91015625,51779.890625,51631.23828125,51644.26171875,0
2026-03-31T00:00:00Z,51382.53125,51572.0390625,50558.91015625,51369.609375,0
2026-03-31T01:00:00Z,51379.2109375,52169.01171875,51144.66015625,51941.94921875,0
2026-03-31T02:00:00Z,51943.2109375,51995.1796875,51722.1015625,51820.30078125,0
2026-03-31T03:00:00Z,51700.69921875,51716.6484375,51293.98046875,51304.01953125,0
2026-03-31T04:00:00Z,51306.9609375,51353.69921875,51135.73046875,51230.0703125,0
2026-03-31T05:00:00Z,51232.140625,51637.01171875,51155.98046875,51505.73828125,0
2026-03-31T06:00:00Z,51508.01171875,51523.37890625,51205.03125,51361.2890625,0
2026-04-01T00:00:00Z,51959.46875,53036.1484375,51902.83984375,53033.73828125,0
2026-04-01T01:00:00Z,53039.80078125,53144.62109375,52741.359375,53134.671875,0
2026-04-01T02:00:00Z,53134.890625,53273.08984375,53107.578125,53128.328125,0
2026-04-01T03:00:00Z,53202.55078125,53373.578125,53197.30859375,53324.6015625,0
2026-04-01T04:00:00Z,53322.66015625,53443.7890625,53315.37890625,53364.328125,0
2026-04-01T05:00:00Z,53365.19921875,53629.69140625,53365.19921875,53530.41015625,0
2026-04-01T06:00:00Z,53528.48046875,53735.25,53509.46875,53724.73828125,0
2026-04-02T00:00:00Z,54066.828125,54258.48046875,53923.7890625,54170.828125,0
2026-04-02T01:00:00Z,54162.53125,54190.5703125,52810.87890625,52975.96875,0
2026-04-02T02:00:00Z,52991.66015625,53118.05078125,52707.7109375,52731.94140625,0
2026-04-02T03:00:00Z,52667.3984375,52746.3515625,52479.5,52511.46875,0
2026-04-02T04:00:00Z,52507.3515625,52684.23046875,52415.109375,52450.21875,0
2026-04-02T05:00:00Z,52449.6484375,52536.80078125,52273.1796875,52273.1796875,0
2026-04-02T06:00:00Z,52273.0703125,52490.98046875,52273.0703125,52444.12109375,0
2026-04-03T00:00:00Z,53039.3984375,53426.30859375,53039.3984375,53191.30859375,0
2026-04-03T01:00:00Z,53195.55859375,53229.80078125,53007.94921875,53118.26953125,0
2026-04-03T02:00:00Z,53118.01953125,53146.609375,52938.62109375,52938.62109375,0
2026-04-03T03:00:00Z,53064.421875,53077.6015625,52925.1015625,53016.51171875,0
2026-04-03T04:00:00Z,53021.5,53182.30859375,52993.58984375,53061.51171875,0
2026-04-03T05:00:00Z,53062.140625,53184.1015625,53044.80078125,53137.8203125,0
2026-04-03T06:00:00Z,53139.01953125,53234.94921875,53138.4609375,53228.37109375,0
2026-04-06T00:00:00Z,53205.9296875,53674.51953125,53205.9296875,53670.390625,0
2026-04-06T01:00:00Z,53673.921875,53797.75,53586.91015625,53628.76171875,0
2026-04-06T02:00:00Z,53635.890625,54039.33984375,53621.66015625,54001.640625,0
2026-04-06T03:00:00Z,53592.7109375,53760.0,53564.83984375,53756.19921875,0
2026-04-06T04:00:00Z,53753.421875,53861.8203125,53738.33984375,53830.73828125,0
2026-04-06T05:00:00Z,53824.33984375,53859.921875,53531.7890625,53585.48828125,0
2026-04-06T06:00:00Z,53586.03125,53649.48046875,53497.7109375,53512.921875,0
2026-04-07T00:00:00Z,53571.28125,53916.3515625,53537.05859375,53674.01171875,0
2026-04-07T01:00:00Z,53671.05859375,53727.1015625,53261.109375,53286.28125,0
2026-04-07T02:00:00Z,53289.5703125,53323.41015625,53194.46875,53323.41015625,0
2026-04-07T03:00:00Z,53259.76953125,53378.30078125,53259.76953125,53307.23828125,0
2026-04-07T04:00:00Z,53307.28125,53469.94921875,53156.94140625,53362.76171875,0
2026-04-07T05:00:00Z,53363.578125,53537.8984375,53323.76171875,53526.19921875,0
2026-04-07T06:00:00Z,53523.75,53568.08984375,53471.1015625,53517.859375,0
2026-04-08T00:00:00Z,54386.6484375,56045.46875,54380.01953125,55970.578125,0
2026-04-08T01:00:00Z,55961.21875,56234.94921875,55753.55078125,56219.0,0
2026-04-08T02:00:00Z,56223.19140625,56304.48828125,56068.98046875,56078.828125,0
2026-04-08T03:00:00Z,56121.390625,56195.4609375,56059.55078125,56080.671875,0
2026-04-08T04:00:00Z,56079.3515625,56358.828125,56079.3515625,56309.03125,0
2026-04-08T05:00:00Z,56308.0,56424.62890625,56156.83984375,56383.66015625,0
2026-04-08T06:00:00Z,56383.96875,56417.73046875,56286.23828125,56360.19921875,0
2026-04-09T00:00:00Z,56199.859375,56406.48828125,55978.91015625,56001.0703125,0
2026-04-09T01:00:00Z,56000.1484375,56061.12890625,55839.23828125,56033.48828125,0
2026-04-09T02:00:00Z,56034.01953125,56083.5703125,55964.890625,55997.1796875,0
2026-04-09T03:00:00Z,55871.76171875,56009.33984375,55818.109375,55828.78125,0
2026-04-09T04:00:00Z,55826.2890625,55921.26171875,55763.05078125,55849.37890625,0
2026-04-09T05:00:00Z,55846.9609375,56066.55859375,55820.2109375,56006.62890625,0
2026-04-09T06:00:00Z,56014.30859375,56021.73828125,55843.71875,55867.1484375,0
2026-04-10T00:00:00Z,56265.76953125,56885.80859375,56251.1796875,56755.69921875,0
2026-04-10T01:00:00Z,56760.671875,56937.53125,56668.3984375,56875.96875,0
2026-04-10T02:00:00Z,56873.75,56873.75,56639.0390625,56728.94921875,0
2026-04-10T03:00:00Z,56778.859375,56897.66015625,56774.140625,56843.1796875,0
2026-04-10T04:00:00Z,56845.19140625,56979.83984375,56831.69921875,56935.98828125,0
2026-04-10T05:00:00Z,56938.7890625,57012.76953125,56921.98046875,56925.44140625,0
2026-04-10T06:00:00Z,56919.80078125,56942.890625,56857.58984375,56892.5390625,0
2026-04-13T00:00:00Z,56421.4609375,56765.71875,56287.62109375,56497.62109375,0
2026-04-13T01:00:00Z,56504.80859375,56617.69140625,56402.921875,56472.12109375,0
2026-04-13T02:00:00Z,56470.0390625,56499.55078125,56333.71875,56357.3984375,0
2026-04-13T03:00:00Z,56343.578125,56383.21875,56283.671875,56303.48046875,0
2026-04-13T04:00:00Z,56299.421875,56550.51171875,56232.78125,56489.33984375,0
2026-04-13T05:00:00Z,56489.80078125,56517.69140625,56425.1484375,56484.390625,0
2026-04-13T06:00:00Z,56483.359375,56591.26953125,56455.640625,56564.25,0
2026-04-14T00:00:00Z,57085.6484375,57917.76171875,57010.1796875,57859.0703125,0
2026-04-14T01:00:00Z,57862.5,57968.05859375,57716.3515625,57898.51171875,0
2026-04-14T02:00:00Z,57900.890625,57979.8203125,57849.01953125,57849.01953125,0
2026-04-14T03:00:00Z,57829.390625,57899.578125,57797.2109375,57857.48828125,0
2026-04-14T04:00:00Z,57858.609375,57953.5390625,57720.91015625,57799.421875,0
2026-04-14T05:00:00Z,57801.44921875,57882.328125,57768.7109375,57796.03125,0
2026-04-14T06:00:00Z,57796.19921875,57847.30859375,57778.73828125,57785.87109375,0
2026-04-15T00:00:00Z,58265.1796875,58585.48046875,58239.390625,58542.33984375,0
2026-04-15T01:00:00Z,58543.140625,58585.94921875,58244.171875,58307.98046875,0
2026-04-15T02:00:00Z,58315.890625,58315.890625,58117.87109375,58162.83984375,0
2026-04-15T03:00:00Z,58232.01171875,58476.8515625,58212.828125,58406.609375,0
2026-04-15T04:00:00Z,58406.109375,58414.5390625,58288.21875,58399.2890625,0
2026-04-15T05:00:00Z,58400.19921875,58531.08984375,58028.75,58172.87890625,0
2026-04-15T06:00:00Z,58166.58984375,58212.23046875,58104.03125,58107.80078125,0
2026-04-16T00:00:00Z,58479.828125,59072.76171875,58428.19140625,59005.66015625,0
2026-04-16T01:00:00Z,59004.08984375,59209.98046875,58906.75,59209.33984375,0
2026-04-16T02:00:00Z,59209.91015625,59569.25,59209.91015625,59549.58984375,0
2026-04-16T03:00:00Z,59538.19921875,59564.28125,59372.19140625,59451.62890625,0
2026-04-16T04:00:00Z,59452.19921875,59452.19921875,59299.0,59402.05859375,0
2026-04-16T05:00:00Z,59402.55859375,59628.78125,59374.69921875,59538.12109375,0
2026-04-16T06:00:00Z,59533.3984375,59688.1015625,59509.19140625,59667.890625,0
2026-04-17T00:00:00Z,59255.08984375,59381.25,58977.5,58992.51171875,0
2026-04-17T01:00:00Z,58990.76953125,59081.26953125,58894.98828125,58988.1796875,0
2026-04-17T02:00:00Z,58992.23828125,59021.25,58914.80859375,58930.87109375,0
2026-04-17T03:00:00Z,58948.25,58975.359375,58839.12109375,58946.28125,0
2026-04-17T04:00:00Z,58948.26953125,59017.25,58908.5703125,58928.05078125,0
2026-04-17T05:00:00Z,58929.421875,58987.171875,58864.9296875,58891.80078125,0
2026-04-17T06:00:00Z,58887.37109375,58887.37109375,58772.12890625,58798.0390625,0
2026-04-20T00:00:00Z,58821.16015625,59012.12109375,58687.9609375,58973.0,0
2026-04-20T01:00:00Z,58973.8515625,59106.5390625,58889.19140625,59092.9296875,0
2026-04-20T02:00:00Z,59086.359375,59113.2890625,59018.51171875,59045.44921875,0
2026-04-20T03:00:00Z,59072.5390625,59169.12890625,59053.26953125,59084.37109375,0
2026-04-20T04:00:00Z,59087.62109375,59087.62109375,58899.48828125,58899.48828125,0
2026-04-21T00:00:00Z,59031.51171875,59513.171875,59004.76171875,59476.6015625,0
2026-04-21T01:00:00Z,59478.828125,59569.80859375,59328.671875,59423.58984375,0
2026-04-21T02:00:00Z,59426.23828125,59600.9609375,59380.8984375,59596.1015625,0
2026-04-21T03:00:00Z,59452.44921875,59559.30859375,59442.08984375,59536.62890625,0
2026-04-21T04:00:00Z,59535.87890625,59611.91015625,59451.3984375,59453.6796875,0
2026-04-21T05:00:00Z,59450.921875,59562.55859375,59340.25,59386.78125,0
2026-04-21T06:00:00Z,59383.9296875,59393.46875,58824.890625,59345.80078125,0
2026-04-22T00:00:00Z,59104.109375,59520.71875,59005.48046875,59436.48828125,0
2026-04-22T01:00:00Z,59455.23828125,59617.6796875,59320.6484375,59566.3984375,0
2026-04-22T02:00:00Z,59564.98046875,59708.2109375,59564.98046875,59653.55859375,0
2026-04-22T03:00:00Z,59651.1484375,59651.1484375,59479.55859375,59531.8515625,0
2026-04-22T04:00:00Z,59531.21875,59582.16015625,59234.9609375,59234.9609375,0
2026-04-22T05:00:00Z,59242.80859375,59579.12890625,59242.80859375,59538.640625,0
2026-04-22T06:00:00Z,59541.87109375,59601.46875,59512.73046875,59569.30859375,0
2026-04-23T00:00:00Z,59758.640625,60013.98046875,59169.8984375,59980.5390625,0
2026-04-23T01:00:00Z,59985.3203125,59998.44140625,59180.62109375,59181.76171875,0
2026-04-23T02:00:00Z,59187.890625,59193.87890625,58909.44921875,58952.109375,0
2026-04-23T03:00:00Z,58787.80859375,58988.7109375,58621.48046875,58964.9609375,0
2026-04-23T04:00:00Z,58962.76171875,59073.37890625,58853.23828125,58985.91015625,0
2026-04-23T05:00:00Z,58982.69921875,59169.2109375,58981.78125,59169.2109375,0
2026-04-23T06:00:00Z,59168.359375,59270.33984375,59168.359375,59174.87890625,0
2026-04-24T00:00:00Z,59407.44140625,59687.0,59225.37109375,59507.08984375,0
2026-04-24T01:00:00Z,59516.640625,59566.83984375,59322.05078125,59538.30859375,0
2026-04-24T02:00:00Z,59528.8203125,59538.03125,59301.37890625,59343.3984375,0
2026-04-24T03:00:00Z,59317.078125,59516.8203125,59279.16015625,59374.83984375,0
2026-04-24T04:00:00Z,59370.23828125,59629.05859375,59328.7890625,59604.5703125,0
2026-04-24T05:00:00Z,59605.73046875,59728.0,59583.5,59713.0703125,0
2026-04-24T06:00:00Z,59709.0390625,59763.6796875,59670.390625,59730.25,0
2026-04-27T00:00:00Z,59880.7109375,60106.66015625,59608.62890625,60093.62890625,0
2026-04-27T01:00:00Z,60092.98828125,60616.12109375,60065.76171875,60549.828125,0
2026-04-27T02:00:00Z,60547.1015625,60652.98046875,60524.8515625,60584.37109375,0
2026-04-27T03:00:00Z,60508.890625,60846.5703125,60414.0,60780.44921875,0
2026-04-27T04:00:00Z,60780.91015625,60903.94921875,60685.87109375,60778.53125,0
2026-04-27T05:00:00Z,60777.55078125,60806.91015625,60449.859375,60449.859375,0
2026-04-27T06:00:00Z,60440.7890625,60560.9296875,60394.3515625,60560.9296875,0
2026-04-28T00:00:00Z,60531.78125,60634.66015625,60070.1484375,60316.4609375,0
2026-04-28T01:00:00Z,60320.58984375,60375.87109375,60153.3203125,60211.8515625,0
2026-04-28T02:00:00Z,60218.03125,60288.1484375,60105.3984375,60238.2109375,0
2026-04-28T03:00:00Z,60121.30859375,60140.4609375,59910.73046875,59958.0390625,0
2026-04-28T04:00:00Z,59978.921875,60006.71875,59871.6015625,59969.73828125,0
2026-04-28T05:00:00Z,59967.828125,60005.44921875,59701.83984375,59841.80078125,0
2026-04-28T06:00:00Z,59839.62109375,59865.62109375,59775.9296875,59832.578125,0
2026-04-30T00:00:00Z,59484.7109375,59560.5703125,59142.3515625,59372.08984375,0
2026-04-30T01:00:00Z,59367.4609375,59368.859375,59100.0,59290.390625,0
2026-04-30T02:00:00Z,59289.28125,59474.140625,59289.28125,59304.62109375,0
2026-04-30T03:00:00Z,59080.7890625,59260.3203125,59063.26953125,59242.390625,0
2026-04-30T04:00:00Z,59242.53125,59250.26171875,58928.19921875,59064.859375,0
2026-04-30T05:00:00Z,59071.37890625,59289.44140625,59071.37890625,59166.73046875,0
2026-04-30T06:00:00Z,59171.2890625,59203.41015625,59102.44140625,59111.55078125,0
2026-05-01T00:00:00Z,59379.12109375,59657.01171875,59263.5,59517.44921875,0
2026-05-01T01:00:00Z,59510.3984375,59682.62890625,59474.05859375,59662.6796875,0
2026-05-01T02:00:00Z,59668.9609375,59702.91015625,59628.01953125,59676.0390625,0
2026-05-01T03:00:00Z,59698.87890625,59706.69921875,59590.05078125,59627.41015625,0
2026-05-01T04:00:00Z,59634.58984375,59696.80078125,59601.3984375,59658.26953125,0
2026-05-01T05:00:00Z,59659.390625,59701.55078125,59583.2109375,59590.578125,0
2026-05-01T06:00:00Z,59591.8515625,59609.0,59469.390625,59509.55859375,0
2026-05-07T00:00:00Z,60241.30859375,62200.2890625,60213.01953125,62200.2890625,0
2026-05-07T01:00:00Z,62190.171875,62799.19140625,62070.69921875,62762.05078125,0
2026-05-07T02:00:00Z,62755.58984375,62922.26171875,62747.0,62915.87109375,0
2026-05-07T03:00:00Z,62743.41015625,62931.08984375,62743.41015625,62842.48828125,0
2026-05-07T04:00:00Z,62842.6796875,63007.51953125,62788.98046875,62971.87109375,0
2026-05-07T05:00:00Z,62972.23046875,63091.140625,62972.23046875,62999.0390625,0
2026-05-07T06:00:00Z,62992.890625,63038.26171875,59513.12109375,62917.609375,0
2026-05-08T00:00:00Z,62654.01171875,62660.890625,62290.828125,62581.3515625,0
2026-05-08T01:00:00Z,62590.359375,62724.359375,62349.7109375,62380.94140625,0
2026-05-08T02:00:00Z,62387.37890625,62400.171875,62137.94921875,62174.12109375,0
2026-05-08T03:00:00Z,62266.69921875,62485.19921875,62250.69921875,62458.01171875,0
2026-05-08T04:00:00Z,62450.26171875,62544.0703125,62346.26953125,62472.44921875,0
2026-05-08T05:00:00Z,62471.41015625,62696.0,62471.41015625,62646.46875,0
2026-05-08T06:00:00Z,62647.94140625,62712.5,62577.76171875,62615.328125,0
2026-05-11T00:00:00Z,63203.44140625,63385.0390625,62989.3515625,63009.05859375,0
2026-05-11T01:00:00Z,63003.5390625,63106.03125,62482.73046875,62517.5390625,0
2026-05-11T02:00:00Z,62532.328125,62587.01171875,62437.19921875,62486.83984375,0
2026-05-11T03:00:00Z,62566.01171875,62660.359375,62451.53125,62624.4609375,0
2026-05-11T04:00:00Z,62620.80859375,62750.98046875,62545.609375,62576.19921875,0
2026-05-11T05:00:00Z,62586.359375,62599.51171875,62440.71875,62453.23828125,0
2026-05-11T06:00:00Z,62452.12890625,62477.8515625,62380.62109375,62437.76953125,0
2026-05-12T00:00:00Z,62618.71875,63218.51171875,62516.94921875,63172.48046875,0
2026-05-12T01:00:00Z,63167.78125,63191.12890625,62158.4296875,62426.12890625,0
2026-05-12T02:00:00Z,62424.828125,62805.44140625,62383.609375,62805.44140625,0
2026-05-12T03:00:00Z,62831.41015625,62900.55078125,62692.23828125,62715.37890625,0
2026-05-12T04:00:00Z,62723.55078125,62877.55078125,62600.94140625,62600.94140625,0
2026-05-12T05:00:00Z,62588.48828125,62785.26953125,62588.48828125,62718.62890625,0
2026-05-12T06:00:00Z,62719.28125,62843.62109375,62667.1484375,62716.75,0
2026-05-13T00:00:00Z,62398.01953125,62729.21875,62318.87109375,62451.26171875,0
2026-05-13T01:00:00Z,62445.37109375,63108.6796875,62445.2109375,62924.26953125,0
2026-05-13T02:00:00Z,62930.30078125,62946.1015625,62769.44140625,62930.19921875,0
2026-05-13T03:00:00Z,62933.19921875,63204.578125,62904.98046875,63124.890625,0
2026-05-13T04:00:00Z,63124.30078125,63305.28125,63070.51171875,63247.46875,0
2026-05-13T05:00:00Z,63241.62109375,63347.91015625,63197.359375,63244.51953125,0
2026-05-13T06:00:00Z,63245.87890625,63270.58984375,63129.76171875,63232.1796875,0
2026-05-14T00:00:00Z,63263.4609375,63799.3203125,63263.4609375,63728.87890625,0
2026-05-14T01:00:00Z,63726.0703125,63797.8203125,63509.91015625,63516.640625,0
2026-05-14T02:00:00Z,63515.30078125,63600.25,63377.05859375,63448.87109375,0
2026-05-14T03:00:00Z,63441.5,63441.7109375,63275.5390625,63316.94140625,0
2026-05-14T04:00:00Z,63319.3203125,63425.19140625,63058.640625,63081.46875,0
2026-05-14T05:00:00Z,63068.5,63157.69921875,62661.08984375,62831.1796875,0
2026-05-14T06:00:00Z,62830.578125,62873.87109375,62691.62890625,62737.53125,0
2026-05-15T00:00:00Z,62878.7109375,63235.76953125,62380.58984375,62511.9296875,0
2026-05-15T01:00:00Z,62520.4296875,62546.01171875,61873.9296875,61892.48828125,0
2026-05-15T02:00:00Z,61895.12890625,61989.7109375,61740.98046875,61849.80859375,0
2026-05-15T03:00:00Z,61949.48828125,62015.8984375,61809.109375,61855.55859375,0
2026-05-15T04:00:00Z,61858.44140625,61860.98828125,61567.4296875,61567.4296875,0
2026-05-15T05:00:00Z,61575.6796875,61575.6796875,60937.30078125,60971.3203125,0
2026-05-15T06:00:00Z,60973.921875,61302.6484375,60940.9296875,61242.69921875,0
2026-05-18T00:00:00Z,61299.87109375,61478.55078125,60809.80078125,61131.6484375,0
2026-05-18T01:00:00Z,61117.53125,61173.6796875,60376.98046875,60715.12890625,0
2026-05-18T02:00:00Z,60708.609375,60902.12890625,60600.51953125,60843.08984375,0
2026-05-18T03:00:00Z,60745.421875,60950.0703125,60635.1484375,60912.98046875,0
2026-05-18T04:00:00Z,60910.328125,61094.05859375,60847.69140625,60926.91015625,0
2026-05-18T05:00:00Z,60923.171875,61129.0390625,60810.41015625,60956.51171875,0
2026-05-18T06:00:00Z,60954.5703125,60954.5703125,60760.4296875,60819.5703125,0
2026-05-19T00:00:00Z,61202.83984375,61456.30859375,60837.8203125,60870.2109375,0
2026-05-19T01:00:00Z,60884.078125,61066.44921875,60620.328125,60740.87109375,0
2026-05-19T02:00:00Z,60750.0390625,60750.0390625,60425.328125,60429.76171875,0
2026-05-19T03:00:00Z,60696.41015625,60770.30078125,60456.76171875,60500.46875,0
2026-05-19T04:00:00Z,60501.41015625,60637.48828125,60256.328125,60576.05078125,0
2026-05-19T05:00:00Z,60579.23046875,60632.4609375,60367.44921875,60435.4609375,0
2026-05-19T06:00:00Z,60435.73828125,60563.7890625,60368.51953125,60513.0703125,0
2026-05-20T00:00:00Z,60567.26953125,60567.26953125,59292.25,59815.640625,0
2026-05-20T01:00:00Z,59818.7109375,60028.6015625,59399.66015625,59793.23046875,0
2026-05-20T02:00:00Z,59788.37109375,59879.91015625,59737.37890625,59764.16015625,0
2026-05-20T03:00:00Z,59447.328125,59717.25,59414.28125,59695.578125,0
2026-05-20T04:00:00Z,59691.921875,59826.83984375,59499.30078125,59516.3203125,0
2026-05-20T05:00:00Z,59516.28125,59775.98046875,59493.859375,59767.69140625,0
2026-05-20T06:00:00Z,59771.66015625,59923.55859375,59674.859375,59874.80078125,0
2026-05-21T00:00:00Z,60374.83984375,61765.78125,60282.3515625,61663.3984375,0
2026-05-21T01:00:00Z,61660.5,61962.58984375,61660.5,61872.2109375,0
2026-05-21T02:00:00Z,61872.390625,61964.640625,61861.71875,61945.33984375,0
2026-05-21T03:00:00Z,61839.21875,61997.19921875,61811.48046875,61933.12109375,0
2026-05-21T04:00:00Z,61923.9609375,62039.01171875,61885.671875,61886.921875,0
2026-05-21T05:00:00Z,61886.46875,62043.53125,61627.3984375,61765.28125,0
2026-05-21T06:00:00Z,61768.05078125,61816.640625,61625.25,61701.0703125,0
2026-05-22T00:00:00Z,61913.359375,62923.0390625,61842.55859375,62891.23046875,0
2026-05-22T01:00:00Z,62886.05859375,63019.0,62791.41015625,62962.8515625,0
2026-05-22T02:00:00Z,62961.859375,63168.12890625,62958.5,63094.609375,0
2026-05-22T03:00:00Z,63127.75,63381.109375,63102.87109375,63363.1796875,0
2026-05-22T04:00:00Z,63365.890625,63425.578125,63254.5,63360.6484375,0
2026-05-22T05:00:00Z,63358.58984375,63432.41015625,63213.66015625,63222.96875,0
2026-05-22T06:00:00Z,63216.6015625,63383.21875,63158.58984375,63324.2109375,0
2026-05-25T00:00:00Z,63658.94921875,65254.0,63562.51171875,65096.4296875,0
2026-05-25T01:00:00Z,65101.30078125,65408.87109375,65079.44921875,65373.19140625,0
2026-05-25T02:00:00Z,65364.71875,65377.62109375,65023.71875,65142.80859375,0
2026-05-25T03:00:00Z,65143.78125,65346.46875,65093.53125,65240.0,0
2026-05-25T04:00:00Z,65252.4296875,65362.359375,65215.55859375,65294.37109375,0
2026-05-25T05:00:00Z,65295.4609375,65339.94921875,65102.44921875,65126.48046875,0
2026-05-25T06:00:00Z,65116.640625,65200.66015625,65080.41015625,65184.23046875,0
2026-05-26T00:00:00Z,65247.23828125,65317.69140625,64605.69140625,64990.6796875,0
2026-05-26T01:00:00Z,64978.0,65182.28125,64682.53125,64995.28125,0
2026-05-26T02:00:00Z,64992.87109375,65017.26953125,64847.37109375,64897.640625,0
2026-05-26T03:00:00Z,64991.05078125,65114.1796875,64938.12890625,65102.69140625,0
2026-05-26T04:00:00Z,65105.98828125,65153.0703125,64964.3984375,64970.21875,0
2026-05-26T05:00:00Z,64965.51171875,65121.859375,64807.30859375,64915.87109375,0
2026-05-26T06:00:00Z,64913.078125,65101.53125,64865.12109375,65053.078125,0
2026-05-27T00:00:00Z,65777.8671875,66428.8125,65554.1328125,65760.8828125,0
2026-05-27T01:00:00Z,65768.2578125,66145.7109375,65596.203125,65609.59375,0
2026-05-27T02:00:00Z,65594.328125,65852.78125,65513.23046875,65816.6171875,0
2026-05-27T03:00:00Z,65811.0703125,65826.2578125,65590.171875,65649.921875,0
2026-05-27T04:00:00Z,65642.2734375,65666.53125,65256.30078125,65290.75,0
2026-05-27T05:00:00Z,65280.23046875,65416.01953125,65182.55859375,65333.7109375,0
2026-05-27T06:00:00Z,65321.6484375,65349.08984375,65093.48828125,65095.55859375,0
2026-05-28T00:00:00Z,64770.76171875,65165.75,64468.55859375,65129.8984375,0
2026-05-28T01:00:00Z,65126.23046875,65150.48046875,64797.01171875,65070.578125,0
2026-05-28T02:00:00Z,65070.94140625,65155.05078125,64953.4609375,65039.78125,0
2026-05-28T03:00:00Z,64571.5390625,64625.94140625,64092.0390625,64228.30859375,0
2026-05-28T04:00:00Z,64220.44921875,64220.44921875,63875.0390625,63979.328125,0
2026-05-28T05:00:00Z,63981.83984375,64685.1796875,63935.98046875,64567.6015625,0
2026-05-28T06:00:00Z,64565.7890625,64723.01171875,64537.0,64711.12109375,0
2026-05-29T00:00:00Z,65133.96875,66041.828125,65133.96875,65699.109375,0
2026-05-29T01:00:00Z,65700.6875,66041.546875,65681.5390625,65887.6484375,0
2026-05-29T02:00:00Z,65873.078125,66017.6015625,65796.9375,65896.5703125,0
2026-05-29T03:00:00Z,66097.5625,66201.9921875,66034.0703125,66144.2734375,0
2026-05-29T04:00:00Z,66140.0,66417.15625,66138.75,66305.109375,0
2026-05-29T05:00:00Z,66304.421875,66473.1328125,66289.4765625,66429.53125,0
2026-05-29T06:00:00Z,66429.3984375,66505.0234375,66342.0078125,66362.671875,0
2026-06-01T00:00:00Z,66363.4296875,66957.609375,66244.84375,66810.3671875,0
2026-06-01T01:00:00Z,66815.3828125,67231.28125,66781.0078125,67039.2890625,0
2026-06-01T02:00:00Z,67037.703125,67083.21875,66914.796875,67038.2421875,0
2026-06-01T03:00:00Z,67006.7578125,67119.109375,66665.453125,66709.2734375,0
2026-06-01T04:00:00Z,66714.5390625,66968.3203125,66702.0625,66886.578125,0
2026-06-01T05:00:00Z,66886.796875,67000.1484375,66635.0390625,66957.6171875,0
2026-06-01T06:00:00Z,66957.2421875,67146.0390625,66957.2421875,67010.9296875,0
2026-06-02T00:00:00Z,66629.6015625,66748.0625,65970.859375,66017.3671875,0
2026-06-02T01:00:00Z,66036.84375,66427.8125,65763.1484375,65769.4609375,0
2026-06-02T02:00:00Z,65772.8515625,65936.1328125,65625.90625,65833.4921875,0
2026-06-02T03:00:00Z,65647.21875,65936.1875,65551.1328125,65894.4296875,0
2026-06-02T04:00:00Z,65898.109375,66305.9921875,65846.6015625,66296.046875,0
2026-06-02T05:00:00Z,66298.3515625,66722.1796875,66298.3515625,66620.53125,0
2026-06-02T06:00:00Z,66619.7265625,66683.53125,66580.9765625,66672.6484375,0
2026-06-03T00:00:00Z,67238.53125,68249.3671875,67238.53125,68242.640625,0
2026-06-03T01:00:00Z,68246.5078125,68293.8828125,68079.2421875,68272.78125,0
2026-06-03T02:00:00Z,68276.90625,68473.296875,68258.96875,68452.453125,0
2026-06-03T03:00:00Z,68463.65625,68738.2890625,68463.65625,68591.5234375,0
2026-06-03T04:00:00Z,68581.328125,68786.4921875,68527.3984375,68570.203125,0
2026-06-03T05:00:00Z,68570.0625,68750.078125,68538.15625,68677.9296875,0
2026-06-03T06:00:00Z,68682.7109375,68774.859375,68454.4609375,68465.5625,0
2026-06-04T00:00:00Z,67860.84375,68051.9375,67228.6015625,67264.7109375,0
2026-06-04T01:00:00Z,67245.140625,67444.296875,67078.578125,67161.203125,0
2026-06-04T02:00:00Z,67164.2265625,67168.2734375,66920.796875,67101.828125,0
2026-06-04T03:00:00Z,67324.703125,67482.890625,67184.09375,67249.078125,0
2026-06-04T04:00:00Z,67250.75,67491.609375,67188.8203125,67396.2578125,0
2026-06-04T05:00:00Z,67396.3828125,67504.2734375,67264.6484375,67386.1796875,0
2026-06-04T06:00:00Z,67386.1875,67445.921875,67281.28125,67339.921875,0
2026-06-05T00:00:00Z,67115.0,67115.0,66146.8515625,66314.8828125,0
2026-06-05T01:00:00Z,66300.4296875,66531.8828125,65862.2109375,66522.4765625,0
2026-06-05T02:00:00Z,66517.5625,66720.90625,66383.9296875,66661.46875,0
2026-06-05T03:00:00Z,66464.203125,66552.6796875,66312.34375,66404.046875,0
2026-06-05T04:00:00Z,66404.59375,66741.6171875,66332.390625,66710.5234375,0
2026-06-05T05:00:00Z,66708.140625,66839.078125,66528.546875,66573.8515625,0
2026-06-05T06:00:00Z,66572.578125,66756.90625,66554.078125,66611.7421875,0
2026-06-08T00:00:00Z,65947.5625,66115.1796875,63987.01953125,64251.51171875,0
2026-06-08T01:00:00Z,64248.828125,64265.12109375,63406.66015625,63928.3515625,0
2026-06-08T02:00:00Z,63932.1484375,64066.9609375,63772.0703125,64040.3984375,0
2026-06-08T03:00:00Z,64157.05859375,64274.03125,64039.51171875,64181.94921875,0
2026-06-08T04:00:00Z,64194.921875,64237.98828125,63815.140625,63861.01953125,0
2026-06-08T05:00:00Z,63859.078125,64044.3203125,63451.37109375,63692.78125,0
2026-06-08T06:00:00Z,63697.75,63852.359375,63582.3984375,63825.5390625,0
2026-06-09T00:00:00Z,64625.26171875,65042.4296875,63918.9609375,64100.41015625,0
2026-06-09T01:00:00Z,64081.03125,64767.41015625,63977.6484375,64484.76953125,0
2026-06-09T02:00:00Z,64486.25,64683.69140625,64463.12890625,64654.21875,0
2026-06-09T03:00:00Z,64868.98046875,65256.4296875,64814.26171875,65201.4609375,0
2026-06-09T04:00:00Z,65205.76171875,65436.51171875,65123.73046875,65302.46875,0
2026-06-09T05:00:00Z,65290.78125,65485.16015625,65193.41015625,65285.28125,0
2026-06-09T06:00:00Z,65288.75,65393.26953125,65108.87109375,65387.140625,0
2026-06-10T00:00:00Z,64952.37890625,65098.859375,64441.609375,64854.71875,0
2026-06-10T01:00:00Z,64838.6796875,65080.66015625,64648.3515625,64682.41015625,0
2026-06-10T02:00:00Z,64677.98828125,64782.578125,64577.7890625,64681.390625,0
2026-06-10T03:00:00Z,64688.171875,64768.30859375,64379.16015625,64493.76953125,0
2026-06-10T04:00:00Z,64497.01953125,64522.6796875,63777.76953125,63906.16015625,0
2026-06-10T05:00:00Z,63901.66015625,64215.12109375,63733.0390625,64170.21875,0
2026-06-10T06:00:00Z,64169.55859375,64380.19140625,64153.23828125,64174.33984375,0
2026-06-11T00:00:00Z,63329.171875,63660.9296875,62335.75,63456.8515625,0
2026-06-11T01:00:00Z,63440.37109375,64198.8203125,63440.37109375,63619.76953125,0
2026-06-11T02:00:00Z,63616.73046875,63913.44140625,63187.44921875,63239.51953125,0
2026-06-11T03:00:00Z,63653.33984375,64228.30859375,63621.44140625,64228.30859375,0
2026-06-11T04:00:00Z,64241.62109375,64395.5,63959.62109375,64305.1484375,0
2026-06-11T05:00:00Z,64307.12109375,64316.83984375,64064.96875,64159.30859375,0
2026-06-11T06:00:00Z,64159.80859375,64261.6796875,64009.91015625,64240.1484375,0
2026-06-12T00:00:00Z,65176.23046875,67065.9375,64998.109375,66770.296875,0
2026-06-12T01:00:00Z,66769.921875,66769.921875,65827.6328125,66645.546875,0
2026-06-12T02:00:00Z,66650.75,66753.2890625,66411.890625,66442.953125,0
2026-06-12T03:00:00Z,66327.203125,66521.5,66176.09375,66477.7421875,0
2026-06-12T04:00:00Z,66507.96875,66639.0078125,66324.171875,66577.296875,0
2026-06-12T05:00:00Z,66577.59375,66658.921875,65960.7265625,65981.859375,0
2026-06-12T06:00:00Z,65983.8671875,66169.8671875,65983.8671875,66042.0625,0
2026-06-15T00:00:00Z,66783.21875,69413.8671875,66783.21875,69390.859375,0
2026-06-15T01:00:00Z,69387.9296875,69682.2265625,69209.8125,69588.15625,0
2026-06-15T02:00:00Z,69593.5078125,69657.15625,69506.0703125,69593.640625,0
2026-06-15T03:00:00Z,69542.203125,69595.4921875,69257.6796875,69272.453125,0
2026-06-15T04:00:00Z,69265.3828125,69361.6015625,69162.5234375,69230.3515625,0
2026-06-15T05:00:00Z,69232.3984375,69336.4375,69069.7265625,69300.7421875,0
2026-06-15T06:00:00Z,69310.046875,69376.421875,69259.8515625,69351.6171875,0
2026-06-16T00:00:00Z,69288.90625,69620.640625,69095.671875,69228.2109375,0
2026-06-16T01:00:00Z,69214.359375,69349.8984375,69131.2734375,69203.2578125,0
2026-06-16T02:00:00Z,69203.2890625,69292.1484375,69119.296875,69234.421875,0
2026-06-16T03:00:00Z,69497.6796875,70020.6796875,69495.90625,69695.890625,0
2026-06-16T04:00:00Z,69691.8125,69819.7734375,69477.796875,69494.296875,0
2026-06-16T05:00:00Z,69493.1015625,69737.9609375,69303.6875,69348.0390625,0
2026-06-16T06:00:00Z,69346.296875,69487.6875,69307.5625,69360.6796875,0
2026-06-17T00:00:00Z,69005.8828125,69652.71875,68985.6328125,69591.0234375,0
2026-06-17T01:00:00Z,69591.7734375,69923.859375,69470.9765625,69860.5078125,0
2026-06-17T02:00:00Z,69861.1796875,69932.0390625,69733.140625,69926.078125,0
2026-06-17T03:00:00Z,69736.0625,70125.75,69716.3984375,70111.1796875,0
2026-06-17T04:00:00Z,70113.8125,70124.5625,69619.65625,69837.0,0
2026-06-17T05:00:00Z,69838.578125,70023.8671875,69838.578125,69942.5625,0
2026-06-17T06:00:00Z,69943.90625,70022.8984375,69910.328125,70002.3515625,0
2026-06-18T00:00:00Z,70163.7109375,71395.0703125,70092.9375,70952.4375,0
2026-06-18T01:00:00Z,70961.9765625,71398.578125,70923.4921875,71125.2890625,0
2026-06-18T02:00:00Z,71122.9765625,71236.1875,71015.71875,71052.296875,0
2026-06-18T03:00:00Z,70874.0390625,71245.0078125,70765.2109375,71237.7578125,0
2026-06-18T04:00:00Z,71238.9375,71349.9609375,71058.4296875,71127.03125,0
2026-06-18T05:00:00Z,71128.671875,71311.046875,71086.578125,71156.5234375,0
2026-06-18T06:00:00Z,71163.9296875,71292.4921875,71044.0625,71142.2109375,0
2026-06-19T00:00:00Z,71551.03125,71952.9921875,71302.0078125,71622.203125,0
2026-06-19T01:00:00Z,71613.203125,71743.40625,71201.8515625,71206.90625,0
2026-06-19T02:00:00Z,71219.359375,71363.8984375,71116.1171875,71314.671875,0
2026-06-19T03:00:00Z,71091.140625,71174.4765625,70882.4296875,70998.9609375,0
2026-06-19T04:00:00Z,71017.453125,71099.65625,70517.9765625,70639.7890625,0
2026-06-19T05:00:00Z,70646.8125,70823.5,70603.0703125,70811.1875,0
2026-06-19T06:00:00Z,70812.5390625,71028.1015625,70762.2890625,70954.3125,0
2026-06-22T00:00:00Z,71067.1484375,72310.296875,71009.5234375,72256.7734375,0
2026-06-22T01:00:00Z,72254.4296875,72584.1484375,72210.65625,72552.34375,0
2026-06-22T02:00:00Z,72550.453125,72747.828125,72538.3671875,72648.46875,0
2026-06-22T03:00:00Z,72599.9765625,72831.7265625,72599.9765625,72630.0,0
2026-06-22T04:00:00Z,72627.3671875,72646.7890625,72311.53125,72562.5078125,0
2026-06-22T05:00:00Z,72561.53125,72588.0625,72342.421875,72374.203125,0
2026-06-22T06:00:00Z,72362.3125,72465.75,72329.3515625,72431.5625,0
2026-06-23T00:00:00Z,72404.3671875,72618.4375,71789.1328125,72134.6875,0
2026-06-23T01:00:00Z,72128.546875,72366.7265625,71577.7734375,71577.7734375,0
2026-06-23T02:00:00Z,71579.5078125,71753.21875,71430.5234375,71711.671875,0
2026-06-23T03:00:00Z,71396.40625,71491.15625,71074.7265625,71483.6171875,0
2026-06-23T04:00:00Z,71478.0390625,71584.1875,70857.640625,70927.9921875,0
2026-06-23T05:00:00Z,70926.09375,71092.53125,70105.328125,70198.71875,0
2026-06-23T06:00:00Z,70194.96875,70341.3515625,69891.40625,69935.53125,0
2026-06-24T00:00:00Z,69615.078125,70218.7109375,69271.25,69510.078125,0
2026-06-24T01:00:00Z,69531.140625,69695.578125,69113.75,69601.03125,0
2026-06-24T02:00:00Z,69591.828125,69782.34375,69275.828125,69523.7890625,0
2026-06-24T03:00:00Z,69285.6796875,69370.9765625,68886.3671875,69102.1328125,0
2026-06-24T04:00:00Z,69098.328125,69138.2109375,68461.1015625,69086.09375,0
2026-06-24T05:00:00Z,69091.8828125,69694.796875,69091.8828125,69337.4765625,0
2026-06-24T06:00:00Z,69349.7734375,69394.3671875,69211.59375,69274.6171875,0
2026-06-25T00:00:00Z,70114.09375,71186.1796875,69982.671875,71036.046875,0
2026-06-25T01:00:00Z,71055.296875,71757.78125,71000.15625,71739.3828125,0
2026-06-25T02:00:00Z,71729.6015625,71886.9375,71491.3828125,71854.8828125,0
2026-06-25T03:00:00Z,71949.5,72068.53125,71896.5234375,72029.6171875,0
2026-06-25T04:00:00Z,72025.421875,72129.6484375,71787.0,72067.8828125,0
2026-06-25T05:00:00Z,72077.4296875,72422.5625,72077.4296875,72372.9296875,0
2026-06-25T06:00:00Z,72375.03125,72594.21875,72361.6484375,72527.5234375,0
2026-06-26T00:00:00Z,71587.7109375,71786.28125,70085.3125,70237.2421875,0
2026-06-26T01:00:00Z,70243.8671875,70590.3828125,69769.6328125,69921.7109375,0
2026-06-26T02:00:00Z,69903.3203125,69968.828125,69488.8203125,69602.71875,0
2026-06-26T03:00:00Z,69155.640625,69230.0078125,68639.84375,69223.2109375,0
2026-06-26T04:00:00Z,69195.4296875,69487.0234375,68703.8828125,68863.9375,0
2026-06-26T05:00:00Z,68881.3671875,69357.671875,68804.7421875,69113.6328125,0
2026-06-26T06:00:00Z,69105.890625,69234.421875,69010.1171875,69105.796875,0
2026-06-29T00:00:00Z,69609.8828125,69609.8828125,67997.5703125,68935.109375,0
2026-06-29T01:00:00Z,68937.3125,69153.4609375,68453.78125,68982.2421875,0
2026-06-29T02:00:00Z,68984.3203125,68984.3203125,68477.0390625,68869.4296875,0
2026-06-29T03:00:00Z,68866.703125,69090.2421875,68615.140625,69077.46875,0
2026-06-29T04:00:00Z,69082.8125,69082.8125,68542.59375,68556.8203125,0
2026-06-29T05:00:00Z,68557.7421875,69308.796875,68449.046875,69305.203125,0
2026-06-29T06:00:00Z,69295.59375,69429.8828125,69126.3515625,69382.0703125,0
2026-06-30T00:00:00Z,70085.6015625,70584.21875,69302.1875,69755.0234375,0
2026-06-30T01:00:00Z,69750.328125,70252.5234375,69487.15625,69965.578125,0
2026-06-30T02:00:00Z,69981.078125,70129.7890625,69790.40625,70116.8203125,0
2026-06-30T03:00:00Z,70218.078125,70479.140625,70161.5625,70258.578125,0
2026-06-30T04:00:00Z,70260.046875,70667.0,70260.046875,70547.453125,0
2026-06-30T05:00:00Z,70548.09375,70658.53125,70358.5078125,70376.53125,0
2026-06-30T06:00:00Z,70377.75,70411.03125,70140.9375,70181.8203125,0
2026-07-01T00:00:00Z,70774.28125,71962.34375,70774.28125,71539.8203125,0
2026-07-01T01:00:00Z,71521.40625,71676.2421875,70362.96875,70445.640625,0
2026-07-01T02:00:00Z,70451.5703125,70469.109375,70126.140625,70246.65625,0
2026-07-01T03:00:00Z,70244.8125,70693.21875,70229.5234375,70636.7890625,0
2026-07-01T04:00:00Z,70630.71875,70760.1015625,70372.1171875,70596.0078125,0
2026-07-01T05:00:00Z,70600.796875,70763.078125,70504.46875,70628.2109375,0
2026-07-01T06:00:00Z,70635.1796875,70674.328125,70408.8828125,70426.71875,0
2026-07-02T00:00:00Z,70039.890625,70081.390625,68676.2578125,69025.71875,0
2026-07-02T01:00:00Z,68999.09375,69867.3125,68944.2109375,69857.1015625,0
2026-07-02T02:00:00Z,69849.75,69885.7421875,69591.75,69591.75,0
2026-07-02T03:00:00Z,69495.7265625,69711.3984375,69297.0,69402.859375,0
2026-07-02T04:00:00Z,69413.7265625,69528.2421875,69065.1875,69292.78125,0
2026-07-02T05:00:00Z,69293.796875,69588.359375,69112.609375,69122.5390625,0
2026-07-02T06:00:00Z,69119.0,69141.75,68749.1796875,68749.1796875,0
2026-07-03T00:00:00Z,68676.0625,68858.2265625,67609.4921875,68129.0390625,0
2026-07-03T01:00:00Z,68126.1484375,69075.3203125,68104.8984375,69053.609375,0
2026-07-03T02:00:00Z,69054.921875,69292.6484375,69019.09375,69243.6796875,0
2026-07-03T03:00:00Z,69415.9375,69519.109375,68829.9765625,69287.2265625,0
2026-07-03T04:00:00Z,69294.15625,69687.5,69264.5390625,69550.109375,0
2026-07-03T05:00:00Z,69541.0,69638.828125,69361.3671875,69615.6171875,0
2026-07-03T06:00:00Z,69617.90625,69788.03125,69567.2890625,69773.9921875,0
2026-07-06T00:00:00Z,69973.34375,70384.59375,69291.7890625,69753.7421875,0
2026-07-06T01:00:00Z,69730.8984375,69741.1328125,69131.6015625,69244.1328125,0
2026-07-06T02:00:00Z,69244.5234375,69348.703125,68904.40625,68919.140625,0
2026-07-06T03:00:00Z,69140.71875,69228.703125,68961.7734375,69218.6484375,0
2026-07-06T04:00:00Z,69205.96875,69573.421875,69023.34375,69530.1875,0
2026-07-06T05:00:00Z,69528.296875,69633.28125,69231.53125,69592.9375,0
2026-07-06T06:00:00Z,69589.140625,69662.421875,69502.2421875,69655.328125,0
2026-07-07T00:00:00Z,69460.078125,69957.5078125,69163.5625,69183.296875,0
2026-07-07T01:00:00Z,69195.390625,69302.3203125,68668.5078125,68818.6796875,0
2026-07-07T02:00:00Z,68828.703125,69088.1875,68800.5390625,68848.59375,0
2026-07-07T03:00:00Z,68583.8125,68828.6875,68412.1328125,68537.3984375,0
2026-07-07T04:00:00Z,68535.0078125,68698.5703125,68306.09375,68367.6015625,0
2026-07-07T05:00:00Z,68386.71875,68678.1171875,68003.921875,68580.328125,0
2026-07-07T06:00:00Z,68565.578125,68650.8203125,68272.828125,68409.9296875,0
2026-07-08T00:00:00Z,67704.15625,68432.6796875,67122.4921875,68296.5390625,0
2026-07-08T01:00:00Z,68306.3515625,68388.40625,67658.7578125,67821.71875,0
2026-07-08T02:00:00Z,67803.4296875,67941.953125,67495.0234375,67758.640625,0
2026-07-08T03:00:00Z,68223.046875,68343.7421875,67926.0390625,67928.7734375,0
2026-07-08T04:00:00Z,67927.15625,67953.671875,67410.8828125,67629.1875,0
2026-07-08T05:00:00Z,67639.2734375,67863.6015625,67157.3203125,67340.953125,0
2026-07-08T06:00:00Z,67348.9765625,67348.9765625,67042.3828125,67171.6796875,0
2026-07-09T00:00:00Z,67046.3671875,68313.7421875,67008.890625,68000.703125,0
2026-07-09T01:00:00Z,68000.640625,68395.0703125,67815.6171875,67850.7734375,0
2026-07-09T02:00:00Z,67840.96875,68447.890625,67727.5703125,68180.546875,0
2026-07-09T03:00:00Z,67974.828125,68113.71875,67870.1875,67986.0703125,0
2026-07-09T04:00:00Z,67988.8671875,68071.90625,67653.6484375,67862.25,0
2026-07-09T05:00:00Z,67848.7734375,68097.390625,67481.203125,68091.046875,0
2026-07-09T06:00:00Z,68096.1015625,68141.4375,67775.3984375,67830.7890625,0
2026-07-10T00:00:00Z,68526.71875,69136.328125,68271.90625,69136.328125,0
2026-07-10T01:00:00Z,69148.078125,69374.859375,68788.71875,69239.6171875,0
2026-07-10T02:00:00Z,69248.6328125,69248.6328125,68765.4296875,68943.7578125,0
2026-07-10T03:00:00Z,69088.640625,69146.0625,68880.46875,68978.5390625,0
2026-07-10T04:00:00Z,68982.9375,69070.828125,68703.8828125,68763.4609375,0
2026-07-10T05:00:00Z,68765.59375,68884.34375,68641.7265625,68659.3671875,0
2026-07-10T06:00:00Z,68667.25,68729.1875,68464.140625,68469.359375,0
2026-07-13T00:00:00Z,68410.6328125,69078.2109375,67942.9609375,68075.6875,0
2026-07-13T01:00:00Z,68076.703125,68226.3671875,67243.0234375,67417.109375,0
2026-07-13T02:00:00Z,67428.8828125,67834.5,67230.453125,67786.859375,0
2026-07-13T03:00:00Z,67425.859375,67445.65625,67106.8203125,67129.7734375,0
2026-07-13T04:00:00Z,67130.5078125,67147.109375,66863.3828125,66950.75,0
2026-07-13T05:00:00Z,66934.0234375,67312.609375,66653.109375,67298.9375,0
2026-07-13T06:00:00Z,67291.2578125,67349.296875,67026.078125,67132.8671875,0
2026-07-14T00:00:00Z,67002.9375,67391.7421875,66268.6015625,67337.578125,0
2026-07-14T01:00:00Z,67343.7109375,67521.1015625,66931.5703125,66951.140625,0
2026-07-14T02:00:00Z,66975.6328125,67111.6484375,66537.4609375,66678.359375,0
2026-07-14T03:00:00Z,66685.7734375,67094.7734375,66685.7734375,67045.2734375,0
2026-07-14T04:00:00Z,67031.5625,67453.78125,66754.0625,67425.3203125,0
2026-07-14T05:00:00Z,67418.0625,67800.1796875,67337.4765625,67624.9765625,0
2026-07-14T06:00:00Z,67625.8828125,67776.390625,67588.2421875,67746.8203125,0
2026-07-15T00:00:00Z,67989.7421875,68765.7265625,67989.7421875,68241.8984375,0
2026-07-15T01:00:00Z,68239.640625,68317.71875,67833.171875,68317.71875,0
2026-07-15T02:00:00Z,68323.1015625,68420.3828125,68261.7578125,68353.90625,0
2026-07-15T03:00:00Z,68545.1484375,68615.6484375,68402.0625,68592.0625,0
2026-07-15T04:00:00Z,68596.65625,68676.15625,68477.7578125,68606.4296875,0
2026-07-15T05:00:00Z,68607.328125,68798.2421875,68385.5625,68696.921875,0
2026-07-15T06:00:00Z,68700.7421875,68753.84375,68611.9375,68655.390625,0
2026-07-16T00:00:00Z,67900.4296875,68069.8203125,66538.3203125,66656.3984375,0
2026-07-16T01:00:00Z,66680.25,66978.390625,66521.3203125,66754.9296875,0
2026-07-16T02:00:00Z,66750.8203125,66796.7890625,66499.4921875,66796.7890625,0
2026-07-16T03:00:00Z,66820.09375,67150.171875,66819.3984375,67149.1015625,0
2026-07-16T04:00:00Z,67156.78125,67197.96875,66702.9921875,66743.6875,0
2026-07-16T05:00:00Z,66752.4609375,67128.2109375,66580.890625,66636.0390625,0
2026-07-16T06:00:00Z,66636.8515625,67020.8203125,66515.8203125,66909.90625,0
2026-07-17T00:00:00Z,66339.8515625,66441.7734375,64104.78125,64663.859375,0
2026-07-17T01:00:00Z,64671.12890625,65037.75,64132.01953125,64183.28125,0
2026-07-17T02:00:00Z,64182.26171875,64263.48828125,63896.48046875,63896.48046875,0
2026-07-17T03:00:00Z,64220.62109375,64220.62109375,63685.9609375,63690.2890625,0
2026-07-17T04:00:00Z,63686.7109375,63723.328125,62704.6015625,63252.23828125,0
2026-07-17T05:00:00Z,63262.44140625,63682.69140625,63126.5703125,63682.69140625,0
2026-07-17T06:00:00Z,63675.328125,64113.2109375,63675.328125,64113.2109375,0
2026-07-21T00:00:00Z,64544.05078125,65138.96875,64203.46875,64855.23046875,0
2026-07-21T01:00:00Z,64841.19140625,65642.59375,64599.5703125,65197.66015625,0
2026-07-21T02:00:00Z,65220.0,65409.5390625,65023.671875,65255.6796875,0
2026-07-21T03:00:00Z,65589.2421875,65989.140625,65510.83984375,65984.9375,0
2026-07-21T04:00:00Z,65985.71875,66031.921875,65715.859375,65853.1875,0
2026-07-21T05:00:00Z,65857.4921875,66114.6328125,65641.2890625,66008.703125,0
2026-07-21T06:00:00Z,66000.5625,66130.2578125,65969.7734375,66067.90625,0
2026-07-22T00:00:00Z,66449.2734375,67592.203125,66429.5703125,67365.1875,0
2026-07-22T01:00:00Z,67356.03125,67578.828125,67123.3125,67520.7109375,0
2026-07-22T02:00:00Z,67514.640625,67547.7890625,67344.3203125,67511.1171875,0
2026-07-22T03:00:00Z,67335.5234375,67379.5078125,66777.15625,66918.109375,0
2026-07-22T04:00:00Z,66921.4609375,67080.6796875,66646.9375,66744.546875,0
2026-07-22T05:00:00Z,66761.2734375,66770.1328125,66148.21875,66237.578125,0
2026-07-22T06:00:00Z,66243.8515625,66243.8515625,65955.6015625,66005.15625,0
2026-07-23T00:00:00Z,66421.0078125,66972.34375,66362.4375,66949.859375,0
2026-07-23T01:00:00Z,66946.59375,67022.3671875,66497.2109375,66529.5078125,0
2026-07-23T02:00:00Z,66531.328125,66671.6484375,66372.6796875,66424.4375,0
2026-07-23T03:00:00Z,66343.8828125,66601.2109375,66287.3515625,66564.0,0
2026-07-23T04:00:00Z,66559.90625,66601.4921875,66317.3828125,66511.578125,0
2026-07-23T05:00:00Z,66509.9296875,66803.9765625,66351.203125,66357.359375,0
2026-07-23T06:00:00Z,66354.296875,66442.3671875,66208.65625,66306.75,0
2026-07-24T00:00:00Z,65584.25,65720.8125,64489.98046875,64796.05078125,0
2026-07-24T01:00:00Z,64792.03125,64855.26953125,64334.2890625,64374.2890625,0
2026-07-24T02:00:00Z,64380.30859375,64568.75,64356.19921875,64568.75,0
2026-07-24T03:00:00Z,64436.62109375,64507.8203125,64226.5390625,64261.46875,0
2026-07-24T04:00:00Z,64269.1484375,64622.75,64201.03125,64514.359375,0
2026-07-24T05:00:00Z,64516.6484375,64641.48828125,64397.53125,64459.69140625,0
2026-07-24T06:00:00Z,64457.51953125,64625.05859375,64364.0703125,64604.83984375,0
2026-07-24T06:30:00Z,64611.1484375,64611.1484375,64611.1484375,64611.1484375,0
