timestamp_utc,open,high,low,close,volume
2000-01-03T14:30:00Z,3755.74,3836.86,3643.25,3724.69,
2000-01-03T18:30:00Z,3725.33,3790.55,3711.64,3790.55,
2000-01-04T14:30:00Z,3766.57,3766.57,3603.73,3634.4,
2000-01-04T18:30:00Z,3634.81,3665.78,3542.73,3546.2,
2000-01-05T14:30:00Z,3543.13,3543.13,3371.75,3461.01,
2000-01-05T18:30:00Z,3460.28,3576.17,3456.19,3507.31,
2000-01-06T14:30:00Z,3488.31,3513.55,3404.75,3446.63,
2000-01-06T18:30:00Z,3446.14,3448.81,3334.02,3340.81,
2000-01-07T14:30:00Z,3337.26,3438.82,3314.75,3434.91,
2000-01-07T18:30:00Z,3436.62,3529.75,3419.85,3529.6,
2000-01-10T14:30:00Z,3558.21,3675.78,3558.21,3662.12,
2000-01-10T18:30:00Z,3662.44,3756.17,3662.44,3717.41,
2000-01-11T14:30:00Z,3715.22,3717.17,3610.71,3643.24,
2000-01-11T18:30:00Z,3642.17,3671.73,3517.79,3544.35,
2000-01-12T14:30:00Z,3548.77,3572.62,3447.9,3538.62,
2000-01-12T18:30:00Z,3538.2,3540.14,3463.83,3478.14,
2000-01-13T14:30:00Z,3495.83,3572.92,3494.39,3523.59,
2000-01-13T18:30:00Z,3523.36,3612.43,3522.07,3612.08,
2000-01-14T14:30:00Z,3653.3,3744.89,3653.3,3732.77,
2000-01-14T18:30:00Z,3733.13,3738.27,3696.54,3704.74,
2000-01-18T14:30:00Z,3704.74,3744.81,3665.87,3741.28,
2000-01-18T18:30:00Z,3740.7,3779.56,3725.45,3757.78,
2000-01-19T14:30:00Z,3741.45,3792.44,3711.96,3783.85,
2000-01-19T18:30:00Z,3784.85,3803.72,3765.22,3790.89,
2000-01-20T14:30:00Z,3798.84,3877.43,3782.43,3821.34,
2000-01-20T18:30:00Z,3821.04,3864.63,3808.84,3841.74,
2000-01-21T14:30:00Z,3841.74,3891.81,3806.58,3850.09,
2000-01-21T18:30:00Z,3851.09,3861.18,3838.2,3849.96,
2000-01-24T14:30:00Z,3888.33,3905.1,3826.53,3847.74,
2000-01-24T18:30:00Z,3848.22,3849.06,3660.86,3660.96,
2000-01-25T14:30:00Z,3667.02,3709.39,3591.34,3653.48,
2000-01-25T18:30:00Z,3653.23,3759.33,3595.5,3759.11,
2000-01-26T14:30:00Z,3762.69,3762.69,3671.58,3699.8,
2000-01-26T18:30:00Z,3699.26,3720.94,3621.1,3621.21,
2000-01-27T14:30:00Z,3628.88,3701.3,3581.12,3622.54,
2000-01-27T18:30:00Z,3623.59,3631.53,3512.07,3593.15,
2000-01-28T14:30:00Z,3595.89,3618.08,3451.0,3484.51,
2000-01-28T18:30:00Z,3483.57,3490.88,3408.03,3446.13,
2000-01-31T14:30:00Z,3438.09,3489.96,3349.06,3420.23,
2000-01-31T18:30:00Z,3420.22,3570.59,3390.82,3570.05,
2000-02-01T14:30:00Z,3580.29,3659.71,3544.93,3658.13,
2000-02-01T18:30:00Z,3658.17,3703.59,3626.25,3701.78,
2000-02-02T14:30:00Z,3700.2,3743.28,3693.95,3726.69,
2000-02-02T18:30:00Z,3727.07,3785.36,3695.98,3724.46,
2000-02-03T14:30:00Z,3726.13,3820.03,3704.23,3785.81,
2000-02-03T18:30:00Z,3785.5,3857.34,3784.37,3851.16,
2000-02-04T14:30:00Z,3858.6,3920.28,3858.6,3920.1,
2000-02-04T18:30:00Z,3919.96,3929.81,3856.83,3874.37,
2000-02-07T14:30:00Z,3873.43,3907.12,3858.89,3875.49,
2000-02-07T18:30:00Z,3875.22,3933.75,3863.64,3933.34,
2000-02-08T14:30:00Z,3932.24,4022.97,3932.24,4008.81,
2000-02-08T18:30:00Z,4009.44,4063.79,4007.47,4062.77,
2000-02-09T14:30:00Z,4061.74,4087.84,3987.46,4010.01,
2000-02-09T18:30:00Z,4011.29,4032.26,3966.33,3968.46,
2000-02-10T14:30:00Z,3974.83,4067.95,3956.9,4046.71,
2000-02-10T18:30:00Z,4046.36,4090.07,4004.94,4090.0,
2000-02-11T14:30:00Z,4090.26,4090.26,3998.84,4038.4,
2000-02-11T18:30:00Z,4038.69,4040.04,3933.78,3968.89,
2000-02-14T14:30:00Z,3969.95,4005.59,3921.62,3930.48,
2000-02-14T18:30:00Z,3929.9,3988.47,3918.87,3986.13,
2000-02-15T14:30:00Z,3983.85,3983.85,3848.37,3903.16,
2000-02-15T18:30:00Z,3902.73,4024.13,3880.9,3997.03,
2000-02-16T14:30:00Z,3997.03,4039.43,3982.55,4013.76,
2000-02-16T18:30:00Z,4013.14,4063.58,3984.24,3997.97,
2000-02-17T14:30:00Z,4012.29,4108.08,3993.57,4107.65,
2000-02-17T18:30:00Z,4108.64,4127.35,4073.15,4125.38,
2000-02-18T14:30:00Z,4130.55,4135.6,4038.54,4042.29,
2000-02-18T18:30:00Z,4042.69,4058.06,3959.83,3965.75,
2000-02-22T14:30:00Z,3970.53,4001.07,3856.02,3916.59,
2000-02-22T18:30:00Z,3916.45,3992.47,3878.46,3969.13,
2000-02-23T14:30:00Z,3966.0,4071.47,3966.0,4069.94,
2000-02-23T18:30:00Z,4069.28,4198.16,4069.28,4170.09,
2000-02-24T14:30:00Z,4169.66,4247.24,4101.48,4182.49,
2000-02-24T18:30:00Z,4182.77,4253.75,4103.26,4253.05,
2000-02-25T14:30:00Z,4254.56,4297.46,4215.17,4237.37,
2000-02-25T18:30:00Z,4237.87,4250.64,4169.34,4178.58,
2000-02-28T14:30:00Z,4178.58,4178.58,4024.08,4097.83,
2000-02-28T18:30:00Z,4098.16,4224.95,4091.98,4162.13,
2000-02-29T14:30:00Z,4174.75,4261.95,4174.75,4242.93,
2000-02-29T18:30:00Z,4243.47,4269.76,4207.4,4266.94,
2000-03-01T14:30:00Z,4275.72,4346.41,4275.16,4317.9,
2000-03-01T18:30:00Z,4318.24,4325.96,4269.66,4309.01,
2000-03-02T14:30:00Z,4311.97,4337.65,4197.98,4239.0,
2000-03-02T18:30:00Z,4239.46,4285.02,4224.23,4234.26,
2000-03-03T14:30:00Z,4257.53,4394.47,4257.53,4380.45,
2000-03-03T18:30:00Z,4379.64,4442.87,4372.93,4442.87,
2000-03-06T14:30:00Z,4448.48,4527.82,4439.77,4513.72,
2000-03-06T18:30:00Z,4515.35,4528.69,4436.6,4457.18,
2000-03-07T14:30:00Z,4489.49,4560.96,4413.06,4482.61,
2000-03-07T18:30:00Z,4480.56,4487.69,4355.61,4390.83,
2000-03-08T14:30:00Z,4409.98,4470.28,4266.87,4337.5,
2000-03-08T18:30:00Z,4337.39,4453.72,4336.09,4445.68,
2000-03-09T14:30:00Z,4446.48,4509.69,4379.6,4495.78,
2000-03-09T18:30:00Z,4494.33,4587.55,4481.49,4586.26,
2000-03-10T14:30:00Z,4586.26,4659.72,4549.07,4611.07,
2000-03-10T18:30:00Z,4610.31,4655.33,4580.18,4587.16,
2000-03-13T14:30:00Z,4585.16,4585.16,4387.74,4515.96,
2000-03-13T18:30:00Z,4516.56,4526.95,4426.56,4426.8,
2000-03-14T14:30:00Z,4448.63,4537.99,4336.76,4390.57,
2000-03-14T18:30:00Z,4390.51,4409.88,4226.79,4226.99,
2000-03-15T14:30:00Z,4250.74,4283.4,4110.76,4202.67,
2000-03-15T18:30:00Z,4201.58,4229.41,4094.04,4130.01,
2000-03-16T14:30:00Z,4141.23,4246.56,4049.98,4139.52,
2000-03-16T18:30:00Z,4141.33,4353.59,4141.33,4353.33,
2000-03-17T14:30:00Z,4349.26,4439.35,4342.11,4404.47,
2000-03-17T18:30:00Z,4405.34,4441.0,4393.95,4440.45,
2000-03-20T14:30:00Z,4443.35,4460.37,4360.08,4363.06,
2000-03-20T18:30:00Z,4362.65,4381.1,4260.92,4261.15,
2000-03-21T14:30:00Z,4259.58,4338.91,4155.34,4296.66,
2000-03-21T18:30:00Z,4296.65,4450.41,4261.16,4449.33,
2000-03-22T14:30:00Z,4449.22,4575.86,4449.22,4559.48,
2000-03-22T18:30:00Z,4558.98,4639.12,4539.45,4596.81,
2000-03-23T14:30:00Z,4594.37,4689.4,4547.0,4674.32,
2000-03-23T18:30:00Z,4674.04,4704.21,4644.44,4660.62,
2000-03-24T14:30:00Z,4659.76,4816.35,4659.76,4760.77,
2000-03-24T18:30:00Z,4758.47,4758.47,4608.92,4691.61,
2000-03-27T14:30:00Z,4687.6,4781.19,4687.6,4748.45,
2000-03-27T18:30:00Z,4747.98,4755.32,4697.83,4704.73,
2000-03-28T14:30:00Z,4705.75,4714.35,4602.47,4651.79,
2000-03-28T18:30:00Z,4651.79,4677.04,4582.45,4583.39,
2000-03-29T14:30:00Z,4583.81,4615.09,4410.67,4461.99,
2000-03-29T18:30:00Z,4462.09,4524.14,4408.6,4413.92,
2000-03-30T14:30:00Z,4376.41,4491.08,4289.52,4355.12,
2000-03-30T18:30:00Z,4352.94,4360.35,4151.12,4250.19,
2000-03-31T14:30:00Z,4268.64,4358.43,4171.09,4319.47,
2000-03-31T18:30:00Z,4319.09,4424.43,4309.91,4397.84,
2000-04-03T13:30:00Z,4355.7,4355.7,4138.82,4139.83,
2000-04-03T17:30:00Z,4139.07,4210.83,4041.24,4077.02,
2000-04-04T13:30:00Z,4089.78,4146.5,3525.44,3664.28,
2000-04-04T17:30:00Z,3669.47,4081.82,3669.47,4034.17,
2000-04-05T13:30:00Z,4028.4,4113.08,3884.32,4095.2,
2000-04-05T17:30:00Z,4093.61,4156.43,3984.04,4030.26,
2000-04-06T13:30:00Z,4036.39,4161.42,4036.39,4122.12,
2000-04-06T17:30:00Z,4123.54,4138.79,4005.31,4086.73,
2000-04-07T13:30:00Z,4111.18,4238.53,4111.18,4222.06,
2000-04-07T17:30:00Z,4221.47,4292.88,4180.16,4291.53,
2000-04-10T13:30:00Z,4293.63,4308.62,4115.37,4121.3,
2000-04-10T17:30:00Z,4122.34,4153.46,3998.1,3998.26,
2000-04-11T13:30:00Z,3987.24,4030.74,3829.39,4021.6,
2000-04-11T17:30:00Z,4019.71,4049.55,3859.47,3909.21,
2000-04-12T13:30:00Z,3909.0,3943.68,3709.48,3773.42,
2000-04-12T17:30:00Z,3774.06,3791.19,3632.41,3633.63,
2000-04-13T13:30:00Z,3645.79,3831.7,3561.82,3752.53,
2000-04-13T17:30:00Z,3751.64,3779.62,3552.51,3553.81,
2000-04-14T13:30:00Z,3536.41,3536.41,3258.46,3417.35,
2000-04-14T17:30:00Z,3417.93,3423.11,3138.42,3207.96,
2000-04-17T13:30:00Z,3194.5,3381.24,3107.42,3275.14,
2000-04-17T17:30:00Z,3273.39,3530.67,3204.25,3529.45,
2000-04-18T13:30:00Z,3531.07,3696.96,3511.81,3670.53,
2000-04-18T17:30:00Z,3670.17,3717.66,3596.81,3715.81,
2000-04-19T13:30:00Z,3720.24,3753.45,3615.46,3688.64,
2000-04-19T17:30:00Z,3689.24,3700.69,3578.9,3583.07,
2000-04-20T13:30:00Z,3587.27,3632.24,3453.3,3490.32,
2000-04-20T17:30:00Z,3490.77,3553.32,3467.22,3505.29,
2000-04-24T13:30:00Z,3448.23,3448.23,3254.76,3322.79,
2000-04-24T17:30:00Z,3323.7,3359.98,3200.9,3353.53,
2000-04-25T13:30:00Z,3371.21,3524.49,3371.21,3486.13,
2000-04-25T17:30:00Z,3488.74,3622.29,3488.74,3621.56,
2000-04-26T13:30:00Z,3622.8,3690.29,3563.25,3576.39,
2000-04-26T17:30:00Z,3577.53,3622.32,3505.11,3505.71,
2000-04-27T13:30:00Z,3504.2,3620.61,3390.6,3573.97,
2000-04-27T17:30:00Z,3573.71,3692.92,3573.71,3692.57,
2000-04-28T13:30:00Z,3696.42,3769.3,3696.42,3760.06,
2000-04-28T17:30:00Z,3761.92,3790.78,3720.29,3773.18,
2000-05-01T13:30:00Z,3789.2,3871.93,3777.05,3798.5,
2000-05-01T17:30:00Z,3799.34,3851.74,3796.58,3829.84,
2000-05-02T13:30:00Z,3768.04,3824.47,3713.13,3804.64,
2000-05-02T17:30:00Z,3805.26,3807.44,3626.54,3627.31,
2000-05-03T13:30:00Z,3627.31,3627.31,3486.14,3517.05,
2000-05-03T17:30:00Z,3517.14,3567.49,3435.3,3562.16,
2000-05-04T13:30:00Z,3561.72,3627.35,3518.12,3541.82,
2000-05-04T17:30:00Z,3542.62,3597.8,3523.77,3570.73,
2000-05-05T13:30:00Z,3571.27,3692.4,3534.07,3664.17,
2000-05-05T17:30:00Z,3664.56,3689.4,3635.25,3688.36,
2000-05-08T13:30:00Z,3688.36,3688.36,3558.86,3563.22,
2000-05-08T17:30:00Z,3563.76,3588.85,3521.05,3521.6,
2000-05-09T13:30:00Z,3525.23,3567.96,3420.54,3445.77,
2000-05-09T17:30:00Z,3445.43,3497.94,3401.82,3445.26,
2000-05-10T13:30:00Z,3436.68,3436.68,3245.66,3246.13,
2000-05-10T17:30:00Z,3246.0,3371.57,3234.96,3244.73,
2000-05-11T13:30:00Z,3311.51,3373.54,3237.86,3339.15,
2000-05-11T17:30:00Z,3340.2,3381.7,3311.62,3381.57,
2000-05-12T13:30:00Z,3381.57,3504.81,3381.57,3463.9,
2000-05-12T17:30:00Z,3461.95,3473.47,3392.57,3406.25,
2000-05-15T13:30:00Z,3404.56,3424.78,3314.44,3401.14,
2000-05-15T17:30:00Z,3400.76,3512.21,3377.92,3512.11,
2000-05-16T13:30:00Z,3520.98,3653.01,3520.98,3640.7,
2000-05-16T17:30:00Z,3640.86,3653.76,3531.08,3646.89,
2000-05-17T13:30:00Z,3635.03,3635.03,3527.67,3576.96,
2000-05-17T17:30:00Z,3576.87,3618.83,3549.5,3550.5,
2000-05-18T13:30:00Z,3547.52,3575.78,3476.23,3488.77,
2000-05-18T17:30:00Z,3488.5,3518.75,3426.35,3426.35,
2000-05-19T13:30:00Z,3425.38,3425.38,3280.79,3281.07,
2000-05-19T17:30:00Z,3280.18,3329.62,3259.18,3260.64,
2000-05-22T13:30:00Z,3261.47,3268.34,3029.14,3092.57,
2000-05-22T17:30:00Z,3092.16,3269.54,3049.76,3264.71,
2000-05-23T13:30:00Z,3262.77,3298.46,3157.06,3207.6,
2000-05-23T17:30:00Z,3207.9,3236.88,3022.52,3023.42,
2000-05-24T13:30:00Z,3023.49,3094.04,2897.27,2940.53,
2000-05-24T17:30:00Z,2939.77,3185.74,2927.84,3180.31,
2000-05-25T13:30:00Z,3181.5,3290.53,3181.5,3278.07,
2000-05-25T17:30:00Z,3277.45,3280.71,3078.18,3099.28,
2000-05-26T13:30:00Z,3100.97,3170.72,3033.5,3064.39,
2000-05-26T17:30:00Z,3064.85,3108.65,3044.04,3101.44,
2000-05-30T13:30:00Z,3101.43,3288.45,3101.43,3285.52,
2000-05-30T17:30:00Z,3284.86,3415.71,3271.92,3414.03,
2000-05-31T13:30:00Z,3414.03,3458.34,3346.57,3404.81,
2000-05-31T17:30:00Z,3404.63,3439.03,3322.22,3324.08,
2000-06-01T13:30:00Z,3331.8,3507.11,3331.8,3490.36,
2000-06-01T17:30:00Z,3489.7,3526.53,3438.69,3518.98,
2000-06-02T13:30:00Z,3518.98,3743.88,3518.98,3700.92,
2000-06-02T17:30:00Z,3699.82,3759.81,3683.56,3755.67,
2000-06-05T13:30:00Z,3742.28,3817.25,3688.89,3760.71,
2000-06-05T17:30:00Z,3760.8,3761.86,3690.95,3730.31,
2000-06-06T13:30:00Z,3730.31,3801.31,3718.66,3792.0,
2000-06-06T17:30:00Z,3792.52,3797.77,3646.08,3646.32,
2000-06-07T13:30:00Z,3644.46,3693.82,3599.53,3664.22,
2000-06-07T17:30:00Z,3664.45,3736.15,3639.78,3736.01,
2000-06-08T13:30:00Z,3737.93,3791.42,3726.14,3743.18,
2000-06-08T17:30:00Z,3742.46,3754.76,3671.44,3707.31,
2000-06-09T13:30:00Z,3707.31,3785.02,3707.31,3732.72,
2000-06-09T17:30:00Z,3731.64,3770.55,3729.5,3760.26,
2000-06-12T13:30:00Z,3761.15,3779.74,3658.49,3683.56,
2000-06-12T17:30:00Z,3683.47,3716.84,3638.31,3638.42,
2000-06-13T13:30:00Z,3638.54,3660.78,3582.52,3653.48,
2000-06-13T17:30:00Z,3654.58,3766.52,3634.78,3765.81,
2000-06-14T13:30:00Z,3767.54,3793.72,3706.71,3724.24,
2000-06-14T17:30:00Z,3725.38,3737.36,3670.71,3677.49,
2000-06-15T13:30:00Z,3680.67,3727.71,3639.18,3727.71,
2000-06-15T17:30:00Z,3728.0,3755.72,3698.34,3752.01,
2000-06-16T13:30:00Z,3758.36,3810.06,3732.83,3795.53,
2000-06-16T17:30:00Z,3796.59,3817.85,3748.89,3787.36,
2000-06-19T13:30:00Z,3787.36,3811.37,3730.77,3808.13,
2000-06-19T17:30:00Z,3808.73,3935.33,3808.43,3933.7,
2000-06-20T13:30:00Z,3933.7,3990.21,3898.28,3953.12,
2000-06-20T17:30:00Z,3951.5,3956.54,3901.2,3933.83,
2000-06-21T13:30:00Z,3928.98,3958.26,3867.92,3921.53,
2000-06-21T17:30:00Z,3922.77,3981.26,3922.77,3970.0,
2000-06-22T13:30:00Z,3968.85,3968.85,3881.24,3910.65,
2000-06-22T17:30:00Z,3910.98,3931.53,3804.0,3804.11,
2000-06-23T13:30:00Z,3809.4,3821.95,3728.7,3756.34,
2000-06-23T17:30:00Z,3756.4,3763.63,3669.4,3685.3,
2000-06-26T13:30:00Z,3685.3,3777.4,3685.3,3729.6,
2000-06-26T17:30:00Z,3730.1,3771.99,3700.97,3771.45,
2000-06-27T13:30:00Z,3771.45,3804.94,3728.37,3729.29,
2000-06-27T17:30:00Z,3728.56,3746.32,3698.5,3699.0,
2000-06-28T13:30:00Z,3701.11,3784.75,3701.11,3768.82,
2000-06-28T17:30:00Z,3767.9,3817.5,3751.88,3771.06,
2000-06-29T13:30:00Z,3764.83,3764.83,3634.03,3684.29,
2000-06-29T17:30:00Z,3684.17,3740.25,3665.1,3665.83,
2000-06-30T13:30:00Z,3666.18,3744.5,3666.18,3730.71,
2000-06-30T17:30:00Z,3730.13,3764.96,3699.96,3763.79,
2000-07-03T13:30:00Z,3763.79,3811.59,3744.63,3804.85,
2000-07-03T17:30:00Z,3804.85,3804.85,3804.78,3804.78,
2000-07-05T13:30:00Z,3804.96,3804.96,3706.21,3708.22,
2000-07-05T17:30:00Z,3708.61,3724.94,3646.46,3649.8,
2000-07-06T13:30:00Z,3648.13,3722.69,3610.27,3710.79,
2000-07-06T17:30:00Z,3710.26,3793.9,3697.74,3793.48,
2000-07-07T13:30:00Z,3793.01,3879.29,3781.56,3849.07,
2000-07-07T17:30:00Z,3849.54,3884.84,3840.31,3841.27,
2000-07-10T13:30:00Z,3841.51,3841.51,3785.23,3818.96,
2000-07-10T17:30:00Z,3818.64,3837.47,3767.56,3772.2,
2000-07-11T13:30:00Z,3772.61,3835.02,3740.17,3749.6,
2000-07-11T17:30:00Z,3750.28,3764.58,3720.02,3744.53,
2000-07-12T13:30:00Z,3810.36,3874.0,3792.98,3863.6,
2000-07-12T17:30:00Z,3864.07,3909.41,3859.12,3901.12,
2000-07-13T13:30:00Z,3901.12,3967.06,3900.23,3946.95,
2000-07-13T17:30:00Z,3947.34,3991.87,3934.25,3956.67,
2000-07-14T13:30:00Z,3962.82,4022.12,3962.68,4011.32,
2000-07-14T17:30:00Z,4011.19,4051.9,4007.76,4041.15,
2000-07-17T13:30:00Z,4041.15,4089.04,4007.62,4071.4,
2000-07-17T17:30:00Z,4070.86,4088.62,4056.84,4061.88,
2000-07-18T13:30:00Z,4060.31,4060.31,3949.85,3991.72,
2000-07-18T17:30:00Z,3991.89,4003.41,3960.56,3960.96,
2000-07-19T13:30:00Z,3960.96,3960.96,3864.15,3884.13,
2000-07-19T17:30:00Z,3883.33,3901.3,3835.12,3843.98,
2000-07-20T13:30:00Z,3843.98,3997.13,3843.98,3966.72,
2000-07-20T17:30:00Z,3968.06,3999.06,3965.14,3995.46,
2000-07-21T13:30:00Z,3992.83,3992.83,3892.25,3932.42,
2000-07-21T17:30:00Z,3932.86,3941.27,3907.98,3908.75,
2000-07-24T13:30:00Z,3908.75,3966.83,3844.63,3852.57,
2000-07-24T17:30:00Z,3853.84,3857.16,3787.29,3790.62,
2000-07-25T13:30:00Z,3790.62,3856.97,3762.0,3840.27,
2000-07-25T17:30:00Z,3840.09,3871.64,3816.96,3865.39,
2000-07-26T13:30:00Z,3865.33,3865.33,3741.84,3786.34,
2000-07-26T17:30:00Z,3786.96,3849.52,3784.45,3818.28,
2000-07-27T13:30:00Z,3816.49,3816.49,3686.0,3722.39,
2000-07-27T17:30:00Z,3722.14,3753.49,3680.78,3681.63,
2000-07-28T13:30:00Z,3689.69,3716.95,3486.45,3561.39,
2000-07-28T17:30:00Z,3561.39,3571.96,3452.95,3477.31,
2000-07-31T13:30:00Z,3477.53,3597.71,3437.59,3591.35,
2000-07-31T17:30:00Z,3590.55,3610.95,3562.25,3609.35,
2000-08-01T13:30:00Z,3609.35,3609.35,3541.28,3557.8,
2000-08-01T17:30:00Z,3556.85,3587.4,3518.61,3521.15,
2000-08-02T13:30:00Z,3521.15,3617.25,3488.2,3582.61,
2000-08-02T17:30:00Z,3583.39,3583.48,3486.46,3490.34,
2000-08-03T13:30:00Z,3490.34,3549.67,3341.83,3511.59,
2000-08-03T17:30:00Z,3511.54,3625.64,3492.96,3623.5,
2000-08-04T13:30:00Z,3624.17,3715.57,3593.24,3594.09,
2000-08-04T17:30:00Z,3594.29,3634.1,3577.13,3618.63,
2000-08-07T13:30:00Z,3618.63,3726.9,3618.63,3713.33,
2000-08-07T17:30:00Z,3713.51,3721.22,3667.29,3710.39,
2000-08-08T13:30:00Z,3708.95,3741.51,3673.08,3673.08,
2000-08-08T17:30:00Z,3674.2,3704.23,3671.75,3686.37,
2000-08-09T13:30:00Z,3708.63,3780.43,3708.63,3744.37,
2000-08-09T17:30:00Z,3744.48,3746.15,3691.7,3693.04,
2000-08-10T13:30:00Z,3687.69,3690.61,3621.95,3642.48,
2000-08-10T17:30:00Z,3642.59,3645.12,3594.8,3595.19,
2000-08-11T13:30:00Z,3595.15,3645.77,3521.53,3645.77,
2000-08-11T17:30:00Z,3644.01,3645.4,3609.89,3644.61,
2000-08-14T13:30:00Z,3644.63,3667.01,3616.71,3641.74,
2000-08-14T17:30:00Z,3641.43,3720.81,3640.56,3719.61,
2000-08-15T13:30:00Z,3718.7,3752.43,3691.27,3713.8,
2000-08-15T17:30:00Z,3713.88,3761.56,3700.5,3722.62,
2000-08-16T13:30:00Z,3722.62,3791.22,3715.35,3719.92,
2000-08-16T17:30:00Z,3720.64,3735.6,3704.51,3721.25,
2000-08-17T13:30:00Z,3721.25,3811.21,3716.67,3805.9,
2000-08-17T17:30:00Z,3804.91,3839.76,3795.01,3830.59,
2000-08-18T13:30:00Z,3830.59,3868.74,3806.9,3833.29,
2000-08-18T17:30:00Z,3832.41,3833.28,3799.97,3807.51,
2000-08-21T13:30:00Z,3809.86,3878.67,3809.86,3847.85,
2000-08-21T17:30:00Z,3847.21,3847.75,3785.2,3827.62,
2000-08-22T13:30:00Z,3832.1,3876.63,3832.1,3872.27,
2000-08-22T17:30:00Z,3872.58,3898.12,3827.3,3827.89,
2000-08-23T13:30:00Z,3818.06,3861.62,3760.12,3861.62,
2000-08-23T17:30:00Z,3861.95,3899.96,3861.62,3896.92,
2000-08-24T13:30:00Z,3897.05,3936.79,3884.57,3930.59,
2000-08-24T17:30:00Z,3930.61,3954.6,3901.37,3949.57,
2000-08-25T13:30:00Z,3945.5,3986.73,3915.79,3949.24,
2000-08-25T17:30:00Z,3949.74,3950.69,3921.56,3931.25,
2000-08-28T13:30:00Z,3933.33,3987.71,3928.8,3973.92,
2000-08-28T17:30:00Z,3974.47,3978.32,3947.3,3954.24,
2000-08-29T13:30:00Z,3955.54,3969.85,3923.42,3969.27,
2000-08-29T17:30:00Z,3968.63,3970.92,3944.34,3951.94,
2000-08-30T13:30:00Z,3951.67,3965.4,3921.49,3955.02,
2000-08-30T17:30:00Z,3955.44,3984.19,3938.71,3968.73,
2000-08-31T13:30:00Z,3971.32,4048.33,3971.32,4036.3,
2000-08-31T17:30:00Z,4036.55,4080.48,4036.55,4077.59,
2000-09-01T13:30:00Z,4084.11,4147.19,4057.44,4097.96,
2000-09-01T17:30:00Z,4096.53,4100.0,4076.6,4099.3,
2000-09-05T13:30:00Z,4085.89,4085.89,4011.34,4026.97,
2000-09-05T17:30:00Z,4027.35,4041.32,3986.28,3987.03,
2000-09-06T13:30:00Z,3978.23,3983.74,3899.85,3899.85,
2000-09-06T17:30:00Z,3899.92,3912.82,3837.33,3837.62,
2000-09-07T13:30:00Z,3847.79,3955.27,3847.79,3937.51,
2000-09-07T17:30:00Z,3937.05,3963.94,3925.02,3953.36,
2000-09-08T13:30:00Z,3949.15,3949.15,3822.38,3878.86,
2000-09-08T17:30:00Z,3879.65,3887.2,3811.6,3813.44,
2000-09-11T13:30:00Z,3813.44,3852.45,3734.29,3778.87,
2000-09-11T17:30:00Z,3778.18,3794.56,3690.47,3706.74,
2000-09-12T13:30:00Z,3706.74,3792.38,3706.74,3775.73,
2000-09-12T17:30:00Z,3775.25,3775.84,3645.28,3666.87,
2000-09-13T13:30:00Z,3666.87,3737.21,3610.65,3703.03,
2000-09-13T17:30:00Z,3704.79,3752.45,3704.79,3741.75,
2000-09-14T13:30:00Z,3741.75,3834.51,3741.75,3799.25,
2000-09-14T17:30:00Z,3798.79,3799.79,3715.65,3737.42,
2000-09-15T13:30:00Z,3731.73,3748.76,3665.54,3688.98,
2000-09-15T17:30:00Z,3688.69,3688.69,3640.58,3676.33,
2000-09-18T13:30:00Z,3676.33,3723.67,3554.22,3554.22,
2000-09-18T17:30:00Z,3552.34,3638.42,3548.59,3585.52,
2000-09-19T13:30:00Z,3588.37,3696.83,3588.37,3685.44,
2000-09-19T17:30:00Z,3686.04,3756.87,3686.04,3756.4,
2000-09-20T13:30:00Z,3756.4,3776.38,3671.74,3671.74,
2000-09-20T17:30:00Z,3669.76,3810.3,3660.31,3790.45,
2000-09-21T13:30:00Z,3790.45,3790.45,3694.62,3746.0,
2000-09-21T17:30:00Z,3745.6,3748.65,3691.93,3718.15,
2000-09-22T13:30:00Z,3718.15,3718.15,3505.18,3616.36,
2000-09-22T17:30:00Z,3616.68,3701.39,3612.78,3701.18,
2000-09-25T13:30:00Z,3753.31,3774.78,3704.85,3720.17,
2000-09-25T17:30:00Z,3719.22,3719.59,3611.09,3622.1,
2000-09-26T13:30:00Z,3643.65,3696.99,3589.65,3624.94,
2000-09-26T17:30:00Z,3625.81,3655.73,3566.71,3582.59,
2000-09-27T13:30:00Z,3631.08,3648.94,3562.56,3630.4,
2000-09-27T17:30:00Z,3630.26,3630.67,3533.67,3571.9,
2000-09-28T13:30:00Z,3556.99,3697.25,3556.34,3682.11,
2000-09-28T17:30:00Z,3681.08,3725.75,3671.58,3725.15,
2000-09-29T13:30:00Z,3684.87,3690.24,3613.53,3620.86,
2000-09-29T17:30:00Z,3621.51,3641.49,3569.72,3570.61,
2000-10-02T13:30:00Z,3613.74,3613.86,3480.03,3494.12,
2000-10-02T17:30:00Z,3495.48,3497.83,3447.71,3457.97,
2000-10-03T13:30:00Z,3528.0,3544.54,3441.43,3499.61,
2000-10-03T17:30:00Z,3499.35,3533.89,3351.61,3353.34,
2000-10-04T13:30:00Z,3337.91,3440.09,3291.61,3411.29,
2000-10-04T17:30:00Z,3410.98,3476.52,3367.74,3453.36,
2000-10-05T13:30:00Z,3421.46,3492.28,3401.56,3424.76,
2000-10-05T17:30:00Z,3424.17,3465.39,3392.0,3424.32,
2000-10-06T13:30:00Z,3432.82,3468.28,3304.71,3316.57,
2000-10-06T17:30:00Z,3316.75,3351.0,3262.8,3311.94,
2000-10-09T13:30:00Z,3306.75,3316.42,3185.28,3308.38,
2000-10-09T17:30:00Z,3307.02,3359.93,3287.46,3318.9,
2000-10-10T13:30:00Z,3271.69,3336.61,3205.62,3256.15,
2000-10-10T17:30:00Z,3257.43,3257.43,3175.38,3188.29,
2000-10-11T13:30:00Z,3077.51,3220.52,3047.17,3158.35,
2000-10-11T17:30:00Z,3159.29,3210.41,3086.43,3100.53,
2000-10-12T13:30:00Z,3175.75,3183.96,3023.8,3080.1,
2000-10-12T17:30:00Z,3078.66,3080.92,3000.43,3004.45,
2000-10-13T13:30:00Z,2990.99,3174.65,2990.99,3165.55,
2000-10-13T17:30:00Z,3165.0,3278.77,3158.08,3277.77,
2000-10-16T13:30:00Z,3265.96,3296.9,3203.13,3230.98,
2000-10-16T17:30:00Z,3231.33,3296.95,3227.25,3249.46,
2000-10-17T13:30:00Z,3313.81,3326.13,3158.56,3169.85,
2000-10-17T17:30:00Z,3169.71,3180.74,3127.63,3172.19,
2000-10-18T13:30:00Z,3045.7,3230.03,2982.04,3185.47,
2000-10-18T17:30:00Z,3182.98,3245.58,3136.86,3139.31,
2000-10-19T13:30:00Z,3316.63,3366.31,3271.2,3366.31,
2000-10-19T17:30:00Z,3367.37,3404.33,3321.74,3402.95,
2000-10-20T13:30:00Z,3379.73,3493.2,3378.95,3492.2,
2000-10-20T17:30:00Z,3491.79,3514.96,3445.73,3456.61,
2000-10-23T13:30:00Z,3451.4,3498.04,3396.91,3396.95,
2000-10-23T17:30:00Z,3396.68,3446.04,3378.34,3422.0,
2000-10-24T13:30:00Z,3455.37,3481.31,3393.33,3394.0,
2000-10-24T17:30:00Z,3394.52,3406.65,3326.12,3353.26,
2000-10-25T13:30:00Z,3245.69,3283.2,3141.19,3154.29,
2000-10-25T17:30:00Z,3154.28,3195.78,3086.73,3107.61,
2000-10-26T13:30:00Z,3127.44,3170.02,2976.88,2976.88,
2000-10-26T17:30:00Z,2974.03,3185.91,2956.2,3167.14,
2000-10-27T13:30:00Z,3232.2,3275.22,3109.06,3204.74,
2000-10-27T17:30:00Z,3204.03,3249.7,3143.1,3175.25,
2000-10-30T14:30:00Z,3128.94,3195.45,3038.41,3078.35,
2000-10-30T18:30:00Z,3076.64,3145.52,3058.89,3081.07,
2000-10-31T14:30:00Z,3120.21,3285.36,3120.21,3279.14,
2000-10-31T18:30:00Z,3280.48,3304.62,3234.2,3282.3,
2000-11-01T14:30:00Z,3214.4,3311.0,3176.87,3244.54,
2000-11-01T18:30:00Z,3246.96,3257.33,3192.43,3225.27,
2000-11-02T14:30:00Z,3292.13,3326.37,3259.07,3281.92,
2000-11-02T18:30:00Z,3282.27,3316.69,3275.65,3308.48,
2000-11-03T14:30:00Z,3329.26,3359.99,3275.07,3329.84,
2000-11-03T18:30:00Z,3329.79,3343.23,3317.05,3321.91,
2000-11-06T14:30:00Z,3346.15,3369.47,3310.93,3328.49,
2000-11-06T18:30:00Z,3327.42,3330.66,3285.77,3290.47,
2000-11-07T14:30:00Z,3262.58,3304.38,3217.45,3288.85,
2000-11-07T18:30:00Z,3288.56,3299.81,3250.47,3279.57,
2000-11-08T14:30:00Z,3295.77,3296.3,3123.75,3124.55,
2000-11-08T18:30:00Z,3124.22,3138.48,3058.66,3059.09,
2000-11-09T14:30:00Z,2993.02,3081.62,2958.75,2979.99,
2000-11-09T18:30:00Z,2980.81,3063.8,2923.1,3057.06,
2000-11-10T14:30:00Z,2974.43,3011.58,2926.5,2958.67,
2000-11-10T18:30:00Z,2957.6,2972.69,2890.22,2890.26,
2000-11-13T14:30:00Z,2798.95,2854.36,2742.47,2799.16,
2000-11-13T18:30:00Z,2800.12,2969.62,2800.12,2836.62,
2000-11-14T14:30:00Z,2952.62,3023.99,2926.66,3008.47,
2000-11-14T18:30:00Z,3008.3,3043.66,3000.23,3039.5,
2000-11-15T14:30:00Z,3027.61,3128.37,3017.03,3119.44,
2000-11-15T18:30:00Z,3118.57,3125.2,3001.83,3076.7,
2000-11-16T14:30:00Z,3016.8,3082.42,2974.4,2979.0,
2000-11-16T18:30:00Z,2980.06,3012.52,2925.08,2925.16,
2000-11-17T14:30:00Z,2934.51,3000.92,2850.15,2894.1,
2000-11-17T18:30:00Z,2894.31,2960.48,2886.74,2934.81,
2000-11-20T14:30:00Z,2838.29,2863.05,2779.78,2797.78,
2000-11-20T18:30:00Z,2796.66,2885.31,2791.28,2792.41,
2000-11-21T14:30:00Z,2807.42,2844.55,2745.7,2786.79,
2000-11-21T18:30:00Z,2790.14,2843.97,2776.41,2786.53,
2000-11-22T14:30:00Z,2738.29,2806.33,2681.68,2736.31,
2000-11-22T18:30:00Z,2736.32,2745.85,2667.11,2668.25,
2000-11-24T14:30:00Z,2745.39,2830.76,2740.06,2829.7,
2000-11-24T18:30:00Z,2829.7,2830.09,2829.7,2830.09,
2000-11-27T14:30:00Z,2910.57,2913.76,2804.59,2827.72,
2000-11-27T18:30:00Z,2827.35,2829.56,2759.98,2769.32,
2000-11-28T14:30:00Z,2763.86,2795.15,2666.03,2692.85,
2000-11-28T18:30:00Z,2693.18,2730.73,2619.5,2621.11,
2000-11-29T14:30:00Z,2635.05,2670.53,2551.5,2551.79,
2000-11-29T18:30:00Z,2551.97,2605.63,2520.14,2602.85,
2000-11-30T14:30:00Z,2470.66,2535.38,2431.31,2457.88,
2000-11-30T18:30:00Z,2457.98,2573.11,2426.41,2506.54,
2000-12-01T14:30:00Z,2566.68,2672.08,2557.99,2672.08,
2000-12-01T18:30:00Z,2672.35,2674.42,2499.39,2549.74,
2000-12-04T14:30:00Z,2572.88,2589.77,2475.63,2534.58,
2000-12-04T18:30:00Z,2534.02,2614.85,2531.78,2554.4,
2000-12-05T14:30:00Z,2648.54,2793.27,2633.57,2747.98,
2000-12-05T18:30:00Z,2747.85,2852.91,2747.32,2852.87,
2000-12-06T14:30:00Z,2833.38,2891.5,2802.05,2810.52,
2000-12-06T18:30:00Z,2810.15,2830.34,2721.81,2743.7,
2000-12-07T14:30:00Z,2688.61,2761.78,2648.94,2689.64,
2000-12-07T18:30:00Z,2689.78,2731.8,2664.55,2719.91,
2000-12-08T14:30:00Z,2840.2,2877.95,2803.03,2855.08,
2000-12-08T18:30:00Z,2856.53,2914.43,2827.86,2895.39,
2000-12-11T14:30:00Z,2900.28,2978.9,2848.86,2957.04,
2000-12-11T18:30:00Z,2956.44,2990.83,2922.29,2972.91,
2000-12-12T14:30:00Z,2942.35,2958.29,2896.61,2917.02,
2000-12-12T18:30:00Z,2917.24,2919.44,2862.17,2863.21,
2000-12-13T14:30:00Z,2940.18,2941.34,2787.2,2811.42,
2000-12-13T18:30:00Z,2810.26,2824.8,2741.4,2748.88,
2000-12-14T14:30:00Z,2744.26,2788.81,2692.95,2719.97,
2000-12-14T18:30:00Z,2719.91,2728.94,2638.11,2639.26,
2000-12-15T14:30:00Z,2590.84,2592.42,2511.35,2534.18,
2000-12-15T18:30:00Z,2534.0,2624.56,2511.81,2549.48,
2000-12-18T14:30:00Z,2604.08,2639.0,2521.16,2561.53,
2000-12-18T18:30:00Z,2561.5,2572.46,2511.06,2543.09,
2000-12-19T14:30:00Z,2538.86,2628.69,2518.27,2622.04,
2000-12-19T18:30:00Z,2622.02,2635.22,2397.87,2399.63,
2000-12-20T14:30:00Z,2288.28,2337.99,2244.17,2259.95,
2000-12-20T18:30:00Z,2260.72,2276.85,2199.2,2210.32,
2000-12-21T14:30:00Z,2191.82,2347.28,2174.76,2306.89,
2000-12-21T18:30:00Z,2307.65,2314.5,2188.04,2224.84,
2000-12-22T14:30:00Z,2303.21,2417.13,2303.21,2390.6,
2000-12-22T18:30:00Z,2389.89,2437.19,2316.35,2436.26,
2000-12-26T14:30:00Z,2435.51,2477.1,2364.02,2369.13,
2000-12-26T18:30:00Z,2369.73,2405.39,2332.35,2404.6,
2000-12-27T14:30:00Z,2383.42,2468.75,2362.59,2433.48,
2000-12-27T18:30:00Z,2434.19,2465.66,2426.96,2460.21,
2000-12-28T14:30:00Z,2435.84,2505.65,2426.25,2435.17,
2000-12-28T18:30:00Z,2434.89,2472.83,2420.34,2464.62,
2000-12-29T14:30:00Z,2465.37,2491.25,2379.41,2380.19,
2000-12-29T18:30:00Z,2379.37,2401.61,2328.86,2341.7,
2001-01-02T14:30:00Z,2341.28,2347.7,2160.8,2206.58,
2001-01-02T18:30:00Z,2205.62,2205.62,2105.49,2128.78,
2001-01-03T14:30:00Z,2087.32,2356.01,2087.32,2356.01,
2001-01-03T18:30:00Z,2366.87,2530.53,2366.87,2528.38,
2001-01-04T14:30:00Z,2485.52,2547.04,2472.26,2506.11,
2001-01-04T18:30:00Z,2506.02,2506.02,2432.04,2460.04,
2001-01-05T14:30:00Z,2460.81,2463.48,2300.11,2319.79,
2001-01-05T18:30:00Z,2318.61,2319.43,2252.36,2267.85,
2001-01-08T14:30:00Z,2245.44,2250.5,2174.83,2181.06,
2001-01-08T18:30:00Z,2181.0,2282.95,2151.16,2281.54,
2001-01-09T14:30:00Z,2312.53,2364.41,2274.08,2304.31,
2001-01-09T18:30:00Z,2303.84,2339.26,2289.62,2311.4,
2001-01-10T14:30:00Z,2253.85,2406.39,2237.45,2322.55,
2001-01-10T18:30:00Z,2322.67,2417.43,2317.09,2413.71,
2001-01-11T14:30:00Z,2376.86,2494.3,2376.86,2481.55,
2001-01-11T18:30:00Z,2482.69,2550.39,2482.04,2524.29,
2001-01-12T14:30:00Z,2522.45,2591.55,2471.06,2506.88,
2001-01-12T18:30:00Z,2507.28,2537.24,2485.5,2506.05,
2001-01-16T14:30:00Z,2502.66,2510.34,2432.87,2454.73,
2001-01-16T18:30:00Z,2455.37,2482.75,2439.26,2470.72,
2001-01-17T14:30:00Z,2586.8,2629.17,2584.9,2589.89,
2001-01-17T18:30:00Z,2589.26,2605.95,2539.09,2558.67,
2001-01-18T14:30:00Z,2574.64,2644.07,2533.37,2636.95,
2001-01-18T18:30:00Z,2637.4,2672.07,2624.44,2670.47,
2001-01-19T14:30:00Z,2740.11,2740.76,2633.67,2671.87,
2001-01-19T18:30:00Z,2671.63,2708.14,2651.11,2655.68,
2001-01-22T14:30:00Z,2639.61,2683.12,2598.85,2629.53,
2001-01-22T18:30:00Z,2628.66,2653.2,2615.19,2643.13,
2001-01-23T14:30:00Z,2642.33,2683.38,2618.72,2678.77,
2001-01-23T18:30:00Z,2679.27,2738.81,2679.27,2730.05,
2001-01-24T14:30:00Z,2732.92,2771.63,2703.03,2716.47,
2001-01-24T18:30:00Z,2716.4,2742.75,2692.81,2726.45,
2001-01-25T14:30:00Z,2687.05,2710.22,2638.81,2657.47,
2001-01-25T18:30:00Z,2657.43,2661.68,2595.47,2595.85,
2001-01-26T14:30:00Z,2538.28,2618.14,2526.55,2618.14,
2001-01-26T18:30:00Z,2618.17,2635.22,2604.86,2631.78,
2001-01-29T14:30:00Z,2601.67,2649.57,2578.84,2647.89,
2001-01-29T18:30:00Z,2646.73,2696.73,2644.25,2694.53,
2001-01-30T14:30:00Z,2701.34,2716.41,2662.91,2684.37,
2001-01-30T18:30:00Z,2683.5,2694.48,2661.74,2686.14,
2001-01-31T14:30:00Z,2695.03,2718.51,2676.3,2684.16,
2001-01-31T18:30:00Z,2684.48,2716.71,2591.92,2593.0,
2001-02-01T14:30:00Z,2586.24,2627.39,2554.94,2583.95,
2001-02-01T18:30:00Z,2583.31,2611.88,2563.15,2607.16,
2001-02-02T14:30:00Z,2605.64,2616.4,2518.18,2526.6,
2001-02-02T18:30:00Z,2527.02,2537.83,2471.51,2472.18,
2001-02-05T14:30:00Z,2447.72,2483.58,2425.65,2426.39,
2001-02-05T18:30:00Z,2425.64,2470.67,2409.2,2467.3,
2001-02-06T14:30:00Z,2463.5,2531.05,2462.09,2501.53,
2001-02-06T18:30:00Z,2500.25,2502.54,2456.89,2473.24,
2001-02-07T14:30:00Z,2421.64,2446.66,2363.67,2366.07,
2001-02-07T18:30:00Z,2366.13,2431.86,2349.92,2409.66,
2001-02-08T14:30:00Z,2436.48,2464.19,2378.01,2378.43,
2001-02-08T18:30:00Z,2378.02,2407.55,2355.15,2355.67,
2001-02-09T14:30:00Z,2333.01,2342.42,2282.36,2299.87,
2001-02-09T18:30:00Z,2299.72,2301.71,2247.52,2261.77,
2001-02-12T14:30:00Z,2247.2,2319.9,2229.23,2252.51,
2001-02-12T18:30:00Z,2252.27,2299.47,2251.13,2286.85,
2001-02-13T14:30:00Z,2315.46,2367.91,2309.4,2314.94,
2001-02-13T18:30:00Z,2315.01,2315.01,2208.01,2208.4,
2001-02-14T14:30:00Z,2224.35,2250.62,2173.42,2216.56,
2001-02-14T18:30:00Z,2217.65,2307.27,2217.6,2305.82,
2001-02-15T14:30:00Z,2360.56,2423.65,2355.92,2403.37,
2001-02-15T18:30:00Z,2403.27,2421.83,2356.83,2371.04,
2001-02-16T14:30:00Z,2228.77,2266.36,2216.93,2217.59,
2001-02-16T18:30:00Z,2216.58,2240.4,2187.31,2212.51,
2001-02-20T14:30:00Z,2229.91,2235.74,2128.15,2137.72,
2001-02-20T18:30:00Z,2138.11,2157.61,2094.58,2095.11,
2001-02-21T14:30:00Z,2056.15,2164.25,2056.15,2117.62,
2001-02-21T18:30:00Z,2117.92,2127.16,2044.74,2058.54,
2001-02-22T14:30:00Z,2060.18,2085.52,1958.88,2068.31,
2001-02-22T18:30:00Z,2068.39,2088.6,1982.76,2032.42,
2001-02-23T14:30:00Z,1997.55,2025.71,1941.15,1951.21,
2001-02-23T18:30:00Z,1952.51,2061.45,1935.21,2056.06,
2001-02-26T14:30:00Z,2088.03,2103.63,2020.32,2049.95,
2001-02-26T18:30:00Z,2048.42,2098.98,2033.73,2097.64,
2001-02-27T14:30:00Z,2067.15,2081.79,2013.04,2016.39,
2001-02-27T18:30:00Z,2016.26,2024.97,1963.63,1964.52,
2001-02-28T14:30:00Z,1983.35,2010.32,1895.19,1922.14,
2001-02-28T18:30:00Z,1923.97,1958.42,1880.47,1908.32,
2001-03-01T14:30:00Z,1879.84,1904.54,1847.81,1847.81,
2001-03-01T18:30:00Z,1844.58,1968.02,1837.98,1968.02,
2001-03-02T14:30:00Z,1886.04,1969.62,1866.13,1961.83,
2001-03-02T18:30:00Z,1962.93,1988.35,1879.7,1881.34,
2001-03-05T14:30:00Z,1907.74,1936.02,1892.02,1914.18,
2001-03-05T18:30:00Z,1914.08,1924.34,1899.07,1916.68,
2001-03-06T14:30:00Z,1983.28,2025.18,1983.28,2017.33,
2001-03-06T18:30:00Z,2017.01,2029.01,1973.87,1976.31,
2001-03-07T14:30:00Z,2018.9,2018.9,1965.91,2013.17,
2001-03-07T18:30:00Z,2012.56,2014.03,1985.78,1996.23,
2001-03-08T14:30:00Z,1982.44,1993.5,1941.78,1946.3,
2001-03-08T18:30:00Z,1946.31,1957.97,1933.23,1938.15,
2001-03-09T14:30:00Z,1892.79,1892.79,1822.31,1827.56,
2001-03-09T18:30:00Z,1826.98,1837.96,1802.91,1813.02,
2001-03-12T14:30:00Z,1758.06,1762.2,1698.75,1750.89,
2001-03-12T18:30:00Z,1750.09,1752.45,1679.73,1680.64,
2001-03-13T14:30:00Z,1711.99,1758.1,1691.22,1750.85,
2001-03-13T18:30:00Z,1749.85,1790.31,1729.96,1789.7,
2001-03-14T14:30:00Z,1711.06,1808.85,1700.85,1722.43,
2001-03-14T18:30:00Z,1721.5,1768.45,1718.21,1745.08,
2001-03-15T14:30:00Z,1809.5,1813.68,1756.11,1758.67,
2001-03-15T18:30:00Z,1759.48,1765.56,1697.61,1697.92,
2001-03-16T14:30:00Z,1656.78,1693.6,1627.8,1651.03,
2001-03-16T18:30:00Z,1650.11,1667.64,1634.52,1647.51,
2001-03-19T14:30:00Z,1659.7,1672.84,1632.48,1649.22,
2001-03-19T18:30:00Z,1649.24,1732.92,1648.92,1730.46,
2001-03-20T14:30:00Z,1742.99,1748.21,1719.72,1729.07,
2001-03-20T18:30:00Z,1728.84,1749.29,1614.41,1614.47,
2001-03-21T14:30:00Z,1624.31,1674.31,1594.63,1594.63,
2001-03-21T18:30:00Z,1594.39,1655.87,1594.39,1605.04,
2001-03-22T14:30:00Z,1624.81,1650.12,1582.48,1623.65,
2001-03-22T18:30:00Z,1624.8,1703.28,1603.06,1701.9,
2001-03-23T14:30:00Z,1743.96,1754.65,1667.13,1687.65,
2001-03-23T18:30:00Z,1688.33,1722.9,1679.57,1705.02,
2001-03-26T14:30:00Z,1735.53,1736.88,1707.34,1707.9,
2001-03-26T18:30:00Z,1707.6,1707.6,1667.8,1676.9,
2001-03-27T14:30:00Z,1680.73,1751.14,1664.66,1734.21,
2001-03-27T18:30:00Z,1733.78,1736.1,1708.78,1735.7,
2001-03-28T14:30:00Z,1677.63,1687.92,1629.76,1635.28,
2001-03-28T18:30:00Z,1635.54,1635.91,1600.37,1602.22,
2001-03-29T14:30:00Z,1578.99,1626.88,1566.58,1586.94,
2001-03-29T18:30:00Z,1586.61,1589.4,1543.39,1563.14,
2001-03-30T14:30:00Z,1573.82,1580.86,1530.14,1556.74,
2001-03-30T18:30:00Z,1557.02,1600.88,1556.93,1573.25,
2001-04-02T13:30:00Z,1569.66,1594.36,1524.43,1525.61,
2001-04-02T17:30:00Z,1526.19,1531.46,1499.3,1516.58,
2001-04-03T13:30:00Z,1487.87,1493.11,1413.44,1424.92,
2001-04-03T17:30:00Z,1425.17,1429.39,1390.1,1399.05,
2001-04-04T13:30:00Z,1392.03,1435.36,1368.07,1399.61,
2001-04-04T17:30:00Z,1399.33,1399.33,1348.52,1370.75,
2001-04-05T13:30:00Z,1452.04,1488.2,1434.01,1488.2,
2001-04-05T17:30:00Z,1487.88,1521.76,1479.45,1519.05,
2001-04-06T13:30:00Z,1483.96,1483.96,1440.98,1466.53,
2001-04-06T17:30:00Z,1466.51,1485.37,1425.89,1448.16,
2001-04-09T13:30:00Z,1472.81,1495.76,1442.69,1445.11,
2001-04-09T17:30:00Z,1445.0,1481.28,1437.85,1481.22,
2001-04-10T13:30:00Z,1515.58,1620.74,1515.58,1604.56,
2001-04-10T17:30:00Z,1603.96,1620.55,1586.41,1597.87,
2001-04-11T13:30:00Z,1694.6,1703.89,1624.8,1664.47,
2001-04-11T17:30:00Z,1664.72,1671.24,1626.49,1647.36,
2001-04-12T13:30:00Z,1617.95,1696.83,1605.61,1691.13,
2001-04-12T17:30:00Z,1692.89,1714.69,1674.74,1714.29,
2001-04-16T13:30:00Z,1682.17,1692.39,1649.53,1687.59,
2001-04-16T17:30:00Z,1687.99,1700.39,1630.31,1650.21,
2001-04-17T13:30:00Z,1605.54,1694.22,1603.99,1647.63,
2001-04-17T17:30:00Z,1648.28,1671.59,1634.06,1671.51,
2001-04-18T13:30:00Z,1760.05,1870.13,1739.16,1864.76,
2001-04-18T17:30:00Z,1864.85,1892.85,1825.89,1830.79,
2001-04-19T13:30:00Z,1854.2,1901.68,1829.98,1899.79,
2001-04-19T17:30:00Z,1899.6,1953.57,1896.79,1953.28,
2001-04-20T13:30:00Z,1933.61,1981.9,1901.4,1927.0,
2001-04-20T17:30:00Z,1927.99,1946.65,1913.81,1933.57,
2001-04-23T13:30:00Z,1881.52,1881.54,1824.64,1834.72,
2001-04-23T17:30:00Z,1834.96,1835.25,1802.82,1811.89,
2001-04-24T13:30:00Z,1809.47,1860.08,1787.56,1826.45,
2001-04-24T17:30:00Z,1826.06,1829.57,1756.3,1762.21,
2001-04-25T13:30:00Z,1758.07,1793.77,1743.45,1767.55,
2001-04-25T17:30:00Z,1767.36,1824.88,1766.38,1814.33,
2001-04-26T13:30:00Z,1839.4,1844.57,1804.8,1835.28,
2001-04-26T17:30:00Z,1835.05,1835.05,1761.67,1763.33,
2001-04-27T13:30:00Z,1808.92,1822.44,1786.11,1802.4,
2001-04-27T17:30:00Z,1802.36,1812.71,1777.19,1810.47,
2001-04-30T13:30:00Z,1855.9,1906.9,1843.99,1897.61,
2001-04-30T17:30:00Z,1897.41,1899.56,1826.12,1855.15,
2001-05-01T13:30:00Z,1854.67,1857.71,1822.86,1857.71,
2001-05-01T17:30:00Z,1858.09,1919.45,1850.06,1919.01,
2001-05-02T13:30:00Z,1958.17,1979.32,1916.73,1942.81,
2001-05-02T17:30:00Z,1943.75,1980.13,1943.75,1962.42,
2001-05-03T13:30:00Z,1913.93,1919.62,1869.33,1879.3,
2001-05-03T17:30:00Z,1878.57,1886.12,1853.84,1877.8,
2001-05-04T13:30:00Z,1820.57,1920.98,1810.86,1903.81,
2001-05-04T17:30:00Z,1904.02,1930.03,1895.82,1923.81,
2001-05-07T13:30:00Z,1924.68,1948.02,1890.6,1901.16,
2001-05-07T17:30:00Z,1901.6,1929.3,1891.08,1895.41,
2001-05-08T13:30:00Z,1939.02,1939.66,1887.23,1899.56,
2001-05-08T17:30:00Z,1899.86,1930.77,1895.89,1929.24,
2001-05-09T13:30:00Z,1885.0,1921.87,1862.06,1906.24,
2001-05-09T17:30:00Z,1906.68,1911.07,1868.45,1876.87,
2001-05-10T13:30:00Z,1926.47,1926.95,1862.7,1885.04,
2001-05-10T17:30:00Z,1885.1,1885.88,1838.02,1838.32,
2001-05-11T13:30:00Z,1842.65,1861.52,1818.48,1834.55,
2001-05-11T17:30:00Z,1834.81,1835.25,1810.89,1821.2,
2001-05-14T13:30:00Z,1819.39,1820.51,1769.33,1783.1,
2001-05-14T17:30:00Z,1783.16,1800.1,1770.96,1795.06,
2001-05-15T13:30:00Z,1801.46,1827.82,1790.51,1814.73,
2001-05-15T17:30:00Z,1814.6,1853.05,1790.84,1796.81,
2001-05-16T13:30:00Z,1778.61,1849.8,1768.62,1847.03,
2001-05-16T17:30:00Z,1847.11,1904.25,1844.39,1899.47,
2001-05-17T13:30:00Z,1900.84,1955.77,1898.65,1950.81,
2001-05-17T17:30:00Z,1951.23,1952.13,1908.14,1925.14,
2001-05-18T13:30:00Z,1910.71,1940.76,1898.28,1905.98,
2001-05-18T17:30:00Z,1905.51,1928.68,1900.73,1927.69,
2001-05-21T13:30:00Z,1931.29,2025.53,1927.04,2016.95,
2001-05-21T17:30:00Z,2016.76,2052.67,2003.26,2052.57,
2001-05-22T13:30:00Z,2062.9,2070.61,2023.07,2055.43,
2001-05-22T17:30:00Z,2055.1,2059.61,2037.76,2042.93,
2001-05-23T13:30:00Z,2022.16,2022.16,1974.22,1987.27,
2001-05-23T17:30:00Z,1987.08,1994.56,1957.44,1957.56,
2001-05-24T13:30:00Z,1965.44,1984.41,1937.67,1952.57,
2001-05-24T17:30:00Z,1952.38,2003.71,1946.65,2003.37,
2001-05-25T13:30:00Z,2000.12,2003.68,1953.24,1962.22,
2001-05-25T17:30:00Z,1962.2,1975.95,1955.94,1960.74,
2001-05-29T13:30:00Z,1945.67,1945.67,1875.15,1875.15,
2001-05-29T17:30:00Z,1874.7,1886.12,1865.18,1873.53,
2001-05-30T13:30:00Z,1823.84,1837.01,1775.25,1778.66,
2001-05-30T17:30:00Z,1778.67,1802.33,1768.98,1779.0,
2001-05-31T13:30:00Z,1785.25,1831.28,1784.72,1829.28,
2001-05-31T17:30:00Z,1829.64,1838.29,1799.74,1799.89,
2001-06-01T13:30:00Z,1826.02,1836.34,1785.44,1821.95,
2001-06-01T17:30:00Z,1822.26,1849.44,1821.28,1840.83,
2001-06-04T13:30:00Z,1861.12,1869.98,1819.08,1835.95,
2001-06-04T17:30:00Z,1835.9,1846.27,1827.09,1838.84,
2001-06-05T13:30:00Z,1853.65,1922.34,1853.47,1914.13,
2001-06-05T17:30:00Z,1914.01,1937.94,1911.59,1923.9,
2001-06-06T13:30:00Z,1931.45,1945.94,1890.51,1911.76,
2001-06-06T17:30:00Z,1911.88,1929.6,1899.88,1903.84,
2001-06-07T13:30:00Z,1892.98,1947.51,1891.01,1934.5,
2001-06-07T17:30:00Z,1934.39,1963.83,1934.39,1963.31,
2001-06-08T13:30:00Z,1959.71,1959.71,1885.84,1893.27,
2001-06-08T17:30:00Z,1893.15,1911.8,1890.03,1896.22,
2001-06-11T13:30:00Z,1885.17,1885.17,1829.5,1836.17,
2001-06-11T17:30:00Z,1835.83,1854.48,1826.28,1846.5,
2001-06-12T13:30:00Z,1799.58,1804.56,1776.41,1804.1,
2001-06-12T17:30:00Z,1804.43,1871.03,1804.43,1852.03,
2001-06-13T13:30:00Z,1860.05,1875.29,1831.58,1835.74,
2001-06-13T17:30:00Z,1835.47,1843.32,1789.91,1790.21,
2001-06-14T13:30:00Z,1766.41,1776.35,1730.15,1736.51,
2001-06-14T17:30:00Z,1736.2,1741.73,1711.32,1711.39,
2001-06-15T13:30:00Z,1679.33,1725.77,1657.65,1705.22,
2001-06-15T17:30:00Z,1705.38,1717.66,1688.01,1701.53,
2001-06-18T13:30:00Z,1712.04,1729.39,1681.29,1687.7,
2001-06-18T17:30:00Z,1687.5,1692.07,1662.59,1666.49,
2001-06-19T13:30:00Z,1736.29,1745.76,1692.7,1705.77,
2001-06-19T17:30:00Z,1705.67,1708.65,1656.74,1675.9,
2001-06-20T13:30:00Z,1655.26,1717.17,1655.26,1674.92,
2001-06-20T17:30:00Z,1674.23,1722.85,1661.82,1721.56,
2001-06-21T13:30:00Z,1714.0,1752.05,1697.56,1752.05,
2001-06-21T17:30:00Z,1752.1,1774.25,1740.43,1751.22,
2001-06-22T13:30:00Z,1754.55,1773.26,1734.09,1746.79,
2001-06-22T17:30:00Z,1746.01,1753.93,1718.35,1727.47,
2001-06-25T13:30:00Z,1752.71,1755.67,1713.03,1728.22,
2001-06-25T17:30:00Z,1728.57,1746.85,1713.21,1743.9,
2001-06-26T13:30:00Z,1708.89,1736.35,1705.93,1731.7,
2001-06-26T17:30:00Z,1731.46,1757.93,1726.88,1751.62,
2001-06-27T13:30:00Z,1755.25,1769.55,1739.81,1762.42,
2001-06-27T17:30:00Z,1762.27,1768.8,1727.58,1756.02,
2001-06-28T13:30:00Z,1782.32,1845.35,1782.32,1832.45,
2001-06-28T17:30:00Z,1832.3,1844.04,1798.27,1808.94,
2001-06-29T13:30:00Z,1812.17,1857.55,1795.45,1854.53,
2001-06-29T17:30:00Z,1854.58,1865.36,1821.63,1832.75,
2001-07-02T13:30:00Z,1831.42,1864.2,1817.52,1843.36,
2001-07-02T17:30:00Z,1843.39,1849.32,1815.11,1827.07,
2001-07-03T13:30:00Z,1817.71,1832.01,1798.44,1822.21,
2001-07-03T17:30:00Z,1822.21,1822.34,1820.16,1822.16,
2001-07-05T13:30:00Z,1800.63,1812.26,1766.08,1766.99,
2001-07-05T17:30:00Z,1766.77,1774.73,1750.51,1751.0,
2001-07-06T13:30:00Z,1728.57,1729.57,1670.91,1680.34,
2001-07-06T17:30:00Z,1680.11,1685.72,1666.62,1668.59,
2001-07-09T13:30:00Z,1680.88,1711.45,1669.23,1702.57,
2001-07-09T17:30:00Z,1702.48,1712.08,1690.3,1697.05,
2001-07-10T13:30:00Z,1718.81,1719.32,1664.05,1664.06,
2001-07-10T17:30:00Z,1664.29,1666.47,1624.8,1624.95,
2001-07-11T13:30:00Z,1617.51,1646.83,1600.19,1645.07,
2001-07-11T17:30:00Z,1644.77,1644.77,1621.58,1641.56,
2001-07-12T13:30:00Z,1708.32,1729.3,1700.41,1724.03,
2001-07-12T17:30:00Z,1722.7,1757.24,1718.7,1750.13,
2001-07-13T13:30:00Z,1741.36,1782.52,1723.08,1774.42,
2001-07-13T17:30:00Z,1774.48,1775.77,1735.48,1751.11,
2001-07-16T13:30:00Z,1743.09,1758.93,1692.19,1695.29,
2001-07-16T17:30:00Z,1694.37,1705.87,1682.7,1685.74,
2001-07-17T13:30:00Z,1675.06,1708.16,1667.48,1703.67,
2001-07-17T17:30:00Z,1703.58,1729.63,1698.7,1729.55,
2001-07-18T13:30:00Z,1692.16,1716.16,1664.26,1673.88,
2001-07-18T17:30:00Z,1673.91,1680.46,1652.0,1666.87,
2001-07-19T13:30:00Z,1700.56,1739.13,1700.56,1713.85,
2001-07-19T17:30:00Z,1714.14,1717.02,1674.67,1695.89,
2001-07-20T13:30:00Z,1662.38,1690.18,1659.98,1665.84,
2001-07-20T17:30:00Z,1666.66,1685.97,1666.53,1676.46,
2001-07-23T13:30:00Z,1695.2,1699.44,1643.39,1656.1,
2001-07-23T17:30:00Z,1655.91,1664.81,1629.74,1629.93,
2001-07-24T13:30:00Z,1618.74,1639.56,1605.33,1611.71,
2001-07-24T17:30:00Z,1612.06,1617.67,1580.57,1604.86,
2001-07-25T13:30:00Z,1609.37,1632.89,1586.51,1588.26,
2001-07-25T17:30:00Z,1587.61,1630.16,1581.67,1627.86,
2001-07-26T13:30:00Z,1624.22,1645.78,1604.92,1629.35,
2001-07-26T17:30:00Z,1629.39,1679.24,1627.43,1673.39,
2001-07-27T13:30:00Z,1673.43,1694.69,1661.12,1691.58,
2001-07-27T17:30:00Z,1691.74,1693.27,1674.56,1683.18,
2001-07-30T13:30:00Z,1689.21,1696.34,1667.36,1689.11,
2001-07-30T17:30:00Z,1689.54,1691.93,1662.67,1670.03,
2001-07-31T13:30:00Z,1678.71,1714.97,1665.81,1708.84,
2001-07-31T17:30:00Z,1708.39,1715.37,1682.72,1683.61,
2001-08-01T13:30:00Z,1713.67,1743.73,1704.43,1734.32,
2001-08-01T17:30:00Z,1734.7,1737.21,1714.29,1729.53,
2001-08-02T13:30:00Z,1758.93,1766.58,1730.6,1734.79,
2001-08-02T17:30:00Z,1735.21,1753.26,1718.94,1751.45,
2001-08-03T13:30:00Z,1744.02,1744.02,1709.31,1716.94,
2001-08-03T17:30:00Z,1716.94,1732.45,1710.87,1725.9,
2001-08-06T13:30:00Z,1705.88,1718.59,1701.98,1706.83,
2001-08-06T17:30:00Z,1706.84,1709.31,1700.24,1702.84,
2001-08-07T13:30:00Z,1695.27,1717.11,1684.09,1700.48,
2001-08-07T17:30:00Z,1700.64,1700.97,1684.7,1696.37,
2001-08-08T13:30:00Z,1681.85,1710.52,1672.52,1675.58,
2001-08-08T17:30:00Z,1675.65,1678.39,1618.77,1626.2,
2001-08-09T13:30:00Z,1622.45,1639.54,1603.98,1625.24,
2001-08-09T17:30:00Z,1625.16,1634.2,1605.3,1628.92,
2001-08-10T13:30:00Z,1621.5,1634.67,1576.07,1612.62,
2001-08-10T17:30:00Z,1612.43,1631.75,1609.56,1617.45,
2001-08-13T13:30:00Z,1627.34,1635.35,1615.26,1628.83,
2001-08-13T17:30:00Z,1629.15,1657.99,1627.27,1653.27,
2001-08-14T13:30:00Z,1665.16,1672.07,1643.28,1645.61,
2001-08-14T17:30:00Z,1645.41,1649.97,1627.61,1629.95,
2001-08-15T13:30:00Z,1629.53,1641.84,1585.43,1594.25,
2001-08-15T17:30:00Z,1594.34,1600.94,1571.92,1572.03,
2001-08-16T13:30:00Z,1548.3,1549.1,1526.81,1542.82,
2001-08-16T17:30:00Z,1543.05,1582.2,1539.68,1581.98,
2001-08-17T13:30:00Z,1541.61,1556.01,1516.98,1533.4,
2001-08-17T17:30:00Z,1533.36,1533.67,1514.0,1516.58,
2001-08-20T13:30:00Z,1518.19,1535.97,1506.53,1520.76,
2001-08-20T17:30:00Z,1520.55,1536.78,1516.92,1535.99,
2001-08-21T13:30:00Z,1538.8,1547.52,1533.52,1543.44,
2001-08-21T17:30:00Z,1543.33,1550.2,1480.43,1480.74,
2001-08-22T13:30:00Z,1504.65,1504.65,1467.58,1485.49,
2001-08-22T17:30:00Z,1485.36,1517.83,1468.2,1515.41,
2001-08-23T13:30:00Z,1513.37,1542.59,1508.04,1521.01,
2001-08-23T17:30:00Z,1521.22,1523.78,1496.64,1496.98,
2001-08-24T13:30:00Z,1521.48,1578.09,1515.34,1573.21,
2001-08-24T17:30:00Z,1573.04,1579.68,1560.75,1579.62,
2001-08-27T13:30:00Z,1576.16,1585.94,1559.67,1570.36,
2001-08-27T17:30:00Z,1569.76,1601.97,1569.76,1578.33,
2001-08-28T13:30:00Z,1579.55,1581.82,1538.34,1554.21,
2001-08-28T17:30:00Z,1554.16,1559.74,1526.08,1526.3,
2001-08-29T13:30:00Z,1538.16,1541.94,1491.83,1508.09,
2001-08-29T17:30:00Z,1507.58,1511.23,1491.22,1499.76,
2001-08-30T13:30:00Z,1472.65,1495.1,1440.46,1451.09,
2001-08-30T17:30:00Z,1451.13,1459.97,1438.91,1453.9,
2001-08-31T13:30:00Z,1444.73,1484.99,1443.55,1470.04,
2001-08-31T17:30:00Z,1469.41,1473.14,1458.33,1469.7,
2001-09-04T13:30:00Z,1466.32,1502.67,1449.23,1492.71,
2001-09-04T17:30:00Z,1492.61,1497.51,1424.06,1424.12,
2001-09-05T13:30:00Z,1425.35,1440.33,1371.3,1381.07,
2001-09-05T17:30:00Z,1381.11,1437.49,1378.06,1415.3,
2001-09-06T13:30:00Z,1392.0,1418.66,1367.71,1386.34,
2001-09-06T17:30:00Z,1387.16,1391.42,1360.57,1361.69,
2001-09-07T13:30:00Z,1347.62,1390.12,1340.07,1344.96,
2001-09-07T17:30:00Z,1342.34,1379.7,1339.89,1354.27,
2001-09-10T13:30:00Z,1342.72,1375.6,1339.41,1354.29,
2001-09-10T17:30:00Z,1354.18,1368.92,1347.78,1365.39,
2001-09-11T17:30:00Z,1365.39,1365.39,1365.39,1365.39,
2001-09-17T13:30:00Z,1277.12,1310.23,1265.54,1275.18,
2001-09-17T17:30:00Z,1275.28,1276.31,1251.89,1252.7,
2001-09-18T13:30:00Z,1268.28,1282.73,1247.8,1268.38,
2001-09-18T17:30:00Z,1268.07,1268.07,1220.99,1224.64,
2001-09-19T13:30:00Z,1230.14,1242.73,1163.72,1176.17,
2001-09-19T17:30:00Z,1175.81,1217.16,1135.85,1208.23,
2001-09-20T13:30:00Z,1175.1,1205.64,1164.11,1178.18,
2001-09-20T17:30:00Z,1178.56,1195.0,1160.61,1166.27,
2001-09-21T13:30:00Z,1088.96,1160.24,1088.96,1128.83,
2001-09-21T17:30:00Z,1129.07,1135.43,1111.8,1126.95,
2001-09-24T13:30:00Z,1166.72,1197.84,1158.86,1190.33,
2001-09-24T17:30:00Z,1190.55,1202.57,1180.65,1191.02,
2001-09-25T13:30:00Z,1194.09,1220.39,1175.55,1176.92,
2001-09-25T17:30:00Z,1176.98,1188.95,1162.91,1187.77,
2001-09-26T13:30:00Z,1203.44,1203.64,1151.61,1155.88,
2001-09-26T17:30:00Z,1155.98,1172.11,1141.03,1172.11,
2001-09-27T13:30:00Z,1137.49,1146.87,1101.39,1105.6,
2001-09-27T17:30:00Z,1105.9,1153.33,1102.67,1144.27,
2001-09-28T13:30:00Z,1158.07,1177.62,1145.76,1171.77,
2001-09-28T17:30:00Z,1171.81,1175.52,1159.08,1168.37,
2001-10-01T13:30:00Z,1161.74,1163.17,1131.32,1150.42,
2001-10-01T17:30:00Z,1150.64,1162.16,1139.63,1151.24,
2001-10-02T13:30:00Z,1150.79,1179.07,1146.77,1164.85,
2001-10-02T17:30:00Z,1165.1,1166.61,1141.62,1159.37,
2001-10-03T13:30:00Z,1144.76,1252.92,1139.21,1250.56,
2001-10-03T17:30:00Z,1251.11,1267.51,1240.65,1249.41,
2001-10-04T13:30:00Z,1271.74,1313.64,1242.98,1298.61,
2001-10-04T17:30:00Z,1298.53,1299.36,1257.45,1260.66,
2001-10-05T13:30:00Z,1248.18,1260.2,1216.07,1249.67,
2001-10-05T17:30:00Z,1250.01,1280.12,1243.9,1271.73,
2001-10-08T13:30:00Z,1249.32,1297.49,1242.94,1289.42,
2001-10-08T17:30:00Z,1289.45,1293.85,1263.6,1279.63,
2001-10-09T13:30:00Z,1278.99,1284.92,1246.62,1257.72,
2001-10-09T17:30:00Z,1258.41,1261.77,1240.79,1244.56,
2001-10-10T13:30:00Z,1239.77,1291.3,1235.42,1287.19,
2001-10-10T17:30:00Z,1287.52,1305.46,1277.66,1304.68,
2001-10-11T13:30:00Z,1333.87,1386.78,1333.28,1386.04,
2001-10-11T17:30:00Z,1386.1,1389.87,1358.01,1389.87,
2001-10-12T13:30:00Z,1376.27,1396.29,1333.65,1349.13,
2001-10-12T17:30:00Z,1349.43,1393.99,1340.11,1393.84,
2001-10-15T13:30:00Z,1369.59,1378.09,1351.81,1365.65,
2001-10-15T17:30:00Z,1365.97,1385.97,1364.28,1378.92,
2001-10-16T13:30:00Z,1390.37,1406.2,1368.34,1389.37,
2001-10-16T17:30:00Z,1389.64,1405.48,1381.01,1404.81,
2001-10-17T13:30:00Z,1440.63,1440.63,1347.03,1349.55,
2001-10-17T17:30:00Z,1349.5,1367.57,1314.8,1314.8,
2001-10-18T13:30:00Z,1315.34,1344.43,1302.75,1315.24,
2001-10-18T17:30:00Z,1315.65,1333.99,1312.43,1330.33,
2001-10-19T13:30:00Z,1317.23,1330.42,1302.53,1315.66,
2001-10-19T17:30:00Z,1316.31,1353.26,1316.31,1347.59,
2001-10-22T13:30:00Z,1340.96,1378.97,1333.62,1360.24,
2001-10-22T17:30:00Z,1360.62,1383.11,1346.2,1383.07,
2001-10-23T13:30:00Z,1397.27,1419.47,1383.87,1393.21,
2001-10-23T17:30:00Z,1393.35,1403.31,1371.03,1384.06,
2001-10-24T13:30:00Z,1388.51,1430.75,1379.37,1425.3,
2001-10-24T17:30:00Z,1424.92,1426.12,1404.96,1424.69,
2001-10-25T13:30:00Z,1396.35,1418.81,1374.65,1413.34,
2001-10-25T17:30:00Z,1412.47,1479.05,1410.55,1479.05,
2001-10-26T13:30:00Z,1461.88,1485.44,1455.25,1476.13,
2001-10-26T17:30:00Z,1475.65,1477.63,1453.52,1454.9,
2001-10-29T14:30:00Z,1445.64,1450.68,1398.86,1398.86,
2001-10-29T18:30:00Z,1398.94,1405.32,1374.48,1374.58,
2001-10-30T14:30:00Z,1353.96,1358.08,1320.48,1343.46,
2001-10-30T18:30:00Z,1343.9,1367.79,1335.82,1342.26,
2001-10-31T14:30:00Z,1368.54,1403.09,1354.74,1373.14,
2001-10-31T18:30:00Z,1372.98,1399.49,1363.78,1364.78,
2001-11-01T14:30:00Z,1381.7,1412.52,1358.72,1407.81,
2001-11-01T18:30:00Z,1407.94,1426.94,1407.94,1424.15,
2001-11-02T14:30:00Z,1417.4,1439.01,1402.21,1433.99,
2001-11-02T18:30:00Z,1434.33,1436.18,1415.3,1425.78,
2001-11-05T14:30:00Z,1453.94,1478.7,1453.75,1473.68,
2001-11-05T18:30:00Z,1473.76,1490.11,1473.2,1480.21,
2001-11-06T14:30:00Z,1471.11,1487.31,1462.19,1472.52,
2001-11-06T18:30:00Z,1472.31,1523.66,1462.46,1523.09,
2001-11-07T14:30:00Z,1506.11,1553.02,1506.11,1547.02,
2001-11-07T18:30:00Z,1547.1,1559.04,1516.41,1524.67,
2001-11-08T14:30:00Z,1548.0,1580.59,1541.4,1569.37,
2001-11-08T18:30:00Z,1568.77,1576.26,1497.89,1510.6,
2001-11-09T14:30:00Z,1508.09,1526.94,1491.0,1522.61,
2001-11-09T18:30:00Z,1522.25,1525.53,1508.66,1514.96,
2001-11-12T14:30:00Z,1511.77,1530.86,1463.12,1525.49,
2001-11-12T18:30:00Z,1524.95,1538.75,1516.23,1528.75,
2001-11-13T14:30:00Z,1566.48,1585.07,1555.48,1580.86,
2001-11-13T18:30:00Z,1580.66,1580.9,1552.56,1580.76,
2001-11-14T14:30:00Z,1601.52,1614.77,1556.71,1565.22,
2001-11-14T18:30:00Z,1565.1,1597.5,1559.19,1585.89,
2001-11-15T14:30:00Z,1572.82,1609.04,1566.42,1592.3,
2001-11-15T18:30:00Z,1592.28,1595.71,1570.83,1582.58,
2001-11-16T14:30:00Z,1586.8,1591.58,1568.7,1569.76,
2001-11-16T18:30:00Z,1569.17,1584.57,1563.6,1582.14,
2001-11-19T14:30:00Z,1597.8,1615.85,1590.65,1594.14,
2001-11-19T18:30:00Z,1593.99,1618.19,1586.66,1617.58,
2001-11-20T14:30:00Z,1607.61,1614.37,1574.45,1583.68,
2001-11-20T18:30:00Z,1583.77,1588.95,1546.6,1549.7,
2001-11-21T14:30:00Z,1543.71,1562.76,1526.08,1544.87,
2001-11-21T18:30:00Z,1545.14,1554.87,1538.78,1552.01,
2001-11-23T14:30:00Z,1557.09,1581.61,1549.39,1577.25,
2001-11-23T18:30:00Z,1577.25,1577.5,1577.2,1577.47,
2001-11-26T14:30:00Z,1590.05,1612.26,1580.92,1603.37,
2001-11-26T18:30:00Z,1603.73,1619.73,1603.73,1619.65,
2001-11-27T14:30:00Z,1607.61,1623.04,1575.48,1621.12,
2001-11-27T18:30:00Z,1621.77,1644.38,1600.33,1609.87,
2001-11-28T14:30:00Z,1594.88,1620.15,1582.06,1586.69,
2001-11-28T18:30:00Z,1586.03,1591.33,1557.03,1557.03,
2001-11-29T14:30:00Z,1569.42,1591.84,1558.65,1567.53,
2001-11-29T18:30:00Z,1567.29,1599.64,1566.49,1599.3,
2001-11-30T14:30:00Z,1594.83,1608.43,1581.28,1587.07,
2001-11-30T18:30:00Z,1587.22,1604.2,1585.77,1596.05,
2001-12-03T14:30:00Z,1576.26,1590.3,1562.73,1585.12,
2001-12-03T18:30:00Z,1585.2,1586.6,1565.65,1567.54,
2001-12-04T14:30:00Z,1582.07,1595.51,1577.34,1586.23,
2001-12-04T18:30:00Z,1585.63,1634.55,1585.63,1634.27,
2001-12-05T14:30:00Z,1653.63,1712.86,1653.63,1708.09,
2001-12-05T18:30:00Z,1708.12,1731.29,1694.28,1720.91,
2001-12-06T14:30:00Z,1715.01,1734.58,1705.3,1722.49,
2001-12-06T18:30:00Z,1722.7,1723.9,1703.02,1717.97,
2001-12-07T14:30:00Z,1706.27,1709.5,1675.52,1687.14,
2001-12-07T18:30:00Z,1687.01,1687.05,1652.66,1673.9,
2001-12-10T14:30:00Z,1658.47,1694.33,1652.27,1655.68,
2001-12-10T18:30:00Z,1656.4,1666.34,1642.42,1645.36,
2001-12-11T14:30:00Z,1666.26,1682.37,1661.49,1675.06,
2001-12-11T18:30:00Z,1675.02,1695.15,1654.72,1661.27,
2001-12-12T14:30:00Z,1666.5,1683.48,1631.42,1643.71,
2001-12-12T18:30:00Z,1643.94,1670.9,1637.48,1669.95,
2001-12-13T14:30:00Z,1634.62,1645.04,1621.91,1635.63,
2001-12-13T18:30:00Z,1636.37,1636.73,1601.71,1601.91,
2001-12-14T14:30:00Z,1601.22,1612.24,1590.71,1598.75,
2001-12-14T18:30:00Z,1598.98,1622.79,1590.75,1605.67,
2001-12-17T14:30:00Z,1607.08,1642.64,1607.02,1638.41,
2001-12-17T18:30:00Z,1638.29,1654.45,1634.2,1640.34,
2001-12-18T14:30:00Z,1653.31,1665.39,1642.87,1652.59,
2001-12-18T18:30:00Z,1652.53,1662.95,1644.12,1657.68,
2001-12-19T14:30:00Z,1629.47,1658.58,1620.72,1635.7,
2001-12-19T18:30:00Z,1636.13,1648.41,1628.64,1628.69,
2001-12-20T14:30:00Z,1613.06,1617.23,1576.52,1577.54,
2001-12-20T18:30:00Z,1577.55,1587.95,1557.18,1557.36,
2001-12-21T14:30:00Z,1579.89,1588.54,1573.02,1576.09,
2001-12-21T18:30:00Z,1576.23,1594.08,1575.84,1578.27,
2001-12-24T14:30:00Z,1581.16,1590.04,1575.01,1577.23,
2001-12-24T18:30:00Z,1577.2,1577.35,1577.15,1577.31,
2001-12-26T14:30:00Z,1583.69,1618.04,1583.69,1609.62,
2001-12-26T18:30:00Z,1609.55,1611.01,1586.75,1590.84,
2001-12-27T14:30:00Z,1599.25,1614.44,1599.25,1605.78,
2001-12-27T18:30:00Z,1606.09,1606.7,1591.77,1606.48,
2001-12-28T14:30:00Z,1617.85,1637.57,1617.21,1622.22,
2001-12-28T18:30:00Z,1622.46,1625.8,1617.01,1621.13,
2001-12-31T14:30:00Z,1617.35,1623.63,1601.24,1608.55,
2001-12-31T18:30:00Z,1608.67,1608.74,1577.03,1577.05,
2002-01-02T14:30:00Z,1590.71,1592.16,1565.08,1571.92,
2002-01-02T18:30:00Z,1571.89,1610.41,1571.69,1610.39,
2002-01-03T14:30:00Z,1618.3,1660.14,1618.3,1651.6,
2002-01-03T18:30:00Z,1651.52,1667.19,1648.19,1666.66,
2002-01-04T14:30:00Z,1685.54,1698.46,1645.32,1664.4,
2002-01-04T18:30:00Z,1664.61,1684.2,1660.52,1675.03,
2002-01-07T14:30:00Z,1691.36,1694.27,1652.59,1666.88,
2002-01-07T18:30:00Z,1666.77,1674.93,1647.56,1649.83,
2002-01-08T14:30:00Z,1651.42,1676.69,1641.17,1675.74,
2002-01-08T18:30:00Z,1675.16,1675.64,1655.52,1666.58,
2002-01-09T14:30:00Z,1688.26,1710.0,1686.33,1707.19,
2002-01-09T18:30:00Z,1706.98,1710.23,1644.89,1653.76,
2002-01-10T14:30:00Z,1653.97,1659.36,1635.08,1653.19,
2002-01-10T18:30:00Z,1652.95,1667.29,1651.18,1656.68,
2002-01-11T14:30:00Z,1659.47,1670.32,1638.1,1644.82,
2002-01-11T18:30:00Z,1645.06,1650.02,1627.42,1634.17,
2002-01-14T14:30:00Z,1624.91,1633.12,1595.04,1604.79,
2002-01-14T18:30:00Z,1604.88,1623.94,1600.99,1603.76,
2002-01-15T14:30:00Z,1607.01,1628.0,1597.3,1605.84,
2002-01-15T18:30:00Z,1605.28,1613.32,1590.83,1612.46,
2002-01-16T14:30:00Z,1588.77,1597.15,1572.15,1579.47,
2002-01-16T18:30:00Z,1579.82,1593.13,1558.97,1558.98,
2002-01-17T14:30:00Z,1587.01,1592.1,1569.11,1582.09,
2002-01-17T18:30:00Z,1582.19,1605.28,1578.15,1602.32,
2002-01-18T14:30:00Z,1558.41,1582.92,1558.41,1564.58,
2002-01-18T18:30:00Z,1564.62,1569.26,1537.99,1548.22,
2002-01-22T14:30:00Z,1567.59,1567.59,1506.72,1508.9,
2002-01-22T18:30:00Z,1508.89,1516.42,1500.89,1501.78,
2002-01-23T14:30:00Z,1511.95,1545.51,1501.79,1541.52,
2002-01-23T18:30:00Z,1541.63,1553.41,1539.84,1549.21,
2002-01-24T14:30:00Z,1565.34,1586.11,1561.97,1569.27,
2002-01-24T18:30:00Z,1569.29,1575.97,1559.35,1565.13,
2002-01-25T14:30:00Z,1546.1,1569.17,1541.84,1566.31,
2002-01-25T18:30:00Z,1566.04,1571.9,1553.63,1558.26,
2002-01-28T14:30:00Z,1573.39,1581.38,1543.51,1549.62,
2002-01-28T18:30:00Z,1549.93,1564.89,1544.68,1564.86,
2002-01-29T14:30:00Z,1570.7,1582.65,1525.15,1535.62,
2002-01-29T18:30:00Z,1535.85,1542.71,1508.62,1519.33,
2002-01-30T14:30:00Z,1525.09,1525.59,1481.46,1502.72,
2002-01-30T18:30:00Z,1502.54,1539.07,1501.49,1538.94,
2002-01-31T14:30:00Z,1549.47,1554.54,1528.04,1551.14,
2002-01-31T18:30:00Z,1551.36,1554.95,1536.24,1550.17,
2002-02-01T14:30:00Z,1544.42,1561.24,1515.85,1527.01,
2002-02-01T18:30:00Z,1528.7,1539.06,1524.96,1528.15,
2002-02-04T14:30:00Z,1526.32,1528.3,1483.74,1488.28,
2002-02-04T18:30:00Z,1488.05,1496.22,1471.52,1479.17,
2002-02-05T14:30:00Z,1468.61,1492.41,1455.05,1475.6,
2002-02-05T18:30:00Z,1475.91,1497.41,1454.77,1462.86,
2002-02-06T14:30:00Z,1480.45,1480.45,1434.96,1465.81,
2002-02-06T18:30:00Z,1465.59,1468.98,1440.87,1445.96,
2002-02-07T14:30:00Z,1445.11,1459.94,1424.88,1441.74,
2002-02-07T18:30:00Z,1442.29,1456.26,1413.42,1413.86,
2002-02-08T14:30:00Z,1426.26,1435.45,1406.03,1410.82,
2002-02-08T18:30:00Z,1409.96,1452.17,1405.79,1452.17,
2002-02-11T14:30:00Z,1451.13,1462.66,1446.69,1459.52,
2002-02-11T18:30:00Z,1459.62,1477.96,1459.57,1477.64,
2002-02-12T14:30:00Z,1458.28,1476.58,1448.77,1472.82,
2002-02-12T18:30:00Z,1472.59,1484.97,1464.76,1464.76,
2002-02-13T14:30:00Z,1476.25,1492.27,1471.26,1489.82,
2002-02-13T18:30:00Z,1489.92,1490.41,1477.9,1486.75,
2002-02-14T14:30:00Z,1491.19,1508.25,1485.03,1503.25,
2002-02-14T18:30:00Z,1503.55,1506.45,1471.24,1474.71,
2002-02-15T14:30:00Z,1477.46,1482.57,1437.92,1440.15,
2002-02-15T18:30:00Z,1440.34,1447.57,1432.96,1436.7,
2002-02-19T14:30:00Z,1421.07,1424.04,1392.94,1397.12,
2002-02-19T18:30:00Z,1397.42,1400.99,1380.46,1387.27,
2002-02-20T14:30:00Z,1400.83,1408.4,1364.21,1376.64,
2002-02-20T18:30:00Z,1376.33,1411.97,1373.55,1408.26,
2002-02-21T14:30:00Z,1397.17,1403.31,1378.41,1396.37,
2002-02-21T18:30:00Z,1396.22,1396.28,1348.25,1348.25,
2002-02-22T14:30:00Z,1351.24,1358.28,1329.93,1340.52,
2002-02-22T18:30:00Z,1340.26,1372.06,1333.46,1356.16,
2002-02-25T14:30:00Z,1366.44,1391.68,1365.95,1391.68,
2002-02-25T18:30:00Z,1391.62,1414.29,1389.98,1407.99,
2002-02-26T14:30:00Z,1415.84,1423.43,1382.99,1393.86,
2002-02-26T18:30:00Z,1394.74,1415.98,1388.5,1401.19,
2002-02-27T14:30:00Z,1420.3,1426.25,1408.1,1419.27,
2002-02-27T18:30:00Z,1418.92,1418.92,1369.24,1378.48,
2002-02-28T14:30:00Z,1386.15,1404.04,1372.15,1376.42,
2002-02-28T18:30:00Z,1376.61,1379.65,1356.09,1359.22,
2002-03-01T14:30:00Z,1373.15,1415.63,1370.32,1415.63,
2002-03-01T18:30:00Z,1415.85,1435.81,1411.5,1435.41,
2002-03-04T14:30:00Z,1434.69,1488.02,1422.22,1480.45,
2002-03-04T18:30:00Z,1480.39,1495.19,1469.29,1494.7,
2002-03-05T14:30:00Z,1484.83,1519.36,1480.17,1500.55,
2002-03-05T18:30:00Z,1500.37,1509.1,1490.27,1498.95,
2002-03-06T14:30:00Z,1488.8,1513.56,1471.66,1500.91,
2002-03-06T18:30:00Z,1500.97,1523.03,1489.56,1519.95,
2002-03-07T14:30:00Z,1531.43,1538.41,1508.01,1516.77,
2002-03-07T18:30:00Z,1516.58,1516.69,1488.25,1506.81,
2002-03-08T14:30:00Z,1536.76,1562.54,1532.63,1554.56,
2002-03-08T18:30:00Z,1554.67,1562.97,1537.8,1555.11,
2002-03-11T14:30:00Z,1542.09,1548.53,1530.51,1543.34,
2002-03-11T18:30:00Z,1543.13,1573.42,1541.11,1553.8,
2002-03-12T14:30:00Z,1510.06,1523.45,1503.4,1515.61,
2002-03-12T18:30:00Z,1515.75,1520.65,1500.42,1520.54,
2002-03-13T14:30:00Z,1502.4,1512.4,1490.04,1499.29,
2002-03-13T18:30:00Z,1498.65,1500.3,1482.41,1486.27,
2002-03-14T14:30:00Z,1488.36,1500.9,1480.3,1489.38,
2002-03-14T18:30:00Z,1489.22,1490.35,1476.14,1477.19,
2002-03-15T14:30:00Z,1484.46,1494.27,1470.49,1484.79,
2002-03-15T18:30:00Z,1484.93,1498.52,1484.89,1495.41,
2002-03-18T14:30:00Z,1511.83,1523.23,1494.65,1501.17,
2002-03-18T18:30:00Z,1501.21,1509.59,1489.35,1505.89,
2002-03-19T14:30:00Z,1510.46,1517.32,1500.44,1513.66,
2002-03-19T18:30:00Z,1513.64,1518.08,1496.67,1504.67,
2002-03-20T14:30:00Z,1482.1,1488.51,1470.76,1478.35,
2002-03-20T18:30:00Z,1478.48,1479.09,1451.02,1451.02,
2002-03-21T14:30:00Z,1452.18,1465.15,1443.17,1462.88,
2002-03-21T18:30:00Z,1462.91,1491.31,1457.48,1488.97,
2002-03-22T14:30:00Z,1483.04,1490.79,1467.16,1481.12,
2002-03-22T18:30:00Z,1481.27,1483.34,1469.02,1470.1,
2002-03-25T14:30:00Z,1473.62,1481.97,1436.98,1445.74,
2002-03-25T18:30:00Z,1445.64,1453.25,1427.51,1427.6,
2002-03-26T14:30:00Z,1423.57,1462.5,1423.03,1450.46,
2002-03-26T18:30:00Z,1450.07,1452.37,1423.72,1439.55,
2002-03-27T14:30:00Z,1431.35,1446.11,1424.94,1434.41,
2002-03-27T18:30:00Z,1434.12,1439.47,1424.19,1436.51,
2002-03-28T14:30:00Z,1447.48,1461.02,1443.29,1452.79,
2002-03-28T18:30:00Z,1452.9,1460.57,1452.08,1452.81,
2002-04-01T14:30:00Z,1440.38,1460.31,1425.63,1460.31,
2002-04-01T18:30:00Z,1460.31,1481.74,1457.95,1478.52,
2002-04-02T14:30:00Z,1444.95,1451.73,1417.53,1418.94,
2002-04-02T18:30:00Z,1419.08,1428.78,1410.41,1410.41,
2002-04-03T14:30:00Z,1417.78,1423.47,1389.26,1402.72,
2002-04-03T18:30:00Z,1402.43,1402.43,1378.93,1394.21,
2002-04-04T14:30:00Z,1385.53,1411.66,1380.47,1389.67,
2002-04-04T18:30:00Z,1389.0,1398.69,1377.88,1396.97,
2002-04-05T14:30:00Z,1405.92,1412.85,1376.91,1381.65,
2002-04-05T18:30:00Z,1382.04,1393.54,1375.63,1376.72,
2002-04-08T13:30:00Z,1347.01,1378.62,1342.99,1378.62,
2002-04-08T17:30:00Z,1379.34,1395.25,1373.79,1392.96,
2002-04-09T13:30:00Z,1397.59,1405.1,1359.21,1363.01,
2002-04-09T17:30:00Z,1362.79,1369.01,1345.11,1345.32,
2002-04-10T13:30:00Z,1356.47,1375.14,1332.68,1342.09,
2002-04-10T17:30:00Z,1341.69,1369.82,1341.04,1363.29,
2002-04-11T13:30:00Z,1352.76,1360.62,1328.9,1336.91,
2002-04-11T17:30:00Z,1337.02,1342.62,1322.25,1324.65,
2002-04-12T13:30:00Z,1340.66,1348.72,1326.26,1337.87,
2002-04-12T17:30:00Z,1337.74,1356.83,1336.74,1351.85,
2002-04-15T13:30:00Z,1358.76,1364.24,1336.42,1359.31,
2002-04-15T17:30:00Z,1359.33,1363.13,1352.01,1355.09,
2002-04-16T13:30:00Z,1382.86,1408.7,1382.86,1403.29,
2002-04-16T17:30:00Z,1403.15,1414.76,1402.81,1413.93,
2002-04-17T13:30:00Z,1422.42,1426.01,1399.05,1399.05,
2002-04-17T17:30:00Z,1398.63,1405.3,1393.19,1403.71,
2002-04-18T13:30:00Z,1397.75,1410.93,1369.92,1390.08,
2002-04-18T17:30:00Z,1389.84,1401.11,1386.56,1395.9,
2002-04-19T13:30:00Z,1408.31,1408.31,1384.69,1395.22,
2002-04-19T17:30:00Z,1395.13,1395.32,1382.89,1385.01,
2002-04-22T13:30:00Z,1365.34,1365.34,1341.99,1348.81,
2002-04-22T17:30:00Z,1348.76,1350.16,1336.99,1349.83,
2002-04-23T13:30:00Z,1348.93,1357.01,1333.08,1338.73,
2002-04-23T17:30:00Z,1338.83,1341.4,1316.15,1322.81,
2002-04-24T13:30:00Z,1334.87,1337.34,1316.82,1329.16,
2002-04-24T17:30:00Z,1328.88,1329.06,1300.95,1302.32,
2002-04-25T13:30:00Z,1295.59,1315.02,1288.02,1306.38,
2002-04-25T17:30:00Z,1306.38,1311.23,1287.83,1302.32,
2002-04-26T13:30:00Z,1310.8,1316.65,1262.55,1273.22,
2002-04-26T17:30:00Z,1272.5,1280.49,1250.82,1250.89,
2002-04-29T13:30:00Z,1256.58,1267.77,1244.22,1251.47,
2002-04-29T17:30:00Z,1252.03,1255.38,1228.94,1246.75,
2002-04-30T13:30:00Z,1245.65,1292.19,1243.52,1278.27,
2002-04-30T17:30:00Z,1278.43,1288.98,1270.18,1277.07,
2002-05-01T13:30:00Z,1273.63,1273.63,1232.36,1246.16,
2002-05-01T17:30:00Z,1246.27,1278.02,1246.27,1267.43,
2002-05-02T13:30:00Z,1262.66,1284.3,1233.82,1235.33,
2002-05-02T17:30:00Z,1235.72,1248.45,1224.66,1225.37,
2002-05-03T13:30:00Z,1223.89,1224.37,1185.79,1193.46,
2002-05-03T17:30:00Z,1193.63,1212.36,1187.06,1190.74,
2002-05-06T13:30:00Z,1191.53,1204.35,1181.6,1196.79,
2002-05-06T17:30:00Z,1196.83,1197.47,1160.99,1161.16,
2002-05-07T13:30:00Z,1173.76,1178.88,1142.25,1173.11,
2002-05-07T17:30:00Z,1173.05,1176.37,1157.6,1159.25,
2002-05-08T13:30:00Z,1212.99,1266.12,1212.76,1257.52,
2002-05-08T17:30:00Z,1257.36,1282.44,1255.93,1282.41,
2002-05-09T13:30:00Z,1268.91,1281.2,1239.02,1255.69,
2002-05-09T17:30:00Z,1255.98,1265.17,1240.41,1240.41,
2002-05-10T13:30:00Z,1247.09,1248.96,1196.84,1202.83,
2002-05-10T17:30:00Z,1202.58,1205.95,1186.08,1188.78,
2002-05-13T13:30:00Z,1200.69,1238.11,1192.9,1231.27,
2002-05-13T17:30:00Z,1231.14,1244.02,1221.1,1241.54,
2002-05-14T13:30:00Z,1287.73,1301.21,1282.1,1297.43,
2002-05-14T17:30:00Z,1297.54,1309.32,1288.43,1305.55,
2002-05-15T13:30:00Z,1290.4,1335.48,1280.07,1333.21,
2002-05-15T17:30:00Z,1333.04,1350.54,1309.7,1311.05,
2002-05-16T13:30:00Z,1309.25,1319.44,1296.11,1308.85,
2002-05-16T17:30:00Z,1308.98,1319.52,1305.07,1315.85,
2002-05-17T13:30:00Z,1333.23,1342.43,1307.75,1314.6,
2002-05-17T17:30:00Z,1314.62,1325.81,1305.71,1325.8,
2002-05-20T13:30:00Z,1309.83,1313.26,1285.15,1291.13,
2002-05-20T17:30:00Z,1292.44,1297.73,1284.74,1292.21,
2002-05-21T13:30:00Z,1300.82,1309.62,1258.34,1266.71,
2002-05-21T17:30:00Z,1266.84,1268.15,1251.53,1255.91,
2002-05-22T13:30:00Z,1246.08,1269.64,1239.65,1247.29,
2002-05-22T17:30:00Z,1247.45,1265.1,1233.78,1264.51,
2002-05-23T13:30:00Z,1270.28,1274.91,1241.25,1252.4,
2002-05-23T17:30:00Z,1252.38,1286.82,1247.74,1286.77,
2002-05-24T13:30:00Z,1269.91,1271.51,1251.82,1258.45,
2002-05-24T17:30:00Z,1258.51,1264.09,1246.81,1253.03,
2002-05-28T13:30:00Z,1264.13,1264.86,1226.28,1238.02,
2002-05-28T17:30:00Z,1237.77,1248.48,1234.36,1244.82,
2002-05-29T13:30:00Z,1232.16,1239.96,1222.46,1223.44,
2002-05-29T17:30:00Z,1223.17,1232.09,1218.62,1218.68,
2002-05-30T13:30:00Z,1207.44,1232.07,1202.24,1210.82,
2002-05-30T17:30:00Z,1210.85,1234.51,1208.56,1227.9,
2002-05-31T13:30:00Z,1237.56,1246.34,1221.99,1237.96,
2002-05-31T17:30:00Z,1237.96,1238.84,1208.21,1208.34,
2002-06-03T13:30:00Z,1205.2,1213.18,1174.34,1178.49,
2002-06-03T17:30:00Z,1178.58,1185.9,1158.22,1159.15,
2002-06-04T13:30:00Z,1155.53,1173.79,1151.16,1159.69,
2002-06-04T17:30:00Z,1159.74,1191.13,1156.32,1178.8,
2002-06-05T13:30:00Z,1182.74,1196.67,1165.02,1178.69,
2002-06-05T17:30:00Z,1179.27,1195.73,1172.46,1195.6,
2002-06-06T13:30:00Z,1183.91,1185.29,1154.11,1169.55,
2002-06-06T17:30:00Z,1169.55,1169.55,1152.04,1157.62,
2002-06-07T13:30:00Z,1107.94,1137.57,1106.61,1132.36,
2002-06-07T17:30:00Z,1132.61,1156.03,1132.06,1140.24,
2002-06-10T13:30:00Z,1142.51,1155.76,1133.8,1150.57,
2002-06-10T17:30:00Z,1150.74,1154.46,1132.12,1135.62,
2002-06-11T13:30:00Z,1148.72,1151.3,1124.25,1128.81,
2002-06-11T17:30:00Z,1129.0,1132.11,1100.59,1100.97,
2002-06-12T13:30:00Z,1092.45,1118.66,1079.28,1112.99,
2002-06-12T17:30:00Z,1112.56,1123.78,1093.83,1123.34,
2002-06-13T13:30:00Z,1117.22,1133.25,1100.34,1127.04,
2002-06-13T17:30:00Z,1127.06,1132.66,1106.05,1106.54,
2002-06-14T13:30:00Z,1078.69,1102.77,1055.57,1092.16,
2002-06-14T17:30:00Z,1091.71,1112.37,1086.81,1109.6,
2002-06-17T13:30:00Z,1126.54,1151.7,1123.1,1144.04,
2002-06-17T17:30:00Z,1144.1,1154.18,1139.52,1149.91,
2002-06-18T13:30:00Z,1139.52,1163.46,1139.2,1140.57,
2002-06-18T17:30:00Z,1140.52,1150.89,1138.31,1138.47,
2002-06-19T13:30:00Z,1129.32,1133.96,1116.87,1121.29,
2002-06-19T17:30:00Z,1121.0,1122.5,1095.76,1097.54,
2002-06-20T13:30:00Z,1094.53,1102.72,1072.76,1077.59,
2002-06-20T17:30:00Z,1077.37,1080.59,1058.01,1062.45,
2002-06-21T13:30:00Z,1051.8,1074.77,1042.65,1049.23,
2002-06-21T17:30:00Z,1049.27,1055.31,1031.95,1035.63,
2002-06-24T13:30:00Z,1024.3,1042.7,1014.76,1039.61,
2002-06-24T17:30:00Z,1038.91,1075.63,1036.01,1057.68,
2002-06-25T13:30:00Z,1070.62,1073.1,1036.89,1042.22,
2002-06-25T17:30:00Z,1042.12,1042.15,1017.71,1022.74,
2002-06-26T13:30:00Z,980.8,1022.79,980.8,1005.24,
2002-06-26T17:30:00Z,1006.71,1035.53,992.69,1027.22,
2002-06-27T13:30:00Z,1048.54,1049.96,1009.05,1030.93,
2002-06-27T17:30:00Z,1031.35,1050.68,1030.34,1050.64,
2002-06-28T13:30:00Z,1047.56,1074.73,1047.31,1064.45,
2002-06-28T17:30:00Z,1064.47,1070.12,1042.84,1050.3,
2002-07-01T13:30:00Z,1044.48,1049.88,1018.0,1026.58,
2002-07-01T17:30:00Z,1026.56,1027.75,997.97,998.17,
2002-07-02T13:30:00Z,989.25,993.99,963.31,974.73,
2002-07-02T17:30:00Z,974.36,987.16,961.76,963.66,
2002-07-03T13:30:00Z,957.26,977.39,950.33,970.35,
2002-07-03T17:30:00Z,970.19,995.95,968.63,995.68,
2002-07-05T13:30:00Z,1018.63,1061.05,1018.63,1060.82,
2002-07-05T17:30:00Z,1060.82,1060.98,1060.63,1060.89,
2002-07-08T13:30:00Z,1051.27,1066.28,1021.8,1022.69,
2002-07-08T17:30:00Z,1023.07,1037.07,1008.78,1014.33,
2002-07-09T13:30:00Z,1015.27,1023.38,1001.66,1013.15,
2002-07-09T17:30:00Z,1013.45,1013.45,989.34,990.23,
2002-07-10T13:30:00Z,1005.99,1005.99,977.46,984.15,
2002-07-10T17:30:00Z,984.12,985.54,958.76,959.05,
2002-07-11T13:30:00Z,954.01,980.05,945.85,971.57,
2002-07-11T17:30:00Z,970.66,999.43,970.35,998.03,
2002-07-12T13:30:00Z,1016.0,1025.61,989.1,1010.93,
2002-07-12T17:30:00Z,1010.11,1014.07,988.25,1000.82,
2002-07-15T13:30:00Z,990.98,999.33,979.15,986.78,
2002-07-15T17:30:00Z,986.66,1021.35,955.29,1021.02,
2002-07-16T13:30:00Z,1012.51,1045.52,1008.33,1031.53,
2002-07-16T17:30:00Z,1031.45,1036.62,1002.17,1011.3,
2002-07-17T13:30:00Z,1047.79,1060.77,1005.18,1017.08,
2002-07-17T17:30:00Z,1017.44,1034.88,1010.88,1028.74,
2002-07-18T13:30:00Z,1020.82,1027.44,1005.87,1012.37,
2002-07-18T17:30:00Z,1012.32,1012.32,993.08,994.61,
2002-07-19T13:30:00Z,975.06,992.84,966.42,973.24,
2002-07-19T17:30:00Z,973.09,983.7,957.65,965.45,
2002-07-22T13:30:00Z,956.89,980.64,928.83,941.68,
2002-07-22T17:30:00Z,942.15,969.13,937.09,939.1,
2002-07-23T13:30:00Z,943.29,954.07,914.66,916.1,
2002-07-23T17:30:00Z,916.2,934.49,896.56,896.82,
2002-07-24T13:30:00Z,875.48,920.0,869.17,903.35,
2002-07-24T17:30:00Z,903.24,951.83,900.37,951.58,
2002-07-25T13:30:00Z,934.93,940.93,891.09,900.57,
2002-07-25T17:30:00Z,901.02,914.24,878.01,894.45,
2002-07-26T13:30:00Z,905.88,917.32,892.82,898.95,
2002-07-26T17:30:00Z,897.71,911.16,885.94,910.91,
2002-07-29T13:30:00Z,935.05,959.28,931.43,953.87,
2002-07-29T17:30:00Z,954.02,970.13,952.28,970.13,
2002-07-30T13:30:00Z,957.08,992.34,950.74,990.63,
2002-07-30T17:30:00Z,990.51,992.24,969.0,980.36,
2002-07-31T13:30:00Z,966.05,971.85,946.33,949.23,
2002-07-31T17:30:00Z,949.54,962.15,940.91,962.11,
2002-08-01T13:30:00Z,954.56,960.36,923.32,926.78,
2002-08-01T17:30:00Z,926.75,933.42,912.4,913.59,
2002-08-02T13:30:00Z,913.6,916.69,881.96,888.52,
2002-08-02T17:30:00Z,888.27,893.65,878.48,892.51,
2002-08-05T13:30:00Z,889.49,896.68,865.19,870.58,
2002-08-05T17:30:00Z,870.72,871.37,856.35,857.08,
2002-08-06T13:30:00Z,875.53,914.53,875.53,909.95,
2002-08-06T17:30:00Z,909.99,923.74,896.64,901.91,
2002-08-07T13:30:00Z,932.53,938.16,888.63,889.32,
2002-08-07T17:30:00Z,889.02,921.93,883.37,919.08,
2002-08-08T13:30:00Z,915.89,930.61,898.57,930.1,
2002-08-08T17:30:00Z,928.78,948.72,927.95,947.24,
2002-08-09T13:30:00Z,932.33,945.04,921.25,934.85,
2002-08-09T17:30:00Z,935.13,953.38,935.13,937.33,
2002-08-12T13:30:00Z,925.68,935.09,922.36,927.94,
2002-08-12T17:30:00Z,927.81,943.27,927.25,938.98,
2002-08-13T13:30:00Z,933.74,959.46,931.93,945.98,
2002-08-13T17:30:00Z,945.97,953.96,907.45,907.62,
2002-08-14T13:30:00Z,912.35,923.67,904.47,918.72,
2002-08-14T17:30:00Z,918.64,968.97,918.64,968.84,
2002-08-15T13:30:00Z,975.09,985.97,955.38,962.88,
2002-08-15T17:30:00Z,963.27,982.49,959.07,980.98,
2002-08-16T13:30:00Z,968.05,1001.28,961.56,995.77,
2002-08-16T17:30:00Z,995.66,1004.22,991.93,996.06,
2002-08-19T13:30:00Z,997.39,1023.18,993.46,1022.12,
2002-08-19T17:30:00Z,1021.75,1028.07,1015.43,1025.95,
2002-08-20T13:30:00Z,1014.51,1021.94,1001.84,1004.03,
2002-08-20T17:30:00Z,1004.02,1016.29,1002.93,1008.02,
2002-08-21T13:30:00Z,1020.95,1029.37,1006.55,1025.71,
2002-08-21T17:30:00Z,1025.74,1038.86,1016.58,1035.47,
2002-08-22T13:30:00Z,1036.16,1052.3,1023.25,1044.82,
2002-08-22T17:30:00Z,1044.91,1052.49,1037.05,1049.03,
2002-08-23T13:30:00Z,1036.13,1036.66,1012.06,1013.77,
2002-08-23T17:30:00Z,1013.72,1019.83,1005.02,1010.49,
2002-08-26T13:30:00Z,1017.62,1018.72,990.82,1008.2,
2002-08-26T17:30:00Z,1007.92,1020.86,1007.01,1016.79,
2002-08-27T13:30:00Z,1021.5,1021.66,983.89,988.67,
2002-08-27T17:30:00Z,988.8,991.4,971.68,974.47,
2002-08-28T13:30:00Z,965.57,968.66,950.02,961.32,
2002-08-28T17:30:00Z,961.2,961.2,941.6,944.83,
2002-08-29T13:30:00Z,932.67,973.34,926.61,967.69,
2002-08-29T17:30:00Z,967.81,971.36,951.93,961.75,
2002-08-30T13:30:00Z,951.56,964.93,945.74,955.17,
2002-08-30T17:30:00Z,955.1,962.8,941.51,942.38,
2002-09-03T13:30:00Z,928.5,928.5,904.52,907.12,
2002-09-03T17:30:00Z,906.91,911.82,899.19,899.64,
2002-09-04T13:30:00Z,904.82,920.55,895.41,906.04,
2002-09-04T17:30:00Z,905.81,925.26,903.53,920.98,
2002-09-05T13:30:00Z,900.9,901.5,884.19,892.72,
2002-09-05T17:30:00Z,892.3,896.63,882.85,882.92,
2002-09-06T13:30:00Z,911.6,928.82,910.78,928.72,
2002-09-06T17:30:00Z,928.71,932.96,919.86,922.22,
2002-09-09T13:30:00Z,913.68,924.44,901.13,923.95,
2002-09-09T17:30:00Z,924.13,939.24,922.83,932.23,
2002-09-10T13:30:00Z,934.43,951.46,930.97,939.77,
2002-09-10T17:30:00Z,939.82,947.77,930.19,947.72,
2002-09-11T13:30:00Z,958.29,978.46,952.64,955.92,
2002-09-11T17:30:00Z,955.14,964.22,946.02,946.4,
2002-09-12T13:30:00Z,935.53,935.53,922.02,927.68,
2002-09-12T17:30:00Z,927.85,927.85,914.89,915.01,
2002-09-13T13:30:00Z,909.63,928.65,907.24,921.36,
2002-09-13T17:30:00Z,921.38,925.2,915.71,923.83,
2002-09-16T13:30:00Z,919.1,925.9,900.89,907.01,
2002-09-16T17:30:00Z,907.05,914.63,903.47,908.48,
2002-09-17T13:30:00Z,927.29,932.91,901.63,909.21,
2002-09-17T17:30:00Z,909.27,909.74,896.45,897.53,
2002-09-18T13:30:00Z,884.03,893.73,876.08,883.17,
2002-09-18T17:30:00Z,883.64,906.05,883.42,895.2,
2002-09-19T13:30:00Z,875.77,889.24,873.18,877.96,
2002-09-19T17:30:00Z,877.79,880.26,865.9,865.93,
2002-09-20T13:30:00Z,876.75,879.87,864.13,875.95,
2002-09-20T17:30:00Z,875.72,875.99,866.19,871.6,
2002-09-23T13:30:00Z,860.99,864.26,843.4,851.54,
2002-09-23T17:30:00Z,851.27,852.7,837.63,843.08,
2002-09-24T13:30:00Z,830.21,859.29,830.21,846.83,
2002-09-24T17:30:00Z,846.95,861.09,838.55,843.61,
2002-09-25T13:30:00Z,858.46,875.95,849.28,875.58,
2002-09-25T17:30:00Z,876.39,885.97,871.7,880.44,
2002-09-26T13:30:00Z,891.02,897.45,861.52,862.37,
2002-09-26T17:30:00Z,862.57,881.46,860.81,873.74,
2002-09-27T13:30:00Z,866.09,891.12,864.46,879.11,
2002-09-27T17:30:00Z,879.01,880.06,859.6,860.35,
2002-09-30T13:30:00Z,848.72,848.72,825.8,837.23,
2002-09-30T17:30:00Z,837.41,852.98,832.05,832.52,
2002-10-01T13:30:00Z,841.29,849.06,824.22,848.21,
2002-10-01T17:30:00Z,847.83,870.7,842.34,870.63,
2002-10-02T13:30:00Z,865.13,882.77,855.89,876.9,
2002-10-02T17:30:00Z,876.99,877.4,844.61,849.56,
2002-10-03T13:30:00Z,846.74,859.53,835.39,837.19,
2002-10-03T17:30:00Z,837.24,852.52,832.67,833.21,
2002-10-04T13:30:00Z,842.95,844.37,812.31,812.31,
2002-10-04T17:30:00Z,812.83,832.95,809.94,815.4,
2002-10-07T13:30:00Z,813.06,826.79,805.61,815.92,
2002-10-07T17:30:00Z,815.73,818.57,798.88,804.64,
2002-10-08T13:30:00Z,815.22,818.67,795.25,803.28,
2002-10-08T17:30:00Z,802.71,827.78,801.74,811.47,
2002-10-09T13:30:00Z,800.92,823.36,798.27,813.71,
2002-10-09T17:30:00Z,814.18,825.12,803.34,807.42,
2002-10-10T13:30:00Z,809.46,847.12,801.65,845.33,
2002-10-10T17:30:00Z,845.51,852.68,841.58,849.57,
2002-10-11T13:30:00Z,867.28,893.8,863.1,892.48,
2002-10-11T17:30:00Z,892.01,899.46,875.31,890.61,
2002-10-14T13:30:00Z,878.75,903.15,876.21,897.47,
2002-10-14T17:30:00Z,897.38,901.05,890.66,900.75,
2002-10-15T13:30:00Z,941.46,946.43,933.28,942.58,
2002-10-15T17:30:00Z,942.56,950.51,935.26,950.42,
2002-10-16T13:30:00Z,911.33,929.69,908.08,910.1,
2002-10-16T17:30:00Z,909.96,916.21,906.08,910.13,
2002-10-17T13:30:00Z,951.14,957.16,937.19,948.43,
2002-10-17T17:30:00Z,948.46,953.39,938.6,945.06,
2002-10-18T13:30:00Z,936.43,954.58,922.31,947.17,
2002-10-18T17:30:00Z,947.1,956.17,944.86,956.13,
2002-10-21T13:30:00Z,945.86,974.85,937.55,973.66,
2002-10-21T17:30:00Z,973.8,982.43,968.24,979.35,
2002-10-22T13:30:00Z,954.28,977.88,951.61,963.55,
2002-10-22T17:30:00Z,963.68,964.92,952.91,963.87,
2002-10-23T13:30:00Z,960.18,971.58,952.78,959.75,
2002-10-23T17:30:00Z,959.84,989.42,959.19,989.32,
2002-10-24T13:30:00Z,992.5,998.54,979.13,989.68,
2002-10-24T17:30:00Z,989.17,989.65,963.08,964.91,
2002-10-25T13:30:00Z,964.01,985.28,964.01,979.95,
2002-10-25T17:30:00Z,980.07,995.64,975.76,995.55,
2002-10-28T14:30:00Z,1007.72,1007.72,976.84,995.97,
2002-10-28T18:30:00Z,995.65,996.21,973.28,979.46,
2002-10-29T14:30:00Z,975.66,982.62,944.07,946.88,
2002-10-29T18:30:00Z,947.22,965.05,941.17,960.82,
2002-10-30T14:30:00Z,968.48,995.82,960.48,987.47,
2002-10-30T18:30:00Z,986.92,994.61,976.05,986.09,
2002-10-31T14:30:00Z,990.39,1006.26,981.24,990.85,
2002-10-31T18:30:00Z,990.82,998.8,983.08,989.54,
2002-11-01T14:30:00Z,981.24,1011.93,974.08,1008.18,
2002-11-01T18:30:00Z,1008.64,1020.59,1001.35,1019.06,
2002-11-04T14:30:00Z,1049.49,1070.51,1044.65,1063.75,
2002-11-04T18:30:00Z,1063.77,1068.56,1039.1,1046.99,
2002-11-05T14:30:00Z,1033.79,1048.67,1032.14,1032.44,
2002-11-05T18:30:00Z,1032.26,1050.39,1028.22,1050.39,
2002-11-06T14:30:00Z,1057.59,1057.59,1041.32,1046.64,
2002-11-06T18:30:00Z,1046.68,1065.86,1032.25,1065.86,
2002-11-07T14:30:00Z,1043.55,1048.5,1023.48,1029.01,
2002-11-07T18:30:00Z,1028.94,1035.5,1019.22,1025.79,
2002-11-08T14:30:00Z,1026.04,1039.27,1004.04,1014.51,
2002-11-08T18:30:00Z,1014.74,1017.22,1006.3,1008.44,
2002-11-11T14:30:00Z,1004.41,1004.41,978.38,985.12,
2002-11-11T18:30:00Z,985.38,988.58,972.34,972.48,
2002-11-12T14:30:00Z,982.24,1013.6,982.24,1008.13,
2002-11-12T18:30:00Z,1008.29,1020.54,997.86,1001.94,
2002-11-13T14:30:00Z,994.4,1022.41,986.77,1013.99,
2002-11-13T18:30:00Z,1014.08,1017.13,994.88,1011.94,
2002-11-14T14:30:00Z,1029.36,1049.06,1027.16,1048.51,
2002-11-14T18:30:00Z,1048.84,1057.9,1043.3,1057.83,
2002-11-15T14:30:00Z,1042.89,1057.24,1036.5,1049.0,
2002-11-15T18:30:00Z,1049.15,1062.86,1047.41,1061.28,
2002-11-18T14:30:00Z,1073.89,1075.51,1056.34,1068.47,
2002-11-18T18:30:00Z,1068.29,1071.13,1044.79,1045.19,
2002-11-19T14:30:00Z,1037.26,1046.07,1024.61,1037.14,
2002-11-19T18:30:00Z,1037.51,1044.14,1019.07,1025.96,
2002-11-20T14:30:00Z,1028.57,1067.64,1028.12,1064.82,
2002-11-20T18:30:00Z,1064.75,1071.31,1061.01,1070.53,
2002-11-21T14:30:00Z,1082.92,1115.21,1081.4,1114.22,
2002-11-21T18:30:00Z,1113.79,1119.17,1105.85,1118.14,
2002-11-22T14:30:00Z,1102.64,1117.27,1099.7,1111.08,
2002-11-22T18:30:00Z,1111.04,1122.51,1110.01,1116.01,
2002-11-25T14:30:00Z,1117.03,1133.73,1108.47,1114.98,
2002-11-25T18:30:00Z,1114.82,1130.4,1114.8,1127.06,
2002-11-26T14:30:00Z,1116.29,1119.71,1101.74,1103.18,
2002-11-26T18:30:00Z,1102.44,1102.44,1083.86,1087.49,
2002-11-27T14:30:00Z,1108.15,1129.66,1107.17,1128.83,
2002-11-27T18:30:00Z,1128.76,1132.8,1125.36,1125.67,
2002-11-29T14:30:00Z,1133.18,1134.6,1115.85,1116.18,
2002-11-29T18:30:00Z,1116.18,1116.22,1116.1,1116.1,
2002-12-02T14:30:00Z,1144.27,1155.68,1120.89,1132.51,
2002-12-02T18:30:00Z,1132.37,1132.38,1110.24,1120.49,
2002-12-03T14:30:00Z,1109.46,1109.46,1083.94,1095.78,
2002-12-03T18:30:00Z,1095.92,1099.73,1087.16,1088.8,
2002-12-04T14:30:00Z,1068.94,1070.43,1055.34,1063.18,
2002-12-04T18:30:00Z,1063.25,1082.93,1057.11,1069.49,
2002-12-05T14:30:00Z,1085.02,1085.63,1052.08,1057.65,
2002-12-05T18:30:00Z,1057.67,1069.65,1053.04,1053.06,
2002-12-06T14:30:00Z,1038.54,1067.86,1035.55,1063.09,
2002-12-06T18:30:00Z,1063.19,1074.01,1060.33,1065.97,
2002-12-09T14:30:00Z,1054.87,1055.36,1026.18,1028.14,
2002-12-09T18:30:00Z,1028.15,1033.62,1014.8,1014.84,
2002-12-10T14:30:00Z,1022.39,1043.34,1019.7,1038.02,
2002-12-10T18:30:00Z,1038.13,1043.3,1031.63,1033.07,
2002-12-11T14:30:00Z,1023.91,1047.74,1019.4,1039.08,
2002-12-11T18:30:00Z,1038.83,1043.04,1028.53,1036.34,
2002-12-12T14:30:00Z,1047.47,1051.55,1029.41,1036.78,
2002-12-12T18:30:00Z,1036.67,1040.27,1031.94,1039.95,
2002-12-13T14:30:00Z,1027.66,1027.66,1010.5,1014.61,
2002-12-13T18:30:00Z,1014.68,1017.27,1005.85,1005.85,
2002-12-16T14:30:00Z,1011.89,1036.3,1008.75,1032.78,
2002-12-16T18:30:00Z,1032.63,1042.84,1029.82,1042.44,
2002-12-17T14:30:00Z,1038.96,1052.59,1034.82,1044.49,
2002-12-17T18:30:00Z,1044.55,1045.69,1033.19,1040.02,
2002-12-18T14:30:00Z,1029.82,1029.91,1007.92,1013.05,
2002-12-18T18:30:00Z,1013.1,1017.68,1008.77,1013.72,
2002-12-19T14:30:00Z,1012.51,1035.52,1001.23,1005.38,
2002-12-19T18:30:00Z,1005.15,1011.57,999.8,1006.05,
2002-12-20T14:30:00Z,1009.67,1022.42,1009.67,1020.32,
2002-12-20T18:30:00Z,1020.08,1020.9,1009.53,1013.51,
2002-12-23T14:30:00Z,1012.46,1035.49,1010.84,1031.09,
2002-12-23T18:30:00Z,1030.93,1032.4,1023.83,1032.3,
2002-12-24T14:30:00Z,1026.57,1034.19,1023.24,1023.29,
2002-12-24T18:30:00Z,1023.29,1023.29,1023.29,1023.29,
2002-12-26T14:30:00Z,1026.44,1041.49,1026.44,1034.05,
2002-12-26T18:30:00Z,1033.82,1033.82,1013.3,1016.46,
2002-12-27T14:30:00Z,1012.34,1018.16,1004.91,1006.47,
2002-12-27T18:30:00Z,1006.5,1006.66,996.1,997.85,
2002-12-30T14:30:00Z,999.39,1003.31,980.74,987.3,
2002-12-30T18:30:00Z,987.22,995.3,986.26,989.89,
2002-12-31T14:30:00Z,987.92,994.22,977.59,990.79,
2002-12-31T18:30:00Z,990.97,991.97,981.7,984.36,
2003-01-02T14:30:00Z,995.64,1021.53,984.59,1016.91,
2003-01-02T18:30:00Z,1017.05,1027.91,1016.76,1027.86,
2003-01-03T14:30:00Z,1024.15,1033.37,1018.16,1026.98,
2003-01-03T18:30:00Z,1027.15,1031.95,1020.81,1031.63,
2003-01-06T14:30:00Z,1034.02,1061.33,1034.02,1060.82,
2003-01-06T18:30:00Z,1060.61,1068.49,1058.47,1061.48,
2003-01-07T14:30:00Z,1063.18,1077.27,1057.24,1072.06,
2003-01-07T18:30:00Z,1072.33,1082.52,1065.83,1071.85,
2003-01-08T14:30:00Z,1063.48,1065.67,1043.8,1047.66,
2003-01-08T18:30:00Z,1047.22,1050.14,1040.38,1042.52,
2003-01-09T14:30:00Z,1056.61,1084.7,1056.05,1076.2,
2003-01-09T18:30:00Z,1076.38,1080.82,1072.3,1076.05,
2003-01-10T14:30:00Z,1059.86,1096.45,1056.62,1080.31,
2003-01-10T18:30:00Z,1079.97,1090.75,1079.97,1087.36,
2003-01-13T14:30:00Z,1101.24,1104.32,1075.96,1082.17,
2003-01-13T18:30:00Z,1082.4,1089.36,1079.45,1083.0,
2003-01-14T14:30:00Z,1082.49,1097.71,1080.85,1090.31,
2003-01-14T18:30:00Z,1090.21,1095.02,1086.35,1094.87,
2003-01-15T14:30:00Z,1096.86,1099.07,1069.96,1072.16,
2003-01-15T18:30:00Z,1072.17,1080.51,1070.57,1073.6,
2003-01-16T14:30:00Z,1076.18,1084.36,1061.58,1063.78,
2003-01-16T18:30:00Z,1063.84,1067.04,1057.87,1061.46,
2003-01-17T14:30:00Z,1041.43,1041.43,1024.12,1025.77,
2003-01-17T18:30:00Z,1025.75,1027.42,1017.53,1017.58,
2003-01-21T14:30:00Z,1022.94,1028.32,1012.09,1025.61,
2003-01-21T18:30:00Z,1025.84,1025.88,1008.93,1008.93,
2003-01-22T14:30:00Z,1005.08,1026.82,1003.58,1022.79,
2003-01-22T18:30:00Z,1022.76,1027.08,1005.67,1006.51,
2003-01-23T14:30:00Z,1024.47,1030.45,1011.12,1022.31,
2003-01-23T18:30:00Z,1021.95,1039.16,1021.65,1032.67,
2003-01-24T14:30:00Z,1027.7,1027.7,994.65,996.31,
2003-01-24T18:30:00Z,996.46,1001.57,992.86,996.18,
2003-01-27T14:30:00Z,985.08,1006.26,982.5,990.08,
2003-01-27T18:30:00Z,989.72,991.86,982.02,986.41,
2003-01-28T14:30:00Z,996.88,1000.6,983.95,993.21,
2003-01-28T18:30:00Z,993.34,1006.51,993.1,1001.41,
2003-01-29T14:30:00Z,994.39,1012.85,980.92,1008.71,
2003-01-29T18:30:00Z,1008.49,1022.98,1003.47,1016.56,
2003-01-30T14:30:00Z,1018.48,1022.21,999.88,1004.79,
2003-01-30T18:30:00Z,1004.58,1004.66,985.31,985.51,
2003-01-31T14:30:00Z,971.6,996.04,968.34,994.44,
2003-01-31T18:30:00Z,994.31,994.37,977.41,983.05,
2003-02-03T14:30:00Z,987.37,997.12,981.37,992.7,
2003-02-03T18:30:00Z,992.76,997.56,984.99,987.07,
2003-02-04T14:30:00Z,972.93,974.68,960.01,967.5,
2003-02-04T18:30:00Z,967.53,972.52,963.19,971.73,
2003-02-05T14:30:00Z,980.75,999.16,971.23,990.28,
2003-02-05T18:30:00Z,990.04,992.86,967.59,968.97,
2003-02-06T14:30:00Z,966.05,979.18,961.36,974.65,
2003-02-06T18:30:00Z,974.51,977.95,961.48,970.55,
2003-02-07T14:30:00Z,980.5,983.36,956.73,957.81,
2003-02-07T18:30:00Z,957.84,959.19,951.67,957.05,
2003-02-10T14:30:00Z,961.69,974.48,950.81,967.31,
2003-02-10T18:30:00Z,967.63,970.92,960.82,969.96,
2003-02-11T14:30:00Z,975.52,989.32,974.9,978.67,
2003-02-11T18:30:00Z,978.45,979.43,962.44,971.61,
2003-02-12T14:30:00Z,967.89,978.06,962.65,963.65,
2003-02-12T18:30:00Z,963.47,966.89,956.57,956.77,
2003-02-13T14:30:00Z,959.56,959.73,939.67,942.33,
2003-02-13T18:30:00Z,942.37,956.79,938.52,951.9,
2003-02-14T14:30:00Z,958.2,976.16,952.7,960.52,
2003-02-14T18:30:00Z,960.68,982.12,960.34,982.09,
2003-02-18T14:30:00Z,989.82,1010.98,989.82,1006.86,
2003-02-18T18:30:00Z,1006.93,1015.34,1003.54,1014.91,
2003-02-19T14:30:00Z,1011.69,1014.36,1001.86,1002.0,
2003-02-19T18:30:00Z,1002.13,1006.25,994.25,1005.88,
2003-02-20T14:30:00Z,1010.5,1014.93,999.84,1001.16,
2003-02-20T18:30:00Z,1001.24,1008.06,999.58,1001.47,
2003-02-21T14:30:00Z,1002.14,1009.37,986.73,1007.14,
2003-02-21T18:30:00Z,1007.09,1019.25,1007.09,1015.92,
2003-02-24T14:30:00Z,1009.14,1013.2,998.0,1001.94,
2003-02-24T18:30:00Z,1002.23,1002.23,994.23,994.69,
2003-02-25T14:30:00Z,981.52,982.38,969.94,976.34,
2003-02-25T18:30:00Z,976.38,1001.72,974.56,999.28,
2003-02-26T14:30:00Z,992.85,1001.99,981.71,985.65,
2003-02-26T18:30:00Z,985.78,988.82,973.93,974.51,
2003-02-27T14:30:00Z,982.51,1000.7,976.6,995.53,
2003-02-27T18:30:00Z,995.3,997.5,985.24,994.8,
2003-02-28T14:30:00Z,998.26,1013.34,994.79,1007.9,
2003-02-28T18:30:00Z,1009.41,1010.75,1002.95,1009.74,
2003-03-03T14:30:00Z,1015.87,1023.25,996.46,997.48,
2003-03-03T18:30:00Z,997.43,1000.22,988.4,991.07,
2003-03-04T14:30:00Z,991.6,994.35,984.03,993.66,
2003-03-04T18:30:00Z,993.34,993.34,982.06,982.98,
2003-03-05T14:30:00Z,981.67,995.19,978.4,990.98,
2003-03-05T18:30:00Z,990.61,992.84,981.71,990.23,
2003-03-06T14:30:00Z,982.04,991.69,976.55,983.77,
2003-03-06T18:30:00Z,983.75,988.37,980.15,983.96,
2003-03-07T14:30:00Z,967.93,992.11,964.25,986.18,
2003-03-07T18:30:00Z,986.04,990.47,974.93,986.82,
2003-03-10T14:30:00Z,977.95,982.87,965.34,967.35,
2003-03-10T18:30:00Z,967.33,970.87,962.48,964.29,
2003-03-11T14:30:00Z,966.74,973.86,959.55,966.58,
2003-03-11T18:30:00Z,966.69,968.53,956.94,958.82,
2003-03-12T14:30:00Z,954.66,966.63,946.79,948.88,
2003-03-12T18:30:00Z,948.66,971.39,948.32,970.54,
2003-03-13T14:30:00Z,990.36,1009.02,981.58,1008.89,
2003-03-13T18:30:00Z,1008.84,1029.84,1008.48,1029.79,
2003-03-14T14:30:00Z,1034.43,1042.56,1020.17,1027.7,
2003-03-14T18:30:00Z,1027.66,1033.32,1021.67,1030.45,
2003-03-17T14:30:00Z,1021.97,1075.56,1018.76,1066.07,
2003-03-17T18:30:00Z,1065.48,1077.14,1065.31,1077.01,
2003-03-18T14:30:00Z,1075.3,1080.78,1063.22,1073.32,
2003-03-18T18:30:00Z,1073.67,1082.2,1067.54,1082.19,
2003-03-19T14:30:00Z,1078.34,1083.11,1058.81,1068.4,
2003-03-19T18:30:00Z,1068.1,1079.59,1063.16,1074.97,
2003-03-20T14:30:00Z,1064.32,1085.0,1052.92,1084.3,
2003-03-20T18:30:00Z,1084.46,1089.21,1075.72,1080.24,
2003-03-21T14:30:00Z,1094.42,1099.61,1078.64,1092.93,
2003-03-21T18:30:00Z,1092.96,1093.89,1082.81,1093.12,
2003-03-24T14:30:00Z,1064.65,1068.46,1053.78,1055.11,
2003-03-24T18:30:00Z,1054.78,1055.15,1045.65,1047.1,
2003-03-25T14:30:00Z,1051.71,1075.43,1047.06,1073.47,
2003-03-25T18:30:00Z,1073.51,1074.58,1060.76,1066.57,
2003-03-26T14:30:00Z,1065.58,1074.98,1060.05,1070.85,
2003-03-26T18:30:00Z,1070.91,1074.34,1061.17,1066.3,
2003-03-27T14:30:00Z,1055.7,1064.8,1049.5,1060.7,
2003-03-27T18:30:00Z,1060.81,1070.67,1060.11,1061.93,
2003-03-28T14:30:00Z,1052.25,1061.83,1050.34,1054.01,
2003-03-28T18:30:00Z,1053.93,1054.74,1044.38,1046.72,
2003-03-31T14:30:00Z,1028.43,1028.43,1015.07,1023.0,
2003-03-31T18:30:00Z,1023.06,1032.91,1018.05,1018.66,
2003-04-01T14:30:00Z,1025.02,1030.33,1015.46,1023.84,
2003-04-01T18:30:00Z,1023.85,1031.51,1020.06,1022.63,
2003-04-02T14:30:00Z,1047.39,1066.14,1047.39,1060.62,
2003-04-02T18:30:00Z,1060.66,1066.9,1059.09,1063.46,
2003-04-03T14:30:00Z,1070.51,1072.05,1058.01,1071.95,
2003-04-03T18:30:00Z,1072.02,1078.76,1061.78,1064.06,
2003-04-04T14:30:00Z,1067.51,1067.51,1045.3,1048.75,
2003-04-04T18:30:00Z,1048.72,1052.7,1044.37,1050.71,
2003-04-07T13:30:00Z,1089.93,1091.74,1077.04,1079.43,
2003-04-07T17:30:00Z,1079.71,1080.42,1053.22,1053.28,
2003-04-08T13:30:00Z,1051.75,1053.77,1041.47,1051.57,
2003-04-08T17:30:00Z,1051.47,1056.03,1044.59,1046.3,
2003-04-09T13:30:00Z,1048.51,1055.89,1028.67,1033.03,
2003-04-09T17:30:00Z,1033.01,1036.44,1023.48,1023.52,
2003-04-10T13:30:00Z,1024.74,1031.72,1018.17,1029.03,
2003-04-10T17:30:00Z,1029.12,1035.61,1028.95,1033.14,
2003-04-11T13:30:00Z,1046.45,1051.88,1021.75,1022.15,
2003-04-11T17:30:00Z,1021.93,1027.92,1020.56,1026.15,
2003-04-14T13:30:00Z,1028.0,1047.95,1025.8,1045.11,
2003-04-14T17:30:00Z,1045.14,1050.51,1041.24,1048.31,
2003-04-15T13:30:00Z,1044.33,1058.54,1039.99,1052.18,
2003-04-15T17:30:00Z,1052.24,1054.07,1048.06,1053.08,
2003-04-16T13:30:00Z,1070.64,1078.23,1057.81,1062.38,
2003-04-16T17:30:00Z,1062.33,1062.33,1051.52,1054.89,
2003-04-17T13:30:00Z,1051.36,1083.56,1051.36,1083.24,
2003-04-17T17:30:00Z,1083.63,1084.81,1075.59,1083.56,
2003-04-21T13:30:00Z,1083.75,1089.71,1070.86,1079.91,
2003-04-21T17:30:00Z,1079.99,1082.86,1075.79,1081.04,
2003-04-22T13:30:00Z,1073.88,1096.9,1072.13,1094.14,
2003-04-22T17:30:00Z,1094.23,1103.81,1092.46,1102.44,
2003-04-23T13:30:00Z,1105.45,1115.67,1096.92,1107.77,
2003-04-23T17:30:00Z,1107.91,1113.7,1102.77,1112.93,
2003-04-24T13:30:00Z,1100.84,1110.74,1097.19,1102.88,
2003-04-24T17:30:00Z,1102.88,1115.36,1101.51,1108.12,
2003-04-25T13:30:00Z,1100.65,1101.76,1081.34,1087.69,
2003-04-25T17:30:00Z,1087.67,1089.0,1082.43,1083.19,
2003-04-28T13:30:00Z,1086.9,1107.81,1085.11,1104.57,
2003-04-28T17:30:00Z,1104.41,1110.5,1101.26,1107.13,
2003-04-29T13:30:00Z,1113.05,1126.58,1103.79,1111.99,
2003-04-29T17:30:00Z,1111.97,1122.19,1107.29,1116.79,
2003-04-30T13:30:00Z,1111.54,1116.85,1104.39,1109.32,
2003-04-30T17:30:00Z,1109.33,1114.55,1105.48,1106.06,
2003-05-01T13:30:00Z,1104.38,1107.94,1094.42,1101.38,
2003-05-01T17:30:00Z,1101.3,1119.67,1101.3,1113.21,
2003-05-02T13:30:00Z,1109.92,1135.98,1109.66,1129.56,
2003-05-02T17:30:00Z,1129.51,1137.45,1129.5,1136.51,
2003-05-05T13:30:00Z,1139.6,1152.66,1132.99,1152.63,
2003-05-05T17:30:00Z,1152.54,1152.96,1135.73,1136.26,
2003-05-06T13:30:00Z,1134.56,1158.64,1134.47,1158.56,
2003-05-06T17:30:00Z,1158.49,1161.0,1142.66,1152.78,
2003-05-07T13:30:00Z,1142.88,1152.68,1134.99,1139.74,
2003-05-07T17:30:00Z,1139.74,1142.16,1131.37,1135.85,
2003-05-08T13:30:00Z,1120.53,1132.27,1116.67,1122.69,
2003-05-08T17:30:00Z,1122.65,1123.2,1118.23,1118.76,
2003-05-09T13:30:00Z,1129.29,1143.97,1126.13,1141.26,
2003-05-09T17:30:00Z,1141.2,1143.55,1134.71,1143.55,
2003-05-12T13:30:00Z,1141.08,1162.29,1133.89,1157.43,
2003-05-12T17:30:00Z,1157.44,1163.75,1156.1,1160.42,
2003-05-13T13:30:00Z,1152.75,1165.53,1148.79,1160.16,
2003-05-13T17:30:00Z,1160.22,1160.87,1150.8,1155.97,
2003-05-14T13:30:00Z,1161.47,1165.2,1140.77,1146.69,
2003-05-14T17:30:00Z,1146.83,1149.75,1142.01,1148.14,
2003-05-15T13:30:00Z,1155.11,1164.5,1149.04,1158.14,
2003-05-15T17:30:00Z,1157.97,1162.93,1155.96,1162.93,
2003-05-16T13:30:00Z,1158.51,1162.64,1146.29,1152.28,
2003-05-16T17:30:00Z,1152.39,1159.53,1151.92,1154.48,
2003-05-19T13:30:00Z,1146.74,1152.4,1122.26,1125.95,
2003-05-19T17:30:00Z,1125.91,1126.28,1112.27,1112.49,
2003-05-20T13:30:00Z,1118.3,1124.07,1111.3,1111.3,
2003-05-20T17:30:00Z,1111.54,1116.6,1103.2,1112.85,
2003-05-21T13:30:00Z,1110.78,1115.56,1104.11,1110.89,
2003-05-21T17:30:00Z,1110.91,1114.76,1105.04,1113.68,
2003-05-22T13:30:00Z,1116.21,1135.29,1112.59,1132.36,
2003-05-22T17:30:00Z,1132.22,1137.64,1129.54,1131.45,
2003-05-23T13:30:00Z,1128.41,1135.49,1125.24,1132.16,
2003-05-23T17:30:00Z,1132.14,1133.59,1129.34,1130.05,
2003-05-27T13:30:00Z,1123.66,1168.56,1123.25,1168.16,
2003-05-27T17:30:00Z,1168.24,1174.16,1163.24,1172.58,
2003-05-28T13:30:00Z,1172.99,1181.93,1165.34,1171.21,
2003-05-28T17:30:00Z,1171.2,1176.87,1168.58,1173.31,
2003-05-29T13:30:00Z,1175.4,1198.43,1172.52,1178.39,
2003-05-29T17:30:00Z,1178.59,1189.61,1176.37,1181.82,
2003-05-30T13:30:00Z,1188.63,1198.95,1185.09,1193.04,
2003-05-30T17:30:00Z,1192.5,1201.25,1190.62,1197.89,
2003-06-02T13:30:00Z,1210.77,1213.76,1202.23,1210.79,
2003-06-02T17:30:00Z,1210.81,1213.0,1180.32,1185.13,
2003-06-03T13:30:00Z,1183.6,1198.95,1180.01,1187.41,
2003-06-03T17:30:00Z,1187.2,1198.64,1184.43,1198.57,
2003-06-04T13:30:00Z,1199.74,1220.56,1195.96,1211.11,
2003-06-04T17:30:00Z,1210.92,1228.52,1210.17,1224.76,
2003-06-05T13:30:00Z,1210.64,1227.41,1206.26,1222.38,
2003-06-05T17:30:00Z,1222.23,1231.79,1215.57,1231.72,
2003-06-06T13:30:00Z,1254.64,1265.69,1219.19,1232.39,
2003-06-06T17:30:00Z,1232.52,1239.02,1210.33,1213.11,
2003-06-09T13:30:00Z,1206.95,1214.22,1189.63,1195.42,
2003-06-09T17:30:00Z,1195.7,1198.37,1188.04,1195.55,
2003-06-10T13:30:00Z,1201.26,1207.17,1194.2,1204.03,
2003-06-10T17:30:00Z,1204.11,1212.99,1197.78,1212.99,
2003-06-11T13:30:00Z,1209.84,1220.02,1199.47,1213.74,
2003-06-11T17:30:00Z,1213.69,1230.5,1208.47,1228.24,
2003-06-12T13:30:00Z,1233.48,1235.77,1218.02,1225.89,
2003-06-12T17:30:00Z,1226.47,1231.65,1219.42,1229.32,
2003-06-13T13:30:00Z,1231.75,1235.19,1204.47,1206.31,
2003-06-13T17:30:00Z,1206.15,1209.71,1201.12,1203.91,
2003-06-16T13:30:00Z,1211.58,1233.87,1206.13,1229.98,
2003-06-16T17:30:00Z,1229.93,1242.5,1229.86,1241.58,
2003-06-17T13:30:00Z,1247.57,1247.57,1229.73,1241.44,
2003-06-17T17:30:00Z,1241.37,1245.39,1234.04,1239.63,
2003-06-18T13:30:00Z,1233.83,1255.39,1225.7,1252.79,
2003-06-18T17:30:00Z,1253.24,1253.45,1240.41,1247.9,
2003-06-19T13:30:00Z,1247.5,1255.3,1232.56,1242.15,
2003-06-19T17:30:00Z,1242.5,1244.45,1222.87,1225.89,
2003-06-20T13:30:00Z,1235.2,1235.84,1217.19,1220.76,
2003-06-20T17:30:00Z,1220.52,1225.44,1217.75,1223.06,
2003-06-23T13:30:00Z,1220.19,1221.65,1190.9,1196.52,
2003-06-23T17:30:00Z,1196.29,1200.31,1189.78,1200.17,
2003-06-24T13:30:00Z,1196.62,1209.84,1188.2,1200.08,
2003-06-24T17:30:00Z,1200.54,1206.44,1191.4,1191.7,
2003-06-25T13:30:00Z,1193.16,1212.79,1193.16,1210.48,
2003-06-25T17:30:00Z,1210.48,1212.15,1186.53,1188.41,
2003-06-26T13:30:00Z,1194.87,1213.19,1191.19,1209.18,
2003-06-26T17:30:00Z,1209.14,1217.21,1208.07,1214.68,
2003-06-27T13:30:00Z,1216.86,1229.11,1214.04,1215.76,
2003-06-27T17:30:00Z,1215.22,1215.22,1199.6,1205.25,
2003-06-30T13:30:00Z,1212.51,1218.8,1199.83,1208.87,
2003-06-30T17:30:00Z,1208.77,1211.99,1201.0,1201.69,
2003-07-01T13:30:00Z,1195.3,1198.03,1180.11,1196.77,
2003-07-01T17:30:00Z,1196.67,1219.23,1191.17,1217.37,
2003-07-02T13:30:00Z,1223.19,1241.31,1223.06,1240.39,
2003-07-02T17:30:00Z,1240.02,1245.78,1234.71,1245.75,
2003-07-03T13:30:00Z,1233.4,1250.62,1228.4,1231.34,
2003-07-03T17:30:00Z,1231.34,1231.34,1231.34,1231.34,
2003-07-07T13:30:00Z,1250.03,1276.97,1250.03,1272.69,
2003-07-07T17:30:00Z,1272.8,1282.31,1272.7,1281.89,
2003-07-08T13:30:00Z,1275.79,1290.02,1272.29,1285.98,
2003-07-08T17:30:00Z,1286.11,1298.93,1284.82,1298.37,
2003-07-09T13:30:00Z,1294.58,1307.03,1285.42,1291.61,
2003-07-09T17:30:00Z,1291.69,1305.27,1290.92,1295.16,
2003-07-10T13:30:00Z,1280.44,1286.02,1261.26,1265.73,
2003-07-10T17:30:00Z,1265.55,1271.45,1260.76,1268.65,
2003-07-11T13:30:00Z,1273.94,1285.85,1273.87,1283.22,
2003-07-11T17:30:00Z,1283.15,1284.25,1271.76,1280.57,
2003-07-14T13:30:00Z,1301.19,1316.42,1299.67,1307.94,
2003-07-14T17:30:00Z,1307.95,1313.14,1290.48,1295.74,
2003-07-15T13:30:00Z,1309.69,1311.1,1289.78,1292.36,
2003-07-15T17:30:00Z,1292.03,1298.81,1285.56,1294.47,
2003-07-16T13:30:00Z,1305.76,1306.52,1277.46,1290.28,
2003-07-16T17:30:00Z,1289.75,1292.24,1284.13,1291.99,
2003-07-17T13:30:00Z,1274.73,1279.82,1250.6,1256.2,
2003-07-17T17:30:00Z,1255.81,1259.4,1249.59,1255.94,
2003-07-18T13:30:00Z,1265.0,1265.67,1244.11,1255.61,
2003-07-18T17:30:00Z,1255.49,1267.69,1254.81,1259.91,
2003-07-21T13:30:00Z,1256.12,1256.45,1232.16,1238.39,
2003-07-21T17:30:00Z,1238.44,1241.56,1232.95,1240.78,
2003-07-22T13:30:00Z,1252.99,1265.4,1242.17,1259.73,
2003-07-22T17:30:00Z,1258.99,1263.66,1252.45,1257.63,
2003-07-23T13:30:00Z,1262.59,1264.48,1246.89,1257.22,
2003-07-23T17:30:00Z,1257.2,1270.44,1255.27,1268.52,
2003-07-24T13:30:00Z,1282.13,1287.45,1276.02,1280.16,
2003-07-24T17:30:00Z,1280.13,1281.65,1252.12,1253.76,
2003-07-25T13:30:00Z,1252.62,1258.73,1237.75,1256.81,
2003-07-25T17:30:00Z,1256.77,1278.31,1256.77,1278.31,
2003-07-28T13:30:00Z,1281.5,1285.86,1272.01,1278.63,
2003-07-28T17:30:00Z,1278.84,1284.99,1275.87,1280.53,
2003-07-29T13:30:00Z,1284.24,1287.84,1257.13,1282.99,
2003-07-29T17:30:00Z,1283.55,1285.44,1268.88,1275.17,
2003-07-30T13:30:00Z,1276.58,1277.19,1262.26,1267.37,
2003-07-30T17:30:00Z,1267.41,1269.39,1261.68,1263.78,
2003-07-31T13:30:00Z,1278.29,1298.81,1269.89,1296.24,
2003-07-31T17:30:00Z,1296.52,1297.31,1274.33,1276.94,
2003-08-01T13:30:00Z,1274.61,1276.99,1260.09,1271.62,
2003-08-01T17:30:00Z,1271.4,1272.77,1263.34,1264.34,
2003-08-04T13:30:00Z,1263.62,1266.25,1240.67,1258.74,
2003-08-04T17:30:00Z,1258.5,1277.07,1252.4,1267.38,
2003-08-05T13:30:00Z,1263.79,1263.83,1247.52,1248.84,
2003-08-05T17:30:00Z,1248.88,1250.54,1227.22,1229.72,
2003-08-06T13:30:00Z,1221.99,1235.96,1211.27,1235.96,
2003-08-06T17:30:00Z,1235.95,1237.14,1215.13,1215.13,
2003-08-07T13:30:00Z,1214.89,1225.29,1208.74,1221.35,
2003-08-07T17:30:00Z,1221.19,1223.42,1212.7,1217.17,
2003-08-08T13:30:00Z,1223.66,1227.24,1205.93,1211.46,
2003-08-08T17:30:00Z,1211.64,1215.27,1204.29,1207.28,
2003-08-11T13:30:00Z,1209.35,1230.26,1208.33,1220.25,
2003-08-11T17:30:00Z,1220.23,1224.71,1218.46,1223.14,
2003-08-12T13:30:00Z,1227.5,1228.69,1220.12,1226.55,
2003-08-12T17:30:00Z,1226.62,1241.62,1226.09,1240.7,
2003-08-13T13:30:00Z,1247.56,1249.14,1233.8,1243.16,
2003-08-13T17:30:00Z,1243.16,1249.07,1235.7,1240.37,
2003-08-14T13:30:00Z,1241.17,1254.0,1235.05,1249.32,
2003-08-14T17:30:00Z,1249.18,1253.17,1246.8,1251.9,
2003-08-15T13:30:00Z,1250.45,1257.46,1246.32,1250.11,
2003-08-15T17:30:00Z,1250.17,1253.63,1249.07,1253.63,
2003-08-18T13:30:00Z,1258.18,1278.35,1256.9,1276.9,
2003-08-18T17:30:00Z,1276.75,1284.88,1273.67,1284.81,
2003-08-19T13:30:00Z,1291.37,1298.97,1281.71,1292.77,
2003-08-19T17:30:00Z,1292.71,1301.31,1288.15,1299.69,
2003-08-20T13:30:00Z,1289.43,1305.52,1288.75,1304.45,
2003-08-20T17:30:00Z,1304.48,1307.45,1296.21,1299.73,
2003-08-21T13:30:00Z,1309.43,1319.88,1299.02,1307.97,
2003-08-21T17:30:00Z,1308.01,1316.75,1307.13,1314.65,
2003-08-22T13:30:00Z,1338.19,1342.64,1314.96,1317.56,
2003-08-22T17:30:00Z,1317.47,1320.78,1304.51,1304.54,
2003-08-25T13:30:00Z,1302.5,1307.85,1295.82,1303.18,
2003-08-25T17:30:00Z,1303.08,1306.64,1299.48,1306.64,
2003-08-26T13:30:00Z,1298.23,1303.31,1280.59,1284.65,
2003-08-26T17:30:00Z,1284.73,1309.83,1283.88,1309.05,
2003-08-27T13:30:00Z,1306.18,1320.02,1303.15,1317.16,
2003-08-27T17:30:00Z,1317.19,1319.58,1311.04,1318.93,
2003-08-28T13:30:00Z,1323.21,1326.35,1308.98,1322.23,
2003-08-28T17:30:00Z,1322.28,1332.47,1318.93,1332.33,
2003-08-29T13:30:00Z,1328.49,1339.27,1327.93,1335.02,
2003-08-29T17:30:00Z,1334.99,1344.74,1334.65,1341.2,
2003-09-02T13:30:00Z,1347.64,1352.17,1333.29,1345.14,
2003-09-02T17:30:00Z,1345.3,1361.09,1342.27,1361.09,
2003-09-03T13:30:00Z,1370.35,1375.3,1362.23,1369.69,
2003-09-03T17:30:00Z,1369.76,1370.42,1354.72,1360.19,
2003-09-04T13:30:00Z,1360.22,1372.43,1356.23,1370.19,
2003-09-04T17:30:00Z,1370.31,1376.06,1369.57,1373.26,
2003-09-05T13:30:00Z,1366.29,1380.03,1362.36,1363.05,
2003-09-05T17:30:00Z,1363.12,1366.45,1355.02,1361.9,
2003-09-08T13:30:00Z,1366.55,1387.45,1365.09,1383.43,
2003-09-08T17:30:00Z,1383.68,1386.8,1379.4,1386.73,
2003-09-09T13:30:00Z,1380.13,1382.11,1365.98,1377.62,
2003-09-09T17:30:00Z,1377.45,1379.2,1364.94,1370.56,
2003-09-10T13:30:00Z,1357.8,1362.84,1345.85,1349.21,
2003-09-10T17:30:00Z,1349.14,1350.4,1332.28,1332.28,
2003-09-11T13:30:00Z,1339.88,1352.81,1327.92,1349.55,
2003-09-11T17:30:00Z,1349.05,1358.02,1346.4,1350.8,
2003-09-12T13:30:00Z,1340.78,1346.8,1330.31,1340.28,
2003-09-12T17:30:00Z,1339.87,1357.63,1336.99,1357.63,
2003-09-15T13:30:00Z,1359.97,1363.48,1349.34,1353.86,
2003-09-15T17:30:00Z,1353.72,1353.84,1346.08,1347.77,
2003-09-16T13:30:00Z,1348.75,1366.84,1348.75,1366.01,
2003-09-16T17:30:00Z,1366.05,1383.48,1361.81,1382.82,
2003-09-17T13:30:00Z,1379.37,1388.18,1377.97,1377.97,
2003-09-17T17:30:00Z,1379.05,1379.05,1369.76,1376.8,
2003-09-18T13:30:00Z,1374.56,1394.49,1368.61,1393.85,
2003-09-18T17:30:00Z,1393.7,1401.64,1392.82,1400.13,
2003-09-19T13:30:00Z,1406.61,1406.61,1387.78,1390.25,
2003-09-19T17:30:00Z,1390.27,1394.04,1383.24,1392.26,
2003-09-22T13:30:00Z,1371.18,1374.9,1362.12,1366.69,
2003-09-22T17:30:00Z,1366.6,1368.25,1358.6,1366.32,
2003-09-23T13:30:00Z,1367.91,1380.76,1364.67,1377.5,
2003-09-23T17:30:00Z,1377.58,1388.67,1375.72,1388.15,
2003-09-24T13:30:00Z,1388.54,1388.54,1349.69,1351.58,
2003-09-24T17:30:00Z,1351.51,1356.38,1339.61,1339.64,
2003-09-25T13:30:00Z,1344.63,1357.6,1331.37,1347.79,
2003-09-25T17:30:00Z,1347.82,1351.34,1325.69,1325.75,
2003-09-26T13:30:00Z,1323.87,1333.98,1313.37,1324.75,
2003-09-26T17:30:00Z,1324.93,1327.66,1309.2,1309.31,
2003-09-29T13:30:00Z,1318.33,1331.52,1306.11,1330.69,
2003-09-29T17:30:00Z,1330.62,1335.56,1322.38,1335.51,
2003-09-30T13:30:00Z,1323.95,1325.41,1302.26,1317.36,
2003-09-30T17:30:00Z,1317.55,1322.27,1302.63,1303.7,
2003-10-01T13:30:00Z,1312.43,1325.6,1306.33,1322.15,
2003-10-01T17:30:00Z,1322.81,1336.13,1322.79,1335.34,
2003-10-02T13:30:00Z,1332.16,1343.99,1325.93,1332.15,
2003-10-02T17:30:00Z,1331.83,1340.26,1328.94,1337.1,
2003-10-03T13:30:00Z,1363.1,1384.85,1363.1,1382.45,
2003-10-03T17:30:00Z,1382.37,1385.79,1366.34,1375.32,
2003-10-06T13:30:00Z,1378.2,1384.11,1370.45,1381.32,
2003-10-06T17:30:00Z,1381.26,1383.89,1377.4,1381.7,
2003-10-07T13:30:00Z,1372.09,1387.46,1368.13,1376.61,
2003-10-07T17:30:00Z,1376.1,1392.65,1370.17,1392.56,
2003-10-08T13:30:00Z,1398.46,1398.94,1380.42,1382.48,
2003-10-08T17:30:00Z,1382.42,1387.42,1377.72,1382.4,
2003-10-09T13:30:00Z,1404.88,1418.09,1400.54,1415.26,
2003-10-09T17:30:00Z,1415.17,1416.33,1386.63,1396.95,
2003-10-10T13:30:00Z,1399.18,1406.27,1393.97,1404.62,
2003-10-10T17:30:00Z,1404.59,1405.99,1396.41,1404.87,
2003-10-13T13:30:00Z,1412.37,1422.28,1406.67,1408.01,
2003-10-13T17:30:00Z,1407.74,1414.76,1405.05,1414.72,
2003-10-14T13:30:00Z,1411.53,1415.29,1406.39,1412.75,
2003-10-14T17:30:00Z,1412.88,1421.0,1411.95,1420.66,
2003-10-15T13:30:00Z,1439.97,1439.97,1417.8,1423.77,
2003-10-15T17:30:00Z,1423.87,1425.23,1409.77,1417.59,
2003-10-16T13:30:00Z,1411.23,1427.61,1411.08,1422.68,
2003-10-16T17:30:00Z,1422.49,1426.71,1416.2,1426.71,
2003-10-17T13:30:00Z,1423.99,1425.25,1397.75,1400.04,
2003-10-17T17:30:00Z,1399.99,1400.76,1392.08,1394.02,
2003-10-20T13:30:00Z,1395.41,1407.07,1388.54,1402.45,
2003-10-20T17:30:00Z,1402.56,1409.31,1397.11,1409.31,
2003-10-21T13:30:00Z,1413.01,1424.38,1405.51,1421.12,
2003-10-21T17:30:00Z,1421.08,1424.8,1418.42,1422.13,
2003-10-22T13:30:00Z,1403.76,1404.05,1386.35,1389.76,
2003-10-22T17:30:00Z,1389.78,1393.79,1385.15,1387.4,
2003-10-23T13:30:00Z,1371.9,1386.73,1369.91,1381.51,
2003-10-23T17:30:00Z,1381.62,1385.27,1375.39,1378.11,
2003-10-24T13:30:00Z,1360.55,1366.49,1347.15,1350.02,
2003-10-24T17:30:00Z,1350.08,1370.67,1346.01,1370.61,
2003-10-27T14:30:00Z,1378.95,1384.91,1369.38,1374.01,
2003-10-27T18:30:00Z,1373.92,1377.8,1369.82,1377.41,
2003-10-28T14:30:00Z,1385.57,1395.98,1382.88,1394.74,
2003-10-28T18:30:00Z,1394.86,1420.02,1393.35,1420.02,
2003-10-29T14:30:00Z,1414.18,1422.79,1410.51,1422.03,
2003-10-29T18:30:00Z,1422.2,1423.69,1414.07,1419.92,
2003-10-30T14:30:00Z,1437.65,1437.76,1413.57,1427.11,
2003-10-30T18:30:00Z,1426.98,1432.71,1414.22,1417.38,
2003-10-31T14:30:00Z,1423.39,1425.25,1412.18,1415.78,
2003-10-31T18:30:00Z,1415.71,1421.53,1411.76,1416.39,
2003-11-03T14:30:00Z,1423.13,1443.11,1422.32,1441.53,
2003-11-03T18:30:00Z,1441.19,1445.72,1437.55,1443.13,
2003-11-04T14:30:00Z,1434.35,1442.27,1428.5,1430.23,
2003-11-04T18:30:00Z,1430.24,1435.47,1425.36,1429.38,
2003-11-05T14:30:00Z,1428.04,1435.75,1414.37,1421.01,
2003-11-05T18:30:00Z,1420.96,1437.61,1418.85,1429.56,
2003-11-06T14:30:00Z,1439.22,1439.22,1421.56,1433.52,
2003-11-06T18:30:00Z,1433.62,1443.06,1431.51,1440.08,
2003-11-07T14:30:00Z,1450.47,1453.27,1441.88,1450.9,
2003-11-07T18:30:00Z,1450.98,1453.46,1436.13,1436.73,
2003-11-10T14:30:00Z,1435.87,1437.06,1422.19,1425.88,
2003-11-10T18:30:00Z,1425.85,1427.48,1412.14,1414.62,
2003-11-11T14:30:00Z,1412.5,1418.46,1403.07,1410.03,
2003-11-11T18:30:00Z,1410.18,1410.98,1401.45,1409.64,
2003-11-12T14:30:00Z,1414.21,1432.56,1413.84,1431.76,
2003-11-12T18:30:00Z,1431.83,1443.52,1430.55,1443.52,
2003-11-13T14:30:00Z,1434.75,1439.94,1429.56,1433.66,
2003-11-13T18:30:00Z,1433.46,1442.27,1429.22,1439.87,
2003-11-14T14:30:00Z,1438.99,1447.97,1420.57,1426.49,
2003-11-14T18:30:00Z,1426.59,1426.8,1407.4,1407.51,
2003-11-17T14:30:00Z,1399.93,1402.61,1378.07,1378.18,
2003-11-17T18:30:00Z,1378.21,1393.87,1377.9,1393.75,
2003-11-18T14:30:00Z,1401.46,1405.94,1383.91,1388.47,
2003-11-18T18:30:00Z,1388.43,1388.77,1364.7,1364.7,
2003-11-19T14:30:00Z,1368.47,1375.94,1363.09,1374.09,
2003-11-19T18:30:00Z,1374.15,1382.94,1372.26,1378.9,
2003-11-20T14:30:00Z,1365.73,1394.38,1362.09,1390.77,
2003-11-20T18:30:00Z,1390.71,1392.69,1363.49,1363.49,
2003-11-21T14:30:00Z,1370.63,1375.94,1357.25,1375.0,
2003-11-21T18:30:00Z,1374.95,1375.78,1365.28,1373.32,
2003-11-24T14:30:00Z,1385.2,1404.72,1385.2,1400.33,
2003-11-24T18:30:00Z,1400.04,1419.31,1399.92,1419.31,
2003-11-25T14:30:00Z,1418.26,1421.54,1412.03,1417.25,
2003-11-25T18:30:00Z,1417.35,1424.35,1411.36,1411.36,
2003-11-26T14:30:00Z,1422.01,1426.28,1400.0,1413.43,
2003-11-26T18:30:00Z,1413.3,1420.3,1410.14,1420.11,
2003-11-28T14:30:00Z,1417.41,1426.76,1416.21,1424.25,
2003-11-28T18:30:00Z,1424.25,1424.25,1424.25,1424.25,
2003-12-01T14:30:00Z,1434.1,1446.78,1434.1,1438.95,
2003-12-01T18:30:00Z,1438.92,1447.08,1427.46,1447.08,
2003-12-02T14:30:00Z,1441.71,1446.48,1438.15,1444.49,
2003-12-02T18:30:00Z,1444.15,1447.84,1431.32,1431.89,
2003-12-03T14:30:00Z,1440.37,1452.03,1433.97,1445.11,
2003-12-03T18:30:00Z,1445.04,1448.44,1419.77,1419.77,
2003-12-04T14:30:00Z,1425.15,1432.36,1418.76,1422.01,
2003-12-04T18:30:00Z,1421.84,1434.28,1411.29,1432.38,
2003-12-05T14:30:00Z,1416.25,1427.17,1415.38,1415.63,
2003-12-05T18:30:00Z,1413.18,1414.59,1405.55,1406.91,
2003-12-08T14:30:00Z,1406.02,1415.1,1400.71,1408.07,
2003-12-08T18:30:00Z,1407.96,1419.11,1399.41,1418.05,
2003-12-09T14:30:00Z,1423.75,1425.01,1402.31,1404.3,
2003-12-09T18:30:00Z,1404.3,1408.68,1383.0,1383.66,
2003-12-10T14:30:00Z,1387.25,1394.69,1377.77,1381.53,
2003-12-10T18:30:00Z,1381.69,1389.26,1372.87,1388.96,
2003-12-11T14:30:00Z,1388.88,1408.27,1387.47,1404.39,
2003-12-11T18:30:00Z,1404.28,1422.49,1401.39,1416.96,
2003-12-12T14:30:00Z,1419.7,1419.7,1405.26,1407.98,
2003-12-12T18:30:00Z,1408.0,1418.1,1404.4,1417.27,
2003-12-15T14:30:00Z,1442.05,1442.65,1413.01,1413.07,
2003-12-15T18:30:00Z,1412.69,1421.07,1396.82,1396.82,
2003-12-16T14:30:00Z,1397.41,1403.77,1384.52,1396.43,
2003-12-16T18:30:00Z,1396.37,1407.38,1390.81,1403.28,
2003-12-17T14:30:00Z,1400.78,1406.23,1391.23,1391.93,
2003-12-17T18:30:00Z,1391.87,1401.29,1390.83,1400.0,
2003-12-18T14:30:00Z,1404.08,1427.3,1404.08,1426.2,
2003-12-18T18:30:00Z,1426.23,1432.64,1423.63,1431.31,
2003-12-19T14:30:00Z,1434.93,1434.93,1416.21,1420.0,
2003-12-19T18:30:00Z,1420.01,1426.8,1417.96,1426.17,
2003-12-22T14:30:00Z,1422.79,1433.71,1419.82,1422.07,
2003-12-22T18:30:00Z,1422.13,1431.71,1420.9,1431.71,
2003-12-23T14:30:00Z,1431.64,1446.21,1430.04,1441.72,
2003-12-23T18:30:00Z,1441.63,1448.19,1437.21,1448.17,
2003-12-24T14:30:00Z,1442.58,1447.57,1439.71,1443.19,
2003-12-24T18:30:00Z,1443.19,1443.19,1443.19,1443.19,
2003-12-26T14:30:00Z,1444.41,1451.21,1442.29,1443.86,
2003-12-26T18:30:00Z,1443.86,1443.86,1443.86,1443.86,
2003-12-29T14:30:00Z,1447.62,1458.64,1447.62,1458.11,
2003-12-29T18:30:00Z,1458.08,1470.37,1457.22,1470.37,
2003-12-30T14:30:00Z,1467.74,1470.11,1460.67,1464.66,
2003-12-30T18:30:00Z,1464.62,1470.38,1463.12,1470.01,
2003-12-31T14:30:00Z,1471.56,1474.24,1459.06,1464.03,
2003-12-31T18:30:00Z,1464.1,1470.64,1460.13,1467.92,
2004-01-02T14:30:00Z,1474.16,1479.59,1472.05,1474.85,
2004-01-02T18:30:00Z,1474.96,1475.52,1458.51,1463.57,
2004-01-05T14:30:00Z,1474.55,1487.67,1474.19,1486.15,
2004-01-05T18:30:00Z,1486.58,1496.58,1485.71,1496.58,
2004-01-06T14:30:00Z,1492.41,1498.16,1486.59,1493.35,
2004-01-06T18:30:00Z,1493.52,1504.47,1492.96,1501.26,
2004-01-07T14:30:00Z,1498.38,1511.51,1491.2,1511.11,
2004-01-07T18:30:00Z,1511.38,1514.45,1504.02,1514.26,
2004-01-08T14:30:00Z,1524.06,1525.7,1513.34,1522.8,
2004-01-08T18:30:00Z,1523.93,1530.65,1520.07,1530.65,
2004-01-09T14:30:00Z,1516.59,1541.84,1512.86,1541.68,
2004-01-09T18:30:00Z,1541.47,1541.47,1517.39,1520.46,
2004-01-12T14:30:00Z,1524.54,1531.25,1515.86,1527.04,
2004-01-12T18:30:00Z,1526.98,1540.1,1526.48,1539.77,
2004-01-13T14:30:00Z,1540.35,1541.83,1513.21,1520.8,
2004-01-13T18:30:00Z,1521.0,1524.85,1514.0,1524.78,
2004-01-14T14:30:00Z,1531.93,1534.33,1521.91,1526.11,
2004-01-14T18:30:00Z,1526.13,1536.84,1525.63,1534.08,
2004-01-15T14:30:00Z,1524.73,1543.05,1515.06,1541.05,
2004-01-15T18:30:00Z,1540.96,1545.65,1530.0,1532.01,
2004-01-16T14:30:00Z,1545.32,1547.83,1537.17,1543.92,
2004-01-16T18:30:00Z,1544.09,1553.64,1543.51,1553.62,
2004-01-20T14:30:00Z,1558.89,1559.47,1541.34,1550.77,
2004-01-20T18:30:00Z,1550.86,1555.27,1548.92,1552.87,
2004-01-21T14:30:00Z,1545.53,1545.53,1529.4,1539.2,
2004-01-21T18:30:00Z,1539.38,1554.69,1536.31,1546.6,
2004-01-22T14:30:00Z,1550.98,1556.06,1533.25,1538.24,
2004-01-22T18:30:00Z,1538.45,1542.06,1530.42,1530.42,
2004-01-23T14:30:00Z,1535.41,1546.69,1524.72,1527.61,
2004-01-23T18:30:00Z,1527.9,1531.21,1519.74,1531.21,
2004-01-26T14:30:00Z,1526.57,1533.95,1522.95,1529.7,
2004-01-26T18:30:00Z,1531.23,1553.66,1530.24,1553.66,
2004-01-27T14:30:00Z,1548.64,1552.54,1522.12,1523.53,
2004-01-27T18:30:00Z,1523.62,1529.38,1519.2,1519.23,
2004-01-28T14:30:00Z,1527.35,1530.06,1521.39,1523.6,
2004-01-28T18:30:00Z,1523.45,1525.95,1488.61,1491.57,
2004-01-29T14:30:00Z,1499.84,1500.8,1476.02,1476.88,
2004-01-29T18:30:00Z,1477.83,1500.06,1474.13,1496.4,
2004-01-30T14:30:00Z,1494.88,1505.12,1489.75,1495.27,
2004-01-30T18:30:00Z,1495.22,1496.16,1487.78,1493.08,
2004-02-02T14:30:00Z,1497.78,1507.59,1481.88,1506.47,
2004-02-02T18:30:00Z,1506.7,1506.88,1481.57,1487.84,
2004-02-03T14:30:00Z,1485.93,1497.07,1482.7,1493.44,
2004-02-03T18:30:00Z,1493.55,1494.9,1484.53,1491.85,
2004-02-04T14:30:00Z,1473.53,1482.35,1468.21,1476.28,
2004-02-04T18:30:00Z,1476.3,1478.44,1461.01,1462.61,
2004-02-05T14:30:00Z,1468.96,1475.41,1461.12,1472.85,
2004-02-05T18:30:00Z,1472.84,1474.81,1465.03,1465.03,
2004-02-06T14:30:00Z,1472.02,1490.69,1470.31,1489.03,
2004-02-06T18:30:00Z,1489.01,1498.95,1488.71,1498.95,
2004-02-09T14:30:00Z,1502.32,1502.36,1493.89,1501.35,
2004-02-09T18:30:00Z,1501.76,1503.04,1490.7,1490.91,
2004-02-10T14:30:00Z,1490.69,1503.83,1489.9,1500.33,
2004-02-10T18:30:00Z,1500.53,1502.02,1492.76,1500.29,
2004-02-11T14:30:00Z,1498.08,1512.09,1491.21,1507.84,
2004-02-11T18:30:00Z,1507.82,1514.49,1507.56,1514.18,
2004-02-12T14:30:00Z,1508.19,1516.21,1502.13,1505.33,
2004-02-12T18:30:00Z,1505.37,1507.38,1499.43,1501.34,
2004-02-13T14:30:00Z,1504.7,1510.83,1478.54,1483.59,
2004-02-13T18:30:00Z,1483.48,1488.89,1482.84,1484.47,
2004-02-17T14:30:00Z,1498.7,1508.59,1497.54,1506.11,
2004-02-17T18:30:00Z,1506.13,1512.17,1505.69,1506.57,
2004-02-18T14:30:00Z,1509.55,1515.44,1501.7,1511.44,
2004-02-18T18:30:00Z,1511.48,1512.59,1501.96,1507.49,
2004-02-19T14:30:00Z,1522.39,1524.09,1506.39,1507.5,
2004-02-19T18:30:00Z,1507.46,1511.22,1484.8,1484.8,
2004-02-20T14:30:00Z,1490.81,1490.86,1470.92,1474.09,
2004-02-20T18:30:00Z,1474.13,1493.45,1473.07,1482.1,
2004-02-23T14:30:00Z,1488.28,1489.4,1460.18,1464.96,
2004-02-23T18:30:00Z,1464.77,1465.5,1454.36,1463.75,
2004-02-24T14:30:00Z,1458.38,1474.04,1452.49,1469.38,
2004-02-24T18:30:00Z,1469.41,1469.86,1454.33,1462.05,
2004-02-25T14:30:00Z,1465.83,1474.21,1461.26,1469.17,
2004-02-25T18:30:00Z,1468.96,1473.25,1467.38,1470.22,
2004-02-26T14:30:00Z,1465.4,1480.88,1461.36,1476.25,
2004-02-26T18:30:00Z,1475.9,1478.96,1471.51,1477.13,
2004-02-27T14:30:00Z,1479.56,1485.4,1459.91,1466.96,
2004-02-27T18:30:00Z,1467.03,1475.77,1464.03,1470.38,
2004-03-01T14:30:00Z,1476.04,1481.11,1467.57,1477.98,
2004-03-01T18:30:00Z,1477.92,1490.18,1475.75,1489.49,
2004-03-02T14:30:00Z,1487.7,1494.67,1478.0,1481.33,
2004-03-02T18:30:00Z,1480.48,1481.35,1473.22,1473.22,
2004-03-03T14:30:00Z,1469.83,1471.23,1456.87,1466.79,
2004-03-03T18:30:00Z,1466.65,1473.28,1466.09,1466.09,
2004-03-04T14:30:00Z,1466.7,1480.19,1464.57,1479.6,
2004-03-04T18:30:00Z,1479.43,1481.36,1475.22,1481.36,
2004-03-05T14:30:00Z,1464.89,1494.29,1463.32,1477.55,
2004-03-05T18:30:00Z,1477.43,1483.22,1472.99,1472.99,
2004-03-08T14:30:00Z,1476.85,1481.19,1462.83,1463.55,
2004-03-08T18:30:00Z,1463.61,1464.41,1441.0,1441.12,
2004-03-09T14:30:00Z,1436.47,1446.46,1433.22,1437.59,
2004-03-09T18:30:00Z,1437.53,1442.73,1429.36,1437.47,
2004-03-10T14:30:00Z,1438.78,1447.49,1428.11,1429.57,
2004-03-10T18:30:00Z,1428.6,1431.83,1417.18,1417.5,
2004-03-11T14:30:00Z,1409.38,1429.1,1408.85,1426.39,
2004-03-11T18:30:00Z,1426.31,1428.53,1402.2,1402.2,
2004-03-12T14:30:00Z,1415.9,1429.05,1414.43,1420.29,
2004-03-12T18:30:00Z,1420.36,1431.4,1419.94,1431.4,
2004-03-15T14:30:00Z,1423.15,1424.65,1403.81,1404.47,
2004-03-15T18:30:00Z,1404.48,1411.56,1399.87,1399.87,
2004-03-16T14:30:00Z,1412.1,1417.56,1400.68,1406.86,
2004-03-16T18:30:00Z,1406.96,1412.25,1394.11,1407.07,
2004-03-17T14:30:00Z,1418.57,1429.41,1418.3,1426.52,
2004-03-17T18:30:00Z,1426.65,1432.23,1424.72,1428.89,
2004-03-18T14:30:00Z,1423.86,1425.76,1407.09,1420.26,
2004-03-18T18:30:00Z,1419.85,1425.39,1411.87,1417.77,
2004-03-19T14:30:00Z,1416.23,1425.92,1410.03,1413.75,
2004-03-19T18:30:00Z,1414.0,1416.31,1398.58,1398.58,
2004-03-22T14:30:00Z,1386.76,1388.68,1372.31,1373.59,
2004-03-22T18:30:00Z,1373.75,1381.39,1369.36,1381.39,
2004-03-23T14:30:00Z,1391.64,1393.77,1368.67,1373.44,
2004-03-23T18:30:00Z,1373.5,1387.68,1370.04,1370.04,
2004-03-24T14:30:00Z,1374.29,1391.87,1368.08,1389.25,
2004-03-24T18:30:00Z,1389.31,1391.63,1377.33,1381.86,
2004-03-25T14:30:00Z,1394.2,1417.94,1393.96,1417.68,
2004-03-25T18:30:00Z,1417.98,1425.86,1415.06,1425.86,
2004-03-26T14:30:00Z,1420.41,1430.59,1418.09,1426.05,
2004-03-26T18:30:00Z,1426.08,1431.23,1415.39,1415.39,
2004-03-29T14:30:00Z,1429.54,1445.82,1429.48,1442.44,
2004-03-29T18:30:00Z,1442.51,1444.81,1432.99,1442.31,
2004-03-30T14:30:00Z,1435.59,1442.06,1429.09,1433.5,
2004-03-30T18:30:00Z,1433.4,1445.3,1432.41,1445.25,
2004-03-31T14:30:00Z,1445.17,1445.87,1432.87,1438.86,
2004-03-31T18:30:00Z,1438.75,1447.95,1434.98,1438.41,
2004-04-01T14:30:00Z,1438.91,1457.59,1438.91,1449.99,
2004-04-01T18:30:00Z,1450.0,1454.06,1446.96,1453.22,
2004-04-02T14:30:00Z,1482.33,1486.19,1469.57,1482.22,
2004-04-02T18:30:00Z,1482.33,1490.3,1479.41,1490.3,
2004-04-05T13:30:00Z,1488.45,1497.24,1487.61,1495.3,
2004-04-05T17:30:00Z,1495.22,1508.37,1493.57,1508.37,
2004-04-06T13:30:00Z,1492.93,1498.34,1485.7,1489.39,
2004-04-06T17:30:00Z,1489.29,1493.61,1487.05,1493.58,
2004-04-07T13:30:00Z,1489.1,1489.26,1475.62,1480.1,
2004-04-07T17:30:00Z,1480.48,1492.19,1476.81,1481.96,
2004-04-08T13:30:00Z,1502.77,1503.37,1485.93,1492.12,
2004-04-08T17:30:00Z,1492.16,1492.22,1478.44,1485.51,
2004-04-12T13:30:00Z,1489.63,1497.37,1488.35,1492.06,
2004-04-12T17:30:00Z,1492.29,1497.23,1491.6,1495.93,
2004-04-13T13:30:00Z,1501.68,1502.33,1481.68,1483.57,
2004-04-13T17:30:00Z,1483.27,1483.27,1469.88,1472.88,
2004-04-14T13:30:00Z,1464.32,1484.72,1463.63,1475.11,
2004-04-14T17:30:00Z,1474.93,1478.11,1466.61,1475.66,
2004-04-15T13:30:00Z,1479.16,1481.62,1457.71,1458.3,
2004-04-15T17:30:00Z,1458.34,1465.45,1449.91,1459.45,
2004-04-16T13:30:00Z,1454.66,1460.39,1440.56,1453.34,
2004-04-16T17:30:00Z,1453.39,1456.69,1449.06,1449.06,
2004-04-19T13:30:00Z,1448.89,1463.87,1448.03,1459.78,
2004-04-19T17:30:00Z,1459.87,1473.53,1458.88,1473.48,
2004-04-20T13:30:00Z,1473.98,1479.68,1464.54,1466.21,
2004-04-20T17:30:00Z,1466.13,1471.0,1436.89,1436.9,
2004-04-21T13:30:00Z,1446.02,1451.0,1434.16,1445.25,
2004-04-21T17:30:00Z,1445.33,1452.92,1445.33,1451.01,
2004-04-22T13:30:00Z,1450.38,1484.29,1449.06,1483.8,
2004-04-22T17:30:00Z,1483.82,1488.74,1481.37,1485.5,
2004-04-23T13:30:00Z,1492.24,1497.17,1484.36,1491.54,
2004-04-23T17:30:00Z,1491.48,1497.05,1489.59,1497.01,
2004-04-26T13:30:00Z,1497.46,1499.45,1482.26,1485.45,
2004-04-26T17:30:00Z,1485.56,1486.69,1474.79,1480.53,
2004-04-27T13:30:00Z,1485.67,1495.62,1483.24,1490.38,
2004-04-27T17:30:00Z,1490.49,1493.52,1476.42,1479.47,
2004-04-28T13:30:00Z,1476.03,1476.03,1456.4,1462.27,
2004-04-28T17:30:00Z,1462.25,1465.44,1449.23,1453.03,
2004-04-29T13:30:00Z,1451.4,1461.13,1435.93,1438.91,
2004-04-29T17:30:00Z,1437.99,1444.28,1420.66,1431.36,
2004-04-30T13:30:00Z,1435.16,1438.04,1414.59,1415.33,
2004-04-30T17:30:00Z,1415.49,1423.74,1401.36,1401.36,
2004-05-03T13:30:00Z,1409.06,1428.49,1409.06,1414.26,
2004-05-03T17:30:00Z,1414.1,1418.36,1404.06,1415.29,
2004-05-04T13:30:00Z,1417.12,1422.26,1409.39,1415.25,
2004-05-04T17:30:00Z,1415.35,1438.49,1414.03,1422.11,
2004-05-05T13:30:00Z,1424.71,1433.21,1416.73,1424.26,
2004-05-05T17:30:00Z,1424.02,1435.46,1423.94,1428.42,
2004-05-06T13:30:00Z,1416.59,1425.5,1403.36,1408.53,
2004-05-06T17:30:00Z,1408.56,1422.1,1406.02,1415.6,
2004-05-07T13:30:00Z,1411.05,1432.71,1411.05,1430.25,
2004-05-07T17:30:00Z,1430.24,1430.24,1406.19,1406.19,
2004-05-10T13:30:00Z,1395.21,1403.59,1384.89,1400.46,
2004-05-10T17:30:00Z,1400.22,1400.22,1388.37,1397.1,
2004-05-11T13:30:00Z,1406.36,1422.51,1406.36,1416.27,
2004-05-11T17:30:00Z,1416.4,1421.89,1410.79,1421.89,
2004-05-12T13:30:00Z,1412.5,1413.79,1380.21,1385.3,
2004-05-12T17:30:00Z,1385.02,1417.03,1378.64,1414.83,
2004-05-13T13:30:00Z,1408.58,1425.69,1405.6,1417.36,
2004-05-13T17:30:00Z,1417.15,1421.26,1409.04,1417.09,
2004-05-14T13:30:00Z,1415.44,1419.57,1394.37,1408.19,
2004-05-14T17:30:00Z,1408.43,1418.29,1399.81,1399.85,
2004-05-17T13:30:00Z,1379.99,1391.77,1372.46,1379.44,
2004-05-17T17:30:00Z,1378.94,1388.45,1376.42,1379.9,
2004-05-18T13:30:00Z,1395.23,1404.27,1393.08,1397.48,
2004-05-18T17:30:00Z,1397.58,1400.55,1395.29,1397.47,
2004-05-19T13:30:00Z,1414.38,1427.51,1411.55,1421.68,
2004-05-19T17:30:00Z,1421.74,1424.72,1396.34,1396.34,
2004-05-20T13:30:00Z,1400.37,1408.2,1390.41,1400.68,
2004-05-20T17:30:00Z,1400.7,1403.55,1395.19,1396.87,
2004-05-21T13:30:00Z,1409.61,1414.11,1398.89,1406.91,
2004-05-21T17:30:00Z,1406.6,1408.34,1397.7,1408.17,
2004-05-24T13:30:00Z,1418.77,1425.49,1408.84,1412.9,
2004-05-24T17:30:00Z,1412.88,1418.64,1410.85,1413.97,
2004-05-25T13:30:00Z,1412.59,1430.76,1406.2,1428.61,
2004-05-25T17:30:00Z,1428.61,1450.06,1428.44,1447.72,
2004-05-26T13:30:00Z,1443.39,1453.05,1440.85,1449.96,
2004-05-26T17:30:00Z,1449.89,1455.0,1446.73,1453.87,
2004-05-27T13:30:00Z,1460.06,1467.63,1450.67,1451.01,
2004-05-27T17:30:00Z,1450.89,1464.53,1450.88,1463.11,
2004-05-28T13:30:00Z,1464.83,1468.14,1456.77,1464.04,
2004-05-28T17:30:00Z,1464.06,1469.23,1461.42,1466.22,
2004-06-01T13:30:00Z,1457.71,1469.22,1453.4,1460.17,
2004-06-01T17:30:00Z,1460.23,1469.27,1453.39,1468.54,
2004-06-02T13:30:00Z,1472.54,1472.54,1455.13,1464.89,
2004-06-02T17:30:00Z,1464.96,1474.1,1462.39,1464.22,
2004-06-03T13:30:00Z,1459.19,1462.41,1450.68,1460.18,
2004-06-03T17:30:00Z,1460.21,1460.21,1445.21,1445.21,
2004-06-04T13:30:00Z,1463.46,1472.64,1457.7,1469.97,
2004-06-04T17:30:00Z,1469.82,1469.82,1455.04,1455.04,
2004-06-07T13:30:00Z,1465.56,1477.31,1464.01,1476.36,
2004-06-07T17:30:00Z,1477.03,1491.45,1476.94,1491.45,
2004-06-08T13:30:00Z,1483.59,1490.51,1481.76,1488.67,
2004-06-08T17:30:00Z,1488.71,1496.0,1486.86,1495.97,
2004-06-09T13:30:00Z,1487.37,1490.88,1478.31,1480.07,
2004-06-09T17:30:00Z,1480.06,1480.08,1469.04,1469.5,
2004-06-10T13:30:00Z,1475.71,1480.94,1470.5,1475.24,
2004-06-10T17:30:00Z,1475.24,1481.27,1473.2,1481.27,
2004-06-14T13:30:00Z,1470.62,1471.19,1456.06,1456.09,
2004-06-14T17:30:00Z,1456.19,1460.57,1451.78,1458.64,
2004-06-15T13:30:00Z,1470.37,1487.44,1470.37,1485.28,
2004-06-15T17:30:00Z,1485.35,1487.83,1474.31,1479.2,
2004-06-16T13:30:00Z,1478.72,1483.36,1474.17,1476.58,
2004-06-16T17:30:00Z,1476.67,1483.6,1476.11,1479.99,
2004-06-17T13:30:00Z,1473.94,1473.95,1458.68,1466.55,
2004-06-17T17:30:00Z,1466.39,1467.43,1461.37,1464.03,
2004-06-18T13:30:00Z,1457.88,1481.36,1455.67,1469.27,
2004-06-18T17:30:00Z,1469.25,1471.75,1464.1,1464.65,
2004-06-21T13:30:00Z,1467.98,1472.65,1464.8,1468.4,
2004-06-21T17:30:00Z,1468.28,1469.62,1450.79,1453.23,
2004-06-22T13:30:00Z,1455.92,1462.54,1448.82,1455.94,
2004-06-22T17:30:00Z,1455.81,1475.12,1455.66,1474.87,
2004-06-23T13:30:00Z,1471.54,1482.29,1468.74,1479.06,
2004-06-23T17:30:00Z,1479.05,1495.05,1476.76,1493.52,
2004-06-24T13:30:00Z,1490.58,1502.14,1489.9,1497.32,
2004-06-24T17:30:00Z,1497.22,1497.3,1485.88,1488.31,
2004-06-25T13:30:00Z,1488.82,1503.63,1488.2,1498.41,
2004-06-25T17:30:00Z,1498.36,1500.11,1488.55,1498.38,
2004-06-28T13:30:00Z,1507.32,1508.52,1501.23,1506.99,
2004-06-28T17:30:00Z,1506.93,1507.0,1485.25,1493.07,
2004-06-29T13:30:00Z,1490.65,1506.5,1490.65,1501.59,
2004-06-29T17:30:00Z,1501.46,1507.05,1498.91,1505.65,
2004-06-30T13:30:00Z,1507.6,1510.97,1502.61,1507.12,
2004-06-30T17:30:00Z,1507.15,1523.48,1505.6,1516.64,
2004-07-01T13:30:00Z,1514.82,1514.82,1485.54,1485.93,
2004-07-01T17:30:00Z,1485.96,1492.62,1480.29,1489.57,
2004-07-02T13:30:00Z,1488.34,1489.6,1473.73,1482.31,
2004-07-02T17:30:00Z,1482.43,1483.86,1479.62,1481.19,
2004-07-06T13:30:00Z,1470.47,1471.21,1444.67,1448.53,
2004-07-06T17:30:00Z,1448.61,1453.08,1441.78,1445.71,
2004-07-07T13:30:00Z,1445.1,1458.16,1445.02,1455.86,
2004-07-07T17:30:00Z,1455.8,1459.07,1450.61,1452.49,
2004-07-08T13:30:00Z,1439.57,1452.7,1437.67,1444.21,
2004-07-08T17:30:00Z,1443.98,1444.76,1430.81,1431.13,
2004-07-09T13:30:00Z,1442.43,1449.24,1434.99,1438.65,
2004-07-09T17:30:00Z,1438.62,1442.78,1434.0,1440.0,
2004-07-12T13:30:00Z,1429.91,1432.8,1418.7,1419.81,
2004-07-12T17:30:00Z,1419.76,1435.3,1418.1,1432.11,
2004-07-13T13:30:00Z,1436.08,1439.78,1426.55,1429.74,
2004-07-13T17:30:00Z,1429.6,1433.16,1426.11,1428.68,
2004-07-14T13:30:00Z,1414.42,1433.61,1412.43,1421.39,
2004-07-14T17:30:00Z,1421.39,1424.87,1411.52,1416.05,
2004-07-15T13:30:00Z,1422.26,1427.72,1412.59,1423.03,
2004-07-15T17:30:00Z,1423.11,1424.2,1415.68,1415.92,
2004-07-16T13:30:00Z,1426.49,1426.49,1405.33,1408.12,
2004-07-16T17:30:00Z,1407.96,1408.51,1392.17,1392.17,
2004-07-19T13:30:00Z,1398.92,1403.89,1386.78,1390.67,
2004-07-19T17:30:00Z,1390.61,1406.15,1387.8,1396.77,
2004-07-20T13:30:00Z,1398.64,1410.54,1396.85,1410.45,
2004-07-20T17:30:00Z,1410.47,1421.07,1408.47,1421.07,
2004-07-21T13:30:00Z,1433.27,1433.27,1403.68,1405.26,
2004-07-21T17:30:00Z,1405.49,1406.61,1386.57,1386.57,
2004-07-22T13:30:00Z,1385.89,1396.19,1377.7,1387.35,
2004-07-22T17:30:00Z,1387.31,1411.43,1386.54,1408.51,
2004-07-23T13:30:00Z,1394.56,1394.56,1378.85,1384.39,
2004-07-23T17:30:00Z,1384.47,1385.46,1370.7,1375.48,
2004-07-26T13:30:00Z,1376.8,1383.67,1359.35,1366.19,
2004-07-26T17:30:00Z,1366.08,1370.2,1359.2,1368.4,
2004-07-27T13:30:00Z,1374.69,1385.09,1371.26,1383.56,
2004-07-27T17:30:00Z,1383.55,1395.95,1378.02,1391.5,
2004-07-28T13:30:00Z,1384.51,1387.62,1360.27,1365.38,
2004-07-28T17:30:00Z,1365.52,1392.48,1360.53,1383.75,
2004-07-29T13:30:00Z,1395.34,1403.8,1389.58,1399.35,
2004-07-29T17:30:00Z,1399.33,1402.91,1388.06,1398.55,
2004-07-30T13:30:00Z,1397.05,1412.0,1394.85,1406.17,
2004-07-30T17:30:00Z,1406.04,1407.7,1396.4,1400.39,
2004-08-02T13:30:00Z,1390.21,1398.48,1387.04,1396.88,
2004-08-02T17:30:00Z,1397.07,1408.31,1396.89,1406.33,
2004-08-03T13:30:00Z,1402.34,1404.9,1387.35,1388.99,
2004-08-03T17:30:00Z,1388.83,1391.47,1379.02,1379.14,
2004-08-04T13:30:00Z,1372.46,1381.0,1368.44,1370.84,
2004-08-04T17:30:00Z,1370.85,1386.28,1370.85,1379.21,
2004-08-05T13:30:00Z,1380.93,1383.38,1360.78,1362.57,
2004-08-05T17:30:00Z,1362.43,1366.88,1352.27,1353.44,
2004-08-06T13:30:00Z,1341.08,1342.87,1331.87,1336.4,
2004-08-06T17:30:00Z,1336.28,1336.44,1314.97,1315.3,
2004-08-09T13:30:00Z,1320.83,1325.45,1314.57,1321.47,
2004-08-09T17:30:00Z,1321.45,1325.43,1318.43,1318.83,
2004-08-10T13:30:00Z,1325.96,1336.48,1324.38,1334.25,
2004-08-10T17:30:00Z,1334.25,1346.71,1327.11,1346.71,
2004-08-11T13:30:00Z,1319.7,1323.85,1309.5,1320.42,
2004-08-11T17:30:00Z,1320.4,1328.83,1314.28,1324.65,
2004-08-12T13:30:00Z,1313.81,1320.94,1302.74,1306.3,
2004-08-12T17:30:00Z,1306.19,1313.32,1303.23,1304.43,
2004-08-13T13:30:00Z,1311.84,1316.3,1301.93,1305.91,
2004-08-13T17:30:00Z,1305.98,1309.67,1302.15,1307.82,
2004-08-16T13:30:00Z,1309.5,1330.53,1309.5,1327.16,
2004-08-16T17:30:00Z,1327.05,1334.78,1325.66,1326.84,
2004-08-17T13:30:00Z,1332.94,1344.54,1331.85,1340.02,
2004-08-17T17:30:00Z,1340.07,1340.5,1333.87,1335.72,
2004-08-18T13:30:00Z,1328.99,1352.99,1327.85,1347.22,
2004-08-18T17:30:00Z,1347.3,1363.74,1347.16,1363.73,
2004-08-19T13:30:00Z,1356.89,1361.23,1350.46,1355.68,
2004-08-19T17:30:00Z,1355.54,1357.17,1344.98,1353.24,
2004-08-20T13:30:00Z,1352.28,1366.21,1348.27,1365.06,
2004-08-20T17:30:00Z,1365.05,1373.01,1364.06,1366.73,
2004-08-23T13:30:00Z,1370.51,1375.24,1364.46,1369.78,
2004-08-23T17:30:00Z,1369.59,1377.67,1367.63,1370.9,
2004-08-24T13:30:00Z,1376.99,1379.05,1360.82,1369.97,
2004-08-24T17:30:00Z,1369.72,1371.36,1362.37,1369.78,
2004-08-25T13:30:00Z,1369.2,1385.51,1363.56,1384.68,
2004-08-25T17:30:00Z,1384.7,1391.22,1382.43,1389.17,
2004-08-26T13:30:00Z,1383.8,1388.84,1381.05,1383.38,
2004-08-26T17:30:00Z,1383.27,1388.22,1379.69,1383.98,
2004-08-27T13:30:00Z,1384.61,1393.23,1384.61,1391.28,
2004-08-27T17:30:00Z,1391.26,1393.15,1387.13,1388.56,
2004-08-30T13:30:00Z,1383.12,1384.14,1368.44,1373.53,
2004-08-30T17:30:00Z,1373.54,1375.86,1367.73,1367.94,
2004-08-31T13:30:00Z,1368.91,1372.27,1354.18,1356.76,
2004-08-31T17:30:00Z,1356.68,1368.7,1354.1,1368.68,
2004-09-01T13:30:00Z,1363.27,1384.85,1360.58,1373.95,
2004-09-01T17:30:00Z,1373.88,1377.97,1370.44,1377.96,
2004-09-02T13:30:00Z,1374.69,1386.31,1373.67,1383.33,
2004-09-02T17:30:00Z,1383.25,1402.07,1383.22,1398.34,
2004-09-03T13:30:00Z,1384.41,1393.5,1370.01,1374.37,
2004-09-03T17:30:00Z,1374.53,1376.9,1370.88,1371.82,
2004-09-07T13:30:00Z,1382.48,1390.47,1379.23,1388.91,
2004-09-07T17:30:00Z,1388.88,1390.6,1372.53,1381.84,
2004-09-08T13:30:00Z,1378.4,1393.69,1375.03,1380.52,
2004-09-08T17:30:00Z,1380.47,1384.02,1374.79,1376.77,
2004-09-09T13:30:00Z,1385.22,1391.18,1373.37,1388.93,
2004-09-09T17:30:00Z,1389.06,1396.55,1386.1,1391.53,
2004-09-10T13:30:00Z,1391.2,1403.91,1386.41,1403.4,
2004-09-10T17:30:00Z,1403.43,1414.55,1399.28,1413.0,
2004-09-13T13:30:00Z,1417.84,1435.95,1414.22,1433.14,
2004-09-13T17:30:00Z,1433.08,1433.08,1421.96,1427.34,
2004-09-14T13:30:00Z,1425.29,1435.91,1422.83,1431.78,
2004-09-14T17:30:00Z,1431.57,1435.53,1427.72,1434.37,
2004-09-15T13:30:00Z,1425.51,1425.51,1412.54,1416.1,
2004-09-15T17:30:00Z,1416.15,1421.82,1415.01,1415.3,
2004-09-16T13:30:00Z,1417.37,1429.93,1417.37,1421.9,
2004-09-16T17:30:00Z,1421.86,1424.37,1413.22,1417.97,
2004-09-17T13:30:00Z,1417.73,1427.59,1413.78,1422.82,
2004-09-17T17:30:00Z,1422.89,1427.38,1420.1,1426.3,
2004-09-20T13:30:00Z,1417.39,1437.3,1415.31,1424.52,
2004-09-20T17:30:00Z,1424.09,1426.79,1418.54,1424.72,
2004-09-21T13:30:00Z,1429.85,1431.86,1425.16,1430.4,
2004-09-21T17:30:00Z,1430.36,1440.81,1429.42,1435.91,
2004-09-22T13:30:00Z,1424.72,1424.72,1408.04,1411.36,
2004-09-22T17:30:00Z,1411.26,1412.72,1403.16,1404.22,
2004-09-23T13:30:00Z,1405.76,1412.65,1402.79,1407.34,
2004-09-23T17:30:00Z,1407.21,1413.68,1405.77,1405.77,
2004-09-24T13:30:00Z,1407.71,1414.56,1397.5,1407.09,
2004-09-24T17:30:00Z,1407.1,1411.59,1398.33,1399.05,
2004-09-27T13:30:00Z,1389.94,1396.42,1386.87,1392.67,
2004-09-27T17:30:00Z,1392.83,1393.45,1383.24,1385.55,
2004-09-28T13:30:00Z,1390.11,1390.37,1376.99,1380.98,
2004-09-28T17:30:00Z,1380.56,1394.43,1380.5,1389.7,
2004-09-29T13:30:00Z,1389.69,1411.82,1389.62,1408.24,
2004-09-29T17:30:00Z,1408.24,1410.98,1405.75,1410.86,
2004-09-30T13:30:00Z,1409.23,1417.99,1403.89,1410.23,
2004-09-30T17:30:00Z,1410.29,1417.38,1409.23,1412.74,
2004-10-01T13:30:00Z,1426.38,1451.16,1423.43,1449.25,
2004-10-01T17:30:00Z,1449.21,1452.94,1444.91,1452.94,
2004-10-04T13:30:00Z,1463.22,1472.21,1462.93,1464.8,
2004-10-04T17:30:00Z,1464.68,1470.21,1458.08,1459.01,
2004-10-05T13:30:00Z,1456.19,1467.23,1454.23,1464.49,
2004-10-05T17:30:00Z,1464.49,1465.71,1456.2,1461.76,
2004-10-06T13:30:00Z,1460.19,1464.52,1452.61,1460.45,
2004-10-06T17:30:00Z,1460.27,1474.36,1458.2,1474.36,
2004-10-07T13:30:00Z,1469.7,1474.7,1460.66,1462.19,
2004-10-07T17:30:00Z,1462.34,1467.55,1454.89,1455.77,
2004-10-08T13:30:00Z,1449.49,1457.04,1440.2,1443.08,
2004-10-08T17:30:00Z,1443.11,1443.22,1428.11,1430.96,
2004-10-11T13:30:00Z,1435.54,1438.42,1431.77,1434.51,
2004-10-11T17:30:00Z,1434.56,1441.1,1434.2,1437.73,
2004-10-12T13:30:00Z,1424.22,1430.52,1416.29,1424.83,
2004-10-12T17:30:00Z,1424.85,1439.07,1424.05,1435.0,
2004-10-13T13:30:00Z,1451.73,1453.72,1432.61,1432.66,
2004-10-13T17:30:00Z,1431.95,1434.78,1425.41,1434.46,
2004-10-14T13:30:00Z,1434.92,1437.66,1424.14,1426.84,
2004-10-14T17:30:00Z,1426.77,1429.34,1421.59,1425.21,
2004-10-15T13:30:00Z,1430.31,1437.03,1419.36,1437.03,
2004-10-15T17:30:00Z,1437.87,1441.82,1427.08,1430.98,
2004-10-18T13:30:00Z,1428.08,1451.42,1424.82,1451.31,
2004-10-18T17:30:00Z,1451.29,1457.31,1444.63,1457.31,
2004-10-19T13:30:00Z,1463.01,1470.14,1455.5,1459.88,
2004-10-19T17:30:00Z,1459.86,1462.82,1443.4,1443.8,
2004-10-20T13:30:00Z,1441.21,1456.19,1433.88,1449.86,
2004-10-20T17:30:00Z,1449.16,1452.26,1444.52,1452.26,
2004-10-21T13:30:00Z,1459.68,1465.49,1452.57,1455.55,
2004-10-21T17:30:00Z,1456.63,1478.46,1456.41,1474.79,
2004-10-22T13:30:00Z,1472.92,1473.69,1450.39,1452.45,
2004-10-22T17:30:00Z,1452.49,1452.57,1438.13,1438.25,
2004-10-25T13:30:00Z,1435.68,1439.48,1427.44,1436.83,
2004-10-25T17:30:00Z,1436.85,1437.12,1430.02,1432.57,
2004-10-26T13:30:00Z,1432.25,1439.06,1423.98,1433.48,
2004-10-26T17:30:00Z,1433.77,1442.14,1431.99,1442.14,
2004-10-27T13:30:00Z,1441.79,1478.99,1437.44,1475.77,
2004-10-27T17:30:00Z,1475.7,1483.13,1473.69,1480.03,
2004-10-28T13:30:00Z,1473.41,1484.62,1471.03,1482.53,
2004-10-28T17:30:00Z,1482.59,1491.86,1479.28,1487.12,
2004-10-29T13:30:00Z,1485.68,1496.98,1475.56,1484.32,
2004-10-29T17:30:00Z,1484.42,1486.72,1479.26,1486.72,
2004-11-01T14:30:00Z,1486.25,1494.88,1479.86,1485.4,
2004-11-01T18:30:00Z,1485.36,1490.18,1483.03,1488.79,
2004-11-02T14:30:00Z,1490.32,1509.56,1489.33,1509.03,
2004-11-02T18:30:00Z,1509.04,1509.52,1489.45,1494.83,
2004-11-03T14:30:00Z,1519.97,1523.51,1504.94,1506.89,
2004-11-03T18:30:00Z,1507.05,1510.24,1494.85,1503.89,
2004-11-04T14:30:00Z,1498.06,1515.03,1492.23,1514.92,
2004-11-04T18:30:00Z,1514.6,1519.21,1512.58,1516.2,
2004-11-05T14:30:00Z,1526.71,1534.84,1512.74,1523.13,
2004-11-05T18:30:00Z,1523.15,1526.44,1515.35,1525.24,
2004-11-08T14:30:00Z,1525.13,1532.46,1522.12,1524.26,
2004-11-08T18:30:00Z,1524.36,1529.56,1523.75,1527.13,
2004-11-09T14:30:00Z,1527.25,1533.25,1521.15,1526.99,
2004-11-09T18:30:00Z,1526.9,1534.37,1525.44,1527.0,
2004-11-10T14:30:00Z,1524.22,1525.39,1517.84,1521.86,
2004-11-10T18:30:00Z,1521.94,1530.01,1514.32,1517.06,
2004-11-11T14:30:00Z,1525.07,1532.67,1522.48,1529.1,
2004-11-11T18:30:00Z,1529.11,1542.39,1528.99,1541.7,
2004-11-12T14:30:00Z,1543.31,1548.39,1535.82,1546.19,
2004-11-12T18:30:00Z,1546.16,1558.41,1544.29,1558.41,
2004-11-15T14:30:00Z,1554.31,1562.04,1550.03,1559.06,
2004-11-15T18:30:00Z,1559.04,1561.16,1554.88,1560.96,
2004-11-16T14:30:00Z,1554.79,1554.79,1541.84,1550.67,
2004-11-16T18:30:00Z,1550.71,1554.7,1546.91,1548.53,
2004-11-17T14:30:00Z,1561.8,1580.26,1561.8,1578.41,
2004-11-17T18:30:00Z,1578.48,1578.5,1562.94,1571.12,
2004-11-18T14:30:00Z,1568.02,1577.13,1563.79,1573.13,
2004-11-18T18:30:00Z,1573.14,1581.79,1571.21,1580.81,
2004-11-19T14:30:00Z,1578.86,1580.93,1555.93,1556.96,
2004-11-19T18:30:00Z,1556.99,1558.17,1551.77,1552.11,
2004-11-22T14:30:00Z,1551.16,1561.81,1546.8,1561.68,
2004-11-22T18:30:00Z,1563.11,1568.86,1562.67,1568.28,
2004-11-23T14:30:00Z,1566.71,1573.52,1552.85,1556.85,
2004-11-23T18:30:00Z,1556.94,1567.62,1556.27,1562.6,
2004-11-24T14:30:00Z,1572.67,1580.8,1570.87,1579.07,
2004-11-24T18:30:00Z,1579.22,1583.07,1576.18,1582.55,
2004-11-26T14:30:00Z,1581.65,1587.08,1578.26,1578.26,
2004-11-26T18:30:00Z,1578.26,1578.26,1578.26,1578.26,
2004-11-29T14:30:00Z,1586.46,1593.16,1567.27,1574.09,
2004-11-29T18:30:00Z,1574.11,1584.26,1574.11,1580.44,
2004-11-30T14:30:00Z,1579.51,1583.15,1574.08,1576.31,
2004-11-30T18:30:00Z,1576.26,1577.41,1571.11,1571.5,
2004-12-01T14:30:00Z,1578.25,1602.83,1578.25,1601.0,
2004-12-01T18:30:00Z,1601.06,1607.16,1598.37,1607.15,
2004-12-02T14:30:00Z,1602.11,1623.6,1599.63,1608.05,
2004-12-02T18:30:00Z,1607.81,1615.62,1607.03,1613.15,
2004-12-03T14:30:00Z,1621.1,1631.9,1612.72,1618.0,
2004-12-03T18:30:00Z,1618.05,1620.18,1614.08,1614.4,
2004-12-06T14:30:00Z,1614.4,1620.64,1605.71,1618.06,
2004-12-06T18:30:00Z,1618.06,1625.61,1618.06,1619.59,
2004-12-07T14:30:00Z,1619.59,1628.25,1607.93,1610.04,
2004-12-07T18:30:00Z,1610.04,1610.11,1589.05,1589.33,
2004-12-08T14:30:00Z,1589.33,1607.49,1588.73,1606.18,
2004-12-08T18:30:00Z,1606.18,1606.72,1597.08,1601.91,
2004-12-09T14:30:00Z,1601.91,1609.77,1577.77,1607.24,
2004-12-09T18:30:00Z,1607.24,1615.6,1599.77,1609.79,
2004-12-10T14:30:00Z,1609.79,1610.88,1600.72,1607.28,
2004-12-10T18:30:00Z,1607.28,1611.23,1602.25,1605.16,
2004-12-13T14:30:00Z,1605.16,1621.37,1605.16,1613.53,
2004-12-13T18:30:00Z,1613.53,1621.16,1611.57,1621.16,
2004-12-14T14:30:00Z,1621.16,1628.72,1618.2,1625.74,
2004-12-14T18:30:00Z,1625.74,1632.17,1622.89,1627.46,
2004-12-15T14:30:00Z,1627.46,1635.7,1615.45,1623.41,
2004-12-15T18:30:00Z,1623.41,1624.97,1616.83,1623.63,
2004-12-16T14:30:00Z,1623.63,1625.83,1617.4,1619.03,
2004-12-16T18:30:00Z,1619.03,1620.08,1601.62,1607.62,
2004-12-17T14:30:00Z,1607.62,1614.89,1601.69,1605.15,
2004-12-17T18:30:00Z,1605.15,1607.78,1596.48,1596.61,
2004-12-20T14:30:00Z,1596.61,1613.78,1592.29,1595.32,
2004-12-20T18:30:00Z,1595.32,1595.99,1587.21,1591.97,
2004-12-21T14:30:00Z,1591.97,1609.24,1591.97,1606.06,
2004-12-21T18:30:00Z,1606.06,1611.34,1604.59,1609.26,
2004-12-22T14:30:00Z,1609.26,1619.56,1602.99,1611.97,
2004-12-22T18:30:00Z,1611.97,1613.93,1607.79,1613.57,
2004-12-23T14:30:00Z,1613.57,1619.18,1608.64,1615.28,
2004-12-23T18:30:00Z,1615.28,1616.33,1612.89,1613.77,
2004-12-27T14:30:00Z,1613.77,1623.8,1600.25,1606.59,
2004-12-27T18:30:00Z,1606.59,1612.84,1605.14,1607.59,
2004-12-28T14:30:00Z,1607.59,1623.46,1607.59,1618.0,
2004-12-28T18:30:00Z,1618.0,1624.19,1617.61,1624.19,
2004-12-29T14:30:00Z,1624.19,1629.9,1619.36,1621.42,
2004-12-29T18:30:00Z,1621.42,1624.98,1620.85,1624.95,
2004-12-30T14:30:00Z,1624.95,1628.74,1621.58,1625.36,
2004-12-30T18:30:00Z,1625.36,1627.3,1622.82,1623.76,
2004-12-31T14:30:00Z,1623.76,1628.91,1621.73,1624.85,
2004-12-31T18:30:00Z,1624.85,1628.82,1620.31,1621.12,
2005-01-03T14:30:00Z,1621.12,1635.45,1598.79,1605.45,
2005-01-03T18:30:00Z,1605.45,1612.24,1600.4,1603.51,
2005-01-04T14:30:00Z,1603.51,1612.78,1583.03,1584.38,
2005-01-04T18:30:00Z,1584.99,1585.67,1565.02,1571.83,
2005-01-05T14:30:00Z,1571.83,1580.88,1562.64,1576.13,
2005-01-05T18:30:00Z,1576.13,1579.31,1563.71,1563.76,
2005-01-06T14:30:00Z,1563.76,1570.75,1558.93,1564.41,
2005-01-06T18:30:00Z,1564.41,1570.18,1556.84,1557.52,
2005-01-07T14:30:00Z,1557.52,1577.76,1551.29,1569.13,
2005-01-07T18:30:00Z,1569.13,1574.18,1564.08,1564.81,
2005-01-10T14:30:00Z,1564.81,1577.29,1559.14,1575.86,
2005-01-10T18:30:00Z,1575.86,1577.71,1558.54,1564.92,
2005-01-11T14:30:00Z,1564.92,1564.92,1545.28,1552.68,
2005-01-11T18:30:00Z,1552.68,1560.74,1549.92,1553.4,
2005-01-12T14:30:00Z,1553.4,1562.83,1543.04,1554.31,
2005-01-12T18:30:00Z,1554.31,1566.69,1548.82,1565.78,
2005-01-13T14:30:00Z,1565.78,1568.54,1555.83,1558.82,
2005-01-13T18:30:00Z,1558.82,1565.02,1543.48,1545.18,
2005-01-14T14:30:00Z,1545.18,1563.79,1545.18,1558.35,
2005-01-14T18:30:00Z,1558.35,1562.49,1556.52,1561.11,
2005-01-18T14:30:00Z,1561.11,1572.7,1551.88,1569.58,
2005-01-18T18:30:00Z,1569.58,1574.39,1567.94,1573.49,
2005-01-19T14:30:00Z,1573.49,1573.49,1556.65,1561.08,
2005-01-19T18:30:00Z,1561.08,1562.66,1545.63,1545.65,
2005-01-20T14:30:00Z,1545.65,1545.65,1518.39,1521.88,
2005-01-20T18:30:00Z,1521.88,1528.69,1514.56,1514.56,
2005-01-21T14:30:00Z,1514.56,1524.03,1514.44,1516.06,
2005-01-21T18:30:00Z,1516.06,1516.09,1502.48,1503.64,
2005-01-24T14:30:00Z,1503.64,1509.83,1491.55,1500.44,
2005-01-24T18:30:00Z,1500.44,1500.44,1480.66,1480.66,
2005-01-25T14:30:00Z,1480.66,1505.05,1480.66,1501.24,
2005-01-25T18:30:00Z,1501.24,1501.38,1488.6,1490.57,
2005-01-26T14:30:00Z,1490.57,1505.43,1490.57,1502.09,
2005-01-26T18:30:00Z,1502.09,1513.44,1500.65,1509.01,
2005-01-27T14:30:00Z,1509.01,1512.74,1497.58,1502.18,
2005-01-27T18:30:00Z,1502.18,1509.98,1498.45,1507.55,
2005-01-28T14:30:00Z,1507.55,1512.82,1486.76,1492.24,
2005-01-28T18:30:00Z,1492.24,1500.05,1487.6,1499.46,
2005-01-31T14:30:00Z,1499.46,1523.27,1499.46,1521.5,
2005-01-31T18:30:00Z,1521.5,1522.27,1513.06,1519.63,
2005-02-01T14:30:00Z,1519.63,1527.91,1517.3,1524.92,
2005-02-01T18:30:00Z,1524.92,1527.75,1519.61,1523.66,
2005-02-02T14:30:00Z,1523.66,1527.75,1518.89,1525.54,
2005-02-02T18:30:00Z,1525.54,1531.22,1515.45,1525.1,
2005-02-03T14:30:00Z,1525.1,1525.1,1501.96,1504.41,
2005-02-03T18:30:00Z,1504.41,1511.1,1504.14,1508.24,
2005-02-04T14:30:00Z,1508.24,1526.5,1507.69,1523.66,
2005-02-04T18:30:00Z,1523.66,1534.97,1523.11,1534.49,
2005-02-07T14:30:00Z,1534.49,1538.38,1525.5,1526.47,
2005-02-07T18:30:00Z,1526.47,1529.89,1522.72,1529.05,
2005-02-08T14:30:00Z,1529.05,1542.41,1527.04,1532.84,
2005-02-08T18:30:00Z,1532.84,1534.3,1530.37,1532.69,
2005-02-09T14:30:00Z,1532.69,1534.48,1512.62,1518.19,
2005-02-09T18:30:00Z,1518.19,1518.89,1504.6,1506.81,
2005-02-10T14:30:00Z,1506.81,1513.57,1497.35,1511.56,
2005-02-10T18:30:00Z,1511.56,1514.22,1502.54,1506.83,
2005-02-11T14:30:00Z,1506.83,1532.11,1498.68,1528.45,
2005-02-11T18:30:00Z,1528.45,1535.54,1528.45,1530.51,
2005-02-14T14:30:00Z,1530.51,1540.01,1530.16,1534.19,
2005-02-14T18:30:00Z,1534.19,1539.21,1532.54,1538.21,
2005-02-15T14:30:00Z,1538.21,1561.17,1535.34,1544.0,
2005-02-15T18:30:00Z,1544.0,1548.9,1538.42,1547.3,
2005-02-16T14:30:00Z,1547.3,1547.69,1537.0,1538.75,
2005-02-16T18:30:00Z,1538.75,1547.3,1535.74,1542.41,
2005-02-17T14:30:00Z,1542.41,1546.69,1524.18,1529.75,
2005-02-17T18:30:00Z,1529.75,1531.35,1519.22,1519.29,
2005-02-18T14:30:00Z,1519.29,1524.04,1512.73,1518.14,
2005-02-18T18:30:00Z,1518.14,1519.16,1514.37,1515.4,
2005-02-22T14:30:00Z,1515.4,1523.51,1500.56,1508.0,
2005-02-22T18:30:00Z,1508.0,1508.33,1493.58,1494.07,
2005-02-23T14:30:00Z,1494.07,1503.89,1490.53,1493.97,
2005-02-23T18:30:00Z,1493.97,1502.82,1489.99,1497.09,
2005-02-24T14:30:00Z,1497.09,1506.73,1491.74,1497.54,
2005-02-24T18:30:00Z,1497.54,1517.88,1497.48,1517.71,
2005-02-25T14:30:00Z,1517.71,1528.0,1513.47,1519.45,
2005-02-25T18:30:00Z,1519.45,1527.75,1519.02,1526.9,
2005-02-28T14:30:00Z,1526.9,1526.9,1502.67,1504.85,
2005-02-28T18:30:00Z,1504.85,1513.85,1498.17,1511.02,
2005-03-01T14:30:00Z,1511.02,1527.87,1511.02,1515.51,
2005-03-01T18:30:00Z,1515.51,1529.37,1515.51,1527.25,
2005-03-02T14:30:00Z,1527.25,1541.14,1514.98,1537.34,
2005-03-02T18:30:00Z,1537.34,1538.54,1523.89,1525.28,
2005-03-03T14:30:00Z,1525.28,1530.68,1502.32,1509.65,
2005-03-03T18:30:00Z,1509.65,1517.37,1508.63,1511.89,
2005-03-04T14:30:00Z,1511.89,1530.59,1511.89,1522.08,
2005-03-04T18:30:00Z,1522.08,1528.4,1520.51,1520.58,
2005-03-07T14:30:00Z,1520.58,1552.53,1520.58,1546.36,
2005-03-07T18:30:00Z,1546.36,1549.62,1541.45,1545.2,
2005-03-08T14:30:00Z,1545.2,1549.56,1534.19,1537.99,
2005-03-08T18:30:00Z,1537.99,1538.94,1527.5,1528.65,
2005-03-09T14:30:00Z,1528.65,1537.97,1521.51,1523.39,
2005-03-09T18:30:00Z,1523.39,1529.96,1520.45,1521.98,
2005-03-10T14:30:00Z,1521.98,1527.98,1504.54,1517.55,
2005-03-10T18:30:00Z,1517.55,1524.87,1516.81,1524.38,
2005-03-11T14:30:00Z,1524.38,1533.85,1511.69,1513.53,
2005-03-11T18:30:00Z,1513.53,1514.07,1501.99,1505.64,
2005-03-14T14:30:00Z,1505.64,1515.16,1503.4,1503.97,
2005-03-14T18:30:00Z,1503.97,1515.09,1502.6,1515.09,
2005-03-15T14:30:00Z,1515.09,1520.43,1501.53,1504.16,
2005-03-15T18:30:00Z,1504.16,1506.78,1500.88,1502.06,
2005-03-16T14:30:00Z,1502.06,1508.16,1487.72,1494.35,
2005-03-16T18:30:00Z,1494.35,1494.35,1482.62,1486.23,
2005-03-17T14:30:00Z,1486.23,1496.8,1483.1,1491.52,
2005-03-17T18:30:00Z,1491.52,1496.0,1486.63,1487.63,
2005-03-18T14:30:00Z,1487.63,1490.57,1478.96,1480.31,
2005-03-18T18:30:00Z,1480.31,1484.4,1475.26,1484.4,
2005-03-21T14:30:00Z,1484.4,1490.57,1470.94,1483.07,
2005-03-21T18:30:00Z,1483.07,1489.25,1479.62,1484.45,
2005-03-22T14:30:00Z,1484.45,1490.44,1481.37,1485.23,
2005-03-22T18:30:00Z,1485.23,1489.87,1464.99,1465.09,
2005-03-23T14:30:00Z,1465.09,1478.57,1463.43,1473.07,
2005-03-23T18:30:00Z,1473.07,1480.13,1470.88,1471.77,
2005-03-24T14:30:00Z,1471.77,1485.96,1471.77,1481.95,
2005-03-24T18:30:00Z,1481.95,1483.26,1469.94,1469.94,
2005-03-28T14:30:00Z,1469.94,1484.85,1469.94,1480.62,
2005-03-28T18:30:00Z,1480.62,1483.39,1472.71,1472.71,
2005-03-29T14:30:00Z,1472.71,1483.43,1469.53,1471.19,
2005-03-29T18:30:00Z,1471.19,1472.08,1458.26,1464.34,
2005-03-30T14:30:00Z,1464.34,1491.73,1464.34,1488.51,
2005-03-30T18:30:00Z,1488.51,1491.74,1481.72,1491.74,
2005-03-31T14:30:00Z,1491.74,1491.74,1478.66,1482.47,
2005-03-31T18:30:00Z,1482.47,1489.04,1481.48,1482.53,
2005-04-01T14:30:00Z,1482.53,1495.58,1469.49,1473.34,
2005-04-01T18:30:00Z,1473.34,1473.34,1466.49,1469.35,
2005-04-04T13:30:00Z,1469.35,1472.86,1461.27,1464.62,
2005-04-04T17:30:00Z,1464.62,1482.06,1464.62,1476.72,
2005-04-05T13:30:00Z,1476.72,1487.26,1476.72,1483.45,
2005-04-05T17:30:00Z,1483.45,1485.92,1477.55,1483.75,
2005-04-06T13:30:00Z,1483.75,1497.39,1483.75,1490.08,
2005-04-06T17:30:00Z,1490.08,1490.25,1477.97,1480.67,
2005-04-07T13:30:00Z,1480.67,1495.48,1480.67,1493.6,
2005-04-07T17:30:00Z,1493.6,1499.71,1490.04,1499.71,
2005-04-08T13:30:00Z,1499.71,1503.21,1490.39,1493.33,
2005-04-08T17:30:00Z,1493.33,1494.92,1485.43,1485.6,
2005-04-11T13:30:00Z,1485.6,1492.32,1477.89,1482.56,
2005-04-11T17:30:00Z,1482.56,1483.52,1477.13,1478.55,
2005-04-12T13:30:00Z,1478.55,1478.55,1466.55,1466.61,
2005-04-12T17:30:00Z,1466.61,1490.1,1460.42,1489.16,
2005-04-13T13:30:00Z,1489.16,1489.16,1471.2,1471.53,
2005-04-13T17:30:00Z,1471.53,1471.96,1459.97,1461.68,
2005-04-14T13:30:00Z,1461.68,1462.81,1443.99,1443.99,
2005-04-14T17:30:00Z,1443.99,1451.37,1440.35,1441.13,
2005-04-15T13:30:00Z,1441.13,1441.13,1414.95,1420.8,
2005-04-15T17:30:00Z,1420.48,1425.98,1407.82,1408.59,
2005-04-18T13:30:00Z,1408.59,1418.76,1405.09,1414.06,
2005-04-18T17:30:00Z,1414.06,1416.29,1406.28,1409.98,
2005-04-19T13:30:00Z,1409.98,1421.86,1409.98,1419.28,
2005-04-19T17:30:00Z,1419.28,1424.03,1418.75,1420.8,
2005-04-20T13:30:00Z,1420.8,1432.11,1416.19,1416.86,
2005-04-20T17:30:00Z,1416.86,1418.28,1404.86,1406.85,
2005-04-21T13:30:00Z,1406.85,1436.43,1406.85,1432.59,
2005-04-21T17:30:00Z,1432.59,1448.37,1432.36,1447.37,
2005-04-22T13:30:00Z,1447.37,1447.37,1427.29,1429.11,
2005-04-22T17:30:00Z,1429.11,1433.62,1412.63,1421.21,
2005-04-25T13:30:00Z,1421.21,1438.51,1421.21,1434.0,
2005-04-25T17:30:00Z,1434.0,1437.34,1426.73,1437.31,
2005-04-26T13:30:00Z,1437.31,1446.82,1427.78,1428.59,
2005-04-26T17:30:00Z,1428.59,1433.22,1420.43,1420.43,
2005-04-27T13:30:00Z,1420.43,1429.11,1409.49,1426.48,
2005-04-27T17:30:00Z,1426.48,1428.67,1422.39,1423.76,
2005-04-28T13:30:00Z,1423.76,1425.69,1412.34,1415.32,
2005-04-28T17:30:00Z,1415.32,1421.14,1408.84,1409.29,
2005-04-29T13:30:00Z,1409.29,1420.96,1394.36,1406.47,
2005-04-29T17:30:00Z,1406.47,1422.42,1403.98,1420.79,
2005-05-02T13:30:00Z,1420.79,1430.05,1420.79,1421.96,
2005-05-02T17:30:00Z,1421.96,1423.8,1415.6,1423.71,
2005-05-03T13:30:00Z,1423.71,1431.57,1421.28,1428.23,
2005-05-03T17:30:00Z,1428.23,1436.6,1421.87,1427.61,
2005-05-04T13:30:00Z,1427.61,1442.92,1427.61,1440.31,
2005-05-04T17:30:00Z,1440.31,1453.2,1439.3,1452.2,
2005-05-05T13:30:00Z,1452.2,1457.34,1441.94,1445.62,
2005-05-05T17:30:00Z,1445.62,1452.45,1443.2,1450.16,
2005-05-06T13:30:00Z,1450.16,1460.76,1449.7,1454.61,
2005-05-06T17:30:00Z,1454.61,1457.13,1453.09,1456.0,
2005-05-09T13:30:00Z,1456.0,1460.3,1446.77,1458.6,
2005-05-09T17:30:00Z,1458.6,1463.38,1456.03,1463.38,
2005-05-10T13:30:00Z,1463.38,1463.38,1449.61,1457.68,
2005-05-10T17:30:00Z,1457.68,1458.4,1445.11,1450.36,
2005-05-11T13:30:00Z,1450.36,1455.43,1432.83,1445.42,
2005-05-11T17:30:00Z,1445.42,1461.02,1443.29,1459.55,
2005-05-12T13:30:00Z,1459.55,1468.17,1454.36,1463.37,
2005-05-12T17:30:00Z,1463.37,1463.44,1446.97,1454.79,
2005-05-13T13:30:00Z,1454.79,1478.89,1454.79,1470.72,
2005-05-13T17:30:00Z,1470.72,1471.57,1457.52,1470.63,
2005-05-16T13:30:00Z,1470.63,1475.46,1465.85,1474.51,
2005-05-16T17:30:00Z,1474.51,1481.32,1473.52,1480.68,
2005-05-17T13:30:00Z,1480.68,1480.68,1469.44,1475.32,
2005-05-17T17:30:00Z,1475.32,1490.14,1474.79,1490.14,
2005-05-18T13:30:00Z,1490.14,1514.76,1489.47,1510.7,
2005-05-18T17:30:00Z,1510.7,1513.91,1508.06,1509.26,
2005-05-19T13:30:00Z,1509.26,1520.33,1508.71,1518.23,
2005-05-19T17:30:00Z,1518.23,1521.5,1512.99,1521.43,
2005-05-20T13:30:00Z,1521.43,1524.27,1514.54,1521.77,
2005-05-20T17:30:00Z,1521.77,1528.06,1521.38,1528.06,
2005-05-23T13:30:00Z,1528.06,1535.33,1525.23,1532.47,
2005-05-23T17:30:00Z,1532.47,1540.3,1531.54,1535.22,
2005-05-24T13:30:00Z,1535.22,1537.51,1529.4,1534.26,
2005-05-24T17:30:00Z,1534.26,1540.68,1532.92,1540.47,
2005-05-25T13:30:00Z,1540.47,1540.47,1524.95,1525.07,
2005-05-25T17:30:00Z,1525.07,1534.41,1524.41,1532.71,
2005-05-26T13:30:00Z,1532.71,1551.12,1532.71,1545.32,
2005-05-26T17:30:00Z,1545.32,1551.05,1544.83,1548.8,
2005-05-27T13:30:00Z,1548.8,1549.7,1541.76,1549.0,
2005-05-27T17:30:00Z,1549.0,1551.03,1547.58,1549.8,
2005-05-31T13:30:00Z,1549.8,1550.18,1538.54,1543.47,
2005-05-31T17:30:00Z,1543.47,1549.71,1542.63,1542.63,
2005-06-01T13:30:00Z,1542.63,1567.72,1541.66,1565.4,
2005-06-01T17:30:00Z,1565.4,1566.17,1553.24,1559.5,
2005-06-02T13:30:00Z,1559.5,1562.92,1553.05,1560.54,
2005-06-02T17:30:00Z,1560.54,1568.96,1558.73,1568.96,
2005-06-03T13:30:00Z,1568.96,1568.96,1545.92,1548.37,
2005-06-03T17:30:00Z,1548.37,1549.78,1542.05,1544.48,
2005-06-06T13:30:00Z,1544.48,1548.0,1539.57,1543.73,
2005-06-06T17:30:00Z,1543.73,1548.55,1542.89,1545.27,
2005-06-07T13:30:00Z,1545.27,1559.53,1544.91,1552.8,
2005-06-07T17:30:00Z,1552.8,1552.88,1531.07,1531.12,
2005-06-08T13:30:00Z,1531.12,1538.24,1529.63,1534.11,
2005-06-08T17:30:00Z,1534.11,1534.11,1524.13,1527.68,
2005-06-09T13:30:00Z,1527.68,1542.75,1520.61,1535.04,
2005-06-09T17:30:00Z,1535.04,1539.64,1531.89,1539.46,
2005-06-10T13:30:00Z,1539.46,1539.46,1515.96,1517.71,
2005-06-10T17:30:00Z,1517.71,1523.79,1516.31,1521.02,
2005-06-13T13:30:00Z,1521.02,1538.66,1519.61,1533.46,
2005-06-13T17:30:00Z,1533.46,1534.11,1526.47,1529.13,
2005-06-14T13:30:00Z,1529.13,1534.15,1521.46,1522.58,
2005-06-14T17:30:00Z,1522.58,1529.41,1520.88,1524.42,
2005-06-15T13:30:00Z,1524.42,1535.43,1510.82,1513.39,
2005-06-15T17:30:00Z,1513.39,1529.64,1512.2,1529.49,
2005-06-16T13:30:00Z,1529.49,1540.52,1527.71,1534.03,
2005-06-16T17:30:00Z,1534.03,1538.65,1529.68,1537.42,
2005-06-17T13:30:00Z,1537.42,1550.63,1532.56,1538.56,
2005-06-17T17:30:00Z,1538.56,1541.57,1535.54,1538.13,
2005-06-20T13:30:00Z,1538.13,1538.13,1526.06,1533.4,
2005-06-20T17:30:00Z,1533.4,1545.52,1532.67,1537.31,
2005-06-21T13:30:00Z,1537.31,1542.73,1531.52,1538.64,
2005-06-21T17:30:00Z,1538.64,1541.45,1530.91,1536.48,
2005-06-22T13:30:00Z,1536.48,1545.54,1527.93,1537.09,
2005-06-22T17:30:00Z,1537.09,1537.13,1532.06,1534.36,
2005-06-23T13:30:00Z,1534.36,1549.0,1531.64,1538.11,
2005-06-23T17:30:00Z,1538.11,1538.11,1515.79,1515.95,
2005-06-24T13:30:00Z,1516.84,1518.01,1506.03,1507.95,
2005-06-24T17:30:00Z,1507.95,1508.18,1500.18,1500.18,
2005-06-27T13:30:00Z,1500.18,1503.79,1494.36,1496.49,
2005-06-27T17:30:00Z,1496.49,1496.94,1490.02,1493.75,
2005-06-28T13:30:00Z,1493.75,1508.51,1493.75,1507.94,
2005-06-28T17:30:00Z,1507.94,1512.64,1506.74,1508.61,
2005-06-29T13:30:00Z,1508.61,1512.77,1503.19,1507.26,
2005-06-29T17:30:00Z,1507.26,1508.18,1501.72,1504.11,
2005-06-30T13:30:00Z,1504.11,1509.94,1501.11,1503.49,
2005-06-30T17:30:00Z,1503.49,1510.21,1492.94,1493.52,
2005-07-01T13:30:00Z,1493.52,1501.95,1492.22,1495.26,
2005-07-01T17:30:00Z,1495.26,1496.22,1489.74,1490.53,
2005-07-05T13:30:00Z,1490.53,1509.19,1485.96,1505.82,
2005-07-05T17:30:00Z,1505.82,1508.94,1504.14,1506.35,
2005-07-06T13:30:00Z,1506.35,1510.49,1502.0,1510.06,
2005-07-06T17:30:00Z,1510.06,1512.91,1497.11,1498.05,
2005-07-07T13:30:00Z,1498.05,1501.8,1484.18,1498.61,
2005-07-07T17:30:00Z,1498.61,1505.3,1496.79,1503.78,
2005-07-08T13:30:00Z,1505.53,1524.23,1502.2,1522.15,
2005-07-08T17:30:00Z,1522.14,1534.29,1521.24,1533.27,
2005-07-11T13:30:00Z,1533.27,1547.89,1533.27,1541.74,
2005-07-11T17:30:00Z,1541.74,1547.98,1539.6,1547.66,
2005-07-12T13:30:00Z,1547.66,1550.45,1543.14,1549.82,
2005-07-12T17:30:00Z,1549.82,1560.15,1549.51,1555.59,
2005-07-13T13:30:00Z,1555.59,1558.77,1549.81,1555.0,
2005-07-13T17:30:00Z,1555.0,1559.37,1554.26,1557.62,
2005-07-14T13:30:00Z,1557.62,1577.48,1557.62,1574.26,
2005-07-14T17:30:00Z,1574.26,1575.15,1568.02,1573.44,
2005-07-15T13:30:00Z,1573.44,1578.09,1568.82,1573.05,
2005-07-15T17:30:00Z,1573.05,1582.4,1572.36,1577.82,
2005-07-18T13:30:00Z,1577.82,1578.12,1570.17,1570.76,
2005-07-18T17:30:00Z,1570.76,1574.98,1570.02,1570.09,
2005-07-19T13:30:00Z,1570.09,1589.35,1570.09,1587.93,
2005-07-19T17:30:00Z,1587.93,1590.76,1585.58,1590.49,
2005-07-20T13:30:00Z,1590.49,1594.82,1578.87,1593.76,
2005-07-20T17:30:00Z,1593.76,1605.45,1593.76,1602.75,
2005-07-21T13:30:00Z,1602.75,1610.84,1591.72,1606.28,
2005-07-21T17:30:00Z,1606.28,1607.81,1598.09,1601.89,
2005-07-22T13:30:00Z,1601.89,1606.42,1592.74,1596.72,
2005-07-22T17:30:00Z,1596.72,1602.89,1592.03,1600.76,
2005-07-25T13:30:00Z,1600.76,1607.97,1594.51,1596.21,
2005-07-25T17:30:00Z,1596.21,1597.54,1591.4,1593.57,
2005-07-26T13:30:00Z,1593.57,1600.69,1591.58,1596.66,
2005-07-26T17:30:00Z,1596.66,1603.89,1595.59,1598.93,
2005-07-27T13:30:00Z,1601.39,1603.64,1592.76,1601.46,
2005-07-27T17:30:00Z,1601.46,1613.39,1601.18,1611.95,
2005-07-28T13:30:00Z,1611.95,1618.38,1609.62,1617.99,
2005-07-28T17:30:00Z,1617.99,1619.78,1616.63,1618.64,
2005-07-29T13:30:00Z,1618.64,1619.95,1605.49,1608.98,
2005-07-29T17:30:00Z,1608.98,1613.65,1605.14,1605.14,
2005-08-01T13:30:00Z,1605.14,1612.93,1604.58,1607.48,
2005-08-01T17:30:00Z,1607.48,1616.4,1606.97,1610.11,
2005-08-02T13:30:00Z,1610.11,1628.02,1610.11,1625.12,
2005-08-02T17:30:00Z,1625.12,1628.57,1623.07,1627.01,
2005-08-03T13:30:00Z,1627.01,1628.53,1618.4,1626.94,
2005-08-03T17:30:00Z,1626.94,1627.93,1621.46,1627.19,
2005-08-04T13:30:00Z,1627.19,1627.19,1607.43,1607.83,
2005-08-04T17:30:00Z,1607.83,1612.22,1606.6,1608.74,
2005-08-05T13:30:00Z,1608.74,1614.22,1600.25,1606.12,
2005-08-05T17:30:00Z,1606.12,1606.88,1601.59,1601.59,
2005-08-08T13:30:00Z,1601.59,1607.01,1593.54,1594.28,
2005-08-08T17:30:00Z,1594.28,1595.12,1588.74,1589.97,
2005-08-09T13:30:00Z,1589.97,1603.41,1589.97,1600.58,
2005-08-09T17:30:00Z,1600.58,1606.51,1595.71,1601.14,
2005-08-10T13:30:00Z,1601.14,1610.21,1598.49,1602.34,
2005-08-10T17:30:00Z,1602.34,1603.24,1582.31,1585.71,
2005-08-11T13:30:00Z,1585.71,1603.66,1585.71,1593.26,
2005-08-11T17:30:00Z,1593.26,1601.42,1589.12,1600.65,
2005-08-12T13:30:00Z,1600.65,1600.65,1581.41,1586.04,
2005-08-12T17:30:00Z,1586.05,1594.96,1582.48,1591.75,
2005-08-15T13:30:00Z,1591.75,1605.26,1585.66,1604.61,
2005-08-15T17:30:00Z,1604.61,1606.96,1600.14,1600.71,
2005-08-16T13:30:00Z,1600.71,1600.71,1581.91,1585.03,
2005-08-16T17:30:00Z,1585.03,1585.12,1572.44,1574.01,
2005-08-17T13:30:00Z,1574.01,1588.8,1573.87,1587.28,
2005-08-17T17:30:00Z,1587.28,1588.42,1582.06,1582.29,
2005-08-18T13:30:00Z,1582.29,1582.49,1573.4,1582.49,
2005-08-18T17:30:00Z,1582.49,1585.28,1573.66,1575.76,
2005-08-19T13:30:00Z,1575.76,1581.95,1573.7,1576.61,
2005-08-19T17:30:00Z,1576.61,1577.39,1573.72,1573.72,
2005-08-22T13:30:00Z,1573.72,1588.92,1565.81,1570.49,
2005-08-22T17:30:00Z,1570.49,1575.59,1569.78,1575.59,
2005-08-23T13:30:00Z,1575.59,1578.52,1566.72,1569.61,
2005-08-23T17:30:00Z,1569.61,1578.34,1569.4,1571.3,
2005-08-24T13:30:00Z,1571.3,1588.9,1565.83,1584.26,
2005-08-24T17:30:00Z,1584.26,1584.52,1561.15,1561.71,
2005-08-25T13:30:00Z,1561.71,1569.51,1561.71,1565.05,
2005-08-25T17:30:00Z,1565.05,1568.39,1563.55,1565.88,
2005-08-26T13:30:00Z,1565.88,1565.88,1552.99,1557.06,
2005-08-26T17:30:00Z,1557.06,1565.55,1557.06,1558.84,
2005-08-29T13:30:00Z,1558.84,1570.2,1551.31,1568.95,
2005-08-29T17:30:00Z,1568.95,1575.45,1568.65,1571.52,
2005-08-30T13:30:00Z,1571.52,1571.52,1554.49,1560.66,
2005-08-30T17:30:00Z,1560.66,1565.73,1554.91,1565.73,
2005-08-31T13:30:00Z,1565.73,1571.51,1561.42,1567.59,
2005-08-31T17:30:00Z,1567.59,1582.09,1566.42,1581.71,
2005-09-01T13:30:00Z,1581.71,1587.82,1573.54,1581.98,
2005-09-01T17:30:00Z,1581.98,1582.97,1575.46,1577.25,
2005-09-02T13:30:00Z,1577.25,1583.0,1572.21,1576.77,
2005-09-02T17:30:00Z,1576.77,1578.9,1571.82,1573.12,
2005-09-06T13:30:00Z,1573.12,1595.93,1573.12,1592.15,
2005-09-06T17:30:00Z,1592.15,1597.71,1591.1,1597.27,
2005-09-07T13:30:00Z,1597.27,1598.77,1590.87,1596.58,
2005-09-07T17:30:00Z,1596.58,1600.79,1595.4,1599.86,
2005-09-08T13:30:00Z,1599.86,1604.91,1593.3,1603.48,
2005-09-08T17:30:00Z,1603.48,1603.84,1594.49,1597.68,
2005-09-09T13:30:00Z,1597.68,1609.22,1595.31,1608.58,
2005-09-09T17:30:00Z,1608.58,1610.12,1605.14,1607.83,
2005-09-12T13:30:00Z,1607.83,1616.82,1605.99,1614.45,
2005-09-12T17:30:00Z,1614.45,1615.89,1609.86,1612.2,
2005-09-13T13:30:00Z,1612.2,1612.2,1604.13,1609.61,
2005-09-13T17:30:00Z,1609.61,1619.12,1607.07,1607.38,
2005-09-14T13:30:00Z,1607.38,1609.37,1591.39,1604.16,
2005-09-14T17:30:00Z,1604.16,1604.35,1589.41,1589.63,
2005-09-15T13:30:00Z,1589.63,1596.38,1585.07,1589.29,
2005-09-15T17:30:00Z,1589.29,1590.93,1586.64,1588.55,
2005-09-16T13:30:00Z,1588.55,1594.26,1587.18,1589.41,
2005-09-16T17:30:00Z,1589.41,1600.44,1588.18,1599.44,
2005-09-19T13:30:00Z,1599.44,1599.44,1581.97,1584.32,
2005-09-19T17:30:00Z,1584.32,1586.64,1579.51,1586.05,
2005-09-20T13:30:00Z,1586.05,1604.02,1586.05,1595.61,
2005-09-20T17:30:00Z,1595.61,1598.75,1575.58,1578.2,
2005-09-21T13:30:00Z,1577.1,1577.67,1563.89,1567.25,
2005-09-21T17:30:00Z,1567.33,1570.65,1561.47,1561.84,
2005-09-22T13:30:00Z,1559.94,1569.84,1551.81,1562.28,
2005-09-22T17:30:00Z,1562.28,1570.94,1561.46,1567.36,
2005-09-23T13:30:00Z,1567.36,1569.16,1559.57,1566.3,
2005-09-23T17:30:00Z,1566.53,1577.05,1566.17,1571.75,
2005-09-26T13:30:00Z,1571.75,1584.58,1571.55,1572.46,
2005-09-26T17:30:00Z,1572.46,1574.15,1564.52,1572.86,
2005-09-27T13:30:00Z,1572.86,1576.64,1563.21,1566.51,
2005-09-27T17:30:00Z,1566.51,1578.18,1566.51,1568.84,
2005-09-28T13:30:00Z,1568.84,1580.67,1565.84,1566.9,
2005-09-28T17:30:00Z,1566.9,1575.89,1565.02,1568.81,
2005-09-29T13:30:00Z,1568.81,1585.05,1560.87,1584.31,
2005-09-29T17:30:00Z,1584.31,1591.15,1581.77,1589.93,
2005-09-30T13:30:00Z,1589.93,1600.37,1588.22,1594.31,
2005-09-30T17:30:00Z,1594.31,1601.69,1594.31,1601.66,
2005-10-03T13:30:00Z,1601.66,1612.53,1601.66,1606.89,
2005-10-03T17:30:00Z,1606.89,1611.53,1604.39,1605.59,
2005-10-04T13:30:00Z,1605.59,1617.77,1603.85,1616.21,
2005-10-04T17:30:00Z,1616.21,1616.21,1594.56,1595.54,
2005-10-05T13:30:00Z,1595.54,1595.83,1579.4,1588.25,
2005-10-05T17:30:00Z,1588.25,1590.39,1571.46,1571.52,
2005-10-06T13:30:00Z,1571.52,1576.36,1563.72,1566.84,
2005-10-06T17:30:00Z,1566.84,1567.77,1540.34,1552.94,
2005-10-07T13:30:00Z,1552.94,1563.27,1549.94,1557.09,
2005-10-07T17:30:00Z,1557.09,1558.52,1551.9,1555.92,
2005-10-10T13:30:00Z,1555.92,1560.65,1546.5,1556.67,
2005-10-10T17:30:00Z,1556.67,1557.97,1545.9,1546.99,
2005-10-11T13:30:00Z,1546.99,1551.54,1535.05,1542.09,
2005-10-11T17:30:00Z,1542.09,1546.78,1534.61,1539.31,
2005-10-12T13:30:00Z,1539.31,1543.5,1521.55,1528.9,
2005-10-12T17:30:00Z,1528.9,1529.8,1519.3,1521.19,
2005-10-13T13:30:00Z,1521.19,1527.57,1515.42,1522.74,
2005-10-13T17:30:00Z,1522.74,1538.15,1519.67,1533.8,
2005-10-14T13:30:00Z,1533.8,1542.42,1529.42,1535.99,
2005-10-14T17:30:00Z,1535.99,1545.13,1533.85,1544.29,
2005-10-17T13:30:00Z,1544.29,1547.9,1536.01,1541.23,
2005-10-17T17:30:00Z,1541.23,1549.95,1540.59,1549.88,
2005-10-18T13:30:00Z,1549.88,1549.88,1542.02,1544.18,
2005-10-18T17:30:00Z,1544.18,1547.72,1538.39,1538.43,
2005-10-19T13:30:00Z,1538.43,1543.58,1526.82,1539.92,
2005-10-19T17:30:00Z,1539.92,1569.61,1539.88,1569.61,
2005-10-20T13:30:00Z,1569.61,1576.46,1563.74,1566.99,
2005-10-20T17:30:00Z,1566.99,1568.46,1547.07,1555.59,
2005-10-21T13:30:00Z,1555.59,1572.71,1555.59,1568.73,
2005-10-21T17:30:00Z,1568.73,1572.2,1564.07,1565.12,
2005-10-24T13:30:00Z,1565.12,1581.15,1561.45,1579.37,
2005-10-24T17:30:00Z,1579.37,1590.73,1575.78,1590.65,
2005-10-25T13:30:00Z,1590.65,1590.65,1577.87,1578.11,
2005-10-25T17:30:00Z,1578.11,1586.06,1573.66,1585.82,
2005-10-26T13:30:00Z,1585.82,1593.47,1577.67,1580.68,
2005-10-26T17:30:00Z,1580.68,1583.46,1573.14,1575.14,
2005-10-27T13:30:00Z,1575.14,1575.14,1553.33,1553.93,
2005-10-27T17:30:00Z,1553.93,1559.42,1543.38,1543.38,
2005-10-28T13:30:00Z,1543.38,1553.07,1538.78,1548.94,
2005-10-28T17:30:00Z,1548.94,1557.57,1546.59,1557.11,
2005-10-31T14:30:00Z,1557.11,1579.21,1557.11,1576.82,
2005-10-31T18:30:00Z,1576.82,1584.09,1573.26,1579.18,
2005-11-01T14:30:00Z,1579.18,1579.18,1571.19,1575.23,
2005-11-01T18:30:00Z,1575.23,1582.67,1573.48,1576.52,
2005-11-02T14:30:00Z,1576.52,1600.75,1570.75,1596.81,
2005-11-02T18:30:00Z,1596.81,1600.45,1591.5,1597.29,
2005-11-03T14:30:00Z,1597.29,1626.48,1597.29,1623.26,
2005-11-03T18:30:00Z,1623.26,1623.34,1613.59,1619.67,
2005-11-04T14:30:00Z,1619.67,1631.79,1616.84,1621.58,
2005-11-04T18:30:00Z,1621.58,1628.03,1618.43,1628.03,
2005-11-07T14:30:00Z,1628.03,1634.53,1621.5,1629.08,
2005-11-07T18:30:00Z,1629.08,1633.59,1625.68,1629.27,
2005-11-08T14:30:00Z,1629.27,1636.84,1623.16,1632.04,
2005-11-08T18:30:00Z,1632.04,1632.74,1626.14,1628.4,
2005-11-09T14:30:00Z,1628.4,1636.36,1624.55,1633.6,
2005-11-09T18:30:00Z,1633.6,1633.83,1627.0,1630.21,
2005-11-10T14:30:00Z,1630.21,1635.28,1620.74,1633.77,
2005-11-10T18:30:00Z,1633.77,1651.05,1632.62,1650.93,
2005-11-11T14:30:00Z,1650.93,1659.72,1650.93,1652.63,
2005-11-11T18:30:00Z,1652.63,1655.4,1651.09,1653.36,
2005-11-14T14:30:00Z,1653.36,1657.53,1648.26,1650.01,
2005-11-14T18:30:00Z,1650.01,1653.8,1648.87,1651.9,
2005-11-15T14:30:00Z,1651.9,1658.65,1648.4,1653.25,
2005-11-15T18:30:00Z,1653.25,1653.75,1638.97,1644.31,
2005-11-16T14:30:00Z,1644.31,1652.37,1642.36,1649.2,
2005-11-16T18:30:00Z,1649.2,1653.74,1646.4,1651.45,
2005-11-17T14:30:00Z,1651.45,1665.39,1651.45,1661.37,
2005-11-17T18:30:00Z,1661.37,1676.39,1661.37,1676.39,
2005-11-18T14:30:00Z,1676.39,1689.59,1674.75,1677.52,
2005-11-18T18:30:00Z,1677.52,1682.43,1676.24,1679.85,
2005-11-21T14:30:00Z,1679.85,1683.87,1673.05,1677.06,
2005-11-21T18:30:00Z,1677.06,1686.79,1677.06,1686.23,
2005-11-22T14:30:00Z,1686.23,1688.57,1679.1,1687.35,
2005-11-22T18:30:00Z,1687.35,1698.32,1684.6,1694.14,
2005-11-23T14:30:00Z,1694.14,1702.77,1691.08,1701.73,
2005-11-23T18:30:00Z,1701.73,1704.42,1693.32,1696.77,
2005-11-25T14:30:00Z,1696.77,1701.06,1693.33,1701.05,
2005-11-25T18:30:00Z,1701.05,1701.05,1701.05,1701.05,
2005-11-28T14:30:00Z,1701.05,1703.08,1683.83,1687.25,
2005-11-28T18:30:00Z,1687.25,1689.63,1684.19,1684.39,
2005-11-29T14:30:00Z,1684.39,1697.58,1681.75,1681.75,
2005-11-29T18:30:00Z,1681.75,1684.94,1676.76,1676.84,
2005-11-30T14:30:00Z,1676.84,1683.62,1674.78,1680.94,
2005-11-30T18:30:00Z,1680.94,1680.94,1671.34,1672.56,
2005-12-01T14:30:00Z,1672.56,1703.94,1672.56,1703.51,
2005-12-01T18:30:00Z,1703.51,1705.19,1698.21,1704.28,
2005-12-02T14:30:00Z,1704.28,1709.0,1698.9,1703.15,
2005-12-02T18:30:00Z,1703.15,1709.1,1702.33,1709.1,
2005-12-05T14:30:00Z,1709.1,1709.1,1689.6,1696.73,
2005-12-05T18:30:00Z,1696.73,1696.73,1690.56,1694.77,
2005-12-06T14:30:00Z,1694.77,1716.41,1694.77,1714.62,
2005-12-06T18:30:00Z,1714.62,1716.65,1700.16,1701.35,
2005-12-07T14:30:00Z,1701.35,1706.12,1694.26,1694.36,
2005-12-07T18:30:00Z,1694.36,1697.25,1688.9,1697.04,
2005-12-08T14:30:00Z,1697.04,1702.84,1685.3,1686.48,
2005-12-08T18:30:00Z,1686.48,1689.03,1674.74,1685.59,
2005-12-09T14:30:00Z,1685.59,1690.36,1679.22,1687.28,
2005-12-09T18:30:00Z,1687.28,1694.13,1687.21,1692.37,
2005-12-12T14:30:00Z,1692.62,1701.27,1691.22,1693.99,
2005-12-12T18:30:00Z,1693.99,1699.32,1691.92,1698.35,
2005-12-13T14:30:00Z,1698.35,1699.84,1693.9,1699.69,
2005-12-13T18:30:00Z,1699.69,1711.83,1697.32,1705.77,
2005-12-14T14:30:00Z,1705.77,1707.74,1692.44,1700.3,
2005-12-14T18:30:00Z,1700.3,1705.75,1697.8,1698.98,
2005-12-15T14:30:00Z,1698.98,1705.93,1688.07,1696.85,
2005-12-15T18:30:00Z,1696.85,1701.7,1695.83,1701.7,
2005-12-16T14:30:00Z,1700.92,1704.38,1695.73,1696.24,
2005-12-16T18:30:00Z,1696.24,1698.61,1688.26,1688.68,
2005-12-19T14:30:00Z,1688.68,1694.65,1681.02,1684.3,
2005-12-19T18:30:00Z,1684.3,1684.63,1663.56,1664.36,
2005-12-20T14:30:00Z,1664.36,1672.47,1657.71,1671.41,
2005-12-20T18:30:00Z,1671.41,1671.6,1661.13,1665.07,
2005-12-21T14:30:00Z,1665.07,1682.84,1665.07,1672.04,
2005-12-21T18:30:00Z,1672.04,1673.76,1665.34,1670.61,
2005-12-22T14:30:00Z,1670.61,1677.98,1670.61,1676.08,
2005-12-22T18:30:00Z,1676.08,1685.49,1676.08,1683.35,
2005-12-23T14:30:00Z,1683.35,1690.41,1680.25,1681.95,
2005-12-23T18:30:00Z,1681.95,1683.19,1679.28,1682.92,
2005-12-27T14:30:00Z,1682.92,1693.58,1668.84,1670.51,
2005-12-27T18:30:00Z,1670.51,1673.55,1666.46,1668.37,
2005-12-28T14:30:00Z,1668.37,1674.07,1662.09,1664.87,
2005-12-28T18:30:00Z,1664.87,1672.7,1664.81,1667.1,
2005-12-29T14:30:00Z,1667.1,1671.32,1662.7,1664.65,
2005-12-29T18:30:00Z,1664.65,1667.96,1653.53,1655.36,
2005-12-30T14:30:00Z,1655.36,1655.36,1641.86,1645.04,
2005-12-30T18:30:00Z,1645.04,1649.9,1643.42,1645.2,
2006-01-03T14:30:00Z,1645.2,1654.84,1633.62,1647.53,
2006-01-03T18:30:00Z,1647.53,1686.59,1645.88,1679.93,
2006-01-04T14:30:00Z,1679.93,1696.83,1679.93,1691.5,
2006-01-04T18:30:00Z,1691.5,1696.32,1685.5,1695.83,
2006-01-05T14:30:00Z,1695.83,1707.71,1695.83,1703.24,
2006-01-05T18:30:00Z,1703.24,1705.51,1700.03,1705.29,
2006-01-06T14:30:00Z,1705.29,1727.48,1705.29,1725.42,
2006-01-06T18:30:00Z,1725.42,1735.5,1724.48,1734.99,
2006-01-09T14:30:00Z,1734.99,1741.96,1729.6,1740.26,
2006-01-09T18:30:00Z,1740.26,1745.12,1734.35,1741.9,
2006-01-10T14:30:00Z,1741.9,1744.47,1730.25,1742.87,
2006-01-10T18:30:00Z,1742.87,1744.4,1732.45,1744.02,
2006-01-11T14:30:00Z,1744.02,1757.67,1743.85,1752.72,
2006-01-11T18:30:00Z,1752.72,1761.46,1752.58,1758.24,
2006-01-12T14:30:00Z,1758.24,1760.12,1752.39,1757.4,
2006-01-12T18:30:00Z,1757.4,1758.15,1742.85,1747.35,
2006-01-13T14:30:00Z,1747.35,1750.27,1740.4,1743.52,
2006-01-13T18:30:00Z,1743.52,1746.78,1738.01,1746.78,
2006-01-17T14:30:00Z,1746.78,1746.78,1728.62,1730.61,
2006-01-17T18:30:00Z,1730.61,1737.85,1729.73,1736.39,
2006-01-18T14:30:00Z,1736.39,1736.39,1707.75,1712.61,
2006-01-18T18:30:00Z,1712.61,1722.31,1712.46,1716.62,
2006-01-19T14:30:00Z,1716.62,1738.72,1716.62,1734.84,
2006-01-19T18:30:00Z,1734.84,1740.59,1726.87,1729.92,
2006-01-20T14:30:00Z,1729.92,1729.92,1681.7,1691.35,
2006-01-20T18:30:00Z,1691.35,1691.35,1674.32,1676.38,
2006-01-23T14:30:00Z,1676.38,1685.67,1670.47,1680.43,
2006-01-23T18:30:00Z,1680.43,1681.23,1670.94,1676.3,
2006-01-24T14:30:00Z,1676.3,1695.41,1676.3,1684.32,
2006-01-24T18:30:00Z,1684.32,1692.54,1681.84,1686.22,
2006-01-25T14:30:00Z,1686.22,1694.54,1671.61,1680.62,
2006-01-25T18:30:00Z,1680.62,1681.1,1670.33,1677.0,
2006-01-26T14:30:00Z,1677.0,1694.63,1677.0,1683.17,
2006-01-26T18:30:00Z,1683.17,1692.04,1679.82,1690.49,
2006-01-27T14:30:00Z,1690.49,1722.93,1690.49,1707.22,
2006-01-27T18:30:00Z,1707.22,1711.43,1702.66,1711.11,
2006-01-30T14:30:00Z,1711.11,1720.49,1711.11,1717.42,
2006-01-30T18:30:00Z,1717.42,1720.88,1711.42,1713.45,
2006-01-31T14:30:00Z,1713.45,1715.1,1700.34,1706.24,
2006-01-31T18:30:00Z,1706.24,1717.95,1700.99,1710.75,
2006-02-01T14:30:00Z,1710.75,1711.79,1695.83,1704.62,
2006-02-01T18:30:00Z,1704.62,1714.28,1699.49,1713.02,
2006-02-02T14:30:00Z,1713.02,1713.02,1685.82,1688.42,
2006-02-02T18:30:00Z,1688.42,1692.45,1684.67,1685.77,
2006-02-03T14:30:00Z,1685.77,1685.77,1662.8,1673.92,
2006-02-03T18:30:00Z,1673.92,1676.18,1658.38,1664.53,
2006-02-06T14:30:00Z,1664.53,1667.48,1656.73,1660.03,
2006-02-06T18:30:00Z,1660.03,1661.16,1650.99,1657.54,
2006-02-07T14:30:00Z,1657.54,1663.99,1644.84,1648.64,
2006-02-07T18:30:00Z,1648.64,1653.18,1645.74,1651.84,
2006-02-08T14:30:00Z,1651.84,1670.75,1651.84,1664.77,
2006-02-08T18:30:00Z,1664.77,1672.44,1660.35,1670.47,
2006-02-09T14:30:00Z,1670.47,1681.92,1670.47,1673.33,
2006-02-09T18:30:00Z,1673.33,1675.08,1652.09,1654.08,
2006-02-10T14:30:00Z,1654.08,1655.15,1637.26,1645.99,
2006-02-10T18:30:00Z,1645.99,1668.72,1645.76,1663.75,
2006-02-13T14:30:00Z,1663.75,1663.75,1642.59,1644.03,
2006-02-13T18:30:00Z,1644.03,1646.82,1638.53,1645.83,
2006-02-14T14:30:00Z,1645.83,1659.25,1643.17,1657.28,
2006-02-14T18:30:00Z,1657.28,1666.91,1656.73,1661.95,
2006-02-15T14:30:00Z,1661.95,1676.14,1655.22,1664.88,
2006-02-15T18:30:00Z,1664.88,1674.27,1664.47,1673.15,
2006-02-16T14:30:00Z,1673.15,1688.09,1673.15,1683.28,
2006-02-16T18:30:00Z,1683.28,1688.61,1672.93,1688.61,
2006-02-17T14:30:00Z,1688.61,1688.61,1677.03,1682.08,
2006-02-17T18:30:00Z,1682.08,1684.21,1674.89,1675.21,
2006-02-21T14:30:00Z,1675.21,1676.93,1650.94,1653.23,
2006-02-21T18:30:00Z,1653.23,1660.59,1651.88,1655.68,
2006-02-22T14:30:00Z,1655.68,1684.15,1653.68,1682.37,
2006-02-22T18:30:00Z,1682.37,1682.42,1675.3,1677.52,
2006-02-23T14:30:00Z,1677.52,1687.59,1669.81,1686.94,
2006-02-23T18:30:00Z,1686.94,1687.13,1671.02,1672.29,
2006-02-24T14:30:00Z,1672.29,1677.61,1666.97,1674.67,
2006-02-24T18:30:00Z,1674.67,1678.15,1670.74,1676.5,
2006-02-27T14:30:00Z,1676.5,1700.33,1676.5,1696.76,
2006-02-27T18:30:00Z,1696.76,1701.1,1693.39,1695.66,
2006-02-28T14:30:00Z,1695.66,1695.66,1668.1,1677.23,
2006-02-28T18:30:00Z,1677.23,1679.75,1665.63,1670.57,
2006-03-01T14:30:00Z,1670.57,1692.98,1670.57,1690.48,
2006-03-01T18:30:00Z,1690.48,1697.25,1689.34,1694.58,
2006-03-02T14:30:00Z,1694.58,1699.72,1683.38,1687.63,
2006-03-02T18:30:00Z,1687.63,1695.01,1684.62,1693.78,
2006-03-03T14:30:00Z,1693.78,1703.48,1682.71,1703.48,
2006-03-03T18:30:00Z,1703.59,1706.41,1684.1,1684.32,
2006-03-06T14:30:00Z,1684.32,1691.11,1681.23,1682.09,
2006-03-06T18:30:00Z,1682.09,1682.09,1665.37,1669.94,
2006-03-07T14:30:00Z,1669.94,1669.94,1653.31,1657.06,
2006-03-07T18:30:00Z,1657.06,1663.17,1652.59,1661.02,
2006-03-08T14:30:00Z,1661.02,1664.73,1646.03,1656.69,
2006-03-08T18:30:00Z,1656.69,1668.06,1653.81,1660.35,
2006-03-09T14:30:00Z,1660.35,1671.84,1649.93,1651.7,
2006-03-09T18:30:00Z,1651.7,1657.5,1644.86,1645.09,
2006-03-10T14:30:00Z,1645.09,1657.31,1634.25,1653.3,
2006-03-10T18:30:00Z,1653.3,1655.19,1642.31,1648.23,
2006-03-13T14:30:00Z,1648.23,1663.73,1648.23,1653.77,
2006-03-13T18:30:00Z,1653.77,1657.11,1650.94,1653.79,
2006-03-14T14:30:00Z,1653.79,1676.59,1650.93,1674.74,
2006-03-14T18:30:00Z,1674.74,1682.93,1672.16,1681.15,
2006-03-15T14:30:00Z,1681.15,1690.05,1680.06,1683.68,
2006-03-15T18:30:00Z,1683.68,1694.9,1682.85,1694.46,
2006-03-16T14:30:00Z,1694.46,1703.11,1692.24,1695.71,
2006-03-16T18:30:00Z,1695.71,1697.04,1679.05,1679.05,
2006-03-17T14:30:00Z,1679.05,1690.96,1676.63,1685.19,
2006-03-17T18:30:00Z,1685.19,1686.62,1681.09,1685.66,
2006-03-20T14:30:00Z,1685.66,1695.04,1684.16,1692.94,
2006-03-20T18:30:00Z,1692.94,1692.94,1686.55,1688.98,
2006-03-21T14:30:00Z,1688.98,1707.69,1677.92,1700.23,
2006-03-21T18:30:00Z,1700.23,1701.82,1671.2,1672.47,
2006-03-22T14:30:00Z,1672.47,1676.47,1662.56,1675.72,
2006-03-22T18:30:00Z,1675.72,1678.73,1668.49,1676.32,
2006-03-23T14:30:00Z,1676.32,1676.32,1660.82,1670.38,
2006-03-23T18:30:00Z,1670.38,1671.76,1662.84,1670.73,
2006-03-24T14:30:00Z,1670.73,1687.56,1669.47,1670.63,
2006-03-24T18:30:00Z,1670.63,1680.11,1670.38,1679.81,
2006-03-27T14:30:00Z,1679.81,1687.54,1678.05,1683.4,
2006-03-27T18:30:00Z,1683.4,1685.06,1680.05,1680.63,
2006-03-28T14:30:00Z,1680.63,1694.6,1680.63,1689.99,
2006-03-28T18:30:00Z,1689.99,1691.14,1667.95,1673.03,
2006-03-29T14:30:00Z,1673.03,1705.51,1673.03,1702.98,
2006-03-29T18:30:00Z,1702.98,1710.5,1700.19,1703.84,
2006-03-30T14:30:00Z,1703.84,1720.2,1700.15,1703.32,
2006-03-30T18:30:00Z,1703.32,1711.19,1700.17,1708.68,
2006-03-31T14:30:00Z,1708.68,1715.62,1704.29,1706.54,
2006-03-31T18:30:00Z,1706.54,1709.46,1701.86,1703.66,
2006-04-03T13:30:00Z,1703.66,1723.06,1703.66,1718.54,
2006-04-03T17:30:00Z,1718.54,1720.75,1704.92,1706.77,
2006-04-04T13:30:00Z,1706.77,1720.32,1705.27,1714.17,
2006-04-04T17:30:00Z,1714.17,1720.43,1713.19,1716.55,
2006-04-05T13:30:00Z,1716.55,1731.65,1716.55,1730.09,
2006-04-05T17:30:00Z,1730.09,1735.13,1726.9,1732.74,
2006-04-06T13:30:00Z,1732.74,1737.67,1727.14,1737.03,
2006-04-06T17:30:00Z,1737.03,1745.68,1735.7,1739.2,
2006-04-07T13:30:00Z,1739.2,1750.23,1721.37,1729.54,
2006-04-07T17:30:00Z,1729.54,1729.72,1720.62,1723.03,
2006-04-10T13:30:00Z,1723.03,1727.82,1719.65,1721.24,
2006-04-10T17:30:00Z,1721.24,1721.24,1712.47,1718.86,
2006-04-11T13:30:00Z,1718.86,1725.66,1700.66,1706.25,
2006-04-11T17:30:00Z,1706.25,1707.01,1696.67,1704.4,
2006-04-12T13:30:00Z,1704.4,1710.92,1702.4,1706.24,
2006-04-12T17:30:00Z,1706.24,1706.92,1701.29,1704.75,
2006-04-13T13:30:00Z,1704.75,1721.05,1700.55,1715.74,
2006-04-13T17:30:00Z,1715.74,1718.2,1709.78,1712.07,
2006-04-17T13:30:00Z,1712.07,1716.72,1695.56,1696.88,
2006-04-17T17:30:00Z,1696.88,1697.57,1684.35,1694.32,
2006-04-18T13:30:00Z,1694.32,1723.65,1694.32,1721.17,
2006-04-18T17:30:00Z,1721.17,1730.33,1714.33,1726.64,
2006-04-19T13:30:00Z,1726.64,1733.94,1720.64,1725.24,
2006-04-19T17:30:00Z,1725.24,1734.1,1724.74,1734.04,
2006-04-20T13:30:00Z,1734.04,1741.35,1724.62,1730.91,
2006-04-20T17:30:00Z,1730.91,1731.44,1726.05,1728.9,
2006-04-21T13:30:00Z,1728.9,1737.2,1720.95,1723.78,
2006-04-21T17:30:00Z,1723.78,1724.28,1701.57,1709.02,
2006-04-24T13:30:00Z,1709.02,1709.78,1697.0,1705.95,
2006-04-24T17:30:00Z,1705.95,1711.04,1703.42,1706.44,
2006-04-25T13:30:00Z,1706.44,1711.35,1694.52,1696.81,
2006-04-25T17:30:00Z,1696.81,1704.46,1696.25,1701.47,
2006-04-26T13:30:00Z,1701.47,1710.0,1699.31,1703.08,
2006-04-26T17:30:00Z,1703.08,1705.39,1696.5,1702.2,
2006-04-27T13:30:00Z,1702.2,1727.79,1688.25,1722.67,
2006-04-27T17:30:00Z,1722.67,1726.92,1716.22,1717.14,
2006-04-28T13:30:00Z,1717.14,1717.49,1699.76,1705.28,
2006-04-28T17:30:00Z,1705.28,1706.5,1699.51,1700.71,
2006-05-01T13:30:00Z,1700.71,1709.44,1700.15,1703.74,
2006-05-01T17:30:00Z,1703.74,1704.69,1680.52,1686.61,
2006-05-02T13:30:00Z,1686.61,1697.18,1686.61,1692.17,
2006-05-02T17:30:00Z,1692.17,1694.69,1687.78,1689.93,
2006-05-03T13:30:00Z,1689.93,1693.52,1683.15,1686.87,
2006-05-03T17:30:00Z,1686.87,1688.83,1679.26,1686.3,
2006-05-04T13:30:00Z,1686.3,1707.36,1686.3,1702.17,
2006-05-04T17:30:00Z,1702.17,1705.62,1700.37,1701.03,
2006-05-05T13:30:00Z,1701.03,1716.19,1701.03,1708.24,
2006-05-05T17:30:00Z,1708.24,1714.6,1708.24,1713.84,
2006-05-08T13:30:00Z,1713.84,1718.77,1712.18,1717.28,
2006-05-08T17:30:00Z,1717.28,1717.84,1714.78,1715.23,
2006-05-09T13:30:00Z,1715.23,1715.73,1708.66,1710.76,
2006-05-09T17:30:00Z,1710.75,1711.66,1708.03,1711.17,
2006-05-10T13:30:00Z,1711.17,1711.17,1702.0,1702.45,
2006-05-10T17:30:00Z,1702.45,1702.68,1690.9,1694.82,
2006-05-11T13:30:00Z,1694.82,1694.82,1658.82,1661.09,
2006-05-11T17:30:00Z,1661.09,1664.89,1653.79,1657.48,
2006-05-12T13:30:00Z,1657.48,1657.48,1635.45,1639.82,
2006-05-12T17:30:00Z,1639.82,1646.77,1634.65,1635.81,
2006-05-15T13:30:00Z,1635.81,1640.1,1625.28,1627.93,
2006-05-15T17:30:00Z,1627.93,1636.13,1619.26,1634.78,
2006-05-16T13:30:00Z,1634.78,1637.7,1617.97,1630.4,
2006-05-16T17:30:00Z,1630.4,1633.1,1621.38,1623.69,
2006-05-17T13:30:00Z,1623.69,1623.69,1595.62,1602.24,
2006-05-17T17:30:00Z,1602.24,1608.15,1596.88,1598.91,
2006-05-18T13:30:00Z,1598.91,1612.53,1598.91,1605.78,
2006-05-18T17:30:00Z,1605.78,1607.24,1587.04,1587.11,
2006-05-19T13:30:00Z,1587.11,1601.54,1575.81,1600.25,
2006-05-19T17:30:00Z,1600.25,1604.48,1588.91,1600.86,
2006-05-22T13:30:00Z,1600.86,1600.86,1574.64,1581.11,
2006-05-22T17:30:00Z,1581.11,1594.15,1571.06,1584.57,
2006-05-23T13:30:00Z,1584.57,1601.75,1584.57,1597.43,
2006-05-23T17:30:00Z,1597.43,1599.72,1569.01,1569.01,
2006-05-24T13:30:00Z,1569.01,1586.62,1559.27,1559.27,
2006-05-24T17:30:00Z,1559.27,1584.34,1554.76,1580.18,
2006-05-25T13:30:00Z,1580.18,1593.97,1579.24,1589.28,
2006-05-25T17:30:00Z,1589.28,1600.22,1588.81,1599.68,
2006-05-26T13:30:00Z,1599.68,1606.46,1595.29,1602.31,
2006-05-26T17:30:00Z,1602.31,1606.45,1600.74,1606.37,
2006-05-30T13:30:00Z,1606.37,1606.37,1580.26,1581.25,
2006-05-30T17:30:00Z,1581.25,1584.32,1571.29,1571.29,
2006-05-31T13:30:00Z,1571.29,1587.78,1571.29,1581.15,
2006-05-31T17:30:00Z,1581.15,1583.59,1568.22,1579.58,
2006-06-01T13:30:00Z,1579.58,1599.91,1579.58,1598.44,
2006-06-01T17:30:00Z,1598.44,1616.57,1597.59,1616.57,
2006-06-02T13:30:00Z,1616.57,1626.29,1599.17,1609.31,
2006-06-02T17:30:00Z,1609.31,1613.58,1604.64,1612.9,
2006-06-05T13:30:00Z,1612.9,1612.9,1596.92,1597.5,
2006-06-05T17:30:00Z,1597.5,1598.72,1577.49,1577.5,
2006-06-06T13:30:00Z,1577.5,1583.9,1560.23,1573.69,
2006-06-06T17:30:00Z,1573.69,1576.0,1564.05,1575.39,
2006-06-07T13:30:00Z,1575.39,1592.37,1571.9,1585.03,
2006-06-07T17:30:00Z,1585.03,1585.18,1563.95,1565.22,
2006-06-08T13:30:00Z,1565.22,1565.22,1525.78,1535.94,
2006-06-08T17:30:00Z,1535.94,1566.59,1535.21,1561.55,
2006-06-09T13:30:00Z,1561.55,1575.12,1550.14,1552.26,
2006-06-09T17:30:00Z,1552.18,1563.36,1550.55,1550.97,
2006-06-12T13:30:00Z,1550.97,1555.09,1537.27,1540.39,
2006-06-12T17:30:00Z,1540.73,1541.28,1520.29,1520.31,
2006-06-13T13:30:00Z,1520.31,1536.5,1517.2,1521.82,
2006-06-13T17:30:00Z,1521.82,1528.39,1511.53,1516.85,
2006-06-14T13:30:00Z,1516.85,1531.59,1516.81,1518.3,
2006-06-14T17:30:00Z,1518.58,1531.18,1512.98,1530.26,
2006-06-15T13:30:00Z,1530.26,1555.95,1530.26,1549.41,
2006-06-15T17:30:00Z,1549.41,1576.79,1546.66,1573.08,
2006-06-16T13:30:00Z,1573.08,1573.08,1554.83,1561.99,
2006-06-16T17:30:00Z,1561.99,1569.3,1559.48,1562.84,
2006-06-19T13:30:00Z,1562.84,1568.89,1550.05,1552.22,
2006-06-19T17:30:00Z,1552.22,1555.46,1543.85,1548.94,
2006-06-20T13:30:00Z,1548.94,1565.17,1544.3,1554.51,
2006-06-20T17:30:00Z,1554.51,1555.85,1546.68,1548.32,
2006-06-21T13:30:00Z,1548.32,1580.94,1548.32,1577.74,
2006-06-21T17:30:00Z,1577.74,1585.88,1572.4,1573.56,
2006-06-22T13:30:00Z,1573.56,1573.67,1549.91,1554.46,
2006-06-22T17:30:00Z,1554.55,1557.37,1546.12,1554.49,
2006-06-23T13:30:00Z,1554.49,1566.9,1544.11,1562.07,
2006-06-23T17:30:00Z,1562.07,1566.58,1551.05,1551.05,
2006-06-26T13:30:00Z,1551.05,1561.47,1549.13,1553.31,
2006-06-26T17:30:00Z,1553.31,1557.61,1551.38,1556.17,
2006-06-27T13:30:00Z,1556.17,1559.19,1530.87,1534.87,
2006-06-27T17:30:00Z,1534.87,1536.61,1525.89,1527.0,
2006-06-28T13:30:00Z,1527.0,1532.15,1520.93,1526.95,
2006-06-28T17:30:00Z,1526.95,1538.65,1525.58,1538.25,
2006-06-29T13:30:00Z,1538.25,1554.5,1538.25,1544.94,
2006-06-29T17:30:00Z,1544.94,1585.56,1544.94,1585.56,
2006-06-30T13:30:00Z,1585.56,1590.83,1574.38,1578.19,
2006-06-30T17:30:00Z,1578.19,1583.63,1574.77,1575.23,
2006-07-03T13:30:00Z,1575.23,1586.44,1575.23,1586.25,
2006-07-03T17:30:00Z,1586.25,1586.25,1586.25,1586.25,
2006-07-05T13:30:00Z,1586.25,1586.25,1550.58,1556.9,
2006-07-05T17:30:00Z,1556.9,1561.04,1553.5,1553.95,
2006-07-06T13:30:00Z,1553.95,1564.96,1551.79,1554.45,
2006-07-06T17:30:00Z,1554.45,1557.62,1547.28,1551.55,
2006-07-07T13:30:00Z,1551.55,1553.09,1535.12,1543.32,
2006-07-07T17:30:00Z,1543.32,1545.7,1529.4,1533.71,
2006-07-10T13:30:00Z,1533.71,1543.12,1524.69,1525.73,
2006-07-10T17:30:00Z,1525.73,1525.73,1513.47,1520.9,
2006-07-11T13:30:00Z,1520.9,1520.9,1508.91,1511.32,
2006-07-11T17:30:00Z,1511.32,1534.97,1510.21,1533.06,
2006-07-12T13:30:00Z,1533.06,1533.06,1501.94,1503.24,
2006-07-12T17:30:00Z,1503.24,1507.24,1499.77,1501.46,
2006-07-13T13:30:00Z,1501.46,1506.53,1480.12,1492.13,
2006-07-13T17:30:00Z,1492.13,1492.13,1478.13,1478.16,
2006-07-14T13:30:00Z,1478.16,1480.31,1456.38,1466.03,
2006-07-14T17:30:00Z,1466.03,1469.23,1458.0,1462.17,
2006-07-17T13:30:00Z,1462.17,1475.21,1459.9,1470.83,
2006-07-17T17:30:00Z,1470.83,1472.74,1463.55,1468.5,
2006-07-18T13:30:00Z,1468.5,1477.8,1449.93,1453.09,
2006-07-18T17:30:00Z,1453.09,1473.41,1446.77,1472.34,
2006-07-19T13:30:00Z,1472.34,1495.37,1467.3,1494.33,
2006-07-19T17:30:00Z,1494.33,1498.32,1488.69,1490.6,
2006-07-20T13:30:00Z,1490.6,1497.14,1477.41,1480.74,
2006-07-20T17:30:00Z,1480.81,1481.2,1466.27,1466.89,
2006-07-21T13:30:00Z,1466.89,1466.89,1450.24,1452.21,
2006-07-21T17:30:00Z,1452.21,1458.74,1450.7,1451.88,
2006-07-24T13:30:00Z,1459.39,1479.25,1457.11,1468.03,
2006-07-24T17:30:00Z,1468.01,1482.34,1467.06,1482.34,
2006-07-25T13:30:00Z,1482.34,1494.14,1475.57,1480.66,
2006-07-25T17:30:00Z,1480.66,1493.82,1475.12,1489.52,
2006-07-26T13:30:00Z,1489.52,1490.11,1474.67,1487.68,
2006-07-26T17:30:00Z,1487.68,1499.43,1486.83,1487.88,
2006-07-27T13:30:00Z,1487.88,1506.75,1487.88,1489.63,
2006-07-27T17:30:00Z,1489.63,1489.74,1475.91,1478.53,
2006-07-28T13:30:00Z,1478.53,1509.43,1478.53,1505.29,
2006-07-28T17:30:00Z,1505.29,1511.0,1500.42,1510.3,
2006-07-31T13:30:00Z,1510.3,1517.86,1501.78,1506.96,
2006-07-31T17:30:00Z,1506.96,1513.83,1506.71,1509.43,
2006-08-01T13:30:00Z,1509.43,1509.43,1479.34,1480.18,
2006-08-01T17:30:00Z,1480.18,1487.1,1476.06,1484.94,
2006-08-02T13:30:00Z,1484.94,1510.51,1484.94,1506.96,
2006-08-02T17:30:00Z,1506.98,1510.19,1497.49,1500.48,
2006-08-03T13:30:00Z,1500.48,1513.98,1484.6,1512.2,
2006-08-03T17:30:00Z,1512.2,1518.41,1508.62,1510.6,
2006-08-04T13:30:00Z,1522.65,1530.04,1494.73,1499.15,
2006-08-04T17:30:00Z,1499.15,1503.84,1490.16,1503.84,
2006-08-07T13:30:00Z,1503.84,1503.84,1491.15,1499.1,
2006-08-07T17:30:00Z,1499.1,1501.07,1487.19,1494.13,
2006-08-08T13:30:00Z,1494.13,1500.76,1491.56,1495.31,
2006-08-08T17:30:00Z,1495.31,1499.8,1476.48,1484.8,
2006-08-09T13:30:00Z,1484.8,1517.9,1484.8,1503.56,
2006-08-09T17:30:00Z,1503.56,1505.67,1482.49,1485.64,
2006-08-10T13:30:00Z,1485.64,1494.93,1478.2,1489.87,
2006-08-10T17:30:00Z,1489.87,1499.93,1489.55,1496.28,
2006-08-11T13:30:00Z,1496.28,1496.28,1479.69,1480.48,
2006-08-11T17:30:00Z,1480.48,1486.74,1480.45,1486.74,
2006-08-14T13:30:00Z,1486.74,1515.68,1486.74,1509.36,
2006-08-14T17:30:00Z,1509.36,1511.85,1493.74,1494.33,
2006-08-15T13:30:00Z,1494.33,1526.45,1494.33,1521.41,
2006-08-15T17:30:00Z,1521.41,1534.78,1520.92,1534.43,
2006-08-16T13:30:00Z,1534.43,1557.42,1534.43,1551.87,
2006-08-16T17:30:00Z,1551.87,1570.06,1550.5,1570.06,
2006-08-17T13:30:00Z,1570.06,1584.72,1562.62,1582.74,
2006-08-17T17:30:00Z,1582.74,1582.74,1565.89,1573.59,
2006-08-18T13:30:00Z,1573.59,1573.59,1557.89,1568.76,
2006-08-18T17:30:00Z,1568.76,1578.35,1568.08,1576.46,
2006-08-21T13:30:00Z,1576.46,1576.46,1556.28,1560.73,
2006-08-21T17:30:00Z,1560.73,1567.5,1559.52,1561.12,
2006-08-22T13:30:00Z,1561.12,1577.54,1560.07,1562.72,
2006-08-22T17:30:00Z,1562.72,1566.09,1555.98,1563.43,
2006-08-23T13:30:00Z,1563.43,1571.48,1548.79,1552.74,
2006-08-23T17:30:00Z,1552.74,1552.8,1543.86,1550.41,
2006-08-24T13:30:00Z,1550.41,1558.94,1542.57,1548.49,
2006-08-24T17:30:00Z,1548.49,1555.25,1547.08,1555.19,
2006-08-25T13:30:00Z,1555.19,1570.34,1548.01,1557.95,
2006-08-25T17:30:00Z,1557.95,1562.6,1557.51,1557.7,
2006-08-28T13:30:00Z,1557.7,1574.05,1556.52,1570.17,
2006-08-28T17:30:00Z,1570.17,1574.45,1566.52,1570.29,
2006-08-29T13:30:00Z,1570.29,1570.56,1552.4,1556.75,
2006-08-29T17:30:00Z,1556.75,1575.45,1553.06,1573.65,
2006-08-30T13:30:00Z,1573.65,1581.54,1570.15,1578.94,
2006-08-30T17:30:00Z,1578.94,1583.77,1575.51,1581.95,
2006-08-31T13:30:00Z,1581.95,1586.6,1576.33,1579.1,
2006-08-31T17:30:00Z,1579.1,1584.59,1577.81,1579.73,
2006-09-01T13:30:00Z,1579.73,1593.66,1579.73,1591.41,
2006-09-01T17:30:00Z,1591.41,1592.08,1587.55,1589.47,
2006-09-05T13:30:00Z,1589.47,1602.82,1580.21,1598.92,
2006-09-05T17:30:00Z,1598.92,1605.02,1594.6,1603.69,
2006-09-06T13:30:00Z,1603.69,1603.69,1580.7,1585.91,
2006-09-06T17:30:00Z,1585.91,1586.53,1570.42,1572.2,
2006-09-07T13:30:00Z,1572.2,1578.82,1560.05,1572.27,
2006-09-07T17:30:00Z,1572.27,1581.44,1564.6,1564.84,
2006-09-08T13:30:00Z,1564.84,1574.11,1564.55,1573.12,
2006-09-08T17:30:00Z,1573.12,1578.12,1571.6,1574.71,
2006-09-11T13:30:00Z,1574.71,1589.0,1558.17,1588.54,
2006-09-11T17:30:00Z,1588.54,1591.12,1579.22,1583.78,
2006-09-12T13:30:00Z,1583.78,1600.8,1583.78,1596.16,
2006-09-12T17:30:00Z,1596.16,1617.55,1595.76,1615.75,
2006-09-13T13:30:00Z,1615.75,1625.55,1611.98,1618.47,
2006-09-13T17:30:00Z,1618.47,1625.51,1618.36,1623.99,
2006-09-14T13:30:00Z,1623.99,1628.87,1617.97,1625.02,
2006-09-14T17:30:00Z,1625.02,1629.27,1622.36,1625.98,
2006-09-15T13:30:00Z,1625.98,1645.6,1625.98,1630.6,
2006-09-15T17:30:00Z,1630.6,1637.53,1630.2,1632.44,
2006-09-18T13:30:00Z,1632.44,1643.53,1629.48,1641.97,
2006-09-18T17:30:00Z,1641.97,1642.03,1625.8,1632.17,
2006-09-19T13:30:00Z,1632.17,1636.22,1608.51,1610.67,
2006-09-19T17:30:00Z,1610.67,1621.85,1609.36,1621.07,
2006-09-20T13:30:00Z,1621.07,1648.9,1621.07,1643.75,
2006-09-20T17:30:00Z,1643.75,1648.85,1636.82,1645.35,
2006-09-21T13:30:00Z,1645.35,1654.4,1635.78,1637.93,
2006-09-21T17:30:00Z,1637.93,1642.44,1631.29,1634.87,
2006-09-22T13:30:00Z,1634.87,1634.87,1615.98,1621.31,
2006-09-22T17:30:00Z,1621.31,1625.85,1617.45,1622.37,
2006-09-25T13:30:00Z,1622.37,1648.07,1615.14,1641.62,
2006-09-25T17:30:00Z,1641.62,1653.86,1638.69,1650.37,
2006-09-26T13:30:00Z,1650.37,1659.6,1644.3,1652.13,
2006-09-26T17:30:00Z,1652.13,1659.51,1650.24,1659.2,
2006-09-27T13:30:00Z,1659.2,1665.37,1654.02,1658.83,
2006-09-27T17:30:00Z,1658.83,1659.73,1648.14,1655.67,
2006-09-28T13:30:00Z,1655.67,1662.97,1645.2,1656.17,
2006-09-28T17:30:00Z,1656.17,1661.59,1653.45,1661.59,
2006-09-29T13:30:00Z,1661.59,1665.31,1655.0,1660.31,
2006-09-29T17:30:00Z,1660.31,1661.88,1653.74,1654.13,
2006-10-02T13:30:00Z,1654.13,1655.67,1646.31,1649.2,
2006-10-02T17:30:00Z,1649.2,1649.37,1631.36,1632.81,
2006-10-03T13:30:00Z,1632.81,1646.74,1623.07,1640.82,
2006-10-03T17:30:00Z,1640.82,1645.7,1638.34,1640.29,
2006-10-04T13:30:00Z,1640.29,1663.75,1634.23,1662.04,
2006-10-04T17:30:00Z,1662.55,1681.14,1660.94,1681.14,
2006-10-05T13:30:00Z,1681.14,1687.68,1676.08,1686.71,
2006-10-05T17:30:00Z,1686.71,1690.41,1682.39,1689.43,
2006-10-06T13:30:00Z,1689.43,1689.43,1678.55,1683.59,
2006-10-06T17:30:00Z,1683.59,1690.8,1681.99,1684.88,
2006-10-09T13:30:00Z,1684.88,1697.37,1681.64,1696.91,
2006-10-09T17:30:00Z,1696.91,1698.38,1689.7,1691.08,
2006-10-10T13:30:00Z,1691.08,1698.26,1686.14,1687.19,
2006-10-10T17:30:00Z,1687.19,1693.29,1681.44,1693.29,
2006-10-11T13:30:00Z,1693.29,1701.58,1683.91,1698.68,
2006-10-11T17:30:00Z,1698.68,1698.79,1675.98,1691.28,
2006-10-12T13:30:00Z,1691.28,1703.89,1691.28,1700.75,
2006-10-12T17:30:00Z,1700.75,1718.72,1700.41,1718.54,
2006-10-13T13:30:00Z,1718.54,1727.87,1714.58,1727.54,
2006-10-13T17:30:00Z,1727.54,1729.26,1722.17,1727.21,
2006-10-16T13:30:00Z,1727.21,1732.15,1725.7,1729.88,
2006-10-16T17:30:00Z,1729.88,1733.73,1727.48,1727.61,
2006-10-17T13:30:00Z,1727.61,1727.61,1699.88,1706.3,
2006-10-17T17:30:00Z,1706.3,1716.33,1706.3,1709.61,
2006-10-18T13:30:00Z,1709.61,1721.43,1696.64,1696.64,
2006-10-18T17:30:00Z,1696.64,1705.83,1695.37,1700.75,
2006-10-19T13:30:00Z,1700.75,1713.43,1693.19,1700.81,
2006-10-19T17:30:00Z,1700.81,1706.43,1697.92,1706.37,
2006-10-20T13:30:00Z,1706.37,1713.08,1695.21,1707.63,
2006-10-20T17:30:00Z,1707.63,1709.58,1702.93,1709.58,
2006-10-23T13:30:00Z,1709.58,1732.52,1702.58,1728.82,
2006-10-23T17:30:00Z,1728.82,1729.31,1719.45,1725.93,
2006-10-24T13:30:00Z,1725.93,1726.78,1706.22,1710.31,
2006-10-24T17:30:00Z,1710.31,1717.87,1709.8,1713.88,
2006-10-25T13:30:00Z,1713.88,1729.9,1713.88,1721.15,
2006-10-25T17:30:00Z,1721.15,1728.46,1711.68,1726.76,
2006-10-26T13:30:00Z,1726.76,1735.14,1718.53,1733.76,
2006-10-26T17:30:00Z,1733.76,1745.79,1733.58,1744.07,
2006-10-27T13:30:00Z,1744.07,1744.07,1733.48,1734.93,
2006-10-27T17:30:00Z,1734.93,1734.93,1712.76,1717.61,
2006-10-30T14:30:00Z,1717.61,1728.77,1711.85,1726.32,
2006-10-30T18:30:00Z,1726.32,1735.02,1725.93,1727.8,
2006-10-31T14:30:00Z,1727.8,1739.33,1722.15,1723.89,
2006-10-31T18:30:00Z,1723.89,1736.24,1722.95,1732.54,
2006-11-01T14:30:00Z,1732.54,1739.79,1719.71,1724.67,
2006-11-01T18:30:00Z,1724.67,1725.63,1702.18,1707.65,
2006-11-02T14:30:00Z,1707.65,1714.37,1698.6,1708.6,
2006-11-02T18:30:00Z,1708.6,1710.95,1706.9,1710.17,
2006-11-03T14:30:00Z,1714.27,1716.65,1693.19,1700.01,
2006-11-03T18:30:00Z,1700.01,1705.88,1698.11,1703.98,
2006-11-06T14:30:00Z,1703.98,1734.86,1703.98,1733.19,
2006-11-06T18:30:00Z,1733.19,1736.54,1730.43,1732.26,
2006-11-07T14:30:00Z,1732.26,1752.95,1728.27,1747.91,
2006-11-07T18:30:00Z,1747.93,1749.98,1737.71,1741.53,
2006-11-08T14:30:00Z,1741.53,1745.07,1728.35,1739.83,
2006-11-08T18:30:00Z,1739.83,1757.18,1739.83,1749.75,
2006-11-09T14:30:00Z,1749.75,1762.95,1749.75,1750.47,
2006-11-09T18:30:00Z,1750.47,1752.88,1736.66,1740.14,
2006-11-10T14:30:00Z,1740.14,1747.07,1736.39,1743.68,
2006-11-10T18:30:00Z,1743.68,1751.11,1741.05,1751.11,
2006-11-13T14:30:00Z,1751.11,1770.54,1749.52,1763.61,
2006-11-13T18:30:00Z,1763.61,1768.19,1760.29,1768.0,
2006-11-14T14:30:00Z,1768.0,1773.92,1759.24,1772.84,
2006-11-14T18:30:00Z,1772.84,1787.88,1769.49,1787.23,
2006-11-15T14:30:00Z,1787.23,1800.65,1786.71,1799.21,
2006-11-15T18:30:00Z,1799.21,1804.88,1793.67,1793.82,
2006-11-16T14:30:00Z,1793.82,1800.71,1790.96,1800.1,
2006-11-16T18:30:00Z,1800.1,1806.0,1798.78,1801.97,
2006-11-17T14:30:00Z,1801.97,1801.97,1788.05,1797.12,
2006-11-17T18:30:00Z,1797.12,1800.9,1794.15,1800.67,
2006-11-20T14:30:00Z,1796.67,1806.13,1791.12,1804.78,
2006-11-20T18:30:00Z,1804.78,1808.71,1795.18,1803.81,
2006-11-21T14:30:00Z,1803.81,1809.47,1800.3,1806.59,
2006-11-21T18:30:00Z,1806.59,1809.8,1804.44,1808.88,
2006-11-22T14:30:00Z,1815.62,1817.06,1800.72,1813.9,
2006-11-22T18:30:00Z,1813.9,1820.2,1813.57,1819.76,
2006-11-24T14:30:00Z,1819.76,1824.21,1805.39,1815.53,
2006-11-24T18:30:00Z,1815.53,1815.53,1815.53,1815.53,
2006-11-27T14:30:00Z,1815.53,1815.53,1775.62,1781.73,
2006-11-27T18:30:00Z,1782.76,1783.11,1775.17,1775.17,
2006-11-28T14:30:00Z,1775.17,1780.29,1763.62,1771.02,
2006-11-28T18:30:00Z,1771.02,1782.65,1769.88,1780.34,
2006-11-29T14:30:00Z,1780.34,1796.5,1779.99,1780.66,
2006-11-29T18:30:00Z,1780.66,1795.2,1776.1,1792.77,
2006-11-30T14:30:00Z,1792.77,1798.88,1781.49,1798.88,
2006-11-30T18:30:00Z,1798.88,1800.47,1790.84,1791.25,
2006-12-01T14:30:00Z,1791.25,1793.31,1763.25,1768.81,
2006-12-01T18:30:00Z,1768.81,1775.12,1760.01,1775.12,
2006-12-04T14:30:00Z,1775.12,1804.29,1775.12,1801.62,
2006-12-04T18:30:00Z,1801.62,1808.12,1798.67,1799.93,
2006-12-05T14:30:00Z,1799.93,1810.82,1798.19,1804.16,
2006-12-05T18:30:00Z,1804.16,1808.06,1802.86,1804.85,
2006-12-06T14:30:00Z,1804.85,1804.88,1792.4,1802.47,
2006-12-06T18:30:00Z,1802.47,1803.96,1795.16,1799.13,
2006-12-07T14:30:00Z,1799.13,1808.2,1785.08,1795.46,
2006-12-07T18:30:00Z,1795.46,1796.09,1777.2,1777.46,
2006-12-08T14:30:00Z,1777.46,1798.66,1767.83,1791.72,
2006-12-08T18:30:00Z,1791.72,1793.7,1783.26,1786.21,
2006-12-11T14:30:00Z,1786.21,1803.38,1779.65,1798.51,
2006-12-11T18:30:00Z,1798.51,1798.95,1791.6,1791.74,
2006-12-12T14:30:00Z,1791.74,1794.05,1771.3,1775.91,
2006-12-12T18:30:00Z,1775.91,1785.14,1773.96,1781.97,
2006-12-13T14:30:00Z,1781.97,1792.02,1774.05,1779.46,
2006-12-13T18:30:00Z,1779.46,1784.5,1774.44,1783.44,
2006-12-14T14:30:00Z,1783.44,1811.08,1783.44,1806.71,
2006-12-14T18:30:00Z,1806.71,1809.83,1802.87,1803.41,
2006-12-15T14:30:00Z,1803.41,1820.64,1803.41,1808.89,
2006-12-15T18:30:00Z,1808.89,1811.48,1805.45,1808.56,
2006-12-18T14:30:00Z,1812.93,1820.94,1800.28,1802.34,
2006-12-18T18:30:00Z,1802.37,1805.97,1783.24,1790.99,
2006-12-19T14:30:00Z,1790.99,1790.99,1766.35,1772.42,
2006-12-19T18:30:00Z,1772.42,1792.78,1772.42,1785.12,
2006-12-20T14:30:00Z,1785.12,1795.41,1781.01,1782.22,
2006-12-20T18:30:00Z,1782.22,1784.53,1777.92,1777.92,
2006-12-21T14:30:00Z,1777.92,1781.51,1762.01,1767.31,
2006-12-21T18:30:00Z,1767.51,1769.85,1759.08,1766.28,
2006-12-22T14:30:00Z,1766.28,1766.28,1748.63,1750.64,
2006-12-22T18:30:00Z,1750.64,1756.43,1748.61,1748.61,
2006-12-26T14:30:00Z,1748.61,1754.7,1746.07,1750.77,
2006-12-26T18:30:00Z,1750.77,1754.33,1749.85,1753.55,
2006-12-27T14:30:00Z,1753.55,1764.58,1753.55,1763.62,
2006-12-27T18:30:00Z,1763.62,1766.15,1761.84,1763.41,
2006-12-28T14:30:00Z,1763.41,1763.41,1752.64,1757.29,
2006-12-28T18:30:00Z,1757.29,1765.06,1757.16,1758.94,
2006-12-29T14:30:00Z,1758.94,1774.64,1758.6,1765.19,
2006-12-29T18:30:00Z,1765.19,1765.71,1755.04,1756.9,
2007-01-03T14:30:00Z,1756.9,1793.05,1756.9,1780.7,
2007-01-03T18:30:00Z,1780.7,1780.7,1731.71,1759.37,
2007-01-04T14:30:00Z,1759.37,1785.25,1757.0,1779.0,
2007-01-04T18:30:00Z,1779.0,1799.07,1777.17,1792.91,
2007-01-05T14:30:00Z,1792.91,1792.91,1770.29,1783.4,
2007-01-05T18:30:00Z,1783.4,1786.87,1777.49,1785.3,
2007-01-08T14:30:00Z,1785.3,1793.04,1776.99,1786.7,
2007-01-08T18:30:00Z,1786.7,1795.45,1786.7,1787.14,
2007-01-09T14:30:00Z,1787.14,1798.97,1776.73,1787.99,
2007-01-09T18:30:00Z,1787.99,1802.44,1787.99,1795.63,
2007-01-10T14:30:00Z,1795.63,1807.68,1784.95,1807.56,
2007-01-10T18:30:00Z,1807.56,1817.22,1805.48,1816.15,
2007-01-11T14:30:00Z,1816.15,1840.88,1816.15,1834.24,
2007-01-11T18:30:00Z,1834.24,1839.55,1828.69,1834.86,
2007-01-12T14:30:00Z,1834.86,1845.68,1830.34,1841.66,
2007-01-12T18:30:00Z,1841.66,1844.81,1839.38,1844.81,
2007-01-16T14:30:00Z,1844.81,1847.54,1836.83,1840.31,
2007-01-16T18:30:00Z,1840.31,1844.75,1837.2,1842.44,
2007-01-17T14:30:00Z,1842.44,1843.07,1834.14,1836.64,
2007-01-17T18:30:00Z,1836.64,1839.66,1824.74,1827.68,
2007-01-18T14:30:00Z,1827.68,1827.68,1799.57,1801.45,
2007-01-18T18:30:00Z,1801.45,1803.77,1789.39,1793.68,
2007-01-19T14:30:00Z,1793.68,1802.22,1787.82,1796.56,
2007-01-19T18:30:00Z,1796.56,1801.14,1793.94,1796.81,
2007-01-22T14:30:00Z,1800.33,1800.53,1771.24,1778.43,
2007-01-22T18:30:00Z,1778.43,1782.27,1774.71,1779.02,
2007-01-23T14:30:00Z,1777.07,1790.07,1775.7,1788.81,
2007-01-23T18:30:00Z,1788.81,1788.81,1771.44,1773.4,
2007-01-24T14:30:00Z,1785.42,1803.46,1781.82,1798.56,
2007-01-24T18:30:00Z,1798.56,1803.33,1797.59,1802.63,
2007-01-25T14:30:00Z,1806.75,1810.24,1787.34,1792.14,
2007-01-25T18:30:00Z,1792.14,1792.14,1774.58,1777.75,
2007-01-26T14:30:00Z,1783.74,1783.74,1763.77,1770.43,
2007-01-26T18:30:00Z,1770.43,1780.96,1770.43,1772.97,
2007-01-29T14:30:00Z,1771.05,1786.97,1767.09,1781.39,
2007-01-29T18:30:00Z,1781.39,1782.56,1767.39,1775.08,
2007-01-30T14:30:00Z,1778.74,1782.21,1772.03,1774.24,
2007-01-30T18:30:00Z,1774.24,1778.66,1773.55,1777.76,
2007-01-31T14:30:00Z,1774.82,1785.22,1764.63,1778.54,
2007-01-31T18:30:00Z,1778.54,1798.16,1775.59,1792.28,
2007-02-01T14:30:00Z,1801.6,1806.73,1785.54,1788.92,
2007-02-01T18:30:00Z,1788.92,1796.56,1786.8,1791.45,
2007-02-02T14:30:00Z,1795.67,1800.39,1788.97,1798.22,
2007-02-02T18:30:00Z,1798.22,1799.58,1791.76,1798.13,
2007-02-05T14:30:00Z,1796.48,1803.69,1789.72,1796.77,
2007-02-05T18:30:00Z,1796.77,1801.02,1795.34,1795.39,
2007-02-06T14:30:00Z,1799.33,1800.05,1776.51,1783.71,
2007-02-06T18:30:00Z,1783.71,1795.33,1783.46,1793.06,
2007-02-07T14:30:00Z,1803.23,1816.77,1796.18,1814.35,
2007-02-07T18:30:00Z,1814.35,1815.02,1802.1,1810.95,
2007-02-08T14:30:00Z,1807.41,1813.6,1800.63,1809.85,
2007-02-08T18:30:00Z,1809.85,1814.48,1807.89,1810.54,
2007-02-09T14:30:00Z,1815.29,1819.3,1789.89,1793.58,
2007-02-09T18:30:00Z,1793.58,1793.58,1780.44,1785.53,
2007-02-12T14:30:00Z,1787.11,1787.11,1776.35,1780.46,
2007-02-12T18:30:00Z,1780.46,1780.51,1774.25,1778.42,
2007-02-13T14:30:00Z,1782.16,1789.98,1779.55,1783.52,
2007-02-13T18:30:00Z,1783.47,1784.64,1778.66,1783.82,
2007-02-14T14:30:00Z,1792.74,1814.79,1792.29,1811.8,
2007-02-14T18:30:00Z,1811.8,1818.55,1811.74,1814.98,
2007-02-15T14:30:00Z,1815.49,1823.96,1813.07,1818.44,
2007-02-15T18:30:00Z,1818.47,1824.09,1817.72,1823.41,
2007-02-16T14:30:00Z,1818.56,1821.48,1813.9,1818.25,
2007-02-16T18:30:00Z,1818.25,1823.37,1818.06,1821.49,
2007-02-20T14:30:00Z,1817.84,1834.04,1808.11,1828.09,
2007-02-20T18:30:00Z,1828.09,1835.31,1827.52,1833.71,
2007-02-21T14:30:00Z,1827.03,1837.38,1824.53,1837.08,
2007-02-21T18:30:00Z,1837.08,1839.13,1829.64,1839.13,
2007-02-22T14:30:00Z,1845.47,1851.47,1832.6,1840.49,
2007-02-22T18:30:00Z,1840.43,1846.34,1835.57,1846.34,
2007-02-23T14:30:00Z,1845.41,1846.77,1832.4,1839.5,
2007-02-23T18:30:00Z,1839.5,1844.05,1838.88,1839.77,
2007-02-26T14:30:00Z,1848.48,1849.09,1819.76,1823.42,
2007-02-26T18:30:00Z,1823.42,1830.92,1822.63,1830.59,
2007-02-27T14:30:00Z,1801.87,1808.08,1784.81,1785.28,
2007-02-27T18:30:00Z,1785.28,1786.2,1750.74,1756.27,
2007-02-28T14:30:00Z,1754.36,1777.57,1746.3,1770.0,
2007-02-28T18:30:00Z,1770.0,1770.59,1760.55,1761.65,
2007-03-01T14:30:00Z,1729.3,1764.57,1718.33,1757.84,
2007-03-01T18:30:00Z,1757.84,1768.96,1751.92,1753.45,
2007-03-02T14:30:00Z,1740.87,1752.86,1730.58,1730.63,
2007-03-02T18:30:00Z,1730.63,1740.2,1726.03,1726.03,
2007-03-05T14:30:00Z,1711.47,1739.05,1710.97,1720.5,
2007-03-05T18:30:00Z,1720.5,1731.96,1712.43,1712.94,
2007-03-06T14:30:00Z,1730.39,1738.11,1727.12,1737.42,
2007-03-06T18:30:00Z,1737.42,1747.21,1736.47,1743.1,
2007-03-07T14:30:00Z,1740.79,1746.07,1733.82,1743.1,
2007-03-07T18:30:00Z,1743.1,1746.86,1734.33,1736.1,
2007-03-08T14:30:00Z,1753.6,1757.52,1748.89,1755.78,
2007-03-08T18:30:00Z,1755.78,1757.13,1741.47,1746.43,
2007-03-09T14:30:00Z,1759.54,1760.96,1742.96,1746.4,
2007-03-09T18:30:00Z,1746.4,1748.03,1734.35,1744.74,
2007-03-12T13:30:00Z,1742.98,1752.47,1742.05,1749.97,
2007-03-12T17:30:00Z,1749.97,1758.49,1748.88,1756.42,
2007-03-13T13:30:00Z,1747.32,1756.22,1732.27,1736.84,
2007-03-13T17:30:00Z,1736.8,1737.51,1722.48,1722.48,
2007-03-14T13:30:00Z,1724.65,1732.86,1711.28,1727.16,
2007-03-14T17:30:00Z,1727.56,1743.15,1722.07,1743.15,
2007-03-15T13:30:00Z,1743.48,1749.58,1740.3,1743.06,
2007-03-15T17:30:00Z,1743.08,1746.49,1737.04,1744.87,
2007-03-16T13:30:00Z,1743.58,1750.39,1733.58,1742.85,
2007-03-16T17:30:00Z,1743.05,1744.95,1736.52,1742.23,
2007-03-19T13:30:00Z,1752.19,1764.37,1747.05,1756.02,
2007-03-19T17:30:00Z,1756.18,1760.22,1752.19,1758.23,
2007-03-20T13:30:00Z,1759.49,1772.74,1757.94,1767.93,
2007-03-20T17:30:00Z,1767.91,1770.25,1761.94,1767.25,
2007-03-21T13:30:00Z,1774.51,1775.16,1763.54,1771.13,
2007-03-21T17:30:00Z,1771.14,1806.35,1768.33,1806.35,
2007-03-22T13:30:00Z,1806.76,1807.43,1793.38,1798.22,
2007-03-22T17:30:00Z,1798.13,1802.76,1794.43,1799.75,
2007-03-23T13:30:00Z,1800.18,1804.63,1795.38,1796.43,
2007-03-23T17:30:00Z,1796.47,1799.04,1792.74,1794.04,
2007-03-26T13:30:00Z,1796.01,1798.81,1774.96,1786.69,
2007-03-26T17:30:00Z,1786.68,1802.95,1786.68,1802.95,
2007-03-27T13:30:00Z,1798.14,1798.89,1787.98,1794.44,
2007-03-27T17:30:00Z,1794.5,1795.33,1788.99,1789.93,
2007-03-28T13:30:00Z,1781.66,1789.65,1771.41,1783.59,
2007-03-28T17:30:00Z,1784.04,1787.23,1770.54,1770.54,
2007-03-29T13:30:00Z,1783.44,1783.48,1758.39,1760.12,
2007-03-29T17:30:00Z,1761.17,1771.96,1753.43,1771.72,
2007-03-30T13:30:00Z,1772.86,1783.33,1758.1,1768.86,
2007-03-30T17:30:00Z,1769.02,1777.3,1768.86,1772.36,
2007-04-02T13:30:00Z,1775.92,1779.3,1762.66,1765.84,
2007-04-02T17:30:00Z,1765.33,1773.33,1761.65,1773.33,
2007-04-03T13:30:00Z,1782.5,1801.9,1781.89,1800.15,
2007-04-03T17:30:00Z,1800.23,1801.8,1795.35,1796.31,
2007-04-04T13:30:00Z,1797.28,1804.54,1795.0,1799.79,
2007-04-04T17:30:00Z,1799.77,1801.8,1797.32,1801.74,
2007-04-05T13:30:00Z,1801.1,1807.91,1798.53,1806.68,
2007-04-05T17:30:00Z,1806.66,1812.94,1806.49,1812.94,
2007-04-09T13:30:00Z,1818.75,1819.04,1805.09,1814.99,
2007-04-09T17:30:00Z,1815.02,1815.03,1807.46,1808.19,
2007-04-10T13:30:00Z,1807.06,1816.84,1806.91,1811.54,
2007-04-10T17:30:00Z,1811.5,1816.93,1810.19,1816.93,
2007-04-11T13:30:00Z,1815.38,1815.73,1797.98,1806.88,
2007-04-11T17:30:00Z,1806.83,1807.82,1793.25,1798.09,
2007-04-12T13:30:00Z,1795.15,1812.7,1788.4,1812.64,
2007-04-12T17:30:00Z,1813.84,1814.68,1808.2,1813.49,
2007-04-13T13:30:00Z,1811.66,1813.55,1801.89,1806.64,
2007-04-13T17:30:00Z,1806.72,1818.42,1806.56,1816.85,
2007-04-16T13:30:00Z,1823.69,1835.68,1823.69,1831.59,
2007-04-16T17:30:00Z,1831.5,1834.07,1828.14,1833.96,
2007-04-17T13:30:00Z,1835.67,1838.1,1829.11,1831.48,
2007-04-17T17:30:00Z,1831.42,1837.01,1831.29,1834.91,
2007-04-18T13:30:00Z,1828.76,1834.87,1823.29,1831.11,
2007-04-18T17:30:00Z,1831.13,1839.31,1830.21,1832.39,
2007-04-19T13:30:00Z,1823.2,1840.28,1819.31,1838.62,
2007-04-19T17:30:00Z,1838.66,1838.97,1828.49,1832.47,
2007-04-20T13:30:00Z,1848.69,1856.43,1838.77,1845.42,
2007-04-20T17:30:00Z,1845.39,1847.32,1842.6,1845.89,
2007-04-23T13:30:00Z,1848.49,1854.75,1847.39,1850.71,
2007-04-23T17:30:00Z,1850.65,1851.88,1844.8,1850.18,
2007-04-24T13:30:00Z,1856.32,1862.73,1844.05,1855.87,
2007-04-24T17:30:00Z,1855.72,1863.76,1855.72,1858.87,
2007-04-25T13:30:00Z,1865.77,1876.11,1859.06,1874.69,
2007-04-25T17:30:00Z,1874.64,1883.58,1873.67,1881.33,
2007-04-26T13:30:00Z,1889.58,1892.33,1884.26,1888.97,
2007-04-26T17:30:00Z,1888.84,1896.77,1887.24,1889.57,
2007-04-27T13:30:00Z,1886.32,1894.97,1883.36,1887.44,
2007-04-27T17:30:00Z,1887.76,1893.32,1886.21,1891.06,
2007-04-30T13:30:00Z,1891.81,1891.81,1882.3,1886.82,
2007-04-30T17:30:00Z,1886.77,1888.0,1867.75,1867.75,
2007-05-01T13:30:00Z,1872.34,1873.68,1857.33,1860.83,
2007-05-01T17:30:00Z,1860.77,1876.19,1860.55,1873.43,
2007-05-02T13:30:00Z,1874.56,1891.11,1874.39,1890.34,
2007-05-02T17:30:00Z,1890.43,1894.3,1887.68,1889.73,
2007-05-03T13:30:00Z,1892.6,1899.49,1888.74,1892.58,
2007-05-03T17:30:00Z,1892.57,1897.38,1891.67,1895.64,
2007-05-04T13:30:00Z,1902.4,1905.85,1888.4,1896.38,
2007-05-04T17:30:00Z,1896.28,1896.7,1890.45,1895.7,
2007-05-07T13:30:00Z,1896.1,1901.42,1895.84,1896.85,
2007-05-07T17:30:00Z,1896.71,1899.26,1893.97,1895.96,
2007-05-08T13:30:00Z,1890.08,1899.0,1883.01,1896.9,
2007-05-08T17:30:00Z,1896.91,1901.21,1894.76,1899.83,
2007-05-09T13:30:00Z,1891.2,1900.07,1890.16,1896.95,
2007-05-09T17:30:00Z,1897.0,1909.3,1892.44,1905.65,
2007-05-10T13:30:00Z,1896.42,1902.19,1875.68,1879.33,
2007-05-10T17:30:00Z,1879.19,1887.22,1874.24,1875.2,
2007-05-11T13:30:00Z,1881.54,1895.97,1878.38,1894.72,
2007-05-11T17:30:00Z,1894.6,1899.44,1890.93,1898.79,
2007-05-14T13:30:00Z,1902.1,1906.38,1888.95,1890.58,
2007-05-14T17:30:00Z,1890.55,1890.83,1878.63,1888.08,
2007-05-15T13:30:00Z,1887.59,1898.02,1879.63,1891.01,
2007-05-15T17:30:00Z,1890.97,1891.13,1870.24,1871.79,
2007-05-16T13:30:00Z,1878.52,1882.59,1866.98,1877.43,
2007-05-16T17:30:00Z,1878.04,1891.57,1878.04,1891.57,
2007-05-17T13:30:00Z,1889.17,1892.71,1882.04,1885.42,
2007-05-17T17:30:00Z,1885.4,1891.74,1884.1,1884.68,
2007-05-18T13:30:00Z,1890.88,1898.34,1885.93,1895.17,
2007-05-18T17:30:00Z,1895.21,1898.0,1890.85,1896.93,
2007-05-21T13:30:00Z,1899.6,1919.6,1897.86,1915.88,
2007-05-21T17:30:00Z,1915.94,1917.68,1904.19,1911.16,
2007-05-22T13:30:00Z,1913.51,1917.16,1905.77,1914.96,
2007-05-22T17:30:00Z,1914.91,1921.81,1914.91,1916.45,
2007-05-23T13:30:00Z,1919.45,1925.43,1914.93,1924.0,
2007-05-23T17:30:00Z,1923.93,1924.64,1903.87,1904.41,
2007-05-24T13:30:00Z,1904.19,1911.48,1877.62,1885.75,
2007-05-24T17:30:00Z,1885.69,1886.0,1869.51,1874.6,
2007-05-25T13:30:00Z,1883.41,1889.95,1877.73,1886.78,
2007-05-25T17:30:00Z,1886.77,1892.71,1885.24,1889.25,
2007-05-29T13:30:00Z,1891.07,1904.31,1889.57,1891.75,
2007-05-29T17:30:00Z,1892.0,1900.19,1887.26,1899.79,
2007-05-30T13:30:00Z,1889.28,1904.95,1884.45,1903.87,
2007-05-30T17:30:00Z,1903.67,1918.08,1894.73,1918.08,
2007-05-31T13:30:00Z,1923.56,1931.1,1920.29,1921.77,
2007-05-31T17:30:00Z,1921.56,1929.37,1919.27,1928.19,
2007-06-01T13:30:00Z,1934.74,1940.81,1925.65,1931.83,
2007-06-01T17:30:00Z,1931.77,1933.36,1927.75,1928.26,
2007-06-04T13:30:00Z,1921.95,1932.73,1920.21,1928.42,
2007-06-04T17:30:00Z,1928.64,1935.85,1927.27,1933.73,
2007-06-05T13:30:00Z,1928.65,1931.31,1916.38,1923.09,
2007-06-05T17:30:00Z,1923.21,1932.94,1921.6,1932.35,
2007-06-06T13:30:00Z,1924.43,1924.51,1908.8,1911.33,
2007-06-06T17:30:00Z,1911.35,1920.45,1911.23,1914.85,
2007-06-07T13:30:00Z,1908.66,1918.82,1895.67,1897.36,
2007-06-07T17:30:00Z,1896.96,1900.08,1882.17,1882.17,
2007-06-08T13:30:00Z,1884.66,1896.51,1876.52,1896.27,
2007-06-08T17:30:00Z,1896.29,1906.79,1895.21,1906.26,
2007-06-11T13:30:00Z,1904.91,1917.43,1902.68,1915.61,
2007-06-11T17:30:00Z,1915.64,1915.87,1900.73,1901.96,
2007-06-12T13:30:00Z,1892.13,1901.33,1887.77,1899.48,
2007-06-12T17:30:00Z,1899.2,1911.14,1889.44,1890.67,
2007-06-13T13:30:00Z,1897.79,1904.34,1892.55,1894.38,
2007-06-13T17:30:00Z,1894.25,1913.87,1892.83,1913.87,
2007-06-14T13:30:00Z,1914.28,1929.59,1913.71,1924.35,
2007-06-14T17:30:00Z,1924.37,1928.87,1922.27,1924.54,
2007-06-15T13:30:00Z,1943.91,1946.7,1937.99,1939.82,
2007-06-15T17:30:00Z,1939.79,1942.59,1938.29,1942.41,
2007-06-18T13:30:00Z,1947.79,1947.79,1939.27,1945.61,
2007-06-18T17:30:00Z,1945.57,1946.95,1941.68,1944.37,
2007-06-19T13:30:00Z,1939.07,1946.88,1932.75,1941.86,
2007-06-19T17:30:00Z,1941.96,1944.59,1937.3,1941.75,
2007-06-20T13:30:00Z,1945.06,1948.58,1932.77,1934.87,
2007-06-20T17:30:00Z,1935.28,1941.54,1922.07,1922.12,
2007-06-21T13:30:00Z,1922.32,1938.62,1915.77,1937.28,
2007-06-21T17:30:00Z,1938.09,1943.42,1934.74,1941.32,
2007-06-22T13:30:00Z,1936.78,1940.28,1917.52,1926.5,
2007-06-22T17:30:00Z,1926.78,1928.45,1918.93,1921.94,
2007-06-25T13:30:00Z,1924.18,1934.84,1912.28,1928.17,
2007-06-25T17:30:00Z,1928.1,1930.21,1905.02,1912.9,
2007-06-26T13:30:00Z,1923.7,1924.42,1907.77,1915.71,
2007-06-26T17:30:00Z,1916.01,1916.83,1901.18,1908.64,
2007-06-27T13:30:00Z,1901.6,1919.93,1899.92,1916.23,
2007-06-27T17:30:00Z,1915.96,1934.03,1913.67,1933.06,
2007-06-28T13:30:00Z,1931.77,1939.92,1930.53,1937.04,
2007-06-28T17:30:00Z,1937.05,1945.12,1931.53,1931.67,
2007-06-29T13:30:00Z,1944.5,1947.0,1933.73,1938.55,
2007-06-29T17:30:00Z,1938.36,1941.58,1920.83,1934.1,
2007-07-02T13:30:00Z,1943.28,1953.28,1939.74,1949.75,
2007-07-02T17:30:00Z,1949.76,1954.24,1949.73,1954.12,
2007-07-03T13:30:00Z,1957.48,1965.2,1953.93,1965.2,
2007-07-05T13:30:00Z,1967.74,1973.35,1964.49,1969.78,
2007-07-05T17:30:00Z,1969.82,1983.1,1969.8,1981.06,
2007-07-06T13:30:00Z,1980.78,1986.61,1973.4,1983.6,
2007-07-06T17:30:00Z,1983.66,1989.43,1982.52,1988.31,
2007-07-09T13:30:00Z,1989.76,1992.55,1982.37,1990.44,
2007-07-09T17:30:00Z,1990.48,1992.48,1986.97,1989.2,
2007-07-10T13:30:00Z,1979.13,1989.35,1977.94,1982.03,
2007-07-10T17:30:00Z,1982.1,1983.88,1970.36,1971.89,
2007-07-11T13:30:00Z,1968.98,1981.48,1965.61,1979.7,
2007-07-11T17:30:00Z,1979.61,1984.67,1974.73,1984.08,
2007-07-12T13:30:00Z,1992.57,2005.37,1990.89,2004.81,
2007-07-12T17:30:00Z,2004.75,2021.03,2002.58,2021.03,
2007-07-13T13:30:00Z,2018.84,2024.17,2017.28,2021.5,
2007-07-13T17:30:00Z,2021.46,2032.28,2021.05,2032.16,
2007-07-16T13:30:00Z,2030.34,2037.5,2027.99,2030.26,
2007-07-16T17:30:00Z,2030.18,2032.79,2024.3,2028.02,
2007-07-17T13:30:00Z,2031.33,2039.28,2030.57,2034.46,
2007-07-17T17:30:00Z,2034.49,2045.97,2034.19,2041.78,
2007-07-18T13:30:00Z,2030.54,2034.45,2019.17,2025.2,
2007-07-18T17:30:00Z,2025.17,2038.64,2024.06,2037.98,
2007-07-19T13:30:00Z,2052.31,2057.68,2046.96,2056.67,
2007-07-19T17:30:00Z,2056.71,2060.29,2051.96,2052.99,
2007-07-20T13:30:00Z,2047.14,2048.24,2024.25,2031.72,
2007-07-20T17:30:00Z,2031.68,2042.77,2030.56,2035.88,
2007-07-23T13:30:00Z,2043.82,2045.81,2031.37,2037.87,
2007-07-23T17:30:00Z,2037.72,2040.89,2033.15,2036.33,
2007-07-24T13:30:00Z,2021.52,2037.72,2018.39,2032.05,
2007-07-24T17:30:00Z,2031.56,2034.84,1995.62,2000.55,
2007-07-25T13:30:00Z,2017.56,2020.68,1996.05,2002.09,
2007-07-25T17:30:00Z,2001.21,2016.31,1997.48,2011.14,
2007-07-26T13:30:00Z,1996.93,2012.49,1970.7,1977.2,
2007-07-26T17:30:00Z,1977.27,1991.03,1955.62,1986.6,
2007-07-27T13:30:00Z,1988.85,1997.79,1958.73,1968.21,
2007-07-27T17:30:00Z,1968.46,1984.35,1956.16,1956.19,
2007-07-30T13:30:00Z,1961.78,1972.85,1951.36,1967.63,
2007-07-30T17:30:00Z,1967.84,1981.86,1964.15,1973.93,
2007-07-31T13:30:00Z,1992.53,1992.53,1965.69,1966.67,
2007-07-31T17:30:00Z,1966.65,1967.89,1931.99,1932.06,
2007-08-01T13:30:00Z,1929.09,1944.04,1912.64,1922.97,
2007-08-01T17:30:00Z,1923.82,1946.76,1912.1,1945.08,
2007-08-02T13:30:00Z,1950.95,1964.32,1944.37,1953.37,
2007-08-02T17:30:00Z,1953.46,1969.66,1951.78,1966.6,
2007-08-03T13:30:00Z,1963.49,1964.5,1946.67,1954.18,
2007-08-03T17:30:00Z,1953.98,1959.94,1918.56,1918.56,
2007-08-06T13:30:00Z,1931.38,1942.48,1912.69,1932.32,
2007-08-06T17:30:00Z,1932.07,1954.37,1926.1,1954.37,
2007-08-07T13:30:00Z,1943.39,1954.7,1942.42,1952.27,
2007-08-07T17:30:00Z,1951.81,1976.7,1932.05,1961.64,
2007-08-08T13:30:00Z,1974.33,1986.48,1974.14,1985.5,
2007-08-08T17:30:00Z,1985.65,1995.0,1968.34,1987.34,
2007-08-09T13:30:00Z,1959.97,1990.96,1955.44,1961.98,
2007-08-09T17:30:00Z,1962.21,1968.22,1936.76,1936.76,
2007-08-10T13:30:00Z,1918.99,1944.54,1896.69,1922.31,
2007-08-10T17:30:00Z,1922.75,1934.3,1912.46,1925.14,
2007-08-13T13:30:00Z,1941.41,1946.75,1931.33,1935.12,
2007-08-13T17:30:00Z,1935.1,1945.14,1932.82,1934.41,
2007-08-14T13:30:00Z,1938.79,1940.89,1912.18,1918.4,
2007-08-14T17:30:00Z,1918.06,1924.12,1901.32,1901.32,
2007-08-15T13:30:00Z,1897.05,1913.51,1892.02,1902.16,
2007-08-15T17:30:00Z,1902.37,1913.79,1864.2,1864.92,
2007-08-16T13:30:00Z,1850.17,1865.47,1805.66,1818.57,
2007-08-16T17:30:00Z,1818.8,1851.08,1808.28,1846.09,
2007-08-17T13:30:00Z,1883.15,1893.77,1853.87,1876.25,
2007-08-17T17:30:00Z,1875.93,1889.37,1869.81,1888.78,
2007-08-20T13:30:00Z,1891.13,1896.3,1874.27,1876.84,
2007-08-20T17:30:00Z,1876.91,1899.05,1875.23,1893.05,
2007-08-21T13:30:00Z,1887.83,1915.1,1886.45,1910.62,
2007-08-21T17:30:00Z,1910.9,1913.51,1902.72,1910.99,
2007-08-22T13:30:00Z,1927.31,1934.02,1922.19,1926.5,
2007-08-22T17:30:00Z,1926.58,1938.79,1924.84,1936.77,
2007-08-23T13:30:00Z,1942.12,1945.11,1920.62,1922.81,
2007-08-23T17:30:00Z,1922.68,1933.26,1922.27,1931.88,
2007-08-24T13:30:00Z,1928.8,1949.36,1924.11,1948.2,
2007-08-24T17:30:00Z,1948.15,1961.38,1946.79,1961.38,
2007-08-27T13:30:00Z,1954.88,1958.12,1945.51,1955.07,
2007-08-27T17:30:00Z,1955.12,1958.96,1947.49,1947.49,
2007-08-28T13:30:00Z,1934.93,1939.1,1917.6,1921.17,
2007-08-28T17:30:00Z,1921.04,1924.84,1899.24,1899.24,
2007-08-29T13:30:00Z,1914.25,1931.53,1913.49,1922.04,
2007-08-29T17:30:00Z,1922.15,1955.46,1920.63,1954.85,
2007-08-30T13:30:00Z,1942.79,1980.95,1940.92,1969.94,
2007-08-30T17:30:00Z,1970.02,1974.14,1953.11,1963.75,
2007-08-31T13:30:00Z,1987.94,1989.92,1975.83,1987.42,
2007-08-31T17:30:00Z,1987.5,1993.73,1982.72,1988.73,
2007-09-04T13:30:00Z,1989.28,2018.38,1989.28,2017.53,
2007-09-04T17:30:00Z,2017.56,2032.1,2016.09,2020.51,
2007-09-05T13:30:00Z,2013.66,2017.32,2002.43,2002.63,
2007-09-05T17:30:00Z,2002.7,2005.8,1987.3,1994.38,
2007-09-06T13:30:00Z,2001.76,2006.05,1984.44,1996.25,
2007-09-06T17:30:00Z,1995.59,2005.85,1994.35,1998.67,
2007-09-07T13:30:00Z,1972.12,1975.31,1951.36,1962.79,
2007-09-07T17:30:00Z,1962.83,1965.09,1949.87,1958.35,
2007-09-10T13:30:00Z,1975.67,1980.97,1943.27,1959.57,
2007-09-10T17:30:00Z,1960.11,1976.33,1953.72,1960.2,
2007-09-11T13:30:00Z,1973.16,1982.45,1969.52,1982.25,
2007-09-11T17:30:00Z,1982.31,1991.02,1978.03,1988.98,
2007-09-12T13:30:00Z,1986.21,2006.37,1983.44,1995.71,
2007-09-12T17:30:00Z,1995.53,2004.17,1986.76,1988.96,
2007-09-13T13:30:00Z,2004.73,2005.96,1989.91,2004.05,
2007-09-13T17:30:00Z,2003.82,2005.04,1995.07,1998.63,
2007-09-14T13:30:00Z,1984.24,2002.18,1981.91,2001.66,
2007-09-14T17:30:00Z,2001.65,2004.03,1996.08,2000.82,
2007-09-17T13:30:00Z,1993.5,1995.47,1975.29,1986.17,
2007-09-17T17:30:00Z,1985.99,1988.94,1981.36,1983.08,
2007-09-18T13:30:00Z,1993.85,1999.74,1985.7,1993.12,
2007-09-18T17:30:00Z,1993.2,2035.37,1989.21,2035.37,
2007-09-19T13:30:00Z,2047.46,2056.27,2041.06,2041.19,
2007-09-19T17:30:00Z,2041.11,2044.91,2032.08,2041.36,
2007-09-20T13:30:00Z,2035.87,2043.21,2032.09,2036.55,
2007-09-20T17:30:00Z,2036.62,2039.4,2029.53,2032.61,
2007-09-21T13:30:00Z,2042.64,2054.04,2041.48,2049.88,
2007-09-21T17:30:00Z,2050.26,2054.09,2047.16,2049.48,
2007-09-24T13:30:00Z,2054.77,2072.7,2052.05,2059.58,
2007-09-24T17:30:00Z,2059.73,2059.73,2047.51,2057.25,
2007-09-25T13:30:00Z,2049.78,2068.6,2048.34,2068.6,
2007-09-25T17:30:00Z,2068.94,2076.83,2064.13,2076.83,
2007-09-26T13:30:00Z,2088.12,2094.97,2082.66,2092.14,
2007-09-26T17:30:00Z,2092.26,2092.32,2079.92,2088.38,
2007-09-27T13:30:00Z,2098.74,2099.61,2089.58,2095.6,
2007-09-27T17:30:00Z,2095.73,2098.33,2091.35,2096.39,
2007-09-28T13:30:00Z,2096.37,2101.96,2087.98,2093.41,
2007-09-28T17:30:00Z,2093.12,2096.02,2082.04,2091.11,
2007-10-01T13:30:00Z,2092.6,2115.19,2092.6,2114.79,
2007-10-01T17:30:00Z,2114.43,2120.79,2110.6,2116.97,
2007-10-02T13:30:00Z,2116.15,2117.34,2104.15,2106.1,
2007-10-02T17:30:00Z,2106.19,2116.06,2105.95,2115.89,
2007-10-03T13:30:00Z,2108.04,2117.38,2101.3,2108.03,
2007-10-03T17:30:00Z,2107.93,2109.14,2095.3,2103.01,
2007-10-04T13:30:00Z,2107.11,2107.11,2088.79,2101.22,
2007-10-04T17:30:00Z,2101.08,2107.72,2097.99,2105.56,
2007-10-05T13:30:00Z,2123.49,2143.84,2118.13,2142.68,
2007-10-05T17:30:00Z,2142.58,2151.72,2142.57,2149.67,
2007-10-08T13:30:00Z,2151.11,2155.54,2144.22,2150.91,
2007-10-08T17:30:00Z,2151.0,2163.26,2147.98,2163.26,
2007-10-09T13:30:00Z,2168.53,2169.39,2158.56,2158.56,
2007-10-09T17:30:00Z,2158.78,2173.95,2157.95,2171.21,
2007-10-10T13:30:00Z,2172.67,2175.09,2164.91,2164.91,
2007-10-10T17:30:00Z,2165.29,2178.95,2165.22,2176.98,
2007-10-11T13:30:00Z,2188.72,2194.14,2184.51,2189.87,
2007-10-11T17:30:00Z,2189.83,2189.83,2127.07,2140.92,
2007-10-12T13:30:00Z,2151.94,2174.59,2148.38,2165.71,
2007-10-12T17:30:00Z,2165.88,2177.99,2164.23,2177.99,
2007-10-15T13:30:00Z,2182.06,2184.86,2148.3,2157.53,
2007-10-15T17:30:00Z,2157.65,2159.45,2143.9,2158.92,
2007-10-16T13:30:00Z,2147.88,2166.65,2143.56,2153.17,
2007-10-16T17:30:00Z,2152.77,2160.02,2148.22,2151.14,
2007-10-17T13:30:00Z,2182.7,2182.85,2150.79,2151.99,
2007-10-17T17:30:00Z,2151.61,2179.14,2143.54,2179.14,
2007-10-18T13:30:00Z,2168.24,2175.83,2161.68,2171.25,
2007-10-18T17:30:00Z,2171.16,2191.66,2171.16,2187.52,
2007-10-19T13:30:00Z,2188.75,2188.75,2145.57,2149.83,
2007-10-19T17:30:00Z,2149.75,2158.88,2131.08,2131.08,
2007-10-22T13:30:00Z,2121.01,2160.02,2116.64,2156.79,
2007-10-22T17:30:00Z,2156.77,2158.48,2142.96,2157.45,
2007-10-23T13:30:00Z,2181.79,2186.74,2170.47,2180.41,
2007-10-23T17:30:00Z,2180.39,2205.18,2179.92,2205.18,
2007-10-24T13:30:00Z,2187.03,2194.35,2141.8,2157.73,
2007-10-24T17:30:00Z,2157.48,2188.59,2140.87,2188.59,
2007-10-25T13:30:00Z,2190.51,2195.4,2149.2,2153.63,
2007-10-25T17:30:00Z,2154.77,2170.89,2146.23,2161.52,
2007-10-26T13:30:00Z,2200.69,2203.88,2174.82,2187.68,
2007-10-26T17:30:00Z,2187.69,2197.1,2183.76,2194.59,
2007-10-29T13:30:00Z,2202.96,2208.1,2191.21,2201.61,
2007-10-29T17:30:00Z,2201.6,2209.39,2197.33,2203.42,
2007-10-30T13:30:00Z,2197.14,2210.17,2192.69,2210.17,
2007-10-30T17:30:00Z,2210.25,2218.88,2205.6,2207.61,
2007-10-31T13:30:00Z,2214.14,2223.28,2208.8,2218.72,
2007-10-31T17:30:00Z,2218.43,2239.23,2199.02,2238.98,
2007-11-01T13:30:00Z,2223.52,2226.88,2206.71,2220.82,
2007-11-01T17:30:00Z,2219.22,2222.48,2196.35,2197.07,
2007-11-02T13:30:00Z,2211.39,2218.66,2181.5,2212.91,
2007-11-02T17:30:00Z,2213.38,2214.5,2197.93,2213.86,
2007-11-05T14:30:00Z,2193.06,2212.06,2182.74,2198.51,
2007-11-05T18:30:00Z,2198.39,2210.43,2179.9,2200.48,
2007-11-06T14:30:00Z,2212.2,2212.53,2188.1,2204.46,
2007-11-06T18:30:00Z,2204.57,2224.43,2201.59,2223.97,
2007-11-07T14:30:00Z,2205.29,2219.82,2186.25,2188.82,
2007-11-07T18:30:00Z,2188.85,2203.26,2168.55,2169.43,
2007-11-08T14:30:00Z,2165.57,2167.81,2066.55,2088.38,
2007-11-08T18:30:00Z,2088.22,2127.4,2076.1,2106.16,
2007-11-09T14:30:00Z,2061.52,2069.96,2041.46,2060.46,
2007-11-09T18:30:00Z,2060.43,2078.06,2033.88,2034.3,
2007-11-12T14:30:00Z,2028.91,2043.05,2017.69,2028.32,
2007-11-12T18:30:00Z,2027.67,2027.67,1980.18,1982.16,
2007-11-13T14:30:00Z,2009.74,2040.19,2009.74,2032.56,
2007-11-13T18:30:00Z,2032.31,2066.08,2031.88,2066.08,
2007-11-14T14:30:00Z,2090.67,2091.06,2057.6,2076.6,
2007-11-14T18:30:00Z,2076.83,2077.62,2030.62,2038.05,
2007-11-15T14:30:00Z,2035.46,2054.06,2027.93,2036.22,
2007-11-15T18:30:00Z,2036.07,2043.52,2007.78,2024.03,
2007-11-16T14:30:00Z,2038.27,2047.08,2006.85,2032.88,
2007-11-16T18:30:00Z,2032.35,2052.2,2024.58,2048.62,
2007-11-19T14:30:00Z,2040.17,2050.03,2013.93,2022.09,
2007-11-19T18:30:00Z,2021.62,2038.87,2009.71,2021.14,
2007-11-20T14:30:00Z,2030.94,2064.08,2008.73,2009.79,
2007-11-20T18:30:00Z,2009.75,2037.03,1990.12,2029.94,
2007-11-21T14:30:00Z,2008.88,2027.04,1986.45,2014.77,
2007-11-21T18:30:00Z,2015.19,2039.39,2004.96,2006.38,
2007-11-23T14:30:00Z,2019.4,2031.87,2008.13,2028.9,
2007-11-26T14:30:00Z,2033.24,2047.92,2017.01,2029.94,
2007-11-26T18:30:00Z,2029.69,2036.6,1988.3,1989.36,
2007-11-27T14:30:00Z,2007.35,2034.65,1997.53,2029.24,
2007-11-27T18:30:00Z,2029.21,2034.57,2003.44,2033.76,
2007-11-28T14:30:00Z,2055.77,2090.84,2055.77,2087.47,
2007-11-28T18:30:00Z,2087.97,2100.97,2085.64,2095.39,
2007-11-29T14:30:00Z,2084.57,2104.58,2082.19,2087.56,
2007-11-29T18:30:00Z,2088.46,2108.25,2082.92,2102.42,
2007-11-30T14:30:00Z,2122.64,2122.64,2084.54,2093.91,
2007-11-30T18:30:00Z,2093.77,2096.79,2071.78,2089.1,
2007-12-03T14:30:00Z,2080.1,2094.36,2076.99,2082.34,
2007-12-03T18:30:00Z,2081.7,2082.54,2066.23,2067.45,
2007-12-04T14:30:00Z,2053.17,2070.39,2048.65,2062.39,
2007-12-04T18:30:00Z,2062.59,2066.05,2054.18,2059.06,
2007-12-05T14:30:00Z,2083.19,2103.83,2079.67,2096.35,
2007-12-05T18:30:00Z,2096.58,2103.15,2086.69,2099.31,
2007-12-06T14:30:00Z,2099.7,2113.22,2098.3,2107.3,
2007-12-06T18:30:00Z,2107.68,2128.32,2103.08,2127.65,
2007-12-07T14:30:00Z,2127.54,2131.72,2116.63,2121.35,
2007-12-07T18:30:00Z,2121.91,2135.24,2121.09,2130.0,
2007-12-10T14:30:00Z,2131.67,2141.36,2126.97,2137.34,
2007-12-10T18:30:00Z,2137.1,2138.68,2129.52,2134.88,
2007-12-11T14:30:00Z,2137.82,2145.6,2136.06,2144.64,
2007-12-11T18:30:00Z,2144.66,2147.68,2081.55,2083.72,
2007-12-12T14:30:00Z,2125.14,2130.57,2099.71,2107.36,
2007-12-12T18:30:00Z,2107.24,2114.32,2070.52,2101.36,
2007-12-13T14:30:00Z,2083.08,2097.95,2073.63,2079.74,
2007-12-13T18:30:00Z,2080.13,2096.55,2072.75,2094.68,
2007-12-14T14:30:00Z,2078.4,2096.96,2076.38,2087.62,
2007-12-14T18:30:00Z,2087.38,2087.7,2069.94,2072.11,
2007-12-17T14:30:00Z,2064.45,2068.92,2039.45,2040.46,
2007-12-17T18:30:00Z,2040.4,2042.16,2020.26,2020.8,
2007-12-18T14:30:00Z,2041.66,2041.66,1999.59,2026.06,
2007-12-18T18:30:00Z,2025.83,2042.29,2022.84,2029.49,
2007-12-19T14:30:00Z,2027.9,2038.99,2018.06,2019.8,
2007-12-19T18:30:00Z,2021.34,2038.82,2016.69,2031.0,
2007-12-20T14:30:00Z,2056.12,2056.36,2040.38,2051.22,
2007-12-20T18:30:00Z,2051.16,2070.51,2050.5,2069.68,
2007-12-21T14:30:00Z,2100.71,2103.25,2094.65,2098.35,
2007-12-21T18:30:00Z,2098.37,2111.77,2097.95,2111.77,
2007-12-24T14:30:00Z,2113.12,2131.73,2113.12,2128.62,
2007-12-26T14:30:00Z,2121.41,2133.72,2116.21,2132.09,
2007-12-26T18:30:00Z,2132.12,2141.08,2132.11,2136.94,
2007-12-27T14:30:00Z,2129.01,2135.55,2114.7,2123.61,
2007-12-27T18:30:00Z,2123.43,2125.45,2104.02,2106.09,
2007-12-28T14:30:00Z,2118.63,2121.28,2092.03,2098.74,
2007-12-28T18:30:00Z,2098.85,2109.68,2096.4,2107.05,
2007-12-31T14:30:00Z,2097.91,2102.39,2086.32,2092.73,
2007-12-31T18:30:00Z,2092.7,2101.34,2083.58,2084.93,
2008-01-02T14:30:00Z,2085.53,2094.22,2040.43,2044.24,
2008-01-02T18:30:00Z,2043.86,2067.19,2041.6,2049.71,
2008-01-03T14:30:00Z,2050.64,2064.73,2042.27,2055.18,
2008-01-03T18:30:00Z,2055.62,2057.39,2040.01,2051.76,
2008-01-04T14:30:00Z,2025.36,2025.36,1987.36,1992.13,
2008-01-04T18:30:00Z,1992.11,1995.59,1963.02,1963.52,
2008-01-07T14:30:00Z,1971.28,1975.87,1929.27,1967.5,
2008-01-07T18:30:00Z,1966.45,1968.41,1931.11,1957.44,
2008-01-08T14:30:00Z,1965.42,1983.14,1952.85,1972.48,
2008-01-08T18:30:00Z,1972.41,1982.66,1910.33,1910.33,
2008-01-09T14:30:00Z,1914.74,1934.39,1902.31,1906.33,
2008-01-09T18:30:00Z,1906.79,1949.2,1889.92,1949.2,
2008-01-10T14:30:00Z,1930.91,1966.32,1924.39,1953.62,
2008-01-10T18:30:00Z,1952.46,1968.09,1931.72,1953.64,
2008-01-11T14:30:00Z,1940.98,1941.53,1914.12,1921.0,
2008-01-11T18:30:00Z,1920.73,1922.96,1900.23,1912.81,
2008-01-14T14:30:00Z,1940.33,1947.66,1924.86,1934.06,
2008-01-14T18:30:00Z,1934.03,1952.55,1933.55,1949.15,
2008-01-15T14:30:00Z,1925.95,1931.71,1898.47,1902.71,
2008-01-15T18:30:00Z,1902.49,1909.39,1885.45,1894.09,
2008-01-16T14:30:00Z,1876.45,1897.34,1848.58,1873.66,
2008-01-16T18:30:00Z,1872.94,1907.3,1871.56,1872.29,
2008-01-17T14:30:00Z,1882.36,1894.19,1850.74,1868.22,
2008-01-17T18:30:00Z,1867.91,1877.36,1838.99,1842.1,
2008-01-18T14:30:00Z,1862.22,1876.04,1829.62,1845.71,
2008-01-18T18:30:00Z,1846.12,1851.16,1831.67,1844.09,
2008-01-22T14:30:00Z,1740.53,1817.26,1740.53,1806.46,
2008-01-22T18:30:00Z,1806.16,1820.51,1792.43,1795.61,
2008-01-23T14:30:00Z,1725.46,1764.1,1693.06,1712.88,
2008-01-23T18:30:00Z,1712.42,1794.46,1707.11,1789.53,
2008-01-24T14:30:00Z,1800.84,1826.42,1793.11,1802.24,
2008-01-24T18:30:00Z,1802.76,1826.92,1800.49,1826.92,
2008-01-25T14:30:00Z,1860.92,1864.0,1805.19,1806.53,
2008-01-25T18:30:00Z,1806.27,1807.58,1788.07,1789.17,
2008-01-28T14:30:00Z,1788.14,1805.23,1773.7,1801.8,
2008-01-28T18:30:00Z,1801.66,1807.12,1783.83,1805.08,
2008-01-29T14:30:00Z,1812.43,1816.43,1792.64,1802.6,
2008-01-29T18:30:00Z,1802.04,1812.33,1796.92,1807.67,
2008-01-30T14:30:00Z,1800.36,1816.52,1798.31,1804.17,
2008-01-30T18:30:00Z,1804.6,1843.2,1801.15,1808.51,
2008-01-31T14:30:00Z,1782.33,1830.55,1782.02,1818.92,
2008-01-31T18:30:00Z,1818.62,1853.81,1818.62,1841.42,
2008-02-01T14:30:00Z,1846.07,1864.97,1826.43,1844.99,
2008-02-01T18:30:00Z,1845.09,1860.59,1840.71,1855.27,
2008-02-04T14:30:00Z,1854.62,1854.62,1830.19,1831.65,
2008-02-04T18:30:00Z,1831.27,1837.55,1828.11,1828.8,
2008-02-05T14:30:00Z,1798.65,1813.55,1785.7,1788.82,
2008-02-05T18:30:00Z,1788.6,1793.08,1774.91,1775.77,
2008-02-06T14:30:00Z,1786.96,1795.82,1774.14,1781.2,
2008-02-06T18:30:00Z,1781.07,1781.11,1739.55,1740.95,
2008-02-07T14:30:00Z,1723.21,1763.61,1714.86,1760.52,
2008-02-07T18:30:00Z,1761.81,1779.27,1729.11,1753.3,
2008-02-08T14:30:00Z,1754.37,1779.48,1751.33,1760.27,
2008-02-08T18:30:00Z,1760.2,1775.88,1746.34,1773.74,
2008-02-11T14:30:00Z,1780.36,1794.42,1770.91,1794.42,
2008-02-11T18:30:00Z,1795.22,1797.39,1786.64,1793.09,
2008-02-12T14:30:00Z,1802.65,1812.43,1794.29,1802.62,
2008-02-12T18:30:00Z,1802.47,1802.95,1769.62,1780.54,
2008-02-13T14:30:00Z,1803.29,1815.54,1795.67,1813.2,
2008-02-13T18:30:00Z,1813.09,1824.22,1812.42,1823.0,
2008-02-14T14:30:00Z,1823.1,1823.1,1791.93,1795.24,
2008-02-14T18:30:00Z,1795.95,1799.29,1784.78,1787.59,
2008-02-15T14:30:00Z,1776.1,1787.33,1767.34,1768.82,
2008-02-15T18:30:00Z,1768.81,1780.85,1768.6,1780.38,
2008-02-19T14:30:00Z,1802.17,1807.45,1787.16,1798.7,
2008-02-19T18:30:00Z,1797.78,1797.78,1759.24,1764.81,
2008-02-20T14:30:00Z,1756.64,1784.0,1756.64,1773.52,
2008-02-20T18:30:00Z,1773.57,1791.35,1770.68,1787.45,
2008-02-21T14:30:00Z,1802.02,1806.44,1774.51,1778.18,
2008-02-21T18:30:00Z,1779.66,1780.66,1762.24,1766.3,
2008-02-22T14:30:00Z,1772.88,1774.97,1742.22,1745.38,
2008-02-22T18:30:00Z,1743.61,1774.42,1739.15,1773.44,
2008-02-25T14:30:00Z,1773.05,1786.02,1761.93,1767.58,
2008-02-25T18:30:00Z,1767.37,1790.77,1762.03,1785.46,
2008-02-26T14:30:00Z,1773.5,1807.41,1763.41,1797.33,
2008-02-26T18:30:00Z,1797.24,1805.38,1783.53,1791.31,
2008-02-27T14:30:00Z,1778.62,1806.42,1775.45,1801.46,
2008-02-27T18:30:00Z,1801.53,1803.92,1783.64,1799.94,
2008-02-28T14:30:00Z,1794.11,1808.65,1786.2,1791.55,
2008-02-28T18:30:00Z,1792.47,1807.2,1790.42,1794.46,
2008-02-29T14:30:00Z,1776.01,1778.07,1754.66,1762.06,
2008-02-29T18:30:00Z,1761.27,1761.27,1740.9,1745.27,
2008-03-03T14:30:00Z,1743.92,1746.56,1727.44,1735.7,
2008-03-03T18:30:00Z,1735.72,1739.01,1716.52,1733.27,
2008-03-04T14:30:00Z,1724.33,1728.64,1710.72,1721.64,
2008-03-04T18:30:00Z,1721.72,1748.07,1707.42,1743.7,
2008-03-05T14:30:00Z,1746.4,1768.13,1744.8,1749.94,
2008-03-05T18:30:00Z,1749.12,1755.73,1737.26,1753.57,
2008-03-06T14:30:00Z,1749.42,1757.56,1727.31,1727.5,
2008-03-06T18:30:00Z,1727.65,1733.16,1710.96,1712.5,
2008-03-07T14:30:00Z,1701.34,1731.39,1697.5,1704.05,
2008-03-07T18:30:00Z,1704.07,1717.53,1682.03,1707.5,
2008-03-10T13:30:00Z,1705.55,1711.03,1685.19,1686.7,
2008-03-10T17:30:00Z,1687.01,1689.81,1672.76,1673.03,
2008-03-11T13:30:00Z,1704.05,1713.37,1686.47,1705.24,
2008-03-11T17:30:00Z,1705.47,1740.95,1700.16,1740.95,
2008-03-12T13:30:00Z,1746.19,1764.72,1735.91,1757.0,
2008-03-12T17:30:00Z,1756.99,1756.99,1731.08,1735.18,
2008-03-13T13:30:00Z,1715.84,1749.09,1699.17,1748.37,
2008-03-13T17:30:00Z,1748.49,1760.23,1743.73,1750.4,
2008-03-14T13:30:00Z,1757.47,1762.37,1700.71,1711.01,
2008-03-14T17:30:00Z,1712.67,1728.88,1696.22,1713.83,
2008-03-17T13:30:00Z,1680.54,1705.57,1669.12,1671.24,
2008-03-17T17:30:00Z,1671.52,1706.02,1668.57,1687.19,
2008-03-18T13:30:00Z,1717.04,1737.8,1715.73,1733.11,
2008-03-18T17:30:00Z,1734.31,1761.05,1712.36,1761.05,
2008-03-19T13:30:00Z,1765.1,1772.09,1746.26,1748.71,
2008-03-19T17:30:00Z,1748.6,1749.62,1715.59,1715.59,
2008-03-20T13:30:00Z,1719.7,1730.98,1712.33,1727.96,
2008-03-20T17:30:00Z,1727.45,1752.28,1727.45,1751.99,
2008-03-24T13:30:00Z,1760.14,1819.05,1760.14,1817.13,
2008-03-24T17:30:00Z,1817.06,1819.26,1806.36,1814.4,
2008-03-25T13:30:00Z,1816.33,1822.5,1800.71,1818.77,
2008-03-25T17:30:00Z,1818.92,1831.98,1817.83,1824.54,
2008-03-26T13:30:00Z,1815.83,1818.14,1800.83,1809.09,
2008-03-26T17:30:00Z,1808.89,1822.57,1803.43,1817.28,
2008-03-27T13:30:00Z,1807.14,1809.24,1788.13,1800.11,
2008-03-27T17:30:00Z,1800.36,1800.37,1777.75,1777.89,
2008-03-28T13:30:00Z,1788.56,1802.18,1781.78,1785.54,
2008-03-28T17:30:00Z,1785.48,1785.48,1762.2,1767.57,
2008-03-31T13:30:00Z,1772.96,1787.0,1767.86,1786.66,
2008-03-31T17:30:00Z,1786.97,1789.52,1774.76,1781.93,
2008-04-01T13:30:00Z,1806.15,1842.73,1805.79,1842.15,
2008-04-01T17:30:00Z,1842.2,1855.48,1837.24,1855.48,
2008-04-02T13:30:00Z,1855.91,1870.55,1847.89,1854.92,
2008-04-02T17:30:00Z,1855.04,1860.71,1836.63,1848.8,
2008-04-03T13:30:00Z,1842.69,1866.57,1835.96,1865.06,
2008-04-03T17:30:00Z,1864.38,1864.51,1850.39,1855.19,
2008-04-04T13:30:00Z,1859.93,1883.13,1846.56,1883.13,
2008-04-04T17:30:00Z,1884.05,1884.13,1861.51,1865.87,
2008-04-07T13:30:00Z,1878.3,1885.93,1868.72,1877.56,
2008-04-07T17:30:00Z,1877.49,1878.56,1856.57,1860.83,
2008-04-08T13:30:00Z,1853.37,1858.74,1843.48,1847.84,
2008-04-08T17:30:00Z,1847.68,1851.74,1837.47,1846.14,
2008-04-09T13:30:00Z,1848.36,1849.2,1819.41,1824.06,
2008-04-09T17:30:00Z,1824.55,1829.36,1815.05,1826.19,
2008-04-10T13:30:00Z,1827.0,1860.52,1827.0,1859.79,
2008-04-10T17:30:00Z,1859.58,1863.2,1846.7,1852.97,
2008-04-11T13:30:00Z,1832.05,1833.14,1812.84,1812.84,
2008-04-11T17:30:00Z,1812.8,1812.8,1794.82,1798.72,
2008-04-14T13:30:00Z,1796.77,1807.76,1788.01,1802.68,
2008-04-14T17:30:00Z,1802.71,1802.81,1789.25,1790.93,
2008-04-15T13:30:00Z,1799.48,1802.73,1776.6,1788.82,
2008-04-15T17:30:00Z,1788.84,1796.85,1785.02,1794.73,
2008-04-16T13:30:00Z,1817.59,1842.59,1815.8,1839.27,
2008-04-16T17:30:00Z,1839.25,1849.45,1833.95,1846.89,
2008-04-17T13:30:00Z,1846.8,1848.28,1829.94,1839.41,
2008-04-17T17:30:00Z,1839.58,1846.8,1832.44,1840.88,
2008-04-18T13:30:00Z,1889.2,1908.0,1879.94,1907.57,
2008-04-18T17:30:00Z,1907.59,1907.65,1894.49,1900.28,
2008-04-21T13:30:00Z,1892.97,1907.0,1890.8,1904.08,
2008-04-21T17:30:00Z,1903.4,1914.21,1897.82,1913.12,
2008-04-22T13:30:00Z,1901.27,1901.74,1867.72,1875.26,
2008-04-22T17:30:00Z,1875.5,1884.73,1872.65,1881.65,
2008-04-23T13:30:00Z,1897.63,1913.62,1888.71,1902.1,
2008-04-23T17:30:00Z,1902.13,1908.49,1897.97,1906.66,
2008-04-24T13:30:00Z,1908.13,1931.61,1886.94,1925.29,
2008-04-24T17:30:00Z,1925.74,1942.98,1921.96,1924.58,
2008-04-25T13:30:00Z,1922.88,1925.04,1894.11,1896.8,
2008-04-25T17:30:00Z,1897.01,1923.18,1894.27,1918.58,
2008-04-28T13:30:00Z,1920.53,1933.06,1917.03,1932.45,
2008-04-28T17:30:00Z,1933.34,1936.1,1920.89,1923.26,
2008-04-29T13:30:00Z,1917.83,1930.99,1914.25,1930.19,
2008-04-29T17:30:00Z,1930.3,1941.91,1928.03,1933.6,
2008-04-30T13:30:00Z,1939.12,1950.0,1937.03,1945.4,
2008-04-30T17:30:00Z,1945.05,1953.59,1912.81,1917.7,
2008-05-01T13:30:00Z,1921.87,1973.91,1921.05,1969.58,
2008-05-01T17:30:00Z,1970.11,1980.44,1963.92,1980.44,
2008-05-02T13:30:00Z,1996.31,1996.52,1965.84,1971.86,
2008-05-02T17:30:00Z,1971.48,1981.87,1966.44,1981.87,
2008-05-05T13:30:00Z,1980.84,1992.69,1971.57,1972.0,
2008-05-05T17:30:00Z,1971.88,1976.43,1967.82,1975.82,
2008-05-06T13:30:00Z,1968.61,1988.93,1957.63,1985.9,
2008-05-06T17:30:00Z,1985.38,1996.8,1982.54,1990.61,
2008-05-07T13:30:00Z,1987.44,2000.72,1971.6,1973.33,
2008-05-07T17:30:00Z,1973.27,1973.82,1946.28,1951.42,
2008-05-08T13:30:00Z,1960.71,1974.29,1954.36,1972.51,
2008-05-08T17:30:00Z,1972.25,1979.12,1958.04,1966.86,
2008-05-09T13:30:00Z,1950.63,1969.36,1947.6,1955.03,
2008-05-09T17:30:00Z,1954.64,1964.71,1951.81,1960.29,
2008-05-12T13:30:00Z,1969.5,1988.63,1959.48,1981.85,
2008-05-12T17:30:00Z,1982.03,1998.86,1979.9,1997.02,
2008-05-13T13:30:00Z,1997.62,1998.78,1981.99,1990.82,
2008-05-13T17:30:00Z,1990.93,2004.53,1990.9,2000.61,
2008-05-14T13:30:00Z,2008.54,2026.45,2007.45,2024.04,
2008-05-14T17:30:00Z,2024.25,2028.67,1993.91,1997.3,
2008-05-15T13:30:00Z,1995.41,2023.42,1991.2,2020.47,
2008-05-15T17:30:00Z,2019.84,2032.36,2015.12,2031.34,
2008-05-16T13:30:00Z,2033.95,2035.81,2009.89,2023.82,
2008-05-16T17:30:00Z,2023.84,2033.86,2015.79,2031.27,
2008-05-19T13:30:00Z,2031.82,2050.79,2027.65,2050.49,
2008-05-19T17:30:00Z,2050.3,2050.3,2005.34,2016.6,
2008-05-20T13:30:00Z,2008.5,2010.18,1988.53,1998.74,
2008-05-20T17:30:00Z,1998.45,2001.85,1987.5,2000.67,
2008-05-21T13:30:00Z,2005.29,2015.23,1988.35,1988.95,
2008-05-21T17:30:00Z,1989.01,1992.88,1952.77,1956.8,
2008-05-22T13:30:00Z,1962.56,1978.05,1956.22,1969.04,
2008-05-22T17:30:00Z,1968.78,1975.63,1955.64,1964.92,
2008-05-23T13:30:00Z,1959.67,1964.68,1943.85,1949.08,
2008-05-23T17:30:00Z,1949.4,1962.74,1949.11,1958.96,
2008-05-27T13:30:00Z,1965.0,1982.69,1963.05,1974.28,
2008-05-27T17:30:00Z,1973.98,1995.45,1972.37,1995.44,
2008-05-28T13:30:00Z,2002.77,2004.66,1981.25,1992.91,
2008-05-28T17:30:00Z,1993.49,2000.39,1984.87,2000.07,
2008-05-29T13:30:00Z,2001.8,2027.51,2001.78,2022.39,
2008-05-29T17:30:00Z,2022.29,2030.24,2017.47,2019.02,
2008-05-30T13:30:00Z,2028.25,2036.51,2022.16,2035.54,
2008-05-30T17:30:00Z,2035.32,2040.97,2030.68,2032.57,
2008-06-02T13:30:00Z,2026.58,2028.04,1989.33,1993.51,
2008-06-02T17:30:00Z,1993.58,2007.14,1991.93,2006.84,
2008-06-03T13:30:00Z,2015.03,2027.2,2009.4,2010.34,
2008-06-03T17:30:00Z,2010.35,2010.35,1977.87,1996.79,
2008-06-04T13:30:00Z,1991.89,2035.09,1989.22,2026.81,
2008-06-04T17:30:00Z,2026.74,2031.44,2007.06,2021.45,
2008-06-05T13:30:00Z,2027.17,2050.46,2020.59,2047.47,
2008-06-05T17:30:00Z,2047.41,2055.82,2037.5,2055.11,
2008-06-06T13:30:00Z,2036.15,2039.5,2008.9,2011.52,
2008-06-06T17:30:00Z,2011.55,2016.11,1990.39,1990.39,
2008-06-09T13:30:00Z,1995.37,1997.94,1961.29,1964.49,
2008-06-09T17:30:00Z,1965.51,1983.01,1948.27,1979.71,
2008-06-10T13:30:00Z,1960.41,1988.0,1957.05,1986.24,
2008-06-10T17:30:00Z,1987.17,1987.17,1965.68,1972.54,
2008-06-11T13:30:00Z,1968.87,1970.31,1934.26,1939.56,
2008-06-11T17:30:00Z,1939.76,1946.29,1924.33,1924.33,
2008-06-12T13:30:00Z,1941.68,1954.23,1931.56,1936.04,
2008-06-12T17:30:00Z,1935.68,1936.63,1909.89,1924.26,
2008-06-13T13:30:00Z,1938.34,1968.12,1928.71,1951.11,
2008-06-13T17:30:00Z,1951.27,1966.01,1942.07,1966.01,
2008-06-16T13:30:00Z,1954.04,1982.3,1953.26,1982.3,
2008-06-16T17:30:00Z,1983.88,1991.72,1980.41,1984.76,
2008-06-17T13:30:00Z,1990.02,1993.12,1975.84,1982.66,
2008-06-17T17:30:00Z,1982.69,1986.44,1969.73,1972.82,
2008-06-18T13:30:00Z,1962.78,1968.09,1943.92,1948.83,
2008-06-18T17:30:00Z,1948.23,1963.37,1945.44,1951.1,
2008-06-19T13:30:00Z,1947.64,1977.24,1935.85,1972.74,
2008-06-19T17:30:00Z,1973.45,1991.25,1965.96,1982.69,
2008-06-20T13:30:00Z,1962.33,1963.48,1929.61,1929.98,
2008-06-20T17:30:00Z,1930.12,1933.36,1920.32,1928.39,
2008-06-23T13:30:00Z,1936.71,1940.68,1910.88,1923.63,
2008-06-23T17:30:00Z,1923.6,1932.82,1912.56,1913.31,
2008-06-24T13:30:00Z,1906.84,1922.87,1888.01,1917.44,
2008-06-24T17:30:00Z,1916.86,1926.1,1899.01,1903.74,
2008-06-25T13:30:00Z,1911.07,1937.47,1910.21,1933.43,
2008-06-25T17:30:00Z,1932.97,1951.49,1925.01,1933.86,
2008-06-26T13:30:00Z,1897.98,1898.65,1867.34,1868.28,
2008-06-26T17:30:00Z,1867.4,1875.22,1855.39,1855.39,
2008-06-27T13:30:00Z,1854.39,1865.6,1834.68,1837.09,
2008-06-27T17:30:00Z,1836.83,1862.61,1829.3,1855.72,
2008-06-30T13:30:00Z,1852.83,1863.32,1841.2,1849.74,
2008-06-30T17:30:00Z,1849.64,1854.01,1837.09,1837.09,
2008-07-01T13:30:00Z,1821.93,1853.01,1817.08,1831.93,
2008-07-01T17:30:00Z,1831.49,1864.07,1824.15,1862.71,
2008-07-02T13:30:00Z,1868.8,1874.83,1835.81,1846.44,
2008-07-02T17:30:00Z,1846.04,1854.57,1815.84,1816.15,
2008-07-03T13:30:00Z,1828.75,1832.21,1801.66,1816.35,
2008-07-07T13:30:00Z,1834.28,1848.29,1802.59,1807.18,
2008-07-07T17:30:00Z,1806.42,1843.46,1799.49,1836.99,
2008-07-08T13:30:00Z,1829.55,1851.58,1821.96,1840.85,
2008-07-08T17:30:00Z,1841.12,1871.28,1833.35,1871.28,
2008-07-09T13:30:00Z,1866.81,1871.27,1848.74,1854.28,
2008-07-09T17:30:00Z,1854.87,1859.29,1818.92,1819.18,
2008-07-10T13:30:00Z,1826.63,1842.0,1818.99,1839.01,
2008-07-10T17:30:00Z,1838.99,1846.53,1805.28,1839.57,
2008-07-11T13:30:00Z,1820.23,1827.13,1784.39,1796.37,
2008-07-11T17:30:00Z,1796.28,1839.77,1794.88,1810.88,
2008-07-14T13:30:00Z,1834.86,1837.04,1792.54,1797.81,
2008-07-14T17:30:00Z,1798.17,1813.62,1792.8,1798.03,
2008-07-15T13:30:00Z,1786.9,1817.91,1761.08,1801.71,
2008-07-15T17:30:00Z,1802.18,1826.11,1798.33,1798.35,
2008-07-16T13:30:00Z,1799.6,1832.82,1786.06,1830.68,
2008-07-16T17:30:00Z,1830.64,1844.54,1824.45,1843.87,
2008-07-17T13:30:00Z,1851.0,1860.63,1829.7,1850.78,
2008-07-17T17:30:00Z,1851.42,1862.99,1846.8,1853.47,
2008-07-18T13:30:00Z,1827.34,1834.72,1816.76,1820.63,
2008-07-18T17:30:00Z,1820.72,1827.79,1818.38,1823.23,
2008-07-21T13:30:00Z,1831.86,1837.53,1809.8,1818.58,
2008-07-21T17:30:00Z,1818.63,1824.05,1812.7,1819.76,
2008-07-22T13:30:00Z,1787.5,1805.43,1784.26,1798.9,
2008-07-22T17:30:00Z,1797.87,1821.83,1792.6,1821.62,
2008-07-23T13:30:00Z,1823.37,1865.19,1819.08,1833.74,
2008-07-23T17:30:00Z,1833.69,1846.46,1827.48,1845.56,
2008-07-24T13:30:00Z,1854.97,1854.97,1826.93,1838.11,
2008-07-24T17:30:00Z,1838.05,1840.11,1816.84,1816.98,
2008-07-25T13:30:00Z,1829.93,1844.38,1820.9,1836.33,
2008-07-25T17:30:00Z,1836.35,1849.19,1833.03,1846.55,
2008-07-28T13:30:00Z,1841.32,1850.46,1813.38,1817.18,
2008-07-28T17:30:00Z,1816.96,1820.83,1798.31,1802.99,
2008-07-29T13:30:00Z,1813.3,1851.31,1812.97,1844.55,
2008-07-29T17:30:00Z,1844.98,1847.24,1835.72,1845.55,
2008-07-30T13:30:00Z,1850.29,1862.97,1828.66,1836.51,
2008-07-30T17:30:00Z,1835.35,1853.27,1825.64,1852.8,
2008-07-31T13:30:00Z,1835.35,1874.54,1832.7,1864.33,
2008-07-31T17:30:00Z,1864.31,1872.88,1847.96,1849.15,
2008-08-01T13:30:00Z,1847.47,1849.21,1806.4,1829.58,
2008-08-01T17:30:00Z,1829.08,1835.13,1821.37,1826.56,
2008-08-04T13:30:00Z,1825.68,1825.68,1804.95,1811.41,
2008-08-04T17:30:00Z,1811.21,1822.36,1802.09,1804.84,
2008-08-05T13:30:00Z,1825.87,1846.95,1823.97,1845.41,
2008-08-05T17:30:00Z,1845.7,1869.76,1840.63,1869.76,
2008-08-06T13:30:00Z,1866.86,1887.34,1853.41,1886.62,
2008-08-06T17:30:00Z,1886.8,1902.87,1879.46,1895.21,
2008-08-07T13:30:00Z,1882.97,1904.13,1873.01,1901.42,
2008-08-07T17:30:00Z,1901.22,1902.77,1875.12,1880.09,
2008-08-08T13:30:00Z,1880.41,1921.07,1877.13,1920.74,
2008-08-08T17:30:00Z,1920.83,1928.52,1918.54,1926.23,
2008-08-11T13:30:00Z,1921.76,1957.12,1917.85,1957.12,
2008-08-11T17:30:00Z,1957.22,1962.54,1928.42,1941.23,
2008-08-12T13:30:00Z,1938.99,1957.4,1932.47,1947.01,
2008-08-12T17:30:00Z,1947.11,1952.29,1933.1,1941.07,
2008-08-13T13:30:00Z,1938.06,1948.3,1920.77,1933.35,
2008-08-13T17:30:00Z,1932.83,1955.54,1932.56,1942.02,
2008-08-14T13:30:00Z,1930.81,1969.37,1930.38,1964.42,
2008-08-14T17:30:00Z,1964.38,1967.33,1955.7,1964.38,
2008-08-15T13:30:00Z,1967.49,1973.56,1951.89,1960.64,
2008-08-15T17:30:00Z,1960.71,1961.04,1950.11,1957.56,
2008-08-18T13:30:00Z,1962.17,1963.51,1929.84,1937.57,
2008-08-18T17:30:00Z,1937.66,1937.66,1920.99,1932.7,
2008-08-19T13:30:00Z,1924.61,1933.13,1909.95,1920.65,
2008-08-19T17:30:00Z,1920.64,1925.34,1900.41,1908.68,
2008-08-20T13:30:00Z,1921.75,1932.42,1905.98,1912.26,
2008-08-20T17:30:00Z,1912.35,1914.93,1900.02,1913.02,
2008-08-21T13:30:00Z,1900.11,1908.96,1886.24,1897.75,
2008-08-21T17:30:00Z,1897.94,1913.39,1897.24,1906.74,
2008-08-22T13:30:00Z,1915.77,1932.76,1915.36,1929.41,
2008-08-22T17:30:00Z,1929.48,1937.76,1927.88,1931.47,
2008-08-25T13:30:00Z,1918.45,1918.8,1887.06,1893.23,
2008-08-25T17:30:00Z,1893.44,1894.89,1885.69,1889.72,
2008-08-26T13:30:00Z,1889.87,1901.09,1887.47,1887.56,
2008-08-26T17:30:00Z,1887.5,1887.95,1874.81,1886.32,
2008-08-27T13:30:00Z,1887.08,1911.63,1881.54,1906.28,
2008-08-27T17:30:00Z,1906.83,1913.53,1893.82,1900.3,
2008-08-28T13:30:00Z,1906.09,1921.19,1904.2,1916.47,
2008-08-28T17:30:00Z,1916.53,1919.76,1909.49,1915.12,
2008-08-29T13:30:00Z,1895.78,1899.56,1866.81,1881.3,
2008-08-29T17:30:00Z,1880.55,1881.62,1871.69,1872.54,
2008-09-02T13:30:00Z,1904.21,1912.72,1875.04,1877.41,
2008-09-02T17:30:00Z,1877.87,1880.06,1843.07,1850.14,
2008-09-03T13:30:00Z,1847.54,1854.42,1821.9,1830.63,
2008-09-03T17:30:00Z,1830.64,1840.41,1820.48,1833.09,
2008-09-04T13:30:00Z,1819.51,1824.61,1787.17,1787.97,
2008-09-04T17:30:00Z,1788.41,1791.54,1774.78,1774.78,
2008-09-05T13:30:00Z,1758.52,1776.21,1740.44,1766.2,
2008-09-05T17:30:00Z,1766.21,1778.88,1760.78,1768.23,
2008-09-08T13:30:00Z,1794.08,1796.82,1734.93,1749.9,
2008-09-08T17:30:00Z,1748.58,1768.32,1737.72,1762.95,
2008-09-09T13:30:00Z,1765.03,1779.32,1746.55,1748.49,
2008-09-09T17:30:00Z,1748.21,1749.02,1721.55,1721.55,
2008-09-10T13:30:00Z,1739.7,1747.81,1725.76,1741.64,
2008-09-10T17:30:00Z,1741.46,1754.21,1734.85,1738.07,
2008-09-11T13:30:00Z,1714.76,1760.84,1713.86,1742.62,
2008-09-11T17:30:00Z,1742.74,1774.41,1742.74,1773.65,
2008-09-12T13:30:00Z,1756.14,1775.47,1743.71,1759.14,
2008-09-12T17:30:00Z,1758.06,1773.23,1753.27,1767.13,
2008-09-15T13:30:00Z,1721.71,1756.44,1721.71,1740.87,
2008-09-15T17:30:00Z,1741.08,1741.44,1705.46,1705.46,
2008-09-16T13:30:00Z,1689.54,1725.94,1683.34,1709.58,
2008-09-16T17:30:00Z,1709.35,1739.16,1687.18,1724.08,
2008-09-17T13:30:00Z,1701.8,1708.2,1659.56,1660.42,
2008-09-17T17:30:00Z,1660.05,1684.36,1632.45,1632.45,
2008-09-18T13:30:00Z,1668.33,1675.16,1606.3,1625.27,
2008-09-18T17:30:00Z,1625.89,1704.22,1619.75,1697.42,
2008-09-19T13:30:00Z,1760.3,1773.83,1718.23,1749.42,
2008-09-19T17:30:00Z,1748.45,1748.54,1724.95,1745.06,
2008-09-22T13:30:00Z,1742.52,1743.34,1700.57,1700.57,
2008-09-22T17:30:00Z,1701.34,1708.29,1665.41,1665.94,
2008-09-23T13:30:00Z,1678.94,1696.62,1651.54,1658.75,
2008-09-23T17:30:00Z,1657.75,1688.48,1645.58,1648.4,
2008-09-24T13:30:00Z,1657.6,1677.23,1648.65,1676.58,
2008-09-24T17:30:00Z,1676.68,1677.86,1648.73,1661.33,
2008-09-25T13:30:00Z,1675.45,1704.65,1668.71,1699.36,
2008-09-25T17:30:00Z,1699.75,1708.44,1682.3,1687.55,
2008-09-26T13:30:00Z,1642.65,1670.45,1635.54,1666.95,
2008-09-26T17:30:00Z,1666.93,1677.65,1646.51,1672.04,
2008-09-29T13:30:00Z,1638.38,1643.22,1572.37,1588.22,
2008-09-29T17:30:00Z,1587.51,1588.62,1496.15,1496.15,
2008-09-30T13:30:00Z,1540.51,1568.08,1529.97,1568.08,
2008-09-30T17:30:00Z,1567.74,1597.73,1565.92,1584.6,
2008-10-01T13:30:00Z,1581.06,1584.26,1547.99,1566.76,
2008-10-01T17:30:00Z,1566.98,1578.1,1552.81,1563.8,
2008-10-02T13:30:00Z,1547.13,1554.23,1503.13,1508.12,
2008-10-02T17:30:00Z,1508.38,1516.3,1490.72,1491.11,
2008-10-03T13:30:00Z,1516.05,1551.58,1506.85,1524.46,
2008-10-03T17:30:00Z,1523.58,1525.79,1469.0,1470.84,
2008-10-06T13:30:00Z,1431.01,1440.19,1358.09,1374.95,
2008-10-06T17:30:00Z,1376.11,1420.02,1339.17,1411.28,
2008-10-07T13:30:00Z,1416.28,1433.12,1365.89,1369.25,
2008-10-07T17:30:00Z,1370.55,1382.97,1329.98,1329.98,
2008-10-08T13:30:00Z,1298.63,1377.34,1295.98,1341.62,
2008-10-08T17:30:00Z,1339.05,1386.34,1329.23,1330.61,
2008-10-09T13:30:00Z,1349.55,1366.86,1317.7,1350.58,
2008-10-09T17:30:00Z,1350.5,1356.99,1261.54,1275.1,
2008-10-10T13:30:00Z,1234.9,1302.41,1201.16,1226.01,
2008-10-10T17:30:00Z,1226.7,1317.48,1196.11,1269.8,
2008-10-13T13:30:00Z,1338.6,1369.3,1318.86,1366.76,
2008-10-13T17:30:00Z,1366.78,1429.54,1348.93,1429.54,
2008-10-14T13:30:00Z,1470.85,1470.99,1379.29,1398.58,
2008-10-14T17:30:00Z,1399.12,1407.37,1350.64,1364.59,
2008-10-15T13:30:00Z,1351.38,1356.15,1298.0,1299.64,
2008-10-15T17:30:00Z,1300.16,1304.38,1244.23,1244.23,
2008-10-16T13:30:00Z,1256.21,1277.36,1192.25,1248.54,
2008-10-16T17:30:00Z,1248.44,1312.97,1235.12,1312.97,
2008-10-17T13:30:00Z,1291.58,1351.22,1278.95,1347.82,
2008-10-17T17:30:00Z,1349.37,1367.89,1308.03,1311.72,
2008-10-20T13:30:00Z,1329.68,1339.2,1289.97,1321.88,
2008-10-20T17:30:00Z,1322.13,1352.76,1317.49,1352.76,
2008-10-21T13:30:00Z,1329.68,1351.61,1292.4,1305.33,
2008-10-21T17:30:00Z,1304.58,1326.33,1281.73,1283.43,
2008-10-22T13:30:00Z,1272.87,1284.85,1256.29,1263.84,
2008-10-22T17:30:00Z,1263.68,1265.72,1209.84,1237.09,
2008-10-23T13:30:00Z,1240.18,1264.04,1204.8,1210.65,
2008-10-23T17:30:00Z,1207.36,1241.0,1177.17,1239.16,
2008-10-24T13:30:00Z,1149.12,1225.29,1149.12,1205.21,
2008-10-24T17:30:00Z,1205.07,1228.0,1181.87,1202.27,
2008-10-27T13:30:00Z,1182.62,1218.3,1174.88,1218.07,
2008-10-27T17:30:00Z,1219.13,1227.46,1167.7,1169.78,
2008-10-28T13:30:00Z,1210.03,1219.1,1174.59,1203.16,
2008-10-28T17:30:00Z,1202.85,1297.57,1191.74,1297.57,
2008-10-29T13:30:00Z,1292.29,1320.09,1272.19,1318.27,
2008-10-29T17:30:00Z,1318.58,1343.84,1288.51,1302.12,
2008-10-30T13:30:00Z,1333.27,1344.21,1301.0,1321.56,
2008-10-30T17:30:00Z,1321.34,1342.84,1314.59,1333.94,
2008-10-31T13:30:00Z,1318.39,1351.03,1306.02,1348.08,
2008-10-31T17:30:00Z,1348.33,1358.75,1319.65,1334.78,
2008-11-03T14:30:00Z,1333.19,1346.85,1328.5,1338.73,
2008-11-03T18:30:00Z,1338.77,1340.75,1322.43,1334.75,
2008-11-04T14:30:00Z,1363.3,1382.65,1342.3,1377.5,
2008-11-04T18:30:00Z,1377.41,1380.16,1353.59,1378.4,
2008-11-05T14:30:00Z,1359.82,1365.28,1323.57,1330.67,
2008-11-05T18:30:00Z,1330.75,1331.76,1298.57,1299.98,
2008-11-06T14:30:00Z,1278.05,1294.73,1242.51,1250.57,
2008-11-06T18:30:00Z,1250.2,1267.1,1235.85,1241.97,
2008-11-07T14:30:00Z,1258.43,1279.42,1244.19,1271.79,
2008-11-07T18:30:00Z,1271.76,1277.37,1249.23,1271.62,
2008-11-10T14:30:00Z,1297.97,1298.09,1242.65,1252.2,
2008-11-10T18:30:00Z,1252.01,1261.3,1237.12,1251.0,
2008-11-11T14:30:00Z,1236.45,1238.89,1208.99,1213.97,
2008-11-11T18:30:00Z,1214.0,1249.35,1210.74,1225.59,
2008-11-12T14:30:00Z,1204.16,1210.98,1185.15,1193.0,
2008-11-12T18:30:00Z,1192.95,1192.97,1164.93,1165.38,
2008-11-13T14:30:00Z,1167.83,1176.84,1109.89,1138.77,
2008-11-13T18:30:00Z,1139.85,1240.93,1136.86,1240.93,
2008-11-14T14:30:00Z,1209.6,1221.07,1177.65,1196.61,
2008-11-14T18:30:00Z,1198.38,1235.9,1176.28,1179.63,
2008-11-17T14:30:00Z,1157.54,1187.98,1149.2,1172.32,
2008-11-17T18:30:00Z,1172.76,1180.97,1151.46,1151.96,
2008-11-18T14:30:00Z,1158.08,1167.23,1130.1,1135.6,
2008-11-18T18:30:00Z,1136.25,1155.75,1113.25,1155.75,
2008-11-19T14:30:00Z,1154.16,1168.53,1116.68,1116.74,
2008-11-19T18:30:00Z,1116.16,1129.51,1087.6,1087.6,
2008-11-20T14:30:00Z,1076.5,1114.98,1057.07,1089.49,
2008-11-20T18:30:00Z,1088.42,1102.46,1035.25,1036.51,
2008-11-21T14:30:00Z,1059.69,1066.0,1025.39,1037.85,
2008-11-21T18:30:00Z,1038.14,1085.57,1018.86,1085.57,
2008-11-24T14:30:00Z,1106.02,1139.6,1096.55,1128.6,
2008-11-24T18:30:00Z,1128.74,1163.05,1125.36,1154.34,
2008-11-25T14:30:00Z,1164.36,1164.6,1119.1,1132.15,
2008-11-25T18:30:00Z,1131.91,1154.44,1118.28,1142.58,
2008-11-26T14:30:00Z,1126.95,1180.21,1126.95,1173.38,
2008-11-26T18:30:00Z,1173.74,1193.09,1162.66,1193.09,
2008-11-28T14:30:00Z,1181.43,1185.99,1171.82,1185.75,
2008-12-01T14:30:00Z,1156.53,1156.53,1114.9,1120.73,
2008-12-01T18:30:00Z,1120.43,1127.51,1091.16,1091.16,
2008-12-02T14:30:00Z,1109.99,1132.93,1091.04,1126.1,
2008-12-02T18:30:00Z,1126.16,1131.11,1097.09,1130.0,
2008-12-03T14:30:00Z,1103.94,1158.22,1101.63,1132.46,
2008-12-03T18:30:00Z,1132.09,1166.2,1118.05,1166.2,
2008-12-04T14:30:00Z,1144.3,1168.65,1143.94,1144.05,
2008-12-04T18:30:00Z,1142.23,1155.83,1110.66,1127.75,
2008-12-05T14:30:00Z,1113.45,1124.6,1096.09,1119.41,
2008-12-05T18:30:00Z,1118.76,1180.09,1118.74,1177.87,
2008-12-08T14:30:00Z,1202.78,1225.55,1196.91,1217.07,
2008-12-08T18:30:00Z,1216.71,1237.18,1207.26,1225.06,
2008-12-09T14:30:00Z,1204.72,1251.56,1202.14,1220.43,
2008-12-09T18:30:00Z,1220.58,1228.11,1203.52,1212.45,
2008-12-10T14:30:00Z,1223.48,1236.52,1208.56,1223.71,
2008-12-10T18:30:00Z,1223.84,1226.2,1203.79,1222.38,
2008-12-11T14:30:00Z,1210.84,1228.89,1200.67,1217.28,
2008-12-11T18:30:00Z,1218.3,1219.87,1176.19,1180.46,
2008-12-12T14:30:00Z,1161.59,1206.15,1157.41,1196.46,
2008-12-12T18:30:00Z,1197.64,1211.56,1185.67,1206.65,
2008-12-15T14:30:00Z,1206.88,1206.88,1170.68,1177.38,
2008-12-15T18:30:00Z,1177.41,1192.22,1167.79,1181.87,
2008-12-16T14:30:00Z,1194.82,1215.05,1194.72,1211.12,
2008-12-16T18:30:00Z,1210.94,1244.41,1206.69,1243.49,
2008-12-17T14:30:00Z,1225.68,1237.7,1211.54,1233.32,
2008-12-17T18:30:00Z,1233.08,1242.01,1223.65,1225.86,
2008-12-18T14:30:00Z,1227.31,1233.68,1218.35,1226.03,
2008-12-18T18:30:00Z,1226.07,1226.87,1192.7,1204.69,
2008-12-19T14:30:00Z,1219.65,1235.11,1211.75,1218.76,
2008-12-19T18:30:00Z,1219.68,1223.94,1210.95,1217.19,
2008-12-22T14:30:00Z,1212.31,1213.9,1186.48,1190.6,
2008-12-22T18:30:00Z,1190.52,1190.63,1169.3,1189.15,
2008-12-23T14:30:00Z,1194.64,1204.45,1179.74,1184.4,
2008-12-23T18:30:00Z,1184.61,1187.62,1176.06,1183.19,
2008-12-24T14:30:00Z,1186.62,1187.97,1179.35,1184.3,
2008-12-26T14:30:00Z,1189.57,1190.04,1178.92,1180.35,
2008-12-26T18:30:00Z,1180.63,1187.63,1180.63,1185.44,
2008-12-29T14:30:00Z,1185.96,1187.95,1158.14,1158.48,
2008-12-29T18:30:00Z,1158.53,1173.15,1158.53,1173.15,
2008-12-30T14:30:00Z,1182.15,1203.31,1177.98,1194.22,
2008-12-30T18:30:00Z,1193.96,1201.8,1188.97,1201.34,
2008-12-31T14:30:00Z,1202.26,1219.67,1199.7,1215.65,
2008-12-31T18:30:00Z,1215.6,1223.28,1209.32,1211.65,
2009-01-02T14:30:00Z,1212.74,1249.46,1209.11,1249.38,
2009-01-02T18:30:00Z,1249.01,1266.44,1247.29,1263.7,
2009-01-05T14:30:00Z,1254.7,1267.01,1244.94,1265.05,
2009-01-05T18:30:00Z,1265.13,1274.11,1253.73,1262.52,
2009-01-06T14:30:00Z,1274.36,1283.71,1265.54,1275.43,
2009-01-06T18:30:00Z,1275.17,1286.01,1269.0,1274.49,
2009-01-07T14:30:00Z,1249.98,1256.2,1240.31,1249.03,
2009-01-07T18:30:00Z,1248.9,1250.6,1228.47,1238.6,
2009-01-08T14:30:00Z,1231.75,1240.64,1223.9,1229.54,
2009-01-08T18:30:00Z,1229.27,1252.52,1228.56,1252.52,
2009-01-09T14:30:00Z,1252.6,1252.61,1217.8,1226.69,
2009-01-09T18:30:00Z,1226.88,1238.98,1222.04,1223.01,
2009-01-12T14:30:00Z,1225.12,1225.4,1198.09,1202.34,
2009-01-12T18:30:00Z,1202.25,1204.84,1188.69,1201.13,
2009-01-13T14:30:00Z,1200.92,1218.67,1192.53,1195.28,
2009-01-13T18:30:00Z,1194.4,1206.75,1187.04,1202.65,
2009-01-14T14:30:00Z,1183.79,1190.28,1160.89,1166.11,
2009-01-14T18:30:00Z,1166.36,1175.86,1157.93,1163.42,
2009-01-15T14:30:00Z,1159.94,1162.92,1141.87,1158.06,
2009-01-15T18:30:00Z,1158.48,1192.32,1157.68,1183.52,
2009-01-16T14:30:00Z,1199.2,1202.6,1167.57,1177.69,
2009-01-16T18:30:00Z,1177.98,1201.39,1177.19,1198.14,
2009-01-20T14:30:00Z,1193.98,1195.65,1152.33,1157.67,
2009-01-20T18:30:00Z,1157.89,1157.89,1136.61,1136.61,
2009-01-21T14:30:00Z,1156.65,1165.6,1142.33,1148.68,
2009-01-21T18:30:00Z,1148.9,1186.37,1148.82,1185.76,
2009-01-22T14:30:00Z,1161.95,1170.45,1149.54,1163.24,
2009-01-22T18:30:00Z,1160.92,1187.65,1158.56,1168.08,
2009-01-23T14:30:00Z,1148.61,1183.97,1144.63,1181.6,
2009-01-23T18:30:00Z,1179.75,1192.59,1169.83,1175.89,
2009-01-26T14:30:00Z,1177.44,1202.7,1174.42,1189.28,
2009-01-26T18:30:00Z,1189.66,1191.31,1169.36,1184.56,
2009-01-27T14:30:00Z,1185.81,1201.64,1184.42,1195.33,
2009-01-27T18:30:00Z,1195.55,1202.05,1187.9,1194.41,
2009-01-28T14:30:00Z,1213.84,1237.25,1213.41,1236.72,
2009-01-28T18:30:00Z,1237.41,1245.24,1222.94,1235.91,
2009-01-29T14:30:00Z,1217.75,1220.63,1198.98,1205.09,
2009-01-29T18:30:00Z,1205.34,1211.53,1199.86,1203.85,
2009-01-30T14:30:00Z,1212.31,1216.27,1182.26,1191.87,
2009-01-30T18:30:00Z,1191.16,1196.38,1176.85,1180.25,
2009-02-02T14:30:00Z,1168.13,1199.07,1168.13,1188.72,
2009-02-02T18:30:00Z,1188.87,1203.41,1179.91,1195.75,
2009-02-03T14:30:00Z,1198.79,1204.9,1180.62,1194.69,
2009-02-03T18:30:00Z,1194.66,1218.83,1194.46,1215.66,
2009-02-04T14:30:00Z,1215.64,1243.5,1213.28,1232.18,
2009-02-04T18:30:00Z,1232.65,1232.9,1211.0,1215.43,
2009-02-05T14:30:00Z,1206.52,1249.35,1200.93,1236.56,
2009-02-05T18:30:00Z,1236.42,1250.06,1232.75,1245.11,
2009-02-06T14:30:00Z,1244.43,1278.68,1244.05,1277.33,
2009-02-06T18:30:00Z,1277.43,1280.4,1268.24,1277.49,
2009-02-09T14:30:00Z,1276.72,1286.37,1267.98,1282.01,
2009-02-09T18:30:00Z,1281.5,1283.92,1271.02,1281.65,
2009-02-10T14:30:00Z,1269.48,1286.68,1231.76,1233.8,
2009-02-10T18:30:00Z,1232.12,1237.87,1224.13,1229.29,
2009-02-11T14:30:00Z,1231.62,1239.66,1215.73,1224.8,
2009-02-11T18:30:00Z,1224.49,1233.81,1208.54,1227.05,
2009-02-12T14:30:00Z,1212.02,1239.21,1205.72,1222.83,
2009-02-12T18:30:00Z,1222.81,1242.88,1205.91,1242.81,
2009-02-13T14:30:00Z,1240.81,1250.11,1231.76,1240.18,
2009-02-13T18:30:00Z,1239.75,1248.72,1236.02,1236.85,
2009-02-17T14:30:00Z,1197.59,1202.69,1180.5,1186.43,
2009-02-17T18:30:00Z,1186.54,1204.15,1184.8,1187.04,
2009-02-18T14:30:00Z,1193.89,1204.49,1173.03,1191.61,
2009-02-18T18:30:00Z,1191.54,1194.76,1182.24,1188.77,
2009-02-19T14:30:00Z,1194.31,1201.57,1171.17,1185.04,
2009-02-19T18:30:00Z,1184.54,1184.54,1166.92,1167.89,
2009-02-20T14:30:00Z,1157.14,1172.02,1153.36,1156.51,
2009-02-20T18:30:00Z,1156.39,1183.11,1155.21,1172.71,
2009-02-23T14:30:00Z,1180.1,1180.1,1137.48,1144.21,
2009-02-23T18:30:00Z,1144.1,1149.26,1126.79,1128.97,
2009-02-24T14:30:00Z,1138.71,1157.18,1136.22,1152.42,
2009-02-24T18:30:00Z,1153.43,1176.52,1152.74,1171.45,
2009-02-25T14:30:00Z,1158.91,1163.66,1142.95,1153.11,
2009-02-25T18:30:00Z,1153.09,1183.76,1153.09,1160.83,
2009-02-26T14:30:00Z,1168.12,1174.57,1144.41,1149.75,
2009-02-26T18:30:00Z,1149.67,1154.11,1127.1,1127.1,
2009-02-27T14:30:00Z,1116.78,1134.55,1112.16,1126.97,
2009-02-27T18:30:00Z,1127.25,1135.06,1116.99,1116.99,
2009-03-02T14:30:00Z,1098.99,1116.09,1079.03,1081.2,
2009-03-02T18:30:00Z,1081.63,1091.26,1074.84,1076.67,
2009-03-03T14:30:00Z,1092.42,1093.28,1072.59,1081.16,
2009-03-03T18:30:00Z,1081.18,1102.03,1077.49,1080.67,
2009-03-04T14:30:00Z,1096.2,1116.99,1093.95,1109.78,
2009-03-04T18:30:00Z,1110.34,1124.66,1108.46,1110.3,
2009-03-05T14:30:00Z,1094.08,1105.53,1076.88,1085.99,
2009-03-05T18:30:00Z,1085.94,1090.25,1072.76,1074.52,
2009-03-06T14:30:00Z,1082.53,1087.97,1045.24,1051.49,
2009-03-06T18:30:00Z,1051.5,1066.13,1043.73,1064.7,
2009-03-09T13:30:00Z,1058.85,1086.83,1046.56,1049.07,
2009-03-09T17:30:00Z,1048.76,1056.05,1040.52,1043.87,
2009-03-10T13:30:00Z,1060.42,1104.76,1060.42,1102.15,
2009-03-10T17:30:00Z,1102.21,1112.44,1095.78,1112.44,
2009-03-11T13:30:00Z,1118.35,1135.22,1106.72,1118.55,
2009-03-11T17:30:00Z,1120.22,1135.19,1114.98,1125.95,
2009-03-12T13:30:00Z,1121.91,1151.12,1113.82,1146.56,
2009-03-12T17:30:00Z,1146.99,1167.11,1145.89,1164.71,
2009-03-13T13:30:00Z,1162.88,1170.48,1149.66,1162.63,
2009-03-13T17:30:00Z,1162.65,1168.52,1156.08,1168.52,
2009-03-16T13:30:00Z,1177.33,1177.33,1150.88,1165.16,
2009-03-16T17:30:00Z,1165.41,1169.44,1144.73,1145.45,
2009-03-17T13:30:00Z,1151.83,1174.09,1148.94,1170.82,
2009-03-17T17:30:00Z,1170.51,1192.17,1164.29,1192.17,
2009-03-18T13:30:00Z,1185.18,1198.51,1180.41,1194.89,
2009-03-18T17:30:00Z,1194.93,1224.53,1194.77,1206.96,
2009-03-19T13:30:00Z,1220.48,1220.48,1196.2,1203.36,
2009-03-19T17:30:00Z,1203.85,1207.97,1199.92,1204.21,
2009-03-20T13:30:00Z,1207.48,1220.24,1186.28,1186.99,
2009-03-20T17:30:00Z,1186.95,1194.3,1178.53,1187.18,
2009-03-23T13:30:00Z,1212.45,1236.29,1203.9,1227.01,
2009-03-23T17:30:00Z,1227.16,1259.81,1223.7,1259.81,
2009-03-24T13:30:00Z,1245.65,1255.02,1233.86,1254.06,
2009-03-24T17:30:00Z,1254.48,1254.49,1232.83,1235.17,
2009-03-25T13:30:00Z,1243.44,1261.13,1227.06,1229.58,
2009-03-25T17:30:00Z,1229.69,1239.08,1206.96,1236.66,
2009-03-26T13:30:00Z,1254.09,1277.56,1250.28,1275.74,
2009-03-26T17:30:00Z,1276.2,1281.3,1262.48,1281.3,
2009-03-27T13:30:00Z,1263.62,1267.23,1250.03,1254.88,
2009-03-27T17:30:00Z,1254.86,1261.98,1248.97,1251.47,
2009-03-30T13:30:00Z,1230.89,1231.22,1205.09,1213.69,
2009-03-30T17:30:00Z,1213.27,1222.13,1205.5,1220.81,
2009-03-31T13:30:00Z,1232.59,1247.08,1231.8,1244.79,
2009-03-31T17:30:00Z,1244.97,1257.91,1233.64,1237.01,
2009-04-01T13:30:00Z,1215.9,1250.0,1211.6,1244.94,
2009-04-01T17:30:00Z,1244.66,1254.9,1239.7,1252.51,
2009-04-02T13:30:00Z,1274.41,1311.51,1270.14,1299.66,
2009-04-02T17:30:00Z,1299.61,1307.89,1285.37,1294.3,
2009-04-03T13:30:00Z,1306.5,1311.67,1294.34,1310.32,
2009-04-03T17:30:00Z,1310.36,1316.35,1303.81,1316.16,
2009-04-06T13:30:00Z,1301.43,1302.25,1287.48,1295.49,
2009-04-06T17:30:00Z,1295.48,1313.64,1292.32,1313.1,
2009-04-07T13:30:00Z,1296.2,1296.2,1271.4,1272.63,
2009-04-07T17:30:00Z,1271.83,1284.32,1268.83,1275.42,
2009-04-08T13:30:00Z,1289.7,1306.4,1280.36,1301.14,
2009-04-08T17:30:00Z,1301.3,1302.4,1286.51,1300.75,
2009-04-09T13:30:00Z,1322.23,1340.44,1319.65,1337.23,
2009-04-09T17:30:00Z,1337.16,1341.7,1334.31,1340.28,
2009-04-13T13:30:00Z,1333.72,1336.32,1323.0,1334.82,
2009-04-13T17:30:00Z,1334.93,1344.45,1330.75,1336.67,
2009-04-14T13:30:00Z,1325.73,1336.31,1312.51,1318.19,
2009-04-14T17:30:00Z,1318.17,1327.78,1315.36,1322.31,
2009-04-15T13:30:00Z,1311.15,1316.34,1300.2,1311.25,
2009-04-15T17:30:00Z,1311.02,1317.88,1295.47,1316.51,
2009-04-16T13:30:00Z,1334.02,1339.99,1322.35,1339.68,
2009-04-16T17:30:00Z,1339.62,1358.69,1333.93,1352.98,
2009-04-17T13:30:00Z,1347.37,1352.08,1339.15,1351.24,
2009-04-17T17:30:00Z,1351.36,1361.64,1349.98,1353.92,
2009-04-20T13:30:00Z,1330.18,1333.65,1307.73,1310.84,
2009-04-20T17:30:00Z,1310.85,1314.3,1303.85,1309.37,
2009-04-21T13:30:00Z,1303.87,1327.18,1303.87,1321.38,
2009-04-21T17:30:00Z,1321.22,1330.67,1314.45,1329.06,
2009-04-22T13:30:00Z,1322.1,1359.88,1318.19,1349.51,
2009-04-22T17:30:00Z,1349.59,1362.8,1332.83,1335.72,
2009-04-23T13:30:00Z,1340.77,1344.8,1321.55,1339.39,
2009-04-23T17:30:00Z,1339.21,1345.1,1329.38,1344.41,
2009-04-24T13:30:00Z,1352.55,1374.4,1345.03,1372.23,
2009-04-24T17:30:00Z,1372.35,1378.92,1358.72,1373.28,
2009-04-27T13:30:00Z,1359.88,1384.75,1357.89,1370.11,
2009-04-27T17:30:00Z,1369.34,1376.48,1364.08,1369.94,
2009-04-28T13:30:00Z,1362.94,1378.5,1356.18,1368.13,
2009-04-28T17:30:00Z,1367.68,1375.09,1360.8,1361.92,
2009-04-29T13:30:00Z,1373.3,1392.4,1370.55,1391.67,
2009-04-29T17:30:00Z,1391.74,1398.18,1375.96,1382.38,
2009-04-30T13:30:00Z,1398.44,1418.72,1389.13,1390.53,
2009-04-30T17:30:00Z,1390.15,1400.83,1384.57,1394.33,
2009-05-01T13:30:00Z,1396.22,1399.44,1382.94,1399.4,
2009-05-01T17:30:00Z,1399.54,1403.72,1387.46,1396.62,
2009-05-04T13:30:00Z,1407.65,1423.18,1403.92,1420.55,
2009-05-04T17:30:00Z,1420.57,1427.96,1417.74,1427.96,
2009-05-05T13:30:00Z,1423.88,1424.35,1409.07,1411.31,
2009-05-05T17:30:00Z,1411.43,1424.86,1408.35,1423.81,
2009-05-06T13:30:00Z,1433.58,1435.71,1401.13,1409.54,
2009-05-06T17:30:00Z,1408.87,1429.71,1408.46,1423.85,
2009-05-07T13:30:00Z,1429.97,1431.1,1388.09,1390.03,
2009-05-07T17:30:00Z,1390.1,1393.36,1377.67,1389.83,
2009-05-08T13:30:00Z,1399.21,1410.94,1377.43,1391.19,
2009-05-08T17:30:00Z,1391.17,1402.36,1386.81,1394.16,
2009-05-11T13:30:00Z,1375.05,1406.56,1369.79,1403.25,
2009-05-11T17:30:00Z,1403.0,1410.34,1394.17,1395.79,
2009-05-12T13:30:00Z,1402.14,1402.14,1362.43,1366.88,
2009-05-12T17:30:00Z,1366.97,1386.28,1366.18,1377.4,
2009-05-13T13:30:00Z,1364.43,1365.23,1342.62,1342.8,
2009-05-13T17:30:00Z,1342.52,1350.55,1339.83,1339.83,
2009-05-14T13:30:00Z,1348.33,1365.12,1344.83,1360.09,
2009-05-14T17:30:00Z,1359.98,1369.17,1357.08,1359.67,
2009-05-15T13:30:00Z,1355.55,1373.95,1351.27,1358.32,
2009-05-15T17:30:00Z,1358.46,1361.25,1353.04,1355.11,
2009-05-18T13:30:00Z,1367.05,1382.07,1357.64,1378.72,
2009-05-18T17:30:00Z,1378.81,1392.73,1376.99,1392.73,
2009-05-19T13:30:00Z,1387.2,1405.55,1380.0,1405.33,
2009-05-19T17:30:00Z,1406.25,1410.65,1396.81,1398.05,
2009-05-20T13:30:00Z,1401.37,1423.13,1396.31,1402.33,
2009-05-20T17:30:00Z,1403.15,1411.52,1389.02,1393.72,
2009-05-21T13:30:00Z,1378.83,1389.32,1360.19,1360.77,
2009-05-21T17:30:00Z,1361.1,1367.91,1353.61,1367.39,
2009-05-22T13:30:00Z,1371.76,1376.16,1353.65,1373.07,
2009-05-22T17:30:00Z,1372.99,1379.81,1363.17,1363.17,
2009-05-26T13:30:00Z,1351.13,1412.2,1351.13,1411.62,
2009-05-26T17:30:00Z,1411.74,1414.43,1404.69,1412.61,
2009-05-27T13:30:00Z,1408.59,1428.8,1405.22,1423.72,
2009-05-27T17:30:00Z,1423.69,1423.69,1398.46,1401.88,
2009-05-28T13:30:00Z,1411.42,1418.56,1390.41,1415.1,
2009-05-28T17:30:00Z,1414.22,1423.69,1410.9,1420.31,
2009-05-29T13:30:00Z,1421.11,1429.87,1411.79,1419.12,
2009-05-29T17:30:00Z,1419.09,1435.57,1412.56,1435.57,
2009-06-01T13:30:00Z,1451.37,1480.26,1446.97,1475.27,
2009-06-01T17:30:00Z,1475.28,1482.19,1470.28,1477.12,
2009-06-02T13:30:00Z,1474.14,1493.8,1472.2,1478.95,
2009-06-02T17:30:00Z,1478.94,1485.66,1477.52,1480.31,
2009-06-03T13:30:00Z,1472.25,1476.98,1463.39,1463.96,
2009-06-03T17:30:00Z,1463.94,1475.85,1459.59,1475.44,
2009-06-04T13:30:00Z,1476.28,1489.69,1476.28,1488.57,
2009-06-04T17:30:00Z,1488.55,1493.66,1485.66,1492.74,
2009-06-05T13:30:00Z,1503.78,1505.77,1479.22,1493.52,
2009-06-05T17:30:00Z,1493.49,1496.7,1482.7,1493.21,
2009-06-08T13:30:00Z,1482.21,1484.71,1467.13,1471.62,
2009-06-08T17:30:00Z,1471.66,1499.96,1470.29,1488.49,
2009-06-09T13:30:00Z,1495.04,1502.44,1489.22,1501.38,
2009-06-09T17:30:00Z,1501.37,1509.57,1499.42,1501.55,
2009-06-10T13:30:00Z,1509.43,1509.43,1479.1,1480.73,
2009-06-10T17:30:00Z,1480.83,1495.54,1473.88,1495.27,
2009-06-11T13:30:00Z,1494.07,1511.62,1493.16,1511.62,
2009-06-11T17:30:00Z,1511.63,1511.94,1495.16,1497.01,
2009-06-12T13:30:00Z,1488.73,1489.85,1470.2,1476.37,
2009-06-12T17:30:00Z,1476.39,1489.97,1474.43,1489.97,
2009-06-15T13:30:00Z,1472.77,1473.07,1445.3,1449.29,
2009-06-15T17:30:00Z,1449.28,1458.7,1445.39,1456.96,
2009-06-16T13:30:00Z,1463.46,1469.16,1447.55,1450.56,
2009-06-16T17:30:00Z,1450.55,1453.4,1442.81,1443.25,
2009-06-17T13:30:00Z,1449.0,1464.08,1439.38,1463.87,
2009-06-17T17:30:00Z,1464.09,1470.11,1454.49,1455.89,
2009-06-18T13:30:00Z,1456.14,1464.04,1445.31,1461.87,
2009-06-18T17:30:00Z,1461.86,1462.3,1452.56,1453.8,
2009-06-19T13:30:00Z,1465.88,1477.95,1465.16,1466.55,
2009-06-19T17:30:00Z,1466.54,1473.42,1460.45,1471.23,
2009-06-22T13:30:00Z,1455.78,1459.1,1423.81,1425.55,
2009-06-22T17:30:00Z,1425.57,1436.35,1425.54,1426.61,
2009-06-23T13:30:00Z,1427.68,1432.92,1413.54,1422.82,
2009-06-23T17:30:00Z,1422.79,1429.55,1418.87,1424.46,
2009-06-24T13:30:00Z,1436.59,1458.23,1435.28,1454.6,
2009-06-24T17:30:00Z,1454.59,1455.22,1438.9,1447.06,
2009-06-25T13:30:00Z,1438.75,1477.97,1434.97,1475.61,
2009-06-25T17:30:00Z,1475.59,1476.91,1466.6,1475.82,
2009-06-26T13:30:00Z,1467.38,1481.39,1466.24,1479.53,
2009-06-26T17:30:00Z,1479.54,1483.57,1477.51,1480.2,
2009-06-29T13:30:00Z,1483.66,1493.57,1468.98,1486.55,
2009-06-29T17:30:00Z,1486.56,1488.16,1479.56,1483.83,
2009-06-30T13:30:00Z,1484.82,1493.37,1469.62,1470.97,
2009-06-30T17:30:00Z,1470.96,1480.12,1468.11,1477.25,
2009-07-01T13:30:00Z,1486.5,1497.71,1483.62,1492.18,
2009-07-01T17:30:00Z,1492.2,1492.33,1479.67,1481.34,
2009-07-02T13:30:00Z,1464.66,1465.18,1443.75,1450.55,
2009-07-02T17:30:00Z,1450.56,1453.17,1446.27,1446.28,
2009-07-06T13:30:00Z,1435.4,1444.3,1424.61,1432.68,
2009-07-06T17:30:00Z,1432.69,1441.49,1429.76,1441.01,
2009-07-07T13:30:00Z,1440.83,1443.06,1414.4,1419.52,
2009-07-07T17:30:00Z,1419.53,1421.74,1403.6,1404.78,
2009-07-08T13:30:00Z,1412.54,1416.37,1394.87,1407.73,
2009-07-08T17:30:00Z,1407.75,1417.35,1396.7,1411.53,
2009-07-09T13:30:00Z,1417.0,1422.56,1409.13,1420.82,
2009-07-09T17:30:00Z,1420.86,1423.44,1412.18,1414.98,
2009-07-10T13:30:00Z,1409.55,1427.9,1405.58,1415.91,
2009-07-10T17:30:00Z,1415.9,1422.26,1414.71,1419.84,
2009-07-13T13:30:00Z,1423.2,1443.0,1402.19,1442.07,
2009-07-13T17:30:00Z,1442.05,1447.7,1439.37,1447.7,
2009-07-14T13:30:00Z,1444.59,1453.86,1439.57,1450.68,
2009-07-14T17:30:00Z,1450.66,1455.0,1447.69,1452.84,
2009-07-15T13:30:00Z,1473.59,1493.56,1470.09,1492.82,
2009-07-15T17:30:00Z,1492.83,1501.41,1492.51,1500.98,
2009-07-16T13:30:00Z,1495.4,1509.35,1494.57,1505.15,
2009-07-16T17:30:00Z,1505.13,1521.67,1504.72,1518.87,
2009-07-17T13:30:00Z,1516.77,1524.13,1511.61,1523.7,
2009-07-17T17:30:00Z,1523.71,1527.26,1520.8,1527.26,
2009-07-20T13:30:00Z,1534.39,1543.74,1529.45,1535.71,
2009-07-20T17:30:00Z,1535.68,1545.02,1532.43,1544.0,
2009-07-21T13:30:00Z,1548.9,1548.94,1530.8,1536.35,
2009-07-21T17:30:00Z,1536.34,1553.01,1534.83,1553.01,
2009-07-22T13:30:00Z,1552.63,1572.48,1551.16,1566.06,
2009-07-22T17:30:00Z,1566.09,1568.97,1559.73,1565.0,
2009-07-23T13:30:00Z,1561.6,1602.53,1561.54,1601.3,
2009-07-23T17:30:00Z,1601.33,1605.09,1596.73,1601.52,
2009-07-24T13:30:00Z,1579.25,1593.1,1576.51,1592.48,
2009-07-24T17:30:00Z,1592.49,1600.03,1592.31,1599.06,
2009-07-27T13:30:00Z,1597.02,1602.28,1580.52,1586.39,
2009-07-27T17:30:00Z,1586.43,1599.59,1586.07,1599.31,
2009-07-28T13:30:00Z,1590.77,1602.42,1583.27,1596.24,
2009-07-28T17:30:00Z,1596.28,1609.17,1595.35,1605.47,
2009-07-29T13:30:00Z,1596.81,1602.49,1590.11,1590.52,
2009-07-29T17:30:00Z,1590.54,1601.93,1586.04,1599.61,
2009-07-30T13:30:00Z,1614.11,1632.97,1613.03,1620.45,
2009-07-30T17:30:00Z,1620.47,1623.67,1606.72,1609.87,
2009-07-31T13:30:00Z,1608.26,1619.67,1604.75,1613.69,
2009-07-31T17:30:00Z,1613.68,1617.66,1602.25,1603.36,
2009-08-03T13:30:00Z,1619.24,1625.65,1611.6,1623.23,
2009-08-03T17:30:00Z,1623.24,1628.3,1621.67,1628.12,
2009-08-04T13:30:00Z,1619.09,1633.16,1616.54,1629.27,
2009-08-04T17:30:00Z,1629.28,1629.29,1618.04,1628.49,
2009-08-05T13:30:00Z,1631.75,1631.75,1604.09,1612.42,
2009-08-05T17:30:00Z,1612.44,1619.48,1608.02,1614.44,
2009-08-06T13:30:00Z,1618.01,1623.25,1597.94,1604.77,
2009-08-06T17:30:00Z,1604.78,1607.85,1595.65,1600.29,
2009-08-07T13:30:00Z,1620.74,1627.97,1609.54,1627.71,
2009-08-07T17:30:00Z,1627.74,1628.44,1618.57,1619.49,
2009-08-10T13:30:00Z,1612.73,1619.02,1601.4,1603.81,
2009-08-10T17:30:00Z,1603.8,1611.0,1599.46,1610.43,
2009-08-11T13:30:00Z,1603.68,1605.8,1587.4,1588.25,
2009-08-11T17:30:00Z,1588.23,1601.9,1588.21,1594.69,
2009-08-12T13:30:00Z,1595.26,1625.68,1594.76,1625.0,
2009-08-12T17:30:00Z,1624.98,1634.12,1614.5,1619.59,
2009-08-13T13:30:00Z,1628.37,1632.2,1611.24,1625.26,
2009-08-13T17:30:00Z,1625.21,1629.33,1617.03,1628.65,
2009-08-14T13:30:00Z,1623.49,1624.47,1596.99,1600.93,
2009-08-14T17:30:00Z,1600.92,1611.76,1599.05,1611.58,
2009-08-17T13:30:00Z,1583.29,1583.29,1566.98,1569.34,
2009-08-17T17:30:00Z,1569.35,1571.69,1563.14,1564.89,
2009-08-18T13:30:00Z,1573.32,1585.94,1569.22,1584.19,
2009-08-18T17:30:00Z,1584.16,1588.89,1580.79,1586.5,
2009-08-19T13:30:00Z,1568.41,1599.08,1566.44,1597.29,
2009-08-19T17:30:00Z,1597.32,1600.23,1590.87,1596.61,
2009-08-20T13:30:00Z,1594.58,1614.17,1593.12,1611.99,
2009-08-20T17:30:00Z,1611.97,1618.12,1609.11,1614.22,
2009-08-21T13:30:00Z,1620.47,1639.23,1615.12,1631.87,
2009-08-21T17:30:00Z,1631.85,1639.12,1627.72,1637.78,
2009-08-24T13:30:00Z,1641.45,1648.18,1631.81,1632.24,
2009-08-24T17:30:00Z,1632.21,1639.88,1629.77,1634.78,
2009-08-25T13:30:00Z,1640.42,1655.25,1635.89,1641.29,
2009-08-25T17:30:00Z,1641.24,1643.78,1635.38,1639.9,
2009-08-26T13:30:00Z,1636.82,1648.77,1628.41,1631.23,
2009-08-26T17:30:00Z,1631.28,1640.61,1630.88,1637.0,
2009-08-27T13:30:00Z,1636.13,1636.83,1611.73,1623.46,
2009-08-27T17:30:00Z,1623.41,1643.18,1623.41,1640.97,
2009-08-28T13:30:00Z,1661.49,1668.01,1631.47,1639.24,
2009-08-28T17:30:00Z,1639.22,1648.8,1637.12,1643.24,
2009-08-31T13:30:00Z,1628.21,1632.07,1616.52,1618.44,
2009-08-31T17:30:00Z,1618.43,1626.47,1617.23,1625.19,
2009-09-01T13:30:00Z,1620.09,1648.27,1591.01,1596.39,
2009-09-01T17:30:00Z,1596.4,1602.63,1593.36,1595.84,
2009-09-02T13:30:00Z,1588.09,1602.67,1586.55,1598.99,
2009-09-02T17:30:00Z,1598.98,1602.9,1593.24,1594.28,
2009-09-03T13:30:00Z,1601.16,1603.66,1585.56,1602.62,
2009-09-03T17:30:00Z,1602.61,1607.15,1594.74,1605.98,
2009-09-04T13:30:00Z,1609.63,1639.9,1606.47,1637.68,
2009-09-04T17:30:00Z,1637.65,1638.41,1630.49,1638.07,
2009-09-08T13:30:00Z,1651.64,1655.62,1643.69,1647.08,
2009-09-08T17:30:00Z,1647.07,1654.81,1643.44,1654.81,
2009-09-09T13:30:00Z,1655.92,1676.25,1648.92,1671.91,
2009-09-09T17:30:00Z,1671.88,1673.4,1658.82,1669.23,
2009-09-10T13:30:00Z,1668.64,1678.5,1665.49,1675.94,
2009-09-10T17:30:00Z,1675.93,1686.27,1675.46,1686.16,
2009-09-11T13:30:00Z,1684.84,1689.68,1674.14,1681.89,
2009-09-11T17:30:00Z,1681.88,1687.33,1678.26,1685.46,
2009-09-14T13:30:00Z,1673.55,1688.87,1673.13,1684.62,
2009-09-14T17:30:00Z,1684.65,1693.76,1684.35,1693.76,
2009-09-15T13:30:00Z,1691.28,1701.28,1688.46,1700.57,
2009-09-15T17:30:00Z,1700.58,1703.46,1696.49,1699.53,
2009-09-16T13:30:00Z,1705.97,1723.06,1699.74,1722.44,
2009-09-16T17:30:00Z,1722.42,1724.67,1718.66,1723.73,
2009-09-17T13:30:00Z,1721.58,1732.42,1714.33,1716.66,
2009-09-17T17:30:00Z,1716.58,1726.53,1715.5,1721.09,
2009-09-18T13:30:00Z,1728.91,1731.23,1716.45,1728.75,
2009-09-18T17:30:00Z,1728.74,1731.87,1724.21,1725.24,
2009-09-21T13:30:00Z,1717.37,1734.99,1714.1,1729.9,
2009-09-21T17:30:00Z,1729.91,1735.32,1727.14,1731.58,
2009-09-22T13:30:00Z,1740.13,1740.13,1727.5,1732.26,
2009-09-22T17:30:00Z,1732.25,1737.32,1731.34,1734.09,
2009-09-23T13:30:00Z,1739.93,1742.5,1732.41,1739.94,
2009-09-23T17:30:00Z,1739.95,1754.54,1722.99,1724.27,
2009-09-24T13:30:00Z,1732.95,1734.92,1698.69,1704.34,
2009-09-24T17:30:00Z,1704.38,1713.24,1699.61,1709.76,
2009-09-25T13:30:00Z,1696.99,1710.29,1690.68,1694.72,
2009-09-25T17:30:00Z,1694.81,1702.8,1693.72,1694.15,
2009-09-28T13:30:00Z,1702.95,1733.79,1702.52,1730.98,
2009-09-28T17:30:00Z,1730.99,1732.86,1721.22,1724.59,
2009-09-29T13:30:00Z,1724.2,1732.31,1709.28,1722.17,
2009-09-29T17:30:00Z,1722.18,1722.28,1715.65,1717.67,
2009-09-30T13:30:00Z,1723.91,1731.44,1691.76,1726.34,
2009-09-30T17:30:00Z,1726.31,1727.63,1709.88,1718.99,
2009-10-01T13:30:00Z,1710.5,1711.7,1671.56,1673.25,
2009-10-01T17:30:00Z,1673.29,1682.05,1666.41,1666.41,
2009-10-02T13:30:00Z,1656.77,1676.22,1656.57,1671.76,
2009-10-02T17:30:00Z,1671.95,1672.66,1661.22,1662.49,
2009-10-05T13:30:00Z,1668.7,1681.26,1660.37,1676.96,
2009-10-05T17:30:00Z,1676.95,1682.77,1672.3,1675.64,
2009-10-06T13:30:00Z,1684.75,1712.59,1684.08,1706.45,
2009-10-06T17:30:00Z,1706.43,1706.43,1688.44,1705.25,
2009-10-07T13:30:00Z,1701.4,1710.21,1698.63,1705.45,
2009-10-07T17:30:00Z,1705.49,1710.45,1699.64,1710.45,
2009-10-08T13:30:00Z,1720.91,1732.11,1713.6,1724.94,
2009-10-08T17:30:00Z,1724.95,1726.87,1716.56,1717.79,
2009-10-09T13:30:00Z,1713.47,1726.45,1710.58,1725.79,
2009-10-09T17:30:00Z,1725.77,1729.22,1721.68,1727.76,
2009-10-12T13:30:00Z,1732.75,1742.18,1732.33,1733.94,
2009-10-12T17:30:00Z,1733.96,1735.43,1719.02,1729.63,
2009-10-13T13:30:00Z,1729.16,1737.39,1722.68,1730.96,
2009-10-13T17:30:00Z,1730.97,1733.49,1725.75,1730.27,
2009-10-14T13:30:00Z,1750.26,1752.21,1742.25,1748.34,
2009-10-14T17:30:00Z,1748.35,1756.25,1746.26,1754.26,
2009-10-15T13:30:00Z,1747.81,1752.5,1742.89,1747.55,
2009-10-15T17:30:00Z,1747.54,1753.36,1744.8,1753.36,
2009-10-16T13:30:00Z,1747.47,1747.47,1727.56,1741.68,
2009-10-16T17:30:00Z,1741.88,1746.73,1737.99,1739.32,
2009-10-19T13:30:00Z,1741.43,1757.97,1732.02,1753.59,
2009-10-19T17:30:00Z,1753.6,1758.5,1750.66,1756.68,
2009-10-20T13:30:00Z,1766.05,1766.72,1745.81,1752.79,
2009-10-20T17:30:00Z,1752.83,1757.71,1750.25,1756.19,
2009-10-21T13:30:00Z,1754.71,1780.83,1754.32,1770.79,
2009-10-21T17:30:00Z,1770.78,1776.11,1750.91,1753.56,
2009-10-22T13:30:00Z,1749.3,1756.43,1739.59,1751.23,
2009-10-22T17:30:00Z,1751.22,1767.58,1748.64,1763.15,
2009-10-23T13:30:00Z,1774.05,1777.57,1753.09,1755.19,
2009-10-23T17:30:00Z,1755.18,1758.85,1749.03,1753.63,
2009-10-26T13:30:00Z,1756.5,1778.48,1739.96,1745.87,
2009-10-26T17:30:00Z,1745.88,1752.16,1741.96,1746.75,
2009-10-27T13:30:00Z,1746.99,1751.65,1716.46,1717.15,
2009-10-27T17:30:00Z,1717.1,1730.06,1715.11,1722.46,
2009-10-28T13:30:00Z,1712.8,1719.82,1689.21,1697.14,
2009-10-28T17:30:00Z,1697.18,1698.68,1679.35,1682.06,
2009-10-29T13:30:00Z,1694.27,1709.92,1688.68,1705.21,
2009-10-29T17:30:00Z,1705.18,1714.36,1705.03,1711.27,
2009-10-30T13:30:00Z,1707.92,1712.93,1667.52,1673.4,
2009-10-30T17:30:00Z,1673.38,1679.27,1663.94,1667.13,
2009-11-02T14:30:00Z,1667.06,1689.3,1656.05,1667.74,
2009-11-02T18:30:00Z,1667.67,1673.65,1652.44,1672.91,
2009-11-03T14:30:00Z,1661.85,1674.83,1660.1,1671.15,
2009-11-03T18:30:00Z,1670.95,1679.42,1669.53,1679.2,
2009-11-04T14:30:00Z,1687.12,1701.47,1682.6,1692.58,
2009-11-04T18:30:00Z,1692.57,1700.63,1678.17,1680.67,
2009-11-05T14:30:00Z,1700.07,1722.93,1697.94,1717.05,
2009-11-05T18:30:00Z,1717.04,1721.59,1715.33,1721.09,
2009-11-06T14:30:00Z,1709.82,1733.22,1709.44,1729.42,
2009-11-06T18:30:00Z,1729.44,1731.24,1725.28,1730.76,
2009-11-09T14:30:00Z,1743.55,1761.93,1742.97,1760.26,
2009-11-09T18:30:00Z,1760.28,1768.41,1759.96,1768.4,
2009-11-10T14:30:00Z,1765.52,1777.86,1763.89,1768.93,
2009-11-10T18:30:00Z,1768.96,1777.03,1767.38,1773.17,
2009-11-11T14:30:00Z,1784.9,1793.52,1773.81,1777.0,
2009-11-11T18:30:00Z,1776.99,1783.37,1772.47,1782.95,
2009-11-12T14:30:00Z,1784.69,1794.12,1776.42,1778.65,
2009-11-12T18:30:00Z,1778.72,1781.3,1769.64,1773.14,
2009-11-13T14:30:00Z,1780.04,1793.17,1773.29,1790.95,
2009-11-13T18:30:00Z,1790.94,1791.21,1779.73,1788.61,
2009-11-16T14:30:00Z,1794.88,1812.95,1793.63,1809.84,
2009-11-16T18:30:00Z,1809.85,1814.25,1801.81,1807.56,
2009-11-17T14:30:00Z,1802.04,1809.54,1797.74,1805.41,
2009-11-17T18:30:00Z,1805.39,1812.21,1803.99,1812.21,
2009-11-18T14:30:00Z,1807.11,1807.53,1789.66,1791.61,
2009-11-18T18:30:00Z,1791.63,1801.74,1791.63,1801.74,
2009-11-19T14:30:00Z,1788.75,1789.0,1761.11,1766.6,
2009-11-19T18:30:00Z,1766.61,1775.71,1765.98,1773.19,
2009-11-20T14:30:00Z,1760.54,1768.35,1758.0,1760.95,
2009-11-20T18:30:00Z,1760.94,1768.17,1760.8,1764.39,
2009-11-23T14:30:00Z,1782.92,1801.22,1782.91,1790.43,
2009-11-23T18:30:00Z,1790.44,1792.94,1785.81,1792.94,
2009-11-24T14:30:00Z,1791.54,1792.18,1776.1,1782.43,
2009-11-24T18:30:00Z,1782.46,1789.59,1781.02,1786.25,
2009-11-25T14:30:00Z,1790.69,1795.16,1786.87,1791.99,
2009-11-25T18:30:00Z,1791.98,1795.27,1791.17,1793.67,
2009-11-27T14:30:00Z,1743.39,1779.26,1742.2,1765.46,
2009-11-30T14:30:00Z,1762.99,1770.87,1750.88,1757.47,
2009-11-30T18:30:00Z,1757.42,1769.73,1755.84,1767.43,
2009-12-01T14:30:00Z,1782.85,1797.94,1782.85,1796.81,
2009-12-01T18:30:00Z,1796.82,1798.48,1786.08,1787.71,
2009-12-02T14:30:00Z,1791.61,1805.97,1787.1,1789.04,
2009-12-02T18:30:00Z,1789.06,1793.78,1786.23,1790.82,
2009-12-03T14:30:00Z,1795.25,1806.35,1792.11,1797.08,
2009-12-03T18:30:00Z,1797.09,1800.13,1781.76,1782.91,
2009-12-04T14:30:00Z,1808.6,1815.6,1773.31,1783.71,
2009-12-04T18:30:00Z,1783.65,1795.36,1775.89,1791.91,
2009-12-07T14:30:00Z,1791.35,1797.63,1788.08,1792.13,
2009-12-07T18:30:00Z,1792.22,1793.06,1779.47,1783.65,
2009-12-08T14:30:00Z,1772.39,1786.04,1760.86,1776.32,
2009-12-08T18:30:00Z,1776.25,1781.27,1771.39,1772.73,
2009-12-09T14:30:00Z,1770.05,1780.0,1759.34,1772.9,
2009-12-09T18:30:00Z,1772.91,1791.13,1769.52,1789.7,
2009-12-10T14:30:00Z,1799.85,1808.23,1798.89,1801.07,
2009-12-10T18:30:00Z,1801.08,1805.08,1797.03,1799.37,
2009-12-11T14:30:00Z,1808.84,1810.31,1784.82,1791.63,
2009-12-11T18:30:00Z,1791.64,1795.94,1788.43,1792.06,
2009-12-14T14:30:00Z,1802.28,1810.4,1794.3,1808.03,
2009-12-14T18:30:00Z,1808.04,1810.75,1804.91,1809.09,
2009-12-15T14:30:00Z,1801.58,1813.38,1797.5,1805.39,
2009-12-15T18:30:00Z,1805.38,1806.35,1793.6,1798.21,
2009-12-16T14:30:00Z,1805.53,1814.49,1805.37,1809.46,
2009-12-16T18:30:00Z,1809.48,1809.87,1798.52,1800.82,
2009-12-17T14:30:00Z,1791.46,1794.79,1777.08,1781.15,
2009-12-17T18:30:00Z,1781.12,1785.91,1778.27,1778.27,
2009-12-18T14:30:00Z,1794.12,1804.34,1790.14,1804.06,
2009-12-18T18:30:00Z,1804.04,1808.26,1799.15,1807.36,
2009-12-21T14:30:00Z,1818.39,1835.0,1818.39,1829.47,
2009-12-21T18:30:00Z,1829.49,1832.95,1825.62,1828.79,
2009-12-22T14:30:00Z,1833.72,1841.64,1832.1,1839.92,
2009-12-22T18:30:00Z,1839.94,1841.04,1836.95,1839.51,
2009-12-23T14:30:00Z,1842.65,1851.16,1839.12,1849.51,
2009-12-23T18:30:00Z,1849.5,1853.15,1848.7,1851.99,
2009-12-24T14:30:00Z,1856.06,1869.9,1855.78,1869.84,
2009-12-28T14:30:00Z,1874.71,1882.58,1873.15,1879.28,
2009-12-28T18:30:00Z,1879.29,1879.42,1868.14,1878.18,
2009-12-29T14:30:00Z,1879.72,1881.06,1871.13,1873.1,
2009-12-29T18:30:00Z,1873.09,1876.51,1871.72,1872.02,
2009-12-30T14:30:00Z,1872.63,1881.15,1869.6,1872.35,
2009-12-30T18:30:00Z,1872.37,1878.65,1871.35,1878.65,
2009-12-31T14:30:00Z,1881.71,1882.46,1869.41,1871.26,
2009-12-31T18:30:00Z,1871.2,1872.06,1860.31,1860.31,
2010-01-04T14:30:00Z,1882.69,1890.02,1881.63,1887.58,
2010-01-04T18:30:00Z,1887.55,1888.11,1884.13,1886.7,
2010-01-05T14:30:00Z,1887.28,1891.33,1881.72,1883.21,
2010-01-05T18:30:00Z,1883.2,1888.43,1877.52,1888.43,
2010-01-06T14:30:00Z,1887.91,1893.21,1877.02,1882.27,
2010-01-06T18:30:00Z,1882.2,1886.94,1873.9,1878.42,
2010-01-07T14:30:00Z,1878.16,1881.33,1867.62,1872.93,
2010-01-07T18:30:00Z,1872.92,1876.93,1870.59,1876.72,
2010-01-08T14:30:00Z,1870.9,1889.57,1868.55,1888.35,
2010-01-08T18:30:00Z,1888.37,1893.25,1887.68,1892.59,
2010-01-11T14:30:00Z,1896.05,1897.49,1876.25,1880.65,
2010-01-11T18:30:00Z,1880.74,1888.11,1878.28,1886.24,
2010-01-12T14:30:00Z,1874.75,1876.37,1852.31,1855.55,
2010-01-12T18:30:00Z,1855.52,1861.86,1854.57,1861.79,
2010-01-13T14:30:00Z,1868.2,1879.59,1855.27,1879.59,
2010-01-13T18:30:00Z,1879.62,1890.81,1879.3,1886.13,
2010-01-14T14:30:00Z,1880.46,1890.95,1880.35,1884.7,
2010-01-14T18:30:00Z,1884.74,1891.73,1884.73,1886.52,
2010-01-15T14:30:00Z,1887.31,1893.48,1857.11,1860.66,
2010-01-15T18:30:00Z,1860.67,1868.74,1859.96,1864.52,
2010-01-19T14:30:00Z,1869.24,1895.66,1868.83,1893.1,
2010-01-19T18:30:00Z,1893.76,1896.54,1891.48,1895.48,
2010-01-20T14:30:00Z,1882.06,1882.31,1848.09,1854.87,
2010-01-20T18:30:00Z,1854.86,1868.75,1854.0,1867.95,
2010-01-21T14:30:00Z,1874.54,1885.01,1842.86,1849.22,
2010-01-21T18:30:00Z,1849.34,1858.99,1847.94,1850.57,
2010-01-22T14:30:00Z,1842.11,1849.21,1826.36,1829.79,
2010-01-22T18:30:00Z,1829.98,1831.39,1791.4,1794.82,
2010-01-25T14:30:00Z,1806.6,1813.65,1794.68,1807.02,
2010-01-25T18:30:00Z,1807.03,1812.12,1802.39,1802.39,
2010-01-26T14:30:00Z,1798.36,1825.62,1792.04,1820.86,
2010-01-26T18:30:00Z,1820.88,1825.95,1800.78,1803.86,
2010-01-27T14:30:00Z,1801.67,1811.94,1790.1,1792.83,
2010-01-27T18:30:00Z,1792.84,1823.8,1792.62,1818.9,
2010-01-28T14:30:00Z,1805.64,1805.85,1762.1,1770.53,
2010-01-28T18:30:00Z,1770.55,1782.89,1763.82,1771.1,
2010-01-29T14:30:00Z,1787.14,1789.93,1755.62,1761.09,
2010-01-29T18:30:00Z,1761.07,1761.13,1734.03,1741.04,
2010-02-01T14:30:00Z,1745.91,1757.58,1744.26,1756.15,
2010-02-01T18:30:00Z,1756.17,1760.72,1753.49,1760.72,
2010-02-02T14:30:00Z,1760.65,1772.07,1750.39,1770.5,
2010-02-02T18:30:00Z,1770.54,1780.17,1769.66,1776.92,
2010-02-03T14:30:00Z,1767.14,1785.45,1766.6,1783.64,
2010-02-03T18:30:00Z,1783.65,1787.89,1781.06,1784.7,
2010-02-04T14:30:00Z,1771.78,1775.37,1738.87,1744.51,
2010-02-04T18:30:00Z,1744.55,1746.59,1732.99,1732.99,
2010-02-05T14:30:00Z,1739.19,1745.25,1722.9,1723.36,
2010-02-05T18:30:00Z,1723.35,1748.77,1712.89,1746.12,
2010-02-08T14:30:00Z,1744.02,1755.65,1734.22,1747.99,
2010-02-08T18:30:00Z,1748.0,1751.01,1734.12,1734.88,
2010-02-09T14:30:00Z,1756.28,1768.58,1739.24,1756.62,
2010-02-09T18:30:00Z,1756.61,1760.51,1751.12,1753.84,
2010-02-10T14:30:00Z,1752.46,1760.61,1738.46,1758.36,
2010-02-10T18:30:00Z,1758.35,1758.38,1747.9,1749.76,
2010-02-11T14:30:00Z,1747.55,1778.79,1739.02,1777.44,
2010-02-11T18:30:00Z,1777.42,1780.0,1772.38,1775.74,
2010-02-12T14:30:00Z,1761.29,1782.29,1756.65,1771.66,
2010-02-12T18:30:00Z,1771.6,1783.7,1768.89,1779.11,
2010-02-16T14:30:00Z,1792.9,1800.35,1782.73,1797.51,
2010-02-16T18:30:00Z,1797.52,1802.48,1795.28,1802.06,
2010-02-17T14:30:00Z,1808.55,1811.2,1799.25,1808.95,
2010-02-17T18:30:00Z,1808.92,1811.11,1804.79,1810.86,
2010-02-18T14:30:00Z,1809.01,1818.03,1806.76,1814.7,
2010-02-18T18:30:00Z,1814.67,1825.82,1814.54,1823.39,
2010-02-19T14:30:00Z,1816.94,1830.38,1813.08,1826.12,
2010-02-19T18:30:00Z,1826.15,1827.49,1819.24,1823.32,
2010-02-22T14:30:00Z,1828.69,1829.18,1811.52,1816.04,
2010-02-22T18:30:00Z,1816.03,1823.13,1815.3,1817.63,
2010-02-23T14:30:00Z,1815.43,1817.96,1786.46,1793.31,
2010-02-23T18:30:00Z,1793.3,1799.45,1789.07,1793.82,
2010-02-24T14:30:00Z,1803.29,1819.5,1801.04,1816.06,
2010-02-24T18:30:00Z,1816.05,1817.76,1805.09,1812.51,
2010-02-25T14:30:00Z,1791.15,1791.28,1781.12,1787.57,
2010-02-25T18:30:00Z,1787.56,1815.94,1787.52,1812.91,
2010-02-26T14:30:00Z,1812.24,1822.04,1804.15,1818.58,
2010-02-26T18:30:00Z,1818.64,1822.2,1816.97,1818.68,
2010-03-01T14:30:00Z,1826.62,1846.21,1826.61,1843.57,
2010-03-01T18:30:00Z,1843.55,1848.1,1842.83,1846.4,
2010-03-02T14:30:00Z,1851.79,1859.4,1850.14,1856.48,
2010-03-02T18:30:00Z,1856.5,1862.64,1847.03,1851.21,
2010-03-03T14:30:00Z,1854.71,1861.15,1851.4,1854.04,
2010-03-03T18:30:00Z,1854.0,1856.78,1846.22,1851.57,
2010-03-04T14:30:00Z,1852.7,1858.96,1844.92,1852.86,
2010-03-04T18:30:00Z,1852.85,1860.76,1850.14,1859.72,
2010-03-05T14:30:00Z,1871.62,1887.77,1869.1,1885.97,
2010-03-05T18:30:00Z,1885.96,1889.68,1884.1,1888.56,
2010-03-08T14:30:00Z,1888.04,1894.59,1887.66,1893.88,
2010-03-08T18:30:00Z,1893.9,1894.75,1890.19,1890.89,
2010-03-09T14:30:00Z,1885.99,1911.37,1885.99,1910.4,
2010-03-09T18:30:00Z,1910.41,1911.38,1893.28,1901.38,
2010-03-10T14:30:00Z,1901.24,1918.76,1901.11,1915.39,
2010-03-10T18:30:00Z,1915.41,1920.66,1913.02,1917.35,
2010-03-11T14:30:00Z,1911.07,1919.73,1908.39,1914.95,
2010-03-11T18:30:00Z,1914.92,1923.81,1912.02,1923.81,
2010-03-12T14:30:00Z,1930.0,1930.17,1916.41,1923.57,
2010-03-12T18:30:00Z,1923.56,1926.83,1920.91,1924.43,
2010-03-15T13:30:00Z,1918.14,1924.49,1906.01,1908.67,
2010-03-15T17:30:00Z,1908.65,1921.42,1906.64,1920.09,
2010-03-16T13:30:00Z,1924.27,1931.07,1918.98,1927.58,
2010-03-16T17:30:00Z,1927.6,1933.96,1923.0,1932.24,
2010-03-17T13:30:00Z,1934.65,1942.83,1934.49,1941.98,
2010-03-17T17:30:00Z,1941.97,1945.9,1930.91,1936.22,
2010-03-18T13:30:00Z,1937.63,1942.78,1934.17,1940.42,
2010-03-18T17:30:00Z,1940.41,1945.28,1938.33,1943.94,
2010-03-19T13:30:00Z,1943.96,1949.14,1927.42,1929.83,
2010-03-19T17:30:00Z,1929.84,1932.77,1924.72,1931.82,
2010-03-22T13:30:00Z,1922.73,1952.74,1921.71,1950.2,
2010-03-22T17:30:00Z,1950.18,1956.48,1947.86,1949.59,
2010-03-23T13:30:00Z,1952.54,1955.27,1943.25,1954.34,
2010-03-23T17:30:00Z,1954.28,1964.14,1950.52,1963.2,
2010-03-24T13:30:00Z,1956.63,1958.6,1948.85,1952.1,
2010-03-24T17:30:00Z,1952.11,1956.44,1949.42,1951.84,
2010-03-25T13:30:00Z,1966.56,1976.38,1960.72,1972.55,
2010-03-25T17:30:00Z,1972.56,1972.67,1948.5,1949.15,
2010-03-26T13:30:00Z,1958.27,1965.52,1942.21,1946.25,
2010-03-26T17:30:00Z,1946.21,1953.24,1942.44,1952.63,
2010-03-29T13:30:00Z,1960.63,1968.43,1960.52,1960.89,
2010-03-29T17:30:00Z,1960.9,1962.41,1956.6,1961.22,
2010-03-30T13:30:00Z,1966.51,1974.47,1955.22,1962.95,
2010-03-30T17:30:00Z,1962.98,1970.58,1960.9,1967.96,
2010-03-31T13:30:00Z,1962.17,1968.94,1956.52,1967.6,
2010-03-31T17:30:00Z,1967.56,1969.9,1955.15,1958.34,
2010-04-01T13:30:00Z,1968.44,1979.49,1962.98,1964.0,
2010-04-01T17:30:00Z,1964.01,1964.38,1943.97,1959.56,
2010-04-05T13:30:00Z,1964.03,1981.07,1958.01,1977.14,
2010-04-05T17:30:00Z,1977.16,1978.56,1974.3,1977.83,
2010-04-06T13:30:00Z,1971.09,1979.66,1968.17,1979.02,
2010-04-06T17:30:00Z,1979.03,1988.04,1977.36,1981.95,
2010-04-07T13:30:00Z,1980.2,1987.34,1976.46,1986.44,
2010-04-07T17:30:00Z,1986.41,1986.67,1967.14,1977.3,
2010-04-08T13:30:00Z,1972.82,1984.9,1962.04,1981.7,
2010-04-08T17:30:00Z,1981.69,1984.67,1979.01,1980.73,
2010-04-09T13:30:00Z,1984.01,1988.43,1978.04,1987.65,
2010-04-09T17:30:00Z,1987.66,1994.48,1984.58,1994.43,
2010-04-12T13:30:00Z,1995.35,2000.5,1990.78,1998.95,
2010-04-12T17:30:00Z,1998.94,2000.56,1994.04,1995.65,
2010-04-13T13:30:00Z,1994.34,2001.13,1986.83,1998.89,
2010-04-13T17:30:00Z,1998.89,2006.51,1998.84,2003.81,
2010-04-14T13:30:00Z,2015.61,2024.15,2012.98,2024.08,
2010-04-14T17:30:00Z,2024.06,2029.06,2020.01,2028.82,
2010-04-15T13:30:00Z,2027.92,2040.49,2027.52,2038.24,
2010-04-15T17:30:00Z,2038.26,2040.27,2035.29,2038.64,
2010-04-16T13:30:00Z,2030.34,2037.47,2000.77,2010.05,
2010-04-16T17:30:00Z,2010.08,2018.75,2006.74,2012.84,
2010-04-19T13:30:00Z,2011.4,2018.93,1988.37,1993.51,
2010-04-19T17:30:00Z,1993.51,2014.23,1988.82,2013.53,
2010-04-20T13:30:00Z,2025.04,2027.16,2009.55,2024.62,
2010-04-20T17:30:00Z,2024.62,2027.44,2020.91,2023.6,
2010-04-21T13:30:00Z,2037.15,2040.83,2021.72,2029.18,
2010-04-21T17:30:00Z,2029.19,2036.19,2023.68,2034.53,
2010-04-22T13:30:00Z,2016.49,2029.88,2002.97,2029.16,
2010-04-22T17:30:00Z,2029.15,2047.11,2027.03,2045.16,
2010-04-23T13:30:00Z,2042.8,2054.83,2036.99,2043.41,
2010-04-23T17:30:00Z,2043.42,2055.63,2041.68,2055.33,
2010-04-26T13:30:00Z,2054.22,2059.42,2045.64,2049.66,
2010-04-26T17:30:00Z,2049.68,2055.68,2045.7,2049.09,
2010-04-27T13:30:00Z,2040.43,2049.9,2008.15,2025.85,
2010-04-27T17:30:00Z,2025.89,2026.74,2001.02,2006.25,
2010-04-28T13:30:00Z,2016.52,2017.92,1991.95,2003.72,
2010-04-28T17:30:00Z,2003.72,2013.87,2001.28,2007.59,
2010-04-29T13:30:00Z,2020.51,2045.86,2019.32,2041.66,
2010-04-29T17:30:00Z,2041.65,2045.56,2039.4,2042.89,
2010-04-30T13:30:00Z,2040.58,2044.39,2006.88,2014.39,
2010-04-30T17:30:00Z,2014.37,2017.08,2000.26,2000.63,
2010-05-03T13:30:00Z,2010.94,2039.26,2010.91,2036.06,
2010-05-03T17:30:00Z,2036.0,2039.52,2029.02,2031.6,
2010-05-04T13:30:00Z,2003.59,2003.59,1955.39,1963.73,
2010-05-04T17:30:00Z,1963.75,1972.13,1959.05,1968.97,
2010-05-05T13:30:00Z,1947.35,1971.1,1936.56,1962.65,
2010-05-05T17:30:00Z,1962.74,1964.44,1947.64,1958.26,
2010-05-06T13:30:00Z,1948.25,1964.1,1928.84,1931.15,
2010-05-06T17:30:00Z,1931.29,1931.83,1752.31,1893.51,
2010-05-07T13:30:00Z,1879.76,1901.89,1808.07,1856.2,
2010-05-07T17:30:00Z,1856.14,1870.98,1835.61,1849.44,
2010-05-10T13:30:00Z,1931.52,1942.64,1925.19,1930.64,
2010-05-10T17:30:00Z,1930.62,1942.61,1923.52,1942.61,
2010-05-11T13:30:00Z,1920.24,1962.93,1918.12,1960.31,
2010-05-11T17:30:00Z,1960.29,1966.48,1937.72,1940.48,
2010-05-12T13:30:00Z,1951.99,1972.98,1947.2,1970.75,
2010-05-12T17:30:00Z,1970.76,1977.42,1966.26,1975.58,
2010-05-13T13:30:00Z,1969.44,1983.13,1961.85,1969.13,
2010-05-13T17:30:00Z,1969.14,1972.01,1940.44,1945.52,
2010-05-14T13:30:00Z,1928.58,1929.91,1885.51,1898.65,
2010-05-14T17:30:00Z,1898.66,1912.42,1888.23,1907.1,
2010-05-17T13:30:00Z,1911.38,1920.75,1872.92,1890.7,
2010-05-17T17:30:00Z,1890.71,1916.92,1884.76,1915.45,
2010-05-18T13:30:00Z,1929.12,1933.25,1891.98,1898.01,
2010-05-18T17:30:00Z,1898.03,1899.6,1878.55,1887.06,
2010-05-19T13:30:00Z,1879.32,1894.41,1851.01,1875.38,
2010-05-19T17:30:00Z,1875.34,1882.31,1861.25,1873.42,
2010-05-20T13:30:00Z,1830.17,1839.37,1798.2,1818.27,
2010-05-20T17:30:00Z,1818.57,1839.99,1800.12,1800.12,
2010-05-21T13:30:00Z,1772.34,1834.69,1767.94,1815.38,
2010-05-21T17:30:00Z,1815.54,1824.46,1796.92,1822.77,
2010-05-24T13:30:00Z,1818.46,1841.11,1817.45,1837.46,
2010-05-24T17:30:00Z,1837.6,1839.36,1814.17,1815.28,
2010-05-25T13:30:00Z,1769.32,1794.69,1756.63,1783.46,
2010-05-25T17:30:00Z,1783.63,1818.28,1777.4,1815.68,
2010-05-26T13:30:00Z,1827.58,1850.8,1825.29,1832.4,
2010-05-26T17:30:00Z,1832.38,1837.85,1793.03,1796.47,
2010-05-27T13:30:00Z,1837.65,1849.52,1831.78,1848.66,
2010-05-27T17:30:00Z,1848.6,1863.87,1847.92,1863.28,
2010-05-28T13:30:00Z,1865.89,1867.72,1837.23,1846.86,
2010-05-28T17:30:00Z,1846.85,1867.3,1836.23,1852.39,
2010-06-01T13:30:00Z,1846.6,1878.04,1842.23,1872.35,
2010-06-01T17:30:00Z,1872.74,1873.6,1832.96,1835.04,
2010-06-02T13:30:00Z,1844.69,1865.28,1832.58,1859.94,
2010-06-02T17:30:00Z,1859.92,1879.59,1850.84,1879.59,
2010-06-03T13:30:00Z,1883.25,1894.45,1871.59,1877.65,
2010-06-03T17:30:00Z,1877.66,1898.93,1877.66,1895.66,
2010-06-04T13:30:00Z,1857.83,1879.31,1847.85,1850.62,
2010-06-04T17:30:00Z,1850.61,1851.02,1824.71,1832.04,
2010-06-07T13:30:00Z,1839.77,1845.3,1811.79,1829.78,
2010-06-07T17:30:00Z,1829.77,1833.69,1795.54,1798.16,
2010-06-08T13:30:00Z,1799.26,1805.84,1771.76,1781.86,
2010-06-08T17:30:00Z,1781.88,1797.86,1770.46,1795.7,
2010-06-09T13:30:00Z,1805.87,1823.21,1794.02,1812.44,
2010-06-09T17:30:00Z,1812.43,1812.48,1774.05,1778.92,
2010-06-10T13:30:00Z,1800.57,1818.41,1796.32,1809.62,
2010-06-10T17:30:00Z,1809.6,1831.81,1808.77,1830.09,
2010-06-11T13:30:00Z,1814.25,1842.33,1811.99,1834.82,
2010-06-11T17:30:00Z,1834.83,1848.62,1824.49,1847.15,
2010-06-14T13:30:00Z,1863.26,1876.94,1860.42,1864.26,
2010-06-14T17:30:00Z,1864.32,1868.54,1844.16,1845.48,
2010-06-15T13:30:00Z,1855.69,1887.36,1855.69,1885.13,
2010-06-15T17:30:00Z,1885.14,1898.79,1883.77,1897.48,
2010-06-16T13:30:00Z,1891.26,1909.38,1888.22,1906.83,
2010-06-16T17:30:00Z,1906.82,1913.21,1898.41,1905.31,
2010-06-17T13:30:00Z,1914.75,1916.24,1894.27,1905.23,
2010-06-17T17:30:00Z,1905.3,1913.83,1897.19,1910.65,
2010-06-18T13:30:00Z,1911.06,1925.2,1906.85,1911.29,
2010-06-18T17:30:00Z,1911.09,1915.56,1907.95,1913.48,
2010-06-21T13:30:00Z,1939.77,1939.77,1913.98,1919.53,
2010-06-21T17:30:00Z,1919.52,1919.97,1885.2,1895.84,
2010-06-22T13:30:00Z,1903.31,1917.26,1897.22,1905.77,
2010-06-22T17:30:00Z,1905.93,1909.91,1877.97,1880.54,
2010-06-23T13:30:00Z,1883.97,1884.73,1859.05,1875.34,
2010-06-23T17:30:00Z,1875.33,1889.73,1866.11,1874.42,
2010-06-24T13:30:00Z,1868.47,1871.13,1843.99,1856.62,
2010-06-24T17:30:00Z,1856.63,1868.74,1839.32,1844.59,
2010-06-25T13:30:00Z,1848.82,1851.89,1829.3,1851.81,
2010-06-25T17:30:00Z,1851.93,1857.31,1838.52,1838.52,
2010-06-28T13:30:00Z,1843.27,1852.66,1823.51,1838.98,
2010-06-28T17:30:00Z,1838.97,1847.26,1835.8,1836.0,
2010-06-29T13:30:00Z,1805.55,1807.09,1767.47,1773.94,
2010-06-29T17:30:00Z,1773.93,1781.1,1752.56,1764.06,
2010-06-30T13:30:00Z,1761.98,1776.61,1758.38,1770.78,
2010-06-30T17:30:00Z,1770.77,1771.88,1734.9,1739.14,
2010-07-01T13:30:00Z,1741.93,1747.25,1700.04,1729.18,
2010-07-01T17:30:00Z,1729.16,1740.56,1720.81,1734.41,
2010-07-02T13:30:00Z,1736.25,1742.36,1712.92,1716.51,
2010-07-02T17:30:00Z,1716.52,1741.32,1715.97,1728.34,
2010-07-06T13:30:00Z,1752.98,1763.88,1735.52,1739.97,
2010-07-06T17:30:00Z,1739.9,1740.64,1719.2,1734.68,
2010-07-07T13:30:00Z,1739.01,1769.47,1736.99,1768.74,
2010-07-07T17:30:00Z,1768.73,1790.18,1765.38,1789.72,
2010-07-08T13:30:00Z,1801.55,1805.83,1778.94,1787.14,
2010-07-08T17:30:00Z,1787.15,1799.42,1777.44,1798.31,
2010-07-09T13:30:00Z,1797.04,1809.17,1793.0,1802.64,
2010-07-09T17:30:00Z,1802.55,1815.24,1801.8,1814.79,
2010-07-12T13:30:00Z,1814.49,1831.62,1808.7,1819.84,
2010-07-12T17:30:00Z,1819.83,1823.34,1815.02,1821.03,
2010-07-13T13:30:00Z,1835.02,1845.23,1822.25,1834.72,
2010-07-13T17:30:00Z,1834.73,1851.25,1833.37,1845.03,
2010-07-14T13:30:00Z,1847.92,1863.52,1842.5,1856.92,
2010-07-14T17:30:00Z,1856.93,1858.23,1840.62,1853.41,
2010-07-15T13:30:00Z,1849.24,1852.17,1830.7,1846.06,
2010-07-15T17:30:00Z,1846.13,1860.35,1839.77,1856.24,
2010-07-16T13:30:00Z,1845.5,1850.73,1810.72,1813.15,
2010-07-16T17:30:00Z,1812.89,1821.85,1802.54,1803.48,
2010-07-19T13:30:00Z,1807.99,1819.81,1794.56,1804.1,
2010-07-19T17:30:00Z,1804.13,1822.71,1802.66,1819.28,
2010-07-20T13:30:00Z,1789.93,1812.71,1784.55,1812.71,
2010-07-20T17:30:00Z,1812.78,1841.16,1812.54,1840.67,
2010-07-21T13:30:00Z,1859.6,1859.85,1829.61,1843.15,
2010-07-21T17:30:00Z,1843.16,1847.71,1813.28,1817.3,
2010-07-22T13:30:00Z,1842.38,1870.41,1842.38,1862.56,
2010-07-22T17:30:00Z,1862.57,1869.75,1856.05,1863.1,
2010-07-23T13:30:00Z,1851.81,1868.6,1846.32,1868.6,
2010-07-23T17:30:00Z,1868.78,1875.38,1866.65,1875.38,
2010-07-26T13:30:00Z,1875.77,1887.5,1867.84,1881.77,
2010-07-26T17:30:00Z,1881.76,1890.4,1877.58,1890.4,
2010-07-27T13:30:00Z,1899.13,1900.15,1880.22,1880.61,
2010-07-27T17:30:00Z,1880.6,1892.75,1880.36,1888.81,
2010-07-28T13:30:00Z,1887.46,1894.69,1877.03,1877.42,
2010-07-28T17:30:00Z,1877.77,1878.44,1866.68,1872.62,
2010-07-29T13:30:00Z,1884.07,1887.41,1841.36,1855.02,
2010-07-29T17:30:00Z,1855.01,1876.48,1854.76,1860.3,
2010-07-30T13:30:00Z,1842.33,1866.58,1833.9,1858.52,
2010-07-30T17:30:00Z,1858.61,1874.63,1850.81,1864.0,
2010-08-02T13:30:00Z,1886.61,1900.96,1879.77,1895.99,
2010-08-02T17:30:00Z,1895.89,1902.67,1894.01,1898.99,
2010-08-03T13:30:00Z,1898.46,1898.63,1881.58,1890.07,
2010-08-03T17:30:00Z,1890.15,1893.71,1886.07,1891.81,
2010-08-04T13:30:00Z,1898.81,1909.55,1891.23,1900.96,
2010-08-04T17:30:00Z,1900.97,1911.01,1900.39,1909.2,
2010-08-05T13:30:00Z,1900.07,1907.68,1892.5,1901.29,
2010-08-05T17:30:00Z,1901.3,1907.8,1901.28,1904.95,
2010-08-06T13:30:00Z,1883.32,1905.01,1873.44,1883.57,
2010-08-06T17:30:00Z,1883.66,1903.63,1881.83,1902.88,
2010-08-09T13:30:00Z,1911.38,1913.86,1902.98,1910.18,
2010-08-09T17:30:00Z,1910.17,1918.78,1909.61,1915.17,
2010-08-10T13:30:00Z,1896.71,1901.04,1882.6,1883.93,
2010-08-10T17:30:00Z,1883.96,1908.73,1883.57,1899.24,
2010-08-11T13:30:00Z,1866.0,1866.0,1838.89,1846.47,
2010-08-11T17:30:00Z,1846.5,1850.3,1842.22,1845.38,
2010-08-12T13:30:00Z,1808.63,1839.24,1807.46,1833.18,
2010-08-12T17:30:00Z,1833.09,1838.06,1824.56,1832.17,
2010-08-13T13:30:00Z,1825.29,1832.46,1818.3,1827.85,
2010-08-13T17:30:00Z,1827.86,1830.37,1818.8,1818.8,
2010-08-16T13:30:00Z,1806.97,1834.05,1801.74,1828.49,
2010-08-16T17:30:00Z,1828.51,1829.51,1813.5,1821.51,
2010-08-17T13:30:00Z,1833.15,1860.68,1831.27,1859.76,
2010-08-17T17:30:00Z,1859.77,1860.67,1844.04,1845.37,
2010-08-18T13:30:00Z,1841.42,1862.32,1834.2,1860.6,
2010-08-18T17:30:00Z,1860.61,1862.37,1849.97,1850.8,
2010-08-19T13:30:00Z,1842.79,1847.62,1811.57,1820.15,
2010-08-19T17:30:00Z,1820.14,1830.7,1816.03,1823.0,
2010-08-20T13:30:00Z,1818.42,1826.98,1810.62,1819.77,
2010-08-20T17:30:00Z,1819.75,1829.92,1817.67,1825.75,
2010-08-23T13:30:00Z,1833.33,1842.79,1810.67,1817.04,
2010-08-23T17:30:00Z,1817.03,1821.24,1807.84,1808.31,
2010-08-24T13:30:00Z,1783.2,1793.43,1767.36,1786.34,
2010-08-24T17:30:00Z,1786.31,1787.88,1774.02,1775.27,
2010-08-25T13:30:00Z,1762.68,1780.5,1758.62,1772.76,
2010-08-25T17:30:00Z,1772.77,1798.38,1772.18,1790.88,
2010-08-26T13:30:00Z,1797.35,1800.62,1779.51,1783.22,
2010-08-26T17:30:00Z,1783.13,1784.91,1767.85,1769.02,
2010-08-27T13:30:00Z,1780.11,1788.19,1747.32,1785.34,
2010-08-27T17:30:00Z,1785.35,1794.29,1784.85,1791.64,
2010-08-30T13:30:00Z,1785.98,1798.47,1781.64,1782.43,
2010-08-30T17:30:00Z,1782.44,1785.94,1772.07,1772.07,
2010-08-31T13:30:00Z,1762.54,1781.47,1755.38,1774.18,
2010-08-31T17:30:00Z,1774.17,1776.78,1758.21,1767.43,
2010-09-01T13:30:00Z,1791.91,1824.66,1791.41,1819.04,
2010-09-01T17:30:00Z,1819.03,1821.45,1812.54,1819.03,
2010-09-02T13:30:00Z,1822.83,1834.16,1817.99,1829.25,
2010-09-02T17:30:00Z,1829.23,1840.58,1829.02,1840.58,
2010-09-03T13:30:00Z,1864.03,1869.79,1851.6,1863.71,
2010-09-03T17:30:00Z,1863.7,1870.31,1862.49,1870.31,
2010-09-07T13:30:00Z,1862.88,1870.06,1855.85,1858.61,
2010-09-07T17:30:00Z,1858.59,1864.65,1854.43,1856.5,
2010-09-08T13:30:00Z,1863.71,1887.17,1863.53,1883.37,
2010-09-08T17:30:00Z,1883.35,1884.72,1875.03,1880.0,
2010-09-09T13:30:00Z,1897.01,1897.93,1886.16,1886.41,
2010-09-09T17:30:00Z,1886.43,1892.45,1882.79,1886.14,
2010-09-10T13:30:00Z,1887.83,1895.92,1879.71,1885.25,
2010-09-10T17:30:00Z,1885.24,1894.95,1884.54,1892.34,
2010-09-13T13:30:00Z,1908.75,1922.89,1908.41,1916.29,
2010-09-13T17:30:00Z,1916.28,1924.61,1912.93,1921.67,
2010-09-14T13:30:00Z,1917.83,1938.01,1913.71,1929.83,
2010-09-14T17:30:00Z,1929.87,1936.13,1926.58,1928.59,
2010-09-15T13:30:00Z,1923.97,1938.27,1918.1,1935.78,
2010-09-15T17:30:00Z,1935.75,1942.34,1932.2,1939.6,
2010-09-16T13:30:00Z,1937.18,1940.26,1931.72,1935.86,
2010-09-16T17:30:00Z,1935.84,1949.39,1934.31,1948.11,
2010-09-17T13:30:00Z,1959.26,1961.01,1945.52,1953.26,
2010-09-17T17:30:00Z,1953.23,1958.84,1952.6,1955.83,
2010-09-20T13:30:00Z,1962.15,1982.03,1960.43,1977.51,
2010-09-20T17:30:00Z,1977.47,1992.8,1975.89,1989.43,
2010-09-21T13:30:00Z,1990.19,1992.11,1983.7,1987.02,
2010-09-21T17:30:00Z,1987.01,2002.79,1980.47,1989.11,
2010-09-22T13:30:00Z,1979.9,1996.45,1972.83,1975.82,
2010-09-22T17:30:00Z,1975.83,1983.78,1975.23,1982.76,
2010-09-23T13:30:00Z,1968.03,2002.46,1967.82,1997.55,
2010-09-23T17:30:00Z,1997.56,1999.43,1975.37,1982.15,
2010-09-24T13:30:00Z,2006.53,2023.66,2002.55,2022.27,
2010-09-24T17:30:00Z,2022.3,2023.85,2016.22,2023.84,
2010-09-27T13:30:00Z,2021.68,2023.24,2012.64,2016.99,
2010-09-27T17:30:00Z,2017.0,2026.42,2010.53,2010.99,
2010-09-28T13:30:00Z,2013.57,2016.22,1979.74,2009.44,
2010-09-28T17:30:00Z,2009.54,2017.57,2003.9,2012.43,
2010-09-29T13:30:00Z,2008.14,2017.24,2001.63,2007.82,
2010-09-29T17:30:00Z,2007.81,2013.89,2000.91,2009.08,
2010-09-30T13:30:00Z,2021.49,2029.65,1986.33,2004.7,
2010-09-30T17:30:00Z,2004.72,2012.16,1997.65,1998.04,
2010-10-01T13:30:00Z,2014.47,2017.23,1987.71,1998.82,
2010-10-01T17:30:00Z,1998.83,2002.46,1992.66,1996.6,
2010-10-04T13:30:00Z,1990.13,1997.67,1963.68,1972.83,
2010-10-04T17:30:00Z,1972.82,1977.76,1967.98,1975.33,
2010-10-05T13:30:00Z,1996.38,2024.03,1996.21,2020.19,
2010-10-05T17:30:00Z,2020.18,2026.46,2017.32,2024.63,
2010-10-06T13:30:00Z,2021.21,2024.92,1992.65,1995.5,
2010-10-06T17:30:00Z,1995.52,2006.54,1993.6,2006.52,
2010-10-07T13:30:00Z,2016.08,2017.44,1996.25,2004.51,
2010-10-07T17:30:00Z,2004.52,2014.42,2002.14,2011.63,
2010-10-08T13:30:00Z,2014.99,2030.79,1999.89,2027.01,
2010-10-08T17:30:00Z,2027.02,2030.89,2019.15,2027.03,
2010-10-11T13:30:00Z,2028.53,2037.12,2026.14,2034.56,
2010-10-11T17:30:00Z,2034.52,2035.98,2021.43,2026.98,
2010-10-12T13:30:00Z,2023.75,2035.66,2007.13,2032.63,
2010-10-12T17:30:00Z,2032.62,2045.08,2030.0,2041.55,
2010-10-13T13:30:00Z,2052.5,2064.12,2048.05,2061.87,
2010-10-13T17:30:00Z,2061.9,2067.06,2056.25,2057.25,
2010-10-14T13:30:00Z,2058.35,2062.26,2046.55,2049.02,
2010-10-14T17:30:00Z,2048.95,2054.51,2043.7,2054.51,
2010-10-15T13:30:00Z,2078.63,2086.0,2062.84,2084.19,
2010-10-15T17:30:00Z,2084.22,2097.73,2079.67,2097.73,
2010-10-18T13:30:00Z,2100.21,2103.09,2091.15,2093.95,
2010-10-18T17:30:00Z,2093.92,2105.07,2092.54,2104.15,
2010-10-19T13:30:00Z,2063.96,2087.05,2054.61,2076.35,
2010-10-19T17:30:00Z,2076.34,2078.22,2054.66,2069.73,
2010-10-20T13:30:00Z,2075.47,2100.16,2072.54,2095.4,
2010-10-20T17:30:00Z,2095.28,2096.4,2083.97,2085.75,
2010-10-21T13:30:00Z,2097.17,2106.24,2085.86,2091.15,
2010-10-21T17:30:00Z,2091.14,2091.15,2069.45,2090.1,
2010-10-22T13:30:00Z,2089.22,2104.27,2086.89,2102.84,
2010-10-22T17:30:00Z,2102.83,2105.44,2098.94,2104.21,
2010-10-25T13:30:00Z,2113.23,2127.26,2112.28,2117.96,
2010-10-25T17:30:00Z,2117.95,2122.96,2113.13,2113.55,
2010-10-26T13:30:00Z,2100.53,2123.81,2094.84,2119.23,
2010-10-26T17:30:00Z,2119.24,2123.02,2113.7,2119.05,
2010-10-27T13:30:00Z,2108.11,2123.13,2104.99,2111.13,
2010-10-27T17:30:00Z,2111.1,2127.21,2109.42,2125.88,
2010-10-28T13:30:00Z,2135.14,2135.69,2112.09,2122.19,
2010-10-28T17:30:00Z,2122.15,2133.75,2119.17,2129.73,
2010-10-29T13:30:00Z,2126.76,2137.33,2125.14,2131.98,
2010-10-29T17:30:00Z,2132.09,2134.34,2124.45,2124.45,
2010-11-01T13:30:00Z,2135.57,2148.07,2122.61,2130.12,
2010-11-01T17:30:00Z,2130.28,2134.52,2117.59,2127.19,
2010-11-02T13:30:00Z,2146.98,2152.09,2141.62,2150.91,
2010-11-02T17:30:00Z,2150.89,2155.46,2148.2,2151.72,
2010-11-03T13:30:00Z,2151.19,2154.22,2138.53,2143.79,
2010-11-03T17:30:00Z,2143.77,2159.68,2132.69,2158.36,
2010-11-04T13:30:00Z,2183.1,2193.66,2179.06,2188.56,
2010-11-04T17:30:00Z,2188.57,2189.17,2181.96,2187.8,
2010-11-05T13:30:00Z,2188.32,2191.24,2179.96,2187.64,
2010-11-05T17:30:00Z,2187.63,2187.75,2179.86,2186.71,
2010-11-08T14:30:00Z,2179.7,2191.49,2176.67,2189.23,
2010-11-08T18:30:00Z,2189.24,2191.01,2185.34,2188.94,
2010-11-09T14:30:00Z,2195.78,2200.16,2183.7,2184.1,
2010-11-09T18:30:00Z,2184.0,2185.51,2166.96,2176.88,
2010-11-10T14:30:00Z,2178.36,2186.34,2162.63,2184.66,
2010-11-10T18:30:00Z,2184.67,2189.38,2181.85,2187.74,
2010-11-11T14:30:00Z,2153.82,2171.12,2145.09,2168.35,
2010-11-11T18:30:00Z,2168.34,2177.21,2168.19,2173.11,
2010-11-12T14:30:00Z,2161.66,2171.23,2122.42,2134.89,
2010-11-12T18:30:00Z,2134.91,2145.76,2130.15,2137.95,
2010-11-15T14:30:00Z,2147.06,2152.89,2132.87,2144.87,
2010-11-15T18:30:00Z,2144.89,2147.09,2129.69,2131.48,
2010-11-16T14:30:00Z,2114.43,2126.16,2089.06,2100.22,
2010-11-16T18:30:00Z,2100.23,2103.74,2085.27,2093.63,
2010-11-17T14:30:00Z,2093.72,2110.36,2091.7,2109.28,
2010-11-17T18:30:00Z,2109.24,2111.06,2090.34,2100.0,
2010-11-18T14:30:00Z,2124.79,2147.97,2122.17,2143.64,
2010-11-18T18:30:00Z,2143.61,2144.33,2133.77,2134.77,
2010-11-19T14:30:00Z,2129.61,2136.79,2121.11,2134.8,
2010-11-19T18:30:00Z,2134.81,2138.88,2130.83,2135.27,
2010-11-22T14:30:00Z,2126.4,2149.88,2121.74,2126.56,
2010-11-22T18:30:00Z,2126.53,2151.0,2126.53,2150.86,
2010-11-23T14:30:00Z,2128.19,2132.69,2105.61,2115.21,
2010-11-23T18:30:00Z,2115.22,2118.95,2109.39,2116.61,
2010-11-24T14:30:00Z,2138.24,2164.95,2138.15,2164.63,
2010-11-24T18:30:00Z,2164.61,2165.15,2157.48,2160.52,
2010-11-26T14:30:00Z,2146.38,2160.55,2142.69,2153.91,
2010-11-29T14:30:00Z,2144.04,2146.81,2118.94,2123.91,
2010-11-29T18:30:00Z,2123.93,2150.71,2122.01,2144.56,
2010-11-30T14:30:00Z,2119.47,2131.5,2110.24,2125.42,
2010-11-30T18:30:00Z,2125.52,2127.43,2116.36,2117.33,
2010-12-01T14:30:00Z,2150.64,2173.42,2150.64,2167.3,
2010-12-01T18:30:00Z,2167.31,2169.65,2161.41,2162.83,
2010-12-02T14:30:00Z,2166.57,2183.12,2164.53,2182.1,
2010-12-02T18:30:00Z,2182.11,2187.82,2181.35,2185.3,
2010-12-03T14:30:00Z,2177.11,2189.9,2176.28,2183.75,
2010-12-03T18:30:00Z,2183.73,2192.89,2183.06,2191.17,
2010-12-06T14:30:00Z,2192.12,2193.25,2183.03,2187.64,
2010-12-06T18:30:00Z,2187.65,2193.86,2187.06,2189.81,
2010-12-07T14:30:00Z,2214.99,2215.28,2198.99,2204.68,
2010-12-07T18:30:00Z,2204.67,2210.82,2188.74,2189.35,
2010-12-08T14:30:00Z,2195.33,2201.34,2182.99,2191.65,
2010-12-08T18:30:00Z,2191.64,2200.6,2190.96,2200.6,
2010-12-09T14:30:00Z,2210.73,2213.01,2193.92,2201.7,
2010-12-09T18:30:00Z,2201.69,2204.11,2196.72,2201.57,
2010-12-10T14:30:00Z,2206.47,2214.9,2199.69,2213.29,
2010-12-10T18:30:00Z,2213.28,2217.48,2212.91,2215.34,
2010-12-13T14:30:00Z,2223.89,2225.22,2216.69,2220.43,
2010-12-13T18:30:00Z,2220.44,2221.73,2207.02,2207.45,
2010-12-14T14:30:00Z,2213.23,2219.79,2207.9,2218.08,
2010-12-14T18:30:00Z,2218.09,2220.42,2205.21,2212.59,
2010-12-15T14:30:00Z,2210.51,2223.67,2202.35,2203.53,
2010-12-15T18:30:00Z,2203.58,2208.2,2196.88,2202.45,
2010-12-16T14:30:00Z,2205.27,2221.98,2198.86,2219.71,
2010-12-16T18:30:00Z,2219.69,2221.2,2216.0,2218.02,
2010-12-17T14:30:00Z,2222.01,2226.14,2217.11,2225.28,
2010-12-17T18:30:00Z,2225.27,2227.04,2218.29,2218.29,
2010-12-20T14:30:00Z,2225.41,2225.45,2206.3,2223.27,
2010-12-20T18:30:00Z,2223.26,2230.55,2222.19,2223.04,
2010-12-21T14:30:00Z,2230.61,2235.28,2226.25,2234.04,
2010-12-21T18:30:00Z,2234.05,2235.58,2232.52,2234.57,
2010-12-22T14:30:00Z,2234.6,2238.92,2231.97,2235.93,
2010-12-22T18:30:00Z,2235.92,2237.64,2232.28,2235.91,
2010-12-23T14:30:00Z,2232.84,2235.11,2225.29,2229.46,
2010-12-23T18:30:00Z,2229.47,2230.64,2226.14,2230.27,
2010-12-27T14:30:00Z,2223.76,2233.58,2208.8,2232.62,
2010-12-27T18:30:00Z,2232.65,2234.42,2229.86,2229.86,
2010-12-28T14:30:00Z,2234.56,2236.17,2222.76,2225.77,
2010-12-28T18:30:00Z,2225.76,2229.87,2225.7,2227.42,
2010-12-29T14:30:00Z,2232.33,2236.19,2229.87,2235.65,
2010-12-29T18:30:00Z,2235.66,2235.71,2231.52,2231.64,
2010-12-30T14:30:00Z,2230.39,2232.38,2222.77,2225.43,
2010-12-30T18:30:00Z,2225.44,2230.06,2225.41,2225.72,
2010-12-31T14:30:00Z,2223.28,2225.0,2209.38,2214.38,
2010-12-31T18:30:00Z,2214.39,2218.33,2212.99,2217.86,
2011-01-03T14:30:00Z,2238.66,2268.3,2237.79,2257.95,
2011-01-03T18:30:00Z,2257.94,2260.55,2250.23,2254.23,
2011-01-04T14:30:00Z,2261.65,2263.03,2237.73,2244.73,
2011-01-04T18:30:00Z,2244.76,2253.28,2244.13,2251.46,
2011-01-05T14:30:00Z,2245.4,2269.92,2243.88,2265.83,
2011-01-05T18:30:00Z,2265.82,2271.08,2264.79,2270.4,
2011-01-06T14:30:00Z,2272.33,2278.76,2268.59,2272.65,
2011-01-06T18:30:00Z,2272.66,2279.45,2271.76,2277.51,
2011-01-07T14:30:00Z,2280.13,2282.87,2254.22,2265.09,
2011-01-07T18:30:00Z,2265.12,2277.84,2265.12,2276.7,
2011-01-10T14:30:00Z,2270.65,2280.95,2265.0,2280.61,
2011-01-10T18:30:00Z,2280.56,2288.64,2279.11,2284.38,
2011-01-11T14:30:00Z,2294.66,2296.15,2283.93,2287.71,
2011-01-11T18:30:00Z,2287.67,2289.23,2279.48,2288.73,
2011-01-12T14:30:00Z,2298.63,2302.35,2289.05,2300.64,
2011-01-12T18:30:00Z,2300.63,2304.88,2299.13,2304.88,
2011-01-13T14:30:00Z,2303.6,2310.82,2299.8,2307.87,
2011-01-13T18:30:00Z,2307.88,2308.48,2298.62,2305.53,
2011-01-14T14:30:00Z,2304.37,2316.03,2300.25,2314.93,
2011-01-14T18:30:00Z,2314.94,2323.43,2314.88,2323.43,
2011-01-18T14:30:00Z,2300.93,2325.36,2299.37,2324.95,
2011-01-18T18:30:00Z,2324.96,2331.32,2322.71,2328.79,
2011-01-19T14:30:00Z,2329.93,2331.63,2306.36,2311.84,
2011-01-19T18:30:00Z,2311.85,2313.11,2294.89,2303.32,
2011-01-20T14:30:00Z,2292.17,2295.24,2268.59,2276.81,
2011-01-20T18:30:00Z,2276.74,2293.89,2276.03,2286.08,
2011-01-21T14:30:00Z,2295.15,2301.05,2274.63,2276.48,
2011-01-21T18:30:00Z,2276.47,2280.09,2267.17,2268.32,
2011-01-24T14:30:00Z,2271.73,2298.49,2268.72,2297.34,
2011-01-24T18:30:00Z,2297.32,2300.39,2293.32,2300.39,
2011-01-25T14:30:00Z,2288.5,2300.07,2285.17,2293.75,
2011-01-25T18:30:00Z,2293.78,2304.04,2283.79,2304.03,
2011-01-26T14:30:00Z,2306.99,2321.22,2300.11,2315.5,
2011-01-26T18:30:00Z,2315.6,2320.98,2312.15,2314.19,
2011-01-27T14:30:00Z,2322.33,2332.79,2319.23,2331.13,
2011-01-27T18:30:00Z,2331.16,2336.04,2328.33,2330.07,
2011-01-28T14:30:00Z,2314.21,2314.35,2260.6,2268.93,
2011-01-28T18:30:00Z,2268.96,2277.79,2265.68,2270.51,
2011-01-31T14:30:00Z,2274.22,2287.5,2258.05,2281.84,
2011-01-31T18:30:00Z,2281.78,2282.81,2270.74,2281.91,
2011-02-01T14:30:00Z,2298.37,2329.34,2296.74,2326.25,
2011-02-01T18:30:00Z,2326.24,2328.98,2323.11,2324.95,
2011-02-02T14:30:00Z,2317.89,2328.8,2316.22,2322.14,
2011-02-02T18:30:00Z,2322.11,2326.48,2317.67,2321.09,
2011-02-03T14:30:00Z,2316.67,2322.59,2297.79,2319.02,
2011-02-03T18:30:00Z,2318.99,2327.24,2315.71,2323.07,
2011-02-04T14:30:00Z,2324.18,2337.52,2318.27,2336.67,
2011-02-04T18:30:00Z,2336.65,2338.66,2333.74,2338.2,
2011-02-07T14:30:00Z,2340.44,2360.82,2338.87,2358.35,
2011-02-07T18:30:00Z,2358.34,2358.56,2344.58,2349.2,
2011-02-08T14:30:00Z,2348.53,2358.42,2344.86,2354.68,
2011-02-08T18:30:00Z,2354.69,2363.76,2353.87,2363.61,
2011-02-09T14:30:00Z,2359.81,2367.19,2356.29,2365.15,
2011-02-09T18:30:00Z,2365.14,2365.4,2352.46,2360.95,
2011-02-10T14:30:00Z,2343.79,2366.28,2341.81,2358.03,
2011-02-10T18:30:00Z,2358.04,2365.11,2350.66,2364.35,
2011-02-11T14:30:00Z,2357.77,2376.76,2353.28,2374.71,
2011-02-11T18:30:00Z,2374.73,2381.4,2374.26,2379.15,
2011-02-14T14:30:00Z,2379.52,2388.63,2378.16,2385.83,
2011-02-14T18:30:00Z,2385.82,2386.86,2383.24,2385.6,
2011-02-15T14:30:00Z,2380.16,2384.81,2371.19,2381.95,
2011-02-15T18:30:00Z,2381.96,2383.48,2374.86,2381.92,
2011-02-16T14:30:00Z,2389.51,2403.52,2387.66,2393.24,
2011-02-16T18:30:00Z,2393.23,2401.25,2393.06,2397.94,
2011-02-17T14:30:00Z,2384.69,2400.52,2384.22,2400.1,
2011-02-17T18:30:00Z,2400.09,2400.89,2395.07,2397.57,
2011-02-18T14:30:00Z,2396.75,2400.47,2391.55,2393.51,
2011-02-18T18:30:00Z,2393.5,2393.5,2382.39,2392.47,
2011-02-22T14:30:00Z,2353.81,2366.43,2326.53,2329.77,
2011-02-22T18:30:00Z,2329.79,2334.36,2318.4,2322.86,
2011-02-23T14:30:00Z,2321.44,2329.13,2284.65,2292.61,
2011-02-23T18:30:00Z,2292.8,2312.77,2289.48,2300.94,
2011-02-24T14:30:00Z,2306.94,2319.26,2295.11,2298.58,
2011-02-24T18:30:00Z,2298.57,2321.2,2285.44,2313.31,
2011-02-25T14:30:00Z,2326.13,2349.06,2325.71,2347.73,
2011-02-25T18:30:00Z,2347.75,2349.51,2344.5,2346.29,
2011-02-28T14:30:00Z,2354.87,2362.79,2338.97,2340.17,
2011-02-28T18:30:00Z,2340.2,2351.88,2338.21,2350.99,
2011-03-01T14:30:00Z,2359.78,2359.98,2319.92,2321.93,
2011-03-01T18:30:00Z,2321.94,2326.0,2308.05,2315.26,
2011-03-02T14:30:00Z,2314.28,2340.8,2311.99,2328.84,
2011-03-02T18:30:00Z,2328.83,2337.18,2319.87,2326.77,
2011-03-03T14:30:00Z,2350.52,2373.13,2350.18,2370.11,
2011-03-03T18:30:00Z,2370.03,2375.67,2369.47,2371.76,
2011-03-04T14:30:00Z,2370.34,2371.23,2344.62,2349.49,
2011-03-04T18:30:00Z,2349.48,2360.62,2346.93,2359.96,
2011-03-07T14:30:00Z,2367.92,2370.91,2307.39,2312.02,
2011-03-07T18:30:00Z,2311.96,2335.24,2309.98,2328.07,
2011-03-08T14:30:00Z,2325.13,2347.51,2310.96,2345.14,
2011-03-08T18:30:00Z,2345.12,2346.7,2333.49,2337.55,
2011-03-09T14:30:00Z,2328.8,2330.68,2309.28,2322.17,
2011-03-09T18:30:00Z,2322.15,2327.14,2314.4,2322.69,
2011-03-10T14:30:00Z,2295.09,2300.53,2276.12,2289.19,
2011-03-10T18:30:00Z,2289.2,2294.73,2279.7,2284.29,
2011-03-11T14:30:00Z,2275.29,2298.3,2275.07,2293.19,
2011-03-11T18:30:00Z,2293.2,2305.97,2290.67,2299.26,
2011-03-14T13:30:00Z,2286.77,2302.92,2274.08,2282.49,
2011-03-14T17:30:00Z,2282.48,2295.0,2279.23,2290.72,
2011-03-15T13:30:00Z,2218.3,2260.36,2217.43,2249.75,
2011-03-15T17:30:00Z,2249.78,2271.58,2248.58,2259.62,
2011-03-16T13:30:00Z,2240.83,2252.13,2211.41,2217.38,
2011-03-16T17:30:00Z,2217.4,2225.38,2188.92,2202.97,
2011-03-17T13:30:00Z,2238.85,2247.93,2229.49,2232.29,
2011-03-17T17:30:00Z,2232.37,2235.38,2223.13,2225.24,
2011-03-18T13:30:00Z,2249.18,2249.39,2218.59,2231.33,
2011-03-18T17:30:00Z,2231.37,2235.71,2217.95,2221.07,
2011-03-21T13:30:00Z,2250.89,2273.11,2249.46,2260.23,
2011-03-21T17:30:00Z,2260.26,2268.36,2258.12,2262.7,
2011-03-22T13:30:00Z,2264.07,2266.09,2254.15,2254.67,
2011-03-22T17:30:00Z,2254.68,2260.35,2253.08,2257.96,
2011-03-23T13:30:00Z,2251.49,2264.12,2234.94,2260.55,
2011-03-23T17:30:00Z,2260.56,2276.62,2260.49,2270.5,
2011-03-24T13:30:00Z,2287.01,2306.77,2275.65,2305.24,
2011-03-24T17:30:00Z,2305.25,2315.56,2300.86,2312.09,
2011-03-25T13:30:00Z,2319.07,2331.63,2314.02,2327.01,
2011-03-25T17:30:00Z,2326.95,2327.5,2315.62,2316.36,
2011-03-28T13:30:00Z,2325.13,2326.12,2312.33,2318.08,
2011-03-28T17:30:00Z,2318.07,2319.08,2303.06,2303.1,
2011-03-29T13:30:00Z,2299.27,2322.11,2291.78,2315.11,
2011-03-29T17:30:00Z,2315.1,2325.54,2315.09,2325.54,
2011-03-30T13:30:00Z,2338.41,2340.39,2326.79,2338.32,
2011-03-30T17:30:00Z,2338.35,2340.11,2333.86,2336.52,
2011-03-31T13:30:00Z,2332.74,2340.79,2329.62,2337.93,
2011-03-31T17:30:00Z,2337.92,2342.24,2336.63,2338.99,
2011-04-01T13:30:00Z,2352.47,2359.16,2342.3,2353.43,
2011-04-01T17:30:00Z,2353.42,2355.05,2334.95,2342.92,
2011-04-04T13:30:00Z,2347.71,2350.34,2330.73,2332.0,
2011-04-04T17:30:00Z,2331.99,2334.54,2324.02,2334.54,
2011-04-05T13:30:00Z,2330.12,2342.34,2325.46,2340.5,
2011-04-05T17:30:00Z,2340.52,2341.54,2323.41,2327.87,
2011-04-06T13:30:00Z,2343.37,2352.25,2320.83,2329.63,
2011-04-06T17:30:00Z,2329.62,2335.02,2327.99,2332.34,
2011-04-07T13:30:00Z,2331.74,2346.86,2315.83,2331.38,
2011-04-07T17:30:00Z,2331.17,2333.09,2325.85,2332.88,
2011-04-08T13:30:00Z,2342.74,2345.41,2326.72,2330.6,
2011-04-08T17:30:00Z,2330.58,2330.78,2313.33,2321.18,
2011-04-11T13:30:00Z,2330.26,2333.98,2307.69,2313.46,
2011-04-11T17:30:00Z,2313.45,2316.45,2305.53,2314.5,
2011-04-12T13:30:00Z,2302.89,2308.2,2288.68,2297.25,
2011-04-12T17:30:00Z,2297.27,2301.97,2290.46,2298.3,
2011-04-13T13:30:00Z,2312.8,2322.6,2298.82,2306.04,
2011-04-13T17:30:00Z,2306.05,2318.97,2301.2,2316.63,
2011-04-14T13:30:00Z,2301.27,2309.2,2291.79,2302.81,
2011-04-14T17:30:00Z,2302.83,2315.22,2299.15,2311.25,
2011-04-15T13:30:00Z,2304.46,2316.82,2293.53,2311.25,
2011-04-15T17:30:00Z,2311.21,2312.45,2303.69,2307.58,
2011-04-18T13:30:00Z,2281.92,2282.14,2254.88,2266.17,
2011-04-18T17:30:00Z,2266.16,2293.08,2265.87,2292.34,
2011-04-19T13:30:00Z,2297.0,2300.48,2286.59,2296.15,
2011-04-19T17:30:00Z,2296.14,2306.77,2295.74,2306.77,
2011-04-20T13:30:00Z,2344.21,2360.69,2344.21,2354.71,
2011-04-20T17:30:00Z,2354.74,2359.4,2350.72,2357.76,
2011-04-21T13:30:00Z,2381.2,2381.2,2370.28,2378.05,
2011-04-21T17:30:00Z,2378.06,2380.71,2375.4,2377.3,
2011-04-25T13:30:00Z,2377.91,2384.18,2375.12,2379.75,
2011-04-25T17:30:00Z,2379.81,2385.03,2379.81,2383.72,
2011-04-26T13:30:00Z,2389.24,2405.23,2384.8,2393.71,
2011-04-26T17:30:00Z,2393.68,2401.29,2390.56,2396.03,
2011-04-27T13:30:00Z,2402.45,2405.04,2390.46,2401.04,
2011-04-27T17:30:00Z,2401.03,2415.85,2400.16,2413.59,
2011-04-28T13:30:00Z,2404.96,2411.15,2398.93,2402.41,
2011-04-28T17:30:00Z,2402.4,2411.98,2401.32,2409.9,
2011-04-29T13:30:00Z,2405.05,2414.1,2403.25,2413.57,
2011-04-29T17:30:00Z,2413.56,2415.56,2404.08,2404.08,
2011-05-02T13:30:00Z,2410.24,2417.83,2397.48,2409.71,
2011-05-02T17:30:00Z,2409.73,2413.14,2399.22,2404.24,
2011-05-03T13:30:00Z,2401.8,2404.12,2382.25,2382.36,
2011-05-03T17:30:00Z,2382.39,2393.65,2377.33,2392.8,
2011-05-04T13:30:00Z,2392.16,2398.46,2367.68,2378.15,
2011-05-04T17:30:00Z,2378.16,2396.05,2378.16,2387.51,
2011-05-05T13:30:00Z,2376.46,2402.05,2375.73,2395.21,
2011-05-05T17:30:00Z,2395.2,2398.43,2366.73,2375.21,
2011-05-06T13:30:00Z,2395.92,2411.63,2386.94,2389.47,
2011-05-06T17:30:00Z,2389.48,2393.14,2376.15,2383.18,
2011-05-09T13:30:00Z,2384.2,2399.67,2376.96,2394.71,
2011-05-09T17:30:00Z,2394.7,2399.68,2389.56,2390.97,
2011-05-10T13:30:00Z,2397.2,2407.04,2394.84,2400.42,
2011-05-10T17:30:00Z,2400.45,2414.58,2399.24,2411.35,
2011-05-11T13:30:00Z,2408.15,2415.9,2382.89,2385.25,
2011-05-11T17:30:00Z,2385.26,2395.75,2377.43,2393.08,
2011-05-12T13:30:00Z,2384.14,2406.63,2372.19,2403.7,
2011-05-12T17:30:00Z,2403.69,2410.45,2401.05,2407.89,
2011-05-13T13:30:00Z,2403.06,2406.01,2379.02,2382.24,
2011-05-13T17:30:00Z,2382.41,2388.71,2378.76,2379.24,
2011-05-16T13:30:00Z,2368.47,2375.36,2343.83,2347.81,
2011-05-16T17:30:00Z,2347.86,2354.09,2332.84,2337.85,
2011-05-17T13:30:00Z,2325.86,2340.0,2320.33,2334.68,
2011-05-17T17:30:00Z,2334.67,2343.73,2329.66,2343.51,
2011-05-18T13:30:00Z,2340.69,2356.98,2337.48,2355.18,
2011-05-18T17:30:00Z,2355.12,2366.4,2355.03,2362.95,
2011-05-19T13:30:00Z,2369.06,2373.93,2355.4,2371.83,
2011-05-19T17:30:00Z,2371.88,2374.22,2363.79,2369.67,
2011-05-20T13:30:00Z,2365.49,2368.99,2348.73,2363.83,
2011-05-20T17:30:00Z,2363.85,2368.63,2349.81,2351.43,
2011-05-23T13:30:00Z,2318.16,2318.34,2306.43,2310.9,
2011-05-23T17:30:00Z,2310.89,2325.86,2310.72,2316.78,
2011-05-24T13:30:00Z,2321.59,2322.63,2305.54,2306.56,
2011-05-24T17:30:00Z,2306.52,2311.73,2302.36,2303.55,
2011-05-25T13:30:00Z,2299.49,2315.48,2298.72,2310.05,
2011-05-25T17:30:00Z,2310.06,2321.51,2308.87,2310.95,
2011-05-26T13:30:00Z,2306.44,2328.05,2306.11,2327.23,
2011-05-26T17:30:00Z,2327.24,2332.02,2323.94,2325.93,
2011-05-27T13:30:00Z,2328.65,2339.1,2327.32,2336.66,
2011-05-27T17:30:00Z,2336.71,2337.5,2330.92,2336.09,
2011-05-31T13:30:00Z,2359.05,2362.67,2347.23,2354.57,
2011-05-31T17:30:00Z,2354.56,2372.54,2354.02,2372.54,
2011-06-01T13:30:00Z,2368.29,2373.82,2338.1,2339.63,
2011-06-01T17:30:00Z,2339.62,2343.19,2321.0,2322.48,
2011-06-02T13:30:00Z,2325.56,2335.66,2314.69,2327.26,
2011-06-02T17:30:00Z,2327.25,2332.68,2323.2,2326.7,
2011-06-03T13:30:00Z,2301.4,2317.93,2301.03,2309.11,
2011-06-03T17:30:00Z,2309.17,2309.4,2289.41,2292.31,
2011-06-06T13:30:00Z,2288.61,2299.4,2287.04,2292.38,
2011-06-06T17:30:00Z,2292.31,2292.71,2273.24,2274.48,
2011-06-07T13:30:00Z,2279.55,2286.19,2273.32,2280.52,
2011-06-07T17:30:00Z,2280.51,2288.76,2268.06,2268.96,
2011-06-08T13:30:00Z,2264.4,2268.0,2255.55,2258.88,
2011-06-08T17:30:00Z,2258.83,2259.02,2246.62,2252.89,
2011-06-09T13:30:00Z,2253.23,2263.94,2246.49,2261.84,
2011-06-09T17:30:00Z,2261.82,2267.76,2256.65,2256.65,
2011-06-10T13:30:00Z,2249.4,2250.89,2224.5,2229.59,
2011-06-10T17:30:00Z,2229.58,2238.42,2220.83,2221.09,
2011-06-13T13:30:00Z,2225.21,2234.22,2214.37,2221.46,
2011-06-13T17:30:00Z,2221.47,2232.68,2220.23,2222.28,
2011-06-14T13:30:00Z,2240.39,2254.0,2240.39,2252.69,
2011-06-14T17:30:00Z,2252.68,2256.46,2249.83,2250.34,
2011-06-15T13:30:00Z,2229.81,2243.22,2209.86,2214.91,
2011-06-15T17:30:00Z,2214.9,2217.47,2204.15,2209.01,
2011-06-16T13:30:00Z,2209.75,2216.74,2202.0,2209.19,
2011-06-16T17:30:00Z,2209.16,2209.54,2180.94,2199.93,
2011-06-17T13:30:00Z,2220.04,2222.51,2190.93,2194.43,
2011-06-17T17:30:00Z,2194.4,2201.43,2186.96,2192.96,
2011-06-20T13:30:00Z,2187.21,2210.64,2186.77,2206.74,
2011-06-20T17:30:00Z,2206.76,2209.66,2200.32,2204.36,
2011-06-21T13:30:00Z,2210.97,2247.36,2203.71,2243.69,
2011-06-21T17:30:00Z,2243.67,2253.27,2242.23,2251.82,
2011-06-22T13:30:00Z,2243.21,2253.48,2241.56,2250.96,
2011-06-22T17:30:00Z,2250.97,2254.64,2234.83,2235.75,
2011-06-23T13:30:00Z,2210.49,2237.06,2204.47,2234.7,
2011-06-23T17:30:00Z,2234.69,2256.7,2221.77,2255.05,
2011-06-24T13:30:00Z,2245.49,2246.96,2218.16,2223.02,
2011-06-24T17:30:00Z,2223.07,2227.06,2213.1,2217.06,
2011-06-27T13:30:00Z,2217.63,2252.67,2215.14,2247.02,
2011-06-27T17:30:00Z,2247.05,2263.21,2246.11,2252.24,
2011-06-28T13:30:00Z,2256.52,2280.56,2254.94,2278.53,
2011-06-28T17:30:00Z,2278.54,2286.92,2276.82,2285.75,
2011-06-29T13:30:00Z,2290.5,2299.32,2278.85,2296.61,
2011-06-29T17:30:00Z,2296.58,2299.06,2283.71,2294.43,
2011-06-30T13:30:00Z,2303.0,2325.81,2302.67,2320.66,
2011-06-30T17:30:00Z,2320.63,2327.36,2319.77,2325.07,
2011-07-01T13:30:00Z,2326.16,2356.49,2320.57,2356.08,
2011-07-01T17:30:00Z,2356.06,2363.36,2354.65,2361.39,
2011-07-05T13:30:00Z,2363.08,2372.32,2357.31,2371.51,
2011-07-05T17:30:00Z,2371.5,2374.41,2362.83,2371.21,
2011-07-06T13:30:00Z,2368.75,2383.77,2361.47,2376.74,
2011-07-06T17:30:00Z,2376.75,2379.61,2370.47,2378.58,
2011-07-07T13:30:00Z,2396.64,2413.71,2394.55,2412.31,
2011-07-07T17:30:00Z,2412.27,2418.99,2411.08,2412.89,
2011-07-08T13:30:00Z,2390.16,2401.77,2379.14,2393.96,
2011-07-08T17:30:00Z,2393.97,2405.92,2389.93,2405.89,
2011-07-11T13:30:00Z,2380.56,2392.09,2357.19,2360.42,
2011-07-11T17:30:00Z,2360.38,2365.0,2354.12,2362.0,
2011-07-12T13:30:00Z,2362.19,2363.17,2343.39,2350.04,
2011-07-12T17:30:00Z,2349.94,2366.35,2342.13,2343.79,
2011-07-13T13:30:00Z,2360.43,2377.34,2353.83,2370.18,
2011-07-13T17:30:00Z,2370.16,2372.11,2345.8,2352.43,
2011-07-14T13:30:00Z,2358.89,2370.72,2318.2,2323.71,
2011-07-14T17:30:00Z,2323.73,2336.87,2319.6,2325.06,
2011-07-15T13:30:00Z,2351.81,2354.54,2336.13,2350.64,
2011-07-15T17:30:00Z,2350.71,2357.36,2340.27,2356.67,
2011-07-18T13:30:00Z,2346.53,2354.56,2322.62,2328.87,
2011-07-18T17:30:00Z,2328.89,2345.2,2328.89,2344.01,
2011-07-19T13:30:00Z,2367.81,2389.37,2367.81,2386.69,
2011-07-19T17:30:00Z,2386.7,2400.58,2385.12,2398.17,
2011-07-20T13:30:00Z,2411.71,2412.39,2384.5,2394.31,
2011-07-20T17:30:00Z,2394.32,2398.27,2386.91,2387.8,
2011-07-21T13:30:00Z,2389.56,2417.13,2377.82,2410.98,
2011-07-21T17:30:00Z,2410.95,2411.01,2402.93,2404.24,
2011-07-22T13:30:00Z,2403.2,2426.59,2402.06,2424.82,
2011-07-22T17:30:00Z,2424.85,2432.84,2424.4,2429.5,
2011-07-25T13:30:00Z,2408.65,2437.42,2406.17,2434.87,
2011-07-25T17:30:00Z,2434.85,2436.26,2422.02,2424.15,
2011-07-26T13:30:00Z,2423.16,2434.1,2418.52,2429.6,
2011-07-26T17:30:00Z,2429.56,2438.44,2426.8,2429.45,
2011-07-27T13:30:00Z,2414.36,2416.22,2376.54,2383.08,
2011-07-27T17:30:00Z,2383.09,2387.66,2362.12,2367.16,
2011-07-28T13:30:00Z,2367.44,2401.25,2359.87,2393.87,
2011-07-28T17:30:00Z,2393.86,2397.51,2369.43,2371.77,
2011-07-29T13:30:00Z,2349.3,2388.24,2341.82,2370.09,
2011-07-29T17:30:00Z,2370.1,2381.35,2362.79,2362.81,
2011-08-01T13:30:00Z,2391.42,2396.5,2325.17,2334.17,
2011-08-01T17:30:00Z,2334.21,2356.33,2328.73,2354.05,
2011-08-02T13:30:00Z,2340.73,2352.48,2319.72,2324.36,
2011-08-02T17:30:00Z,2324.29,2324.96,2291.37,2292.85,
2011-08-03T13:30:00Z,2294.94,2305.95,2254.91,2293.32,
2011-08-03T17:30:00Z,2293.31,2316.73,2293.31,2312.78,
2011-08-04T13:30:00Z,2275.3,2284.3,2233.86,2258.83,
2011-08-04T17:30:00Z,2258.87,2258.88,2207.05,2207.2,
2011-08-05T13:30:00Z,2227.49,2240.68,2131.52,2214.91,
2011-08-05T17:30:00Z,2215.07,2226.0,2173.16,2194.38,
2011-08-08T13:30:00Z,2127.87,2162.78,2101.66,2120.57,
2011-08-08T17:30:00Z,2120.14,2120.57,2061.24,2061.24,
2011-08-09T13:30:00Z,2095.99,2132.58,2064.89,2115.74,
2011-08-09T17:30:00Z,2115.71,2161.75,2034.92,2161.75,
2011-08-10T13:30:00Z,2110.14,2116.79,2077.3,2103.94,
2011-08-10T17:30:00Z,2103.29,2142.31,2070.24,2071.65,
2011-08-11T13:30:00Z,2108.92,2163.77,2091.91,2156.87,
2011-08-11T17:30:00Z,2157.11,2187.48,2147.17,2167.07,
2011-08-12T13:30:00Z,2176.54,2195.25,2154.86,2186.5,
2011-08-12T17:30:00Z,2186.51,2195.19,2176.34,2182.05,
2011-08-15T13:30:00Z,2189.49,2210.75,2180.86,2196.21,
2011-08-15T17:30:00Z,2196.15,2214.12,2193.6,2214.12,
2011-08-16T13:30:00Z,2190.14,2211.9,2165.04,2175.23,
2011-08-16T17:30:00Z,2175.21,2203.66,2173.37,2194.27,
2011-08-17T13:30:00Z,2193.3,2214.26,2166.4,2168.08,
2011-08-17T17:30:00Z,2168.04,2181.66,2158.95,2181.62,
2011-08-18T13:30:00Z,2116.79,2118.61,2064.95,2084.85,
2011-08-18T17:30:00Z,2084.86,2084.94,2055.18,2073.03,
2011-08-19T13:30:00Z,2053.01,2102.88,2053.01,2072.35,
2011-08-19T17:30:00Z,2072.29,2073.04,2035.3,2038.22,
2011-08-22T13:30:00Z,2084.27,2084.83,2038.14,2057.64,
2011-08-22T17:30:00Z,2057.62,2060.39,2039.51,2044.73,
2011-08-23T13:30:00Z,2059.03,2107.74,2050.19,2100.14,
2011-08-23T17:30:00Z,2100.15,2129.27,2087.37,2129.27,
2011-08-24T13:30:00Z,2121.52,2146.79,2105.31,2128.43,
2011-08-24T17:30:00Z,2128.65,2148.22,2120.08,2145.04,
2011-08-25T13:30:00Z,2141.86,2153.71,2105.97,2119.21,
2011-08-25T17:30:00Z,2119.23,2122.45,2102.5,2108.21,
2011-08-26T13:30:00Z,2101.91,2164.63,2082.04,2162.52,
2011-08-26T17:30:00Z,2162.43,2169.41,2147.06,2161.97,
2011-08-29T13:30:00Z,2188.67,2217.48,2187.72,2213.01,
2011-08-29T17:30:00Z,2212.97,2224.5,2210.16,2223.96,
2011-08-30T13:30:00Z,2212.07,2240.51,2202.45,2229.37,
2011-08-30T17:30:00Z,2229.38,2250.1,2222.52,2237.69,
2011-08-31T13:30:00Z,2248.19,2268.07,2238.93,2246.29,
2011-08-31T17:30:00Z,2246.48,2248.94,2222.48,2240.05,
2011-09-01T13:30:00Z,2245.01,2263.94,2230.05,2233.8,
2011-09-01T17:30:00Z,2233.7,2233.71,2217.02,2219.05,
2011-09-02T13:30:00Z,2178.11,2189.76,2171.57,2173.48,
2011-09-02T17:30:00Z,2173.44,2176.15,2156.99,2167.83,
2011-09-06T13:30:00Z,2116.48,2145.17,2112.84,2141.17,
2011-09-06T17:30:00Z,2141.14,2171.39,2137.26,2167.6,
2011-09-07T13:30:00Z,2198.61,2215.19,2193.83,2213.73,
2011-09-07T17:30:00Z,2213.74,2223.8,2208.22,2223.75,
2011-09-08T13:30:00Z,2212.71,2244.51,2211.76,2226.1,
2011-09-08T17:30:00Z,2226.05,2231.62,2206.79,2214.29,
2011-09-09T13:30:00Z,2197.72,2206.49,2157.13,2168.76,
2011-09-09T17:30:00Z,2168.81,2169.6,2151.35,2163.66,
2011-09-12T13:30:00Z,2145.78,2180.39,2143.87,2152.67,
2011-09-12T17:30:00Z,2152.69,2192.28,2139.58,2191.84,
2011-09-13T13:30:00Z,2197.66,2214.19,2189.83,2212.57,
2011-09-13T17:30:00Z,2212.18,2225.4,2207.53,2220.58,
2011-09-14T13:30:00Z,2233.66,2247.3,2210.63,2243.89,
2011-09-14T17:30:00Z,2243.96,2277.92,2243.59,2252.75,
2011-09-15T13:30:00Z,2273.22,2283.92,2254.47,2279.29,
2011-09-15T17:30:00Z,2279.26,2289.69,2276.3,2286.56,
2011-09-16T13:30:00Z,2284.28,2308.96,2283.43,2302.17,
2011-09-16T17:30:00Z,2302.21,2306.26,2295.16,2306.09,
2011-09-19T13:30:00Z,2277.64,2301.27,2260.24,2287.79,
2011-09-19T17:30:00Z,2287.77,2319.73,2286.48,2308.76,
2011-09-20T13:30:00Z,2318.55,2337.7,2304.44,2329.19,
2011-09-20T17:30:00Z,2329.21,2333.19,2293.06,2295.89,
2011-09-21T13:30:00Z,2308.41,2321.22,2293.08,2309.88,
2011-09-21T17:30:00Z,2309.82,2318.15,2257.55,2258.3,
2011-09-22T13:30:00Z,2196.63,2219.72,2181.54,2185.96,
2011-09-22T17:30:00Z,2185.79,2195.22,2151.48,2184.59,
2011-09-23T13:30:00Z,2165.75,2212.05,2165.62,2197.16,
2011-09-23T17:30:00Z,2196.97,2216.75,2195.88,2206.86,
2011-09-26T13:30:00Z,2216.68,2221.95,2170.14,2190.02,
2011-09-26T17:30:00Z,2190.03,2237.13,2182.06,2234.28,
2011-09-27T13:30:00Z,2270.69,2281.98,2257.04,2280.9,
2011-09-27T17:30:00Z,2280.91,2290.71,2241.75,2253.55,
2011-09-28T13:30:00Z,2266.29,2281.09,2247.44,2248.06,
2011-09-28T17:30:00Z,2248.15,2253.74,2218.77,2220.84,
2011-09-29T13:30:00Z,2255.55,2258.96,2202.98,2202.98,
2011-09-29T17:30:00Z,2202.06,2203.37,2160.2,2197.68,
2011-09-30T13:30:00Z,2167.24,2185.61,2155.04,2168.53,
2011-09-30T17:30:00Z,2168.42,2175.23,2139.17,2139.18,
2011-10-03T13:30:00Z,2128.02,2153.95,2100.49,2107.68,
2011-10-03T17:30:00Z,2107.75,2110.21,2084.3,2085.04,
2011-10-04T13:30:00Z,2064.01,2115.04,2049.3,2089.86,
2011-10-04T17:30:00Z,2089.78,2131.31,2042.9,2129.21,
2011-10-05T13:30:00Z,2121.03,2166.48,2106.62,2164.7,
2011-10-05T17:30:00Z,2164.8,2187.56,2160.49,2182.77,
2011-10-06T13:30:00Z,2181.58,2213.86,2169.57,2196.83,
2011-10-06T17:30:00Z,2196.76,2218.3,2191.56,2217.99,
2011-10-07T13:30:00Z,2217.51,2220.96,2190.26,2200.19,
2011-10-07T17:30:00Z,2200.22,2227.38,2193.74,2202.76,
2011-10-10T13:30:00Z,2241.17,2274.49,2237.48,2270.07,
2011-10-10T17:30:00Z,2270.13,2278.74,2252.06,2278.65,
2011-10-11T13:30:00Z,2272.64,2300.7,2269.54,2292.19,
2011-10-11T17:30:00Z,2292.24,2300.56,2287.44,2294.92,
2011-10-12T13:30:00Z,2316.76,2331.91,2312.07,2325.87,
2011-10-12T17:30:00Z,2325.76,2331.59,2305.31,2307.18,
2011-10-13T13:30:00Z,2300.86,2319.19,2299.73,2318.27,
2011-10-13T17:30:00Z,2318.22,2330.64,2313.28,2326.88,
2011-10-14T13:30:00Z,2360.0,2365.53,2344.74,2353.08,
2011-10-14T17:30:00Z,2353.05,2371.94,2351.44,2371.94,
2011-10-17T13:30:00Z,2359.53,2367.21,2332.08,2338.15,
2011-10-17T17:30:00Z,2338.13,2339.6,2322.53,2334.38,
2011-10-18T13:30:00Z,2331.98,2350.49,2309.88,2343.25,
2011-10-18T17:30:00Z,2343.32,2375.26,2342.28,2364.87,
2011-10-19T13:30:00Z,2348.52,2357.55,2337.78,2346.64,
2011-10-19T17:30:00Z,2346.59,2347.38,2310.65,2316.81,
2011-10-20T13:30:00Z,2317.34,2317.34,2274.49,2306.5,
2011-10-20T17:30:00Z,2306.65,2315.51,2299.95,2306.29,
2011-10-21T13:30:00Z,2332.21,2349.79,2316.7,2317.24,
2011-10-21T17:30:00Z,2317.27,2335.98,2314.77,2335.93,
2011-10-24T13:30:00Z,2341.71,2385.17,2341.15,2382.55,
2011-10-24T17:30:00Z,2382.54,2389.91,2376.93,2384.42,
2011-10-25T13:30:00Z,2375.49,2375.53,2352.01,2358.22,
2011-10-25T17:30:00Z,2358.19,2358.19,2332.18,2335.87,
2011-10-26T13:30:00Z,2349.85,2355.02,2291.78,2310.75,
2011-10-26T17:30:00Z,2310.81,2343.02,2310.81,2334.79,
2011-10-27T13:30:00Z,2390.69,2396.85,2365.91,2396.62,
2011-10-27T17:30:00Z,2396.64,2412.52,2390.46,2399.83,
2011-10-28T13:30:00Z,2386.02,2400.78,2384.97,2396.45,
2011-10-28T17:30:00Z,2396.42,2404.8,2391.39,2401.29,
2011-10-31T13:30:00Z,2376.99,2389.29,2368.76,2374.93,
2011-10-31T17:30:00Z,2374.94,2385.39,2359.85,2360.08,
2011-11-01T13:30:00Z,2301.11,2321.23,2287.74,2301.21,
2011-11-01T17:30:00Z,2301.96,2321.36,2294.25,2298.37,
2011-11-02T13:30:00Z,2321.9,2329.06,2301.21,2304.1,
2011-11-02T17:30:00Z,2304.11,2322.52,2298.71,2318.32,
2011-11-03T13:30:00Z,2340.14,2356.54,2311.2,2353.73,
2011-11-03T17:30:00Z,2353.71,2369.77,2352.1,2367.71,
2011-11-04T13:30:00Z,2353.51,2359.32,2331.46,2355.28,
2011-11-04T17:30:00Z,2355.25,2364.37,2350.08,2356.32,
2011-11-07T14:30:00Z,2353.82,2365.59,2329.68,2342.44,
2011-11-07T18:30:00Z,2342.45,2372.72,2339.96,2371.04,
2011-11-08T14:30:00Z,2386.19,2397.55,2362.23,2378.6,
2011-11-08T18:30:00Z,2378.65,2402.51,2377.32,2400.01,
2011-11-09T14:30:00Z,2346.74,2354.9,2330.71,2342.29,
2011-11-09T18:30:00Z,2342.3,2342.34,2307.78,2314.1,
2011-11-10T14:30:00Z,2338.6,2338.91,2290.53,2319.2,
2011-11-10T18:30:00Z,2319.19,2324.26,2304.03,2312.07,
2011-11-11T14:30:00Z,2336.44,2363.12,2330.63,2357.65,
2011-11-11T18:30:00Z,2357.66,2362.26,2350.94,2355.78,
2011-11-14T14:30:00Z,2350.91,2362.46,2334.12,2344.03,
2011-11-14T18:30:00Z,2344.05,2348.05,2333.55,2341.32,
2011-11-15T14:30:00Z,2334.24,2364.98,2331.75,2360.94,
2011-11-15T18:30:00Z,2361.11,2375.1,2361.11,2366.24,
2011-11-16T14:30:00Z,2345.27,2362.88,2342.72,2360.01,
2011-11-16T18:30:00Z,2360.02,2365.13,2322.05,2324.37,
2011-11-17T14:30:00Z,2320.64,2320.81,2257.92,2270.05,
2011-11-17T18:30:00Z,2270.08,2276.09,2258.39,2272.4,
2011-11-18T14:30:00Z,2273.64,2274.62,2250.94,2264.27,
2011-11-18T18:30:00Z,2264.28,2269.49,2253.81,2253.95,
2011-11-21T14:30:00Z,2219.88,2225.54,2188.14,2202.31,
2011-11-21T18:30:00Z,2202.3,2223.13,2194.33,2211.14,
2011-11-22T14:30:00Z,2205.31,2224.04,2191.87,2219.42,
2011-11-22T18:30:00Z,2219.41,2223.0,2210.16,2216.33,
2011-11-23T14:30:00Z,2199.46,2203.14,2171.72,2184.8,
2011-11-23T18:30:00Z,2184.85,2185.38,2166.54,2166.54,
2011-11-25T14:30:00Z,2159.94,2182.28,2150.71,2150.88,
2011-11-28T14:30:00Z,2207.68,2227.81,2206.69,2225.04,
2011-11-28T18:30:00Z,2225.03,2226.86,2208.41,2224.22,
2011-11-29T14:30:00Z,2225.12,2240.63,2209.21,2217.77,
2011-11-29T18:30:00Z,2217.74,2225.67,2205.77,2211.39,
2011-11-30T14:30:00Z,2270.28,2290.66,2264.72,2278.49,
2011-11-30T18:30:00Z,2278.48,2295.35,2273.78,2294.39,
2011-12-01T14:30:00Z,2294.27,2313.44,2292.26,2304.17,
2011-12-01T18:30:00Z,2304.16,2314.9,2302.99,2309.2,
2011-12-02T14:30:00Z,2327.87,2331.12,2308.97,2312.74,
2011-12-02T18:30:00Z,2312.76,2315.25,2301.25,2302.04,
2011-12-05T14:30:00Z,2336.55,2343.1,2321.6,2338.96,
2011-12-05T18:30:00Z,2338.98,2341.83,2315.18,2326.95,
2011-12-06T14:30:00Z,2327.65,2335.79,2313.99,2321.85,
2011-12-06T18:30:00Z,2321.88,2334.17,2316.28,2321.49,
2011-12-07T14:30:00Z,2312.55,2321.85,2292.15,2319.06,
2011-12-07T18:30:00Z,2319.05,2331.73,2305.55,2320.54,
2011-12-08T14:30:00Z,2309.53,2324.04,2289.77,2294.0,
2011-12-08T18:30:00Z,2294.04,2304.85,2278.42,2282.48,
2011-12-09T14:30:00Z,2287.27,2320.66,2287.27,2320.38,
2011-12-09T18:30:00Z,2320.39,2325.64,2316.34,2318.68,
2011-12-12T14:30:00Z,2295.43,2295.53,2274.15,2282.68,
2011-12-12T18:30:00Z,2282.67,2294.55,2278.85,2292.24,
2011-12-13T14:30:00Z,2308.29,2316.9,2284.88,2293.85,
2011-12-13T18:30:00Z,2293.8,2303.66,2258.71,2268.37,
2011-12-14T14:30:00Z,2259.84,2260.52,2219.68,2241.16,
2011-12-14T18:30:00Z,2241.14,2242.72,2225.55,2233.03,
2011-12-15T14:30:00Z,2253.14,2253.21,2223.52,2233.47,
2011-12-15T18:30:00Z,2233.46,2235.69,2225.06,2226.71,
2011-12-16T14:30:00Z,2238.59,2267.55,2234.3,2242.69,
2011-12-16T18:30:00Z,2242.68,2244.83,2235.36,2238.18,
2011-12-19T14:30:00Z,2244.37,2250.27,2223.43,2229.17,
2011-12-19T18:30:00Z,2229.15,2232.95,2209.57,2215.27,
2011-12-20T14:30:00Z,2253.19,2283.45,2252.57,2280.14,
2011-12-20T18:30:00Z,2280.13,2282.79,2275.74,2281.94,
2011-12-21T14:30:00Z,2265.9,2267.01,2222.68,2230.26,
2011-12-21T18:30:00Z,2230.28,2251.22,2225.59,2249.03,
2011-12-22T14:30:00Z,2254.68,2268.57,2251.31,2266.19,
2011-12-22T18:30:00Z,2266.17,2268.59,2263.9,2266.77,
2011-12-23T14:30:00Z,2274.35,2284.73,2268.24,2282.33,
2011-12-23T18:30:00Z,2282.4,2287.96,2280.01,2287.57,
2011-12-27T14:30:00Z,2284.29,2297.71,2281.86,2296.25,
2011-12-27T18:30:00Z,2296.26,2301.3,2292.62,2293.12,
2011-12-28T14:30:00Z,2294.97,2295.17,2268.24,2272.36,
2011-12-28T18:30:00Z,2272.37,2275.68,2262.22,2267.08,
2011-12-29T14:30:00Z,2272.56,2283.18,2264.89,2280.52,
2011-12-29T18:30:00Z,2280.51,2285.72,2279.33,2285.07,
2011-12-30T14:30:00Z,2281.91,2289.12,2280.76,2285.56,
2011-12-30T18:30:00Z,2285.59,2286.66,2277.77,2277.83,
2012-01-03T14:30:00Z,2323.16,2332.24,2315.28,2318.29,
2012-01-03T18:30:00Z,2318.21,2328.88,2316.03,2321.96,
2012-01-04T14:30:00Z,2316.53,2329.9,2307.56,2326.85,
2012-01-04T18:30:00Z,2326.8,2333.29,2325.11,2329.71,
2012-01-05T14:30:00Z,2326.58,2345.96,2317.52,2345.94,
2012-01-05T18:30:00Z,2346.02,2351.45,2343.28,2348.98,
2012-01-06T14:30:00Z,2350.68,2360.1,2341.64,2355.23,
2012-01-06T18:30:00Z,2355.21,2362.58,2353.37,2356.17,
2012-01-09T14:30:00Z,2362.53,2363.48,2342.34,2353.3,
2012-01-09T18:30:00Z,2353.33,2358.03,2350.2,2350.65,
2012-01-10T14:30:00Z,2374.26,2381.43,2360.98,2363.59,
2012-01-10T18:30:00Z,2363.63,2372.54,2363.29,2367.38,
2012-01-11T14:30:00Z,2363.69,2374.46,2357.53,2371.97,
2012-01-11T18:30:00Z,2371.95,2376.58,2367.87,2372.25,
2012-01-12T14:30:00Z,2377.34,2378.95,2359.92,2377.14,
2012-01-12T18:30:00Z,2377.17,2384.26,2373.44,2381.99,
2012-01-13T14:30:00Z,2371.42,2373.5,2352.76,2361.66,
2012-01-13T18:30:00Z,2361.67,2372.79,2360.02,2371.98,
2012-01-17T14:30:00Z,2396.14,2404.08,2392.4,2399.19,
2012-01-17T18:30:00Z,2399.24,2400.42,2385.79,2393.24,
2012-01-18T14:30:00Z,2396.63,2421.55,2395.43,2421.01,
2012-01-18T18:30:00Z,2421.04,2425.96,2418.46,2425.96,
2012-01-19T14:30:00Z,2435.14,2445.59,2433.03,2444.04,
2012-01-19T18:30:00Z,2443.95,2444.71,2436.23,2441.7,
2012-01-20T14:30:00Z,2428.66,2438.25,2428.35,2437.36,
2012-01-20T18:30:00Z,2437.38,2437.66,2429.71,2437.02,
2012-01-23T14:30:00Z,2437.06,2455.22,2424.29,2432.72,
2012-01-23T18:30:00Z,2432.75,2440.05,2430.8,2437.22,
2012-01-24T14:30:00Z,2426.86,2440.2,2423.24,2430.15,
2012-01-24T18:30:00Z,2430.14,2435.8,2427.8,2433.96,
2012-01-25T14:30:00Z,2456.55,2460.7,2440.57,2458.2,
2012-01-25T18:30:00Z,2458.26,2470.58,2456.63,2465.66,
2012-01-26T14:30:00Z,2474.05,2479.31,2456.19,2459.59,
2012-01-26T18:30:00Z,2459.6,2460.05,2444.83,2454.63,
2012-01-27T14:30:00Z,2450.38,2462.49,2449.83,2457.58,
2012-01-27T18:30:00Z,2457.57,2467.46,2456.57,2461.77,
2012-01-30T14:30:00Z,2438.52,2460.93,2433.63,2460.44,
2012-01-30T18:30:00Z,2460.51,2468.3,2459.48,2465.32,
2012-01-31T14:30:00Z,2476.65,2481.51,2453.05,2466.37,
2012-01-31T18:30:00Z,2466.36,2470.32,2459.88,2467.95,
2012-02-01T14:30:00Z,2481.62,2497.31,2474.29,2495.52,
2012-02-01T18:30:00Z,2495.5,2497.08,2486.15,2488.18,
2012-02-02T14:30:00Z,2495.08,2504.16,2487.15,2489.26,
2012-02-02T18:30:00Z,2489.25,2498.81,2489.08,2495.83,
2012-02-03T14:30:00Z,2518.86,2532.26,2514.99,2530.66,
2012-02-03T18:30:00Z,2530.57,2530.67,2525.84,2529.17,
2012-02-06T14:30:00Z,2519.33,2527.72,2513.51,2525.64,
2012-02-06T18:30:00Z,2525.68,2528.3,2522.86,2528.3,
2012-02-07T14:30:00Z,2522.79,2537.64,2514.9,2532.01,
2012-02-07T18:30:00Z,2532.0,2535.43,2528.6,2532.06,
2012-02-08T14:30:00Z,2533.48,2543.12,2523.88,2539.8,
2012-02-08T18:30:00Z,2539.79,2545.84,2537.61,2545.72,
2012-02-09T14:30:00Z,2553.63,2566.87,2541.2,2565.18,
2012-02-09T18:30:00Z,2565.16,2567.28,2561.75,2563.93,
2012-02-10T14:30:00Z,2543.86,2553.1,2538.36,2547.74,
2012-02-10T18:30:00Z,2547.78,2547.82,2537.99,2547.32,
2012-02-13T14:30:00Z,2564.93,2568.89,2554.29,2564.85,
2012-02-13T18:30:00Z,2564.81,2572.64,2564.19,2569.49,
2012-02-14T14:30:00Z,2561.6,2568.93,2555.75,2558.27,
2012-02-14T18:30:00Z,2558.29,2575.24,2553.95,2575.24,
2012-02-15T14:30:00Z,2584.95,2600.96,2564.89,2577.71,
2012-02-15T18:30:00Z,2577.67,2579.37,2552.56,2556.01,
2012-02-16T14:30:00Z,2555.55,2588.69,2551.35,2586.22,
2012-02-16T18:30:00Z,2586.18,2594.71,2586.18,2592.29,
2012-02-17T14:30:00Z,2587.22,2593.56,2572.82,2581.37,
2012-02-17T18:30:00Z,2581.4,2587.8,2581.03,2584.24,
2012-02-21T14:30:00Z,2589.21,2601.74,2583.23,2592.94,
2012-02-21T18:30:00Z,2592.92,2593.31,2574.32,2590.24,
2012-02-22T14:30:00Z,2586.32,2593.05,2575.31,2584.94,
2012-02-22T18:30:00Z,2584.98,2587.85,2576.2,2579.78,
2012-02-23T14:30:00Z,2578.91,2597.91,2570.07,2588.43,
2012-02-23T18:30:00Z,2588.46,2598.1,2581.78,2594.93,
2012-02-24T14:30:00Z,2602.66,2609.45,2598.67,2606.29,
2012-02-24T18:30:00Z,2606.32,2608.31,2599.81,2604.21,
2012-02-27T14:30:00Z,2589.44,2614.6,2579.63,2610.05,
2012-02-27T18:30:00Z,2610.02,2616.86,2605.83,2606.76,
2012-02-28T14:30:00Z,2610.04,2632.87,2607.5,2632.22,
2012-02-28T18:30:00Z,2632.19,2634.23,2619.79,2633.46,
2012-02-29T14:30:00Z,2638.97,2645.2,2623.07,2629.24,
2012-02-29T18:30:00Z,2629.18,2636.06,2614.48,2623.1,
2012-03-01T14:30:00Z,2634.2,2644.92,2625.42,2643.83,
2012-03-01T18:30:00Z,2643.82,2645.91,2633.9,2643.54,
2012-03-02T14:30:00Z,2640.43,2650.0,2633.28,2635.31,
2012-03-02T18:30:00Z,2635.26,2645.06,2635.04,2641.58,
2012-03-05T14:30:00Z,2636.6,2642.75,2605.59,2614.47,
2012-03-05T18:30:00Z,2614.5,2621.29,2606.28,2614.92,
2012-03-06T14:30:00Z,2586.31,2593.64,2575.13,2582.66,
2012-03-06T18:30:00Z,2582.76,2592.27,2577.95,2588.95,
2012-03-07T14:30:00Z,2599.85,2614.23,2597.23,2610.39,
2012-03-07T18:30:00Z,2610.38,2612.89,2599.71,2607.85,
2012-03-08T14:30:00Z,2623.45,2637.78,2618.47,2636.45,
2012-03-08T18:30:00Z,2636.44,2643.89,2632.32,2637.18,
2012-03-09T14:30:00Z,2641.15,2651.5,2639.6,2648.74,
2012-03-09T18:30:00Z,2648.79,2651.98,2643.76,2646.85,
2012-03-12T13:30:00Z,2646.98,2651.64,2635.76,2645.08,
2012-03-12T17:30:00Z,2644.98,2649.67,2644.27,2646.85,
2012-03-13T13:30:00Z,2665.3,2680.08,2658.09,2679.19,
2012-03-13T17:30:00Z,2679.22,2697.64,2674.44,2697.43,
2012-03-14T13:30:00Z,2701.08,2717.86,2698.95,2716.15,
2012-03-14T17:30:00Z,2716.11,2716.36,2690.4,2708.41,
2012-03-15T13:30:00Z,2716.19,2720.49,2701.65,2710.34,
2012-03-15T17:30:00Z,2710.42,2717.37,2702.0,2714.79,
2012-03-16T13:30:00Z,2715.71,2719.61,2706.96,2713.68,
2012-03-16T17:30:00Z,2713.7,2716.18,2709.09,2712.78,
2012-03-19T13:30:00Z,2716.98,2735.95,2710.63,2735.95,
2012-03-19T17:30:00Z,2735.98,2738.22,2730.73,2733.26,
2012-03-20T13:30:00Z,2719.4,2726.9,2711.1,2724.94,
2012-03-20T17:30:00Z,2724.92,2740.35,2723.39,2737.63,
2012-03-21T13:30:00Z,2739.4,2748.76,2733.91,2745.68,
2012-03-21T17:30:00Z,2745.63,2752.46,2736.88,2736.88,
2012-03-22T13:30:00Z,2720.66,2737.74,2719.74,2735.59,
2012-03-22T17:30:00Z,2735.57,2737.83,2720.23,2731.5,
2012-03-23T13:30:00Z,2734.68,2734.68,2714.6,2726.92,
2012-03-23T17:30:00Z,2726.93,2733.83,2726.18,2728.55,
2012-03-26T13:30:00Z,2746.98,2761.77,2746.43,2761.04,
2012-03-26T17:30:00Z,2761.05,2778.02,2760.73,2778.02,
2012-03-27T13:30:00Z,2779.67,2789.92,2778.91,2787.75,
2012-03-27T17:30:00Z,2787.74,2793.44,2780.3,2782.12,
2012-03-28T13:30:00Z,2785.98,2794.0,2757.35,2760.95,
2012-03-28T17:30:00Z,2760.97,2773.49,2754.97,2770.97,
2012-03-29T13:30:00Z,2756.44,2769.83,2741.32,2747.0,
2012-03-29T17:30:00Z,2747.01,2766.09,2743.84,2762.05,
2012-03-30T13:30:00Z,2773.93,2774.52,2744.47,2762.14,
2012-03-30T17:30:00Z,2762.13,2763.77,2754.57,2755.27,
2012-04-02T13:30:00Z,2752.25,2785.5,2747.54,2783.18,
2012-04-02T17:30:00Z,2783.19,2787.25,2780.67,2784.42,
2012-04-03T13:30:00Z,2786.14,2795.35,2772.42,2780.02,
2012-04-03T17:30:00Z,2780.01,2784.39,2767.05,2782.78,
2012-04-04T13:30:00Z,2759.33,2762.73,2729.79,2729.79,
2012-04-04T17:30:00Z,2729.8,2749.65,2729.21,2745.0,
2012-04-05T13:30:00Z,2740.7,2764.21,2739.1,2761.4,
2012-04-05T17:30:00Z,2761.39,2763.75,2755.04,2762.5,
2012-04-09T13:30:00Z,2726.08,2748.39,2722.77,2743.09,
2012-04-09T17:30:00Z,2743.1,2751.44,2739.87,2739.98,
2012-04-10T13:30:00Z,2738.44,2749.51,2694.96,2701.53,
2012-04-10T17:30:00Z,2701.58,2704.81,2688.21,2695.12,
2012-04-11T13:30:00Z,2719.48,2726.94,2709.45,2715.14,
2012-04-11T17:30:00Z,2715.15,2716.94,2702.97,2708.13,
2012-04-12T13:30:00Z,2715.04,2742.31,2711.04,2735.56,
2012-04-12T17:30:00Z,2735.55,2743.41,2730.87,2740.26,
2012-04-13T13:30:00Z,2730.74,2731.35,2698.11,2709.73,
2012-04-13T17:30:00Z,2709.74,2715.52,2698.22,2698.99,
2012-04-16T13:30:00Z,2713.89,2713.89,2660.96,2668.97,
2012-04-16T17:30:00Z,2668.94,2684.51,2665.44,2670.1,
2012-04-17T13:30:00Z,2678.58,2723.7,2675.14,2723.08,
2012-04-17T17:30:00Z,2723.21,2731.38,2723.07,2723.58,
2012-04-18T13:30:00Z,2714.66,2728.83,2707.91,2714.9,
2012-04-18T17:30:00Z,2714.87,2732.03,2710.59,2716.14,
2012-04-19T13:30:00Z,2707.89,2738.59,2695.82,2700.59,
2012-04-19T17:30:00Z,2700.63,2706.18,2676.09,2686.82,
2012-04-20T13:30:00Z,2699.55,2712.01,2691.32,2692.53,
2012-04-20T17:30:00Z,2692.48,2694.1,2674.66,2676.04,
2012-04-23T13:30:00Z,2651.13,2657.36,2629.7,2649.91,
2012-04-23T17:30:00Z,2649.89,2657.36,2642.77,2653.5,
2012-04-24T13:30:00Z,2647.91,2659.52,2634.28,2634.39,
2012-04-24T17:30:00Z,2634.46,2641.59,2628.96,2638.73,
2012-04-25T13:30:00Z,2694.86,2710.87,2691.12,2704.15,
2012-04-25T17:30:00Z,2704.18,2710.52,2699.09,2709.62,
2012-04-26T13:30:00Z,2709.88,2718.6,2705.91,2715.17,
2012-04-26T17:30:00Z,2715.16,2731.73,2715.16,2725.23,
2012-04-27T13:30:00Z,2737.57,2745.27,2723.16,2744.78,
2012-04-27T17:30:00Z,2744.8,2750.5,2736.95,2741.34,
2012-04-30T13:30:00Z,2731.26,2737.54,2720.75,2725.79,
2012-04-30T17:30:00Z,2725.76,2728.57,2720.44,2723.68,
2012-05-01T13:30:00Z,2719.25,2756.81,2715.75,2745.93,
2012-05-01T17:30:00Z,2745.91,2746.13,2726.69,2726.92,
2012-05-02T13:30:00Z,2713.18,2732.4,2707.63,2724.19,
2012-05-02T17:30:00Z,2724.26,2736.3,2724.2,2734.77,
2012-05-03T13:30:00Z,2737.04,2737.14,2708.94,2712.97,
2012-05-03T17:30:00Z,2713.03,2713.03,2697.78,2704.59,
2012-05-04T13:30:00Z,2682.37,2683.25,2641.51,2646.04,
2012-05-04T17:30:00Z,2646.06,2649.36,2637.73,2637.92,
2012-05-07T13:30:00Z,2622.67,2648.49,2620.96,2643.05,
2012-05-07T17:30:00Z,2643.02,2651.74,2637.47,2639.28,
2012-05-08T13:30:00Z,2624.35,2629.22,2587.53,2606.97,
2012-05-08T17:30:00Z,2606.99,2638.3,2605.68,2629.87,
2012-05-09T13:30:00Z,2600.19,2632.05,2588.97,2621.77,
2012-05-09T17:30:00Z,2621.74,2635.71,2619.44,2621.35,
2012-05-10T13:30:00Z,2631.97,2631.97,2606.79,2623.75,
2012-05-10T17:30:00Z,2623.72,2626.01,2609.55,2616.24,
2012-05-11T13:30:00Z,2606.01,2643.22,2604.99,2631.65,
2012-05-11T17:30:00Z,2631.63,2635.19,2615.51,2615.98,
2012-05-14T13:30:00Z,2593.75,2610.31,2587.78,2600.32,
2012-05-14T17:30:00Z,2600.34,2611.37,2589.12,2590.28,
2012-05-15T13:30:00Z,2589.96,2617.23,2589.96,2611.43,
2012-05-15T17:30:00Z,2611.45,2611.45,2576.77,2580.75,
2012-05-16T13:30:00Z,2589.91,2597.16,2574.66,2575.67,
2012-05-16T17:30:00Z,2575.66,2575.68,2558.69,2561.56,
2012-05-17T13:30:00Z,2562.13,2567.55,2526.81,2542.74,
2012-05-17T17:30:00Z,2542.72,2542.98,2509.05,2509.05,
2012-05-18T13:30:00Z,2509.9,2523.15,2485.07,2502.34,
2012-05-18T17:30:00Z,2502.26,2503.44,2474.7,2478.53,
2012-05-21T13:30:00Z,2482.31,2537.04,2478.36,2531.19,
2012-05-21T17:30:00Z,2531.18,2547.69,2527.85,2545.43,
2012-05-22T13:30:00Z,2553.58,2562.48,2542.01,2549.68,
2012-05-22T17:30:00Z,2549.69,2556.99,2524.11,2539.2,
2012-05-23T13:30:00Z,2534.66,2534.66,2499.3,2515.57,
2012-05-23T17:30:00Z,2515.66,2553.19,2509.28,2547.08,
2012-05-24T13:30:00Z,2553.12,2554.2,2525.02,2526.22,
2012-05-24T17:30:00Z,2526.23,2531.47,2512.35,2531.35,
2012-05-25T13:30:00Z,2532.32,2537.56,2522.98,2531.61,
2012-05-25T17:30:00Z,2531.62,2534.83,2520.17,2527.05,
2012-05-29T13:30:00Z,2542.66,2570.79,2536.62,2541.4,
2012-05-29T17:30:00Z,2541.32,2561.51,2539.19,2558.97,
2012-05-30T13:30:00Z,2538.58,2538.79,2522.45,2531.1,
2012-05-30T17:30:00Z,2530.98,2546.01,2528.39,2537.4,
2012-05-31T13:30:00Z,2535.87,2537.09,2507.58,2529.25,
2012-05-31T17:30:00Z,2529.13,2540.4,2518.84,2524.87,
2012-06-01T13:30:00Z,2510.82,2510.82,2468.84,2468.84,
2012-06-01T17:30:00Z,2468.79,2470.38,2458.73,2458.83,
2012-06-04T13:30:00Z,2458.97,2480.97,2443.92,2447.66,
2012-06-04T17:30:00Z,2447.68,2479.12,2446.97,2478.13,
2012-06-05T13:30:00Z,2467.81,2490.11,2467.66,2477.17,
2012-06-05T17:30:00Z,2477.18,2492.53,2476.31,2487.5,
2012-06-06T13:30:00Z,2504.08,2542.88,2504.08,2538.14,
2012-06-06T17:30:00Z,2538.16,2546.32,2530.78,2546.32,
2012-06-07T13:30:00Z,2569.24,2570.48,2542.55,2558.46,
2012-06-07T17:30:00Z,2558.43,2558.81,2531.95,2535.41,
2012-06-08T13:30:00Z,2529.42,2553.19,2522.39,2552.15,
2012-06-08T17:30:00Z,2552.14,2561.57,2549.17,2559.21,
2012-06-11T13:30:00Z,2578.73,2579.23,2547.01,2554.88,
2012-06-11T17:30:00Z,2554.87,2554.87,2513.67,2517.18,
2012-06-12T13:30:00Z,2523.01,2542.62,2510.75,2531.07,
2012-06-12T17:30:00Z,2531.06,2546.83,2529.3,2546.2,
2012-06-13T13:30:00Z,2541.72,2557.31,2531.3,2552.94,
2012-06-13T17:30:00Z,2552.9,2553.91,2519.69,2527.44,
2012-06-14T13:30:00Z,2529.28,2545.82,2515.17,2536.34,
2012-06-14T17:30:00Z,2536.41,2547.31,2521.79,2539.97,
2012-06-15T13:30:00Z,2543.85,2562.69,2542.51,2558.52,
2012-06-15T17:30:00Z,2558.51,2572.84,2558.25,2571.23,
2012-06-18T13:30:00Z,2570.98,2590.8,2554.83,2590.44,
2012-06-18T17:30:00Z,2590.38,2599.52,2589.05,2592.52,
2012-06-19T13:30:00Z,2606.43,2626.69,2605.16,2626.67,
2012-06-19T17:30:00Z,2626.64,2630.86,2618.31,2620.83,
2012-06-20T13:30:00Z,2625.0,2633.21,2603.32,2625.68,
2012-06-20T17:30:00Z,2625.84,2629.06,2606.53,2623.33,
2012-06-21T13:30:00Z,2619.98,2622.76,2577.31,2577.31,
2012-06-21T17:30:00Z,2577.3,2579.5,2554.65,2556.96,
2012-06-22T13:30:00Z,2562.28,2572.85,2559.26,2570.44,
2012-06-22T17:30:00Z,2570.39,2587.0,2569.63,2585.53,
2012-06-25T13:30:00Z,2562.98,2563.09,2527.01,2535.3,
2012-06-25T17:30:00Z,2535.31,2541.58,2528.34,2533.54,
2012-06-26T13:30:00Z,2541.21,2555.23,2531.6,2544.87,
2012-06-26T17:30:00Z,2544.84,2556.92,2540.22,2549.84,
2012-06-27T13:30:00Z,2558.67,2576.09,2557.09,2565.92,
2012-06-27T17:30:00Z,2565.93,2571.96,2557.55,2565.53,
2012-06-28T13:30:00Z,2546.4,2547.76,2519.26,2520.72,
2012-06-28T17:30:00Z,2520.7,2539.25,2510.37,2536.65,
2012-06-29T13:30:00Z,2566.84,2604.15,2566.84,2602.27,
2012-06-29T17:30:00Z,2602.25,2615.82,2601.75,2615.72,
2012-07-02T13:30:00Z,2616.52,2624.95,2604.9,2617.18,
2012-07-02T17:30:00Z,2617.21,2625.26,2613.21,2625.03,
2012-07-03T13:30:00Z,2623.46,2645.84,2621.77,2645.84,
2012-07-05T13:30:00Z,2643.63,2656.29,2629.91,2655.26,
2012-07-05T17:30:00Z,2655.27,2660.26,2646.98,2647.47,
2012-07-06T13:30:00Z,2635.65,2636.96,2598.81,2603.22,
2012-07-06T17:30:00Z,2603.21,2613.62,2596.1,2612.29,
2012-07-09T13:30:00Z,2610.38,2620.22,2597.27,2608.25,
2012-07-09T17:30:00Z,2608.19,2611.93,2599.33,2610.31,
2012-07-10T13:30:00Z,2620.33,2630.03,2590.2,2595.96,
2012-07-10T17:30:00Z,2595.98,2598.08,2574.26,2585.52,
2012-07-11T13:30:00Z,2580.07,2587.02,2563.0,2565.26,
2012-07-11T17:30:00Z,2565.25,2576.64,2549.05,2570.99,
2012-07-12T13:30:00Z,2561.68,2561.68,2522.89,2549.75,
2012-07-12T17:30:00Z,2549.76,2555.71,2543.43,2545.3,
2012-07-13T13:30:00Z,2545.98,2581.21,2545.98,2578.78,
2012-07-13T17:30:00Z,2578.77,2589.93,2577.42,2584.97,
2012-07-16T13:30:00Z,2579.96,2589.57,2567.45,2579.38,
2012-07-16T17:30:00Z,2579.3,2585.03,2571.85,2577.05,
2012-07-17T13:30:00Z,2591.78,2597.73,2554.34,2591.9,
2012-07-17T17:30:00Z,2591.91,2598.47,2583.72,2591.65,
2012-07-18T13:30:00Z,2586.86,2633.02,2585.48,2629.49,
2012-07-18T17:30:00Z,2629.47,2629.47,2616.35,2625.87,
2012-07-19T13:30:00Z,2645.34,2663.12,2639.41,2658.53,
2012-07-19T17:30:00Z,2658.51,2661.23,2646.06,2655.81,
2012-07-20T13:30:00Z,2654.6,2654.6,2623.81,2626.51,
2012-07-20T17:30:00Z,2626.47,2631.1,2618.04,2618.04,
2012-07-23T13:30:00Z,2575.29,2582.05,2549.96,2581.07,
2012-07-23T17:30:00Z,2581.03,2596.61,2580.72,2589.93,
2012-07-24T13:30:00Z,2593.39,2596.04,2560.43,2565.81,
2012-07-24T17:30:00Z,2565.71,2570.27,2551.35,2567.46,
2012-07-25T13:30:00Z,2551.7,2564.32,2535.04,2560.92,
2012-07-25T17:30:00Z,2560.97,2566.46,2545.47,2549.2,
2012-07-26T13:30:00Z,2588.2,2598.36,2568.33,2583.86,
2012-07-26T17:30:00Z,2583.82,2593.2,2577.19,2584.85,
2012-07-27T13:30:00Z,2600.03,2637.47,2594.84,2637.46,
2012-07-27T17:30:00Z,2637.77,2649.98,2634.95,2647.03,
2012-07-30T13:30:00Z,2649.78,2662.62,2637.46,2642.59,
2012-07-30T17:30:00Z,2642.62,2645.99,2634.5,2642.12,
2012-07-31T13:30:00Z,2643.28,2657.27,2640.26,2648.81,
2012-07-31T17:30:00Z,2648.85,2653.27,2641.61,2642.53,
2012-08-01T13:30:00Z,2660.49,2661.84,2640.27,2643.53,
2012-08-01T17:30:00Z,2643.5,2646.75,2625.08,2635.13,
2012-08-02T13:30:00Z,2616.04,2650.98,2606.54,2614.98,
2012-08-02T17:30:00Z,2615.05,2628.98,2610.97,2625.52,
2012-08-03T13:30:00Z,2664.69,2683.48,2657.5,2681.01,
2012-08-03T17:30:00Z,2681.0,2684.58,2672.52,2675.91,
2012-08-06T13:30:00Z,2686.38,2705.71,2681.72,2703.81,
2012-08-06T17:30:00Z,2703.88,2704.38,2692.46,2694.09,
2012-08-07T13:30:00Z,2705.97,2727.31,2701.9,2723.68,
2012-08-07T17:30:00Z,2723.66,2724.38,2714.53,2717.16,
2012-08-08T13:30:00Z,2707.29,2721.02,2705.47,2716.29,
2012-08-08T17:30:00Z,2716.34,2717.04,2711.35,2714.02,
2012-08-09T13:30:00Z,2712.97,2724.43,2708.24,2716.85,
2012-08-09T17:30:00Z,2716.87,2721.04,2716.06,2719.61,
2012-08-10T13:30:00Z,2710.55,2716.64,2704.91,2712.08,
2012-08-10T17:30:00Z,2712.1,2722.96,2711.68,2722.96,
2012-08-13T13:30:00Z,2721.49,2727.17,2708.38,2720.2,
2012-08-13T17:30:00Z,2720.21,2728.88,2718.83,2728.68,
2012-08-14T13:30:00Z,2737.85,2742.83,2729.13,2731.57,
2012-08-14T17:30:00Z,2731.56,2735.97,2721.12,2727.79,
2012-08-15T13:30:00Z,2724.71,2739.14,2724.71,2732.33,
2012-08-15T17:30:00Z,2732.32,2738.1,2728.64,2735.47,
2012-08-16T13:30:00Z,2743.88,2766.37,2742.82,2765.16,
2012-08-16T17:30:00Z,2765.19,2774.22,2762.3,2768.09,
2012-08-17T13:30:00Z,2775.53,2777.83,2767.04,2774.58,
2012-08-17T17:30:00Z,2774.57,2780.77,2773.26,2780.3,
2012-08-20T13:30:00Z,2777.71,2784.57,2767.73,2778.45,
2012-08-20T17:30:00Z,2778.44,2784.52,2774.29,2784.33,
2012-08-21T13:30:00Z,2791.74,2802.91,2768.6,2769.67,
2012-08-21T17:30:00Z,2769.72,2776.23,2762.9,2772.2,
2012-08-22T13:30:00Z,2765.1,2776.51,2759.14,2771.46,
2012-08-22T17:30:00Z,2771.5,2790.3,2769.3,2783.42,
2012-08-23T13:30:00Z,2773.98,2780.71,2755.14,2757.97,
2012-08-23T17:30:00Z,2757.95,2772.69,2757.15,2762.02,
2012-08-24T13:30:00Z,2754.43,2781.08,2750.64,2777.47,
2012-08-24T17:30:00Z,2777.49,2785.34,2774.06,2778.05,
2012-08-27T13:30:00Z,2792.0,2794.27,2778.81,2789.43,
2012-08-27T17:30:00Z,2789.33,2789.47,2777.36,2782.55,
2012-08-28T13:30:00Z,2779.17,2790.51,2772.25,2784.41,
2012-08-28T17:30:00Z,2784.4,2788.28,2781.82,2782.69,
2012-08-29T13:30:00Z,2782.98,2789.6,2771.99,2786.3,
2012-08-29T17:30:00Z,2786.28,2790.17,2783.14,2784.0,
2012-08-30T13:30:00Z,2771.44,2772.62,2751.53,2753.52,
2012-08-30T17:30:00Z,2753.46,2763.54,2752.76,2753.74,
2012-08-31T13:30:00Z,2773.24,2785.08,2746.68,2762.3,
2012-08-31T17:30:00Z,2762.28,2777.26,2761.96,2772.24,
2012-09-04T13:30:00Z,2766.93,2772.83,2744.29,2760.57,
2012-09-04T17:30:00Z,2760.58,2781.08,2757.88,2772.03,
2012-09-05T13:30:00Z,2769.19,2780.56,2760.66,2775.67,
2012-09-05T17:30:00Z,2775.66,2775.67,2764.34,2766.95,
2012-09-06T13:30:00Z,2785.01,2826.95,2784.81,2824.71,
2012-09-06T17:30:00Z,2824.76,2829.71,2823.19,2829.71,
2012-09-07T13:30:00Z,2823.22,2829.95,2817.48,2824.16,
2012-09-07T17:30:00Z,2823.93,2825.59,2820.46,2825.11,
2012-09-10T13:30:00Z,2821.03,2823.34,2805.7,2809.55,
2012-09-10T17:30:00Z,2809.56,2810.12,2787.33,2788.35,
2012-09-11T13:30:00Z,2789.09,2799.85,2784.9,2794.11,
2012-09-11T17:30:00Z,2794.03,2797.4,2780.24,2784.89,
2012-09-12T13:30:00Z,2794.38,2798.97,2780.46,2788.74,
2012-09-12T17:30:00Z,2788.75,2796.75,2775.4,2791.68,
2012-09-13T13:30:00Z,2796.72,2825.85,2792.18,2825.71,
2012-09-13T17:30:00Z,2825.75,2841.68,2825.11,2831.35,
2012-09-14T13:30:00Z,2841.82,2865.37,2839.48,2853.96,
2012-09-14T17:30:00Z,2853.98,2861.03,2848.28,2855.23,
2012-09-17T13:30:00Z,2857.52,2857.52,2846.88,2851.1,
2012-09-17T17:30:00Z,2851.09,2856.44,2846.17,2856.44,
2012-09-18T13:30:00Z,2852.42,2859.34,2848.91,2855.02,
2012-09-18T17:30:00Z,2855.14,2857.98,2852.68,2857.38,
2012-09-19T13:30:00Z,2858.54,2867.18,2850.32,2864.91,
2012-09-19T17:30:00Z,2864.9,2871.1,2862.29,2864.03,
2012-09-20T13:30:00Z,2850.44,2859.1,2842.59,2856.78,
2012-09-20T17:30:00Z,2856.77,2863.67,2854.91,2861.7,
2012-09-21T13:30:00Z,2874.53,2878.38,2869.11,2870.34,
2012-09-21T17:30:00Z,2870.35,2872.04,2859.55,2861.52,
2012-09-24T13:30:00Z,2836.35,2847.27,2832.53,2838.5,
2012-09-24T17:30:00Z,2838.48,2849.61,2833.48,2843.98,
2012-09-25T13:30:00Z,2851.65,2858.68,2837.59,2838.51,
2012-09-25T17:30:00Z,2838.48,2843.9,2804.13,2804.53,
2012-09-26T13:30:00Z,2798.93,2802.28,2768.58,2789.41,
2012-09-26T17:30:00Z,2789.43,2793.05,2779.05,2781.63,
2012-09-27T13:30:00Z,2790.78,2818.18,2784.62,2816.33,
2012-09-27T17:30:00Z,2816.34,2827.0,2816.08,2821.6,
2012-09-28T13:30:00Z,2812.82,2820.36,2795.54,2808.66,
2012-09-28T17:30:00Z,2808.68,2816.71,2796.34,2799.19,
2012-10-01T13:30:00Z,2811.45,2827.61,2792.82,2799.26,
2012-10-01T17:30:00Z,2799.29,2804.83,2784.54,2794.28,
2012-10-02T13:30:00Z,2807.08,2812.21,2786.94,2787.74,
2012-10-02T17:30:00Z,2787.78,2799.58,2779.01,2799.29,
2012-10-03T13:30:00Z,2810.16,2822.56,2797.28,2819.19,
2012-10-03T17:30:00Z,2819.18,2819.84,2807.52,2818.84,
2012-10-04T13:30:00Z,2824.89,2831.88,2814.45,2826.07,
2012-10-04T17:30:00Z,2826.06,2835.33,2822.39,2828.6,
2012-10-05T13:30:00Z,2840.19,2845.97,2820.78,2824.13,
2012-10-05T17:30:00Z,2824.07,2827.28,2806.44,2811.94,
2012-10-08T13:30:00Z,2797.33,2801.85,2781.38,2785.67,
2012-10-08T17:30:00Z,2785.66,2794.48,2782.69,2786.92,
2012-10-09T13:30:00Z,2781.81,2781.81,2736.98,2747.8,
2012-10-09T17:30:00Z,2747.75,2753.6,2739.69,2741.92,
2012-10-10T13:30:00Z,2743.58,2749.42,2725.22,2727.67,
2012-10-10T17:30:00Z,2727.81,2733.84,2724.38,2728.54,
2012-10-11T13:30:00Z,2750.81,2750.81,2726.26,2726.76,
2012-10-11T17:30:00Z,2726.75,2730.53,2718.49,2719.21,
2012-10-12T13:30:00Z,2719.69,2734.4,2714.17,2718.39,
2012-10-12T17:30:00Z,2718.43,2728.18,2716.71,2720.14,
2012-10-15T13:30:00Z,2729.2,2735.21,2713.22,2728.48,
2012-10-15T17:30:00Z,2728.49,2742.7,2724.16,2739.87,
2012-10-16T13:30:00Z,2746.14,2780.22,2743.45,2774.81,
2012-10-16T17:30:00Z,2774.8,2781.01,2769.72,2778.38,
2012-10-17T13:30:00Z,2763.7,2784.81,2760.3,2779.1,
2012-10-17T17:30:00Z,2779.12,2781.73,2769.67,2775.62,
2012-10-18T13:30:00Z,2770.05,2775.83,2740.12,2747.23,
2012-10-18T17:30:00Z,2747.22,2748.33,2734.6,2744.17,
2012-10-19T13:30:00Z,2741.58,2741.58,2684.01,2689.56,
2012-10-19T17:30:00Z,2689.55,2689.7,2675.57,2678.32,
2012-10-22T13:30:00Z,2678.89,2692.66,2674.72,2675.49,
2012-10-22T17:30:00Z,2675.5,2699.08,2671.5,2694.56,
2012-10-23T13:30:00Z,2670.94,2689.48,2658.77,2683.0,
2012-10-23T17:30:00Z,2682.53,2686.32,2664.42,2666.02,
2012-10-24T13:30:00Z,2685.55,2686.51,2654.41,2665.11,
2012-10-24T17:30:00Z,2665.06,2669.58,2653.43,2655.55,
2012-10-25T13:30:00Z,2677.13,2679.81,2649.19,2662.26,
2012-10-25T17:30:00Z,2662.19,2664.05,2652.37,2657.66,
2012-10-26T13:30:00Z,2657.91,2673.47,2636.83,2649.01,
2012-10-26T17:30:00Z,2649.02,2675.92,2647.89,2665.83,
2012-10-31T13:30:00Z,2663.56,2665.88,2639.63,2646.25,
2012-10-31T17:30:00Z,2646.35,2654.07,2644.3,2647.92,
2012-11-01T13:30:00Z,2661.05,2690.72,2657.11,2681.49,
2012-11-01T17:30:00Z,2681.48,2689.39,2680.57,2687.52,
2012-11-02T13:30:00Z,2701.91,2701.91,2680.01,2680.12,
2012-11-02T17:30:00Z,2680.09,2683.1,2654.97,2656.28,
2012-11-05T14:30:00Z,2657.73,2669.94,2651.37,2660.54,
2012-11-05T18:30:00Z,2660.51,2678.94,2656.69,2672.91,
2012-11-06T14:30:00Z,2676.15,2696.46,2668.45,2688.28,
2012-11-06T18:30:00Z,2688.27,2690.82,2675.32,2681.05,
2012-11-07T14:30:00Z,2647.51,2651.26,2602.29,2621.24,
2012-11-07T18:30:00Z,2621.18,2629.31,2612.09,2612.69,
2012-11-08T14:30:00Z,2620.25,2626.42,2583.09,2585.85,
2012-11-08T18:30:00Z,2585.64,2595.65,2572.43,2572.57,
2012-11-09T14:30:00Z,2574.87,2610.17,2571.86,2588.23,
2012-11-09T18:30:00Z,2588.28,2600.54,2583.43,2584.1,
2012-11-12T14:30:00Z,2596.57,2600.65,2575.61,2594.93,
2012-11-12T18:30:00Z,2594.92,2595.07,2579.77,2582.77,
2012-11-13T14:30:00Z,2558.86,2586.59,2554.52,2578.24,
2012-11-13T18:30:00Z,2578.27,2583.93,2560.32,2561.86,
2012-11-14T14:30:00Z,2574.62,2577.57,2550.59,2556.67,
2012-11-14T18:30:00Z,2556.65,2560.41,2528.36,2531.87,
2012-11-15T14:30:00Z,2534.24,2542.17,2516.78,2528.91,
2012-11-15T18:30:00Z,2528.92,2535.05,2514.86,2524.36,
2012-11-16T14:30:00Z,2525.89,2541.14,2494.38,2532.55,
2012-11-16T18:30:00Z,2532.65,2541.34,2518.74,2534.16,
2012-11-19T14:30:00Z,2564.23,2585.87,2562.52,2579.9,
2012-11-19T18:30:00Z,2579.91,2596.75,2578.81,2595.83,
2012-11-20T14:30:00Z,2592.27,2598.47,2570.66,2570.77,
2012-11-20T18:30:00Z,2570.78,2594.8,2570.78,2594.66,
2012-11-21T14:30:00Z,2596.02,2604.51,2587.86,2599.67,
2012-11-21T18:30:00Z,2599.66,2603.81,2597.94,2600.48,
2012-11-23T14:30:00Z,2617.87,2640.39,2614.24,2639.59,
2012-11-26T14:30:00Z,2634.43,2645.17,2626.06,2642.33,
2012-11-26T18:30:00Z,2642.4,2652.07,2640.26,2651.67,
2012-11-27T14:30:00Z,2649.94,2659.35,2637.6,2652.94,
2012-11-27T18:30:00Z,2652.95,2657.52,2639.95,2641.42,
2012-11-28T14:30:00Z,2627.57,2654.31,2613.22,2650.76,
2012-11-28T18:30:00Z,2650.65,2666.31,2650.12,2665.27,
2012-11-29T14:30:00Z,2677.63,2688.95,2667.31,2679.19,
2012-11-29T18:30:00Z,2679.21,2686.44,2676.54,2680.03,
2012-11-30T14:30:00Z,2680.55,2682.02,2668.17,2675.71,
2012-11-30T18:30:00Z,2675.69,2682.36,2669.38,2677.88,
2012-12-03T14:30:00Z,2697.44,2699.04,2677.64,2680.16,
2012-12-03T18:30:00Z,2680.15,2681.15,2669.83,2671.84,
2012-12-04T14:30:00Z,2671.12,2672.62,2651.46,2660.55,
2012-12-04T18:30:00Z,2660.54,2674.03,2659.13,2667.89,
2012-12-05T14:30:00Z,2660.68,2663.44,2624.51,2651.81,
2012-12-05T18:30:00Z,2651.79,2656.44,2636.15,2637.89,
2012-12-06T14:30:00Z,2631.16,2663.01,2623.62,2651.76,
2012-12-06T18:30:00Z,2651.5,2659.22,2645.67,2656.3,
2012-12-07T14:30:00Z,2667.44,2671.57,2631.47,2638.35,
2012-12-07T18:30:00Z,2638.33,2645.13,2633.55,2640.54,
2012-12-10T14:30:00Z,2634.54,2661.35,2632.25,2644.88,
2012-12-10T18:30:00Z,2644.87,2650.85,2640.4,2647.57,
2012-12-11T14:30:00Z,2665.98,2696.9,2664.1,2689.9,
2012-12-11T18:30:00Z,2689.8,2693.97,2674.65,2682.07,
2012-12-12T14:30:00Z,2694.4,2694.43,2674.07,2689.46,
2012-12-12T18:30:00Z,2689.44,2692.81,2668.51,2674.57,
2012-12-13T14:30:00Z,2667.36,2688.44,2647.2,2652.93,
2012-12-13T18:30:00Z,2652.94,2658.67,2643.14,2654.01,
2012-12-14T14:30:00Z,2635.91,2643.97,2628.0,2634.53,
2012-12-14T18:30:00Z,2634.62,2636.32,2620.08,2628.09,
2012-12-17T14:30:00Z,2629.76,2659.94,2627.37,2651.42,
2012-12-17T18:30:00Z,2651.41,2664.72,2641.39,2664.26,
2012-12-18T14:30:00Z,2675.44,2707.84,2669.83,2700.53,
2012-12-18T18:30:00Z,2700.44,2708.48,2695.25,2705.39,
2012-12-19T14:30:00Z,2709.61,2713.39,2697.42,2702.66,
2012-12-19T18:30:00Z,2702.65,2703.44,2690.99,2690.99,
2012-12-20T14:30:00Z,2697.6,2697.6,2679.55,2687.26,
2012-12-20T18:30:00Z,2687.27,2698.71,2686.54,2693.55,
2012-12-21T14:30:00Z,2641.96,2667.7,2639.65,2654.15,
2012-12-21T18:30:00Z,2654.14,2666.08,2653.28,2664.67,
2012-12-24T14:30:00Z,2658.65,2662.03,2653.58,2658.05,
2012-12-26T14:30:00Z,2657.41,2663.56,2627.52,2638.41,
2012-12-26T18:30:00Z,2638.42,2645.36,2634.84,2637.18,
2012-12-27T14:30:00Z,2636.35,2638.8,2599.63,2608.29,
2012-12-27T18:30:00Z,2608.3,2641.11,2603.67,2632.94,
2012-12-28T14:30:00Z,2612.19,2631.71,2611.81,2623.62,
2012-12-28T18:30:00Z,2623.57,2625.1,2604.96,2606.36,
2012-12-31T14:30:00Z,2600.92,2644.56,2598.57,2639.94,
2012-12-31T18:30:00Z,2639.87,2665.73,2631.05,2660.93,
2013-01-02T14:30:00Z,2727.67,2740.33,2716.3,2725.34,
2013-01-02T18:30:00Z,2725.25,2746.5,2719.81,2746.47,
2013-01-03T14:30:00Z,2742.13,2750.82,2736.94,2746.59,
2013-01-03T18:30:00Z,2746.6,2748.67,2723.67,2732.26,
2013-01-04T14:30:00Z,2730.53,2732.16,2716.04,2726.47,
2013-01-04T18:30:00Z,2726.5,2731.95,2722.88,2724.49,
2013-01-07T14:30:00Z,2713.44,2725.75,2707.11,2718.52,
2013-01-07T18:30:00Z,2718.5,2727.68,2711.65,2724.22,
2013-01-08T14:30:00Z,2724.76,2730.16,2703.75,2713.68,
2013-01-08T18:30:00Z,2713.65,2721.43,2711.27,2718.72,
2013-01-09T14:30:00Z,2724.17,2735.42,2720.05,2727.92,
2013-01-09T18:30:00Z,2727.95,2732.49,2722.5,2727.65,
2013-01-10T14:30:00Z,2746.68,2749.19,2719.68,2730.33,
2013-01-10T18:30:00Z,2730.21,2745.46,2726.9,2744.18,
2013-01-11T14:30:00Z,2743.57,2749.36,2738.0,2742.6,
2013-01-11T18:30:00Z,2742.5,2749.15,2742.29,2748.26,
2013-01-14T14:30:00Z,2733.46,2743.35,2724.07,2731.41,
2013-01-14T18:30:00Z,2731.4,2740.97,2727.04,2735.7,
2013-01-15T14:30:00Z,2721.29,2726.27,2710.8,2723.21,
2013-01-15T18:30:00Z,2723.19,2724.98,2714.21,2722.98,
2013-01-16T14:30:00Z,2725.63,2737.1,2721.62,2732.29,
2013-01-16T18:30:00Z,2732.31,2742.33,2732.11,2734.73,
2013-01-17T14:30:00Z,2746.19,2751.34,2740.07,2749.24,
2013-01-17T18:30:00Z,2749.26,2756.68,2746.76,2747.15,
2013-01-18T14:30:00Z,2735.9,2742.8,2728.07,2736.3,
2013-01-18T18:30:00Z,2736.29,2743.54,2734.82,2743.24,
2013-01-22T14:30:00Z,2744.27,2747.52,2726.86,2736.34,
2013-01-22T18:30:00Z,2736.35,2746.19,2735.01,2746.19,
2013-01-23T14:30:00Z,2761.98,2769.31,2756.59,2763.02,
2013-01-23T18:30:00Z,2763.01,2766.62,2760.12,2762.17,
2013-01-24T14:30:00Z,2724.2,2748.36,2722.9,2731.18,
2013-01-24T18:30:00Z,2731.2,2732.8,2719.83,2723.53,
2013-01-25T14:30:00Z,2731.33,2744.92,2726.73,2734.44,
2013-01-25T18:30:00Z,2734.42,2745.09,2733.01,2736.73,
2013-01-28T14:30:00Z,2737.62,2752.54,2735.21,2740.07,
2013-01-28T18:30:00Z,2740.09,2750.95,2739.34,2742.43,
2013-01-29T14:30:00Z,2739.39,2745.94,2722.52,2741.73,
2013-01-29T18:30:00Z,2741.69,2749.44,2740.02,2743.58,
2013-01-30T14:30:00Z,2748.63,2757.09,2737.76,2748.35,
2013-01-30T18:30:00Z,2748.37,2751.02,2732.05,2738.71,
2013-01-31T14:30:00Z,2736.13,2751.11,2730.07,2734.96,
2013-01-31T18:30:00Z,2734.97,2740.9,2730.46,2731.53,
2013-02-01T14:30:00Z,2751.19,2767.01,2740.65,2765.8,
2013-02-01T18:30:00Z,2765.77,2768.63,2758.77,2763.96,
2013-02-04T14:30:00Z,2749.4,2755.65,2721.29,2724.02,
2013-02-04T18:30:00Z,2724.05,2728.22,2715.51,2715.68,
2013-02-05T14:30:00Z,2727.82,2752.01,2720.79,2751.9,
2013-02-05T18:30:00Z,2751.89,2762.86,2751.5,2754.99,
2013-02-06T14:30:00Z,2745.38,2758.25,2739.86,2740.96,
2013-02-06T18:30:00Z,2741.06,2746.35,2738.47,2746.35,
2013-02-07T14:30:00Z,2746.02,2749.14,2716.36,2732.14,
2013-02-07T18:30:00Z,2732.11,2746.68,2727.39,2746.5,
2013-02-08T14:30:00Z,2761.05,2780.13,2760.39,2775.6,
2013-02-08T18:30:00Z,2775.55,2779.87,2772.65,2775.56,
2013-02-11T14:30:00Z,2774.44,2776.89,2766.31,2770.9,
2013-02-11T18:30:00Z,2771.0,2777.13,2768.83,2774.64,
2013-02-12T14:30:00Z,2771.16,2776.71,2761.41,2773.32,
2013-02-12T18:30:00Z,2773.39,2773.53,2761.73,2762.62,
2013-02-13T14:30:00Z,2770.7,2783.19,2765.14,2772.57,
2013-02-13T18:30:00Z,2772.56,2776.75,2765.04,2773.77,
2013-02-14T14:30:00Z,2760.12,2776.49,2759.74,2771.77,
2013-02-14T18:30:00Z,2771.78,2775.67,2769.42,2771.43,
2013-02-15T14:30:00Z,2772.56,2779.07,2765.35,2767.46,
2013-02-15T18:30:00Z,2767.43,2772.02,2756.43,2764.67,
2013-02-19T14:30:00Z,2770.7,2776.76,2766.86,2773.25,
2013-02-19T18:30:00Z,2773.36,2782.86,2770.14,2782.86,
2013-02-20T14:30:00Z,2781.0,2782.45,2758.32,2763.0,
2013-02-20T18:30:00Z,2762.98,2765.91,2739.27,2739.99,
2013-02-21T14:30:00Z,2730.1,2731.25,2705.21,2706.78,
2013-02-21T18:30:00Z,2706.77,2719.77,2700.32,2711.51,
2013-02-22T14:30:00Z,2726.27,2733.68,2715.47,2730.46,
2013-02-22T18:30:00Z,2730.47,2737.28,2728.49,2737.28,
2013-02-25T14:30:00Z,2756.19,2763.96,2732.24,2740.28,
2013-02-25T18:30:00Z,2740.32,2740.32,2700.97,2700.97,
2013-02-26T14:30:00Z,2708.8,2718.06,2689.83,2699.32,
2013-02-26T18:30:00Z,2699.34,2716.99,2699.29,2713.02,
2013-02-27T14:30:00Z,2714.45,2750.92,2710.19,2742.54,
2013-02-27T18:30:00Z,2742.53,2757.61,2740.93,2741.26,
2013-02-28T14:30:00Z,2742.38,2758.73,2740.77,2757.55,
2013-02-28T18:30:00Z,2757.57,2761.28,2738.22,2738.58,
2013-03-01T14:30:00Z,2725.38,2751.22,2713.49,2748.02,
2013-03-01T18:30:00Z,2748.05,2750.14,2743.06,2747.75,
2013-03-04T14:30:00Z,2738.21,2749.19,2734.92,2748.92,
2013-03-04T18:30:00Z,2748.96,2759.84,2746.68,2759.53,
2013-03-05T14:30:00Z,2776.28,2803.35,2776.12,2800.55,
2013-03-05T18:30:00Z,2800.53,2803.03,2789.97,2799.25,
2013-03-06T14:30:00Z,2808.11,2808.18,2789.02,2791.17,
2013-03-06T18:30:00Z,2791.16,2799.66,2788.68,2792.56,
2013-03-07T14:30:00Z,2794.69,2804.03,2790.04,2797.11,
2013-03-07T18:30:00Z,2797.1,2803.79,2790.4,2799.49,
2013-03-08T14:30:00Z,2809.33,2812.73,2792.13,2801.05,
2013-03-08T18:30:00Z,2801.09,2807.42,2800.5,2804.11,
2013-03-11T13:30:00Z,2798.13,2804.34,2791.39,2803.65,
2013-03-11T17:30:00Z,2803.69,2812.05,2800.4,2811.86,
2013-03-12T13:30:00Z,2803.47,2809.53,2788.22,2798.23,
2013-03-12T17:30:00Z,2798.26,2802.66,2790.39,2800.81,
2013-03-13T13:30:00Z,2801.41,2803.61,2787.72,2802.21,
2013-03-13T17:30:00Z,2802.22,2807.7,2796.53,2798.68,
2013-03-14T13:30:00Z,2806.41,2812.29,2801.36,2805.11,
2013-03-14T17:30:00Z,2805.12,2807.45,2802.79,2807.3,
2013-03-15T13:30:00Z,2810.04,2810.24,2794.68,2802.71,
2013-03-15T17:30:00Z,2802.72,2803.56,2792.23,2799.41,
2013-03-18T13:30:00Z,2771.53,2802.63,2767.48,2797.2,
2013-03-18T17:30:00Z,2797.19,2803.45,2788.28,2792.3,
2013-03-19T13:30:00Z,2801.1,2807.0,2763.12,2765.68,
2013-03-19T17:30:00Z,2765.71,2788.38,2763.99,2787.27,
2013-03-20T13:30:00Z,2808.93,2811.48,2794.23,2802.44,
2013-03-20T17:30:00Z,2802.33,2810.62,2799.29,2805.91,
2013-03-21T13:30:00Z,2779.57,2787.85,2775.34,2780.39,
2013-03-21T17:30:00Z,2780.41,2782.95,2768.79,2774.85,
2013-03-22T13:30:00Z,2787.27,2802.91,2783.69,2802.72,
2013-03-22T17:30:00Z,2802.69,2803.96,2793.99,2800.81,
2013-03-25T13:30:00Z,2810.75,2816.55,2778.78,2787.94,
2013-03-25T17:30:00Z,2787.82,2799.66,2783.25,2789.45,
2013-03-26T13:30:00Z,2803.23,2806.55,2796.39,2803.68,
2013-03-26T17:30:00Z,2803.67,2807.18,2800.13,2806.5,
2013-03-27T13:30:00Z,2786.66,2805.53,2783.86,2801.99,
2013-03-27T17:30:00Z,2802.0,2811.79,2801.07,2809.98,
2013-03-28T13:30:00Z,2809.49,2815.43,2804.53,2812.31,
2013-03-28T17:30:00Z,2812.3,2820.67,2810.57,2818.69,
2013-04-01T13:30:00Z,2819.78,2821.48,2798.19,2805.09,
2013-04-01T17:30:00Z,2805.15,2806.0,2789.76,2797.07,
2013-04-02T13:30:00Z,2809.0,2828.64,2808.72,2824.63,
2013-04-02T17:30:00Z,2824.64,2826.64,2811.04,2820.62,
2013-04-03T13:30:00Z,2821.97,2825.28,2800.13,2800.81,
2013-04-03T17:30:00Z,2800.87,2800.87,2787.27,2795.04,
2013-04-04T13:30:00Z,2794.41,2800.59,2779.34,2787.29,
2013-04-04T17:30:00Z,2787.26,2795.22,2786.22,2794.92,
2013-04-05T13:30:00Z,2749.64,2764.51,2744.26,2761.42,
2013-04-05T17:30:00Z,2761.44,2774.54,2757.45,2771.75,
2013-04-08T13:30:00Z,2772.3,2775.19,2764.34,2769.66,
2013-04-08T17:30:00Z,2769.63,2786.13,2769.08,2786.13,
2013-04-09T13:30:00Z,2793.86,2811.36,2780.2,2810.45,
2013-04-09T17:30:00Z,2810.46,2815.07,2803.05,2804.67,
2013-04-10T13:30:00Z,2812.51,2862.15,2811.85,2860.85,
2013-04-10T17:30:00Z,2860.88,2862.32,2852.73,2859.21,
2013-04-11T13:30:00Z,2850.39,2863.54,2848.03,2858.03,
2013-04-11T17:30:00Z,2858.01,2861.95,2851.62,2859.07,
2013-04-12T13:30:00Z,2854.47,2857.31,2834.46,2851.4,
2013-04-12T17:30:00Z,2851.39,2857.35,2848.2,2856.48,
2013-04-15T13:30:00Z,2841.26,2849.16,2814.51,2823.04,
2013-04-15T17:30:00Z,2823.01,2823.44,2796.39,2797.47,
2013-04-16T13:30:00Z,2815.65,2836.92,2810.02,2835.03,
2013-04-16T17:30:00Z,2835.02,2839.38,2828.27,2838.41,
2013-04-17T13:30:00Z,2811.33,2812.46,2765.45,2780.63,
2013-04-17T17:30:00Z,2780.62,2790.58,2773.84,2781.98,
2013-04-18T13:30:00Z,2787.97,2788.19,2745.89,2753.6,
2013-04-18T17:30:00Z,2753.62,2753.83,2730.97,2741.95,
2013-04-19T13:30:00Z,2746.33,2785.65,2743.93,2778.96,
2013-04-19T17:30:00Z,2779.06,2785.16,2774.93,2780.46,
2013-04-22T13:30:00Z,2791.77,2806.72,2780.82,2801.63,
2013-04-22T17:30:00Z,2801.69,2818.73,2801.66,2810.07,
2013-04-23T13:30:00Z,2824.97,2845.4,2810.76,2836.38,
2013-04-23T17:30:00Z,2836.4,2838.69,2823.68,2835.37,
2013-04-24T13:30:00Z,2827.35,2844.95,2821.8,2835.11,
2013-04-24T17:30:00Z,2835.04,2844.24,2832.79,2834.12,
2013-04-25T13:30:00Z,2842.46,2860.35,2841.89,2857.44,
2013-04-25T17:30:00Z,2857.42,2858.0,2842.95,2848.66,
2013-04-26T13:30:00Z,2842.21,2846.18,2828.88,2840.81,
2013-04-26T17:30:00Z,2840.88,2848.53,2838.67,2840.55,
2013-04-29T13:30:00Z,2849.85,2877.08,2849.04,2872.85,
2013-04-29T17:30:00Z,2872.84,2875.96,2866.05,2866.95,
2013-04-30T13:30:00Z,2869.13,2887.87,2859.94,2885.51,
2013-04-30T17:30:00Z,2885.5,2887.61,2880.15,2887.44,
2013-05-01T13:30:00Z,2885.35,2892.26,2872.87,2877.33,
2013-05-01T17:30:00Z,2877.58,2884.17,2868.76,2873.35,
2013-05-02T13:30:00Z,2879.59,2916.3,2877.8,2915.09,
2013-05-02T17:30:00Z,2915.02,2916.13,2910.16,2911.14,
2013-05-03T13:30:00Z,2938.22,2952.22,2937.73,2947.93,
2013-05-03T17:30:00Z,2947.89,2948.5,2942.0,2944.59,
2013-05-06T13:30:00Z,2948.9,2957.32,2947.47,2956.22,
2013-05-06T17:30:00Z,2956.23,2959.63,2954.03,2955.36,
2013-05-07T13:30:00Z,2960.18,2961.68,2942.25,2954.41,
2013-05-07T17:30:00Z,2954.43,2958.05,2948.95,2952.88,
2013-05-08T13:30:00Z,2952.31,2969.04,2946.79,2967.17,
2013-05-08T17:30:00Z,2967.24,2969.66,2957.75,2968.24,
2013-05-09T13:30:00Z,2960.17,2973.19,2957.27,2973.08,
2013-05-09T17:30:00Z,2973.02,2980.36,2955.7,2961.12,
2013-05-10T13:30:00Z,2967.07,2979.14,2962.69,2972.88,
2013-05-10T17:30:00Z,2972.92,2981.02,2969.75,2981.02,
2013-05-13T13:30:00Z,2972.96,2989.7,2971.73,2982.65,
2013-05-13T17:30:00Z,2982.53,2985.28,2976.45,2982.09,
2013-05-14T13:30:00Z,2981.89,3005.02,2981.89,2998.39,
2013-05-14T17:30:00Z,2998.4,3001.35,2986.12,2996.05,
2013-05-15T13:30:00Z,2990.39,3004.52,2989.61,2994.36,
2013-05-15T17:30:00Z,2994.37,3003.12,2982.77,3002.62,
2013-05-16T13:30:00Z,3005.05,3016.37,3002.66,3009.34,
2013-05-16T17:30:00Z,3009.36,3019.04,2997.47,2999.34,
2013-05-17T13:30:00Z,3019.58,3020.0,3005.25,3011.8,
2013-05-17T17:30:00Z,3011.82,3028.96,3009.6,3028.96,
2013-05-20T13:30:00Z,3019.28,3032.86,3016.1,3017.1,
2013-05-20T17:30:00Z,3017.11,3025.75,3011.95,3021.07,
2013-05-21T13:30:00Z,3019.92,3035.41,3011.51,3032.2,
2013-05-21T17:30:00Z,3032.21,3036.71,3026.21,3026.45,
2013-05-22T13:30:00Z,3027.45,3053.51,3024.31,3024.74,
2013-05-22T17:30:00Z,3024.71,3024.71,2984.84,2999.13,
2013-05-23T13:30:00Z,2967.93,3000.15,2966.65,2986.69,
2013-05-23T17:30:00Z,2986.66,3002.55,2983.93,2991.45,
2013-05-24T13:30:00Z,2972.67,2987.35,2965.3,2986.49,
2013-05-24T17:30:00Z,2986.5,2991.26,2979.84,2991.02,
2013-05-28T13:30:00Z,3023.77,3037.0,3013.46,3013.59,
2013-05-28T17:30:00Z,3013.67,3017.77,3002.22,3011.94,
2013-05-29T13:30:00Z,2996.98,3001.35,2979.9,2993.67,
2013-05-29T17:30:00Z,2993.63,3006.9,2991.83,2994.82,
2013-05-30T13:30:00Z,2998.99,3022.08,2998.79,3021.26,
2013-05-30T17:30:00Z,3021.28,3026.36,3011.83,3011.83,
2013-05-31T13:30:00Z,2998.68,3023.11,2998.06,3018.74,
2013-05-31T17:30:00Z,3018.76,3018.78,2981.76,2981.76,
2013-06-03T13:30:00Z,2985.51,2986.42,2950.87,2963.72,
2013-06-03T17:30:00Z,2963.81,2990.8,2960.94,2990.79,
2013-06-04T13:30:00Z,2993.06,3007.3,2978.19,2978.31,
2013-06-04T17:30:00Z,2978.37,2982.66,2962.22,2973.69,
2013-06-05T13:30:00Z,2961.67,2975.83,2935.01,2947.02,
2013-06-05T17:30:00Z,2947.0,2950.7,2933.22,2937.29,
2013-06-06T13:30:00Z,2940.92,2949.56,2911.94,2917.84,
2013-06-06T17:30:00Z,2917.73,2950.3,2917.62,2950.3,
2013-06-07T13:30:00Z,2960.9,2986.16,2955.1,2982.27,
2013-06-07T17:30:00Z,2982.48,2993.13,2974.93,2990.87,
2013-06-10T13:30:00Z,2995.03,3004.67,2988.23,2994.0,
2013-06-10T17:30:00Z,2994.02,2996.51,2985.5,2990.49,
2013-06-11T13:30:00Z,2959.44,2987.85,2952.07,2973.36,
2013-06-11T17:30:00Z,2973.33,2976.6,2959.08,2959.84,
2013-06-12T13:30:00Z,2977.68,2978.76,2932.07,2943.69,
2013-06-12T17:30:00Z,2943.87,2945.29,2921.88,2926.14,
2013-06-13T13:30:00Z,2924.66,2945.83,2914.2,2941.9,
2013-06-13T17:30:00Z,2941.91,2968.98,2939.78,2962.9,
2013-06-14T13:30:00Z,2959.68,2966.13,2942.69,2942.7,
2013-06-14T17:30:00Z,2942.74,2952.36,2939.68,2943.86,
2013-06-17T13:30:00Z,2967.91,2988.59,2967.91,2986.45,
2013-06-17T17:30:00Z,2986.43,2988.54,2956.92,2971.26,
2013-06-18T13:30:00Z,2975.19,3000.17,2975.15,2996.26,
2013-06-18T17:30:00Z,2996.24,3001.89,2993.01,2996.09,
2013-06-19T13:30:00Z,2997.95,3000.22,2989.78,2991.76,
2013-06-19T17:30:00Z,2991.74,2997.07,2959.5,2959.5,
2013-06-20T13:30:00Z,2930.03,2938.1,2905.22,2909.48,
2013-06-20T17:30:00Z,2909.49,2913.81,2882.45,2891.47,
2013-06-21T13:30:00Z,2887.11,2898.4,2853.69,2875.45,
2013-06-21T17:30:00Z,2875.44,2883.52,2862.46,2877.94,
2013-06-24T13:30:00Z,2840.69,2849.11,2825.18,2846.04,
2013-06-24T17:30:00Z,2846.07,2869.92,2843.67,2848.2,
2013-06-25T13:30:00Z,2874.66,2880.93,2851.99,2859.27,
2013-06-25T17:30:00Z,2859.24,2876.36,2857.44,2866.5,
2013-06-26T13:30:00Z,2892.43,2897.74,2884.05,2895.13,
2013-06-26T17:30:00Z,2895.12,2899.58,2890.56,2893.85,
2013-06-27T13:30:00Z,2909.88,2924.34,2908.37,2914.47,
2013-06-27T17:30:00Z,2914.48,2917.98,2905.3,2906.84,
2013-06-28T13:30:00Z,2898.69,2920.47,2891.57,2915.56,
2013-06-28T17:30:00Z,2915.53,2927.49,2912.75,2915.03,
2013-07-01T13:30:00Z,2933.48,2951.0,2932.88,2942.79,
2013-07-01T17:30:00Z,2942.76,2943.84,2924.26,2927.35,
2013-07-02T13:30:00Z,2924.79,2945.93,2924.26,2933.11,
2013-07-02T17:30:00Z,2933.1,2933.1,2913.48,2929.63,
2013-07-03T13:30:00Z,2918.95,2953.85,2916.27,2941.41,
2013-07-05T13:30:00Z,2958.26,2961.32,2934.22,2952.07,
2013-07-05T17:30:00Z,2952.05,2963.82,2951.64,2963.22,
2013-07-08T13:30:00Z,2976.61,2978.82,2955.37,2957.37,
2013-07-08T17:30:00Z,2957.43,2966.29,2956.65,2966.13,
2013-07-09T13:30:00Z,2981.1,2985.5,2966.68,2981.41,
2013-07-09T17:30:00Z,2981.39,2989.93,2978.16,2984.32,
2013-07-10T13:30:00Z,2981.22,2994.45,2981.09,2991.45,
2013-07-10T17:30:00Z,2991.46,3004.28,2989.11,3000.66,
2013-07-11T13:30:00Z,3032.09,3051.18,3030.39,3048.97,
2013-07-11T17:30:00Z,3048.95,3060.67,3046.73,3059.46,
2013-07-12T13:30:00Z,3061.89,3066.97,3054.03,3059.4,
2013-07-12T17:30:00Z,3059.42,3079.07,3057.97,3079.07,
2013-07-15T13:30:00Z,3077.02,3080.36,3068.03,3077.98,
2013-07-15T17:30:00Z,3077.99,3082.25,3077.43,3079.85,
2013-07-16T13:30:00Z,3083.57,3085.2,3069.2,3070.62,
2013-07-16T17:30:00Z,3070.63,3080.36,3069.17,3077.47,
2013-07-17T13:30:00Z,3084.94,3090.89,3078.05,3084.45,
2013-07-17T17:30:00Z,3084.49,3085.74,3075.96,3085.28,
2013-07-18T13:30:00Z,3081.34,3091.08,3071.89,3072.7,
2013-07-18T17:30:00Z,3072.76,3083.3,3072.54,3077.82,
2013-07-19T13:30:00Z,3043.06,3049.75,3035.99,3036.58,
2013-07-19T17:30:00Z,3036.6,3044.93,3036.11,3044.93,
2013-07-22T13:30:00Z,3061.5,3061.55,3044.81,3049.86,
2013-07-22T17:30:00Z,3049.85,3056.8,3044.76,3055.23,
2013-07-23T13:30:00Z,3059.15,3059.37,3036.36,3043.92,
2013-07-23T17:30:00Z,3043.93,3046.02,3029.07,3031.4,
2013-07-24T13:30:00Z,3060.48,3060.63,3037.05,3038.47,
2013-07-24T17:30:00Z,3038.48,3043.9,3034.62,3041.16,
2013-07-25T13:30:00Z,3054.17,3060.03,3040.25,3059.36,
2013-07-25T17:30:00Z,3059.44,3063.76,3052.57,3061.67,
2013-07-26T13:30:00Z,3046.12,3069.53,3044.38,3068.99,
2013-07-26T17:30:00Z,3069.02,3076.23,3062.44,3076.23,
2013-07-29T13:30:00Z,3067.48,3083.34,3062.91,3069.3,
2013-07-29T17:30:00Z,3069.28,3076.62,3066.29,3068.95,
2013-07-30T13:30:00Z,3080.2,3099.38,3077.58,3081.4,
2013-07-30T17:30:00Z,3081.42,3092.12,3076.39,3085.33,
2013-07-31T13:30:00Z,3094.82,3103.1,3090.15,3093.28,
2013-07-31T17:30:00Z,3093.26,3110.01,3087.47,3090.19,
2013-08-01T13:30:00Z,3113.22,3119.65,3111.28,3115.13,
2013-08-01T17:30:00Z,3115.12,3128.67,3114.12,3126.3,
2013-08-02T13:30:00Z,3125.49,3135.95,3118.04,3134.2,
2013-08-02T17:30:00Z,3134.16,3143.52,3131.0,3143.52,
2013-08-05T13:30:00Z,3136.77,3145.25,3133.52,3139.7,
2013-08-05T17:30:00Z,3139.69,3143.24,3136.78,3143.19,
2013-08-06T13:30:00Z,3136.15,3141.05,3111.5,3125.05,
2013-08-06T17:30:00Z,3125.03,3125.63,3115.48,3122.2,
2013-08-07T13:30:00Z,3117.13,3123.92,3096.41,3115.58,
2013-08-07T17:30:00Z,3115.74,3122.04,3112.62,3118.69,
2013-08-08T13:30:00Z,3134.06,3137.67,3111.36,3134.56,
2013-08-08T17:30:00Z,3134.59,3137.12,3130.06,3130.12,
2013-08-09T13:30:00Z,3124.74,3136.7,3109.86,3127.22,
2013-08-09T17:30:00Z,3127.23,3128.5,3116.05,3118.57,
2013-08-12T13:30:00Z,3107.06,3130.61,3106.25,3126.26,
2013-08-12T17:30:00Z,3126.25,3128.8,3120.71,3125.92,
2013-08-13T13:30:00Z,3130.08,3140.12,3106.27,3139.3,
2013-08-13T17:30:00Z,3139.26,3149.24,3134.44,3141.06,
2013-08-14T13:30:00Z,3141.98,3144.43,3125.41,3133.61,
2013-08-14T17:30:00Z,3133.56,3138.49,3127.02,3129.45,
2013-08-15T13:30:00Z,3089.34,3092.27,3068.08,3077.61,
2013-08-15T17:30:00Z,3077.63,3083.94,3070.52,3076.23,
2013-08-16T13:30:00Z,3076.83,3090.69,3070.43,3076.97,
2013-08-16T17:30:00Z,3076.95,3083.0,3072.0,3073.91,
2013-08-19T13:30:00Z,3074.38,3101.02,3072.7,3090.92,
2013-08-19T17:30:00Z,3090.91,3091.86,3069.47,3069.76,
2013-08-20T13:30:00Z,3077.15,3096.42,3073.05,3090.16,
2013-08-20T17:30:00Z,3090.17,3092.74,3082.17,3082.17,
2013-08-21T13:30:00Z,3073.24,3090.34,3071.58,3078.01,
2013-08-21T17:30:00Z,3077.96,3098.62,3061.42,3071.47,
2013-08-22T13:30:00Z,3085.61,3103.64,3085.42,3094.52,
2013-08-22T17:30:00Z,3094.69,3103.3,3094.6,3101.82,
2013-08-23T13:30:00Z,3126.25,3126.94,3112.87,3121.74,
2013-08-23T17:30:00Z,3121.75,3127.05,3118.94,3124.27,
2013-08-26T13:30:00Z,3127.01,3147.87,3123.45,3144.19,
2013-08-26T17:30:00Z,3144.2,3144.22,3118.52,3122.67,
2013-08-27T13:30:00Z,3086.17,3102.27,3064.04,3066.18,
2013-08-27T17:30:00Z,3066.19,3075.01,3053.26,3059.58,
2013-08-28T13:30:00Z,3060.96,3085.68,3060.54,3084.26,
2013-08-28T17:30:00Z,3084.28,3085.42,3072.03,3072.17,
2013-08-29T13:30:00Z,3065.87,3109.07,3065.87,3099.01,
2013-08-29T17:30:00Z,3099.08,3104.14,3091.51,3093.36,
2013-08-30T13:30:00Z,3095.17,3095.44,3063.07,3077.71,
2013-08-30T17:30:00Z,3077.74,3078.98,3066.61,3073.81,
2013-09-03T13:30:00Z,3097.65,3112.42,3082.0,3087.35,
2013-09-03T17:30:00Z,3087.37,3095.72,3077.13,3091.76,
2013-09-04T13:30:00Z,3100.28,3128.8,3092.96,3126.64,
2013-09-04T17:30:00Z,3126.61,3128.34,3118.96,3124.54,
2013-09-05T13:30:00Z,3127.07,3138.06,3125.38,3127.79,
2013-09-05T17:30:00Z,3127.82,3134.67,3127.35,3129.94,
2013-09-06T13:30:00Z,3140.98,3142.98,3098.02,3140.73,
2013-09-06T17:30:00Z,3140.71,3148.99,3132.37,3133.38,
2013-09-09T13:30:00Z,3146.02,3163.76,3146.02,3161.67,
2013-09-09T17:30:00Z,3161.7,3174.87,3161.58,3169.93,
2013-09-10T13:30:00Z,3186.53,3189.24,3177.8,3185.78,
2013-09-10T17:30:00Z,3185.73,3188.23,3173.11,3185.07,
2013-09-11T13:30:00Z,3163.77,3176.35,3159.31,3175.1,
2013-09-11T17:30:00Z,3175.13,3180.37,3173.12,3179.86,
2013-09-12T13:30:00Z,3179.6,3186.3,3170.14,3183.65,
2013-09-12T17:30:00Z,3183.64,3184.05,3171.97,3175.57,
2013-09-13T13:30:00Z,3180.45,3182.11,3161.65,3175.99,
2013-09-13T17:30:00Z,3175.98,3179.44,3174.67,3178.27,
2013-09-16T13:30:00Z,3203.19,3204.59,3177.52,3181.02,
2013-09-16T17:30:00Z,3180.99,3181.11,3163.13,3168.69,
2013-09-17T13:30:00Z,3177.78,3193.94,3176.58,3191.4,
2013-09-17T17:30:00Z,3191.44,3195.15,3189.42,3190.83,
2013-09-18T13:30:00Z,3198.45,3201.22,3190.01,3195.58,
2013-09-18T17:30:00Z,3195.55,3235.72,3191.15,3231.31,
2013-09-19T13:30:00Z,3240.93,3245.12,3231.68,3237.01,
2013-09-19T17:30:00Z,3237.02,3242.0,3231.77,3237.61,
2013-09-20T13:30:00Z,3244.44,3248.52,3228.29,3230.9,
2013-09-20T17:30:00Z,3231.13,3233.31,3224.73,3224.73,
2013-09-23T13:30:00Z,3242.32,3243.43,3205.5,3219.55,
2013-09-23T17:30:00Z,3219.56,3227.9,3216.47,3219.34,
2013-09-24T13:30:00Z,3226.23,3234.28,3209.39,3233.95,
2013-09-24T17:30:00Z,3233.94,3236.84,3214.53,3218.66,
2013-09-25T13:30:00Z,3221.21,3226.62,3202.75,3216.43,
2013-09-25T17:30:00Z,3216.35,3216.71,3205.95,3208.55,
2013-09-26T13:30:00Z,3222.98,3240.99,3221.17,3237.4,
2013-09-26T17:30:00Z,3237.41,3237.59,3224.92,3234.04,
2013-09-27T13:30:00Z,3217.44,3235.29,3210.8,3230.38,
2013-09-27T17:30:00Z,3230.37,3232.67,3222.41,3230.3,
2013-09-30T13:30:00Z,3190.4,3229.45,3186.86,3223.33,
2013-09-30T17:30:00Z,3223.17,3228.1,3211.48,3218.2,
2013-10-01T13:30:00Z,3220.92,3254.33,3220.92,3248.74,
2013-10-01T17:30:00Z,3248.75,3253.05,3238.09,3253.05,
2013-10-02T13:30:00Z,3231.57,3253.37,3228.44,3253.03,
2013-10-02T17:30:00Z,3252.99,3256.71,3244.91,3253.25,
2013-10-03T13:30:00Z,3247.85,3254.91,3197.36,3221.19,
2013-10-03T17:30:00Z,3221.28,3223.99,3204.66,3213.83,
2013-10-04T13:30:00Z,3214.05,3241.68,3212.01,3239.05,
2013-10-04T17:30:00Z,3239.07,3246.16,3237.53,3242.57,
2013-10-07T13:30:00Z,3215.77,3240.11,3213.01,3225.86,
2013-10-07T17:30:00Z,3225.88,3234.56,3214.49,3215.69,
2013-10-08T13:30:00Z,3217.15,3217.15,3157.06,3166.71,
2013-10-08T17:30:00Z,3166.69,3168.74,3152.26,3153.87,
2013-10-09T13:30:00Z,3161.35,3161.76,3117.69,3145.49,
2013-10-09T17:30:00Z,3145.5,3155.93,3139.25,3142.54,
2013-10-10T13:30:00Z,3179.26,3206.62,3178.67,3201.28,
2013-10-10T17:30:00Z,3201.27,3216.03,3194.9,3210.84,
2013-10-11T13:30:00Z,3203.49,3237.01,3201.93,3231.71,
2013-10-11T17:30:00Z,3231.73,3236.34,3227.29,3233.83,
2013-10-14T13:30:00Z,3213.38,3246.76,3212.05,3243.95,
2013-10-14T17:30:00Z,3243.98,3257.19,3243.23,3256.02,
2013-10-15T13:30:00Z,3253.96,3269.97,3247.28,3254.79,
2013-10-15T17:30:00Z,3254.71,3262.83,3241.35,3244.66,
2013-10-16T13:30:00Z,3261.48,3283.18,3258.8,3279.07,
2013-10-16T17:30:00Z,3279.1,3282.92,3273.11,3281.67,
2013-10-17T13:30:00Z,3265.91,3297.47,3264.23,3291.22,
2013-10-17T17:30:00Z,3291.19,3301.6,3288.26,3301.28,
2013-10-18T13:30:00Z,3330.61,3347.7,3321.78,3346.57,
2013-10-18T17:30:00Z,3346.62,3355.63,3344.8,3353.88,
2013-10-21T13:30:00Z,3361.76,3369.74,3355.04,3362.37,
2013-10-21T17:30:00Z,3362.38,3363.69,3351.05,3361.18,
2013-10-22T13:30:00Z,3374.17,3384.35,3344.18,3361.65,
2013-10-22T17:30:00Z,3361.59,3373.95,3355.56,3366.93,
2013-10-23T13:30:00Z,3348.6,3355.47,3330.2,3344.9,
2013-10-23T17:30:00Z,3344.89,3347.4,3339.49,3346.05,
2013-10-24T13:30:00Z,3347.97,3367.11,3344.06,3365.26,
2013-10-24T17:30:00Z,3365.27,3367.39,3358.35,3362.37,
2013-10-25T13:30:00Z,3394.15,3400.04,3368.58,3379.48,
2013-10-25T17:30:00Z,3379.46,3384.61,3376.5,3383.83,
2013-10-28T13:30:00Z,3382.17,3389.34,3370.4,3386.9,
2013-10-28T17:30:00Z,3386.87,3390.47,3376.4,3382.68,
2013-10-29T13:30:00Z,3397.88,3399.09,3375.57,3390.5,
2013-10-29T17:30:00Z,3390.49,3395.54,3383.31,3391.75,
2013-10-30T13:30:00Z,3402.49,3408.28,3386.74,3388.56,
2013-10-30T17:30:00Z,3388.57,3398.31,3372.23,3385.38,
2013-10-31T13:30:00Z,3378.51,3399.07,3367.76,3396.21,
2013-10-31T17:30:00Z,3396.22,3400.4,3377.73,3377.73,
2013-11-01T13:30:00Z,3392.32,3394.91,3364.65,3367.04,
2013-11-01T17:30:00Z,3366.98,3382.28,3364.9,3379.76,
2013-11-04T14:30:00Z,3388.69,3390.18,3374.38,3378.62,
2013-11-04T18:30:00Z,3378.61,3385.18,3376.35,3384.75,
2013-11-05T14:30:00Z,3372.95,3390.99,3361.91,3390.65,
2013-11-05T18:30:00Z,3390.66,3395.93,3386.24,3388.82,
2013-11-06T14:30:00Z,3396.48,3401.27,3374.28,3384.32,
2013-11-06T18:30:00Z,3384.33,3386.58,3378.94,3385.38,
2013-11-07T14:30:00Z,3386.36,3389.2,3337.95,3338.35,
2013-11-07T18:30:00Z,3338.37,3342.51,3318.39,3321.41,
2013-11-08T14:30:00Z,3333.92,3362.3,3324.7,3361.89,
2013-11-08T18:30:00Z,3361.88,3366.84,3354.74,3366.84,
2013-11-11T14:30:00Z,3359.83,3369.89,3350.74,3364.08,
2013-11-11T18:30:00Z,3364.16,3366.65,3361.24,3362.98,
2013-11-12T14:30:00Z,3351.25,3370.36,3348.85,3357.91,
2013-11-12T18:30:00Z,3357.88,3367.4,3352.01,3365.23,
2013-11-13T14:30:00Z,3346.45,3388.28,3346.41,3388.13,
2013-11-13T18:30:00Z,3388.14,3405.6,3386.17,3405.56,
2013-11-14T14:30:00Z,3393.25,3413.86,3390.38,3408.21,
2013-11-14T18:30:00Z,3408.18,3418.56,3406.58,3415.14,
2013-11-15T14:30:00Z,3419.77,3419.77,3409.01,3416.75,
2013-11-15T18:30:00Z,3416.83,3422.58,3415.02,3422.58,
2013-11-18T14:30:00Z,3423.47,3429.2,3408.46,3416.46,
2013-11-18T18:30:00Z,3416.48,3417.55,3383.44,3388.87,
2013-11-19T14:30:00Z,3385.82,3400.64,3375.12,3375.12,
2013-11-19T18:30:00Z,3375.17,3386.83,3371.6,3378.13,
2013-11-20T14:30:00Z,3386.06,3397.69,3379.95,3385.13,
2013-11-20T18:30:00Z,3385.15,3389.2,3359.31,3367.17,
2013-11-21T14:30:00Z,3382.5,3395.0,3380.65,3391.76,
2013-11-21T18:30:00Z,3391.74,3404.95,3391.68,3402.73,
2013-11-22T14:30:00Z,3409.52,3421.66,3406.4,3418.43,
2013-11-22T18:30:00Z,3418.42,3422.13,3413.5,3422.02,
2013-11-25T14:30:00Z,3433.92,3437.49,3420.36,3429.71,
2013-11-25T18:30:00Z,3429.65,3436.47,3424.17,3427.49,
2013-11-26T14:30:00Z,3429.64,3448.75,3422.47,3447.56,
2013-11-26T18:30:00Z,3447.51,3455.54,3445.76,3445.76,
2013-11-27T14:30:00Z,3454.81,3467.8,3451.96,3462.43,
2013-11-27T18:30:00Z,3462.54,3471.65,3461.83,3470.48,
2013-11-29T14:30:00Z,3481.31,3495.97,3481.31,3487.82,
2013-12-02T14:30:00Z,3496.19,3501.07,3482.77,3487.98,
2013-12-02T18:30:00Z,3487.97,3489.58,3476.68,3481.15,
2013-12-03T14:30:00Z,3478.99,3487.02,3466.77,3467.53,
2013-12-03T18:30:00Z,3467.5,3479.57,3465.35,3479.34,
2013-12-04T14:30:00Z,3463.72,3493.1,3461.24,3463.39,
2013-12-04T18:30:00Z,3463.32,3489.9,3453.22,3483.01,
2013-12-05T14:30:00Z,3484.27,3489.08,3470.39,3477.18,
2013-12-05T18:30:00Z,3477.19,3485.61,3468.84,3477.73,
2013-12-06T14:30:00Z,3511.06,3511.1,3485.74,3503.41,
2013-12-06T18:30:00Z,3503.39,3508.71,3499.0,3504.26,
2013-12-09T14:30:00Z,3515.67,3524.01,3511.28,3518.91,
2013-12-09T18:30:00Z,3518.96,3520.62,3512.77,3516.17,
2013-12-10T14:30:00Z,3510.71,3520.54,3507.42,3512.38,
2013-12-10T18:30:00Z,3512.39,3520.73,3510.19,3514.2,
2013-12-11T14:30:00Z,3514.24,3519.22,3481.91,3482.86,
2013-12-11T18:30:00Z,3482.85,3490.24,3464.4,3468.99,
2013-12-12T14:30:00Z,3471.91,3478.94,3457.96,3466.66,
2013-12-12T18:30:00Z,3466.86,3475.04,3460.0,3460.29,
2013-12-13T14:30:00Z,3476.88,3477.83,3456.8,3462.29,
2013-12-13T18:30:00Z,3462.31,3464.47,3449.74,3456.4,
2013-12-16T14:30:00Z,3470.43,3494.41,3470.11,3476.29,
2013-12-16T18:30:00Z,3476.38,3480.6,3472.25,3475.79,
2013-12-17T14:30:00Z,3474.73,3477.11,3461.07,3474.69,
2013-12-17T18:30:00Z,3474.63,3482.34,3468.97,3469.32,
2013-12-18T14:30:00Z,3468.15,3473.39,3432.53,3439.86,
2013-12-18T18:30:00Z,3439.88,3510.52,3422.86,3509.63,
2013-12-19T14:30:00Z,3499.81,3502.23,3483.03,3497.66,
2013-12-19T18:30:00Z,3497.67,3501.28,3494.0,3498.63,
2013-12-20T14:30:00Z,3502.46,3538.16,3502.29,3536.72,
2013-12-20T18:30:00Z,3536.71,3540.97,3531.19,3531.19,
2013-12-23T14:30:00Z,3563.19,3568.5,3552.29,3565.11,
2013-12-23T18:30:00Z,3565.15,3570.28,3558.63,3569.4,
2013-12-24T14:30:00Z,3570.52,3574.51,3564.59,3572.8,
2013-12-26T14:30:00Z,3579.62,3585.1,3572.1,3584.32,
2013-12-26T18:30:00Z,3584.33,3586.72,3582.06,3584.58,
2013-12-27T14:30:00Z,3589.12,3591.31,3575.22,3575.94,
2013-12-27T18:30:00Z,3575.93,3577.61,3571.05,3574.02,
2013-12-30T14:30:00Z,3570.86,3571.44,3559.37,3568.72,
2013-12-30T18:30:00Z,3568.73,3574.2,3567.38,3570.08,
2013-12-31T14:30:00Z,3576.24,3591.42,3575.25,3587.62,
2013-12-31T18:30:00Z,3587.57,3592.0,3579.56,3592.0,
2014-01-02T14:30:00Z,3575.6,3577.03,3556.57,3558.91,
2014-01-02T18:30:00Z,3558.9,3565.95,3553.65,3563.57,
2014-01-03T14:30:00Z,3564.94,3567.51,3537.61,3541.78,
2014-01-03T18:30:00Z,3541.76,3551.16,3538.55,3538.73,
2014-01-06T14:30:00Z,3539.01,3542.52,3512.45,3519.86,
2014-01-06T18:30:00Z,3519.84,3536.18,3518.58,3526.96,
2014-01-07T14:30:00Z,3539.29,3557.16,3535.5,3557.16,
2014-01-07T18:30:00Z,3557.2,3562.98,3546.54,3557.85,
2014-01-08T14:30:00Z,3558.3,3575.15,3551.12,3569.05,
2014-01-08T18:30:00Z,3569.07,3572.92,3555.43,3567.54,
2014-01-09T14:30:00Z,3576.33,3579.4,3544.24,3556.21,
2014-01-09T18:30:00Z,3556.19,3557.22,3541.81,3552.58,
2014-01-10T14:30:00Z,3565.68,3568.47,3536.45,3550.25,
2014-01-10T18:30:00Z,3550.22,3565.19,3547.2,3565.08,
2014-01-13T14:30:00Z,3559.39,3572.4,3542.32,3546.88,
2014-01-13T18:30:00Z,3546.82,3546.82,3499.37,3512.8,
2014-01-14T14:30:00Z,3526.2,3578.66,3525.47,3574.43,
2014-01-14T18:30:00Z,3574.41,3581.6,3571.45,3580.65,
2014-01-15T14:30:00Z,3593.81,3613.27,3592.62,3606.84,
2014-01-15T18:30:00Z,3606.83,3615.7,3604.7,3609.84,
2014-01-16T14:30:00Z,3605.43,3614.66,3599.87,3613.38,
2014-01-16T18:30:00Z,3613.46,3613.56,3604.24,3611.29,
2014-01-17T14:30:00Z,3597.41,3608.72,3591.82,3596.59,
2014-01-17T18:30:00Z,3596.57,3598.9,3580.39,3591.25,
2014-01-21T14:30:00Z,3611.63,3617.6,3586.05,3607.57,
2014-01-21T18:30:00Z,3607.55,3617.7,3607.55,3617.7,
2014-01-22T14:30:00Z,3623.31,3634.65,3615.48,3632.03,
2014-01-22T18:30:00Z,3632.1,3632.25,3625.23,3627.72,
2014-01-23T14:30:00Z,3612.53,3612.64,3589.52,3596.35,
2014-01-23T18:30:00Z,3596.42,3613.87,3588.83,3613.76,
2014-01-24T14:30:00Z,3596.93,3601.0,3557.29,3568.72,
2014-01-24T18:30:00Z,3568.74,3569.45,3541.38,3541.48,
2014-01-27T14:30:00Z,3543.5,3548.48,3482.89,3507.75,
2014-01-27T18:30:00Z,3507.84,3536.66,3504.38,3509.02,
2014-01-28T14:30:00Z,3484.39,3509.8,3483.71,3496.04,
2014-01-28T18:30:00Z,3496.09,3505.75,3490.95,3505.72,
2014-01-29T14:30:00Z,3472.42,3500.82,3466.74,3484.91,
2014-01-29T18:30:00Z,3484.98,3491.16,3461.64,3467.82,
2014-01-30T14:30:00Z,3514.25,3543.75,3508.0,3536.97,
2014-01-30T18:30:00Z,3537.0,3544.21,3530.18,3532.41,
2014-01-31T14:30:00Z,3488.37,3529.6,3488.04,3521.46,
2014-01-31T18:30:00Z,3521.45,3539.44,3517.11,3521.92,
2014-02-03T14:30:00Z,3524.23,3533.48,3442.23,3444.2,
2014-02-03T18:30:00Z,3444.21,3451.02,3433.64,3440.5,
2014-02-04T14:30:00Z,3460.13,3480.74,3449.19,3476.82,
2014-02-04T18:30:00Z,3476.88,3478.32,3461.7,3470.2,
2014-02-05T14:30:00Z,3457.04,3469.35,3418.88,3462.02,
2014-02-05T18:30:00Z,3462.12,3468.54,3454.4,3454.89,
2014-02-06T14:30:00Z,3465.83,3502.52,3465.42,3489.27,
2014-02-06T18:30:00Z,3489.3,3501.34,3489.3,3497.6,
2014-02-07T14:30:00Z,3522.33,3548.6,3508.83,3546.97,
2014-02-07T18:30:00Z,3546.93,3563.14,3546.18,3561.91,
2014-02-10T14:30:00Z,3558.59,3580.17,3557.78,3575.4,
2014-02-10T18:30:00Z,3575.41,3582.84,3572.49,3582.11,
2014-02-11T14:30:00Z,3587.58,3618.29,3585.08,3618.29,
2014-02-11T18:30:00Z,3618.28,3628.59,3614.48,3621.72,
2014-02-12T14:30:00Z,3626.14,3635.92,3618.06,3631.33,
2014-02-12T18:30:00Z,3631.37,3632.8,3621.82,3627.36,
2014-02-13T14:30:00Z,3601.75,3652.13,3600.86,3651.95,
2014-02-13T18:30:00Z,3651.98,3659.56,3650.56,3659.56,
2014-02-14T14:30:00Z,3652.88,3661.66,3643.79,3660.73,
2014-02-14T18:30:00Z,3660.74,3671.04,3660.57,3663.88,
2014-02-18T14:30:00Z,3668.99,3683.0,3658.64,3679.77,
2014-02-18T18:30:00Z,3679.75,3685.18,3676.18,3679.43,
2014-02-19T14:30:00Z,3668.72,3679.69,3654.75,3667.85,
2014-02-19T18:30:00Z,3667.86,3671.67,3646.13,3652.84,
2014-02-20T14:30:00Z,3654.85,3667.54,3640.63,3664.62,
2014-02-20T18:30:00Z,3664.66,3676.89,3663.86,3671.93,
2014-02-21T14:30:00Z,3683.42,3687.16,3671.67,3677.04,
2014-02-21T18:30:00Z,3677.07,3677.85,3661.46,3662.6,
2014-02-24T14:30:00Z,3670.07,3700.98,3668.34,3698.27,
2014-02-24T18:30:00Z,3698.29,3701.27,3685.68,3685.81,
2014-02-25T14:30:00Z,3689.68,3697.6,3669.53,3687.12,
2014-02-25T18:30:00Z,3687.11,3688.6,3672.4,3679.14,
2014-02-26T14:30:00Z,3691.84,3702.09,3679.18,3694.36,
2014-02-26T18:30:00Z,3694.42,3695.77,3663.75,3676.6,
2014-02-27T14:30:00Z,3678.31,3699.97,3672.64,3699.97,
2014-02-27T18:30:00Z,3700.0,3704.65,3691.43,3699.8,
2014-02-28T14:30:00Z,3703.48,3722.38,3700.14,3716.9,
2014-02-28T18:30:00Z,3716.89,3717.02,3664.83,3696.1,
2014-03-03T14:30:00Z,3657.32,3678.38,3637.66,3659.4,
2014-03-03T18:30:00Z,3659.38,3672.78,3654.59,3668.37,
2014-03-04T14:30:00Z,3710.19,3722.61,3706.82,3718.48,
2014-03-04T18:30:00Z,3718.51,3723.0,3708.68,3719.93,
2014-03-05T14:30:00Z,3721.53,3732.98,3715.38,3728.43,
2014-03-05T18:30:00Z,3728.45,3730.01,3721.83,3727.19,
2014-03-06T14:30:00Z,3735.85,3738.32,3724.41,3724.6,
2014-03-06T18:30:00Z,3724.61,3726.3,3709.41,3720.93,
2014-03-07T14:30:00Z,3736.93,3737.36,3686.94,3695.36,
2014-03-07T18:30:00Z,3695.39,3703.44,3688.06,3703.4,
2014-03-10T13:30:00Z,3702.14,3709.78,3683.97,3700.24,
2014-03-10T17:30:00Z,3700.23,3707.78,3693.88,3706.34,
2014-03-11T13:30:00Z,3715.89,3725.71,3700.29,3700.42,
2014-03-11T17:30:00Z,3700.24,3708.31,3681.37,3691.5,
2014-03-12T13:30:00Z,3678.36,3706.8,3661.87,3697.2,
2014-03-12T17:30:00Z,3697.23,3707.19,3694.55,3707.06,
2014-03-13T13:30:00Z,3719.36,3720.61,3644.25,3663.88,
2014-03-13T17:30:00Z,3664.0,3664.43,3636.79,3651.49,
2014-03-14T13:30:00Z,3643.21,3656.94,3627.34,3642.88,
2014-03-14T17:30:00Z,3642.9,3644.73,3626.86,3627.87,
2014-03-17T13:30:00Z,3653.19,3678.32,3651.14,3669.63,
2014-03-17T17:30:00Z,3669.64,3675.48,3658.66,3662.51,
2014-03-18T13:30:00Z,3667.4,3701.91,3664.79,3699.93,
2014-03-18T17:30:00Z,3699.91,3708.26,3699.81,3706.62,
2014-03-19T13:30:00Z,3705.51,3709.01,3692.6,3706.24,
2014-03-19T17:30:00Z,3706.26,3707.79,3661.06,3682.73,
2014-03-20T13:30:00Z,3675.61,3705.31,3665.83,3696.74,
2014-03-20T17:30:00Z,3696.78,3702.13,3687.13,3693.97,
2014-03-21T13:30:00Z,3711.47,3717.36,3666.27,3667.11,
2014-03-21T17:30:00Z,3667.08,3669.89,3643.35,3653.07,
2014-03-24T13:30:00Z,3665.38,3665.58,3585.15,3602.14,
2014-03-24T17:30:00Z,3602.23,3629.9,3602.23,3617.39,
2014-03-25T13:30:00Z,3640.26,3659.59,3600.65,3632.23,
2014-03-25T17:30:00Z,3632.44,3635.81,3623.7,3629.73,
2014-03-26T13:30:00Z,3645.73,3654.69,3609.62,3609.67,
2014-03-26T17:30:00Z,3609.6,3614.42,3582.84,3582.89,
2014-03-27T13:30:00Z,3578.53,3594.08,3543.07,3570.67,
2014-03-27T17:30:00Z,3570.69,3572.59,3554.11,3563.13,
2014-03-28T13:30:00Z,3576.18,3609.08,3570.67,3587.48,
2014-03-28T17:30:00Z,3587.52,3590.63,3560.58,3571.48,
2014-03-31T13:30:00Z,3598.08,3618.42,3593.96,3606.55,
2014-03-31T17:30:00Z,3606.57,3606.57,3593.7,3595.74,
2014-04-01T13:30:00Z,3615.91,3649.95,3614.16,3638.0,
2014-04-01T17:30:00Z,3637.99,3659.16,3635.85,3658.4,
2014-04-02T13:30:00Z,3670.33,3676.36,3653.83,3657.31,
2014-04-02T17:30:00Z,3657.34,3669.7,3649.79,3665.99,
2014-04-03T13:30:00Z,3670.43,3675.7,3629.52,3638.4,
2014-04-03T17:30:00Z,3638.34,3642.0,3617.41,3637.58,
2014-04-04T13:30:00Z,3659.92,3663.78,3545.46,3554.13,
2014-04-04T17:30:00Z,3554.22,3556.41,3532.28,3539.38,
2014-04-07T13:30:00Z,3522.21,3551.21,3496.27,3499.48,
2014-04-07T17:30:00Z,3499.45,3528.65,3482.75,3507.75,
2014-04-08T13:30:00Z,3511.82,3543.98,3499.0,3541.15,
2014-04-08T17:30:00Z,3541.17,3543.97,3526.01,3538.23,
2014-04-09T13:30:00Z,3552.07,3572.57,3544.09,3567.43,
2014-04-09T17:30:00Z,3567.42,3602.35,3563.19,3600.44,
2014-04-10T13:30:00Z,3597.58,3599.64,3500.34,3504.21,
2014-04-10T17:30:00Z,3504.31,3517.99,3479.15,3487.76,
2014-04-11T13:30:00Z,3453.24,3502.33,3449.32,3466.05,
2014-04-11T17:30:00Z,3466.0,3476.51,3440.55,3446.85,
2014-04-14T13:30:00Z,3479.66,3493.17,3454.64,3473.28,
2014-04-14T17:30:00Z,3473.22,3479.74,3443.26,3474.63,
2014-04-15T13:30:00Z,3484.29,3505.67,3414.11,3432.55,
2014-04-15T17:30:00Z,3432.64,3493.56,3430.82,3487.85,
2014-04-16T13:30:00Z,3517.5,3526.77,3489.29,3513.74,
2014-04-16T17:30:00Z,3513.75,3533.09,3504.61,3533.09,
2014-04-17T13:30:00Z,3526.57,3544.24,3511.27,3543.51,
2014-04-17T17:30:00Z,3543.52,3551.02,3534.43,3534.53,
2014-04-21T13:30:00Z,3543.65,3555.19,3525.59,3554.75,
2014-04-21T17:30:00Z,3554.72,3559.95,3550.7,3559.95,
2014-04-22T13:30:00Z,3570.51,3595.2,3566.87,3592.18,
2014-04-22T17:30:00Z,3592.23,3596.92,3586.03,3588.8,
2014-04-23T13:30:00Z,3587.65,3588.04,3560.45,3564.9,
2014-04-23T17:30:00Z,3564.93,3565.99,3555.19,3557.04,
2014-04-24T13:30:00Z,3609.83,3613.2,3552.93,3594.25,
2014-04-24T17:30:00Z,3594.27,3594.82,3580.62,3591.03,
2014-04-25T13:30:00Z,3569.92,3573.95,3527.48,3538.08,
2014-04-25T17:30:00Z,3538.06,3541.66,3525.6,3533.1,
2014-04-28T13:30:00Z,3546.96,3570.11,3490.16,3496.79,
2014-04-28T17:30:00Z,3496.85,3552.91,3489.6,3545.02,
2014-04-29T13:30:00Z,3557.77,3579.03,3538.24,3571.9,
2014-04-29T17:30:00Z,3571.87,3578.21,3569.41,3573.99,
2014-04-30T13:30:00Z,3556.0,3578.26,3548.11,3576.86,
2014-04-30T17:30:00Z,3576.8,3585.5,3567.36,3582.02,
2014-05-01T13:30:00Z,3589.66,3613.03,3580.02,3597.09,
2014-05-01T17:30:00Z,3597.07,3601.72,3586.51,3594.36,
2014-05-02T13:30:00Z,3608.84,3611.56,3578.53,3589.61,
2014-05-02T17:30:00Z,3589.74,3596.2,3583.5,3587.64,
2014-05-05T13:30:00Z,3566.26,3598.81,3556.4,3590.33,
2014-05-05T17:30:00Z,3590.34,3605.26,3590.34,3605.09,
2014-05-06T13:30:00Z,3598.27,3599.65,3577.61,3577.8,
2014-05-06T17:30:00Z,3577.74,3579.67,3556.1,3556.51,
2014-05-07T13:30:00Z,3561.47,3567.55,3506.35,3522.34,
2014-05-07T17:30:00Z,3522.32,3549.07,3514.66,3546.47,
2014-05-08T13:30:00Z,3533.39,3583.64,3524.85,3563.59,
2014-05-08T17:30:00Z,3563.62,3565.51,3528.44,3540.42,
2014-05-09T13:30:00Z,3537.68,3551.14,3516.24,3544.71,
2014-05-09T17:30:00Z,3544.72,3556.35,3532.71,3555.7,
2014-05-12T13:30:00Z,3574.24,3607.55,3572.69,3601.81,
2014-05-12T17:30:00Z,3601.87,3613.37,3601.07,3612.73,
2014-05-13T13:30:00Z,3614.91,3625.77,3605.78,3613.55,
2014-05-13T17:30:00Z,3613.54,3617.23,3608.36,3611.13,
2014-05-14T13:30:00Z,3603.58,3614.63,3598.47,3610.57,
2014-05-14T17:30:00Z,3610.55,3611.6,3585.68,3593.25,
2014-05-15T13:30:00Z,3594.59,3598.34,3542.63,3555.63,
2014-05-15T17:30:00Z,3555.64,3573.04,3549.75,3565.17,
2014-05-16T13:30:00Z,3568.2,3568.51,3545.63,3561.7,
2014-05-16T17:30:00Z,3561.66,3590.41,3559.41,3587.2,
2014-05-19T13:30:00Z,3577.85,3617.71,3572.28,3611.9,
2014-05-19T17:30:00Z,3611.88,3618.96,3609.28,3615.62,
2014-05-20T13:30:00Z,3612.86,3624.6,3594.11,3598.74,
2014-05-20T17:30:00Z,3598.62,3605.75,3585.88,3600.31,
2014-05-21T13:30:00Z,3605.79,3628.04,3605.51,3624.03,
2014-05-21T17:30:00Z,3624.02,3636.47,3620.45,3635.61,
2014-05-22T13:30:00Z,3639.49,3657.29,3633.85,3654.77,
2014-05-22T17:30:00Z,3654.86,3660.59,3650.86,3650.86,
2014-05-23T13:30:00Z,3656.27,3668.53,3646.23,3667.25,
2014-05-23T17:30:00Z,3667.23,3678.16,3666.46,3677.33,
2014-05-27T13:30:00Z,3693.18,3710.44,3691.09,3705.41,
2014-05-27T17:30:00Z,3705.4,3723.06,3702.85,3723.06,
2014-05-28T13:30:00Z,3720.89,3726.72,3708.65,3723.47,
2014-05-28T17:30:00Z,3723.44,3726.43,3711.85,3712.26,
2014-05-29T13:30:00Z,3723.27,3729.95,3717.65,3724.6,
2014-05-29T17:30:00Z,3724.62,3735.72,3722.97,3735.72,
2014-05-30T13:30:00Z,3738.71,3741.57,3718.49,3722.07,
2014-05-30T17:30:00Z,3721.81,3736.82,3716.09,3736.82,
2014-06-02T13:30:00Z,3740.71,3740.71,3707.89,3727.34,
2014-06-02T17:30:00Z,3727.36,3733.36,3717.39,3732.96,
2014-06-03T13:30:00Z,3719.17,3735.97,3715.46,3729.96,
2014-06-03T17:30:00Z,3729.86,3731.69,3724.32,3730.07,
2014-06-04T13:30:00Z,3720.0,3749.57,3715.24,3746.81,
2014-06-04T17:30:00Z,3746.78,3750.01,3741.0,3743.59,
2014-06-05T13:30:00Z,3748.36,3778.63,3735.19,3772.97,
2014-06-05T17:30:00Z,3773.03,3782.0,3769.89,3776.95,
2014-06-06T13:30:00Z,3792.42,3795.14,3782.12,3789.55,
2014-06-06T17:30:00Z,3789.57,3794.57,3787.04,3794.57,
2014-06-09T13:30:00Z,3795.85,3804.04,3787.59,3794.01,
2014-06-09T17:30:00Z,3794.09,3797.17,3783.9,3795.74,
2014-06-10T13:30:00Z,3790.48,3802.46,3786.56,3794.21,
2014-06-10T17:30:00Z,3794.22,3800.86,3794.19,3800.86,
2014-06-11T13:30:00Z,3789.41,3803.95,3785.24,3800.71,
2014-06-11T17:30:00Z,3800.81,3800.92,3783.61,3797.85,
2014-06-12T13:30:00Z,3790.59,3794.99,3766.64,3767.02,
2014-06-12T17:30:00Z,3767.12,3767.75,3751.69,3763.8,
2014-06-13T13:30:00Z,3782.84,3784.84,3759.87,3770.92,
2014-06-13T17:30:00Z,3770.94,3777.93,3764.09,3775.56,
2014-06-16T13:30:00Z,3768.37,3789.93,3761.42,3779.4,
2014-06-16T17:30:00Z,3779.39,3781.53,3771.66,3779.93,
2014-06-17T13:30:00Z,3775.73,3790.92,3769.94,3782.4,
2014-06-17T17:30:00Z,3782.38,3790.1,3781.02,3781.32,
2014-06-18T13:30:00Z,3786.19,3787.27,3773.16,3773.68,
2014-06-18T17:30:00Z,3773.64,3807.49,3764.53,3804.61,
2014-06-19T13:30:00Z,3808.76,3811.24,3783.3,3786.68,
2014-06-19T17:30:00Z,3786.7,3800.8,3784.76,3800.8,
2014-06-20T13:30:00Z,3803.1,3807.92,3794.51,3798.66,
2014-06-20T17:30:00Z,3798.67,3803.9,3796.19,3802.64,
2014-06-23T13:30:00Z,3802.25,3806.19,3794.85,3799.95,
2014-06-23T17:30:00Z,3799.98,3805.57,3798.81,3805.31,
2014-06-24T13:30:00Z,3807.49,3837.17,3806.43,3827.06,
2014-06-24T17:30:00Z,3827.03,3829.94,3791.12,3799.53,
2014-06-25T13:30:00Z,3794.84,3818.65,3792.31,3815.6,
2014-06-25T17:30:00Z,3815.62,3831.85,3815.04,3827.33,
2014-06-26T13:30:00Z,3826.7,3826.7,3798.63,3818.45,
2014-06-26T17:30:00Z,3818.58,3827.7,3816.46,3826.91,
2014-06-27T13:30:00Z,3825.02,3834.76,3823.21,3826.5,
2014-06-27T17:30:00Z,3826.45,3844.89,3825.18,3844.44,
2014-06-30T13:30:00Z,3844.45,3857.6,3841.7,3857.48,
2014-06-30T17:30:00Z,3857.38,3860.65,3848.3,3849.48,
2014-07-01T13:30:00Z,3864.14,3902.93,3863.81,3901.28,
2014-07-01T17:30:00Z,3901.27,3901.51,3892.59,3894.33,
2014-07-02T13:30:00Z,3895.18,3904.35,3893.2,3900.88,
2014-07-02T17:30:00Z,3900.92,3900.96,3890.77,3899.27,
2014-07-03T13:30:00Z,3911.11,3923.15,3901.32,3923.01,
2014-07-07T13:30:00Z,3917.89,3923.92,3905.32,3908.01,
2014-07-07T17:30:00Z,3908.02,3913.45,3904.67,3910.71,
2014-07-08T13:30:00Z,3903.37,3906.22,3848.18,3866.7,
2014-07-08T17:30:00Z,3866.71,3872.58,3857.97,3864.07,
2014-07-09T13:30:00Z,3873.17,3888.08,3863.2,3885.22,
2014-07-09T17:30:00Z,3885.21,3896.38,3876.28,3892.91,
2014-07-10T13:30:00Z,3837.29,3893.88,3837.16,3892.71,
2014-07-10T17:30:00Z,3892.7,3895.72,3873.19,3880.04,
2014-07-11T13:30:00Z,3888.76,3903.3,3879.4,3902.07,
2014-07-11T17:30:00Z,3902.12,3905.4,3899.35,3904.58,
2014-07-14T13:30:00Z,3923.6,3937.73,3916.52,3933.06,
2014-07-14T17:30:00Z,3933.05,3935.0,3926.4,3929.46,
2014-07-15T13:30:00Z,3934.79,3940.55,3887.5,3915.15,
2014-07-15T17:30:00Z,3915.35,3920.95,3908.81,3914.45,
2014-07-16T13:30:00Z,3943.6,3947.49,3927.0,3941.4,
2014-07-16T17:30:00Z,3941.46,3942.22,3930.83,3932.33,
2014-07-17T13:30:00Z,3921.87,3933.88,3890.15,3908.88,
2014-07-17T17:30:00Z,3908.96,3911.86,3866.22,3878.01,
2014-07-18T13:30:00Z,3899.38,3927.83,3894.56,3922.38,
2014-07-18T17:30:00Z,3922.44,3942.15,3921.58,3939.89,
2014-07-21T13:30:00Z,3933.11,3937.73,3917.74,3937.7,
2014-07-21T17:30:00Z,3937.76,3941.93,3933.36,3934.14,
2014-07-22T13:30:00Z,3950.83,3966.1,3949.09,3963.45,
2014-07-22T17:30:00Z,3963.44,3963.95,3952.35,3961.62,
2014-07-23T13:30:00Z,3974.66,3990.64,3967.96,3980.91,
2014-07-23T17:30:00Z,3980.93,3989.94,3979.66,3986.19,
2014-07-24T13:30:00Z,3994.18,3997.5,3975.66,3981.94,
2014-07-24T17:30:00Z,3982.03,3990.14,3979.05,3983.19,
2014-07-25T13:30:00Z,3959.35,3970.44,3945.05,3962.95,
2014-07-25T17:30:00Z,3962.91,3965.16,3956.36,3965.16,
2014-07-28T13:30:00Z,3966.31,3969.38,3936.72,3966.82,
2014-07-28T17:30:00Z,3966.84,3977.0,3965.93,3967.24,
2014-07-29T13:30:00Z,3974.05,3983.42,3957.22,3974.7,
2014-07-29T17:30:00Z,3974.67,3979.19,3958.72,3959.03,
2014-07-30T13:30:00Z,3982.1,3989.0,3960.29,3966.81,
2014-07-30T17:30:00Z,3966.77,3985.42,3965.99,3976.07,
2014-07-31T13:30:00Z,3938.31,3948.9,3896.62,3907.85,
2014-07-31T17:30:00Z,3907.77,3917.0,3889.1,3892.5,
2014-08-01T13:30:00Z,3886.1,3908.21,3855.35,3876.99,
2014-08-01T17:30:00Z,3877.33,3890.0,3873.85,3879.67,
2014-08-04T13:30:00Z,3890.63,3903.41,3875.1,3898.36,
2014-08-04T17:30:00Z,3898.35,3922.25,3897.88,3908.77,
2014-08-05T13:30:00Z,3891.13,3901.17,3875.12,3891.92,
2014-08-05T17:30:00Z,3892.03,3892.77,3858.65,3874.94,
2014-08-06T13:30:00Z,3851.44,3896.65,3849.45,3884.08,
2014-08-06T17:30:00Z,3883.97,3884.92,3873.13,3874.27,
2014-08-07T13:30:00Z,3889.69,3895.74,3859.61,3872.2,
2014-08-07T17:30:00Z,3872.26,3878.31,3845.2,3857.94,
2014-08-08T13:30:00Z,3864.09,3883.48,3848.49,3881.8,
2014-08-08T17:30:00Z,3881.79,3890.63,3879.92,3888.09,
2014-08-11T13:30:00Z,3899.98,3921.19,3899.37,3912.46,
2014-08-11T17:30:00Z,3912.43,3915.0,3905.71,3910.46,
2014-08-12T13:30:00Z,3904.45,3916.73,3889.99,3903.4,
2014-08-12T17:30:00Z,3903.41,3908.42,3887.58,3905.22,
2014-08-13T13:30:00Z,3924.47,3947.57,3921.44,3944.28,
2014-08-13T17:30:00Z,3944.27,3949.69,3943.33,3949.2,
2014-08-14T13:30:00Z,3953.27,3965.01,3949.08,3963.67,
2014-08-14T17:30:00Z,3963.63,3969.24,3961.34,3969.11,
2014-08-15T13:30:00Z,3993.0,3997.08,3951.25,3971.06,
2014-08-15T17:30:00Z,3971.12,3988.96,3966.53,3987.51,
2014-08-18T13:30:00Z,4007.19,4022.48,4003.46,4017.7,
2014-08-18T17:30:00Z,4017.71,4021.79,4015.69,4020.5,
2014-08-19T13:30:00Z,4025.51,4034.8,4024.17,4034.13,
2014-08-19T17:30:00Z,4034.12,4041.5,4033.57,4040.13,
2014-08-20T13:30:00Z,4032.91,4045.53,4032.2,4043.8,
2014-08-20T17:30:00Z,4043.85,4046.97,4032.66,4040.7,
2014-08-21T13:30:00Z,4041.0,4048.95,4035.75,4046.57,
2014-08-21T17:30:00Z,4046.58,4048.73,4042.98,4047.03,
2014-08-22T13:30:00Z,4052.14,4060.9,4040.22,4057.31,
2014-08-22T17:30:00Z,4057.32,4060.15,4051.05,4052.75,
2014-08-25T13:30:00Z,4073.47,4079.52,4058.6,4066.71,
2014-08-25T17:30:00Z,4066.72,4070.58,4063.37,4067.48,
2014-08-26T13:30:00Z,4073.04,4074.68,4062.73,4071.51,
2014-08-26T17:30:00Z,4071.87,4076.54,4070.61,4071.67,
2014-08-27T13:30:00Z,4073.4,4077.13,4064.06,4074.53,
2014-08-27T17:30:00Z,4074.52,4078.19,4066.47,4073.18,
2014-08-28T13:30:00Z,4059.37,4072.29,4054.61,4067.86,
2014-08-28T17:30:00Z,4067.87,4070.8,4064.92,4066.27,
2014-08-29T13:30:00Z,4081.02,4082.97,4062.18,4075.17,
2014-08-29T17:30:00Z,4075.46,4082.68,4074.01,4082.56,
2014-09-02T13:30:00Z,4093.12,4095.87,4078.19,4079.9,
2014-09-02T17:30:00Z,4079.97,4095.81,4078.99,4095.81,
2014-09-03T13:30:00Z,4103.97,4104.43,4064.54,4079.23,
2014-09-03T17:30:00Z,4079.95,4080.93,4063.49,4070.96,
2014-09-04T13:30:00Z,4078.82,4100.78,4074.36,4087.44,
2014-09-04T17:30:00Z,4087.43,4089.3,4056.53,4066.13,
2014-09-05T13:30:00Z,4067.37,4079.49,4051.75,4074.84,
2014-09-05T17:30:00Z,4074.91,4089.98,4074.15,4089.92,
2014-09-08T13:30:00Z,4086.52,4105.5,4084.43,4084.61,
2014-09-08T17:30:00Z,4084.6,4096.45,4076.63,4095.46,
2014-09-09T13:30:00Z,4094.02,4094.02,4073.19,4085.79,
2014-09-09T17:30:00Z,4085.78,4110.86,4053.11,4061.88,
2014-09-10T13:30:00Z,4063.85,4093.58,4054.61,4091.21,
2014-09-10T17:30:00Z,4091.33,4095.91,4083.99,4094.97,
2014-09-11T13:30:00Z,4077.69,4088.59,4063.33,4065.78,
2014-09-11T17:30:00Z,4065.8,4092.79,4060.92,4092.65,
2014-09-12T13:30:00Z,4087.16,4089.62,4064.15,4066.97,
2014-09-12T17:30:00Z,4066.99,4072.82,4057.53,4069.23,
2014-09-15T13:30:00Z,4070.2,4070.82,4025.01,4025.04,
2014-09-15T17:30:00Z,4024.95,4037.6,4018.3,4029.89,
2014-09-16T13:30:00Z,4012.53,4062.54,4009.98,4060.69,
2014-09-16T17:30:00Z,4060.71,4073.14,4060.71,4067.27,
2014-09-17T13:30:00Z,4066.75,4074.6,4058.86,4060.75,
2014-09-17T17:30:00Z,4060.73,4090.95,4048.58,4073.57,
2014-09-18T13:30:00Z,4084.51,4099.15,4080.82,4096.96,
2014-09-18T17:30:00Z,4096.97,4103.42,4094.75,4103.08,
2014-09-19T13:30:00Z,4113.02,4118.91,4084.45,4091.6,
2014-09-19T17:30:00Z,4091.65,4107.15,4091.59,4100.09,
2014-09-22T13:30:00Z,4091.87,4092.14,4046.16,4053.41,
2014-09-22T17:30:00Z,4053.38,4065.58,4044.99,4061.23,
2014-09-23T13:30:00Z,4045.67,4069.21,4043.26,4058.34,
2014-09-23T17:30:00Z,4058.32,4064.37,4050.88,4051.57,
2014-09-24T13:30:00Z,4055.42,4082.27,4041.72,4081.35,
2014-09-24T17:30:00Z,4081.37,4096.27,4081.37,4094.31,
2014-09-25T13:30:00Z,4079.37,4087.19,4011.44,4021.85,
2014-09-25T17:30:00Z,4021.38,4022.44,4007.63,4007.82,
2014-09-26T13:30:00Z,4016.97,4034.43,4015.02,4027.2,
2014-09-26T17:30:00Z,4027.21,4057.47,4024.7,4053.72,
2014-09-29T13:30:00Z,4009.66,4056.43,4008.58,4043.61,
2014-09-29T17:30:00Z,4043.65,4054.9,4030.62,4047.18,
2014-09-30T13:30:00Z,4054.86,4070.44,4031.7,4049.72,
2014-09-30T17:30:00Z,4049.68,4059.08,4036.69,4049.44,
2014-10-01T13:30:00Z,4043.33,4043.44,3991.29,3995.34,
2014-10-01T17:30:00Z,3995.35,3995.38,3972.9,3984.74,
2014-10-02T13:30:00Z,3984.8,3993.42,3934.94,3984.34,
2014-10-02T17:30:00Z,3984.41,3996.75,3977.93,3985.87,
2014-10-03T13:30:00Z,4004.75,4035.42,3995.81,4030.87,
2014-10-03T17:30:00Z,4030.93,4040.56,4026.0,4027.31,
2014-10-06T13:30:00Z,4041.4,4046.71,4004.21,4020.71,
2014-10-06T17:30:00Z,4020.73,4026.2,4012.16,4016.27,
2014-10-07T13:30:00Z,3999.25,4007.94,3980.73,3992.38,
2014-10-07T17:30:00Z,3992.36,3992.89,3958.44,3958.59,
2014-10-08T13:30:00Z,3960.79,3976.18,3938.16,3970.5,
2014-10-08T17:30:00Z,3970.49,4048.79,3970.36,4041.12,
2014-10-09T13:30:00Z,4031.62,4040.54,3969.19,3982.57,
2014-10-09T17:30:00Z,3982.47,3995.11,3965.37,3969.32,
2014-10-10T13:30:00Z,3946.32,3969.48,3898.62,3916.98,
2014-10-10T17:30:00Z,3917.03,3930.98,3870.85,3870.85,
2014-10-13T13:30:00Z,3866.89,3893.66,3817.33,3880.86,
2014-10-13T17:30:00Z,3880.9,3884.71,3807.89,3808.0,
2014-10-14T13:30:00Z,3837.22,3860.04,3802.11,3835.18,
2014-10-14T17:30:00Z,3836.11,3840.03,3801.16,3810.45,
2014-10-15T13:30:00Z,3738.72,3792.19,3700.22,3705.43,
2014-10-15T17:30:00Z,3705.36,3801.42,3703.37,3785.97,
2014-10-16T13:30:00Z,3706.7,3791.8,3704.82,3783.7,
2014-10-16T17:30:00Z,3783.48,3795.08,3752.06,3765.28,
2014-10-17T13:30:00Z,3815.72,3848.98,3791.16,3816.61,
2014-10-17T17:30:00Z,3816.69,3829.01,3800.05,3815.47,
2014-10-20T13:30:00Z,3813.6,3852.08,3804.97,3851.41,
2014-10-20T17:30:00Z,3851.35,3872.36,3847.88,3870.08,
2014-10-21T13:30:00Z,3916.65,3947.4,3908.83,3942.29,
2014-10-21T17:30:00Z,3942.35,3971.4,3942.33,3971.39,
2014-10-22T13:30:00Z,3980.49,3988.4,3955.02,3962.07,
2014-10-22T17:30:00Z,3962.03,3970.89,3947.98,3949.59,
2014-10-23T13:30:00Z,3989.86,4021.97,3984.15,4018.82,
2014-10-23T17:30:00Z,4019.01,4032.22,4006.08,4012.27,
2014-10-24T13:30:00Z,4019.84,4033.3,4003.43,4021.18,
2014-10-24T17:30:00Z,4021.26,4045.19,4021.2,4042.02,
2014-10-27T13:30:00Z,4031.88,4052.5,4019.23,4045.71,
2014-10-27T17:30:00Z,4045.67,4050.48,4037.3,4046.02,
2014-10-28T13:30:00Z,4063.06,4088.97,4062.21,4083.86,
2014-10-28T17:30:00Z,4083.83,4107.19,4083.53,4106.63,
2014-10-29T13:30:00Z,4091.62,4104.07,4080.89,4085.93,
2014-10-29T17:30:00Z,4085.86,4094.26,4062.49,4090.55,
2014-10-30T13:30:00Z,4074.26,4106.87,4064.45,4103.49,
2014-10-30T17:30:00Z,4103.45,4109.06,4081.2,4100.64,
2014-10-31T13:30:00Z,4168.5,4170.87,4144.8,4153.2,
2014-10-31T17:30:00Z,4153.22,4158.21,4143.2,4158.21,
2014-11-03T14:30:00Z,4160.61,4179.36,4156.78,4173.41,
2014-11-03T18:30:00Z,4173.34,4173.82,4158.67,4169.28,
2014-11-04T14:30:00Z,4154.88,4165.05,4126.72,4147.53,
2014-11-04T18:30:00Z,4147.55,4158.78,4144.34,4156.23,
2014-11-05T14:30:00Z,4179.23,4179.93,4143.63,4154.9,
2014-11-05T18:30:00Z,4154.97,4156.55,4140.21,4153.27,
2014-11-06T14:30:00Z,4147.31,4156.29,4133.98,4152.77,
2014-11-06T18:30:00Z,4152.79,4165.77,4150.11,4164.08,
2014-11-07T14:30:00Z,4170.46,4171.13,4139.46,4160.34,
2014-11-07T18:30:00Z,4160.37,4165.58,4149.19,4160.5,
2014-11-10T14:30:00Z,4162.59,4179.98,4151.48,4173.0,
2014-11-10T18:30:00Z,4173.01,4177.69,4169.8,4175.95,
2014-11-11T14:30:00Z,4173.61,4182.84,4165.25,4174.06,
2014-11-11T18:30:00Z,4174.05,4187.31,4172.9,4187.16,
2014-11-12T14:30:00Z,4174.47,4195.81,4173.02,4195.81,
2014-11-12T18:30:00Z,4195.61,4199.19,4186.74,4195.4,
2014-11-13T14:30:00Z,4202.77,4228.68,4198.83,4203.86,
2014-11-13T18:30:00Z,4203.84,4213.84,4194.33,4213.49,
2014-11-14T14:30:00Z,4214.97,4223.81,4198.59,4219.74,
2014-11-14T18:30:00Z,4219.78,4225.18,4209.97,4224.99,
2014-11-17T14:30:00Z,4215.29,4225.48,4194.18,4214.58,
2014-11-17T18:30:00Z,4214.57,4218.27,4209.77,4213.79,
2014-11-18T14:30:00Z,4215.18,4243.31,4214.32,4243.22,
2014-11-18T18:30:00Z,4243.03,4248.19,4236.51,4242.19,
2014-11-19T14:30:00Z,4233.7,4235.84,4204.16,4227.02,
2014-11-19T18:30:00Z,4227.0,4235.36,4215.54,4222.66,
2014-11-20T14:30:00Z,4204.54,4244.72,4202.36,4240.12,
2014-11-20T18:30:00Z,4240.44,4245.17,4235.89,4242.09,
2014-11-21T14:30:00Z,4284.41,4285.27,4241.94,4241.94,
2014-11-21T18:30:00Z,4241.88,4253.69,4237.38,4251.32,
2014-11-24T14:30:00Z,4262.09,4280.14,4258.41,4279.64,
2014-11-24T18:30:00Z,4279.73,4285.0,4277.6,4284.32,
2014-11-25T14:30:00Z,4290.68,4302.44,4279.9,4293.93,
2014-11-25T18:30:00Z,4293.97,4296.09,4285.9,4288.23,
2014-11-26T14:30:00Z,4291.87,4310.54,4289.51,4309.11,
2014-11-26T18:30:00Z,4309.13,4319.41,4308.69,4317.99,
2014-11-28T14:30:00Z,4330.96,4347.09,4326.2,4337.78,
2014-12-01T14:30:00Z,4323.95,4332.55,4274.68,4304.15,
2014-12-01T18:30:00Z,4304.05,4307.38,4281.2,4287.81,
2014-12-02T14:30:00Z,4291.33,4305.4,4283.89,4300.67,
2014-12-02T18:30:00Z,4300.72,4312.92,4298.37,4305.96,
2014-12-03T14:30:00Z,4312.17,4317.82,4287.04,4308.66,
2014-12-03T18:30:00Z,4308.67,4319.02,4308.11,4312.93,
2014-12-04T14:30:00Z,4309.48,4327.55,4293.94,4320.62,
2014-12-04T18:30:00Z,4320.61,4321.64,4302.81,4311.93,
2014-12-05T14:30:00Z,4318.28,4324.42,4307.93,4315.03,
2014-12-05T18:30:00Z,4315.04,4317.07,4302.04,4311.57,
2014-12-08T14:30:00Z,4301.27,4320.08,4274.75,4277.34,
2014-12-08T18:30:00Z,4277.47,4280.15,4259.01,4278.34,
2014-12-09T14:30:00Z,4228.2,4283.99,4216.86,4281.86,
2014-12-09T18:30:00Z,4281.87,4297.73,4276.26,4294.67,
2014-12-10T14:30:00Z,4284.5,4297.0,4262.01,4275.2,
2014-12-10T18:30:00Z,4275.21,4275.96,4218.86,4224.87,
2014-12-11T14:30:00Z,4241.69,4296.81,4241.49,4282.97,
2014-12-11T18:30:00Z,4283.2,4290.47,4238.29,4246.48,
2014-12-12T14:30:00Z,4207.61,4254.43,4203.35,4245.93,
2014-12-12T18:30:00Z,4245.99,4250.49,4199.28,4199.28,
2014-12-15T14:30:00Z,4224.17,4236.06,4145.01,4168.34,
2014-12-15T18:30:00Z,4168.28,4185.55,4152.35,4157.41,
2014-12-16T14:30:00Z,4122.23,4190.42,4109.52,4135.6,
2014-12-16T18:30:00Z,4135.55,4151.64,4089.19,4089.6,
2014-12-17T14:30:00Z,4095.75,4134.66,4089.09,4117.21,
2014-12-17T18:30:00Z,4117.34,4175.97,4115.0,4165.1,
2014-12-18T14:30:00Z,4230.36,4250.21,4213.21,4248.78,
2014-12-18T18:30:00Z,4248.77,4267.77,4235.73,4267.77,
2014-12-19T14:30:00Z,4272.75,4289.73,4258.33,4279.94,
2014-12-19T18:30:00Z,4279.93,4300.4,4278.53,4281.78,
2014-12-22T14:30:00Z,4271.87,4293.84,4270.54,4292.22,
2014-12-22T18:30:00Z,4292.24,4295.27,4285.53,4293.67,
2014-12-23T14:30:00Z,4308.95,4309.03,4274.51,4285.86,
2014-12-23T18:30:00Z,4285.92,4290.79,4279.03,4279.3,
2014-12-24T14:30:00Z,4283.19,4298.87,4281.8,4283.1,
2014-12-26T14:30:00Z,4295.72,4318.5,4294.8,4316.86,
2014-12-26T18:30:00Z,4316.87,4322.45,4312.0,4314.09,
2014-12-29T14:30:00Z,4309.7,4321.2,4306.67,4316.6,
2014-12-29T18:30:00Z,4316.59,4316.65,4309.88,4312.64,
2014-12-30T14:30:00Z,4301.14,4309.13,4285.8,4288.02,
2014-12-30T18:30:00Z,4287.93,4289.88,4277.75,4282.35,
2014-12-31T14:30:00Z,4294.88,4307.01,4270.32,4275.59,
2014-12-31T18:30:00Z,4275.61,4278.79,4233.71,4236.28,
2015-01-02T14:30:00Z,4258.6,4276.71,4206.46,4211.92,
2015-01-02T18:30:00Z,4211.9,4238.82,4206.82,4230.24,
2015-01-05T14:30:00Z,4206.55,4210.96,4160.0,4162.73,
2015-01-05T18:30:00Z,4162.67,4172.84,4151.85,4160.96,
2015-01-06T14:30:00Z,4174.78,4176.26,4090.33,4102.82,
2015-01-06T18:30:00Z,4102.85,4150.61,4099.65,4110.83,
2015-01-07T14:30:00Z,4139.85,4169.97,4126.39,4150.25,
2015-01-07T18:30:00Z,4150.44,4164.76,4148.51,4160.0,
2015-01-08T14:30:00Z,4195.49,4247.93,4192.63,4245.47,
2015-01-08T18:30:00Z,4245.45,4247.9,4235.42,4240.55,
2015-01-09T14:30:00Z,4250.98,4253.97,4188.61,4215.95,
2015-01-09T18:30:00Z,4216.0,4233.49,4211.99,4213.28,
2015-01-12T14:30:00Z,4221.52,4223.88,4159.7,4165.41,
2015-01-12T18:30:00Z,4165.47,4179.35,4158.11,4169.97,
2015-01-13T14:30:00Z,4212.99,4252.7,4192.33,4196.05,
2015-01-13T18:30:00Z,4196.04,4196.04,4134.94,4166.2,
2015-01-14T14:30:00Z,4122.08,4165.0,4119.65,4123.85,
2015-01-14T18:30:00Z,4123.84,4152.14,4108.31,4145.84,
2015-01-15T14:30:00Z,4162.11,4169.44,4091.17,4102.73,
2015-01-15T18:30:00Z,4102.71,4116.04,4085.7,4089.65,
2015-01-16T14:30:00Z,4087.88,4127.02,4078.85,4110.2,
2015-01-16T18:30:00Z,4110.38,4143.53,4109.25,4142.14,
2015-01-20T14:30:00Z,4164.43,4171.88,4117.15,4152.87,
2015-01-20T18:30:00Z,4152.88,4181.34,4149.44,4171.21,
2015-01-21T14:30:00Z,4158.13,4211.28,4145.82,4187.21,
2015-01-21T18:30:00Z,4187.28,4196.0,4170.45,4192.09,
2015-01-22T14:30:00Z,4215.0,4242.09,4173.54,4226.62,
2015-01-22T18:30:00Z,4226.55,4274.15,4226.53,4270.36,
2015-01-23T14:30:00Z,4268.53,4287.21,4258.48,4284.35,
2015-01-23T18:30:00Z,4284.38,4292.88,4271.43,4278.14,
2015-01-26T14:30:00Z,4271.1,4276.13,4254.47,4269.82,
2015-01-26T18:30:00Z,4270.0,4282.48,4266.25,4275.72,
2015-01-27T14:30:00Z,4200.88,4202.7,4151.15,4200.02,
2015-01-27T18:30:00Z,4200.03,4209.41,4163.68,4165.5,
2015-01-28T14:30:00Z,4233.74,4235.15,4177.63,4205.27,
2015-01-28T18:30:00Z,4205.25,4219.06,4140.38,4140.38,
2015-01-29T14:30:00Z,4134.52,4144.16,4103.71,4140.31,
2015-01-29T18:30:00Z,4140.36,4189.54,4138.1,4181.35,
2015-01-30T14:30:00Z,4178.62,4210.85,4163.3,4186.48,
2015-01-30T18:30:00Z,4186.43,4208.87,4144.03,4148.43,
2015-02-02T14:30:00Z,4162.2,4170.63,4094.73,4145.92,
2015-02-02T18:30:00Z,4145.93,4189.09,4125.74,4188.59,
2015-02-03T14:30:00Z,4201.94,4218.3,4174.23,4199.55,
2015-02-03T18:30:00Z,4199.8,4229.15,4198.54,4229.15,
2015-02-04T14:30:00Z,4202.43,4238.54,4198.74,4234.65,
2015-02-04T18:30:00Z,4234.63,4248.84,4210.51,4221.2,
2015-02-05T14:30:00Z,4229.62,4247.24,4220.17,4242.31,
2015-02-05T18:30:00Z,4242.34,4258.0,4239.89,4256.18,
2015-02-06T14:30:00Z,4259.98,4271.28,4234.75,4239.67,
2015-02-06T18:30:00Z,4239.73,4255.03,4214.89,4228.68,
2015-02-09T14:30:00Z,4209.81,4235.24,4206.76,4226.62,
2015-02-09T18:30:00Z,4226.36,4226.67,4208.7,4216.09,
2015-02-10T14:30:00Z,4240.04,4268.42,4232.99,4264.19,
2015-02-10T18:30:00Z,4263.92,4286.43,4262.44,4281.15,
2015-02-11T14:30:00Z,4284.76,4302.57,4277.65,4285.05,
2015-02-11T18:30:00Z,4285.08,4305.35,4280.58,4297.28,
2015-02-12T14:30:00Z,4321.41,4340.99,4317.98,4337.95,
2015-02-12T18:30:00Z,4337.99,4347.97,4337.22,4347.97,
2015-02-13T14:30:00Z,4359.78,4371.18,4351.02,4363.74,
2015-02-13T18:30:00Z,4363.75,4384.03,4355.87,4384.03,
2015-02-17T14:30:00Z,4379.32,4387.32,4370.63,4387.04,
2015-02-17T18:30:00Z,4387.16,4387.28,4376.32,4385.34,
2015-02-18T14:30:00Z,4378.73,4386.43,4374.23,4380.23,
2015-02-18T18:30:00Z,4380.46,4393.19,4376.24,4390.91,
2015-02-19T14:30:00Z,4388.92,4413.95,4388.44,4408.05,
2015-02-19T18:30:00Z,4408.06,4415.79,4407.1,4411.86,
2015-02-20T14:30:00Z,4406.75,4427.49,4397.62,4426.9,
2015-02-20T18:30:00Z,4426.88,4444.62,4426.72,4443.05,
2015-02-23T14:30:00Z,4441.26,4445.38,4430.86,4441.0,
2015-02-23T18:30:00Z,4441.03,4449.49,4432.54,4449.49,
2015-02-24T14:30:00Z,4442.13,4454.84,4428.82,4443.65,
2015-02-24T18:30:00Z,4443.7,4455.52,4443.64,4451.03,
2015-02-25T14:30:00Z,4441.08,4458.2,4437.72,4458.2,
2015-02-25T18:30:00Z,4458.19,4461.11,4429.9,4440.59,
2015-02-26T14:30:00Z,4443.55,4461.2,4430.79,4457.08,
2015-02-26T18:30:00Z,4457.05,4463.81,4440.84,4462.27,
2015-02-27T14:30:00Z,4459.86,4464.31,4447.49,4450.72,
2015-02-27T18:30:00Z,4450.76,4452.37,4435.66,4440.67,
2015-03-02T14:30:00Z,4452.8,4477.79,4450.86,4462.49,
2015-03-02T18:30:00Z,4462.5,4483.97,4461.83,4483.05,
2015-03-03T14:30:00Z,4466.53,4473.64,4433.51,4448.71,
2015-03-03T18:30:00Z,4448.73,4462.24,4447.57,4458.78,
2015-03-04T14:30:00Z,4442.41,4452.37,4421.0,4450.26,
2015-03-04T18:30:00Z,4450.19,4451.54,4437.54,4445.36,
2015-03-05T14:30:00Z,4454.89,4464.48,4433.94,4443.5,
2015-03-05T18:30:00Z,4443.49,4457.3,4443.33,4452.06,
2015-03-06T14:30:00Z,4442.19,4453.93,4401.16,4406.7,
2015-03-06T18:30:00Z,4406.59,4414.25,4389.82,4399.23,
2015-03-09T13:30:00Z,4406.87,4411.32,4391.62,4409.13,
2015-03-09T17:30:00Z,4409.28,4424.22,4395.35,4412.99,
2015-03-10T13:30:00Z,4376.03,4381.62,4336.88,4350.37,
2015-03-10T17:30:00Z,4350.2,4355.96,4329.08,4329.08,
2015-03-11T13:30:00Z,4336.05,4342.87,4316.47,4326.48,
2015-03-11T17:30:00Z,4326.49,4326.73,4304.28,4305.38,
2015-03-12T13:30:00Z,4302.73,4333.48,4300.87,4328.27,
2015-03-12T17:30:00Z,4328.25,4339.2,4322.47,4336.23,
2015-03-13T13:30:00Z,4328.09,4347.87,4291.17,4291.17,
2015-03-13T17:30:00Z,4291.08,4321.26,4289.3,4314.9,
2015-03-16T13:30:00Z,4338.29,4362.6,4327.27,4353.93,
2015-03-16T17:30:00Z,4353.92,4371.46,4353.79,4370.47,
2015-03-17T13:30:00Z,4355.83,4375.05,4349.69,4373.21,
2015-03-17T17:30:00Z,4373.19,4384.98,4370.62,4375.63,
2015-03-18T13:30:00Z,4366.8,4371.02,4352.16,4352.41,
2015-03-18T17:30:00Z,4352.49,4440.49,4344.49,4422.5,
2015-03-19T13:30:00Z,4424.79,4440.01,4419.84,4434.81,
2015-03-19T17:30:00Z,4434.86,4436.97,4426.51,4426.82,
2015-03-20T13:30:00Z,4468.29,4477.33,4456.41,4477.06,
2015-03-20T17:30:00Z,4477.02,4478.68,4457.76,4458.54,
2015-03-23T13:30:00Z,4454.15,4465.85,4449.12,4456.65,
2015-03-23T17:30:00Z,4456.55,4466.34,4445.52,4445.54,
2015-03-24T13:30:00Z,4444.39,4467.79,4439.44,4443.77,
2015-03-24T17:30:00Z,4443.76,4449.05,4430.97,4430.99,
2015-03-25T13:30:00Z,4437.37,4442.54,4350.63,4357.25,
2015-03-25T17:30:00Z,4357.19,4367.46,4329.29,4329.29,
2015-03-26T13:30:00Z,4288.16,4329.3,4280.95,4320.23,
2015-03-26T17:30:00Z,4320.28,4340.16,4314.48,4315.26,
2015-03-27T13:30:00Z,4314.6,4336.13,4309.52,4321.38,
2015-03-27T17:30:00Z,4321.33,4342.93,4317.29,4332.86,
2015-03-30T13:30:00Z,4359.78,4383.81,4359.78,4381.64,
2015-03-30T17:30:00Z,4381.69,4384.18,4372.65,4382.82,
2015-03-31T13:30:00Z,4364.14,4377.36,4353.11,4367.62,
2015-03-31T17:30:00Z,4367.64,4370.96,4333.69,4333.69,
2015-04-01T13:30:00Z,4328.17,4334.56,4284.06,4301.72,
2015-04-01T17:30:00Z,4301.74,4311.26,4291.88,4311.26,
2015-04-02T13:30:00Z,4316.24,4327.79,4302.49,4317.72,
2015-04-02T17:30:00Z,4317.73,4326.52,4310.63,4316.01,
2015-04-06T13:30:00Z,4286.16,4360.51,4283.91,4359.9,
2015-04-06T17:30:00Z,4359.91,4361.56,4349.49,4350.98,
2015-04-07T13:30:00Z,4349.3,4379.41,4349.01,4372.4,
2015-04-07T17:30:00Z,4372.38,4372.64,4343.74,4344.08,
2015-04-08T13:30:00Z,4345.22,4377.36,4345.09,4369.2,
2015-04-08T17:30:00Z,4369.28,4382.82,4352.16,4375.96,
2015-04-09T13:30:00Z,4375.78,4395.98,4361.23,4385.98,
2015-04-09T17:30:00Z,4385.97,4405.65,4380.77,4403.95,
2015-04-10T13:30:00Z,4402.02,4418.36,4394.38,4414.37,
2015-04-10T17:30:00Z,4414.38,4422.63,4414.28,4422.02,
2015-04-13T13:30:00Z,4428.13,4448.2,4419.56,4420.13,
2015-04-13T17:30:00Z,4420.09,4423.78,4407.07,4409.21,
2015-04-14T13:30:00Z,4409.29,4418.87,4375.11,4392.04,
2015-04-14T17:30:00Z,4392.11,4400.0,4388.62,4397.64,
2015-04-15T13:30:00Z,4409.74,4427.48,4406.04,4427.11,
2015-04-15T17:30:00Z,4426.95,4435.28,4423.92,4424.53,
2015-04-16T13:30:00Z,4412.15,4426.14,4408.96,4416.35,
2015-04-16T17:30:00Z,4416.36,4427.22,4415.36,4418.83,
2015-04-17T13:30:00Z,4379.63,4390.31,4349.17,4355.69,
2015-04-17T17:30:00Z,4355.6,4357.63,4333.11,4351.8,
2015-04-20T13:30:00Z,4373.65,4417.57,4373.09,4412.54,
2015-04-20T17:30:00Z,4412.55,4423.88,4411.47,4417.4,
2015-04-21T13:30:00Z,4444.5,4448.68,4430.98,4445.0,
2015-04-21T17:30:00Z,4444.98,4445.92,4432.2,4435.98,
2015-04-22T13:30:00Z,4448.58,4449.8,4419.35,4446.07,
2015-04-22T17:30:00Z,4445.99,4466.84,4445.76,4460.81,
2015-04-23T13:30:00Z,4445.17,4484.41,4444.29,4481.01,
2015-04-23T17:30:00Z,4480.76,4496.08,4477.07,4477.07,
2015-04-24T13:30:00Z,4529.73,4543.64,4517.88,4540.68,
2015-04-24T17:30:00Z,4540.7,4542.68,4533.66,4536.78,
2015-04-27T13:30:00Z,4548.51,4562.33,4529.13,4534.44,
2015-04-27T17:30:00Z,4534.46,4535.76,4516.33,4525.04,
2015-04-28T13:30:00Z,4529.41,4537.14,4479.01,4531.55,
2015-04-28T17:30:00Z,4531.56,4532.56,4507.53,4515.27,
2015-04-29T13:30:00Z,4490.57,4517.01,4463.98,4472.67,
2015-04-29T17:30:00Z,4472.72,4507.33,4472.72,4488.15,
2015-04-30T13:30:00Z,4459.23,4480.36,4430.83,4436.41,
2015-04-30T17:30:00Z,4436.21,4439.72,4395.1,4414.25,
2015-05-01T13:30:00Z,4437.7,4459.44,4435.24,4452.5,
2015-05-01T17:30:00Z,4452.65,4479.06,4452.28,4479.06,
2015-05-04T13:30:00Z,4491.19,4510.47,4480.85,4485.31,
2015-05-04T17:30:00Z,4485.29,4496.74,4481.98,4482.61,
2015-05-05T13:30:00Z,4464.21,4472.23,4413.81,4418.65,
2015-05-05T17:30:00Z,4418.64,4424.09,4407.27,4409.39,
2015-05-06T13:30:00Z,4420.3,4429.96,4369.31,4372.36,
2015-05-06T17:30:00Z,4372.42,4380.9,4349.93,4379.75,
2015-05-07T13:30:00Z,4377.81,4413.73,4373.29,4402.52,
2015-05-07T17:30:00Z,4402.57,4412.07,4395.96,4401.55,
2015-05-08T13:30:00Z,4445.0,4466.17,4441.73,4456.83,
2015-05-08T17:30:00Z,4456.87,4461.71,4450.44,4458.65,
2015-05-11T13:30:00Z,4457.62,4468.75,4444.13,4456.51,
2015-05-11T17:30:00Z,4456.57,4458.21,4437.53,4438.64,
2015-05-12T13:30:00Z,4412.82,4439.9,4380.52,4435.35,
2015-05-12T17:30:00Z,4435.3,4441.4,4420.29,4420.65,
2015-05-13T13:30:00Z,4436.08,4460.54,4426.14,4437.76,
2015-05-13T17:30:00Z,4437.78,4440.75,4421.75,4426.56,
2015-05-14T13:30:00Z,4461.07,4488.84,4448.38,4488.76,
2015-05-14T17:30:00Z,4488.74,4496.25,4486.02,4495.04,
2015-05-15T13:30:00Z,4505.39,4509.13,4485.15,4486.14,
2015-05-15T17:30:00Z,4486.08,4494.29,4482.55,4494.29,
2015-05-18T13:30:00Z,4487.14,4510.84,4483.76,4509.99,
2015-05-18T17:30:00Z,4510.02,4521.01,4509.5,4512.95,
2015-05-19T13:30:00Z,4514.66,4521.85,4503.7,4510.74,
2015-05-19T17:30:00Z,4510.73,4516.44,4498.53,4503.72,
2015-05-20T13:30:00Z,4505.59,4508.95,4484.52,4504.82,
2015-05-20T17:30:00Z,4504.89,4533.92,4501.03,4505.3,
2015-05-21T13:30:00Z,4499.42,4534.96,4495.39,4530.03,
2015-05-21T17:30:00Z,4530.04,4537.28,4522.22,4529.47,
2015-05-22T13:30:00Z,4522.86,4542.46,4522.61,4538.77,
2015-05-22T17:30:00Z,4538.81,4541.3,4527.14,4527.16,
2015-05-26T13:30:00Z,4516.63,4521.85,4464.19,4473.04,
2015-05-26T17:30:00Z,4473.06,4476.11,4456.76,4472.96,
2015-05-27T13:30:00Z,4488.05,4531.46,4479.74,4530.32,
2015-05-27T17:30:00Z,4530.29,4551.53,4529.42,4546.06,
2015-05-28T13:30:00Z,4537.48,4548.24,4523.55,4530.64,
2015-05-28T17:30:00Z,4530.66,4540.08,4528.37,4535.66,
2015-05-29T13:30:00Z,4532.15,4539.57,4499.65,4532.94,
2015-05-29T17:30:00Z,4532.96,4533.91,4502.25,4508.25,
2015-06-01T13:30:00Z,4530.03,4534.49,4488.17,4530.51,
2015-06-01T17:30:00Z,4530.45,4535.43,4519.01,4521.85,
2015-06-02T13:30:00Z,4503.76,4531.08,4486.19,4526.09,
2015-06-02T17:30:00Z,4526.04,4529.96,4508.39,4508.89,
2015-06-03T13:30:00Z,4531.04,4539.36,4512.44,4521.21,
2015-06-03T17:30:00Z,4521.19,4528.16,4516.86,4519.86,
2015-06-04T13:30:00Z,4501.73,4526.21,4479.43,4483.07,
2015-06-04T17:30:00Z,4483.06,4490.36,4475.05,4487.03,
2015-06-05T13:30:00Z,4483.43,4493.43,4452.32,4483.23,
2015-06-05T17:30:00Z,4482.86,4488.2,4475.74,4477.19,
2015-06-08T13:30:00Z,4476.69,4477.83,4429.24,4429.28,
2015-06-08T17:30:00Z,4429.27,4448.08,4423.8,4431.51,
2015-06-09T13:30:00Z,4421.02,4439.15,4392.45,4439.15,
2015-06-09T17:30:00Z,4439.14,4441.62,4423.08,4427.61,
2015-06-10T13:30:00Z,4440.54,4493.11,4435.29,4487.18,
2015-06-10T17:30:00Z,4487.17,4497.51,4484.3,4485.46,
2015-06-11T13:30:00Z,4498.49,4511.32,4483.84,4491.41,
2015-06-11T17:30:00Z,4491.42,4498.28,4485.89,4488.47,
2015-06-12T13:30:00Z,4467.38,4476.21,4449.21,4458.14,
2015-06-12T17:30:00Z,4458.12,4461.86,4450.18,4453.79,
2015-06-15T13:30:00Z,4416.14,4433.61,4396.13,4429.21,
2015-06-15T17:30:00Z,4429.29,4437.97,4424.21,4432.92,
2015-06-16T13:30:00Z,4428.3,4457.35,4426.19,4456.87,
2015-06-16T17:30:00Z,4456.92,4463.2,4453.5,4455.9,
2015-06-17T13:30:00Z,4465.17,4472.36,4441.34,4446.94,
2015-06-17T17:30:00Z,4446.86,4482.27,4441.82,4468.98,
2015-06-18T13:30:00Z,4483.61,4540.69,4483.61,4526.32,
2015-06-18T17:30:00Z,4526.34,4538.83,4523.38,4531.85,
2015-06-19T13:30:00Z,4538.71,4539.49,4514.7,4520.08,
2015-06-19T17:30:00Z,4520.02,4525.18,4511.21,4513.42,
2015-06-22T13:30:00Z,4541.85,4557.98,4536.85,4537.3,
2015-06-22T17:30:00Z,4537.35,4549.12,4534.76,4544.04,
2015-06-23T13:30:00Z,4549.52,4551.77,4529.99,4539.35,
2015-06-23T17:30:00Z,4539.31,4550.71,4538.76,4548.74,
2015-06-24T13:30:00Z,4542.07,4561.64,4530.04,4530.98,
2015-06-24T17:30:00Z,4530.99,4535.96,4523.9,4524.6,
2015-06-25T13:30:00Z,4540.4,4546.15,4526.09,4532.45,
2015-06-25T17:30:00Z,4532.4,4532.4,4508.66,4514.01,
2015-06-26T13:30:00Z,4514.37,4523.97,4469.23,4477.16,
2015-06-26T17:30:00Z,4477.15,4494.33,4473.81,4484.28,
2015-06-29T13:30:00Z,4433.11,4460.08,4413.02,4417.59,
2015-06-29T17:30:00Z,4417.66,4421.02,4377.23,4379.86,
2015-06-30T13:30:00Z,4414.86,4414.86,4381.94,4395.94,
2015-06-30T17:30:00Z,4395.96,4420.5,4394.72,4396.76,
2015-07-01T13:30:00Z,4433.79,4445.9,4410.76,4417.25,
2015-07-01T17:30:00Z,4417.24,4429.63,4409.42,4429.23,
2015-07-02T13:30:00Z,4440.17,4445.83,4417.48,4422.09,
2015-07-02T17:30:00Z,4422.14,4438.78,4419.98,4433.39,
2015-07-06T13:30:00Z,4394.44,4444.41,4394.44,4412.2,
2015-07-06T17:30:00Z,4412.17,4419.47,4397.5,4418.66,
2015-07-07T13:30:00Z,4422.75,4424.09,4344.15,4400.9,
2015-07-07T17:30:00Z,4400.99,4434.91,4388.71,4429.06,
2015-07-08T13:30:00Z,4392.51,4403.13,4357.61,4378.31,
2015-07-08T17:30:00Z,4378.4,4384.54,4346.42,4351.58,
2015-07-09T13:30:00Z,4410.27,4414.43,4372.5,4374.17,
2015-07-09T17:30:00Z,4374.19,4379.88,4351.51,4352.03,
2015-07-10T13:30:00Z,4405.99,4425.9,4394.01,4417.85,
2015-07-10T17:30:00Z,4417.8,4434.11,4413.21,4420.15,
2015-07-13T13:30:00Z,4457.76,4487.71,4456.54,4486.1,
2015-07-13T17:30:00Z,4486.02,4498.74,4480.84,4494.47,
2015-07-14T13:30:00Z,4503.2,4531.14,4500.66,4529.67,
2015-07-14T17:30:00Z,4529.68,4537.21,4523.43,4523.47,
2015-07-15T13:30:00Z,4531.32,4547.18,4528.01,4539.08,
2015-07-15T17:30:00Z,4539.06,4541.09,4517.4,4528.36,
2015-07-16T13:30:00Z,4567.06,4585.61,4558.32,4580.08,
2015-07-16T17:30:00Z,4580.05,4595.02,4576.94,4594.9,
2015-07-17T13:30:00Z,4635.48,4648.47,4624.68,4643.29,
2015-07-17T17:30:00Z,4643.28,4661.6,4641.39,4661.6,
2015-07-20T13:30:00Z,4670.23,4687.77,4657.98,4687.48,
2015-07-20T17:30:00Z,4687.54,4694.13,4675.45,4679.68,
2015-07-21T13:30:00Z,4679.54,4686.36,4661.76,4671.29,
2015-07-21T17:30:00Z,4671.33,4680.35,4665.38,4674.41,
2015-07-22T13:30:00Z,4604.97,4643.83,4604.53,4623.28,
2015-07-22T17:30:00Z,4623.4,4631.46,4613.97,4623.24,
2015-07-23T13:30:00Z,4627.56,4641.58,4606.51,4610.21,
2015-07-23T17:30:00Z,4610.18,4621.42,4592.49,4602.83,
2015-07-24T13:30:00Z,4630.95,4632.06,4576.28,4578.32,
2015-07-24T17:30:00Z,4578.23,4580.5,4552.4,4557.37,
2015-07-27T13:30:00Z,4530.37,4551.99,4513.6,4519.3,
2015-07-27T17:30:00Z,4519.4,4530.24,4511.92,4519.09,
2015-07-28T13:30:00Z,4539.47,4557.77,4506.19,4556.31,
2015-07-28T17:30:00Z,4556.3,4568.79,4549.52,4560.23,
2015-07-29T13:30:00Z,4570.5,4576.51,4552.76,4569.32,
2015-07-29T17:30:00Z,4569.31,4586.78,4558.37,4581.6,
2015-07-30T13:30:00Z,4570.77,4605.52,4540.98,4604.14,
2015-07-30T17:30:00Z,4604.09,4606.65,4596.12,4598.59,
2015-07-31T13:30:00Z,4616.48,4616.48,4592.23,4597.23,
2015-07-31T17:30:00Z,4597.34,4598.19,4584.22,4588.91,
2015-08-03T13:30:00Z,4595.26,4607.52,4549.6,4559.64,
2015-08-03T17:30:00Z,4559.77,4581.01,4557.22,4580.46,
2015-08-04T13:30:00Z,4573.25,4584.45,4551.9,4575.22,
2015-08-04T17:30:00Z,4575.23,4582.85,4554.92,4567.47,
2015-08-05T13:30:00Z,4592.81,4634.7,4590.19,4605.86,
2015-08-05T17:30:00Z,4605.91,4615.94,4597.68,4602.24,
2015-08-06T13:30:00Z,4608.69,4612.62,4508.3,4529.51,
2015-08-06T17:30:00Z,4529.5,4534.47,4517.15,4528.51,
2015-08-07T13:30:00Z,4519.36,4532.46,4485.5,4487.85,
2015-08-07T17:30:00Z,4487.84,4523.47,4487.74,4520.08,
2015-08-10T13:30:00Z,4558.68,4576.84,4554.63,4571.64,
2015-08-10T17:30:00Z,4571.63,4583.63,4568.42,4573.11,
2015-08-11T13:30:00Z,4548.75,4567.69,4494.54,4503.12,
2015-08-11T17:30:00Z,4503.21,4519.21,4491.06,4513.99,
2015-08-12T13:30:00Z,4475.91,4501.73,4436.54,4494.06,
2015-08-12T17:30:00Z,4494.14,4539.18,4490.51,4528.19,
2015-08-13T13:30:00Z,4536.96,4556.14,4514.45,4553.53,
2015-08-13T17:30:00Z,4553.54,4554.09,4518.46,4519.32,
2015-08-14T13:30:00Z,4512.88,4528.09,4503.83,4523.77,
2015-08-14T17:30:00Z,4523.78,4536.2,4518.56,4530.74,
2015-08-17T13:30:00Z,4516.88,4564.03,4507.98,4563.76,
2015-08-17T17:30:00Z,4563.71,4568.59,4559.13,4566.37,
2015-08-18T13:30:00Z,4556.23,4562.15,4542.33,4548.03,
2015-08-18T17:30:00Z,4548.01,4548.58,4536.05,4542.07,
2015-08-19T13:30:00Z,4525.32,4525.66,4486.11,4505.87,
2015-08-19T17:30:00Z,4505.9,4550.67,4504.72,4510.9,
2015-08-20T13:30:00Z,4467.79,4484.36,4402.57,4417.76,
2015-08-20T17:30:00Z,4417.7,4422.22,4385.13,4385.13,
2015-08-21T13:30:00Z,4313.19,4361.32,4260.46,4283.98,
2015-08-21T17:30:00Z,4284.4,4295.0,4197.27,4197.27,
2015-08-24T13:30:00Z,3847.12,4199.79,3787.23,4159.19,
2015-08-24T17:30:00Z,4159.2,4159.2,4002.25,4038.6,
2015-08-25T13:30:00Z,4187.28,4207.38,4129.14,4130.68,
2015-08-25T17:30:00Z,4130.21,4163.07,4015.91,4016.32,
2015-08-26T13:30:00Z,4141.24,4152.89,4052.54,4112.5,
2015-08-26T17:30:00Z,4112.44,4227.86,4103.04,4219.6,
2015-08-27T13:30:00Z,4281.63,4328.99,4264.93,4317.0,
2015-08-27T17:30:00Z,4317.06,4325.11,4231.14,4324.82,
2015-08-28T13:30:00Z,4307.05,4340.7,4297.18,4305.72,
2015-08-28T17:30:00Z,4305.73,4330.02,4295.56,4329.12,
2015-08-31T13:30:00Z,4299.88,4324.74,4274.9,4307.56,
2015-08-31T17:30:00Z,4307.58,4308.84,4262.09,4274.58,
2015-09-01T13:30:00Z,4177.94,4229.31,4162.8,4182.78,
2015-09-01T17:30:00Z,4182.53,4188.94,4121.83,4142.63,
2015-09-02T13:30:00Z,4207.68,4220.06,4166.08,4220.03,
2015-09-02T17:30:00Z,4220.1,4256.23,4196.49,4256.23,
2015-09-03T13:30:00Z,4267.34,4300.3,4239.71,4256.61,
2015-09-03T17:30:00Z,4256.65,4260.03,4222.38,4234.65,
2015-09-04T13:30:00Z,4175.62,4210.81,4166.63,4174.68,
2015-09-04T17:30:00Z,4174.69,4202.76,4160.43,4184.72,
2015-09-08T13:30:00Z,4267.4,4292.54,4247.14,4252.43,
2015-09-08T17:30:00Z,4252.55,4306.5,4248.61,4303.53,
2015-09-09T13:30:00Z,4346.36,4352.96,4303.18,4317.29,
2015-09-09T17:30:00Z,4317.09,4317.09,4242.47,4253.45,
2015-09-10T13:30:00Z,4248.48,4312.64,4243.69,4311.58,
2015-09-10T17:30:00Z,4312.57,4326.77,4277.55,4296.3,
2015-09-11T13:30:00Z,4273.62,4310.73,4268.1,4293.79,
2015-09-11T17:30:00Z,4293.8,4323.23,4289.06,4323.23,
2015-09-14T13:30:00Z,4334.86,4334.94,4293.77,4298.29,
2015-09-14T17:30:00Z,4298.28,4314.18,4298.23,4308.76,
2015-09-15T13:30:00Z,4322.41,4358.71,4303.89,4356.82,
2015-09-15T17:30:00Z,4356.83,4373.19,4354.68,4360.28,
2015-09-16T13:30:00Z,4357.36,4381.51,4346.47,4367.62,
2015-09-16T17:30:00Z,4367.66,4388.32,4358.05,4383.67,
2015-09-17T13:30:00Z,4378.99,4402.86,4374.5,4398.2,
2015-09-17T17:30:00Z,4398.21,4450.66,4368.8,4384.96,
2015-09-18T13:30:00Z,4325.29,4374.92,4322.86,4339.1,
2015-09-18T17:30:00Z,4339.11,4346.42,4317.09,4323.86,
2015-09-21T13:30:00Z,4343.77,4372.42,4299.94,4324.67,
2015-09-21T17:30:00Z,4324.98,4346.56,4315.93,4336.13,
2015-09-22T13:30:00Z,4273.3,4286.6,4234.59,4234.77,
2015-09-22T17:30:00Z,4234.82,4279.81,4233.9,4274.1,
2015-09-23T13:30:00Z,4280.01,4294.73,4255.06,4264.83,
2015-09-23T17:30:00Z,4264.74,4292.43,4264.73,4273.53,
2015-09-24T13:30:00Z,4239.85,4245.86,4198.11,4215.79,
2015-09-24T17:30:00Z,4216.21,4275.64,4212.69,4261.1,
2015-09-25T13:30:00Z,4305.39,4308.66,4269.7,4283.34,
2015-09-25T17:30:00Z,4283.35,4283.81,4198.96,4224.74,
2015-09-28T13:30:00Z,4206.68,4207.03,4118.5,4119.51,
2015-09-28T17:30:00Z,4119.54,4130.68,4092.29,4103.47,
2015-09-29T13:30:00Z,4110.26,4155.31,4085.64,4114.31,
2015-09-29T17:30:00Z,4114.29,4122.28,4053.12,4083.37,
2015-09-30T13:30:00Z,4137.18,4180.64,4125.2,4152.63,
2015-09-30T17:30:00Z,4152.64,4181.06,4146.14,4181.06,
2015-10-01T13:30:00Z,4185.28,4186.87,4128.34,4134.21,
2015-10-01T17:30:00Z,4134.39,4194.18,4134.13,4192.96,
2015-10-02T13:30:00Z,4136.96,4232.55,4124.55,4221.11,
2015-10-02T17:30:00Z,4221.08,4267.45,4210.26,4267.45,
2015-10-05T13:30:00Z,4296.54,4323.3,4290.25,4320.86,
2015-10-05T17:30:00Z,4320.81,4339.23,4319.91,4331.43,
2015-10-06T13:30:00Z,4315.32,4332.03,4273.7,4303.58,
2015-10-06T17:30:00Z,4303.59,4313.62,4292.33,4306.7,
2015-10-07T13:30:00Z,4331.87,4342.59,4279.21,4304.93,
2015-10-07T17:30:00Z,4305.35,4333.47,4305.35,4333.46,
2015-10-08T13:30:00Z,4316.18,4318.45,4275.59,4296.16,
2015-10-08T17:30:00Z,4296.02,4358.09,4293.22,4350.15,
2015-10-09T13:30:00Z,4355.24,4378.26,4341.51,4357.33,
2015-10-09T17:30:00Z,4357.37,4372.62,4353.0,4370.01,
2015-10-12T13:30:00Z,4378.64,4389.77,4363.96,4376.86,
2015-10-12T17:30:00Z,4376.73,4385.74,4376.67,4382.56,
2015-10-13T13:30:00Z,4354.06,4399.93,4352.23,4374.83,
2015-10-13T17:30:00Z,4374.88,4375.0,4349.18,4352.94,
2015-10-14T13:30:00Z,4356.82,4373.71,4328.96,4362.44,
2015-10-14T17:30:00Z,4362.45,4369.86,4337.03,4346.92,
2015-10-15T13:30:00Z,4361.98,4392.09,4357.22,4389.97,
2015-10-15T17:30:00Z,4389.89,4418.25,4386.14,4418.22,
2015-10-16T13:30:00Z,4419.95,4432.89,4412.66,4418.69,
2015-10-16T17:30:00Z,4418.68,4438.75,4405.88,4438.62,
2015-10-19T13:30:00Z,4428.06,4464.78,4420.8,4440.28,
2015-10-19T17:30:00Z,4440.19,4463.49,4432.68,4462.07,
2015-10-20T13:30:00Z,4454.62,4463.11,4430.07,4432.32,
2015-10-20T17:30:00Z,4432.41,4443.46,4424.34,4438.18,
2015-10-21T13:30:00Z,4462.22,4464.73,4414.45,4414.62,
2015-10-21T17:30:00Z,4414.61,4443.9,4409.9,4413.52,
2015-10-22T13:30:00Z,4451.32,4504.37,4438.6,4493.95,
2015-10-22T17:30:00Z,4494.5,4504.7,4475.97,4503.22,
2015-10-23T13:30:00Z,4623.72,4629.48,4598.74,4623.35,
2015-10-23T17:30:00Z,4623.34,4645.96,4622.6,4624.09,
2015-10-26T13:30:00Z,4621.14,4638.75,4606.66,4635.01,
2015-10-26T17:30:00Z,4635.18,4636.35,4622.14,4630.85,
2015-10-27T13:30:00Z,4617.6,4645.94,4617.44,4624.45,
2015-10-27T17:30:00Z,4624.73,4641.05,4624.52,4639.23,
2015-10-28T13:30:00Z,4649.1,4658.67,4624.98,4651.76,
2015-10-28T17:30:00Z,4651.94,4678.58,4609.93,4678.58,
2015-10-29T13:30:00Z,4657.78,4674.14,4653.0,4670.32,
2015-10-29T17:30:00Z,4670.34,4678.2,4662.48,4670.76,
2015-10-30T13:30:00Z,4676.3,4681.23,4662.91,4677.98,
2015-10-30T17:30:00Z,4677.99,4679.6,4648.83,4648.83,
2015-11-02T14:30:00Z,4658.79,4691.84,4652.45,4689.21,
2015-11-02T18:30:00Z,4689.19,4707.77,4687.82,4703.91,
2015-11-03T14:30:00Z,4692.03,4722.37,4685.98,4720.61,
2015-11-03T18:30:00Z,4720.62,4735.31,4713.03,4719.05,
2015-11-04T14:30:00Z,4729.07,4737.11,4698.84,4705.51,
2015-11-04T18:30:00Z,4705.55,4725.82,4702.88,4717.55,
2015-11-05T14:30:00Z,4718.51,4731.56,4678.79,4701.18,
2015-11-05T18:30:00Z,4701.26,4707.63,4689.47,4702.9,
2015-11-06T14:30:00Z,4695.88,4710.47,4665.41,4692.56,
2015-11-06T18:30:00Z,4692.46,4707.23,4686.34,4707.23,
2015-11-09T14:30:00Z,4687.35,4694.27,4627.12,4641.77,
2015-11-09T18:30:00Z,4641.86,4663.01,4638.16,4655.52,
2015-11-10T14:30:00Z,4628.83,4640.02,4616.71,4627.97,
2015-11-10T18:30:00Z,4628.05,4647.32,4627.25,4641.73,
2015-11-11T14:30:00Z,4657.19,4677.78,4631.06,4655.62,
2015-11-11T18:30:00Z,4655.64,4662.4,4636.73,4636.94,
2015-11-12T14:30:00Z,4617.78,4639.26,4608.8,4626.78,
2015-11-12T18:30:00Z,4627.11,4628.96,4588.08,4588.93,
2015-11-13T14:30:00Z,4566.12,4575.8,4524.51,4531.39,
2015-11-13T18:30:00Z,4531.41,4535.64,4499.14,4502.14,
2015-11-16T14:30:00Z,4494.56,4538.51,4486.09,4532.09,
2015-11-16T18:30:00Z,4532.06,4566.03,4530.11,4565.47,
2015-11-17T14:30:00Z,4571.54,4598.27,4559.93,4574.34,
2015-11-17T18:30:00Z,4574.24,4591.08,4554.89,4565.82,
2015-11-18T14:30:00Z,4586.24,4618.4,4580.72,4615.65,
2015-11-18T18:30:00Z,4615.69,4657.63,4610.13,4653.44,
2015-11-19T14:30:00Z,4657.61,4678.02,4648.94,4672.89,
2015-11-19T18:30:00Z,4672.87,4673.88,4653.82,4655.35,
2015-11-20T14:30:00Z,4680.51,4691.59,4676.61,4687.05,
2015-11-20T18:30:00Z,4687.06,4687.12,4674.61,4686.36,
2015-11-23T14:30:00Z,4689.98,4706.62,4684.04,4686.45,
2015-11-23T18:30:00Z,4686.44,4687.98,4655.6,4674.79,
2015-11-24T14:30:00Z,4645.52,4670.28,4621.63,4670.0,
2015-11-24T18:30:00Z,4669.99,4682.13,4661.13,4669.41,
2015-11-25T14:30:00Z,4674.23,4683.55,4666.24,4676.39,
2015-11-25T18:30:00Z,4676.4,4681.99,4672.15,4672.88,
2015-11-27T14:30:00Z,4680.44,4689.58,4665.92,4680.47,
2015-11-30T14:30:00Z,4692.57,4695.06,4654.53,4666.51,
2015-11-30T18:30:00Z,4666.61,4681.57,4662.18,4664.51,
2015-12-01T14:30:00Z,4685.74,4708.37,4682.4,4693.95,
2015-12-01T18:30:00Z,4693.96,4716.16,4688.64,4716.16,
2015-12-02T14:30:00Z,4720.27,4739.75,4716.79,4730.89,
2015-12-02T18:30:00Z,4730.78,4731.79,4680.06,4686.22,
2015-12-03T14:30:00Z,4704.2,4705.78,4612.82,4631.31,
2015-12-03T18:30:00Z,4631.19,4631.88,4579.91,4606.75,
2015-12-04T14:30:00Z,4621.48,4711.59,4612.11,4705.26,
2015-12-04T18:30:00Z,4705.33,4722.39,4701.16,4716.12,
2015-12-07T14:30:00Z,4718.55,4720.82,4671.86,4687.41,
2015-12-07T18:30:00Z,4687.44,4698.81,4672.36,4693.62,
2015-12-08T14:30:00Z,4646.43,4704.33,4643.65,4684.87,
2015-12-08T18:30:00Z,4685.18,4708.47,4685.18,4694.77,
2015-12-09T14:30:00Z,4674.8,4698.25,4595.01,4600.27,
2015-12-09T18:30:00Z,4601.85,4629.09,4595.88,4622.14,
2015-12-10T14:30:00Z,4627.77,4659.16,4619.97,4650.3,
2015-12-10T18:30:00Z,4650.35,4674.0,4634.76,4643.05,
2015-12-11T14:30:00Z,4583.08,4600.91,4542.8,4552.72,
2015-12-11T18:30:00Z,4552.68,4571.82,4534.05,4537.56,
2015-12-14T14:30:00Z,4535.56,4554.19,4478.25,4530.75,
2015-12-14T18:30:00Z,4530.65,4571.57,4524.21,4570.16,
2015-12-15T14:30:00Z,4607.2,4636.77,4599.3,4617.7,
2015-12-15T18:30:00Z,4617.69,4631.2,4592.72,4597.33,
2015-12-16T14:30:00Z,4633.85,4637.63,4593.78,4602.19,
2015-12-16T18:30:00Z,4602.1,4673.54,4582.87,4664.56,
2015-12-17T14:30:00Z,4680.63,4681.13,4614.14,4637.18,
2015-12-17T18:30:00Z,4637.01,4646.98,4597.65,4598.14,
2015-12-18T14:30:00Z,4578.69,4593.4,4532.83,4537.67,
2015-12-18T18:30:00Z,4537.58,4557.4,4513.23,4514.83,
2015-12-21T14:30:00Z,4547.92,4559.41,4519.82,4546.77,
2015-12-21T18:30:00Z,4546.78,4560.71,4526.04,4560.55,
2015-12-22T14:30:00Z,4580.61,4582.65,4560.54,4572.74,
2015-12-22T18:30:00Z,4572.7,4596.08,4568.97,4589.26,
2015-12-23T14:30:00Z,4612.16,4622.12,4606.08,4609.06,
2015-12-23T18:30:00Z,4609.1,4626.16,4605.36,4624.59,
2015-12-24T14:30:00Z,4626.32,4635.59,4620.8,4622.77,
2015-12-28T14:30:00Z,4610.41,4614.49,4580.13,4609.02,
2015-12-28T18:30:00Z,4609.15,4621.68,4606.31,4621.35,
2015-12-29T14:30:00Z,4645.08,4690.13,4644.32,4689.72,
2015-12-29T18:30:00Z,4689.73,4702.74,4688.36,4691.08,
2015-12-30T14:30:00Z,4687.16,4688.66,4663.32,4670.73,
2015-12-30T18:30:00Z,4670.71,4678.54,4651.73,4652.01,
2015-12-31T14:30:00Z,4634.16,4642.55,4607.59,4621.07,
2015-12-31T18:30:00Z,4621.02,4628.42,4592.88,4593.27,
2016-01-04T14:30:00Z,4485.06,4490.61,4439.13,4475.44,
2016-01-04T18:30:00Z,4475.28,4497.86,4446.39,4497.86,
2016-01-05T14:30:00Z,4512.04,4522.12,4466.05,4479.22,
2016-01-05T18:30:00Z,4479.39,4509.88,4477.74,4484.18,
2016-01-06T14:30:00Z,4409.78,4467.55,4409.49,4443.42,
2016-01-06T18:30:00Z,4443.3,4452.09,4412.13,4443.99,
2016-01-07T14:30:00Z,4349.14,4403.61,4324.27,4332.99,
2016-01-07T18:30:00Z,4333.02,4340.76,4303.66,4305.72,
2016-01-08T14:30:00Z,4336.12,4362.46,4286.36,4316.13,
2016-01-08T18:30:00Z,4316.43,4332.44,4264.81,4270.78,
2016-01-11T14:30:00Z,4300.96,4311.14,4238.36,4238.36,
2016-01-11T18:30:00Z,4238.28,4298.47,4217.63,4283.55,
2016-01-12T14:30:00Z,4322.77,4353.19,4286.57,4295.21,
2016-01-12T18:30:00Z,4295.08,4342.74,4273.02,4333.72,
2016-01-13T14:30:00Z,4352.64,4359.5,4261.8,4261.87,
2016-01-13T18:30:00Z,4261.9,4265.98,4177.3,4183.12,
2016-01-14T14:30:00Z,4201.23,4276.87,4133.32,4274.23,
2016-01-14T18:30:00Z,4274.48,4308.25,4262.95,4272.97,
2016-01-15T14:30:00Z,4123.87,4184.69,4085.79,4123.46,
2016-01-15T18:30:00Z,4123.41,4157.56,4108.45,4141.08,
2016-01-19T14:30:00Z,4199.56,4202.04,4140.17,4146.12,
2016-01-19T18:30:00Z,4145.99,4165.72,4101.05,4147.07,
2016-01-20T14:30:00Z,4078.23,4097.58,3992.91,4039.12,
2016-01-20T18:30:00Z,4038.6,4178.64,4037.8,4136.28,
2016-01-21T14:30:00Z,4146.44,4200.36,4099.3,4163.48,
2016-01-21T18:30:00Z,4163.29,4172.57,4126.11,4142.6,
2016-01-22T14:30:00Z,4226.44,4250.48,4209.24,4242.1,
2016-01-22T18:30:00Z,4242.38,4260.55,4239.27,4259.77,
2016-01-25T14:30:00Z,4245.47,4268.11,4234.18,4261.1,
2016-01-25T18:30:00Z,4261.06,4264.0,4193.32,4196.53,
2016-01-26T14:30:00Z,4211.92,4250.97,4177.85,4247.44,
2016-01-26T18:30:00Z,4247.36,4247.7,4214.81,4233.85,
2016-01-27T14:30:00Z,4214.94,4226.09,4161.67,4200.98,
2016-01-27T18:30:00Z,4200.94,4217.01,4111.93,4128.86,
2016-01-28T14:30:00Z,4197.2,4197.2,4116.5,4169.07,
2016-01-28T18:30:00Z,4169.11,4197.48,4164.75,4186.06,
2016-01-29T14:30:00Z,4186.35,4253.53,4184.31,4246.26,
2016-01-29T18:30:00Z,4246.23,4279.17,4242.98,4279.17,
2016-02-01T14:30:00Z,4254.41,4278.07,4238.2,4272.57,
2016-02-01T18:30:00Z,4272.62,4301.63,4261.91,4286.56,
2016-02-02T14:30:00Z,4262.45,4265.04,4212.08,4223.09,
2016-02-02T18:30:00Z,4223.13,4223.28,4180.57,4193.1,
2016-02-03T14:30:00Z,4213.67,4218.15,4105.5,4124.44,
2016-02-03T18:30:00Z,4124.46,4193.47,4099.24,4171.97,
2016-02-04T14:30:00Z,4158.05,4200.99,4120.58,4169.85,
2016-02-04T18:30:00Z,4169.84,4175.32,4131.66,4167.77,
2016-02-05T14:30:00Z,4150.35,4152.73,4035.64,4053.89,
2016-02-05T18:30:00Z,4053.7,4053.7,4008.45,4024.47,
2016-02-08T14:30:00Z,3947.99,3959.62,3902.44,3911.52,
2016-02-08T18:30:00Z,3911.84,3979.09,3888.78,3960.67,
2016-02-09T14:30:00Z,3903.93,4008.06,3902.74,3913.5,
2016-02-09T18:30:00Z,3913.58,3998.57,3909.85,3947.8,
2016-02-10T14:30:00Z,3996.76,4045.48,3978.6,4012.64,
2016-02-10T18:30:00Z,4012.49,4023.13,3962.7,3966.28,
2016-02-11T14:30:00Z,3910.57,3960.28,3902.86,3940.65,
2016-02-11T18:30:00Z,3940.33,3988.71,3906.57,3962.22,
2016-02-12T14:30:00Z,3996.64,4018.51,3965.74,3990.45,
2016-02-12T18:30:00Z,3990.46,4022.12,3988.23,4019.19,
2016-02-16T14:30:00Z,4077.33,4097.53,4049.88,4091.37,
2016-02-16T18:30:00Z,4091.38,4104.33,4087.11,4104.33,
2016-02-17T14:30:00Z,4138.43,4199.17,4125.83,4195.9,
2016-02-17T18:30:00Z,4195.92,4204.62,4184.21,4199.1,
2016-02-18T14:30:00Z,4212.22,4212.58,4162.01,4168.01,
2016-02-18T18:30:00Z,4168.05,4178.39,4146.1,4151.49,
2016-02-19T14:30:00Z,4129.75,4175.08,4121.59,4162.71,
2016-02-19T18:30:00Z,4162.79,4168.25,4148.18,4164.09,
2016-02-22T14:30:00Z,4203.6,4231.85,4199.93,4225.32,
2016-02-22T18:30:00Z,4225.43,4235.12,4214.96,4231.27,
2016-02-23T14:30:00Z,4209.32,4217.99,4167.67,4179.73,
2016-02-23T18:30:00Z,4179.75,4182.6,4158.56,4162.54,
2016-02-24T14:30:00Z,4116.02,4152.62,4088.12,4145.8,
2016-02-24T18:30:00Z,4145.81,4205.98,4141.98,4200.66,
2016-02-25T14:30:00Z,4212.48,4217.33,4173.25,4207.5,
2016-02-25T18:30:00Z,4207.51,4241.25,4204.84,4241.06,
2016-02-26T14:30:00Z,4273.59,4275.83,4227.29,4237.93,
2016-02-26T18:30:00Z,4237.97,4244.46,4227.79,4235.62,
2016-02-29T14:30:00Z,4228.57,4263.31,4227.47,4245.41,
2016-02-29T18:30:00Z,4245.39,4245.52,4200.15,4201.12,
2016-03-01T14:30:00Z,4238.08,4311.22,4225.93,4310.16,
2016-03-01T18:30:00Z,4310.17,4333.61,4310.1,4333.61,
2016-03-02T14:30:00Z,4328.72,4335.43,4301.09,4316.79,
2016-03-02T18:30:00Z,4316.65,4334.71,4302.02,4334.39,
2016-03-03T14:30:00Z,4330.4,4331.49,4296.32,4308.42,
2016-03-03T18:30:00Z,4308.49,4326.3,4308.49,4325.86,
2016-03-04T14:30:00Z,4334.03,4344.59,4301.35,4342.85,
2016-03-04T18:30:00Z,4342.83,4356.34,4315.51,4329.0,
2016-03-07T14:30:00Z,4303.81,4330.28,4288.4,4307.8,
2016-03-07T18:30:00Z,4307.79,4308.42,4271.56,4303.33,
2016-03-08T14:30:00Z,4272.72,4307.49,4262.01,4301.14,
2016-03-08T18:30:00Z,4301.15,4308.84,4258.82,4265.51,
2016-03-09T14:30:00Z,4281.1,4291.48,4258.08,4277.41,
2016-03-09T18:30:00Z,4277.42,4293.23,4277.42,4293.23,
2016-03-10T14:30:00Z,4307.87,4335.33,4232.08,4252.1,
2016-03-10T18:30:00Z,4252.08,4297.78,4239.81,4286.97,
2016-03-11T14:30:00Z,4337.12,4345.88,4320.55,4339.9,
2016-03-11T18:30:00Z,4339.92,4361.83,4335.67,4361.83,
2016-03-14T13:30:00Z,4347.94,4375.73,4347.55,4373.28,
2016-03-14T17:30:00Z,4373.3,4378.35,4364.04,4367.33,
2016-03-15T13:30:00Z,4354.38,4367.23,4339.86,4358.97,
2016-03-15T17:30:00Z,4359.03,4371.29,4359.03,4367.08,
2016-03-16T13:30:00Z,4359.67,4384.44,4357.74,4363.28,
2016-03-16T17:30:00Z,4363.26,4416.11,4362.55,4404.2,
2016-03-17T13:30:00Z,4390.06,4409.44,4376.87,4399.4,
2016-03-17T17:30:00Z,4399.39,4413.08,4395.58,4400.26,
2016-03-18T13:30:00Z,4408.82,4420.88,4387.8,4403.89,
2016-03-18T17:30:00Z,4403.96,4414.95,4390.32,4410.83,
2016-03-21T13:30:00Z,4403.09,4427.17,4400.35,4426.36,
2016-03-21T17:30:00Z,4426.31,4430.44,4416.79,4426.98,
2016-03-22T13:30:00Z,4403.46,4447.1,4401.26,4446.82,
2016-03-22T17:30:00Z,4446.83,4450.76,4432.4,4437.62,
2016-03-23T13:30:00Z,4431.82,4434.76,4404.39,4416.88,
2016-03-23T17:30:00Z,4416.97,4422.46,4394.96,4402.56,
2016-03-24T13:30:00Z,4380.23,4404.66,4374.71,4390.81,
2016-03-24T17:30:00Z,4390.79,4405.99,4387.73,4405.53,
2016-03-28T13:30:00Z,4415.04,4417.57,4393.08,4401.96,
2016-03-28T17:30:00Z,4401.97,4413.67,4394.22,4398.07,
2016-03-29T13:30:00Z,4391.19,4449.98,4384.27,4446.46,
2016-03-29T17:30:00Z,4446.47,4471.77,4442.73,4467.72,
2016-03-30T13:30:00Z,4494.7,4518.17,4482.94,4485.31,
2016-03-30T17:30:00Z,4485.3,4502.4,4481.84,4490.88,
2016-03-31T13:30:00Z,4491.01,4504.24,4484.71,4493.65,
2016-03-31T17:30:00Z,4493.6,4493.64,4478.13,4483.66,
2016-04-01T13:30:00Z,4461.77,4516.54,4452.11,4514.98,
2016-04-01T17:30:00Z,4514.97,4534.32,4514.46,4532.08,
2016-04-04T13:30:00Z,4526.39,4533.43,4504.08,4522.43,
2016-04-04T17:30:00Z,4522.33,4523.23,4503.65,4511.7,
2016-04-05T13:30:00Z,4479.11,4494.71,4465.11,4479.59,
2016-04-05T17:30:00Z,4479.56,4491.13,4465.04,4470.75,
2016-04-06T13:30:00Z,4476.35,4524.09,4476.35,4521.37,
2016-04-06T17:30:00Z,4521.17,4544.59,4509.72,4543.78,
2016-04-07T13:30:00Z,4519.02,4525.69,4480.22,4495.36,
2016-04-07T17:30:00Z,4495.3,4497.31,4459.72,4475.29,
2016-04-08T13:30:00Z,4506.97,4515.91,4459.56,4464.7,
2016-04-08T17:30:00Z,4464.69,4487.79,4460.54,4474.93,
2016-04-11T13:30:00Z,4496.26,4516.1,4481.37,4498.96,
2016-04-11T17:30:00Z,4499.17,4503.3,4458.47,4458.71,
2016-04-12T13:30:00Z,4464.07,4486.56,4435.05,4476.71,
2016-04-12T17:30:00Z,4476.8,4503.89,4473.06,4496.04,
2016-04-13T13:30:00Z,4526.92,4553.42,4524.26,4534.68,
2016-04-13T17:30:00Z,4534.69,4560.11,4532.7,4554.72,
2016-04-14T13:30:00Z,4554.66,4569.73,4541.66,4561.51,
2016-04-14T17:30:00Z,4561.5,4562.19,4547.61,4554.62,
2016-04-15T13:30:00Z,4550.31,4558.92,4536.12,4537.41,
2016-04-15T17:30:00Z,4537.46,4546.94,4531.0,4543.16,
2016-04-18T13:30:00Z,4535.21,4570.58,4531.11,4557.39,
2016-04-18T17:30:00Z,4557.42,4570.05,4556.67,4569.32,
2016-04-19T13:30:00Z,4573.58,4574.38,4515.98,4536.31,
2016-04-19T17:30:00Z,4536.36,4546.24,4531.43,4537.09,
2016-04-20T13:30:00Z,4539.19,4560.67,4523.9,4552.75,
2016-04-20T17:30:00Z,4552.74,4562.34,4539.75,4540.44,
2016-04-21T13:30:00Z,4540.71,4558.67,4522.85,4537.84,
2016-04-21T17:30:00Z,4537.82,4546.19,4530.3,4540.8,
2016-04-22T13:30:00Z,4478.44,4502.39,4440.14,4452.55,
2016-04-22T17:30:00Z,4452.59,4478.09,4452.19,4474.19,
2016-04-25T13:30:00Z,4459.67,4474.77,4452.87,4468.89,
2016-04-25T17:30:00Z,4468.86,4474.24,4461.38,4474.13,
2016-04-26T13:30:00Z,4480.6,4490.06,4449.02,4455.21,
2016-04-26T17:30:00Z,4455.26,4458.56,4439.38,4452.97,
2016-04-27T13:30:00Z,4412.82,4425.5,4381.17,4391.21,
2016-04-27T17:30:00Z,4390.9,4426.28,4385.36,4416.63,
2016-04-28T13:30:00Z,4419.12,4447.2,4416.03,4423.12,
2016-04-28T17:30:00Z,4423.14,4424.66,4355.3,4363.99,
2016-04-29T13:30:00Z,4367.59,4372.97,4307.1,4343.18,
2016-04-29T17:30:00Z,4343.21,4347.0,4316.26,4341.3,
2016-05-02T13:30:00Z,4350.83,4362.63,4334.59,4362.51,
2016-05-02T17:30:00Z,4362.55,4386.97,4362.23,4381.3,
2016-05-03T13:30:00Z,4349.08,4361.78,4329.76,4361.07,
2016-05-03T17:30:00Z,4361.13,4368.76,4335.19,4341.39,
2016-05-04T13:30:00Z,4314.49,4328.22,4304.41,4314.69,
2016-05-04T17:30:00Z,4314.74,4319.37,4301.07,4312.01,
2016-05-05T13:30:00Z,4326.91,4333.12,4301.08,4303.56,
2016-05-05T17:30:00Z,4303.52,4315.87,4299.61,4309.48,
2016-05-06T13:30:00Z,4290.36,4315.13,4282.0,4306.32,
2016-05-06T17:30:00Z,4306.33,4330.24,4303.76,4330.17,
2016-05-09T13:30:00Z,4331.66,4357.46,4329.9,4351.63,
2016-05-09T17:30:00Z,4351.62,4361.87,4339.59,4341.23,
2016-05-10T13:30:00Z,4360.73,4392.26,4351.16,4386.39,
2016-05-10T17:30:00Z,4386.4,4404.09,4385.9,4402.04,
2016-05-11T13:30:00Z,4395.88,4407.93,4378.78,4381.69,
2016-05-11T17:30:00Z,4381.68,4382.89,4360.73,4361.03,
2016-05-12T13:30:00Z,4376.09,4377.86,4312.88,4328.82,
2016-05-12T17:30:00Z,4328.96,4365.01,4319.1,4342.81,
2016-05-13T13:30:00Z,4337.83,4364.24,4337.56,4338.98,
2016-05-13T17:30:00Z,4338.95,4341.63,4318.7,4326.53,
2016-05-16T13:30:00Z,4335.33,4377.08,4329.89,4376.78,
2016-05-16T17:30:00Z,4376.76,4395.7,4373.6,4380.48,
2016-05-17T13:30:00Z,4376.55,4385.06,4348.54,4353.01,
2016-05-17T17:30:00Z,4353.03,4356.42,4311.18,4322.56,
2016-05-18T13:30:00Z,4314.34,4360.28,4313.89,4357.96,
2016-05-18T17:30:00Z,4358.15,4360.91,4305.73,4338.23,
2016-05-19T13:30:00Z,4319.86,4331.58,4284.37,4300.11,
2016-05-19T17:30:00Z,4300.16,4320.56,4295.28,4315.58,
2016-05-20T13:30:00Z,4330.07,4379.98,4329.57,4366.93,
2016-05-20T17:30:00Z,4366.91,4370.77,4355.14,4362.9,
2016-05-23T13:30:00Z,4364.73,4382.4,4364.05,4369.86,
2016-05-23T17:30:00Z,4369.88,4373.51,4353.36,4355.1,
2016-05-24T13:30:00Z,4381.34,4440.56,4380.46,4438.16,
2016-05-24T17:30:00Z,4438.28,4449.21,4434.94,4444.3,
2016-05-25T13:30:00Z,4459.26,4487.27,4453.05,4486.51,
2016-05-25T17:30:00Z,4486.52,4488.52,4469.28,4476.43,
2016-05-26T13:30:00Z,4478.57,4487.79,4469.76,4484.16,
2016-05-26T17:30:00Z,4484.08,4494.03,4482.76,4487.96,
2016-05-27T13:30:00Z,4490.95,4511.2,4489.16,4506.86,
2016-05-27T17:30:00Z,4506.98,4512.54,4495.44,4512.54,
2016-05-31T13:30:00Z,4513.85,4526.29,4507.23,4517.29,
2016-05-31T17:30:00Z,4517.57,4526.84,4497.65,4523.89,
2016-06-01T13:30:00Z,4507.18,4530.22,4502.78,4524.63,
2016-06-01T17:30:00Z,4524.61,4530.39,4515.08,4520.07,
2016-06-02T13:30:00Z,4510.81,4516.9,4488.08,4511.98,
2016-06-02T17:30:00Z,4511.97,4531.35,4510.87,4531.35,
2016-06-03T13:30:00Z,4520.98,4523.36,4480.8,4501.71,
2016-06-03T17:30:00Z,4501.68,4518.06,4501.29,4509.79,
2016-06-06T13:30:00Z,4517.88,4530.01,4510.33,4524.17,
2016-06-06T17:30:00Z,4524.15,4536.55,4522.58,4523.63,
2016-06-07T13:30:00Z,4527.86,4532.3,4517.88,4530.74,
2016-06-07T17:30:00Z,4530.72,4530.72,4511.42,4513.09,
2016-06-08T13:30:00Z,4521.1,4529.09,4505.39,4518.71,
2016-06-08T17:30:00Z,4518.66,4526.85,4516.82,4520.63,
2016-06-09T13:30:00Z,4501.14,4518.5,4494.76,4515.1,
2016-06-09T17:30:00Z,4514.99,4517.84,4502.48,4512.69,
2016-06-10T13:30:00Z,4473.08,4480.48,4464.26,4473.25,
2016-06-10T17:30:00Z,4473.24,4473.6,4447.33,4461.05,
2016-06-13T13:30:00Z,4436.12,4461.26,4426.88,4441.37,
2016-06-13T17:30:00Z,4441.36,4445.83,4419.73,4422.76,
2016-06-14T13:30:00Z,4413.71,4439.73,4392.43,4407.72,
2016-06-14T17:30:00Z,4407.7,4426.13,4399.4,4424.91,
2016-06-15T13:30:00Z,4433.68,4437.75,4420.81,4429.04,
2016-06-15T17:30:00Z,4429.09,4439.61,4404.58,4409.51,
2016-06-16T13:30:00Z,4387.9,4408.74,4362.16,4402.1,
2016-06-16T17:30:00Z,4402.08,4428.27,4394.29,4424.23,
2016-06-17T13:30:00Z,4409.75,4409.75,4363.63,4381.5,
2016-06-17T17:30:00Z,4380.91,4385.57,4368.98,4374.38,
2016-06-20T13:30:00Z,4424.11,4444.07,4423.21,4425.72,
2016-06-20T17:30:00Z,4425.71,4431.36,4397.36,4400.16,
2016-06-21T13:30:00Z,4408.03,4420.25,4402.29,4405.81,
2016-06-21T17:30:00Z,4405.8,4422.67,4398.64,4413.4,
2016-06-22T13:30:00Z,4415.46,4442.02,4403.3,4410.03,
2016-06-22T17:30:00Z,4410.05,4423.53,4400.88,4404.73,
2016-06-23T13:30:00Z,4437.61,4453.79,4420.16,4449.96,
2016-06-23T17:30:00Z,4449.93,4467.48,4444.35,4467.48,
2016-06-24T13:30:00Z,4294.8,4373.15,4294.8,4308.46,
2016-06-24T17:30:00Z,4308.36,4316.06,4274.54,4285.7,
2016-06-27T13:30:00Z,4247.71,4249.0,4180.45,4212.87,
2016-06-27T17:30:00Z,4213.21,4213.69,4179.74,4201.05,
2016-06-28T13:30:00Z,4245.32,4274.45,4245.29,4257.41,
2016-06-28T17:30:00Z,4257.36,4291.43,4251.78,4290.47,
2016-06-29T13:30:00Z,4323.33,4365.4,4322.36,4359.41,
2016-06-29T17:30:00Z,4359.44,4373.96,4358.43,4364.74,
2016-06-30T13:30:00Z,4378.75,4407.04,4359.57,4400.32,
2016-06-30T17:30:00Z,4400.48,4417.96,4399.04,4417.7,
2016-07-01T13:30:00Z,4411.77,4453.86,4411.76,4432.9,
2016-07-01T17:30:00Z,4433.03,4444.1,4429.2,4437.44,
2016-07-05T13:30:00Z,4414.35,4418.04,4394.08,4397.12,
2016-07-05T17:30:00Z,4397.11,4415.14,4386.56,4410.75,
2016-07-06T13:30:00Z,4388.43,4444.1,4375.72,4435.56,
2016-07-06T17:30:00Z,4435.55,4447.23,4424.13,4444.7,
2016-07-07T13:30:00Z,4451.15,4468.31,4438.8,4449.07,
2016-07-07T17:30:00Z,4449.24,4461.61,4440.49,4459.58,
2016-07-08T13:30:00Z,4484.92,4520.25,4476.5,4520.05,
2016-07-08T17:30:00Z,4519.94,4529.72,4518.45,4528.36,
2016-07-11T13:30:00Z,4544.33,4569.97,4544.33,4564.05,
2016-07-11T17:30:00Z,4564.02,4567.07,4553.21,4554.71,
2016-07-12T13:30:00Z,4579.85,4588.24,4570.56,4582.16,
2016-07-12T17:30:00Z,4582.15,4584.96,4572.06,4577.61,
2016-07-13T13:30:00Z,4589.13,4589.95,4565.7,4571.92,
2016-07-13T17:30:00Z,4571.86,4579.08,4565.77,4565.77,
2016-07-14T13:30:00Z,4597.19,4604.76,4585.7,4586.31,
2016-07-14T17:30:00Z,4586.33,4602.57,4585.85,4596.49,
2016-07-15T13:30:00Z,4602.0,4607.17,4579.83,4588.23,
2016-07-15T17:30:00Z,4588.21,4593.93,4583.52,4589.83,
2016-07-18T13:30:00Z,4595.06,4627.57,4591.83,4619.02,
2016-07-18T17:30:00Z,4619.01,4625.91,4618.89,4619.68,
2016-07-19T13:30:00Z,4601.68,4617.47,4597.73,4598.67,
2016-07-19T17:30:00Z,4598.68,4603.28,4595.38,4603.28,
2016-07-20T13:30:00Z,4630.85,4661.0,4623.93,4660.93,
2016-07-20T17:30:00Z,4661.38,4665.67,4654.9,4657.2,
2016-07-21T13:30:00Z,4662.95,4669.53,4645.26,4650.13,
2016-07-21T17:30:00Z,4650.22,4650.65,4634.07,4647.02,
2016-07-22T13:30:00Z,4650.98,4670.54,4635.22,4665.69,
2016-07-22T17:30:00Z,4665.68,4667.04,4662.13,4666.07,
2016-07-25T13:30:00Z,4662.9,4667.09,4650.5,4660.46,
2016-07-25T17:30:00Z,4660.42,4665.93,4655.23,4665.93,
2016-07-26T13:30:00Z,4664.1,4687.9,4648.92,4657.54,
2016-07-26T17:30:00Z,4657.53,4673.94,4654.12,4672.11,
2016-07-27T13:30:00Z,4711.11,4711.83,4690.22,4692.61,
2016-07-27T17:30:00Z,4692.62,4716.07,4685.11,4702.88,
2016-07-28T13:30:00Z,4710.23,4719.19,4696.08,4709.03,
2016-07-28T17:30:00Z,4709.06,4725.78,4707.78,4721.41,
2016-07-29T13:30:00Z,4734.7,4743.25,4715.77,4734.83,
2016-07-29T17:30:00Z,4734.84,4737.43,4724.21,4730.23,
2016-08-01T13:30:00Z,4734.44,4767.24,4728.73,4752.37,
2016-08-01T17:30:00Z,4752.39,4757.58,4745.66,4756.04,
2016-08-02T13:30:00Z,4748.42,4752.29,4689.55,4699.06,
2016-08-02T17:30:00Z,4699.09,4726.47,4694.45,4719.21,
2016-08-03T13:30:00Z,4716.58,4730.34,4712.1,4724.22,
2016-08-03T17:30:00Z,4724.24,4734.33,4719.34,4734.33,
2016-08-04T13:30:00Z,4731.54,4748.86,4719.01,4740.35,
2016-08-04T17:30:00Z,4740.34,4749.09,4737.02,4743.81,
2016-08-05T13:30:00Z,4769.17,4799.86,4763.58,4793.8,
2016-08-05T17:30:00Z,4793.79,4797.94,4787.09,4791.21,
2016-08-08T13:30:00Z,4791.1,4794.14,4770.22,4780.03,
2016-08-08T17:30:00Z,4779.99,4784.84,4772.67,4784.74,
2016-08-09T13:30:00Z,4787.92,4811.01,4786.38,4798.85,
2016-08-09T17:30:00Z,4798.86,4800.33,4790.2,4795.75,
2016-08-10T13:30:00Z,4799.83,4799.88,4771.98,4783.76,
2016-08-10T17:30:00Z,4783.73,4786.96,4775.15,4783.39,
2016-08-11T13:30:00Z,4800.59,4813.36,4790.65,4805.49,
2016-08-11T17:30:00Z,4805.48,4810.85,4801.43,4803.31,
2016-08-12T13:30:00Z,4794.35,4805.05,4790.49,4798.08,
2016-08-12T17:30:00Z,4798.06,4807.53,4795.62,4807.08,
2016-08-15T13:30:00Z,4814.77,4836.72,4812.45,4835.08,
2016-08-15T17:30:00Z,4835.09,4837.67,4826.79,4827.12,
2016-08-16T13:30:00Z,4814.21,4814.96,4798.18,4804.64,
2016-08-16T17:30:00Z,4804.54,4808.51,4796.92,4797.19,
2016-08-17T13:30:00Z,4799.03,4799.54,4772.43,4792.53,
2016-08-17T17:30:00Z,4792.55,4807.05,4782.75,4805.45,
2016-08-18T13:30:00Z,4802.33,4814.54,4794.29,4804.05,
2016-08-18T17:30:00Z,4804.17,4811.32,4804.09,4808.68,
2016-08-19T13:30:00Z,4800.2,4816.0,4786.27,4795.78,
2016-08-19T17:30:00Z,4795.77,4808.98,4793.96,4806.14,
2016-08-22T13:30:00Z,4797.95,4817.36,4791.06,4798.1,
2016-08-22T17:30:00Z,4798.13,4808.88,4796.44,4808.56,
2016-08-23T13:30:00Z,4828.79,4836.45,4816.76,4822.44,
2016-08-23T17:30:00Z,4822.54,4825.73,4817.69,4818.48,
2016-08-24T13:30:00Z,4812.49,4821.3,4804.62,4809.05,
2016-08-24T17:30:00Z,4809.02,4809.23,4770.73,4783.49,
2016-08-25T13:30:00Z,4773.68,4792.47,4769.23,4789.32,
2016-08-25T17:30:00Z,4789.4,4789.95,4768.0,4775.43,
2016-08-26T13:30:00Z,4782.46,4815.58,4758.1,4772.4,
2016-08-26T17:30:00Z,4772.42,4788.14,4758.32,4783.69,
2016-08-29T13:30:00Z,4787.93,4804.42,4784.63,4800.94,
2016-08-29T17:30:00Z,4800.93,4803.13,4790.6,4791.09,
2016-08-30T13:30:00Z,4787.77,4797.62,4766.68,4772.57,
2016-08-30T17:30:00Z,4772.59,4776.04,4760.28,4775.99,
2016-08-31T13:30:00Z,4770.23,4775.02,4751.69,4762.19,
2016-08-31T17:30:00Z,4762.14,4775.19,4759.55,4771.05,
2016-09-01T13:30:00Z,4774.81,4787.94,4750.24,4784.55,
2016-09-01T17:30:00Z,4784.54,4787.01,4770.54,4783.94,
2016-09-02T13:30:00Z,4806.14,4816.7,4786.75,4788.1,
2016-09-02T17:30:00Z,4788.09,4799.65,4781.61,4798.74,
2016-09-06T13:30:00Z,4806.66,4827.38,4797.34,4820.22,
2016-09-06T17:30:00Z,4820.27,4829.51,4818.31,4829.51,
2016-09-07T13:30:00Z,4829.91,4839.59,4813.99,4820.79,
2016-09-07T17:30:00Z,4820.81,4831.86,4819.3,4831.86,
2016-09-08T13:30:00Z,4816.48,4816.48,4796.56,4799.09,
2016-09-08T17:30:00Z,4799.1,4807.2,4791.22,4804.0,
2016-09-09T13:30:00Z,4763.04,4773.77,4711.21,4717.08,
2016-09-09T17:30:00Z,4717.13,4717.71,4681.53,4681.53,
2016-09-12T13:30:00Z,4656.59,4747.7,4656.51,4726.28,
2016-09-12T17:30:00Z,4726.51,4772.44,4723.32,4764.65,
2016-09-13T13:30:00Z,4740.0,4756.2,4701.79,4727.74,
2016-09-13T17:30:00Z,4727.72,4734.6,4704.81,4722.84,
2016-09-14T13:30:00Z,4726.75,4770.39,4726.75,4761.35,
2016-09-14T17:30:00Z,4761.39,4765.2,4731.11,4746.06,
2016-09-15T13:30:00Z,4749.71,4809.11,4748.67,4801.97,
2016-09-15T17:30:00Z,4802.46,4826.02,4801.65,4819.9,
2016-09-16T13:30:00Z,4811.79,4821.27,4794.2,4804.78,
2016-09-16T17:30:00Z,4804.64,4821.85,4796.61,4818.05,
2016-09-19T13:30:00Z,4833.84,4843.76,4799.25,4801.09,
2016-09-19T17:30:00Z,4801.08,4813.74,4787.44,4796.07,
2016-09-20T13:30:00Z,4813.78,4824.21,4797.78,4801.33,
2016-09-20T17:30:00Z,4801.34,4816.93,4799.92,4805.22,
2016-09-21T13:30:00Z,4826.58,4834.57,4797.9,4806.94,
2016-09-21T17:30:00Z,4806.95,4858.57,4803.62,4853.75,
2016-09-22T13:30:00Z,4879.28,4895.5,4876.37,4891.11,
2016-09-22T17:30:00Z,4891.21,4895.14,4878.12,4891.36,
2016-09-23T13:30:00Z,4881.45,4882.42,4868.0,4874.85,
2016-09-23T17:30:00Z,4874.86,4875.21,4853.41,4858.91,
2016-09-26T13:30:00Z,4830.17,4837.34,4814.6,4817.34,
2016-09-26T17:30:00Z,4817.35,4824.64,4812.32,4817.17,
2016-09-27T13:30:00Z,4813.89,4863.34,4811.28,4861.42,
2016-09-27T17:30:00Z,4861.46,4868.38,4858.33,4866.71,
2016-09-28T13:30:00Z,4871.84,4874.32,4850.04,4861.32,
2016-09-28T17:30:00Z,4861.39,4877.3,4861.39,4875.27,
2016-09-29T13:30:00Z,4868.46,4875.52,4819.02,4843.4,
2016-09-29T17:30:00Z,4843.42,4857.27,4822.36,4838.3,
2016-09-30T13:30:00Z,4856.1,4884.01,4846.9,4876.28,
2016-09-30T17:30:00Z,4876.29,4889.23,4874.48,4875.7,
2016-10-03T13:30:00Z,4864.63,4872.14,4848.21,4855.95,
2016-10-03T17:30:00Z,4855.94,4869.63,4853.84,4866.63,
2016-10-04T13:30:00Z,4880.57,4891.5,4847.06,4850.76,
2016-10-04T17:30:00Z,4851.18,4864.51,4841.72,4859.47,
2016-10-05T13:30:00Z,4872.98,4891.35,4870.81,4882.99,
2016-10-05T17:30:00Z,4883.01,4888.69,4875.39,4877.75,
2016-10-06T13:30:00Z,4871.95,4883.97,4851.53,4876.74,
2016-10-06T17:30:00Z,4876.75,4879.88,4872.98,4873.92,
2016-10-07T13:30:00Z,4883.94,4884.7,4840.93,4857.48,
2016-10-07T17:30:00Z,4857.37,4870.13,4857.21,4864.52,
2016-10-10T13:30:00Z,4887.73,4904.57,4885.59,4899.48,
2016-10-10T17:30:00Z,4899.45,4904.72,4892.56,4893.77,
2016-10-11T13:30:00Z,4890.17,4890.17,4823.38,4829.39,
2016-10-11T17:30:00Z,4829.36,4829.36,4804.24,4821.91,
2016-10-12T13:30:00Z,4824.27,4829.27,4806.33,4828.52,
2016-10-12T17:30:00Z,4828.61,4836.55,4814.11,4819.63,
2016-10-13T13:30:00Z,4785.59,4801.33,4760.07,4795.76,
2016-10-13T17:30:00Z,4795.81,4816.33,4791.73,4803.1,
2016-10-14T13:30:00Z,4828.9,4845.99,4807.13,4818.08,
2016-10-14T17:30:00Z,4818.13,4826.94,4806.73,4808.49,
2016-10-17T13:30:00Z,4808.47,4814.88,4790.45,4796.33,
2016-10-17T17:30:00Z,4796.37,4801.37,4791.54,4796.17,
2016-10-18T13:30:00Z,4849.91,4860.68,4837.31,4855.75,
2016-10-18T17:30:00Z,4855.74,4857.83,4839.33,4839.72,
2016-10-19T13:30:00Z,4833.81,4845.07,4830.68,4841.62,
2016-10-19T17:30:00Z,4841.7,4843.61,4836.11,4836.61,
2016-10-20T13:30:00Z,4831.31,4842.32,4805.84,4834.71,
2016-10-20T17:30:00Z,4834.78,4840.14,4819.9,4832.71,
2016-10-21T13:30:00Z,4836.54,4850.67,4822.78,4844.17,
2016-10-21T17:30:00Z,4844.11,4853.61,4840.98,4851.86,
2016-10-24T13:30:00Z,4884.16,4904.17,4880.77,4901.6,
2016-10-24T17:30:00Z,4901.63,4911.59,4900.26,4909.97,
2016-10-25T13:30:00Z,4908.18,4911.76,4887.92,4893.81,
2016-10-25T17:30:00Z,4893.84,4898.77,4885.9,4891.45,
2016-10-26T13:30:00Z,4863.52,4886.32,4849.1,4863.73,
2016-10-26T17:30:00Z,4863.72,4865.83,4846.44,4860.59,
2016-10-27T13:30:00Z,4883.07,4885.83,4844.67,4850.46,
2016-10-27T17:30:00Z,4850.47,4856.25,4831.69,4836.45,
2016-10-28T13:30:00Z,4820.5,4848.54,4806.07,4819.25,
2016-10-28T17:30:00Z,4819.26,4822.17,4794.07,4805.59,
2016-10-31T13:30:00Z,4821.32,4823.92,4805.38,4809.41,
2016-10-31T17:30:00Z,4809.43,4811.58,4801.16,4801.27,
2016-11-01T13:30:00Z,4810.3,4811.02,4751.64,4757.94,
2016-11-01T17:30:00Z,4757.89,4768.2,4726.35,4766.94,
2016-11-02T13:30:00Z,4764.83,4773.65,4727.77,4733.0,
2016-11-02T17:30:00Z,4732.98,4750.42,4717.56,4726.91,
2016-11-03T13:30:00Z,4718.53,4732.2,4689.38,4696.95,
2016-11-03T17:30:00Z,4696.9,4696.9,4673.05,4679.1,
2016-11-04T13:30:00Z,4647.59,4697.94,4647.59,4691.03,
2016-11-04T17:30:00Z,4691.02,4695.61,4658.23,4660.46,
2016-11-07T14:30:00Z,4737.99,4775.94,4731.79,4772.56,
2016-11-07T18:30:00Z,4772.57,4777.06,4759.47,4773.73,
2016-11-08T14:30:00Z,4766.48,4824.97,4757.24,4811.58,
2016-11-08T18:30:00Z,4811.65,4818.35,4793.19,4804.92,
2016-11-09T14:30:00Z,4748.9,4832.45,4747.35,4790.6,
2016-11-09T18:30:00Z,4790.46,4832.94,4788.22,4825.18,
2016-11-10T14:30:00Z,4849.71,4855.79,4685.74,4755.11,
2016-11-10T18:30:00Z,4755.28,4780.68,4740.27,4747.03,
2016-11-11T14:30:00Z,4729.14,4759.82,4711.96,4747.33,
2016-11-11T18:30:00Z,4747.58,4756.85,4730.34,4751.95,
2016-11-14T14:30:00Z,4752.61,4753.27,4677.41,4710.75,
2016-11-14T18:30:00Z,4710.82,4721.73,4696.25,4702.04,
2016-11-15T14:30:00Z,4733.57,4775.82,4727.98,4746.76,
2016-11-15T18:30:00Z,4746.74,4778.65,4746.34,4764.47,
2016-11-16T14:30:00Z,4745.03,4794.57,4742.94,4786.5,
2016-11-16T18:30:00Z,4786.63,4794.39,4783.43,4792.27,
2016-11-17T14:30:00Z,4789.78,4825.36,4781.72,4821.0,
2016-11-17T18:30:00Z,4821.02,4826.75,4810.91,4826.59,
2016-11-18T14:30:00Z,4832.81,4840.81,4804.44,4813.73,
2016-11-18T18:30:00Z,4813.72,4817.25,4804.84,4808.04,
2016-11-21T14:30:00Z,4822.03,4857.54,4819.57,4854.93,
2016-11-21T18:30:00Z,4854.9,4862.23,4850.67,4859.0,
2016-11-22T14:30:00Z,4876.92,4884.63,4861.08,4873.6,
2016-11-22T18:30:00Z,4873.58,4877.56,4863.81,4873.84,
2016-11-23T14:30:00Z,4856.72,4859.67,4832.59,4842.32,
2016-11-23T18:30:00Z,4842.34,4853.86,4839.06,4853.86,
2016-11-25T14:30:00Z,4861.47,4870.9,4853.04,4870.02,
2016-11-28T14:30:00Z,4861.73,4878.87,4852.71,4867.95,
2016-11-28T18:30:00Z,4868.06,4872.48,4853.64,4857.02,
2016-11-29T14:30:00Z,4859.85,4896.57,4848.89,4888.62,
2016-11-29T18:30:00Z,4888.89,4894.79,4868.47,4873.21,
2016-11-30T14:30:00Z,4876.3,4880.76,4822.6,4835.59,
2016-11-30T18:30:00Z,4835.58,4835.66,4810.81,4810.81,
2016-12-01T14:30:00Z,4806.77,4810.44,4726.76,4732.65,
2016-12-01T18:30:00Z,4732.58,4742.31,4723.57,4734.1,
2016-12-02T14:30:00Z,4734.38,4759.03,4721.41,4734.55,
2016-12-02T18:30:00Z,4734.56,4741.84,4730.38,4739.37,
2016-12-05T14:30:00Z,4762.34,4795.28,4743.53,4776.94,
2016-12-05T18:30:00Z,4776.97,4780.24,4768.61,4778.14,
2016-12-06T14:30:00Z,4786.06,4796.58,4769.39,4774.76,
2016-12-06T18:30:00Z,4774.77,4789.56,4773.45,4788.67,
2016-12-07T14:30:00Z,4778.86,4824.99,4765.44,4817.28,
2016-12-07T18:30:00Z,4817.26,4854.32,4815.01,4851.94,
2016-12-08T14:30:00Z,4849.75,4869.56,4843.53,4858.2,
2016-12-08T18:30:00Z,4858.15,4864.27,4843.04,4859.19,
2016-12-09T14:30:00Z,4878.54,4897.24,4877.18,4884.81,
2016-12-09T18:30:00Z,4884.9,4896.1,4881.87,4895.9,
2016-12-12T14:30:00Z,4878.04,4882.98,4854.27,4865.03,
2016-12-12T18:30:00Z,4865.01,4874.79,4858.69,4874.3,
2016-12-13T14:30:00Z,4893.65,4959.96,4890.15,4959.89,
2016-12-13T18:30:00Z,4959.86,4960.48,4931.94,4935.84,
2016-12-14T14:30:00Z,4943.64,4951.85,4934.08,4947.77,
2016-12-14T18:30:00Z,4947.76,4955.25,4910.76,4921.22,
2016-12-15T14:30:00Z,4925.65,4959.9,4921.36,4951.91,
2016-12-15T18:30:00Z,4951.9,4954.06,4919.81,4933.41,
2016-12-16T14:30:00Z,4945.04,4952.14,4907.87,4909.93,
2016-12-16T18:30:00Z,4909.92,4918.25,4904.38,4914.86,
2016-12-19T14:30:00Z,4919.16,4963.0,4911.75,4946.86,
2016-12-19T18:30:00Z,4946.85,4951.28,4926.16,4934.85,
2016-12-20T14:30:00Z,4948.34,4961.55,4946.21,4955.74,
2016-12-20T18:30:00Z,4955.75,4956.78,4944.32,4953.8,
2016-12-21T14:30:00Z,4952.07,4957.45,4938.24,4949.05,
2016-12-21T18:30:00Z,4949.04,4955.01,4946.91,4948.9,
2016-12-22T14:30:00Z,4948.36,4948.36,4917.33,4925.89,
2016-12-22T18:30:00Z,4925.88,4934.48,4920.23,4934.39,
2016-12-23T14:30:00Z,4927.53,4939.12,4922.94,4932.48,
2016-12-23T18:30:00Z,4932.63,4940.04,4930.68,4940.02,
2016-12-27T14:30:00Z,4948.92,4992.08,4947.59,4975.33,
2016-12-27T18:30:00Z,4975.34,4976.63,4964.25,4965.81,
2016-12-28T14:30:00Z,4976.42,4978.43,4927.93,4931.52,
2016-12-28T18:30:00Z,4931.56,4934.52,4922.09,4926.29,
2016-12-29T14:30:00Z,4923.92,4933.71,4903.28,4911.6,
2016-12-29T18:30:00Z,4911.56,4919.26,4905.65,4918.28,
2016-12-30T14:30:00Z,4925.36,4927.16,4863.06,4870.6,
2016-12-30T18:30:00Z,4870.59,4871.53,4853.93,4863.62,
2017-01-03T14:30:00Z,4900.85,4928.49,4885.14,4893.92,
2017-01-03T18:30:00Z,4893.95,4911.33,4884.52,4911.33,
2017-01-04T14:30:00Z,4920.79,4939.0,4919.8,4936.52,
2017-01-04T18:30:00Z,4936.49,4944.74,4932.99,4937.2,
2017-01-05T14:30:00Z,4936.35,4962.05,4935.34,4957.15,
2017-01-05T18:30:00Z,4957.18,4967.9,4955.22,4964.95,
2017-01-06T14:30:00Z,4973.87,5016.75,4957.82,5009.19,
2017-01-06T18:30:00Z,5009.01,5020.7,5006.28,5007.08,
2017-01-09T14:30:00Z,5013.82,5030.61,5009.45,5026.92,
2017-01-09T18:30:00Z,5026.95,5033.32,5020.04,5024.9,
2017-01-10T14:30:00Z,5027.5,5049.83,5016.19,5042.47,
2017-01-10T18:30:00Z,5042.5,5047.01,5031.6,5035.17,
2017-01-11T14:30:00Z,5033.88,5047.37,5012.65,5015.71,
2017-01-11T18:30:00Z,5015.69,5050.21,5013.88,5050.21,
2017-01-12T14:30:00Z,5029.28,5030.26,4995.07,5025.48,
2017-01-12T18:30:00Z,5025.49,5044.36,5025.47,5041.43,
2017-01-13T14:30:00Z,5047.56,5066.95,5045.92,5063.28,
2017-01-13T18:30:00Z,5063.32,5065.05,5055.29,5059.51,
2017-01-17T14:30:00Z,5043.07,5053.2,5029.61,5046.31,
2017-01-17T18:30:00Z,5046.33,5049.97,5031.54,5044.65,
2017-01-18T14:30:00Z,5050.26,5058.2,5039.18,5041.18,
2017-01-18T18:30:00Z,5041.31,5056.45,5041.31,5055.85,
2017-01-19T14:30:00Z,5061.1,5078.41,5051.34,5055.75,
2017-01-19T18:30:00Z,5055.76,5058.15,5041.21,5051.17,
2017-01-20T14:30:00Z,5070.15,5085.34,5050.02,5061.96,
2017-01-20T18:30:00Z,5061.95,5063.35,5051.03,5063.2,
2017-01-23T14:30:00Z,5055.97,5073.24,5035.49,5056.13,
2017-01-23T18:30:00Z,5055.97,5069.75,5055.78,5065.7,
2017-01-24T14:30:00Z,5079.61,5090.36,5068.37,5090.32,
2017-01-24T18:30:00Z,5090.33,5108.22,5090.32,5101.06,
2017-01-25T14:30:00Z,5132.87,5146.51,5129.0,5146.04,
2017-01-25T18:30:00Z,5146.07,5153.18,5142.54,5151.47,
2017-01-26T14:30:00Z,5164.12,5168.2,5148.85,5154.43,
2017-01-26T18:30:00Z,5154.42,5165.34,5153.31,5156.92,
2017-01-27T14:30:00Z,5169.49,5172.43,5150.18,5163.79,
2017-01-27T18:30:00Z,5163.9,5168.06,5158.06,5168.06,
2017-01-30T14:30:00Z,5146.41,5146.88,5098.34,5114.14,
2017-01-30T18:30:00Z,5114.15,5130.08,5110.8,5129.33,
2017-01-31T14:30:00Z,5107.47,5113.69,5086.33,5097.51,
2017-01-31T18:30:00Z,5097.5,5116.8,5090.12,5116.77,
2017-02-01T14:30:00Z,5157.83,5162.46,5128.9,5143.63,
2017-02-01T18:30:00Z,5143.62,5159.37,5136.56,5152.69,
2017-02-02T14:30:00Z,5141.28,5162.56,5128.76,5140.98,
2017-02-02T18:30:00Z,5140.93,5150.21,5137.16,5147.7,
2017-02-03T14:30:00Z,5153.61,5165.47,5147.58,5156.68,
2017-02-03T18:30:00Z,5156.76,5161.69,5152.37,5161.6,
2017-02-06T14:30:00Z,5154.18,5167.65,5148.06,5157.89,
2017-02-06T18:30:00Z,5157.87,5167.96,5154.35,5167.96,
2017-02-07T14:30:00Z,5178.85,5196.27,5174.34,5184.87,
2017-02-07T18:30:00Z,5184.88,5188.61,5179.56,5185.88,
2017-02-08T14:30:00Z,5176.5,5197.2,5168.98,5194.33,
2017-02-08T18:30:00Z,5194.27,5201.57,5193.67,5196.58,
2017-02-09T14:30:00Z,5200.17,5221.06,5196.07,5215.16,
2017-02-09T18:30:00Z,5215.2,5221.62,5210.58,5212.16,
2017-02-10T14:30:00Z,5219.81,5234.27,5212.83,5231.27,
2017-02-10T18:30:00Z,5231.23,5234.15,5225.76,5226.69,
2017-02-13T14:30:00Z,5242.49,5259.42,5241.0,5259.36,
2017-02-13T18:30:00Z,5259.42,5262.42,5253.69,5256.82,
2017-02-14T14:30:00Z,5251.36,5268.23,5238.69,5266.61,
2017-02-14T18:30:00Z,5266.64,5271.1,5262.23,5271.07,
2017-02-15T14:30:00Z,5266.12,5290.1,5264.44,5288.86,
2017-02-15T18:30:00Z,5288.87,5304.34,5287.9,5302.39,
2017-02-16T14:30:00Z,5306.38,5316.79,5287.54,5293.12,
2017-02-16T18:30:00Z,5293.05,5300.66,5288.76,5300.64,
2017-02-17T14:30:00Z,5295.49,5310.36,5291.7,5309.53,
2017-02-17T18:30:00Z,5309.57,5324.72,5307.76,5324.72,
2017-02-21T14:30:00Z,5334.57,5352.2,5330.47,5341.35,
2017-02-21T18:30:00Z,5341.36,5353.16,5335.47,5350.73,
2017-02-22T14:30:00Z,5345.18,5353.26,5335.8,5352.36,
2017-02-22T18:30:00Z,5352.39,5354.73,5345.09,5352.13,
2017-02-23T14:30:00Z,5358.03,5358.53,5309.99,5324.99,
2017-02-23T18:30:00Z,5324.96,5336.19,5324.94,5332.37,
2017-02-24T14:30:00Z,5305.23,5324.82,5304.01,5318.63,
2017-02-24T18:30:00Z,5318.72,5343.31,5318.51,5343.31,
2017-02-27T14:30:00Z,5330.56,5340.97,5322.13,5338.79,
2017-02-27T18:30:00Z,5338.78,5347.88,5338.3,5347.55,
2017-02-28T14:30:00Z,5344.18,5347.47,5316.7,5328.22,
2017-02-28T18:30:00Z,5328.28,5332.93,5320.99,5330.31,
2017-03-01T14:30:00Z,5368.65,5393.09,5355.38,5385.44,
2017-03-01T18:30:00Z,5385.38,5398.43,5384.77,5390.99,
2017-03-02T14:30:00Z,5386.34,5387.73,5364.22,5368.87,
2017-03-02T18:30:00Z,5368.88,5373.04,5355.53,5363.26,
2017-03-03T14:30:00Z,5355.21,5368.13,5344.48,5361.75,
2017-03-03T18:30:00Z,5361.76,5373.48,5360.05,5373.48,
2017-03-06T14:30:00Z,5352.61,5363.12,5338.61,5361.8,
2017-03-06T18:30:00Z,5361.82,5368.27,5358.28,5360.31,
2017-03-07T14:30:00Z,5348.2,5373.26,5344.58,5359.99,
2017-03-07T18:30:00Z,5360.07,5360.82,5341.43,5351.28,
2017-03-08T14:30:00Z,5351.35,5375.77,5348.73,5370.25,
2017-03-08T18:30:00Z,5370.26,5372.91,5352.93,5359.8,
2017-03-09T14:30:00Z,5355.78,5370.66,5346.95,5362.59,
2017-03-09T18:30:00Z,5362.55,5367.94,5336.08,5363.98,
2017-03-10T14:30:00Z,5390.46,5394.66,5364.1,5369.64,
2017-03-10T18:30:00Z,5369.73,5386.2,5367.25,5385.9,
2017-03-13T13:30:00Z,5387.73,5392.17,5382.02,5390.24,
2017-03-13T17:30:00Z,5390.22,5396.39,5386.99,5394.57,
2017-03-14T13:30:00Z,5382.79,5384.88,5360.7,5377.89,
2017-03-14T17:30:00Z,5377.81,5382.75,5373.91,5382.17,
2017-03-15T13:30:00Z,5392.48,5397.23,5375.88,5391.14,
2017-03-15T17:30:00Z,5391.15,5426.84,5389.88,5416.25,
2017-03-16T13:30:00Z,5421.46,5423.66,5399.27,5406.15,
2017-03-16T17:30:00Z,5406.08,5412.08,5401.13,5412.08,
2017-03-17T13:30:00Z,5413.47,5419.71,5406.81,5419.34,
2017-03-17T17:30:00Z,5419.33,5423.28,5406.9,5408.76,
2017-03-20T13:30:00Z,5406.02,5426.47,5404.76,5414.37,
2017-03-20T17:30:00Z,5414.38,5415.06,5400.16,5413.31,
2017-03-21T13:30:00Z,5433.28,5439.58,5349.73,5360.12,
2017-03-21T17:30:00Z,5360.09,5360.7,5328.71,5332.53,
2017-03-22T13:30:00Z,5332.64,5368.46,5327.25,5355.27,
2017-03-22T17:30:00Z,5355.26,5372.27,5350.26,5367.55,
2017-03-23T13:30:00Z,5356.71,5375.43,5347.24,5355.21,
2017-03-23T17:30:00Z,5355.29,5372.01,5346.3,5355.14,
2017-03-24T13:30:00Z,5376.74,5392.28,5374.77,5381.72,
2017-03-24T17:30:00Z,5381.71,5382.9,5345.94,5364.0,
2017-03-27T13:30:00Z,5320.96,5382.73,5316.02,5377.07,
2017-03-27T17:30:00Z,5377.08,5383.22,5367.24,5374.27,
2017-03-28T13:30:00Z,5371.9,5402.55,5363.29,5402.08,
2017-03-28T17:30:00Z,5402.05,5422.25,5400.3,5407.21,
2017-03-29T13:30:00Z,5410.14,5426.3,5405.1,5422.22,
2017-03-29T17:30:00Z,5422.36,5433.36,5421.52,5430.27,
2017-03-30T13:30:00Z,5430.31,5446.51,5425.3,5438.75,
2017-03-30T17:30:00Z,5438.8,5443.04,5434.57,5439.74,
2017-03-31T13:30:00Z,5430.99,5450.09,5427.5,5450.09,
2017-03-31T17:30:00Z,5450.1,5451.5,5434.05,5436.23,
2017-04-03T13:30:00Z,5440.2,5453.44,5403.31,5423.23,
2017-04-03T17:30:00Z,5423.22,5439.71,5415.59,5432.2,
2017-04-04T13:30:00Z,5415.53,5435.01,5415.3,5429.85,
2017-04-04T17:30:00Z,5429.86,5441.34,5428.68,5440.41,
2017-04-05T13:30:00Z,5447.27,5479.5,5444.52,5476.55,
2017-04-05T17:30:00Z,5476.56,5479.86,5409.04,5418.52,
2017-04-06T13:30:00Z,5423.65,5435.06,5410.05,5429.38,
2017-04-06T17:30:00Z,5429.36,5433.92,5407.87,5420.88,
2017-04-07T13:30:00Z,5420.94,5430.64,5400.08,5430.33,
2017-04-07T17:30:00Z,5430.32,5434.18,5418.37,5418.37,
2017-04-10T13:30:00Z,5423.57,5442.71,5406.58,5430.72,
2017-04-10T17:30:00Z,5430.8,5436.0,5417.05,5421.68,
2017-04-11T13:30:00Z,5413.91,5422.79,5359.14,5397.73,
2017-04-11T17:30:00Z,5397.72,5399.88,5380.09,5398.4,
2017-04-12T13:30:00Z,5394.61,5399.55,5370.24,5375.12,
2017-04-12T17:30:00Z,5375.13,5389.8,5371.42,5377.03,
2017-04-13T13:30:00Z,5370.69,5398.99,5366.63,5373.91,
2017-04-13T17:30:00Z,5373.9,5376.84,5353.59,5353.59,
2017-04-17T13:30:00Z,5369.21,5390.8,5367.59,5387.03,
2017-04-17T17:30:00Z,5387.04,5399.2,5382.9,5399.2,
2017-04-18T13:30:00Z,5383.74,5405.54,5377.91,5384.89,
2017-04-18T17:30:00Z,5385.28,5397.56,5383.65,5391.66,
2017-04-19T13:30:00Z,5416.3,5431.0,5408.19,5413.2,
2017-04-19T17:30:00Z,5413.19,5414.89,5392.28,5399.64,
2017-04-20T13:30:00Z,5422.47,5452.03,5413.32,5448.2,
2017-04-20T17:30:00Z,5448.14,5455.88,5443.28,5443.53,
2017-04-21T13:30:00Z,5447.28,5450.81,5430.22,5435.94,
2017-04-21T17:30:00Z,5435.95,5444.75,5432.24,5442.05,
2017-04-24T13:30:00Z,5503.27,5509.85,5494.46,5504.02,
2017-04-24T17:30:00Z,5503.96,5513.57,5501.92,5508.03,
2017-04-25T13:30:00Z,5523.48,5550.81,5521.52,5548.52,
2017-04-25T17:30:00Z,5548.54,5557.93,5546.63,5548.19,
2017-04-26T13:30:00Z,5553.6,5563.97,5539.92,5550.95,
2017-04-26T17:30:00Z,5550.94,5556.67,5537.99,5541.09,
2017-04-27T13:30:00Z,5555.27,5570.56,5551.55,5569.89,
2017-04-27T17:30:00Z,5569.93,5573.26,5562.34,5571.28,
2017-04-28T13:30:00Z,5598.47,5600.0,5575.48,5583.06,
2017-04-28T17:30:00Z,5583.1,5586.44,5575.21,5583.53,
2017-05-01T13:30:00Z,5602.44,5629.82,5600.31,5629.48,
2017-05-01T17:30:00Z,5629.49,5640.48,5628.96,5629.63,
2017-05-02T13:30:00Z,5642.41,5645.08,5625.49,5639.23,
2017-05-02T17:30:00Z,5639.25,5644.07,5633.38,5644.07,
2017-05-03T13:30:00Z,5624.87,5626.46,5608.16,5618.97,
2017-05-03T17:30:00Z,5619.02,5629.78,5612.45,5625.16,
2017-05-04T13:30:00Z,5623.57,5633.49,5606.05,5624.47,
2017-05-04T17:30:00Z,5624.49,5628.58,5617.12,5626.32,
2017-05-05T13:30:00Z,5640.78,5641.33,5619.6,5632.55,
2017-05-05T17:30:00Z,5632.6,5646.09,5630.84,5646.09,
2017-05-08T13:30:00Z,5649.18,5654.97,5638.0,5651.25,
2017-05-08T17:30:00Z,5651.24,5659.07,5647.57,5659.07,
2017-05-09T13:30:00Z,5667.98,5691.21,5664.0,5671.57,
2017-05-09T17:30:00Z,5671.59,5680.65,5667.72,5678.31,
2017-05-10T13:30:00Z,5681.33,5681.54,5661.44,5680.17,
2017-05-10T17:30:00Z,5680.13,5683.64,5670.88,5681.68,
2017-05-11T13:30:00Z,5662.59,5668.16,5637.4,5660.91,
2017-05-11T17:30:00Z,5660.87,5675.5,5660.85,5674.22,
2017-05-12T13:30:00Z,5683.58,5687.42,5672.03,5682.65,
2017-05-12T17:30:00Z,5682.7,5687.37,5677.77,5686.81,
2017-05-15T13:30:00Z,5687.97,5706.61,5683.1,5698.09,
2017-05-15T17:30:00Z,5698.08,5704.48,5695.01,5704.48,
2017-05-16T13:30:00Z,5715.15,5721.35,5699.41,5718.59,
2017-05-16T17:30:00Z,5718.58,5724.71,5713.58,5724.44,
2017-05-17T13:30:00Z,5673.62,5688.74,5618.01,5633.8,
2017-05-17T17:30:00Z,5633.78,5634.16,5578.16,5580.55,
2017-05-18T13:30:00Z,5569.81,5632.97,5568.47,5610.31,
2017-05-18T17:30:00Z,5610.28,5645.08,5607.72,5626.31,
2017-05-19T13:30:00Z,5640.71,5673.63,5640.68,5668.76,
2017-05-19T17:30:00Z,5668.73,5672.27,5647.83,5651.56,
2017-05-22T13:30:00Z,5662.95,5695.72,5661.59,5692.5,
2017-05-22T17:30:00Z,5692.53,5701.05,5686.98,5699.4,
2017-05-23T13:30:00Z,5714.94,5716.55,5690.2,5697.67,
2017-05-23T17:30:00Z,5697.45,5703.68,5693.57,5703.35,
2017-05-24T13:30:00Z,5720.83,5720.83,5705.17,5712.48,
2017-05-24T17:30:00Z,5712.46,5732.57,5711.2,5730.3,
2017-05-25T13:30:00Z,5748.29,5785.98,5738.82,5782.71,
2017-05-25T17:30:00Z,5782.69,5793.13,5775.88,5778.37,
2017-05-26T13:30:00Z,5782.17,5790.19,5771.71,5780.9,
2017-05-26T17:30:00Z,5780.93,5788.85,5778.35,5788.36,
2017-05-30T13:30:00Z,5785.38,5799.99,5781.37,5794.83,
2017-05-30T17:30:00Z,5794.76,5798.53,5791.29,5794.63,
2017-05-31T13:30:00Z,5812.97,5813.26,5762.56,5781.93,
2017-05-31T17:30:00Z,5781.87,5791.4,5768.63,5788.8,
2017-06-01T13:30:00Z,5804.17,5811.36,5779.89,5806.25,
2017-06-01T17:30:00Z,5806.09,5816.6,5801.85,5816.51,
2017-06-02T13:30:00Z,5834.41,5868.91,5825.74,5868.57,
2017-06-02T17:30:00Z,5868.54,5881.46,5868.54,5881.46,
2017-06-05T13:30:00Z,5881.21,5888.92,5871.09,5880.77,
2017-06-05T17:30:00Z,5880.66,5882.01,5875.9,5878.12,
2017-06-06T13:30:00Z,5869.48,5890.88,5868.73,5876.72,
2017-06-06T17:30:00Z,5876.74,5886.01,5848.32,5856.77,
2017-06-07T13:30:00Z,5871.77,5880.91,5845.96,5861.02,
2017-06-07T17:30:00Z,5861.03,5883.19,5859.06,5877.59,
2017-06-08T13:30:00Z,5894.75,5895.18,5852.65,5866.17,
2017-06-08T17:30:00Z,5866.15,5887.08,5861.12,5885.3,
2017-06-09T13:30:00Z,5891.67,5897.69,5784.13,5800.01,
2017-06-09T17:30:00Z,5800.02,5800.09,5657.76,5741.94,
2017-06-12T13:30:00Z,5677.16,5716.2,5633.34,5689.38,
2017-06-12T17:30:00Z,5689.44,5709.35,5673.73,5708.18,
2017-06-13T13:30:00Z,5740.21,5760.54,5709.17,5748.64,
2017-06-13T17:30:00Z,5748.69,5760.14,5734.83,5751.82,
2017-06-14T13:30:00Z,5774.12,5774.19,5748.54,5762.81,
2017-06-14T17:30:00Z,5762.76,5771.23,5682.35,5727.07,
2017-06-15T13:30:00Z,5661.36,5690.01,5634.58,5678.78,
2017-06-15T17:30:00Z,5678.6,5707.37,5673.54,5700.89,
2017-06-16T13:30:00Z,5694.21,5695.74,5656.62,5680.56,
2017-06-16T17:30:00Z,5680.52,5693.41,5672.03,5681.48,
2017-06-19T13:30:00Z,5729.54,5766.79,5724.49,5765.05,
2017-06-19T17:30:00Z,5765.04,5776.37,5754.4,5772.22,
2017-06-20T13:30:00Z,5762.99,5772.17,5734.96,5747.37,
2017-06-20T17:30:00Z,5747.38,5752.7,5725.01,5726.31,
2017-06-21T13:30:00Z,5740.58,5771.78,5737.01,5765.68,
2017-06-21T17:30:00Z,5765.69,5784.92,5759.79,5782.39,
2017-06-22T13:30:00Z,5787.43,5802.46,5767.87,5797.36,
2017-06-22T17:30:00Z,5797.42,5800.14,5779.41,5779.87,
2017-06-23T13:30:00Z,5775.03,5807.78,5759.7,5806.55,
2017-06-23T17:30:00Z,5806.57,5810.31,5788.32,5803.11,
2017-06-26T13:30:00Z,5832.31,5845.15,5765.87,5792.32,
2017-06-26T17:30:00Z,5792.27,5795.99,5773.9,5777.59,
2017-06-27T13:30:00Z,5752.72,5761.04,5711.71,5720.41,
2017-06-27T17:30:00Z,5720.52,5723.28,5671.6,5671.6,
2017-06-28T13:30:00Z,5693.48,5744.95,5660.53,5744.28,
2017-06-28T17:30:00Z,5744.22,5757.23,5734.08,5753.03,
2017-06-29T13:30:00Z,5723.31,5723.66,5599.44,5602.4,
2017-06-29T17:30:00Z,5602.47,5667.79,5602.47,5653.02,
2017-06-30T13:30:00Z,5676.4,5681.9,5637.74,5661.08,
2017-06-30T17:30:00Z,5661.77,5673.84,5646.75,5646.92,
2017-07-03T13:30:00Z,5680.36,5684.98,5592.53,5596.96,
2017-07-05T13:30:00Z,5611.0,5655.94,5593.66,5651.79,
2017-07-05T17:30:00Z,5651.78,5663.6,5639.48,5648.82,
2017-07-06T13:30:00Z,5606.42,5628.84,5579.64,5625.84,
2017-07-06T17:30:00Z,5625.85,5626.09,5590.77,5597.9,
2017-07-07T13:30:00Z,5618.85,5669.99,5618.85,5669.84,
2017-07-07T17:30:00Z,5669.83,5673.02,5653.06,5656.47,
2017-07-10T13:30:00Z,5662.71,5694.37,5650.26,5690.54,
2017-07-10T17:30:00Z,5690.47,5708.62,5690.24,5694.15,
2017-07-11T13:30:00Z,5687.03,5714.93,5667.27,5691.71,
2017-07-11T17:30:00Z,5691.69,5717.91,5690.83,5709.8,
2017-07-12T13:30:00Z,5757.2,5771.66,5749.65,5767.82,
2017-07-12T17:30:00Z,5767.85,5785.0,5767.72,5778.95,
2017-07-13T13:30:00Z,5785.32,5806.18,5776.62,5799.84,
2017-07-13T17:30:00Z,5799.78,5800.27,5777.96,5793.36,
2017-07-14T13:30:00Z,5815.04,5827.5,5799.85,5827.5,
2017-07-14T17:30:00Z,5827.47,5844.8,5827.05,5838.08,
2017-07-17T13:30:00Z,5845.82,5860.64,5833.71,5844.05,
2017-07-17T17:30:00Z,5843.98,5845.29,5830.25,5839.74,
2017-07-18T13:30:00Z,5832.92,5864.65,5818.2,5863.37,
2017-07-18T17:30:00Z,5863.38,5880.55,5863.13,5880.1,
2017-07-19T13:30:00Z,5898.4,5922.37,5895.54,5919.02,
2017-07-19T17:30:00Z,5918.99,5921.7,5911.13,5916.16,
2017-07-20T13:30:00Z,5929.58,5932.61,5896.61,5922.02,
2017-07-20T17:30:00Z,5922.0,5926.51,5905.94,5921.22,
2017-07-21T13:30:00Z,5905.6,5919.07,5890.25,5913.48,
2017-07-21T17:30:00Z,5913.52,5921.52,5906.28,5921.52,
2017-07-24T13:30:00Z,5920.93,5933.38,5912.74,5933.36,
2017-07-24T17:30:00Z,5933.35,5950.58,5929.82,5941.37,
2017-07-25T13:30:00Z,5927.1,5937.84,5916.29,5936.82,
2017-07-25T17:30:00Z,5936.88,5945.06,5927.8,5930.65,
2017-07-26T13:30:00Z,5944.16,5954.38,5939.17,5942.62,
2017-07-26T17:30:00Z,5942.59,5951.4,5939.4,5950.73,
2017-07-27T13:30:00Z,5994.02,5995.77,5862.63,5877.69,
2017-07-27T17:30:00Z,5877.81,5917.03,5847.05,5917.03,
2017-07-28T13:30:00Z,5883.7,5918.31,5868.92,5912.75,
2017-07-28T17:30:00Z,5912.76,5915.62,5902.43,5908.92,
2017-07-31T13:30:00Z,5928.68,5932.37,5871.79,5885.95,
2017-07-31T17:30:00Z,5885.86,5890.89,5873.84,5880.33,
2017-08-01T13:30:00Z,5900.64,5905.29,5880.45,5893.68,
2017-08-01T17:30:00Z,5893.7,5896.7,5886.57,5895.17,
2017-08-02T13:30:00Z,5934.07,5936.15,5859.62,5888.31,
2017-08-02T17:30:00Z,5888.41,5922.86,5885.82,5914.23,
2017-08-03T13:30:00Z,5915.73,5917.47,5879.72,5888.23,
2017-08-03T17:30:00Z,5888.24,5902.2,5881.56,5891.2,
2017-08-04T13:30:00Z,5899.69,5912.56,5877.06,5892.25,
2017-08-04T17:30:00Z,5892.24,5899.91,5888.96,5899.91,
2017-08-07T13:30:00Z,5909.45,5930.04,5903.75,5928.91,
2017-08-07T17:30:00Z,5928.9,5936.79,5923.85,5934.73,
2017-08-08T13:30:00Z,5922.64,5972.93,5914.98,5955.45,
2017-08-08T17:30:00Z,5955.37,5957.73,5910.5,5926.35,
2017-08-09T13:30:00Z,5879.55,5918.44,5866.17,5905.81,
2017-08-09T17:30:00Z,5905.82,5920.96,5889.75,5919.39,
2017-08-10T13:30:00Z,5880.13,5887.27,5802.47,5831.66,
2017-08-10T17:30:00Z,5831.7,5839.61,5783.36,5788.19,
2017-08-11T13:30:00Z,5792.32,5838.2,5785.26,5828.2,
2017-08-11T17:30:00Z,5828.48,5844.61,5818.71,5831.53,
2017-08-14T13:30:00Z,5878.64,5910.48,5878.0,5907.67,
2017-08-14T17:30:00Z,5907.62,5916.33,5898.35,5908.17,
2017-08-15T13:30:00Z,5917.29,5919.75,5893.85,5906.88,
2017-08-15T17:30:00Z,5906.78,5918.46,5901.63,5907.73,
2017-08-16T13:30:00Z,5920.68,5944.98,5905.33,5914.32,
2017-08-16T17:30:00Z,5914.31,5925.69,5899.56,5917.42,
2017-08-17T13:30:00Z,5896.31,5903.87,5822.83,5831.89,
2017-08-17T17:30:00Z,5831.94,5841.57,5796.32,5796.32,
2017-08-18T13:30:00Z,5803.9,5831.08,5770.14,5819.72,
2017-08-18T17:30:00Z,5819.73,5820.75,5790.02,5790.91,
2017-08-21T13:30:00Z,5791.04,5804.3,5750.5,5777.84,
2017-08-21T17:30:00Z,5777.86,5789.75,5764.7,5786.54,
2017-08-22T13:30:00Z,5817.29,5871.25,5817.02,5866.37,
2017-08-22T17:30:00Z,5866.29,5879.0,5860.99,5873.33,
2017-08-23T13:30:00Z,5842.16,5862.76,5841.28,5846.49,
2017-08-23T17:30:00Z,5846.45,5864.78,5840.71,5851.78,
2017-08-24T13:30:00Z,5863.99,5871.87,5802.77,5837.62,
2017-08-24T17:30:00Z,5837.66,5844.85,5823.69,5834.44,
2017-08-25T13:30:00Z,5854.31,5870.47,5815.6,5829.57,
2017-08-25T17:30:00Z,5829.59,5840.76,5820.77,5822.53,
2017-08-28T13:30:00Z,5839.27,5852.8,5821.87,5834.11,
2017-08-28T17:30:00Z,5834.12,5842.24,5830.59,5838.08,
2017-08-29T13:30:00Z,5785.29,5860.19,5785.22,5855.08,
2017-08-29T17:30:00Z,5855.04,5871.79,5851.75,5862.14,
2017-08-30T13:30:00Z,5870.88,5929.19,5865.34,5927.28,
2017-08-30T17:30:00Z,5927.27,5940.57,5922.27,5932.9,
2017-08-31T13:30:00Z,5948.74,5985.36,5945.95,5979.4,
2017-08-31T17:30:00Z,5979.39,5995.45,5976.3,5988.6,
2017-09-01T13:30:00Z,6001.82,6009.61,5972.27,5990.27,
2017-09-01T17:30:00Z,5990.25,5994.6,5984.09,5987.9,
2017-09-05T13:30:00Z,5966.64,5980.91,5890.25,5904.68,
2017-09-05T17:30:00Z,5904.69,5936.35,5900.51,5932.73,
2017-09-06T13:30:00Z,5949.54,5959.5,5909.92,5947.63,
2017-09-06T17:30:00Z,5947.62,5964.38,5947.17,5951.13,
2017-09-07T13:30:00Z,5960.44,5980.15,5943.89,5964.74,
2017-09-07T17:30:00Z,5964.85,5968.7,5959.15,5964.31,
2017-09-08T13:30:00Z,5957.19,5958.81,5927.09,5934.19,
2017-09-08T17:30:00Z,5934.24,5934.4,5907.96,5913.37,
2017-09-11T13:30:00Z,5962.35,5990.87,5960.87,5979.67,
2017-09-11T17:30:00Z,5979.65,5984.03,5973.83,5980.53,
2017-09-12T13:30:00Z,5998.74,6002.97,5972.26,5990.47,
2017-09-12T17:30:00Z,5990.38,5998.82,5968.09,5995.64,
2017-09-13T13:30:00Z,5982.85,5998.33,5974.88,5995.33,
2017-09-13T17:30:00Z,5995.34,6004.47,5990.78,6004.38,
2017-09-14T13:30:00Z,5981.85,5997.23,5965.27,5979.41,
2017-09-14T17:30:00Z,5979.44,5980.49,5965.06,5968.82,
2017-09-15T13:30:00Z,5965.66,6009.44,5957.85,5987.25,
2017-09-15T17:30:00Z,5987.38,5991.32,5981.86,5988.0,
2017-09-18T13:30:00Z,5997.51,6012.95,5990.38,6000.17,
2017-09-18T17:30:00Z,6000.18,6005.29,5963.17,5981.12,
2017-09-19T13:30:00Z,5991.93,5998.24,5971.17,5986.06,
2017-09-19T17:30:00Z,5986.11,5993.87,5985.98,5991.08,
2017-09-20T13:30:00Z,5987.72,5994.53,5950.34,5966.53,
2017-09-20T17:30:00Z,5966.52,5976.22,5927.7,5973.6,
2017-09-21T13:30:00Z,5965.6,5965.6,5915.74,5955.85,
2017-09-21T17:30:00Z,5955.86,5957.75,5934.52,5934.91,
2017-09-22T13:30:00Z,5912.19,5937.59,5911.48,5919.65,
2017-09-22T17:30:00Z,5919.62,5934.91,5918.16,5932.32,
2017-09-25T13:30:00Z,5904.06,5908.57,5842.52,5857.98,
2017-09-25T17:30:00Z,5858.26,5868.42,5839.89,5867.35,
2017-09-26T13:30:00Z,5893.18,5908.47,5862.99,5897.14,
2017-09-26T17:30:00Z,5897.13,5903.45,5878.39,5881.34,
2017-09-27T13:30:00Z,5912.96,5932.34,5900.35,5918.99,
2017-09-27T17:30:00Z,5919.07,5957.75,5918.35,5937.79,
2017-09-28T13:30:00Z,5920.65,5939.22,5908.62,5928.34,
2017-09-28T17:30:00Z,5928.33,5935.85,5920.0,5933.07,
2017-09-29T13:30:00Z,5941.78,5980.22,5930.82,5974.36,
2017-09-29T17:30:00Z,5974.39,5979.75,5968.8,5979.3,
2017-10-02T13:30:00Z,5988.96,6005.2,5955.83,5976.22,
2017-10-02T17:30:00Z,5976.25,5984.89,5972.37,5981.92,
2017-10-03T13:30:00Z,5986.85,5999.19,5976.65,5990.53,
2017-10-03T17:30:00Z,5990.54,5996.75,5989.5,5995.06,
2017-10-04T13:30:00Z,5983.31,6009.81,5976.12,5997.01,
2017-10-04T17:30:00Z,5997.0,6000.57,5982.58,5998.84,
2017-10-05T13:30:00Z,6018.27,6046.31,6014.77,6046.26,
2017-10-05T17:30:00Z,6046.23,6059.21,6041.54,6057.14,
2017-10-06T13:30:00Z,6037.44,6063.85,6037.02,6054.88,
2017-10-06T17:30:00Z,6054.87,6064.67,6052.85,6064.57,
2017-10-09T13:30:00Z,6071.96,6078.8,6062.29,6068.73,
2017-10-09T17:30:00Z,6068.72,6070.69,6051.33,6058.53,
2017-10-10T13:30:00Z,6078.27,6084.14,6036.72,6053.61,
2017-10-10T17:30:00Z,6053.6,6063.65,6048.68,6063.52,
2017-10-11T13:30:00Z,6062.73,6071.95,6052.44,6066.94,
2017-10-11T17:30:00Z,6066.93,6082.25,6066.66,6081.25,
2017-10-12T13:30:00Z,6072.21,6093.76,6065.34,6086.83,
2017-10-12T17:30:00Z,6086.85,6088.51,6063.47,6069.99,
2017-10-13T13:30:00Z,6094.72,6100.06,6087.03,6099.31,
2017-10-13T17:30:00Z,6099.33,6099.61,6089.25,6092.45,
2017-10-16T13:30:00Z,6108.66,6115.53,6095.63,6104.48,
2017-10-16T17:30:00Z,6104.45,6114.86,6102.75,6114.53,
2017-10-17T13:30:00Z,6111.32,6118.8,6103.66,6111.62,
2017-10-17T17:30:00Z,6111.64,6122.82,6110.47,6122.61,
2017-10-18T13:30:00Z,6128.91,6129.49,6106.85,6121.38,
2017-10-18T17:30:00Z,6121.39,6125.5,6111.28,6114.35,
2017-10-19T13:30:00Z,6074.28,6089.68,6051.47,6079.89,
2017-10-19T17:30:00Z,6079.92,6092.87,6075.4,6092.62,
2017-10-20T13:30:00Z,6114.46,6122.56,6104.5,6117.75,
2017-10-20T17:30:00Z,6117.77,6120.24,6102.16,6108.82,
2017-10-23T13:30:00Z,6122.24,6122.24,6087.48,6099.65,
2017-10-23T17:30:00Z,6099.66,6100.29,6061.08,6067.83,
2017-10-24T13:30:00Z,6078.02,6087.85,6057.69,6084.03,
2017-10-24T17:30:00Z,6083.71,6090.89,6074.23,6080.22,
2017-10-25T13:30:00Z,6069.35,6087.58,6011.24,6038.36,
2017-10-25T17:30:00Z,6038.42,6059.31,6038.41,6055.04,
2017-10-26T13:30:00Z,6056.05,6066.61,6035.95,6049.35,
2017-10-26T17:30:00Z,6049.43,6055.5,6037.64,6037.87,
2017-10-27T13:30:00Z,6138.23,6213.49,6129.79,6202.77,
2017-10-27T17:30:00Z,6202.76,6223.51,6202.43,6213.47,
2017-10-30T13:30:00Z,6209.8,6250.85,6202.53,6223.68,
2017-10-30T17:30:00Z,6223.71,6232.3,6211.69,6227.59,
2017-10-31T13:30:00Z,6241.88,6250.92,6229.15,6247.47,
2017-10-31T17:30:00Z,6247.46,6258.42,6243.25,6248.56,
2017-11-01T13:30:00Z,6274.26,6276.66,6224.58,6237.81,
2017-11-01T17:30:00Z,6237.83,6250.75,6228.16,6248.65,
2017-11-02T13:30:00Z,6238.29,6243.74,6194.58,6223.49,
2017-11-02T17:30:00Z,6223.38,6241.55,6217.66,6236.39,
2017-11-03T13:30:00Z,6266.19,6281.16,6237.65,6281.11,
2017-11-03T17:30:00Z,6281.09,6297.62,6279.58,6295.58,
2017-11-06T14:30:00Z,6292.15,6316.52,6291.84,6308.88,
2017-11-06T18:30:00Z,6308.84,6318.58,6308.83,6313.61,
2017-11-07T14:30:00Z,6314.69,6328.58,6299.53,6315.7,
2017-11-07T18:30:00Z,6315.58,6320.78,6306.33,6320.78,
2017-11-08T14:30:00Z,6319.03,6339.86,6308.62,6337.96,
2017-11-08T18:30:00Z,6338.0,6346.98,6335.25,6345.81,
2017-11-09T14:30:00Z,6295.29,6314.06,6248.29,6277.92,
2017-11-09T18:30:00Z,6277.93,6315.16,6277.17,6312.21,
2017-11-10T14:30:00Z,6297.15,6307.29,6284.22,6304.49,
2017-11-10T18:30:00Z,6304.32,6313.17,6300.53,6309.07,
2017-11-13T14:30:00Z,6286.01,6319.71,6285.97,6314.03,
2017-11-13T18:30:00Z,6314.01,6325.18,6308.92,6316.18,
2017-11-14T14:30:00Z,6293.33,6300.46,6263.77,6278.21,
2017-11-14T18:30:00Z,6278.24,6294.8,6275.01,6293.64,
2017-11-15T14:30:00Z,6261.27,6276.8,6227.99,6258.57,
2017-11-15T18:30:00Z,6258.63,6274.87,6247.09,6258.36,
2017-11-16T14:30:00Z,6293.46,6349.07,6293.46,6343.03,
2017-11-16T18:30:00Z,6343.12,6352.47,6338.21,6339.14,
2017-11-17T14:30:00Z,6343.64,6345.56,6320.78,6327.94,
2017-11-17T18:30:00Z,6327.98,6329.48,6308.48,6314.51,
2017-11-20T14:30:00Z,6319.57,6324.59,6301.88,6314.36,
2017-11-20T18:30:00Z,6314.35,6314.55,6303.88,6308.61,
2017-11-21T14:30:00Z,6336.91,6379.56,6336.26,6374.92,
2017-11-21T18:30:00Z,6374.93,6380.07,6370.84,6378.63,
2017-11-22T14:30:00Z,6384.13,6389.85,6371.74,6381.86,
2017-11-22T18:30:00Z,6381.81,6391.16,6380.81,6386.12,
2017-11-24T14:30:00Z,6393.33,6410.77,6389.4,6409.29,
2017-11-27T14:30:00Z,6409.52,6420.21,6392.01,6409.34,
2017-11-27T18:30:00Z,6409.32,6410.67,6402.16,6405.97,
2017-11-28T14:30:00Z,6419.48,6424.08,6405.36,6413.83,
2017-11-28T18:30:00Z,6413.84,6426.04,6385.32,6422.56,
2017-11-29T14:30:00Z,6412.69,6412.69,6279.36,6330.86,
2017-11-29T18:30:00Z,6330.92,6332.55,6290.65,6311.37,
2017-11-30T14:30:00Z,6337.34,6374.19,6321.43,6366.79,
2017-11-30T18:30:00Z,6366.81,6370.5,6343.57,6365.56,
2017-12-01T14:30:00Z,6325.61,6365.3,6244.84,6321.24,
2017-12-01T18:30:00Z,6321.27,6341.09,6314.61,6337.87,
2017-12-04T14:30:00Z,6380.68,6380.77,6273.0,6317.75,
2017-12-04T18:30:00Z,6317.84,6325.19,6256.81,6263.7,
2017-12-05T14:30:00Z,6242.47,6337.06,6235.77,6304.65,
2017-12-05T18:30:00Z,6304.61,6309.75,6260.65,6265.11,
2017-12-06T14:30:00Z,6243.72,6294.41,6234.22,6276.53,
2017-12-06T18:30:00Z,6276.5,6304.1,6275.57,6293.05,
2017-12-07T14:30:00Z,6300.64,6333.29,6290.65,6325.1,
2017-12-07T18:30:00Z,6325.09,6328.36,6298.5,6316.28,
2017-12-08T14:30:00Z,6364.6,6377.55,6342.68,6358.59,
2017-12-08T18:30:00Z,6358.55,6359.53,6335.23,6344.57,
2017-12-11T14:30:00Z,6351.24,6394.43,6347.91,6385.5,
2017-12-11T18:30:00Z,6385.49,6393.89,6381.94,6393.89,
2017-12-12T14:30:00Z,6389.47,6403.5,6371.69,6388.75,
2017-12-12T18:30:00Z,6388.76,6393.71,6373.33,6383.65,
2017-12-13T14:30:00Z,6405.41,6416.83,6389.04,6394.43,
2017-12-13T18:30:00Z,6394.41,6412.95,6388.41,6394.67,
2017-12-14T14:30:00Z,6407.25,6423.68,6389.08,6401.18,
2017-12-14T18:30:00Z,6401.3,6407.46,6386.25,6389.91,
2017-12-15T14:30:00Z,6405.15,6459.14,6405.03,6454.11,
2017-12-15T18:30:00Z,6454.09,6470.92,6453.6,6466.32,
2017-12-18T14:30:00Z,6504.89,6522.7,6495.18,6519.27,
2017-12-18T18:30:00Z,6519.29,6521.18,6509.37,6513.27,
2017-12-19T14:30:00Z,6505.35,6510.87,6462.79,6476.37,
2017-12-19T18:30:00Z,6476.36,6485.27,6465.48,6480.67,
2017-12-20T14:30:00Z,6504.55,6504.55,6447.93,6482.69,
2017-12-20T18:30:00Z,6482.7,6483.69,6467.69,6472.48,
2017-12-21T14:30:00Z,6481.08,6501.52,6467.78,6500.08,
2017-12-21T18:30:00Z,6500.07,6500.23,6468.26,6472.69,
2017-12-22T14:30:00Z,6462.55,6467.83,6449.0,6456.65,
2017-12-22T18:30:00Z,6456.64,6467.39,6456.6,6465.17,
2017-12-26T14:30:00Z,6427.32,6438.24,6407.99,6434.99,
2017-12-26T18:30:00Z,6435.03,6435.41,6424.42,6433.16,
2017-12-27T14:30:00Z,6437.06,6448.94,6428.65,6433.21,
2017-12-27T18:30:00Z,6433.16,6435.23,6425.92,6435.15,
2017-12-28T14:30:00Z,6449.52,6452.07,6433.72,6438.72,
2017-12-28T18:30:00Z,6438.71,6441.42,6432.68,6441.42,
2017-12-29T14:30:00Z,6439.9,6442.53,6412.5,6424.59,
2017-12-29T18:30:00Z,6424.57,6425.03,6396.42,6396.42,
2018-01-02T14:30:00Z,6431.59,6496.9,6417.75,6494.55,
2018-01-02T18:30:00Z,6494.54,6513.02,6493.67,6511.34,
2018-01-03T14:30:00Z,6520.03,6577.7,6519.26,6573.54,
2018-01-03T18:30:00Z,6573.56,6579.25,6560.42,6575.8,
2018-01-04T14:30:00Z,6595.75,6603.17,6576.92,6580.35,
2018-01-04T18:30:00Z,6580.37,6592.15,6578.8,6584.58,
2018-01-05T14:30:00Z,6613.12,6642.28,6605.03,6640.12,
2018-01-05T18:30:00Z,6640.09,6654.98,6637.49,6653.29,
2018-01-08T14:30:00Z,6651.68,6679.74,6649.2,6676.03,
2018-01-08T18:30:00Z,6676.05,6680.32,6668.81,6676.63,
2018-01-09T14:30:00Z,6692.87,6696.12,6658.27,6694.16,
2018-01-09T18:30:00Z,6694.19,6694.46,6675.22,6677.94,
2018-01-10T14:30:00Z,6640.66,6657.13,6619.35,6649.4,
2018-01-10T18:30:00Z,6649.37,6663.51,6637.36,6662.66,
2018-01-11T14:30:00Z,6675.69,6702.69,6664.74,6698.1,
2018-01-11T18:30:00Z,6698.08,6708.49,6692.09,6708.49,
2018-01-12T14:30:00Z,6699.32,6757.49,6695.52,6751.44,
2018-01-12T18:30:00Z,6751.38,6763.98,6745.22,6758.54,
2018-01-16T14:30:00Z,6807.85,6835.79,6764.98,6773.34,
2018-01-16T18:30:00Z,6773.28,6776.54,6719.11,6737.14,
2018-01-17T14:30:00Z,6767.85,6797.45,6738.45,6796.76,
2018-01-17T18:30:00Z,6796.74,6820.04,6790.73,6810.28,
2018-01-18T14:30:00Z,6804.59,6819.81,6784.72,6813.14,
2018-01-18T18:30:00Z,6813.01,6826.79,6803.99,6811.38,
2018-01-19T14:30:00Z,6829.04,6843.24,6801.59,6821.85,
2018-01-19T18:30:00Z,6821.86,6835.48,6818.28,6834.33,
2018-01-22T14:30:00Z,6829.55,6891.42,6822.85,6885.75,
2018-01-22T18:30:00Z,6885.76,6906.28,6878.03,6906.28,
2018-01-23T14:30:00Z,6928.27,6966.67,6926.37,6955.23,
2018-01-23T18:30:00Z,6955.24,6969.4,6941.94,6963.46,
2018-01-24T14:30:00Z,6975.38,6992.91,6880.68,6905.95,
2018-01-24T18:30:00Z,6905.85,6947.88,6905.69,6919.35,
2018-01-25T14:30:00Z,6965.01,6967.6,6909.18,6938.21,
2018-01-25T18:30:00Z,6938.2,6946.66,6894.84,6916.3,
2018-01-26T14:30:00Z,6956.66,6983.65,6941.48,6980.59,
2018-01-26T18:30:00Z,6980.66,7022.97,6980.42,7022.97,
2018-01-29T14:30:00Z,7000.68,7020.64,6974.77,7015.07,
2018-01-29T18:30:00Z,7014.99,7015.97,6974.7,6988.32,
2018-01-30T14:30:00Z,6910.39,6958.79,6894.63,6914.06,
2018-01-30T18:30:00Z,6914.01,6945.4,6912.63,6930.73,
2018-01-31T14:30:00Z,6972.81,6983.61,6938.6,6967.5,
2018-01-31T18:30:00Z,6967.04,6970.97,6915.48,6949.99,
2018-02-01T14:30:00Z,6910.57,6970.76,6910.13,6966.86,
2018-02-01T18:30:00Z,6966.83,6967.28,6879.02,6901.5,
2018-02-02T14:30:00Z,6866.38,6889.07,6797.62,6821.65,
2018-02-02T18:30:00Z,6821.7,6826.76,6756.54,6760.29,
2018-02-05T14:30:00Z,6687.47,6807.96,6673.67,6696.66,
2018-02-05T18:30:00Z,6696.69,6733.72,6495.39,6495.92,
2018-02-06T14:30:00Z,6378.6,6600.6,6370.48,6569.64,
2018-02-06T18:30:00Z,6567.7,6673.41,6485.02,6665.98,
2018-02-07T14:30:00Z,6632.98,6716.25,6585.88,6618.1,
2018-02-07T18:30:00Z,6618.12,6654.0,6581.38,6582.02,
2018-02-08T14:30:00Z,6595.81,6606.05,6391.39,6429.38,
2018-02-08T18:30:00Z,6428.88,6494.1,6304.18,6306.1,
2018-02-09T14:30:00Z,6395.16,6422.07,6169.38,6193.15,
2018-02-09T18:30:00Z,6192.78,6453.43,6164.43,6412.68,
2018-02-12T14:30:00Z,6477.04,6536.12,6424.3,6511.05,
2018-02-12T18:30:00Z,6511.06,6565.28,6507.98,6523.85,
2018-02-13T14:30:00Z,6482.77,6550.58,6478.41,6542.25,
2018-02-13T18:30:00Z,6542.33,6567.62,6538.26,6553.86,
2018-02-14T14:30:00Z,6523.26,6655.09,6520.39,6642.64,
2018-02-14T18:30:00Z,6642.65,6684.15,6642.65,6675.03,
2018-02-15T14:30:00Z,6734.34,6776.22,6665.92,6758.02,
2018-02-15T18:30:00Z,6758.08,6795.92,6749.94,6794.92,
2018-02-16T14:30:00Z,6778.28,6840.6,6776.31,6786.26,
2018-02-16T18:30:00Z,6785.69,6805.56,6758.51,6770.66,
2018-02-20T14:30:00Z,6742.15,6838.0,6740.48,6814.66,
2018-02-20T18:30:00Z,6814.92,6836.8,6746.98,6779.69,
2018-02-21T14:30:00Z,6808.6,6856.86,6803.82,6839.09,
2018-02-21T18:30:00Z,6839.12,6879.47,6759.22,6759.26,
2018-02-22T14:30:00Z,6793.08,6826.01,6769.08,6778.36,
2018-02-22T18:30:00Z,6778.53,6794.47,6744.05,6761.85,
2018-02-23T14:30:00Z,6816.43,6839.43,6789.02,6835.19,
2018-02-23T18:30:00Z,6835.2,6897.53,6834.75,6896.6,
2018-02-26T14:30:00Z,6933.82,6969.73,6927.46,6969.73,
2018-02-26T18:30:00Z,6969.74,6989.36,6962.99,6989.1,
2018-02-27T14:30:00Z,6984.83,7003.13,6909.37,6951.72,
2018-02-27T18:30:00Z,6951.61,6954.54,6900.35,6900.35,
2018-02-28T14:30:00Z,6945.2,6957.84,6889.47,6943.71,
2018-02-28T18:30:00Z,6943.57,6964.16,6854.42,6854.42,
2018-03-01T14:30:00Z,6862.94,6892.38,6756.47,6781.18,
2018-03-01T18:30:00Z,6780.37,6784.15,6687.44,6750.54,
2018-03-02T14:30:00Z,6661.91,6779.63,6645.03,6734.4,
2018-03-02T18:30:00Z,6734.1,6820.37,6718.32,6811.04,
2018-03-05T14:30:00Z,6777.63,6893.54,6753.83,6879.21,
2018-03-05T18:30:00Z,6879.2,6901.63,6852.19,6881.28,
2018-03-06T14:30:00Z,6919.79,6937.03,6872.06,6916.73,
2018-03-06T18:30:00Z,6916.67,6919.6,6891.81,6913.02,
2018-03-07T14:30:00Z,6855.57,6915.23,6850.91,6895.82,
2018-03-07T18:30:00Z,6896.24,6935.48,6890.32,6929.39,
2018-03-08T14:30:00Z,6955.85,6971.0,6931.53,6937.7,
2018-03-08T18:30:00Z,6937.81,6970.9,6931.35,6966.43,
2018-03-09T14:30:00Z,7014.84,7074.45,7007.3,7071.07,
2018-03-09T18:30:00Z,7071.24,7101.31,7066.52,7101.18,
2018-03-12T13:30:00Z,7122.47,7154.84,7108.04,7151.86,
2018-03-12T17:30:00Z,7151.85,7156.25,7121.47,7131.12,
2018-03-13T13:30:00Z,7172.25,7186.09,7054.82,7099.13,
2018-03-13T17:30:00Z,7099.04,7105.1,7025.83,7046.51,
2018-03-14T13:30:00Z,7077.85,7084.07,7012.57,7045.95,
2018-03-14T17:30:00Z,7046.13,7080.46,7027.49,7040.98,
2018-03-15T13:30:00Z,7050.66,7075.55,7014.02,7041.25,
2018-03-15T17:30:00Z,7041.23,7043.7,7010.01,7030.97,
2018-03-16T13:30:00Z,7058.12,7061.67,7011.69,7021.01,
2018-03-16T17:30:00Z,7020.8,7033.58,7014.83,7019.95,
2018-03-19T13:30:00Z,6945.97,6949.02,6810.78,6820.8,
2018-03-19T17:30:00Z,6820.73,6868.95,6806.16,6864.88,
2018-03-20T13:30:00Z,6871.09,6899.57,6845.85,6866.18,
2018-03-20T17:30:00Z,6866.17,6902.23,6856.67,6885.92,
2018-03-21T13:30:00Z,6863.29,6910.46,6860.44,6898.67,
2018-03-21T17:30:00Z,6898.59,6930.7,6828.88,6853.45,
2018-03-22T13:30:00Z,6763.94,6809.94,6701.65,6779.97,
2018-03-22T17:30:00Z,6779.99,6793.26,6679.35,6682.26,
2018-03-23T13:30:00Z,6683.19,6708.58,6607.53,6653.02,
2018-03-23T17:30:00Z,6653.38,6680.97,6507.84,6508.09,
2018-03-26T13:30:00Z,6644.4,6667.87,6538.79,6644.81,
2018-03-26T17:30:00Z,6644.85,6760.65,6627.81,6753.83,
2018-03-27T13:30:00Z,6791.39,6793.5,6706.01,6712.86,
2018-03-27T17:30:00Z,6712.85,6716.51,6479.56,6529.84,
2018-03-28T13:30:00Z,6488.02,6559.88,6410.04,6499.31,
2018-03-28T17:30:00Z,6499.57,6531.32,6435.06,6460.81,
2018-03-29T13:30:00Z,6493.51,6566.07,6435.67,6551.47,
2018-03-29T17:30:00Z,6551.54,6640.76,6547.88,6581.13,
2018-04-02T13:30:00Z,6528.23,6560.96,6361.91,6363.73,
2018-04-02T17:30:00Z,6363.66,6408.3,6322.6,6390.84,
2018-04-03T13:30:00Z,6448.05,6469.32,6343.9,6416.55,
2018-04-03T17:30:00Z,6416.37,6485.27,6363.52,6458.83,
2018-04-04T13:30:00Z,6326.54,6492.16,6326.54,6438.33,
2018-04-04T17:30:00Z,6438.51,6578.56,6433.31,6560.06,
2018-04-05T13:30:00Z,6619.22,6632.21,6567.8,6574.52,
2018-04-05T17:30:00Z,6574.3,6620.75,6550.28,6594.84,
2018-04-06T13:30:00Z,6514.48,6587.36,6503.72,6525.55,
2018-04-06T17:30:00Z,6525.62,6529.69,6402.03,6433.21,
2018-04-09T13:30:00Z,6488.48,6604.26,6476.78,6585.01,
2018-04-09T17:30:00Z,6584.88,6590.57,6466.04,6472.34,
2018-04-10T13:30:00Z,6585.52,6604.09,6534.89,6582.42,
2018-04-10T17:30:00Z,6582.34,6639.97,6572.81,6615.87,
2018-04-11T13:30:00Z,6578.84,6650.29,6578.84,6618.8,
2018-04-11T17:30:00Z,6618.79,6630.73,6574.88,6583.44,
2018-04-12T13:30:00Z,6627.32,6679.88,6618.81,6635.2,
2018-04-12T17:30:00Z,6635.23,6682.69,6630.96,6656.26,
2018-04-13T13:30:00Z,6696.02,6703.31,6618.66,6663.45,
2018-04-13T17:30:00Z,6663.43,6665.64,6598.34,6628.34,
2018-04-16T13:30:00Z,6675.92,6699.76,6633.08,6691.44,
2018-04-16T17:30:00Z,6691.42,6695.75,6664.21,6675.18,
2018-04-17T13:30:00Z,6738.65,6815.93,6729.79,6813.35,
2018-04-17T17:30:00Z,6813.65,6834.31,6805.34,6816.37,
2018-04-18T13:30:00Z,6824.58,6849.3,6788.32,6842.07,
2018-04-18T17:30:00Z,6842.09,6856.96,6828.04,6833.21,
2018-04-19T13:30:00Z,6793.07,6815.04,6750.61,6752.3,
2018-04-19T17:30:00Z,6752.29,6792.35,6749.07,6774.89,
2018-04-20T13:30:00Z,6754.67,6757.68,6657.44,6683.29,
2018-04-20T17:30:00Z,6683.53,6692.89,6642.83,6667.75,
2018-04-23T13:30:00Z,6699.16,6721.65,6654.59,6667.33,
2018-04-23T17:30:00Z,6667.34,6674.24,6613.55,6648.8,
2018-04-24T13:30:00Z,6680.88,6688.89,6510.33,6517.22,
2018-04-24T17:30:00Z,6517.29,6524.46,6464.74,6509.05,
2018-04-25T13:30:00Z,6514.32,6539.4,6426.57,6504.43,
2018-04-25T17:30:00Z,6504.55,6540.76,6488.02,6513.94,
2018-04-26T13:30:00Z,6606.61,6654.85,6579.12,6652.48,
2018-04-26T17:30:00Z,6652.63,6673.65,6643.38,6649.65,
2018-04-27T13:30:00Z,6748.59,6750.78,6619.26,6655.88,
2018-04-27T17:30:00Z,6655.81,6668.47,6642.44,6656.35,
2018-04-30T13:30:00Z,6669.44,6712.5,6593.6,6614.55,
2018-04-30T17:30:00Z,6614.72,6637.14,6602.48,6605.57,
2018-05-01T13:30:00Z,6592.93,6630.78,6578.26,6599.67,
2018-05-01T17:30:00Z,6599.68,6685.41,6599.49,6681.96,
2018-05-02T13:30:00Z,6694.52,6705.13,6649.72,6686.04,
2018-05-02T17:30:00Z,6686.05,6715.96,6637.96,6644.48,
2018-05-03T13:30:00Z,6608.7,6647.76,6539.86,6629.3,
2018-05-03T17:30:00Z,6629.31,6667.29,6626.75,6643.48,
2018-05-04T13:30:00Z,6618.7,6754.48,6612.39,6744.77,
2018-05-04T17:30:00Z,6744.2,6783.36,6743.58,6769.12,
2018-05-07T13:30:00Z,6803.45,6843.79,6796.05,6825.22,
2018-05-07T17:30:00Z,6825.14,6846.46,6797.62,6821.87,
2018-05-08T13:30:00Z,6813.91,6830.87,6779.63,6802.47,
2018-05-08T17:30:00Z,6802.54,6818.32,6770.3,6815.48,
2018-05-09T13:30:00Z,6830.54,6877.99,6807.4,6877.73,
2018-05-09T17:30:00Z,6877.71,6895.93,6877.62,6893.21,
2018-05-10T13:30:00Z,6909.18,6966.4,6906.77,6958.1,
2018-05-10T17:30:00Z,6958.21,6966.93,6934.33,6963.55,
2018-05-11T13:30:00Z,6948.87,6969.3,6929.47,6942.81,
2018-05-11T17:30:00Z,6942.79,6953.83,6923.61,6952.56,
2018-05-14T13:30:00Z,6977.35,7008.26,6960.46,6968.46,
2018-05-14T17:30:00Z,6968.49,6976.26,6954.64,6964.37,
2018-05-15T13:30:00Z,6909.32,6912.04,6858.38,6873.58,
2018-05-15T17:30:00Z,6873.43,6890.22,6852.73,6888.54,
2018-05-16T13:30:00Z,6892.89,6944.54,6891.65,6930.87,
2018-05-16T17:30:00Z,6930.82,6942.97,6915.25,6929.97,
2018-05-17T13:30:00Z,6905.75,6952.98,6901.48,6911.83,
2018-05-17T17:30:00Z,6911.86,6914.39,6869.39,6901.63,
2018-05-18T13:30:00Z,6876.65,6897.91,6857.58,6883.1,
2018-05-18T17:30:00Z,6883.09,6883.11,6865.91,6866.25,
2018-05-21T13:30:00Z,6920.32,6948.27,6876.35,6911.14,
2018-05-21T17:30:00Z,6911.16,6914.28,6878.55,6905.53,
2018-05-22T13:30:00Z,6934.7,6947.43,6895.05,6910.05,
2018-05-22T17:30:00Z,6910.1,6924.64,6883.75,6893.62,
2018-05-23T13:30:00Z,6847.27,6906.74,6846.94,6889.82,
2018-05-23T17:30:00Z,6889.83,6954.7,6886.35,6953.63,
2018-05-24T13:30:00Z,6951.52,6963.68,6882.57,6953.67,
2018-05-24T17:30:00Z,6953.68,6963.47,6942.52,6949.7,
2018-05-25T13:30:00Z,6951.47,6982.52,6941.85,6968.94,
2018-05-25T17:30:00Z,6968.95,6968.95,6951.07,6960.92,
2018-05-29T13:30:00Z,6928.5,6964.65,6887.12,6917.37,
2018-05-29T17:30:00Z,6917.34,6934.02,6889.32,6926.54,
2018-05-30T13:30:00Z,6955.59,6987.63,6938.02,6979.49,
2018-05-30T17:30:00Z,6979.46,6985.94,6973.55,6976.37,
2018-05-31T13:30:00Z,6969.93,7016.42,6955.99,6990.86,
2018-05-31T17:30:00Z,6990.84,6992.79,6958.66,6967.73,
2018-06-01T13:30:00Z,7010.08,7084.84,7008.02,7082.58,
2018-06-01T17:30:00Z,7082.57,7084.22,7063.68,7083.93,
2018-06-04T13:30:00Z,7099.5,7146.76,7099.09,7144.08,
2018-06-04T17:30:00Z,7144.03,7145.97,7131.27,7143.57,
2018-06-05T13:30:00Z,7162.41,7179.82,7137.13,7158.98,
2018-06-05T17:30:00Z,7158.9,7171.14,7154.54,7166.75,
2018-06-06T13:30:00Z,7180.24,7187.8,7140.92,7173.56,
2018-06-06T17:30:00Z,7173.58,7212.45,7169.11,7210.08,
2018-06-07T13:30:00Z,7212.43,7212.43,7125.88,7129.23,
2018-06-07T17:30:00Z,7129.18,7160.33,7115.86,7152.83,
2018-06-08T13:30:00Z,7121.76,7152.1,7100.73,7147.38,
2018-06-08T17:30:00Z,7147.48,7161.92,7139.33,7152.62,
2018-06-11T13:30:00Z,7149.65,7187.45,7146.09,7183.31,
2018-06-11T17:30:00Z,7183.29,7186.09,7166.31,7168.48,
2018-06-12T13:30:00Z,7181.67,7210.01,7173.76,7207.94,
2018-06-12T17:30:00Z,7207.92,7214.49,7178.09,7209.18,
2018-06-13T13:30:00Z,7219.58,7261.17,7215.47,7240.89,
2018-06-13T17:30:00Z,7240.81,7250.13,7193.02,7205.26,
2018-06-14T13:30:00Z,7233.7,7285.54,7233.7,7283.53,
2018-06-14T17:30:00Z,7283.51,7291.31,7261.62,7279.59,
2018-06-15T13:30:00Z,7245.16,7261.12,7220.97,7257.77,
2018-06-15T17:30:00Z,7257.78,7268.84,7244.72,7255.76,
2018-06-18T13:30:00Z,7201.18,7256.43,7186.16,7247.31,
2018-06-18T17:30:00Z,7247.3,7255.46,7241.82,7251.41,
2018-06-19T13:30:00Z,7158.8,7200.88,7138.02,7187.64,
2018-06-19T17:30:00Z,7187.22,7229.99,7181.27,7228.04,
2018-06-20T13:30:00Z,7264.85,7306.94,7256.87,7295.28,
2018-06-20T17:30:00Z,7295.65,7309.99,7278.46,7280.7,
2018-06-21T13:30:00Z,7304.05,7308.26,7213.89,7236.28,
2018-06-21T17:30:00Z,7236.2,7241.62,7203.93,7217.49,
2018-06-22T13:30:00Z,7239.72,7239.75,7177.46,7223.92,
2018-06-22T17:30:00Z,7223.98,7225.65,7189.71,7197.51,
2018-06-25T13:30:00Z,7131.05,7144.28,6987.04,7002.97,
2018-06-25T17:30:00Z,7003.47,7051.99,6976.96,7038.17,
2018-06-26T13:30:00Z,7061.23,7108.45,7040.06,7102.51,
2018-06-26T17:30:00Z,7102.33,7107.24,7060.72,7068.2,
2018-06-27T13:30:00Z,7096.6,7128.77,7010.69,7025.98,
2018-06-27T17:30:00Z,7025.84,7039.91,6968.3,6969.67,
2018-06-28T13:30:00Z,6963.37,7019.75,6950.23,7005.24,
2018-06-28T17:30:00Z,7005.15,7055.25,7000.32,7031.6,
2018-06-29T13:30:00Z,7071.49,7101.83,7060.72,7075.83,
2018-06-29T17:30:00Z,7075.87,7086.95,7031.4,7040.8,
2018-07-02T13:30:00Z,6979.54,7049.34,6969.16,7014.81,
2018-07-02T17:30:00Z,7014.82,7099.27,7014.45,7097.82,
2018-07-03T13:30:00Z,7121.71,7122.45,7009.51,7014.55,
2018-07-05T13:30:00Z,7064.0,7098.46,7025.24,7094.08,
2018-07-05T17:30:00Z,7094.11,7105.54,7064.81,7101.05,
2018-07-06T13:30:00Z,7114.17,7202.48,7106.1,7198.32,
2018-07-06T17:30:00Z,7198.35,7217.0,7192.01,7207.33,
2018-07-09T13:30:00Z,7251.18,7260.97,7221.32,7248.85,
2018-07-09T17:30:00Z,7248.84,7277.58,7247.12,7276.0,
2018-07-10T13:30:00Z,7287.05,7297.79,7270.13,7278.17,
2018-07-10T17:30:00Z,7278.23,7286.19,7257.49,7282.6,
2018-07-11T13:30:00Z,7221.66,7271.12,7220.23,7258.57,
2018-07-11T17:30:00Z,7258.61,7262.44,7233.18,7243.98,
2018-07-12T13:30:00Z,7276.38,7354.25,7274.16,7353.99,
2018-07-12T17:30:00Z,7354.02,7368.71,7340.03,7366.25,
2018-07-13T13:30:00Z,7372.28,7387.74,7348.96,7370.04,
2018-07-13T17:30:00Z,7370.12,7381.93,7362.86,7375.82,
2018-07-16T13:30:00Z,7381.03,7390.64,7358.44,7368.11,
2018-07-16T17:30:00Z,7368.15,7372.99,7346.34,7357.9,
2018-07-17T13:30:00Z,7291.48,7408.98,7288.3,7405.29,
2018-07-17T17:30:00Z,7405.32,7418.43,7395.32,7403.89,
2018-07-18T13:30:00Z,7407.25,7411.25,7368.36,7396.54,
2018-07-18T17:30:00Z,7396.56,7401.07,7387.07,7390.13,
2018-07-19T13:30:00Z,7364.66,7388.99,7346.67,7367.27,
2018-07-19T17:30:00Z,7367.56,7377.97,7344.33,7352.36,
2018-07-20T13:30:00Z,7379.13,7398.59,7358.38,7359.64,
2018-07-20T17:30:00Z,7359.43,7370.11,7343.37,7350.23,
2018-07-23T13:30:00Z,7335.42,7366.48,7301.34,7355.93,
2018-07-23T17:30:00Z,7355.99,7376.82,7355.76,7371.78,
2018-07-24T13:30:00Z,7455.51,7475.99,7385.29,7386.04,
2018-07-24T17:30:00Z,7386.96,7406.99,7375.74,7406.25,
2018-07-25T13:30:00Z,7406.1,7461.38,7405.63,7452.43,
2018-07-25T17:30:00Z,7452.31,7511.39,7449.61,7508.59,
2018-07-26T13:30:00Z,7404.56,7430.12,7385.72,7406.0,
2018-07-26T17:30:00Z,7405.99,7409.29,7392.21,7400.75,
2018-07-27T13:30:00Z,7443.24,7443.24,7255.32,7281.71,
2018-07-27T17:30:00Z,7281.64,7311.01,7274.43,7296.78,
2018-07-30T13:30:00Z,7292.72,7299.07,7158.78,7198.9,
2018-07-30T17:30:00Z,7198.87,7218.12,7184.71,7193.1,
2018-07-31T13:30:00Z,7219.67,7272.96,7179.41,7245.11,
2018-07-31T17:30:00Z,7245.09,7256.66,7224.01,7231.98,
2018-08-01T13:30:00Z,7269.2,7294.8,7246.0,7256.13,
2018-08-01T17:30:00Z,7256.06,7278.36,7234.64,7272.89,
2018-08-02T13:30:00Z,7221.35,7364.78,7221.35,7364.21,
2018-08-02T17:30:00Z,7364.24,7380.56,7361.41,7372.15,
2018-08-03T13:30:00Z,7389.36,7394.58,7356.33,7379.09,
2018-08-03T17:30:00Z,7379.07,7395.49,7373.83,7395.49,
2018-08-06T13:30:00Z,7390.82,7438.44,7381.58,7435.33,
2018-08-06T17:30:00Z,7435.27,7439.55,7421.51,7438.99,
2018-08-07T13:30:00Z,7459.32,7478.96,7443.88,7460.74,
2018-08-07T17:30:00Z,7460.8,7475.9,7458.81,7462.65,
2018-08-08T13:30:00Z,7454.42,7486.21,7435.77,7466.89,
2018-08-08T17:30:00Z,7466.82,7483.81,7465.11,7469.54,
2018-08-09T13:30:00Z,7467.51,7494.22,7458.57,7492.27,
2018-08-09T17:30:00Z,7492.25,7498.37,7463.39,7466.96,
2018-08-10T13:30:00Z,7409.05,7436.69,7404.11,7420.38,
2018-08-10T17:30:00Z,7420.36,7421.13,7382.83,7408.3,
2018-08-13T13:30:00Z,7420.18,7468.82,7399.18,7418.18,
2018-08-13T17:30:00Z,7418.21,7435.66,7398.53,7401.17,
2018-08-14T13:30:00Z,7430.45,7455.42,7390.0,7441.2,
2018-08-14T17:30:00Z,7441.29,7454.89,7439.33,7447.17,
2018-08-15T13:30:00Z,7385.67,7409.48,7308.52,7334.98,
2018-08-15T17:30:00Z,7335.23,7364.37,7318.3,7354.66,
2018-08-16T13:30:00Z,7409.61,7422.83,7387.67,7408.65,
2018-08-16T17:30:00Z,7408.59,7409.78,7361.88,7374.29,
2018-08-17T13:30:00Z,7352.63,7371.49,7312.65,7340.51,
2018-08-17T17:30:00Z,7340.49,7394.94,7340.26,7377.54,
2018-08-20T13:30:00Z,7393.58,7395.75,7343.47,7376.02,
2018-08-20T17:30:00Z,7375.93,7387.53,7369.49,7371.42,
2018-08-21T13:30:00Z,7393.46,7441.42,7388.37,7431.86,
2018-08-21T17:30:00Z,7431.87,7433.93,7390.8,7397.23,
2018-08-22T13:30:00Z,7379.84,7431.23,7374.69,7420.69,
2018-08-22T17:30:00Z,7420.68,7434.48,7411.93,7424.6,
2018-08-23T13:30:00Z,7420.31,7465.87,7405.4,7433.26,
2018-08-23T17:30:00Z,7433.28,7440.51,7410.47,7413.84,
2018-08-24T13:30:00Z,7443.71,7489.54,7442.99,7478.73,
2018-08-24T17:30:00Z,7478.72,7489.46,7469.6,7485.4,
2018-08-27T13:30:00Z,7527.37,7558.48,7512.02,7551.24,
2018-08-27T17:30:00Z,7551.17,7560.76,7547.06,7559.13,
2018-08-28T13:30:00Z,7580.85,7588.72,7556.71,7569.36,
2018-08-28T17:30:00Z,7569.41,7581.22,7560.21,7570.25,
2018-08-29T13:30:00Z,7585.13,7650.77,7583.52,7645.24,
2018-08-29T17:30:00Z,7645.2,7661.95,7641.18,7660.18,
2018-08-30T13:30:00Z,7645.11,7691.1,7634.76,7689.56,
2018-08-30T17:30:00Z,7689.58,7690.16,7619.73,7642.67,
2018-08-31T13:30:00Z,7634.44,7676.46,7634.44,7645.99,
2018-08-31T17:30:00Z,7646.04,7658.43,7628.54,7654.55,
2018-09-04T13:30:00Z,7629.34,7643.45,7581.35,7613.47,
2018-09-04T17:30:00Z,7613.58,7629.55,7602.51,7622.32,
2018-09-05T13:30:00Z,7600.95,7607.18,7498.38,7547.21,
2018-09-05T17:30:00Z,7547.16,7554.27,7506.83,7523.26,
2018-09-06T13:30:00Z,7527.22,7532.3,7405.32,7431.84,
2018-09-06T17:30:00Z,7431.8,7464.93,7424.28,7453.17,
2018-09-07T13:30:00Z,7402.19,7489.4,7400.99,7446.16,
2018-09-07T17:30:00Z,7446.11,7456.88,7420.7,7430.26,
2018-09-10T13:30:00Z,7466.76,7473.75,7410.74,7447.11,
2018-09-10T17:30:00Z,7447.08,7456.97,7439.14,7447.68,
2018-09-11T13:30:00Z,7415.09,7519.45,7401.72,7488.95,
2018-09-11T17:30:00Z,7488.73,7512.95,7486.56,7507.87,
2018-09-12T13:30:00Z,7493.38,7501.24,7422.91,7484.63,
2018-09-12T17:30:00Z,7484.61,7490.98,7455.85,7488.06,
2018-09-13T13:30:00Z,7535.23,7578.76,7531.66,7560.45,
2018-09-13T17:30:00Z,7560.43,7569.28,7545.28,7561.69,
2018-09-14T13:30:00Z,7575.38,7581.3,7515.04,7536.41,
2018-09-14T17:30:00Z,7536.32,7552.33,7536.32,7545.5,
2018-09-17T13:30:00Z,7522.59,7533.92,7452.58,7471.43,
2018-09-17T17:30:00Z,7471.42,7487.15,7427.79,7434.73,
2018-09-18T13:30:00Z,7440.86,7531.2,7436.53,7502.8,
2018-09-18T17:30:00Z,7502.79,7520.39,7493.7,7494.4,
2018-09-19T13:30:00Z,7498.24,7513.34,7441.56,7461.02,
2018-09-19T17:30:00Z,7460.84,7497.35,7460.39,7490.32,
2018-09-20T13:30:00Z,7534.02,7579.3,7523.87,7571.07,
2018-09-20T17:30:00Z,7570.97,7582.43,7563.86,7569.03,
2018-09-21T13:30:00Z,7587.39,7603.86,7547.13,7556.9,
2018-09-21T17:30:00Z,7556.85,7559.4,7522.12,7531.07,
2018-09-24T13:30:00Z,7477.45,7537.45,7447.23,7527.74,
2018-09-24T17:30:00Z,7527.73,7554.95,7527.73,7548.75,
2018-09-25T13:30:00Z,7552.02,7565.37,7525.19,7559.2,
2018-09-25T17:30:00Z,7559.21,7568.17,7546.8,7563.19,
2018-09-26T13:30:00Z,7563.96,7612.82,7563.96,7606.7,
2018-09-26T17:30:00Z,7606.77,7637.62,7553.26,7563.09,
2018-09-27T13:30:00Z,7600.35,7657.8,7596.96,7652.32,
2018-09-27T17:30:00Z,7652.38,7655.19,7624.19,7629.57,
2018-09-28T13:30:00Z,7612.65,7649.3,7598.69,7627.24,
2018-09-28T17:30:00Z,7627.18,7632.76,7612.29,7627.65,
2018-10-01T13:30:00Z,7673.0,7700.56,7657.56,7667.81,
2018-10-01T17:30:00Z,7667.84,7670.07,7627.47,7645.45,
2018-10-02T13:30:00Z,7632.37,7685.36,7610.25,7660.88,
2018-10-02T17:30:00Z,7660.9,7667.77,7610.99,7628.28,
2018-10-03T13:30:00Z,7663.09,7676.9,7639.26,7665.09,
2018-10-03T17:30:00Z,7665.12,7667.66,7625.6,7637.43,
2018-10-04T13:30:00Z,7603.01,7608.24,7457.01,7465.91,
2018-10-04T17:30:00Z,7465.9,7497.5,7436.26,7490.0,
2018-10-05T13:30:00Z,7482.04,7510.45,7327.44,7333.85,
2018-10-05T17:30:00Z,7333.86,7424.36,7331.61,7399.01,
2018-10-08T13:30:00Z,7356.54,7415.54,7267.02,7279.05,
2018-10-08T17:30:00Z,7279.01,7371.05,7278.24,7352.82,
2018-10-09T13:30:00Z,7352.44,7430.36,7339.86,7377.44,
2018-10-09T17:30:00Z,7377.37,7390.61,7351.21,7371.62,
2018-10-10T13:30:00Z,7319.81,7329.24,7179.82,7227.6,
2018-10-10T17:30:00Z,7227.39,7236.45,7042.06,7044.5,
2018-10-11T13:30:00Z,7013.48,7120.1,6959.68,7067.61,
2018-10-11T17:30:00Z,7067.78,7078.5,6892.89,6964.03,
2018-10-12T13:30:00Z,7150.21,7156.9,7019.89,7080.83,
2018-10-12T17:30:00Z,7080.82,7179.04,7046.62,7157.21,
2018-10-15T13:30:00Z,7129.31,7143.48,7047.47,7104.33,
2018-10-15T17:30:00Z,7104.09,7144.16,7067.21,7068.67,
2018-10-16T13:30:00Z,7141.67,7238.26,7133.29,7233.96,
2018-10-16T17:30:00Z,7234.01,7291.26,7234.01,7276.43,
2018-10-17T13:30:00Z,7310.0,7311.85,7205.76,7283.18,
2018-10-17T17:30:00Z,7283.55,7295.99,7233.01,7278.63,
2018-10-18T13:30:00Z,7250.92,7251.54,7086.98,7097.28,
2018-10-18T17:30:00Z,7097.24,7147.21,7081.89,7116.09,
2018-10-19T13:30:00Z,7169.45,7227.96,7086.45,7140.18,
2018-10-19T17:30:00Z,7140.2,7146.41,7080.74,7107.23,
2018-10-22T13:30:00Z,7146.03,7193.72,7088.9,7147.89,
2018-10-22T17:30:00Z,7147.67,7182.99,7133.51,7141.21,
2018-10-23T13:30:00Z,7002.69,7080.96,6933.56,7066.93,
2018-10-23T17:30:00Z,7066.19,7149.13,7041.85,7118.67,
2018-10-24T13:30:00Z,7101.85,7117.34,6953.29,6960.41,
2018-10-24T17:30:00Z,6960.73,6968.17,6777.47,6789.15,
2018-10-25T13:30:00Z,6891.27,6999.75,6866.75,6978.79,
2018-10-25T17:30:00Z,6978.64,7063.92,6970.76,7016.39,
2018-10-26T13:30:00Z,6804.69,6976.94,6743.78,6916.86,
2018-10-26T17:30:00Z,6916.81,6920.06,6800.33,6852.4,
2018-10-29T13:30:00Z,6954.69,6973.19,6779.97,6811.45,
2018-10-29T17:30:00Z,6811.47,6844.21,6574.75,6713.9,
2018-10-30T13:30:00Z,6673.84,6800.74,6652.53,6696.73,
2018-10-30T17:30:00Z,6695.95,6816.27,6669.8,6810.12,
2018-10-31T13:30:00Z,6933.11,7022.3,6924.09,7001.64,
2018-10-31T17:30:00Z,7002.0,7030.51,6964.83,6967.1,
2018-11-01T13:30:00Z,6980.79,7064.11,6932.21,7061.13,
2018-11-01T17:30:00Z,7061.15,7071.84,7037.51,7069.17,
2018-11-02T13:30:00Z,7042.3,7085.27,6909.07,6948.61,
2018-11-02T17:30:00Z,6948.62,6978.01,6913.08,6965.29,
2018-11-05T14:30:00Z,6946.15,6952.93,6859.8,6891.25,
2018-11-05T18:30:00Z,6891.24,6950.55,6885.27,6937.09,
2018-11-06T14:30:00Z,6939.13,7024.78,6936.08,6978.3,
2018-11-06T18:30:00Z,6978.32,6993.12,6928.0,6988.85,
2018-11-07T14:30:00Z,7068.5,7174.24,7057.71,7166.85,
2018-11-07T18:30:00Z,7166.82,7205.96,7145.58,7203.13,
2018-11-08T14:30:00Z,7176.19,7192.32,7142.18,7143.55,
2018-11-08T18:30:00Z,7143.45,7177.68,7125.14,7158.59,
2018-11-09T14:30:00Z,7095.45,7104.39,7005.41,7009.72,
2018-11-09T18:30:00Z,7009.7,7059.12,6982.89,7039.15,
2018-11-12T14:30:00Z,6990.37,6998.8,6819.38,6856.67,
2018-11-12T18:30:00Z,6856.7,6897.93,6820.03,6829.1,
2018-11-13T14:30:00Z,6858.59,6951.44,6825.82,6865.46,
2018-11-13T18:30:00Z,6865.73,6893.59,6811.68,6830.91,
2018-11-14T14:30:00Z,6896.2,6916.09,6764.28,6788.66,
2018-11-14T18:30:00Z,6788.63,6840.57,6736.18,6769.87,
2018-11-15T14:30:00Z,6750.63,6846.66,6702.42,6846.17,
2018-11-15T18:30:00Z,6846.59,6908.83,6839.52,6890.45,
2018-11-16T14:30:00Z,6823.03,6897.47,6797.43,6847.83,
2018-11-16T18:30:00Z,6848.0,6898.13,6828.93,6867.02,
2018-11-19T14:30:00Z,6832.25,6841.44,6645.69,6657.03,
2018-11-19T18:30:00Z,6657.07,6694.98,6623.37,6642.92,
2018-11-20T14:30:00Z,6475.68,6614.01,6442.36,6535.22,
2018-11-20T18:30:00Z,6535.03,6554.64,6483.77,6526.96,
2018-11-21T14:30:00Z,6608.12,6639.37,6566.31,6615.14,
2018-11-21T18:30:00Z,6615.12,6627.08,6574.52,6575.66,
2018-11-23T14:30:00Z,6525.02,6591.56,6524.55,6527.35,
2018-11-26T14:30:00Z,6616.79,6656.89,6590.89,6621.64,
2018-11-26T18:30:00Z,6621.66,6679.91,6617.54,6678.34,
2018-11-27T14:30:00Z,6639.39,6715.41,6609.08,6675.64,
2018-11-27T18:30:00Z,6675.54,6711.85,6675.53,6701.04,
2018-11-28T14:30:00Z,6756.13,6854.42,6713.29,6844.29,
2018-11-28T18:30:00Z,6844.3,6914.79,6843.29,6913.33,
2018-11-29T14:30:00Z,6890.84,6904.96,6839.45,6891.55,
2018-11-29T18:30:00Z,6891.6,6938.02,6886.08,6892.4,
2018-11-30T14:30:00Z,6902.24,6927.86,6872.29,6891.47,
2018-11-30T18:30:00Z,6891.52,6951.13,6888.81,6949.01,
2018-12-03T14:30:00Z,7106.84,7107.0,7023.31,7051.1,
2018-12-03T18:30:00Z,7051.08,7065.0,7013.2,7062.13,
2018-12-04T14:30:00Z,7026.81,7045.68,6835.72,6850.56,
2018-12-04T18:30:00Z,6850.42,6891.48,6785.85,6795.21,
2018-12-06T14:30:00Z,6652.13,6792.59,6630.82,6735.25,
2018-12-06T18:30:00Z,6735.31,6840.5,6720.89,6838.85,
2018-12-07T14:30:00Z,6806.63,6849.38,6651.71,6691.65,
2018-12-07T18:30:00Z,6691.78,6692.34,6594.54,6613.27,
2018-12-10T14:30:00Z,6603.36,6669.22,6534.33,6617.33,
2018-12-10T18:30:00Z,6617.43,6710.39,6615.05,6682.74,
2018-12-11T14:30:00Z,6782.41,6788.47,6691.17,6706.4,
2018-12-11T18:30:00Z,6706.37,6758.77,6650.83,6704.24,
2018-12-12T14:30:00Z,6800.55,6867.66,6777.07,6861.06,
2018-12-12T18:30:00Z,6861.07,6863.18,6761.78,6763.96,
2018-12-13T14:30:00Z,6805.7,6833.78,6727.69,6738.81,
2018-12-13T18:30:00Z,6738.83,6779.91,6724.04,6767.97,
2018-12-14T14:30:00Z,6679.91,6710.41,6642.09,6647.8,
2018-12-14T18:30:00Z,6646.73,6647.1,6585.31,6594.96,
2018-12-17T14:30:00Z,6571.0,6621.63,6499.26,6522.25,
2018-12-17T18:30:00Z,6521.87,6528.92,6399.55,6448.39,
2018-12-18T14:30:00Z,6503.12,6551.04,6475.48,6532.6,
2018-12-18T18:30:00Z,6532.46,6533.17,6434.6,6491.52,
2018-12-19T14:30:00Z,6480.31,6569.6,6471.15,6523.77,
2018-12-19T18:30:00Z,6523.78,6575.39,6284.72,6342.97,
2018-12-20T14:30:00Z,6312.72,6380.97,6196.42,6242.73,
2018-12-20T18:30:00Z,6242.76,6294.66,6161.85,6243.19,
2018-12-21T14:30:00Z,6293.05,6308.31,6074.84,6127.24,
2018-12-21T18:30:00Z,6127.53,6155.21,6013.98,6046.56,
2018-12-24T14:30:00Z,5994.08,6075.17,5895.12,5899.35,
2018-12-26T14:30:00Z,5969.08,6124.32,5921.86,6092.88,
2018-12-26T18:30:00Z,6092.93,6263.82,6091.29,6262.77,
2018-12-27T14:30:00Z,6168.6,6210.46,6089.21,6098.94,
2018-12-27T18:30:00Z,6097.51,6291.99,6043.45,6288.3,
2018-12-28T14:30:00Z,6326.62,6335.15,6233.69,6291.14,
2018-12-28T18:30:00Z,6291.09,6388.36,6264.38,6285.27,
2018-12-31T14:30:00Z,6354.84,6365.39,6273.94,6348.24,
2018-12-31T18:30:00Z,6348.25,6349.0,6284.79,6329.96,
2019-01-02T14:30:00Z,6198.68,6385.37,6198.68,6380.27,
2019-01-02T18:30:00Z,6380.23,6394.74,6320.17,6360.87,
2019-01-03T14:30:00Z,6274.76,6292.68,6159.97,6197.92,
2019-01-03T18:30:00Z,6197.84,6218.67,6139.4,6147.13,
2019-01-04T14:30:00Z,6250.05,6436.87,6234.59,6433.46,
2019-01-04T18:30:00Z,6433.61,6445.2,6393.87,6422.67,
2019-01-07T14:30:00Z,6434.55,6521.44,6412.98,6512.45,
2019-01-07T18:30:00Z,6512.48,6517.28,6470.44,6488.25,
2019-01-08T14:30:00Z,6555.91,6574.73,6457.0,6527.91,
2019-01-08T18:30:00Z,6527.96,6557.87,6516.52,6551.85,
2019-01-09T14:30:00Z,6576.54,6621.8,6549.44,6616.89,
2019-01-09T18:30:00Z,6616.95,6631.06,6581.5,6600.69,
2019-01-10T14:30:00Z,6551.05,6614.79,6517.54,6580.27,
2019-01-10T18:30:00Z,6580.34,6625.11,6555.33,6620.94,
2019-01-11T14:30:00Z,6579.89,6604.56,6562.04,6579.3,
2019-01-11T18:30:00Z,6579.29,6604.51,6574.75,6601.4,
2019-01-14T14:30:00Z,6536.37,6566.11,6512.64,6558.98,
2019-01-14T18:30:00Z,6559.04,6566.87,6535.92,6541.04,
2019-01-15T14:30:00Z,6571.15,6674.53,6567.32,6665.87,
2019-01-15T18:30:00Z,6665.85,6673.42,6618.91,6669.64,
2019-01-16T14:30:00Z,6677.38,6720.41,6665.05,6676.57,
2019-01-16T18:30:00Z,6676.56,6693.79,6665.3,6668.56,
2019-01-17T14:30:00Z,6646.19,6688.31,6637.1,6684.5,
2019-01-17T18:30:00Z,6684.51,6747.28,6674.23,6718.45,
2019-01-18T14:30:00Z,6771.52,6816.23,6727.94,6794.65,
2019-01-18T18:30:00Z,6794.85,6797.73,6760.86,6784.61,
2019-01-22T14:30:00Z,6736.65,6738.57,6635.64,6647.76,
2019-01-22T18:30:00Z,6647.75,6657.76,6603.56,6646.81,
2019-01-23T14:30:00Z,6689.08,6712.86,6584.5,6625.8,
2019-01-23T18:30:00Z,6625.79,6660.49,6616.09,6658.76,
2019-01-24T14:30:00Z,6680.34,6710.73,6656.52,6666.75,
2019-01-24T18:30:00Z,6666.76,6706.25,6662.83,6702.55,
2019-01-25T14:30:00Z,6755.67,6800.97,6733.32,6790.83,
2019-01-25T18:30:00Z,6790.86,6798.35,6769.68,6787.37,
2019-01-28T14:30:00Z,6691.84,6694.35,6644.31,6672.79,
2019-01-28T18:30:00Z,6672.8,6697.53,6671.08,6697.09,
2019-01-29T14:30:00Z,6695.71,6701.47,6613.42,6644.0,
2019-01-29T18:30:00Z,6643.95,6652.45,6620.31,6632.79,
2019-01-30T14:30:00Z,6708.56,6752.63,6688.33,6741.82,
2019-01-30T18:30:00Z,6741.84,6826.92,6735.79,6807.91,
2019-01-31T14:30:00Z,6840.93,6936.34,6837.92,6902.49,
2019-01-31T18:30:00Z,6902.43,6917.71,6878.48,6906.84,
2019-02-01T14:30:00Z,6872.73,6921.95,6866.57,6882.9,
2019-02-01T18:30:00Z,6882.82,6887.08,6857.31,6875.52,
2019-02-04T14:30:00Z,6876.56,6945.07,6872.6,6937.34,
2019-02-04T18:30:00Z,6937.33,6960.97,6937.28,6959.96,
2019-02-05T14:30:00Z,6969.37,7024.8,6967.94,6992.33,
2019-02-05T18:30:00Z,6992.32,7029.77,6990.05,7023.52,
2019-02-06T14:30:00Z,7023.89,7034.94,6969.83,7002.95,
2019-02-06T18:30:00Z,7002.98,7009.13,6981.52,6997.62,
2019-02-07T14:30:00Z,6934.33,6954.77,6854.35,6885.25,
2019-02-07T18:30:00Z,6885.27,6905.97,6867.44,6904.98,
2019-02-08T14:30:00Z,6843.33,6881.47,6836.7,6874.08,
2019-02-08T18:30:00Z,6873.93,6914.56,6871.39,6913.13,
2019-02-11T14:30:00Z,6941.26,6958.33,6905.52,6909.09,
2019-02-11T18:30:00Z,6909.11,6916.03,6893.8,6909.18,
2019-02-12T14:30:00Z,6960.55,7010.87,6948.33,7005.64,
2019-02-12T18:30:00Z,7005.65,7021.76,7005.64,7014.67,
2019-02-13T14:30:00Z,7038.32,7062.58,7015.46,7034.26,
2019-02-13T18:30:00Z,7034.33,7045.36,7009.73,7015.88,
2019-02-14T14:30:00Z,6986.51,7044.14,6969.69,7036.17,
2019-02-14T18:30:00Z,7036.18,7047.88,7021.06,7022.42,
2019-02-15T14:30:00Z,7066.38,7073.99,7022.3,7027.63,
2019-02-15T18:30:00Z,7027.4,7055.18,7027.2,7055.18,
2019-02-19T14:30:00Z,7033.37,7085.17,7032.78,7072.84,
2019-02-19T18:30:00Z,7072.68,7089.1,7063.62,7066.61,
2019-02-20T14:30:00Z,7070.24,7096.15,7032.43,7062.22,
2019-02-20T18:30:00Z,7062.25,7080.57,7027.37,7062.34,
2019-02-21T14:30:00Z,7047.08,7063.07,7001.8,7052.75,
2019-02-21T18:30:00Z,7052.76,7053.31,7008.5,7035.16,
2019-02-22T14:30:00Z,7055.2,7094.29,7050.01,7080.77,
2019-02-22T18:30:00Z,7080.79,7090.63,7054.06,7090.63,
2019-02-25T14:30:00Z,7144.34,7161.73,7113.79,7121.88,
2019-02-25T18:30:00Z,7121.85,7136.94,7111.78,7115.43,
2019-02-26T14:30:00Z,7098.97,7134.15,7087.14,7117.35,
2019-02-26T18:30:00Z,7117.24,7144.65,7111.28,7123.22,
2019-02-27T14:30:00Z,7095.75,7115.53,7045.41,7110.96,
2019-02-27T18:30:00Z,7110.94,7125.78,7104.53,7117.0,
2019-02-28T14:30:00Z,7093.2,7125.92,7081.92,7117.79,
2019-02-28T18:30:00Z,7117.78,7123.54,7089.26,7097.53,
2019-03-01T14:30:00Z,7152.08,7155.28,7101.07,7132.75,
2019-03-01T18:30:00Z,7132.78,7159.96,7132.61,7151.57,
2019-03-04T14:30:00Z,7193.88,7205.94,7073.4,7113.9,
2019-03-04T18:30:00Z,7113.71,7152.8,7108.3,7150.83,
2019-03-05T14:30:00Z,7156.66,7172.68,7120.69,7155.44,
2019-03-05T18:30:00Z,7155.34,7178.3,7153.67,7156.79,
2019-03-06T14:30:00Z,7156.24,7162.24,7105.55,7108.11,
2019-03-06T18:30:00Z,7108.1,7131.24,7104.55,7112.47,
2019-03-07T14:30:00Z,7089.63,7097.91,7023.39,7060.19,
2019-03-07T18:30:00Z,7060.16,7060.24,7001.81,7026.88,
2019-03-08T14:30:00Z,6940.9,6999.51,6940.72,6966.02,
2019-03-08T18:30:00Z,6966.04,7018.92,6961.9,7015.69,
2019-03-11T13:30:00Z,7050.05,7149.64,7049.56,7149.58,
2019-03-11T17:30:00Z,7149.64,7166.92,7145.6,7164.02,
2019-03-12T13:30:00Z,7176.23,7219.41,7166.95,7210.37,
2019-03-12T17:30:00Z,7210.36,7218.55,7188.09,7201.28,
2019-03-13T13:30:00Z,7231.05,7282.5,7229.88,7275.8,
2019-03-13T17:30:00Z,7275.83,7292.86,7252.21,7256.98,
2019-03-14T13:30:00Z,7257.31,7267.94,7240.96,7258.45,
2019-03-14T17:30:00Z,7258.46,7259.9,7241.15,7243.01,
2019-03-15T13:30:00Z,7274.14,7328.22,7265.63,7320.48,
2019-03-15T17:30:00Z,7320.52,7331.29,7296.2,7306.99,
2019-03-18T13:30:00Z,7311.63,7348.69,7293.85,7311.42,
2019-03-18T17:30:00Z,7311.41,7330.73,7309.32,7326.28,
2019-03-19T13:30:00Z,7357.58,7390.29,7345.93,7371.17,
2019-03-19T17:30:00Z,7371.08,7376.61,7321.93,7349.28,
2019-03-20T13:30:00Z,7348.99,7357.54,7318.42,7332.24,
2019-03-20T17:30:00Z,7332.22,7422.75,7331.76,7380.75,
2019-03-21T13:30:00Z,7356.94,7460.85,7356.94,7460.85,
2019-03-21T17:30:00Z,7461.06,7505.41,7458.56,7493.27,
2019-03-22T13:30:00Z,7458.44,7482.35,7347.41,7360.17,
2019-03-22T17:30:00Z,7360.25,7390.45,7323.52,7326.06,
2019-03-25T13:30:00Z,7299.93,7342.51,7265.28,7296.34,
2019-03-25T17:30:00Z,7296.33,7327.27,7271.25,7316.96,
2019-03-26T13:30:00Z,7378.23,7417.26,7350.34,7361.8,
2019-03-26T17:30:00Z,7361.84,7361.87,7314.38,7351.15,
2019-03-27T13:30:00Z,7364.47,7376.99,7252.06,7306.96,
2019-03-27T17:30:00Z,7306.78,7322.17,7289.99,7308.19,
2019-03-28T13:30:00Z,7325.06,7346.04,7277.69,7320.17,
2019-03-28T17:30:00Z,7320.18,7326.25,7302.61,7320.47,
2019-03-29T13:30:00Z,7377.77,7380.12,7333.17,7359.42,
2019-03-29T17:30:00Z,7359.3,7381.69,7355.09,7378.77,
2019-04-01T13:30:00Z,7450.81,7469.11,7422.44,7464.85,
2019-04-01T17:30:00Z,7464.93,7481.84,7462.46,7478.42,
2019-04-02T13:30:00Z,7473.51,7492.9,7461.51,7492.31,
2019-04-02T17:30:00Z,7492.36,7507.05,7489.97,7499.64,
2019-04-03T13:30:00Z,7538.17,7589.69,7529.89,7570.6,
2019-04-03T17:30:00Z,7570.55,7570.77,7520.4,7544.97,
2019-04-04T13:30:00Z,7542.16,7571.13,7496.3,7521.1,
2019-04-04T17:30:00Z,7521.09,7546.01,7517.69,7540.57,
2019-04-05T13:30:00Z,7564.27,7581.02,7554.91,7574.77,
2019-04-05T17:30:00Z,7574.75,7581.9,7567.9,7578.84,
2019-04-08T13:30:00Z,7565.06,7582.55,7536.42,7582.29,
2019-04-08T17:30:00Z,7582.46,7602.08,7580.95,7599.74,
2019-04-09T13:30:00Z,7571.88,7596.75,7563.25,7575.14,
2019-04-09T17:30:00Z,7574.86,7577.09,7555.62,7568.49,
2019-04-10T13:30:00Z,7581.39,7606.52,7573.28,7592.11,
2019-04-10T17:30:00Z,7592.04,7613.41,7580.1,7611.49,
2019-04-11T13:30:00Z,7621.4,7621.4,7589.24,7600.47,
2019-04-11T17:30:00Z,7600.51,7600.85,7580.71,7594.89,
2019-04-12T13:30:00Z,7624.15,7630.52,7596.56,7617.69,
2019-04-12T17:30:00Z,7617.72,7628.15,7613.05,7628.15,
2019-04-15T13:30:00Z,7630.6,7636.8,7578.54,7610.43,
2019-04-15T17:30:00Z,7610.4,7634.76,7609.6,7629.12,
2019-04-16T13:30:00Z,7651.19,7670.4,7648.0,7660.37,
2019-04-16T17:30:00Z,7660.33,7667.31,7631.64,7654.73,
2019-04-17T13:30:00Z,7705.32,7715.07,7660.36,7677.85,
2019-04-17T17:30:00Z,7677.86,7686.48,7659.85,7680.72,
2019-04-18T13:30:00Z,7688.93,7691.41,7647.4,7680.86,
2019-04-18T17:30:00Z,7680.95,7694.18,7679.2,7689.72,
2019-04-22T13:30:00Z,7658.37,7704.71,7653.89,7698.97,
2019-04-22T17:30:00Z,7698.92,7715.33,7698.49,7713.49,
2019-04-23T13:30:00Z,7724.17,7809.76,7719.09,7804.73,
2019-04-23T17:30:00Z,7804.72,7819.34,7797.7,7810.71,
2019-04-24T13:30:00Z,7813.02,7827.05,7789.6,7799.32,
2019-04-24T17:30:00Z,7799.36,7808.13,7783.59,7784.41,
2019-04-25T13:30:00Z,7850.71,7851.97,7778.23,7823.9,
2019-04-25T17:30:00Z,7823.97,7837.88,7815.49,7816.92,
2019-04-26T13:30:00Z,7791.15,7803.69,7742.6,7791.59,
2019-04-26T17:30:00Z,7791.6,7826.89,7784.45,7826.68,
2019-04-29T13:30:00Z,7825.64,7845.57,7812.97,7841.9,
2019-04-29T17:30:00Z,7841.92,7851.85,7833.34,7839.04,
2019-04-30T13:30:00Z,7769.3,7792.32,7726.07,7762.13,
2019-04-30T17:30:00Z,7761.97,7788.87,7760.56,7781.46,
2019-05-01T13:30:00Z,7828.14,7850.45,7812.72,7824.79,
2019-05-01T17:30:00Z,7824.77,7851.03,7749.74,7751.85,
2019-05-02T13:30:00Z,7751.64,7791.51,7672.54,7717.06,
2019-05-02T17:30:00Z,7717.11,7731.9,7700.31,7724.06,
2019-05-03T13:30:00Z,7784.29,7841.3,7772.44,7841.1,
2019-05-03T17:30:00Z,7841.12,7847.52,7827.44,7845.73,
2019-05-06T13:30:00Z,7662.92,7773.06,7662.92,7754.4,
2019-05-06T17:30:00Z,7754.42,7804.54,7751.37,7794.09,
2019-05-07T13:30:00Z,7713.49,7743.06,7604.85,7609.82,
2019-05-07T17:30:00Z,7609.84,7643.08,7572.61,7640.15,
2019-05-08T13:30:00Z,7623.32,7678.82,7593.75,7656.57,
2019-05-08T17:30:00Z,7656.56,7670.47,7615.72,7617.55,
2019-05-09T13:30:00Z,7525.81,7605.03,7472.71,7569.86,
2019-05-09T17:30:00Z,7570.34,7603.64,7546.95,7582.75,
2019-05-10T13:30:00Z,7556.04,7575.66,7426.75,7535.03,
2019-05-10T17:30:00Z,7535.28,7623.01,7534.67,7586.53,
2019-05-13T13:30:00Z,7385.55,7433.92,7310.33,7313.76,
2019-05-13T17:30:00Z,7313.28,7374.13,7303.64,7324.13,
2019-05-14T13:30:00Z,7366.64,7446.64,7337.94,7444.18,
2019-05-14T17:30:00Z,7444.19,7449.03,7399.3,7401.88,
2019-05-15T13:30:00Z,7354.82,7507.32,7353.9,7494.81,
2019-05-15T17:30:00Z,7495.16,7524.22,7495.16,7503.25,
2019-05-16T13:30:00Z,7509.9,7627.03,7502.76,7603.36,
2019-05-16T17:30:00Z,7603.02,7607.31,7564.09,7580.14,
2019-05-17T13:30:00Z,7513.15,7605.67,7509.38,7555.31,
2019-05-17T17:30:00Z,7555.32,7568.5,7496.92,7503.68,
2019-05-20T13:30:00Z,7391.73,7424.59,7351.92,7394.91,
2019-05-20T17:30:00Z,7394.86,7398.75,7353.59,7376.7,
2019-05-21T13:30:00Z,7442.31,7466.58,7417.07,7455.26,
2019-05-21T17:30:00Z,7455.2,7472.71,7447.4,7451.02,
2019-05-22T13:30:00Z,7413.84,7458.11,7410.71,7418.2,
2019-05-22T17:30:00Z,7418.18,7452.11,7413.32,7420.66,
2019-05-23T13:30:00Z,7331.67,7337.47,7261.46,7284.93,
2019-05-23T17:30:00Z,7284.9,7317.24,7263.32,7307.93,
2019-05-24T13:30:00Z,7353.97,7371.3,7304.32,7322.24,
2019-05-24T17:30:00Z,7322.17,7335.18,7294.1,7300.96,
2019-05-28T13:30:00Z,7321.27,7362.29,7315.14,7325.23,
2019-05-28T17:30:00Z,7325.24,7336.11,7274.7,7278.38,
2019-05-29T13:30:00Z,7222.55,7254.2,7176.67,7220.55,
2019-05-29T17:30:00Z,7220.62,7236.6,7184.5,7216.86,
2019-05-30T13:30:00Z,7234.83,7262.77,7226.61,7234.97,
2019-05-30T17:30:00Z,7234.91,7250.97,7204.42,7245.4,
2019-05-31T13:30:00Z,7148.71,7183.23,7129.63,7164.17,
2019-05-31T17:30:00Z,7164.84,7172.22,7125.97,7127.96,
2019-06-03T13:30:00Z,7110.34,7126.43,6987.38,7009.02,
2019-06-03T17:30:00Z,7008.75,7014.7,6936.68,6978.02,
2019-06-04T13:30:00Z,7056.18,7142.56,7023.09,7141.65,
2019-06-04T17:30:00Z,7141.77,7169.79,7133.04,7166.75,
2019-06-05T13:30:00Z,7230.81,7235.23,7146.43,7206.97,
2019-06-05T17:30:00Z,7207.08,7224.17,7190.51,7220.9,
2019-06-06T13:30:00Z,7229.86,7247.87,7201.59,7231.07,
2019-06-06T17:30:00Z,7231.06,7293.22,7230.91,7275.93,
2019-06-07T13:30:00Z,7315.33,7445.99,7309.01,7422.8,
2019-06-07T17:30:00Z,7422.84,7434.1,7412.48,7417.29,
2019-06-10T13:30:00Z,7472.6,7573.0,7468.17,7533.25,
2019-06-10T17:30:00Z,7533.15,7537.58,7497.51,7501.93,
2019-06-11T13:30:00Z,7584.75,7595.57,7489.99,7496.1,
2019-06-11T17:30:00Z,7496.13,7529.25,7493.19,7513.85,
2019-06-12T13:30:00Z,7493.55,7507.52,7459.2,7474.35,
2019-06-12T17:30:00Z,7474.36,7480.92,7462.8,7472.29,
2019-06-13T13:30:00Z,7500.85,7530.91,7490.79,7511.34,
2019-06-13T17:30:00Z,7511.48,7516.1,7487.09,7510.68,
2019-06-14T13:30:00Z,7476.47,7489.58,7454.87,7476.32,
2019-06-14T17:30:00Z,7476.37,7500.74,7470.29,7479.11,
2019-06-17T13:30:00Z,7500.28,7546.99,7492.17,7532.74,
2019-06-17T17:30:00Z,7532.63,7542.98,7519.18,7526.52,
2019-06-18T13:30:00Z,7606.61,7689.08,7595.59,7636.56,
2019-06-18T17:30:00Z,7636.57,7658.44,7628.6,7635.4,
2019-06-19T13:30:00Z,7652.52,7655.37,7613.61,7621.61,
2019-06-19T17:30:00Z,7621.63,7681.56,7606.28,7667.74,
2019-06-20T13:30:00Z,7770.17,7770.61,7681.43,7721.82,
2019-06-20T17:30:00Z,7721.79,7747.35,7709.33,7738.05,
2019-06-21T13:30:00Z,7719.42,7772.53,7708.25,7736.81,
2019-06-21T17:30:00Z,7736.86,7747.88,7724.17,7728.78,
2019-06-24T13:30:00Z,7737.0,7746.68,7722.13,7733.39,
2019-06-24T17:30:00Z,7733.45,7737.18,7720.78,7723.02,
2019-06-25T13:30:00Z,7720.91,7723.04,7611.67,7637.84,
2019-06-25T17:30:00Z,7637.68,7649.08,7584.17,7591.54,
2019-06-26T13:30:00Z,7642.92,7688.64,7636.11,7636.11,
2019-06-26T17:30:00Z,7636.01,7638.8,7616.91,7627.05,
2019-06-27T13:30:00Z,7656.68,7672.98,7636.72,7664.16,
2019-06-27T17:30:00Z,7664.17,7671.93,7655.84,7657.05,
2019-06-28T13:30:00Z,7674.52,7682.26,7639.44,7660.03,
2019-06-28T17:30:00Z,7660.02,7675.04,7643.43,7671.07,
2019-07-01T13:30:00Z,7816.56,7820.81,7740.98,7753.74,
2019-07-01T17:30:00Z,7753.58,7773.11,7735.67,7768.14,
2019-07-02T13:30:00Z,7763.03,7782.13,7746.01,7763.26,
2019-07-02T17:30:00Z,7763.33,7800.47,7761.35,7799.82,
2019-07-03T13:30:00Z,7819.06,7857.69,7811.29,7857.69,
2019-07-05T13:30:00Z,7806.07,7836.25,7774.59,7836.25,
2019-07-05T17:30:00Z,7836.27,7854.71,7826.86,7841.3,
2019-07-08T13:30:00Z,7790.46,7790.46,7756.11,7774.16,
2019-07-08T17:30:00Z,7774.18,7792.2,7765.3,7785.79,
2019-07-09T13:30:00Z,7748.29,7820.67,7748.23,7814.33,
2019-07-09T17:30:00Z,7814.34,7833.92,7809.25,7826.86,
2019-07-10T13:30:00Z,7869.73,7923.93,7858.68,7900.45,
2019-07-10T17:30:00Z,7900.38,7912.35,7880.81,7903.4,
2019-07-11T13:30:00Z,7918.65,7934.6,7900.6,7903.32,
2019-07-11T17:30:00Z,7903.27,7905.21,7873.16,7896.78,
2019-07-12T13:30:00Z,7908.58,7935.79,7900.39,7931.5,
2019-07-12T17:30:00Z,7931.51,7944.08,7924.27,7943.24,
2019-07-15T13:30:00Z,7961.07,7963.25,7940.45,7949.04,
2019-07-15T17:30:00Z,7949.03,7969.79,7948.13,7966.93,
2019-07-16T13:30:00Z,7958.44,7965.76,7904.95,7938.34,
2019-07-16T17:30:00Z,7938.18,7939.62,7915.63,7927.08,
2019-07-17T13:30:00Z,7927.91,7941.1,7902.58,7920.47,
2019-07-17T17:30:00Z,7920.48,7926.0,7887.98,7888.76,
2019-07-18T13:30:00Z,7850.12,7886.12,7827.49,7851.41,
2019-07-18T17:30:00Z,7851.42,7912.33,7849.32,7904.13,
2019-07-19T13:30:00Z,7944.86,7950.22,7885.03,7903.04,
2019-07-19T17:30:00Z,7903.03,7906.94,7832.39,7834.9,
2019-07-22T13:30:00Z,7862.38,7901.31,7862.27,7891.65,
2019-07-22T17:30:00Z,7891.54,7918.47,7891.43,7905.12,
2019-07-23T13:30:00Z,7946.05,7946.84,7895.05,7916.43,
2019-07-23T17:30:00Z,7916.46,7955.09,7916.34,7954.56,
2019-07-24T13:30:00Z,7928.78,7978.34,7926.99,7974.49,
2019-07-24T17:30:00Z,7974.52,8010.83,7967.24,8010.6,
2019-07-25T13:30:00Z,7979.14,7983.96,7921.21,7929.81,
2019-07-25T17:30:00Z,7929.88,7949.2,7923.64,7929.87,
2019-07-26T13:30:00Z,7992.13,8021.35,7986.72,8018.08,
2019-07-26T17:30:00Z,8018.11,8027.18,8012.46,8016.95,
2019-07-29T13:30:00Z,8010.05,8010.05,7939.98,7982.47,
2019-07-29T17:30:00Z,7982.46,7995.64,7975.98,7989.08,
2019-07-30T13:30:00Z,7927.56,7963.69,7923.45,7951.26,
2019-07-30T17:30:00Z,7951.31,7983.11,7943.59,7952.47,
2019-07-31T13:30:00Z,7972.76,7979.2,7954.69,7961.07,
2019-07-31T17:30:00Z,7961.2,7966.05,7774.93,7848.78,
2019-08-01T13:30:00Z,7866.6,8000.94,7866.6,7919.95,
2019-08-01T17:30:00Z,7920.26,7940.2,7769.02,7801.15,
2019-08-02T13:30:00Z,7740.91,7755.09,7646.49,7659.15,
2019-08-02T17:30:00Z,7659.04,7714.39,7645.18,7692.8,
2019-08-05T13:30:00Z,7510.02,7528.9,7412.5,7434.34,
2019-08-05T17:30:00Z,7434.41,7452.76,7356.27,7415.69,
2019-08-06T13:30:00Z,7492.02,7528.55,7432.31,7494.73,
2019-08-06T17:30:00Z,7494.9,7541.74,7484.58,7521.32,
2019-08-07T13:30:00Z,7436.14,7525.97,7386.39,7494.89,
2019-08-07T17:30:00Z,7494.94,7569.9,7494.94,7551.9,
2019-08-08T13:30:00Z,7608.03,7698.63,7576.82,7680.54,
2019-08-08T17:30:00Z,7680.73,7726.46,7680.68,7724.83,
2019-08-09T13:30:00Z,7684.56,7709.5,7591.14,7664.03,
2019-08-09T17:30:00Z,7664.08,7687.92,7643.07,7646.27,
2019-08-12T13:30:00Z,7597.19,7623.44,7572.71,7600.03,
2019-08-12T17:30:00Z,7599.77,7600.21,7528.95,7561.68,
2019-08-13T13:30:00Z,7553.43,7778.34,7553.33,7723.54,
2019-08-13T17:30:00Z,7723.6,7754.41,7720.41,7728.15,
2019-08-14T13:30:00Z,7594.64,7621.7,7480.58,7519.74,
2019-08-14T17:30:00Z,7519.8,7537.49,7484.14,7490.13,
2019-08-15T13:30:00Z,7503.14,7523.5,7449.69,7481.42,
2019-08-15T17:30:00Z,7480.93,7507.64,7429.36,7484.89,
2019-08-16T13:30:00Z,7548.9,7622.73,7548.9,7614.75,
2019-08-16T17:30:00Z,7614.76,7617.13,7596.59,7604.11,
2019-08-19T13:30:00Z,7715.41,7740.74,7688.09,7737.53,
2019-08-19T17:30:00Z,7737.49,7737.53,7716.27,7719.32,
2019-08-20T13:30:00Z,7708.31,7731.31,7673.79,7708.12,
2019-08-20T17:30:00Z,7708.24,7709.19,7664.21,7664.47,
2019-08-21T13:30:00Z,7731.75,7754.66,7724.53,7735.55,
2019-08-21T17:30:00Z,7735.56,7738.69,7706.57,7733.22,
2019-08-22T13:30:00Z,7750.98,7764.79,7649.28,7715.52,
2019-08-22T17:30:00Z,7715.54,7735.25,7704.01,7707.43,
2019-08-23T13:30:00Z,7658.48,7722.43,7483.61,7485.12,
2019-08-23T17:30:00Z,7485.05,7511.9,7442.93,7464.99,
2019-08-26T13:30:00Z,7540.69,7573.9,7506.17,7556.33,
2019-08-26T17:30:00Z,7556.32,7577.77,7535.8,7575.02,
2019-08-27T13:30:00Z,7630.46,7640.68,7531.96,7550.41,
2019-08-27T17:30:00Z,7550.66,7598.15,7546.63,7566.03,
2019-08-28T13:30:00Z,7536.7,7592.64,7500.22,7572.33,
2019-08-28T17:30:00Z,7572.32,7598.15,7568.58,7587.9,
2019-08-29T13:30:00Z,7678.69,7717.54,7654.31,7707.99,
2019-08-29T17:30:00Z,7707.98,7723.94,7693.43,7702.31,
2019-08-30T13:30:00Z,7743.23,7747.08,7642.9,7667.42,
2019-08-30T17:30:00Z,7667.41,7692.6,7653.15,7691.0,
2019-09-03T13:30:00Z,7634.03,7670.17,7596.04,7606.6,
2019-09-03T17:30:00Z,7606.61,7621.88,7584.82,7609.51,
2019-09-04T13:30:00Z,7683.78,7713.32,7663.64,7713.08,
2019-09-04T17:30:00Z,7713.07,7724.91,7698.43,7719.25,
2019-09-05T13:30:00Z,7803.45,7879.97,7803.45,7849.59,
2019-09-05T17:30:00Z,7849.6,7867.33,7842.48,7862.54,
2019-09-06T13:30:00Z,7868.87,7871.82,7835.89,7867.63,
2019-09-06T17:30:00Z,7867.5,7874.99,7847.22,7852.54,
2019-09-09T13:30:00Z,7876.4,7877.41,7801.82,7813.42,
2019-09-09T17:30:00Z,7813.2,7838.17,7795.86,7832.4,
2019-09-10T13:30:00Z,7793.28,7808.85,7743.61,7785.97,
2019-09-10T17:30:00Z,7785.92,7817.58,7758.95,7814.74,
2019-09-11T13:30:00Z,7820.71,7888.34,7812.07,7876.61,
2019-09-11T17:30:00Z,7876.64,7887.58,7856.21,7887.58,
2019-09-12T13:30:00Z,7931.96,7975.33,7907.33,7947.27,
2019-09-12T17:30:00Z,7947.26,7956.95,7914.89,7917.34,
2019-09-13T13:30:00Z,7903.73,7923.41,7884.67,7894.94,
2019-09-13T17:30:00Z,7894.91,7899.44,7879.59,7892.95,
2019-09-16T13:30:00Z,7833.73,7868.74,7831.76,7842.11,
2019-09-16T17:30:00Z,7842.13,7857.9,7840.14,7852.41,
2019-09-17T13:30:00Z,7849.88,7866.5,7840.99,7855.99,
2019-09-17T17:30:00Z,7856.04,7891.21,7855.78,7888.79,
2019-09-18T13:30:00Z,7877.58,7879.25,7840.37,7840.48,
2019-09-18T17:30:00Z,7840.56,7891.17,7791.58,7888.56,
2019-09-19T13:30:00Z,7904.39,7950.21,7898.41,7907.83,
2019-09-19T17:30:00Z,7907.82,7915.38,7888.31,7901.79,
2019-09-20T13:30:00Z,7901.46,7920.53,7794.27,7830.24,
2019-09-20T17:30:00Z,7830.6,7851.02,7804.81,7823.55,
2019-09-23T13:30:00Z,7815.23,7836.11,7790.29,7831.69,
2019-09-23T17:30:00Z,7831.7,7842.98,7817.8,7818.61,
2019-09-24T13:30:00Z,7855.97,7873.25,7687.94,7696.82,
2019-09-24T17:30:00Z,7696.75,7750.8,7684.8,7710.04,
2019-09-25T13:30:00Z,7706.5,7756.25,7647.63,7747.77,
2019-09-25T17:30:00Z,7748.31,7822.43,7745.9,7803.54,
2019-09-26T13:30:00Z,7794.28,7796.91,7718.69,7741.47,
2019-09-26T17:30:00Z,7741.41,7798.12,7740.14,7771.99,
2019-09-27T13:30:00Z,7786.03,7790.8,7670.52,7680.13,
2019-09-27T17:30:00Z,7680.21,7686.81,7626.82,7681.58,
2019-09-30T13:30:00Z,7705.97,7761.84,7693.49,7750.86,
2019-09-30T17:30:00Z,7750.84,7760.02,7735.7,7749.45,
2019-10-01T13:30:00Z,7782.82,7821.72,7687.03,7687.47,
2019-10-01T17:30:00Z,7687.45,7714.49,7675.42,7684.14,
2019-10-02T13:30:00Z,7627.59,7631.34,7513.69,7541.92,
2019-10-02T17:30:00Z,7542.0,7577.7,7521.8,7550.79,
2019-10-03T13:30:00Z,7557.19,7624.87,7463.57,7617.96,
2019-10-03T17:30:00Z,7617.92,7640.42,7610.01,7638.39,
2019-10-04T13:30:00Z,7677.33,7730.59,7670.92,7725.4,
2019-10-04T17:30:00Z,7725.54,7759.36,7719.3,7754.1,
2019-10-07T13:30:00Z,7725.68,7774.11,7712.68,7747.66,
2019-10-07T17:30:00Z,7747.68,7784.79,7723.11,7725.13,
2019-10-08T13:30:00Z,7671.38,7684.86,7615.17,7671.7,
2019-10-08T17:30:00Z,7671.68,7707.17,7603.76,7604.27,
2019-10-09T13:30:00Z,7678.66,7706.73,7655.48,7686.36,
2019-10-09T17:30:00Z,7686.41,7717.94,7683.82,7690.53,
2019-10-10T13:30:00Z,7688.42,7772.68,7682.61,7730.99,
2019-10-10T17:30:00Z,7730.85,7748.2,7700.62,7740.36,
2019-10-11T13:30:00Z,7835.93,7896.29,7831.11,7874.98,
2019-10-11T17:30:00Z,7874.92,7904.05,7838.83,7843.87,
2019-10-14T13:30:00Z,7834.74,7865.67,7827.16,7847.21,
2019-10-14T17:30:00Z,7847.19,7860.05,7841.33,7842.33,
2019-10-15T13:30:00Z,7867.96,7947.26,7863.65,7943.69,
2019-10-15T17:30:00Z,7943.73,7960.14,7938.85,7942.85,
2019-10-16T13:30:00Z,7911.99,7941.76,7898.31,7906.11,
2019-10-16T17:30:00Z,7906.26,7925.23,7905.43,7920.21,
2019-10-17T13:30:00Z,7976.64,7981.14,7914.94,7938.22,
2019-10-17T17:30:00Z,7938.23,7950.49,7933.42,7942.14,
2019-10-18T13:30:00Z,7938.3,7946.81,7829.75,7873.27,
2019-10-18T17:30:00Z,7873.29,7900.93,7866.75,7868.49,
2019-10-21T13:30:00Z,7911.58,7934.24,7887.74,7931.32,
2019-10-21T17:30:00Z,7931.33,7941.48,7925.89,7940.33,
2019-10-22T13:30:00Z,7968.25,7977.01,7913.38,7925.27,
2019-10-22T17:30:00Z,7925.23,7927.12,7871.98,7874.62,
2019-10-23T13:30:00Z,7858.48,7888.93,7845.09,7876.42,
2019-10-23T17:30:00Z,7876.43,7890.21,7857.73,7889.47,
2019-10-24T13:30:00Z,7956.23,7969.66,7912.72,7951.42,
2019-10-24T17:30:00Z,7951.37,7968.61,7939.88,7966.72,
2019-10-25T13:30:00Z,7926.6,8032.52,7926.6,8021.68,
2019-10-25T17:30:00Z,8021.71,8033.29,8006.38,8029.22,
2019-10-28T13:30:00Z,8071.39,8112.63,8070.9,8108.64,
2019-10-28T17:30:00Z,8108.56,8119.73,8103.78,8110.67,
2019-10-29T13:30:00Z,8101.55,8108.61,8046.39,8068.88,
2019-10-29T17:30:00Z,8069.04,8072.64,8045.64,8047.51,
2019-10-30T13:30:00Z,8056.9,8060.51,8017.92,8045.45,
2019-10-30T17:30:00Z,8045.59,8096.33,8026.23,8083.11,
2019-10-31T13:30:00Z,8100.62,8110.44,8041.65,8067.93,
2019-10-31T17:30:00Z,8068.5,8086.84,8049.25,8083.83,
2019-11-01T13:30:00Z,8121.95,8157.41,8111.73,8133.55,
2019-11-01T17:30:00Z,8133.58,8161.98,8133.58,8161.17,
2019-11-04T14:30:00Z,8218.93,8228.33,8197.32,8216.48,
2019-11-04T18:30:00Z,8216.5,8222.79,8204.26,8210.66,
2019-11-05T14:30:00Z,8225.35,8228.73,8191.05,8224.66,
2019-11-05T18:30:00Z,8224.63,8229.09,8208.28,8210.18,
2019-11-06T14:30:00Z,8204.34,8204.34,8157.36,8185.81,
2019-11-06T18:30:00Z,8185.77,8196.36,8182.57,8196.03,
2019-11-07T14:30:00Z,8237.68,8271.82,8230.61,8256.02,
2019-11-07T18:30:00Z,8255.99,8256.12,8198.91,8219.65,
2019-11-08T14:30:00Z,8208.37,8240.4,8186.31,8227.3,
2019-11-08T18:30:00Z,8227.28,8256.29,8221.89,8255.89,
2019-11-11T14:30:00Z,8212.37,8240.84,8202.36,8240.45,
2019-11-11T18:30:00Z,8240.43,8245.89,8233.02,8241.91,
2019-11-12T14:30:00Z,8249.62,8293.18,8247.54,8278.47,
2019-11-12T18:30:00Z,8278.44,8285.13,8238.33,8263.79,
2019-11-13T14:30:00Z,8235.68,8274.61,8233.38,8267.5,
2019-11-13T18:30:00Z,8267.49,8273.13,8234.08,8259.81,
2019-11-14T14:30:00Z,8238.85,8258.06,8212.59,8245.54,
2019-11-14T18:30:00Z,8245.53,8264.94,8229.0,8257.83,
2019-11-15T14:30:00Z,8303.84,8315.9,8284.2,8303.0,
2019-11-15T18:30:00Z,8303.04,8315.52,8291.72,8315.52,
2019-11-18T14:30:00Z,8303.22,8321.64,8274.68,8320.62,
2019-11-18T18:30:00Z,8320.64,8340.41,8317.04,8328.48,
2019-11-19T14:30:00Z,8357.43,8357.8,8308.28,8341.48,
2019-11-19T18:30:00Z,8341.49,8357.12,8336.58,8338.74,
2019-11-20T14:30:00Z,8315.55,8339.26,8226.25,8239.38,
2019-11-20T18:30:00Z,8239.1,8284.53,8234.33,8283.75,
2019-11-21T14:30:00Z,8273.95,8280.69,8242.22,8268.37,
2019-11-21T18:30:00Z,8268.43,8282.33,8252.41,8265.62,
2019-11-22T14:30:00Z,8287.25,8292.11,8229.49,8265.7,
2019-11-22T18:30:00Z,8265.71,8273.26,8255.31,8272.05,
2019-11-25T14:30:00Z,8309.55,8364.92,8309.55,8358.54,
2019-11-25T18:30:00Z,8358.81,8372.82,8355.99,8371.93,
2019-11-26T14:30:00Z,8374.26,8398.04,8364.11,8391.46,
2019-11-26T18:30:00Z,8391.44,8394.96,8379.3,8385.75,
2019-11-27T14:30:00Z,8407.23,8439.44,8399.63,8438.33,
2019-11-27T18:30:00Z,8438.34,8445.61,8434.36,8444.71,
2019-11-29T14:30:00Z,8422.02,8435.96,8402.13,8403.68,
2019-12-02T14:30:00Z,8409.87,8409.87,8274.61,8316.02,
2019-12-02T18:30:00Z,8315.96,8331.93,8309.26,8309.26,
2019-12-03T14:30:00Z,8201.63,8229.84,8167.36,8228.99,
2019-12-03T18:30:00Z,8229.0,8258.4,8212.78,8254.74,
2019-12-04T14:30:00Z,8291.86,8316.46,8285.88,8300.2,
2019-12-04T18:30:00Z,8300.24,8314.62,8295.03,8296.53,
2019-12-05T14:30:00Z,8321.19,8321.19,8272.83,8289.48,
2019-12-05T18:30:00Z,8289.4,8312.78,8285.37,8308.4,
2019-12-06T14:30:00Z,8370.23,8402.5,8365.25,8399.47,
2019-12-06T18:30:00Z,8399.48,8405.85,8392.83,8397.37,
2019-12-09T14:30:00Z,8388.75,8425.77,8381.65,8386.21,
2019-12-09T18:30:00Z,8386.25,8391.48,8359.87,8362.74,
2019-12-10T14:30:00Z,8364.55,8392.89,8339.37,8374.55,
2019-12-10T18:30:00Z,8374.56,8375.56,8340.73,8354.29,
2019-12-11T14:30:00Z,8371.65,8393.26,8361.37,8379.49,
2019-12-11T18:30:00Z,8379.51,8408.08,8375.2,8402.61,
2019-12-12T14:30:00Z,8391.91,8493.11,8380.09,8437.29,
2019-12-12T18:30:00Z,8437.28,8476.71,8417.04,8466.89,
2019-12-13T14:30:00Z,8461.42,8517.52,8441.88,8492.27,
2019-12-13T18:30:00Z,8492.29,8498.64,8485.52,8487.71,
2019-12-16T14:30:00Z,8544.26,8584.55,8542.42,8577.83,
2019-12-16T18:30:00Z,8577.77,8584.78,8569.16,8570.33,
2019-12-17T14:30:00Z,8586.33,8592.45,8564.15,8572.13,
2019-12-17T18:30:00Z,8572.12,8580.74,8569.93,8575.7,
2019-12-18T14:30:00Z,8587.2,8608.1,8578.56,8597.4,
2019-12-18T18:30:00Z,8597.41,8605.04,8579.12,8580.62,
2019-12-19T14:30:00Z,8592.68,8629.18,8592.68,8624.94,
2019-12-19T18:30:00Z,8624.92,8642.74,8624.14,8641.29,
2019-12-20T14:30:00Z,8666.57,8687.31,8656.48,8683.95,
2019-12-20T18:30:00Z,8683.92,8687.66,8664.9,8678.49,
2019-12-23T14:30:00Z,8703.06,8710.9,8694.78,8705.7,
2019-12-23T18:30:00Z,8705.69,8705.96,8690.14,8696.01,
2019-12-24T14:30:00Z,8705.3,8708.22,8684.12,8699.51,
2019-12-26T14:30:00Z,8717.95,8762.28,8716.03,8762.2,
2019-12-26T18:30:00Z,8762.21,8778.33,8755.48,8778.31,
2019-12-27T14:30:00Z,8805.86,8811.1,8758.26,8766.32,
2019-12-27T18:30:00Z,8766.33,8784.7,8749.86,8770.98,
2019-12-30T14:30:00Z,8766.39,8768.29,8671.92,8723.67,
2019-12-30T18:30:00Z,8723.66,8730.32,8700.25,8709.73,
2019-12-31T14:30:00Z,8681.33,8724.2,8674.38,8701.56,
2019-12-31T18:30:00Z,8701.79,8735.43,8700.54,8733.07,
2020-01-02T14:30:00Z,8802.22,8831.23,8786.9,8821.17,
2020-01-02T18:30:00Z,8821.22,8873.63,8817.69,8872.22,
2020-01-03T14:30:00Z,8755.17,8843.65,8755.17,8832.91,
2020-01-03T18:30:00Z,8832.82,8833.3,8792.45,8793.9,
2020-01-06T14:30:00Z,8713.89,8820.08,8713.89,8818.61,
2020-01-06T18:30:00Z,8818.74,8849.98,8810.83,8848.52,
2020-01-07T14:30:00Z,8857.14,8872.47,8821.68,8864.89,
2020-01-07T18:30:00Z,8864.76,8869.07,8841.56,8846.45,
2020-01-08T14:30:00Z,8845.45,8926.6,8834.94,8921.24,
2020-01-08T18:30:00Z,8921.37,8953.55,8906.94,8912.37,
2020-01-09T14:30:00Z,8990.04,9004.55,8938.53,8969.38,
2020-01-09T18:30:00Z,8969.49,8990.34,8966.29,8989.63,
2020-01-10T14:30:00Z,9021.88,9024.87,8973.61,8995.18,
2020-01-10T18:30:00Z,8995.19,9001.3,8951.83,8966.64,
2020-01-13T14:30:00Z,9007.94,9056.97,8991.35,9053.84,
2020-01-13T18:30:00Z,9054.01,9071.53,9045.7,9070.65,
2020-01-14T14:30:00Z,9068.02,9075.4,9020.92,9074.58,
2020-01-14T18:30:00Z,9074.54,9080.16,9021.14,9033.42,
2020-01-15T14:30:00Z,9039.31,9078.87,9037.32,9047.05,
2020-01-15T18:30:00Z,9047.03,9059.2,9008.95,9035.67,
2020-01-16T14:30:00Z,9088.08,9105.79,9066.31,9082.02,
2020-01-16T18:30:00Z,9082.04,9126.07,9079.96,9125.0,
2020-01-17T14:30:00Z,9159.48,9160.43,9118.98,9144.16,
2020-01-17T18:30:00Z,9144.2,9176.47,9136.38,9173.73,
2020-01-21T14:30:00Z,9145.64,9187.42,9144.51,9165.3,
2020-01-21T18:30:00Z,9165.25,9179.73,9141.78,9166.63,
2020-01-22T14:30:00Z,9212.35,9242.48,9202.69,9231.73,
2020-01-22T18:30:00Z,9231.67,9233.78,9179.27,9188.57,
2020-01-23T14:30:00Z,9186.14,9204.46,9145.23,9188.37,
2020-01-23T18:30:00Z,9188.38,9221.13,9186.81,9216.98,
2020-01-24T14:30:00Z,9266.35,9272.37,9153.91,9157.69,
2020-01-24T18:30:00Z,9157.7,9159.94,9101.44,9141.47,
2020-01-27T14:30:00Z,8913.16,9001.44,8910.97,8992.9,
2020-01-27T18:30:00Z,8993.13,8999.85,8946.42,8952.18,
2020-01-28T14:30:00Z,9013.23,9098.5,8994.28,9082.22,
2020-01-28T18:30:00Z,9082.35,9111.32,9077.26,9090.93,
2020-01-29T14:30:00Z,9141.52,9153.08,9067.29,9135.63,
2020-01-29T18:30:00Z,9135.62,9149.96,9099.86,9101.61,
2020-01-30T14:30:00Z,9038.92,9109.16,9019.72,9044.63,
2020-01-30T18:30:00Z,9044.73,9140.69,9041.4,9136.09,
2020-01-31T14:30:00Z,9169.91,9170.22,9012.54,9019.46,
2020-01-31T18:30:00Z,9019.45,9038.67,8961.59,8991.51,
2020-02-03T14:30:00Z,9033.52,9148.5,9031.07,9106.24,
2020-02-03T18:30:00Z,9106.64,9142.83,9101.31,9126.23,
2020-02-04T14:30:00Z,9256.94,9325.86,9224.86,9313.14,
2020-02-04T18:30:00Z,9312.96,9352.96,9312.86,9334.06,
2020-02-05T14:30:00Z,9441.34,9442.75,9311.88,9342.05,
2020-02-05T18:30:00Z,9341.99,9393.32,9335.61,9367.48,
2020-02-06T14:30:00Z,9395.69,9445.13,9357.86,9430.84,
2020-02-06T18:30:00Z,9430.71,9448.72,9418.82,9445.92,
2020-02-07T14:30:00Z,9397.77,9453.24,9379.33,9438.58,
2020-02-07T18:30:00Z,9438.66,9440.46,9376.91,9401.1,
2020-02-10T14:30:00Z,9373.2,9475.84,9373.2,9463.87,
2020-02-10T18:30:00Z,9463.81,9517.74,9459.03,9516.84,
2020-02-11T14:30:00Z,9567.81,9600.05,9531.65,9572.01,
2020-02-11T18:30:00Z,9572.1,9575.58,9493.63,9517.86,
2020-02-12T14:30:00Z,9569.82,9610.31,9552.03,9596.23,
2020-02-12T18:30:00Z,9596.16,9615.9,9588.61,9613.2,
2020-02-13T14:30:00Z,9540.67,9623.46,9532.74,9614.04,
2020-02-13T18:30:00Z,9613.94,9636.41,9588.75,9595.7,
2020-02-14T14:30:00Z,9613.88,9634.75,9588.74,9595.0,
2020-02-14T18:30:00Z,9595.03,9624.17,9583.08,9623.58,
2020-02-18T14:30:00Z,9567.27,9622.08,9567.27,9616.52,
2020-02-18T18:30:00Z,9616.51,9647.72,9602.74,9629.8,
2020-02-19T14:30:00Z,9683.94,9732.81,9676.07,9725.46,
2020-02-19T18:30:00Z,9725.55,9736.57,9709.38,9718.73,
2020-02-20T14:30:00Z,9696.66,9714.23,9513.23,9592.9,
2020-02-20T18:30:00Z,9592.88,9634.15,9574.77,9627.83,
2020-02-21T14:30:00Z,9582.54,9594.0,9461.66,9463.15,
2020-02-21T18:30:00Z,9463.07,9463.9,9406.38,9446.69,
2020-02-24T14:30:00Z,9055.3,9194.91,9028.87,9082.77,
2020-02-24T18:30:00Z,9082.72,9177.23,9063.95,9079.63,
2020-02-25T14:30:00Z,9167.33,9183.78,8935.26,8952.81,
2020-02-25T18:30:00Z,8952.79,8953.79,8807.11,8834.87,
2020-02-26T14:30:00Z,8883.01,9032.87,8863.7,8922.71,
2020-02-26T18:30:00Z,8922.68,8922.68,8813.92,8873.76,
2020-02-27T14:30:00Z,8632.54,8786.68,8516.08,8698.32,
2020-02-27T18:30:00Z,8698.89,8713.79,8430.53,8436.67,
2020-02-28T14:30:00Z,8133.85,8490.47,8133.85,8356.65,
2020-02-28T18:30:00Z,8356.09,8474.64,8215.64,8461.83,
2020-03-02T14:30:00Z,8569.91,8734.36,8446.5,8650.17,
2020-03-02T18:30:00Z,8650.82,8879.39,8577.6,8877.98,
2020-03-03T14:30:00Z,8892.68,9000.46,8642.26,8674.57,
2020-03-03T18:30:00Z,8674.53,8702.54,8516.58,8594.49,
2020-03-04T14:30:00Z,8745.64,8859.91,8669.76,8844.3,
2020-03-04T18:30:00Z,8844.18,8952.11,8811.24,8949.28,
2020-03-05T14:30:00Z,8713.19,8864.19,8660.97,8708.03,
2020-03-05T18:30:00Z,8708.51,8743.75,8613.91,8671.66,
2020-03-06T14:30:00Z,8395.95,8545.05,8367.38,8453.58,
2020-03-06T18:30:00Z,8454.23,8571.88,8319.9,8530.34,
2020-03-09T13:30:00Z,7912.14,8241.77,7912.14,8099.27,
2020-03-09T17:30:00Z,8099.17,8099.17,7939.21,7948.03,
2020-03-10T13:30:00Z,8213.97,8257.49,7942.13,8128.8,
2020-03-10T17:30:00Z,8128.05,8376.44,8022.61,8372.27,
2020-03-11T13:30:00Z,8166.26,8224.73,8018.54,8060.4,
2020-03-11T17:30:00Z,8061.01,8070.43,7900.99,8006.12,
2020-03-12T13:30:00Z,7452.76,7808.31,7329.46,7592.08,
2020-03-12T17:30:00Z,7593.18,7623.97,7255.61,7263.65,
2020-03-13T13:30:00Z,7683.04,7730.58,7301.88,7562.78,
2020-03-13T17:30:00Z,7560.99,7998.51,7398.47,7995.26,
2020-03-16T13:30:00Z,7502.26,7563.45,7055.57,7354.92,
2020-03-16T17:30:00Z,7353.03,7400.23,6993.61,7020.38,
2020-03-17T13:30:00Z,7198.53,7550.13,6959.15,7292.68,
2020-03-17T17:30:00Z,7292.52,7506.05,7280.61,7473.95,
2020-03-18T13:30:00Z,7023.86,7336.88,6963.68,6965.3,
2020-03-18T17:30:00Z,6965.12,7248.14,6837.53,7175.18,
2020-03-19T13:30:00Z,7190.21,7464.09,7037.47,7356.37,
2020-03-19T17:30:00Z,7358.03,7514.13,7275.01,7288.52,
2020-03-20T13:30:00Z,7391.22,7487.83,7153.16,7252.63,
2020-03-20T17:30:00Z,7252.92,7308.32,6969.77,6994.29,
2020-03-23T13:30:00Z,6952.71,7145.29,6771.91,7029.24,
2020-03-23T17:30:00Z,7029.5,7077.83,6860.08,7006.92,
2020-03-24T13:30:00Z,7348.99,7535.46,7322.22,7423.02,
2020-03-24T17:30:00Z,7420.94,7555.91,7304.39,7553.82,
2020-03-25T13:30:00Z,7543.96,7706.57,7390.41,7694.57,
2020-03-25T17:30:00Z,7694.59,7777.61,7450.8,7469.62,
2020-03-26T13:30:00Z,7549.83,7785.3,7549.83,7702.09,
2020-03-26T17:30:00Z,7701.59,7913.11,7665.08,7897.13,
2020-03-27T13:30:00Z,7657.44,7712.96,7595.43,7653.97,
2020-03-27T17:30:00Z,7653.58,7817.74,7580.22,7588.37,
2020-03-30T13:30:00Z,7678.83,7862.56,7651.43,7849.18,
2020-03-30T17:30:00Z,7848.77,7902.09,7803.32,7889.01,
2020-03-31T13:30:00Z,7855.74,8011.6,7820.33,7850.51,
2020-03-31T17:30:00Z,7850.88,7907.62,7765.45,7813.5,
2020-04-01T13:30:00Z,7582.78,7701.68,7518.25,7545.79,
2020-04-01T17:30:00Z,7544.91,7574.58,7423.97,7486.29,
2020-04-02T13:30:00Z,7445.88,7632.04,7432.28,7521.17,
2020-04-02T17:30:00Z,7521.89,7641.86,7464.94,7635.66,
2020-04-03T13:30:00Z,7631.57,7673.49,7484.03,7488.12,
2020-04-03T17:30:00Z,7488.08,7542.4,7439.78,7528.11,
2020-04-06T13:30:00Z,7819.06,7946.82,7763.09,7940.31,
2020-04-06T17:30:00Z,7940.47,8110.66,7925.2,8081.66,
2020-04-07T13:30:00Z,8287.48,8305.59,8087.6,8218.8,
2020-04-07T17:30:00Z,8219.16,8220.11,8043.07,8049.31,
2020-04-08T13:30:00Z,8134.3,8205.35,8058.41,8179.2,
2020-04-08T17:30:00Z,8179.29,8254.41,8136.24,8229.54,
2020-04-09T13:30:00Z,8284.31,8334.23,8173.65,8287.06,
2020-04-09T17:30:00Z,8287.11,8294.9,8167.93,8238.53,
2020-04-13T13:30:00Z,8209.68,8256.35,8158.58,8215.02,
2020-04-13T17:30:00Z,8214.94,8338.15,8211.76,8332.74,
2020-04-14T13:30:00Z,8489.27,8671.88,8470.74,8663.63,
2020-04-14T17:30:00Z,8663.74,8708.55,8658.8,8692.16,
2020-04-15T13:30:00Z,8548.47,8604.61,8500.56,8587.71,
2020-04-15T17:30:00Z,8587.89,8666.24,8574.86,8591.96,
2020-04-16T13:30:00Z,8689.09,8793.35,8605.51,8684.63,
2020-04-16T17:30:00Z,8684.39,8775.73,8654.75,8757.83,
2020-04-17T13:30:00Z,8876.66,8879.24,8730.1,8749.01,
2020-04-17T17:30:00Z,8749.12,8838.42,8704.38,8832.41,
2020-04-20T13:30:00Z,8742.54,8855.18,8742.54,8808.95,
2020-04-20T17:30:00Z,8808.94,8838.99,8725.32,8726.51,
2020-04-21T13:30:00Z,8639.74,8663.09,8359.84,8463.8,
2020-04-21T17:30:00Z,8463.95,8526.78,8392.5,8403.0,
2020-04-22T13:30:00Z,8575.57,8647.11,8550.61,8646.51,
2020-04-22T17:30:00Z,8646.43,8708.48,8638.48,8664.63,
2020-04-23T13:30:00Z,8693.73,8796.49,8634.06,8678.78,
2020-04-23T17:30:00Z,8678.82,8717.98,8624.63,8641.5,
2020-04-24T13:30:00Z,8666.57,8704.62,8599.99,8690.53,
2020-04-24T17:30:00Z,8690.76,8791.36,8687.51,8786.6,
2020-04-27T13:30:00Z,8865.58,8887.62,8806.77,8822.16,
2020-04-27T17:30:00Z,8822.22,8860.02,8803.88,8837.66,
2020-04-28T13:30:00Z,8913.28,8918.38,8690.39,8742.64,
2020-04-28T17:30:00Z,8742.68,8774.43,8668.67,8677.6,
2020-04-29T13:30:00Z,8871.04,8975.05,8832.0,8962.03,
2020-04-29T17:30:00Z,8961.83,9025.82,8937.23,8982.76,
2020-04-30T13:30:00Z,9005.24,9023.03,8920.42,8949.24,
2020-04-30T17:30:00Z,8949.19,9009.24,8924.0,9000.51,
2020-05-01T13:30:00Z,8791.88,8887.58,8688.58,8707.63,
2020-05-01T17:30:00Z,8707.55,8766.32,8690.45,8718.18,
2020-05-04T13:30:00Z,8683.94,8793.5,8665.4,8732.09,
2020-05-04T17:30:00Z,8732.15,8840.33,8732.15,8834.11,
2020-05-05T13:30:00Z,8922.39,9010.4,8913.91,8998.42,
2020-05-05T17:30:00Z,8998.39,9031.0,8900.57,8930.62,
2020-05-06T13:30:00Z,8997.02,9055.84,8950.89,9044.69,
2020-05-06T17:30:00Z,9044.68,9065.58,8974.66,8984.86,
2020-05-07T13:30:00Z,9104.67,9136.18,9045.23,9123.9,
2020-05-07T17:30:00Z,9123.95,9132.97,9078.03,9101.88,
2020-05-08T13:30:00Z,9165.7,9224.49,9126.97,9195.76,
2020-05-08T17:30:00Z,9195.7,9224.05,9161.69,9220.35,
2020-05-11T13:30:00Z,9155.21,9316.15,9155.21,9316.11,
2020-05-11T17:30:00Z,9316.1,9346.27,9296.73,9298.92,
2020-05-12T13:30:00Z,9326.06,9354.45,9248.93,9276.26,
2020-05-12T17:30:00Z,9276.04,9300.53,9109.09,9112.45,
2020-05-13T13:30:00Z,9123.69,9209.49,8897.27,8955.96,
2020-05-13T17:30:00Z,8956.03,9012.95,8890.16,9000.08,
2020-05-14T13:30:00Z,8946.45,9004.55,8860.77,9004.55,
2020-05-14T17:30:00Z,9004.15,9097.75,8948.35,9094.43,
2020-05-15T13:30:00Z,8976.29,9112.28,8958.08,9092.84,
2020-05-15T17:30:00Z,9092.98,9157.46,9059.67,9152.64,
2020-05-18T13:30:00Z,9281.36,9367.36,9248.78,9367.36,
2020-05-18T17:30:00Z,9367.47,9367.54,9318.42,9331.93,
2020-05-19T13:30:00Z,9326.28,9413.22,9323.96,9409.52,
2020-05-19T17:30:00Z,9409.28,9422.9,9296.25,9298.54,
2020-05-20T13:30:00Z,9415.25,9498.28,9412.83,9451.06,
2020-05-20T17:30:00Z,9451.15,9491.65,9436.44,9485.02,
2020-05-21T13:30:00Z,9487.63,9515.05,9361.83,9412.41,
2020-05-21T17:30:00Z,9412.93,9428.19,9372.85,9377.99,
2020-05-22T13:30:00Z,9363.68,9409.96,9325.07,9406.2,
2020-05-22T17:30:00Z,9406.25,9421.93,9381.12,9413.99,
2020-05-26T13:30:00Z,9570.53,9570.53,9418.9,9487.74,
2020-05-26T17:30:00Z,9487.83,9488.08,9379.9,9389.98,
2020-05-27T13:30:00Z,9366.63,9386.34,9182.45,9338.36,
2020-05-27T17:30:00Z,9338.7,9445.06,9317.45,9442.05,
2020-05-28T13:30:00Z,9404.83,9563.23,9400.76,9562.6,
2020-05-28T17:30:00Z,9562.48,9568.89,9391.84,9416.71,
2020-05-29T13:30:00Z,9440.64,9483.59,9379.93,9442.9,
2020-05-29T17:30:00Z,9443.0,9573.55,9398.02,9555.52,
2020-06-01T13:30:00Z,9526.43,9607.52,9515.34,9605.69,
2020-06-01T17:30:00Z,9605.68,9609.38,9582.02,9598.89,
2020-06-02T13:30:00Z,9603.18,9614.85,9511.88,9599.11,
2020-06-02T17:30:00Z,9599.17,9660.08,9592.85,9657.31,
2020-06-03T13:30:00Z,9689.72,9706.67,9648.93,9687.96,
2020-06-03T17:30:00Z,9688.03,9729.69,9671.3,9704.69,
2020-06-04T13:30:00Z,9672.17,9741.97,9629.63,9632.88,
2020-06-04T17:30:00Z,9633.49,9672.74,9577.71,9629.66,
2020-06-05T13:30:00Z,9673.09,9845.65,9659.45,9840.49,
2020-06-05T17:30:00Z,9840.51,9846.63,9792.89,9824.39,
2020-06-08T13:30:00Z,9805.69,9833.63,9753.87,9830.81,
2020-06-08T17:30:00Z,9830.86,9904.52,9829.69,9901.52,
2020-06-09T13:30:00Z,9861.18,9995.31,9859.0,9993.0,
2020-06-09T17:30:00Z,9993.01,10006.9,9959.23,9967.17,
2020-06-10T13:30:00Z,10037.98,10080.08,10022.44,10065.93,
2020-06-10T17:30:00Z,10065.97,10155.2,10036.28,10094.26,
2020-06-11T13:30:00Z,9907.56,9978.19,9701.58,9754.16,
2020-06-11T17:30:00Z,9754.33,9770.04,9586.25,9588.48,
2020-06-12T13:30:00Z,9785.58,9849.01,9573.62,9607.81,
2020-06-12T17:30:00Z,9607.96,9686.15,9499.1,9663.77,
2020-06-15T13:30:00Z,9517.14,9712.22,9489.58,9695.22,
2020-06-15T17:30:00Z,9695.0,9809.41,9690.41,9776.89,
2020-06-16T13:30:00Z,9983.65,10010.89,9801.45,9969.2,
2020-06-16T17:30:00Z,9969.36,9978.27,9878.68,9949.37,
2020-06-17T13:30:00Z,9998.86,10055.22,9952.5,10052.11,
2020-06-17T17:30:00Z,10052.03,10058.65,9961.4,9982.48,
2020-06-18T13:30:00Z,9972.35,10018.56,9942.11,9992.27,
2020-06-18T17:30:00Z,9992.25,10017.09,9950.03,10012.05,
2020-06-19T13:30:00Z,10104.63,10121.67,9951.82,9990.62,
2020-06-19T17:30:00Z,9989.75,10031.55,9937.81,10008.64,
2020-06-22T13:30:00Z,10009.0,10114.53,9989.49,10102.06,
2020-06-22T17:30:00Z,10102.01,10134.64,10080.44,10130.33,
2020-06-23T13:30:00Z,10192.42,10297.16,10172.07,10297.1,
2020-06-23T17:30:00Z,10297.09,10306.9,10188.78,10209.82,
2020-06-24T13:30:00Z,10183.77,10232.42,9943.24,10004.68,
2020-06-24T17:30:00Z,10004.38,10048.36,9956.81,10002.7,
2020-06-25T13:30:00Z,10003.5,10052.82,9901.21,10020.66,
2020-06-25T17:30:00Z,10019.18,10110.29,9981.24,10101.83,
2020-06-26T13:30:00Z,10087.08,10093.98,9869.23,9951.85,
2020-06-26T17:30:00Z,9951.86,9963.27,9837.74,9849.36,
2020-06-29T13:30:00Z,9850.55,9940.28,9742.89,9921.53,
2020-06-29T17:30:00Z,9921.64,9965.08,9886.3,9961.16,
2020-06-30T13:30:00Z,9970.21,10113.68,9956.83,10078.55,
2020-06-30T17:30:00Z,10078.5,10185.35,10064.37,10156.85,
2020-07-01T13:30:00Z,10160.41,10281.16,10142.75,10261.75,
2020-07-01T17:30:00Z,10261.79,10321.77,10256.29,10279.25,
2020-07-02T13:30:00Z,10386.38,10432.55,10342.27,10404.99,
2020-07-02T17:30:00Z,10404.87,10414.39,10328.78,10341.89,
2020-07-06T13:30:00Z,10487.7,10625.1,10485.81,10583.02,
2020-07-06T17:30:00Z,10583.31,10606.64,10532.0,10604.06,
2020-07-07T13:30:00Z,10595.94,10704.93,10572.24,10630.85,
2020-07-07T17:30:00Z,10631.05,10644.1,10516.63,10524.01,
2020-07-08T13:30:00Z,10594.41,10652.75,10528.82,10608.01,
2020-07-08T17:30:00Z,10607.88,10669.13,10576.27,10666.7,
2020-07-09T13:30:00Z,10745.87,10760.93,10574.97,10715.33,
2020-07-09T17:30:00Z,10715.28,10785.96,10687.18,10754.59,
2020-07-10T13:30:00Z,10751.77,10782.58,10639.48,10780.11,
2020-07-10T17:30:00Z,10779.87,10842.78,10759.96,10836.33,
2020-07-13T13:30:00Z,10951.54,11069.26,10946.53,11020.66,
2020-07-13T17:30:00Z,11020.9,11026.55,10574.56,10602.21,
2020-07-14T13:30:00Z,10502.85,10642.03,10370.79,10559.92,
2020-07-14T17:30:00Z,10560.05,10701.88,10541.94,10689.52,
2020-07-15T13:30:00Z,10752.11,10780.4,10570.96,10666.97,
2020-07-15T17:30:00Z,10666.85,10721.4,10639.78,10701.68,
2020-07-16T13:30:00Z,10589.86,10625.45,10495.09,10624.16,
2020-07-16T17:30:00Z,10624.11,10658.9,10581.09,10626.46,
2020-07-17T13:30:00Z,10651.59,10664.85,10558.78,10625.84,
2020-07-17T17:30:00Z,10626.1,10680.7,10614.83,10645.22,
2020-07-20T13:30:00Z,10672.96,10853.36,10621.9,10851.64,
2020-07-20T17:30:00Z,10851.86,10971.52,10848.18,10952.08,
2020-07-21T13:30:00Z,11015.54,11017.43,10843.54,10884.02,
2020-07-21T17:30:00Z,10884.01,10944.84,10800.87,10833.07,
2020-07-22T13:30:00Z,10850.92,10910.24,10776.24,10832.71,
2020-07-22T17:30:00Z,10832.7,10887.46,10797.88,10870.75,
2020-07-23T13:30:00Z,10853.16,10885.38,10668.17,10685.16,
2020-07-23T17:30:00Z,10684.34,10688.13,10531.21,10580.59,
2020-07-24T13:30:00Z,10389.53,10543.42,10313.94,10446.5,
2020-07-24T17:30:00Z,10446.49,10523.09,10431.65,10483.13,
2020-07-27T13:30:00Z,10547.11,10644.01,10527.64,10625.01,
2020-07-27T17:30:00Z,10624.95,10689.55,10616.1,10674.38,
2020-07-28T13:30:00Z,10644.34,10662.16,10573.11,10642.53,
2020-07-28T17:30:00Z,10642.56,10662.19,10527.43,10532.5,
2020-07-29T13:30:00Z,10602.4,10656.73,10587.19,10638.97,
2020-07-29T17:30:00Z,10638.65,10694.88,10617.97,10662.98,
2020-07-30T13:30:00Z,10578.62,10730.32,10531.79,10715.26,
2020-07-30T17:30:00Z,10715.16,10737.03,10688.1,10715.51,
2020-07-31T13:30:00Z,10886.36,10893.45,10707.4,10776.44,
2020-07-31T17:30:00Z,10775.94,10908.34,10729.38,10905.88,
2020-08-03T13:30:00Z,11018.02,11080.18,10997.67,11054.05,
2020-08-03T17:30:00Z,11054.12,11085.5,11031.31,11055.08,
2020-08-04T13:30:00Z,11048.5,11095.63,11021.41,11060.66,
2020-08-04T17:30:00Z,11060.67,11097.85,11002.55,11096.54,
2020-08-05T13:30:00Z,11107.24,11141.69,11077.7,11122.16,
2020-08-05T17:30:00Z,11122.18,11135.24,11085.93,11125.44,
2020-08-06T13:30:00Z,11116.49,11192.63,11090.5,11185.96,
2020-08-06T17:30:00Z,11186.19,11282.23,11184.09,11267.08,
2020-08-07T13:30:00Z,11235.23,11276.3,11088.1,11114.24,
2020-08-07T17:30:00Z,11114.17,11148.12,11044.6,11139.39,
2020-08-10T13:30:00Z,11153.51,11159.38,10941.87,11100.7,
2020-08-10T17:30:00Z,11101.15,11103.82,11052.24,11085.17,
2020-08-11T13:30:00Z,11039.68,11090.92,10954.1,11073.53,
2020-08-11T17:30:00Z,11073.98,11074.04,10855.06,10876.08,
2020-08-12T13:30:00Z,10972.07,11170.68,10970.87,11126.42,
2020-08-12T17:30:00Z,11126.72,11190.26,11126.71,11157.72,
2020-08-13T13:30:00Z,11174.64,11271.22,11169.88,11214.2,
2020-08-13T17:30:00Z,11214.46,11231.03,11139.64,11178.37,
2020-08-14T13:30:00Z,11187.82,11213.27,11106.93,11173.67,
2020-08-14T17:30:00Z,11173.72,11177.45,11126.83,11164.45,
2020-08-17T13:30:00Z,11231.97,11289.47,11228.14,11279.07,
2020-08-17T17:30:00Z,11279.11,11306.47,11276.75,11288.57,
2020-08-18T13:30:00Z,11339.76,11391.03,11279.08,11383.05,
2020-08-18T17:30:00Z,11382.37,11421.1,11373.63,11399.03,
2020-08-19T13:30:00Z,11397.23,11440.22,11336.75,11422.35,
2020-08-19T17:30:00Z,11422.29,11435.59,11303.4,11318.64,
2020-08-20T13:30:00Z,11277.05,11427.39,11268.46,11418.76,
2020-08-20T17:30:00Z,11418.94,11497.18,11409.36,11477.05,
2020-08-21T13:30:00Z,11476.85,11562.13,11461.53,11531.2,
2020-08-21T17:30:00Z,11531.04,11574.79,11518.13,11555.16,
2020-08-24T13:30:00Z,11703.34,11728.09,11535.55,11613.04,
2020-08-24T17:30:00Z,11612.95,11630.19,11550.94,11626.17,
2020-08-25T13:30:00Z,11610.58,11695.47,11580.89,11680.45,
2020-08-25T17:30:00Z,11680.03,11723.95,11664.45,11721.81,
2020-08-26T13:30:00Z,11779.35,11951.87,11768.0,11928.48,
2020-08-26T17:30:00Z,11928.41,11979.65,11874.6,11971.94,
2020-08-27T13:30:00Z,11997.89,12047.99,11842.84,11925.32,
2020-08-27T17:30:00Z,11925.84,11989.32,11894.16,11926.16,
2020-08-28T13:30:00Z,11992.68,12018.14,11936.38,11936.48,
2020-08-28T17:30:00Z,11936.23,12013.85,11928.69,11995.85,
2020-08-31T13:30:00Z,12017.46,12131.79,12000.11,12125.47,
2020-08-31T17:30:00Z,12125.17,12167.46,12097.54,12110.7,
2020-09-01T13:30:00Z,12203.3607,12272.2687,12132.7806,12258.5596,
2020-09-01T17:30:00Z,12258.5567,12300.4386,12255.6856,12292.8629,
2020-09-02T13:30:00Z,12417.4526,12421.7329,12176.1775,12390.7475,
2020-09-02T17:30:00Z,12390.2398,12439.4794,12347.7997,12420.5433,
2020-09-03T13:30:00Z,12195.7514,12234.9956,11730.9812,11851.6676,
2020-09-03T17:30:00Z,11851.6091,11851.6091,11662.1051,11771.3653,
2020-09-04T13:30:00Z,11686.2372,11846.1762,11145.9895,11413.0792,
2020-09-04T17:30:00Z,11411.6913,11750.5273,11380.4287,11622.1312,
2020-09-08T13:30:00Z,11143.9141,11400.455,11121.9227,11241.3902,
2020-09-08T17:30:00Z,11241.7824,11293.1414,11055.157,11068.2573,
2020-09-09T13:30:00Z,11308.2488,11480.3716,11197.1321,11437.7159,
2020-09-09T17:30:00Z,11438.078,11477.0577,11373.8657,11395.8462,
2020-09-10T13:30:00Z,11501.4282,11566.3359,11332.4853,11374.3841,
2020-09-10T17:30:00Z,11374.5288,11394.2946,11095.9426,11154.1239,
2020-09-11T13:30:00Z,11251.1889,11280.4064,10970.0303,10972.734,
2020-09-11T17:30:00Z,10973.1173,11128.0851,10945.2199,11087.4004,
2020-09-14T13:30:00Z,11250.8016,11363.247,11214.2871,11239.0546,
2020-09-14T17:30:00Z,11239.5343,11322.4655,11192.8235,11277.7625,
2020-09-15T13:30:00Z,11432.9418,11495.4001,11383.2854,11476.8104,
2020-09-15T17:30:00Z,11476.5671,11484.8428,11367.2026,11438.874,
2020-09-16T13:30:00Z,11467.899,11486.0922,11340.066,11344.9397,
2020-09-16T17:30:00Z,11345.1742,11441.1073,11242.9605,11247.5986,
2020-09-17T13:30:00Z,10965.7393,11160.04,10936.8,11003.2855,
2020-09-17T17:30:00Z,11003.5114,11085.3779,10966.9436,11080.9511,
2020-09-18T13:30:00Z,11147.8009,11153.9707,10798.5111,10798.5111,
2020-09-18T17:30:00Z,10798.7487,10959.0776,10769.3951,10936.9824,
2020-09-21T13:30:00Z,10768.007,10879.446,10677.8478,10874.8877,
2020-09-21T17:30:00Z,10874.9045,10984.7579,10775.6498,10980.2196,
2020-09-22T13:30:00Z,11082.0855,11090.2927,10943.2636,11088.4991,
2020-09-22T17:30:00Z,11087.713,11207.0818,11067.9115,11186.3709,
2020-09-23T13:30:00Z,11167.2182,11179.5916,10992.3573,11026.3682,
2020-09-23T17:30:00Z,11026.3108,11034.1588,10806.0511,10833.3326,
2020-09-24T13:30:00Z,10746.3511,11001.2653,10728.4127,10998.4012,
2020-09-24T17:30:00Z,10998.4489,11026.4342,10826.3479,10896.4706,
2020-09-25T13:30:00Z,10910.4965,11053.2853,10851.6795,11040.0208,
2020-09-25T17:30:00Z,11040.0307,11177.7347,11038.1631,11151.133,
2020-09-28T13:30:00Z,11332.3166,11340.9843,11243.2407,11318.3192,
2020-09-28T17:30:00Z,11317.8843,11369.3956,11311.1028,11364.45,
2020-09-29T13:30:00Z,11354.6993,11396.2157,11305.7893,11338.9233,
2020-09-29T17:30:00Z,11338.9761,11376.346,11309.6745,11322.9537,
2020-09-30T13:30:00Z,11328.5501,11514.9443,11328.5501,11457.4725,
2020-09-30T17:30:00Z,11457.4474,11535.0147,11350.0715,11418.0626,
2020-10-01T13:30:00Z,11554.9577,11575.9493,11488.5954,11553.2122,
2020-10-01T17:30:00Z,11553.2985,11606.7315,11511.7394,11583.2029,
2020-10-02T13:30:00Z,11328.8546,11479.0807,11225.1732,11329.8859,
2020-10-02T17:30:00Z,11329.8721,11348.0538,11253.4628,11255.6943,
2020-10-05T13:30:00Z,11345.2359,11465.8045,11336.0669,11450.5042,
2020-10-05T17:30:00Z,11450.5241,11512.0592,11404.5205,11509.0634,
2020-10-06T13:30:00Z,11476.6751,11513.2716,11376.3211,11461.4035,
2020-10-06T17:30:00Z,11461.4385,11536.4167,11256.2634,11291.2742,
2020-10-07T13:30:00Z,11412.6515,11489.9508,11382.4847,11483.9398,
2020-10-07T17:30:00Z,11483.8573,11519.552,11482.8623,11503.1943,
2020-10-08T13:30:00Z,11576.4431,11582.7826,11510.2422,11538.1155,
2020-10-08T17:30:00Z,11538.1176,11556.9329,11518.5333,11550.9426,
2020-10-09T13:30:00Z,11615.5663,11716.9632,11600.862,11695.1567,
2020-10-09T17:30:00Z,11695.0566,11727.6002,11681.72,11725.8505,
2020-10-12T13:30:00Z,11900.1183,12140.1725,11880.2278,12138.8926,
2020-10-12T17:30:00Z,12138.7174,12204.7514,12068.9107,12088.1056,
2020-10-13T13:30:00Z,12131.0665,12187.7818,12043.8407,12111.1559,
2020-10-13T17:30:00Z,12111.6185,12152.9138,12032.7479,12083.1705,
2020-10-14T13:30:00Z,12105.1015,12159.2063,11913.5677,11947.5464,
2020-10-14T17:30:00Z,11946.6817,12040.5212,11920.0411,11985.3591,
2020-10-15T13:30:00Z,11767.2748,11888.6151,11765.4863,11803.0664,
2020-10-15T17:30:00Z,11803.0593,11928.6342,11797.8709,11898.5728,
2020-10-16T13:30:00Z,11952.1162,12034.1291,11893.0872,11947.3135,
2020-10-16T17:30:00Z,11947.245,11971.9836,11824.1397,11852.1684,
2020-10-19T13:30:00Z,11913.0077,11962.4651,11762.0513,11795.3634,
2020-10-19T17:30:00Z,11795.3703,11796.8672,11606.4805,11634.3486,
2020-10-20T13:30:00Z,11679.0782,11780.0959,11613.7628,11775.9897,
2020-10-20T17:30:00Z,11776.1883,11801.3947,11653.7861,11677.8358,
2020-10-21T13:30:00Z,11686.1873,11789.4606,11646.4747,11696.6822,
2020-10-21T17:30:00Z,11696.6727,11762.0446,11662.647,11665.3656,
2020-10-22T13:30:00Z,11712.6367,11739.2243,11529.7331,11653.1144,
2020-10-22T17:30:00Z,11653.2296,11695.6805,11636.8787,11662.9138,
2020-10-23T13:30:00Z,11680.7249,11684.9272,11569.0873,11638.5437,
2020-10-23T17:30:00Z,11638.1246,11693.0105,11626.8337,11692.5719,
2020-10-26T13:30:00Z,11584.1728,11708.0766,11381.444,11381.5038,
2020-10-26T17:30:00Z,11381.516,11509.6022,11360.728,11504.5188,
2020-10-27T13:30:00Z,11560.8569,11619.9104,11503.0969,11591.8446,
2020-10-27T17:30:00Z,11591.823,11633.4941,11557.472,11598.9453,
2020-10-28T13:30:00Z,11400.4752,11426.1022,11178.4499,11210.6671,
2020-10-28T17:30:00Z,11211.1122,11284.6524,11136.102,11142.7556,
2020-10-29T13:30:00Z,11214.3254,11373.8445,11187.0756,11372.9959,
2020-10-29T17:30:00Z,11373.0498,11467.3733,11334.1267,11350.7433,
2020-10-30T13:30:00Z,11265.703,11293.7614,10996.6701,11022.831,
2020-10-30T17:30:00Z,11022.9559,11067.0644,10960.0221,11052.9458,
2020-11-02T14:30:00Z,11152.4771,11222.5229,10979.3192,11010.0463,
2020-11-02T18:30:00Z,11010.0707,11084.757,10957.109,11084.757,
2020-11-03T14:30:00Z,11155.8451,11356.083,11115.5523,11292.8066,
2020-11-03T18:30:00Z,11294.6391,11345.2009,11232.2351,11279.9099,
2020-11-04T14:30:00Z,11627.7591,11846.4561,11564.9055,11797.9127,
2020-11-04T18:30:00Z,11797.9465,11827.376,11740.2204,11777.0157,
2020-11-05T14:30:00Z,12021.7692,12115.5961,11977.0673,12055.5869,
2020-11-05T18:30:00Z,12055.6269,12117.0429,12028.5893,12078.0661,
2020-11-06T14:30:00Z,12044.2909,12106.6936,11895.4978,12100.9278,
2020-11-06T18:30:00Z,12100.8463,12116.9124,12041.1263,12091.3455,
2020-11-09T14:30:00Z,12194.7108,12268.664,12062.9778,12100.0429,
2020-11-09T18:30:00Z,12100.5961,12113.451,11818.2443,11830.3851,
2020-11-10T14:30:00Z,11704.4591,11761.9486,11512.4642,11631.7171,
2020-11-10T18:30:00Z,11631.3028,11692.7709,11589.231,11624.286,
2020-11-11T14:30:00Z,11734.8146,11891.2035,11714.3218,11866.2809,
2020-11-11T18:30:00Z,11866.0898,11904.1284,11837.0194,11892.9302,
2020-11-12T14:30:00Z,11924.1459,11976.8889,11808.0904,11809.7041,
2020-11-12T18:30:00Z,11809.8573,11877.0011,11786.0883,11827.1396,
2020-11-13T14:30:00Z,11910.6206,11927.0621,11808.9452,11891.7178,
2020-11-13T18:30:00Z,11891.3969,11957.0887,11856.8699,11937.8447,
2020-11-16T14:30:00Z,11925.3628,12035.4988,11891.8487,11951.8813,
2020-11-16T18:30:00Z,11951.7777,12021.3822,11939.4124,12013.3849,
2020-11-17T14:30:00Z,12030.2695,12047.1308,11969.2447,12040.4021,
2020-11-17T18:30:00Z,12040.3203,12045.758,11964.2022,11977.4896,
2020-11-18T14:30:00Z,11963.362,12027.1482,11917.355,11989.0153,
2020-11-18T18:30:00Z,11988.7792,12014.8452,11892.5372,11894.7097,
2020-11-19T14:30:00Z,11863.1232,11963.9013,11842.6646,11940.9579,
2020-11-19T18:30:00Z,11940.9444,12000.2939,11938.9917,11985.4302,
2020-11-20T14:30:00Z,11976.0027,12017.423,11950.1587,11995.1338,
2020-11-20T18:30:00Z,11995.3606,12000.8781,11903.5693,11906.4412,
2020-11-23T14:30:00Z,11959.8897,12001.8292,11817.5286,11901.7583,
2020-11-23T18:30:00Z,11901.7275,11944.614,11876.3147,11905.9414,
2020-11-24T14:30:00Z,11952.7021,12058.9823,11878.3074,12043.858,
2020-11-24T18:30:00Z,12044.1109,12094.163,12044.1109,12079.8064,
2020-11-25T14:30:00Z,12112.1075,12150.2233,12081.5075,12134.4109,
2020-11-25T18:30:00Z,12133.9072,12174.9915,12120.521,12152.2153,
2020-11-27T14:30:00Z,12220.3707,12306.7102,12214.4448,12258.2118,
2020-11-30T14:30:00Z,12278.7787,12299.6094,12090.9309,12221.5465,
2020-11-30T18:30:00Z,12221.6211,12294.3144,12219.2903,12268.3164,
2020-12-01T14:30:00Z,12387.6191,12493.7813,12338.3606,12493.7755,
2020-12-01T18:30:00Z,12493.8365,12510.0242,12423.3016,12455.3264,
2020-12-02T14:30:00Z,12390.5785,12472.2466,12318.2707,12444.7469,
2020-12-02T18:30:00Z,12444.6641,12469.7296,12415.0187,12456.407,
2020-12-03T14:30:00Z,12469.1563,12538.9175,12452.254,12493.3258,
2020-12-03T18:30:00Z,12493.222,12512.8526,12445.362,12467.129,
2020-12-04T14:30:00Z,12479.9142,12531.2142,12450.5063,12515.956,
2020-12-04T18:30:00Z,12515.9688,12528.9323,12493.2158,12528.4827,
2020-12-07T14:30:00Z,12523.5673,12609.9964,12523.1156,12566.5547,
2020-12-07T18:30:00Z,12566.4906,12599.8103,12548.1937,12596.469,
2020-12-08T14:30:00Z,12574.843,12620.9404,12504.9663,12619.2008,
2020-12-08T18:30:00Z,12619.3386,12651.3527,12617.2432,12635.7212,
2020-12-09T14:30:00Z,12626.97,12643.2396,12426.7682,12434.3203,
2020-12-09T18:30:00Z,12434.3952,12434.3952,12311.3004,12364.6381,
2020-12-10T14:30:00Z,12268.4725,12447.8477,12226.1312,12411.1628,
2020-12-10T18:30:00Z,12410.9665,12429.387,12361.8073,12401.743,
2020-12-11T14:30:00Z,12327.0696,12359.4874,12236.803,12293.4481,
2020-12-11T18:30:00Z,12293.5682,12378.6064,12293.5577,12375.41,
2020-12-14T14:30:00Z,12427.8642,12544.3094,12426.2511,12487.6904,
2020-12-14T18:30:00Z,12487.6262,12521.6908,12450.3349,12462.2098,
2020-12-15T14:30:00Z,12565.2834,12578.5601,12467.5698,12542.5775,
2020-12-15T18:30:00Z,12542.5408,12596.8398,12542.0864,12595.9216,
2020-12-16T14:30:00Z,12607.8706,12658.2179,12568.7068,12632.8628,
2020-12-16T18:30:00Z,12632.8367,12698.1117,12610.6486,12668.1634,
2020-12-17T14:30:00Z,12741.6395,12760.9699,12685.9769,12720.9558,
2020-12-17T18:30:00Z,12721.2744,12753.3627,12706.9825,12752.06,
2020-12-18T14:30:00Z,12786.9232,12793.47,12664.1858,12700.6981,
2020-12-18T18:30:00Z,12700.9981,12738.1813,12611.2197,12738.1813,
2020-12-21T14:30:00Z,12575.5975,12682.5023,12474.0285,12678.3825,
2020-12-21T18:30:00Z,12678.3751,12706.4397,12642.7747,12690.2569,
2020-12-22T14:30:00Z,12715.4816,12761.2342,12606.4172,12700.2441,
2020-12-22T18:30:00Z,12700.202,12721.5743,12680.1605,12717.5621,
2020-12-23T14:30:00Z,12733.7492,12733.7492,12658.5177,12730.2316,
2020-12-23T18:30:00Z,12730.1086,12737.5907,12649.6043,12653.1373,
2020-12-24T14:30:00Z,12668.1946,12732.5486,12665.8035,12711.0092,
2020-12-28T14:30:00Z,12813.9686,12849.0053,12747.0494,12848.2139,
2020-12-28T18:30:00Z,12848.4357,12861.9061,12830.2198,12838.8612,
2020-12-29T14:30:00Z,12909.8594,12925.5339,12816.5882,12859.1246,
2020-12-29T18:30:00Z,12859.0764,12869.3343,12826.0392,12843.4914,
2020-12-30T14:30:00Z,12900.0299,12917.4546,12828.7871,12869.7963,
2020-12-30T18:30:00Z,12869.5259,12878.387,12831.5901,12845.3572,
2020-12-31T14:30:00Z,12852.963,12864.8027,12804.7519,12830.978,
2020-12-31T18:30:00Z,12831.1002,12904.0897,12812.9174,12888.2836,
2021-01-04T14:30:00Z,12950.2181,12950.2181,12537.4219,12663.318,
2021-01-04T18:30:00Z,12662.662,12717.7206,12621.6182,12694.6649,
2021-01-05T14:30:00Z,12663.1333,12791.7022,12663.1333,12736.8858,
2021-01-05T18:30:00Z,12736.8693,12809.6674,12736.8693,12802.3758,
2021-01-06T14:30:00Z,12601.2595,12801.1306,12569.4181,12757.0617,
2021-01-06T18:30:00Z,12757.3958,12803.2917,12607.6771,12623.3531,
2021-01-07T14:30:00Z,12745.4107,12927.9592,12744.8166,12903.9515,
2021-01-07T18:30:00Z,12904.1432,12966.6828,12904.1432,12939.5708,
2021-01-08T14:30:00Z,13037.2423,13073.1087,12965.781,13002.8245,
2021-01-08T18:30:00Z,13002.552,13113.0876,12939.7272,13105.1991,
2021-01-11T14:30:00Z,12961.5043,13023.2148,12909.1264,12981.1311,
2021-01-11T18:30:00Z,12980.976,12984.2568,12883.5919,12902.4914,
2021-01-12T14:30:00Z,12916.0974,12957.4327,12783.7072,12883.766,
2021-01-12T18:30:00Z,12883.8178,12917.534,12866.8805,12892.0921,
2021-01-13T14:30:00Z,12911.8664,12999.838,12878.0208,12986.963,
2021-01-13T18:30:00Z,12986.9053,13008.8452,12966.2199,12973.6326,
2021-01-14T14:30:00Z,13010.9355,13037.0504,12944.5052,12958.4688,
2021-01-14T18:30:00Z,12958.4291,12970.3794,12886.1602,12898.6895,
2021-01-15T14:30:00Z,12898.0881,12941.2919,12758.0979,12878.6691,
2021-01-15T18:30:00Z,12878.4382,12889.5694,12799.3833,12803.9325,
2021-01-19T14:30:00Z,12921.6099,12980.3528,12861.3015,12975.6875,
2021-01-19T18:30:00Z,12975.6611,13012.0863,12969.8943,12996.5367,
2021-01-20T14:30:00Z,13155.1152,13295.2867,13138.3046,13286.9792,
2021-01-20T18:30:00Z,13286.8401,13332.2636,13272.8989,13296.45,
2021-01-21T14:30:00Z,13356.7027,13400.8567,13297.7926,13381.4053,
2021-01-21T18:30:00Z,13381.6319,13433.6907,13368.9795,13404.9865,
2021-01-22T14:30:00Z,13356.1779,13403.126,13336.8957,13373.5912,
2021-01-22T18:30:00Z,13373.6251,13404.7744,13362.7708,13366.397,
2021-01-25T14:30:00Z,13515.6339,13563.7029,13205.5941,13450.6145,
2021-01-25T18:30:00Z,13450.5954,13489.0022,13390.4399,13483.2906,
2021-01-26T14:30:00Z,13507.4744,13536.3012,13440.3243,13508.2027,
2021-01-26T18:30:00Z,13507.846,13521.508,13479.5654,13490.1857,
2021-01-27T14:30:00Z,13371.1551,13393.5133,13181.6616,13318.1275,
2021-01-27T18:30:00Z,13317.9607,13318.4173,13034.1423,13112.6498,
2021-01-28T14:30:00Z,13163.3151,13397.0936,13150.0991,13374.25,
2021-01-28T18:30:00Z,13373.9994,13401.8484,13188.0953,13201.5329,
2021-01-29T14:30:00Z,13124.6972,13167.8719,12845.4342,12943.2892,
2021-01-29T18:30:00Z,12943.5792,13027.8664,12887.4801,12925.3756,
2021-02-01T14:30:00Z,13067.6477,13279.9782,12983.0984,13264.543,
2021-02-01T18:30:00Z,13264.4135,13280.2174,13237.2652,13248.9001,
2021-02-02T14:30:00Z,13371.3652,13479.0849,13363.7553,13450.4195,
2021-02-02T18:30:00Z,13450.4998,13501.2319,13450.3148,13456.119,
2021-02-03T14:30:00Z,13555.029,13561.4537,13406.3295,13485.8663,
2021-02-03T18:30:00Z,13485.81,13508.8163,13400.0815,13402.3736,
2021-02-04T14:30:00Z,13454.8533,13510.7668,13406.4409,13508.2365,
2021-02-04T18:30:00Z,13508.2429,13563.1291,13498.883,13560.8907,
2021-02-05T14:30:00Z,13592.7683,13642.9637,13527.8053,13623.8137,
2021-02-05T18:30:00Z,13623.8437,13627.977,13578.7833,13603.956,
2021-02-08T14:30:00Z,13672.3282,13698.4099,13607.9624,13649.1294,
2021-02-08T18:30:00Z,13649.052,13696.8433,13629.4902,13695.0244,
2021-02-09T14:30:00Z,13667.1354,13741.7866,13664.6982,13685.6053,
2021-02-09T18:30:00Z,13685.4079,13717.3704,13672.3491,13687.0847,
2021-02-10T14:30:00Z,13751.4232,13770.9059,13531.9267,13647.2019,
2021-02-10T18:30:00Z,13647.1053,13698.6088,13621.5402,13655.2675,
2021-02-11T14:30:00Z,13723.6321,13747.1955,13637.1909,13708.3997,
2021-02-11T18:30:00Z,13708.2693,13739.9595,13653.5645,13734.3471,
2021-02-12T14:30:00Z,13695.9028,13759.9125,13656.7842,13734.7434,
2021-02-12T18:30:00Z,13734.6594,13816.2537,13716.955,13807.6961,
2021-02-16T14:30:00Z,13841.032,13879.7746,13726.7754,13797.7404,
2021-02-16T18:30:00Z,13797.022,13803.5567,13755.2485,13773.7658,
2021-02-17T14:30:00Z,13636.1529,13697.2271,13552.6648,13668.4713,
2021-02-17T18:30:00Z,13668.0923,13713.1398,13647.4407,13699.7114,
2021-02-18T14:30:00Z,13556.0148,13608.3601,13477.1678,13604.0741,
2021-02-18T18:30:00Z,13603.9724,13669.9439,13598.9158,13637.5128,
2021-02-19T14:30:00Z,13686.2264,13701.6939,13545.4487,13578.2311,
2021-02-19T18:30:00Z,13578.2245,13610.9383,13560.1291,13580.7757,
2021-02-22T14:30:00Z,13414.0377,13447.3655,13289.458,13366.0762,
2021-02-22T18:30:00Z,13365.9642,13387.9079,13220.7727,13223.7395,
2021-02-23T14:30:00Z,12982.3588,13125.1258,12758.1197,13047.1001,
2021-02-23T18:30:00Z,13047.1864,13259.846,13010.7347,13194.7065,
2021-02-24T14:30:00Z,13095.8572,13256.294,12971.8205,13238.4506,
2021-02-24T18:30:00Z,13238.2993,13312.425,13220.5915,13302.1887,
2021-02-25T14:30:00Z,13197.7534,13294.5631,12816.158,12944.6477,
2021-02-25T18:30:00Z,12944.6732,13023.7231,12773.7638,12828.3107,
2021-02-26T14:30:00Z,12958.9648,13090.3579,12764.3393,13053.0636,
2021-02-26T18:30:00Z,13054.1855,13067.411,12899.7791,12909.4431,
2021-03-01T14:30:00Z,13106.0215,13231.9057,13051.7011,13204.9424,
2021-03-01T18:30:00Z,13204.7349,13293.7764,13203.4392,13282.9528,
2021-03-02T14:30:00Z,13297.7648,13301.6234,13108.7253,13186.147,
2021-03-02T18:30:00Z,13186.1325,13215.8625,13052.1222,13059.949,
2021-03-03T14:30:00Z,13020.1034,13057.2904,12810.2209,12854.7438,
2021-03-03T18:30:00Z,12854.7609,12854.7609,12679.8939,12683.3283,
2021-03-04T14:30:00Z,12655.9151,12799.075,12420.4893,12495.9537,
2021-03-04T18:30:00Z,12494.7744,12535.8324,12314.161,12464.0027,
2021-03-05T14:30:00Z,12594.1641,12610.9459,12208.3883,12592.5954,
2021-03-05T18:30:00Z,12593.7105,12700.955,12520.544,12668.511,
2021-03-08T14:30:00Z,12629.5581,12718.5777,12492.6646,12560.1413,
2021-03-08T18:30:00Z,12560.2413,12561.47,12287.5725,12299.0802,
2021-03-09T14:30:00Z,12635.4504,12841.2969,12592.8273,12829.9245,
2021-03-09T18:30:00Z,12829.9344,12868.5235,12780.8993,12794.4915,
2021-03-10T14:30:00Z,12950.2494,12979.3752,12750.4583,12800.5462,
2021-03-10T18:30:00Z,12801.7362,12838.9547,12726.8475,12752.0675,
2021-03-11T14:30:00Z,12960.5346,13117.8646,12920.0055,13088.6745,
2021-03-11T18:30:00Z,13089.134,13097.2555,13044.3896,13052.8991,
2021-03-12T14:30:00Z,12873.386,12926.182,12778.1254,12901.3042,
2021-03-12T18:30:00Z,12901.3213,12943.5795,12875.3963,12937.2927,
2021-03-15T13:30:00Z,12936.126,12994.6478,12885.6414,12962.1122,
2021-03-15T17:30:00Z,12961.9219,13085.0078,12958.3576,13082.5385,
2021-03-16T13:30:00Z,13156.6455,13297.4801,13147.1729,13231.4551,
2021-03-16T17:30:00Z,13231.5516,13232.0895,13091.7757,13152.2756,
2021-03-17T13:30:00Z,13024.8272,13086.8206,12950.0774,13023.5479,
2021-03-17T17:30:00Z,13023.5275,13280.2908,12996.7824,13202.378,
2021-03-18T13:30:00Z,13006.2935,13040.3643,12919.1842,12977.8028,
2021-03-18T17:30:00Z,12977.8937,12992.6215,12781.5262,12789.1443,
2021-03-19T13:30:00Z,12792.6739,12899.7448,12704.0695,12891.5929,
2021-03-19T17:30:00Z,12891.7955,12906.0219,12844.6142,12866.9892,
2021-03-22T13:30:00Z,12943.1421,13167.4637,12943.1421,13131.6281,
2021-03-22T17:30:00Z,13131.9056,13163.855,13080.7989,13086.5142,
2021-03-23T13:30:00Z,13127.1723,13180.6591,13066.7609,13132.4513,
2021-03-23T17:30:00Z,13132.468,13134.3547,12993.4984,13017.79,
2021-03-24T13:30:00Z,13072.8217,13077.4868,12891.702,12931.3351,
2021-03-24T17:30:00Z,12931.3607,12962.6756,12797.8453,12798.881,
2021-03-25T13:30:00Z,12707.5791,12845.6584,12627.9254,12748.1516,
2021-03-25T17:30:00Z,12748.7065,12830.6228,12672.7238,12780.511,
2021-03-26T13:30:00Z,12777.2717,12882.4033,12776.2628,12874.6817,
2021-03-26T17:30:00Z,12874.5819,12992.3005,12721.6617,12979.1174,
2021-03-29T13:30:00Z,12950.5122,13013.4748,12836.5999,12979.1843,
2021-03-29T17:30:00Z,12979.2808,13013.3562,12905.8788,12965.7426,
2021-03-30T13:30:00Z,12904.0144,12929.4619,12798.0274,12889.8327,
2021-03-30T17:30:00Z,12890.1613,12926.9396,12854.8701,12896.5339,
2021-03-31T13:30:00Z,12970.3306,13162.3192,12966.6465,13160.8263,
2021-03-31T17:30:00Z,13160.9198,13167.0632,13081.6565,13091.4428,
2021-04-01T13:30:00Z,13268.8833,13331.9687,13255.8212,13274.0172,
2021-04-01T17:30:00Z,13274.0776,13333.406,13273.6338,13329.515,
2021-04-05T13:30:00Z,13434.0358,13598.4231,13420.812,13591.2297,
2021-04-05T17:30:00Z,13591.2447,13623.5987,13575.1662,13598.1631,
2021-04-06T13:30:00Z,13567.2049,13660.2883,13551.6032,13564.2395,
2021-04-06T17:30:00Z,13564.3025,13622.773,13554.6191,13578.4575,
2021-04-07T13:30:00Z,13553.8965,13638.7589,13532.6301,13582.5884,
2021-04-07T17:30:00Z,13582.668,13648.7999,13580.7881,13616.7004,
2021-04-08T13:30:00Z,13730.7293,13763.1791,13703.5081,13734.5361,
2021-04-08T17:30:00Z,13734.74,13760.6592,13729.5106,13758.5051,
2021-04-09T13:30:00Z,13709.6656,13789.2898,13674.9223,13783.7939,
2021-04-09T17:30:00Z,13783.7424,13849.3104,13767.1191,13845.055,
2021-04-12T13:30:00Z,13792.7374,13839.3884,13747.6322,13821.6367,
2021-04-12T17:30:00Z,13820.6433,13836.307,13780.0902,13819.3506,
2021-04-13T13:30:00Z,13874.5777,13956.6906,13874.5777,13943.697,
2021-04-13T17:30:00Z,13943.6747,14002.5319,13936.8305,13986.4941,
2021-04-14T13:30:00Z,13988.8649,13990.543,13866.8885,13899.7412,
2021-04-14T17:30:00Z,13899.6869,13899.6869,13782.175,13803.9143,
2021-04-15T13:30:00Z,13934.8744,14018.9286,13931.0125,14011.3748,
2021-04-15T17:30:00Z,14011.5464,14040.1089,13987.8429,14026.1946,
2021-04-16T13:30:00Z,14035.9605,14045.8788,13966.5434,14021.1505,
2021-04-16T17:30:00Z,14021.0525,14050.378,14007.83,14041.9081,
2021-04-19T13:30:00Z,13970.8286,14025.6377,13835.7494,13879.9188,
2021-04-19T17:30:00Z,13879.8137,13912.2632,13865.5643,13907.6711,
2021-04-20T13:30:00Z,13891.9604,13934.8913,13730.5917,13758.3669,
2021-04-20T17:30:00Z,13758.4413,13825.9516,13748.6982,13809.3041,
2021-04-21T13:30:00Z,13768.9215,13886.5186,13717.4423,13869.0888,
2021-04-21T17:30:00Z,13868.8987,13939.7005,13860.756,13935.1523,
2021-04-22T13:30:00Z,13920.8833,13954.0325,13799.0129,13863.0706,
2021-04-22T17:30:00Z,13862.84,13862.8867,13716.7609,13762.3577,
2021-04-23T13:30:00Z,13794.4856,13966.8954,13789.447,13956.5363,
2021-04-23T17:30:00Z,13957.3132,13989.4279,13937.1153,13941.442,
2021-04-26T13:30:00Z,13954.9428,14002.0898,13919.9292,13986.5486,
2021-04-26T17:30:00Z,13986.6835,14039.3975,13986.6835,14026.1598,
2021-04-27T13:30:00Z,14048.1265,14048.344,13931.1756,13974.7159,
2021-04-27T17:30:00Z,13974.7227,13986.7029,13954.7216,13960.2785,
2021-04-28T13:30:00Z,13953.6122,13991.793,13895.1458,13935.5983,
2021-04-28T17:30:00Z,13935.5442,13992.075,13896.6135,13901.6159,
2021-04-29T13:30:00Z,14063.9368,14073.482,13836.1,13920.0011,
2021-04-29T17:30:00Z,13920.005,13991.448,13903.3809,13970.2049,
2021-04-30T13:30:00Z,13857.7872,13969.2055,13855.5033,13907.5639,
2021-04-30T17:30:00Z,13907.6754,13910.7577,13838.824,13860.7595,
2021-05-03T13:30:00Z,13923.0359,13954.9996,13786.997,13793.9044,
2021-05-03T17:30:00Z,13793.7044,13830.332,13784.6571,13799.7186,
2021-05-04T13:30:00Z,13680.6303,13705.3759,13396.1082,13461.5536,
2021-05-04T17:30:00Z,13461.635,13550.6709,13438.512,13544.6678,
2021-05-05T13:30:00Z,13649.1176,13676.8636,13546.7693,13592.1518,
2021-05-05T17:30:00Z,13592.1699,13607.893,13478.5828,13503.3708,
2021-05-06T13:30:00Z,13490.9356,13600.2647,13403.4596,13542.1479,
2021-05-06T17:30:00Z,13542.3786,13617.3354,13481.2726,13613.7317,
2021-05-07T13:30:00Z,13715.5623,13814.6549,13669.778,13698.6869,
2021-05-07T17:30:00Z,13699.0535,13753.0429,13675.4692,13719.6283,
2021-05-10T13:30:00Z,13647.7265,13648.4899,13468.267,13506.8863,
2021-05-10T17:30:00Z,13506.934,13506.934,13358.6239,13359.0806,
2021-05-11T13:30:00Z,13102.6434,13363.1713,13094.7612,13360.2319,
2021-05-11T17:30:00Z,13360.1244,13381.6591,13303.215,13351.2671,
2021-05-12T13:30:00Z,13155.0661,13236.8862,12990.5938,13039.3007,
2021-05-12T17:30:00Z,13039.085,13078.0339,12967.1794,13001.6339,
2021-05-13T13:30:00Z,13133.7283,13226.6364,13042.2166,13053.2593,
2021-05-13T17:30:00Z,13052.9956,13174.5008,13006.7666,13109.1469,
2021-05-14T13:30:00Z,13238.988,13374.6532,13220.1853,13373.3381,
2021-05-14T17:30:00Z,13373.2958,13430.0015,13358.1722,13393.1152,
2021-05-17T13:30:00Z,13329.8647,13350.1427,13212.542,13225.0062,
2021-05-17T17:30:00Z,13225.2024,13314.5696,13196.5687,13312.9081,
2021-05-18T13:30:00Z,13352.2568,13400.5177,13313.3556,13375.0047,
2021-05-18T17:30:00Z,13374.9485,13376.966,13212.8497,13217.6777,
2021-05-19T13:30:00Z,12998.5327,13202.6054,12994.347,13188.541,
2021-05-19T17:30:00Z,13188.4404,13243.9753,13117.6576,13237.9067,
2021-05-20T13:30:00Z,13294.5934,13506.6956,13293.0973,13492.4251,
2021-05-20T17:30:00Z,13492.6479,13526.0109,13466.1949,13494.0915,
2021-05-21T13:30:00Z,13573.2182,13573.8425,13406.3121,13436.8463,
2021-05-21T17:30:00Z,13436.8686,13464.9057,13401.5319,13411.7362,
2021-05-24T13:30:00Z,13504.3921,13666.1023,13500.116,13655.1405,
2021-05-24T17:30:00Z,13655.1933,13687.605,13636.6872,13641.7519,
2021-05-25T13:30:00Z,13701.3035,13734.4081,13614.5437,13658.8401,
2021-05-25T17:30:00Z,13658.7193,13663.2906,13624.238,13657.7299,
2021-05-26T13:30:00Z,13687.7063,13726.0625,13661.0643,13707.5576,
2021-05-26T17:30:00Z,13707.5816,13712.1804,13681.2762,13702.7405,
2021-05-27T13:30:00Z,13686.8646,13724.759,13652.4474,13703.0047,
2021-05-27T17:30:00Z,13702.9657,13704.8096,13652.134,13657.8462,
2021-05-28T13:30:00Z,13716.9955,13765.8018,13700.8883,13727.8658,
2021-05-28T17:30:00Z,13727.8843,13741.6194,13684.83,13686.5118,
2021-06-01T13:30:00Z,13764.2666,13773.4495,13602.1161,13655.4296,
2021-06-01T17:30:00Z,13655.3748,13695.441,13649.5904,13654.5887,
2021-06-02T13:30:00Z,13655.7099,13712.6756,13629.1203,13635.6904,
2021-06-02T17:30:00Z,13635.7793,13679.61,13610.1595,13675.7938,
2021-06-03T13:30:00Z,13568.9059,13608.5379,13469.8517,13591.7274,
2021-06-03T17:30:00Z,13591.3006,13595.1301,13524.5048,13529.6838,
2021-06-04T13:30:00Z,13619.7915,13769.9291,13613.5753,13760.8325,
2021-06-04T17:30:00Z,13760.9179,13784.7726,13758.3172,13770.7748,
2021-06-07T13:30:00Z,13744.1544,13767.1049,13710.113,13725.3529,
2021-06-07T17:30:00Z,13749.6298,13808.4154,13736.7434,13802.8919,
2021-06-08T13:30:00Z,13873.4626,13913.3987,13746.4166,13799.9359,
2021-06-08T17:30:00Z,13799.9007,13836.4789,13797.2157,13810.8629,
2021-06-09T13:30:00Z,13865.5096,13900.7133,13821.2404,13869.2854,
2021-06-09T17:30:00Z,13869.2612,13875.102,13811.0463,13814.9422,
2021-06-10T13:30:00Z,13834.2559,13961.0292,13817.8314,13937.0879,
2021-06-10T17:30:00Z,13937.3918,13962.9847,13925.6615,13960.3464,
2021-06-11T13:30:00Z,13959.4686,13987.841,13934.0026,13959.2784,
2021-06-11T17:30:00Z,13959.2533,13998.6488,13958.9003,13998.2979,
2021-06-14T13:30:00Z,14002.1443,14060.6871,13963.944,14050.8403,
2021-06-14T17:30:00Z,14050.8469,14129.3334,14050.2635,14128.1967,
2021-06-15T13:30:00Z,14120.8127,14126.2553,14032.2768,14038.7882,
2021-06-15T17:30:00Z,14038.8026,14054.7781,14008.933,14030.4077,
2021-06-16T13:30:00Z,14053.1193,14100.1078,13985.7175,14023.2126,
2021-06-16T17:30:00Z,14023.2032,14044.9462,13843.5993,13983.0116,
2021-06-17T13:30:00Z,13946.6969,14198.4642,13946.5219,14169.2684,
2021-06-17T17:30:00Z,14169.4187,14205.4346,14159.6051,14163.8089,
2021-06-18T13:30:00Z,14125.1205,14140.615,14024.6047,14085.3983,
2021-06-18T17:30:00Z,14084.6036,14106.8999,14035.8568,14049.5848,
2021-06-21T13:30:00Z,14055.0351,14139.4992,13967.8883,14119.6034,
2021-06-21T17:30:00Z,14119.9135,14150.914,14108.5305,14137.2296,
2021-06-22T13:30:00Z,14140.2951,14244.4526,14128.0112,14227.4026,
2021-06-22T17:30:00Z,14227.3495,14288.4898,14223.0724,14270.4158,
2021-06-23T13:30:00Z,14275.0876,14324.7397,14247.5802,14294.4799,
2021-06-23T17:30:00Z,14294.2522,14304.9486,14265.2046,14274.2428,
2021-06-24T13:30:00Z,14358.3043,14429.1444,14355.6035,14371.7867,
2021-06-24T17:30:00Z,14371.8133,14387.7191,14337.6538,14365.9588,
2021-06-25T13:30:00Z,14396.6318,14401.7066,14324.2601,14346.5538,
2021-06-25T17:30:00Z,14346.5471,14367.4965,14330.0223,14345.1821,
2021-06-28T13:30:00Z,14401.6302,14501.6814,14400.5899,14468.3855,
2021-06-28T17:30:00Z,14468.3822,14530.067,14468.0897,14524.9775,
2021-06-29T13:30:00Z,14523.6292,14564.2091,14481.845,14551.7533,
2021-06-29T17:30:00Z,14551.7403,14575.1907,14543.4396,14572.7465,
2021-06-30T13:30:00Z,14560.0683,14582.3017,14530.8726,14551.8845,
2021-06-30T17:30:00Z,14551.936,14578.5097,14538.9574,14554.8017,
2021-07-01T13:30:00Z,14530.6302,14576.6431,14483.4241,14513.3033,
2021-07-01T17:30:00Z,14512.5174,14563.4252,14512.505,14560.0539,
2021-07-02T13:30:00Z,14633.5126,14699.4627,14626.8199,14689.0541,
2021-07-02T17:30:00Z,14689.4385,14738.1357,14689.322,14727.6318,
2021-07-06T13:30:00Z,14755.1539,14797.4533,14635.3079,14726.5576,
2021-07-06T17:30:00Z,14726.8442,14792.9364,14723.2428,14786.3566,
2021-07-07T13:30:00Z,14889.7609,14891.189,14735.749,14802.8365,
2021-07-07T17:30:00Z,14802.782,14833.3884,14788.4503,14810.5351,
2021-07-08T13:30:00Z,14577.6729,14747.1509,14551.7583,14745.9348,
2021-07-08T17:30:00Z,14746.0604,14763.6693,14670.4264,14722.1358,
2021-07-09T13:30:00Z,14709.3248,14838.7233,14685.5366,14815.051,
2021-07-09T17:30:00Z,14815.0582,14836.4187,14807.2116,14826.0933,
2021-07-12T13:30:00Z,14878.7072,14899.4571,14813.7925,14842.3019,
2021-07-12T17:30:00Z,14842.3603,14880.8097,14833.6265,14877.8908,
2021-07-13T13:30:00Z,14871.0405,15002.2777,14853.2457,14913.5632,
2021-07-13T17:30:00Z,14913.3296,14913.3296,14843.7999,14874.5435,
2021-07-14T13:30:00Z,14984.8599,15001.1297,14871.7295,14907.6925,
2021-07-14T17:30:00Z,14907.7647,14953.3779,14888.0003,14900.4396,
2021-07-15T13:30:00Z,14903.4941,14907.5103,14741.9586,14766.6323,
2021-07-15T17:30:00Z,14765.4967,14804.6804,14717.5472,14794.6908,
2021-07-16T13:30:00Z,14842.081,14875.9705,14709.3088,14770.3473,
2021-07-16T17:30:00Z,14770.0974,14770.1346,14667.0986,14681.3772,
2021-07-19T13:30:00Z,14517.9614,14578.9595,14455.0723,14467.4591,
2021-07-19T17:30:00Z,14467.3663,14552.7839,14456.4725,14549.0932,
2021-07-20T13:30:00Z,14601.3348,14753.6931,14530.7782,14729.0177,
2021-07-20T17:30:00Z,14729.0461,14790.5966,14721.7832,14728.2094,
2021-07-21T13:30:00Z,14723.6676,14794.8072,14710.109,14782.3856,
2021-07-21T17:30:00Z,14782.3854,14843.1696,14776.9928,14842.6308,
2021-07-22T13:30:00Z,14865.4647,14934.3768,14865.4647,14917.4955,
2021-07-22T17:30:00Z,14917.4845,14941.3841,14913.9509,14940.1652,
2021-07-23T13:30:00Z,15004.4277,15120.6219,14948.0371,15113.9304,
2021-07-23T17:30:00Z,15113.8207,15125.8395,15093.2874,15111.7909,
2021-07-26T13:30:00Z,15088.2841,15142.3504,15048.2328,15125.3104,
2021-07-26T17:30:00Z,15125.2915,15134.8741,15102.3903,15125.951,
2021-07-27T13:30:00Z,15103.0102,15107.742,14787.8042,14805.2576,
2021-07-27T17:30:00Z,14805.2577,14962.174,14798.7447,14956.9711,
2021-07-28T13:30:00Z,15005.1713,15078.8507,14913.5492,14977.6389,
2021-07-28T17:30:00Z,14977.6717,15049.7738,14942.9398,15018.0991,
2021-07-29T13:30:00Z,15015.2966,15091.9585,15004.4237,15072.05,
2021-07-29T17:30:00Z,15071.9987,15083.2106,15040.5451,15048.362,
2021-07-30T13:30:00Z,14882.3902,14990.861,14882.3902,14972.5439,
2021-07-30T17:30:00Z,14972.234,14988.3932,14938.3921,14959.8963,
2021-08-02T13:30:00Z,15046.1036,15059.8902,14949.2221,15012.4185,
2021-08-02T17:30:00Z,15012.4996,15017.2853,14945.1318,14963.6238,
2021-08-03T13:30:00Z,14997.2018,15046.6145,14864.5324,15026.8463,
2021-08-03T17:30:00Z,15027.1201,15063.6624,15012.5333,15061.4219,
2021-08-04T13:30:00Z,15059.1646,15113.199,15017.1363,15101.816,
2021-08-04T17:30:00Z,15101.7691,15117.3825,15076.404,15083.3907,
2021-08-05T13:30:00Z,15105.3979,15175.491,15083.835,15159.3587,
2021-08-05T17:30:00Z,15159.318,15184.268,15152.1702,15181.6388,
2021-08-06T13:30:00Z,15125.7418,15162.3391,15063.0208,15103.622,
2021-08-06T17:30:00Z,15103.8043,15115.4985,15084.8328,15109.3572,
2021-08-09T13:30:00Z,15136.1352,15152.4357,15081.7548,15121.3805,
2021-08-09T17:30:00Z,15121.3832,15154.6794,15119.1281,15133.1097,
2021-08-10T13:30:00Z,15157.3689,15169.4528,15010.1612,15061.9795,
2021-08-10T17:30:00Z,15061.7938,15067.5971,15035.0716,15053.5815,
2021-08-11T13:30:00Z,15101.8188,15127.7822,14972.6005,15031.2093,
2021-08-11T17:30:00Z,15031.0741,15035.792,15001.3751,15027.7572,
2021-08-12T13:30:00Z,15012.6022,15080.6433,14956.2457,15053.1917,
2021-08-12T17:30:00Z,15053.2059,15097.9082,15053.0304,15088.9827,
2021-08-13T13:30:00Z,15101.8421,15150.4785,15079.3038,15121.6983,
2021-08-13T17:30:00Z,15121.6635,15137.5162,15103.5992,15136.6776,
2021-08-16T13:30:00Z,15090.0479,15117.0564,14931.1529,15046.8125,
2021-08-16T17:30:00Z,15046.9038,15142.0283,15046.7664,15140.7722,
2021-08-17T13:30:00Z,15018.9391,15062.7036,14906.2232,14957.1849,
2021-08-17T17:30:00Z,14956.9481,15005.4841,14913.1578,15002.8267,
2021-08-18T13:30:00Z,14975.023,15039.9019,14966.0546,14979.445,
2021-08-18T17:30:00Z,14979.34,15027.8337,14846.5111,14857.9238,
2021-08-19T13:30:00Z,14773.1917,15000.1862,14773.1917,14948.1778,
2021-08-19T17:30:00Z,14948.0949,14980.7764,14861.6581,14933.9353,
2021-08-20T13:30:00Z,14974.0593,15096.667,14968.8663,15068.5039,
2021-08-20T17:30:00Z,15068.5543,15103.9355,15052.5479,15092.5679,
2021-08-23T13:30:00Z,15140.1409,15330.9483,15140.1409,15313.9208,
2021-08-23T17:30:00Z,15313.9283,15341.467,15306.1017,15312.8159,
2021-08-24T13:30:00Z,15338.9186,15384.4222,15319.5544,15346.7755,
2021-08-24T17:30:00Z,15346.7441,15376.3406,15345.9615,15357.6803,
2021-08-25T13:30:00Z,15384.8288,15404.3612,15341.9231,15354.383,
2021-08-25T17:30:00Z,15354.6241,15387.2897,15353.106,15368.9187,
2021-08-26T13:30:00Z,15348.9845,15369.2783,15265.2322,15322.8441,
2021-08-26T17:30:00Z,15322.7989,15336.1733,15272.1504,15278.5188,
2021-08-27T13:30:00Z,15305.7495,15438.4267,15292.74,15435.2353,
2021-08-27T17:30:00Z,15435.147,15447.0289,15423.219,15432.9508,
2021-08-30T13:30:00Z,15460.9281,15602.0902,15459.7441,15600.508,
2021-08-30T17:30:00Z,15600.5613,15620.6212,15597.1699,15605.0868,
2021-08-31T13:30:00Z,15601.3358,15604.4533,15522.7825,15571.6546,
2021-08-31T17:30:00Z,15571.7552,15603.5458,15568.2563,15582.5122,
2021-09-01T13:30:00Z,15637.1278,15696.4223,15627.9062,15683.869,
2021-09-01T17:30:00Z,15683.8054,15689.492,15603.671,15611.565,
2021-09-02T13:30:00Z,15656.2772,15681.7554,15594.0035,15594.7831,
2021-09-02T17:30:00Z,15594.6975,15605.6138,15554.2874,15604.2482,
2021-09-03T13:30:00Z,15578.9604,15665.8327,15554.9693,15656.911,
2021-09-03T17:30:00Z,15656.8097,15668.1157,15640.7369,15652.859,
2021-09-07T13:30:00Z,15662.3043,15700.4878,15610.2266,15693.4865,
2021-09-07T17:30:00Z,15693.2589,15701.4011,15671.096,15675.764,
2021-09-08T13:30:00Z,15669.0123,15669.0123,15528.4499,15601.8082,
2021-09-08T17:30:00Z,15601.8184,15622.1549,15591.475,15620.8471,
2021-09-09T13:30:00Z,15639.4405,15675.4644,15568.9882,15583.2346,
2021-09-09T17:30:00Z,15583.3198,15604.4947,15556.7442,15561.0474,
2021-09-10T13:30:00Z,15648.0451,15673.5001,15530.5078,15584.3559,
2021-09-10T17:30:00Z,15584.8681,15596.5637,15433.4268,15440.7482,
2021-09-13T13:30:00Z,15545.6621,15562.281,15356.8161,15404.8519,
2021-09-13T17:30:00Z,15404.7084,15437.876,15351.6985,15434.5027,
2021-09-14T13:30:00Z,15505.7842,15525.9672,15394.7511,15422.7249,
2021-09-14T17:30:00Z,15422.6597,15437.5907,15352.0563,15382.9031,
2021-09-15T13:30:00Z,15419.9475,15454.7381,15316.4023,15451.0301,
2021-09-15T17:30:00Z,15450.7407,15518.9524,15449.132,15503.5327,
2021-09-16T13:30:00Z,15452.6681,15480.2812,15370.8789,15444.0687,
2021-09-16T17:30:00Z,15443.9407,15539.1367,15428.3128,15515.9073,
2021-09-17T13:30:00Z,15481.426,15485.2116,15308.3469,15332.7928,
2021-09-17T17:30:00Z,15332.8471,15349.3561,15291.0439,15333.4707,
2021-09-20T13:30:00Z,15068.6462,15157.2588,14900.4321,14949.2605,
2021-09-20T17:30:00Z,14948.9782,15024.3667,14821.0262,15012.1854,
2021-09-21T13:30:00Z,15096.9747,15139.8955,14986.984,15032.9421,
2021-09-21T17:30:00Z,15033.0517,15109.0854,15016.6653,15027.7699,
2021-09-22T13:30:00Z,15073.9552,15208.8621,15029.8983,15155.4573,
2021-09-22T17:30:00Z,15155.1544,15230.3376,15106.8654,15176.5095,
2021-09-23T13:30:00Z,15231.1954,15345.5198,15199.4291,15345.5175,
2021-09-23T17:30:00Z,15345.5324,15356.9223,15311.4769,15316.5808,
2021-09-24T13:30:00Z,15222.9656,15307.8013,15209.1602,15307.4999,
2021-09-24T17:30:00Z,15307.4601,15345.5362,15273.7215,15329.6782,
2021-09-27T13:30:00Z,15205.2302,15231.4828,15106.447,15203.9777,
2021-09-27T17:30:00Z,15203.9163,15240.577,15189.564,15204.8249,
2021-09-28T13:30:00Z,15001.984,15040.5739,14761.812,14825.9128,
2021-09-28T17:30:00Z,14825.0861,14886.0809,14758.9843,14770.3021,
2021-09-29T13:30:00Z,14835.509,14914.9203,14742.4456,14760.0765,
2021-09-29T17:30:00Z,14759.7211,14861.1277,14727.4144,14752.8858,
2021-09-30T13:30:00Z,14830.2985,14888.2233,14696.7596,14743.9153,
2021-09-30T17:30:00Z,14743.9783,14836.7073,14684.5487,14689.616,
2021-10-01T13:30:00Z,14731.3787,14744.7626,14555.118,14707.5375,
2021-10-01T17:30:00Z,14707.4658,14830.844,14707.4658,14791.8661,
2021-10-04T13:30:00Z,14713.6021,14727.6028,14384.9314,14410.6718,
2021-10-04T17:30:00Z,14411.7251,14508.4946,14411.4496,14472.1235,
2021-10-05T13:30:00Z,14533.4261,14742.7988,14520.2268,14728.3411,
2021-10-05T17:30:00Z,14728.2442,14763.6384,14666.4693,14674.1454,
2021-10-06T13:30:00Z,14529.8893,14693.8509,14499.4831,14659.9355,
2021-10-06T17:30:00Z,14660.3459,14775.6403,14660.3459,14766.7541,
2021-10-07T13:30:00Z,14899.0723,15010.3161,14878.2215,14992.8033,
2021-10-07T17:30:00Z,14992.8531,14994.5206,14882.4841,14897.1319,
2021-10-08T13:30:00Z,14942.3552,14948.35,14805.5013,14812.3009,
2021-10-08T17:30:00Z,14812.4099,14880.068,14809.7693,14820.7474,
2021-10-11T13:30:00Z,14765.6924,14907.574,14740.6789,14785.1219,
2021-10-11T17:30:00Z,14785.3637,14826.9116,14709.0471,14713.7282,
2021-10-12T13:30:00Z,14772.2932,14784.7767,14650.9017,14671.6363,
2021-10-12T17:30:00Z,14671.6253,14727.8272,14636.3294,14662.1089,
2021-10-13T13:30:00Z,14751.8009,14785.1698,14676.5832,14755.315,
2021-10-13T17:30:00Z,14754.9206,14800.8276,14738.556,14774.6009,
2021-10-14T13:30:00Z,14925.5834,15054.4926,14901.5872,15031.8798,
2021-10-14T17:30:00Z,15031.9226,15059.8927,15025.4633,15052.4211,
2021-10-15T13:30:00Z,15106.9725,15131.2498,15064.5886,15100.5701,
2021-10-15T17:30:00Z,15100.5603,15150.1423,15100.5096,15146.9214,
2021-10-18T13:30:00Z,15091.5757,15259.0938,15074.7095,15257.3869,
2021-10-18T17:30:00Z,15257.2093,15307.5109,15253.6828,15300.8881,
2021-10-19T13:30:00Z,15349.45,15410.397,15320.6198,15399.335,
2021-10-19T17:30:00Z,15399.4036,15414.9739,15378.8814,15410.718,
2021-10-20T13:30:00Z,15447.9971,15457.106,15333.4339,15357.5257,
2021-10-20T17:30:00Z,15357.5598,15396.6856,15349.3315,15388.7061,
2021-10-21T13:30:00Z,15365.8067,15458.0967,15350.4981,15442.8729,
2021-10-21T17:30:00Z,15442.7017,15497.582,15427.8824,15489.5898,
2021-10-22T13:30:00Z,15422.0661,15474.2798,15291.9478,15356.2391,
2021-10-22T17:30:00Z,15356.184,15394.4361,15329.0009,15355.0653,
2021-10-25T13:30:00Z,15417.2523,15518.3002,15338.4917,15509.5846,
2021-10-25T17:30:00Z,15509.5607,15555.6543,15497.1523,15514.1938,
2021-10-26T13:30:00Z,15615.3556,15710.7874,15518.5896,15554.9471,
2021-10-26T17:30:00Z,15554.7702,15603.6093,15551.7857,15559.4871,
2021-10-27T13:30:00Z,15603.1564,15726.9434,15578.6814,15720.0002,
2021-10-27T17:30:00Z,15719.9691,15729.7503,15598.3933,15598.3933,
2021-10-28T13:30:00Z,15674.3877,15764.9354,15650.0132,15733.2986,
2021-10-28T17:30:00Z,15733.4066,15783.9963,15732.1208,15778.1621,
2021-10-29T13:30:00Z,15638.7421,15818.6157,15638.7421,15811.9543,
2021-10-29T17:30:00Z,15812.1221,15856.9007,15772.4374,15850.4716,
2021-11-01T13:30:00Z,15879.611,15883.5597,15785.3133,15848.6386,
2021-11-01T17:30:00Z,15848.597,15910.3463,15803.704,15905.2776,
2021-11-02T13:30:00Z,15885.3433,15988.3333,15877.2677,15945.5461,
2021-11-02T17:30:00Z,15945.4329,15987.7736,15919.6345,15972.4944,
2021-11-03T13:30:00Z,16000.5973,16009.8695,15950.5884,15990.5559,
2021-11-03T17:30:00Z,15990.5957,16157.5998,15974.0037,16144.5033,
2021-11-04T13:30:00Z,16193.2215,16340.9881,16169.5581,16326.5056,
2021-11-04T17:30:00Z,16326.5985,16387.9515,16306.8616,16346.2439,
2021-11-05T13:30:00Z,16397.5888,16454.4822,16304.6108,16304.6108,
2021-11-05T17:30:00Z,16304.4428,16384.6052,16302.0629,16359.3768,
2021-11-08T14:30:00Z,16351.4895,16401.9273,16314.9271,16370.5647,
2021-11-08T18:30:00Z,16370.5771,16387.1193,16314.0026,16336.0272,
2021-11-09T14:30:00Z,16389.9898,16401.8893,16194.9272,16200.2504,
2021-11-09T18:30:00Z,16201.3746,16239.8497,16168.6302,16219.9351,
2021-11-10T14:30:00Z,16087.015,16224.5062,16037.3465,16061.6763,
2021-11-10T18:30:00Z,16061.5492,16080.7586,15905.2822,15985.5724,
2021-11-11T14:30:00Z,16114.0499,16116.247,16035.8342,16051.5274,
2021-11-11T18:30:00Z,16051.4417,16084.4763,16019.3865,16032.4726,
2021-11-12T14:30:00Z,16078.1298,16201.8733,16012.7759,16182.8606,
2021-11-12T18:30:00Z,16183.1721,16218.5522,16166.2167,16199.8852,
2021-11-15T14:30:00Z,16227.0102,16256.7321,16096.3708,16152.3782,
2021-11-15T18:30:00Z,16152.3948,16200.6523,16129.7318,16189.1151,
2021-11-16T14:30:00Z,16170.2925,16312.8934,16156.6934,16296.8538,
2021-11-16T18:30:00Z,16296.8917,16329.5037,16292.4628,16309.7677,
2021-11-17T14:30:00Z,16329.0686,16398.9532,16276.774,16329.8384,
2021-11-17T18:30:00Z,16329.6922,16354.3127,16304.5057,16308.0714,
2021-11-18T14:30:00Z,16398.7568,16492.5473,16309.5077,16442.7897,
2021-11-18T18:30:00Z,16442.7273,16501.9223,16411.9634,16482.9741,
2021-11-19T14:30:00Z,16558.5614,16625.8633,16523.8278,16559.196,
2021-11-19T18:30:00Z,16559.4269,16594.7523,16539.0341,16573.3433,
2021-11-22T14:30:00Z,16644.766,16764.8552,16460.5336,16541.7442,
2021-11-22T18:30:00Z,16542.1229,16600.805,16374.776,16380.9784,
2021-11-23T14:30:00Z,16330.1831,16417.5026,16141.6836,16152.2568,
2021-11-23T18:30:00Z,16151.6685,16317.3466,16121.6954,16306.7163,
2021-11-24T14:30:00Z,16202.261,16339.6584,16106.0208,16327.6767,
2021-11-24T18:30:00Z,16328.0535,16370.561,16257.3481,16367.8144,
2021-11-26T14:30:00Z,16237.4147,16302.5756,15988.9474,16025.5826,
2021-11-29T14:30:00Z,16263.4319,16420.1539,16214.5627,16403.0918,
2021-11-29T18:30:00Z,16403.0052,16437.1584,16380.1762,16399.2397,
2021-11-30T14:30:00Z,16333.9472,16454.5648,16073.7638,16134.0606,
2021-11-30T18:30:00Z,16134.1905,16222.6298,16109.8833,16135.9243,
2021-12-01T14:30:00Z,16347.9604,16427.1914,16193.63,16252.7826,
2021-12-01T18:30:00Z,16252.9543,16254.8447,15864.0023,15877.7168,
2021-12-02T14:30:00Z,15791.2972,16059.1523,15770.9192,15946.3361,
2021-12-02T18:30:00Z,15948.558,16066.3189,15930.9587,15990.7618,
2021-12-03T14:30:00Z,16039.4073,16089.6131,15565.9218,15649.8404,
2021-12-03T18:30:00Z,15647.0367,15729.2074,15543.3059,15712.0411,
2021-12-06T14:30:00Z,15744.912,15877.4915,15557.7822,15871.7964,
2021-12-06T18:30:00Z,15871.8438,15898.587,15829.6271,15846.1586,
2021-12-07T14:30:00Z,16139.556,16334.6043,16128.4415,16314.9426,
2021-12-07T18:30:00Z,16315.0316,16343.6654,16246.0317,16325.6617,
2021-12-08T14:30:00Z,16313.8757,16357.4731,16250.3924,16346.3801,
2021-12-08T18:30:00Z,16346.3418,16401.1004,16326.1435,16394.3355,
2021-12-09T14:30:00Z,16337.8085,16413.2819,16259.3458,16270.8678,
2021-12-09T18:30:00Z,16270.8346,16288.8629,16141.3909,16149.5719,
2021-12-10T14:30:00Z,16278.2959,16322.8985,16138.9991,16270.683,
2021-12-10T18:30:00Z,16270.8423,16339.1173,16226.2305,16331.9799,
2021-12-13T14:30:00Z,16317.9004,16332.6335,16116.7465,16149.5585,
2021-12-13T18:30:00Z,16149.3722,16209.1441,16075.5357,16082.5457,
2021-12-14T14:30:00Z,15877.6531,15995.2118,15742.8028,15792.9671,
2021-12-14T18:30:00Z,15792.8354,15967.146,15757.5057,15914.8973,
2021-12-15T14:30:00Z,15908.4523,15927.9007,15746.9395,15807.4898,
2021-12-15T18:30:00Z,15806.578,16301.2744,15766.5022,16289.5949,
2021-12-16T14:30:00Z,16335.0277,16340.5314,15910.4095,15966.209,
2021-12-16T18:30:00Z,15966.2614,15984.7041,15802.6345,15863.938,
2021-12-17T14:30:00Z,15714.5398,15960.2542,15664.0989,15882.4391,
2021-12-17T18:30:00Z,15883.7802,15920.0218,15775.6418,15801.4606,
2021-12-20T14:30:00Z,15566.8308,15662.6114,15508.7401,15550.4954,
2021-12-20T18:30:00Z,15550.4544,15654.6121,15534.6414,15627.6433,
2021-12-21T14:30:00Z,15794.3751,15893.6865,15617.4831,15892.0154,
2021-12-21T18:30:00Z,15892.2898,15997.6091,15892.2898,15986.277,
2021-12-22T14:30:00Z,15963.5404,16147.389,15947.5587,16085.1595,
2021-12-22T18:30:00Z,16085.2344,16186.2503,16050.3328,16180.1373,
2021-12-23T14:30:00Z,16203.7558,16335.7255,16188.025,16335.2068,
2021-12-23T18:30:00Z,16335.0837,16360.7475,16303.7195,16308.2096,
2021-12-27T14:30:00Z,16361.0659,16548.5569,16361.0659,16544.9979,
2021-12-27T18:30:00Z,16545.0918,16567.6381,16520.0893,16567.5002,
2021-12-28T14:30:00Z,16602.9201,16607.1855,16474.8117,16496.9788,
2021-12-28T18:30:00Z,16496.7332,16529.6031,16458.4853,16488.6613,
2021-12-29T14:30:00Z,16510.6333,16548.9215,16396.1619,16446.9039,
2021-12-29T18:30:00Z,16446.907,16525.1973,16441.9144,16491.0095,
2021-12-30T14:30:00Z,16485.3952,16569.6163,16460.0567,16542.7615,
2021-12-30T18:30:00Z,16542.8432,16551.8923,16415.1224,16429.1001,
2021-12-31T14:30:00Z,16411.2626,16464.6168,16358.1835,16390.2442,
2021-12-31T18:30:00Z,16388.607,16394.0653,16317.2562,16320.0796,
2022-01-03T14:30:00Z,16395.5102,16479.7194,16306.6412,16438.3138,
2022-01-03T18:30:00Z,16438.2059,16504.1354,16434.7843,16501.7681,
2022-01-04T14:30:00Z,16513.8692,16513.8692,16174.374,16204.7897,
2022-01-04T18:30:00Z,16204.4805,16328.2764,16151.9049,16279.7322,
2022-01-05T14:30:00Z,16190.5524,16249.2261,16036.9114,16082.2575,
2022-01-05T18:30:00Z,16082.1565,16130.649,15763.8414,15771.7752,
2022-01-06T14:30:00Z,15675.2169,15900.5986,15608.5679,15785.5621,
2022-01-06T18:30:00Z,15785.8912,15870.7467,15729.3127,15765.3582,
2022-01-07T14:30:00Z,15774.129,15835.0034,15526.7988,15625.1072,
2022-01-07T18:30:00Z,15625.0644,15679.1336,15571.4526,15592.1874,
2022-01-10T14:30:00Z,15383.1758,15417.9645,15165.5318,15371.2732,
2022-01-10T18:30:00Z,15371.3934,15627.9158,15357.1268,15614.4259,
2022-01-11T14:30:00Z,15582.7206,15834.6562,15496.9094,15795.5444,
2022-01-11T18:30:00Z,15795.6728,15848.5608,15777.2052,15844.123,
2022-01-12T14:30:00Z,15955.4817,16017.3896,15815.9452,15909.0769,
2022-01-12T18:30:00Z,15909.203,15928.736,15870.4482,15905.0963,
2022-01-13T14:30:00Z,15970.0894,15990.3798,15609.6866,15680.0819,
2022-01-13T18:30:00Z,15678.7207,15716.6543,15468.089,15495.6169,
2022-01-14T14:30:00Z,15396.4694,15603.3014,15396.4694,15433.8417,
2022-01-14T18:30:00Z,15433.176,15617.1809,15419.2787,15611.594,
2022-01-18T14:30:00Z,15378.0576,15446.2951,15238.8123,15253.2314,
2022-01-18T18:30:00Z,15252.9929,15338.3398,15182.9587,15210.7581,
2022-01-19T14:30:00Z,15287.2539,15382.004,15115.7355,15275.0397,
2022-01-19T18:30:00Z,15275.2187,15282.3601,15038.4351,15047.8422,
2022-01-20T14:30:00Z,15176.3793,15347.6183,15176.3793,15216.5987,
2022-01-20T18:30:00Z,15216.4152,15241.6903,14832.688,14846.4564,
2022-01-21T14:30:00Z,14728.6626,14868.4546,14544.4622,14612.6918,
2022-01-21T18:30:00Z,14612.7498,14679.7532,14432.6362,14438.3995,
2022-01-24T14:30:00Z,14160.9056,14267.6058,13724.851,13989.6774,
2022-01-24T18:30:00Z,13989.4155,14532.5683,13986.0833,14509.5818,
2022-01-25T14:30:00Z,14237.5988,14317.803,14033.8123,14186.2029,
2022-01-25T18:30:00Z,14185.6845,14410.427,14132.4318,14149.1216,
2022-01-26T14:30:00Z,14492.5187,14560.0399,14345.6836,14508.8655,
2022-01-26T18:30:00Z,14506.5299,14646.5421,14006.3991,14172.7592,
2022-01-27T14:30:00Z,14346.4615,14419.4532,14002.5764,14005.2589,
2022-01-27T18:30:00Z,14006.3159,14162.6138,13972.8845,14003.1115,
2022-01-28T14:30:00Z,14091.3149,14319.8419,13880.4778,14224.4053,
2022-01-28T18:30:00Z,14228.0615,14457.7826,14077.8835,14454.6123,
2022-01-31T14:30:00Z,14505.0657,14801.0916,14442.8786,14763.0161,
2022-01-31T18:30:00Z,14763.6994,14934.5246,14734.0352,14930.0525,
2022-02-01T14:30:00Z,14966.6027,14966.6027,14749.4873,14917.2752,
2022-02-01T18:30:00Z,14917.2843,15034.4159,14845.1677,15019.6771,
2022-02-02T14:30:00Z,15173.0341,15196.399,14960.8457,15070.4566,
2022-02-02T18:30:00Z,15070.5559,15162.887,15033.637,15139.7391,
2022-02-03T14:30:00Z,14693.8541,14856.5124,14651.2255,14702.2789,
2022-02-03T18:30:00Z,14702.1391,14724.1028,14471.1954,14501.1125,
2022-02-04T14:30:00Z,14566.278,14741.9728,14452.2798,14721.2454,
2022-02-04T18:30:00Z,14721.5517,14832.0533,14690.3525,14694.3508,
2022-02-07T14:30:00Z,14716.4344,14813.8644,14578.1161,14671.5269,
2022-02-07T18:30:00Z,14671.6207,14735.0448,14524.6282,14571.2478,
2022-02-08T14:30:00Z,14533.2481,14766.9295,14485.7822,14698.7131,
2022-02-08T18:30:00Z,14698.7434,14785.2218,14633.9148,14747.026,
2022-02-09T14:30:00Z,14930.9918,15001.2596,14870.3621,14990.5622,
2022-02-09T18:30:00Z,14990.4282,15057.9012,14962.8205,15056.9599,
2022-02-10T14:30:00Z,14770.6751,15037.2617,14753.8598,14795.7623,
2022-02-10T18:30:00Z,14795.1973,14829.0142,14636.6155,14705.6365,
2022-02-11T14:30:00Z,14739.4589,14769.6391,14494.2334,14494.3592,
2022-02-11T18:30:00Z,14494.3012,14494.3012,14194.5413,14253.839,
2022-02-14T14:30:00Z,14233.4025,14400.7771,14196.916,14309.8911,
2022-02-14T18:30:00Z,14309.9472,14310.4649,14119.7289,14268.5947,
2022-02-15T14:30:00Z,14482.1095,14569.9439,14444.4624,14544.282,
2022-02-15T18:30:00Z,14544.1256,14624.5299,14519.723,14620.8162,
2022-02-16T14:30:00Z,14514.8358,14519.3965,14399.2896,14443.4709,
2022-02-16T18:30:00Z,14443.4683,14647.7933,14417.7582,14603.6357,
2022-02-17T14:30:00Z,14485.0828,14497.4611,14300.7839,14311.1212,
2022-02-17T18:30:00Z,14311.4663,14326.4355,14155.4288,14171.7358,
2022-02-18T14:30:00Z,14207.5489,14225.7237,13918.7563,13939.9841,
2022-02-18T18:30:00Z,13940.179,14147.9967,13936.6237,14009.5425,
2022-02-22T14:30:00Z,13892.807,14109.2646,13804.8867,13818.4598,
2022-02-22T18:30:00Z,13818.4517,14013.9627,13720.916,13870.5295,
2022-02-23T14:30:00Z,14016.943,14035.9317,13679.7845,13681.059,
2022-02-23T18:30:00Z,13681.0952,13728.225,13502.5831,13509.4338,
2022-02-24T14:30:00Z,13065.4437,13565.832,13065.4437,13493.3186,
2022-02-24T18:30:00Z,13492.5341,13989.1009,13492.1595,13974.6689,
2022-02-25T14:30:00Z,13973.9042,14180.2167,13850.2856,14112.023,
2022-02-25T18:30:00Z,14112.2882,14192.9964,14075.2283,14189.1641,
2022-02-28T14:30:00Z,14058.6139,14296.6012,14043.2716,14122.3304,
2022-02-28T18:30:00Z,14122.3854,14244.1646,14009.3649,14237.8098,
2022-03-01T14:30:00Z,14197.661,14271.5812,13983.861,13984.0046,
2022-03-01T18:30:00Z,13984.0079,14098.756,13906.9215,14005.9873,
2022-03-02T14:30:00Z,14075.1069,14263.9893,13962.6882,14246.2839,
2022-03-02T18:30:00Z,14246.6358,14292.7186,14223.6101,14243.6942,
2022-03-03T14:30:00Z,14339.7047,14342.5593,14039.7126,14183.9678,
2022-03-03T18:30:00Z,14184.0426,14184.0854,13965.1104,14035.2121,
2022-03-04T14:30:00Z,13957.5981,13992.9742,13738.6081,13870.5096,
2022-03-04T18:30:00Z,13870.7158,13912.8023,13751.0329,13837.8291,
2022-03-07T14:30:00Z,13853.527,13879.0996,13469.757,13480.3457,
2022-03-07T18:30:00Z,13480.3192,13525.0058,13314.4441,13319.3798,
2022-03-08T14:30:00Z,13275.2343,13663.2679,13129.3982,13523.2587,
2022-03-08T18:30:00Z,13525.1231,13525.1231,13257.3449,13267.605,
2022-03-09T14:30:00Z,13610.4768,13745.861,13504.483,13735.4136,
2022-03-09T18:30:00Z,13735.947,13793.1065,13666.1865,13742.1987,
2022-03-10T14:30:00Z,13577.8397,13610.1145,13399.4628,13475.6793,
2022-03-10T18:30:00Z,13475.6633,13633.689,13469.8564,13590.9954,
2022-03-11T14:30:00Z,13701.7963,13714.4399,13410.4815,13495.8145,
2022-03-11T18:30:00Z,13495.9489,13514.1274,13285.1865,13301.8297,
2022-03-14T13:30:00Z,13248.0922,13386.6656,13051.1072,13051.3375,
2022-03-14T17:30:00Z,13051.5788,13116.1606,13020.4033,13046.6404,
2022-03-15T13:30:00Z,13174.9689,13402.9779,13092.4506,13299.4185,
2022-03-15T17:30:00Z,13299.3031,13488.181,13267.1299,13458.5641,
2022-03-16T13:30:00Z,13633.1185,13864.6241,13619.8746,13691.8212,
2022-03-16T17:30:00Z,13691.7855,13960.2508,13475.0893,13956.7851,
2022-03-17T13:30:00Z,13878.9924,14037.3794,13827.3385,14036.6933,
2022-03-17T17:30:00Z,14036.8667,14125.6677,14016.3022,14118.5999,
2022-03-18T13:30:00Z,14061.2879,14317.2004,14014.4296,14316.6696,
2022-03-18T17:30:00Z,14316.9509,14427.4652,14290.9134,14420.0807,
2022-03-21T13:30:00Z,14377.1474,14470.6818,14190.5266,14219.9937,
2022-03-21T17:30:00Z,14219.7372,14378.0628,14216.7644,14376.0902,
2022-03-22T13:30:00Z,14396.0292,14684.3586,14385.5467,14607.6741,
2022-03-22T17:30:00Z,14607.8402,14688.9723,14596.3193,14654.3318,
2022-03-23T13:30:00Z,14525.2165,14681.3308,14465.4971,14504.6385,
2022-03-23T17:30:00Z,14504.7257,14550.1714,14446.0371,14447.5451,
2022-03-24T13:30:00Z,14529.7159,14664.0169,14440.6674,14648.0183,
2022-03-24T17:30:00Z,14648.1942,14767.7311,14635.3116,14765.6945,
2022-03-25T13:30:00Z,14766.8999,14805.8763,14577.5912,14655.6204,
2022-03-25T17:30:00Z,14655.9261,14759.3643,14632.1168,14754.3092,
2022-03-28T13:30:00Z,14763.1565,14907.3376,14705.9159,14837.9956,
2022-03-28T17:30:00Z,14837.9621,14989.0775,14829.1518,14987.4031,
2022-03-29T13:30:00Z,15142.9281,15212.4369,15039.6097,15117.593,
2022-03-29T17:30:00Z,15117.6003,15265.4218,15111.2024,15239.3175,
2022-03-30T13:30:00Z,15177.1521,15229.0147,15097.245,15156.6204,
2022-03-30T17:30:00Z,15156.3486,15167.665,15010.3389,15071.5473,
2022-03-31T13:30:00Z,15074.2349,15088.3809,14966.2051,15003.3895,
2022-03-31T17:30:00Z,15003.3608,15058.0722,14835.1597,14838.4935,
2022-04-01T13:30:00Z,14886.9131,14925.9269,14723.8318,14739.2422,
2022-04-01T17:30:00Z,14739.2158,14866.0799,14734.8486,14861.2116,
2022-04-04T13:30:00Z,14903.384,15124.5132,14884.5695,15100.379,
2022-04-04T17:30:00Z,15100.3979,15161.8853,15065.1786,15159.5812,
2022-04-05T13:30:00Z,15109.2697,15120.6715,14846.624,14914.3895,
2022-04-05T17:30:00Z,14914.3907,14914.4242,14782.5705,14820.639,
2022-04-06T13:30:00Z,14600.2974,14633.658,14417.1957,14475.3024,
2022-04-06T17:30:00Z,14477.2808,14639.3477,14395.3996,14498.885,
2022-04-07T13:30:00Z,14469.5023,14595.4126,14315.6928,14458.4543,
2022-04-07T17:30:00Z,14458.6928,14624.2394,14422.4836,14531.8103,
2022-04-08T13:30:00Z,14450.5255,14490.1882,14316.7305,14413.7501,
2022-04-08T17:30:00Z,14414.1089,14414.4765,14307.6791,14327.2563,
2022-04-11T13:30:00Z,14149.5988,14187.6666,14030.1065,14088.1883,
2022-04-11T17:30:00Z,14088.2184,14112.6018,13979.1413,13990.2054,
2022-04-12T13:30:00Z,14175.6615,14264.7375,14062.1449,14080.3547,
2022-04-12T17:30:00Z,14080.2315,14091.6242,13882.7535,13940.2404,
2022-04-13T13:30:00Z,13939.6131,14197.5268,13919.4765,14177.6004,
2022-04-13T17:30:00Z,14177.5919,14258.8056,14130.6982,14217.2902,
2022-04-14T13:30:00Z,14225.4652,14235.3877,13960.603,13976.7283,
2022-04-14T17:30:00Z,13976.902,14042.8055,13884.8191,13893.2146,
2022-04-18T13:30:00Z,13859.4732,13997.9252,13788.9562,13855.5267,
2022-04-18T17:30:00Z,13855.557,13984.8346,13826.8112,13910.7634,
2022-04-19T13:30:00Z,13882.7476,14194.1786,13844.7423,14125.6096,
2022-04-19T17:30:00Z,14125.5072,14236.5087,14104.9548,14210.2562,
2022-04-20T13:30:00Z,14246.1958,14263.6082,13982.7412,14070.0288,
2022-04-20T17:30:00Z,14069.9392,14106.834,13962.86,13998.5295,
2022-04-21T13:30:00Z,14174.9197,14277.2056,13859.1226,13935.3405,
2022-04-21T17:30:00Z,13935.8454,13945.6605,13682.6841,13720.4527,
2022-04-22T13:30:00Z,13714.6266,13769.4024,13460.6494,13474.3742,
2022-04-22T17:30:00Z,13474.2198,13504.1107,13342.7939,13356.8691,
2022-04-25T13:30:00Z,13275.4092,13459.1858,13239.7322,13377.9034,
2022-04-25T17:30:00Z,13377.7252,13541.7661,13326.4162,13533.2244,
2022-04-26T13:30:00Z,13447.6624,13447.6624,13099.6499,13109.0304,
2022-04-26T17:30:00Z,13108.853,13208.4769,13009.6541,13009.7129,
2022-04-27T13:30:00Z,13009.4015,13241.9381,12936.4136,13158.2667,
2022-04-27T17:30:00Z,13159.8123,13171.1168,12980.9568,13003.3565,
2022-04-28T13:30:00Z,13254.9579,13426.4876,13038.1715,13410.4981,
2022-04-28T17:30:00Z,13410.0206,13542.564,13390.0242,13456.0582,
2022-04-29T13:30:00Z,13274.9435,13428.533,13062.4162,13108.5413,
2022-04-29T17:30:00Z,13107.9813,13135.684,12835.4817,12854.8036,
2022-05-02T13:30:00Z,12864.8303,13037.5208,12747.6998,12796.4352,
2022-05-02T17:30:00Z,12796.3463,13083.5722,12716.6252,13075.8472,
2022-05-03T13:30:00Z,13045.3533,13163.2237,12982.6988,13132.2349,
2022-05-03T17:30:00Z,13132.492,13178.7434,13003.7355,13089.8985,
2022-05-04T13:30:00Z,13110.2995,13129.2795,12887.5277,13098.8968,
2022-05-04T17:30:00Z,13098.9455,13556.6667,12950.9301,13535.7091,
2022-05-05T13:30:00Z,13344.7901,13344.7901,12806.4786,12905.3163,
2022-05-05T17:30:00Z,12904.029,12933.2656,12710.5942,12850.5527,
2022-05-06T13:30:00Z,12776.859,12926.576,12522.7706,12779.3534,
2022-05-06T17:30:00Z,12779.9681,12804.5163,12571.5297,12693.5347,
2022-05-09T13:30:00Z,12465.9125,12542.321,12241.6188,12317.1213,
2022-05-09T17:30:00Z,12317.1645,12328.8525,12136.1879,12187.721,
2022-05-10T13:30:00Z,12496.8438,12537.8886,12173.4677,12338.4954,
2022-05-10T17:30:00Z,12338.582,12512.5838,12319.8274,12345.8557,
2022-05-11T13:30:00Z,12240.2091,12470.8923,12083.862,12092.9822,
2022-05-11T17:30:00Z,12093.0722,12158.122,11939.0938,11967.5569,
2022-05-12T13:30:00Z,11790.1332,12128.7297,11694.1511,11849.9505,
2022-05-12T17:30:00Z,11852.2562,11953.1901,11692.1179,11945.497,
2022-05-13T13:30:00Z,12125.926,12428.9077,12069.131,12361.0994,
2022-05-13T17:30:00Z,12360.9399,12429.2848,12221.978,12387.3968,
2022-05-16T13:30:00Z,12297.0729,12363.5475,12196.2085,12319.5961,
2022-05-16T17:30:00Z,12319.2804,12395.5099,12211.9812,12243.5773,
2022-05-17T13:30:00Z,12496.6261,12528.6482,12333.9855,12487.5068,
2022-05-17T17:30:00Z,12487.6004,12572.9901,12376.8446,12564.101,
2022-05-18T13:30:00Z,12352.9183,12389.9635,12007.5175,12018.6743,
2022-05-18T17:30:00Z,12017.8302,12037.3963,11886.9964,11928.3115,
2022-05-19T13:30:00Z,11872.557,12066.8519,11795.794,11890.9076,
2022-05-19T17:30:00Z,11891.5912,12040.2741,11855.2215,11875.6259,
2022-05-20T13:30:00Z,12037.0323,12044.7017,11497.9642,11498.019,
2022-05-20T17:30:00Z,11497.8589,11844.9565,11492.2914,11835.6194,
2022-05-23T13:30:00Z,11867.0764,12047.8098,11785.7606,11952.0837,
2022-05-23T17:30:00Z,11952.1244,12047.6749,11939.8365,12034.2805,
2022-05-24T13:30:00Z,11807.7778,11842.8086,11576.1058,11676.4815,
2022-05-24T17:30:00Z,11676.283,11826.0363,11653.6571,11769.8402,
2022-05-25T13:30:00Z,11732.4511,11924.3477,11714.2693,11829.3144,
2022-05-25T17:30:00Z,11829.3018,12028.8867,11778.3085,11943.9279,
2022-05-26T13:30:00Z,11906.8295,12337.7283,11901.874,12287.1971,
2022-05-26T17:30:00Z,12287.1894,12331.1577,12234.6997,12276.7887,
2022-05-27T13:30:00Z,12421.7977,12607.6206,12405.2873,12586.6823,
2022-05-27T17:30:00Z,12587.5382,12682.5815,12568.7808,12681.4209,
2022-05-31T13:30:00Z,12688.9466,12751.0602,12482.3246,12675.2163,
2022-05-31T17:30:00Z,12674.7359,12762.8411,12605.7453,12642.1001,
2022-06-01T13:30:00Z,12750.3068,12820.4666,12457.9061,12520.845,
2022-06-01T17:30:00Z,12519.9689,12658.7045,12498.3169,12548.3636,
2022-06-02T13:30:00Z,12498.6263,12800.5304,12447.7709,12796.5429,
2022-06-02T17:30:00Z,12796.5388,12897.633,12793.3586,12892.8862,
2022-06-03T13:30:00Z,12650.3847,12724.8135,12505.7625,12575.5112,
2022-06-03T17:30:00Z,12575.4022,12596.7568,12511.2295,12548.0252,
2022-06-06T13:30:00Z,12745.888,12804.4557,12534.576,12582.0914,
2022-06-06T17:30:00Z,12582.1138,12678.3912,12542.17,12599.6299,
2022-06-07T13:30:00Z,12456.4897,12698.2364,12413.5554,12650.2362,
2022-06-07T17:30:00Z,12650.2107,12737.2979,12636.6772,12711.6754,
2022-06-08T13:30:00Z,12682.813,12776.649,12607.6941,12624.7342,
2022-06-08T17:30:00Z,12624.0524,12650.8537,12578.5484,12615.1285,
2022-06-09T13:30:00Z,12543.371,12666.4058,12509.9854,12549.2601,
2022-06-09T17:30:00Z,12549.9275,12549.9275,12265.86,12269.7831,
2022-06-10T13:30:00Z,12052.5911,12082.6943,11825.3517,11880.6156,
2022-06-10T17:30:00Z,11880.4697,11968.0686,11831.2078,11832.8207,
2022-06-13T13:30:00Z,11472.1858,11568.6456,11319.5865,11390.6466,
2022-06-13T17:30:00Z,11390.6403,11459.9794,11254.185,11288.3182,
2022-06-14T13:30:00Z,11385.1826,11418.218,11241.8918,11370.1333,
2022-06-14T17:30:00Z,11369.3518,11370.3212,11205.9234,11311.6855,
2022-06-15T13:30:00Z,11468.1307,11537.3528,11431.5776,11507.0086,
2022-06-15T17:30:00Z,11506.9861,11751.2947,11346.5363,11593.7714,
2022-06-16T13:30:00Z,11286.8731,11311.0499,11098.0815,11183.6399,
2022-06-16T17:30:00Z,11183.4272,11190.9563,11037.2091,11127.5725,
2022-06-17T13:30:00Z,11172.6531,11357.9706,11089.9315,11315.105,
2022-06-17T17:30:00Z,11316.0082,11345.3922,11237.0679,11265.988,
2022-06-21T13:30:00Z,11446.9846,11638.4728,11446.9846,11579.2453,
2022-06-21T17:30:00Z,11579.1494,11597.4002,11529.1827,11546.7575,
2022-06-22T13:30:00Z,11427.7391,11708.0806,11423.2022,11629.9956,
2022-06-22T17:30:00Z,11629.9993,11681.3867,11508.6951,11527.7122,
2022-06-23T13:30:00Z,11622.088,11703.7153,11515.4849,11543.3171,
2022-06-23T17:30:00Z,11542.9019,11729.6173,11526.5948,11697.6764,
2022-06-24T13:30:00Z,11826.9487,12044.4224,11812.1786,11985.6439,
2022-06-24T17:30:00Z,11985.6666,12112.821,11966.6742,12105.8483,
2022-06-27T13:30:00Z,12157.9326,12175.9789,11990.4316,12040.4566,
2022-06-27T17:30:00Z,12040.5089,12040.8894,11965.6704,12008.2435,
2022-06-28T13:30:00Z,12021.3412,12133.8698,11708.8413,11740.3135,
2022-06-28T17:30:00Z,11740.5383,11744.6497,11633.1272,11637.7685,
2022-06-29T13:30:00Z,11619.0131,11710.2089,11537.7223,11617.7103,
2022-06-29T17:30:00Z,11617.9409,11689.0326,11606.0651,11658.2628,
2022-06-30T13:30:00Z,11532.32,11650.9646,11322.8644,11580.4658,
2022-06-30T17:30:00Z,11581.8472,11634.1716,11445.1135,11503.7169,
2022-07-01T13:30:00Z,11472.6322,11580.2877,11378.6262,11446.3575,
2022-07-01T17:30:00Z,11447.2122,11592.8458,11446.7292,11585.676,
2022-07-05T13:30:00Z,11419.3371,11643.041,11366.0737,11637.3984,
2022-07-05T17:30:00Z,11637.4509,11781.7407,11623.5164,11779.9045,
2022-07-06T13:30:00Z,11807.0824,11843.6541,11727.3607,11808.1685,
2022-07-06T17:30:00Z,11807.4658,11941.3113,11767.9683,11852.5877,
2022-07-07T13:30:00Z,11913.728,12080.4734,11897.5084,12057.4685,
2022-07-07T17:30:00Z,12057.4792,12137.7121,12054.3309,12109.0533,
2022-07-08T13:30:00Z,11977.9545,12179.3221,11956.0299,12087.5364,
2022-07-08T17:30:00Z,12087.5353,12157.2892,12077.5235,12125.6907,
2022-07-11T13:30:00Z,12008.7627,12026.0609,11833.6975,11950.4193,
2022-07-11T17:30:00Z,11949.72,11975.3399,11830.885,11860.2808,
2022-07-12T13:30:00Z,11926.8371,11990.4436,11779.8293,11851.5557,
2022-07-12T17:30:00Z,11851.6973,11876.9587,11684.0241,11744.9856,
2022-07-13T13:30:00Z,11523.9085,11819.6858,11498.957,11783.5915,
2022-07-13T17:30:00Z,11783.4457,11804.8756,11712.11,11728.5275,
2022-07-14T13:30:00Z,11637.1818,11684.2943,11488.273,11679.0925,
2022-07-14T17:30:00Z,11678.0726,11801.11,11660.2796,11768.3952,
2022-07-15T13:30:00Z,11896.1534,11967.5483,11828.1308,11947.319,
2022-07-15T17:30:00Z,11947.3391,11987.5208,11931.5066,11983.6238,
2022-07-18T13:30:00Z,12089.6831,12156.0859,12068.496,12095.609,
2022-07-18T17:30:00Z,12095.5801,12096.5528,11836.5244,11877.4996,
2022-07-19T13:30:00Z,12046.6888,12178.7221,11967.9183,12171.0302,
2022-07-19T17:30:00Z,12171.2647,12258.3699,12171.0919,12249.4197,
2022-07-20T13:30:00Z,12269.0663,12488.3863,12232.198,12384.4573,
2022-07-20T17:30:00Z,12384.033,12472.2482,12348.5289,12439.6819,
2022-07-21T13:30:00Z,12466.131,12593.0789,12351.4182,12555.3884,
2022-07-21T17:30:00Z,12555.5839,12620.4988,12523.7757,12619.4087,
2022-07-22T13:30:00Z,12575.7566,12662.8614,12358.459,12368.0202,
2022-07-22T17:30:00Z,12367.9326,12402.5775,12322.8172,12396.4672,
2022-07-25T13:30:00Z,12391.2135,12415.5871,12271.5086,12335.2778,
2022-07-25T17:30:00Z,12334.9162,12340.5202,12244.3964,12328.4121,
2022-07-26T13:30:00Z,12248.2139,12259.0142,12081.4685,12129.148,
2022-07-26T17:30:00Z,12129.1425,12132.901,12051.2079,12086.8959,
2022-07-27T13:30:00Z,12299.3433,12448.4622,12256.9353,12415.1499,
2022-07-27T17:30:00Z,12415.7576,12660.7667,12384.4958,12601.4701,
2022-07-28T13:30:00Z,12580.6149,12670.9229,12433.553,12664.9655,
2022-07-28T17:30:00Z,12665.0643,12741.8277,12662.9567,12717.8706,
2022-07-29T13:30:00Z,12784.1993,12907.2044,12726.2476,12871.3132,
2022-07-29T17:30:00Z,12871.3043,12986.6444,12870.9894,12947.9749,
2022-08-01T13:30:00Z,12877.0395,13084.6081,12833.1554,12920.0183,
2022-08-01T17:30:00Z,12919.7171,12977.5799,12877.7981,12940.7831,
2022-08-02T13:30:00Z,12853.0358,13073.2662,12809.012,12973.4099,
2022-08-02T17:30:00Z,12972.5408,12976.6894,12887.8413,12901.6008,
2022-08-03T13:30:00Z,12983.5769,13257.17,12974.8543,13247.8934,
2022-08-03T17:30:00Z,13247.7924,13289.1905,13231.52,13253.259,
2022-08-04T13:30:00Z,13253.7742,13317.4499,13170.4393,13283.1723,
2022-08-04T17:30:00Z,13282.9801,13326.7178,13255.2528,13311.0414,
2022-08-05T13:30:00Z,13107.4461,13286.0211,13070.3636,13194.2336,
2022-08-05T17:30:00Z,13194.294,13219.9168,13129.3145,13207.6924,
2022-08-08T13:30:00Z,13227.0876,13394.5354,13142.0056,13171.519,
2022-08-08T17:30:00Z,13171.6932,13193.8007,13103.7967,13159.1613,
2022-08-09T13:30:00Z,13064.2443,13095.7004,12945.5957,12986.3542,
2022-08-09T17:30:00Z,12986.1313,13036.4419,12955.8516,13008.1654,
2022-08-10T13:30:00Z,13330.6563,13363.063,13220.0508,13329.4762,
2022-08-10T17:30:00Z,13329.4489,13386.8472,13312.282,13378.3213,
2022-08-11T13:30:00Z,13471.0284,13555.3773,13346.1271,13397.5558,
2022-08-11T17:30:00Z,13397.1658,13403.0699,13271.3467,13291.9865,
2022-08-12T13:30:00Z,13384.6462,13484.7946,13341.6488,13481.3159,
2022-08-12T17:30:00Z,13481.3285,13565.8719,13477.2796,13565.8719,
2022-08-15T13:30:00Z,13529.6615,13657.3121,13524.5259,13648.0746,
2022-08-15T17:30:00Z,13647.8832,13685.6504,13625.4844,13667.1801,
2022-08-16T13:30:00Z,13617.6612,13663.8298,13508.4716,13649.9082,
2022-08-16T17:30:00Z,13650.5146,13720.9118,13567.9378,13635.2097,
2022-08-17T13:30:00Z,13499.2438,13540.8532,13389.8187,13476.0874,
2022-08-17T17:30:00Z,13476.0062,13591.5764,13456.0312,13470.8572,
2022-08-18T13:30:00Z,13474.2378,13553.2819,13405.7364,13523.2477,
2022-08-18T17:30:00Z,13523.8186,13549.1861,13490.3972,13505.9909,
2022-08-19T13:30:00Z,13370.2453,13402.609,13229.6495,13244.5887,
2022-08-19T17:30:00Z,13244.2377,13265.6493,13210.816,13242.9014,
2022-08-22T13:30:00Z,13056.3876,13073.0669,12925.7629,12928.0274,
2022-08-22T17:30:00Z,12926.5143,12926.5143,12859.8204,12890.5384,
2022-08-23T13:30:00Z,12885.2792,13000.7112,12852.7036,12933.6396,
2022-08-23T17:30:00Z,12933.7097,12941.3164,12867.69,12881.7888,
2022-08-24T13:30:00Z,12876.2283,12995.1411,12843.583,12900.7111,
2022-08-24T17:30:00Z,12900.708,12956.2507,12899.8168,12917.8637,
2022-08-25T13:30:00Z,12984.7355,13104.2378,12951.6066,13042.1723,
2022-08-25T17:30:00Z,13042.1109,13146.8391,13031.8592,13143.5829,
2022-08-26T13:30:00Z,13129.9142,13175.253,12751.4528,12772.4704,
2022-08-26T17:30:00Z,12772.4383,12772.6084,12603.4051,12605.166,
2022-08-29T13:30:00Z,12488.4584,12594.3383,12440.3997,12545.2405,
2022-08-29T17:30:00Z,12545.5565,12592.4103,12475.1565,12484.3217,
2022-08-30T13:30:00Z,12562.4039,12572.8755,12251.8217,12270.2012,
2022-08-30T17:30:00Z,12270.6692,12372.7701,12240.8233,12342.6984,
2022-08-31T13:30:00Z,12448.0685,12502.1479,12295.1506,12311.803,
2022-08-31T17:30:00Z,12312.1296,12374.4861,12268.0771,12272.0305,
2022-09-01T13:30:00Z,12158.8826,12211.1401,12012.9821,12109.5317,
2022-09-01T17:30:00Z,12109.6735,12290.3334,12068.3179,12274.6246,
2022-09-02T13:30:00Z,12392.4553,12451.2848,12128.4949,12133.0446,
2022-09-02T17:30:00Z,12132.6139,12161.6443,12035.5277,12098.4426,
2022-09-06T13:30:00Z,12106.5717,12152.4211,11928.8061,11978.2868,
2022-09-06T17:30:00Z,11978.2786,12057.924,11961.5683,12011.3136,
2022-09-07T13:30:00Z,12038.1781,12175.0314,12026.9822,12145.9101,
2022-09-07T17:30:00Z,12146.2701,12298.1234,12146.2264,12259.3874,
2022-09-08T13:30:00Z,12139.5736,12374.126,12120.2627,12272.0854,
2022-09-08T17:30:00Z,12272.3715,12322.6435,12230.7781,12321.1939,
2022-09-09T13:30:00Z,12424.1488,12591.2063,12424.1488,12583.2604,
2022-09-09T17:30:00Z,12583.0302,12610.4317,12557.2152,12588.2917,
2022-09-12T13:30:00Z,12649.2345,12752.8283,12639.761,12729.8594,
2022-09-12T17:30:00Z,12729.8524,12741.639,12681.6259,12739.7216,
2022-09-13T13:30:00Z,12364.8342,12420.0117,12184.4269,12252.1673,
2022-09-13T17:30:00Z,12252.4244,12255.0243,12004.4171,12033.6203,
2022-09-14T13:30:00Z,12092.0255,12170.2529,12018.2206,12137.2559,
2022-09-14T17:30:00Z,12136.8599,12148.0034,12016.4321,12134.3994,
2022-09-15T13:30:00Z,12034.4273,12153.3429,11916.1198,12058.462,
2022-09-15T17:30:00Z,12057.5366,12057.777,11867.8826,11927.4873,
2022-09-16T13:30:00Z,11775.9354,11840.5324,11710.2554,11746.2867,
2022-09-16T17:30:00Z,11746.428,11875.0923,11734.6086,11861.3762,
2022-09-19T13:30:00Z,11753.5986,11905.0036,11752.4309,11870.8631,
2022-09-19T17:30:00Z,11871.2822,11956.7885,11830.1518,11953.2747,
2022-09-20T13:30:00Z,11855.8352,11951.1295,11814.2871,11815.2663,
2022-09-20T17:30:00Z,11814.7923,11896.383,11761.693,11851.5371,
2022-09-21T13:30:00Z,11892.7172,11938.3719,11870.865,11911.054,
2022-09-21T17:30:00Z,11910.9963,12062.5202,11636.2451,11637.7915,
2022-09-22T13:30:00Z,11574.322,11615.0515,11448.8621,11503.9987,
2022-09-22T17:30:00Z,11503.6641,11617.9934,11461.5333,11501.6475,
2022-09-23T13:30:00Z,11398.7507,11402.4078,11238.3123,11258.3892,
2022-09-23T17:30:00Z,11258.4043,11322.1166,11169.6576,11311.2436,
2022-09-26T13:30:00Z,11283.1436,11473.3593,11242.8374,11261.2225,
2022-09-26T17:30:00Z,11261.2661,11341.7166,11235.7374,11254.1119,
2022-09-27T13:30:00Z,11411.3429,11502.3804,11175.2869,11215.9757,
2022-09-27T17:30:00Z,11215.5933,11299.4794,11184.2065,11271.7497,
2022-09-28T13:30:00Z,11258.7374,11452.7525,11210.8074,11433.08,
2022-09-28T17:30:00Z,11433.0537,11546.8716,11397.7006,11493.8273,
2022-09-29T13:30:00Z,11334.5703,11339.9058,11105.0017,11119.4799,
2022-09-29T17:30:00Z,11119.2499,11177.3164,11038.944,11164.7804,
2022-09-30T13:30:00Z,11123.1072,11296.1577,11088.2288,11170.3207,
2022-09-30T17:30:00Z,11170.5343,11174.326,10966.9514,10971.2224,
2022-10-03T13:30:00Z,11059.165,11195.96,10985.009,11191.0453,
2022-10-03T17:30:00Z,11192.0841,11296.4256,11191.6412,11229.7275,
2022-10-04T13:30:00Z,11477.8486,11609.2498,11462.3722,11502.1387,
2022-10-04T17:30:00Z,11503.0396,11585.6237,11501.0139,11582.5387,
2022-10-05T13:30:00Z,11429.4712,11563.1554,11312.5234,11536.558,
2022-10-05T17:30:00Z,11535.9189,11647.623,11502.0143,11573.1825,
2022-10-06T13:30:00Z,11556.3958,11660.5528,11474.2625,11572.231,
2022-10-06T17:30:00Z,11572.3863,11579.04,11472.8305,11485.5042,
2022-10-07T13:30:00Z,11272.4563,11293.6481,11057.1716,11079.4829,
2022-10-07T17:30:00Z,11078.7891,11094.1141,10991.6629,11039.4693,
2022-10-10T13:30:00Z,11048.5121,11063.2138,10824.2512,10877.7445,
2022-10-10T17:30:00Z,10876.821,11007.3975,10875.588,10926.9659,
2022-10-11T13:30:00Z,10865.3174,10981.9073,10735.6443,10903.1954,
2022-10-11T17:30:00Z,10903.1691,10929.2597,10716.3342,10791.3477,
2022-10-12T13:30:00Z,10810.2994,10886.4912,10754.8509,10820.5582,
2022-10-12T17:30:00Z,10820.7213,10862.9108,10781.7018,10785.6152,
2022-10-13T13:30:00Z,10481.5806,11054.6859,10440.6384,11014.836,
2022-10-13T17:30:00Z,11015.3312,11087.6602,10957.2542,11033.5805,
2022-10-14T13:30:00Z,11130.0769,11152.8932,10740.3476,10776.9634,
2022-10-14T17:30:00Z,10776.2846,10802.0125,10677.4796,10692.058,
2022-10-17T13:30:00Z,10967.2467,11080.0546,10959.7448,11054.1954,
2022-10-17T17:30:00Z,11054.334,11090.8659,11038.6745,11062.5317,
2022-10-18T13:30:00Z,11368.7634,11374.3754,11037.3452,11156.2756,
2022-10-18T17:30:00Z,11159.1641,11201.7157,11035.7969,11147.7356,
2022-10-19T13:30:00Z,11081.8203,11231.4604,11008.1107,11043.4859,
2022-10-19T17:30:00Z,11043.3572,11109.0172,11024.1344,11103.3772,
2022-10-20T13:30:00Z,11081.2246,11279.8111,11053.0732,11103.0819,
2022-10-20T17:30:00Z,11102.8145,11102.9307,11001.2774,11046.7061,
2022-10-21T13:30:00Z,10998.1664,11214.0099,10962.0086,11197.6695,
2022-10-21T17:30:00Z,11197.6531,11327.7727,11195.4044,11310.3322,
2022-10-24T13:30:00Z,11321.108,11406.4731,11166.4888,11349.281,
2022-10-24T17:30:00Z,11349.2738,11468.1827,11329.9156,11430.2622,
2022-10-25T13:30:00Z,11482.8682,11657.5074,11480.4087,11598.5437,
2022-10-25T17:30:00Z,11598.6273,11681.847,11586.0591,11669.9927,
2022-10-26T13:30:00Z,11409.7904,11657.0612,11388.3408,11444.0534,
2022-10-26T17:30:00Z,11444.8125,11495.2332,11393.9745,11405.8958,
2022-10-27T13:30:00Z,11387.7144,11417.0369,11209.7475,11250.9962,
2022-10-27T17:30:00Z,11251.1454,11254.9,11179.9035,11191.6305,
2022-10-28T13:30:00Z,11176.9939,11499.2281,11176.9939,11487.0578,
2022-10-28T17:30:00Z,11487.1112,11563.1553,11475.3352,11546.2064,
2022-10-31T13:30:00Z,11465.2083,11482.9901,11331.263,11449.101,
2022-10-31T17:30:00Z,11448.0228,11457.1857,11380.2155,11405.5691,
2022-11-01T13:30:00Z,11571.5253,11574.3904,11278.2843,11312.8317,
2022-11-01T17:30:00Z,11312.91,11337.2902,11285.9958,11288.9525,
2022-11-02T13:30:00Z,11300.269,11300.269,11152.915,11177.2113,
2022-11-02T17:30:00Z,11177.178,11410.9125,10903.4787,10906.3432,
2022-11-03T13:30:00Z,10769.4322,10852.1788,10680.8254,10770.558,
2022-11-03T17:30:00Z,10770.3535,10783.4238,10688.4013,10690.5987,
2022-11-04T13:30:00Z,10911.9848,10934.6171,10638.9047,10666.7599,
2022-11-04T17:30:00Z,10666.9649,10861.3559,10632.3879,10857.0273,
2022-11-07T14:30:00Z,10900.8346,10926.1286,10817.5904,10886.04,
2022-11-07T18:30:00Z,10886.0424,11001.158,10869.3065,10976.9986,
2022-11-08T14:30:00Z,11039.5766,11191.9002,10973.9845,11066.361,
2022-11-08T18:30:00Z,11066.1274,11120.3465,10897.526,11059.4973,
2022-11-09T14:30:00Z,10971.4341,11012.664,10880.1125,10883.6316,
2022-11-09T18:30:00Z,10883.616,10883.616,10790.348,10797.5503,
2022-11-10T14:30:00Z,11350.4217,11465.6977,11235.7424,11438.4724,
2022-11-10T18:30:00Z,11438.7461,11612.2029,11423.1002,11605.9555,
2022-11-11T14:30:00Z,11604.3637,11786.8651,11535.5619,11786.0574,
2022-11-11T18:30:00Z,11786.0966,11840.0688,11756.4513,11817.0085,
2022-11-14T14:30:00Z,11728.1141,11849.3295,11669.1022,11847.4225,
2022-11-14T18:30:00Z,11847.254,11863.8151,11693.4658,11700.9404,
2022-11-15T14:30:00Z,12006.4536,12024.9534,11808.9269,11819.4087,
2022-11-15T18:30:00Z,11818.4626,11915.4679,11735.4034,11871.1483,
2022-11-16T14:30:00Z,11767.4181,11796.9873,11673.1357,11757.9476,
2022-11-16T18:30:00Z,11758.6288,11764.5445,11675.8931,11699.0865,
2022-11-17T14:30:00Z,11521.6395,11737.6144,11519.3752,11716.5528,
2022-11-17T18:30:00Z,11717.1675,11737.4701,11593.1551,11676.8567,
2022-11-18T14:30:00Z,11791.8467,11794.6797,11579.6398,11641.2711,
2022-11-18T18:30:00Z,11640.9851,11710.4597,11599.3655,11677.0173,
2022-11-21T14:30:00Z,11623.3493,11664.9378,11524.4392,11575.5078,
2022-11-21T18:30:00Z,11575.4791,11600.4979,11547.1336,11553.4515,
2022-11-22T14:30:00Z,11590.8251,11664.6446,11503.3417,11662.6467,
2022-11-22T18:30:00Z,11662.5043,11731.7628,11648.9391,11724.8375,
2022-11-23T14:30:00Z,11725.084,11860.6589,11722.0113,11775.6199,
2022-11-23T18:30:00Z,11775.6516,11866.42,11763.892,11838.7151,
2022-11-25T14:30:00Z,11777.3304,11803.9082,11748.7912,11756.0337,
2022-11-28T14:30:00Z,11684.0692,11764.8329,11642.5186,11658.9757,
2022-11-28T18:30:00Z,11658.8761,11660.0577,11555.2569,11587.7516,
2022-11-29T14:30:00Z,11590.297,11613.3319,11450.3418,11463.4706,
2022-11-29T18:30:00Z,11463.4894,11530.692,11461.4619,11503.4506,
2022-11-30T14:30:00Z,11505.7432,11555.3921,11481.8856,11539.6066,
2022-11-30T18:30:00Z,11539.8597,12031.3367,11517.5876,12030.06,
2022-12-01T14:30:00Z,12030.2365,12115.3389,11928.6604,12015.8394,
2022-12-01T18:30:00Z,12015.8988,12078.4065,12010.3923,12041.8948,
2022-12-02T14:30:00Z,11845.5288,11960.0803,11825.5313,11910.3762,
2022-12-02T18:30:00Z,11910.4533,12027.6159,11898.9873,11994.2596,
2022-12-05T14:30:00Z,11899.537,11957.3554,11797.475,11813.7299,
2022-12-05T18:30:00Z,11815.5456,11831.1464,11732.1493,11786.7999,
2022-12-06T14:30:00Z,11775.2048,11790.9292,11544.6663,11546.6776,
2022-12-06T18:30:00Z,11546.6875,11570.2353,11488.5998,11549.6853,
2022-12-07T14:30:00Z,11490.9867,11577.6871,11431.9612,11532.2634,
2022-12-07T18:30:00Z,11532.1886,11532.6284,11464.6021,11497.3919,
2022-12-08T14:30:00Z,11543.6764,11658.0897,11470.6842,11640.8077,
2022-12-08T18:30:00Z,11641.3021,11672.1396,11572.8197,11637.4954,
2022-12-09T14:30:00Z,11594.382,11707.0851,11550.3084,11643.0646,
2022-12-09T18:30:00Z,11642.7725,11664.2355,11560.1565,11563.3265,
2022-12-12T14:30:00Z,11572.2616,11613.8881,11529.4067,11582.0752,
2022-12-12T18:30:00Z,11581.9534,11707.7136,11576.8789,11706.4393,
2022-12-13T14:30:00Z,12141.2411,12166.4093,11724.9047,11825.757,
2022-12-13T18:30:00Z,11825.7168,11880.3898,11761.5833,11834.2055,
2022-12-14T14:30:00Z,11824.5422,11934.6562,11814.9281,11887.5945,
2022-12-14T18:30:00Z,11887.5604,11941.2777,11617.4134,11740.9242,
2022-12-15T14:30:00Z,11573.3812,11591.3292,11310.7141,11322.9242,
2022-12-15T18:30:00Z,11322.546,11387.9103,11300.3475,11345.2161,
2022-12-16T14:30:00Z,11313.6359,11383.3884,11181.9346,11184.4876,
2022-12-16T18:30:00Z,11184.0107,11288.4102,11175.5356,11243.7212,
2022-12-19T14:30:00Z,11242.9967,11251.5717,11077.974,11127.9442,
2022-12-19T18:30:00Z,11127.8539,11127.9396,11029.7741,11084.5937,
2022-12-20T14:30:00Z,11023.466,11143.6221,10967.0699,11095.0097,
2022-12-20T18:30:00Z,11095.6661,11122.4181,11057.7276,11072.4246,
2022-12-21T14:30:00Z,11110.6451,11271.7316,11083.3568,11228.8794,
2022-12-21T18:30:00Z,11228.4828,11285.775,11207.3889,11235.8798,
2022-12-22T14:30:00Z,11099.3637,11114.2287,10793.4852,10800.8862,
2022-12-22T18:30:00Z,10800.795,10963.6304,10784.0152,10956.1438,
2022-12-23T14:30:00Z,10911.0401,11007.091,10830.8972,10957.0474,
2022-12-23T18:30:00Z,10957.0316,10992.7183,10931.0803,10985.4467,
2022-12-27T14:30:00Z,10944.2983,10957.4373,10807.6093,10852.4997,
2022-12-27T18:30:00Z,10852.615,10865.8236,10811.7147,10822.514,
2022-12-28T14:30:00Z,10807.1164,10898.6355,10685.1093,10756.2612,
2022-12-28T18:30:00Z,10756.318,10756.4961,10671.1893,10679.3446,
2022-12-29T14:30:00Z,10800.7984,10981.0571,10776.6158,10943.9916,
2022-12-29T18:30:00Z,10943.9705,10980.7839,10935.2326,10951.0476,
2022-12-30T14:30:00Z,10835.5907,10882.9696,10778.6412,10817.5954,
2022-12-30T18:30:00Z,10817.5554,10942.8971,10800.9892,10939.7616,
2023-01-03T14:30:00Z,11038.4245,11093.1036,10770.9285,10820.928,
2023-01-03T18:30:00Z,10820.9065,10890.3771,10796.1431,10862.6369,
2023-01-04T14:30:00Z,10949.3431,10981.4576,10785.5338,10941.6856,
2023-01-04T18:30:00Z,10941.7695,10972.3178,10824.4739,10914.8009,
2023-01-05T14:30:00Z,10837.2461,10842.3331,10742.2386,10807.7418,
2023-01-05T18:30:00Z,10809.0254,10831.8131,10728.2586,10741.2175,
2023-01-06T14:30:00Z,10807.455,10965.1309,10696.4227,10962.8703,
2023-01-06T18:30:00Z,10962.8964,11082.594,10962.7254,11040.3542,
2023-01-09T14:30:00Z,11133.0665,11304.8433,11120.6665,11280.8178,
2023-01-09T18:30:00Z,11280.8069,11280.975,11085.3249,11108.445,
2023-01-10T14:30:00Z,11069.0476,11204.5727,11050.6805,11149.239,
2023-01-10T18:30:00Z,11149.1474,11207.5568,11144.5461,11205.7797,
2023-01-11T14:30:00Z,11259.1554,11358.9782,11220.7482,11341.0249,
2023-01-11T18:30:00Z,11340.9995,11403.8896,11318.7046,11402.5247,
2023-01-12T14:30:00Z,11441.4549,11487.3886,11246.022,11411.6519,
2023-01-12T18:30:00Z,11411.7483,11500.8583,11386.4155,11459.6129,
2023-01-13T14:30:00Z,11362.1295,11466.652,11347.6019,11457.9887,
2023-01-13T18:30:00Z,11457.9859,11547.9586,11456.714,11541.4818,
2023-01-17T14:30:00Z,11531.5445,11615.9508,11484.0239,11560.2007,
2023-01-17T18:30:00Z,11560.1434,11580.659,11535.2271,11557.1857,
2023-01-18T14:30:00Z,11636.6082,11690.2683,11418.7649,11444.8084,
2023-01-18T18:30:00Z,11444.8356,11478.5799,11403.3148,11410.286,
2023-01-19T14:30:00Z,11345.1851,11384.4718,11251.9378,11306.4694,
2023-01-19T18:30:00Z,11306.4917,11388.4646,11289.3646,11295.6697,
2023-01-20T14:30:00Z,11363.8544,11489.7173,11329.5369,11465.1443,
2023-01-20T18:30:00Z,11465.3115,11623.1976,11465.3115,11619.0268,
2023-01-23T14:30:00Z,11652.0034,11903.2828,11617.8268,11900.3946,
2023-01-23T18:30:00Z,11900.509,11918.8587,11800.5924,11872.5439,
2023-01-24T14:30:00Z,11802.9496,11889.372,11780.0732,11852.1342,
2023-01-24T18:30:00Z,11852.1128,11875.3076,11799.4084,11846.6447,
2023-01-25T14:30:00Z,11636.0083,11758.7775,11550.0657,11756.3454,
2023-01-25T18:30:00Z,11756.4972,11841.8094,11738.8416,11814.6868,
2023-01-26T14:30:00Z,11972.5665,12018.4126,11853.3733,11942.6345,
2023-01-26T18:30:00Z,11942.7913,12055.8063,11942.7683,12051.4796,
2023-01-27T14:30:00Z,12000.2092,12183.7769,11999.8727,12170.1185,
2023-01-27T18:30:00Z,12170.3655,12248.1491,12161.849,12166.6009,
2023-01-30T14:30:00Z,12047.1627,12087.6764,11928.8075,11985.775,
2023-01-30T18:30:00Z,11985.8036,11985.8036,11906.1096,11912.3856,
2023-01-31T14:30:00Z,11915.9448,12041.0017,11915.9448,12021.9441,
2023-01-31T18:30:00Z,12021.9275,12104.127,12011.607,12101.9293,
2023-02-01T14:30:00Z,12087.9208,12104.839,12026.5217,12085.6259,
2023-02-01T18:30:00Z,12086.4829,12458.8746,12010.7346,12363.1038,
2023-02-02T14:30:00Z,12655.1839,12805.374,12600.7562,12802.3862,
2023-02-02T18:30:00Z,12802.4404,12880.9834,12642.1559,12803.1401,
2023-02-03T14:30:00Z,12520.9513,12828.7138,12520.9513,12645.0999,
2023-02-03T18:30:00Z,12645.1278,12650.0097,12533.7081,12573.3607,
2023-02-06T14:30:00Z,12468.8047,12558.8747,12411.8766,12468.4531,
2023-02-06T18:30:00Z,12468.0905,12524.6418,12424.2979,12464.5146,
2023-02-07T14:30:00Z,12474.9501,12727.3699,12435.2888,12505.1672,
2023-02-07T18:30:00Z,12504.7686,12771.5853,12419.7139,12728.2726,
2023-02-08T14:30:00Z,12680.0286,12709.4523,12475.6754,12531.1248,
2023-02-08T18:30:00Z,12529.852,12555.9131,12471.115,12495.3771,
2023-02-09T14:30:00Z,12677.543,12679.5426,12461.7404,12495.3865,
2023-02-09T18:30:00Z,12495.7242,12516.9315,12327.4372,12381.17,
2023-02-10T14:30:00Z,12306.5928,12375.7172,12204.2145,12301.0387,
2023-02-10T18:30:00Z,12300.7799,12319.2046,12239.701,12304.917,
2023-02-13T14:30:00Z,12356.4978,12513.5565,12313.4453,12510.0685,
2023-02-13T18:30:00Z,12510.3555,12522.7803,12442.6418,12502.3132,
2023-02-14T14:30:00Z,12413.0957,12627.3963,12356.3223,12542.5642,
2023-02-14T18:30:00Z,12542.899,12622.6591,12499.1842,12590.8863,
2023-02-15T14:30:00Z,12531.5996,12626.1372,12486.4168,12615.6381,
2023-02-15T18:30:00Z,12616.9004,12689.3384,12604.2213,12687.8936,
2023-02-16T14:30:00Z,12495.0735,12653.3994,12466.5164,12591.9903,
2023-02-16T18:30:00Z,12592.5289,12637.5281,12439.9981,12442.4806,
2023-02-17T14:30:00Z,12352.3023,12385.5188,12233.7935,12251.1661,
2023-02-17T18:30:00Z,12251.3423,12371.0928,12245.1069,12358.1849,
2023-02-21T14:30:00Z,12205.2121,12257.0617,12105.6059,12113.7032,
2023-02-21T18:30:00Z,12114.0207,12118.0034,12058.2305,12060.2984,
2023-02-22T14:30:00Z,12085.6743,12145.0696,12006.0375,12133.9691,
2023-02-22T18:30:00Z,12133.7767,12156.2139,12019.0708,12066.2718,
2023-02-23T14:30:00Z,12224.4442,12227.4027,12003.3055,12055.6029,
2023-02-23T18:30:00Z,12055.7572,12219.8619,12045.9277,12180.14,
2023-02-24T14:30:00Z,11979.7994,12018.3206,11900.8385,11933.7541,
2023-02-24T18:30:00Z,11934.0012,11993.7875,11913.4238,11969.652,
2023-02-27T14:30:00Z,12106.7916,12159.6381,12043.4984,12092.9437,
2023-02-27T18:30:00Z,12093.437,12118.2409,12034.6126,12057.7884,
2023-02-28T14:30:00Z,12041.7464,12135.2032,12021.321,12134.9887,
2023-02-28T18:30:00Z,12134.8173,12146.5232,12040.1573,12042.1165,
2023-03-01T14:30:00Z,12026.7197,12054.4767,11906.5788,11955.1167,
2023-03-01T18:30:00Z,11955.1152,11960.6444,11915.5214,11938.5666,
2023-03-02T14:30:00Z,11830.0937,11915.1181,11830.0937,11897.6048,
2023-03-02T18:30:00Z,11897.6242,12074.5874,11897.1803,12044.8691,
2023-03-03T14:30:00Z,12110.7053,12256.4586,12095.2416,12245.7373,
2023-03-03T18:30:00Z,12246.2307,12300.4569,12235.6777,12290.8072,
2023-03-06T14:30:00Z,12344.6489,12466.8766,12331.1667,12378.3277,
2023-03-06T18:30:00Z,12378.3323,12379.6926,12297.565,12302.4844,
2023-03-07T14:30:00Z,12303.1903,12344.0449,12171.3525,12217.4034,
2023-03-07T18:30:00Z,12217.378,12229.1358,12130.0064,12152.1701,
2023-03-08T14:30:00Z,12181.0578,12237.7201,12102.2767,12142.6141,
2023-03-08T18:30:00Z,12143.3521,12230.6121,12130.6743,12215.3326,
2023-03-09T14:30:00Z,12230.8366,12340.4494,12151.725,12159.0519,
2023-03-09T18:30:00Z,12157.941,12157.941,11970.3422,11995.8824,
2023-03-10T14:30:00Z,12001.6955,12069.6226,11833.123,11840.7007,
2023-03-10T18:30:00Z,11840.5418,11899.4031,11789.8592,11830.2818,
2023-03-13T13:30:00Z,11752.0965,12065.7066,11695.4131,11952.3588,
2023-03-13T17:30:00Z,11952.1426,12073.955,11920.4255,11923.1672,
2023-03-14T13:30:00Z,12078.4621,12217.8714,12073.7536,12137.8402,
2023-03-14T17:30:00Z,12138.03,12210.0487,12035.2171,12199.7865,
2023-03-15T13:30:00Z,12083.2391,12176.969,12026.1807,12151.9455,
2023-03-15T17:30:00Z,12151.4807,12269.4463,12108.9388,12251.3212,
2023-03-16T13:30:00Z,12211.8658,12550.9041,12190.6528,12528.922,
2023-03-16T17:30:00Z,12528.76,12595.6944,12501.5127,12581.3902,
2023-03-17T13:30:00Z,12570.1579,12674.3435,12444.0782,12538.3767,
2023-03-17T17:30:00Z,12538.4903,12568.4121,12457.1762,12519.8754,
2023-03-20T13:30:00Z,12487.794,12567.6388,12407.8165,12524.4957,
2023-03-20T17:30:00Z,12524.4069,12578.347,12508.825,12562.6074,
2023-03-21T13:30:00Z,12643.35,12704.8205,12582.7602,12672.5203,
2023-03-21T17:30:00Z,12672.9449,12762.452,12651.0719,12741.4372,
2023-03-22T13:30:00Z,12742.4059,12811.5984,12720.6413,12773.4256,
2023-03-22T17:30:00Z,12773.5757,12943.6175,12563.7783,12567.1512,
2023-03-23T13:30:00Z,12735.5956,12900.1025,12724.1318,12791.8309,
2023-03-23T17:30:00Z,12792.0179,12818.097,12611.6722,12729.2328,
2023-03-24T13:30:00Z,12700.5075,12727.5284,12608.1544,12692.2368,
2023-03-24T17:30:00Z,12692.7073,12770.2787,12673.1805,12767.0475,
2023-03-27T13:30:00Z,12797.895,12839.4237,12647.9432,12682.7677,
2023-03-27T17:30:00Z,12682.7343,12747.1614,12656.278,12673.0694,
2023-03-28T13:30:00Z,12654.9094,12654.9094,12533.5429,12566.8686,
2023-03-28T17:30:00Z,12566.8155,12613.5045,12517.8725,12610.569,
2023-03-29T13:30:00Z,12768.1437,12813.3613,12734.6814,12813.1645,
2023-03-29T17:30:00Z,12813.1211,12867.3187,12774.8163,12846.0314,
2023-03-30T13:30:00Z,12934.9927,12987.9726,12911.54,12927.9131,
2023-03-30T17:30:00Z,12927.899,12969.4511,12894.1373,12963.1422,
2023-03-31T13:30:00Z,12968.9578,13117.6732,12968.0028,13101.3537,
2023-03-31T17:30:00Z,13101.6007,13188.8333,13088.1872,13181.3505,
2023-04-03T13:30:00Z,13084.0964,13145.9688,13036.5477,13042.9952,
2023-04-03T17:30:00Z,13042.8992,13157.4742,13040.4419,13148.3503,
2023-04-04T13:30:00Z,13165.3242,13204.0784,13067.1592,13117.156,
2023-04-04T17:30:00Z,13117.1309,13126.7346,13049.9771,13100.075,
2023-04-05T13:30:00Z,13056.7907,13065.2753,12894.4425,12926.8842,
2023-04-05T17:30:00Z,12926.3774,12979.6347,12925.7536,12967.1993,
2023-04-06T13:30:00Z,12892.8985,13047.1118,12846.0283,13037.3115,
2023-04-06T17:30:00Z,13036.9807,13078.1015,13032.4949,13062.5964,
2023-04-10T13:30:00Z,12936.5216,13024.2069,12861.5198,13023.077,
2023-04-10T17:30:00Z,13022.9835,13051.8543,13000.017,13051.2338,
2023-04-11T13:30:00Z,13040.4871,13049.5594,12947.6561,12991.9491,
2023-04-11T17:30:00Z,12991.9509,13023.4953,12951.7528,12964.1548,
2023-04-12T13:30:00Z,13043.974,13071.9794,12873.6601,12984.2879,
2023-04-12T17:30:00Z,12985.3792,12994.3505,12833.3086,12848.3476,
2023-04-13T13:30:00Z,12922.8956,13064.7038,12920.0242,13060.5605,
2023-04-13T17:30:00Z,13060.7057,13124.4138,13056.2946,13109.3887,
2023-04-14T13:30:00Z,13044.694,13152.2846,12962.5056,12986.4257,
2023-04-14T17:30:00Z,12986.7547,13088.6588,12965.8319,13079.516,
2023-04-17T13:30:00Z,13053.2579,13105.684,12981.2626,13021.0828,
2023-04-17T17:30:00Z,13021.1074,13090.1086,12994.1469,13087.7137,
2023-04-18T13:30:00Z,13180.3086,13196.1808,13058.9698,13073.8488,
2023-04-18T17:30:00Z,13073.6814,13102.7778,13044.2076,13091.793,
2023-04-19T13:30:00Z,12992.5118,13113.4263,12988.1969,13111.5986,
2023-04-19T17:30:00Z,13111.7118,13128.2488,13074.367,13088.7148,
2023-04-20T13:30:00Z,12962.2876,13107.9229,12960.8698,13100.9903,
2023-04-20T17:30:00Z,13100.7568,13105.4358,12933.7965,12985.9804,
2023-04-21T13:30:00Z,12970.3212,13004.4898,12899.6389,12983.5682,
2023-04-21T17:30:00Z,12983.5458,13030.8468,12971.1613,13000.7679,
2023-04-24T13:30:00Z,12981.7108,13044.2248,12883.774,12932.6711,
2023-04-24T17:30:00Z,12932.8213,12980.2154,12930.4518,12969.7576,
2023-04-25T13:30:00Z,12905.0859,12933.2826,12776.3611,12800.5731,
2023-04-25T17:30:00Z,12800.6437,12802.4957,12724.2429,12725.1085,
2023-04-26T13:30:00Z,12866.6413,12929.6185,12818.0927,12869.2832,
2023-04-26T17:30:00Z,12869.789,12878.1316,12783.4177,12806.4848,
2023-04-27T13:30:00Z,12963.2069,13111.6984,12938.4978,13108.6967,
2023-04-27T17:30:00Z,13108.7542,13175.6177,13108.5881,13160.0263,
2023-04-28T13:30:00Z,13139.3488,13215.0822,13096.9353,13209.4326,
2023-04-28T17:30:00Z,13209.4578,13247.3874,13184.4919,13245.9865,
2023-05-01T13:30:00Z,13229.1148,13280.9887,13186.3961,13267.3829,
2023-05-01T17:30:00Z,13267.6881,13287.4703,13212.6338,13231.4675,
2023-05-02T13:30:00Z,13225.4841,13241.5304,13046.786,13117.7421,
2023-05-02T17:30:00Z,13117.7418,13148.731,13099.3023,13113.6596,
2023-05-03T13:30:00Z,13123.1023,13171.611,13108.827,13157.8356,
2023-05-03T17:30:00Z,13157.9851,13231.7059,13026.0423,13030.2084,
2023-05-04T13:30:00Z,13014.0747,13057.1805,12938.4542,13042.2618,
2023-05-04T17:30:00Z,13042.2591,13064.017,12974.9556,12982.4807,
2023-05-05T13:30:00Z,13070.6951,13220.7513,13059.9112,13220.3438,
2023-05-05T17:30:00Z,13220.7178,13291.1082,13220.7178,13259.1323,
2023-05-08T13:30:00Z,13247.0937,13279.3309,13193.0805,13276.3279,
2023-05-08T17:30:00Z,13276.4374,13302.433,13228.6557,13291.6424,
2023-05-09T13:30:00Z,13228.6429,13254.807,13196.6657,13219.4328,
2023-05-09T17:30:00Z,13219.3735,13233.0525,13193.8823,13201.114,
2023-05-10T13:30:00Z,13308.4146,13369.9416,13209.8249,13215.57,
2023-05-10T17:30:00Z,13214.8464,13384.4182,13204.7868,13347.8275,
2023-05-11T13:30:00Z,13376.8546,13402.5219,13306.0827,13374.9108,
2023-05-11T17:30:00Z,13374.5878,13411.698,13340.4077,13389.7784,
2023-05-12T13:30:00Z,13407.02,13427.4154,13263.3885,13297.2126,
2023-05-12T17:30:00Z,13296.9892,13343.5555,13256.5592,13340.1755,
2023-05-15T13:30:00Z,13352.2632,13419.8099,13297.8474,13389.4195,
2023-05-15T17:30:00Z,13389.6462,13414.9785,13365.1908,13413.5092,
2023-05-16T13:30:00Z,13385.3689,13498.4355,13384.7746,13473.9267,
2023-05-16T17:30:00Z,13473.9635,13492.6834,13425.8956,13426.0143,
2023-05-17T13:30:00Z,13474.5188,13586.8532,13419.3468,13584.0888,
2023-05-17T17:30:00Z,13584.3071,13608.3257,13562.267,13589.2632,
2023-05-18T13:30:00Z,13608.9463,13800.8172,13606.8054,13746.9877,
2023-05-18T17:30:00Z,13746.6921,13844.7633,13703.3702,13834.616,
2023-05-19T13:30:00Z,13842.6919,13874.4219,13769.9058,13813.6385,
2023-05-19T17:30:00Z,13814.0656,13816.2482,13763.8965,13803.4889,
2023-05-22T13:30:00Z,13805.3349,13893.7094,13792.9698,13852.363,
2023-05-22T17:30:00Z,13851.9907,13888.6671,13832.5375,13849.7429,
2023-05-23T13:30:00Z,13773.6823,13827.1044,13728.0662,13737.9795,
2023-05-23T17:30:00Z,13737.5154,13741.5312,13662.9099,13672.5384,
2023-05-24T13:30:00Z,13589.0181,13627.4555,13520.9203,13556.814,
2023-05-24T17:30:00Z,13556.7571,13655.7337,13554.8383,13604.4825,
2023-05-25T13:30:00Z,13920.8873,13961.5828,13812.1842,13950.6086,
2023-05-25T17:30:00Z,13950.1906,13986.8687,13904.4351,13938.5308,
2023-05-26T13:30:00Z,13990.5524,14294.8206,13982.1616,14280.7438,
2023-05-26T17:30:00Z,14280.9273,14329.4893,14256.4063,14298.4087,
2023-05-30T13:30:00Z,14465.5886,14520.17,14346.1362,14350.0591,
2023-05-30T17:30:00Z,14349.7303,14404.0622,14301.0761,14354.9861,
2023-05-31T13:30:00Z,14293.5576,14375.3766,14216.1564,14279.607,
2023-05-31T17:30:00Z,14280.6009,14323.8718,14254.0902,14254.0902,
2023-06-01T13:30:00Z,14269.0929,14438.4854,14219.9356,14419.4641,
2023-06-01T17:30:00Z,14419.2023,14493.3093,14402.9874,14441.513,
2023-06-02T13:30:00Z,14517.0774,14595.8108,14442.1517,14569.2113,
2023-06-02T17:30:00Z,14569.0219,14570.0212,14524.824,14546.6405,
2023-06-05T13:30:00Z,14550.1264,14662.9465,14546.359,14621.4367,
2023-06-05T17:30:00Z,14622.1839,14626.955,14516.8782,14556.4966,
2023-06-06T13:30:00Z,14526.1004,14593.4978,14476.9921,14542.8084,
2023-06-06T17:30:00Z,14542.8299,14574.44,14514.0959,14558.0943,
2023-06-07T13:30:00Z,14573.2722,14647.905,14330.7437,14348.0419,
2023-06-07T17:30:00Z,14348.7517,14384.7232,14283.8843,14303.2867,
2023-06-08T13:30:00Z,14319.2357,14503.3085,14314.6947,14443.5448,
2023-06-08T17:30:00Z,14443.1744,14494.3473,14403.9408,14484.5434,
2023-06-09T13:30:00Z,14574.2376,14672.8516,14487.4758,14569.456,
2023-06-09T17:30:00Z,14569.4901,14597.3515,14516.9178,14528.3605,
2023-06-12T13:30:00Z,14617.3512,14666.3514,14571.3585,14660.2605,
2023-06-12T17:30:00Z,14660.3537,14789.6034,14657.0696,14784.3008,
2023-06-13T13:30:00Z,14911.2617,14931.8256,14770.1353,14893.3478,
2023-06-13T17:30:00Z,14894.6932,14911.994,14821.2462,14900.8526,
2023-06-14T13:30:00Z,14894.0964,15017.1042,14855.2857,14941.7668,
2023-06-14T17:30:00Z,14942.0239,15015.0731,14784.6205,15005.6924,
2023-06-15T13:30:00Z,14949.6968,15134.0636,14930.1216,15115.0816,
2023-06-15T17:30:00Z,15115.2384,15246.6181,15115.2384,15185.4766,
2023-06-16T13:30:00Z,15272.6502,15284.6506,15145.0059,15187.2624,
2023-06-16T17:30:00Z,15187.5224,15196.3372,15073.4495,15083.9177,
2023-06-20T13:30:00Z,15036.4839,15127.4196,14946.7244,15084.4985,
2023-06-20T17:30:00Z,15084.4011,15101.9137,15049.9005,15070.1495,
2023-06-21T13:30:00Z,15019.0098,15038.8988,14826.0221,14872.8052,
2023-06-21T17:30:00Z,14872.7422,14968.1359,14857.6444,14867.4506,
2023-06-22T13:30:00Z,14797.8904,15006.5261,14794.9544,14946.4014,
2023-06-22T17:30:00Z,14947.0059,15044.2205,14943.1261,15042.3194,
2023-06-23T13:30:00Z,14879.2301,14983.7327,14821.8093,14973.4302,
2023-06-23T17:30:00Z,14973.6683,14979.881,14865.6394,14891.4824,
2023-06-26T13:30:00Z,14866.6607,14982.8162,14713.0837,14756.8539,
2023-06-26T17:30:00Z,14756.9405,14780.7281,14687.0221,14689.0213,
2023-06-27T13:30:00Z,14751.5688,14913.7761,14726.7479,14905.8096,
2023-06-27T17:30:00Z,14905.9925,14972.3146,14905.9925,14945.9071,
2023-06-28T13:30:00Z,14876.2511,15051.0765,14865.807,14958.9907,
2023-06-28T17:30:00Z,14959.3377,14982.9576,14904.9601,14964.5748,
2023-06-29T13:30:00Z,14965.548,14986.8866,14876.9428,14939.3755,
2023-06-29T17:30:00Z,14939.3198,14945.4229,14881.5062,14939.9515,
2023-06-30T13:30:00Z,15085.2418,15213.7516,15081.5661,15185.0214,
2023-06-30T17:30:00Z,15184.931,15208.8646,15172.1705,15179.2084,
2023-07-03T13:30:00Z,15190.5414,15232.9613,15153.5971,15208.6933,
2023-07-05T13:30:00Z,15165.3586,15275.1815,15162.6581,15212.3781,
2023-07-05T17:30:00Z,15212.3719,15234.8353,15171.6446,15203.7777,
2023-07-06T13:30:00Z,15054.1033,15086.1893,14969.1442,15066.0849,
2023-07-06T17:30:00Z,15066.1101,15106.4536,15048.8501,15089.4487,
2023-07-07T13:30:00Z,15070.501,15209.7713,15040.9926,15208.968,
2023-07-07T17:30:00Z,15208.9594,15210.6273,15032.5621,15036.852,
2023-07-10T13:30:00Z,15031.9467,15066.4354,14924.6358,15022.2824,
2023-07-10T17:30:00Z,15023.6742,15048.4478,14993.4309,15045.6387,
2023-07-11T13:30:00Z,15068.1316,15106.2736,14974.16,15057.6775,
2023-07-11T17:30:00Z,15057.7325,15135.2906,15019.027,15119.0618,
2023-07-12T13:30:00Z,15279.3523,15364.0918,15209.7076,15299.4887,
2023-07-12T17:30:00Z,15299.3236,15335.8242,15283.1342,15307.2259,
2023-07-13T13:30:00Z,15432.4782,15527.1451,15420.7129,15523.388,
2023-07-13T17:30:00Z,15523.3334,15602.7393,15517.6772,15571.9761,
2023-07-14T13:30:00Z,15610.0023,15720.0552,15592.2586,15617.8026,
2023-07-14T17:30:00Z,15617.973,15630.3748,15530.999,15565.5972,
2023-07-17T13:30:00Z,15608.2838,15674.6315,15576.5122,15655.3866,
2023-07-17T17:30:00Z,15655.3878,15745.6667,15655.3878,15713.2771,
2023-07-18T13:30:00Z,15671.7221,15811.9855,15607.7123,15805.3366,
2023-07-18T17:30:00Z,15805.3504,15895.6773,15802.9984,15841.3514,
2023-07-19T13:30:00Z,15888.1559,15932.0503,15800.6555,15813.2547,
2023-07-19T17:30:00Z,15813.249,15867.5887,15781.9592,15826.3523,
2023-07-20T13:30:00Z,15717.6731,15771.8434,15562.1348,15586.5615,
2023-07-20T17:30:00Z,15585.5208,15592.4962,15429.8678,15466.0883,
2023-07-21T13:30:00Z,15554.9548,15600.5376,15433.7588,15509.2068,
2023-07-21T17:30:00Z,15509.3057,15536.0058,15410.5656,15425.674,
2023-07-24T13:30:00Z,15475.1531,15504.6676,15374.6555,15442.6462,
2023-07-24T17:30:00Z,15442.5086,15481.6572,15415.1235,15448.0205,
2023-07-25T13:30:00Z,15483.0634,15597.5015,15482.0395,15593.2504,
2023-07-25T17:30:00Z,15594.0438,15622.6866,15558.4323,15561.4154,
2023-07-26T13:30:00Z,15514.0417,15534.2982,15411.905,15451.2752,
2023-07-26T17:30:00Z,15451.2758,15571.1566,15416.9646,15499.2647,
2023-07-27T13:30:00Z,15734.027,15795.5123,15637.8071,15639.5557,
2023-07-27T17:30:00Z,15639.541,15640.943,15416.0473,15464.9292,
2023-07-28T13:30:00Z,15630.1736,15788.476,15617.7477,15724.9347,
2023-07-28T17:30:00Z,15723.4459,15774.4987,15674.5132,15750.9277,
2023-07-31T13:30:00Z,15774.297,15803.5518,15710.1422,15730.509,
2023-07-31T17:30:00Z,15730.1178,15760.4297,15702.7368,15756.9994,
2023-08-01T13:30:00Z,15696.9827,15742.502,15636.5654,15720.9308,
2023-08-01T17:30:00Z,15721.1039,15748.4269,15699.6309,15718.0092,
2023-08-02T13:30:00Z,15561.1476,15561.3565,15321.4372,15398.7084,
2023-08-02T17:30:00Z,15398.3019,15419.7637,15340.6728,15370.7389,
2023-08-03T13:30:00Z,15287.773,15436.5905,15270.7224,15408.3922,
2023-08-03T17:30:00Z,15408.7836,15414.084,15334.6501,15353.5412,
2023-08-04T13:30:00Z,15420.7392,15523.3144,15315.6201,15466.4482,
2023-08-04T17:30:00Z,15466.4742,15482.7452,15258.6856,15274.915,
2023-08-07T13:30:00Z,15355.6225,15384.8704,15258.9204,15342.7116,
2023-08-07T17:30:00Z,15343.4235,15410.8539,15331.0533,15407.8544,
2023-08-08T13:30:00Z,15279.4142,15295.7995,15148.2457,15209.5855,
2023-08-08T17:30:00Z,15209.1162,15291.1526,15194.3563,15273.0484,
2023-08-09T13:30:00Z,15286.9875,15288.7604,15077.9113,15170.9602,
2023-08-09T17:30:00Z,15171.3356,15229.4026,15092.2879,15101.7074,
2023-08-10T13:30:00Z,15217.2942,15366.2868,15119.5053,15131.8353,
2023-08-10T17:30:00Z,15131.1686,15176.4929,15072.4918,15128.8374,
2023-08-11T13:30:00Z,15010.5241,15102.5306,14973.6653,15033.2252,
2023-08-11T17:30:00Z,15033.0953,15066.5798,14998.0977,15028.0715,
2023-08-14T13:30:00Z,14988.417,15177.09,14972.0105,15162.1111,
2023-08-14T17:30:00Z,15162.421,15206.2629,15124.3895,15205.5855,
2023-08-15T13:30:00Z,15172.079,15192.8842,15047.6115,15113.2436,
2023-08-15T17:30:00Z,15113.1178,15114.1316,15014.3648,15037.6475,
2023-08-16T13:30:00Z,15021.6297,15077.0482,14925.7824,14950.6541,
2023-08-16T17:30:00Z,14950.3042,15018.0057,14874.0235,14876.4695,
2023-08-17T13:30:00Z,14943.3361,14949.5845,14801.0351,14847.5967,
2023-08-17T17:30:00Z,14847.501,14847.501,14698.2877,14715.8104,
2023-08-18T13:30:00Z,14589.7138,14693.7644,14557.8292,14650.6963,
2023-08-18T17:30:00Z,14650.9131,14744.568,14641.2145,14694.8371,
2023-08-21T13:30:00Z,14762.0064,14889.5472,14739.367,14879.0571,
2023-08-21T17:30:00Z,14878.9958,14958.8651,14875.9378,14936.6859,
2023-08-22T13:30:00Z,15035.0732,15037.7938,14885.0682,14908.5621,
2023-08-22T17:30:00Z,14908.872,14956.4689,14883.9823,14908.9623,
2023-08-23T13:30:00Z,14947.5754,15170.5231,14947.5754,15168.5575,
2023-08-23T17:30:00Z,15168.5316,15188.8635,15135.8509,15148.0556,
2023-08-24T13:30:00Z,15278.9309,15279.2434,14905.0967,14927.5033,
2023-08-24T17:30:00Z,14927.4498,14960.9897,14814.8337,14816.4419,
2023-08-25T13:30:00Z,14858.9311,15001.2915,14715.3611,14826.3076,
2023-08-25T17:30:00Z,14826.4702,14983.2419,14800.6987,14941.827,
2023-08-28T13:30:00Z,15035.4786,15086.2316,14948.9238,15044.1767,
2023-08-28T17:30:00Z,15044.4364,15069.1618,14964.2777,15052.4603,
2023-08-29T13:30:00Z,15043.0243,15350.2421,15034.5439,15338.5991,
2023-08-29T17:30:00Z,15338.5119,15391.561,15320.8299,15376.5476,
2023-08-30T13:30:00Z,15386.666,15484.8262,15341.9432,15460.4247,
2023-08-30T17:30:00Z,15460.41,15480.0198,15416.5074,15462.4308,
2023-08-31T13:30:00Z,15475.4304,15575.0143,15466.4105,15537.961,
2023-08-31T17:30:00Z,15537.236,15562.9027,15501.0744,15501.0744,
2023-09-01T13:30:00Z,15600.9533,15618.8537,15429.3596,15461.8353,
2023-09-01T17:30:00Z,15461.8053,15496.6673,15433.3783,15490.8636,
2023-09-05T13:30:00Z,15460.5225,15547.5735,15419.9603,15503.0063,
2023-09-05T17:30:00Z,15503.5142,15556.8466,15498.7826,15508.2357,
2023-09-06T13:30:00Z,15467.3223,15486.9984,15289.4797,15326.5874,
2023-09-06T17:30:00Z,15326.4789,15379.5168,15324.1483,15371.443,
2023-09-07T13:30:00Z,15174.2213,15264.7138,15138.7255,15251.7008,
2023-09-07T17:30:00Z,15252.5882,15288.1963,15232.4507,15258.5222,
2023-09-08T13:30:00Z,15265.574,15374.2197,15265.574,15305.1511,
2023-09-08T17:30:00Z,15305.6146,15327.5472,15244.0618,15280.2302,
2023-09-11T13:30:00Z,15409.7741,15432.7135,15328.3471,15422.073,
2023-09-11T17:30:00Z,15422.3132,15482.8412,15422.3132,15461.8651,
2023-09-12T13:30:00Z,15390.5881,15447.8487,15316.5432,15392.8473,
2023-09-12T17:30:00Z,15392.7421,15400.5106,15278.8802,15289.7364,
2023-09-13T13:30:00Z,15293.2676,15406.3882,15256.5995,15395.9889,
2023-09-13T17:30:00Z,15395.9962,15414.6091,15307.5467,15348.5251,
2023-09-14T13:30:00Z,15433.0128,15506.1429,15337.1821,15490.156,
2023-09-14T17:30:00Z,15490.7503,15512.8171,15456.5721,15473.8931,
2023-09-15T13:30:00Z,15425.9479,15435.4498,15193.9867,15195.0128,
2023-09-15T17:30:00Z,15195.2054,15221.7316,15173.7092,15202.3982,
2023-09-18T13:30:00Z,15161.1684,15268.9621,15155.4606,15252.695,
2023-09-18T17:30:00Z,15253.9348,15264.6972,15195.2089,15225.3718,
2023-09-19T13:30:00Z,15152.5316,15188.6726,15069.4147,15137.2106,
2023-09-19T17:30:00Z,15137.5867,15219.9225,15137.5867,15191.2344,
2023-09-20T13:30:00Z,15225.3441,15245.1925,15147.9147,15185.3063,
2023-09-20T17:30:00Z,15185.1773,15200.726,14967.6029,14969.9226,
2023-09-21T13:30:00Z,14813.4847,14849.2484,14751.3896,14816.6279,
2023-09-21T17:30:00Z,14816.5985,14828.6598,14691.6894,14694.2433,
2023-09-22T13:30:00Z,14756.6239,14855.9195,14721.8748,14776.4557,
2023-09-22T17:30:00Z,14776.286,14805.7933,14686.8437,14701.0966,
2023-09-25T13:30:00Z,14662.6911,14766.5394,14615.4486,14720.5726,
2023-09-25T17:30:00Z,14721.4527,14771.1178,14679.0523,14768.8951,
2023-09-26T13:30:00Z,14668.4544,14678.4818,14563.9052,14579.9038,
2023-09-26T17:30:00Z,14579.9045,14587.4268,14505.6756,14545.826,
2023-09-27T13:30:00Z,14600.1387,14641.511,14461.2798,14461.5219,
2023-09-27T17:30:00Z,14461.524,14657.2114,14432.597,14580.1593,
2023-09-28T13:30:00Z,14530.9595,14787.5836,14510.17,14718.8537,
2023-09-28T17:30:00Z,14719.2806,14756.4015,14659.8468,14702.7656,
2023-09-29T13:30:00Z,14853.3465,14901.8526,14680.4792,14714.2378,
2023-09-29T17:30:00Z,14714.1996,14772.3719,14664.777,14715.2441,
2023-10-02T13:30:00Z,14717.8961,14892.1758,14701.5237,14762.1831,
2023-10-02T17:30:00Z,14762.5634,14838.6459,14719.5902,14837.5694,
2023-10-03T13:30:00Z,14744.0499,14819.8659,14565.6181,14577.7553,
2023-10-03T17:30:00Z,14577.8627,14579.5243,14504.1438,14565.6163,
2023-10-04T13:30:00Z,14613.2262,14747.1225,14592.555,14687.4472,
2023-10-04T17:30:00Z,14687.635,14803.0427,14662.8921,14776.2525,
2023-10-05T13:30:00Z,14769.5533,14784.686,14584.386,14676.3041,
2023-10-05T17:30:00Z,14675.9718,14764.7237,14661.7412,14723.2224,
2023-10-06T13:30:00Z,14622.2275,14957.9858,14575.9477,14949.4938,
2023-10-06T17:30:00Z,14949.4226,15021.3833,14937.9246,14973.2414,
2023-10-09T13:30:00Z,14871.5726,14964.7349,14816.3203,14963.2853,
2023-10-09T17:30:00Z,14964.7415,15070.6419,14964.7353,15047.1545,
2023-10-10T13:30:00Z,15074.0439,15241.9427,15050.5387,15149.8624,
2023-10-10T17:30:00Z,15149.9698,15169.5161,15124.9322,15131.52,
2023-10-11T13:30:00Z,15194.5304,15248.2167,15131.914,15146.8034,
2023-10-11T17:30:00Z,15146.7145,15245.6132,15119.6151,15242.1088,
2023-10-12T13:30:00Z,15264.1087,15333.9785,15178.5667,15181.2716,
2023-10-12T17:30:00Z,15180.9718,15204.0624,15090.6935,15184.1001,
2023-10-13T13:30:00Z,15225.7281,15232.367,14955.8161,14957.3043,
2023-10-13T17:30:00Z,14956.9327,15040.0778,14943.4179,14995.1154,
2023-10-16T13:30:00Z,15054.4773,15198.5803,15047.2692,15138.7684,
2023-10-16T17:30:00Z,15139.1658,15209.4966,15135.9974,15172.7321,
2023-10-17T13:30:00Z,15009.2592,15187.0596,14932.7695,15139.699,
2023-10-17T17:30:00Z,15139.2391,15139.2391,15060.349,15122.0119,
2023-10-18T13:30:00Z,15022.2843,15103.8721,14957.2142,15026.7778,
2023-10-18T17:30:00Z,15027.9367,15028.1483,14865.8087,14909.2594,
2023-10-19T13:30:00Z,14981.1253,15023.9087,14826.3859,14953.3928,
2023-10-19T17:30:00Z,14954.9443,14974.0779,14749.3013,14783.1269,
2023-10-20T13:30:00Z,14752.5853,14781.222,14562.5093,14673.9595,
2023-10-20T17:30:00Z,14675.4782,14693.487,14552.1223,14560.8768,
2023-10-23T13:30:00Z,14514.112,14746.3663,14419.0591,14693.7412,
2023-10-23T17:30:00Z,14692.4862,14728.3367,14597.2467,14604.8502,
2023-10-24T13:30:00Z,14678.4092,14774.1616,14610.3282,14672.7782,
2023-10-24T17:30:00Z,14672.9291,14761.1808,14662.8854,14745.855,
2023-10-25T13:30:00Z,14642.0758,14643.6941,14407.4435,14414.5562,
2023-10-25T17:30:00Z,14414.2557,14415.0891,14362.2405,14381.6409,
2023-10-26T13:30:00Z,14314.0137,14372.5089,14062.1596,14075.8898,
2023-10-26T17:30:00Z,14075.9553,14245.4796,14058.3326,14109.573,
2023-10-27T13:30:00Z,14245.7489,14321.0389,14160.7484,14175.2494,
2023-10-27T17:30:00Z,14175.509,14198.6509,14130.3689,14180.4208,
2023-10-30T13:30:00Z,14283.9808,14388.2021,14225.8585,14311.6433,
2023-10-30T17:30:00Z,14311.7523,14386.0767,14297.6286,14335.5072,
2023-10-31T13:30:00Z,14340.8585,14361.7683,14232.4023,14350.4293,
2023-10-31T17:30:00Z,14350.3525,14420.4432,14350.3525,14409.7831,
2023-11-01T13:30:00Z,14453.6758,14565.6649,14441.8946,14515.1931,
2023-11-01T17:30:00Z,14515.2642,14677.8612,14482.3168,14664.9052,
2023-11-02T13:30:00Z,14856.948,14900.8499,14792.8086,14892.9914,
2023-11-02T17:30:00Z,14893.2058,14930.7645,14893.2058,14919.5453,
2023-11-03T13:30:00Z,14985.1222,15115.4443,14965.2871,15089.1821,
2023-11-03T17:30:00Z,15089.2093,15149.7809,15083.3529,15099.4915,
2023-11-06T14:30:00Z,15137.1648,15180.1931,15064.9063,15078.3634,
2023-11-06T18:30:00Z,15078.2946,15159.3215,15068.498,15154.9263,
2023-11-07T14:30:00Z,15201.7707,15325.3165,15153.3095,15316.1762,
2023-11-07T18:30:00Z,15316.3655,15335.4425,15279.4798,15296.0186,
2023-11-08T14:30:00Z,15313.9013,15343.1861,15220.8845,15283.3871,
2023-11-08T18:30:00Z,15283.3753,15320.7899,15281.7891,15313.2411,
2023-11-09T14:30:00Z,15351.1222,15382.1065,15242.3022,15311.8155,
2023-11-09T18:30:00Z,15311.8448,15324.5545,15171.3159,15187.8975,
2023-11-10T14:30:00Z,15252.3633,15472.6738,15237.1739,15467.3913,
2023-11-10T18:30:00Z,15467.3339,15535.2023,15467.1686,15529.1195,
2023-11-13T14:30:00Z,15469.2091,15522.8197,15404.7073,15482.3789,
2023-11-13T18:30:00Z,15481.013,15524.6618,15475.6119,15482.7867,
2023-11-14T14:30:00Z,15744.3611,15834.1949,15726.1242,15811.4119,
2023-11-14T18:30:00Z,15812.0264,15850.3367,15757.1122,15812.473,
2023-11-15T14:30:00Z,15881.7208,15904.6272,15765.3055,15815.3164,
2023-11-15T18:30:00Z,15815.5591,15859.0963,15803.0156,15817.1761,
2023-11-16T14:30:00Z,15765.1984,15842.6336,15738.2237,15805.3152,
2023-11-16T18:30:00Z,15805.3443,15841.9224,15771.3774,15833.1727,
2023-11-17T14:30:00Z,15803.9827,15853.6668,15766.9445,15846.4548,
2023-11-17T18:30:00Z,15846.6217,15876.8663,15812.5984,15837.9932,
2023-11-20T14:30:00Z,15845.1967,16015.0926,15844.8283,16011.6604,
2023-11-20T18:30:00Z,16011.751,16056.7559,16001.4311,16027.0635,
2023-11-21T14:30:00Z,15951.5518,15968.0864,15866.8154,15901.9242,
2023-11-21T18:30:00Z,15901.9095,15944.0672,15897.2899,15933.6197,
2023-11-22T14:30:00Z,16025.743,16119.3139,15964.0383,16052.9507,
2023-11-22T18:30:00Z,16052.9392,16056.8591,15970.7917,16001.3859,
2023-11-24T14:30:00Z,15974.8504,16007.4257,15940.6226,15982.0133,
2023-11-27T14:30:00Z,15969.7201,16045.3003,15932.1928,16025.138,
2023-11-27T18:30:00Z,16025.0916,16027.9566,15957.6336,15961.9808,
2023-11-28T14:30:00Z,15940.2938,16031.5152,15921.0676,15961.8641,
2023-11-28T18:30:00Z,15961.82,16012.6052,15947.8545,16010.4291,
2023-11-29T14:30:00Z,16111.3627,16166.5118,15996.4387,16048.3182,
2023-11-29T18:30:00Z,16048.3117,16048.3385,15976.6889,15987.6007,
2023-11-30T14:30:00Z,15987.6633,16013.481,15830.2235,15836.9025,
2023-11-30T18:30:00Z,15836.8978,15956.7016,15825.668,15947.8695,
2023-12-01T14:30:00Z,15892.5863,16013.7502,15834.9268,15976.952,
2023-12-01T18:30:00Z,15977.0437,16003.7965,15956.0285,15997.5789,
2023-12-04T14:30:00Z,15837.1228,15844.6568,15695.5836,15793.0207,
2023-12-04T18:30:00Z,15792.6769,15852.4477,15767.0674,15839.6692,
2023-12-05T14:30:00Z,15763.6548,15931.8419,15760.588,15847.9039,
2023-12-05T18:30:00Z,15848.339,15880.887,15831.7369,15877.7089,
2023-12-06T14:30:00Z,15990.1956,15990.9369,15823.8743,15853.997,
2023-12-06T18:30:00Z,15854.0621,15861.0646,15776.9515,15788.0482,
2023-12-07T14:30:00Z,15888.2333,16031.8476,15875.477,16004.6316,
2023-12-07T18:30:00Z,16004.9442,16042.5078,15996.3249,16022.4872,
2023-12-08T14:30:00Z,15952.8533,16095.7248,15937.5775,16061.5442,
2023-12-08T18:30:00Z,16061.9948,16100.8564,16048.1327,16084.6887,
2023-12-11T14:30:00Z,16069.6151,16211.8959,16061.8741,16209.313,
2023-12-11T18:30:00Z,16209.2424,16232.2553,16198.387,16221.7348,
2023-12-12T14:30:00Z,16209.6113,16292.2424,16175.4613,16281.7014,
2023-12-12T18:30:00Z,16281.7872,16354.2475,16277.9465,16354.2475,
2023-12-13T14:30:00Z,16392.1785,16437.7784,16357.2104,16361.2677,
2023-12-13T18:30:00Z,16361.194,16581.0403,16360.6671,16562.3699,
2023-12-14T14:30:00Z,16603.5398,16660.7093,16473.6121,16473.8392,
2023-12-14T18:30:00Z,16473.7898,16541.7517,16419.2612,16537.8255,
2023-12-15T14:30:00Z,16586.9973,16669.774,16570.9717,16621.1101,
2023-12-15T18:30:00Z,16621.2116,16653.4213,16557.0101,16623.447,
2023-12-18T14:30:00Z,16631.1124,16742.5912,16629.2893,16738.5455,
2023-12-18T18:30:00Z,16738.6772,16764.3155,16728.1669,16729.8026,
2023-12-19T14:30:00Z,16734.2539,16800.4498,16733.3769,16778.636,
2023-12-19T18:30:00Z,16778.7897,16813.0115,16771.5569,16811.8549,
2023-12-20T14:30:00Z,16763.6405,16860.6764,16763.3876,16847.004,
2023-12-20T18:30:00Z,16847.0156,16852.4223,16552.0639,16554.1581,
2023-12-21T14:30:00Z,16719.611,16756.4781,16621.5168,16664.9763,
2023-12-21T18:30:00Z,16665.0419,16768.0243,16654.995,16757.4081,
2023-12-22T14:30:00Z,16799.0186,16839.2528,16773.7149,16816.4651,
2023-12-22T18:30:00Z,16816.2856,16820.7189,16703.5707,16777.4034,
2023-12-26T14:30:00Z,16816.7837,16861.8287,16813.5655,16858.6553,
2023-12-26T18:30:00Z,16858.6743,16907.5119,16847.6425,16878.4617,
2023-12-27T14:30:00Z,16896.1429,16922.0145,16859.5526,16907.9665,
2023-12-27T18:30:00Z,16908.7382,16919.5992,16866.456,16906.8011,
2023-12-28T14:30:00Z,16963.5171,16969.1706,16910.7397,16929.7507,
2023-12-28T18:30:00Z,16929.7251,16945.462,16891.3238,16898.4732,
2023-12-29T14:30:00Z,16902.4447,16919.5103,16757.8852,16813.7617,
2023-12-29T18:30:00Z,16813.7689,16859.0949,16800.7873,16825.9307,
2024-01-02T14:30:00Z,16667.2989,16686.6035,16513.4315,16559.3772,
2024-01-02T18:30:00Z,16559.5423,16565.8888,16453.1503,16543.9376,
2024-01-03T14:30:00Z,16413.2554,16471.0768,16376.295,16417.89,
2024-01-03T18:30:00Z,16417.8585,16453.38,16352.142,16368.4906,
2024-01-04T14:30:00Z,16290.775,16419.4382,16289.3153,16356.0911,
2024-01-04T18:30:00Z,16356.2516,16366.9115,16276.431,16282.0124,
2024-01-05T14:30:00Z,16281.7444,16415.3925,16277.5865,16312.5428,
2024-01-05T18:30:00Z,16312.5666,16348.4136,16249.189,16305.9791,
2024-01-08T14:30:00Z,16354.2207,16562.4791,16349.3903,16555.6048,
2024-01-08T18:30:00Z,16555.6345,16655.231,16555.0716,16649.8743,
2024-01-09T14:30:00Z,16531.96,16710.8845,16513.7345,16676.8351,
2024-01-09T18:30:00Z,16676.9812,16699.3898,16629.4511,16678.7044,
2024-01-10T14:30:00Z,16702.5531,16775.6778,16654.7407,16753.338,
2024-01-10T18:30:00Z,16753.6239,16827.3672,16744.1066,16793.0451,
2024-01-11T14:30:00Z,16852.1889,16898.1558,16618.8583,16745.3021,
2024-01-11T18:30:00Z,16745.0583,16837.9659,16741.911,16820.9007,
2024-01-12T14:30:00Z,16855.0031,16900.3691,16776.9177,16830.2637,
2024-01-12T18:30:00Z,16830.4274,16850.7297,16795.4367,16832.918,
2024-01-16T14:30:00Z,16775.0977,16895.3264,16726.5903,16799.1898,
2024-01-16T18:30:00Z,16799.6048,16833.0608,16730.576,16830.7093,
2024-01-17T14:30:00Z,16705.5076,16711.8816,16561.4905,16638.4753,
2024-01-17T18:30:00Z,16638.3969,16749.1141,16605.8379,16736.2793,
2024-01-18T14:30:00Z,16894.3307,16970.239,16818.1269,16830.5958,
2024-01-18T18:30:00Z,16830.4383,16996.9837,16829.4031,16982.2886,
2024-01-19T14:30:00Z,17060.1445,17225.4043,17041.8516,17220.0903,
2024-01-19T18:30:00Z,17220.2421,17317.2121,17220.2421,17314.0048,
2024-01-22T14:30:00Z,17403.6183,17450.3013,17309.8662,17312.045,
2024-01-22T18:30:00Z,17311.7862,17360.53,17310.9693,17330.38,
2024-01-23T14:30:00Z,17346.951,17367.0962,17286.0184,17351.5777,
2024-01-23T18:30:00Z,17351.9753,17410.8633,17336.3651,17404.2056,
2024-01-24T14:30:00Z,17562.316,17665.2593,17514.4954,17632.3913,
2024-01-24T18:30:00Z,17632.5967,17634.218,17481.9715,17499.2985,
2024-01-25T14:30:00Z,17589.2698,17631.337,17496.8343,17509.8912,
2024-01-25T18:30:00Z,17509.6235,17525.704,17430.3745,17516.9881,
2024-01-26T14:30:00Z,17432.8736,17514.7556,17395.5354,17427.65,
2024-01-26T18:30:00Z,17428.4705,17459.7635,17395.7046,17421.0092,
2024-01-29T14:30:00Z,17438.0301,17495.8616,17414.6227,17485.3909,
2024-01-29T18:30:00Z,17485.3306,17603.9532,17474.242,17596.27,
2024-01-30T14:30:00Z,17556.4906,17578.4569,17448.1606,17488.4825,
2024-01-30T18:30:00Z,17488.5948,17498.7069,17443.7734,17476.7093,
2024-01-31T14:30:00Z,17269.9754,17325.8047,17183.3411,17273.0506,
2024-01-31T18:30:00Z,17273.4379,17375.3223,17128.7388,17137.2358,
2024-02-01T14:30:00Z,17216.994,17314.7743,17175.828,17275.218,
2024-02-01T18:30:00Z,17275.6217,17356.7616,17252.7636,17344.7093,
2024-02-02T14:30:00Z,17415.9404,17663.5014,17378.374,17614.9821,
2024-02-02T18:30:00Z,17615.4511,17682.2918,17594.4341,17642.7316,
2024-02-05T14:30:00Z,17634.6924,17651.7225,17469.6169,17592.8024,
2024-02-05T18:30:00Z,17592.748,17655.7728,17585.9958,17613.0361,
2024-02-06T14:30:00Z,17664.4386,17680.6174,17475.4337,17519.2899,
2024-02-06T18:30:00Z,17519.616,17574.3916,17479.9272,17572.7339,
2024-02-07T14:30:00Z,17674.5928,17784.169,17637.7295,17758.0171,
2024-02-07T18:30:00Z,17759.2034,17777.5349,17744.61,17755.0715,
2024-02-08T14:30:00Z,17757.598,17814.1217,17728.554,17800.6817,
2024-02-08T18:30:00Z,17801.2317,17809.1234,17749.5566,17783.166,
2024-02-09T14:30:00Z,17820.9807,17956.4458,17798.8134,17953.5177,
2024-02-09T18:30:00Z,17953.555,17987.8973,17946.2984,17962.4051,
2024-02-12T14:30:00Z,17942.2839,18041.454,17927.7684,17979.1961,
2024-02-12T18:30:00Z,17979.2788,17979.2788,17859.6577,17882.661,
2024-02-13T14:30:00Z,17519.7959,17717.6687,17518.6083,17613.9139,
2024-02-13T18:30:00Z,17613.7548,17617.9791,17478.2325,17600.4236,
2024-02-14T14:30:00Z,17728.8994,17769.5964,17619.9221,17686.0737,
2024-02-14T18:30:00Z,17687.2427,17815.1818,17662.6848,17807.6307,
2024-02-15T14:30:00Z,17815.3213,17853.638,17722.3057,17853.6264,
2024-02-15T18:30:00Z,17854.7743,17864.585,17810.2007,17845.7234,
2024-02-16T14:30:00Z,17853.5943,17864.158,17663.3994,17771.4276,
2024-02-16T18:30:00Z,17771.2275,17837.913,17663.4501,17685.9804,
2024-02-20T14:30:00Z,17591.1677,17657.0798,17399.407,17436.4307,
2024-02-20T18:30:00Z,17436.3586,17550.7668,17422.4381,17546.096,
2024-02-21T14:30:00Z,17412.7882,17461.4051,17374.9361,17397.5388,
2024-02-21T18:30:00Z,17397.8424,17482.1309,17319.4383,17478.908,
2024-02-22T14:30:00Z,17857.7555,17974.2745,17808.26,17971.494,
2024-02-22T18:30:00Z,17971.9046,18034.8044,17967.3471,18004.7023,
2024-02-23T14:30:00Z,18052.5924,18091.6244,17902.7767,18004.255,
2024-02-23T18:30:00Z,18004.6052,18009.2729,17918.3559,17937.6097,
2024-02-26T14:30:00Z,17970.2093,18014.1091,17926.6607,17955.2381,
2024-02-26T18:30:00Z,17955.682,17993.4219,17930.5631,17933.3323,
2024-02-27T14:30:00Z,17962.5831,17987.5413,17871.0575,17900.8787,
2024-02-27T18:30:00Z,17901.0919,17984.7317,17898.0924,17971.0465,
2024-02-28T14:30:00Z,17895.0262,17931.0131,17840.3558,17897.5354,
2024-02-28T18:30:00Z,17897.5841,17910.7519,17846.7078,17874.5035,
2024-02-29T14:30:00Z,17991.6713,18028.4415,17866.2606,18004.5774,
2024-02-29T18:30:00Z,18004.7179,18068.5183,17972.8641,18043.85,
2024-03-01T14:30:00Z,18069.2858,18280.6865,18064.4389,18279.6487,
2024-03-01T18:30:00Z,18279.6856,18333.2566,18276.1901,18302.9098,
2024-03-04T14:30:00Z,18290.0968,18300.2034,18239.2077,18252.9429,
2024-03-04T18:30:00Z,18253.0314,18313.4286,18218.2453,18226.4823,
2024-03-05T14:30:00Z,18088.7061,18097.5007,17881.587,17893.9411,
2024-03-05T18:30:00Z,17893.983,17906.7181,17804.4954,17897.8674,
2024-03-06T14:30:00Z,18083.5087,18142.8781,17941.6447,18123.9504,
2024-03-06T18:30:00Z,18124.3449,18127.2859,17960.9743,18017.5747,
2024-03-07T14:30:00Z,18161.7317,18306.9413,18101.4331,18306.4666,
2024-03-07T18:30:00Z,18306.9868,18337.9541,18271.9727,18297.9904,
2024-03-08T14:30:00Z,18312.785,18416.7269,18030.8968,18042.9384,
2024-03-08T18:30:00Z,18041.8113,18155.2813,17995.3829,18018.4524,
2024-03-11T13:30:00Z,17959.6797,18000.1633,17873.3267,17974.0761,
2024-03-11T17:30:00Z,17973.9554,18003.049,17927.1861,17951.692,
2024-03-12T13:30:00Z,18063.0236,18194.7188,17919.3327,18123.1721,
2024-03-12T17:30:00Z,18123.3442,18228.3696,18120.7624,18219.1145,
2024-03-13T13:30:00Z,18151.7553,18163.7424,18030.4031,18122.1699,
2024-03-13T17:30:00Z,18124.0295,18140.5501,18038.2059,18068.4673,
2024-03-14T13:30:00Z,18114.686,18142.903,17956.0202,17985.503,
2024-03-14T17:30:00Z,17985.3996,18078.1818,17913.629,18014.8059,
2024-03-15T13:30:00Z,17926.9169,17930.4716,17764.9882,17806.2421,
2024-03-15T17:30:00Z,17806.2574,17855.5744,17796.4985,17808.2499,
2024-03-18T13:30:00Z,18024.2382,18124.3243,17989.6536,18035.3796,
2024-03-18T17:30:00Z,18035.4039,18058.2002,17973.0876,17985.0069,
2024-03-19T13:30:00Z,17902.5154,18034.9219,17809.1496,18005.8287,
2024-03-19T17:30:00Z,18005.7922,18039.8225,17974.2279,18032.2049,
2024-03-20T13:30:00Z,18067.6989,18087.1182,18005.0097,18021.2312,
2024-03-20T17:30:00Z,18020.8352,18249.1192,18003.2404,18240.1069,
2024-03-21T13:30:00Z,18438.2398,18464.7036,18379.9834,18424.4607,
2024-03-21T17:30:00Z,18423.8514,18423.8514,18317.0951,18320.3755,
2024-03-22T13:30:00Z,18293.1486,18371.3403,18267.4896,18360.5502,
2024-03-22T17:30:00Z,18360.6025,18386.2522,18315.9495,18339.4425,
2024-03-25T13:30:00Z,18215.5436,18318.6161,18189.2783,18312.7336,
2024-03-25T17:30:00Z,18312.6968,18337.3471,18273.8654,18277.0636,
2024-03-26T13:30:00Z,18329.2859,18378.7002,18304.0831,18320.7562,
2024-03-26T17:30:00Z,18320.767,18333.73,18207.8792,18210.5367,
2024-03-27T13:30:00Z,18338.1869,18344.0863,18168.2042,18206.708,
2024-03-27T17:30:00Z,18206.7861,18283.4656,18174.467,18280.842,
2024-03-28T13:30:00Z,18263.4106,18308.3165,18231.3832,18243.3214,
2024-03-28T17:30:00Z,18243.5156,18289.1483,18235.6074,18254.6888,
2024-04-01T13:30:00Z,18280.8194,18391.5826,18211.2756,18240.4395,
2024-04-01T17:30:00Z,18240.8735,18304.2887,18236.3744,18293.1985,
2024-04-02T13:30:00Z,18076.4326,18094.0073,18002.2669,18075.3119,
2024-04-02T17:30:00Z,18075.2694,18135.5746,18066.1517,18121.7838,
2024-04-03T13:30:00Z,18054.4446,18238.665,18045.4193,18212.8475,
2024-04-03T17:30:00Z,18214.3037,18220.8892,18103.9751,18160.1904,
2024-04-04T13:30:00Z,18331.0233,18362.2879,18282.558,18338.4433,
2024-04-04T17:30:00Z,18338.6342,18340.7137,17875.7461,17878.7799,
2024-04-05T13:30:00Z,17940.2783,18202.9555,17912.8585,18166.9917,
2024-04-05T17:30:00Z,18167.5818,18181.4976,18060.8468,18108.4563,
2024-04-08T13:30:00Z,18130.4412,18178.6564,18050.6896,18114.7374,
2024-04-08T17:30:00Z,18114.951,18135.3642,18090.4731,18100.1923,
2024-04-09T13:30:00Z,18188.8667,18210.0238,17973.0713,18085.4352,
2024-04-09T17:30:00Z,18085.4117,18172.0336,18027.4982,18169.9049,
2024-04-10T13:30:00Z,17957.9561,18040.8297,17932.4151,17997.1123,
2024-04-10T17:30:00Z,17996.8933,18036.8218,17936.728,18011.6548,
2024-04-11T13:30:00Z,18085.1121,18243.3794,17998.2527,18232.9873,
2024-04-11T17:30:00Z,18233.2091,18337.1509,18216.7574,18307.9827,
2024-04-12T13:30:00Z,18117.6714,18166.4936,17957.3288,17965.6872,
2024-04-12T17:30:00Z,17965.6133,18023.4869,17952.0852,18003.4867,
2024-04-15T13:30:00Z,18143.2546,18152.0809,17785.9593,17786.053,
2024-04-15T17:30:00Z,17786.1125,17786.1125,17676.3463,17706.8324,
2024-04-16T13:30:00Z,17691.4486,17767.3805,17660.8891,17733.5769,
2024-04-16T17:30:00Z,17734.6856,17817.726,17662.7712,17713.6642,
2024-04-17T13:30:00Z,17785.8226,17788.5382,17459.5717,17549.0594,
2024-04-17T17:30:00Z,17550.81,17630.4101,17491.1584,17493.6217,
2024-04-18T13:30:00Z,17514.7701,17590.8117,17393.4271,17437.2199,
2024-04-18T17:30:00Z,17437.5776,17442.8374,17376.494,17394.3142,
2024-04-19T13:30:00Z,17334.7102,17362.2807,17062.8492,17119.1372,
2024-04-19T17:30:00Z,17118.3975,17190.7455,16973.942,17037.6457,
2024-04-22T13:30:00Z,17161.109,17199.3759,17010.2548,17199.3759,
2024-04-22T17:30:00Z,17199.9862,17305.153,17185.8949,17210.8856,
2024-04-23T13:30:00Z,17297.2387,17473.7964,17277.2548,17458.1034,
2024-04-23T17:30:00Z,17458.2463,17513.3072,17450.2625,17471.4714,
2024-04-24T13:30:00Z,17613.6618,17653.6575,17435.3321,17515.268,
2024-04-24T17:30:00Z,17515.6862,17562.921,17473.0894,17526.8005,
2024-04-25T13:30:00Z,17205.2795,17388.4588,17172.4228,17366.7282,
2024-04-25T17:30:00Z,17366.166,17474.461,17363.9038,17430.5036,
2024-04-26T13:30:00Z,17566.2233,17769.9333,17533.0809,17763.2312,
2024-04-26T17:30:00Z,17763.4327,17772.7764,17709.3488,17718.2987,
2024-04-29T13:30:00Z,17801.1395,17820.0003,17706.8028,17799.0066,
2024-04-29T17:30:00Z,17798.9907,17803.9175,17671.0325,17782.7151,
2024-04-30T13:30:00Z,17720.3532,17768.8693,17558.6127,17577.7443,
2024-04-30T17:30:00Z,17577.6556,17622.2806,17440.6918,17440.6918,
2024-05-01T13:30:00Z,17382.7768,17399.5035,17284.3658,17331.1717,
2024-05-01T17:30:00Z,17331.4777,17667.8615,17314.4899,17318.5486,
2024-05-02T13:30:00Z,17474.9151,17496.7062,17290.6365,17496.7062,
2024-05-02T17:30:00Z,17496.7453,17575.8046,17472.3138,17541.5413,
2024-05-03T13:30:00Z,17848.6607,17926.9779,17784.7812,17881.2881,
2024-05-03T17:30:00Z,17881.2554,17915.5091,17862.4245,17890.7953,
2024-05-06T13:30:00Z,17950.984,18015.932,17937.2819,18005.5168,
2024-05-06T17:30:00Z,18004.989,18094.4605,18001.9948,18093.5659,
2024-05-07T13:30:00Z,18106.332,18155.9973,18079.072,18147.1891,
2024-05-07T17:30:00Z,18147.0743,18156.3189,18061.6052,18091.4462,
2024-05-08T13:30:00Z,17987.7046,18135.344,17987.7046,18043.0902,
2024-05-08T17:30:00Z,18042.9787,18095.4441,18040.9068,18085.0116,
2024-05-09T13:30:00Z,18095.7965,18135.8596,18012.6181,18121.9144,
2024-05-09T17:30:00Z,18122.0467,18138.0187,18095.7755,18113.4629,
2024-05-10T13:30:00Z,18171.1455,18247.6086,18099.7254,18129.2851,
2024-05-10T17:30:00Z,18129.2155,18172.6283,18113.1593,18161.1799,
2024-05-13T13:30:00Z,18228.4049,18233.4953,18147.5727,18197.9608,
2024-05-13T17:30:00Z,18198.1156,18204.5831,18175.5347,18198.6141,
2024-05-14T13:30:00Z,18187.5064,18274.0852,18175.2973,18227.7722,
2024-05-14T17:30:00Z,18227.6123,18339.5795,18225.6187,18322.7706,
2024-05-15T13:30:00Z,18412.807,18556.3413,18359.3195,18556.0851,
2024-05-15T17:30:00Z,18556.2209,18607.5273,18550.8026,18596.6513,
2024-05-16T13:30:00Z,18589.9775,18669.4977,18582.8073,18599.4165,
2024-05-16T17:30:00Z,18600.3876,18621.0233,18553.3028,18557.9644,
2024-05-17T13:30:00Z,18571.8211,18590.3682,18525.582,18534.39,
2024-05-17T17:30:00Z,18534.4979,18550.5221,18462.2534,18546.2298,
2024-05-20T13:30:00Z,18559.2165,18703.8286,18549.8402,18658.6505,
2024-05-20T17:30:00Z,18658.713,18693.3165,18626.5015,18674.1869,
2024-05-21T13:30:00Z,18603.9866,18685.1584,18589.9125,18671.1451,
2024-05-21T17:30:00Z,18671.2905,18721.177,18668.3167,18713.7978,
2024-05-22T13:30:00Z,18733.5447,18756.6875,18710.8916,18737.0488,
2024-05-22T17:30:00Z,18736.9973,18736.9973,18606.1605,18705.2023,
2024-05-23T13:30:00Z,18907.1371,18907.5434,18733.4896,18775.2442,
2024-05-23T17:30:00Z,18775.2211,18775.2211,18554.8899,18623.3873,
2024-05-24T13:30:00Z,18669.3589,18844.8516,18664.7879,18825.3785,
2024-05-24T17:30:00Z,18825.3946,18851.989,18771.676,18808.3467,
2024-05-28T13:30:00Z,18855.1502,18874.8957,18770.14,18856.6351,
2024-05-28T17:30:00Z,18856.621,18875.1971,18755.9445,18869.44,
2024-05-29T13:30:00Z,18708.0736,18814.8152,18706.6246,18786.3679,
2024-05-29T17:30:00Z,18785.3748,18798.7009,18719.7348,18736.7545,
2024-05-30T13:30:00Z,18683.2457,18705.2614,18566.5293,18651.6843,
2024-05-30T17:30:00Z,18651.7775,18662.1735,18487.7627,18538.6626,
2024-05-31T13:30:00Z,18550.803,18574.5645,18189.7804,18303.1743,
2024-05-31T17:30:00Z,18302.9223,18547.1367,18261.3624,18536.6508,
2024-06-03T13:30:00Z,18666.7227,18707.2186,18392.5722,18480.3659,
2024-06-03T17:30:00Z,18480.6218,18603.4026,18479.9697,18600.9743,
2024-06-04T13:30:00Z,18597.9995,18608.3491,18521.8504,18589.2257,
2024-06-04T17:30:00Z,18589.4819,18697.9468,18568.1329,18654.8366,
2024-06-05T13:30:00Z,18791.2795,18972.3018,18768.2544,18949.2142,
2024-06-05T17:30:00Z,18949.4148,19035.8681,18949.4148,19035.0484,
2024-06-06T13:30:00Z,19053.0065,19071.7868,18984.2436,19035.5336,
2024-06-06T17:30:00Z,19035.6819,19046.1943,18978.8581,19021.1934,
2024-06-07T13:30:00Z,18992.5773,19113.883,18958.6789,19087.8275,
2024-06-07T17:30:00Z,19088.5051,19099.2607,18966.7359,19000.9507,
2024-06-10T13:30:00Z,18945.3143,19086.2539,18940.7054,19029.8133,
2024-06-10T17:30:00Z,19029.2619,19089.8348,18998.5223,19074.6747,
2024-06-11T13:30:00Z,19031.3979,19110.3666,18966.5611,19087.5771,
2024-06-11T17:30:00Z,19087.3904,19212.6335,19086.2842,19210.1848,
2024-06-12T13:30:00Z,19358.2594,19512.0581,19347.2806,19493.6092,
2024-06-12T17:30:00Z,19493.5374,19556.8951,19403.6733,19465.1795,
2024-06-13T13:30:00Z,19609.0509,19639.4497,19473.7052,19545.8508,
2024-06-13T17:30:00Z,19545.8449,19604.5626,19527.5078,19576.9237,
2024-06-14T13:30:00Z,19557.2205,19644.7699,19534.6224,19640.5015,
2024-06-14T17:30:00Z,19640.6612,19664.5944,19610.8306,19659.8001,
2024-06-17T13:30:00Z,19681.8558,19876.4999,19623.7142,19868.2591,
2024-06-17T17:30:00Z,19867.7925,19977.8413,19866.3723,19902.7488,
2024-06-18T13:30:00Z,19904.4318,19936.0805,19837.8588,19927.2247,
2024-06-18T17:30:00Z,19927.3995,19940.4996,19879.6436,19908.8576,
2024-06-20T13:30:00Z,19962.9672,19979.9273,19722.7319,19731.0412,
2024-06-20T17:30:00Z,19730.929,19802.4646,19685.0305,19752.2978,
2024-06-21T13:30:00Z,19722.3716,19801.9669,19643.5203,19707.6557,
2024-06-21T17:30:00Z,19706.5601,19740.1499,19679.8137,19700.4312,
2024-06-24T13:30:00Z,19648.2315,19723.2016,19536.6568,19551.0833,
2024-06-24T17:30:00Z,19550.5471,19582.278,19472.5292,19474.6198,
2024-06-25T13:30:00Z,19555.8391,19697.4469,19523.5067,19630.0099,
2024-06-25T17:30:00Z,19630.4383,19712.4155,19617.7139,19701.1286,
2024-06-26T13:30:00Z,19671.0681,19757.4539,19654.1831,19699.6544,
2024-06-26T17:30:00Z,19699.5629,19763.5457,19669.5967,19751.0478,
2024-06-27T13:30:00Z,19740.515,19850.8102,19701.3362,19795.9586,
2024-06-27T17:30:00Z,19796.1667,19808.1542,19743.6218,19789.027,
2024-06-28T13:30:00Z,19817.0045,20017.7146,19747.3462,19803.8627,
2024-06-28T17:30:00Z,19805.1188,19823.7291,19665.8486,19682.8709,
2024-07-01T13:30:00Z,19720.1121,19785.4983,19577.5355,19765.3283,
2024-07-01T17:30:00Z,19765.0416,19827.7488,19742.8648,19812.2225,
2024-07-02T13:30:00Z,19746.2237,19942.0551,19741.8094,19933.0011,
2024-07-02T17:30:00Z,19933.1376,20014.9153,19923.4938,20011.893,
2024-07-03T13:30:00Z,19995.2791,20186.6335,19995.2791,20186.6335,
2024-07-05T13:30:00Z,20224.1302,20384.0787,20201.5008,20378.8878,
2024-07-05T17:30:00Z,20378.9184,20406.995,20360.132,20391.9661,
2024-07-08T13:30:00Z,20393.8875,20442.4137,20363.3706,20423.5452,
2024-07-08T17:30:00Z,20423.7976,20455.3808,20385.3516,20439.5417,
2024-07-09T13:30:00Z,20504.1735,20543.9029,20395.5724,20408.8998,
2024-07-09T17:30:00Z,20408.6216,20458.5233,20407.3369,20453.024,
2024-07-10T13:30:00Z,20533.2709,20637.1582,20479.9426,20625.516,
2024-07-10T17:30:00Z,20625.8624,20690.9664,20624.3287,20675.3786,
2024-07-11T13:30:00Z,20661.4133,20672.1018,20211.7636,20268.2149,
2024-07-11T17:30:00Z,20266.3242,20279.5781,20165.0041,20211.3595,
2024-07-12T13:30:00Z,20226.2344,20457.4214,20217.9932,20457.4214,
2024-07-12T17:30:00Z,20456.8892,20526.0845,20307.5181,20331.4936,
2024-07-15T13:30:00Z,20401.0163,20585.1712,20381.5814,20402.9784,
2024-07-15T17:30:00Z,20402.5935,20436.5065,20304.5333,20386.8773,
2024-07-16T13:30:00Z,20441.5251,20477.0021,20266.5124,20311.6675,
2024-07-16T17:30:00Z,20311.3984,20409.3015,20290.297,20398.6243,
2024-07-17T13:30:00Z,20041.3057,20080.2708,19813.0654,19851.0625,
2024-07-17T17:30:00Z,19849.7248,19886.5822,19793.7493,19799.1434,
2024-07-18T13:30:00Z,19936.2418,19947.9793,19585.5829,19713.1893,
2024-07-18T17:30:00Z,19714.2131,19767.8509,19575.7889,19705.0942,
2024-07-19T13:30:00Z,19687.798,19784.48,19479.3827,19512.22,
2024-07-19T17:30:00Z,19511.7592,19601.5252,19489.0223,19522.6197,
2024-07-22T13:30:00Z,19751.0165,19838.0456,19638.3715,19801.2285,
2024-07-22T17:30:00Z,19801.4458,19861.7211,19800.8363,19822.8654,
2024-07-23T13:30:00Z,19783.3302,19904.5955,19749.8936,19788.0142,
2024-07-23T17:30:00Z,19787.5074,19820.7589,19736.224,19754.337,
2024-07-24T13:30:00Z,19475.6623,19482.5495,19145.3767,19187.1034,
2024-07-24T17:30:00Z,19186.9708,19210.8087,19005.4681,19032.3881,
2024-07-25T13:30:00Z,19041.1524,19227.1997,18721.7058,19106.2966,
2024-07-25T17:30:00Z,19106.1212,19140.0084,18820.5575,18830.5847,
2024-07-26T13:30:00Z,18990.1994,19142.6755,18899.312,19137.6809,
2024-07-26T17:30:00Z,19137.5169,19139.527,18956.7812,19023.6562,
2024-07-29T13:30:00Z,19122.4293,19224.5864,18974.5127,19115.2502,
2024-07-29T17:30:00Z,19114.3207,19146.0058,19042.969,19059.4867,
2024-07-30T13:30:00Z,19129.5621,19165.4182,18667.2184,18764.3082,
2024-07-30T17:30:00Z,18764.4272,18866.91,18750.1878,18796.2733,
2024-07-31T13:30:00Z,19222.8489,19366.3541,19162.9139,19296.4398,
2024-07-31T17:30:00Z,19296.7623,19426.6155,19206.5463,19362.428,
2024-08-01T13:30:00Z,19375.9651,19538.9739,18853.1069,18882.4641,
2024-08-01T17:30:00Z,18882.8061,18923.9475,18737.0929,18890.3861,
2024-08-02T13:30:00Z,18494.2443,18628.7817,18263.4995,18362.3794,
2024-08-02T17:30:00Z,18362.4038,18460.1543,18327.8796,18440.845,
2024-08-05T13:30:00Z,17444.4018,18169.4878,17435.3855,17982.2548,
2024-08-05T17:30:00Z,17982.4848,18048.2909,17783.4946,17895.1551,
2024-08-06T13:30:00Z,17961.4535,18336.6101,17858.8221,18308.5,
2024-08-06T17:30:00Z,18309.4693,18368.6773,18063.4218,18077.918,
2024-08-07T13:30:00Z,18345.4498,18445.7465,18055.4643,18094.7927,
2024-08-07T17:30:00Z,18095.1133,18134.2322,17851.0758,17867.3659,
2024-08-08T13:30:00Z,18102.0453,18386.0365,17965.0729,18385.7787,
2024-08-08T17:30:00Z,18386.0311,18445.4107,18302.4671,18413.8168,
2024-08-09T13:30:00Z,18373.889,18550.0088,18313.7842,18550.0088,
2024-08-09T17:30:00Z,18551.2374,18567.6292,18469.6081,18513.1037,
2024-08-12T13:30:00Z,18548.2287,18665.7469,18433.6083,18555.4129,
2024-08-12T17:30:00Z,18555.3702,18571.3185,18488.2804,18542.0258,
2024-08-13T13:30:00Z,18724.8406,18987.733,18723.7442,18967.7758,
2024-08-13T17:30:00Z,18967.8019,19013.013,18910.6974,19006.4326,
2024-08-14T13:30:00Z,19043.7583,19103.0038,18837.0971,18987.9707,
2024-08-14T17:30:00Z,18987.8899,19045.9254,18951.0967,19022.6753,
2024-08-15T13:30:00Z,19251.8616,19467.8169,19239.9441,19443.254,
2024-08-15T17:30:00Z,19442.9804,19502.9216,19442.3696,19490.1455,
2024-08-16T13:30:00Z,19393.726,19561.2373,19376.7192,19543.3737,
2024-08-16T17:30:00Z,19543.3384,19549.5868,19480.4171,19508.5239,
2024-08-19T13:30:00Z,19521.9329,19609.0768,19445.1036,19601.9065,
2024-08-19T17:30:00Z,19601.906,19767.4261,19595.7672,19766.4854,
2024-08-20T13:30:00Z,19736.3493,19835.3832,19652.1814,19698.0676,
2024-08-20T17:30:00Z,19698.3523,19776.4398,19688.8547,19719.821,
2024-08-21T13:30:00Z,19758.4716,19885.3357,19690.6364,19769.7911,
2024-08-21T17:30:00Z,19769.5979,19858.6276,19748.2767,19824.8386,
2024-08-22T13:30:00Z,19911.2805,19938.8904,19585.0651,19628.342,
2024-08-22T17:30:00Z,19627.468,19631.7153,19459.8623,19491.8351,
2024-08-23T13:30:00Z,19669.7825,19818.4,19526.6335,19649.4198,
2024-08-23T17:30:00Z,19649.2069,19734.8479,19634.8167,19720.8675,
2024-08-26T13:30:00Z,19679.2414,19726.8984,19437.3367,19523.1749,
2024-08-26T17:30:00Z,19523.9596,19548.1887,19446.4998,19516.4368,
2024-08-27T13:30:00Z,19450.5736,19617.8456,19369.5255,19597.5928,
2024-08-27T17:30:00Z,19597.743,19617.9217,19562.1996,19581.5228,
2024-08-28T13:30:00Z,19567.4539,19587.0395,19275.967,19362.6348,
2024-08-28T17:30:00Z,19362.672,19411.6508,19221.481,19350.7815,
2024-08-29T13:30:00Z,19425.2786,19622.7328,19418.5964,19552.8319,
2024-08-29T17:30:00Z,19552.9984,19567.7478,19281.6544,19325.4544,
2024-08-30T13:30:00Z,19506.2685,19573.4939,19326.6145,19415.5829,
2024-08-30T17:30:00Z,19415.3566,19582.1692,19387.232,19574.6395,
2024-09-03T13:30:00Z,19438.1047,19438.1047,19084.1676,19124.2874,
2024-09-03T17:30:00Z,19124.1042,19127.8611,18869.8035,18958.735,
2024-09-04T13:30:00Z,18832.6385,19070.8195,18808.7594,18977.6468,
2024-09-04T17:30:00Z,18977.3235,18988.723,18867.0677,18921.3961,
2024-09-05T13:30:00Z,18864.4214,19102.3551,18806.831,18852.9643,
2024-09-05T17:30:00Z,18853.0187,18993.869,18851.7859,18930.3302,
2024-09-06T13:30:00Z,18903.033,18930.7661,18400.9676,18462.5462,
2024-09-06T17:30:00Z,18461.5507,18498.8187,18402.82,18421.3121,
2024-09-09T13:30:00Z,18579.8039,18693.8627,18469.3996,18680.6655,
2024-09-09T17:30:00Z,18680.7119,18680.7119,18540.5283,18660.7804,
2024-09-10T13:30:00Z,18722.1537,18795.6185,18570.6691,18717.8712,
2024-09-10T17:30:00Z,18718.2246,18845.7398,18715.3688,18829.1359,
2024-09-11T13:30:00Z,18866.0034,18964.4968,18531.581,18959.3277,
2024-09-11T17:30:00Z,18961.2341,19266.3897,18956.4892,19237.3042,
2024-09-12T13:30:00Z,19236.4171,19394.6486,19166.797,19383.5522,
2024-09-12T17:30:00Z,19383.7181,19456.4134,19347.9062,19423.0691,
2024-09-13T13:30:00Z,19396.1006,19544.4316,19384.6888,19543.5992,
2024-09-13T17:30:00Z,19543.4732,19556.8032,19478.4902,19514.5847,
2024-09-16T13:30:00Z,19412.7916,19446.0648,19294.1767,19369.8818,
2024-09-16T17:30:00Z,19369.9031,19433.6942,19369.9031,19423.0638,
2024-09-17T13:30:00Z,19539.7463,19596.3406,19359.6092,19432.3002,
2024-09-17T17:30:00Z,19431.916,19444.9553,19337.1166,19432.3969,
2024-09-18T13:30:00Z,19478.5057,19486.4523,19345.5774,19457.4176,
2024-09-18T17:30:00Z,19457.4055,19643.5084,19330.811,19344.4942,
2024-09-19T13:30:00Z,19797.341,19923.7187,19723.9351,19914.9107,
2024-09-19T17:30:00Z,19915.186,19951.7867,19823.1717,19839.8288,
2024-09-20T13:30:00Z,19816.2882,19845.6975,19632.7275,19770.6655,
2024-09-20T17:30:00Z,19771.1399,19845.0848,19708.5718,19791.4885,
2024-09-23T13:30:00Z,19848.7052,19892.7787,19797.8208,19815.9681,
2024-09-23T17:30:00Z,19815.884,19861.0962,19812.4944,19852.1979,
2024-09-24T13:30:00Z,19917.5643,19984.4675,19739.6668,19947.1755,
2024-09-24T17:30:00Z,19947.3002,19964.7264,19892.6344,19944.8433,
2024-09-25T13:30:00Z,19922.28,20043.4315,19921.219,19961.3547,
2024-09-25T17:30:00Z,19960.2801,19980.9643,19921.4905,19972.6079,
2024-09-26T13:30:00Z,20273.2992,20273.2992,19966.9893,20022.3171,
2024-09-26T17:30:00Z,20021.7662,20136.5505,20021.6688,20115.538,
2024-09-27T13:30:00Z,20147.2748,20152.5297,19995.9723,20014.6048,
2024-09-27T17:30:00Z,20014.7104,20069.6806,19964.1272,20008.6241,
2024-09-30T13:30:00Z,19959.2574,20047.5104,19917.1017,19963.6218,
2024-09-30T17:30:00Z,19963.0779,20072.4246,19852.8475,20060.6866,
2024-10-01T13:30:00Z,20046.0616,20056.1967,19622.2941,19654.4213,
2024-10-01T17:30:00Z,19654.3107,19869.8867,19648.0697,19773.3027,
2024-10-02T13:30:00Z,19725.9485,19876.7014,19630.9107,19811.6578,
2024-10-02T17:30:00Z,19811.6004,19847.7504,19768.9656,19802.5848,
2024-10-03T13:30:00Z,19712.3301,19902.6965,19688.2215,19748.4526,
2024-10-03T17:30:00Z,19748.2913,19806.163,19720.7912,19793.3429,
2024-10-04T13:30:00Z,20025.156,20036.4952,19829.4858,19950.1968,
2024-10-04T17:30:00Z,19950.3385,20045.6914,19898.7587,20035.0169,
2024-10-07T13:30:00Z,19954.6618,19990.1205,19899.6771,19937.5859,
2024-10-07T17:30:00Z,19936.7343,19959.5014,19763.0432,19800.7395,
2024-10-08T13:30:00Z,19902.2143,20074.3322,19881.0827,20004.2069,
2024-10-08T17:30:00Z,20004.2822,20132.6695,20000.9391,20107.7767,
2024-10-09T13:30:00Z,20097.5607,20251.6823,20047.8632,20224.9149,
2024-10-09T17:30:00Z,20224.7978,20284.4211,20172.267,20268.8591,
2024-10-10T13:30:00Z,20165.2466,20314.2375,20117.2032,20269.5842,
2024-10-10T17:30:00Z,20269.5523,20281.1216,20189.4895,20241.761,
2024-10-11T13:30:00Z,20154.8346,20298.0067,20142.1754,20261.8107,
2024-10-11T17:30:00Z,20261.7825,20313.1967,20253.8572,20271.9739,
2024-10-14T13:30:00Z,20366.0574,20493.9033,20355.0558,20429.5805,
2024-10-14T17:30:00Z,20429.4068,20485.5086,20419.3733,20439.0455,
2024-10-15T13:30:00Z,20442.768,20484.3107,20160.6287,20175.4724,
2024-10-15T17:30:00Z,20175.0026,20211.2281,20083.5545,20159.8261,
2024-10-16T13:30:00Z,20172.8683,20175.3016,20036.7343,20139.9069,
2024-10-16T17:30:00Z,20139.9602,20200.5933,20138.0516,20174.0493,
2024-10-17T13:30:00Z,20375.2865,20377.6519,20202.6208,20301.0081,
2024-10-17T17:30:00Z,20300.9634,20325.436,20186.4318,20190.4243,
2024-10-18T13:30:00Z,20288.4778,20360.2857,20273.5517,20330.3006,
2024-10-18T17:30:00Z,20330.3452,20342.1286,20296.3387,20324.0416,
2024-10-21T13:30:00Z,20280.4906,20386.6782,20193.0252,20312.1252,
2024-10-21T17:30:00Z,20311.9963,20362.8114,20290.0553,20361.4663,
2024-10-22T13:30:00Z,20256.9718,20356.1657,20218.853,20344.7744,
2024-10-22T17:30:00Z,20344.7404,20437.9297,20343.5663,20383.6453,
2024-10-23T13:30:00Z,20303.5482,20312.7766,20016.683,20042.5929,
2024-10-23T17:30:00Z,20042.4718,20075.8654,19934.9221,20066.9559,
2024-10-24T13:30:00Z,20197.6168,20234.7853,20116.8835,20208.3507,
2024-10-24T17:30:00Z,20208.4354,20256.3833,20183.4759,20232.8724,
2024-10-25T13:30:00Z,20354.9124,20552.8198,20353.6827,20425.8369,
2024-10-25T17:30:00Z,20423.3059,20429.7301,20322.2518,20352.0153,
2024-10-28T13:30:00Z,20455.0058,20470.431,20370.8619,20398.2407,
2024-10-28T17:30:00Z,20398.4749,20415.9867,20344.8236,20351.0682,
2024-10-29T13:30:00Z,20369.0811,20541.0067,20294.5773,20522.016,
2024-10-29T17:30:00Z,20522.1002,20600.0988,20516.493,20550.6527,
2024-10-30T13:30:00Z,20510.9204,20559.5157,20408.3659,20483.5355,
2024-10-30T17:30:00Z,20483.4292,20488.4965,20378.7486,20387.6997,
2024-10-31T13:30:00Z,20227.189,20227.189,19896.7463,19938.5357,
2024-10-31T17:30:00Z,19938.0583,19999.4762,19880.258,19890.4155,
2024-11-01T13:30:00Z,19955.8282,20162.5363,19950.9857,20123.7882,
2024-11-01T17:30:00Z,20123.499,20124.6342,20004.6521,20033.1418,
2024-11-04T14:30:00Z,20011.5488,20106.9928,19898.5658,20020.3015,
2024-11-04T18:30:00Z,20020.2424,20052.6683,19954.2547,19963.6024,
2024-11-05T14:30:00Z,20042.9262,20249.2046,20042.9262,20204.4752,
2024-11-05T18:30:00Z,20204.2573,20229.78,20168.2299,20227.4564,
2024-11-06T14:30:00Z,20571.2947,20736.3883,20526.6412,20735.4137,
2024-11-06T18:30:00Z,20735.6568,20807.0345,20726.7367,20781.334,
2024-11-07T14:30:00Z,20896.4068,21076.6,20896.4068,21054.1711,
2024-11-07T18:30:00Z,21052.6369,21132.7965,21034.0989,21101.5664,
2024-11-08T14:30:00Z,21083.5772,21127.3729,21050.3158,21123.4902,
2024-11-08T18:30:00Z,21123.5932,21155.0015,21099.7248,21117.1791,
2024-11-11T14:30:00Z,21171.2429,21182.0249,20993.4823,21032.1375,
2024-11-11T18:30:00Z,21032.0072,21111.791,21030.9843,21106.5911,
2024-11-12T14:30:00Z,21105.486,21144.6707,20946.7389,21009.8699,
2024-11-12T18:30:00Z,21009.4956,21097.8889,21009.3552,21070.7926,
2024-11-13T14:30:00Z,21049.6571,21124.7383,20955.2392,21117.8532,
2024-11-13T18:30:00Z,21117.7235,21154.9356,21011.8627,21036.1636,
2024-11-14T14:30:00Z,21052.0687,21067.6556,20910.496,20988.3326,
2024-11-14T18:30:00Z,20988.34,20990.6115,20864.0222,20896.6732,
2024-11-15T14:30:00Z,20679.9817,20684.5651,20357.262,20383.6684,
2024-11-15T18:30:00Z,20382.0334,20410.8875,20315.0784,20394.1333,
2024-11-18T14:30:00Z,20450.2048,20622.2807,20401.2573,20549.6914,
2024-11-18T18:30:00Z,20549.9601,20563.7385,20497.036,20539.1916,
2024-11-19T14:30:00Z,20435.6764,20637.496,20423.3009,20636.3109,
2024-11-19T18:30:00Z,20636.3441,20696.4662,20621.7272,20684.5935,
2024-11-20T14:30:00Z,20660.8389,20667.9866,20402.5451,20543.2472,
2024-11-20T18:30:00Z,20543.4359,20676.5699,20477.2654,20667.1042,
2024-11-21T14:30:00Z,20775.27,20814.9316,20436.8016,20759.0547,
2024-11-21T18:30:00Z,20759.1891,20791.5035,20709.3131,20740.7807,
2024-11-22T14:30:00Z,20737.4903,20797.2366,20655.7207,20772.0643,
2024-11-22T18:30:00Z,20772.0595,20791.5962,20721.6196,20776.2296,
2024-11-25T14:30:00Z,20918.758,20998.4847,20712.3799,20794.3218,
2024-11-25T18:30:00Z,20794.2446,20811.6321,20758.5432,20804.8926,
2024-11-26T14:30:00Z,20871.5533,20944.8983,20849.7941,20883.5341,
2024-11-26T18:30:00Z,20883.6743,20931.4391,20832.4037,20922.898,
2024-11-27T14:30:00Z,20852.4276,20853.0787,20615.4204,20706.9687,
2024-11-27T18:30:00Z,20706.4629,20763.8404,20704.5875,20744.488,
2024-11-29T14:30:00Z,20771.0197,20956.3076,20751.9639,20930.3662,
2024-12-02T14:30:00Z,20971.7558,21201.0296,20971.7558,21154.3529,
2024-12-02T18:30:00Z,21154.3525,21183.632,21119.7047,21164.5957,
2024-12-03T14:30:00Z,21106.5132,21206.2898,21081.8051,21173.9555,
2024-12-03T18:30:00Z,21173.3772,21235.7854,21162.8901,21229.3169,
2024-12-04T14:30:00Z,21361.8131,21443.7011,21340.841,21416.8447,
2024-12-04T18:30:00Z,21416.801,21498.4412,21393.7178,21492.362,
2024-12-05T14:30:00Z,21488.519,21517.4882,21435.0949,21449.893,
2024-12-05T18:30:00Z,21449.4185,21471.5958,21411.5288,21425.2225,
2024-12-06T14:30:00Z,21458.5811,21626.3134,21449.6156,21617.9839,
2024-12-06T18:30:00Z,21617.9029,21623.8725,21572.9923,21622.2542,
2024-12-09T14:30:00Z,21573.76,21609.9876,21401.372,21480.3934,
2024-12-09T18:30:00Z,21480.4623,21509.5481,21400.7675,21440.8198,
2024-12-10T14:30:00Z,21492.5086,21567.0178,21405.61,21436.9507,
2024-12-10T18:30:00Z,21437.3847,21443.8104,21313.2737,21368.1805,
2024-12-11T14:30:00Z,21540.3775,21764.1939,21533.8907,21763.1146,
2024-12-11T18:30:00Z,21763.4879,21784.7135,21744.2026,21763.984,
2024-12-12T14:30:00Z,21652.852,21715.8331,21596.6647,21703.1739,
2024-12-12T18:30:00Z,21702.1066,21703.5045,21615.2732,21615.2732,
2024-12-13T14:30:00Z,21789.647,21886.7402,21646.0861,21720.695,
2024-12-13T18:30:00Z,21720.4942,21804.7095,21710.9019,21780.2543,
2024-12-16T14:30:00Z,21891.3629,22104.5424,21879.7356,22100.491,
2024-12-16T18:30:00Z,22099.7122,22133.2171,22078.0269,22096.6569,
2024-12-17T14:30:00Z,22003.6427,22062.003,21921.2057,21993.4457,
2024-12-17T18:30:00Z,21993.1498,22013.0208,21932.9084,22001.0839,
2024-12-18T14:30:00Z,21979.5274,22038.0815,21893.3517,21980.3352,
2024-12-18T18:30:00Z,21980.3617,21992.8587,21146.828,21209.3148,
2024-12-19T14:30:00Z,21358.7875,21413.7364,21158.8616,21254.5362,
2024-12-19T18:30:00Z,21254.0402,21319.6343,21093.4548,21110.5064,
2024-12-20T14:30:00Z,20939.6427,21540.3173,20913.7203,21401.6489,
2024-12-20T18:30:00Z,21401.6007,21477.4439,21253.9761,21289.1544,
2024-12-23T14:30:00Z,21364.2614,21467.9394,21224.2685,21454.7039,
2024-12-23T18:30:00Z,21454.4678,21510.0905,21408.9431,21503.1707,
2024-12-24T14:30:00Z,21564.3691,21797.6509,21558.9663,21797.6509,
2024-12-26T14:30:00Z,21733.9827,21837.6957,21645.6171,21800.8702,
2024-12-26T18:30:00Z,21801.1009,21821.882,21762.9783,21768.3118,
2024-12-27T14:30:00Z,21633.0959,21642.264,21292.1941,21373.0893,
2024-12-27T18:30:00Z,21373.2179,21491.3983,21367.3785,21473.0147,
2024-12-30T14:30:00Z,21189.1031,21346.0617,21046.6317,21305.1638,
2024-12-30T18:30:00Z,21304.4602,21343.6984,21191.6742,21197.0892,
2024-12-31T14:30:00Z,21256.0233,21276.141,21006.8142,21018.2695,
2024-12-31T18:30:00Z,21018.3776,21104.0969,20979.519,21012.1737,
2025-01-02T14:30:00Z,21120.0539,21236.5938,20800.5,20866.9949,
2025-01-02T18:30:00Z,20866.6543,20993.2793,20801.0315,20975.624,
2025-01-03T14:30:00Z,21096.7872,21304.185,21075.8906,21303.7421,
2025-01-03T18:30:00Z,21303.8334,21359.6318,21285.6219,21326.1572,
2025-01-06T14:30:00Z,21551.1756,21703.4913,21540.4156,21594.2941,
2025-01-06T18:30:00Z,21594.4977,21597.3195,21462.522,21559.5003,
2025-01-07T14:30:00Z,21618.6223,21618.9023,21210.269,21325.8142,
2025-01-07T18:30:00Z,21325.5592,21325.5592,21101.092,21173.0431,
2025-01-08T14:30:00Z,21156.7553,21230.8582,20992.084,21199.0801,
2025-01-08T18:30:00Z,21198.4983,21242.6099,21105.2937,21180.9648,
2025-01-10T14:30:00Z,21012.2901,21015.5062,20718.7825,20942.6736,
2025-01-10T18:30:00Z,20943.1051,21005.106,20818.627,20847.5817,
2025-01-13T14:30:00Z,20593.6483,20730.0845,20538.3268,20722.7212,
2025-01-13T18:30:00Z,20722.5293,20797.1013,20674.2554,20784.7241,
2025-01-14T14:30:00Z,20896.3618,20969.5167,20639.5685,20778.5528,
2025-01-14T18:30:00Z,20777.9979,20847.2704,20622.7164,20757.4098,
2025-01-15T14:30:00Z,21067.8055,21234.9798,21024.2661,21217.9131,
2025-01-15T18:30:00Z,21218.1817,21286.0123,21200.9934,21237.8524,
2025-01-16T14:30:00Z,21324.975,21330.5857,21164.4435,21187.0914,
2025-01-16T18:30:00Z,21187.3217,21234.6754,21087.8508,21091.2518,
2025-01-17T14:30:00Z,21461.9022,21515.7644,21334.6311,21497.9354,
2025-01-17T18:30:00Z,21497.7134,21500.6216,21426.7698,21441.1549,
2025-01-21T14:30:00Z,21557.8187,21620.2274,21379.0602,21600.1402,
2025-01-21T18:30:00Z,21600.1251,21612.1064,21549.6676,21566.5067,
2025-01-22T14:30:00Z,21756.2329,21943.0364,21756.2329,21865.8895,
2025-01-22T18:30:00Z,21866.2696,21900.8232,21832.9386,21852.9963,
2025-01-23T14:30:00Z,21737.2384,21829.444,21722.0401,21814.998,
2025-01-23T18:30:00Z,21815.7485,21900.9297,21779.0523,21900.9297,
2025-01-24T14:30:00Z,21915.4784,21945.4821,21774.8101,21799.9606,
2025-01-24T18:30:00Z,21799.8228,21808.0886,21709.0607,21774.0111,
2025-01-27T14:30:00Z,21000.1662,21292.5375,21000.1662,21018.41,
2025-01-27T18:30:00Z,21018.391,21136.2522,20974.9009,21127.2788,
2025-01-28T14:30:00Z,21186.0793,21457.9424,21043.1286,21428.2183,
2025-01-28T18:30:00Z,21428.0714,21500.7261,21393.1301,21463.0373,
2025-01-29T14:30:00Z,21473.0127,21477.8776,21251.8015,21369.0439,
2025-01-29T18:30:00Z,21369.4075,21475.7432,21272.0217,21411.458,
2025-01-30T14:30:00Z,21519.8142,21623.4531,21308.6906,21429.6085,
2025-01-30T18:30:00Z,21429.8579,21579.311,21410.3122,21508.1233,
2025-01-31T14:30:00Z,21661.5616,21846.0116,21654.3384,21701.44,
2025-01-31T18:30:00Z,21701.0469,21710.3944,21425.7875,21478.0478,
2025-02-03T14:30:00Z,21084.639,21353.6791,21004.3514,21302.4678,
2025-02-03T18:30:00Z,21304.0072,21406.5776,21291.911,21297.5822,
2025-02-04T14:30:00Z,21319.5757,21582.4011,21308.2362,21525.5475,
2025-02-04T18:30:00Z,21524.6541,21579.7216,21508.2979,21566.9177,
2025-02-05T14:30:00Z,21453.8671,21634.5246,21408.64,21584.6027,
2025-02-05T18:30:00Z,21584.4899,21662.9804,21576.1267,21658.1638,
2025-02-06T14:30:00Z,21674.1714,21746.3261,21643.5684,21725.2363,
2025-02-06T18:30:00Z,21725.5294,21776.0827,21618.2474,21774.0652,
2025-02-07T14:30:00Z,21776.2829,21869.3197,21497.6132,21617.5275,
2025-02-07T18:30:00Z,21617.7421,21630.0061,21465.4611,21491.3085,
2025-02-10T14:30:00Z,21670.062,21793.1306,21645.1676,21768.7194,
2025-02-10T18:30:00Z,21768.7019,21786.884,21741.7644,21756.7342,
2025-02-11T14:30:00Z,21629.1079,21776.2498,21625.5057,21683.9786,
2025-02-11T18:30:00Z,21684.249,21747.0334,21675.5219,21693.5213,
2025-02-12T14:30:00Z,21475.4061,21733.8223,21454.1919,21710.4236,
2025-02-12T18:30:00Z,21710.3928,21745.6635,21672.7733,21719.2614,
2025-02-13T14:30:00Z,21786.1581,21967.9267,21758.0357,21856.2726,
2025-02-13T18:30:00Z,21856.5974,22038.1503,21829.9186,22030.7144,
2025-02-14T14:30:00Z,22038.606,22092.0626,22010.3461,22076.7076,
2025-02-14T18:30:00Z,22076.5787,22139.4328,22075.2307,22114.6886,
2025-02-18T14:30:00Z,22176.0133,22191.3663,22050.798,22085.0041,
2025-02-18T18:30:00Z,22085.299,22164.6057,22029.5768,22164.6057,
2025-02-19T14:30:00Z,22121.7307,22181.0507,22045.7541,22169.2543,
2025-02-19T18:30:00Z,22169.8291,22222.6097,22129.9694,22175.5979,
2025-02-20T14:30:00Z,22132.7122,22148.4437,21878.7536,21970.9697,
2025-02-20T18:30:00Z,21970.7306,22073.4797,21965.8169,22068.0571,
2025-02-21T14:30:00Z,22110.5425,22115.2055,21715.9592,21732.9113,
2025-02-21T18:30:00Z,21732.714,21780.8584,21597.1556,21614.0795,
2025-02-24T14:30:00Z,21669.3578,21727.5794,21369.4149,21581.596,
2025-02-24T18:30:00Z,21582.3984,21585.8723,21341.9576,21352.0796,
2025-02-25T14:30:00Z,21318.7734,21326.8092,20930.5775,21111.8066,
2025-02-25T18:30:00Z,21112.4101,21196.6357,21057.8017,21087.2453,
2025-02-26T14:30:00Z,21170.5061,21350.5193,21118.8523,21119.66,
2025-02-26T18:30:00Z,21117.9224,21164.0969,21012.6154,21132.9191,
2025-02-27T14:30:00Z,21281.3567,21323.9057,20851.5681,21040.9674,
2025-02-27T18:30:00Z,21042.6871,21055.0673,20540.6804,20550.9532,
2025-02-28T14:30:00Z,20518.65,20731.559,20407.4496,20543.6657,
2025-02-28T18:30:00Z,20544.2777,20900.7679,20494.4533,20884.4081,
2025-03-03T14:30:00Z,20989.5758,21073.8033,20636.0448,20642.3892,
2025-03-03T18:30:00Z,20642.9252,20769.4961,20279.4973,20425.584,
2025-03-04T14:30:00Z,20281.8851,20447.4845,20034.6767,20336.9075,
2025-03-04T18:30:00Z,20335.7141,20688.4632,20282.7827,20352.528,
2025-03-05T14:30:00Z,20363.2236,20543.5324,20182.5731,20464.8613,
2025-03-05T18:30:00Z,20466.1897,20688.7196,20418.5275,20628.4645,
2025-03-06T14:30:00Z,20231.7385,20473.4049,20061.2881,20101.8782,
2025-03-06T18:30:00Z,20101.9497,20166.5732,19968.556,20052.6349,
2025-03-07T14:30:00Z,20015.6152,20207.8548,19736.8062,20021.7597,
2025-03-07T18:30:00Z,20022.3232,20253.2171,20014.2967,20201.3725,
2025-03-10T13:30:00Z,19826.9595,19867.0838,19428.0722,19475.8649,
2025-03-10T17:30:00Z,19477.7709,19517.104,19243.3094,19430.9527,
2025-03-11T13:30:00Z,19405.519,19583.1045,19184.9082,19189.2351,
2025-03-11T17:30:00Z,19185.8745,19659.427,19180.5572,19376.9598,
2025-03-12T13:30:00Z,19663.3873,19756.0869,19375.2536,19677.9135,
2025-03-12T17:30:00Z,19676.7762,19693.2608,19513.6003,19596.0202,
2025-03-13T13:30:00Z,19534.3738,19558.5603,19163.849,19202.3623,
2025-03-13T17:30:00Z,19198.1218,19372.967,19152.5688,19225.4827,
2025-03-14T13:30:00Z,19458.8899,19690.323,19436.0417,19637.7989,
2025-03-14T17:30:00Z,19637.5978,19729.2086,19597.6835,19704.6356,
2025-03-17T13:30:00Z,19670.6882,19833.3517,19622.4704,19744.333,
2025-03-17T17:30:00Z,19745.1873,19943.806,19740.0816,19812.2355,
2025-03-18T13:30:00Z,19657.0971,19676.0506,19397.0749,19484.2753,
2025-03-18T17:30:00Z,19484.6482,19564.5994,19448.9603,19483.3596,
2025-03-19T13:30:00Z,19576.3204,19718.5976,19497.7911,19596.4878,
2025-03-19T17:30:00Z,19596.5088,19921.6199,19573.8167,19736.6616,
2025-03-20T13:30:00Z,19558.2752,19888.8529,19549.3143,19627.6788,
2025-03-20T17:30:00Z,19627.7737,19710.9766,19591.8931,19677.6087,
2025-03-21T13:30:00Z,19466.4439,19690.169,19409.1836,19620.7847,
2025-03-21T17:30:00Z,19620.7976,19767.9799,19604.1787,19753.9656,
2025-03-24T13:30:00Z,20041.2064,20171.7314,20024.9707,20131.1984,
2025-03-24T17:30:00Z,20131.4114,20208.842,20104.8451,20180.4447,
2025-03-25T13:30:00Z,20196.4976,20292.1944,20164.0673,20207.5553,
2025-03-25T17:30:00Z,20207.8298,20290.9915,20204.6697,20287.8263,
2025-03-26T13:30:00Z,20239.0452,20270.1886,19917.6937,19927.9589,
2025-03-26T17:30:00Z,19927.6122,19948.2901,19848.4944,19916.9915,
2025-03-27T13:30:00Z,19814.6086,20003.3599,19740.2177,19814.5877,
2025-03-27T17:30:00Z,19813.2231,19933.2246,19782.639,19798.6219,
2025-03-28T13:30:00Z,19718.4568,19752.4529,19261.1165,19270.0312,
2025-03-28T17:30:00Z,19270.285,19336.7224,19241.5384,19281.3996,
2025-03-31T13:30:00Z,18998.5404,19126.5626,18799.1965,19066.3303,
2025-03-31T17:30:00Z,19067.0628,19316.0653,19035.1112,19278.4469,
2025-04-01T13:30:00Z,19192.7733,19468.6241,19095.172,19353.4056,
2025-04-01T17:30:00Z,19352.2572,19452.4038,19218.3763,19436.4225,
2025-04-02T13:30:00Z,19182.3911,19707.3381,19157.1998,19660.9016,
2025-04-02T17:30:00Z,19660.2643,19660.2643,19437.7425,19581.7766,
2025-04-03T13:30:00Z,18774.1476,18902.071,18561.8771,18678.9966,
2025-04-03T17:30:00Z,18680.421,18731.3839,18502.973,18521.4753,
2025-04-04T13:30:00Z,18022.1554,18089.2464,17480.8196,17573.4062,
2025-04-04T17:30:00Z,17571.7022,17765.3809,17387.8339,17397.695,
2025-04-07T13:30:00Z,16771.766,18191.5034,16542.1992,17491.6769,
2025-04-07T17:30:00Z,17491.9657,17671.5107,17274.0641,17430.6823,
2025-04-08T13:30:00Z,18034.4612,18207.0075,17374.0451,17376.7501,
2025-04-08T17:30:00Z,17374.9352,17608.8669,16850.1818,17090.4015,
2025-04-09T13:30:00Z,17116.527,18619.9995,17082.3548,18251.2634,
2025-04-09T17:30:00Z,18261.7264,19234.0184,18244.5463,19145.0623,
2025-04-10T13:30:00Z,18626.11,18710.5814,17794.4968,18144.1659,
2025-04-10T17:30:00Z,18142.6089,18519.5329,18105.5371,18343.5725,
2025-04-11T13:30:00Z,18309.2873,18638.6876,18153.3243,18503.1593,
2025-04-11T17:30:00Z,18503.7959,18728.9536,18467.9361,18690.0544,
2025-04-14T13:30:00Z,19095.4901,19115.1518,18614.7546,18734.4466,
2025-04-14T17:30:00Z,18731.0177,18951.7348,18701.8428,18796.0207,
2025-04-15T13:30:00Z,18831.9767,19004.1731,18778.7104,18791.0983,
2025-04-15T17:30:00Z,18791.0235,18861.1061,18754.8686,18830.2271,
2025-04-16T13:30:00Z,18475.7564,18597.3231,18388.6597,18460.1958,
2025-04-16T17:30:00Z,18460.7312,18462.9335,17995.9554,18257.6431,
2025-04-17T13:30:00Z,18369.8981,18378.7343,18144.4553,18250.9814,
2025-04-17T17:30:00Z,18251.4506,18401.0491,18214.51,18258.0921,
2025-04-21T13:30:00Z,18023.0073,18043.078,17626.4306,17638.7884,
2025-04-21T17:30:00Z,17638.4877,17836.7135,17592.9205,17808.3007,
2025-04-22T13:30:00Z,18033.8992,18396.3878,17993.2415,18151.4603,
2025-04-22T17:30:00Z,18150.8555,18289.8774,18105.0561,18276.4065,
2025-04-23T13:30:00Z,18870.6245,19043.0069,18638.2227,18807.9367,
2025-04-23T17:30:00Z,18809.0417,18837.8507,18618.8881,18693.2579,
2025-04-24T13:30:00Z,18756.5261,19161.8309,18744.4724,19135.9199,
2025-04-24T17:30:00Z,19136.299,19224.7961,19109.3185,19214.4001,
2025-04-25T13:30:00Z,19209.7229,19447.5601,19133.2273,19442.0775,
2025-04-25T17:30:00Z,19441.8342,19442.2009,19272.4619,19432.5591,
2025-04-28T13:30:00Z,19432.724,19519.3289,19162.4586,19174.6237,
2025-04-28T17:30:00Z,19174.613,19472.3407,19167.944,19427.2892,
2025-04-29T13:30:00Z,19315.9544,19505.5724,19304.8278,19455.1073,
2025-04-29T17:30:00Z,19455.0059,19582.7657,19453.8367,19544.9455,
2025-04-30T13:30:00Z,19168.0926,19368.9286,19011.9814,19351.0382,
2025-04-30T17:30:00Z,19348.8043,19612.7645,19346.9042,19571.0183,
2025-05-01T13:30:00Z,19866.8297,20024.481,19777.3316,19899.9324,
2025-05-01T17:30:00Z,19900.1546,19946.7101,19763.14,19786.7091,
2025-05-02T13:30:00Z,19986.6091,20167.5174,19936.673,20116.1775,
2025-05-02T17:30:00Z,20115.8946,20176.5974,20059.6765,20102.6141,
2025-05-05T13:30:00Z,19928.8209,20057.5478,19899.2798,20042.9103,
2025-05-05T17:30:00Z,20042.8079,20100.6074,19957.4966,19967.9422,
2025-05-06T13:30:00Z,19709.6407,19927.2293,19659.3239,19795.2523,
2025-05-06T17:30:00Z,19795.1571,19884.0548,19753.4483,19791.345,
2025-05-07T13:30:00Z,19804.4979,19894.2818,19709.7928,19815.9027,
2025-05-07T17:30:00Z,19815.8893,19960.8582,19605.0692,19867.9725,
2025-05-08T13:30:00Z,20067.4292,20249.7568,19907.6721,20216.6214,
2025-05-08T17:30:00Z,20216.4117,20242.9391,20056.843,20063.5654,
2025-05-09T13:30:00Z,20170.3693,20203.5781,19984.5289,20027.4811,
2025-05-09T17:30:00Z,20027.2831,20105.9608,20013.7419,20061.449,
2025-05-12T13:30:00Z,20818.7841,20847.7557,20613.2702,20817.3711,
2025-05-12T17:30:00Z,20817.1754,20870.1245,20776.1335,20868.1488,
2025-05-13T13:30:00Z,20906.9225,21253.7181,20891.1758,21231.3497,
2025-05-13T17:30:00Z,21231.2615,21259.3877,21179.1968,21197.6987,
2025-05-14T13:30:00Z,21254.4684,21336.4815,21199.8542,21236.1059,
2025-05-14T17:30:00Z,21236.4074,21326.3767,21233.7717,21319.2061,
2025-05-15T13:30:00Z,21206.734,21443.8812,21168.1675,21436.4386,
2025-05-15T17:30:00Z,21436.7756,21436.8256,21228.6126,21335.8224,
2025-05-16T13:30:00Z,21375.6246,21384.932,21246.4235,21381.3226,
2025-05-16T17:30:00Z,21381.3285,21428.7916,21358.403,21427.9358,
2025-05-19T13:30:00Z,21138.1265,21464.563,21138.1265,21443.5934,
2025-05-19T17:30:00Z,21443.3564,21460.6865,21370.8094,21447.0533,
2025-05-20T13:30:00Z,21347.6273,21399.9916,21286.449,21379.522,
2025-05-20T17:30:00Z,21378.8706,21380.9475,21226.6615,21367.3738,
2025-05-21T13:30:00Z,21217.3052,21482.9802,21132.7842,21132.8124,
2025-05-21T17:30:00Z,21133.7146,21251.4493,21002.0945,21080.3589,
2025-05-22T13:30:00Z,21097.4601,21256.6604,21046.2232,21192.8947,
2025-05-22T17:30:00Z,21193.104,21263.181,21100.4362,21112.4712,
2025-05-23T13:30:00Z,20806.3716,21014.2473,20777.9695,21013.8322,
2025-05-23T17:30:00Z,21012.8442,21025.5845,20902.397,20915.6549,
2025-05-27T13:30:00Z,21201.4454,21407.297,21145.1328,21396.651,
2025-05-27T17:30:00Z,21396.7164,21429.3195,21358.7478,21414.9907,
2025-05-28T13:30:00Z,21451.691,21508.0781,21374.3485,21426.5402,
2025-05-28T17:30:00Z,21426.0072,21456.1513,21296.5112,21318.1685,
2025-05-29T13:30:00Z,21611.536,21611.536,21260.7246,21365.4789,
2025-05-29T17:30:00Z,21365.5699,21390.8935,21273.3053,21363.9502,
2025-05-30T13:30:00Z,21330.8459,21350.8527,21032.5572,21127.5789,
2025-05-30T17:30:00Z,21127.1127,21386.2908,21120.9262,21340.9925,
2025-06-02T13:30:00Z,21270.5744,21429.0865,21199.3704,21406.4071,
2025-06-02T17:30:00Z,21406.4838,21500.3579,21385.2415,21491.748,
2025-06-03T13:30:00Z,21529.9773,21715.9588,21474.5056,21703.3381,
2025-06-03T17:30:00Z,21703.4937,21707.0454,21603.1141,21662.5821,
2025-06-04T13:30:00Z,21689.0203,21757.1459,21607.3256,21736.3,
2025-06-04T17:30:00Z,21736.2121,21761.3691,21710.0759,21721.9189,
2025-06-05T13:30:00Z,21782.3396,21891.8859,21631.4217,21733.7527,
2025-06-05T17:30:00Z,21734.2628,21751.0078,21472.7651,21547.4314,
2025-06-06T13:30:00Z,21777.4977,21830.8019,21696.6853,21757.8252,
2025-06-06T17:30:00Z,21758.0969,21836.5722,21757.1424,21761.7891,
2025-06-09T13:30:00Z,21779.1804,21855.1497,21729.3028,21828.8891,
2025-06-09T17:30:00Z,21828.8951,21850.2757,21791.6922,21797.8663,
2025-06-10T13:30:00Z,21819.7845,21902.6703,21727.3414,21864.9459,
2025-06-10T17:30:00Z,21865.1027,21961.4217,21805.557,21941.9192,
2025-06-11T13:30:00Z,21994.1591,22041.8325,21890.8137,21982.5087,
2025-06-11T17:30:00Z,21983.1224,21985.8338,21775.2698,21860.8014,
2025-06-12T13:30:00Z,21826.794,21952.0021,21807.002,21918.5297,
2025-06-12T17:30:00Z,21918.8627,21943.7516,21872.1721,21913.3203,
2025-06-13T13:30:00Z,21675.9417,21838.4723,21606.8906,21760.0831,
2025-06-13T17:30:00Z,21759.0774,21785.1362,21591.1087,21631.0384,
2025-06-16T13:30:00Z,21783.0808,21979.7671,21783.0808,21955.2618,
2025-06-16T17:30:00Z,21955.9847,21964.0117,21900.7785,21937.5678,
2025-06-17T13:30:00Z,21858.8901,21896.4167,21782.8863,21783.6558,
2025-06-17T17:30:00Z,21781.1274,21811.0953,21680.1746,21719.0776,
2025-06-18T13:30:00Z,21745.4982,21862.9963,21697.5483,21746.3672,
2025-06-18T17:30:00Z,21746.5364,21837.9145,21660.519,21719.6888,
2025-06-20T13:30:00Z,21834.4875,21902.9852,21561.4126,21583.8761,
2025-06-20T17:30:00Z,21583.8394,21676.0652,21552.8047,21626.3876,
2025-06-23T13:30:00Z,21632.7774,21804.0483,21532.3194,21797.0703,
2025-06-23T17:30:00Z,21798.4917,21871.8698,21798.4917,21856.3296,
2025-06-24T13:30:00Z,22053.3299,22196.1956,22045.6323,22165.9584,
2025-06-24T17:30:00Z,22165.728,22220.6386,22165.6157,22190.5219,
2025-06-25T13:30:00Z,22279.6889,22329.231,22194.6226,22234.5078,
2025-06-25T17:30:00Z,22234.5559,22242.5648,22175.0781,22237.7425,
2025-06-26T13:30:00Z,22328.2397,22415.6531,22255.2739,22412.8195,
2025-06-26T17:30:00Z,22412.6419,22466.9892,22412.6419,22447.2916,
2025-06-27T13:30:00Z,22484.873,22603.2183,22477.6173,22554.3016,
2025-06-27T17:30:00Z,22554.445,22562.9304,22382.7869,22534.2026,
2025-06-30T13:30:00Z,22632.9239,22654.8626,22581.9168,22618.0822,
2025-06-30T17:30:00Z,22618.1066,22721.5023,22565.1062,22679.009,
2025-07-01T13:30:00Z,22594.4756,22631.2577,22388.0928,22514.5137,
2025-07-01T17:30:00Z,22514.4676,22547.3187,22439.5786,22478.1353,
2025-07-02T13:30:00Z,22451.8122,22635.3972,22448.0691,22610.312,
2025-07-02T17:30:00Z,22610.4807,22644.7188,22599.3403,22641.8862,
2025-07-03T13:30:00Z,22751.6412,22896.0105,22736.0787,22866.9707,
2025-07-07T13:30:00Z,22754.3775,22776.2098,22642.6444,22674.2419,
2025-07-07T17:30:00Z,22674.1085,22721.0092,22587.4745,22685.568,
2025-07-08T13:30:00Z,22735.259,22761.802,22652.4396,22714.7589,
2025-07-08T17:30:00Z,22714.8162,22744.1248,22676.138,22702.2503,
2025-07-09T13:30:00Z,22800.3641,22915.3316,22733.6477,22791.6841,
2025-07-09T17:30:00Z,22791.5267,22865.3355,22770.9593,22864.9066,
2025-07-10T13:30:00Z,22890.4262,22907.044,22716.4076,22825.9478,
2025-07-10T17:30:00Z,22825.9987,22859.4403,22804.7079,22829.2621,
2025-07-11T13:30:00Z,22757.9895,22837.3765,22692.8038,22824.9484,
2025-07-11T17:30:00Z,22824.9456,22835.5567,22748.9461,22780.5973,
2025-07-14T13:30:00Z,22780.1916,22885.0101,22675.2801,22871.6747,
2025-07-14T17:30:00Z,22871.9056,22886.9374,22838.9628,22855.6319,
2025-07-15T13:30:00Z,23036.8644,23051.8655,22913.4906,22944.5046,
2025-07-15T17:30:00Z,22944.4296,23001.5309,22876.4675,22884.5884,
2025-07-16T13:30:00Z,22895.297,22910.5263,22669.3698,22869.8805,
2025-07-16T17:30:00Z,22869.5742,22928.5541,22847.7662,22907.9667,
2025-07-17T13:30:00Z,22931.0155,23104.4163,22905.5091,23086.9158,
2025-07-17T17:30:00Z,23086.8302,23104.7162,23066.9049,23081.0477,
2025-07-18T13:30:00Z,23135.0883,23153.2129,23018.3579,23053.5069,
2025-07-18T17:30:00Z,23053.128,23070.5938,23031.207,23065.4739,
2025-07-21T13:30:00Z,23124.9672,23264.4513,23122.934,23258.1857,
2025-07-21T17:30:00Z,23258.1506,23262.4871,23170.0426,23180.0618,
2025-07-22T13:30:00Z,23182.0229,23186.3626,22953.8497,23089.4713,
2025-07-22T17:30:00Z,23089.266,23103.2422,23019.8714,23063.5783,
2025-07-23T13:30:00Z,23100.2507,23132.4455,23000.4587,23080.995,
2025-07-23T17:30:00Z,23081.1387,23168.4932,23079.404,23162.406,
2025-07-24T13:30:00Z,23228.7891,23266.0578,23150.2673,23238.489,
2025-07-24T17:30:00Z,23238.5864,23268.4925,23219.3561,23219.8649,
2025-07-25T13:30:00Z,23204.6635,23326.2972,23193.991,23300.2339,
2025-07-25T17:30:00Z,23300.167,23315.4096,23263.4219,23272.2458,
2025-07-28T13:30:00Z,23343.1292,23386.7588,23299.8138,23324.2594,
2025-07-28T17:30:00Z,23323.9516,23358.5465,23303.5892,23356.27,
2025-07-29T13:30:00Z,23477.8395,23510.918,23298.9073,23367.4779,
2025-07-29T17:30:00Z,23367.4481,23372.8854,23283.397,23308.303,
2025-07-30T13:30:00Z,23337.3259,23406.9661,23313.6859,23389.0641,
2025-07-30T17:30:00Z,23389.1237,23447.1478,23226.9176,23345.4143,
2025-07-31T13:30:00Z,23589.3683,23589.3683,23306.8348,23321.4306,
2025-07-31T17:30:00Z,23320.5183,23358.316,23176.1243,23218.1238,
2025-08-01T13:30:00Z,22941.0631,22972.4716,22675.4905,22728.6958,
2025-08-01T17:30:00Z,22728.8709,22822.4276,22673.8753,22763.3133,
2025-08-04T13:30:00Z,22986.7715,23167.2187,22973.5978,23162.3035,
2025-08-04T17:30:00Z,23162.954,23191.0448,23128.3506,23188.6082,
2025-08-05T13:30:00Z,23235.3146,23286.0463,23008.1373,23098.8803,
2025-08-05T17:30:00Z,23099.2855,23137.8269,23008.7109,23018.5599,
2025-08-06T13:30:00Z,23070.953,23274.2472,23042.2717,23266.1641,
2025-08-06T17:30:00Z,23266.3944,23330.4908,23253.7393,23315.0437,
2025-08-07T13:30:00Z,23483.4191,23560.7294,23283.4896,23303.3952,
2025-08-07T17:30:00Z,23302.9628,23393.9337,23225.7184,23389.5284,
2025-08-08T13:30:00Z,23458.1353,23598.6921,23437.6057,23557.3808,
2025-08-08T17:30:00Z,23557.3609,23619.2422,23556.6814,23611.2665,
2025-08-11T13:30:00Z,23629.015,23697.997,23571.8205,23624.6515,
2025-08-11T17:30:00Z,23624.5305,23634.0826,23484.2525,23526.6342,
2025-08-12T13:30:00Z,23651.6082,23805.4764,23524.2773,23785.7536,
2025-08-12T17:30:00Z,23785.6482,23849.5015,23781.9006,23839.1964,
2025-08-13T13:30:00Z,23935.0628,23969.2746,23789.1703,23847.3884,
2025-08-13T17:30:00Z,23847.2548,23857.666,23789.1151,23849.0396,
2025-08-14T13:30:00Z,23775.0072,23908.2563,23748.9849,23878.5982,
2025-08-14T17:30:00Z,23878.6104,23879.0362,23801.0137,23832.4419,
2025-08-15T13:30:00Z,23808.996,23813.9864,23651.2064,23715.7213,
2025-08-15T17:30:00Z,23716.2322,23754.2803,23691.6968,23712.07,
2025-08-18T13:30:00Z,23692.1252,23733.4979,23637.4088,23681.6366,
2025-08-18T17:30:00Z,23681.7654,23728.6631,23666.1613,23713.7587,
2025-08-19T13:30:00Z,23689.0146,23695.6451,23365.458,23408.6512,
2025-08-19T17:30:00Z,23408.2042,23431.1041,23346.3359,23384.77,
2025-08-20T13:30:00Z,23343.4129,23343.4129,22959.7005,23169.6342,
2025-08-20T17:30:00Z,23169.8013,23286.6959,23117.688,23249.57,
2025-08-21T13:30:00Z,23182.7572,23264.269,23046.387,23067.3867,
2025-08-21T17:30:00Z,23066.9938,23174.0451,23066.4618,23142.5805,
2025-08-22T13:30:00Z,23184.9934,23575.3581,23140.042,23544.5854,
2025-08-22T17:30:00Z,23544.6509,23550.5067,23460.5046,23498.1151,
2025-08-25T13:30:00Z,23454.2781,23546.4465,23382.1933,23514.5378,
2025-08-25T17:30:00Z,23514.5126,23520.7368,23420.6145,23425.6046,
2025-08-26T13:30:00Z,23420.8473,23489.7596,23369.0396,23472.7274,
2025-08-26T17:30:00Z,23472.2372,23532.5123,23416.6541,23525.2931,
2025-08-27T13:30:00Z,23499.674,23564.9604,23434.3118,23539.9883,
2025-08-27T17:30:00Z,23539.8784,23591.0547,23498.8376,23565.8458,
2025-08-28T13:30:00Z,23601.345,23700.4338,23514.6972,23696.9027,
2025-08-28T17:30:00Z,23696.9429,23741.2333,23694.0698,23703.4504,
2025-08-29T13:30:00Z,23607.54,23607.54,23353.9618,23375.7063,
2025-08-29T17:30:00Z,23376.0723,23444.226,23368.9968,23415.4198,
2025-09-02T13:30:00Z,23020.4689,23228.3096,22977.8854,23115.515,
2025-09-02T17:30:00Z,23115.069,23242.281,23114.5761,23231.1081,
2025-09-03T13:30:00Z,23388.2782,23478.0079,23332.1434,23384.9081,
2025-09-03T17:30:00Z,23383.9015,23414.8394,23279.1195,23414.8394,
2025-09-04T13:30:00Z,23442.1893,23536.7292,23371.3343,23533.1384,
2025-09-04T17:30:00Z,23532.8068,23639.0367,23523.9782,23633.0126,
2025-09-05T13:30:00Z,23841.9804,23860.2525,23475.3263,23600.3715,
2025-09-05T17:30:00Z,23600.8194,23655.3265,23554.5415,23652.4429,
2025-09-08T13:30:00Z,23759.6245,23851.8087,23737.9433,23767.6511,
2025-09-08T17:30:00Z,23767.5552,23782.0031,23725.0391,23762.3003,
2025-09-09T13:30:00Z,23824.3322,23824.6077,23697.9983,23808.4788,
2025-09-09T17:30:00Z,23808.5554,23852.4179,23788.2239,23839.796,
2025-09-10T13:30:00Z,23931.3244,23958.5414,23848.3808,23854.1631,
2025-09-10T17:30:00Z,23853.9973,23879.8054,23760.0949,23849.2703,
2025-09-11T13:30:00Z,23956.5673,24016.5258,23883.0092,23986.1724,
2025-09-11T17:30:00Z,23985.9127,24016.418,23975.1776,23992.5619,
2025-09-12T13:30:00Z,24030.7657,24101.3305,23983.6325,24082.8968,
2025-09-12T17:30:00Z,24082.8473,24137.0598,24066.6799,24092.1933,
2025-09-15T13:30:00Z,24178.6037,24274.7977,24173.1367,24238.2144,
2025-09-15T17:30:00Z,24237.7718,24297.336,24227.2802,24293.7812,
2025-09-16T13:30:00Z,24342.7485,24343.3532,24244.2116,24281.1038,
2025-09-16T17:30:00Z,24281.2286,24310.0107,24268.1328,24274.2492,
2025-09-17T13:30:00Z,24286.4298,24288.8363,24125.4163,24156.5219,
2025-09-17T17:30:00Z,24156.3675,24292.0575,23999.7463,24223.6874,
2025-09-18T13:30:00Z,24421.2132,24554.5212,24347.5411,24509.9952,
2025-09-18T17:30:00Z,24509.9055,24510.0016,24442.6824,24454.8945,
2025-09-19T13:30:00Z,24528.4411,24583.4367,24469.2781,24557.2746,
2025-09-19T17:30:00Z,24557.2282,24641.9266,24556.885,24626.2466,
2025-09-22T13:30:00Z,24588.1798,24749.997,24578.0929,24743.9971,
2025-09-22T17:30:00Z,24743.8942,24781.7302,24731.9464,24761.0741,
2025-09-23T13:30:00Z,24752.7368,24764.3031,24624.7346,24625.6632,
2025-09-23T17:30:00Z,24624.3281,24633.1967,24536.5017,24580.1683,
2025-09-24T13:30:00Z,24648.9734,24650.4169,24388.5892,24491.601,
2025-09-24T17:30:00Z,24491.6268,24511.1421,24446.8483,24503.5673,
2025-09-25T13:30:00Z,24321.7311,24460.6589,24186.3719,24360.5696,
2025-09-25T17:30:00Z,24360.3552,24408.5374,24223.8042,24397.3106,
2025-09-26T13:30:00Z,24410.9529,24505.2425,24297.6985,24480.6901,
2025-09-26T17:30:00Z,24480.9188,24510.3665,24439.636,24503.8476,
2025-09-29T13:30:00Z,24629.0206,24741.7724,24574.61,24607.301,
2025-09-29T17:30:00Z,24607.4394,24643.5347,24560.219,24611.3522,
2025-09-30T13:30:00Z,24597.3991,24632.8601,24505.1392,24525.177,
2025-09-30T17:30:00Z,24525.0247,24691.23,24511.4296,24679.9877,
2025-10-01T13:30:00Z,24539.2493,24770.5334,24517.7585,24763.7188,
2025-10-01T17:30:00Z,24764.4253,24816.6744,24746.9495,24800.8628,
2025-10-02T13:30:00Z,24933.4868,24944.7474,24780.1091,24876.7857,
2025-10-02T17:30:00Z,24876.3855,24913.2404,24871.2076,24892.764,
2025-10-03T13:30:00Z,24931.424,24958.2632,24814.0426,24819.3433,
2025-10-03T17:30:00Z,24818.2851,24844.7802,24713.5829,24785.5219,
2025-10-06T13:30:00Z,24986.2599,25025.0331,24907.5986,25013.3041,
2025-10-06T17:30:00Z,25013.1318,25044.2589,24974.8041,24978.5581,
2025-10-07T13:30:00Z,25031.7824,25062.961,24783.9518,24847.6749,
2025-10-07T17:30:00Z,24846.0585,24865.8071,24793.6857,24840.2265,
2025-10-08T13:30:00Z,24887.3211,25071.2044,24882.349,25064.097,
2025-10-08T17:30:00Z,25064.3076,25142.1868,25059.7639,25136.6227,
2025-10-09T13:30:00Z,25124.7932,25139.3516,24977.6943,24982.2107,
2025-10-09T17:30:00Z,24981.7257,25098.9842,24966.8083,25098.1764,
2025-10-10T13:30:00Z,25116.8263,25195.2779,24425.3883,24534.9771,
2025-10-10T17:30:00Z,24533.5775,24568.8606,24207.1529,24221.7452,
2025-10-13T13:30:00Z,24625.7393,24774.1012,24540.4174,24722.8945,
2025-10-13T17:30:00Z,24723.4572,24779.6539,24701.7745,24750.2524,
2025-10-14T13:30:00Z,24442.9255,24766.3689,24256.2822,24745.3054,
2025-10-14T17:30:00Z,24746.1952,24751.9744,24514.1805,24579.3168,
2025-10-15T13:30:00Z,24807.339,24933.229,24496.0745,24572.0566,
2025-10-15T17:30:00Z,24572.3621,24781.9584,24569.5071,24745.3583,
2025-10-16T13:30:00Z,24882.2162,24998.3045,24569.2258,24758.8249,
2025-10-16T17:30:00Z,24758.4874,24775.7282,24481.1739,24657.2415,
2025-10-17T13:30:00Z,24600.5455,24800.3515,24511.5889,24693.2792,
2025-10-17T17:30:00Z,24693.34,24881.4684,24673.712,24817.9535,
2025-10-20T13:30:00Z,24991.0995,25180.3206,24988.6714,25167.1977,
2025-10-20T17:30:00Z,25166.7908,25183.8133,25129.8568,25141.0182,
2025-10-21T13:30:00Z,25139.801,25178.2349,25043.0621,25117.6748,
2025-10-21T17:30:00Z,25117.6463,25168.4539,25110.3622,25127.1314,
2025-10-22T13:30:00Z,25093.6426,25127.0622,24720.9283,24750.2344,
2025-10-22T17:30:00Z,24749.6701,24897.0092,24652.1054,24879.0049,
2025-10-23T13:30:00Z,24869.5981,25089.2047,24856.344,25049.3728,
2025-10-23T17:30:00Z,25049.4381,25126.7831,25048.6174,25097.4154,
2025-10-24T13:30:00Z,25307.7489,25409.478,25288.7106,25397.5155,
2025-10-24T17:30:00Z,25397.1717,25418.6362,25349.6111,25358.1621,
2025-10-27T13:30:00Z,25701.9468,25772.4589,25656.3797,25755.4245,
2025-10-27T17:30:00Z,25755.8046,25839.0303,25750.6012,25821.5456,
2025-10-28T13:30:00Z,25932.6423,25996.2506,25864.4911,25980.0742,
2025-10-28T17:30:00Z,25980.2854,26087.484,25979.2693,26012.1555,
2025-10-29T13:30:00Z,26147.7214,26182.1032,26059.3256,26088.6011,
2025-10-29T17:30:00Z,26088.0539,26136.3893,25907.4476,26119.846,
2025-10-30T13:30:00Z,25953.7789,26031.6838,25804.3163,25922.0641,
2025-10-30T17:30:00Z,25921.8627,25933.0771,25732.3858,25734.8132,
2025-10-31T13:30:00Z,26055.9696,26063.4856,25761.3076,25778.2796,
2025-10-31T17:30:00Z,25778.1606,25979.858,25761.2795,25858.126,
2025-11-03T14:30:00Z,26114.1087,26132.8673,25887.8829,26009.9884,
2025-11-03T18:30:00Z,26009.6059,26033.2793,25937.2312,25972.9431,
2025-11-04T14:30:00Z,25580.3424,25762.2338,25486.9615,25498.876,
2025-11-04T18:30:00Z,25497.4041,25557.1094,25415.6237,25435.704,
2025-11-05T14:30:00Z,25433.2252,25708.5978,25364.9022,25704.61,
2025-11-05T18:30:00Z,25703.9829,25750.8854,25610.0722,25620.0314,
2025-11-06T14:30:00Z,25568.2385,25568.2385,25083.2367,25207.4382,
2025-11-06T18:30:00Z,25207.0173,25320.6523,25108.8929,25130.0417,
2025-11-07T14:30:00Z,24977.7348,24980.945,24603.7807,24814.5955,
2025-11-07T18:30:00Z,24813.4632,25065.1381,24755.8937,25059.8081,
2025-11-10T14:30:00Z,25418.1716,25563.8357,25354.437,25526.325,
2025-11-10T18:30:00Z,25527.4146,25655.5135,25527.4146,25611.7367,
2025-11-11T14:30:00Z,25500.9287,25564.2014,25380.8579,25536.8718,
2025-11-11T18:30:00Z,25537.129,25588.2601,25503.3014,25533.486,
2025-11-12T14:30:00Z,25662.186,25663.1708,25389.7266,25507.6378,
2025-11-12T18:30:00Z,25508.0555,25547.6849,25444.8445,25517.3279,
2025-11-13T14:30:00Z,25386.9512,25396.0141,24962.4959,24974.0554,
2025-11-13T18:30:00Z,24974.1849,25044.0036,24908.5957,24993.4626,
2025-11-14T14:30:00Z,24658.5511,25198.9342,24534.9002,25073.1757,
2025-11-14T18:30:00Z,25070.5113,25157.9677,24982.0994,25008.2416,
2025-11-17T14:30:00Z,24890.1028,25166.1456,24861.833,24895.1274,
2025-11-17T18:30:00Z,24894.641,24961.6844,24649.3633,24799.9178,
2025-11-18T14:30:00Z,24651.7781,24735.1243,24299.2945,24644.1308,
2025-11-18T18:30:00Z,24644.3815,24720.5122,24498.2336,24503.0963,
2025-11-19T14:30:00Z,24517.2723,24904.6614,24432.1935,24518.8183,
2025-11-19T18:30:00Z,24517.7753,24745.7734,24494.2423,24640.5154,
2025-11-20T14:30:00Z,25131.4874,25222.9477,24232.946,24424.0113,
2025-11-20T18:30:00Z,24423.1729,24438.6535,24021.4369,24054.3796,
2025-11-21T14:30:00Z,24137.6633,24339.2257,23854.0319,24193.4095,
2025-11-21T18:30:00Z,24191.4674,24521.8372,24181.2,24239.5734,
2025-11-24T14:30:00Z,24462.8694,24880.6427,24455.6505,24859.3127,
2025-11-24T18:30:00Z,24858.7377,24923.5935,24820.5636,24873.854,
2025-11-25T14:30:00Z,24790.0676,24989.3966,24542.7154,24954.5909,
2025-11-25T18:30:00Z,24955.6283,25069.5434,24871.5758,25018.3602,
2025-11-26T14:30:00Z,25168.3075,25309.1481,25077.8606,25280.5969,
2025-11-26T18:30:00Z,25280.4428,25296.6798,25224.9665,25236.9391,
2025-11-28T14:30:00Z,25310.2844,25435.7726,25280.9574,25434.8892,
2025-12-01T14:30:00Z,25232.7532,25443.2059,25158.6321,25410.4754,
2025-12-01T18:30:00Z,25410.7188,25437.9945,25307.1903,25342.849,
2025-12-02T14:30:00Z,25449.8685,25622.5841,25369.3553,25516.2459,
2025-12-02T18:30:00Z,25514.2926,25597.4193,25485.553,25555.8569,
2025-12-03T14:30:00Z,25443.705,25592.2818,25388.4379,25581.0621,
2025-12-03T18:30:00Z,25582.5389,25639.9913,25578.9922,25606.5448,
2025-12-04T14:30:00Z,25658.1384,25658.2703,25468.4809,25579.5641,
2025-12-04T18:30:00Z,25577.5381,25586.5356,25450.38,25581.6992,
2025-12-05T14:30:00Z,25657.7816,25827.0789,25617.3529,25705.652,
2025-12-05T18:30:00Z,25705.2076,25718.6776,25638.8918,25692.051,
2025-12-08T14:30:00Z,25758.818,25828.1581,25560.9174,25595.6912,
2025-12-08T18:30:00Z,25593.9393,25634.3778,25531.7499,25627.9505,
2025-12-09T14:30:00Z,25593.666,25696.307,25532.3373,25692.1265,
2025-12-09T18:30:00Z,25692.1436,25698.2618,25652.7993,25668.6876,
2025-12-10T14:30:00Z,25631.5883,25648.6756,25504.3027,25578.2075,
2025-12-10T18:30:00Z,25576.2555,25835.0253,25568.698,25776.4373,
2025-12-11T14:30:00Z,25598.3893,25622.1551,25372.1792,25597.7659,
2025-12-11T18:30:00Z,25598.4485,25696.2913,25588.0827,25686.6848,
2025-12-12T14:30:00Z,25531.552,25605.8755,25104.6799,25319.1272,
2025-12-12T18:30:00Z,25322.0414,25326.3488,25133.1359,25196.7338,
2025-12-15T14:30:00Z,25352.8698,25377.6239,25022.8058,25081.4469,
2025-12-15T18:30:00Z,25081.8504,25160.4566,25058.6118,25067.2648,
2025-12-16T14:30:00Z,24991.4944,25142.389,24922.9357,24948.231,
2025-12-16T18:30:00Z,24948.2779,25188.7633,24948.2779,25132.9403,
2025-12-17T14:30:00Z,25167.8608,25193.4095,24751.0658,24778.6247,
2025-12-17T18:30:00Z,24777.3375,24781.1813,24647.6058,24647.6058,
2025-12-18T14:30:00Z,25031.4945,25164.1771,24921.4504,25117.2851,
2025-12-18T18:30:00Z,25117.3731,25154.7132,24954.4638,25019.3666,
2025-12-19T14:30:00Z,25147.2957,25354.7541,25134.2563,25332.914,
2025-12-19T18:30:00Z,25333.5292,25354.8199,25306.8131,25346.1769,
2025-12-22T14:30:00Z,25527.6841,25554.0296,25401.591,25458.4814,
2025-12-22T18:30:00Z,25458.1754,25478.8697,25443.4767,25461.7018,
2025-12-23T14:30:00Z,25441.4236,25546.1525,25403.2621,25538.1269,
2025-12-23T18:30:00Z,25538.3873,25590.0337,25536.6181,25587.8302,
2025-12-24T14:30:00Z,25582.3396,25665.2778,25556.8514,25656.1464,
2025-12-26T14:30:00Z,25692.6832,25716.7125,25620.3161,25654.6344,
2025-12-26T18:30:00Z,25654.2078,25683.9997,25639.9271,25644.3901,
2025-12-29T14:30:00Z,25462.2539,25598.1399,25440.9734,25490.1531,
2025-12-29T18:30:00Z,25490.0242,25557.6411,25474.9094,25525.5603,
2025-12-30T14:30:00Z,25509.8779,25577.5805,25464.8401,25524.0087,
2025-12-30T18:30:00Z,25523.6185,25529.823,25456.9248,25462.5606,
2025-12-31T14:30:00Z,25464.7065,25483.7671,25346.3523,25398.6398,
2025-12-31T18:30:00Z,25398.735,25428.451,25244.8575,25249.8466,
2026-01-02T14:30:00Z,25524.2666,25597.6502,25113.8326,25147.8473,
2026-01-02T18:30:00Z,25148.3388,25266.7174,25086.3627,25206.1678,
2026-01-05T14:30:00Z,25471.7907,25520.5147,25354.6605,25418.9039,
2026-01-05T18:30:00Z,25419.0615,25438.705,25366.5552,25401.3202,
2026-01-06T14:30:00Z,25462.0578,25598.5519,25428.0763,25577.2282,
2026-01-06T18:30:00Z,25577.1236,25655.1206,25567.9345,25639.7053,
2026-01-07T14:30:00Z,25617.7994,25813.1723,25592.4004,25752.2522,
2026-01-07T18:30:00Z,25752.5064,25797.2404,25639.6178,25653.8958,
2026-01-08T14:30:00Z,25615.3459,25622.3152,25400.165,25484.7091,
2026-01-08T18:30:00Z,25485.1528,25521.3164,25424.256,25507.1021,
2026-01-09T14:30:00Z,25518.8221,25760.1669,25455.9729,25735.9502,
2026-01-09T18:30:00Z,25736.1831,25811.4542,25735.8049,25766.2578,
2026-01-12T14:30:00Z,25616.8117,25827.4406,25602.5647,25823.8116,
2026-01-12T18:30:00Z,25823.8517,25850.8554,25786.7565,25787.6632,
2026-01-13T14:30:00Z,25779.2809,25873.1786,25651.6156,25713.3175,
2026-01-13T18:30:00Z,25712.5883,25744.4189,25642.1051,25741.9525,
2026-01-14T14:30:00Z,25575.5663,25624.1916,25276.7894,25336.5371,
2026-01-14T18:30:00Z,25336.5871,25475.4305,25266.2036,25465.9443,
2026-01-15T14:30:00Z,25767.2961,25781.0314,25644.8175,25735.2666,
2026-01-15T18:30:00Z,25734.1231,25745.9162,25520.1982,25547.0751,
2026-01-16T14:30:00Z,25710.5988,25735.4837,25444.2774,25563.0094,
2026-01-16T18:30:00Z,25563.0145,25589.6954,25520.139,25529.2636,
2026-01-20T14:30:00Z,25155.0305,25279.7777,25093.2121,25104.3696,
2026-01-20T18:30:00Z,25102.8348,25108.9572,24954.1799,24987.5664,
2026-01-21T14:30:00Z,25048.5515,25344.17,24993.9805,25092.8063,
2026-01-21T18:30:00Z,25093.5019,25498.809,25067.2721,25326.5811,
2026-01-22T14:30:00Z,25548.3786,25576.5183,25399.4953,25557.011,
2026-01-22T18:30:00Z,25555.6473,25569.6058,25445.3194,25518.3513,
2026-01-23T14:30:00Z,25501.9116,25709.7424,25435.0222,25620.2511,
2026-01-23T18:30:00Z,25620.8239,25638.6363,25561.427,25605.4663,
2026-01-26T14:30:00Z,25631.0101,25797.099,25578.7645,25775.0338,
2026-01-26T18:30:00Z,25774.4473,25795.3538,25708.6037,25713.2099,
2026-01-27T14:30:00Z,25852.0452,25971.7974,25791.7473,25946.886,
2026-01-27T18:30:00Z,25947.215,25982.5937,25937.5058,25939.7443,
2026-01-28T14:30:00Z,26121.7436,26165.0819,25974.6599,26032.262,
2026-01-28T18:30:00Z,26032.3265,26082.3759,25986.6097,26022.7903,
2026-01-29T14:30:00Z,26030.0796,26046.3365,25418.5453,25727.952,
2026-01-29T18:30:00Z,25726.8308,25896.2602,25701.6203,25884.2956,
2026-01-30T14:30:00Z,25740.1906,25823.2953,25456.1755,25555.5429,
2026-01-30T18:30:00Z,25556.2241,25662.1792,25456.4655,25552.3867,
2026-02-02T14:30:00Z,25491.6441,25826.6602,25478.4973,25799.4557,
2026-02-02T18:30:00Z,25798.6518,25833.1203,25708.9692,25738.6139,
2026-02-03T14:30:00Z,25811.0479,25840.0446,25208.8868,25225.2434,
2026-02-03T18:30:00Z,25225.3458,25347.3818,25112.4631,25338.6206,
2026-02-04T14:30:00Z,25240.3835,25275.255,24681.2738,24843.1385,
2026-02-04T18:30:00Z,24841.8515,25015.162,24736.3791,24891.2385,
2026-02-05T14:30:00Z,24614.8587,24854.5615,24455.3971,24634.5414,
2026-02-05T18:30:00Z,24634.2591,24735.6911,24470.9994,24548.6902,
2026-02-06T14:30:00Z,24655.2494,25034.5014,24622.3311,25000.9041,
2026-02-06T18:30:00Z,25000.9659,25131.3373,24967.4168,25075.7723,
2026-02-09T14:30:00Z,24953.683,25330.1239,24876.2795,25255.4122,
2026-02-09T18:30:00Z,25255.8859,25337.5427,25247.3221,25268.1413,
2026-02-10T14:30:00Z,25314.2256,25363.1241,25175.8409,25208.8983,
2026-02-10T18:30:00Z,25208.7633,25237.1402,25113.4266,25127.6379,
2026-02-11T14:30:00Z,25335.9092,25382.8386,24980.2916,25193.6785,
2026-02-11T18:30:00Z,25193.4865,25273.5154,25175.5792,25201.2607,
2026-02-12T14:30:00Z,25261.3343,25310.5605,24727.5715,24762.7033,
2026-02-12T18:30:00Z,24761.5234,24861.8647,24643.7329,24687.6116,
2026-02-13T14:30:00Z,24662.9501,24920.1238,24514.9619,24878.0085,
2026-02-13T18:30:00Z,24879.4279,24921.4732,24664.5366,24732.7318,
2026-02-17T14:30:00Z,24567.5452,24745.1336,24387.4693,24698.6909,
2026-02-17T18:30:00Z,24699.3679,24818.3035,24671.874,24701.5965,
2026-02-18T14:30:00Z,24744.8748,25057.2058,24696.8307,24994.6839,
2026-02-18T18:30:00Z,24994.877,25004.694,24791.8304,24898.868,
2026-02-19T14:30:00Z,24771.6528,24890.1178,24690.8701,24724.1697,
2026-02-19T18:30:00Z,24723.79,24797.7726,24691.0013,24797.3393,
2026-02-20T14:30:00Z,24637.3201,25077.5592,24633.5949,24909.3297,
2026-02-20T18:30:00Z,24908.4919,25057.9484,24879.2665,25012.6186,
2026-02-23T14:30:00Z,24935.5145,24984.8206,24618.226,24753.2041,
2026-02-23T18:30:00Z,24753.2362,24761.9373,24627.5262,24708.9417,
2026-02-24T14:30:00Z,24763.8402,25022.9196,24643.6901,24964.5753,
2026-02-24T18:30:00Z,24964.6155,25016.2061,24936.7321,24977.044,
2026-02-25T14:30:00Z,25137.7246,25305.856,25137.6229,25287.8813,
2026-02-25T18:30:00Z,25287.9299,25343.97,25284.9254,25329.0352,
2026-02-26T14:30:00Z,25278.2478,25288.2292,24820.554,24875.9556,
2026-02-26T18:30:00Z,24874.3527,25051.6774,24866.7728,25034.3707,
2026-02-27T14:30:00Z,24807.9998,24987.9585,24747.2516,24868.512,
2026-02-27T18:30:00Z,24868.5789,24980.0052,24834.9853,24960.0353,
2026-03-02T14:30:00Z,24599.4124,25035.5928,24575.5382,24995.7181,
2026-03-02T18:30:00Z,24995.73,25059.1727,24914.624,24992.6006,
2026-03-03T14:30:00Z,24497.3759,24732.7698,24315.8361,24711.8402,
2026-03-03T18:30:00Z,24712.1117,24810.2523,24675.0967,24720.0843,
2026-03-04T14:30:00Z,24850.9432,25143.4957,24795.5307,25134.5268,
2026-03-04T18:30:00Z,25134.0153,25179.3625,25077.6702,25093.6771,
2026-03-05T14:30:00Z,24992.7332,25174.3074,24753.374,24762.2654,
2026-03-05T18:30:00Z,24760.4076,25023.1677,24744.558,25020.414,
2026-03-06T14:30:00Z,24663.7416,24886.7028,24593.7629,24802.5138,
2026-03-06T18:30:00Z,24802.2348,24827.1674,24579.8603,24643.0149,
2026-03-09T13:30:00Z,24429.674,24718.8646,24289.2254,24584.1348,
2026-03-09T17:30:00Z,24584.0626,25019.1567,24549.3178,24967.2476,
2026-03-10T13:30:00Z,25002.6082,25189.1743,24871.4369,25183.9459,
2026-03-10T17:30:00Z,25183.8045,25183.8045,24913.3021,24956.4711,
2026-03-11T13:30:00Z,25053.2428,25152.1159,24872.2447,24982.9278,
2026-03-11T17:30:00Z,24983.4322,24989.0578,24856.5968,24965.0062,
2026-03-12T13:30:00Z,24771.3155,24809.2647,24541.3559,24630.715,
2026-03-12T17:30:00Z,24631.1065,24669.4197,24522.2408,24533.583,
2026-03-13T13:30:00Z,24660.1942,24786.6541,24375.4718,24435.3376,
2026-03-13T17:30:00Z,24435.6866,24453.5041,24336.5262,24380.7341,
2026-03-16T13:30:00Z,24646.18,24742.7356,24606.4577,24681.4629,
2026-03-16T17:30:00Z,24681.3687,24794.2947,24619.95,24655.3421,
2026-03-17T13:30:00Z,24760.2737,24884.6829,24721.5607,24787.2796,
2026-03-17T17:30:00Z,24787.4656,24825.1715,24751.6229,24780.4185,
2026-03-18T13:30:00Z,24727.0666,24763.5765,24572.2207,24604.7721,
2026-03-18T17:30:00Z,24604.9761,24683.9898,24417.3792,24425.0942,
2026-03-19T13:30:00Z,24119.3734,24355.4771,24100.8778,24231.9936,
2026-03-19T17:30:00Z,24231.8287,24462.1551,24196.4025,24355.2762,
2026-03-20T13:30:00Z,24257.5627,24267.3349,24018.7566,24022.055,
2026-03-20T17:30:00Z,24022.2864,24028.8234,23759.9664,23898.1546,
2026-03-23T13:30:00Z,24270.7733,24465.1562,24097.6755,24144.9501,
2026-03-23T17:30:00Z,24144.0885,24315.8679,24142.3612,24188.5904,
2026-03-24T13:30:00Z,24042.2323,24170.8341,23927.693,23989.2116,
2026-03-24T17:30:00Z,23988.7914,24130.7974,23956.6602,24002.4476,
2026-03-25T13:30:00Z,24236.4049,24314.251,24081.3816,24220.248,
2026-03-25T17:30:00Z,24220.4782,24276.2513,24105.3703,24162.9756,
2026-03-26T13:30:00Z,23913.1906,24029.5136,23733.2877,23753.4499,
2026-03-26T17:30:00Z,23753.5211,23771.4176,23574.7175,23586.9947,
2026-03-27T13:30:00Z,23463.7452,23472.8901,23194.5729,23195.1868,
2026-03-27T17:30:00Z,23193.3894,23223.9615,23088.9933,23132.7712,
2026-03-30T13:30:00Z,23307.7461,23356.7522,23008.7492,23011.8753,
2026-03-30T17:30:00Z,23011.9498,23065.1674,22841.4171,22953.3776,
2026-03-31T13:30:00Z,23208.0002,23685.933,23198.6434,23618.972,
2026-03-31T17:30:00Z,23617.9173,23789.6018,23567.9855,23740.1887,
2026-04-01T13:30:00Z,23883.2926,24162.6822,23871.6121,24146.5842,
2026-04-01T17:30:00Z,24146.4094,24153.1182,23940.2985,24019.9879,
2026-04-02T13:30:00Z,23621.7328,24076.3493,23512.5945,23987.5676,
2026-04-02T17:30:00Z,23987.9344,24049.7457,23893.2594,24045.5324,
2026-04-06T13:30:00Z,24143.0184,24265.137,24039.0322,24136.633,
2026-04-06T17:30:00Z,24136.5008,24205.7003,24079.869,24192.1663,
2026-04-07T13:30:00Z,24109.5679,24109.6078,23779.8526,24017.9233,
2026-04-07T17:30:00Z,24017.9846,24209.2775,23915.4416,24202.3718,
2026-04-08T13:30:00Z,25045.3591,25045.3591,24756.9268,24905.4087,
2026-04-08T17:30:00Z,24905.4136,24954.9266,24770.56,24903.1659,
2026-04-09T13:30:00Z,24918.2765,25086.4702,24788.917,25049.4203,
2026-04-09T17:30:00Z,25049.4175,25097.4516,24975.0652,25082.0865,
2026-04-10T13:30:00Z,25165.0579,25226.0612,25057.6504,25070.4208,
2026-04-10T17:30:00Z,25070.5102,25135.4845,25060.6981,25116.3376,
2026-04-13T13:30:00Z,25069.0725,25272.7887,24999.1952,25264.7147,
2026-04-13T17:30:00Z,25264.5558,25387.6856,25233.9251,25383.716,
2026-04-14T13:30:00Z,25514.5539,25796.5079,25514.5539,25779.0836,
2026-04-14T17:30:00Z,25778.9437,25841.9959,25721.4378,25841.9959,
2026-04-15T13:30:00Z,25859.1896,26084.9649,25828.7643,26024.08,
2026-04-15T17:30:00Z,26023.5381,26214.5687,26010.0872,26204.5806,
2026-04-16T13:30:00Z,26256.8793,26400.5212,26113.6523,26315.5583,
2026-04-16T17:30:00Z,26315.8383,26346.2782,26192.9522,26333.0003,
2026-04-17T13:30:00Z,26551.1576,26719.5573,26481.2437,26615.728,
2026-04-17T17:30:00Z,26614.8051,26673.6716,26596.4948,26672.4332,
2026-04-20T13:30:00Z,26662.3177,26670.1149,26412.518,26540.8295,
2026-04-20T17:30:00Z,26540.7292,26593.8327,26531.4166,26590.3434,
2026-04-21T13:30:00Z,26658.853,26730.6367,26447.139,26478.6782,
2026-04-21T17:30:00Z,26478.5877,26631.1892,26405.2976,26479.4707,
2026-04-22T13:30:00Z,26715.9241,26895.6609,26662.8752,26872.751,
2026-04-22T17:30:00Z,26872.4405,26942.1337,26825.7867,26937.2749,
2026-04-23T13:30:00Z,26844.6129,27007.871,26714.5638,26726.9135,
2026-04-23T17:30:00Z,26727.0711,26832.8472,26540.3233,26782.6247,
2026-04-24T13:30:00Z,27082.4156,27286.4541,26986.3901,27241.6583,
2026-04-24T17:30:00Z,27240.7172,27314.2148,27230.425,27303.6666,
2026-04-27T13:30:00Z,27278.2763,27283.9208,27158.8749,27276.4068,
2026-04-27T17:30:00Z,27275.5915,27315.2316,27253.8968,27305.6785,
2026-04-28T13:30:00Z,26988.7688,27115.7653,26877.5922,26951.7206,
2026-04-28T17:30:00Z,26951.4783,27087.629,26951.4783,27029.0116,
2026-04-29T13:30:00Z,27069.3639,27183.9277,26995.3799,27077.7395,
2026-04-29T17:30:00Z,27080.1683,27199.7254,27028.0578,27186.9851,
2026-04-30T13:30:00Z,27328.9854,27328.9854,27029.41,27327.7419,
2026-04-30T17:30:00Z,27327.3628,27488.0313,27326.3831,27452.1197,
2026-05-01T13:30:00Z,27508.5723,27787.1232,27501.4326,27759.6873,
2026-05-01T17:30:00Z,27759.886,27776.301,27672.1698,27710.3572,
2026-05-04T13:30:00Z,27731.3425,27822.3706,27504.0927,27676.6459,
2026-05-04T17:30:00Z,27676.9274,27697.5624,27599.9811,27651.8174,
2026-05-05T13:30:00Z,27895.0544,28034.8757,27844.2326,28025.6371,
2026-05-05T17:30:00Z,28025.7819,28065.6335,27987.6869,28015.0608,
2026-05-06T13:30:00Z,28234.0219,28483.9528,28208.2316,28464.4476,
2026-05-06T17:30:00Z,28464.1552,28608.6752,28462.6821,28599.1716,
2026-05-07T13:30:00Z,28612.5364,28825.5197,28440.0481,28488.2872,
2026-05-07T17:30:00Z,28490.7737,28597.3417,28465.1382,28563.9481,
2026-05-08T13:30:00Z,28768.1199,29205.0864,28751.2151,29195.345,
2026-05-08T17:30:00Z,29195.2712,29234.9933,29122.2025,29234.9933,
2026-05-11T13:30:00Z,29185.8291,29372.4325,29143.197,29330.3259,
2026-05-11T17:30:00Z,29328.6305,29368.4055,29258.1113,29320.6564,
2026-05-12T13:30:00Z,29067.3581,29188.0689,28628.641,28781.6863,
2026-05-12T17:30:00Z,28782.4377,29084.2906,28768.9111,29064.7993,
2026-05-13T13:30:00Z,29159.948,29389.2356,28968.5554,29378.8717,
2026-05-13T17:30:00Z,29378.6586,29452.256,29332.05,29366.9436,
2026-05-14T13:30:00Z,29372.6525,29678.8924,29350.0988,29540.4093,
2026-05-14T17:30:00Z,29540.973,29647.4898,29534.3834,29580.2989,
2026-05-15T13:30:00Z,29191.3616,29329.6133,28991.4235,29322.4102,
2026-05-15T17:30:00Z,29321.9036,29387.4408,29109.5258,29125.1999,
2026-05-18T13:30:00Z,29246.1981,29250.1455,28748.6312,28912.3795,
2026-05-18T17:30:00Z,28912.2908,29013.2712,28717.5676,28994.3682,
2026-05-19T13:30:00Z,28795.0173,29031.9189,28567.1623,28991.3892,
2026-05-19T17:30:00Z,28990.7537,29025.2621,28765.8928,28818.844,
2026-05-20T13:30:00Z,29006.5706,29296.6709,28919.4405,29203.9058,
2026-05-20T17:30:00Z,29204.4016,29301.2784,29186.2368,29297.6982,
2026-05-21T13:30:00Z,29150.131,29380.9986,29040.0397,29324.5399,
2026-05-21T17:30:00Z,29323.8148,29463.4947,29215.1277,29357.2721,
2026-05-22T13:30:00Z,29476.2891,29654.2975,29423.6323,29654.1811,
2026-05-22T17:30:00Z,29656.139,29663.8902,29458.9088,29481.6417,
2026-05-26T13:30:00Z,29854.5818,30044.4902,29753.0854,29895.191,
2026-05-26T17:30:00Z,29895.2215,30039.2218,29886.0196,30001.319,
2026-05-27T13:30:00Z,30081.2768,30099.794,29808.8865,29885.2429,
2026-05-27T17:30:00Z,29886.359,29995.1993,29869.4042,29973.5719,
2026-05-28T13:30:00Z,30030.6253,30262.5627,29848.755,30221.9973,
2026-05-28T17:30:00Z,30222.2332,30263.1905,30194.1376,30223.8888,
2026-05-29T13:30:00Z,30333.8637,30470.0337,30210.006,30308.5483,
2026-05-29T17:30:00Z,30307.619,30378.5121,30232.5611,30333.1797,
2026-06-01T13:30:00Z,30295.2469,30540.1783,30241.1951,30539.0665,
2026-06-01T17:30:00Z,30542.8338,30633.5475,30501.2919,30513.8616,
2026-06-02T13:30:00Z,30471.6129,30659.0397,30372.9572,30589.9442,
2026-06-02T17:30:00Z,30589.5614,30670.1088,30549.3521,30660.6006,
2026-06-03T13:30:00Z,30730.105,30762.1991,30441.8047,30525.8572,
2026-06-03T17:30:00Z,30525.2809,30638.8933,30496.8182,30571.2366,
2026-06-04T13:30:00Z,30174.5873,30459.1248,30092.2352,30453.6336,
2026-06-04T17:30:00Z,30453.5628,30541.4323,30407.7402,30407.8115,
2026-06-05T13:30:00Z,29992.3689,30051.0796,29313.9449,29391.0499,
2026-06-05T17:30:00Z,29392.6957,29457.4622,28929.8838,28957.5991,
2026-06-08T13:30:00Z,29482.1929,29697.8989,29294.0189,29558.7322,
2026-06-08T17:30:00Z,29557.8585,29575.8724,29336.4247,29414.2586,
2026-06-09T13:30:00Z,29647.345,29805.2998,28196.9024,28709.4662,
2026-06-09T17:30:00Z,28708.5648,29096.9605,28674.9517,29084.4993,
2026-06-10T13:30:00Z,28893.8249,29212.3821,28591.122,28645.543,
2026-06-10T17:30:00Z,28646.0266,28789.0772,28462.9157,28508.0273,
2026-06-11T13:30:00Z,28731.1588,29037.9319,28548.4987,29037.9319,
2026-06-11T17:30:00Z,29044.4536,29506.6738,29035.128,29446.1762,
2026-06-12T13:30:00Z,29380.6754,29733.8875,29220.833,29702.7488,
2026-06-12T17:30:00Z,29701.3851,29702.4039,29557.3308,29635.9479,
2026-06-15T13:30:00Z,30289.9666,30587.1574,30285.6317,30557.2626,
2026-06-15T17:30:00Z,30557.2662,30566.541,30493.1078,30543.9184,
2026-06-16T13:30:00Z,30455.4865,30560.0769,30080.8477,30130.9845,
2026-06-16T17:30:00Z,30130.7217,30184.2454,29962.873,29968.1296,
2026-06-17T13:30:00Z,30160.742,30208.943,29968.6021,30094.94,
2026-06-17T17:30:00Z,30094.693,30194.5458,29604.9338,29670.9481,
2026-06-18T13:30:00Z,30261.6032,30412.9485,30089.3504,30391.997,
2026-06-18T17:30:00Z,30392.5854,30463.7729,30328.8018,30406.1938,
2026-06-22T13:30:00Z,30529.9896,30642.5703,30194.2505,30286.0763,
2026-06-22T17:30:00Z,30286.0421,30360.6992,30226.3808,30347.0826,
2026-06-23T13:30:00Z,29369.2485,29748.7214,29310.1203,29562.0482,
2026-06-23T17:30:00Z,29560.7024,29588.382,29276.9786,29347.2727,
2026-06-24T13:30:00Z,29328.3989,29592.8961,29103.2166,29109.4423,
2026-06-24T17:30:00Z,29109.8695,29251.1947,28963.1009,29220.0562,
2026-06-25T13:30:00Z,29843.8924,29843.8924,29000.5543,29460.843,
2026-06-25T17:30:00Z,29461.4622,29581.0976,29315.8025,29440.3229,
2026-06-26T13:30:00Z,29040.1215,29413.8027,28890.7355,29338.0017,
2026-06-26T17:30:00Z,29337.3696,29373.0827,29015.8755,29118.2384,
2026-06-29T13:30:00Z,29310.2569,29726.7433,28991.5234,29726.702,
2026-06-29T17:30:00Z,29726.9291,29792.6329,29696.6858,29774.751,
2026-06-30T13:30:00Z,29792.9287,30286.5236,29767.7564,30254.9863,
2026-06-30T17:30:00Z,30255.8855,30328.7937,30225.5607,30276.3482,
2026-07-01T13:30:00Z,29914.2812,30084.7804,29821.2155,29940.5872,
2026-07-01T17:30:00Z,29939.7826,29968.0659,29787.4081,29809.1327,
2026-07-02T13:30:00Z,29778.6951,30044.4987,29145.6311,29200.2177,
2026-07-02T17:30:00Z,29200.4178,29342.041,29087.3267,29329.2129,
2026-07-06T13:30:00Z,29575.567,29847.7451,29553.6156,29710.2496,
2026-07-06T17:30:00Z,29710.8894,29814.6,29642.8825,29697.8728,
2026-07-07T13:30:00Z,29362.201,29426.4496,28974.4704,29299.268,
2026-07-07T17:30:00Z,29299.3627,29339.8641,29037.2428,29173.0171,
2026-07-08T13:30:00Z,29030.3301,29220.2751,28814.5707,29217.5266,
2026-07-08T17:30:00Z,29217.599,29280.5791,29100.6445,29252.5622,
2026-07-09T13:30:00Z,29486.6139,29771.4142,29398.4724,29769.1012,
2026-07-09T17:30:00Z,29769.0451,29773.7444,29676.2224,29727.0968,
2026-07-10T13:30:00Z,29618.3413,29836.4455,29484.4912,29835.4467,
2026-07-10T17:30:00Z,29836.141,29856.9414,29810.5263,29825.1099,
2026-07-13T13:30:00Z,29471.0156,29540.9963,29252.9029,29304.3019,
2026-07-13T17:30:00Z,29305.746,29327.0082,29189.2056,29264.1027,
2026-07-14T13:30:00Z,29561.3544,29693.7729,29368.8714,29648.4042,
2026-07-14T17:30:00Z,29647.9635,29675.7146,29571.7514,29586.2875,
2026-07-15T13:30:00Z,29759.8054,29771.8872,29192.889,29403.1701,
2026-07-15T17:30:00Z,29403.0371,29540.6118,29388.5828,29502.5959,
2026-07-16T13:30:00Z,29318.3002,29333.0636,29064.7182,29134.019,
2026-07-16T17:30:00Z,29133.956,29142.6293,28881.2286,29025.77,
2026-07-17T13:30:00Z,28457.3298,28865.5377,28231.3211,28859.3878,
2026-07-17T17:30:00Z,28860.5085,28867.4004,28536.4573,28592.6588,
2026-07-20T13:30:00Z,28871.1619,29017.2345,28697.5814,28782.0602,
2026-07-20T17:30:00Z,28782.6308,28833.2611,28590.3955,28604.2348,
2026-07-21T13:30:00Z,29059.4425,29185.3774,28891.0731,29161.5684,
2026-07-21T17:30:00Z,29161.9367,29192.2913,29120.6416,29155.1788,
2026-07-22T13:30:00Z,28949.8088,29176.9139,28934.5161,29139.2662,
2026-07-22T17:30:00Z,29138.4024,29151.1889,28994.1806,28998.1005,
2026-07-23T13:30:00Z,28545.9813,28726.6163,28274.5202,28495.1493,
2026-07-23T17:30:00Z,28494.9348,28496.0477,28321.7988,28454.8083,
2026-07-24T13:30:00Z,28362.1543,28471.483,28097.8019,28356.0837,
2026-07-24T17:30:00Z,28356.1871,28381.7716,28053.0764,28128.342,
2026-07-27T13:30:00Z,28412.3069,28460.1994,27786.5445,27847.0295,
2026-07-27T17:30:00Z,27847.2391,28101.1104,27845.8587,28039.2106,
2026-07-28T13:30:00Z,27810.3951,27926.5328,27452.9471,27847.3098,
2026-07-28T17:30:00Z,27846.8336,27885.3508,27758.4251,27763.1344,
2026-07-29T13:30:00Z,27780.4546,27851.0993,27263.0325,27508.3853,
2026-07-29T17:30:00Z,27506.1182,27954.9142,27176.0278,27192.3064,
2026-07-30T13:30:00Z,27755.4581,28111.6644,27686.3658,28040.2525,
2026-07-30T17:30:00Z,28039.9369,28168.4155,28014.2772,28106.3464,
2026-07-31T13:30:00Z,28446.9867,28606.7747,27954.2432,28339.8703,
2026-07-31T17:30:00Z,28339.6134,28398.5619,28264.0327,28274.1951,
2026-08-03T13:30:00Z,28278.5888,28768.1884,28196.8772,28764.6735,
2026-08-03T17:30:00Z,28764.2971,28842.3581,28748.2889,28776.8035,
2026-08-04T13:30:00Z,29109.2572,29703.0673,29109.2572,29696.3685,
2026-08-04T17:30:00Z,29695.8039,29831.4032,29681.842,29733.1608,
2026-08-05T13:30:00Z,29863.2679,29946.9346,29574.397,29629.9238,
2026-08-05T17:30:00Z,29629.8474,29660.3993,29468.3303,29487.7906,
2026-08-06T13:30:00Z,29224.3746,29569.7555,29123.3819,29411.0594,
2026-08-06T17:30:00Z,29411.275,29457.0342,29354.5335,29373.3338,
2026-08-07T13:30:00Z,29596.4537,29738.9407,29452.7098,29636.9369,
2026-08-07T17:30:00Z,29636.4226,29747.1541,29566.3274,29722.303,
2026-08-10T13:30:00Z,29709.4865,29784.2073,29610.0147,29678.1759,
2026-08-10T17:30:00Z,29677.1952,29687.1677,29606.4739,29621.8041,
2026-08-11T13:30:00Z,29694.6981,29705.7985,29466.8367,29501.0434,
2026-08-11T17:30:00Z,29498.9841,29548.3501,29427.6084,29525.4786,
2026-08-12T13:30:00Z,29875.1794,29881.5011,29715.8828,29802.6986,
2026-08-12T17:30:00Z,29803.5229,29824.0021,29716.9979,29742.604,
2026-08-13T13:30:00Z,29784.0622,30159.5572,29757.6165,30132.157,
2026-08-13T17:30:00Z,30132.3155,30168.0495,30068.5306,30084.5011,
2026-08-14T13:30:00Z,30167.1257,30179.8228,29934.6579,29964.9773,
2026-08-14T17:30:00Z,29964.5269,30050.4427,29957.067,30046.1412,
2026-08-17T13:30:00Z,30150.7747,30195.7188,30006.0755,30008.6407,
2026-08-17T17:30:00Z,30008.3703,30046.4852,29971.924,29995.3813,
2026-08-18T13:30:00Z,29594.888,29677.2867,29425.0846,29523.015,
2026-08-18T17:30:00Z,29521.5936,29527.3535,29454.5172,29490.9578,
2026-08-19T13:30:00Z,29580.8509,29652.2958,29288.7538,29446.7141,
2026-08-19T17:30:00Z,29447.0611,29498.5382,29396.1494,29426.0226,
2026-08-20T13:30:00Z,29295.149,29378.805,29183.545,29211.7623,
2026-08-20T17:30:00Z,29212.2,29243.5697,29118.0673,29213.1647,
2026-08-21T13:30:00Z,29359.5969,29405.1238,29142.4422,29316.4626,
2026-08-21T17:30:00Z,29316.1341,29349.621,29274.1999,29308.859,
2026-08-24T13:30:00Z,29094.7185,29143.5153,28875.9648,29061.373,
2026-08-24T17:30:00Z,29061.8238,29151.9738,29017.9903,29023.1819,
2026-08-25T13:30:00Z,29231.1794,29338.7725,29077.7188,29151.5241,
2026-08-25T17:30:00Z,29151.906,29221.5659,29132.1423,29209.2276,
2026-08-26T13:30:00Z,29130.7697,29264.8732,29096.8423,29199.2337,
2026-08-26T17:30:00Z,29198.9055,29296.7667,29198.4159,29224.5216,
2026-08-27T13:30:00Z,29480.9877,29610.6215,29366.4234,29575.4132,
2026-08-27T17:30:00Z,29575.3038,29643.5315,29466.525,29641.5605,
2026-08-28T13:30:00Z,29545.8998,29752.7803,29383.9183,29417.7252,
2026-08-28T17:30:00Z,29416.7691,29473.0622,29385.5906,29433.4275,
2026-08-31T13:30:00Z,29404.2934,29464.9994,29304.493,29346.9518,
2026-08-31T17:30:00Z,29346.5412,29483.9,29331.6739,29456.9733,
2026-09-01T13:30:00Z,29056.578,29267.4222,28992.2522,29093.6385,
2026-09-01T17:30:00Z,29093.6617,29110.3498,28953.2558,29077.2213,
2026-09-02T13:30:00Z,29015.9969,29165.6228,28971.898,29100.9981,
2026-09-02T17:30:00Z,29102.065,29149.8874,29081.0099,29143.3305,
2026-09-03T13:30:00Z,29234.4183,29494.3338,29160.9631,29457.7963,
2026-09-03T17:30:00Z,29457.713,29538.7604,29457.3448,29482.3197,
2026-09-04T13:30:00Z,29539.5661,29655.2221,29450.3709,29478.9175,
2026-09-04T17:30:00Z,29478.821,29557.3437,29440.1465,29544.1551,
2026-09-08T13:30:00Z,29645.1836,29655.7309,29400.7003,29590.8999,
2026-09-08T17:30:00Z,29591.4195,29606.6485,29462.568,29509.8253,
2026-09-09T13:30:00Z,29431.9414,29563.597,29334.405,29427.1074,
2026-09-09T17:30:00Z,29426.839,29458.8764,29394.6352,29426.6086,
