symbol,timestamp,timeframe,open,high,low,close,volume,change_percent,return_percent,source_file,ohlc_valid
NIKKEI225,2000-01-04,1d,19002.86,19002.86,19002.86,19002.86,,0.36,0.0,Nikkei 225 Historical Data.csv,True
NIKKEI225,2000-01-05,1d,18542.55,18542.55,18542.55,18542.55,,-2.42,0.0,Nikkei 225 Historical Data.csv,True
NIKKEI225,2000-01-06,1d,18168.27,18168.27,18168.27,18168.27,,-2.02,0.0,Nikkei 225 Historical Data.csv,True
NIKKEI225,2000-01-07,1d,18193.41,18193.41,18193.41,18193.41,,0.14,0.0,Nikkei 225 Historical Data.csv,True
NIKKEI225,2000-01-11,1d,18850.92,18850.92,18850.92,18850.92,,3.61,0.0,Nikkei 225 Historical Data.csv,True
NIKKEI225,2000-01-12,1d,18677.42,18677.42,18677.42,18677.42,,-0.92,0.0,Nikkei 225 Historical Data.csv,True
NIKKEI225,2000-01-13,1d,18833.29,18833.29,18833.29,18833.29,,0.83,0.0,Nikkei 225 Historical Data.csv,True
NIKKEI225,2000-01-14,1d,18956.55,18956.55,18956.55,18956.55,,0.65,0.0,Nikkei 225 Historical Data.csv,True
NIKKEI225,2000-01-17,1d,19437.23,19437.23,19437.23,19437.23,,2.54,0.0,Nikkei 225 Historical Data.csv,True
NIKKEI225,2000-01-18,1d,19196.57,19196.57,19196.57,19196.57,,-1.24,0.0,Nikkei 225 Historical Data.csv,True
NIKKEI225,2000-01-19,1d,18897.75,18897.75,18897.75,18897.75,,-1.56,0.0,Nikkei 225 Historical Data.csv,True
NIKKEI225,2000-01-20,1d,19008.01,19008.01,19008.01,19008.01,,0.58,0.0,Nikkei 225 Historical Data.csv,True
NIKKEI225,2000-01-21,1d,18878.09,18878.09,18878.09,18878.09,,-0.68,0.0,Nikkei 225 Historical Data.csv,True
NIKKEI225,2000-01-24,1d,19056.71,19056.71,19056.71,19056.71,,0.95,0.0,Nikkei 225 Historical Data.csv,True
NIKKEI225,2000-01-25,1d,18895.53,18895.53,18895.53,18895.53,,-0.85,0.0,Nikkei 225 Historical Data.csv,True
NIKKEI225,2000-01-26,1d,19111.19,19111.19,19111.19,19111.19,,1.14,0.0,Nikkei 225 Historical Data.csv,True
NIKKEI225,2000-01-27,1d,19209.72,19209.72,19209.72,19209.72,,0.52,0.0,Nikkei 225 Historical Data.csv,True
NIKKEI225,2000-01-28,1d,19434.78,19434.78,19434.78,19434.78,,1.17,0.0,Nikkei 225 Historical Data.csv,True
NIKKEI225,2000-01-31,1d,19539.7,19539.7,19539.7,19539.7,,0.54,0.0,Nikkei 225 Historical Data.csv,True
NIKKEI225,2000-02-01,1d,19423.38,19423.38,19423.38,19423.38,,-0.6,0.0,Nikkei 225 Historical Data.csv,True
NIKKEI225,2000-02-02,1d,19578.91,19578.91,19578.91,19578.91,,0.8,0.0,Nikkei 225 Historical Data.csv,True
NIKKEI225,2000-02-03,1d,19786.42,19786.42,19786.42,19786.42,,1.06,0.0,Nikkei 225 Historical Data.csv,True
NIKKEI225,2000-02-04,1d,19763.13,19763.13,19763.13,19763.13,,-0.12,0.0,Nikkei 225 Historical Data.csv,True
NIKKEI225,2000-02-07,1d,19945.43,19945.43,19945.43,19945.43,,0.92,0.0,Nikkei 225 Historical Data.csv,True
NIKKEI225,2000-02-08,1d,19868.88,19868.88,19868.88,19868.88,,-0.38,0.0,Nikkei 225 Historical Data.csv,True
NIKKEI225,2000-02-09,1d,20007.77,20007.77,20007.77,20007.77,,0.7,0.0,Nikkei 225 Historical Data.csv,True
NIKKEI225,2000-02-10,1d,19710.02,19710.02,19710.02,19710.02,,-1.49,0.0,Nikkei 225 Historical Data.csv,True
NIKKEI225,2000-02-14,1d,19556.46,19556.46,19556.46,19556.46,,-0.78,0.0,Nikkei 225 Historical Data.csv,True
NIKKEI225,2000-02-15,1d,19367.83,19367.83,19367.83,19367.83,,-0.96,0.0,Nikkei 225 Historical Data.csv,True
NIKKEI225,2000-02-16,1d,19599.18,19599.18,19599.18,19599.18,,1.19,0.0,Nikkei 225 Historical Data.csv,True
NIKKEI225,2000-02-17,1d,19791.4,19791.4,19791.4,19791.4,,0.98,0.0,Nikkei 225 Historical Data.csv,True
NIKKEI225,2000-02-18,1d,19789.03,19789.03,19789.03,19789.03,,-0.01,0.0,Nikkei 225 Historical Data.csv,True
NIKKEI225,2000-02-21,1d,19543.75,19543.75,19543.75,19543.75,,-1.24,0.0,Nikkei 225 Historical Data.csv,True
NIKKEI225,2000-02-22,1d,19390.58,19390.58,19390.58,19390.58,,-0.78,0.0,Nikkei 225 Historical Data.csv,True
NIKKEI225,2000-02-23,1d,19519.55,19519.55,19519.55,19519.55,,0.67,0.0,Nikkei 225 Historical Data.csv,True
NIKKEI225,2000-02-24,1d,19571.44,19571.44,19571.44,19571.44,,0.27,0.0,Nikkei 225 Historical Data.csv,True
NIKKEI225,2000-02-25,1d,19817.88,19817.88,19817.88,19817.88,,1.26,0.0,Nikkei 225 Historical Data.csv,True
NIKKEI225,2000-02-28,1d,19720.1,19720.1,19720.1,19720.1,,-0.49,0.0,Nikkei 225 Historical Data.csv,True
NIKKEI225,2000-02-29,1d,19959.52,19959.52,19959.52,19959.52,,1.21,0.0,Nikkei 225 Historical Data.csv,True
NIKKEI225,2000-03-01,1d,20081.67,20081.67,20081.67,20081.67,,0.61,0.0,Nikkei 225 Historical Data.csv,True
NIKKEI225,2000-03-02,1d,20065.11,20065.11,20065.11,20065.11,,-0.08,0.0,Nikkei 225 Historical Data.csv,True
NIKKEI225,2000-03-03,1d,19927.54,19927.54,19927.54,19927.54,,-0.69,0.0,Nikkei 225 Historical Data.csv,True
NIKKEI225,2000-03-06,1d,19796.35,19796.35,19796.35,19796.35,,-0.66,0.0,Nikkei 225 Historical Data.csv,True
NIKKEI225,2000-03-07,1d,19944.24,19944.24,19944.24,19944.24,,0.75,0.0,Nikkei 225 Historical Data.csv,True
NIKKEI225,2000-03-08,1d,19766.8,19766.8,19766.8,19766.8,,-0.89,0.0,Nikkei 225 Historical Data.csv,True
NIKKEI225,2000-03-09,1d,19662.33,19662.33,19662.33,19662.33,,-0.53,0.0,Nikkei 225 Historical Data.csv,True
NIKKEI225,2000-03-10,1d,19750.4,19750.4,19750.4,19750.4,,0.45,0.0,Nikkei 225 Historical Data.csv,True
NIKKEI225,2000-03-13,1d,19189.93,19189.93,19189.93,19189.93,,-2.84,0.0,Nikkei 225 Historical Data.csv,True
NIKKEI225,2000-03-14,1d,19141.84,19141.84,19141.84,19141.84,,-0.25,0.0,Nikkei 225 Historical Data.csv,True
NIKKEI225,2000-03-15,1d,19078.6,19078.6,19078.6,19078.6,,-0.33,0.0,Nikkei 225 Historical Data.csv,True
NIKKEI225,2000-03-16,1d,19253.23,19253.23,19253.23,19253.23,,0.92,0.0,Nikkei 225 Historical Data.csv,True
NIKKEI225,2000-03-17,1d,19566.32,19566.32,19566.32,19566.32,,1.63,0.0,Nikkei 225 Historical Data.csv,True
NIKKEI225,2000-03-21,1d,19602.36,19602.36,19602.36,19602.36,,0.18,0.0,Nikkei 225 Historical Data.csv,True
NIKKEI225,2000-03-22,1d,19733.59,19733.59,19733.59,19733.59,,0.67,0.0,Nikkei 225 Historical Data.csv,True
NIKKEI225,2000-03-23,1d,19704.6,19704.6,19704.6,19704.6,,-0.15,0.0,Nikkei 225 Historical Data.csv,True
NIKKEI225,2000-03-24,1d,19958.08,19958.08,19958.08,19958.08,,1.29,0.0,Nikkei 225 Historical Data.csv,True
NIKKEI225,2000-03-27,1d,20281.03,20281.03,20281.03,20281.03,,1.62,0.0,Nikkei 225 Historical Data.csv,True
NIKKEI225,2000-03-28,1d,20374.34,20374.34,20374.34,20374.34,,0.46,0.0,Nikkei 225 Historical Data.csv,True
NIKKEI225,2000-03-29,1d,20706.65,20706.65,20706.65,20706.65,,1.63,0.0,Nikkei 225 Historical Data.csv,True
NIKKEI225,2000-03-30,1d,20441.5,20441.5,20441.5,20441.5,,-1.28,0.0,Nikkei 225 Historical Data.csv,True
NIKKEI225,2000-03-31,1d,20337.32,20337.32,20337.32,20337.32,,-0.51,0.0,Nikkei 225 Historical Data.csv,True
NIKKEI225,2000-04-03,1d,20726.99,20726.99,20726.99,20726.99,,1.92,0.0,Nikkei 225 Historical Data.csv,True
NIKKEI225,2000-04-04,1d,20594.93,20594.93,20594.93,20594.93,,-0.64,0.0,Nikkei 225 Historical Data.csv,True
NIKKEI225,2000-04-05,1d,20462.77,20462.77,20462.77,20462.77,,-0.64,0.0,Nikkei 225 Historical Data.csv,True
NIKKEI225,2000-04-06,1d,20223.61,20223.61,20223.61,20223.61,,-1.17,0.0,Nikkei 225 Historical Data.csv,True
NIKKEI225,2000-04-07,1d,20252.81,20252.81,20252.81,20252.81,,0.14,0.0,Nikkei 225 Historical Data.csv,True
NIKKEI225,2000-04-10,1d,20619.06,20619.06,20619.06,20619.06,,1.81,0.0,Nikkei 225 Historical Data.csv,True
NIKKEI225,2000-04-11,1d,20522.52,20522.52,20522.52,20522.52,,-0.47,0.0,Nikkei 225 Historical Data.csv,True
NIKKEI225,2000-04-12,1d,20833.21,20833.21,20833.21,20833.21,,1.51,0.0,Nikkei 225 Historical Data.csv,True
NIKKEI225,2000-04-13,1d,20526.42,20526.42,20526.42,20526.42,,-1.47,0.0,Nikkei 225 Historical Data.csv,True
NIKKEI225,2000-04-14,1d,20434.68,20434.68,20434.68,20434.68,,-0.45,0.0,Nikkei 225 Historical Data.csv,True
NIKKEI225,2000-04-17,1d,19008.64,19008.64,19008.64,19008.64,,-6.98,0.0,Nikkei 225 Historical Data.csv,True
NIKKEI225,2000-04-18,1d,18969.52,18969.52,18969.52,18969.52,,-0.21,0.0,Nikkei 225 Historical Data.csv,True
NIKKEI225,2000-04-19,1d,19086.62,19086.62,19086.62,19086.62,,0.62,0.0,Nikkei 225 Historical Data.csv,True
NIKKEI225,2000-04-20,1d,18959.32,18959.32,18959.32,18959.32,,-0.67,0.0,Nikkei 225 Historical Data.csv,True
NIKKEI225,2000-04-21,1d,18252.68,18252.68,18252.68,18252.68,,-3.73,0.0,Nikkei 225 Historical Data.csv,True
NIKKEI225,2000-04-24,1d,18480.15,18480.15,18480.15,18480.15,,1.25,0.0,Nikkei 225 Historical Data.csv,True
NIKKEI225,2000-04-25,1d,18272.33,18272.33,18272.33,18272.33,,-1.12,0.0,Nikkei 225 Historical Data.csv,True
NIKKEI225,2000-04-26,1d,18134.31,18134.31,18134.31,18134.31,,-0.76,0.0,Nikkei 225 Historical Data.csv,True
NIKKEI225,2000-04-27,1d,18019.17,18019.17,18019.17,18019.17,,-0.63,0.0,Nikkei 225 Historical Data.csv,True
NIKKEI225,2000-04-28,1d,17973.7,17973.7,17973.7,17973.7,,-0.25,0.0,Nikkei 225 Historical Data.csv,True
NIKKEI225,2000-05-01,1d,18403.08,18403.08,18403.08,18403.08,,2.39,0.0,Nikkei 225 Historical Data.csv,True
NIKKEI225,2000-05-02,1d,18439.36,18439.36,18439.36,18439.36,,0.2,0.0,Nikkei 225 Historical Data.csv,True
NIKKEI225,2000-05-08,1d,18199.96,18199.96,18199.96,18199.96,,-1.3,0.0,Nikkei 225 Historical Data.csv,True
NIKKEI225,2000-05-09,1d,17844.54,17844.54,17844.54,17844.54,,-1.95,0.0,Nikkei 225 Historical Data.csv,True
NIKKEI225,2000-05-10,1d,17701.47,17701.47,17701.47,17701.47,,-0.8,0.0,Nikkei 225 Historical Data.csv,True
NIKKEI225,2000-05-11,1d,16882.46,16882.46,16882.46,16882.46,,-4.63,0.0,Nikkei 225 Historical Data.csv,True
NIKKEI225,2000-05-12,1d,17357.86,17357.86,17357.86,17357.86,,2.82,0.0,Nikkei 225 Historical Data.csv,True
NIKKEI225,2000-05-15,1d,17313.69,17313.69,17313.69,17313.69,,-0.25,0.0,Nikkei 225 Historical Data.csv,True
NIKKEI225,2000-05-16,1d,17551.25,17551.25,17551.25,17551.25,,1.37,0.0,Nikkei 225 Historical Data.csv,True
NIKKEI225,2000-05-17,1d,17404.03,17404.03,17404.03,17404.03,,-0.84,0.0,Nikkei 225 Historical Data.csv,True
NIKKEI225,2000-05-18,1d,17031.63,17031.63,17031.63,17031.63,,-2.14,0.0,Nikkei 225 Historical Data.csv,True
NIKKEI225,2000-05-19,1d,16858.17,16858.17,16858.17,16858.17,,-1.02,0.0,Nikkei 225 Historical Data.csv,True
NIKKEI225,2000-05-22,1d,16386.01,16386.01,16386.01,16386.01,,-2.8,0.0,Nikkei 225 Historical Data.csv,True
NIKKEI225,2000-05-23,1d,16318.73,16318.73,16318.73,16318.73,,-0.41,0.0,Nikkei 225 Historical Data.csv,True
NIKKEI225,2000-05-24,1d,16044.44,16044.44,16044.44,16044.44,,-1.68,0.0,Nikkei 225 Historical Data.csv,True
NIKKEI225,2000-05-25,1d,16247.82,16247.82,16247.82,16247.82,,1.27,0.0,Nikkei 225 Historical Data.csv,True
NIKKEI225,2000-05-26,1d,16008.14,16008.14,16008.14,16008.14,,-1.48,0.0,Nikkei 225 Historical Data.csv,True
NIKKEI225,2000-05-29,1d,16245.44,16245.44,16245.44,16245.44,,1.48,0.0,Nikkei 225 Historical Data.csv,True
NIKKEI225,2000-05-30,1d,16228.9,16228.9,16228.9,16228.9,,-0.1,0.0,Nikkei 225 Historical Data.csv,True
NIKKEI225,2000-05-31,1d,16332.45,16332.45,16332.45,16332.45,,0.64,0.0,Nikkei 225 Historical Data.csv,True
NIKKEI225,2000-06-01,1d,16694.3,16694.3,16694.3,16694.3,,2.22,0.0,Nikkei 225 Historical Data.csv,True
NIKKEI225,2000-06-02,1d,16800.06,16800.06,16800.06,16800.06,,0.63,0.0,Nikkei 225 Historical Data.csv,True
NIKKEI225,2000-06-05,1d,17201.79,17201.79,17201.79,17201.79,,2.39,0.0,Nikkei 225 Historical Data.csv,True
NIKKEI225,2000-06-06,1d,17170.08,17170.08,17170.08,17170.08,,-0.18,0.0,Nikkei 225 Historical Data.csv,True
NIKKEI225,2000-06-07,1d,17144.96,17144.96,17144.96,17144.96,,-0.15,0.0,Nikkei 225 Historical Data.csv,True
NIKKEI225,2000-06-08,1d,17004.34,17004.34,17004.34,17004.34,,-0.82,0.0,Nikkei 225 Historical Data.csv,True
NIKKEI225,2000-06-09,1d,16861.91,16861.91,16861.91,16861.91,,-0.84,0.0,Nikkei 225 Historical Data.csv,True
NIKKEI225,2000-06-12,1d,16980.61,16980.61,16980.61,16980.61,,0.7,0.0,Nikkei 225 Historical Data.csv,True
NIKKEI225,2000-06-13,1d,16914.95,16914.95,16914.95,16914.95,,-0.39,0.0,Nikkei 225 Historical Data.csv,True
NIKKEI225,2000-06-14,1d,16654.42,16654.42,16654.42,16654.42,,-1.54,0.0,Nikkei 225 Historical Data.csv,True
NIKKEI225,2000-06-15,1d,16338.7,16338.7,16338.7,16338.7,,-1.9,0.0,Nikkei 225 Historical Data.csv,True
NIKKEI225,2000-06-16,1d,16318.31,16318.31,16318.31,16318.31,,-0.12,0.0,Nikkei 225 Historical Data.csv,True
NIKKEI225,2000-06-19,1d,16591.35,16591.35,16591.35,16591.35,,1.67,0.0,Nikkei 225 Historical Data.csv,True
NIKKEI225,2000-06-20,1d,16907.55,16907.55,16907.55,16907.55,,1.91,0.0,Nikkei 225 Historical Data.csv,True
NIKKEI225,2000-06-21,1d,17210.08,17210.08,17210.08,17210.08,,1.79,0.0,Nikkei 225 Historical Data.csv,True
NIKKEI225,2000-06-22,1d,17106.01,17106.01,17106.01,17106.01,,-0.6,0.0,Nikkei 225 Historical Data.csv,True
NIKKEI225,2000-06-23,1d,16963.21,16963.21,16963.21,16963.21,,-0.83,0.0,Nikkei 225 Historical Data.csv,True
NIKKEI225,2000-06-26,1d,16925.4,16925.4,16925.4,16925.4,,-0.22,0.0,Nikkei 225 Historical Data.csv,True
NIKKEI225,2000-06-27,1d,17279.06,17279.06,17279.06,17279.06,,2.09,0.0,Nikkei 225 Historical Data.csv,True
NIKKEI225,2000-06-28,1d,17370.17,17370.17,17370.17,17370.17,,0.53,0.0,Nikkei 225 Historical Data.csv,True
NIKKEI225,2000-06-29,1d,17475.9,17475.9,17475.9,17475.9,,0.61,0.0,Nikkei 225 Historical Data.csv,True
NIKKEI225,2000-06-30,1d,17411.05,17411.05,17411.05,17411.05,,-0.37,0.0,Nikkei 225 Historical Data.csv,True
NIKKEI225,2000-07-03,1d,17614.66,17614.66,17614.66,17614.66,,1.17,0.0,Nikkei 225 Historical Data.csv,True
NIKKEI225,2000-07-04,1d,17470.15,17470.15,17470.15,17470.15,,-0.82,0.0,Nikkei 225 Historical Data.csv,True
NIKKEI225,2000-07-05,1d,17435.95,17435.95,17435.95,17435.95,,-0.2,0.0,Nikkei 225 Historical Data.csv,True
NIKKEI225,2000-07-06,1d,17282.37,17282.37,17282.37,17282.37,,-0.88,0.0,Nikkei 225 Historical Data.csv,True
NIKKEI225,2000-07-07,1d,17398.24,17398.24,17398.24,17398.24,,0.67,0.0,Nikkei 225 Historical Data.csv,True
NIKKEI225,2000-07-10,1d,17572.68,17572.68,17572.68,17572.68,,1.0,0.0,Nikkei 225 Historical Data.csv,True
NIKKEI225,2000-07-11,1d,17504.36,17504.36,17504.36,17504.36,,-0.39,0.0,Nikkei 225 Historical Data.csv,True
NIKKEI225,2000-07-12,1d,17342.13,17342.13,17342.13,17342.13,,-0.93,0.0,Nikkei 225 Historical Data.csv,True
NIKKEI225,2000-07-13,1d,17036.9,17036.9,17036.9,17036.9,,-1.76,0.0,Nikkei 225 Historical Data.csv,True
NIKKEI225,2000-07-14,1d,17142.9,17142.9,17142.9,17142.9,,0.62,0.0,Nikkei 225 Historical Data.csv,True
NIKKEI225,2000-07-17,1d,17286.83,17286.83,17286.83,17286.83,,0.84,0.0,Nikkei 225 Historical Data.csv,True
NIKKEI225,2000-07-18,1d,16945.07,16945.07,16945.07,16945.07,,-1.98,0.0,Nikkei 225 Historical Data.csv,True
NIKKEI225,2000-07-19,1d,16983.57,16983.57,16983.57,16983.57,,0.23,0.0,Nikkei 225 Historical Data.csv,True
NIKKEI225,2000-07-21,1d,16811.49,16811.49,16811.49,16811.49,,-1.01,0.0,Nikkei 225 Historical Data.csv,True
NIKKEI225,2000-07-24,1d,16547.12,16547.12,16547.12,16547.12,,-1.57,0.0,Nikkei 225 Historical Data.csv,True
NIKKEI225,2000-07-25,1d,16573.59,16573.59,16573.59,16573.59,,0.16,0.0,Nikkei 225 Historical Data.csv,True
NIKKEI225,2000-07-26,1d,16502.61,16502.61,16502.61,16502.61,,-0.43,0.0,Nikkei 225 Historical Data.csv,True
NIKKEI225,2000-07-27,1d,16182.01,16182.01,16182.01,16182.01,,-1.94,0.0,Nikkei 225 Historical Data.csv,True
NIKKEI225,2000-07-28,1d,15838.57,15838.57,15838.57,15838.57,,-2.12,0.0,Nikkei 225 Historical Data.csv,True
NIKKEI225,2000-07-31,1d,15727.49,15727.49,15727.49,15727.49,,-0.7,0.0,Nikkei 225 Historical Data.csv,True
NIKKEI225,2000-08-01,1d,16099.67,16099.67,16099.67,16099.67,,2.37,0.0,Nikkei 225 Historical Data.csv,True
NIKKEI225,2000-08-02,1d,16206.19,16206.19,16206.19,16206.19,,0.66,0.0,Nikkei 225 Historical Data.csv,True
NIKKEI225,2000-08-03,1d,15814.44,15814.44,15814.44,15814.44,,-2.42,0.0,Nikkei 225 Historical Data.csv,True
NIKKEI225,2000-08-04,1d,15667.36,15667.36,15667.36,15667.36,,-0.93,0.0,Nikkei 225 Historical Data.csv,True
NIKKEI225,2000-08-07,1d,16002.71,16002.71,16002.71,16002.71,,2.14,0.0,Nikkei 225 Historical Data.csv,True
NIKKEI225,2000-08-08,1d,15820.11,15820.11,15820.11,15820.11,,-1.14,0.0,Nikkei 225 Historical Data.csv,True
NIKKEI225,2000-08-09,1d,16034.6,16034.6,16034.6,16034.6,,1.36,0.0,Nikkei 225 Historical Data.csv,True
NIKKEI225,2000-08-10,1d,15975.65,15975.65,15975.65,15975.65,,-0.37,0.0,Nikkei 225 Historical Data.csv,True
NIKKEI225,2000-08-11,1d,16117.5,16117.5,16117.5,16117.5,,0.89,0.0,Nikkei 225 Historical Data.csv,True
NIKKEI225,2000-08-14,1d,16153.91,16153.91,16153.91,16153.91,,0.23,0.0,Nikkei 225 Historical Data.csv,True
NIKKEI225,2000-08-15,1d,16298.29,16298.29,16298.29,16298.29,,0.89,0.0,Nikkei 225 Historical Data.csv,True
NIKKEI225,2000-08-16,1d,16356.03,16356.03,16356.03,16356.03,,0.35,0.0,Nikkei 225 Historical Data.csv,True
NIKKEI225,2000-08-17,1d,16161.03,16161.03,16161.03,16161.03,,-1.19,0.0,Nikkei 225 Historical Data.csv,True
NIKKEI225,2000-08-18,1d,16280.49,16280.49,16280.49,16280.49,,0.74,0.0,Nikkei 225 Historical Data.csv,True
NIKKEI225,2000-08-21,1d,16040.18,16040.18,16040.18,16040.18,,-1.48,0.0,Nikkei 225 Historical Data.csv,True
NIKKEI225,2000-08-22,1d,16454.74,16454.74,16454.74,16454.74,,2.58,0.0,Nikkei 225 Historical Data.csv,True
NIKKEI225,2000-08-23,1d,16436.65,16436.65,16436.65,16436.65,,-0.11,0.0,Nikkei 225 Historical Data.csv,True
NIKKEI225,2000-08-24,1d,16670.82,16670.82,16670.82,16670.82,,1.42,0.0,Nikkei 225 Historical Data.csv,True
NIKKEI225,2000-08-25,1d,16911.33,16911.33,16911.33,16911.33,,1.44,0.0,Nikkei 225 Historical Data.csv,True
NIKKEI225,2000-08-28,1d,17181.12,17181.12,17181.12,17181.12,,1.6,0.0,Nikkei 225 Historical Data.csv,True
NIKKEI225,2000-08-29,1d,17141.75,17141.75,17141.75,17141.75,,-0.23,0.0,Nikkei 225 Historical Data.csv,True
NIKKEI225,2000-08-30,1d,16901.67,16901.67,16901.67,16901.67,,-1.4,0.0,Nikkei 225 Historical Data.csv,True
NIKKEI225,2000-08-31,1d,16861.26,16861.26,16861.26,16861.26,,-0.24,0.0,Nikkei 225 Historical Data.csv,True
NIKKEI225,2000-09-01,1d,16739.78,16739.78,16739.78,16739.78,,-0.72,0.0,Nikkei 225 Historical Data.csv,True
NIKKEI225,2000-09-04,1d,16688.21,16688.21,16688.21,16688.21,,-0.31,0.0,Nikkei 225 Historical Data.csv,True
NIKKEI225,2000-09-05,1d,16452.27,16452.27,16452.27,16452.27,,-1.41,0.0,Nikkei 225 Historical Data.csv,True
NIKKEI225,2000-09-06,1d,16399.87,16399.87,16399.87,16399.87,,-0.32,0.0,Nikkei 225 Historical Data.csv,True
NIKKEI225,2000-09-07,1d,16300.46,16300.46,16300.46,16300.46,,-0.61,0.0,Nikkei 225 Historical Data.csv,True
NIKKEI225,2000-09-08,1d,16501.55,16501.55,16501.55,16501.55,,1.23,0.0,Nikkei 225 Historical Data.csv,True
NIKKEI225,2000-09-11,1d,16130.9,16130.9,16130.9,16130.9,,-2.25,0.0,Nikkei 225 Historical Data.csv,True
NIKKEI225,2000-09-12,1d,16040.23,16040.23,16040.23,16040.23,,-0.56,0.0,Nikkei 225 Historical Data.csv,True
NIKKEI225,2000-09-13,1d,16190.52,16190.52,16190.52,16190.52,,0.94,0.0,Nikkei 225 Historical Data.csv,True
NIKKEI225,2000-09-14,1d,16213.28,16213.28,16213.28,16213.28,,0.14,0.0,Nikkei 225 Historical Data.csv,True
NIKKEI225,2000-09-18,1d,16061.16,16061.16,16061.16,16061.16,,-0.94,0.0,Nikkei 225 Historical Data.csv,True
NIKKEI225,2000-09-19,1d,16124.19,16124.19,16124.19,16124.19,,0.39,0.0,Nikkei 225 Historical Data.csv,True
NIKKEI225,2000-09-20,1d,16458.31,16458.31,16458.31,16458.31,,2.07,0.0,Nikkei 225 Historical Data.csv,True
NIKKEI225,2000-09-21,1d,16311.05,16311.05,16311.05,16311.05,,-0.89,0.0,Nikkei 225 Historical Data.csv,True
NIKKEI225,2000-09-22,1d,15818.25,15818.25,15818.25,15818.25,,-3.02,0.0,Nikkei 225 Historical Data.csv,True
NIKKEI225,2000-09-25,1d,15992.9,15992.9,15992.9,15992.9,,1.1,0.0,Nikkei 225 Historical Data.csv,True
NIKKEI225,2000-09-26,1d,15928.62,15928.62,15928.62,15928.62,,-0.4,0.0,Nikkei 225 Historical Data.csv,True
NIKKEI225,2000-09-27,1d,15639.95,15639.95,15639.95,15639.95,,-1.81,0.0,Nikkei 225 Historical Data.csv,True
NIKKEI225,2000-09-28,1d,15626.96,15626.96,15626.96,15626.96,,-0.08,0.0,Nikkei 225 Historical Data.csv,True
NIKKEI225,2000-09-29,1d,15747.26,15747.26,15747.26,15747.26,,0.77,0.0,Nikkei 225 Historical Data.csv,True
NIKKEI225,2000-10-02,1d,15902.51,15902.51,15902.51,15902.51,,0.99,0.0,Nikkei 225 Historical Data.csv,True
NIKKEI225,2000-10-03,1d,15912.09,15912.09,15912.09,15912.09,,0.06,0.0,Nikkei 225 Historical Data.csv,True
NIKKEI225,2000-10-04,1d,16149.08,16149.08,16149.08,16149.08,,1.49,0.0,Nikkei 225 Historical Data.csv,True
NIKKEI225,2000-10-05,1d,16099.26,16099.26,16099.26,16099.26,,-0.31,0.0,Nikkei 225 Historical Data.csv,True
NIKKEI225,2000-10-06,1d,15994.24,15994.24,15994.24,15994.24,,-0.65,0.0,Nikkei 225 Historical Data.csv,True
NIKKEI225,2000-10-10,1d,15827.72,15827.72,15827.72,15827.72,,-1.04,0.0,Nikkei 225 Historical Data.csv,True
NIKKEI225,2000-10-11,1d,15513.57,15513.57,15513.57,15513.57,,-1.98,0.0,Nikkei 225 Historical Data.csv,True
NIKKEI225,2000-10-12,1d,15550.64,15550.64,15550.64,15550.64,,0.24,0.0,Nikkei 225 Historical Data.csv,True
NIKKEI225,2000-10-13,1d,15330.31,15330.31,15330.31,15330.31,,-1.42,0.0,Nikkei 225 Historical Data.csv,True
NIKKEI225,2000-10-16,1d,15512.32,15512.32,15512.32,15512.32,,1.19,0.0,Nikkei 225 Historical Data.csv,True
NIKKEI225,2000-10-17,1d,15340.22,15340.22,15340.22,15340.22,,-1.11,0.0,Nikkei 225 Historical Data.csv,True
NIKKEI225,2000-10-18,1d,14872.48,14872.48,14872.48,14872.48,,-3.05,0.0,Nikkei 225 Historical Data.csv,True
NIKKEI225,2000-10-19,1d,14811.08,14811.08,14811.08,14811.08,,-0.41,0.0,Nikkei 225 Historical Data.csv,True
NIKKEI225,2000-10-20,1d,15198.73,15198.73,15198.73,15198.73,,2.62,0.0,Nikkei 225 Historical Data.csv,True
NIKKEI225,2000-10-23,1d,15097.96,15097.96,15097.96,15097.96,,-0.66,0.0,Nikkei 225 Historical Data.csv,True
NIKKEI225,2000-10-24,1d,15148.19,15148.19,15148.19,15148.19,,0.33,0.0,Nikkei 225 Historical Data.csv,True
NIKKEI225,2000-10-25,1d,14840.47,14840.47,14840.47,14840.47,,-2.03,0.0,Nikkei 225 Historical Data.csv,True
NIKKEI225,2000-10-26,1d,14858.43,14858.43,14858.43,14858.43,,0.12,0.0,Nikkei 225 Historical Data.csv,True
NIKKEI225,2000-10-27,1d,14582.2,14582.2,14582.2,14582.2,,-1.86,0.0,Nikkei 225 Historical Data.csv,True
NIKKEI225,2000-10-30,1d,14464.56,14464.56,14464.56,14464.56,,-0.81,0.0,Nikkei 225 Historical Data.csv,True
NIKKEI225,2000-10-31,1d,14539.6,14539.6,14539.6,14539.6,,0.52,0.0,Nikkei 225 Historical Data.csv,True
NIKKEI225,2000-11-01,1d,14872.39,14872.39,14872.39,14872.39,,2.29,0.0,Nikkei 225 Historical Data.csv,True
NIKKEI225,2000-11-02,1d,14837.78,14837.78,14837.78,14837.78,,-0.23,0.0,Nikkei 225 Historical Data.csv,True
NIKKEI225,2000-11-06,1d,15371.44,15371.44,15371.44,15371.44,,3.6,0.0,Nikkei 225 Historical Data.csv,True
NIKKEI225,2000-11-07,1d,15340.33,15340.33,15340.33,15340.33,,-0.2,0.0,Nikkei 225 Historical Data.csv,True
NIKKEI225,2000-11-08,1d,15399.64,15399.64,15399.64,15399.64,,0.39,0.0,Nikkei 225 Historical Data.csv,True
NIKKEI225,2000-11-09,1d,15060.05,15060.05,15060.05,15060.05,,-2.21,0.0,Nikkei 225 Historical Data.csv,True
NIKKEI225,2000-11-10,1d,14988.54,14988.54,14988.54,14988.54,,-0.47,0.0,Nikkei 225 Historical Data.csv,True
NIKKEI225,2000-11-13,1d,14664.64,14664.64,14664.64,14664.64,,-2.16,0.0,Nikkei 225 Historical Data.csv,True
NIKKEI225,2000-11-14,1d,14660.04,14660.04,14660.04,14660.04,,-0.03,0.0,Nikkei 225 Historical Data.csv,True
NIKKEI225,2000-11-15,1d,14799.14,14799.14,14799.14,14799.14,,0.95,0.0,Nikkei 225 Historical Data.csv,True
NIKKEI225,2000-11-16,1d,14587.03,14587.03,14587.03,14587.03,,-1.43,0.0,Nikkei 225 Historical Data.csv,True
NIKKEI225,2000-11-17,1d,14544.3,14544.3,14544.3,14544.3,,-0.29,0.0,Nikkei 225 Historical Data.csv,True
NIKKEI225,2000-11-20,1d,14531.65,14531.65,14531.65,14531.65,,-0.09,0.0,Nikkei 225 Historical Data.csv,True
NIKKEI225,2000-11-21,1d,14408.46,14408.46,14408.46,14408.46,,-0.85,0.0,Nikkei 225 Historical Data.csv,True
NIKKEI225,2000-11-22,1d,14301.31,14301.31,14301.31,14301.31,,-0.74,0.0,Nikkei 225 Historical Data.csv,True
NIKKEI225,2000-11-24,1d,14315.35,14315.35,14315.35,14315.35,,0.1,0.0,Nikkei 225 Historical Data.csv,True
NIKKEI225,2000-11-27,1d,14720.39,14720.39,14720.39,14720.39,,2.83,0.0,Nikkei 225 Historical Data.csv,True
NIKKEI225,2000-11-28,1d,14658.87,14658.87,14658.87,14658.87,,-0.42,0.0,Nikkei 225 Historical Data.csv,True
NIKKEI225,2000-11-29,1d,14507.64,14507.64,14507.64,14507.64,,-1.03,0.0,Nikkei 225 Historical Data.csv,True
NIKKEI225,2000-11-30,1d,14648.51,14648.51,14648.51,14648.51,,0.97,0.0,Nikkei 225 Historical Data.csv,True
NIKKEI225,2000-12-01,1d,14835.33,14835.33,14835.33,14835.33,,1.28,0.0,Nikkei 225 Historical Data.csv,True
NIKKEI225,2000-12-04,1d,14954.73,14954.73,14954.73,14954.73,,0.8,0.0,Nikkei 225 Historical Data.csv,True
NIKKEI225,2000-12-05,1d,14695.05,14695.05,14695.05,14695.05,,-1.74,0.0,Nikkei 225 Historical Data.csv,True
NIKKEI225,2000-12-06,1d,14889.37,14889.37,14889.37,14889.37,,1.32,0.0,Nikkei 225 Historical Data.csv,True
NIKKEI225,2000-12-07,1d,14720.36,14720.36,14720.36,14720.36,,-1.14,0.0,Nikkei 225 Historical Data.csv,True
NIKKEI225,2000-12-08,1d,14696.51,14696.51,14696.51,14696.51,,-0.16,0.0,Nikkei 225 Historical Data.csv,True
NIKKEI225,2000-12-11,1d,15015.7,15015.7,15015.7,15015.7,,2.17,0.0,Nikkei 225 Historical Data.csv,True
NIKKEI225,2000-12-12,1d,15114.64,15114.64,15114.64,15114.64,,0.66,0.0,Nikkei 225 Historical Data.csv,True
NIKKEI225,2000-12-13,1d,15168.68,15168.68,15168.68,15168.68,,0.36,0.0,Nikkei 225 Historical Data.csv,True
NIKKEI225,2000-12-14,1d,14927.19,14927.19,14927.19,14927.19,,-1.59,0.0,Nikkei 225 Historical Data.csv,True
NIKKEI225,2000-12-15,1d,14552.29,14552.29,14552.29,14552.29,,-2.51,0.0,Nikkei 225 Historical Data.csv,True
NIKKEI225,2000-12-18,1d,14483.9,14483.9,14483.9,14483.9,,-0.47,0.0,Nikkei 225 Historical Data.csv,True
NIKKEI225,2000-12-19,1d,14132.37,14132.37,14132.37,14132.37,,-2.43,0.0,Nikkei 225 Historical Data.csv,True
NIKKEI225,2000-12-20,1d,13914.43,13914.43,13914.43,13914.43,,-1.54,0.0,Nikkei 225 Historical Data.csv,True
NIKKEI225,2000-12-21,1d,13423.21,13423.21,13423.21,13423.21,,-3.53,0.0,Nikkei 225 Historical Data.csv,True
NIKKEI225,2000-12-22,1d,13427.08,13427.08,13427.08,13427.08,,0.03,0.0,Nikkei 225 Historical Data.csv,True
NIKKEI225,2000-12-25,1d,13931.61,13931.61,13931.61,13931.61,,3.76,0.0,Nikkei 225 Historical Data.csv,True
NIKKEI225,2000-12-26,1d,14007.85,14007.85,14007.85,14007.85,,0.55,0.0,Nikkei 225 Historical Data.csv,True
NIKKEI225,2000-12-27,1d,13981.49,13981.49,13981.49,13981.49,,-0.19,0.0,Nikkei 225 Historical Data.csv,True
NIKKEI225,2000-12-28,1d,13946.96,13946.96,13946.96,13946.96,,-0.25,0.0,Nikkei 225 Historical Data.csv,True
NIKKEI225,2000-12-29,1d,13785.69,13785.69,13785.69,13785.69,,-1.16,0.0,Nikkei 225 Historical Data.csv,True
NIKKEI225,2001-01-04,1d,13691.49,13691.49,13691.49,13691.49,,-0.68,0.0,Nikkei 225 Historical Data.csv,True
NIKKEI225,2001-01-05,1d,13867.61,13867.61,13867.61,13867.61,,1.29,0.0,Nikkei 225 Historical Data.csv,True
NIKKEI225,2001-01-09,1d,13610.51,13610.51,13610.51,13610.51,,-1.85,0.0,Nikkei 225 Historical Data.csv,True
NIKKEI225,2001-01-10,1d,13432.65,13432.65,13432.65,13432.65,,-1.31,0.0,Nikkei 225 Historical Data.csv,True
NIKKEI225,2001-01-11,1d,13201.07,13201.07,13201.07,13201.07,,-1.72,0.0,Nikkei 225 Historical Data.csv,True
NIKKEI225,2001-01-12,1d,13347.74,13347.74,13347.74,13347.74,,1.11,0.0,Nikkei 225 Historical Data.csv,True
NIKKEI225,2001-01-15,1d,13506.23,13506.23,13506.23,13506.23,,1.19,0.0,Nikkei 225 Historical Data.csv,True
NIKKEI225,2001-01-16,1d,13584.45,13584.45,13584.45,13584.45,,0.58,0.0,Nikkei 225 Historical Data.csv,True
NIKKEI225,2001-01-17,1d,13667.63,13667.63,13667.63,13667.63,,0.61,0.0,Nikkei 225 Historical Data.csv,True
NIKKEI225,2001-01-18,1d,13873.92,13873.92,13873.92,13873.92,,1.51,0.0,Nikkei 225 Historical Data.csv,True
NIKKEI225,2001-01-19,1d,13989.12,13989.12,13989.12,13989.12,,0.83,0.0,Nikkei 225 Historical Data.csv,True
NIKKEI225,2001-01-22,1d,14032.42,14032.42,14032.42,14032.42,,0.31,0.0,Nikkei 225 Historical Data.csv,True
NIKKEI225,2001-01-23,1d,13984.66,13984.66,13984.66,13984.66,,-0.34,0.0,Nikkei 225 Historical Data.csv,True
NIKKEI225,2001-01-24,1d,13893.58,13893.58,13893.58,13893.58,,-0.65,0.0,Nikkei 225 Historical Data.csv,True
NIKKEI225,2001-01-25,1d,13803.38,13803.38,13803.38,13803.38,,-0.65,0.0,Nikkei 225 Historical Data.csv,True
NIKKEI225,2001-01-26,1d,13696.06,13696.06,13696.06,13696.06,,-0.78,0.0,Nikkei 225 Historical Data.csv,True
NIKKEI225,2001-01-29,1d,13845.28,13845.28,13845.28,13845.28,,1.09,0.0,Nikkei 225 Historical Data.csv,True
NIKKEI225,2001-01-30,1d,13826.65,13826.65,13826.65,13826.65,,-0.13,0.0,Nikkei 225 Historical Data.csv,True
NIKKEI225,2001-01-31,1d,13843.55,13843.55,13843.55,13843.55,,0.12,0.0,Nikkei 225 Historical Data.csv,True
NIKKEI225,2001-02-01,1d,13779.55,13779.55,13779.55,13779.55,,-0.46,0.0,Nikkei 225 Historical Data.csv,True
NIKKEI225,2001-02-02,1d,13703.63,13703.63,13703.63,13703.63,,-0.55,0.0,Nikkei 225 Historical Data.csv,True
NIKKEI225,2001-02-05,1d,13385.52,13385.52,13385.52,13385.52,,-2.32,0.0,Nikkei 225 Historical Data.csv,True
NIKKEI225,2001-02-06,1d,13269.85,13269.85,13269.85,13269.85,,-0.86,0.0,Nikkei 225 Historical Data.csv,True
NIKKEI225,2001-02-07,1d,13366.01,13366.01,13366.01,13366.01,,0.72,0.0,Nikkei 225 Historical Data.csv,True
NIKKEI225,2001-02-08,1d,13138.23,13138.23,13138.23,13138.23,,-1.7,0.0,Nikkei 225 Historical Data.csv,True
NIKKEI225,2001-02-09,1d,13422.83,13422.83,13422.83,13422.83,,2.17,0.0,Nikkei 225 Historical Data.csv,True
NIKKEI225,2001-02-13,1d,13274.7,13274.7,13274.7,13274.7,,-1.1,0.0,Nikkei 225 Historical Data.csv,True
NIKKEI225,2001-02-14,1d,13284.06,13284.06,13284.06,13284.06,,0.07,0.0,Nikkei 225 Historical Data.csv,True
NIKKEI225,2001-02-15,1d,13327.39,13327.39,13327.39,13327.39,,0.33,0.0,Nikkei 225 Historical Data.csv,True
NIKKEI225,2001-02-16,1d,13175.49,13175.49,13175.49,13175.49,,-1.14,0.0,Nikkei 225 Historical Data.csv,True
NIKKEI225,2001-02-19,1d,13119.59,13119.59,13119.59,13119.59,,-0.42,0.0,Nikkei 225 Historical Data.csv,True
NIKKEI225,2001-02-20,1d,13248.36,13248.36,13248.36,13248.36,,0.98,0.0,Nikkei 225 Historical Data.csv,True
NIKKEI225,2001-02-21,1d,13100.08,13100.08,13100.08,13100.08,,-1.12,0.0,Nikkei 225 Historical Data.csv,True
NIKKEI225,2001-02-22,1d,13073.36,13073.36,13073.36,13073.36,,-0.2,0.0,Nikkei 225 Historical Data.csv,True
NIKKEI225,2001-02-23,1d,13246.0,13246.0,13246.0,13246.0,,1.32,0.0,Nikkei 225 Historical Data.csv,True
NIKKEI225,2001-02-26,1d,13201.14,13201.14,13201.14,13201.14,,-0.34,0.0,Nikkei 225 Historical Data.csv,True
NIKKEI225,2001-02-27,1d,13059.86,13059.86,13059.86,13059.86,,-1.07,0.0,Nikkei 225 Historical Data.csv,True
NIKKEI225,2001-02-28,1d,12883.54,12883.54,12883.54,12883.54,,-1.35,0.0,Nikkei 225 Historical Data.csv,True
NIKKEI225,2001-03-01,1d,12681.66,12681.66,12681.66,12681.66,,-1.57,0.0,Nikkei 225 Historical Data.csv,True
NIKKEI225,2001-03-02,1d,12261.8,12261.8,12261.8,12261.8,,-3.31,0.0,Nikkei 225 Historical Data.csv,True
NIKKEI225,2001-03-05,1d,12322.16,12322.16,12322.16,12322.16,,0.49,0.0,Nikkei 225 Historical Data.csv,True
NIKKEI225,2001-03-06,1d,12687.74,12687.74,12687.74,12687.74,,2.97,0.0,Nikkei 225 Historical Data.csv,True
NIKKEI225,2001-03-07,1d,12723.89,12723.89,12723.89,12723.89,,0.28,0.0,Nikkei 225 Historical Data.csv,True
NIKKEI225,2001-03-08,1d,12650.56,12650.56,12650.56,12650.56,,-0.58,0.0,Nikkei 225 Historical Data.csv,True
NIKKEI225,2001-03-09,1d,12627.9,12627.9,12627.9,12627.9,,-0.18,0.0,Nikkei 225 Historical Data.csv,True
NIKKEI225,2001-03-12,1d,12171.37,12171.37,12171.37,12171.37,,-3.62,0.0,Nikkei 225 Historical Data.csv,True
NIKKEI225,2001-03-13,1d,11819.7,11819.7,11819.7,11819.7,,-2.89,0.0,Nikkei 225 Historical Data.csv,True
NIKKEI225,2001-03-14,1d,11843.59,11843.59,11843.59,11843.59,,0.2,0.0,Nikkei 225 Historical Data.csv,True
NIKKEI225,2001-03-15,1d,12152.83,12152.83,12152.83,12152.83,,2.61,0.0,Nikkei 225 Historical Data.csv,True
NIKKEI225,2001-03-16,1d,12232.98,12232.98,12232.98,12232.98,,0.66,0.0,Nikkei 225 Historical Data.csv,True
NIKKEI225,2001-03-19,1d,12190.97,12190.97,12190.97,12190.97,,-0.34,0.0,Nikkei 225 Historical Data.csv,True
NIKKEI225,2001-03-21,1d,13103.94,13103.94,13103.94,13103.94,,7.49,0.0,Nikkei 225 Historical Data.csv,True
NIKKEI225,2001-03-22,1d,12853.97,12853.97,12853.97,12853.97,,-1.91,0.0,Nikkei 225 Historical Data.csv,True
NIKKEI225,2001-03-23,1d,13214.54,13214.54,13214.54,13214.54,,2.81,0.0,Nikkei 225 Historical Data.csv,True
NIKKEI225,2001-03-26,1d,13862.31,13862.31,13862.31,13862.31,,4.9,0.0,Nikkei 225 Historical Data.csv,True
NIKKEI225,2001-03-27,1d,13638.33,13638.33,13638.33,13638.33,,-1.62,0.0,Nikkei 225 Historical Data.csv,True
NIKKEI225,2001-03-28,1d,13765.51,13765.51,13765.51,13765.51,,0.93,0.0,Nikkei 225 Historical Data.csv,True
NIKKEI225,2001-03-29,1d,13072.36,13072.36,13072.36,13072.36,,-5.04,0.0,Nikkei 225 Historical Data.csv,True
NIKKEI225,2001-03-30,1d,12999.7,12999.7,12999.7,12999.7,,-0.56,0.0,Nikkei 225 Historical Data.csv,True
NIKKEI225,2001-04-02,1d,12937.86,12937.86,12937.86,12937.86,,-0.48,0.0,Nikkei 225 Historical Data.csv,True
NIKKEI225,2001-04-03,1d,13124.47,13124.47,13124.47,13124.47,,1.44,0.0,Nikkei 225 Historical Data.csv,True
NIKKEI225,2001-04-04,1d,13242.78,13242.78,13242.78,13242.78,,0.9,0.0,Nikkei 225 Historical Data.csv,True
NIKKEI225,2001-04-05,1d,13381.38,13381.38,13381.38,13381.38,,1.05,0.0,Nikkei 225 Historical Data.csv,True
NIKKEI225,2001-04-06,1d,13383.76,13383.76,13383.76,13383.76,,0.02,0.0,Nikkei 225 Historical Data.csv,True
NIKKEI225,2001-04-09,1d,12841.76,12841.76,12841.76,12841.76,,-4.05,0.0,Nikkei 225 Historical Data.csv,True
NIKKEI225,2001-04-10,1d,12620.27,12620.27,12620.27,12620.27,,-1.72,0.0,Nikkei 225 Historical Data.csv,True
NIKKEI225,2001-04-11,1d,13174.93,13174.93,13174.93,13174.93,,4.39,0.0,Nikkei 225 Historical Data.csv,True
NIKKEI225,2001-04-12,1d,13352.44,13352.44,13352.44,13352.44,,1.35,0.0,Nikkei 225 Historical Data.csv,True
NIKKEI225,2001-04-13,1d,13385.72,13385.72,13385.72,13385.72,,0.25,0.0,Nikkei 225 Historical Data.csv,True
NIKKEI225,2001-04-16,1d,13254.89,13254.89,13254.89,13254.89,,-0.98,0.0,Nikkei 225 Historical Data.csv,True
NIKKEI225,2001-04-17,1d,13067.09,13067.09,13067.09,13067.09,,-1.42,0.0,Nikkei 225 Historical Data.csv,True
NIKKEI225,2001-04-18,1d,13641.79,13641.79,13641.79,13641.79,,4.4,0.0,Nikkei 225 Historical Data.csv,True
NIKKEI225,2001-04-19,1d,13868.28,13868.28,13868.28,13868.28,,1.66,0.0,Nikkei 225 Historical Data.csv,True
NIKKEI225,2001-04-20,1d,13765.67,13765.67,13765.67,13765.67,,-0.74,0.0,Nikkei 225 Historical Data.csv,True
NIKKEI225,2001-04-23,1d,13715.6,13715.6,13715.6,13715.6,,-0.36,0.0,Nikkei 225 Historical Data.csv,True
NIKKEI225,2001-04-24,1d,13743.18,13743.18,13743.18,13743.18,,0.2,0.0,Nikkei 225 Historical Data.csv,True
NIKKEI225,2001-04-25,1d,13827.5,13827.5,13827.5,13827.5,,0.61,0.0,Nikkei 225 Historical Data.csv,True
NIKKEI225,2001-04-26,1d,13973.03,13973.03,13973.03,13973.03,,1.05,0.0,Nikkei 225 Historical Data.csv,True
NIKKEI225,2001-04-27,1d,13934.32,13934.32,13934.32,13934.32,,-0.28,0.0,Nikkei 225 Historical Data.csv,True
NIKKEI225,2001-05-01,1d,14425.46,14425.46,14425.46,14425.46,,3.52,0.0,Nikkei 225 Historical Data.csv,True
NIKKEI225,2001-05-02,1d,14421.64,14421.64,14421.64,14421.64,,-0.03,0.0,Nikkei 225 Historical Data.csv,True
NIKKEI225,2001-05-07,1d,14529.41,14529.41,14529.41,14529.41,,0.75,0.0,Nikkei 225 Historical Data.csv,True
NIKKEI225,2001-05-08,1d,14289.05,14289.05,14289.05,14289.05,,-1.65,0.0,Nikkei 225 Historical Data.csv,True
NIKKEI225,2001-05-09,1d,14084.85,14084.85,14084.85,14084.85,,-1.43,0.0,Nikkei 225 Historical Data.csv,True
NIKKEI225,2001-05-10,1d,14017.79,14017.79,14017.79,14017.79,,-0.48,0.0,Nikkei 225 Historical Data.csv,True
NIKKEI225,2001-05-11,1d,14043.92,14043.92,14043.92,14043.92,,0.19,0.0,Nikkei 225 Historical Data.csv,True
NIKKEI225,2001-05-14,1d,13873.02,13873.02,13873.02,13873.02,,-1.22,0.0,Nikkei 225 Historical Data.csv,True
NIKKEI225,2001-05-15,1d,14054.03,14054.03,14054.03,14054.03,,1.3,0.0,Nikkei 225 Historical Data.csv,True
NIKKEI225,2001-05-16,1d,13694.27,13694.27,13694.27,13694.27,,-2.56,0.0,Nikkei 225 Historical Data.csv,True
NIKKEI225,2001-05-17,1d,13910.67,13910.67,13910.67,13910.67,,1.58,0.0,Nikkei 225 Historical Data.csv,True
NIKKEI225,2001-05-18,1d,13877.77,13877.77,13877.77,13877.77,,-0.24,0.0,Nikkei 225 Historical Data.csv,True
NIKKEI225,2001-05-21,1d,14176.83,14176.83,14176.83,14176.83,,2.15,0.0,Nikkei 225 Historical Data.csv,True
NIKKEI225,2001-05-22,1d,14091.19,14091.19,14091.19,14091.19,,-0.6,0.0,Nikkei 225 Historical Data.csv,True
NIKKEI225,2001-05-23,1d,14067.7,14067.7,14067.7,14067.7,,-0.17,0.0,Nikkei 225 Historical Data.csv,True
NIKKEI225,2001-05-24,1d,13895.79,13895.79,13895.79,13895.79,,-1.22,0.0,Nikkei 225 Historical Data.csv,True
NIKKEI225,2001-05-25,1d,13765.92,13765.92,13765.92,13765.92,,-0.93,0.0,Nikkei 225 Historical Data.csv,True
NIKKEI225,2001-05-28,1d,13737.77,13737.77,13737.77,13737.77,,-0.2,0.0,Nikkei 225 Historical Data.csv,True
NIKKEI225,2001-05-29,1d,13773.89,13773.89,13773.89,13773.89,,0.26,0.0,Nikkei 225 Historical Data.csv,True
NIKKEI225,2001-05-30,1d,13493.35,13493.35,13493.35,13493.35,,-2.04,0.0,Nikkei 225 Historical Data.csv,True
NIKKEI225,2001-05-31,1d,13262.14,13262.14,13262.14,13262.14,,-1.71,0.0,Nikkei 225 Historical Data.csv,True
NIKKEI225,2001-06-01,1d,13261.84,13261.84,13261.84,13261.84,,0.0,0.0,Nikkei 225 Historical Data.csv,True
NIKKEI225,2001-06-04,1d,13312.35,13312.35,13312.35,13312.35,,0.38,0.0,Nikkei 225 Historical Data.csv,True
NIKKEI225,2001-06-05,1d,13182.0,13182.0,13182.0,13182.0,,-0.98,0.0,Nikkei 225 Historical Data.csv,True
NIKKEI225,2001-06-06,1d,13174.84,13174.84,13174.84,13174.84,,-0.05,0.0,Nikkei 225 Historical Data.csv,True
NIKKEI225,2001-06-07,1d,13277.51,13277.51,13277.51,13277.51,,0.78,0.0,Nikkei 225 Historical Data.csv,True
NIKKEI225,2001-06-08,1d,13430.22,13430.22,13430.22,13430.22,,1.15,0.0,Nikkei 225 Historical Data.csv,True
NIKKEI225,2001-06-11,1d,13226.48,13226.48,13226.48,13226.48,,-1.52,0.0,Nikkei 225 Historical Data.csv,True
NIKKEI225,2001-06-12,1d,12840.1,12840.1,12840.1,12840.1,,-2.92,0.0,Nikkei 225 Historical Data.csv,True
NIKKEI225,2001-06-13,1d,12823.45,12823.45,12823.45,12823.45,,-0.13,0.0,Nikkei 225 Historical Data.csv,True
NIKKEI225,2001-06-14,1d,12846.66,12846.66,12846.66,12846.66,,0.18,0.0,Nikkei 225 Historical Data.csv,True
NIKKEI225,2001-06-15,1d,12790.38,12790.38,12790.38,12790.38,,-0.44,0.0,Nikkei 225 Historical Data.csv,True
NIKKEI225,2001-06-18,1d,12697.79,12697.79,12697.79,12697.79,,-0.72,0.0,Nikkei 225 Historical Data.csv,True
NIKKEI225,2001-06-19,1d,12574.26,12574.26,12574.26,12574.26,,-0.97,0.0,Nikkei 225 Historical Data.csv,True
NIKKEI225,2001-06-20,1d,12674.64,12674.64,12674.64,12674.64,,0.8,0.0,Nikkei 225 Historical Data.csv,True
NIKKEI225,2001-06-21,1d,12962.43,12962.43,12962.43,12962.43,,2.27,0.0,Nikkei 225 Historical Data.csv,True
NIKKEI225,2001-06-22,1d,13044.61,13044.61,13044.61,13044.61,,0.63,0.0,Nikkei 225 Historical Data.csv,True
NIKKEI225,2001-06-25,1d,12896.47,12896.47,12896.47,12896.47,,-1.14,0.0,Nikkei 225 Historical Data.csv,True
NIKKEI225,2001-06-26,1d,12978.82,12978.82,12978.82,12978.82,,0.64,0.0,Nikkei 225 Historical Data.csv,True
NIKKEI225,2001-06-27,1d,12828.98,12828.98,12828.98,12828.98,,-1.15,0.0,Nikkei 225 Historical Data.csv,True
NIKKEI225,2001-06-28,1d,12679.88,12679.88,12679.88,12679.88,,-1.16,0.0,Nikkei 225 Historical Data.csv,True
NIKKEI225,2001-06-29,1d,12969.05,12969.05,12969.05,12969.05,,2.28,0.0,Nikkei 225 Historical Data.csv,True
NIKKEI225,2001-07-02,1d,12751.18,12751.18,12751.18,12751.18,,-1.68,0.0,Nikkei 225 Historical Data.csv,True
NIKKEI225,2001-07-03,1d,12817.41,12817.41,12817.41,12817.41,,0.52,0.0,Nikkei 225 Historical Data.csv,True
NIKKEI225,2001-07-04,1d,12629.02,12629.02,12629.02,12629.02,,-1.47,0.0,Nikkei 225 Historical Data.csv,True
NIKKEI225,2001-07-05,1d,12607.3,12607.3,12607.3,12607.3,,-0.17,0.0,Nikkei 225 Historical Data.csv,True
NIKKEI225,2001-07-06,1d,12306.08,12306.08,12306.08,12306.08,,-2.39,0.0,Nikkei 225 Historical Data.csv,True
NIKKEI225,2001-07-09,1d,12239.68,12239.68,12239.68,12239.68,,-0.54,0.0,Nikkei 225 Historical Data.csv,True
NIKKEI225,2001-07-10,1d,12300.41,12300.41,12300.41,12300.41,,0.5,0.0,Nikkei 225 Historical Data.csv,True
NIKKEI225,2001-07-11,1d,12005.11,12005.11,12005.11,12005.11,,-2.4,0.0,Nikkei 225 Historical Data.csv,True
NIKKEI225,2001-07-12,1d,12407.95,12407.95,12407.95,12407.95,,3.36,0.0,Nikkei 225 Historical Data.csv,True
NIKKEI225,2001-07-13,1d,12355.15,12355.15,12355.15,12355.15,,-0.43,0.0,Nikkei 225 Historical Data.csv,True
NIKKEI225,2001-07-16,1d,12343.37,12343.37,12343.37,12343.37,,-0.1,0.0,Nikkei 225 Historical Data.csv,True
NIKKEI225,2001-07-17,1d,12128.57,12128.57,12128.57,12128.57,,-1.74,0.0,Nikkei 225 Historical Data.csv,True
NIKKEI225,2001-07-18,1d,11892.58,11892.58,11892.58,11892.58,,-1.95,0.0,Nikkei 225 Historical Data.csv,True
NIKKEI225,2001-07-19,1d,11908.39,11908.39,11908.39,11908.39,,0.13,0.0,Nikkei 225 Historical Data.csv,True
NIKKEI225,2001-07-23,1d,11609.63,11609.63,11609.63,11609.63,,-2.51,0.0,Nikkei 225 Historical Data.csv,True
NIKKEI225,2001-07-24,1d,11883.25,11883.25,11883.25,11883.25,,2.36,0.0,Nikkei 225 Historical Data.csv,True
NIKKEI225,2001-07-25,1d,11891.61,11891.61,11891.61,11891.61,,0.07,0.0,Nikkei 225 Historical Data.csv,True
NIKKEI225,2001-07-26,1d,11858.56,11858.56,11858.56,11858.56,,-0.28,0.0,Nikkei 225 Historical Data.csv,True
NIKKEI225,2001-07-27,1d,11798.08,11798.08,11798.08,11798.08,,-0.51,0.0,Nikkei 225 Historical Data.csv,True
NIKKEI225,2001-07-30,1d,11579.27,11579.27,11579.27,11579.27,,-1.85,0.0,Nikkei 225 Historical Data.csv,True
NIKKEI225,2001-07-31,1d,11860.77,11860.77,11860.77,11860.77,,2.43,0.0,Nikkei 225 Historical Data.csv,True
NIKKEI225,2001-08-01,1d,11959.33,11959.33,11959.33,11959.33,,0.83,0.0,Nikkei 225 Historical Data.csv,True
NIKKEI225,2001-08-02,1d,12399.2,12399.2,12399.2,12399.2,,3.68,0.0,Nikkei 225 Historical Data.csv,True
NIKKEI225,2001-08-03,1d,12241.97,12241.97,12241.97,12241.97,,-1.27,0.0,Nikkei 225 Historical Data.csv,True
NIKKEI225,2001-08-06,1d,12243.9,12243.9,12243.9,12243.9,,0.02,0.0,Nikkei 225 Historical Data.csv,True
NIKKEI225,2001-08-07,1d,12319.46,12319.46,12319.46,12319.46,,0.62,0.0,Nikkei 225 Historical Data.csv,True
NIKKEI225,2001-08-08,1d,12163.67,12163.67,12163.67,12163.67,,-1.26,0.0,Nikkei 225 Historical Data.csv,True
NIKKEI225,2001-08-09,1d,11754.56,11754.56,11754.56,11754.56,,-3.36,0.0,Nikkei 225 Historical Data.csv,True
NIKKEI225,2001-08-10,1d,11735.06,11735.06,11735.06,11735.06,,-0.17,0.0,Nikkei 225 Historical Data.csv,True
NIKKEI225,2001-08-13,1d,11477.56,11477.56,11477.56,11477.56,,-2.19,0.0,Nikkei 225 Historical Data.csv,True
NIKKEI225,2001-08-14,1d,11917.95,11917.95,11917.95,11917.95,,3.84,0.0,Nikkei 225 Historical Data.csv,True
NIKKEI225,2001-08-15,1d,11755.4,11755.4,11755.4,11755.4,,-1.36,0.0,Nikkei 225 Historical Data.csv,True
NIKKEI225,2001-08-16,1d,11515.02,11515.02,11515.02,11515.02,,-2.04,0.0,Nikkei 225 Historical Data.csv,True
NIKKEI225,2001-08-17,1d,11445.54,11445.54,11445.54,11445.54,,-0.6,0.0,Nikkei 225 Historical Data.csv,True
NIKKEI225,2001-08-20,1d,11257.94,11257.94,11257.94,11257.94,,-1.64,0.0,Nikkei 225 Historical Data.csv,True
NIKKEI225,2001-08-21,1d,11280.38,11280.38,11280.38,11280.38,,0.2,0.0,Nikkei 225 Historical Data.csv,True
NIKKEI225,2001-08-22,1d,11396.43,11396.43,11396.43,11396.43,,1.03,0.0,Nikkei 225 Historical Data.csv,True
NIKKEI225,2001-08-23,1d,11126.92,11126.92,11126.92,11126.92,,-2.36,0.0,Nikkei 225 Historical Data.csv,True
NIKKEI225,2001-08-24,1d,11166.31,11166.31,11166.31,11166.31,,0.35,0.0,Nikkei 225 Historical Data.csv,True
NIKKEI225,2001-08-27,1d,11275.01,11275.01,11275.01,11275.01,,0.97,0.0,Nikkei 225 Historical Data.csv,True
NIKKEI225,2001-08-28,1d,11189.4,11189.4,11189.4,11189.4,,-0.76,0.0,Nikkei 225 Historical Data.csv,True
NIKKEI225,2001-08-29,1d,10979.76,10979.76,10979.76,10979.76,,-1.87,0.0,Nikkei 225 Historical Data.csv,True
NIKKEI225,2001-08-30,1d,10938.45,10938.45,10938.45,10938.45,,-0.38,0.0,Nikkei 225 Historical Data.csv,True
NIKKEI225,2001-08-31,1d,10713.51,10713.51,10713.51,10713.51,,-2.06,0.0,Nikkei 225 Historical Data.csv,True
NIKKEI225,2001-09-03,1d,10409.68,10409.68,10409.68,10409.68,,-2.84,0.0,Nikkei 225 Historical Data.csv,True
NIKKEI225,2001-09-04,1d,10772.59,10772.59,10772.59,10772.59,,3.49,0.0,Nikkei 225 Historical Data.csv,True
NIKKEI225,2001-09-05,1d,10598.79,10598.79,10598.79,10598.79,,-1.61,0.0,Nikkei 225 Historical Data.csv,True
NIKKEI225,2001-09-06,1d,10650.33,10650.33,10650.33,10650.33,,0.49,0.0,Nikkei 225 Historical Data.csv,True
NIKKEI225,2001-09-07,1d,10516.79,10516.79,10516.79,10516.79,,-1.25,0.0,Nikkei 225 Historical Data.csv,True
NIKKEI225,2001-09-10,1d,10195.69,10195.69,10195.69,10195.69,,-3.05,0.0,Nikkei 225 Historical Data.csv,True
NIKKEI225,2001-09-11,1d,10292.95,10292.95,10292.95,10292.95,,0.95,0.0,Nikkei 225 Historical Data.csv,True
NIKKEI225,2001-09-12,1d,9610.1,9610.1,9610.1,9610.1,,-6.63,0.0,Nikkei 225 Historical Data.csv,True
NIKKEI225,2001-09-13,1d,9613.09,9613.09,9613.09,9613.09,,0.03,0.0,Nikkei 225 Historical Data.csv,True
NIKKEI225,2001-09-14,1d,10008.89,10008.89,10008.89,10008.89,,4.12,0.0,Nikkei 225 Historical Data.csv,True
NIKKEI225,2001-09-17,1d,9504.41,9504.41,9504.41,9504.41,,-5.04,0.0,Nikkei 225 Historical Data.csv,True
NIKKEI225,2001-09-18,1d,9679.88,9679.88,9679.88,9679.88,,1.85,0.0,Nikkei 225 Historical Data.csv,True
NIKKEI225,2001-09-19,1d,9939.6,9939.6,9939.6,9939.6,,2.68,0.0,Nikkei 225 Historical Data.csv,True
NIKKEI225,2001-09-20,1d,9785.16,9785.16,9785.16,9785.16,,-1.55,0.0,Nikkei 225 Historical Data.csv,True
NIKKEI225,2001-09-21,1d,9554.99,9554.99,9554.99,9554.99,,-2.35,0.0,Nikkei 225 Historical Data.csv,True
NIKKEI225,2001-09-25,1d,9693.97,9693.97,9693.97,9693.97,,1.45,0.0,Nikkei 225 Historical Data.csv,True
NIKKEI225,2001-09-26,1d,9641.7,9641.7,9641.7,9641.7,,-0.54,0.0,Nikkei 225 Historical Data.csv,True
NIKKEI225,2001-09-27,1d,9696.53,9696.53,9696.53,9696.53,,0.57,0.0,Nikkei 225 Historical Data.csv,True
NIKKEI225,2001-09-28,1d,9774.68,9774.68,9774.68,9774.68,,0.81,0.0,Nikkei 225 Historical Data.csv,True
NIKKEI225,2001-10-01,1d,9972.28,9972.28,9972.28,9972.28,,2.02,0.0,Nikkei 225 Historical Data.csv,True
NIKKEI225,2001-10-02,1d,10136.56,10136.56,10136.56,10136.56,,1.65,0.0,Nikkei 225 Historical Data.csv,True
NIKKEI225,2001-10-03,1d,9924.23,9924.23,9924.23,9924.23,,-2.09,0.0,Nikkei 225 Historical Data.csv,True
NIKKEI225,2001-10-04,1d,10205.48,10205.48,10205.48,10205.48,,2.83,0.0,Nikkei 225 Historical Data.csv,True
NIKKEI225,2001-10-05,1d,10205.87,10205.87,10205.87,10205.87,,0.0,0.0,Nikkei 225 Historical Data.csv,True
NIKKEI225,2001-10-09,1d,10011.77,10011.77,10011.77,10011.77,,-1.9,0.0,Nikkei 225 Historical Data.csv,True
NIKKEI225,2001-10-10,1d,9964.88,9964.88,9964.88,9964.88,,-0.47,0.0,Nikkei 225 Historical Data.csv,True
NIKKEI225,2001-10-11,1d,10347.01,10347.01,10347.01,10347.01,,3.83,0.0,Nikkei 225 Historical Data.csv,True
NIKKEI225,2001-10-12,1d,10632.35,10632.35,10632.35,10632.35,,2.76,0.0,Nikkei 225 Historical Data.csv,True
NIKKEI225,2001-10-15,1d,10452.54,10452.54,10452.54,10452.54,,-1.69,0.0,Nikkei 225 Historical Data.csv,True
NIKKEI225,2001-10-16,1d,10637.82,10637.82,10637.82,10637.82,,1.77,0.0,Nikkei 225 Historical Data.csv,True
NIKKEI225,2001-10-17,1d,10755.45,10755.45,10755.45,10755.45,,1.11,0.0,Nikkei 225 Historical Data.csv,True
NIKKEI225,2001-10-18,1d,10474.85,10474.85,10474.85,10474.85,,-2.61,0.0,Nikkei 225 Historical Data.csv,True
NIKKEI225,2001-10-19,1d,10538.79,10538.79,10538.79,10538.79,,0.61,0.0,Nikkei 225 Historical Data.csv,True
NIKKEI225,2001-10-22,1d,10565.41,10565.41,10565.41,10565.41,,0.25,0.0,Nikkei 225 Historical Data.csv,True
NIKKEI225,2001-10-23,1d,10861.56,10861.56,10861.56,10861.56,,2.8,0.0,Nikkei 225 Historical Data.csv,True
NIKKEI225,2001-10-24,1d,10802.15,10802.15,10802.15,10802.15,,-0.55,0.0,Nikkei 225 Historical Data.csv,True
NIKKEI225,2001-10-25,1d,10880.1,10880.1,10880.1,10880.1,,0.72,0.0,Nikkei 225 Historical Data.csv,True
NIKKEI225,2001-10-26,1d,10795.16,10795.16,10795.16,10795.16,,-0.78,0.0,Nikkei 225 Historical Data.csv,True
NIKKEI225,2001-10-29,1d,10612.31,10612.31,10612.31,10612.31,,-1.69,0.0,Nikkei 225 Historical Data.csv,True
NIKKEI225,2001-10-30,1d,10512.82,10512.82,10512.82,10512.82,,-0.94,0.0,Nikkei 225 Historical Data.csv,True
NIKKEI225,2001-10-31,1d,10366.34,10366.34,10366.34,10366.34,,-1.39,0.0,Nikkei 225 Historical Data.csv,True
NIKKEI225,2001-11-01,1d,10347.28,10347.28,10347.28,10347.28,,-0.18,0.0,Nikkei 225 Historical Data.csv,True
NIKKEI225,2001-11-02,1d,10383.78,10383.78,10383.78,10383.78,,0.35,0.0,Nikkei 225 Historical Data.csv,True
NIKKEI225,2001-11-05,1d,10447.54,10447.54,10447.54,10447.54,,0.61,0.0,Nikkei 225 Historical Data.csv,True
NIKKEI225,2001-11-06,1d,10633.72,10633.72,10633.72,10633.72,,1.78,0.0,Nikkei 225 Historical Data.csv,True
NIKKEI225,2001-11-07,1d,10284.98,10284.98,10284.98,10284.98,,-3.28,0.0,Nikkei 225 Historical Data.csv,True
NIKKEI225,2001-11-08,1d,10431.79,10431.79,10431.79,10431.79,,1.43,0.0,Nikkei 225 Historical Data.csv,True
NIKKEI225,2001-11-09,1d,10215.71,10215.71,10215.71,10215.71,,-2.07,0.0,Nikkei 225 Historical Data.csv,True
NIKKEI225,2001-11-12,1d,10081.56,10081.56,10081.56,10081.56,,-1.31,0.0,Nikkei 225 Historical Data.csv,True
NIKKEI225,2001-11-13,1d,10030.56,10030.56,10030.56,10030.56,,-0.51,0.0,Nikkei 225 Historical Data.csv,True
NIKKEI225,2001-11-14,1d,10086.76,10086.76,10086.76,10086.76,,0.56,0.0,Nikkei 225 Historical Data.csv,True
NIKKEI225,2001-11-15,1d,10489.89,10489.89,10489.89,10489.89,,4.0,0.0,Nikkei 225 Historical Data.csv,True
NIKKEI225,2001-11-16,1d,10649.09,10649.09,10649.09,10649.09,,1.52,0.0,Nikkei 225 Historical Data.csv,True
NIKKEI225,2001-11-19,1d,10727.94,10727.94,10727.94,10727.94,,0.74,0.0,Nikkei 225 Historical Data.csv,True
NIKKEI225,2001-11-20,1d,10575.62,10575.62,10575.62,10575.62,,-1.42,0.0,Nikkei 225 Historical Data.csv,True
NIKKEI225,2001-11-21,1d,10661.08,10661.08,10661.08,10661.08,,0.81,0.0,Nikkei 225 Historical Data.csv,True
NIKKEI225,2001-11-22,1d,10696.82,10696.82,10696.82,10696.82,,0.34,0.0,Nikkei 225 Historical Data.csv,True
NIKKEI225,2001-11-26,1d,11064.3,11064.3,11064.3,11064.3,,3.44,0.0,Nikkei 225 Historical Data.csv,True
NIKKEI225,2001-11-27,1d,10948.89,10948.89,10948.89,10948.89,,-1.04,0.0,Nikkei 225 Historical Data.csv,True
NIKKEI225,2001-11-28,1d,10624.81,10624.81,10624.81,10624.81,,-2.96,0.0,Nikkei 225 Historical Data.csv,True
NIKKEI225,2001-11-29,1d,10655.96,10655.96,10655.96,10655.96,,0.29,0.0,Nikkei 225 Historical Data.csv,True
NIKKEI225,2001-11-30,1d,10697.44,10697.44,10697.44,10697.44,,0.39,0.0,Nikkei 225 Historical Data.csv,True
NIKKEI225,2001-12-03,1d,10370.62,10370.62,10370.62,10370.62,,-3.06,0.0,Nikkei 225 Historical Data.csv,True
NIKKEI225,2001-12-04,1d,10452.65,10452.65,10452.65,10452.65,,0.79,0.0,Nikkei 225 Historical Data.csv,True
NIKKEI225,2001-12-05,1d,10713.81,10713.81,10713.81,10713.81,,2.5,0.0,Nikkei 225 Historical Data.csv,True
NIKKEI225,2001-12-06,1d,10857.28,10857.28,10857.28,10857.28,,1.34,0.0,Nikkei 225 Historical Data.csv,True
NIKKEI225,2001-12-07,1d,10796.89,10796.89,10796.89,10796.89,,-0.56,0.0,Nikkei 225 Historical Data.csv,True
NIKKEI225,2001-12-10,1d,10571.01,10571.01,10571.01,10571.01,,-2.09,0.0,Nikkei 225 Historical Data.csv,True
NIKKEI225,2001-12-11,1d,10473.91,10473.91,10473.91,10473.91,,-0.92,0.0,Nikkei 225 Historical Data.csv,True
NIKKEI225,2001-12-12,1d,10801.52,10801.52,10801.52,10801.52,,3.13,0.0,Nikkei 225 Historical Data.csv,True
NIKKEI225,2001-12-13,1d,10433.45,10433.45,10433.45,10433.45,,-3.41,0.0,Nikkei 225 Historical Data.csv,True
NIKKEI225,2001-12-14,1d,10511.65,10511.65,10511.65,10511.65,,0.75,0.0,Nikkei 225 Historical Data.csv,True
NIKKEI225,2001-12-17,1d,10323.35,10323.35,10323.35,10323.35,,-1.79,0.0,Nikkei 225 Historical Data.csv,True
NIKKEI225,2001-12-18,1d,10432.17,10432.17,10432.17,10432.17,,1.05,0.0,Nikkei 225 Historical Data.csv,True
NIKKEI225,2001-12-19,1d,10471.93,10471.93,10471.93,10471.93,,0.38,0.0,Nikkei 225 Historical Data.csv,True
NIKKEI225,2001-12-20,1d,10434.52,10434.52,10434.52,10434.52,,-0.36,0.0,Nikkei 225 Historical Data.csv,True
NIKKEI225,2001-12-21,1d,10335.45,10335.45,10335.45,10335.45,,-0.95,0.0,Nikkei 225 Historical Data.csv,True
NIKKEI225,2001-12-25,1d,10254.81,10254.81,10254.81,10254.81,,-0.78,0.0,Nikkei 225 Historical Data.csv,True
NIKKEI225,2001-12-26,1d,10192.57,10192.57,10192.57,10192.57,,-0.61,0.0,Nikkei 225 Historical Data.csv,True
NIKKEI225,2001-12-27,1d,10457.61,10457.61,10457.61,10457.61,,2.6,0.0,Nikkei 225 Historical Data.csv,True
NIKKEI225,2001-12-28,1d,10542.62,10542.62,10542.62,10542.62,,0.81,0.0,Nikkei 225 Historical Data.csv,True
NIKKEI225,2002-01-04,1d,10871.49,10871.49,10871.49,10871.49,,3.12,0.0,Nikkei 225 Historical Data.csv,True
NIKKEI225,2002-01-07,1d,10942.36,10942.36,10942.36,10942.36,,0.65,0.0,Nikkei 225 Historical Data.csv,True
NIKKEI225,2002-01-08,1d,10695.6,10695.6,10695.6,10695.6,,-2.26,0.0,Nikkei 225 Historical Data.csv,True
NIKKEI225,2002-01-09,1d,10663.98,10663.98,10663.98,10663.98,,-0.3,0.0,Nikkei 225 Historical Data.csv,True
NIKKEI225,2002-01-10,1d,10538.43,10538.43,10538.43,10538.43,,-1.18,0.0,Nikkei 225 Historical Data.csv,True
NIKKEI225,2002-01-11,1d,10441.59,10441.59,10441.59,10441.59,,-0.92,0.0,Nikkei 225 Historical Data.csv,True
NIKKEI225,2002-01-15,1d,10208.05,10208.05,10208.05,10208.05,,-2.24,0.0,Nikkei 225 Historical Data.csv,True
NIKKEI225,2002-01-16,1d,10177.58,10177.58,10177.58,10177.58,,-0.3,0.0,Nikkei 225 Historical Data.csv,True
NIKKEI225,2002-01-17,1d,10128.18,10128.18,10128.18,10128.18,,-0.49,0.0,Nikkei 225 Historical Data.csv,True
NIKKEI225,2002-01-18,1d,10293.32,10293.32,10293.32,10293.32,,1.63,0.0,Nikkei 225 Historical Data.csv,True
NIKKEI225,2002-01-21,1d,10280.25,10280.25,10280.25,10280.25,,-0.13,0.0,Nikkei 225 Historical Data.csv,True
NIKKEI225,2002-01-22,1d,10050.98,10050.98,10050.98,10050.98,,-2.23,0.0,Nikkei 225 Historical Data.csv,True
NIKKEI225,2002-01-23,1d,10040.91,10040.91,10040.91,10040.91,,-0.1,0.0,Nikkei 225 Historical Data.csv,True
NIKKEI225,2002-01-24,1d,10074.05,10074.05,10074.05,10074.05,,0.33,0.0,Nikkei 225 Historical Data.csv,True
NIKKEI225,2002-01-25,1d,10144.14,10144.14,10144.14,10144.14,,0.7,0.0,Nikkei 225 Historical Data.csv,True
NIKKEI225,2002-01-28,1d,10220.85,10220.85,10220.85,10220.85,,0.76,0.0,Nikkei 225 Historical Data.csv,True
NIKKEI225,2002-01-29,1d,10026.03,10026.03,10026.03,10026.03,,-1.91,0.0,Nikkei 225 Historical Data.csv,True
NIKKEI225,2002-01-30,1d,9919.48,9919.48,9919.48,9919.48,,-1.06,0.0,Nikkei 225 Historical Data.csv,True
NIKKEI225,2002-01-31,1d,9997.8,9997.8,9997.8,9997.8,,0.79,0.0,Nikkei 225 Historical Data.csv,True
NIKKEI225,2002-02-01,1d,9791.43,9791.43,9791.43,9791.43,,-2.06,0.0,Nikkei 225 Historical Data.csv,True
NIKKEI225,2002-02-04,1d,9631.93,9631.93,9631.93,9631.93,,-1.63,0.0,Nikkei 225 Historical Data.csv,True
NIKKEI225,2002-02-05,1d,9475.6,9475.6,9475.6,9475.6,,-1.62,0.0,Nikkei 225 Historical Data.csv,True
NIKKEI225,2002-02-06,1d,9420.85,9420.85,9420.85,9420.85,,-0.58,0.0,Nikkei 225 Historical Data.csv,True
NIKKEI225,2002-02-07,1d,9583.27,9583.27,9583.27,9583.27,,1.72,0.0,Nikkei 225 Historical Data.csv,True
NIKKEI225,2002-02-08,1d,9686.06,9686.06,9686.06,9686.06,,1.07,0.0,Nikkei 225 Historical Data.csv,True
NIKKEI225,2002-02-12,1d,9877.99,9877.99,9877.99,9877.99,,1.98,0.0,Nikkei 225 Historical Data.csv,True
NIKKEI225,2002-02-13,1d,9968.35,9968.35,9968.35,9968.35,,0.91,0.0,Nikkei 225 Historical Data.csv,True
NIKKEI225,2002-02-14,1d,10081.09,10081.09,10081.09,10081.09,,1.13,0.0,Nikkei 225 Historical Data.csv,True
NIKKEI225,2002-02-15,1d,10048.1,10048.1,10048.1,10048.1,,-0.33,0.0,Nikkei 225 Historical Data.csv,True
NIKKEI225,2002-02-18,1d,10093.25,10093.25,10093.25,10093.25,,0.45,0.0,Nikkei 225 Historical Data.csv,True
NIKKEI225,2002-02-19,1d,9847.16,9847.16,9847.16,9847.16,,-2.44,0.0,Nikkei 225 Historical Data.csv,True
NIKKEI225,2002-02-20,1d,9834.13,9834.13,9834.13,9834.13,,-0.13,0.0,Nikkei 225 Historical Data.csv,True
NIKKEI225,2002-02-21,1d,10295.42,10295.42,10295.42,10295.42,,4.69,0.0,Nikkei 225 Historical Data.csv,True
NIKKEI225,2002-02-22,1d,10356.78,10356.78,10356.78,10356.78,,0.6,0.0,Nikkei 225 Historical Data.csv,True
NIKKEI225,2002-02-25,1d,10296.47,10296.47,10296.47,10296.47,,-0.58,0.0,Nikkei 225 Historical Data.csv,True
NIKKEI225,2002-02-26,1d,10202.63,10202.63,10202.63,10202.63,,-0.91,0.0,Nikkei 225 Historical Data.csv,True
NIKKEI225,2002-02-27,1d,10573.09,10573.09,10573.09,10573.09,,3.63,0.0,Nikkei 225 Historical Data.csv,True
NIKKEI225,2002-02-28,1d,10587.83,10587.83,10587.83,10587.83,,0.14,0.0,Nikkei 225 Historical Data.csv,True
NIKKEI225,2002-03-01,1d,10812.0,10812.0,10812.0,10812.0,,2.12,0.0,Nikkei 225 Historical Data.csv,True
NIKKEI225,2002-03-04,1d,11450.22,11450.22,11450.22,11450.22,,5.9,0.0,Nikkei 225 Historical Data.csv,True
NIKKEI225,2002-03-05,1d,11348.45,11348.45,11348.45,11348.45,,-0.89,0.0,Nikkei 225 Historical Data.csv,True
NIKKEI225,2002-03-06,1d,11358.53,11358.53,11358.53,11358.53,,0.09,0.0,Nikkei 225 Historical Data.csv,True
NIKKEI225,2002-03-07,1d,11648.34,11648.34,11648.34,11648.34,,2.55,0.0,Nikkei 225 Historical Data.csv,True
NIKKEI225,2002-03-08,1d,11885.79,11885.79,11885.79,11885.79,,2.04,0.0,Nikkei 225 Historical Data.csv,True
NIKKEI225,2002-03-11,1d,11919.3,11919.3,11919.3,11919.3,,0.28,0.0,Nikkei 225 Historical Data.csv,True
NIKKEI225,2002-03-12,1d,11607.33,11607.33,11607.33,11607.33,,-2.62,0.0,Nikkei 225 Historical Data.csv,True
NIKKEI225,2002-03-13,1d,11415.31,11415.31,11415.31,11415.31,,-1.65,0.0,Nikkei 225 Historical Data.csv,True
NIKKEI225,2002-03-14,1d,11568.82,11568.82,11568.82,11568.82,,1.34,0.0,Nikkei 225 Historical Data.csv,True
NIKKEI225,2002-03-15,1d,11648.01,11648.01,11648.01,11648.01,,0.68,0.0,Nikkei 225 Historical Data.csv,True
NIKKEI225,2002-03-18,1d,11498.38,11498.38,11498.38,11498.38,,-1.28,0.0,Nikkei 225 Historical Data.csv,True
NIKKEI225,2002-03-19,1d,11792.82,11792.82,11792.82,11792.82,,2.56,0.0,Nikkei 225 Historical Data.csv,True
NIKKEI225,2002-03-20,1d,11526.78,11526.78,11526.78,11526.78,,-2.26,0.0,Nikkei 225 Historical Data.csv,True
NIKKEI225,2002-03-22,1d,11345.08,11345.08,11345.08,11345.08,,-1.58,0.0,Nikkei 225 Historical Data.csv,True
NIKKEI225,2002-03-25,1d,11261.09,11261.09,11261.09,11261.09,,-0.74,0.0,Nikkei 225 Historical Data.csv,True
NIKKEI225,2002-03-26,1d,11207.92,11207.92,11207.92,11207.92,,-0.47,0.0,Nikkei 225 Historical Data.csv,True
NIKKEI225,2002-03-27,1d,11323.68,11323.68,11323.68,11323.68,,1.03,0.0,Nikkei 225 Historical Data.csv,True
NIKKEI225,2002-03-28,1d,11333.11,11333.11,11333.11,11333.11,,0.08,0.0,Nikkei 225 Historical Data.csv,True
NIKKEI225,2002-03-29,1d,11024.94,11024.94,11024.94,11024.94,,-2.72,0.0,Nikkei 225 Historical Data.csv,True
NIKKEI225,2002-04-01,1d,11028.7,11028.7,11028.7,11028.7,,0.03,0.0,Nikkei 225 Historical Data.csv,True
NIKKEI225,2002-04-02,1d,11204.49,11204.49,11204.49,11204.49,,1.59,0.0,Nikkei 225 Historical Data.csv,True
NIKKEI225,2002-04-03,1d,11400.71,11400.71,11400.71,11400.71,,1.75,0.0,Nikkei 225 Historical Data.csv,True
NIKKEI225,2002-04-04,1d,11379.2,11379.2,11379.2,11379.2,,-0.19,0.0,Nikkei 225 Historical Data.csv,True
NIKKEI225,2002-04-05,1d,11335.49,11335.49,11335.49,11335.49,,-0.38,0.0,Nikkei 225 Historical Data.csv,True
NIKKEI225,2002-04-08,1d,11352.89,11352.89,11352.89,11352.89,,0.15,0.0,Nikkei 225 Historical Data.csv,True
NIKKEI225,2002-04-09,1d,11114.49,11114.49,11114.49,11114.49,,-2.1,0.0,Nikkei 225 Historical Data.csv,True
NIKKEI225,2002-04-10,1d,11218.58,11218.58,11218.58,11218.58,,0.94,0.0,Nikkei 225 Historical Data.csv,True
NIKKEI225,2002-04-11,1d,11147.27,11147.27,11147.27,11147.27,,-0.64,0.0,Nikkei 225 Historical Data.csv,True
NIKKEI225,2002-04-12,1d,10962.98,10962.98,10962.98,10962.98,,-1.65,0.0,Nikkei 225 Historical Data.csv,True
NIKKEI225,2002-04-15,1d,11137.3,11137.3,11137.3,11137.3,,1.59,0.0,Nikkei 225 Historical Data.csv,True
NIKKEI225,2002-04-16,1d,11346.66,11346.66,11346.66,11346.66,,1.88,0.0,Nikkei 225 Historical Data.csv,True
NIKKEI225,2002-04-17,1d,11543.71,11543.71,11543.71,11543.71,,1.74,0.0,Nikkei 225 Historical Data.csv,True
NIKKEI225,2002-04-18,1d,11575.73,11575.73,11575.73,11575.73,,0.28,0.0,Nikkei 225 Historical Data.csv,True
NIKKEI225,2002-04-19,1d,11512.01,11512.01,11512.01,11512.01,,-0.55,0.0,Nikkei 225 Historical Data.csv,True
NIKKEI225,2002-04-22,1d,11721.64,11721.64,11721.64,11721.64,,1.82,0.0,Nikkei 225 Historical Data.csv,True
NIKKEI225,2002-04-23,1d,11736.83,11736.83,11736.83,11736.83,,0.13,0.0,Nikkei 225 Historical Data.csv,True
NIKKEI225,2002-04-24,1d,11672.88,11672.88,11672.88,11672.88,,-0.54,0.0,Nikkei 225 Historical Data.csv,True
NIKKEI225,2002-04-25,1d,11648.72,11648.72,11648.72,11648.72,,-0.21,0.0,Nikkei 225 Historical Data.csv,True
NIKKEI225,2002-04-26,1d,11541.39,11541.39,11541.39,11541.39,,-0.92,0.0,Nikkei 225 Historical Data.csv,True
NIKKEI225,2002-04-30,1d,11492.54,11492.54,11492.54,11492.54,,-0.42,0.0,Nikkei 225 Historical Data.csv,True
NIKKEI225,2002-05-01,1d,11552.79,11552.79,11552.79,11552.79,,0.52,0.0,Nikkei 225 Historical Data.csv,True
NIKKEI225,2002-05-02,1d,11551.01,11551.01,11551.01,11551.01,,-0.02,0.0,Nikkei 225 Historical Data.csv,True
NIKKEI225,2002-05-07,1d,11316.04,11316.04,11316.04,11316.04,,-2.03,0.0,Nikkei 225 Historical Data.csv,True
NIKKEI225,2002-05-08,1d,11520.75,11520.75,11520.75,11520.75,,1.81,0.0,Nikkei 225 Historical Data.csv,True
NIKKEI225,2002-05-09,1d,11633.3,11633.3,11633.3,11633.3,,0.98,0.0,Nikkei 225 Historical Data.csv,True
NIKKEI225,2002-05-10,1d,11531.11,11531.11,11531.11,11531.11,,-0.88,0.0,Nikkei 225 Historical Data.csv,True
NIKKEI225,2002-05-13,1d,11336.95,11336.95,11336.95,11336.95,,-1.68,0.0,Nikkei 225 Historical Data.csv,True
NIKKEI225,2002-05-14,1d,11356.19,11356.19,11356.19,11356.19,,0.17,0.0,Nikkei 225 Historical Data.csv,True
NIKKEI225,2002-05-15,1d,11642.97,11642.97,11642.97,11642.97,,2.53,0.0,Nikkei 225 Historical Data.csv,True
NIKKEI225,2002-05-16,1d,11738.69,11738.69,11738.69,11738.69,,0.82,0.0,Nikkei 225 Historical Data.csv,True
NIKKEI225,2002-05-17,1d,11847.32,11847.32,11847.32,11847.32,,0.93,0.0,Nikkei 225 Historical Data.csv,True
NIKKEI225,2002-05-20,1d,11856.54,11856.54,11856.54,11856.54,,0.08,0.0,Nikkei 225 Historical Data.csv,True
NIKKEI225,2002-05-21,1d,11801.16,11801.16,11801.16,11801.16,,-0.47,0.0,Nikkei 225 Historical Data.csv,True
NIKKEI225,2002-05-22,1d,11961.98,11961.98,11961.98,11961.98,,1.36,0.0,Nikkei 225 Historical Data.csv,True
NIKKEI225,2002-05-23,1d,11979.85,11979.85,11979.85,11979.85,,0.15,0.0,Nikkei 225 Historical Data.csv,True
NIKKEI225,2002-05-24,1d,11976.28,11976.28,11976.28,11976.28,,-0.03,0.0,Nikkei 225 Historical Data.csv,True
NIKKEI225,2002-05-27,1d,11976.35,11976.35,11976.35,11976.35,,0.0,0.0,Nikkei 225 Historical Data.csv,True
NIKKEI225,2002-05-28,1d,11936.08,11936.08,11936.08,11936.08,,-0.34,0.0,Nikkei 225 Historical Data.csv,True
NIKKEI225,2002-05-29,1d,11853.0,11853.0,11853.0,11853.0,,-0.7,0.0,Nikkei 225 Historical Data.csv,True
NIKKEI225,2002-05-30,1d,11770.03,11770.03,11770.03,11770.03,,-0.7,0.0,Nikkei 225 Historical Data.csv,True
NIKKEI225,2002-05-31,1d,11763.7,11763.7,11763.7,11763.7,,-0.05,0.0,Nikkei 225 Historical Data.csv,True
NIKKEI225,2002-06-03,1d,11901.39,11901.39,11901.39,11901.39,,1.17,0.0,Nikkei 225 Historical Data.csv,True
NIKKEI225,2002-06-04,1d,11653.07,11653.07,11653.07,11653.07,,-2.09,0.0,Nikkei 225 Historical Data.csv,True
NIKKEI225,2002-06-05,1d,11663.87,11663.87,11663.87,11663.87,,0.09,0.0,Nikkei 225 Historical Data.csv,True
NIKKEI225,2002-06-06,1d,11574.94,11574.94,11574.94,11574.94,,-0.76,0.0,Nikkei 225 Historical Data.csv,True
NIKKEI225,2002-06-07,1d,11438.53,11438.53,11438.53,11438.53,,-1.18,0.0,Nikkei 225 Historical Data.csv,True
NIKKEI225,2002-06-10,1d,11370.21,11370.21,11370.21,11370.21,,-0.6,0.0,Nikkei 225 Historical Data.csv,True
NIKKEI225,2002-06-11,1d,11449.44,11449.44,11449.44,11449.44,,0.7,0.0,Nikkei 225 Historical Data.csv,True
NIKKEI225,2002-06-12,1d,11327.06,11327.06,11327.06,11327.06,,-1.07,0.0,Nikkei 225 Historical Data.csv,True
NIKKEI225,2002-06-13,1d,11144.84,11144.84,11144.84,11144.84,,-1.61,0.0,Nikkei 225 Historical Data.csv,True
NIKKEI225,2002-06-14,1d,10920.63,10920.63,10920.63,10920.63,,-2.01,0.0,Nikkei 225 Historical Data.csv,True
NIKKEI225,2002-06-17,1d,10664.11,10664.11,10664.11,10664.11,,-2.35,0.0,Nikkei 225 Historical Data.csv,True
NIKKEI225,2002-06-18,1d,10839.93,10839.93,10839.93,10839.93,,1.65,0.0,Nikkei 225 Historical Data.csv,True
NIKKEI225,2002-06-19,1d,10476.18,10476.18,10476.18,10476.18,,-3.36,0.0,Nikkei 225 Historical Data.csv,True
NIKKEI225,2002-06-20,1d,10612.98,10612.98,10612.98,10612.98,,1.31,0.0,Nikkei 225 Historical Data.csv,True
NIKKEI225,2002-06-21,1d,10354.35,10354.35,10354.35,10354.35,,-2.44,0.0,Nikkei 225 Historical Data.csv,True
NIKKEI225,2002-06-24,1d,10471.32,10471.32,10471.32,10471.32,,1.13,0.0,Nikkei 225 Historical Data.csv,True
NIKKEI225,2002-06-25,1d,10496.67,10496.67,10496.67,10496.67,,0.24,0.0,Nikkei 225 Historical Data.csv,True
NIKKEI225,2002-06-26,1d,10074.56,10074.56,10074.56,10074.56,,-4.02,0.0,Nikkei 225 Historical Data.csv,True
NIKKEI225,2002-06-27,1d,10261.6,10261.6,10261.6,10261.6,,1.86,0.0,Nikkei 225 Historical Data.csv,True
NIKKEI225,2002-06-28,1d,10621.84,10621.84,10621.84,10621.84,,3.51,0.0,Nikkei 225 Historical Data.csv,True
NIKKEI225,2002-07-01,1d,10595.44,10595.44,10595.44,10595.44,,-0.25,0.0,Nikkei 225 Historical Data.csv,True
NIKKEI225,2002-07-02,1d,10622.32,10622.32,10622.32,10622.32,,0.25,0.0,Nikkei 225 Historical Data.csv,True
NIKKEI225,2002-07-03,1d,10812.3,10812.3,10812.3,10812.3,,1.79,0.0,Nikkei 225 Historical Data.csv,True
NIKKEI225,2002-07-04,1d,10632.81,10632.81,10632.81,10632.81,,-1.66,0.0,Nikkei 225 Historical Data.csv,True
NIKKEI225,2002-07-05,1d,10826.09,10826.09,10826.09,10826.09,,1.82,0.0,Nikkei 225 Historical Data.csv,True
NIKKEI225,2002-07-08,1d,10769.2,10769.2,10769.2,10769.2,,-0.53,0.0,Nikkei 225 Historical Data.csv,True
NIKKEI225,2002-07-09,1d,10960.25,10960.25,10960.25,10960.25,,1.77,0.0,Nikkei 225 Historical Data.csv,True
NIKKEI225,2002-07-10,1d,10752.66,10752.66,10752.66,10752.66,,-1.89,0.0,Nikkei 225 Historical Data.csv,True
NIKKEI225,2002-07-11,1d,10485.74,10485.74,10485.74,10485.74,,-2.48,0.0,Nikkei 225 Historical Data.csv,True
NIKKEI225,2002-07-12,1d,10601.45,10601.45,10601.45,10601.45,,1.1,0.0,Nikkei 225 Historical Data.csv,True
NIKKEI225,2002-07-15,1d,10375.15,10375.15,10375.15,10375.15,,-2.13,0.0,Nikkei 225 Historical Data.csv,True
NIKKEI225,2002-07-16,1d,10250.42,10250.42,10250.42,10250.42,,-1.2,0.0,Nikkei 225 Historical Data.csv,True
NIKKEI225,2002-07-17,1d,10296.02,10296.02,10296.02,10296.02,,0.44,0.0,Nikkei 225 Historical Data.csv,True
NIKKEI225,2002-07-18,1d,10498.26,10498.26,10498.26,10498.26,,1.96,0.0,Nikkei 225 Historical Data.csv,True
NIKKEI225,2002-07-19,1d,10202.36,10202.36,10202.36,10202.36,,-2.82,0.0,Nikkei 225 Historical Data.csv,True
NIKKEI225,2002-07-22,1d,10189.01,10189.01,10189.01,10189.01,,-0.13,0.0,Nikkei 225 Historical Data.csv,True
NIKKEI225,2002-07-23,1d,10215.63,10215.63,10215.63,10215.63,,0.26,0.0,Nikkei 225 Historical Data.csv,True
NIKKEI225,2002-07-24,1d,9947.72,9947.72,9947.72,9947.72,,-2.62,0.0,Nikkei 225 Historical Data.csv,True
NIKKEI225,2002-07-25,1d,9929.91,9929.91,9929.91,9929.91,,-0.18,0.0,Nikkei 225 Historical Data.csv,True
NIKKEI225,2002-07-26,1d,9591.03,9591.03,9591.03,9591.03,,-3.41,0.0,Nikkei 225 Historical Data.csv,True
NIKKEI225,2002-07-29,1d,9666.67,9666.67,9666.67,9666.67,,0.79,0.0,Nikkei 225 Historical Data.csv,True
NIKKEI225,2002-07-30,1d,10003.72,10003.72,10003.72,10003.72,,3.49,0.0,Nikkei 225 Historical Data.csv,True
NIKKEI225,2002-07-31,1d,9877.94,9877.94,9877.94,9877.94,,-1.26,0.0,Nikkei 225 Historical Data.csv,True
NIKKEI225,2002-08-01,1d,9793.51,9793.51,9793.51,9793.51,,-0.85,0.0,Nikkei 225 Historical Data.csv,True
NIKKEI225,2002-08-02,1d,9709.66,9709.66,9709.66,9709.66,,-0.86,0.0,Nikkei 225 Historical Data.csv,True
NIKKEI225,2002-08-05,1d,9704.93,9704.93,9704.93,9704.93,,-0.05,0.0,Nikkei 225 Historical Data.csv,True
NIKKEI225,2002-08-06,1d,9501.02,9501.02,9501.02,9501.02,,-2.1,0.0,Nikkei 225 Historical Data.csv,True
NIKKEI225,2002-08-07,1d,9834.4,9834.4,9834.4,9834.4,,3.51,0.0,Nikkei 225 Historical Data.csv,True
NIKKEI225,2002-08-08,1d,9799.57,9799.57,9799.57,9799.57,,-0.35,0.0,Nikkei 225 Historical Data.csv,True
NIKKEI225,2002-08-09,1d,9999.79,9999.79,9999.79,9999.79,,2.04,0.0,Nikkei 225 Historical Data.csv,True
NIKKEI225,2002-08-12,1d,9747.82,9747.82,9747.82,9747.82,,-2.52,0.0,Nikkei 225 Historical Data.csv,True
NIKKEI225,2002-08-13,1d,9688.61,9688.61,9688.61,9688.61,,-0.61,0.0,Nikkei 225 Historical Data.csv,True
NIKKEI225,2002-08-14,1d,9638.41,9638.41,9638.41,9638.41,,-0.52,0.0,Nikkei 225 Historical Data.csv,True
NIKKEI225,2002-08-15,1d,9795.57,9795.57,9795.57,9795.57,,1.63,0.0,Nikkei 225 Historical Data.csv,True
NIKKEI225,2002-08-16,1d,9788.13,9788.13,9788.13,9788.13,,-0.08,0.0,Nikkei 225 Historical Data.csv,True
NIKKEI225,2002-08-19,1d,9599.1,9599.1,9599.1,9599.1,,-1.93,0.0,Nikkei 225 Historical Data.csv,True
NIKKEI225,2002-08-20,1d,9620.69,9620.69,9620.69,9620.69,,0.22,0.0,Nikkei 225 Historical Data.csv,True
NIKKEI225,2002-08-21,1d,9642.61,9642.61,9642.61,9642.61,,0.23,0.0,Nikkei 225 Historical Data.csv,True
NIKKEI225,2002-08-22,1d,9814.02,9814.02,9814.02,9814.02,,1.78,0.0,Nikkei 225 Historical Data.csv,True
NIKKEI225,2002-08-23,1d,9867.45,9867.45,9867.45,9867.45,,0.54,0.0,Nikkei 225 Historical Data.csv,True
NIKKEI225,2002-08-26,1d,10067.74,10067.74,10067.74,10067.74,,2.03,0.0,Nikkei 225 Historical Data.csv,True
NIKKEI225,2002-08-27,1d,9907.3,9907.3,9907.3,9907.3,,-1.59,0.0,Nikkei 225 Historical Data.csv,True
NIKKEI225,2002-08-28,1d,9766.73,9766.73,9766.73,9766.73,,-1.42,0.0,Nikkei 225 Historical Data.csv,True
NIKKEI225,2002-08-29,1d,9620.14,9620.14,9620.14,9620.14,,-1.5,0.0,Nikkei 225 Historical Data.csv,True
NIKKEI225,2002-08-30,1d,9619.3,9619.3,9619.3,9619.3,,-0.01,0.0,Nikkei 225 Historical Data.csv,True
NIKKEI225,2002-09-02,1d,9521.63,9521.63,9521.63,9521.63,,-1.02,0.0,Nikkei 225 Historical Data.csv,True
NIKKEI225,2002-09-03,1d,9217.04,9217.04,9217.04,9217.04,,-3.2,0.0,Nikkei 225 Historical Data.csv,True
NIKKEI225,2002-09-04,1d,9075.09,9075.09,9075.09,9075.09,,-1.54,0.0,Nikkei 225 Historical Data.csv,True
NIKKEI225,2002-09-05,1d,9222.12,9222.12,9222.12,9222.12,,1.62,0.0,Nikkei 225 Historical Data.csv,True
NIKKEI225,2002-09-06,1d,9129.07,9129.07,9129.07,9129.07,,-1.01,0.0,Nikkei 225 Historical Data.csv,True
NIKKEI225,2002-09-09,1d,9306.26,9306.26,9306.26,9306.26,,1.94,0.0,Nikkei 225 Historical Data.csv,True
NIKKEI225,2002-09-10,1d,9309.31,9309.31,9309.31,9309.31,,0.03,0.0,Nikkei 225 Historical Data.csv,True
NIKKEI225,2002-09-11,1d,9400.08,9400.08,9400.08,9400.08,,0.98,0.0,Nikkei 225 Historical Data.csv,True
NIKKEI225,2002-09-12,1d,9415.23,9415.23,9415.23,9415.23,,0.16,0.0,Nikkei 225 Historical Data.csv,True
NIKKEI225,2002-09-13,1d,9241.93,9241.93,9241.93,9241.93,,-1.84,0.0,Nikkei 225 Historical Data.csv,True
NIKKEI225,2002-09-17,1d,9543.94,9543.94,9543.94,9543.94,,3.27,0.0,Nikkei 225 Historical Data.csv,True
NIKKEI225,2002-09-18,1d,9472.06,9472.06,9472.06,9472.06,,-0.75,0.0,Nikkei 225 Historical Data.csv,True
NIKKEI225,2002-09-19,1d,9669.62,9669.62,9669.62,9669.62,,2.09,0.0,Nikkei 225 Historical Data.csv,True
NIKKEI225,2002-09-20,1d,9481.08,9481.08,9481.08,9481.08,,-1.95,0.0,Nikkei 225 Historical Data.csv,True
NIKKEI225,2002-09-24,1d,9321.64,9321.64,9321.64,9321.64,,-1.68,0.0,Nikkei 225 Historical Data.csv,True
NIKKEI225,2002-09-25,1d,9165.41,9165.41,9165.41,9165.41,,-1.68,0.0,Nikkei 225 Historical Data.csv,True
NIKKEI225,2002-09-26,1d,9320.92,9320.92,9320.92,9320.92,,1.7,0.0,Nikkei 225 Historical Data.csv,True
NIKKEI225,2002-09-27,1d,9530.44,9530.44,9530.44,9530.44,,2.25,0.0,Nikkei 225 Historical Data.csv,True
NIKKEI225,2002-09-30,1d,9383.29,9383.29,9383.29,9383.29,,-1.54,0.0,Nikkei 225 Historical Data.csv,True
NIKKEI225,2002-10-01,1d,9162.26,9162.26,9162.26,9162.26,,-2.36,0.0,Nikkei 225 Historical Data.csv,True
NIKKEI225,2002-10-02,1d,9049.33,9049.33,9049.33,9049.33,,-1.23,0.0,Nikkei 225 Historical Data.csv,True
NIKKEI225,2002-10-03,1d,8936.43,8936.43,8936.43,8936.43,,-1.25,0.0,Nikkei 225 Historical Data.csv,True
NIKKEI225,2002-10-04,1d,9027.55,9027.55,9027.55,9027.55,,1.02,0.0,Nikkei 225 Historical Data.csv,True
NIKKEI225,2002-10-07,1d,8688.0,8688.0,8688.0,8688.0,,-3.76,0.0,Nikkei 225 Historical Data.csv,True
NIKKEI225,2002-10-08,1d,8708.9,8708.9,8708.9,8708.9,,0.24,0.0,Nikkei 225 Historical Data.csv,True
NIKKEI225,2002-10-09,1d,8539.34,8539.34,8539.34,8539.34,,-1.95,0.0,Nikkei 225 Historical Data.csv,True
NIKKEI225,2002-10-10,1d,8439.62,8439.62,8439.62,8439.62,,-1.17,0.0,Nikkei 225 Historical Data.csv,True
NIKKEI225,2002-10-11,1d,8529.61,8529.61,8529.61,8529.61,,1.07,0.0,Nikkei 225 Historical Data.csv,True
NIKKEI225,2002-10-15,1d,8836.73,8836.73,8836.73,8836.73,,3.6,0.0,Nikkei 225 Historical Data.csv,True
NIKKEI225,2002-10-16,1d,8884.87,8884.87,8884.87,8884.87,,0.54,0.0,Nikkei 225 Historical Data.csv,True
NIKKEI225,2002-10-17,1d,8959.88,8959.88,8959.88,8959.88,,0.84,0.0,Nikkei 225 Historical Data.csv,True
NIKKEI225,2002-10-18,1d,9086.13,9086.13,9086.13,9086.13,,1.41,0.0,Nikkei 225 Historical Data.csv,True
NIKKEI225,2002-10-21,1d,8978.41,8978.41,8978.41,8978.41,,-1.19,0.0,Nikkei 225 Historical Data.csv,True
NIKKEI225,2002-10-22,1d,8689.39,8689.39,8689.39,8689.39,,-3.22,0.0,Nikkei 225 Historical Data.csv,True
NIKKEI225,2002-10-23,1d,8714.52,8714.52,8714.52,8714.52,,0.29,0.0,Nikkei 225 Historical Data.csv,True
NIKKEI225,2002-10-24,1d,8614.3,8614.3,8614.3,8614.3,,-1.15,0.0,Nikkei 225 Historical Data.csv,True
NIKKEI225,2002-10-25,1d,8726.29,8726.29,8726.29,8726.29,,1.3,0.0,Nikkei 225 Historical Data.csv,True
NIKKEI225,2002-10-28,1d,8757.51,8757.51,8757.51,8757.51,,0.36,0.0,Nikkei 225 Historical Data.csv,True
NIKKEI225,2002-10-29,1d,8708.76,8708.76,8708.76,8708.76,,-0.56,0.0,Nikkei 225 Historical Data.csv,True
NIKKEI225,2002-10-30,1d,8756.59,8756.59,8756.59,8756.59,,0.55,0.0,Nikkei 225 Historical Data.csv,True
NIKKEI225,2002-10-31,1d,8640.48,8640.48,8640.48,8640.48,,-1.33,0.0,Nikkei 225 Historical Data.csv,True
NIKKEI225,2002-11-01,1d,8685.72,8685.72,8685.72,8685.72,,0.52,0.0,Nikkei 225 Historical Data.csv,True
NIKKEI225,2002-11-05,1d,8937.56,8937.56,8937.56,8937.56,,2.9,0.0,Nikkei 225 Historical Data.csv,True
NIKKEI225,2002-11-06,1d,8953.29,8953.29,8953.29,8953.29,,0.18,0.0,Nikkei 225 Historical Data.csv,True
NIKKEI225,2002-11-07,1d,8920.44,8920.44,8920.44,8920.44,,-0.37,0.0,Nikkei 225 Historical Data.csv,True
NIKKEI225,2002-11-08,1d,8690.77,8690.77,8690.77,8690.77,,-2.57,0.0,Nikkei 225 Historical Data.csv,True
NIKKEI225,2002-11-11,1d,8460.37,8460.37,8460.37,8460.37,,-2.65,0.0,Nikkei 225 Historical Data.csv,True
NIKKEI225,2002-11-12,1d,8464.77,8464.77,8464.77,8464.77,,0.05,0.0,Nikkei 225 Historical Data.csv,True
NIKKEI225,2002-11-13,1d,8438.52,8438.52,8438.52,8438.52,,-0.31,0.0,Nikkei 225 Historical Data.csv,True
NIKKEI225,2002-11-14,1d,8303.39,8303.39,8303.39,8303.39,,-1.6,0.0,Nikkei 225 Historical Data.csv,True
NIKKEI225,2002-11-15,1d,8503.59,8503.59,8503.59,8503.59,,2.41,0.0,Nikkei 225 Historical Data.csv,True
NIKKEI225,2002-11-18,1d,8346.01,8346.01,8346.01,8346.01,,-1.85,0.0,Nikkei 225 Historical Data.csv,True
NIKKEI225,2002-11-19,1d,8365.26,8365.26,8365.26,8365.26,,0.23,0.0,Nikkei 225 Historical Data.csv,True
NIKKEI225,2002-11-20,1d,8459.62,8459.62,8459.62,8459.62,,1.13,0.0,Nikkei 225 Historical Data.csv,True
NIKKEI225,2002-11-21,1d,8668.06,8668.06,8668.06,8668.06,,2.46,0.0,Nikkei 225 Historical Data.csv,True
NIKKEI225,2002-11-22,1d,8772.56,8772.56,8772.56,8772.56,,1.21,0.0,Nikkei 225 Historical Data.csv,True
NIKKEI225,2002-11-25,1d,8944.44,8944.44,8944.44,8944.44,,1.96,0.0,Nikkei 225 Historical Data.csv,True
NIKKEI225,2002-11-26,1d,8823.99,8823.99,8823.99,8823.99,,-1.35,0.0,Nikkei 225 Historical Data.csv,True
NIKKEI225,2002-11-27,1d,8875.88,8875.88,8875.88,8875.88,,0.59,0.0,Nikkei 225 Historical Data.csv,True
NIKKEI225,2002-11-28,1d,9176.78,9176.78,9176.78,9176.78,,3.39,0.0,Nikkei 225 Historical Data.csv,True
NIKKEI225,2002-11-29,1d,9215.56,9215.56,9215.56,9215.56,,0.42,0.0,Nikkei 225 Historical Data.csv,True
NIKKEI225,2002-12-02,1d,9174.47,9174.47,9174.47,9174.47,,-0.45,0.0,Nikkei 225 Historical Data.csv,True
NIKKEI225,2002-12-03,1d,9205.11,9205.11,9205.11,9205.11,,0.33,0.0,Nikkei 225 Historical Data.csv,True
NIKKEI225,2002-12-04,1d,9006.73,9006.73,9006.73,9006.73,,-2.16,0.0,Nikkei 225 Historical Data.csv,True
NIKKEI225,2002-12-05,1d,8917.57,8917.57,8917.57,8917.57,,-0.99,0.0,Nikkei 225 Historical Data.csv,True
NIKKEI225,2002-12-06,1d,8863.26,8863.26,8863.26,8863.26,,-0.61,0.0,Nikkei 225 Historical Data.csv,True
NIKKEI225,2002-12-09,1d,8828.05,8828.05,8828.05,8828.05,,-0.4,0.0,Nikkei 225 Historical Data.csv,True
NIKKEI225,2002-12-10,1d,8804.52,8804.52,8804.52,8804.52,,-0.27,0.0,Nikkei 225 Historical Data.csv,True
NIKKEI225,2002-12-11,1d,8727.66,8727.66,8727.66,8727.66,,-0.87,0.0,Nikkei 225 Historical Data.csv,True
NIKKEI225,2002-12-12,1d,8708.69,8708.69,8708.69,8708.69,,-0.22,0.0,Nikkei 225 Historical Data.csv,True
NIKKEI225,2002-12-13,1d,8516.07,8516.07,8516.07,8516.07,,-2.21,0.0,Nikkei 225 Historical Data.csv,True
NIKKEI225,2002-12-16,1d,8450.94,8450.94,8450.94,8450.94,,-0.76,0.0,Nikkei 225 Historical Data.csv,True
NIKKEI225,2002-12-17,1d,8510.73,8510.73,8510.73,8510.73,,0.71,0.0,Nikkei 225 Historical Data.csv,True
NIKKEI225,2002-12-18,1d,8344.01,8344.01,8344.01,8344.01,,-1.96,0.0,Nikkei 225 Historical Data.csv,True
NIKKEI225,2002-12-19,1d,8387.57,8387.57,8387.57,8387.57,,0.52,0.0,Nikkei 225 Historical Data.csv,True
NIKKEI225,2002-12-20,1d,8406.88,8406.88,8406.88,8406.88,,0.23,0.0,Nikkei 225 Historical Data.csv,True
NIKKEI225,2002-12-24,1d,8512.37,8512.37,8512.37,8512.37,,1.25,0.0,Nikkei 225 Historical Data.csv,True
NIKKEI225,2002-12-25,1d,8501.14,8501.14,8501.14,8501.14,,-0.13,0.0,Nikkei 225 Historical Data.csv,True
NIKKEI225,2002-12-26,1d,8700.1,8700.1,8700.1,8700.1,,2.34,0.0,Nikkei 225 Historical Data.csv,True
NIKKEI225,2002-12-27,1d,8714.05,8714.05,8714.05,8714.05,,0.16,0.0,Nikkei 225 Historical Data.csv,True
NIKKEI225,2002-12-30,1d,8578.95,8578.95,8578.95,8578.95,,-1.55,0.0,Nikkei 225 Historical Data.csv,True
NIKKEI225,2003-01-06,1d,8713.33,8713.33,8713.33,8713.33,,1.57,0.0,Nikkei 225 Historical Data.csv,True
NIKKEI225,2003-01-07,1d,8656.5,8656.5,8656.5,8656.5,,-0.65,0.0,Nikkei 225 Historical Data.csv,True
NIKKEI225,2003-01-08,1d,8517.8,8517.8,8517.8,8517.8,,-1.6,0.0,Nikkei 225 Historical Data.csv,True
NIKKEI225,2003-01-09,1d,8497.93,8497.93,8497.93,8497.93,,-0.23,0.0,Nikkei 225 Historical Data.csv,True
NIKKEI225,2003-01-10,1d,8470.45,8470.45,8470.45,8470.45,,-0.32,0.0,Nikkei 225 Historical Data.csv,True
NIKKEI225,2003-01-14,1d,8553.06,8553.06,8553.06,8553.06,,0.98,0.0,Nikkei 225 Historical Data.csv,True
NIKKEI225,2003-01-15,1d,8611.75,8611.75,8611.75,8611.75,,0.69,0.0,Nikkei 225 Historical Data.csv,True
NIKKEI225,2003-01-16,1d,8609.17,8609.17,8609.17,8609.17,,-0.03,0.0,Nikkei 225 Historical Data.csv,True
NIKKEI225,2003-01-17,1d,8690.25,8690.25,8690.25,8690.25,,0.94,0.0,Nikkei 225 Historical Data.csv,True
NIKKEI225,2003-01-20,1d,8558.82,8558.82,8558.82,8558.82,,-1.51,0.0,Nikkei 225 Historical Data.csv,True
NIKKEI225,2003-01-21,1d,8708.58,8708.58,8708.58,8708.58,,1.75,0.0,Nikkei 225 Historical Data.csv,True
NIKKEI225,2003-01-22,1d,8611.04,8611.04,8611.04,8611.04,,-1.12,0.0,Nikkei 225 Historical Data.csv,True
NIKKEI225,2003-01-23,1d,8790.92,8790.92,8790.92,8790.92,,2.09,0.0,Nikkei 225 Historical Data.csv,True
NIKKEI225,2003-01-24,1d,8731.65,8731.65,8731.65,8731.65,,-0.67,0.0,Nikkei 225 Historical Data.csv,True
NIKKEI225,2003-01-27,1d,8609.47,8609.47,8609.47,8609.47,,-1.4,0.0,Nikkei 225 Historical Data.csv,True
NIKKEI225,2003-01-28,1d,8525.39,8525.39,8525.39,8525.39,,-0.98,0.0,Nikkei 225 Historical Data.csv,True
NIKKEI225,2003-01-29,1d,8331.08,8331.08,8331.08,8331.08,,-2.28,0.0,Nikkei 225 Historical Data.csv,True
NIKKEI225,2003-01-30,1d,8316.81,8316.81,8316.81,8316.81,,-0.17,0.0,Nikkei 225 Historical Data.csv,True
NIKKEI225,2003-01-31,1d,8339.94,8339.94,8339.94,8339.94,,0.28,0.0,Nikkei 225 Historical Data.csv,True
NIKKEI225,2003-02-03,1d,8500.79,8500.79,8500.79,8500.79,,1.93,0.0,Nikkei 225 Historical Data.csv,True
NIKKEI225,2003-02-04,1d,8484.9,8484.9,8484.9,8484.9,,-0.19,0.0,Nikkei 225 Historical Data.csv,True
NIKKEI225,2003-02-05,1d,8549.85,8549.85,8549.85,8549.85,,0.77,0.0,Nikkei 225 Historical Data.csv,True
NIKKEI225,2003-02-06,1d,8484.19,8484.19,8484.19,8484.19,,-0.77,0.0,Nikkei 225 Historical Data.csv,True
NIKKEI225,2003-02-07,1d,8448.16,8448.16,8448.16,8448.16,,-0.42,0.0,Nikkei 225 Historical Data.csv,True
NIKKEI225,2003-02-10,1d,8484.93,8484.93,8484.93,8484.93,,0.44,0.0,Nikkei 225 Historical Data.csv,True
NIKKEI225,2003-02-12,1d,8664.17,8664.17,8664.17,8664.17,,2.11,0.0,Nikkei 225 Historical Data.csv,True
NIKKEI225,2003-02-13,1d,8599.66,8599.66,8599.66,8599.66,,-0.74,0.0,Nikkei 225 Historical Data.csv,True
NIKKEI225,2003-02-14,1d,8701.92,8701.92,8701.92,8701.92,,1.19,0.0,Nikkei 225 Historical Data.csv,True
NIKKEI225,2003-02-17,1d,8771.89,8771.89,8771.89,8771.89,,0.8,0.0,Nikkei 225 Historical Data.csv,True
NIKKEI225,2003-02-18,1d,8692.97,8692.97,8692.97,8692.97,,-0.9,0.0,Nikkei 225 Historical Data.csv,True
NIKKEI225,2003-02-19,1d,8678.44,8678.44,8678.44,8678.44,,-0.17,0.0,Nikkei 225 Historical Data.csv,True
NIKKEI225,2003-02-20,1d,8650.92,8650.92,8650.92,8650.92,,-0.32,0.0,Nikkei 225 Historical Data.csv,True
NIKKEI225,2003-02-21,1d,8513.54,8513.54,8513.54,8513.54,,-1.59,0.0,Nikkei 225 Historical Data.csv,True
NIKKEI225,2003-02-24,1d,8564.95,8564.95,8564.95,8564.95,,0.6,0.0,Nikkei 225 Historical Data.csv,True
NIKKEI225,2003-02-25,1d,8360.49,8360.49,8360.49,8360.49,,-2.39,0.0,Nikkei 225 Historical Data.csv,True
NIKKEI225,2003-02-26,1d,8356.81,8356.81,8356.81,8356.81,,-0.04,0.0,Nikkei 225 Historical Data.csv,True
NIKKEI225,2003-02-27,1d,8359.38,8359.38,8359.38,8359.38,,0.03,0.0,Nikkei 225 Historical Data.csv,True
NIKKEI225,2003-02-28,1d,8363.04,8363.04,8363.04,8363.04,,0.04,0.0,Nikkei 225 Historical Data.csv,True
NIKKEI225,2003-03-03,1d,8490.4,8490.4,8490.4,8490.4,,1.52,0.0,Nikkei 225 Historical Data.csv,True
NIKKEI225,2003-03-04,1d,8480.22,8480.22,8480.22,8480.22,,-0.12,0.0,Nikkei 225 Historical Data.csv,True
NIKKEI225,2003-03-05,1d,8472.62,8472.62,8472.62,8472.62,,-0.09,0.0,Nikkei 225 Historical Data.csv,True
NIKKEI225,2003-03-06,1d,8369.15,8369.15,8369.15,8369.15,,-1.22,0.0,Nikkei 225 Historical Data.csv,True
NIKKEI225,2003-03-07,1d,8144.12,8144.12,8144.12,8144.12,,-2.69,0.0,Nikkei 225 Historical Data.csv,True
NIKKEI225,2003-03-10,1d,8042.26,8042.26,8042.26,8042.26,,-1.25,0.0,Nikkei 225 Historical Data.csv,True
NIKKEI225,2003-03-11,1d,7862.43,7862.43,7862.43,7862.43,,-2.24,0.0,Nikkei 225 Historical Data.csv,True
NIKKEI225,2003-03-12,1d,7943.04,7943.04,7943.04,7943.04,,1.03,0.0,Nikkei 225 Historical Data.csv,True
NIKKEI225,2003-03-13,1d,7868.56,7868.56,7868.56,7868.56,,-0.94,0.0,Nikkei 225 Historical Data.csv,True
NIKKEI225,2003-03-14,1d,8002.69,8002.69,8002.69,8002.69,,1.7,0.0,Nikkei 225 Historical Data.csv,True
NIKKEI225,2003-03-17,1d,7871.64,7871.64,7871.64,7871.64,,-1.64,0.0,Nikkei 225 Historical Data.csv,True
NIKKEI225,2003-03-18,1d,7954.46,7954.46,7954.46,7954.46,,1.05,0.0,Nikkei 225 Historical Data.csv,True
NIKKEI225,2003-03-19,1d,8051.04,8051.04,8051.04,8051.04,,1.21,0.0,Nikkei 225 Historical Data.csv,True
NIKKEI225,2003-03-20,1d,8195.05,8195.05,8195.05,8195.05,,1.79,0.0,Nikkei 225 Historical Data.csv,True
NIKKEI225,2003-03-24,1d,8435.07,8435.07,8435.07,8435.07,,2.93,0.0,Nikkei 225 Historical Data.csv,True
NIKKEI225,2003-03-25,1d,8238.76,8238.76,8238.76,8238.76,,-2.33,0.0,Nikkei 225 Historical Data.csv,True
NIKKEI225,2003-03-26,1d,8351.92,8351.92,8351.92,8351.92,,1.37,0.0,Nikkei 225 Historical Data.csv,True
NIKKEI225,2003-03-27,1d,8368.67,8368.67,8368.67,8368.67,,0.2,0.0,Nikkei 225 Historical Data.csv,True
NIKKEI225,2003-03-28,1d,8280.16,8280.16,8280.16,8280.16,,-1.06,0.0,Nikkei 225 Historical Data.csv,True
NIKKEI225,2003-03-31,1d,7972.71,7972.71,7972.71,7972.71,,-3.71,0.0,Nikkei 225 Historical Data.csv,True
NIKKEI225,2003-04-01,1d,7986.72,7986.72,7986.72,7986.72,,0.18,0.0,Nikkei 225 Historical Data.csv,True
NIKKEI225,2003-04-02,1d,8069.85,8069.85,8069.85,8069.85,,1.04,0.0,Nikkei 225 Historical Data.csv,True
NIKKEI225,2003-04-03,1d,8017.75,8017.75,8017.75,8017.75,,-0.65,0.0,Nikkei 225 Historical Data.csv,True
NIKKEI225,2003-04-04,1d,8074.12,8074.12,8074.12,8074.12,,0.7,0.0,Nikkei 225 Historical Data.csv,True
NIKKEI225,2003-04-07,1d,8249.98,8249.98,8249.98,8249.98,,2.18,0.0,Nikkei 225 Historical Data.csv,True
NIKKEI225,2003-04-08,1d,8131.41,8131.41,8131.41,8131.41,,-1.44,0.0,Nikkei 225 Historical Data.csv,True
NIKKEI225,2003-04-09,1d,8057.61,8057.61,8057.61,8057.61,,-0.91,0.0,Nikkei 225 Historical Data.csv,True
NIKKEI225,2003-04-10,1d,7980.12,7980.12,7980.12,7980.12,,-0.96,0.0,Nikkei 225 Historical Data.csv,True
NIKKEI225,2003-04-11,1d,7816.49,7816.49,7816.49,7816.49,,-2.05,0.0,Nikkei 225 Historical Data.csv,True
NIKKEI225,2003-04-14,1d,7752.1,7752.1,7752.1,7752.1,,-0.82,0.0,Nikkei 225 Historical Data.csv,True
NIKKEI225,2003-04-15,1d,7838.83,7838.83,7838.83,7838.83,,1.12,0.0,Nikkei 225 Historical Data.csv,True
NIKKEI225,2003-04-16,1d,7879.49,7879.49,7879.49,7879.49,,0.52,0.0,Nikkei 225 Historical Data.csv,True
NIKKEI225,2003-04-17,1d,7821.9,7821.9,7821.9,7821.9,,-0.73,0.0,Nikkei 225 Historical Data.csv,True
NIKKEI225,2003-04-18,1d,7874.51,7874.51,7874.51,7874.51,,0.67,0.0,Nikkei 225 Historical Data.csv,True
NIKKEI225,2003-04-21,1d,7969.08,7969.08,7969.08,7969.08,,1.2,0.0,Nikkei 225 Historical Data.csv,True
NIKKEI225,2003-04-22,1d,7790.46,7790.46,7790.46,7790.46,,-2.24,0.0,Nikkei 225 Historical Data.csv,True
NIKKEI225,2003-04-23,1d,7793.38,7793.38,7793.38,7793.38,,0.04,0.0,Nikkei 225 Historical Data.csv,True
NIKKEI225,2003-04-24,1d,7854.57,7854.57,7854.57,7854.57,,0.79,0.0,Nikkei 225 Historical Data.csv,True
NIKKEI225,2003-04-25,1d,7699.5,7699.5,7699.5,7699.5,,-1.97,0.0,Nikkei 225 Historical Data.csv,True
NIKKEI225,2003-04-28,1d,7607.88,7607.88,7607.88,7607.88,,-1.19,0.0,Nikkei 225 Historical Data.csv,True
NIKKEI225,2003-04-30,1d,7831.42,7831.42,7831.42,7831.42,,2.94,0.0,Nikkei 225 Historical Data.csv,True
NIKKEI225,2003-05-01,1d,7863.29,7863.29,7863.29,7863.29,,0.41,0.0,Nikkei 225 Historical Data.csv,True
NIKKEI225,2003-05-02,1d,7907.19,7907.19,7907.19,7907.19,,0.56,0.0,Nikkei 225 Historical Data.csv,True
NIKKEI225,2003-05-06,1d,8083.56,8083.56,8083.56,8083.56,,2.23,0.0,Nikkei 225 Historical Data.csv,True
NIKKEI225,2003-05-07,1d,8109.77,8109.77,8109.77,8109.77,,0.32,0.0,Nikkei 225 Historical Data.csv,True
NIKKEI225,2003-05-08,1d,8031.55,8031.55,8031.55,8031.55,,-0.96,0.0,Nikkei 225 Historical Data.csv,True
NIKKEI225,2003-05-09,1d,8152.16,8152.16,8152.16,8152.16,,1.5,0.0,Nikkei 225 Historical Data.csv,True
NIKKEI225,2003-05-12,1d,8221.12,8221.12,8221.12,8221.12,,0.85,0.0,Nikkei 225 Historical Data.csv,True
NIKKEI225,2003-05-13,1d,8190.26,8190.26,8190.26,8190.26,,-0.38,0.0,Nikkei 225 Historical Data.csv,True
NIKKEI225,2003-05-14,1d,8244.91,8244.91,8244.91,8244.91,,0.67,0.0,Nikkei 225 Historical Data.csv,True
NIKKEI225,2003-05-15,1d,8123.4,8123.4,8123.4,8123.4,,-1.47,0.0,Nikkei 225 Historical Data.csv,True
NIKKEI225,2003-05-16,1d,8117.29,8117.29,8117.29,8117.29,,-0.08,0.0,Nikkei 225 Historical Data.csv,True
NIKKEI225,2003-05-19,1d,8039.13,8039.13,8039.13,8039.13,,-0.96,0.0,Nikkei 225 Historical Data.csv,True
NIKKEI225,2003-05-20,1d,8059.48,8059.48,8059.48,8059.48,,0.25,0.0,Nikkei 225 Historical Data.csv,True
NIKKEI225,2003-05-21,1d,8018.51,8018.51,8018.51,8018.51,,-0.51,0.0,Nikkei 225 Historical Data.csv,True
NIKKEI225,2003-05-22,1d,8051.66,8051.66,8051.66,8051.66,,0.41,0.0,Nikkei 225 Historical Data.csv,True
NIKKEI225,2003-05-23,1d,8184.76,8184.76,8184.76,8184.76,,1.65,0.0,Nikkei 225 Historical Data.csv,True
NIKKEI225,2003-05-26,1d,8227.32,8227.32,8227.32,8227.32,,0.52,0.0,Nikkei 225 Historical Data.csv,True
NIKKEI225,2003-05-27,1d,8120.24,8120.24,8120.24,8120.24,,-1.3,0.0,Nikkei 225 Historical Data.csv,True
NIKKEI225,2003-05-28,1d,8234.18,8234.18,8234.18,8234.18,,1.4,0.0,Nikkei 225 Historical Data.csv,True
NIKKEI225,2003-05-29,1d,8375.36,8375.36,8375.36,8375.36,,1.71,0.0,Nikkei 225 Historical Data.csv,True
NIKKEI225,2003-05-30,1d,8424.51,8424.51,8424.51,8424.51,,0.59,0.0,Nikkei 225 Historical Data.csv,True
NIKKEI225,2003-06-02,1d,8547.17,8547.17,8547.17,8547.17,,1.46,0.0,Nikkei 225 Historical Data.csv,True
NIKKEI225,2003-06-03,1d,8564.49,8564.49,8564.49,8564.49,,0.2,0.0,Nikkei 225 Historical Data.csv,True
NIKKEI225,2003-06-04,1d,8557.86,8557.86,8557.86,8557.86,,-0.08,0.0,Nikkei 225 Historical Data.csv,True
NIKKEI225,2003-06-05,1d,8657.23,8657.23,8657.23,8657.23,,1.16,0.0,Nikkei 225 Historical Data.csv,True
NIKKEI225,2003-06-06,1d,8785.87,8785.87,8785.87,8785.87,,1.49,0.0,Nikkei 225 Historical Data.csv,True
NIKKEI225,2003-06-09,1d,8822.73,8822.73,8822.73,8822.73,,0.42,0.0,Nikkei 225 Historical Data.csv,True
NIKKEI225,2003-06-10,1d,8789.09,8789.09,8789.09,8789.09,,-0.38,0.0,Nikkei 225 Historical Data.csv,True
NIKKEI225,2003-06-11,1d,8890.3,8890.3,8890.3,8890.3,,1.15,0.0,Nikkei 225 Historical Data.csv,True
NIKKEI225,2003-06-12,1d,8918.6,8918.6,8918.6,8918.6,,0.32,0.0,Nikkei 225 Historical Data.csv,True
NIKKEI225,2003-06-13,1d,8980.64,8980.64,8980.64,8980.64,,0.7,0.0,Nikkei 225 Historical Data.csv,True
NIKKEI225,2003-06-16,1d,8839.83,8839.83,8839.83,8839.83,,-1.57,0.0,Nikkei 225 Historical Data.csv,True
NIKKEI225,2003-06-17,1d,9033.0,9033.0,9033.0,9033.0,,2.19,0.0,Nikkei 225 Historical Data.csv,True
NIKKEI225,2003-06-18,1d,9092.97,9092.97,9092.97,9092.97,,0.66,0.0,Nikkei 225 Historical Data.csv,True
NIKKEI225,2003-06-19,1d,9110.51,9110.51,9110.51,9110.51,,0.19,0.0,Nikkei 225 Historical Data.csv,True
NIKKEI225,2003-06-20,1d,9120.39,9120.39,9120.39,9120.39,,0.11,0.0,Nikkei 225 Historical Data.csv,True
NIKKEI225,2003-06-23,1d,9137.14,9137.14,9137.14,9137.14,,0.18,0.0,Nikkei 225 Historical Data.csv,True
NIKKEI225,2003-06-24,1d,8919.26,8919.26,8919.26,8919.26,,-2.38,0.0,Nikkei 225 Historical Data.csv,True
NIKKEI225,2003-06-25,1d,8932.26,8932.26,8932.26,8932.26,,0.15,0.0,Nikkei 225 Historical Data.csv,True
NIKKEI225,2003-06-26,1d,8923.41,8923.41,8923.41,8923.41,,-0.1,0.0,Nikkei 225 Historical Data.csv,True
NIKKEI225,2003-06-27,1d,9104.06,9104.06,9104.06,9104.06,,2.02,0.0,Nikkei 225 Historical Data.csv,True
NIKKEI225,2003-06-30,1d,9083.11,9083.11,9083.11,9083.11,,-0.23,0.0,Nikkei 225 Historical Data.csv,True
NIKKEI225,2003-07-01,1d,9278.49,9278.49,9278.49,9278.49,,2.15,0.0,Nikkei 225 Historical Data.csv,True
NIKKEI225,2003-07-02,1d,9592.24,9592.24,9592.24,9592.24,,3.38,0.0,Nikkei 225 Historical Data.csv,True
NIKKEI225,2003-07-03,1d,9624.8,9624.8,9624.8,9624.8,,0.34,0.0,Nikkei 225 Historical Data.csv,True
NIKKEI225,2003-07-04,1d,9547.73,9547.73,9547.73,9547.73,,-0.8,0.0,Nikkei 225 Historical Data.csv,True
NIKKEI225,2003-07-07,1d,9795.16,9795.16,9795.16,9795.16,,2.59,0.0,Nikkei 225 Historical Data.csv,True
NIKKEI225,2003-07-08,1d,9898.72,9898.72,9898.72,9898.72,,1.06,0.0,Nikkei 225 Historical Data.csv,True
NIKKEI225,2003-07-09,1d,9990.95,9990.95,9990.95,9990.95,,0.93,0.0,Nikkei 225 Historical Data.csv,True
NIKKEI225,2003-07-10,1d,9955.62,9955.62,9955.62,9955.62,,-0.35,0.0,Nikkei 225 Historical Data.csv,True
NIKKEI225,2003-07-11,1d,9635.35,9635.35,9635.35,9635.35,,-3.22,0.0,Nikkei 225 Historical Data.csv,True
NIKKEI225,2003-07-14,1d,9755.63,9755.63,9755.63,9755.63,,1.25,0.0,Nikkei 225 Historical Data.csv,True
NIKKEI225,2003-07-15,1d,9751.0,9751.0,9751.0,9751.0,,-0.05,0.0,Nikkei 225 Historical Data.csv,True
NIKKEI225,2003-07-16,1d,9735.97,9735.97,9735.97,9735.97,,-0.15,0.0,Nikkei 225 Historical Data.csv,True
NIKKEI225,2003-07-17,1d,9498.86,9498.86,9498.86,9498.86,,-2.44,0.0,Nikkei 225 Historical Data.csv,True
NIKKEI225,2003-07-18,1d,9527.73,9527.73,9527.73,9527.73,,0.3,0.0,Nikkei 225 Historical Data.csv,True
NIKKEI225,2003-07-22,1d,9485.97,9485.97,9485.97,9485.97,,-0.44,0.0,Nikkei 225 Historical Data.csv,True
NIKKEI225,2003-07-23,1d,9615.34,9615.34,9615.34,9615.34,,1.36,0.0,Nikkei 225 Historical Data.csv,True
NIKKEI225,2003-07-24,1d,9671.0,9671.0,9671.0,9671.0,,0.58,0.0,Nikkei 225 Historical Data.csv,True
NIKKEI225,2003-07-25,1d,9648.01,9648.01,9648.01,9648.01,,-0.24,0.0,Nikkei 225 Historical Data.csv,True
NIKKEI225,2003-07-28,1d,9839.91,9839.91,9839.91,9839.91,,1.99,0.0,Nikkei 225 Historical Data.csv,True
NIKKEI225,2003-07-29,1d,9834.31,9834.31,9834.31,9834.31,,-0.06,0.0,Nikkei 225 Historical Data.csv,True
NIKKEI225,2003-07-30,1d,9632.66,9632.66,9632.66,9632.66,,-2.05,0.0,Nikkei 225 Historical Data.csv,True
NIKKEI225,2003-07-31,1d,9563.21,9563.21,9563.21,9563.21,,-0.72,0.0,Nikkei 225 Historical Data.csv,True
NIKKEI225,2003-08-01,1d,9611.67,9611.67,9611.67,9611.67,,0.51,0.0,Nikkei 225 Historical Data.csv,True
NIKKEI225,2003-08-04,1d,9538.94,9538.94,9452.79,9452.79,,-1.65,-0.9031401811941286,Nikkei 225 Historical Data.csv,True
NIKKEI225,2003-08-05,1d,9456.82,9459.16,9304.71,9382.58,,-0.74,-0.785041906264472,Nikkei 225 Historical Data.csv,True
NIKKEI225,2003-08-06,1d,9296.65,9375.43,9287.39,9323.91,,-0.63,0.2932239032339634,Nikkei 225 Historical Data.csv,True
NIKKEI225,2003-08-07,1d,9324.58,9334.56,9224.05,9265.56,,-0.63,-0.6329507602487183,Nikkei 225 Historical Data.csv,True
NIKKEI225,2003-08-08,1d,9256.69,9367.64,9251.73,9327.53,,0.67,0.7652843511017471,Nikkei 225 Historical Data.csv,True
NIKKEI225,2003-08-11,1d,9349.05,9498.15,9332.47,9487.8,,1.72,1.4841080109743832,Nikkei 225 Historical Data.csv,True
NIKKEI225,2003-08-12,1d,9547.58,9620.21,9517.14,9564.81,,0.81,0.18046457845861674,Nikkei 225 Historical Data.csv,True
NIKKEI225,2003-08-13,1d,9637.93,9762.16,9637.93,9752.75,,1.96,1.1913346538105163,Nikkei 225 Historical Data.csv,True
NIKKEI225,2003-08-14,1d,9730.63,9924.69,9678.99,9913.47,,1.65,1.8790150278039652,Nikkei 225 Historical Data.csv,True
NIKKEI225,2003-08-15,1d,9945.3,10038.09,9854.27,9863.47,,-0.5,-0.822800719938066,Nikkei 225 Historical Data.csv,True
NIKKEI225,2003-08-18,1d,9933.55,10048.92,9933.55,10032.97,,1.72,1.000850652586438,Nikkei 225 Historical Data.csv,True
NIKKEI225,2003-08-19,1d,10143.31,10241.94,10131.21,10174.1,,1.41,0.3035498274231996,Nikkei 225 Historical Data.csv,True
NIKKEI225,2003-08-20,1d,10201.21,10334.29,10164.42,10292.06,,1.16,0.8905806272001104,Nikkei 225 Historical Data.csv,True
NIKKEI225,2003-08-21,1d,10245.96,10377.39,10202.72,10362.69,,0.69,1.139278310670755,Nikkei 225 Historical Data.csv,True
NIKKEI225,2003-08-22,1d,10374.22,10378.13,10262.27,10281.17,,-0.79,-0.8969349020938377,Nikkei 225 Historical Data.csv,True
NIKKEI225,2003-08-25,1d,10264.61,10331.27,10205.25,10276.64,,-0.04,0.11719880248737269,Nikkei 225 Historical Data.csv,True
NIKKEI225,2003-08-26,1d,10208.56,10356.76,10171.17,10332.57,,0.54,1.214764863996498,Nikkei 225 Historical Data.csv,True
NIKKEI225,2003-08-27,1d,10349.64,10415.53,10272.96,10308.99,,-0.23,-0.3927672846591679,Nikkei 225 Historical Data.csv,True
NIKKEI225,2003-08-28,1d,10326.58,10356.42,10189.8,10225.22,,-0.81,-0.9815447127703547,Nikkei 225 Historical Data.csv,True
NIKKEI225,2003-08-29,1d,10315.26,10362.85,10282.51,10343.55,,1.16,0.2742538724181287,Nikkei 225 Historical Data.csv,True
NIKKEI225,2003-09-01,1d,10399.53,10670.18,10381.98,10670.18,,3.16,2.6025214601044455,Nikkei 225 Historical Data.csv,True
NIKKEI225,2003-09-02,1d,10668.58,10748.76,10616.61,10690.08,,0.19,0.2015263512107568,Nikkei 225 Historical Data.csv,True
NIKKEI225,2003-09-03,1d,10782.1,10813.59,10601.48,10715.69,,0.24,-0.6159282514538011,Nikkei 225 Historical Data.csv,True
NIKKEI225,2003-09-04,1d,10751.53,10783.68,10646.95,10646.95,,-0.64,-0.9726987693844502,Nikkei 225 Historical Data.csv,True
NIKKEI225,2003-09-05,1d,10700.83,10707.75,10592.93,10650.77,,0.04,-0.4678141789001389,Nikkei 225 Historical Data.csv,True
NIKKEI225,2003-09-08,1d,10584.36,10725.54,10562.78,10683.76,,0.31,0.9391214962453986,Nikkei 225 Historical Data.csv,True
NIKKEI225,2003-09-09,1d,10766.47,10927.62,10765.04,10922.04,,2.23,1.4449489944243776,Nikkei 225 Historical Data.csv,True
NIKKEI225,2003-09-10,1d,10872.43,10938.3,10839.21,10856.32,,-0.6,-0.14817294753795007,Nikkei 225 Historical Data.csv,True
NIKKEI225,2003-09-11,1d,10742.49,10749.01,10540.28,10546.33,,-2.86,-1.8260198520082427,Nikkei 225 Historical Data.csv,True
NIKKEI225,2003-09-12,1d,10656.93,10751.43,10613.7,10712.81,,1.58,0.5243536365538537,Nikkei 225 Historical Data.csv,True
NIKKEI225,2003-09-16,1d,10786.33,10887.03,10758.33,10887.03,,1.63,0.9335890891526644,Nikkei 225 Historical Data.csv,True
NIKKEI225,2003-09-17,1d,11008.63,11099.06,10964.99,10990.11,,0.95,-0.16823165098652781,Nikkei 225 Historical Data.csv,True
NIKKEI225,2003-09-18,1d,10936.53,11067.62,10869.69,11033.32,,0.39,0.8850156311005275,Nikkei 225 Historical Data.csv,True
NIKKEI225,2003-09-19,1d,11123.73,11160.19,10938.42,10938.42,,-0.86,-1.6658980395964251,Nikkei 225 Historical Data.csv,True
NIKKEI225,2003-09-22,1d,10858.09,10858.09,10412.2,10475.1,,-4.24,-3.5272317691232957,Nikkei 225 Historical Data.csv,True
NIKKEI225,2003-09-24,1d,10526.89,10672.54,10367.17,10502.29,,0.26,-0.23368725236037058,Nikkei 225 Historical Data.csv,True
NIKKEI225,2003-09-25,1d,10350.03,10371.69,10225.48,10310.04,,-1.83,-0.38637569166466434,Nikkei 225 Historical Data.csv,True
NIKKEI225,2003-09-26,1d,10217.23,10366.21,10213.75,10318.44,,0.08,0.990581595990303,Nikkei 225 Historical Data.csv,True
NIKKEI225,2003-09-29,1d,10303.26,10309.17,10148.36,10229.57,,-0.86,-0.7152105256006402,Nikkei 225 Historical Data.csv,True
NIKKEI225,2003-09-30,1d,10294.75,10420.76,10219.05,10219.05,,-0.1,-0.7353262585298448,Nikkei 225 Historical Data.csv,True
NIKKEI225,2003-10-01,1d,10232.57,10361.24,10173.54,10361.24,,1.39,1.2574553606767402,Nikkei 225 Historical Data.csv,True
NIKKEI225,2003-10-02,1d,10476.58,10620.62,10465.89,10593.53,,2.24,1.11629940304947,Nikkei 225 Historical Data.csv,True
NIKKEI225,2003-10-03,1d,10618.08,10726.92,10583.51,10709.29,,1.09,0.8590065247201073,Nikkei 225 Historical Data.csv,True
NIKKEI225,2003-10-06,1d,10813.56,10905.19,10719.91,10740.14,,0.29,-0.6789623398769651,Nikkei 225 Historical Data.csv,True
NIKKEI225,2003-10-07,1d,10761.71,10820.33,10697.83,10820.33,,0.75,0.5447089728305432,Nikkei 225 Historical Data.csv,True
NIKKEI225,2003-10-08,1d,10757.62,10797.8,10511.42,10542.2,,-2.57,-2.002487539065334,Nikkei 225 Historical Data.csv,True
NIKKEI225,2003-10-09,1d,10550.41,10598.96,10485.6,10531.44,,-0.1,-0.17980343891847994,Nikkei 225 Historical Data.csv,True
NIKKEI225,2003-10-10,1d,10569.72,10852.42,10569.72,10786.04,,2.42,2.0466010452500294,Nikkei 225 Historical Data.csv,True
NIKKEI225,2003-10-14,1d,10873.3,11031.73,10863.06,10966.43,,1.67,0.8565017060138125,Nikkei 225 Historical Data.csv,True
NIKKEI225,2003-10-15,1d,10997.61,10997.61,10856.42,10899.95,,-0.61,-0.8880111224165987,Nikkei 225 Historical Data.csv,True
NIKKEI225,2003-10-16,1d,10917.47,11025.15,10831.76,11025.15,,1.15,0.9863090990861467,Nikkei 225 Historical Data.csv,True
NIKKEI225,2003-10-17,1d,11057.22,11112.29,10977.9,11037.89,,0.12,-0.17481790178724976,Nikkei 225 Historical Data.csv,True
NIKKEI225,2003-10-20,1d,10988.48,11210.94,10875.27,11161.71,,1.12,1.5764691749905246,Nikkei 225 Historical Data.csv,True
NIKKEI225,2003-10-21,1d,11234.31,11238.63,10996.54,11031.52,,-1.17,-1.805095284000524,Nikkei 225 Historical Data.csv,True
NIKKEI225,2003-10-22,1d,11060.55,11060.85,10883.77,10889.62,,-1.29,-1.5454023534091754,Nikkei 225 Historical Data.csv,True
NIKKEI225,2003-10-23,1d,10754.01,10754.01,10304.29,10335.16,,-5.09,-3.894826209014124,Nikkei 225 Historical Data.csv,True
NIKKEI225,2003-10-24,1d,10402.67,10480.53,10186.77,10335.7,,0.01,-0.6437770303200918,Nikkei 225 Historical Data.csv,True
NIKKEI225,2003-10-27,1d,10360.86,10483.34,10349.76,10454.12,,1.15,0.9001183299455873,Nikkei 225 Historical Data.csv,True
NIKKEI225,2003-10-28,1d,10490.29,10592.05,10456.85,10561.01,,1.02,0.6741472352051137,Nikkei 225 Historical Data.csv,True
NIKKEI225,2003-10-29,1d,10653.54,10791.75,10653.54,10739.22,,1.69,0.8042397175023419,Nikkei 225 Historical Data.csv,True
NIKKEI225,2003-10-30,1d,10702.94,10761.62,10638.89,10695.56,,-0.41,-0.06895301664777698,Nikkei 225 Historical Data.csv,True
NIKKEI225,2003-10-31,1d,10708.04,10774.11,10521.4,10559.59,,-1.27,-1.3863414779922478,Nikkei 225 Historical Data.csv,True
NIKKEI225,2003-11-04,1d,10693.66,10869.35,10693.66,10847.97,,2.73,1.4430045466192087,Nikkei 225 Historical Data.csv,True
NIKKEI225,2003-11-05,1d,10816.23,10837.54,10668.39,10837.54,,-0.1,0.19701873943140935,Nikkei 225 Historical Data.csv,True
NIKKEI225,2003-11-06,1d,10825.14,10825.14,10537.13,10552.3,,-2.63,-2.5204292969883135,Nikkei 225 Historical Data.csv,True
NIKKEI225,2003-11-07,1d,10583.12,10641.5,10479.25,10628.98,,0.73,0.43333156951823604,Nikkei 225 Historical Data.csv,True
NIKKEI225,2003-11-10,1d,10592.35,10617.98,10481.07,10504.54,,-1.17,-0.8289945101889518,Nikkei 225 Historical Data.csv,True
NIKKEI225,2003-11-11,1d,10407.8,10407.8,10112.1,10207.04,,-2.83,-1.9289379119506345,Nikkei 225 Historical Data.csv,True
NIKKEI225,2003-11-12,1d,10252.57,10328.91,10155.64,10226.22,,0.19,-0.2570087304939239,Nikkei 225 Historical Data.csv,True
NIKKEI225,2003-11-13,1d,10345.21,10431.41,10277.54,10337.67,,1.09,-0.07288397238914834,Nikkei 225 Historical Data.csv,True
NIKKEI225,2003-11-14,1d,10338.2,10354.84,10164.12,10167.06,,-1.65,-1.6554139018397862,Nikkei 225 Historical Data.csv,True
NIKKEI225,2003-11-17,1d,10077.88,10077.88,9756.5,9786.83,,-3.74,-2.888008192199143,Nikkei 225 Historical Data.csv,True
NIKKEI225,2003-11-18,1d,9790.92,9906.88,9678.78,9897.05,,1.13,1.0839635090471589,Nikkei 225 Historical Data.csv,True
NIKKEI225,2003-11-19,1d,9804.09,9804.7,9614.6,9614.6,,-2.85,-1.9327647951008164,Nikkei 225 Historical Data.csv,True
NIKKEI225,2003-11-20,1d,9722.07,9883.89,9653.76,9865.7,,2.61,1.4773602740980163,Nikkei 225 Historical Data.csv,True
NIKKEI225,2003-11-21,1d,9804.44,9888.93,9758.34,9852.83,,-0.13,0.4935519009754641,Nikkei 225 Historical Data.csv,True
NIKKEI225,2003-11-25,1d,9976.13,10064.45,9959.51,9960.2,,1.09,-0.15968115892633916,Nikkei 225 Historical Data.csv,True
NIKKEI225,2003-11-26,1d,9965.54,10161.79,9965.54,10144.83,,1.85,1.7990996975577822,Nikkei 225 Historical Data.csv,True
NIKKEI225,2003-11-27,1d,10155.28,10173.6,10075.23,10163.38,,0.18,0.07976146398718242,Nikkei 225 Historical Data.csv,True
NIKKEI225,2003-11-28,1d,10144.43,10144.43,10033.47,10100.57,,-0.62,-0.4323554896628057,Nikkei 225 Historical Data.csv,True
NIKKEI225,2003-12-01,1d,10006.13,10439.0,9911.92,10403.27,,3.0,3.9689670232147867,Nikkei 225 Historical Data.csv,True
NIKKEI225,2003-12-02,1d,10452.64,10552.35,10373.95,10410.15,,0.07,-0.40650017603207633,Nikkei 225 Historical Data.csv,True
NIKKEI225,2003-12-03,1d,10412.24,10485.47,10326.39,10326.39,,-0.8,-0.8245103839327639,Nikkei 225 Historical Data.csv,True
NIKKEI225,2003-12-04,1d,10341.71,10449.54,10339.89,10429.99,,1.0,0.8536305891385432,Nikkei 225 Historical Data.csv,True
NIKKEI225,2003-12-05,1d,10406.47,10456.78,10333.64,10373.46,,-0.54,-0.3172065071056829,Nikkei 225 Historical Data.csv,True
NIKKEI225,2003-12-08,1d,10281.25,10293.74,10013.59,10045.34,,-3.16,-2.2945653495440754,Nikkei 225 Historical Data.csv,True
NIKKEI225,2003-12-09,1d,10107.26,10158.65,10004.71,10124.28,,0.79,0.16839380801523252,Nikkei 225 Historical Data.csv,True
NIKKEI225,2003-12-10,1d,10053.17,10053.17,9859.0,9910.56,,-2.11,-1.4185575296150388,Nikkei 225 Historical Data.csv,True
NIKKEI225,2003-12-11,1d,9972.58,10088.11,9951.34,10075.14,,1.66,1.0284199274410488,Nikkei 225 Historical Data.csv,True
NIKKEI225,2003-12-12,1d,10139.69,10228.22,10085.85,10169.66,,0.94,0.2955711663768845,Nikkei 225 Historical Data.csv,True
NIKKEI225,2003-12-15,1d,10308.34,10490.77,10308.34,10490.77,,3.16,1.7697320810140083,Nikkei 225 Historical Data.csv,True
NIKKEI225,2003-12-16,1d,10352.04,10352.04,10222.88,10271.6,,-2.09,-0.7770449109547495,Nikkei 225 Historical Data.csv,True
NIKKEI225,2003-12-17,1d,10276.19,10280.08,10058.34,10092.64,,-1.74,-1.7861678306843376,Nikkei 225 Historical Data.csv,True
NIKKEI225,2003-12-18,1d,10096.8,10173.68,10073.26,10104.0,,0.11,0.07130972189208773,Nikkei 225 Historical Data.csv,True
NIKKEI225,2003-12-19,1d,10215.71,10305.81,10213.21,10284.54,,1.79,0.6737661895257485,Nikkei 225 Historical Data.csv,True
NIKKEI225,2003-12-22,1d,10248.81,10386.44,10248.62,10372.51,,0.86,1.2069693944955606,Nikkei 225 Historical Data.csv,True
NIKKEI225,2003-12-24,1d,10397.86,10400.25,10326.17,10371.27,,-0.01,-0.2557256974031197,Nikkei 225 Historical Data.csv,True
NIKKEI225,2003-12-25,1d,10347.75,10367.68,10311.6,10365.35,,-0.06,0.1700852842405398,Nikkei 225 Historical Data.csv,True
NIKKEI225,2003-12-26,1d,10367.13,10417.41,10336.08,10417.41,,0.5,0.4849944005718143,Nikkei 225 Historical Data.csv,True
NIKKEI225,2003-12-29,1d,10454.69,10574.94,10454.69,10500.62,,0.8,0.4393243606457986,Nikkei 225 Historical Data.csv,True
NIKKEI225,2003-12-30,1d,10617.62,10681.28,10609.58,10676.64,,1.68,0.5558684526287383,Nikkei 225 Historical Data.csv,True
NIKKEI225,2004-01-05,1d,10787.83,10862.35,10785.87,10825.17,,1.39,0.34613077884986243,Nikkei 225 Historical Data.csv,True
NIKKEI225,2004-01-06,1d,10918.48,10945.3,10790.6,10813.99,,-0.1,-0.9570013408459754,Nikkei 225 Historical Data.csv,True
NIKKEI225,2004-01-07,1d,10835.9,10852.06,10710.3,10757.82,,-0.52,-0.7205677424117929,Nikkei 225 Historical Data.csv,True
NIKKEI225,2004-01-08,1d,10760.98,10888.61,10727.8,10837.65,,0.74,0.7124815769567361,Nikkei 225 Historical Data.csv,True
NIKKEI225,2004-01-09,1d,10932.34,11008.56,10861.28,10965.05,,1.18,0.2992040130475271,Nikkei 225 Historical Data.csv,True
NIKKEI225,2004-01-13,1d,10965.61,10965.61,10790.41,10849.68,,-1.05,-1.0572143273379297,Nikkei 225 Historical Data.csv,True
NIKKEI225,2004-01-14,1d,10797.7,10883.24,10730.45,10863.0,,0.12,0.6047584207747869,Nikkei 225 Historical Data.csv,True
NIKKEI225,2004-01-15,1d,10855.2,10881.77,10665.15,10665.15,,-1.82,-1.7507738226840708,Nikkei 225 Historical Data.csv,True
NIKKEI225,2004-01-16,1d,10719.19,10857.2,10715.25,10857.2,,1.8,1.287503999835815,Nikkei 225 Historical Data.csv,True
NIKKEI225,2004-01-19,1d,10937.46,11044.31,10916.99,11036.33,,1.65,0.9039575916163445,Nikkei 225 Historical Data.csv,True
NIKKEI225,2004-01-20,1d,11055.01,11193.64,10979.25,11103.1,,0.6,0.4350063907676338,Nikkei 225 Historical Data.csv,True
NIKKEI225,2004-01-21,1d,11056.14,11163.62,11002.39,11002.39,,-0.91,-0.48615520425754344,Nikkei 225 Historical Data.csv,True
NIKKEI225,2004-01-22,1d,11060.31,11115.13,10997.45,11000.7,,-0.02,-0.5389541522796248,Nikkei 225 Historical Data.csv,True
NIKKEI225,2004-01-23,1d,11001.87,11139.39,10937.48,11069.01,,0.62,0.6102598921819524,Nikkei 225 Historical Data.csv,True
NIKKEI225,2004-01-26,1d,11004.44,11013.37,10872.79,10972.6,,-0.87,-0.2893377582139589,Nikkei 225 Historical Data.csv,True
NIKKEI225,2004-01-27,1d,11049.12,11075.3,10916.51,10928.03,,-0.41,-1.0959243813081998,Nikkei 225 Historical Data.csv,True
NIKKEI225,2004-01-28,1d,10844.58,10901.45,10799.54,10852.47,,-0.69,0.0727552381005081,Nikkei 225 Historical Data.csv,True
NIKKEI225,2004-01-29,1d,10755.37,10786.21,10666.55,10779.44,,-0.67,0.22379518324333603,Nikkei 225 Historical Data.csv,True
NIKKEI225,2004-01-30,1d,10761.83,10838.4,10729.38,10783.61,,0.04,0.20238193690107487,Nikkei 225 Historical Data.csv,True
NIKKEI225,2004-02-02,1d,10784.93,10861.97,10765.38,10776.73,,-0.06,-0.07603201875210353,Nikkei 225 Historical Data.csv,True
NIKKEI225,2004-02-03,1d,10787.32,10800.78,10507.93,10641.92,,-1.25,-1.3478788058572388,Nikkei 225 Historical Data.csv,True
NIKKEI225,2004-02-04,1d,10614.73,10627.26,10418.77,10447.25,,-1.83,-1.5778074430531919,Nikkei 225 Historical Data.csv,True
NIKKEI225,2004-02-05,1d,10377.9,10478.41,10374.9,10464.6,,0.17,0.8354291330616048,Nikkei 225 Historical Data.csv,True
NIKKEI225,2004-02-06,1d,10484.43,10502.35,10399.4,10460.92,,-0.04,-0.22423727374784042,Nikkei 225 Historical Data.csv,True
NIKKEI225,2004-02-09,1d,10533.4,10595.94,10359.17,10402.61,,-0.56,-1.2416693565230563,Nikkei 225 Historical Data.csv,True
NIKKEI225,2004-02-10,1d,10418.18,10460.4,10299.43,10365.4,,-0.36,-0.5066143990601124,Nikkei 225 Historical Data.csv,True
NIKKEI225,2004-02-12,1d,10450.37,10557.01,10449.7,10459.26,,0.91,0.08506875833103056,Nikkei 225 Historical Data.csv,True
NIKKEI225,2004-02-13,1d,10436.69,10572.62,10413.06,10557.69,,0.94,1.1593714099010333,Nikkei 225 Historical Data.csv,True
NIKKEI225,2004-02-16,1d,10566.02,10617.7,10534.41,10548.72,,-0.08,-0.16373241769370717,Nikkei 225 Historical Data.csv,True
NIKKEI225,2004-02-17,1d,10556.18,10721.31,10529.26,10701.13,,1.44,1.3731292948774954,Nikkei 225 Historical Data.csv,True
NIKKEI225,2004-02-18,1d,10759.48,10798.15,10676.81,10676.81,,-0.23,-0.7683456821333423,Nikkei 225 Historical Data.csv,True
NIKKEI225,2004-02-19,1d,10745.4,10813.06,10723.43,10753.8,,0.72,0.07817298564967157,Nikkei 225 Historical Data.csv,True
NIKKEI225,2004-02-20,1d,10743.8,10765.79,10676.21,10720.69,,-0.31,-0.21510080232318707,Nikkei 225 Historical Data.csv,True
NIKKEI225,2004-02-23,1d,10745.05,10893.43,10736.44,10868.96,,1.38,1.1531821629494399,Nikkei 225 Historical Data.csv,True
NIKKEI225,2004-02-24,1d,10821.97,10856.56,10629.72,10644.13,,-2.07,-1.6433237201729511,Nikkei 225 Historical Data.csv,True
NIKKEI225,2004-02-25,1d,10626.64,10727.47,10617.86,10658.73,,0.14,0.3019769183862486,Nikkei 225 Historical Data.csv,True
NIKKEI225,2004-02-26,1d,10734.33,10815.29,10690.95,10815.29,,1.47,0.7542156799725808,Nikkei 225 Historical Data.csv,True
NIKKEI225,2004-02-27,1d,10852.75,11069.28,10851.77,11041.92,,2.1,1.7430605146161016,Nikkei 225 Historical Data.csv,True
NIKKEI225,2004-03-01,1d,11112.68,11329.0,11096.68,11271.12,,2.08,1.4257586828739788,Nikkei 225 Historical Data.csv,True
NIKKEI225,2004-03-02,1d,11344.83,11386.48,11282.49,11361.51,,0.8,0.14702732434068722,Nikkei 225 Historical Data.csv,True
NIKKEI225,2004-03-03,1d,11365.72,11430.01,11320.0,11351.92,,-0.08,-0.12141773684376522,Nikkei 225 Historical Data.csv,True
NIKKEI225,2004-03-04,1d,11341.98,11480.84,11336.97,11401.79,,0.44,0.5273329700810736,Nikkei 225 Historical Data.csv,True
NIKKEI225,2004-03-05,1d,11476.49,11537.29,11411.66,11537.29,,1.19,0.5297787041159907,Nikkei 225 Historical Data.csv,True
NIKKEI225,2004-03-08,1d,11578.02,11643.37,11502.86,11502.86,,-0.3,-0.6491610828103567,Nikkei 225 Historical Data.csv,True
NIKKEI225,2004-03-09,1d,11460.6,11532.04,11439.04,11532.04,,0.25,0.6233530530687759,Nikkei 225 Historical Data.csv,True
NIKKEI225,2004-03-10,1d,11490.26,11492.57,11353.9,11433.24,,-0.86,-0.4962463860695987,Nikkei 225 Historical Data.csv,True
NIKKEI225,2004-03-11,1d,11310.15,11354.96,11237.04,11297.04,,-1.19,-0.1159135820479773,Nikkei 225 Historical Data.csv,True
NIKKEI225,2004-03-12,1d,11163.58,11191.45,11045.94,11162.75,,-1.19,-0.007434890957913609,Nikkei 225 Historical Data.csv,True
NIKKEI225,2004-03-15,1d,11284.35,11348.4,11278.05,11317.9,,1.39,0.29731442218647874,Nikkei 225 Historical Data.csv,True
NIKKEI225,2004-03-16,1d,11253.43,11311.07,11236.35,11242.29,,-0.67,-0.09899204064893752,Nikkei 225 Historical Data.csv,True
NIKKEI225,2004-03-17,1d,11297.46,11478.35,11297.46,11436.86,,1.73,1.233905674372826,Nikkei 225 Historical Data.csv,True
NIKKEI225,2004-03-18,1d,11571.36,11647.71,11452.39,11484.28,,0.41,-0.7525476694182909,Nikkei 225 Historical Data.csv,True
NIKKEI225,2004-03-19,1d,11416.04,11487.73,11364.36,11418.51,,-0.57,0.021636224119747638,Nikkei 225 Historical Data.csv,True
NIKKEI225,2004-03-22,1d,11332.24,11351.71,11284.84,11318.51,,-0.88,-0.12115874707913088,Nikkei 225 Historical Data.csv,True
NIKKEI225,2004-03-23,1d,11200.83,11327.62,11071.66,11281.09,,-0.33,0.7165540410844606,Nikkei 225 Historical Data.csv,True
NIKKEI225,2004-03-24,1d,11295.97,11384.69,11234.7,11364.99,,0.74,0.6110143706118176,Nikkei 225 Historical Data.csv,True
NIKKEI225,2004-03-25,1d,11431.61,11530.91,11425.58,11530.91,,1.46,0.8686440492633896,Nikkei 225 Historical Data.csv,True
NIKKEI225,2004-03-26,1d,11619.48,11782.18,11611.54,11770.65,,2.08,1.3010048642452254,Nikkei 225 Historical Data.csv,True
NIKKEI225,2004-03-29,1d,11775.46,11843.34,11672.92,11718.24,,-0.45,-0.48592581521230693,Nikkei 225 Historical Data.csv,True
NIKKEI225,2004-03-30,1d,11824.83,11869.0,11677.2,11693.68,,-0.21,-1.1091068539674565,Nikkei 225 Historical Data.csv,True
NIKKEI225,2004-03-31,1d,11716.55,11783.83,11592.83,11715.39,,0.19,-0.009900525325290399,Nikkei 225 Historical Data.csv,True
NIKKEI225,2004-04-01,1d,11756.16,11813.7,11648.48,11683.42,,-0.27,-0.6187394523381795,Nikkei 225 Historical Data.csv,True
NIKKEI225,2004-04-02,1d,11726.87,11843.93,11715.41,11815.95,,1.13,0.7596229855025172,Nikkei 225 Historical Data.csv,True
NIKKEI225,2004-04-05,1d,11949.31,12003.92,11934.58,11958.32,,1.2,0.07540184328636013,Nikkei 225 Historical Data.csv,True
NIKKEI225,2004-04-06,1d,12042.99,12095.64,11937.52,12079.7,,1.02,0.3048246324210302,Nikkei 225 Historical Data.csv,True
NIKKEI225,2004-04-07,1d,12017.35,12097.7,12001.0,12019.62,,-0.5,0.01888935580640627,Nikkei 225 Historical Data.csv,True
NIKKEI225,2004-04-08,1d,12013.16,12119.31,11961.56,12092.59,,0.61,0.6611915599226137,Nikkei 225 Historical Data.csv,True
NIKKEI225,2004-04-09,1d,12012.63,12012.63,11862.34,11897.51,,-1.61,-0.9583246965901626,Nikkei 225 Historical Data.csv,True
NIKKEI225,2004-04-12,1d,11926.48,12085.07,11926.48,12042.7,,1.22,0.9744702544254524,Nikkei 225 Historical Data.csv,True
NIKKEI225,2004-04-13,1d,12140.12,12170.96,12096.96,12127.82,,0.71,-0.10131695568084131,Nikkei 225 Historical Data.csv,True
NIKKEI225,2004-04-14,1d,12064.49,12134.27,12034.46,12098.18,,-0.24,0.27924926789280047,Nikkei 225 Historical Data.csv,True
NIKKEI225,2004-04-15,1d,12118.03,12189.98,11770.4,11800.4,,-2.46,-2.621135613626979,Nikkei 225 Historical Data.csv,True
NIKKEI225,2004-04-16,1d,11817.97,11864.41,11690.24,11824.56,,0.2,0.055762537897785514,Nikkei 225 Historical Data.csv,True
NIKKEI225,2004-04-19,1d,11854.64,11861.17,11623.65,11764.21,,-0.51,-0.7628236707314606,Nikkei 225 Historical Data.csv,True
NIKKEI225,2004-04-20,1d,11821.46,12037.95,11768.08,11952.26,,1.6,1.1064623151455066,Nikkei 225 Historical Data.csv,True
NIKKEI225,2004-04-21,1d,11943.9,12001.27,11881.42,11944.3,,-0.07,0.0033489898609406765,Nikkei 225 Historical Data.csv,True
NIKKEI225,2004-04-22,1d,12026.09,12074.14,11952.78,11980.1,,0.3,-0.3824185583177875,Nikkei 225 Historical Data.csv,True
NIKKEI225,2004-04-23,1d,12050.7,12120.66,12015.22,12120.66,,1.17,0.5805471881301427,Nikkei 225 Historical Data.csv,True
NIKKEI225,2004-04-26,1d,12135.31,12195.66,12095.7,12163.89,,0.36,0.23551108294719292,Nikkei 225 Historical Data.csv,True
NIKKEI225,2004-04-27,1d,12115.05,12115.05,12025.21,12044.88,,-0.98,-0.5791969492490723,Nikkei 225 Historical Data.csv,True
NIKKEI225,2004-04-28,1d,12077.21,12085.39,11969.33,12004.29,,-0.34,-0.6037818337182088,Nikkei 225 Historical Data.csv,True
NIKKEI225,2004-04-30,1d,11862.35,11862.35,11652.17,11761.79,,-2.02,-0.8477241018853721,Nikkei 225 Historical Data.csv,True
NIKKEI225,2004-05-06,1d,11777.44,11785.26,11554.02,11571.34,,-1.62,-1.749955847790352,Nikkei 225 Historical Data.csv,True
NIKKEI225,2004-05-07,1d,11497.4,11582.07,11438.82,11438.82,,-1.15,-0.5095064971210927,Nikkei 225 Historical Data.csv,True
NIKKEI225,2004-05-10,1d,11384.03,11392.79,10838.93,10884.7,,-4.84,-4.38623229207934,Nikkei 225 Historical Data.csv,True
NIKKEI225,2004-05-11,1d,10850.48,10970.47,10790.13,10907.18,,0.21,0.5225575274089289,Nikkei 225 Historical Data.csv,True
NIKKEI225,2004-05-12,1d,11017.65,11157.34,10984.79,11153.58,,2.26,1.233747668513696,Nikkei 225 Historical Data.csv,True
NIKKEI225,2004-05-13,1d,11081.75,11081.75,10825.1,10825.1,,-2.95,-2.315969950594443,Nikkei 225 Historical Data.csv,True
NIKKEI225,2004-05-14,1d,10846.61,10939.09,10739.49,10849.63,,0.23,0.027842800653821165,Nikkei 225 Historical Data.csv,True
NIKKEI225,2004-05-17,1d,10790.79,10790.79,10489.84,10505.05,,-3.18,-2.6479988953542977,Nikkei 225 Historical Data.csv,True
NIKKEI225,2004-05-18,1d,10533.17,10711.09,10524.5,10711.09,,1.96,1.6891401164131903,Nikkei 225 Historical Data.csv,True
NIKKEI225,2004-05-19,1d,10777.38,10993.08,10716.23,10967.74,,2.4,1.7662919930446996,Nikkei 225 Historical Data.csv,True
NIKKEI225,2004-05-20,1d,10949.07,11045.66,10760.69,10862.04,,-0.96,-0.7948620293778297,Nikkei 225 Historical Data.csv,True
NIKKEI225,2004-05-21,1d,10889.89,11076.43,10872.01,11070.25,,1.92,1.6562150765526695,Nikkei 225 Historical Data.csv,True
NIKKEI225,2004-05-24,1d,11094.71,11170.27,11043.22,11101.64,,0.28,0.06246220045409423,Nikkei 225 Historical Data.csv,True
NIKKEI225,2004-05-25,1d,11071.51,11071.51,10927.44,10962.93,,-1.25,-0.9807153676418157,Nikkei 225 Historical Data.csv,True
NIKKEI225,2004-05-26,1d,11095.37,11213.79,11093.83,11152.09,,1.73,0.5112042230227543,Nikkei 225 Historical Data.csv,True
NIKKEI225,2004-05-27,1d,11163.82,11219.46,11119.15,11166.03,,0.13,0.019796091302093366,Nikkei 225 Historical Data.csv,True
NIKKEI225,2004-05-28,1d,11267.23,11345.4,11255.99,11309.57,,1.29,0.3757800275666634,Nikkei 225 Historical Data.csv,True
NIKKEI225,2004-05-31,1d,11288.79,11297.15,11100.85,11236.37,,-0.65,-0.46435446137274017,Nikkei 225 Historical Data.csv,True
NIKKEI225,2004-06-01,1d,11204.69,11338.47,11170.09,11296.76,,0.54,0.8217094805835767,Nikkei 225 Historical Data.csv,True
NIKKEI225,2004-06-02,1d,11283.21,11283.21,11184.73,11242.34,,-0.48,-0.362219616580739,Nikkei 225 Historical Data.csv,True
NIKKEI225,2004-06-03,1d,11275.95,11358.51,10963.56,11027.05,,-1.91,-2.2073528172792622,Nikkei 225 Historical Data.csv,True
NIKKEI225,2004-06-04,1d,11057.19,11128.05,11017.25,11128.05,,0.92,0.6408499808721713,Nikkei 225 Historical Data.csv,True
NIKKEI225,2004-06-07,1d,11212.64,11485.63,11212.64,11439.92,,2.8,2.0269981021418637,Nikkei 225 Historical Data.csv,True
NIKKEI225,2004-06-08,1d,11533.93,11542.59,11452.99,11521.93,,0.72,-0.10404086031386983,Nikkei 225 Historical Data.csv,True
NIKKEI225,2004-06-09,1d,11514.72,11521.06,11419.13,11449.74,,-0.63,-0.5643211471924592,Nikkei 225 Historical Data.csv,True
NIKKEI225,2004-06-10,1d,11378.45,11624.71,11367.4,11575.97,,1.1,1.7359130637301101,Nikkei 225 Historical Data.csv,True
NIKKEI225,2004-06-11,1d,11595.0,11637.73,11486.55,11526.82,,-0.42,-0.588012074169908,Nikkei 225 Historical Data.csv,True
NIKKEI225,2004-06-14,1d,11495.8,11622.8,11475.31,11491.66,,-0.31,-0.036013152629654765,Nikkei 225 Historical Data.csv,True
NIKKEI225,2004-06-15,1d,11457.11,11482.92,11349.43,11387.7,,-0.9,-0.6058246800458411,Nikkei 225 Historical Data.csv,True
NIKKEI225,2004-06-16,1d,11492.43,11673.48,11492.43,11641.72,,2.23,1.2990290130111548,Nikkei 225 Historical Data.csv,True
NIKKEI225,2004-06-17,1d,11630.21,11649.33,11510.18,11607.9,,-0.29,-0.19182800654501397,Nikkei 225 Historical Data.csv,True
NIKKEI225,2004-06-18,1d,11552.72,11555.2,11310.16,11382.08,,-1.95,-1.477054754205065,Nikkei 225 Historical Data.csv,True
NIKKEI225,2004-06-21,1d,11474.39,11729.13,11474.39,11600.16,,1.92,1.0960931256476458,Nikkei 225 Historical Data.csv,True
NIKKEI225,2004-06-22,1d,11546.93,11581.27,11472.08,11581.27,,-0.16,0.2973950651818269,Nikkei 225 Historical Data.csv,True
NIKKEI225,2004-06-23,1d,11642.23,11678.84,11547.13,11580.56,,-0.01,-0.5297095144143338,Nikkei 225 Historical Data.csv,True
NIKKEI225,2004-06-24,1d,11652.54,11744.15,11649.29,11744.15,,1.41,0.7861805237312947,Nikkei 225 Historical Data.csv,True
NIKKEI225,2004-06-25,1d,11742.94,11780.4,11661.11,11780.4,,0.31,0.3190001822371391,Nikkei 225 Historical Data.csv,True
NIKKEI225,2004-06-28,1d,11801.88,11884.06,11774.67,11884.06,,0.88,0.6963297372960975,Nikkei 225 Historical Data.csv,True
NIKKEI225,2004-06-29,1d,11816.89,11885.5,11788.15,11860.81,,-0.2,0.37167139577334307,Nikkei 225 Historical Data.csv,True
NIKKEI225,2004-06-30,1d,11869.86,11887.95,11808.13,11858.87,,-0.02,-0.09258744416530407,Nikkei 225 Historical Data.csv,True
NIKKEI225,2004-07-01,1d,11933.33,11988.12,11889.7,11896.01,,0.31,-0.3127375175244418,Nikkei 225 Historical Data.csv,True
NIKKEI225,2004-07-02,1d,11781.54,11781.54,11693.0,11721.49,,-1.47,-0.5096956764565674,Nikkei 225 Historical Data.csv,True
NIKKEI225,2004-07-05,1d,11622.85,11648.85,11511.49,11541.71,,-1.53,-0.6981076069982994,Nikkei 225 Historical Data.csv,True
NIKKEI225,2004-07-06,1d,11536.45,11606.6,11475.27,11475.27,,-0.58,-0.5303191189664047,Nikkei 225 Historical Data.csv,True
NIKKEI225,2004-07-07,1d,11359.71,11429.24,11251.35,11384.86,,-0.79,0.2213964969176363,Nikkei 225 Historical Data.csv,True
NIKKEI225,2004-07-08,1d,11372.63,11411.31,11279.55,11322.23,,-0.55,-0.44316925812234453,Nikkei 225 Historical Data.csv,True
NIKKEI225,2004-07-09,1d,11283.28,11449.45,11283.08,11423.53,,0.89,1.242989627129698,Nikkei 225 Historical Data.csv,True
NIKKEI225,2004-07-12,1d,11532.64,11598.9,11474.08,11582.28,,1.39,0.43043049986821735,Nikkei 225 Historical Data.csv,True
NIKKEI225,2004-07-13,1d,11544.02,11608.62,11501.22,11608.62,,0.23,0.559597090095143,Nikkei 225 Historical Data.csv,True
NIKKEI225,2004-07-14,1d,11663.4,11664.0,11356.65,11356.65,,-2.17,-2.630022120479447,Nikkei 225 Historical Data.csv,True
NIKKEI225,2004-07-15,1d,11413.33,11440.02,11315.97,11409.14,,0.46,-0.03671145931993802,Nikkei 225 Historical Data.csv,True
NIKKEI225,2004-07-16,1d,11327.75,11475.12,11243.28,11436.0,,0.24,0.9556178411423311,Nikkei 225 Historical Data.csv,True
NIKKEI225,2004-07-20,1d,11318.14,11318.14,11191.76,11258.37,,-1.55,-0.5280903045906671,Nikkei 225 Historical Data.csv,True
NIKKEI225,2004-07-21,1d,11335.24,11433.86,11326.68,11433.86,,1.56,0.870030100818342,Nikkei 225 Historical Data.csv,True
NIKKEI225,2004-07-22,1d,11310.57,11310.57,11227.95,11285.04,,-1.3,-0.2257180672591952,Nikkei 225 Historical Data.csv,True
NIKKEI225,2004-07-23,1d,11263.5,11264.25,11170.54,11187.33,,-0.87,-0.676255160474093,Nikkei 225 Historical Data.csv,True
NIKKEI225,2004-07-26,1d,11099.87,11159.55,11065.72,11159.55,,-0.25,0.537663954622869,Nikkei 225 Historical Data.csv,True
NIKKEI225,2004-07-27,1d,11126.27,11180.8,11028.35,11031.54,,-1.15,-0.8514084234878316,Nikkei 225 Historical Data.csv,True
NIKKEI225,2004-07-28,1d,11133.48,11236.03,11132.92,11204.37,,1.57,0.6367281389107582,Nikkei 225 Historical Data.csv,True
NIKKEI225,2004-07-29,1d,11187.31,11189.28,11018.79,11116.84,,-0.78,-0.6299101392559958,Nikkei 225 Historical Data.csv,True
NIKKEI225,2004-07-30,1d,11211.2,11325.99,11210.32,11325.78,,1.88,1.0220137005851226,Nikkei 225 Historical Data.csv,True
NIKKEI225,2004-08-02,1d,11274.45,11279.71,11161.84,11222.24,,-0.91,-0.46308245635042766,Nikkei 225 Historical Data.csv,True
NIKKEI225,2004-08-03,1d,11230.29,11258.88,11102.5,11140.57,,-0.73,-0.7989108028376934,Nikkei 225 Historical Data.csv,True
NIKKEI225,2004-08-04,1d,11077.52,11084.98,10888.78,11010.02,,-1.17,-0.6093421632278662,Nikkei 225 Historical Data.csv,True
NIKKEI225,2004-08-05,1d,11060.18,11104.69,10981.32,11060.89,,0.46,0.006419425361969822,Nikkei 225 Historical Data.csv,True
NIKKEI225,2004-08-06,1d,10944.61,10974.45,10894.65,10972.57,,-0.8,0.25546821677520093,Nikkei 225 Historical Data.csv,True
NIKKEI225,2004-08-09,1d,10827.6,10916.46,10737.42,10908.7,,-0.58,0.7490117846983724,Nikkei 225 Historical Data.csv,True
NIKKEI225,2004-08-10,1d,10849.7,10972.07,10849.7,10953.55,,0.41,0.9571693226540612,Nikkei 225 Historical Data.csv,True
NIKKEI225,2004-08-11,1d,11049.8,11076.38,10997.07,11049.46,,0.88,-0.0030769787688456063,Nikkei 225 Historical Data.csv,True
NIKKEI225,2004-08-12,1d,11005.13,11091.64,11005.13,11028.07,,-0.19,0.2084482418653888,Nikkei 225 Historical Data.csv,True
NIKKEI225,2004-08-13,1d,10901.56,10903.61,10757.2,10757.2,,-2.46,-1.3242141491676351,Nikkei 225 Historical Data.csv,True
NIKKEI225,2004-08-16,1d,10728.98,10730.53,10545.89,10687.81,,-0.65,-0.38372706445533034,Nikkei 225 Historical Data.csv,True
NIKKEI225,2004-08-17,1d,10772.24,10802.64,10705.74,10725.97,,0.36,-0.42952997705213436,Nikkei 225 Historical Data.csv,True
NIKKEI225,2004-08-18,1d,10724.82,10774.26,10659.21,10774.26,,0.45,0.46098675781971465,Nikkei 225 Historical Data.csv,True
NIKKEI225,2004-08-19,1d,10861.92,10908.74,10830.65,10903.53,,1.2,0.383081444164568,Nikkei 225 Historical Data.csv,True
NIKKEI225,2004-08-20,1d,10859.08,10938.94,10837.01,10889.14,,-0.13,0.276819030709774,Nikkei 225 Historical Data.csv,True
NIKKEI225,2004-08-23,1d,10961.91,11007.64,10947.75,10960.97,,0.66,-0.008575147944112071,Nikkei 225 Historical Data.csv,True
NIKKEI225,2004-08-24,1d,10978.62,11016.12,10897.11,10985.33,,0.22,0.06111879270800369,Nikkei 225 Historical Data.csv,True
NIKKEI225,2004-08-25,1d,10959.52,11143.75,10934.45,11130.02,,1.32,1.555725068251168,Nikkei 225 Historical Data.csv,True
NIKKEI225,2004-08-26,1d,11196.29,11225.95,11101.63,11129.33,,-0.01,-0.5980552486582691,Nikkei 225 Historical Data.csv,True
NIKKEI225,2004-08-27,1d,11148.21,11209.59,11107.94,11209.59,,0.72,0.5505816628857962,Nikkei 225 Historical Data.csv,True
NIKKEI225,2004-08-30,1d,11181.3,11226.3,11128.71,11184.53,,-0.22,0.028887517551634545,Nikkei 225 Historical Data.csv,True
NIKKEI225,2004-08-31,1d,11119.15,11154.28,11042.29,11081.79,,-0.92,-0.3359969062383228,Nikkei 225 Historical Data.csv,True
NIKKEI225,2004-09-01,1d,11104.85,11169.43,11102.41,11127.35,,0.41,0.20261417308653495,Nikkei 225 Historical Data.csv,True
NIKKEI225,2004-09-02,1d,11179.32,11190.51,11097.81,11152.75,,0.23,-0.23767098535509845,Nikkei 225 Historical Data.csv,True
NIKKEI225,2004-09-03,1d,11182.1,11186.82,11013.36,11022.49,,-1.17,-1.4273705296858452,Nikkei 225 Historical Data.csv,True
NIKKEI225,2004-09-06,1d,11086.69,11270.36,11057.32,11244.37,,2.01,1.422245954383139,Nikkei 225 Historical Data.csv,True
NIKKEI225,2004-09-07,1d,11275.28,11312.06,11226.78,11298.94,,0.49,0.20983957826323785,Nikkei 225 Historical Data.csv,True
NIKKEI225,2004-09-08,1d,11345.12,11357.85,11270.53,11279.19,,-0.17,-0.5811309179629687,Nikkei 225 Historical Data.csv,True
NIKKEI225,2004-09-09,1d,11276.49,11330.33,11145.79,11170.96,,-0.96,-0.9358408511868532,Nikkei 225 Historical Data.csv,True
NIKKEI225,2004-09-10,1d,11089.9,11089.96,10960.03,11083.23,,-0.79,-0.06014481645461034,Nikkei 225 Historical Data.csv,True
NIKKEI225,2004-09-13,1d,11139.97,11257.85,11131.03,11253.11,,1.53,1.0156221246556463,Nikkei 225 Historical Data.csv,True
NIKKEI225,2004-09-14,1d,11312.72,11352.42,11274.43,11295.58,,0.38,-0.15151086564504368,Nikkei 225 Historical Data.csv,True
NIKKEI225,2004-09-15,1d,11278.66,11285.8,11158.58,11158.58,,-1.21,-1.064665483310956,Nikkei 225 Historical Data.csv,True
NIKKEI225,2004-09-16,1d,11092.7,11177.66,11089.82,11139.36,,-0.17,0.4206369955015443,Nikkei 225 Historical Data.csv,True
NIKKEI225,2004-09-17,1d,11132.06,11145.49,11046.1,11082.49,,-0.51,-0.445290449386726,Nikkei 225 Historical Data.csv,True
NIKKEI225,2004-09-21,1d,11148.21,11151.11,11059.95,11080.87,,-0.01,-0.6040431602920893,Nikkei 225 Historical Data.csv,True
NIKKEI225,2004-09-22,1d,11111.3,11135.46,10963.82,11019.41,,-0.55,-0.8269959410689975,Nikkei 225 Historical Data.csv,True
NIKKEI225,2004-09-24,1d,10934.02,10934.02,10826.4,10895.16,,-1.13,-0.35540450813150715,Nikkei 225 Historical Data.csv,True
NIKKEI225,2004-09-27,1d,10863.35,10888.04,10782.56,10859.32,,-0.33,-0.03709721218593254,Nikkei 225 Historical Data.csv,True
NIKKEI225,2004-09-28,1d,10805.66,10821.84,10737.78,10815.57,,-0.4,0.09171119579922671,Nikkei 225 Historical Data.csv,True
NIKKEI225,2004-09-29,1d,10873.88,10873.89,10770.23,10786.1,,-0.27,-0.807255551836128,Nikkei 225 Historical Data.csv,True
NIKKEI225,2004-09-30,1d,10870.21,10928.19,10823.57,10823.57,,0.35,-0.42906254800965105,Nikkei 225 Historical Data.csv,True
NIKKEI225,2004-10-01,1d,10893.19,10987.18,10893.19,10985.17,,1.49,0.844380755315921,Nikkei 225 Historical Data.csv,True
NIKKEI225,2004-10-04,1d,11111.45,11282.65,11105.0,11279.63,,2.68,1.5135738359979944,Nikkei 225 Historical Data.csv,True
NIKKEI225,2004-10-05,1d,11257.2,11304.72,11242.12,11281.83,,0.02,0.21879330561773713,Nikkei 225 Historical Data.csv,True
NIKKEI225,2004-10-06,1d,11221.54,11408.1,11218.38,11385.38,,0.92,1.4600491554634942,Nikkei 225 Historical Data.csv,True
NIKKEI225,2004-10-07,1d,11399.42,11410.4,11337.19,11354.59,,-0.27,-0.3932656222860431,Nikkei 225 Historical Data.csv,True
NIKKEI225,2004-10-08,1d,11311.41,11370.34,11302.75,11349.35,,-0.05,0.3354135337681141,Nikkei 225 Historical Data.csv,True
NIKKEI225,2004-10-12,1d,11295.05,11320.79,11182.5,11201.81,,-1.3,-0.8254943537213233,Nikkei 225 Historical Data.csv,True
NIKKEI225,2004-10-13,1d,11235.46,11306.87,11195.99,11195.99,,-0.05,-0.3512984782109485,Nikkei 225 Historical Data.csv,True
NIKKEI225,2004-10-14,1d,11150.59,11150.59,11033.31,11034.29,,-1.44,-1.04299413752994,Nikkei 225 Historical Data.csv,True
NIKKEI225,2004-10-15,1d,10960.25,11015.45,10913.21,10982.95,,-0.47,0.20711206404964155,Nikkei 225 Historical Data.csv,True
NIKKEI225,2004-10-18,1d,11022.11,11022.11,10914.47,10965.62,,-0.16,-0.51251529879488,Nikkei 225 Historical Data.csv,True
NIKKEI225,2004-10-19,1d,11028.38,11106.82,11024.38,11064.86,,0.91,0.33078294364177196,Nikkei 225 Historical Data.csv,True
NIKKEI225,2004-10-20,1d,10992.5,10992.5,10853.89,10882.18,,-1.65,-1.003593359108479,Nikkei 225 Historical Data.csv,True
NIKKEI225,2004-10-21,1d,10882.05,10901.34,10753.07,10789.23,,-0.85,-0.852964285221991,Nikkei 225 Historical Data.csv,True
NIKKEI225,2004-10-22,1d,10848.75,10892.27,10811.15,10857.13,,0.63,0.07724392211083675,Nikkei 225 Historical Data.csv,True
NIKKEI225,2004-10-25,1d,10718.93,10718.93,10575.23,10659.15,,-1.82,-0.5577049201739404,Nikkei 225 Historical Data.csv,True
NIKKEI225,2004-10-26,1d,10652.37,10683.94,10626.6,10672.46,,0.12,0.18859652828429052,Nikkei 225 Historical Data.csv,True
NIKKEI225,2004-10-27,1d,10740.65,10777.43,10657.15,10691.95,,0.18,-0.4534176237006027,Nikkei 225 Historical Data.csv,True
NIKKEI225,2004-10-28,1d,10809.1,10895.09,10798.13,10853.12,,1.51,0.4072494472250332,Nikkei 225 Historical Data.csv,True
NIKKEI225,2004-10-29,1d,10805.12,10805.12,10719.1,10771.42,,-0.75,-0.3118891784635536,Nikkei 225 Historical Data.csv,True
NIKKEI225,2004-11-01,1d,10731.02,10735.19,10690.95,10734.71,,-0.34,0.034386293194854645,Nikkei 225 Historical Data.csv,True
NIKKEI225,2004-11-02,1d,10775.0,10895.7,10775.0,10887.81,,1.43,1.046960556844545,Nikkei 225 Historical Data.csv,True
NIKKEI225,2004-11-04,1d,10990.7,11005.2,10946.27,10946.27,,0.54,-0.40425086664179766,Nikkei 225 Historical Data.csv,True
NIKKEI225,2004-11-05,1d,11040.06,11089.6,11023.16,11061.77,,1.06,0.19664748198833237,Nikkei 225 Historical Data.csv,True
NIKKEI225,2004-11-08,1d,11095.5,11096.45,10974.33,10983.83,,-0.7,-1.0064440538957276,Nikkei 225 Historical Data.csv,True
NIKKEI225,2004-11-09,1d,10967.17,11040.44,10945.1,10964.87,,-0.17,-0.020971681846815304,Nikkei 225 Historical Data.csv,True
NIKKEI225,2004-11-10,1d,10972.63,11030.22,10965.91,10994.96,,0.27,0.20350636082688833,Nikkei 225 Historical Data.csv,True
NIKKEI225,2004-11-11,1d,11021.88,11048.29,10845.07,10846.92,,-1.35,-1.5873879955143666,Nikkei 225 Historical Data.csv,True
NIKKEI225,2004-11-12,1d,10841.43,11026.93,10841.43,11019.98,,1.6,1.64692296126987,Nikkei 225 Historical Data.csv,True
NIKKEI225,2004-11-15,1d,11079.17,11231.14,11073.77,11227.57,,1.88,1.3394505184052496,Nikkei 225 Historical Data.csv,True
NIKKEI225,2004-11-16,1d,11234.72,11268.81,11143.56,11161.75,,-0.59,-0.6495043935229261,Nikkei 225 Historical Data.csv,True
NIKKEI225,2004-11-17,1d,11132.05,11192.33,11127.2,11131.29,,-0.27,-0.0068271342654635525,Nikkei 225 Historical Data.csv,True
NIKKEI225,2004-11-18,1d,11182.09,11235.32,11062.73,11082.42,,-0.44,-0.8913360561397687,Nikkei 225 Historical Data.csv,True
NIKKEI225,2004-11-19,1d,11120.94,11158.45,11077.09,11082.84,,0.0,-0.34259693874798547,Nikkei 225 Historical Data.csv,True
NIKKEI225,2004-11-22,1d,10956.41,10956.41,10769.52,10849.39,,-2.11,-0.9767798028733954,Nikkei 225 Historical Data.csv,True
NIKKEI225,2004-11-24,1d,10832.02,10915.2,10828.11,10872.33,,0.21,0.37213742219825985,Nikkei 225 Historical Data.csv,True
NIKKEI225,2004-11-25,1d,10853.1,10900.34,10818.24,10900.34,,0.26,0.435267342971124,Nikkei 225 Historical Data.csv,True
NIKKEI225,2004-11-26,1d,10924.45,10927.44,10816.38,10833.75,,-0.61,-0.8302477470261693,Nikkei 225 Historical Data.csv,True
NIKKEI225,2004-11-29,1d,10844.36,11013.3,10844.31,10977.89,,1.33,1.231331309547068,Nikkei 225 Historical Data.csv,True
NIKKEI225,2004-11-30,1d,10909.25,10923.56,10841.27,10899.25,,-0.72,-0.09166532988060805,Nikkei 225 Historical Data.csv,True
NIKKEI225,2004-12-01,1d,10790.45,10800.33,10721.59,10784.25,,-1.06,-0.057458215366368304,Nikkei 225 Historical Data.csv,True
NIKKEI225,2004-12-02,1d,10922.57,10995.38,10912.87,10973.07,,1.75,0.4623454003956917,Nikkei 225 Historical Data.csv,True
NIKKEI225,2004-12-03,1d,11064.25,11107.1,11059.56,11074.89,,0.93,0.09616557832659023,Nikkei 225 Historical Data.csv,True
NIKKEI225,2004-12-06,1d,11021.16,11026.86,10959.49,10981.96,,-0.84,-0.3556794384620199,Nikkei 225 Historical Data.csv,True
NIKKEI225,2004-12-07,1d,10971.21,11001.68,10863.81,10873.63,,-0.99,-0.8894187605560377,Nikkei 225 Historical Data.csv,True
NIKKEI225,2004-12-08,1d,10808.44,10948.97,10808.44,10941.37,,0.62,1.2298722109758797,Nikkei 225 Historical Data.csv,True
NIKKEI225,2004-12-09,1d,10930.87,10930.87,10742.73,10776.63,,-1.51,-1.4110496236804715,Nikkei 225 Historical Data.csv,True
NIKKEI225,2004-12-10,1d,10730.38,10828.67,10730.38,10756.8,,-0.18,0.24621681617986724,Nikkei 225 Historical Data.csv,True
NIKKEI225,2004-12-13,1d,10825.06,10854.76,10785.59,10789.25,,0.3,-0.33080648051835304,Nikkei 225 Historical Data.csv,True
NIKKEI225,2004-12-14,1d,10842.8,10941.7,10821.36,10915.58,,1.17,0.671228833880555,Nikkei 225 Historical Data.csv,True
NIKKEI225,2004-12-15,1d,10952.71,10999.92,10921.65,10956.46,,0.37,0.034238101803119037,Nikkei 225 Historical Data.csv,True
NIKKEI225,2004-12-16,1d,10909.29,10980.21,10871.69,10924.37,,-0.29,0.1382308106210317,Nikkei 225 Historical Data.csv,True
NIKKEI225,2004-12-17,1d,10939.2,11130.82,10921.81,11078.32,,1.41,1.2717566183998663,Nikkei 225 Historical Data.csv,True
NIKKEI225,2004-12-20,1d,11073.55,11129.13,11036.8,11103.42,,0.23,0.2697418623657244,Nikkei 225 Historical Data.csv,True
NIKKEI225,2004-12-21,1d,11125.22,11186.71,11125.22,11125.92,,0.2,0.006292010405184456,Nikkei 225 Historical Data.csv,True
NIKKEI225,2004-12-22,1d,11205.92,11240.18,11193.67,11209.44,,0.75,0.03141196795979351,Nikkei 225 Historical Data.csv,True
NIKKEI225,2004-12-24,1d,11302.46,11369.98,11302.46,11365.48,,1.39,0.557577730865666,Nikkei 225 Historical Data.csv,True
NIKKEI225,2004-12-27,1d,11374.52,11383.1,11325.46,11362.35,,-0.03,-0.10699352588064981,Nikkei 225 Historical Data.csv,True
NIKKEI225,2004-12-28,1d,11314.4,11424.13,11314.4,11424.13,,0.54,0.9698260623629995,Nikkei 225 Historical Data.csv,True
NIKKEI225,2004-12-29,1d,11481.32,11500.95,11381.56,11381.56,,-0.37,-0.8688896398671986,Nikkei 225 Historical Data.csv,True
NIKKEI225,2004-12-30,1d,11462.31,11489.28,11454.94,11488.76,,0.94,0.23075627862099157,Nikkei 225 Historical Data.csv,True
NIKKEI225,2005-01-04,1d,11458.27,11547.02,11431.57,11517.75,,0.25,0.5191010510312566,Nikkei 225 Historical Data.csv,True
NIKKEI225,2005-01-05,1d,11458.92,11461.1,11416.97,11437.52,,-0.7,-0.1867540745550178,Nikkei 225 Historical Data.csv,True
NIKKEI225,2005-01-06,1d,11372.35,11492.26,11372.21,11492.26,,0.48,1.0543994864737671,Nikkei 225 Historical Data.csv,True
NIKKEI225,2005-01-07,1d,11528.69,11528.69,11432.19,11433.24,,-0.51,-0.827934483449555,Nikkei 225 Historical Data.csv,True
NIKKEI225,2005-01-11,1d,11495.46,11580.69,11495.46,11539.99,,0.93,0.38737031836917346,Nikkei 225 Historical Data.csv,True
NIKKEI225,2005-01-12,1d,11537.6,11548.89,11449.49,11453.39,,-0.75,-0.7298744972958016,Nikkei 225 Historical Data.csv,True
NIKKEI225,2005-01-13,1d,11398.94,11424.68,11355.05,11358.22,,-0.83,-0.35722619822545765,Nikkei 225 Historical Data.csv,True
NIKKEI225,2005-01-14,1d,11341.8,11491.18,11320.49,11438.39,,0.71,0.8516284893050452,Nikkei 225 Historical Data.csv,True
NIKKEI225,2005-01-17,1d,11475.2,11535.86,11453.86,11487.1,,0.43,0.10370189626325299,Nikkei 225 Historical Data.csv,True
NIKKEI225,2005-01-18,1d,11504.16,11509.4,11401.32,11423.26,,-0.56,-0.7032238772756938,Nikkei 225 Historical Data.csv,True
NIKKEI225,2005-01-19,1d,11467.74,11486.93,11396.43,11405.34,,-0.16,-0.5441351129341965,Nikkei 225 Historical Data.csv,True
NIKKEI225,2005-01-20,1d,11335.12,11335.12,11259.27,11284.77,,-1.06,-0.4441946798975249,Nikkei 225 Historical Data.csv,True
NIKKEI225,2005-01-21,1d,11226.07,11290.14,11222.24,11238.37,,-0.41,0.10956639322576844,Nikkei 225 Historical Data.csv,True
NIKKEI225,2005-01-24,1d,11213.03,11303.21,11212.63,11289.49,,0.45,0.6818852709749246,Nikkei 225 Historical Data.csv,True
NIKKEI225,2005-01-25,1d,11261.62,11276.91,11214.6,11276.91,,-0.11,0.1357708748830122,Nikkei 225 Historical Data.csv,True
NIKKEI225,2005-01-26,1d,11346.81,11379.57,11329.42,11376.57,,0.88,0.2622763578485898,Nikkei 225 Historical Data.csv,True
NIKKEI225,2005-01-27,1d,11390.09,11390.09,11316.3,11341.31,,-0.31,-0.4282670286187451,Nikkei 225 Historical Data.csv,True
NIKKEI225,2005-01-28,1d,11334.41,11340.28,11218.88,11320.58,,-0.18,-0.12201782007179585,Nikkei 225 Historical Data.csv,True
NIKKEI225,2005-01-31,1d,11296.99,11467.5,11266.09,11387.59,,0.59,0.8019835372077067,Nikkei 225 Historical Data.csv,True
NIKKEI225,2005-02-01,1d,11422.02,11422.02,11330.06,11384.4,,-0.03,-0.32936380780282937,Nikkei 225 Historical Data.csv,True
NIKKEI225,2005-02-02,1d,11432.34,11447.28,11399.62,11407.14,,0.2,-0.2204273140931856,Nikkei 225 Historical Data.csv,True
NIKKEI225,2005-02-03,1d,11430.9,11444.18,11344.41,11389.35,,-0.16,-0.3634884392304971,Nikkei 225 Historical Data.csv,True
NIKKEI225,2005-02-04,1d,11381.5,11383.05,11271.04,11360.4,,-0.25,-0.18538856916926472,Nikkei 225 Historical Data.csv,True
NIKKEI225,2005-02-07,1d,11393.04,11531.25,11381.78,11499.86,,1.23,0.9375899672080523,Nikkei 225 Historical Data.csv,True
NIKKEI225,2005-02-08,1d,11504.12,11519.03,11464.34,11490.43,,-0.08,-0.1190008449146962,Nikkei 225 Historical Data.csv,True
NIKKEI225,2005-02-09,1d,11519.9,11538.13,11457.96,11473.35,,-0.15,-0.40408336877924,Nikkei 225 Historical Data.csv,True
NIKKEI225,2005-02-10,1d,11434.89,11553.73,11414.99,11553.56,,0.7,1.03778873255449,Nikkei 225 Historical Data.csv,True
NIKKEI225,2005-02-14,1d,11644.4,11677.57,11626.42,11632.2,,0.68,-0.104771392257208,Nikkei 225 Historical Data.csv,True
NIKKEI225,2005-02-15,1d,11648.68,11676.26,11635.57,11646.49,,0.12,-0.01880041343740313,Nikkei 225 Historical Data.csv,True
NIKKEI225,2005-02-16,1d,11629.69,11684.91,11585.46,11601.68,,-0.38,-0.24084906820388552,Nikkei 225 Historical Data.csv,True
NIKKEI225,2005-02-17,1d,11583.84,11638.18,11574.06,11582.72,,-0.16,-0.009668641832072389,Nikkei 225 Historical Data.csv,True
NIKKEI225,2005-02-18,1d,11562.93,11660.12,11562.93,11660.12,,0.67,0.8405309034993813,Nikkei 225 Historical Data.csv,True
NIKKEI225,2005-02-21,1d,11682.19,11690.49,11651.02,11651.02,,-0.08,-0.26681641027923586,Nikkei 225 Historical Data.csv,True
NIKKEI225,2005-02-22,1d,11636.47,11651.51,11592.04,11597.71,,-0.46,-0.33309070534277563,Nikkei 225 Historical Data.csv,True
NIKKEI225,2005-02-23,1d,11510.76,11510.76,11452.42,11500.18,,-0.84,-0.09191400046565379,Nikkei 225 Historical Data.csv,True
NIKKEI225,2005-02-24,1d,11513.84,11557.86,11507.2,11531.15,,0.27,0.15034080723719256,Nikkei 225 Historical Data.csv,True
NIKKEI225,2005-02-25,1d,11585.84,11677.2,11585.46,11658.25,,1.1,0.6249870531614521,Nikkei 225 Historical Data.csv,True
NIKKEI225,2005-02-28,1d,11742.01,11754.9,11704.32,11740.6,,0.71,-0.012008165552579442,Nikkei 225 Historical Data.csv,True
NIKKEI225,2005-03-01,1d,11734.14,11780.53,11719.77,11780.53,,0.34,0.39534213840981547,Nikkei 225 Historical Data.csv,True
NIKKEI225,2005-03-02,1d,11804.84,11831.69,11780.61,11813.71,,0.28,0.07513867193456036,Nikkei 225 Historical Data.csv,True
NIKKEI225,2005-03-03,1d,11790.91,11856.46,11790.91,11856.46,,0.36,0.5559367343148214,Nikkei 225 Historical Data.csv,True
NIKKEI225,2005-03-04,1d,11815.79,11881.98,11769.67,11873.05,,0.14,0.48460576905986485,Nikkei 225 Historical Data.csv,True
NIKKEI225,2005-03-07,1d,11935.8,11975.46,11917.77,11925.36,,0.44,-0.08746795355148995,Nikkei 225 Historical Data.csv,True
NIKKEI225,2005-03-08,1d,11936.84,11936.84,11878.89,11886.91,,-0.32,-0.41828490622308756,Nikkei 225 Historical Data.csv,True
NIKKEI225,2005-03-09,1d,11882.25,11966.69,11882.25,11966.69,,0.67,0.7106398198994279,Nikkei 225 Historical Data.csv,True
NIKKEI225,2005-03-10,1d,11892.38,11959.18,11863.54,11864.91,,-0.85,-0.23098824625515935,Nikkei 225 Historical Data.csv,True
NIKKEI225,2005-03-11,1d,11838.02,11964.21,11838.02,11923.89,,0.5,0.725374682590485,Nikkei 225 Historical Data.csv,True
NIKKEI225,2005-03-14,1d,11947.29,11955.29,11850.25,11850.25,,-0.62,-0.8122344062963305,Nikkei 225 Historical Data.csv,True
NIKKEI225,2005-03-15,1d,11899.2,11912.81,11785.16,11821.09,,-0.25,-0.6564306844157652,Nikkei 225 Historical Data.csv,True
NIKKEI225,2005-03-16,1d,11822.18,11873.18,11793.03,11873.18,,0.44,0.4313925181311795,Nikkei 225 Historical Data.csv,True
NIKKEI225,2005-03-17,1d,11785.95,11808.04,11754.98,11775.5,,-0.82,-0.08866489336880612,Nikkei 225 Historical Data.csv,True
NIKKEI225,2005-03-18,1d,11792.29,11922.54,11790.96,11879.81,,0.89,0.7421798480193198,Nikkei 225 Historical Data.csv,True
NIKKEI225,2005-03-22,1d,11867.34,11889.13,11830.96,11841.97,,-0.32,-0.21378000461772517,Nikkei 225 Historical Data.csv,True
NIKKEI225,2005-03-23,1d,11823.97,11823.97,11681.16,11739.12,,-0.87,-0.7176100751270398,Nikkei 225 Historical Data.csv,True
NIKKEI225,2005-03-24,1d,11741.17,11819.37,11706.27,11745.97,,0.06,0.04088178605710091,Nikkei 225 Historical Data.csv,True
NIKKEI225,2005-03-25,1d,11788.68,11802.7,11732.8,11761.1,,0.13,-0.2339532500670094,Nikkei 225 Historical Data.csv,True
NIKKEI225,2005-03-28,1d,11709.79,11816.72,11709.79,11792.3,,0.27,0.7046240795095304,Nikkei 225 Historical Data.csv,True
NIKKEI225,2005-03-29,1d,11809.66,11809.66,11563.12,11599.82,,-1.63,-1.7768504766436988,Nikkei 225 Historical Data.csv,True
NIKKEI225,2005-03-30,1d,11548.93,11608.45,11506.85,11565.88,,-0.29,0.14676684333525536,Nikkei 225 Historical Data.csv,True
NIKKEI225,2005-03-31,1d,11623.1,11668.95,11590.72,11668.95,,0.89,0.3944730751692882,Nikkei 225 Historical Data.csv,True
NIKKEI225,2005-04-01,1d,11590.45,11723.63,11557.13,11723.63,,0.47,1.1490494329383205,Nikkei 225 Historical Data.csv,True
NIKKEI225,2005-04-04,1d,11666.31,11701.19,11652.66,11667.54,,-0.48,0.010543179462918495,Nikkei 225 Historical Data.csv,True
NIKKEI225,2005-04-05,1d,11695.97,11786.65,11695.97,11774.31,,0.92,0.669803359618748,Nikkei 225 Historical Data.csv,True
NIKKEI225,2005-04-06,1d,11783.74,11841.25,11760.71,11827.16,,0.45,0.3684738461642967,Nikkei 225 Historical Data.csv,True
NIKKEI225,2005-04-07,1d,11848.49,11848.49,11757.87,11810.99,,-0.14,-0.31649602607589644,Nikkei 225 Historical Data.csv,True
NIKKEI225,2005-04-08,1d,11867.15,11911.9,11839.66,11874.75,,0.54,0.06404233535433068,Nikkei 225 Historical Data.csv,True
NIKKEI225,2005-04-11,1d,11847.92,11847.92,11744.86,11745.64,,-1.09,-0.8632738911133808,Nikkei 225 Historical Data.csv,True
NIKKEI225,2005-04-12,1d,11739.05,11764.01,11657.66,11670.3,,-0.64,-0.5856521609499898,Nikkei 225 Historical Data.csv,True
NIKKEI225,2005-04-13,1d,11688.22,11718.78,11602.94,11637.52,,-0.28,-0.4337700693518687,Nikkei 225 Historical Data.csv,True
NIKKEI225,2005-04-14,1d,11578.78,11580.55,11474.82,11563.17,,-0.64,-0.13481558506164282,Nikkei 225 Historical Data.csv,True
NIKKEI225,2005-04-15,1d,11463.15,11463.15,11343.73,11370.69,,-1.66,-0.8065845775375835,Nikkei 225 Historical Data.csv,True
NIKKEI225,2005-04-18,1d,11223.65,11223.65,10920.66,10938.44,,-3.8,-2.5411519425498796,Nikkei 225 Historical Data.csv,True
NIKKEI225,2005-04-19,1d,11019.76,11082.84,10966.46,11065.86,,1.16,0.41833941937030605,Nikkei 225 Historical Data.csv,True
NIKKEI225,2005-04-20,1d,11173.84,11199.38,11052.38,11088.58,,0.21,-0.7630322252690225,Nikkei 225 Historical Data.csv,True
NIKKEI225,2005-04-21,1d,10950.73,11001.31,10770.58,10984.39,,-0.94,0.307376768489398,Nikkei 225 Historical Data.csv,True
NIKKEI225,2005-04-22,1d,11116.61,11134.99,11045.95,11045.95,,0.56,-0.635625428975195,Nikkei 225 Historical Data.csv,True
NIKKEI225,2005-04-25,1d,11064.95,11114.45,11020.59,11073.77,,0.25,0.07971116001428413,Nikkei 225 Historical Data.csv,True
NIKKEI225,2005-04-26,1d,11085.75,11085.75,11019.94,11035.83,,-0.34,-0.4503078276165362,Nikkei 225 Historical Data.csv,True
NIKKEI225,2005-04-27,1d,10968.77,11022.44,10968.58,11005.42,,-0.28,0.33413044489034593,Nikkei 225 Historical Data.csv,True
NIKKEI225,2005-04-28,1d,10979.05,11008.9,10892.71,11008.9,,0.03,0.2718814469375719,Nikkei 225 Historical Data.csv,True
NIKKEI225,2005-05-02,1d,10954.21,11035.95,10913.97,11002.11,,-0.06,0.4372748011951755,Nikkei 225 Historical Data.csv,True
NIKKEI225,2005-05-06,1d,11119.78,11192.17,11109.33,11192.17,,1.73,0.6510020881707934,Nikkei 225 Historical Data.csv,True
NIKKEI225,2005-05-09,1d,11199.1,11199.1,11119.48,11171.32,,-0.19,-0.24805564732880425,Nikkei 225 Historical Data.csv,True
NIKKEI225,2005-05-10,1d,11193.22,11211.36,11125.0,11159.46,,-0.11,-0.30161115389495396,Nikkei 225 Historical Data.csv,True
NIKKEI225,2005-05-11,1d,11091.26,11120.7,11038.26,11120.7,,-0.35,0.26543422478599865,Nikkei 225 Historical Data.csv,True
NIKKEI225,2005-05-12,1d,11118.13,11135.5,11069.69,11077.94,,-0.38,-0.3614816520403963,Nikkei 225 Historical Data.csv,True
NIKKEI225,2005-05-13,1d,11044.71,11103.08,11017.79,11049.11,,-0.26,0.039838076327947114,Nikkei 225 Historical Data.csv,True
NIKKEI225,2005-05-16,1d,11045.29,11048.85,10935.53,10947.22,,-0.92,-0.8878897702097599,Nikkei 225 Historical Data.csv,True
NIKKEI225,2005-05-17,1d,11046.3,11066.76,10788.59,10825.39,,-1.11,-1.9998551551198118,Nikkei 225 Historical Data.csv,True
NIKKEI225,2005-05-18,1d,10848.63,10891.69,10821.41,10835.41,,0.09,-0.12185870473967464,Nikkei 225 Historical Data.csv,True
NIKKEI225,2005-05-19,1d,10973.28,11102.43,10953.08,11077.16,,2.23,0.9466631672571779,Nikkei 225 Historical Data.csv,True
NIKKEI225,2005-05-20,1d,11104.33,11110.45,11034.82,11037.29,,-0.36,-0.6037284554763711,Nikkei 225 Historical Data.csv,True
NIKKEI225,2005-05-23,1d,11073.01,11163.54,11056.86,11158.65,,1.1,0.7734121074576716,Nikkei 225 Historical Data.csv,True
NIKKEI225,2005-05-24,1d,11184.64,11199.23,11101.93,11133.65,,-0.22,-0.45589308194095013,Nikkei 225 Historical Data.csv,True
NIKKEI225,2005-05-25,1d,11127.31,11127.9,10988.37,11014.43,,-1.07,-1.014441046398451,Nikkei 225 Historical Data.csv,True
NIKKEI225,2005-05-26,1d,11024.36,11047.37,10978.85,11027.94,,0.12,0.032473540414135194,Nikkei 225 Historical Data.csv,True
NIKKEI225,2005-05-27,1d,11098.26,11192.33,11089.23,11192.33,,1.49,0.8476103461263262,Nikkei 225 Historical Data.csv,True
NIKKEI225,2005-05-30,1d,11201.32,11302.52,11197.79,11266.33,,0.66,0.5803780268754055,Nikkei 225 Historical Data.csv,True
NIKKEI225,2005-05-31,1d,11273.81,11297.33,11221.46,11276.59,,0.09,0.024658921872910966,Nikkei 225 Historical Data.csv,True
NIKKEI225,2005-06-01,1d,11220.94,11329.67,11220.55,11329.67,,0.47,0.9689919026391713,Nikkei 225 Historical Data.csv,True
NIKKEI225,2005-06-02,1d,11341.89,11374.69,11280.05,11280.05,,-0.44,-0.5452354060919262,Nikkei 225 Historical Data.csv,True
NIKKEI225,2005-06-03,1d,11302.96,11317.94,11233.65,11300.05,,0.18,-0.02574546844366088,Nikkei 225 Historical Data.csv,True
NIKKEI225,2005-06-06,1d,11232.65,11270.62,11184.6,11270.62,,-0.26,0.33803243223995416,Nikkei 225 Historical Data.csv,True
NIKKEI225,2005-06-07,1d,11233.08,11258.28,11179.13,11217.45,,-0.47,-0.1391426038094501,Nikkei 225 Historical Data.csv,True
NIKKEI225,2005-06-08,1d,11235.27,11322.43,11229.86,11281.03,,0.57,0.40728883240011005,Nikkei 225 Historical Data.csv,True
NIKKEI225,2005-06-09,1d,11289.03,11294.43,11148.36,11160.88,,-1.07,-1.1351728182138032,Nikkei 225 Historical Data.csv,True
NIKKEI225,2005-06-10,1d,11192.99,11331.37,11173.93,11304.23,,1.28,0.9938363207686152,Nikkei 225 Historical Data.csv,True
NIKKEI225,2005-06-13,1d,11308.65,11371.82,11299.78,11311.51,,0.06,0.025290375066888693,Nikkei 225 Historical Data.csv,True
NIKKEI225,2005-06-14,1d,11348.53,11363.48,11326.51,11335.92,,0.22,-0.11111571278394905,Nikkei 225 Historical Data.csv,True
NIKKEI225,2005-06-15,1d,11365.62,11429.93,11355.85,11415.88,,0.71,0.4422108076813869,Nikkei 225 Historical Data.csv,True
NIKKEI225,2005-06-16,1d,11419.94,11462.52,11386.01,11416.38,,0.0,-0.031173543818985294,Nikkei 225 Historical Data.csv,True
NIKKEI225,2005-06-17,1d,11472.36,11514.03,11463.36,11514.03,,0.86,0.36322081943034323,Nikkei 225 Historical Data.csv,True
NIKKEI225,2005-06-20,1d,11539.18,11539.18,11455.23,11483.35,,-0.27,-0.4838298735265423,Nikkei 225 Historical Data.csv,True
NIKKEI225,2005-06-21,1d,11474.23,11511.23,11464.25,11488.74,,0.05,0.12645728732996186,Nikkei 225 Historical Data.csv,True
NIKKEI225,2005-06-22,1d,11487.06,11560.6,11445.43,11547.28,,0.51,0.5242420601964337,Nikkei 225 Historical Data.csv,True
NIKKEI225,2005-06-23,1d,11539.42,11576.75,11530.78,11576.75,,0.26,0.3234997946170548,Nikkei 225 Historical Data.csv,True
NIKKEI225,2005-06-24,1d,11480.33,11537.03,11472.61,11537.03,,-0.34,0.4938882418885182,Nikkei 225 Historical Data.csv,True
NIKKEI225,2005-06-27,1d,11445.64,11445.64,11378.99,11414.28,,-1.06,-0.2739907947480358,Nikkei 225 Historical Data.csv,True
NIKKEI225,2005-06-28,1d,11421.48,11519.48,11413.84,11513.83,,0.87,0.8085642140948535,Nikkei 225 Historical Data.csv,True
NIKKEI225,2005-06-29,1d,11567.82,11594.57,11547.13,11577.44,,0.55,0.08316173661071513,Nikkei 225 Historical Data.csv,True
NIKKEI225,2005-06-30,1d,11573.78,11589.63,11542.45,11584.01,,0.06,0.08838944579903085,Nikkei 225 Historical Data.csv,True
NIKKEI225,2005-07-01,1d,11573.37,11663.66,11540.93,11630.13,,0.4,0.49043623421698435,Nikkei 225 Historical Data.csv,True
NIKKEI225,2005-07-04,1d,11664.22,11664.22,11629.16,11651.55,,0.18,-0.1086227797486683,Nikkei 225 Historical Data.csv,True
NIKKEI225,2005-07-05,1d,11645.23,11658.26,11606.76,11616.7,,-0.3,-0.2449930143071377,Nikkei 225 Historical Data.csv,True
NIKKEI225,2005-07-06,1d,11648.04,11676.2,11603.53,11603.53,,-0.11,-0.3821243745728897,Nikkei 225 Historical Data.csv,True
NIKKEI225,2005-07-07,1d,11586.12,11602.81,11567.51,11590.14,,-0.12,0.03469668879658716,Nikkei 225 Historical Data.csv,True
NIKKEI225,2005-07-08,1d,11563.84,11653.26,11563.84,11565.99,,-0.21,0.018592439881559564,Nikkei 225 Historical Data.csv,True
NIKKEI225,2005-07-11,1d,11676.97,11713.12,11668.77,11674.79,,0.94,-0.018669226691503393,Nikkei 225 Historical Data.csv,True
NIKKEI225,2005-07-12,1d,11737.32,11738.3,11672.94,11692.14,,0.15,-0.38492603081453636,Nikkei 225 Historical Data.csv,True
NIKKEI225,2005-07-13,1d,11705.83,11707.96,11659.65,11659.84,,-0.28,-0.3928811540915955,Nikkei 225 Historical Data.csv,True
NIKKEI225,2005-07-14,1d,11715.46,11784.51,11715.46,11764.26,,0.9,0.41654360989666905,Nikkei 225 Historical Data.csv,True
NIKKEI225,2005-07-15,1d,11825.67,11828.31,11758.68,11758.68,,-0.05,-0.5664795313922943,Nikkei 225 Historical Data.csv,True
NIKKEI225,2005-07-19,1d,11761.61,11770.56,11731.99,11764.84,,0.05,0.02746222668494891,Nikkei 225 Historical Data.csv,True
NIKKEI225,2005-07-20,1d,11780.73,11816.99,11761.21,11789.35,,0.21,0.07317033834066677,Nikkei 225 Historical Data.csv,True
NIKKEI225,2005-07-21,1d,11808.53,11867.23,11786.73,11786.73,,-0.02,-0.18461230991495547,Nikkei 225 Historical Data.csv,True
NIKKEI225,2005-07-22,1d,11751.92,11753.01,11650.37,11695.05,,-0.78,-0.4839209252615828,Nikkei 225 Historical Data.csv,True
NIKKEI225,2005-07-25,1d,11721.7,11782.21,11718.66,11762.65,,0.58,0.34935205644230916,Nikkei 225 Historical Data.csv,True
NIKKEI225,2005-07-26,1d,11762.69,11772.68,11719.02,11737.96,,-0.21,-0.2102410247996067,Nikkei 225 Historical Data.csv,True
NIKKEI225,2005-07-27,1d,11770.57,11848.66,11770.57,11835.08,,0.83,0.5480618185865316,Nikkei 225 Historical Data.csv,True
NIKKEI225,2005-07-28,1d,11881.86,11889.86,11853.62,11858.31,,0.2,-0.19820129171695955,Nikkei 225 Historical Data.csv,True
NIKKEI225,2005-07-29,1d,11900.56,11913.5,11826.86,11899.6,,0.35,-0.008066847274401656,Nikkei 225 Historical Data.csv,True
NIKKEI225,2005-08-01,1d,11907.42,11972.84,11906.04,11946.92,,0.4,0.3317259322338506,Nikkei 225 Historical Data.csv,True
NIKKEI225,2005-08-02,1d,11954.23,11982.2,11920.88,11940.2,,-0.06,-0.11736431371990319,Nikkei 225 Historical Data.csv,True
NIKKEI225,2005-08-03,1d,11987.98,12009.56,11950.31,11981.8,,0.35,-0.05155163755695691,Nikkei 225 Historical Data.csv,True
NIKKEI225,2005-08-04,1d,11945.14,11945.14,11823.2,11883.31,,-0.82,-0.5176163695025715,Nikkei 225 Historical Data.csv,True
NIKKEI225,2005-08-05,1d,11842.16,11863.39,11724.61,11766.48,,-0.98,-0.6390726016199721,Nikkei 225 Historical Data.csv,True
NIKKEI225,2005-08-08,1d,11670.71,11794.84,11614.71,11778.98,,0.11,0.9277070546693356,Nikkei 225 Historical Data.csv,True
NIKKEI225,2005-08-09,1d,11797.33,11958.07,11797.33,11900.32,,1.03,0.8729941435901223,Nikkei 225 Historical Data.csv,True
NIKKEI225,2005-08-10,1d,11996.29,12138.71,11991.69,12098.08,,1.66,0.8485123317292231,Nikkei 225 Historical Data.csv,True
NIKKEI225,2005-08-11,1d,12178.08,12284.76,12167.48,12263.32,,1.37,0.6999461327237055,Nikkei 225 Historical Data.csv,True
NIKKEI225,2005-08-12,1d,12276.24,12324.43,12228.13,12261.68,,-0.01,-0.11860309019698922,Nikkei 225 Historical Data.csv,True
NIKKEI225,2005-08-15,1d,12254.53,12308.61,12236.61,12256.55,,-0.04,0.016483700313263405,Nikkei 225 Historical Data.csv,True
NIKKEI225,2005-08-16,1d,12324.76,12336.85,12277.41,12315.67,,0.48,-0.0737539716797797,Nikkei 225 Historical Data.csv,True
NIKKEI225,2005-08-17,1d,12286.83,12369.74,12270.85,12273.12,,-0.35,-0.11158288997242805,Nikkei 225 Historical Data.csv,True
NIKKEI225,2005-08-18,1d,12322.8,12369.53,12292.82,12307.37,,0.28,-0.12521504852791576,Nikkei 225 Historical Data.csv,True
NIKKEI225,2005-08-19,1d,12276.8,12291.73,12219.52,12291.73,,-0.13,0.12161149485208078,Nikkei 225 Historical Data.csv,True
NIKKEI225,2005-08-22,1d,12330.7,12478.82,12330.7,12452.51,,1.31,0.9878595700163029,Nikkei 225 Historical Data.csv,True
NIKKEI225,2005-08-23,1d,12511.81,12612.16,12472.93,12472.93,,0.16,-0.31074640679484844,Nikkei 225 Historical Data.csv,True
NIKKEI225,2005-08-24,1d,12421.53,12515.66,12416.51,12502.26,,0.24,0.6499199373990017,Nikkei 225 Historical Data.csv,True
NIKKEI225,2005-08-25,1d,12443.21,12466.84,12401.34,12405.16,,-0.78,-0.30578926177408094,Nikkei 225 Historical Data.csv,True
NIKKEI225,2005-08-26,1d,12458.08,12482.63,12385.03,12439.48,,0.28,-0.1493006948101172,Nikkei 225 Historical Data.csv,True
NIKKEI225,2005-08-29,1d,12386.76,12386.76,12274.81,12309.83,,-1.04,-0.6210663644084513,Nikkei 225 Historical Data.csv,True
NIKKEI225,2005-08-30,1d,12411.41,12457.04,12396.1,12453.14,,1.16,0.33622287878654067,Nikkei 225 Historical Data.csv,True
NIKKEI225,2005-08-31,1d,12428.6,12443.94,12393.68,12413.6,,-0.32,-0.12068937772556909,Nikkei 225 Historical Data.csv,True
NIKKEI225,2005-09-01,1d,12501.43,12573.01,12501.43,12506.97,,0.75,0.044314930371958106,Nikkei 225 Historical Data.csv,True
NIKKEI225,2005-09-02,1d,12571.88,12600.0,12544.37,12600.0,,0.74,0.22367378625949286,Nikkei 225 Historical Data.csv,True
NIKKEI225,2005-09-05,1d,12616.3,12655.15,12580.37,12634.88,,0.28,0.14726980176438254,Nikkei 225 Historical Data.csv,True
NIKKEI225,2005-09-06,1d,12686.68,12730.21,12581.28,12599.43,,-0.28,-0.6877291773734306,Nikkei 225 Historical Data.csv,True
NIKKEI225,2005-09-07,1d,12682.85,12682.85,12574.9,12607.59,,0.06,-0.5933997484792508,Nikkei 225 Historical Data.csv,True
NIKKEI225,2005-09-08,1d,12601.02,12601.02,12498.4,12533.89,,-0.58,-0.5327346516393217,Nikkei 225 Historical Data.csv,True
NIKKEI225,2005-09-09,1d,12561.84,12692.04,12556.43,12692.04,,1.26,1.0364723639212148,Nikkei 225 Historical Data.csv,True
NIKKEI225,2005-09-12,1d,12841.02,12926.57,12813.97,12896.43,,1.61,0.4315077774195597,Nikkei 225 Historical Data.csv,True
NIKKEI225,2005-09-13,1d,12896.22,12940.68,12847.19,12901.95,,0.04,0.044431624150353954,Nikkei 225 Historical Data.csv,True
NIKKEI225,2005-09-14,1d,12847.62,12871.54,12830.88,12834.25,,-0.52,-0.10406596708184557,Nikkei 225 Historical Data.csv,True
NIKKEI225,2005-09-15,1d,12817.78,12986.78,12806.71,12986.78,,1.19,1.3184810474200725,Nikkei 225 Historical Data.csv,True
NIKKEI225,2005-09-16,1d,12992.18,12992.99,12888.74,12958.68,,-0.22,-0.257847412828327,Nikkei 225 Historical Data.csv,True
NIKKEI225,2005-09-20,1d,12991.63,13159.39,12991.63,13148.57,,1.47,1.2080085408836316,Nikkei 225 Historical Data.csv,True
NIKKEI225,2005-09-21,1d,13181.71,13235.42,13108.65,13196.57,,0.37,0.11273195966230443,Nikkei 225 Historical Data.csv,True
NIKKEI225,2005-09-22,1d,13120.89,13170.36,13090.28,13159.36,,-0.28,0.2931965743177667,Nikkei 225 Historical Data.csv,True
NIKKEI225,2005-09-26,1d,13229.27,13392.63,13229.27,13392.63,,1.77,1.234837598748828,Nikkei 225 Historical Data.csv,True
NIKKEI225,2005-09-27,1d,13370.09,13373.0,13282.3,13310.04,,-0.62,-0.44913684201077775,Nikkei 225 Historical Data.csv,True
NIKKEI225,2005-09-28,1d,13307.53,13487.85,13306.52,13435.91,,0.95,0.9647169685133017,Nikkei 225 Historical Data.csv,True
NIKKEI225,2005-09-29,1d,13515.73,13617.24,13440.9,13617.24,,1.35,0.7510508126457038,Nikkei 225 Historical Data.csv,True
NIKKEI225,2005-09-30,1d,13677.45,13678.44,13539.15,13574.3,,-0.32,-0.7541610461014425,Nikkei 225 Historical Data.csv,True
NIKKEI225,2005-10-03,1d,13566.2,13584.61,13454.67,13525.28,,-0.36,-0.3016319971694381,Nikkei 225 Historical Data.csv,True
NIKKEI225,2005-10-04,1d,13597.38,13738.84,13593.01,13738.84,,1.58,1.0403474787054723,Nikkei 225 Historical Data.csv,True
NIKKEI225,2005-10-05,1d,13761.81,13783.6,13655.94,13689.89,,-0.36,-0.5226056746895913,Nikkei 225 Historical Data.csv,True
NIKKEI225,2005-10-06,1d,13554.56,13554.56,13285.83,13359.51,,-2.41,-1.4389991264932234,Nikkei 225 Historical Data.csv,True
NIKKEI225,2005-10-07,1d,13279.3,13332.12,13221.33,13227.74,,-0.99,-0.38827347827068426,Nikkei 225 Historical Data.csv,True
NIKKEI225,2005-10-11,1d,13280.33,13556.71,13241.84,13556.71,,2.49,2.0811229841427137,Nikkei 225 Historical Data.csv,True
NIKKEI225,2005-10-12,1d,13565.87,13704.09,13463.74,13463.74,,-0.69,-0.7528451916464007,Nikkei 225 Historical Data.csv,True
NIKKEI225,2005-10-13,1d,13388.02,13475.86,13266.98,13449.24,,-0.11,0.4572744886846447,Nikkei 225 Historical Data.csv,True
NIKKEI225,2005-10-14,1d,13581.32,13581.32,13361.96,13420.54,,-0.21,-1.1838319103003148,Nikkei 225 Historical Data.csv,True
NIKKEI225,2005-10-17,1d,13486.18,13510.63,13341.64,13400.29,,-0.15,-0.6368741926920718,Nikkei 225 Historical Data.csv,True
NIKKEI225,2005-10-18,1d,13376.19,13441.78,13321.97,13352.24,,-0.36,-0.17904949017620853,Nikkei 225 Historical Data.csv,True
NIKKEI225,2005-10-19,1d,13297.65,13304.98,13073.46,13129.49,,-1.67,-1.264584343850228,Nikkei 225 Historical Data.csv,True
NIKKEI225,2005-10-20,1d,13221.91,13264.4,13175.93,13190.46,,0.46,-0.2378627596164251,Nikkei 225 Historical Data.csv,True
NIKKEI225,2005-10-21,1d,13065.96,13243.08,12996.29,13199.95,,0.07,1.0254891335960137,Nikkei 225 Historical Data.csv,True
NIKKEI225,2005-10-24,1d,13232.41,13244.24,13083.04,13106.18,,-0.71,-0.953945653134991,Nikkei 225 Historical Data.csv,True
NIKKEI225,2005-10-25,1d,13227.92,13336.64,13219.05,13280.62,,1.33,0.39839974841093806,Nikkei 225 Historical Data.csv,True
NIKKEI225,2005-10-26,1d,13291.46,13406.19,13285.6,13395.02,,0.86,0.7791469108736182,Nikkei 225 Historical Data.csv,True
NIKKEI225,2005-10-27,1d,13440.72,13501.24,13387.66,13417.08,,0.16,-0.17588343481599322,Nikkei 225 Historical Data.csv,True
NIKKEI225,2005-10-28,1d,13344.93,13373.43,13272.84,13346.54,,-0.53,0.012064506895126392,Nikkei 225 Historical Data.csv,True
NIKKEI225,2005-10-31,1d,13459.99,13606.5,13456.07,13606.5,,1.95,1.0884852068983708,Nikkei 225 Historical Data.csv,True
NIKKEI225,2005-11-01,1d,13718.21,13867.86,13706.33,13867.86,,1.92,1.0908857642506042,Nikkei 225 Historical Data.csv,True
NIKKEI225,2005-11-02,1d,13865.1,13927.51,13807.81,13894.78,,0.19,0.21406264650092321,Nikkei 225 Historical Data.csv,True
NIKKEI225,2005-11-04,1d,14040.63,14099.49,13978.96,14075.96,,1.3,0.25162688568818314,Nikkei 225 Historical Data.csv,True
NIKKEI225,2005-11-07,1d,14084.11,14097.59,13982.75,14061.6,,-0.1,-0.15982550548100383,Nikkei 225 Historical Data.csv,True
NIKKEI225,2005-11-08,1d,14067.78,14071.74,13982.85,14036.73,,-0.18,-0.2207171280756537,Nikkei 225 Historical Data.csv,True
NIKKEI225,2005-11-09,1d,13989.31,14136.16,13951.4,14072.2,,0.25,0.5925238628638585,Nikkei 225 Historical Data.csv,True
NIKKEI225,2005-11-10,1d,14058.29,14121.71,13981.99,14080.88,,0.06,0.16068810644820353,Nikkei 225 Historical Data.csv,True
NIKKEI225,2005-11-11,1d,14170.33,14206.14,14133.89,14155.06,,0.53,-0.10776036973028091,Nikkei 225 Historical Data.csv,True
NIKKEI225,2005-11-14,1d,14218.72,14218.72,14105.45,14116.04,,-0.28,-0.7221465785949732,Nikkei 225 Historical Data.csv,True
NIKKEI225,2005-11-15,1d,14069.87,14142.27,14043.45,14091.77,,-0.17,0.15565175797644937,Nikkei 225 Historical Data.csv,True
NIKKEI225,2005-11-16,1d,14035.74,14170.87,14015.62,14170.87,,0.56,0.9627565058913934,Nikkei 225 Historical Data.csv,True
NIKKEI225,2005-11-17,1d,14192.78,14448.75,14169.47,14411.79,,1.7,1.5431085382849652,Nikkei 225 Historical Data.csv,True
NIKKEI225,2005-11-18,1d,14542.78,14633.35,14542.78,14623.12,,1.47,0.5524390797357892,Nikkei 225 Historical Data.csv,True
NIKKEI225,2005-11-21,1d,14719.28,14808.21,14590.56,14680.43,,0.39,-0.26393954052100765,Nikkei 225 Historical Data.csv,True
NIKKEI225,2005-11-22,1d,14726.04,14763.26,14650.06,14708.32,,0.19,-0.12033105980970848,Nikkei 225 Historical Data.csv,True
NIKKEI225,2005-11-24,1d,14816.71,14866.99,14721.6,14742.58,,0.23,-0.5003134973958434,Nikkei 225 Historical Data.csv,True
NIKKEI225,2005-11-25,1d,14693.87,14784.29,14613.18,14784.29,,0.28,0.6153586495593055,Nikkei 225 Historical Data.csv,True
NIKKEI225,2005-11-28,1d,14847.58,14986.94,14821.75,14986.94,,1.37,0.9386041361622688,Nikkei 225 Historical Data.csv,True
NIKKEI225,2005-11-29,1d,14900.64,14995.08,14868.03,14927.7,,-0.4,0.18160293786040338,Nikkei 225 Historical Data.csv,True
NIKKEI225,2005-11-30,1d,14981.34,15013.24,14872.15,14872.15,,-0.37,-0.7288400103061532,Nikkei 225 Historical Data.csv,True
NIKKEI225,2005-12-01,1d,14914.75,15130.5,14880.18,15130.5,,1.74,1.4465545852260453,Nikkei 225 Historical Data.csv,True
NIKKEI225,2005-12-02,1d,15272.62,15421.6,15245.36,15421.6,,1.92,0.9754711372377489,Nikkei 225 Historical Data.csv,True
NIKKEI225,2005-12-05,1d,15413.52,15563.39,15379.64,15551.31,,0.84,0.8939554365258395,Nikkei 225 Historical Data.csv,True
NIKKEI225,2005-12-06,1d,15518.67,15572.72,15423.38,15423.38,,-0.82,-0.6140345789942159,Nikkei 225 Historical Data.csv,True
NIKKEI225,2005-12-07,1d,15520.34,15558.32,15467.75,15484.66,,0.4,-0.22989187092551377,Nikkei 225 Historical Data.csv,True
NIKKEI225,2005-12-08,1d,15470.65,15523.15,15183.36,15183.36,,-1.95,-1.8570001906836442,Nikkei 225 Historical Data.csv,True
NIKKEI225,2005-12-09,1d,15127.8,15447.13,15117.15,15404.05,,1.45,1.826108224593126,Nikkei 225 Historical Data.csv,True
NIKKEI225,2005-12-12,1d,15549.65,15764.99,15548.46,15738.7,,2.17,1.2157829919001495,Nikkei 225 Historical Data.csv,True
NIKKEI225,2005-12-13,1d,15754.31,15782.3,15666.09,15778.86,,0.26,0.15583037276782896,Nikkei 225 Historical Data.csv,True
NIKKEI225,2005-12-14,1d,15817.93,15885.52,15447.15,15464.58,,-1.99,-2.2338574010632217,Nikkei 225 Historical Data.csv,True
NIKKEI225,2005-12-15,1d,15376.27,15469.35,15254.44,15254.44,,-1.36,-0.7923247965859082,Nikkei 225 Historical Data.csv,True
NIKKEI225,2005-12-16,1d,15222.0,15365.48,15095.56,15173.07,,-0.53,-0.3214426487977984,Nikkei 225 Historical Data.csv,True
NIKKEI225,2005-12-19,1d,15252.15,15391.48,15196.0,15391.48,,1.44,0.9135105542497302,Nikkei 225 Historical Data.csv,True
NIKKEI225,2005-12-20,1d,15388.71,15647.69,15365.39,15641.26,,1.62,1.6411382110651296,Nikkei 225 Historical Data.csv,True
NIKKEI225,2005-12-21,1d,15713.07,16010.17,15711.91,15957.57,,2.02,1.5560294710072586,Nikkei 225 Historical Data.csv,True
NIKKEI225,2005-12-22,1d,15975.99,15991.3,15759.73,15941.37,,-0.1,-0.21670018571617877,Nikkei 225 Historical Data.csv,True
NIKKEI225,2005-12-26,1d,16027.66,16108.94,16026.18,16107.67,,1.04,0.4991995088490686,Nikkei 225 Historical Data.csv,True
NIKKEI225,2005-12-27,1d,16033.94,16079.18,15962.73,15969.4,,-0.86,-0.40252115200630767,Nikkei 225 Historical Data.csv,True
NIKKEI225,2005-12-28,1d,15920.67,16194.61,15911.23,16194.61,,1.41,1.7206562286637528,Nikkei 225 Historical Data.csv,True
NIKKEI225,2005-12-29,1d,16247.54,16445.56,16246.67,16344.2,,0.92,0.5949208310919607,Nikkei 225 Historical Data.csv,True
NIKKEI225,2005-12-30,1d,16412.75,16413.18,16111.43,16111.43,,-1.42,-1.8358897808106511,Nikkei 225 Historical Data.csv,True
NIKKEI225,2006-01-04,1d,16294.65,16361.54,16250.76,16361.54,,1.55,0.410502833752191,Nikkei 225 Historical Data.csv,True
NIKKEI225,2006-01-05,1d,16441.27,16474.52,16368.51,16425.37,,0.39,-0.09670785772633028,Nikkei 225 Historical Data.csv,True
NIKKEI225,2006-01-06,1d,16408.31,16479.55,16320.43,16428.21,,0.02,0.1212800099461564,Nikkei 225 Historical Data.csv,True
NIKKEI225,2006-01-10,1d,16487.05,16487.05,16124.35,16124.35,,-1.85,-2.1999084129665336,Nikkei 225 Historical Data.csv,True
NIKKEI225,2006-01-11,1d,16164.92,16363.59,16005.24,16363.59,,1.48,1.2290193827126927,Nikkei 225 Historical Data.csv,True
NIKKEI225,2006-01-12,1d,16426.69,16472.99,16310.45,16445.19,,0.5,0.11262159327289911,Nikkei 225 Historical Data.csv,True
NIKKEI225,2006-01-13,1d,16454.32,16490.27,16383.23,16454.95,,0.06,0.0038287817424320636,Nikkei 225 Historical Data.csv,True
NIKKEI225,2006-01-16,1d,16360.04,16387.63,16221.59,16268.03,,-1.14,-0.5624069378803442,Nikkei 225 Historical Data.csv,True
NIKKEI225,2006-01-17,1d,16152.07,16324.17,15805.95,15805.95,,-2.84,-2.142883234161308,Nikkei 225 Historical Data.csv,True
NIKKEI225,2006-01-18,1d,15725.64,15725.64,15059.52,15341.18,,-2.94,-2.444797159288903,Nikkei 225 Historical Data.csv,True
NIKKEI225,2006-01-19,1d,15396.6,15740.82,15396.6,15696.28,,2.31,1.94640375147761,Nikkei 225 Historical Data.csv,True
NIKKEI225,2006-01-20,1d,15847.17,15875.39,15597.77,15696.69,,0.0,-0.9495701756212616,Nikkei 225 Historical Data.csv,True
NIKKEI225,2006-01-23,1d,15497.61,15564.9,15312.71,15360.65,,-2.14,-0.8837491716464752,Nikkei 225 Historical Data.csv,True
NIKKEI225,2006-01-24,1d,15470.91,15685.14,15470.39,15648.89,,1.88,1.150417137712001,Nikkei 225 Historical Data.csv,True
NIKKEI225,2006-01-25,1d,15725.76,15849.52,15651.0,15651.0,,0.01,-0.4753983273304452,Nikkei 225 Historical Data.csv,True
NIKKEI225,2006-01-26,1d,15783.7,15891.02,15764.89,15891.02,,1.53,0.6799419654453631,Nikkei 225 Historical Data.csv,True
NIKKEI225,2006-01-27,1d,16079.94,16460.68,16079.92,16460.68,,3.58,2.3677949047073543,Nikkei 225 Historical Data.csv,True
NIKKEI225,2006-01-30,1d,16615.91,16754.6,16538.72,16551.23,,0.55,-0.38926546905947434,Nikkei 225 Historical Data.csv,True
NIKKEI225,2006-01-31,1d,16603.9,16718.79,16561.31,16649.82,,0.6,0.276561530724706,Nikkei 225 Historical Data.csv,True
NIKKEI225,2006-02-01,1d,16594.9,16671.91,16480.09,16480.09,,-1.02,-0.6918390589880086,Nikkei 225 Historical Data.csv,True
NIKKEI225,2006-02-02,1d,16632.6,16736.18,16611.53,16710.55,,1.4,0.4686579368228694,Nikkei 225 Historical Data.csv,True
NIKKEI225,2006-02-03,1d,16596.21,16665.1,16567.87,16659.64,,-0.3,0.3821956940771365,Nikkei 225 Historical Data.csv,True
NIKKEI225,2006-02-06,1d,16736.23,16777.37,16578.19,16747.76,,0.53,0.06889245666437116,Nikkei 225 Historical Data.csv,True
NIKKEI225,2006-02-07,1d,16768.16,16769.37,16681.04,16720.99,,-0.16,-0.28130695317791776,Nikkei 225 Historical Data.csv,True
NIKKEI225,2006-02-08,1d,16609.96,16682.91,16272.68,16272.68,,-2.68,-2.0305888755903,Nikkei 225 Historical Data.csv,True
NIKKEI225,2006-02-09,1d,16444.74,16540.49,16351.43,16439.67,,1.03,-0.03083052696487565,Nikkei 225 Historical Data.csv,True
NIKKEI225,2006-02-10,1d,16525.5,16525.5,16090.93,16257.83,,-1.11,-1.6197391909473224,Nikkei 225 Historical Data.csv,True
NIKKEI225,2006-02-13,1d,16191.93,16191.93,15877.66,15877.66,,-2.34,-1.940905129901127,Nikkei 225 Historical Data.csv,True
NIKKEI225,2006-02-14,1d,15845.19,16184.87,15691.86,16184.87,,1.93,2.143742044115604,Nikkei 225 Historical Data.csv,True
NIKKEI225,2006-02-15,1d,16302.94,16312.74,15932.83,15932.83,,-1.56,-2.270204024550182,Nikkei 225 Historical Data.csv,True
NIKKEI225,2006-02-16,1d,15901.38,16109.2,15842.0,16043.67,,0.7,0.8948279960607319,Nikkei 225 Historical Data.csv,True
NIKKEI225,2006-02-17,1d,16078.51,16129.94,15702.67,15713.45,,-2.06,-2.2704840187305897,Nikkei 225 Historical Data.csv,True
NIKKEI225,2006-02-20,1d,15620.58,15661.85,15389.58,15437.93,,-1.75,-1.1692907689727194,Nikkei 225 Historical Data.csv,True
NIKKEI225,2006-02-21,1d,15602.83,15894.94,15573.71,15894.94,,2.96,1.8721603709070722,Nikkei 225 Historical Data.csv,True
NIKKEI225,2006-02-22,1d,15882.64,15923.0,15679.91,15781.78,,-0.71,-0.6350329668115551,Nikkei 225 Historical Data.csv,True
NIKKEI225,2006-02-23,1d,15908.87,16096.1,15892.51,16096.1,,1.99,1.176890627681293,Nikkei 225 Historical Data.csv,True
NIKKEI225,2006-02-24,1d,16034.67,16118.11,15947.04,16101.91,,0.04,0.4193413397344692,Nikkei 225 Historical Data.csv,True
NIKKEI225,2006-02-27,1d,16156.15,16290.15,16123.29,16192.95,,0.57,0.22777703846523778,Nikkei 225 Historical Data.csv,True
NIKKEI225,2006-02-28,1d,16218.62,16229.68,15953.32,16205.43,,0.08,-0.08132627806805015,Nikkei 225 Historical Data.csv,True
NIKKEI225,2006-03-01,1d,16026.82,16053.3,15910.65,15964.46,,-1.49,-0.3890977748549074,Nikkei 225 Historical Data.csv,True
NIKKEI225,2006-03-02,1d,16068.76,16106.26,15879.71,15909.76,,-0.34,-0.9894976339182349,Nikkei 225 Historical Data.csv,True
NIKKEI225,2006-03-03,1d,15835.43,15897.29,15658.64,15663.34,,-1.55,-1.086740303231426,Nikkei 225 Historical Data.csv,True
NIKKEI225,2006-03-06,1d,15668.63,15901.16,15609.8,15901.16,,1.52,1.4840480629129793,Nikkei 225 Historical Data.csv,True
NIKKEI225,2006-03-07,1d,15864.57,15864.57,15678.12,15726.02,,-1.1,-0.8733296899947396,Nikkei 225 Historical Data.csv,True
NIKKEI225,2006-03-08,1d,15657.79,15720.65,15553.14,15627.49,,-0.63,-0.19351389947113162,Nikkei 225 Historical Data.csv,True
NIKKEI225,2006-03-09,1d,15645.3,16049.61,15645.3,16036.91,,2.62,2.5030520347963936,Nikkei 225 Historical Data.csv,True
NIKKEI225,2006-03-10,1d,16007.41,16264.89,15982.02,16115.63,,0.49,0.6760618988330913,Nikkei 225 Historical Data.csv,True
NIKKEI225,2006-03-13,1d,16264.59,16379.47,16242.16,16361.51,,1.53,0.5958957465266534,Nikkei 225 Historical Data.csv,True
NIKKEI225,2006-03-14,1d,16401.11,16410.29,16238.36,16238.36,,-0.75,-0.9923108862753827,Nikkei 225 Historical Data.csv,True
NIKKEI225,2006-03-15,1d,16342.52,16367.76,16291.77,16319.04,,0.5,-0.14367429258155262,Nikkei 225 Historical Data.csv,True
NIKKEI225,2006-03-16,1d,16354.71,16356.49,16032.55,16096.21,,-1.37,-1.5805844310293526,Nikkei 225 Historical Data.csv,True
NIKKEI225,2006-03-17,1d,16172.74,16339.73,16106.38,16339.73,,1.51,1.0325399406655889,Nikkei 225 Historical Data.csv,True
NIKKEI225,2006-03-20,1d,16299.35,16667.13,16299.35,16624.8,,1.74,1.996705390092246,Nikkei 225 Historical Data.csv,True
NIKKEI225,2006-03-22,1d,16578.5,16583.25,16477.26,16495.48,,-0.78,-0.500769068371687,Nikkei 225 Historical Data.csv,True
NIKKEI225,2006-03-23,1d,16605.48,16661.14,16464.47,16489.37,,-0.04,-0.6992270021703662,Nikkei 225 Historical Data.csv,True
NIKKEI225,2006-03-24,1d,16501.5,16612.52,16462.47,16560.87,,0.43,0.35978547404780237,Nikkei 225 Historical Data.csv,True
NIKKEI225,2006-03-27,1d,16599.92,16711.16,16599.92,16650.1,,0.54,0.3022906134487302,Nikkei 225 Historical Data.csv,True
NIKKEI225,2006-03-28,1d,16550.47,16690.24,16463.95,16690.24,,0.24,0.8445077390551559,Nikkei 225 Historical Data.csv,True
NIKKEI225,2006-03-29,1d,16670.38,16976.29,16613.72,16938.41,,1.49,1.607821777308005,Nikkei 225 Historical Data.csv,True
NIKKEI225,2006-03-30,1d,17011.13,17125.64,16974.47,17045.34,,0.63,0.2011036303878555,Nikkei 225 Historical Data.csv,True
NIKKEI225,2006-03-31,1d,17088.76,17094.61,16995.77,17059.66,,0.08,-0.17028737017781292,Nikkei 225 Historical Data.csv,True
NIKKEI225,2006-04-03,1d,17127.61,17387.08,17105.5,17333.31,,1.6,1.200984842602093,Nikkei 225 Historical Data.csv,True
NIKKEI225,2006-04-04,1d,17295.58,17410.3,17266.39,17292.91,,-0.23,-0.01543747015134711,Nikkei 225 Historical Data.csv,True
NIKKEI225,2006-04-05,1d,17340.14,17464.54,17187.35,17243.98,,-0.28,-0.5545514626756232,Nikkei 225 Historical Data.csv,True
NIKKEI225,2006-04-06,1d,17365.57,17489.33,17347.01,17489.33,,1.42,0.7126745623668107,Nikkei 225 Historical Data.csv,True
NIKKEI225,2006-04-07,1d,17498.88,17563.37,17418.94,17563.37,,0.42,0.3685378721380861,Nikkei 225 Historical Data.csv,True
NIKKEI225,2006-04-10,1d,17455.03,17489.61,17385.25,17456.58,,-0.61,0.00887996182190598,Nikkei 225 Historical Data.csv,True
NIKKEI225,2006-04-11,1d,17460.68,17489.16,17295.42,17418.13,,-0.22,-0.24369039464671172,Nikkei 225 Historical Data.csv,True
NIKKEI225,2006-04-12,1d,17297.18,17325.21,17162.0,17162.55,,-1.47,-0.7783349655839933,Nikkei 225 Historical Data.csv,True
NIKKEI225,2006-04-13,1d,17232.28,17303.27,17068.96,17199.15,,0.21,-0.1922554647440622,Nikkei 225 Historical Data.csv,True
NIKKEI225,2006-04-14,1d,17319.33,17319.33,17149.08,17233.82,,0.2,-0.4937257965521913,Nikkei 225 Historical Data.csv,True
NIKKEI225,2006-04-17,1d,17233.73,17233.73,17000.36,17000.36,,-1.35,-1.3541467807607455,Nikkei 225 Historical Data.csv,True
NIKKEI225,2006-04-18,1d,16971.76,17268.05,16945.3,17232.86,,1.37,1.5384379698982542,Nikkei 225 Historical Data.csv,True
NIKKEI225,2006-04-19,1d,17405.92,17459.24,17350.12,17350.12,,0.68,-0.32058058407713474,Nikkei 225 Historical Data.csv,True
NIKKEI225,2006-04-20,1d,17391.94,17412.59,17283.97,17317.53,,-0.19,-0.4278418623799296,Nikkei 225 Historical Data.csv,True
NIKKEI225,2006-04-21,1d,17332.35,17479.73,17258.49,17403.96,,0.5,0.41315805415884643,Nikkei 225 Historical Data.csv,True
NIKKEI225,2006-04-24,1d,17245.62,17245.62,16892.15,16914.4,,-2.81,-1.9206036083364797,Nikkei 225 Historical Data.csv,True
NIKKEI225,2006-04-25,1d,16929.36,17000.2,16787.44,16970.29,,0.33,0.24176932855111133,Nikkei 225 Historical Data.csv,True
NIKKEI225,2006-04-26,1d,16993.23,17107.93,16944.54,17055.93,,0.5,0.36897046647401677,Nikkei 225 Historical Data.csv,True
NIKKEI225,2006-04-27,1d,17118.92,17176.06,17094.72,17114.54,,0.34,-0.025585726202337344,Nikkei 225 Historical Data.csv,True
NIKKEI225,2006-04-28,1d,17039.37,17043.67,16750.5,16906.23,,-1.22,-0.7813669167345938,Nikkei 225 Historical Data.csv,True
NIKKEI225,2006-05-01,1d,16929.83,16965.33,16868.69,16925.71,,0.12,-0.02433574347765477,Nikkei 225 Historical Data.csv,True
NIKKEI225,2006-05-02,1d,16920.13,17188.54,16900.33,17153.77,,1.35,1.3808404545355035,Nikkei 225 Historical Data.csv,True
NIKKEI225,2006-05-08,1d,17334.19,17375.25,17248.59,17291.67,,0.8,-0.24529556904592242,Nikkei 225 Historical Data.csv,True
NIKKEI225,2006-05-09,1d,17253.81,17294.5,17178.95,17190.91,,-0.58,-0.36455716157764995,Nikkei 225 Historical Data.csv,True
NIKKEI225,2006-05-10,1d,17161.47,17253.11,16883.39,16951.93,,-1.39,-1.2209909757147863,Nikkei 225 Historical Data.csv,True
NIKKEI225,2006-05-11,1d,16887.37,17087.0,16840.85,16862.14,,-0.53,-0.1494015942091642,Nikkei 225 Historical Data.csv,True
NIKKEI225,2006-05-12,1d,16655.98,16655.98,16422.49,16601.78,,-1.54,-0.3254086520276811,Nikkei 225 Historical Data.csv,True
NIKKEI225,2006-05-15,1d,16395.88,16486.91,16317.2,16486.91,,-0.69,0.555200452796667,Nikkei 225 Historical Data.csv,True
NIKKEI225,2006-05-16,1d,16508.89,16596.48,16116.73,16158.42,,-1.99,-2.1229168042188107,Nikkei 225 Historical Data.csv,True
NIKKEI225,2006-05-17,1d,16259.02,16319.3,16033.66,16307.67,,0.92,0.29921852608583155,Nikkei 225 Historical Data.csv,True
NIKKEI225,2006-05-18,1d,16089.25,16139.14,15914.39,16087.18,,-1.35,-0.012865733331257623,Nikkei 225 Historical Data.csv,True
NIKKEI225,2006-05-19,1d,16041.18,16166.34,15925.69,16155.45,,0.42,0.7123540786899696,Nikkei 225 Historical Data.csv,True
NIKKEI225,2006-05-22,1d,16254.56,16268.51,15837.26,15857.87,,-1.84,-2.4404843933025444,Nikkei 225 Historical Data.csv,True
NIKKEI225,2006-05-23,1d,15722.05,15776.2,15582.86,15599.2,,-1.63,-0.7813866512318635,Nikkei 225 Historical Data.csv,True
NIKKEI225,2006-05-24,1d,15676.64,15907.2,15508.51,15907.2,,1.97,1.4707233182620794,Nikkei 225 Historical Data.csv,True
NIKKEI225,2006-05-25,1d,15809.33,15849.23,15644.62,15693.75,,-1.34,-0.7310872756783438,Nikkei 225 Historical Data.csv,True
NIKKEI225,2006-05-26,1d,15827.87,15970.76,15819.32,15970.76,,1.77,0.9027746626678157,Nikkei 225 Historical Data.csv,True
NIKKEI225,2006-05-29,1d,16111.54,16111.54,15885.07,15915.68,,-0.34,-1.2156503971687438,Nikkei 225 Historical Data.csv,True
NIKKEI225,2006-05-30,1d,15920.79,15937.91,15814.83,15859.45,,-0.35,-0.3852823886251855,Nikkei 225 Historical Data.csv,True
NIKKEI225,2006-05-31,1d,15660.87,15660.87,15442.53,15467.33,,-2.47,-1.2358189551410659,Nikkei 225 Historical Data.csv,True
NIKKEI225,2006-06-01,1d,15603.25,15655.0,15417.51,15503.74,,0.24,-0.6377517504366104,Nikkei 225 Historical Data.csv,True
NIKKEI225,2006-06-02,1d,15600.28,15789.31,15266.97,15789.31,,1.84,1.211709020607321,Nikkei 225 Historical Data.csv,True
NIKKEI225,2006-06-05,1d,15719.31,15784.95,15622.75,15668.31,,-0.77,-0.3244417216786255,Nikkei 225 Historical Data.csv,True
NIKKEI225,2006-06-06,1d,15500.92,15507.78,15340.93,15384.86,,-1.81,-0.7487297528146697,Nikkei 225 Historical Data.csv,True
NIKKEI225,2006-06-07,1d,15285.05,15433.29,15095.15,15096.01,,-1.88,-1.2367640275955827,Nikkei 225 Historical Data.csv,True
NIKKEI225,2006-06-08,1d,14990.04,14990.04,14496.96,14633.03,,-3.07,-2.381648080992449,Nikkei 225 Historical Data.csv,True
NIKKEI225,2006-06-09,1d,14530.5,14825.48,14389.31,14750.84,,0.81,1.51639654519804,Nikkei 225 Historical Data.csv,True
NIKKEI225,2006-06-12,1d,14685.46,14845.04,14580.87,14833.01,,0.56,1.0047352960002698,Nikkei 225 Historical Data.csv,True
NIKKEI225,2006-06-13,1d,14650.59,14658.23,14218.6,14218.6,,-4.14,-2.948618451543583,Nikkei 225 Historical Data.csv,True
NIKKEI225,2006-06-14,1d,14084.52,14458.82,14045.53,14309.56,,0.64,1.5977825300400594,Nikkei 225 Historical Data.csv,True
NIKKEI225,2006-06-15,1d,14453.33,14593.85,14417.7,14470.76,,1.13,0.1205950462626948,Nikkei 225 Historical Data.csv,True
NIKKEI225,2006-06-16,1d,14679.35,14976.67,14679.35,14879.34,,2.82,1.3623900240814502,Nikkei 225 Historical Data.csv,True
NIKKEI225,2006-06-19,1d,14815.86,14918.6,14772.14,14860.35,,-0.13,0.30028631480047974,Nikkei 225 Historical Data.csv,True
NIKKEI225,2006-06-20,1d,14811.11,14845.71,14621.87,14648.41,,-1.43,-1.0984997073143155,Nikkei 225 Historical Data.csv,True
NIKKEI225,2006-06-21,1d,14712.86,14713.43,14482.96,14644.26,,-0.03,-0.46625876953902967,Nikkei 225 Historical Data.csv,True
NIKKEI225,2006-06-22,1d,14812.17,15138.47,14812.17,15135.69,,3.36,2.1841499253654195,Nikkei 225 Historical Data.csv,True
NIKKEI225,2006-06-23,1d,15001.77,15126.52,14865.57,15124.04,,-0.08,0.8150371589485728,Nikkei 225 Historical Data.csv,True
NIKKEI225,2006-06-26,1d,15080.23,15216.78,14987.77,15152.4,,0.19,0.4785736026572618,Nikkei 225 Historical Data.csv,True
NIKKEI225,2006-06-27,1d,15165.63,15207.38,15095.11,15171.81,,0.13,0.04075003807952893,Nikkei 225 Historical Data.csv,True
NIKKEI225,2006-06-28,1d,14998.01,14998.01,14824.8,14886.11,,-1.88,-0.7460989824650044,Nikkei 225 Historical Data.csv,True
NIKKEI225,2006-06-29,1d,14981.7,15137.58,14975.78,15121.15,,1.58,0.9308022454060483,Nikkei 225 Historical Data.csv,True
NIKKEI225,2006-06-30,1d,15333.1,15521.22,15333.1,15505.18,,2.54,1.1222779477078948,Nikkei 225 Historical Data.csv,True
NIKKEI225,2006-07-03,1d,15573.35,15617.22,15513.29,15571.62,,0.43,-0.011108720988095566,Nikkei 225 Historical Data.csv,True
NIKKEI225,2006-07-04,1d,15677.04,15710.39,15617.81,15638.5,,0.43,-0.24583722437399036,Nikkei 225 Historical Data.csv,True
NIKKEI225,2006-07-05,1d,15504.17,15584.62,15479.93,15523.94,,-0.73,0.12751408169544565,Nikkei 225 Historical Data.csv,True
NIKKEI225,2006-07-06,1d,15455.18,15460.83,15278.18,15321.4,,-1.3,-0.8655997536101245,Nikkei 225 Historical Data.csv,True
NIKKEI225,2006-07-07,1d,15428.32,15437.04,15276.15,15307.61,,-0.09,-0.7823923797276588,Nikkei 225 Historical Data.csv,True
NIKKEI225,2006-07-10,1d,15149.91,15555.43,15079.74,15552.81,,1.6,2.659421739139045,Nikkei 225 Historical Data.csv,True
NIKKEI225,2006-07-11,1d,15485.26,15498.2,15333.59,15473.82,,-0.51,-0.07387670597717166,Nikkei 225 Historical Data.csv,True
NIKKEI225,2006-07-12,1d,15405.42,15463.72,15169.15,15249.32,,-1.45,-1.013279741805162,Nikkei 225 Historical Data.csv,True
NIKKEI225,2006-07-13,1d,15127.74,15370.35,15053.61,15097.95,,-0.99,-0.19692300370047766,Nikkei 225 Historical Data.csv,True
NIKKEI225,2006-07-14,1d,14914.01,14997.45,14815.9,14845.24,,-1.67,-0.4611100569196336,Nikkei 225 Historical Data.csv,True
NIKKEI225,2006-07-18,1d,14714.18,14747.2,14437.24,14437.24,,-2.75,-1.882130026953599,Nikkei 225 Historical Data.csv,True
NIKKEI225,2006-07-19,1d,14503.83,14625.64,14456.43,14500.26,,0.44,-0.024614188114446822,Nikkei 225 Historical Data.csv,True
NIKKEI225,2006-07-20,1d,14713.56,14962.13,14705.43,14946.84,,3.08,1.5854762545570278,Nikkei 225 Historical Data.csv,True
NIKKEI225,2006-07-21,1d,14825.16,14867.81,14784.24,14821.26,,-0.84,-0.026306630080208393,Nikkei 225 Historical Data.csv,True
NIKKEI225,2006-07-24,1d,14700.58,14851.91,14560.67,14794.5,,-0.18,0.6388863568648206,Nikkei 225 Historical Data.csv,True
NIKKEI225,2006-07-25,1d,14970.6,15078.36,14948.36,15005.24,,1.42,0.23138685156238736,Nikkei 225 Historical Data.csv,True
NIKKEI225,2006-07-26,1d,15065.57,15108.14,14882.67,14884.07,,-0.81,-1.2047337073871067,Nikkei 225 Historical Data.csv,True
NIKKEI225,2006-07-27,1d,14883.5,15220.33,14839.49,15179.78,,1.99,1.9906607988712466,Nikkei 225 Historical Data.csv,True
NIKKEI225,2006-07-28,1d,15217.44,15351.79,15150.53,15342.87,,1.07,0.8242516481090201,Nikkei 225 Historical Data.csv,True
NIKKEI225,2006-07-31,1d,15462.39,15536.32,15433.2,15456.81,,0.74,-0.03608756472964769,Nikkei 225 Historical Data.csv,True
NIKKEI225,2006-08-01,1d,15387.52,15522.03,15365.71,15440.91,,-0.1,0.3469694921598654,Nikkei 225 Historical Data.csv,True
NIKKEI225,2006-08-02,1d,15341.53,15466.07,15287.81,15464.29,,0.15,0.8001809467504284,Nikkei 225 Historical Data.csv,True
NIKKEI225,2006-08-03,1d,15527.27,15580.91,15441.67,15470.37,,0.04,-0.36645205499743483,Nikkei 225 Historical Data.csv,True
NIKKEI225,2006-08-04,1d,15502.56,15555.9,15435.33,15499.18,,0.19,-0.021802850625951553,Nikkei 225 Historical Data.csv,True
NIKKEI225,2006-08-07,1d,15494.47,15516.24,15154.06,15154.06,,-2.23,-2.196977373217668,Nikkei 225 Historical Data.csv,True
NIKKEI225,2006-08-08,1d,15234.39,15476.94,15189.1,15464.66,,2.05,1.5115144091755628,Nikkei 225 Historical Data.csv,True
NIKKEI225,2006-08-09,1d,15417.02,15659.41,15240.3,15656.59,,1.24,1.553931953127119,Nikkei 225 Historical Data.csv,True
NIKKEI225,2006-08-10,1d,15585.09,15690.86,15536.15,15630.91,,-0.16,0.29399894386237246,Nikkei 225 Historical Data.csv,True
NIKKEI225,2006-08-11,1d,15622.24,15681.4,15555.6,15565.02,,-0.42,-0.3662726984094422,Nikkei 225 Historical Data.csv,True
NIKKEI225,2006-08-14,1d,15550.96,15857.11,15549.67,15857.11,,1.88,1.968688749762082,Nikkei 225 Historical Data.csv,True
NIKKEI225,2006-08-15,1d,15831.69,15913.34,15807.72,15816.19,,-0.26,-0.09790489833997329,Nikkei 225 Historical Data.csv,True
NIKKEI225,2006-08-16,1d,15970.6,16085.07,15962.98,16071.36,,1.61,0.6309092958310947,Nikkei 225 Historical Data.csv,True
NIKKEI225,2006-08-17,1d,16142.56,16204.6,16008.44,16020.84,,-0.31,-0.7540315786343621,Nikkei 225 Historical Data.csv,True
NIKKEI225,2006-08-18,1d,16052.58,16169.84,16022.12,16105.98,,0.53,0.332656806569398,Nikkei 225 Historical Data.csv,True
NIKKEI225,2006-08-21,1d,16104.5,16145.5,15936.61,15969.04,,-0.85,-0.8411313607997739,Nikkei 225 Historical Data.csv,True
NIKKEI225,2006-08-22,1d,15994.99,16244.84,15994.99,16181.17,,1.33,1.163989474204108,Nikkei 225 Historical Data.csv,True
NIKKEI225,2006-08-23,1d,16161.82,16226.59,16118.12,16163.03,,-0.11,0.007486780572985019,Nikkei 225 Historical Data.csv,True
NIKKEI225,2006-08-24,1d,16088.54,16089.13,15910.62,15960.62,,-1.25,-0.7951001147400549,Nikkei 225 Historical Data.csv,True
NIKKEI225,2006-08-25,1d,15955.76,16156.78,15874.63,15938.66,,-0.14,-0.10717132872392066,Nikkei 225 Historical Data.csv,True
NIKKEI225,2006-08-28,1d,15953.08,16005.09,15745.01,15762.59,,-1.1,-1.1940640929525848,Nikkei 225 Historical Data.csv,True
NIKKEI225,2006-08-29,1d,15881.92,15946.42,15811.73,15890.56,,0.81,0.05440148294413305,Nikkei 225 Historical Data.csv,True
NIKKEI225,2006-08-30,1d,15929.9,15962.93,15769.16,15872.02,,-0.12,-0.36334189166283837,Nikkei 225 Historical Data.csv,True
NIKKEI225,2006-08-31,1d,15884.61,16207.41,15882.26,16140.76,,1.69,1.6125671325893487,Nikkei 225 Historical Data.csv,True
NIKKEI225,2006-09-01,1d,16072.81,16158.48,16029.56,16134.25,,-0.04,0.3822604759217585,Nikkei 225 Historical Data.csv,True
NIKKEI225,2006-09-04,1d,16280.18,16414.94,16280.18,16358.07,,1.39,0.4784345136233048,Nikkei 225 Historical Data.csv,True
NIKKEI225,2006-09-05,1d,16357.29,16403.9,16280.68,16385.96,,0.17,0.17527353247388522,Nikkei 225 Historical Data.csv,True
NIKKEI225,2006-09-06,1d,16350.27,16400.71,16245.16,16284.09,,-0.62,-0.4047639580263884,Nikkei 225 Historical Data.csv,True
NIKKEI225,2006-09-07,1d,16141.94,16141.94,15944.03,16012.41,,-1.67,-0.8024438202595241,Nikkei 225 Historical Data.csv,True
NIKKEI225,2006-09-08,1d,15907.97,16156.18,15831.75,16080.46,,0.42,1.0842992537702711,Nikkei 225 Historical Data.csv,True
NIKKEI225,2006-09-11,1d,16053.13,16053.13,15772.07,15794.38,,-1.78,-1.6118351997398639,Nikkei 225 Historical Data.csv,True
NIKKEI225,2006-09-12,1d,15843.8,15882.38,15675.37,15719.34,,-0.48,-0.7855438720508867,Nikkei 225 Historical Data.csv,True
NIKKEI225,2006-09-13,1d,15889.5,15965.31,15730.67,15750.05,,0.2,-0.877623587903964,Nikkei 225 Historical Data.csv,True
NIKKEI225,2006-09-14,1d,15831.72,15994.79,15801.88,15942.39,,1.22,0.6990396495137663,Nikkei 225 Historical Data.csv,True
NIKKEI225,2006-09-15,1d,15872.29,15907.03,15763.9,15866.93,,-0.47,-0.03376954428125911,Nikkei 225 Historical Data.csv,True
NIKKEI225,2006-09-19,1d,15948.47,16096.18,15867.05,15874.28,,0.05,-0.4651856886585315,Nikkei 225 Historical Data.csv,True
NIKKEI225,2006-09-20,1d,15757.97,15763.67,15622.28,15718.67,,-0.98,-0.24939760641757847,Nikkei 225 Historical Data.csv,True
NIKKEI225,2006-09-21,1d,15820.11,15859.21,15674.84,15834.23,,0.74,0.08925348812365286,Nikkei 225 Historical Data.csv,True
NIKKEI225,2006-09-22,1d,15706.85,15735.26,15580.19,15634.67,,-1.26,-0.4595447209338577,Nikkei 225 Historical Data.csv,True
NIKKEI225,2006-09-25,1d,15550.56,15691.06,15513.87,15633.81,,-0.01,0.5353504954162425,Nikkei 225 Historical Data.csv,True
NIKKEI225,2006-09-26,1d,15594.48,15666.95,15517.9,15557.45,,-0.49,-0.23745581769958335,Nikkei 225 Historical Data.csv,True
NIKKEI225,2006-09-27,1d,15692.98,15947.87,15681.44,15947.87,,2.51,1.6242294325233386,Nikkei 225 Historical Data.csv,True
NIKKEI225,2006-09-28,1d,15970.39,16032.98,15911.22,16024.85,,0.48,0.341006074366379,Nikkei 225 Historical Data.csv,True
NIKKEI225,2006-09-29,1d,16097.08,16127.58,16007.37,16127.58,,0.64,0.1894753582637243,Nikkei 225 Historical Data.csv,True
NIKKEI225,2006-10-02,1d,16169.0,16329.24,16157.98,16254.29,,0.79,0.5274908776053078,Nikkei 225 Historical Data.csv,True
NIKKEI225,2006-10-03,1d,16198.55,16260.47,16148.89,16242.09,,-0.08,0.2687894904173538,Nikkei 225 Historical Data.csv,True
NIKKEI225,2006-10-04,1d,16288.92,16363.12,16028.32,16082.55,,-0.98,-1.2669348244082501,Nikkei 225 Historical Data.csv,True
NIKKEI225,2006-10-05,1d,16291.79,16481.31,16286.64,16449.33,,2.28,0.9669901220185295,Nikkei 225 Historical Data.csv,True
NIKKEI225,2006-10-06,1d,16444.71,16457.92,16360.64,16436.06,,-0.08,-0.05260050192431587,Nikkei 225 Historical Data.csv,True
NIKKEI225,2006-10-10,1d,16325.48,16620.15,16325.48,16477.25,,0.25,0.9296510730465446,Nikkei 225 Historical Data.csv,True
NIKKEI225,2006-10-11,1d,16497.27,16595.91,16399.74,16400.57,,-0.47,-0.5861575884979819,Nikkei 225 Historical Data.csv,True
NIKKEI225,2006-10-12,1d,16386.37,16495.54,16343.49,16368.81,,-0.19,-0.1071622330021782,Nikkei 225 Historical Data.csv,True
NIKKEI225,2006-10-13,1d,16494.49,16586.33,16493.64,16536.54,,1.02,0.2549336172261052,Nikkei 225 Historical Data.csv,True
NIKKEI225,2006-10-16,1d,16663.22,16732.44,16648.43,16692.76,,0.94,0.1772766608134413,Nikkei 225 Historical Data.csv,True
NIKKEI225,2006-10-17,1d,16704.86,16704.86,16561.26,16611.59,,-0.49,-0.5583405068944058,Nikkei 225 Historical Data.csv,True
NIKKEI225,2006-10-18,1d,16519.91,16666.2,16466.74,16653.0,,0.25,0.8056339289983949,Nikkei 225 Historical Data.csv,True
NIKKEI225,2006-10-19,1d,16673.26,16688.96,16506.22,16551.36,,-0.61,-0.7311107725783583,Nikkei 225 Historical Data.csv,True
NIKKEI225,2006-10-20,1d,16556.09,16663.61,16552.36,16651.63,,0.61,0.577068619462695,Nikkei 225 Historical Data.csv,True
NIKKEI225,2006-10-23,1d,16641.32,16797.71,16598.53,16788.82,,0.82,0.8863479579744871,Nikkei 225 Historical Data.csv,True
NIKKEI225,2006-10-24,1d,16853.73,16901.53,16759.98,16780.47,,-0.05,-0.4346812248683163,Nikkei 225 Historical Data.csv,True
NIKKEI225,2006-10-25,1d,16837.8,16849.05,16697.01,16699.3,,-0.48,-0.8225540153701805,Nikkei 225 Historical Data.csv,True
NIKKEI225,2006-10-26,1d,16794.41,16863.24,16772.31,16811.6,,0.67,0.10235548614092593,Nikkei 225 Historical Data.csv,True
NIKKEI225,2006-10-27,1d,16879.33,16879.33,16643.91,16669.07,,-0.85,-1.2456655566305153,Nikkei 225 Historical Data.csv,True
NIKKEI225,2006-10-30,1d,16544.5,16549.71,16329.89,16351.85,,-1.9,-1.1644353108283712,Nikkei 225 Historical Data.csv,True
NIKKEI225,2006-10-31,1d,16389.45,16477.06,16314.29,16399.39,,0.29,0.060648771008176006,Nikkei 225 Historical Data.csv,True
NIKKEI225,2006-11-01,1d,16338.72,16444.51,16246.24,16375.26,,-0.15,0.22364052998031791,Nikkei 225 Historical Data.csv,True
NIKKEI225,2006-11-02,1d,16281.95,16350.02,16209.14,16350.02,,-0.15,0.4180703171303257,Nikkei 225 Historical Data.csv,True
NIKKEI225,2006-11-06,1d,16278.78,16398.51,16204.13,16364.76,,0.09,0.5281722586090609,Nikkei 225 Historical Data.csv,True
NIKKEI225,2006-11-07,1d,16509.79,16512.51,16378.72,16393.41,,0.18,-0.704915083717006,Nikkei 225 Historical Data.csv,True
NIKKEI225,2006-11-08,1d,16404.05,16423.83,16199.43,16215.74,,-1.08,-1.147948220104178,Nikkei 225 Historical Data.csv,True
NIKKEI225,2006-11-09,1d,16218.86,16286.26,16094.49,16198.57,,-0.11,-0.12510127098945834,Nikkei 225 Historical Data.csv,True
NIKKEI225,2006-11-10,1d,16133.91,16280.66,16104.74,16112.43,,-0.53,-0.13313573709038407,Nikkei 225 Historical Data.csv,True
NIKKEI225,2006-11-13,1d,16016.42,16067.46,15913.86,16022.49,,-0.56,0.0378986065550313,Nikkei 225 Historical Data.csv,True
NIKKEI225,2006-11-14,1d,16178.81,16318.05,16176.02,16289.55,,1.67,0.6844755578438777,Nikkei 225 Historical Data.csv,True
NIKKEI225,2006-11-15,1d,16348.74,16373.48,16243.47,16243.47,,-0.28,-0.6439028328788621,Nikkei 225 Historical Data.csv,True
NIKKEI225,2006-11-16,1d,16292.48,16367.1,16143.7,16163.87,,-0.49,-0.7893825863220294,Nikkei 225 Historical Data.csv,True
NIKKEI225,2006-11-17,1d,16182.31,16238.26,16067.27,16091.73,,-0.45,-0.5597470324076093,Nikkei 225 Historical Data.csv,True
NIKKEI225,2006-11-20,1d,16004.34,16036.18,15725.94,15725.94,,-2.27,-1.739528152988501,Nikkei 225 Historical Data.csv,True
NIKKEI225,2006-11-21,1d,15766.43,15817.73,15696.22,15734.14,,0.05,-0.20480222853239693,Nikkei 225 Historical Data.csv,True
NIKKEI225,2006-11-22,1d,15680.53,15914.23,15675.48,15914.23,,1.14,1.4903832969931363,Nikkei 225 Historical Data.csv,True
NIKKEI225,2006-11-24,1d,15784.26,15789.89,15639.19,15734.6,,-1.13,-0.31461721993936154,Nikkei 225 Historical Data.csv,True
NIKKEI225,2006-11-27,1d,15615.56,15912.11,15615.56,15885.38,,0.96,1.7278919231842993,Nikkei 225 Historical Data.csv,True
NIKKEI225,2006-11-28,1d,15711.72,15855.26,15653.69,15855.26,,-0.19,0.913585527236993,Nikkei 225 Historical Data.csv,True
NIKKEI225,2006-11-29,1d,15948.69,16126.35,15945.07,16076.2,,1.39,0.7995014010555135,Nikkei 225 Historical Data.csv,True
NIKKEI225,2006-11-30,1d,16183.3,16274.33,16152.85,16274.33,,1.23,0.5624934345899835,Nikkei 225 Historical Data.csv,True
NIKKEI225,2006-12-01,1d,16313.02,16376.3,16242.01,16321.78,,0.29,0.05369943762711937,Nikkei 225 Historical Data.csv,True
NIKKEI225,2006-12-04,1d,16263.98,16362.04,16185.92,16303.59,,-0.11,0.2435443230992762,Nikkei 225 Historical Data.csv,True
NIKKEI225,2006-12-05,1d,16370.56,16400.14,16239.28,16265.76,,-0.23,-0.6401735798897468,Nikkei 225 Historical Data.csv,True
NIKKEI225,2006-12-06,1d,16309.8,16401.31,16254.45,16371.28,,0.65,0.37695128082504414,Nikkei 225 Historical Data.csv,True
NIKKEI225,2006-12-07,1d,16461.91,16550.73,16416.3,16473.36,,0.62,0.06955450491468174,Nikkei 225 Historical Data.csv,True
NIKKEI225,2006-12-08,1d,16429.8,16493.0,16387.8,16417.82,,-0.34,-0.0729162862603272,Nikkei 225 Historical Data.csv,True
NIKKEI225,2006-12-11,1d,16487.3,16608.97,16470.4,16527.99,,0.67,0.2467960187538365,Nikkei 225 Historical Data.csv,True
NIKKEI225,2006-12-12,1d,16621.69,16682.65,16583.78,16637.78,,0.66,0.09680122779331946,Nikkei 225 Historical Data.csv,True
NIKKEI225,2006-12-13,1d,16609.25,16692.93,16589.73,16692.93,,0.33,0.5038156448966769,Nikkei 225 Historical Data.csv,True
NIKKEI225,2006-12-14,1d,16714.34,16829.2,16714.34,16829.2,,0.82,0.6871943492833044,Nikkei 225 Historical Data.csv,True
NIKKEI225,2006-12-15,1d,16927.94,16959.91,16858.35,16914.31,,0.51,-0.08051777121136361,Nikkei 225 Historical Data.csv,True
NIKKEI225,2006-12-18,1d,16962.65,16993.88,16930.55,16962.11,,0.28,-0.0031834648477779837,Nikkei 225 Historical Data.csv,True
NIKKEI225,2006-12-19,1d,16883.86,16954.83,16754.21,16776.88,,-1.09,-0.6336228800760013,Nikkei 225 Historical Data.csv,True
NIKKEI225,2006-12-20,1d,16829.58,17050.73,16829.58,17011.04,,1.4,1.0782206091892954,Nikkei 225 Historical Data.csv,True
NIKKEI225,2006-12-21,1d,17040.93,17109.17,17010.04,17047.83,,0.22,0.040490747864119214,Nikkei 225 Historical Data.csv,True
NIKKEI225,2006-12-22,1d,17011.42,17104.96,16992.77,17104.96,,0.34,0.5498659136039308,Nikkei 225 Historical Data.csv,True
NIKKEI225,2006-12-25,1d,17104.8,17122.48,17056.69,17092.89,,-0.07,-0.06962957766241118,Nikkei 225 Historical Data.csv,True
NIKKEI225,2006-12-26,1d,17070.32,17185.71,17056.59,17169.19,,0.45,0.5791924228719658,Nikkei 225 Historical Data.csv,True
NIKKEI225,2006-12-27,1d,17207.12,17260.57,17207.12,17248.63,,0.46,0.24123734826049237,Nikkei 225 Historical Data.csv,True
NIKKEI225,2006-12-28,1d,17290.11,17301.69,17163.75,17224.81,,-0.14,-0.3776725538472525,Nikkei 225 Historical Data.csv,True
NIKKEI225,2006-12-29,1d,17228.49,17281.19,17225.83,17225.83,,0.01,-0.015439542293027575,Nikkei 225 Historical Data.csv,True
NIKKEI225,2007-01-04,1d,17322.5,17379.46,17315.76,17353.67,,0.74,0.17993938519265118,Nikkei 225 Historical Data.csv,True
NIKKEI225,2007-01-05,1d,17315.54,17327.13,17011.1,17091.59,,-1.51,-1.2933469011073284,Nikkei 225 Historical Data.csv,True
NIKKEI225,2007-01-09,1d,17018.89,17261.03,16983.97,17237.77,,0.86,1.2861003273421545,Nikkei 225 Historical Data.csv,True
NIKKEI225,2007-01-10,1d,17192.42,17199.42,16847.57,16942.4,,-1.71,-1.454245533787546,Nikkei 225 Historical Data.csv,True
NIKKEI225,2007-01-11,1d,16958.57,17057.45,16758.46,16838.17,,-0.62,-0.7099655218571033,Nikkei 225 Historical Data.csv,True
NIKKEI225,2007-01-12,1d,16979.73,17160.77,16941.39,17057.01,,1.3,0.45513091197562083,Nikkei 225 Historical Data.csv,True
NIKKEI225,2007-01-15,1d,17160.25,17273.58,17144.44,17209.92,,0.9,0.2894479975524833,Nikkei 225 Historical Data.csv,True
NIKKEI225,2007-01-16,1d,17190.9,17287.96,17175.85,17202.46,,-0.04,0.06724487955835912,Nikkei 225 Historical Data.csv,True
NIKKEI225,2007-01-17,1d,17153.25,17335.03,17002.67,17261.35,,0.34,0.6302012738110818,Nikkei 225 Historical Data.csv,True
NIKKEI225,2007-01-18,1d,17248.14,17408.62,17220.42,17370.93,,0.63,0.7119028486549883,Nikkei 225 Historical Data.csv,True
NIKKEI225,2007-01-19,1d,17340.38,17378.21,17242.77,17310.44,,-0.35,-0.17266057606581953,Nikkei 225 Historical Data.csv,True
NIKKEI225,2007-01-22,1d,17429.9,17484.59,17401.32,17424.18,,0.66,-0.03281717049439248,Nikkei 225 Historical Data.csv,True
NIKKEI225,2007-01-23,1d,17350.31,17442.0,17321.29,17408.57,,-0.09,0.3357865075609423,Nikkei 225 Historical Data.csv,True
NIKKEI225,2007-01-24,1d,17505.31,17553.03,17498.36,17507.4,,0.57,0.011939234438007595,Nikkei 225 Historical Data.csv,True
NIKKEI225,2007-01-25,1d,17604.6,17617.64,17427.54,17458.3,,-0.28,-0.831032798245912,Nikkei 225 Historical Data.csv,True
NIKKEI225,2007-01-26,1d,17368.05,17421.93,17300.84,17421.93,,-0.21,0.31022480934821406,Nikkei 225 Historical Data.csv,True
NIKKEI225,2007-01-29,1d,17393.19,17489.59,17319.37,17470.46,,0.28,0.444254331724081,Nikkei 225 Historical Data.csv,True
NIKKEI225,2007-01-30,1d,17510.0,17558.53,17452.63,17490.19,,0.11,-0.11313535122787766,Nikkei 225 Historical Data.csv,True
NIKKEI225,2007-01-31,1d,17493.83,17497.86,17275.84,17383.42,,-0.61,-0.6311368065198053,Nikkei 225 Historical Data.csv,True
NIKKEI225,2007-02-01,1d,17377.03,17543.96,17361.01,17519.5,,0.78,0.8198754332587432,Nikkei 225 Historical Data.csv,True
NIKKEI225,2007-02-02,1d,17569.16,17633.61,17532.64,17547.11,,0.16,-0.12550400815974916,Nikkei 225 Historical Data.csv,True
NIKKEI225,2007-02-05,1d,17531.41,17531.41,17294.98,17344.8,,-1.15,-1.064432353130751,Nikkei 225 Historical Data.csv,True
NIKKEI225,2007-02-06,1d,17384.5,17433.27,17345.1,17406.86,,0.36,0.12862032270126722,Nikkei 225 Historical Data.csv,True
NIKKEI225,2007-02-07,1d,17367.91,17374.82,17199.66,17292.32,,-0.66,-0.43522795776809176,Nikkei 225 Historical Data.csv,True
NIKKEI225,2007-02-08,1d,17368.35,17400.35,17212.78,17292.48,,0.0,-0.43682905975523934,Nikkei 225 Historical Data.csv,True
NIKKEI225,2007-02-09,1d,17339.56,17545.71,17274.89,17504.33,,1.23,0.9502547930858807,Nikkei 225 Historical Data.csv,True
NIKKEI225,2007-02-13,1d,17481.77,17628.03,17440.43,17621.45,,0.67,0.7990037622048529,Nikkei 225 Historical Data.csv,True
NIKKEI225,2007-02-14,1d,17662.29,17789.92,17648.81,17752.64,,0.74,0.5115418215871026,Nikkei 225 Historical Data.csv,True
NIKKEI225,2007-02-15,1d,17891.24,17911.58,17815.17,17897.23,,0.81,0.03348007181167567,Nikkei 225 Historical Data.csv,True
NIKKEI225,2007-02-16,1d,17828.78,17884.89,17793.35,17875.65,,-0.12,0.2628895527344133,Nikkei 225 Historical Data.csv,True
NIKKEI225,2007-02-19,1d,17835.13,17974.0,17810.05,17940.09,,0.36,0.5885014575166991,Nikkei 225 Historical Data.csv,True
NIKKEI225,2007-02-20,1d,17919.33,17953.03,17828.95,17939.12,,-0.01,0.1104393970086992,Nikkei 225 Historical Data.csv,True
NIKKEI225,2007-02-21,1d,17896.6,17968.26,17850.09,17913.21,,-0.14,0.09281092498016896,Nikkei 225 Historical Data.csv,True
NIKKEI225,2007-02-22,1d,18033.23,18132.84,18024.48,18108.79,,1.09,0.4190042493773971,Nikkei 225 Historical Data.csv,True
NIKKEI225,2007-02-23,1d,18113.56,18239.13,18046.42,18188.42,,0.44,0.4132815415633262,Nikkei 225 Historical Data.csv,True
NIKKEI225,2007-02-26,1d,18219.75,18300.39,18145.42,18215.35,,0.15,-0.024149617859747785,Nikkei 225 Historical Data.csv,True
NIKKEI225,2007-02-27,1d,18239.3,18272.68,18073.22,18119.92,,-0.52,-0.6545207327035674,Nikkei 225 Historical Data.csv,True
NIKKEI225,2007-02-28,1d,17843.61,17843.61,17382.79,17604.12,,-2.85,-1.3421611434009217,Nikkei 225 Historical Data.csv,True
NIKKEI225,2007-03-01,1d,17542.23,17557.42,17261.6,17453.51,,-0.86,-0.5057509792084636,Nikkei 225 Historical Data.csv,True
NIKKEI225,2007-03-02,1d,17351.4,17356.45,17160.43,17217.93,,-1.35,-0.7692174694837406,Nikkei 225 Historical Data.csv,True
NIKKEI225,2007-03-05,1d,16992.44,16992.44,16532.91,16642.25,,-3.34,-2.0608576519911104,Nikkei 225 Historical Data.csv,True
NIKKEI225,2007-03-06,1d,16654.85,16882.92,16649.1,16844.5,,1.22,1.138707343506562,Nikkei 225 Historical Data.csv,True
NIKKEI225,2007-03-07,1d,16982.3,16988.01,16731.77,16764.62,,-0.47,-1.2818051736219527,Nikkei 225 Historical Data.csv,True
NIKKEI225,2007-03-08,1d,16729.79,17090.31,16685.95,17090.31,,1.94,2.154958310893318,Nikkei 225 Historical Data.csv,True
NIKKEI225,2007-03-09,1d,17224.67,17246.21,17100.74,17164.04,,0.43,-0.3519951325627546,Nikkei 225 Historical Data.csv,True
NIKKEI225,2007-03-12,1d,17312.14,17325.45,17206.94,17292.39,,0.75,-0.11408179462504275,Nikkei 225 Historical Data.csv,True
NIKKEI225,2007-03-13,1d,17268.71,17299.48,17153.2,17178.84,,-0.66,-0.5204210389774255,Nikkei 225 Historical Data.csv,True
NIKKEI225,2007-03-14,1d,16936.19,16936.19,16628.85,16676.89,,-2.92,-1.5310409247888623,Nikkei 225 Historical Data.csv,True
NIKKEI225,2007-03-15,1d,16803.99,16942.31,16760.68,16860.39,,1.1,0.3356345725032961,Nikkei 225 Historical Data.csv,True
NIKKEI225,2007-03-16,1d,16779.48,16939.43,16643.76,16744.15,,-0.69,-0.21055479669214172,Nikkei 225 Historical Data.csv,True
NIKKEI225,2007-03-19,1d,16713.99,17026.46,16713.99,17009.55,,1.59,1.7683389783049952,Nikkei 225 Historical Data.csv,True
NIKKEI225,2007-03-20,1d,17155.35,17267.74,17146.53,17163.2,,0.9,0.04575832029076743,Nikkei 225 Historical Data.csv,True
NIKKEI225,2007-03-22,1d,17383.62,17489.19,17379.4,17419.2,,1.49,0.2046754358413283,Nikkei 225 Historical Data.csv,True
NIKKEI225,2007-03-23,1d,17519.51,17534.77,17407.97,17480.61,,0.35,-0.2220381734420518,Nikkei 225 Historical Data.csv,True
NIKKEI225,2007-03-26,1d,17517.92,17558.04,17425.0,17521.96,,0.24,0.02306209869664677,Nikkei 225 Historical Data.csv,True
NIKKEI225,2007-03-27,1d,17357.26,17516.89,17315.91,17365.05,,-0.9,0.04488035554000014,Nikkei 225 Historical Data.csv,True
NIKKEI225,2007-03-28,1d,17328.12,17442.62,17141.65,17254.73,,-0.64,-0.4235312313164874,Nikkei 225 Historical Data.csv,True
NIKKEI225,2007-03-29,1d,17119.95,17350.88,17036.22,17263.94,,0.05,0.841065540495145,Nikkei 225 Historical Data.csv,True
NIKKEI225,2007-03-30,1d,17318.85,17380.8,17267.1,17287.65,,0.14,-0.1801505296252226,Nikkei 225 Historical Data.csv,True
NIKKEI225,2007-04-02,1d,17346.25,17425.74,16999.05,17028.41,,-1.5,-1.832326871802259,Nikkei 225 Historical Data.csv,True
NIKKEI225,2007-04-03,1d,17154.78,17279.73,17095.92,17244.05,,1.27,0.5203797425557211,Nikkei 225 Historical Data.csv,True
NIKKEI225,2007-04-04,1d,17400.68,17576.51,17394.14,17544.09,,1.74,0.824163193622307,Nikkei 225 Historical Data.csv,True
NIKKEI225,2007-04-05,1d,17507.46,17531.3,17430.38,17491.42,,-0.3,-0.09161808737533361,Nikkei 225 Historical Data.csv,True
NIKKEI225,2007-04-06,1d,17502.9,17560.3,17422.55,17484.78,,-0.04,-0.10352570145519824,Nikkei 225 Historical Data.csv,True
NIKKEI225,2007-04-09,1d,17606.03,17747.82,17606.03,17743.76,,1.48,0.7822887953729429,Nikkei 225 Historical Data.csv,True
NIKKEI225,2007-04-10,1d,17631.02,17706.92,17613.15,17664.69,,-0.45,0.1909702331458929,Nikkei 225 Historical Data.csv,True
NIKKEI225,2007-04-11,1d,17699.39,17723.39,17618.19,17670.07,,0.03,-0.1656554265429433,Nikkei 225 Historical Data.csv,True
NIKKEI225,2007-04-12,1d,17601.65,17601.65,17455.18,17540.42,,-0.73,-0.34786511491822214,Nikkei 225 Historical Data.csv,True
NIKKEI225,2007-04-13,1d,17629.02,17662.89,17327.37,17363.95,,-1.01,-1.5036003135738718,Nikkei 225 Historical Data.csv,True
NIKKEI225,2007-04-16,1d,17507.18,17696.87,17507.18,17628.3,,1.52,0.691830437569041,Nikkei 225 Historical Data.csv,True
NIKKEI225,2007-04-17,1d,17750.67,17782.08,17452.12,17527.45,,-0.57,-1.257529997459239,Nikkei 225 Historical Data.csv,True
NIKKEI225,2007-04-18,1d,17557.4,17706.85,17538.34,17667.33,,0.8,0.6261177623110514,Nikkei 225 Historical Data.csv,True
NIKKEI225,2007-04-19,1d,17530.0,17530.0,17219.73,17371.97,,-1.67,-0.9014831717056415,Nikkei 225 Historical Data.csv,True
NIKKEI225,2007-04-20,1d,17471.56,17502.02,17404.62,17452.62,,0.46,-0.10840474462499028,Nikkei 225 Historical Data.csv,True
NIKKEI225,2007-04-23,1d,17589.61,17656.55,17413.64,17455.37,,0.02,-0.7631778078081464,Nikkei 225 Historical Data.csv,True
NIKKEI225,2007-04-24,1d,17363.84,17500.34,17305.78,17451.77,,-0.02,0.5063972024621277,Nikkei 225 Historical Data.csv,True
NIKKEI225,2007-04-25,1d,17379.52,17379.52,17221.55,17236.16,,-1.24,-0.8248789379683652,Nikkei 225 Historical Data.csv,True
NIKKEI225,2007-04-26,1d,17359.84,17496.11,17321.05,17429.17,,1.12,0.3993700402768585,Nikkei 225 Historical Data.csv,True
NIKKEI225,2007-04-27,1d,17377.04,17542.25,17299.37,17400.41,,-0.17,0.13448780689921946,Nikkei 225 Historical Data.csv,True
NIKKEI225,2007-05-01,1d,17396.3,17396.3,17203.03,17274.98,,-0.72,-0.697389674815907,Nikkei 225 Historical Data.csv,True
NIKKEI225,2007-05-02,1d,17310.75,17441.1,17227.09,17394.92,,0.69,0.4862296549831724,Nikkei 225 Historical Data.csv,True
NIKKEI225,2007-05-07,1d,17564.17,17715.99,17558.24,17669.83,,1.58,0.6015655735511771,Nikkei 225 Historical Data.csv,True
NIKKEI225,2007-05-08,1d,17651.47,17711.67,17587.92,17656.84,,-0.07,0.030422395415219405,Nikkei 225 Historical Data.csv,True
NIKKEI225,2007-05-09,1d,17616.58,17753.33,17616.58,17748.12,,0.52,0.7466829543532061,Nikkei 225 Historical Data.csv,True
NIKKEI225,2007-05-10,1d,17793.49,17827.48,17712.89,17736.96,,-0.06,-0.3177004623601265,Nikkei 225 Historical Data.csv,True
NIKKEI225,2007-05-11,1d,17616.02,17616.02,17455.28,17553.72,,-1.03,-0.3536553659680197,Nikkei 225 Historical Data.csv,True
NIKKEI225,2007-05-14,1d,17682.74,17786.65,17673.86,17677.94,,0.71,-0.027145114388393843,Nikkei 225 Historical Data.csv,True
NIKKEI225,2007-05-15,1d,17577.14,17609.55,17491.59,17512.98,,-0.93,-0.3650195651852317,Nikkei 225 Historical Data.csv,True
NIKKEI225,2007-05-16,1d,17487.0,17539.95,17430.7,17529.0,,0.09,0.24017841825356712,Nikkei 225 Historical Data.csv,True
NIKKEI225,2007-05-17,1d,17586.33,17656.07,17482.44,17498.6,,-0.17,-0.4988533707715237,Nikkei 225 Historical Data.csv,True
NIKKEI225,2007-05-18,1d,17563.53,17563.53,17320.81,17399.58,,-0.57,-0.9334683859110182,Nikkei 225 Historical Data.csv,True
NIKKEI225,2007-05-21,1d,17455.55,17599.35,17411.51,17556.87,,0.9,0.5804457608038716,Nikkei 225 Historical Data.csv,True
NIKKEI225,2007-05-22,1d,17578.31,17730.84,17545.26,17680.05,,0.7,0.5787814642021827,Nikkei 225 Historical Data.csv,True
NIKKEI225,2007-05-23,1d,17763.15,17802.71,17699.12,17705.12,,0.14,-0.32668755260188975,Nikkei 225 Historical Data.csv,True
NIKKEI225,2007-05-24,1d,17680.45,17760.57,17606.56,17696.97,,-0.05,0.09343653583477884,Nikkei 225 Historical Data.csv,True
NIKKEI225,2007-05-25,1d,17529.27,17529.27,17370.18,17481.21,,-1.22,-0.2741700025157945,Nikkei 225 Historical Data.csv,True
NIKKEI225,2007-05-28,1d,17544.98,17630.37,17544.67,17587.59,,0.61,0.24286149086518716,Nikkei 225 Historical Data.csv,True
NIKKEI225,2007-05-29,1d,17524.82,17700.52,17521.64,17672.56,,0.48,0.8430329098958023,Nikkei 225 Historical Data.csv,True
NIKKEI225,2007-05-30,1d,17664.37,17727.17,17484.3,17588.26,,-0.48,-0.43086733350807815,Nikkei 225 Historical Data.csv,True
NIKKEI225,2007-05-31,1d,17715.77,17875.75,17701.57,17875.75,,1.63,0.9030372374443818,Nikkei 225 Historical Data.csv,True
NIKKEI225,2007-06-01,1d,17949.92,18017.73,17943.68,17958.88,,0.47,0.0499166570101961,Nikkei 225 Historical Data.csv,True
NIKKEI225,2007-06-04,1d,18067.9,18071.8,17973.42,17973.42,,0.08,-0.5229163322799213,Nikkei 225 Historical Data.csv,True
NIKKEI225,2007-06-05,1d,18019.79,18071.72,17950.45,18053.81,,0.45,0.18879243320815142,Nikkei 225 Historical Data.csv,True
NIKKEI225,2007-06-06,1d,18001.2,18073.05,17991.19,18040.93,,-0.07,0.2207075083883181,Nikkei 225 Historical Data.csv,True
NIKKEI225,2007-06-07,1d,17879.01,18053.38,17866.52,18053.38,,0.07,0.975277713922651,Nikkei 225 Historical Data.csv,True
NIKKEI225,2007-06-08,1d,17904.68,17904.68,17696.51,17779.09,,-1.52,-0.7014367193381887,Nikkei 225 Historical Data.csv,True
NIKKEI225,2007-06-11,1d,17899.02,17932.1,17801.63,17834.48,,0.31,-0.36057840038170585,Nikkei 225 Historical Data.csv,True
NIKKEI225,2007-06-12,1d,17845.22,17862.99,17735.56,17760.91,,-0.41,-0.47245144638172754,Nikkei 225 Historical Data.csv,True
NIKKEI225,2007-06-13,1d,17631.87,17781.41,17591.93,17732.77,,-0.16,0.5722592101688573,Nikkei 225 Historical Data.csv,True
NIKKEI225,2007-06-14,1d,17834.78,17875.02,17815.3,17842.29,,0.62,0.04210873360928069,Nikkei 225 Historical Data.csv,True
NIKKEI225,2007-06-15,1d,17945.84,18007.99,17930.34,17971.49,,0.72,0.14293006067145342,Nikkei 225 Historical Data.csv,True
NIKKEI225,2007-06-18,1d,18127.41,18194.26,18112.93,18149.52,,0.99,0.12196998909386192,Nikkei 225 Historical Data.csv,True
NIKKEI225,2007-06-19,1d,18131.59,18163.61,18103.56,18163.61,,0.08,0.17659786041930303,Nikkei 225 Historical Data.csv,True
NIKKEI225,2007-06-20,1d,18173.07,18297.0,18141.95,18211.68,,0.26,0.21245722379323873,Nikkei 225 Historical Data.csv,True
NIKKEI225,2007-06-21,1d,18117.3,18287.73,18107.81,18240.3,,0.16,0.6789091089731913,Nikkei 225 Historical Data.csv,True
NIKKEI225,2007-06-22,1d,18177.89,18200.11,18092.36,18188.63,,-0.28,0.059082764831352996,Nikkei 225 Historical Data.csv,True
NIKKEI225,2007-06-25,1d,18107.68,18203.56,18079.85,18087.48,,-0.56,-0.11155487616304471,Nikkei 225 Historical Data.csv,True
NIKKEI225,2007-06-26,1d,18098.33,18101.89,18008.6,18066.11,,-0.12,-0.17802747546321607,Nikkei 225 Historical Data.csv,True
NIKKEI225,2007-06-27,1d,17981.77,17983.35,17848.05,17849.28,,-1.2,-0.7368017720168929,Nikkei 225 Historical Data.csv,True
NIKKEI225,2007-06-28,1d,17915.63,17960.22,17893.37,17932.27,,0.46,0.09287979267265101,Nikkei 225 Historical Data.csv,True
NIKKEI225,2007-06-29,1d,18010.5,18144.63,17973.5,18138.36,,1.15,0.7099192137919541,Nikkei 225 Historical Data.csv,True
NIKKEI225,2007-07-02,1d,18139.04,18175.3,18062.49,18146.3,,0.04,0.04002416886450533,Nikkei 225 Historical Data.csv,True
NIKKEI225,2007-07-03,1d,18206.49,18230.89,18146.74,18149.9,,0.02,-0.3108232284201984,Nikkei 225 Historical Data.csv,True
NIKKEI225,2007-07-04,1d,18158.77,18207.97,18143.58,18168.72,,0.1,0.05479446019747147,Nikkei 225 Historical Data.csv,True
NIKKEI225,2007-07-05,1d,18191.89,18295.27,18191.89,18221.48,,0.29,0.16265489731963623,Nikkei 225 Historical Data.csv,True
NIKKEI225,2007-07-06,1d,18184.64,18184.64,18086.01,18140.94,,-0.44,-0.24031270346842604,Nikkei 225 Historical Data.csv,True
NIKKEI225,2007-07-09,1d,18226.07,18282.15,18213.59,18261.98,,0.67,0.1970254695609075,Nikkei 225 Historical Data.csv,True
NIKKEI225,2007-07-10,1d,18244.69,18259.81,18204.04,18252.67,,-0.05,0.043738753577060585,Nikkei 225 Historical Data.csv,True
NIKKEI225,2007-07-11,1d,18116.66,18116.66,18028.87,18049.51,,-1.11,-0.37065331026802095,Nikkei 225 Historical Data.csv,True
NIKKEI225,2007-07-12,1d,18105.89,18130.44,17919.17,17984.14,,-0.36,-0.6724331143070028,Nikkei 225 Historical Data.csv,True
NIKKEI225,2007-07-13,1d,18161.02,18268.64,18150.99,18238.95,,1.42,0.42910585418660663,Nikkei 225 Historical Data.csv,True
NIKKEI225,2007-07-17,1d,18269.36,18269.36,18167.82,18217.27,,-0.12,-0.28512219366195746,Nikkei 225 Historical Data.csv,True
NIKKEI225,2007-07-18,1d,18136.06,18136.06,17964.28,18015.58,,-1.11,-0.6643118736925246,Nikkei 225 Historical Data.csv,True
NIKKEI225,2007-07-19,1d,18095.95,18131.12,18037.33,18116.57,,0.56,0.11394814861889202,Nikkei 225 Historical Data.csv,True
NIKKEI225,2007-07-20,1d,18148.6,18223.04,18124.74,18157.93,,0.23,0.051408924104356934,Nikkei 225 Historical Data.csv,True
NIKKEI225,2007-07-23,1d,17995.71,18009.47,17892.75,17963.64,,-1.07,-0.1782091398449981,Nikkei 225 Historical Data.csv,True
NIKKEI225,2007-07-24,1d,17998.76,18018.94,17906.11,18002.03,,0.21,0.018167918234368585,Nikkei 225 Historical Data.csv,True
NIKKEI225,2007-07-25,1d,17810.97,17881.31,17733.96,17858.42,,-0.8,0.26640884803015297,Nikkei 225 Historical Data.csv,True
NIKKEI225,2007-07-26,1d,17807.23,17861.47,17678.98,17702.09,,-0.88,-0.5904343348179353,Nikkei 225 Historical Data.csv,True
NIKKEI225,2007-07-27,1d,17454.59,17454.59,17196.16,17283.81,,-2.36,-0.9784245863122432,Nikkei 225 Historical Data.csv,True
NIKKEI225,2007-07-30,1d,17138.53,17289.3,17042.66,17289.3,,0.03,0.879713721071762,Nikkei 225 Historical Data.csv,True
NIKKEI225,2007-07-31,1d,17318.01,17318.01,17195.29,17248.89,,-0.23,-0.399122070029978,Nikkei 225 Historical Data.csv,True
NIKKEI225,2007-08-01,1d,17169.2,17169.2,16845.54,16870.98,,-2.19,-1.7369475572536985,Nikkei 225 Historical Data.csv,True
NIKKEI225,2007-08-02,1d,16956.33,16999.16,16652.8,16984.11,,0.67,0.1638326217996422,Nikkei 225 Historical Data.csv,True
NIKKEI225,2007-08-03,1d,17019.8,17102.07,16913.27,16979.86,,-0.03,-0.23466785743662122,Nikkei 225 Historical Data.csv,True
NIKKEI225,2007-08-06,1d,16781.14,16951.98,16675.39,16914.46,,-0.39,0.7944633082138663,Nikkei 225 Historical Data.csv,True
NIKKEI225,2007-08-07,1d,17009.63,17049.45,16863.46,16921.77,,0.04,-0.5165309298321041,Nikkei 225 Historical Data.csv,True
NIKKEI225,2007-08-08,1d,16930.39,17085.1,16911.68,17029.28,,0.64,0.584097590191357,Nikkei 225 Historical Data.csv,True
NIKKEI225,2007-08-09,1d,17170.36,17274.33,17148.95,17170.6,,0.83,0.0013977575309853663,Nikkei 225 Historical Data.csv,True
NIKKEI225,2007-08-10,1d,16923.21,16948.96,16651.71,16764.09,,-2.37,-0.9402471516928412,Nikkei 225 Historical Data.csv,True
NIKKEI225,2007-08-13,1d,16791.8,16948.4,16725.55,16800.05,,0.21,0.04913112352458171,Nikkei 225 Historical Data.csv,True
NIKKEI225,2007-08-14,1d,16824.63,16855.05,16747.94,16844.61,,0.27,0.11875446889471064,Nikkei 225 Historical Data.csv,True
NIKKEI225,2007-08-15,1d,16659.07,16667.36,16433.3,16475.61,,-2.19,-1.1012619551991731,Nikkei 225 Historical Data.csv,True
NIKKEI225,2007-08-16,1d,16296.4,16296.4,15859.46,16148.49,,-1.99,-0.9076237696669209,Nikkei 225 Historical Data.csv,True
NIKKEI225,2007-08-17,1d,16035.38,16062.59,15262.1,15273.68,,-5.42,-4.750121294288001,Nikkei 225 Historical Data.csv,True
NIKKEI225,2007-08-20,1d,15477.26,15940.61,15477.26,15732.48,,3.0,1.6489998875769851,Nikkei 225 Historical Data.csv,True
NIKKEI225,2007-08-21,1d,15773.86,16101.64,15754.51,15901.34,,1.07,0.8081725081875879,Nikkei 225 Historical Data.csv,True
NIKKEI225,2007-08-22,1d,15866.6,15957.96,15787.96,15900.64,,0.0,0.2145387165492174,Nikkei 225 Historical Data.csv,True
NIKKEI225,2007-08-23,1d,16093.82,16333.36,16093.82,16316.32,,2.61,1.3825182585613716,Nikkei 225 Historical Data.csv,True
NIKKEI225,2007-08-24,1d,16286.01,16329.96,16188.08,16248.97,,-0.41,-0.22743446676012358,Nikkei 225 Historical Data.csv,True
NIKKEI225,2007-08-27,1d,16429.01,16504.72,16263.95,16301.39,,0.32,-0.7767966542110538,Nikkei 225 Historical Data.csv,True
NIKKEI225,2007-08-28,1d,16214.09,16343.28,16192.84,16287.49,,-0.09,0.45269268888972203,Nikkei 225 Historical Data.csv,True
NIKKEI225,2007-08-29,1d,16068.1,16068.1,15830.28,16012.83,,-1.69,-0.34397346294833264,Nikkei 225 Historical Data.csv,True
NIKKEI225,2007-08-30,1d,16182.09,16269.66,16091.28,16153.82,,0.88,-0.17469931263514038,Nikkei 225 Historical Data.csv,True
NIKKEI225,2007-08-31,1d,16270.99,16569.09,16266.23,16569.09,,2.57,1.832095035397363,Nikkei 225 Historical Data.csv,True
NIKKEI225,2007-09-03,1d,16511.07,16575.97,16452.74,16524.93,,-0.27,0.08394368142101705,Nikkei 225 Historical Data.csv,True
NIKKEI225,2007-09-04,1d,16445.73,16511.64,16392.21,16420.47,,-0.63,-0.15359610062914975,Nikkei 225 Historical Data.csv,True
NIKKEI225,2007-09-05,1d,16506.11,16553.22,16154.9,16158.45,,-1.6,-2.106250352142325,Nikkei 225 Historical Data.csv,True
NIKKEI225,2007-09-06,1d,16003.88,16257.0,15840.05,16257.0,,0.61,1.5816164580089387,Nikkei 225 Historical Data.csv,True
NIKKEI225,2007-09-07,1d,16179.78,16230.58,16027.93,16122.16,,-0.83,-0.3561235072417568,Nikkei 225 Historical Data.csv,True
NIKKEI225,2007-09-10,1d,15906.52,15906.52,15651.83,15764.97,,-2.22,-0.889886662827577,Nikkei 225 Historical Data.csv,True
NIKKEI225,2007-09-11,1d,15787.86,15940.38,15610.65,15877.67,,0.71,0.5688548036275831,Nikkei 225 Historical Data.csv,True
NIKKEI225,2007-09-12,1d,15978.78,16032.26,15731.32,15797.6,,-0.5,-1.1338788067674743,Nikkei 225 Historical Data.csv,True
NIKKEI225,2007-09-13,1d,15886.76,15931.09,15802.36,15821.19,,0.15,-0.41273362221120324,Nikkei 225 Historical Data.csv,True
NIKKEI225,2007-09-14,1d,15895.05,16142.08,15877.09,16127.42,,1.94,1.4619016612090086,Nikkei 225 Historical Data.csv,True
NIKKEI225,2007-09-18,1d,16037.49,16037.49,15780.9,15801.8,,-2.02,-1.4696189989830133,Nikkei 225 Historical Data.csv,True
NIKKEI225,2007-09-19,1d,16038.12,16386.17,16038.12,16381.54,,3.67,2.1412734160861646,Nikkei 225 Historical Data.csv,True
NIKKEI225,2007-09-20,1d,16474.66,16491.45,16344.28,16413.79,,0.2,-0.36947651726955133,Nikkei 225 Historical Data.csv,True
NIKKEI225,2007-09-21,1d,16284.43,16353.97,16245.94,16312.61,,-0.62,0.1730487342817666,Nikkei 225 Historical Data.csv,True
NIKKEI225,2007-09-25,1d,16317.19,16434.8,16240.26,16401.73,,0.55,0.5181039137253318,Nikkei 225 Historical Data.csv,True
NIKKEI225,2007-09-26,1d,16388.51,16457.72,16388.51,16435.74,,0.21,0.28818971340287547,Nikkei 225 Historical Data.csv,True
NIKKEI225,2007-09-27,1d,16551.94,16868.94,16551.94,16832.22,,2.41,1.6933362494064186,Nikkei 225 Historical Data.csv,True
NIKKEI225,2007-09-28,1d,16903.64,16929.26,16755.21,16785.69,,-0.28,-0.6977787032852123,Nikkei 225 Historical Data.csv,True
NIKKEI225,2007-10-01,1d,16773.1,16899.84,16685.8,16845.96,,0.36,0.4343860109341735,Nikkei 225 Historical Data.csv,True
NIKKEI225,2007-10-02,1d,17027.92,17072.67,16986.38,17046.78,,1.19,0.11075927065666846,Nikkei 225 Historical Data.csv,True
NIKKEI225,2007-10-03,1d,17066.14,17205.42,17017.77,17199.89,,0.9,0.7837155912233218,Nikkei 225 Historical Data.csv,True
NIKKEI225,2007-10-04,1d,17085.32,17160.47,17043.76,17092.49,,-0.62,0.04196585138587228,Nikkei 225 Historical Data.csv,True
NIKKEI225,2007-10-05,1d,17070.61,17144.35,17032.75,17065.04,,-0.16,-0.032629179625098814,Nikkei 225 Historical Data.csv,True
NIKKEI225,2007-10-09,1d,17166.17,17237.4,17133.52,17159.9,,0.56,-0.0365253285968703,Nikkei 225 Historical Data.csv,True
NIKKEI225,2007-10-10,1d,17231.14,17254.52,17146.39,17177.89,,0.1,-0.30903352883210333,Nikkei 225 Historical Data.csv,True
NIKKEI225,2007-10-11,1d,17188.81,17488.97,17154.75,17458.98,,1.64,1.5717783837275512,Nikkei 225 Historical Data.csv,True
NIKKEI225,2007-10-12,1d,17417.94,17441.75,17280.6,17331.17,,-0.73,-0.4981645361047282,Nikkei 225 Historical Data.csv,True
NIKKEI225,2007-10-15,1d,17399.67,17430.09,17292.13,17358.15,,0.16,-0.23862521530578773,Nikkei 225 Historical Data.csv,True
NIKKEI225,2007-10-16,1d,17267.07,17283.05,17104.2,17137.92,,-1.27,-0.7479555014255568,Nikkei 225 Historical Data.csv,True
NIKKEI225,2007-10-17,1d,17114.2,17114.2,16795.74,16955.31,,-1.07,-0.9284103259281751,Nikkei 225 Historical Data.csv,True
NIKKEI225,2007-10-18,1d,16974.69,17147.73,16974.69,17106.09,,0.89,0.7740936653335195,Nikkei 225 Historical Data.csv,True
NIKKEI225,2007-10-19,1d,16965.0,16965.0,16711.57,16814.37,,-1.71,-0.8878868258178629,Nikkei 225 Historical Data.csv,True
NIKKEI225,2007-10-22,1d,16563.57,16563.57,16264.7,16438.47,,-2.24,-0.7552719612981873,Nikkei 225 Historical Data.csv,True
NIKKEI225,2007-10-23,1d,16486.71,16554.91,16416.92,16450.58,,0.07,-0.21914620928006334,Nikkei 225 Historical Data.csv,True
NIKKEI225,2007-10-24,1d,16518.0,16578.59,16330.33,16358.39,,-0.56,-0.9662792105581852,Nikkei 225 Historical Data.csv,True
NIKKEI225,2007-10-25,1d,16368.02,16438.57,16199.02,16284.17,,-0.45,-0.512279432698648,Nikkei 225 Historical Data.csv,True
NIKKEI225,2007-10-26,1d,16358.61,16505.63,16348.86,16505.63,,1.36,0.8987316159502656,Nikkei 225 Historical Data.csv,True
NIKKEI225,2007-10-29,1d,16613.3,16774.18,16613.3,16698.08,,1.17,0.510314025509695,Nikkei 225 Historical Data.csv,True
NIKKEI225,2007-10-30,1d,16655.31,16682.87,16492.56,16651.01,,-0.28,-0.025817592107280074,Nikkei 225 Historical Data.csv,True
NIKKEI225,2007-10-31,1d,16620.59,16738.98,16552.54,16737.63,,0.52,0.7041867948129443,Nikkei 225 Historical Data.csv,True
NIKKEI225,2007-11-01,1d,16812.9,16887.04,16795.55,16870.4,,0.79,0.3419992981579689,Nikkei 225 Historical Data.csv,True
NIKKEI225,2007-11-02,1d,16647.4,16654.73,16484.54,16517.48,,-2.09,-0.7804221680262513,Nikkei 225 Historical Data.csv,True
NIKKEI225,2007-11-05,1d,16458.14,16458.14,16211.79,16268.92,,-1.5,-1.149704644631766,Nikkei 225 Historical Data.csv,True
NIKKEI225,2007-11-06,1d,16152.58,16353.93,16144.4,16249.63,,-0.12,0.6008328081334335,Nikkei 225 Historical Data.csv,True
NIKKEI225,2007-11-07,1d,16325.18,16326.58,16081.03,16096.68,,-0.94,-1.3996782883864078,Nikkei 225 Historical Data.csv,True
NIKKEI225,2007-11-08,1d,15889.03,15891.23,15626.06,15771.57,,-2.02,-0.7392521758722848,Nikkei 225 Historical Data.csv,True
NIKKEI225,2007-11-09,1d,15675.48,15834.97,15566.12,15583.42,,-1.19,-0.5872866413022093,Nikkei 225 Historical Data.csv,True
NIKKEI225,2007-11-12,1d,15377.37,15386.8,14998.51,15197.09,,-2.48,-1.1723721286539979,Nikkei 225 Historical Data.csv,True
NIKKEI225,2007-11-13,1d,15148.16,15235.56,14988.77,15126.63,,-0.46,-0.14212947315054292,Nikkei 225 Historical Data.csv,True
NIKKEI225,2007-11-14,1d,15311.38,15504.99,15287.26,15499.56,,2.47,1.229020506316214,Nikkei 225 Historical Data.csv,True
NIKKEI225,2007-11-15,1d,15536.35,15587.31,15396.3,15396.3,,-0.67,-0.9014343780875289,Nikkei 225 Historical Data.csv,True
NIKKEI225,2007-11-16,1d,15238.73,15238.73,15030.02,15154.61,,-1.57,-0.5520145051457592,Nikkei 225 Historical Data.csv,True
NIKKEI225,2007-11-19,1d,15177.17,15302.76,15040.1,15042.56,,-0.74,-0.8869242421347345,Nikkei 225 Historical Data.csv,True
NIKKEI225,2007-11-20,1d,14868.98,15222.24,14751.27,15211.52,,1.12,2.303722245910622,Nikkei 225 Historical Data.csv,True
NIKKEI225,2007-11-21,1d,15113.83,15154.31,14770.22,14837.66,,-2.46,-1.8272668145665305,Nikkei 225 Historical Data.csv,True
NIKKEI225,2007-11-22,1d,14726.62,15000.18,14669.85,14888.77,,0.34,1.1010673189095543,Nikkei 225 Historical Data.csv,True
NIKKEI225,2007-11-26,1d,14921.57,15295.21,14912.83,15135.21,,1.66,1.4317528249373268,Nikkei 225 Historical Data.csv,True
NIKKEI225,2007-11-27,1d,14953.93,15312.55,14801.87,15222.85,,0.58,1.7983232501422641,Nikkei 225 Historical Data.csv,True
NIKKEI225,2007-11-28,1d,15271.14,15280.91,15089.35,15153.78,,-0.45,-0.7685084414130072,Nikkei 225 Historical Data.csv,True
NIKKEI225,2007-11-29,1d,15339.61,15555.04,15339.61,15513.74,,2.38,1.1351657571476714,Nikkei 225 Historical Data.csv,True
NIKKEI225,2007-11-30,1d,15520.53,15751.2,15520.53,15680.67,,1.08,1.0317946616513751,Nikkei 225 Historical Data.csv,True
NIKKEI225,2007-12-03,1d,15747.47,15799.69,15577.69,15628.97,,-0.33,-0.7525018304527675,Nikkei 225 Historical Data.csv,True
NIKKEI225,2007-12-04,1d,15613.89,15683.18,15446.47,15480.19,,-0.95,-0.8562888556278958,Nikkei 225 Historical Data.csv,True
NIKKEI225,2007-12-05,1d,15418.95,15621.54,15365.39,15608.88,,0.83,1.2317959394122058,Nikkei 225 Historical Data.csv,True
NIKKEI225,2007-12-06,1d,15782.4,15898.26,15740.94,15874.08,,1.7,0.5809002433090127,Nikkei 225 Historical Data.csv,True
NIKKEI225,2007-12-07,1d,15992.24,16107.65,15948.54,15956.37,,0.52,-0.22429628369758925,Nikkei 225 Historical Data.csv,True
NIKKEI225,2007-12-10,1d,16007.33,16017.14,15826.25,15924.39,,-0.2,-0.518137628199089,Nikkei 225 Historical Data.csv,True
NIKKEI225,2007-12-11,1d,16003.09,16075.61,15972.45,16044.72,,0.76,0.2601372609914554,Nikkei 225 Historical Data.csv,True
NIKKEI225,2007-12-12,1d,15828.65,15963.43,15700.15,15932.26,,-0.7,0.6545725630423327,Nikkei 225 Historical Data.csv,True
NIKKEI225,2007-12-13,1d,15818.48,15833.1,15532.53,15536.52,,-2.48,-1.7824721465020565,Nikkei 225 Historical Data.csv,True
NIKKEI225,2007-12-14,1d,15547.19,15697.05,15433.77,15514.51,,-0.14,-0.21019875617395156,Nikkei 225 Historical Data.csv,True
NIKKEI225,2007-12-17,1d,15433.3,15508.5,15219.07,15249.79,,-1.71,-1.1890522441733054,Nikkei 225 Historical Data.csv,True
NIKKEI225,2007-12-18,1d,15099.2,15301.69,15004.41,15207.86,,-0.27,0.7196407756702383,Nikkei 225 Historical Data.csv,True
NIKKEI225,2007-12-19,1d,15165.09,15267.75,15030.51,15030.51,,-1.17,-0.8874329133556125,Nikkei 225 Historical Data.csv,True
NIKKEI225,2007-12-20,1d,15151.37,15161.66,15017.97,15031.6,,0.01,-0.7904895728901074,Nikkei 225 Historical Data.csv,True
NIKKEI225,2007-12-21,1d,15044.35,15275.61,14998.01,15257.0,,1.5,1.4134874554234678,Nikkei 225 Historical Data.csv,True
NIKKEI225,2007-12-25,1d,15441.33,15583.39,15441.33,15552.59,,1.94,0.7205337882164375,Nikkei 225 Historical Data.csv,True
NIKKEI225,2007-12-26,1d,15613.96,15653.54,15559.47,15653.54,,0.65,0.2534911066763401,Nikkei 225 Historical Data.csv,True
NIKKEI225,2007-12-27,1d,15616.41,15628.31,15535.51,15564.69,,-0.57,-0.331190075055654,Nikkei 225 Historical Data.csv,True
NIKKEI225,2007-12-28,1d,15413.37,15413.37,15240.96,15307.78,,-1.65,-0.6850545987022949,Nikkei 225 Historical Data.csv,True
NIKKEI225,2008-01-04,1d,15155.73,15156.66,14542.58,14691.41,,-4.03,-3.063659751130432,Nikkei 225 Historical Data.csv,True
NIKKEI225,2008-01-07,1d,14549.38,14667.85,14438.61,14500.55,,-1.3,-0.3356156757195139,Nikkei 225 Historical Data.csv,True
NIKKEI225,2008-01-08,1d,14429.3,14547.8,14365.86,14528.67,,0.19,0.688668195962383,Nikkei 225 Historical Data.csv,True
NIKKEI225,2008-01-09,1d,14364.71,14602.65,14271.57,14599.16,,0.49,1.632124839276261,Nikkei 225 Historical Data.csv,True
NIKKEI225,2008-01-10,1d,14546.32,14584.73,14388.11,14388.11,,-1.45,-1.0876290360723462,Nikkei 225 Historical Data.csv,True
NIKKEI225,2008-01-11,1d,14419.43,14447.49,14096.54,14110.79,,-1.93,-2.1404452187083645,Nikkei 225 Historical Data.csv,True
NIKKEI225,2008-01-15,1d,14134.91,14224.0,13915.15,13972.63,,-0.98,-1.148079471323138,Nikkei 225 Historical Data.csv,True
NIKKEI225,2008-01-16,1d,13796.73,13841.93,13500.59,13504.51,,-3.35,-2.1180381148286576,Nikkei 225 Historical Data.csv,True
NIKKEI225,2008-01-17,1d,13596.38,13803.08,13472.45,13783.45,,2.07,1.3758809330130628,Nikkei 225 Historical Data.csv,True
NIKKEI225,2008-01-18,1d,13577.5,13902.64,13365.32,13861.29,,0.56,2.0901491438040987,Nikkei 225 Historical Data.csv,True
NIKKEI225,2008-01-21,1d,13701.43,13704.65,13320.51,13325.94,,-3.86,-2.7405168657578027,Nikkei 225 Historical Data.csv,True
NIKKEI225,2008-01-22,1d,13125.23,13125.23,12572.68,12573.05,,-5.65,-4.2070119914089155,Nikkei 225 Historical Data.csv,True
NIKKEI225,2008-01-23,1d,12756.31,13063.78,12619.78,12829.06,,2.04,0.5703059897415486,Nikkei 225 Historical Data.csv,True
NIKKEI225,2008-01-24,1d,12952.5,13134.77,12952.5,13092.78,,2.06,1.0830341632889429,Nikkei 225 Historical Data.csv,True
NIKKEI225,2008-01-25,1d,13258.77,13647.16,13248.89,13629.16,,4.1,2.793547214409786,Nikkei 225 Historical Data.csv,True
NIKKEI225,2008-01-28,1d,13482.84,13501.86,13087.91,13087.91,,-3.97,-2.9291306579325993,Nikkei 225 Historical Data.csv,True
NIKKEI225,2008-01-29,1d,13246.69,13506.81,13224.66,13478.86,,2.99,1.7526642504655854,Nikkei 225 Historical Data.csv,True
NIKKEI225,2008-01-30,1d,13500.52,13514.13,13271.13,13345.03,,-0.99,-1.1517334147129077,Nikkei 225 Historical Data.csv,True
NIKKEI225,2008-01-31,1d,13227.48,13622.68,13154.77,13592.47,,1.85,2.7593313314403067,Nikkei 225 Historical Data.csv,True
NIKKEI225,2008-02-01,1d,13517.74,13648.39,13444.08,13497.16,,-0.7,-0.15224438404644047,Nikkei 225 Historical Data.csv,True
NIKKEI225,2008-02-04,1d,13642.6,13889.24,13642.6,13859.7,,2.69,1.591338894345662,Nikkei 225 Historical Data.csv,True
NIKKEI225,2008-02-05,1d,13806.17,13821.92,13665.64,13745.5,,-0.82,-0.43944120635918127,Nikkei 225 Historical Data.csv,True
NIKKEI225,2008-02-06,1d,13548.53,13552.19,13099.24,13099.24,,-4.7,-3.3161531177183123,Nikkei 225 Historical Data.csv,True
NIKKEI225,2008-02-07,1d,13077.25,13244.19,12972.55,13207.15,,0.82,0.9933281079737677,Nikkei 225 Historical Data.csv,True
NIKKEI225,2008-02-08,1d,13143.08,13279.52,12997.88,13017.24,,-1.44,-0.9574620256439181,Nikkei 225 Historical Data.csv,True
NIKKEI225,2008-02-12,1d,12998.87,13138.28,12923.42,13021.96,,0.04,0.17763082483321924,Nikkei 225 Historical Data.csv,True
NIKKEI225,2008-02-13,1d,13162.95,13240.26,13036.62,13068.3,,0.36,-0.719063735712755,Nikkei 225 Historical Data.csv,True
NIKKEI225,2008-02-14,1d,13254.59,13626.45,13251.86,13626.45,,4.27,2.805518692015374,Nikkei 225 Historical Data.csv,True
NIKKEI225,2008-02-15,1d,13508.53,13666.68,13356.39,13622.56,,-0.03,0.844133299478167,Nikkei 225 Historical Data.csv,True
NIKKEI225,2008-02-18,1d,13627.31,13822.45,13627.31,13635.4,,0.09,0.05936608178722658,Nikkei 225 Historical Data.csv,True
NIKKEI225,2008-02-19,1d,13761.76,13853.21,13691.88,13757.91,,0.9,-0.027976072827895493,Nikkei 225 Historical Data.csv,True
NIKKEI225,2008-02-20,1d,13729.75,13729.75,13310.37,13310.37,,-3.25,-3.054534860430813,Nikkei 225 Historical Data.csv,True
NIKKEI225,2008-02-21,1d,13462.72,13783.97,13439.59,13688.28,,2.84,1.6754415155332714,Nikkei 225 Historical Data.csv,True
NIKKEI225,2008-02-22,1d,13530.19,13540.62,13378.72,13500.46,,-1.37,-0.2197308389608854,Nikkei 225 Historical Data.csv,True
NIKKEI225,2008-02-25,1d,13612.31,13969.18,13612.31,13914.57,,3.07,2.220490129889785,Nikkei 225 Historical Data.csv,True
NIKKEI225,2008-02-26,1d,14036.89,14053.85,13803.46,13824.72,,-0.65,-1.5115171523036763,Nikkei 225 Historical Data.csv,True
NIKKEI225,2008-02-27,1d,14007.32,14105.47,13956.44,14031.3,,1.49,0.1711962031280656,Nikkei 225 Historical Data.csv,True
NIKKEI225,2008-02-28,1d,13877.88,13962.3,13794.71,13925.51,,-0.75,0.34320804042116126,Nikkei 225 Historical Data.csv,True
NIKKEI225,2008-02-29,1d,13735.44,13738.56,13533.25,13603.02,,-2.32,-0.9640754136744034,Nikkei 225 Historical Data.csv,True
NIKKEI225,2008-03-03,1d,13412.87,13413.63,12992.18,12992.18,,-4.49,-3.1364652009599814,Nikkei 225 Historical Data.csv,True
NIKKEI225,2008-03-04,1d,13080.29,13110.39,12883.07,12992.28,,0.0,-0.6728444094129427,Nikkei 225 Historical Data.csv,True
NIKKEI225,2008-03-05,1d,12973.03,13044.01,12919.81,12972.06,,-0.16,-0.00747705046547642,Nikkei 225 Historical Data.csv,True
NIKKEI225,2008-03-06,1d,13068.89,13365.22,13050.55,13215.42,,1.88,1.1212122835221772,Nikkei 225 Historical Data.csv,True
NIKKEI225,2008-03-07,1d,13024.61,13024.61,12744.52,12782.8,,-3.27,-1.8565623078157567,Nikkei 225 Historical Data.csv,True
NIKKEI225,2008-03-10,1d,12716.84,12777.07,12527.07,12532.13,,-1.96,-1.4524834786000418,Nikkei 225 Historical Data.csv,True
NIKKEI225,2008-03-11,1d,12392.31,12674.89,12352.79,12658.28,,1.01,2.14625037624141,Nikkei 225 Historical Data.csv,True
NIKKEI225,2008-03-12,1d,12841.88,13071.22,12799.42,12861.13,,1.6,0.1499001703800351,Nikkei 225 Historical Data.csv,True
NIKKEI225,2008-03-13,1d,12741.26,12772.37,12351.72,12433.44,,-3.33,-2.4159306065491104,Nikkei 225 Historical Data.csv,True
NIKKEI225,2008-03-14,1d,12509.81,12582.57,12167.09,12241.6,,-1.54,-2.1439973908476517,Nikkei 225 Historical Data.csv,True
NIKKEI225,2008-03-17,1d,12089.03,12132.69,11691.0,11787.51,,-3.71,-2.494162062630334,Nikkei 225 Historical Data.csv,True
NIKKEI225,2008-03-18,1d,11828.99,11995.06,11793.6,11964.16,,1.5,1.14270110973127,Nikkei 225 Historical Data.csv,True
NIKKEI225,2008-03-19,1d,12142.33,12374.75,12142.33,12260.44,,2.48,0.9727128154151776,Nikkei 225 Historical Data.csv,True
NIKKEI225,2008-03-21,1d,12331.64,12496.41,12308.03,12482.57,,1.81,1.2239247983236723,Nikkei 225 Historical Data.csv,True
NIKKEI225,2008-03-24,1d,12473.06,12582.46,12438.2,12480.09,,-0.02,0.05636147024066229,Nikkei 225 Historical Data.csv,True
NIKKEI225,2008-03-25,1d,12639.74,12791.24,12572.77,12745.22,,2.12,0.8345108364570697,Nikkei 225 Historical Data.csv,True
NIKKEI225,2008-03-26,1d,12648.97,12711.78,12591.01,12706.63,,-0.3,0.4558473931078888,Nikkei 225 Historical Data.csv,True
NIKKEI225,2008-03-27,1d,12618.42,12621.56,12475.88,12604.58,,-0.8,-0.1096809267721377,Nikkei 225 Historical Data.csv,True
NIKKEI225,2008-03-28,1d,12594.34,12874.45,12507.68,12820.47,,1.71,1.7954890847793559,Nikkei 225 Historical Data.csv,True
NIKKEI225,2008-03-31,1d,12709.28,12709.28,12430.63,12525.54,,-2.3,-1.4457152568831622,Nikkei 225 Historical Data.csv,True
NIKKEI225,2008-04-01,1d,12539.8,12779.14,12521.84,12656.42,,1.04,0.9299988835547612,Nikkei 225 Historical Data.csv,True
NIKKEI225,2008-04-02,1d,12836.41,13189.36,12836.41,13189.36,,4.21,2.749600550309639,Nikkei 225 Historical Data.csv,True
NIKKEI225,2008-04-03,1d,13190.16,13389.9,13137.1,13389.9,,1.52,1.5143106679524676,Nikkei 225 Historical Data.csv,True
NIKKEI225,2008-04-04,1d,13286.35,13360.81,13220.0,13293.22,,-0.72,0.05170720325746725,Nikkei 225 Historical Data.csv,True
NIKKEI225,2008-04-07,1d,13240.56,13485.9,13228.86,13450.23,,1.18,1.5835432942413297,Nikkei 225 Historical Data.csv,True
NIKKEI225,2008-04-08,1d,13373.96,13402.91,13225.76,13250.43,,-1.49,-0.9236606061331032,Nikkei 225 Historical Data.csv,True
NIKKEI225,2008-04-09,1d,13295.16,13348.38,12998.54,13111.89,,-1.05,-1.3784715640879908,Nikkei 225 Historical Data.csv,True
NIKKEI225,2008-04-10,1d,13029.81,13062.46,12898.49,12945.3,,-1.27,-0.6485896571016836,Nikkei 225 Historical Data.csv,True
NIKKEI225,2008-04-11,1d,13061.77,13329.4,13040.35,13323.73,,2.92,2.0055474870557255,Nikkei 225 Historical Data.csv,True
NIKKEI225,2008-04-14,1d,13132.67,13132.67,12858.63,12917.51,,-3.05,-1.6383568611714083,Nikkei 225 Historical Data.csv,True
NIKKEI225,2008-04-15,1d,12952.65,13052.82,12875.92,12990.58,,0.57,0.29283582896164617,Nikkei 225 Historical Data.csv,True
NIKKEI225,2008-04-16,1d,13130.66,13222.43,13112.07,13146.13,,1.2,0.11781585997960864,Nikkei 225 Historical Data.csv,True
NIKKEI225,2008-04-17,1d,13315.83,13495.94,13313.06,13398.3,,1.92,0.6193380360067557,Nikkei 225 Historical Data.csv,True
NIKKEI225,2008-04-18,1d,13426.26,13485.04,13323.74,13476.45,,0.58,0.3738196638527924,Nikkei 225 Historical Data.csv,True
NIKKEI225,2008-04-21,1d,13639.85,13739.44,13639.77,13696.55,,1.63,0.415693720971988,Nikkei 225 Historical Data.csv,True
NIKKEI225,2008-04-22,1d,13587.51,13608.17,13519.12,13547.82,,-1.09,-0.2921065007495893,Nikkei 225 Historical Data.csv,True
NIKKEI225,2008-04-23,1d,13455.56,13717.05,13449.04,13579.16,,0.23,0.9185793827978905,Nikkei 225 Historical Data.csv,True
NIKKEI225,2008-04-24,1d,13613.83,13654.78,13497.16,13540.87,,-0.28,-0.5359255991884693,Nikkei 225 Historical Data.csv,True
NIKKEI225,2008-04-25,1d,13614.53,13886.37,13614.53,13863.47,,2.38,1.828487652530053,Nikkei 225 Historical Data.csv,True
NIKKEI225,2008-04-28,1d,13907.97,14003.28,13745.61,13894.37,,0.22,-0.09778565815139473,Nikkei 225 Historical Data.csv,True
NIKKEI225,2008-04-30,1d,13802.94,13976.1,13766.24,13849.99,,-0.32,0.3408694089809705,Nikkei 225 Historical Data.csv,True
NIKKEI225,2008-05-01,1d,13802.59,13884.63,13727.07,13766.86,,-0.6,-0.2588644594963663,Nikkei 225 Historical Data.csv,True
NIKKEI225,2008-05-02,1d,13944.26,14072.92,13944.26,14049.26,,2.05,0.7529980077824128,Nikkei 225 Historical Data.csv,True
NIKKEI225,2008-05-07,1d,14147.57,14208.67,14022.79,14102.48,,0.38,-0.31871197668574824,Nikkei 225 Historical Data.csv,True
NIKKEI225,2008-05-08,1d,14008.19,14036.31,13930.28,13943.26,,-1.13,-0.46351455826912913,Nikkei 225 Historical Data.csv,True
NIKKEI225,2008-05-09,1d,13941.3,13946.51,13639.99,13655.34,,-2.06,-2.0511716984786155,Nikkei 225 Historical Data.csv,True
NIKKEI225,2008-05-12,1d,13565.91,13793.41,13540.68,13743.36,,0.64,1.30805821356621,Nikkei 225 Historical Data.csv,True
NIKKEI225,2008-05-13,1d,13814.39,13976.92,13734.5,13953.73,,1.53,1.0086583627652024,Nikkei 225 Historical Data.csv,True
NIKKEI225,2008-05-14,1d,13961.96,14121.94,13877.4,14118.55,,1.18,1.1215474045191298,Nikkei 225 Historical Data.csv,True
NIKKEI225,2008-05-15,1d,14167.02,14352.84,14167.02,14251.74,,0.94,0.5980086143733798,Nikkei 225 Historical Data.csv,True
NIKKEI225,2008-05-16,1d,14363.62,14392.53,14194.91,14219.48,,-0.23,-1.0035074723502957,Nikkei 225 Historical Data.csv,True
NIKKEI225,2008-05-19,1d,14294.52,14343.19,14219.08,14269.61,,0.35,-0.17426258454288357,Nikkei 225 Historical Data.csv,True
NIKKEI225,2008-05-20,1d,14220.12,14286.67,14121.92,14160.09,,-0.77,-0.4221483363009648,Nikkei 225 Historical Data.csv,True
NIKKEI225,2008-05-21,1d,14002.52,14041.24,13847.18,13926.3,,-1.65,-0.5443305919220376,Nikkei 225 Historical Data.csv,True
NIKKEI225,2008-05-22,1d,13772.65,13984.81,13658.02,13978.46,,0.37,1.494338417080221,Nikkei 225 Historical Data.csv,True
NIKKEI225,2008-05-23,1d,13945.1,14157.24,13925.38,14012.2,,0.24,0.48117259826032655,Nikkei 225 Historical Data.csv,True
NIKKEI225,2008-05-26,1d,13875.98,13883.51,13670.92,13690.19,,-2.3,-1.3389324573831796,Nikkei 225 Historical Data.csv,True
NIKKEI225,2008-05-27,1d,13750.82,13931.23,13750.82,13893.31,,1.48,1.036229112154774,Nikkei 225 Historical Data.csv,True
NIKKEI225,2008-05-28,1d,13937.14,13979.39,13665.57,13709.44,,-1.32,-1.6337641725633678,Nikkei 225 Historical Data.csv,True
NIKKEI225,2008-05-29,1d,13832.65,14147.89,13832.65,14124.47,,3.03,2.1096463801223875,Nikkei 225 Historical Data.csv,True
NIKKEI225,2008-05-30,1d,14195.66,14366.63,14192.17,14338.54,,1.52,1.006504804989694,Nikkei 225 Historical Data.csv,True
NIKKEI225,2008-06-02,1d,14342.96,14461.03,14189.97,14440.14,,0.71,0.677544941908792,Nikkei 225 Historical Data.csv,True
NIKKEI225,2008-06-03,1d,14275.61,14289.47,14127.75,14209.17,,-1.6,-0.4654091839157881,Nikkei 225 Historical Data.csv,True
NIKKEI225,2008-06-04,1d,14270.07,14435.57,14250.11,14435.57,,1.59,1.1597700641972963,Nikkei 225 Historical Data.csv,True
NIKKEI225,2008-06-05,1d,14392.59,14392.59,14262.02,14341.12,,-0.65,-0.3576145780571749,Nikkei 225 Historical Data.csv,True
NIKKEI225,2008-06-06,1d,14530.36,14601.27,14489.44,14489.44,,1.03,-0.28161724829942614,Nikkei 225 Historical Data.csv,True
NIKKEI225,2008-06-09,1d,14275.34,14278.84,14117.79,14181.38,,-2.13,-0.6581979833755303,Nikkei 225 Historical Data.csv,True
NIKKEI225,2008-06-10,1d,14281.36,14308.89,13983.56,14021.17,,-1.13,-1.8218853106426902,Nikkei 225 Historical Data.csv,True
NIKKEI225,2008-06-11,1d,14137.54,14194.48,13993.57,14183.48,,1.16,0.324950451068573,Nikkei 225 Historical Data.csv,True
NIKKEI225,2008-06-12,1d,14010.32,14010.32,13826.07,13888.6,,-2.08,-0.8687881504490957,Nikkei 225 Historical Data.csv,True
NIKKEI225,2008-06-13,1d,14011.12,14041.34,13810.38,13973.73,,0.61,-0.26685946590994103,Nikkei 225 Historical Data.csv,True
NIKKEI225,2008-06-16,1d,14118.23,14369.09,14103.5,14354.37,,2.72,1.6725892693347566,Nikkei 225 Historical Data.csv,True
NIKKEI225,2008-06-17,1d,14387.0,14387.0,14299.67,14348.37,,-0.04,-0.26850629040104934,Nikkei 225 Historical Data.csv,True
NIKKEI225,2008-06-18,1d,14301.36,14469.99,14301.36,14452.82,,0.73,1.059060117359456,Nikkei 225 Historical Data.csv,True
NIKKEI225,2008-06-19,1d,14324.71,14324.71,14069.16,14130.17,,-2.23,-1.3580728684908783,Nikkei 225 Historical Data.csv,True
NIKKEI225,2008-06-20,1d,14171.02,14190.0,13903.21,13942.08,,-1.33,-1.6155506096244387,Nikkei 225 Historical Data.csv,True
NIKKEI225,2008-06-23,1d,13769.44,13920.75,13667.84,13857.47,,-0.61,0.6393143076261598,Nikkei 225 Historical Data.csv,True
NIKKEI225,2008-06-24,1d,13766.28,13877.49,13738.39,13849.56,,-0.06,0.6049564588254785,Nikkei 225 Historical Data.csv,True
NIKKEI225,2008-06-25,1d,13820.78,13833.23,13635.68,13829.92,,-0.14,0.0661323022289606,Nikkei 225 Historical Data.csv,True
NIKKEI225,2008-06-26,1d,13845.41,13950.56,13798.05,13822.32,,-0.05,-0.16677007036989266,Nikkei 225 Historical Data.csv,True
NIKKEI225,2008-06-27,1d,13605.26,13605.56,13453.35,13544.36,,-2.01,-0.44762099364510366,Nikkei 225 Historical Data.csv,True
NIKKEI225,2008-06-30,1d,13584.51,13598.48,13454.28,13481.38,,-0.46,-0.7591734998170785,Nikkei 225 Historical Data.csv,True
NIKKEI225,2008-07-01,1d,13514.86,13576.41,13448.35,13463.2,,-0.13,-0.38224591301722066,Nikkei 225 Historical Data.csv,True
NIKKEI225,2008-07-02,1d,13489.87,13489.87,13247.05,13286.37,,-1.31,-1.5085393706536832,Nikkei 225 Historical Data.csv,True
NIKKEI225,2008-07-03,1d,13161.78,13326.95,13118.89,13265.4,,-0.16,0.7872795320997605,Nikkei 225 Historical Data.csv,True
NIKKEI225,2008-07-04,1d,13285.49,13288.55,13135.46,13237.89,,-0.21,-0.3582856183701244,Nikkei 225 Historical Data.csv,True
NIKKEI225,2008-07-07,1d,13212.8,13409.3,13169.55,13360.04,,0.92,1.1143739404214204,Nikkei 225 Historical Data.csv,True
NIKKEI225,2008-07-08,1d,13286.5,13294.97,12984.54,13033.1,,-2.45,-1.907199036616114,Nikkei 225 Historical Data.csv,True
NIKKEI225,2008-07-09,1d,13169.89,13284.65,13038.77,13052.13,,0.15,-0.8941608472052609,Nikkei 225 Historical Data.csv,True
NIKKEI225,2008-07-10,1d,12934.31,13139.85,12930.32,13067.21,,0.12,1.0274997274690278,Nikkei 225 Historical Data.csv,True
NIKKEI225,2008-07-11,1d,13063.5,13164.1,12918.22,13039.69,,-0.21,-0.1822635587706123,Nikkei 225 Historical Data.csv,True
NIKKEI225,2008-07-14,1d,13022.29,13185.9,12969.93,13010.16,,-0.23,-0.09314797934926178,Nikkei 225 Historical Data.csv,True
NIKKEI225,2008-07-15,1d,12902.13,12902.13,12715.81,12754.56,,-1.96,-1.1437646342115637,Nikkei 225 Historical Data.csv,True
NIKKEI225,2008-07-16,1d,12725.12,12815.4,12671.34,12760.8,,0.05,0.28039028315645087,Nikkei 225 Historical Data.csv,True
NIKKEI225,2008-07-17,1d,12889.8,12929.74,12852.93,12887.95,,1.0,-0.014352433707265355,Nikkei 225 Historical Data.csv,True
NIKKEI225,2008-07-18,1d,12976.22,12999.64,12762.33,12803.7,,-0.65,-1.3295089016678086,Nikkei 225 Historical Data.csv,True
NIKKEI225,2008-07-22,1d,12944.56,13184.96,12921.02,13184.96,,2.98,1.8571508031173023,Nikkei 225 Historical Data.csv,True
NIKKEI225,2008-07-23,1d,13259.65,13388.63,13238.55,13312.93,,0.97,0.401820560874544,Nikkei 225 Historical Data.csv,True
NIKKEI225,2008-07-24,1d,13411.28,13603.31,13393.57,13603.31,,2.18,1.4318543792986027,Nikkei 225 Historical Data.csv,True
NIKKEI225,2008-07-25,1d,13452.37,13469.83,13324.22,13334.76,,-1.97,-0.8742697383435027,Nikkei 225 Historical Data.csv,True
NIKKEI225,2008-07-28,1d,13407.36,13468.94,13327.12,13353.78,,0.14,-0.3996312473149022,Nikkei 225 Historical Data.csv,True
NIKKEI225,2008-07-29,1d,13220.33,13220.33,13018.22,13159.45,,-1.46,-0.4605028770083619,Nikkei 225 Historical Data.csv,True
NIKKEI225,2008-07-30,1d,13267.37,13372.28,13264.08,13367.79,,1.58,0.7568945465453947,Nikkei 225 Historical Data.csv,True
NIKKEI225,2008-07-31,1d,13410.4,13467.67,13256.38,13376.81,,0.07,-0.2504772415438783,Nikkei 225 Historical Data.csv,True
NIKKEI225,2008-08-01,1d,13276.57,13294.17,13039.21,13094.59,,-2.11,-1.370685350207168,Nikkei 225 Historical Data.csv,True
NIKKEI225,2008-08-04,1d,13083.28,13113.94,12910.17,12933.18,,-1.23,-1.1472658232492217,Nikkei 225 Historical Data.csv,True
NIKKEI225,2008-08-05,1d,12957.01,13049.58,12893.34,12914.66,,-0.14,-0.32685009890399686,Nikkei 225 Historical Data.csv,True
NIKKEI225,2008-08-06,1d,13059.43,13295.51,13048.97,13254.89,,2.63,1.4966962570341913,Nikkei 225 Historical Data.csv,True
NIKKEI225,2008-08-07,1d,13257.99,13257.99,13034.15,13124.99,,-0.98,-1.0031686552788188,Nikkei 225 Historical Data.csv,True
NIKKEI225,2008-08-08,1d,13026.53,13259.73,12962.82,13168.41,,0.33,1.0891618873176467,Nikkei 225 Historical Data.csv,True
NIKKEI225,2008-08-11,1d,13259.46,13468.81,13259.46,13430.91,,1.99,1.2930390830395933,Nikkei 225 Historical Data.csv,True
NIKKEI225,2008-08-12,1d,13397.99,13420.1,13276.15,13303.6,,-0.95,-0.7045086613738261,Nikkei 225 Historical Data.csv,True
NIKKEI225,2008-08-13,1d,13205.64,13205.64,12953.34,13023.05,,-2.11,-1.3826667999430553,Nikkei 225 Historical Data.csv,True
NIKKEI225,2008-08-14,1d,12942.61,13090.68,12926.98,12956.8,,-0.51,0.10963785511577395,Nikkei 225 Historical Data.csv,True
NIKKEI225,2008-08-15,1d,12991.91,13029.58,12952.21,13019.41,,0.48,0.21167018552314953,Nikkei 225 Historical Data.csv,True
NIKKEI225,2008-08-18,1d,12971.49,13270.37,12934.22,13165.45,,1.12,1.495279262444038,Nikkei 225 Historical Data.csv,True
NIKKEI225,2008-08-19,1d,13016.5,13016.5,12782.1,12865.05,,-2.28,-1.1635232205277957,Nikkei 225 Historical Data.csv,True
NIKKEI225,2008-08-20,1d,12753.98,12923.66,12753.98,12851.69,,-0.1,0.7661137934982021,Nikkei 225 Historical Data.csv,True
NIKKEI225,2008-08-21,1d,12885.34,12885.34,12723.83,12752.21,,-0.77,-1.0331896558414488,Nikkei 225 Historical Data.csv,True
NIKKEI225,2008-08-22,1d,12727.37,12732.69,12631.94,12666.04,,-0.68,-0.4818748885276336,Nikkei 225 Historical Data.csv,True
NIKKEI225,2008-08-25,1d,12797.54,12949.33,12797.54,12878.66,,1.68,0.633871822240839,Nikkei 225 Historical Data.csv,True
NIKKEI225,2008-08-26,1d,12711.03,12801.21,12656.09,12778.71,,-0.78,0.5324509500803432,Nikkei 225 Historical Data.csv,True
NIKKEI225,2008-08-27,1d,12734.39,12783.63,12681.98,12752.96,,-0.2,0.14582559510114557,Nikkei 225 Historical Data.csv,True
NIKKEI225,2008-08-28,1d,12827.72,12847.46,12718.53,12768.25,,0.12,-0.4636053795997963,Nikkei 225 Historical Data.csv,True
NIKKEI225,2008-08-29,1d,12925.45,13079.37,12918.49,13072.87,,2.39,1.140540561450476,Nikkei 225 Historical Data.csv,True
NIKKEI225,2008-09-01,1d,12936.81,12940.55,12834.18,12834.18,,-1.83,-0.7933176725947066,Nikkei 225 Historical Data.csv,True
NIKKEI225,2008-09-02,1d,12779.89,12920.52,12491.07,12609.47,,-1.75,-1.3335013055667977,Nikkei 225 Historical Data.csv,True
NIKKEI225,2008-09-03,1d,12703.36,12767.5,12647.29,12689.59,,0.64,-0.10839651871631384,Nikkei 225 Historical Data.csv,True
NIKKEI225,2008-09-04,1d,12627.64,12660.57,12514.26,12557.66,,-1.04,-0.5541811454871981,Nikkei 225 Historical Data.csv,True
NIKKEI225,2008-09-05,1d,12385.65,12385.65,12163.33,12212.23,,-2.75,-1.400168743667063,Nikkei 225 Historical Data.csv,True
NIKKEI225,2008-09-08,1d,12359.93,12671.76,12352.35,12624.46,,3.38,2.1402224769881295,Nikkei 225 Historical Data.csv,True
NIKKEI225,2008-09-09,1d,12529.96,12529.96,12335.74,12400.65,,-1.77,-1.0320064868523104,Nikkei 225 Historical Data.csv,True
NIKKEI225,2008-09-10,1d,12249.14,12404.67,12159.97,12346.63,,-0.44,0.7958926096036212,Nikkei 225 Historical Data.csv,True
NIKKEI225,2008-09-11,1d,12237.52,12259.02,12081.51,12102.5,,-1.98,-1.1033281253064353,Nikkei 225 Historical Data.csv,True
NIKKEI225,2008-09-12,1d,12256.78,12277.57,12059.09,12214.76,,0.93,-0.3428306618867283,Nikkei 225 Historical Data.csv,True
NIKKEI225,2008-09-16,1d,12028.45,12028.45,11551.4,11609.72,,-4.95,-3.481163408419219,Nikkei 225 Historical Data.csv,True
NIKKEI225,2008-09-17,1d,11737.62,11880.03,11708.7,11749.79,,1.21,0.10368371100786256,Nikkei 225 Historical Data.csv,True
NIKKEI225,2008-09-18,1d,11576.94,11577.88,11301.46,11489.3,,-2.22,-0.7570221492035123,Nikkei 225 Historical Data.csv,True
NIKKEI225,2008-09-19,1d,11631.6,11920.86,11615.2,11920.86,,3.76,2.4868461776539785,Nikkei 225 Historical Data.csv,True
NIKKEI225,2008-09-22,1d,12037.89,12263.95,12037.89,12090.59,,1.42,0.43778436254193753,Nikkei 225 Historical Data.csv,True
NIKKEI225,2008-09-24,1d,12031.98,12115.03,11904.6,12115.03,,0.2,0.6902438335170125,Nikkei 225 Historical Data.csv,True
NIKKEI225,2008-09-25,1d,11925.71,12025.41,11835.28,12006.53,,-0.9,0.6776954998905849,Nikkei 225 Historical Data.csv,True
NIKKEI225,2008-09-26,1d,12026.34,12082.64,11788.73,11893.16,,-0.94,-1.107402584660011,Nikkei 225 Historical Data.csv,True
NIKKEI225,2008-09-29,1d,11883.25,12062.67,11721.05,11743.61,,-1.26,-1.175099404624147,Nikkei 225 Historical Data.csv,True
NIKKEI225,2008-09-30,1d,11565.7,11565.7,11160.83,11259.86,,-4.12,-2.6443708552011613,Nikkei 225 Historical Data.csv,True
NIKKEI225,2008-10-01,1d,11396.61,11456.64,11314.28,11368.26,,0.96,-0.24875818335452493,Nikkei 225 Historical Data.csv,True
NIKKEI225,2008-10-02,1d,11423.13,11452.39,11143.79,11154.76,,-1.88,-2.3493560871669983,Nikkei 225 Historical Data.csv,True
NIKKEI225,2008-10-03,1d,11052.1,11099.73,10938.14,10938.14,,-1.94,-1.0311162584486278,Nikkei 225 Historical Data.csv,True
NIKKEI225,2008-10-06,1d,10817.27,10839.5,10374.38,10473.09,,-4.25,-3.1817639755686966,Nikkei 225 Historical Data.csv,True
NIKKEI225,2008-10-07,1d,10328.54,10363.14,9916.21,10155.9,,-3.03,-1.67148503079817,Nikkei 225 Historical Data.csv,True
NIKKEI225,2008-10-08,1d,10011.64,10011.64,9159.81,9203.32,,-9.38,-8.07380209436216,Nikkei 225 Historical Data.csv,True
NIKKEI225,2008-10-09,1d,9168.16,9443.45,9100.93,9157.49,,-0.5,-0.11638104047050346,Nikkei 225 Historical Data.csv,True
NIKKEI225,2008-10-10,1d,9016.34,9016.34,8115.41,8276.43,,-9.62,-8.206323186570163,Nikkei 225 Historical Data.csv,True
NIKKEI225,2008-10-14,1d,8407.94,9455.62,8407.94,9447.57,,14.15,12.364859882444446,Nikkei 225 Historical Data.csv,True
NIKKEI225,2008-10-15,1d,9390.5,9601.3,9269.49,9547.47,,1.06,1.671582982801767,Nikkei 225 Historical Data.csv,True
NIKKEI225,2008-10-16,1d,9400.85,9400.85,8458.45,8458.45,,-11.41,-10.0246254328066,Nikkei 225 Historical Data.csv,True
NIKKEI225,2008-10-17,1d,8579.57,8763.71,8539.51,8693.82,,2.78,1.3316518193802196,Nikkei 225 Historical Data.csv,True
NIKKEI225,2008-10-20,1d,8775.24,9038.45,8687.7,9005.59,,3.59,2.6249994302150137,Nikkei 225 Historical Data.csv,True
NIKKEI225,2008-10-21,1d,9139.26,9358.51,9135.41,9306.25,,3.34,1.8271720029849225,Nikkei 225 Historical Data.csv,True
NIKKEI225,2008-10-22,1d,9198.14,9198.14,8674.69,8674.69,,-6.79,-5.690824449290821,Nikkei 225 Historical Data.csv,True
NIKKEI225,2008-10-23,1d,8547.79,8547.79,8016.61,8460.98,,-2.46,-1.0155841451416237,Nikkei 225 Historical Data.csv,True
NIKKEI225,2008-10-24,1d,8391.04,8391.04,7647.07,7649.08,,-9.6,-8.842288917702701,Nikkei 225 Historical Data.csv,True
NIKKEI225,2008-10-27,1d,7568.36,7878.97,7141.27,7162.9,,-6.36,-5.357303299525917,Nikkei 225 Historical Data.csv,True
NIKKEI225,2008-10-28,1d,7143.34,7626.42,6994.9,7621.92,,6.41,6.69966710250387,Nikkei 225 Historical Data.csv,True
NIKKEI225,2008-10-29,1d,7741.52,8211.9,7741.52,8211.9,,7.74,6.076067748969183,Nikkei 225 Historical Data.csv,True
NIKKEI225,2008-10-30,1d,8269.71,9030.85,8269.71,9029.76,,9.96,9.190769688417145,Nikkei 225 Historical Data.csv,True
NIKKEI225,2008-10-31,1d,8958.22,9012.31,8576.98,8576.98,,-5.01,-4.2557561658454475,Nikkei 225 Historical Data.csv,True
NIKKEI225,2008-11-04,1d,8702.77,9142.29,8699.77,9114.6,,6.27,4.7321714810341975,Nikkei 225 Historical Data.csv,True
NIKKEI225,2008-11-05,1d,9224.05,9521.24,9216.3,9521.24,,4.46,3.2219036106699406,Nikkei 225 Historical Data.csv,True
NIKKEI225,2008-11-06,1d,9373.65,9380.3,8806.71,8899.14,,-6.53,-5.062168952329138,Nikkei 225 Historical Data.csv,True
NIKKEI225,2008-11-07,1d,8774.49,8868.1,8266.09,8583.0,,-3.55,-2.182349059603461,Nikkei 225 Historical Data.csv,True
NIKKEI225,2008-11-10,1d,8711.99,9106.29,8711.99,9081.43,,5.81,4.240592562663648,Nikkei 225 Historical Data.csv,True
NIKKEI225,2008-11-11,1d,8965.29,9056.31,8704.56,8809.3,,-3.0,-1.739932562136881,Nikkei 225 Historical Data.csv,True
NIKKEI225,2008-11-12,1d,8694.91,8782.48,8574.2,8695.51,,-1.29,0.006900588965264021,Nikkei 225 Historical Data.csv,True
NIKKEI225,2008-11-13,1d,8564.47,8564.47,8148.3,8238.64,,-5.25,-3.804438570045776,Nikkei 225 Historical Data.csv,True
NIKKEI225,2008-11-14,1d,8378.13,8689.85,8378.13,8462.39,,2.72,1.0057136855121662,Nikkei 225 Historical Data.csv,True
NIKKEI225,2008-11-17,1d,8366.88,8767.98,8218.82,8522.58,,0.71,1.860908725833288,Nikkei 225 Historical Data.csv,True
NIKKEI225,2008-11-18,1d,8415.6,8440.41,8302.24,8328.41,,-2.28,-1.0360520937306994,Nikkei 225 Historical Data.csv,True
NIKKEI225,2008-11-19,1d,8309.35,8370.09,8115.71,8273.22,,-0.66,-0.43481138717229584,Nikkei 225 Historical Data.csv,True
NIKKEI225,2008-11-20,1d,8149.77,8149.79,7703.04,7703.04,,-6.89,-5.481504386013358,Nikkei 225 Historical Data.csv,True
NIKKEI225,2008-11-21,1d,7600.35,7994.68,7406.18,7910.79,,2.7,4.0845487378870615,Nikkei 225 Historical Data.csv,True
NIKKEI225,2008-11-25,1d,8026.06,8356.83,8025.69,8323.93,,5.22,3.711285487524396,Nikkei 225 Historical Data.csv,True
NIKKEI225,2008-11-26,1d,8229.72,8317.83,8149.56,8213.22,,-1.33,-0.20049284787331256,Nikkei 225 Historical Data.csv,True
NIKKEI225,2008-11-27,1d,8311.24,8458.68,8300.49,8373.39,,1.95,0.7477825210197242,Nikkei 225 Historical Data.csv,True
NIKKEI225,2008-11-28,1d,8400.05,8518.13,8336.57,8512.27,,1.66,1.3359444289022138,Nikkei 225 Historical Data.csv,True
NIKKEI225,2008-12-01,1d,8464.36,8464.36,8307.28,8397.22,,-1.35,-0.7932082283834907,Nikkei 225 Historical Data.csv,True
NIKKEI225,2008-12-02,1d,8266.32,8266.32,7863.69,7863.69,,-6.35,-4.870728449902739,Nikkei 225 Historical Data.csv,True
NIKKEI225,2008-12-03,1d,7965.31,8056.38,7889.82,8004.1,,1.79,0.48698669606079825,Nikkei 225 Historical Data.csv,True
NIKKEI225,2008-12-04,1d,8030.2,8107.69,7849.84,7924.24,,-1.0,-1.319518816467835,Nikkei 225 Historical Data.csv,True
NIKKEI225,2008-12-05,1d,7975.05,8024.33,7908.65,7917.51,,-0.08,-0.7215001786822661,Nikkei 225 Historical Data.csv,True
NIKKEI225,2008-12-08,1d,7970.69,8358.27,7959.01,8329.05,,5.2,4.495972117846758,Nikkei 225 Historical Data.csv,True
NIKKEI225,2008-12-09,1d,8362.37,8499.6,8314.85,8395.87,,0.8,0.40060413495217606,Nikkei 225 Historical Data.csv,True
NIKKEI225,2008-12-10,1d,8376.0,8704.92,8376.0,8660.24,,3.15,3.393505253104112,Nikkei 225 Historical Data.csv,True
NIKKEI225,2008-12-11,1d,8642.26,8720.55,8519.11,8720.55,,0.7,0.905897300011782,Nikkei 225 Historical Data.csv,True
NIKKEI225,2008-12-12,1d,8599.12,8610.73,8087.99,8235.87,,-5.56,-4.224269460130802,Nikkei 225 Historical Data.csv,True
NIKKEI225,2008-12-15,1d,8349.85,8700.17,8349.85,8664.66,,5.21,3.770247369713231,Nikkei 225 Historical Data.csv,True
NIKKEI225,2008-12-16,1d,8608.4,8634.26,8471.24,8568.02,,-1.12,-0.4690767157659814,Nikkei 225 Historical Data.csv,True
NIKKEI225,2008-12-17,1d,8658.22,8741.24,8425.66,8612.52,,0.52,-0.5278221158621421,Nikkei 225 Historical Data.csv,True
NIKKEI225,2008-12-18,1d,8565.16,8728.36,8534.84,8667.23,,0.64,1.1916881879614483,Nikkei 225 Historical Data.csv,True
NIKKEI225,2008-12-19,1d,8640.22,8743.22,8570.56,8588.52,,-0.91,-0.5983643934992289,Nikkei 225 Historical Data.csv,True
NIKKEI225,2008-12-22,1d,8602.5,8751.18,8593.76,8723.78,,1.57,1.4098227259517593,Nikkei 225 Historical Data.csv,True
NIKKEI225,2008-12-24,1d,8630.25,8631.83,8476.69,8517.1,,-2.37,-1.311086005619766,Nikkei 225 Historical Data.csv,True
NIKKEI225,2008-12-25,1d,8531.51,8599.5,8531.16,8599.5,,0.97,0.7969280936199974,Nikkei 225 Historical Data.csv,True
NIKKEI225,2008-12-26,1d,8642.14,8740.76,8611.36,8739.52,,1.63,1.1268042406163303,Nikkei 225 Historical Data.csv,True
NIKKEI225,2008-12-29,1d,8726.31,8763.67,8638.6,8747.17,,0.09,0.23904720322793782,Nikkei 225 Historical Data.csv,True
NIKKEI225,2008-12-30,1d,8716.28,8859.56,8702.95,8859.56,,1.28,1.643820528941231,Nikkei 225 Historical Data.csv,True
NIKKEI225,2009-01-05,1d,8991.21,9127.38,8987.36,9043.12,,2.07,0.5773416481207994,Nikkei 225 Historical Data.csv,True
NIKKEI225,2009-01-06,1d,9130.01,9171.03,9029.94,9080.84,,0.42,-0.5385536269949309,Nikkei 225 Historical Data.csv,True
NIKKEI225,2009-01-07,1d,9133.8,9325.35,9106.05,9239.24,,1.74,1.1543935711314068,Nikkei 225 Historical Data.csv,True
NIKKEI225,2009-01-08,1d,9143.21,9148.83,8876.42,8876.42,,-3.93,-2.9179030121806115,Nikkei 225 Historical Data.csv,True
NIKKEI225,2009-01-09,1d,8932.71,8956.85,8773.2,8836.8,,-0.45,-1.0736943212082295,Nikkei 225 Historical Data.csv,True
NIKKEI225,2009-01-13,1d,8732.63,8732.93,8405.5,8413.91,,-4.79,-3.6497595798745563,Nikkei 225 Historical Data.csv,True
NIKKEI225,2009-01-14,1d,8425.75,8516.07,8359.16,8438.45,,0.29,0.15072842180221535,Nikkei 225 Historical Data.csv,True
NIKKEI225,2009-01-15,1d,8309.38,8309.38,7997.73,8023.31,,-4.92,-3.442735799782881,Nikkei 225 Historical Data.csv,True
NIKKEI225,2009-01-16,1d,8125.2,8283.91,8067.47,8230.15,,2.58,1.2916605129719816,Nikkei 225 Historical Data.csv,True
NIKKEI225,2009-01-19,1d,8318.26,8351.68,8221.84,8256.85,,0.32,-0.7382553562884531,Nikkei 225 Historical Data.csv,True
NIKKEI225,2009-01-20,1d,8187.14,8190.42,7962.46,8065.79,,-2.31,-1.482202576235414,Nikkei 225 Historical Data.csv,True
NIKKEI225,2009-01-21,1d,7949.96,8009.22,7829.3,7901.64,,-2.04,-0.6078018002606211,Nikkei 225 Historical Data.csv,True
NIKKEI225,2009-01-22,1d,7988.3,8051.74,7809.89,8051.74,,1.9,0.7941614611369108,Nikkei 225 Historical Data.csv,True
NIKKEI225,2009-01-23,1d,7965.41,7965.41,7745.25,7745.25,,-3.81,-2.763950631543133,Nikkei 225 Historical Data.csv,True
NIKKEI225,2009-01-26,1d,7714.26,7807.16,7671.04,7682.14,,-0.81,-0.41637175827623496,Nikkei 225 Historical Data.csv,True
NIKKEI225,2009-01-27,1d,7782.9,8115.15,7782.07,8061.07,,4.93,3.574117616826644,Nikkei 225 Historical Data.csv,True
NIKKEI225,2009-01-28,1d,8052.25,8171.63,7936.59,8106.29,,0.56,0.6711167686050512,Nikkei 225 Historical Data.csv,True
NIKKEI225,2009-01-29,1d,8201.16,8305.38,8138.99,8251.24,,1.79,0.6106453233444942,Nikkei 225 Historical Data.csv,True
NIKKEI225,2009-01-30,1d,8142.88,8142.88,7922.39,7994.05,,-3.12,-1.8277317116302871,Nikkei 225 Historical Data.csv,True
NIKKEI225,2009-02-02,1d,7908.51,7955.75,7795.27,7873.98,,-1.5,-0.43661827575612877,Nikkei 225 Historical Data.csv,True
NIKKEI225,2009-02-03,1d,7862.95,8084.41,7800.8,7825.51,,-0.62,-0.47615716747531067,Nikkei 225 Historical Data.csv,True
NIKKEI225,2009-02-04,1d,7897.24,8084.97,7863.65,8038.94,,2.73,1.7942977546585803,Nikkei 225 Historical Data.csv,True
NIKKEI225,2009-02-05,1d,7985.53,8093.96,7901.04,7949.65,,-1.11,-0.4493126943358794,Nikkei 225 Historical Data.csv,True
NIKKEI225,2009-02-06,1d,8054.27,8169.04,8033.24,8076.62,,1.6,0.2774925598471256,Nikkei 225 Historical Data.csv,True
NIKKEI225,2009-02-09,1d,8178.07,8257.71,7969.03,7969.03,,-1.33,-2.556104313120333,Nikkei 225 Historical Data.csv,True
NIKKEI225,2009-02-10,1d,8066.94,8124.79,7917.27,7945.94,,-0.29,-1.4999491752758831,Nikkei 225 Historical Data.csv,True
NIKKEI225,2009-02-12,1d,7842.53,7862.52,7685.68,7705.36,,-3.03,-1.749052920422367,Nikkei 225 Historical Data.csv,True
NIKKEI225,2009-02-13,1d,7789.35,7887.74,7730.27,7779.4,,0.96,-0.12773851476696185,Nikkei 225 Historical Data.csv,True
NIKKEI225,2009-02-16,1d,7732.68,7804.24,7694.73,7750.17,,-0.38,0.2261829016589223,Nikkei 225 Historical Data.csv,True
NIKKEI225,2009-02-17,1d,7690.13,7710.43,7615.94,7645.51,,-1.35,-0.5802242614884268,Nikkei 225 Historical Data.csv,True
NIKKEI225,2009-02-18,1d,7539.96,7565.79,7479.18,7534.44,,-1.45,-0.07320993745325577,Nikkei 225 Historical Data.csv,True
NIKKEI225,2009-02-19,1d,7604.22,7642.69,7537.56,7557.65,,0.31,-0.6124231019092097,Nikkei 225 Historical Data.csv,True
NIKKEI225,2009-02-20,1d,7544.07,7554.7,7382.33,7416.38,,-1.87,-1.6925876880781843,Nikkei 225 Historical Data.csv,True
NIKKEI225,2009-02-23,1d,7314.3,7417.18,7209.43,7376.16,,-0.54,0.8457405356630199,Nikkei 225 Historical Data.csv,True
NIKKEI225,2009-02-24,1d,7266.68,7270.9,7155.16,7268.56,,-1.46,0.025871512162356503,Nikkei 225 Historical Data.csv,True
NIKKEI225,2009-02-25,1d,7368.44,7471.03,7330.44,7461.22,,2.65,1.259153905032817,Nikkei 225 Historical Data.csv,True
NIKKEI225,2009-02-26,1d,7470.6,7599.81,7433.06,7457.93,,-0.04,-0.16959815811313783,Nikkei 225 Historical Data.csv,True
NIKKEI225,2009-02-27,1d,7463.42,7589.77,7414.4,7568.42,,1.48,1.406861733628828,Nikkei 225 Historical Data.csv,True
NIKKEI225,2009-03-02,1d,7454.28,7454.28,7234.96,7280.15,,-3.81,-2.3359734273464383,Nikkei 225 Historical Data.csv,True
NIKKEI225,2009-03-03,1d,7177.79,7288.14,7088.47,7229.72,,-0.69,0.7234817402013816,Nikkei 225 Historical Data.csv,True
NIKKEI225,2009-03-04,1d,7146.71,7320.65,7104.63,7290.96,,0.85,2.0184112689615175,Nikkei 225 Historical Data.csv,True
NIKKEI225,2009-03-05,1d,7336.02,7532.87,7336.02,7433.49,,1.95,1.3286495947393728,Nikkei 225 Historical Data.csv,True
NIKKEI225,2009-03-06,1d,7328.29,7328.29,7167.07,7173.1,,-3.5,-2.117683661536318,Nikkei 225 Historical Data.csv,True
NIKKEI225,2009-03-09,1d,7191.13,7241.02,7028.49,7086.03,,-1.21,-1.4615227370385564,Nikkei 225 Historical Data.csv,True
NIKKEI225,2009-03-10,1d,7059.77,7100.77,7021.28,7054.98,,-0.44,-0.06784923588163405,Nikkei 225 Historical Data.csv,True
NIKKEI225,2009-03-11,1d,7165.39,7393.81,7161.85,7376.12,,4.55,2.940942502780719,Nikkei 225 Historical Data.csv,True
NIKKEI225,2009-03-12,1d,7320.45,7345.02,7198.25,7198.25,,-2.41,-1.6692962864304772,Nikkei 225 Historical Data.csv,True
NIKKEI225,2009-03-13,1d,7301.12,7571.45,7300.87,7569.28,,5.15,3.672861150070128,Nikkei 225 Historical Data.csv,True
NIKKEI225,2009-03-16,1d,7630.2,7754.75,7630.2,7704.15,,1.78,0.9691751199182086,Nikkei 225 Historical Data.csv,True
NIKKEI225,2009-03-17,1d,7767.34,7967.03,7723.94,7949.13,,3.18,2.3404408716497516,Nikkei 225 Historical Data.csv,True
NIKKEI225,2009-03-18,1d,8006.86,8054.35,7895.28,7972.17,,0.29,-0.43325348513648665,Nikkei 225 Historical Data.csv,True
NIKKEI225,2009-03-19,1d,8017.93,8034.09,7902.49,7945.96,,-0.33,-0.8976132243609047,Nikkei 225 Historical Data.csv,True
NIKKEI225,2009-03-23,1d,7943.14,8229.13,7922.55,8215.53,,3.39,3.4292483828813225,Nikkei 225 Historical Data.csv,True
NIKKEI225,2009-03-24,1d,8334.68,8504.41,8297.27,8488.3,,3.32,1.8431421482288268,Nikkei 225 Historical Data.csv,True
NIKKEI225,2009-03-25,1d,8499.69,8553.01,8392.56,8479.99,,-0.1,-0.2317731587857974,Nikkei 225 Historical Data.csv,True
NIKKEI225,2009-03-26,1d,8430.22,8640.28,8383.99,8636.33,,1.84,2.4448946765327717,Nikkei 225 Historical Data.csv,True
NIKKEI225,2009-03-27,1d,8711.72,8843.18,8626.97,8626.97,,-0.11,-0.9728274095126999,Nikkei 225 Historical Data.csv,True
NIKKEI225,2009-03-30,1d,8621.85,8651.06,8236.08,8236.08,,-4.53,-4.474329755214956,Nikkei 225 Historical Data.csv,True
NIKKEI225,2009-03-31,1d,8199.43,8383.74,8088.45,8109.53,,-1.54,-1.0964176778141987,Nikkei 225 Historical Data.csv,True
NIKKEI225,2009-04-01,1d,8173.36,8351.91,8084.62,8351.91,,2.99,2.1845361026554544,Nikkei 225 Historical Data.csv,True
NIKKEI225,2009-04-02,1d,8453.73,8741.67,8449.87,8719.78,,4.4,3.1471315028987368,Nikkei 225 Historical Data.csv,True
NIKKEI225,2009-04-03,1d,8814.1,8884.63,8697.17,8749.84,,0.34,-0.7290591211808417,Nikkei 225 Historical Data.csv,True
NIKKEI225,2009-04-06,1d,8856.84,8992.06,8812.36,8857.93,,1.24,0.012306872428546889,Nikkei 225 Historical Data.csv,True
NIKKEI225,2009-04-07,1d,8838.66,8884.45,8778.92,8832.85,,-0.28,-0.06573394609589167,Nikkei 225 Historical Data.csv,True
NIKKEI225,2009-04-08,1d,8746.73,8765.64,8556.75,8595.01,,-2.69,-1.7345910986162782,Nikkei 225 Historical Data.csv,True
NIKKEI225,2009-04-09,1d,8665.16,8920.86,8664.26,8916.06,,3.74,2.895503372124697,Nikkei 225 Historical Data.csv,True
NIKKEI225,2009-04-10,1d,9041.23,9068.8,8856.69,8964.11,,0.54,-0.8529812868381725,Nikkei 225 Historical Data.csv,True
NIKKEI225,2009-04-13,1d,8930.35,9024.45,8888.1,8924.43,,-0.44,-0.06629079487365797,Nikkei 225 Historical Data.csv,True
NIKKEI225,2009-04-14,1d,8955.9,8961.73,8749.92,8842.68,,-0.92,-1.2641945533112153,Nikkei 225 Historical Data.csv,True
NIKKEI225,2009-04-15,1d,8777.68,8800.52,8681.03,8742.96,,-1.13,-0.3955487099096877,Nikkei 225 Historical Data.csv,True
NIKKEI225,2009-04-16,1d,8848.43,9030.0,8720.62,8755.26,,0.14,-1.0529551570165552,Nikkei 225 Historical Data.csv,True
NIKKEI225,2009-04-17,1d,8854.33,8953.34,8834.63,8907.58,,1.74,0.6014006706323238,Nikkei 225 Historical Data.csv,True
NIKKEI225,2009-04-20,1d,8899.59,8933.8,8813.72,8924.75,,0.19,0.28270965291659067,Nikkei 225 Historical Data.csv,True
NIKKEI225,2009-04-21,1d,8802.09,8802.09,8612.76,8711.33,,-2.39,-1.0311187456615412,Nikkei 225 Historical Data.csv,True
NIKKEI225,2009-04-22,1d,8777.53,8802.9,8683.27,8727.3,,0.18,-0.5722566599032031,Nikkei 225 Historical Data.csv,True
NIKKEI225,2009-04-23,1d,8776.94,8860.55,8647.8,8847.01,,1.37,0.7983420189724422,Nikkei 225 Historical Data.csv,True
NIKKEI225,2009-04-24,1d,8832.1,8852.83,8694.92,8707.99,,-1.57,-1.4052150677641873,Nikkei 225 Historical Data.csv,True
NIKKEI225,2009-04-27,1d,8783.34,8840.53,8648.51,8726.34,,0.21,-0.6489558641701199,Nikkei 225 Historical Data.csv,True
NIKKEI225,2009-04-28,1d,8678.28,8808.64,8493.77,8493.77,,-2.67,-2.126112547647696,Nikkei 225 Historical Data.csv,True
NIKKEI225,2009-04-30,1d,8615.45,8844.77,8615.45,8828.26,,3.94,2.470097325154219,Nikkei 225 Historical Data.csv,True
NIKKEI225,2009-05-01,1d,8848.84,9017.32,8827.13,8977.37,,1.69,1.4525067692488625,Nikkei 225 Historical Data.csv,True
NIKKEI225,2009-05-07,1d,9102.35,9385.7,9100.11,9385.7,,4.55,3.1129323746065696,Nikkei 225 Historical Data.csv,True
NIKKEI225,2009-05-08,1d,9351.4,9464.43,9349.57,9432.83,,0.5,0.8707787069315964,Nikkei 225 Historical Data.csv,True
NIKKEI225,2009-05-11,1d,9460.72,9503.91,9342.75,9451.98,,0.2,-0.09238197515621938,Nikkei 225 Historical Data.csv,True
NIKKEI225,2009-05-12,1d,9358.25,9389.61,9298.61,9298.61,,-1.62,-0.637298640237216,Nikkei 225 Historical Data.csv,True
NIKKEI225,2009-05-13,1d,9305.79,9379.47,9278.89,9340.49,,0.45,0.37288612788382025,Nikkei 225 Historical Data.csv,True
NIKKEI225,2009-05-14,1d,9212.3,9223.77,9052.41,9093.73,,-2.64,-1.2870835730490748,Nikkei 225 Historical Data.csv,True
NIKKEI225,2009-05-15,1d,9150.21,9272.08,9140.9,9265.02,,1.88,1.25472530138655,Nikkei 225 Historical Data.csv,True
NIKKEI225,2009-05-18,1d,9167.05,9167.82,8997.74,9038.69,,-2.44,-1.4002323539197281,Nikkei 225 Historical Data.csv,True
NIKKEI225,2009-05-19,1d,9172.56,9326.75,9166.97,9290.29,,2.78,1.2835020975605627,Nikkei 225 Historical Data.csv,True
NIKKEI225,2009-05-20,1d,9372.72,9399.4,9311.61,9344.64,,0.59,-0.29959286098378834,Nikkei 225 Historical Data.csv,True
NIKKEI225,2009-05-21,1d,9280.35,9286.35,9189.92,9264.15,,-0.86,-0.174562381806731,Nikkei 225 Historical Data.csv,True
NIKKEI225,2009-05-22,1d,9156.14,9267.82,9126.69,9225.81,,-0.41,0.7609101652006123,Nikkei 225 Historical Data.csv,True
NIKKEI225,2009-05-25,1d,9245.95,9402.76,9245.95,9347.0,,1.31,1.0929109501998102,Nikkei 225 Historical Data.csv,True
NIKKEI225,2009-05-26,1d,9364.22,9379.78,9231.93,9310.81,,-0.39,-0.5703625075019536,Nikkei 225 Historical Data.csv,True
NIKKEI225,2009-05-27,1d,9426.62,9491.13,9411.54,9438.77,,1.37,0.12889031275260532,Nikkei 225 Historical Data.csv,True
NIKKEI225,2009-05-28,1d,9353.33,9492.66,9353.33,9451.39,,0.13,1.0483966672832024,Nikkei 225 Historical Data.csv,True
NIKKEI225,2009-05-29,1d,9478.21,9522.5,9426.52,9522.5,,0.75,0.4672823244051383,Nikkei 225 Historical Data.csv,True
NIKKEI225,2009-06-01,1d,9517.49,9691.73,9491.26,9677.75,,1.63,1.6838473168871326,Nikkei 225 Historical Data.csv,True
NIKKEI225,2009-06-02,1d,9774.55,9793.47,9704.31,9704.31,,0.27,-0.7186008563054069,Nikkei 225 Historical Data.csv,True
NIKKEI225,2009-06-03,1d,9723.82,9774.55,9718.7,9741.67,,0.38,0.183569831609387,Nikkei 225 Historical Data.csv,True
NIKKEI225,2009-06-04,1d,9690.93,9743.46,9654.45,9668.96,,-0.75,-0.22670682793086705,Nikkei 225 Historical Data.csv,True
NIKKEI225,2009-06-05,1d,9752.51,9774.98,9719.14,9768.01,,1.02,0.15893344380062402,Nikkei 225 Historical Data.csv,True
NIKKEI225,2009-06-08,1d,9829.28,9914.07,9816.17,9865.63,,1.0,0.36981345530902043,Nikkei 225 Historical Data.csv,True
NIKKEI225,2009-06-09,1d,9824.17,9855.89,9755.81,9786.82,,-0.8,-0.38018478914758624,Nikkei 225 Historical Data.csv,True
NIKKEI225,2009-06-10,1d,9833.64,9991.49,9813.77,9991.49,,2.09,1.6052041766833058,Nikkei 225 Historical Data.csv,True
NIKKEI225,2009-06-11,1d,9990.6,10022.23,9958.98,9981.33,,-0.1,-0.09278721998678963,Nikkei 225 Historical Data.csv,True
NIKKEI225,2009-06-12,1d,10089.15,10170.82,10050.96,10135.82,,1.55,0.4625761337674561,Nikkei 225 Historical Data.csv,True
NIKKEI225,2009-06-15,1d,10090.74,10111.85,10029.59,10039.67,,-0.95,-0.5061075798207026,Nikkei 225 Historical Data.csv,True
NIKKEI225,2009-06-16,1d,9905.91,9909.48,9752.88,9752.88,,-2.86,-1.5448353558633277,Nikkei 225 Historical Data.csv,True
NIKKEI225,2009-06-17,1d,9729.88,9845.52,9729.88,9840.85,,0.9,1.1405073854970693,Nikkei 225 Historical Data.csv,True
NIKKEI225,2009-06-18,1d,9727.63,9727.63,9649.83,9703.72,,-1.39,-0.24579471053072233,Nikkei 225 Historical Data.csv,True
NIKKEI225,2009-06-19,1d,9771.98,9822.83,9703.87,9786.26,,0.85,0.14613210424090362,Nikkei 225 Historical Data.csv,True
NIKKEI225,2009-06-22,1d,9788.07,9887.13,9763.37,9826.27,,0.41,0.390271013591037,Nikkei 225 Historical Data.csv,True
NIKKEI225,2009-06-23,1d,9695.76,9712.09,9511.45,9549.61,,-2.82,-1.5073599181497865,Nikkei 225 Historical Data.csv,True
NIKKEI225,2009-06-24,1d,9596.78,9624.41,9534.24,9590.32,,0.43,-0.06731424498634953,Nikkei 225 Historical Data.csv,True
NIKKEI225,2009-06-25,1d,9628.18,9871.14,9619.02,9796.08,,2.15,1.7438394379830857,Nikkei 225 Historical Data.csv,True
NIKKEI225,2009-06-26,1d,9852.92,9893.0,9793.95,9877.39,,0.83,0.24835277257908572,Nikkei 225 Historical Data.csv,True
NIKKEI225,2009-06-29,1d,9866.28,9943.83,9748.73,9783.47,,-0.95,-0.8393234329453603,Nikkei 225 Historical Data.csv,True
NIKKEI225,2009-06-30,1d,9896.56,10000.3,9894.95,9958.44,,1.79,0.6252677698109332,Nikkei 225 Historical Data.csv,True
NIKKEI225,2009-07-01,1d,9889.34,10086.18,9874.0,9939.93,,-0.19,0.5115609332877691,Nikkei 225 Historical Data.csv,True
NIKKEI225,2009-07-02,1d,9993.77,9993.77,9869.54,9876.15,,-0.64,-1.176933229401922,Nikkei 225 Historical Data.csv,True
NIKKEI225,2009-07-03,1d,9751.69,9816.07,9691.16,9816.07,,-0.61,0.6601932588094828,Nikkei 225 Historical Data.csv,True
NIKKEI225,2009-07-06,1d,9738.49,9771.76,9650.75,9680.87,,-1.38,-0.5916728363432044,Nikkei 225 Historical Data.csv,True
NIKKEI225,2009-07-07,1d,9713.62,9734.43,9619.68,9647.79,,-0.34,-0.6777082076506957,Nikkei 225 Historical Data.csv,True
NIKKEI225,2009-07-08,1d,9548.81,9557.39,9407.98,9420.75,,-2.35,-1.3411095204533319,Nikkei 225 Historical Data.csv,True
NIKKEI225,2009-07-09,1d,9342.33,9384.24,9291.06,9291.06,,-1.38,-0.5487924318665738,Nikkei 225 Historical Data.csv,True
NIKKEI225,2009-07-10,1d,9338.76,9370.15,9265.24,9287.28,,-0.04,-0.5512509155391032,Nikkei 225 Historical Data.csv,True
NIKKEI225,2009-07-13,1d,9242.13,9336.55,9050.33,9050.33,,-2.55,-2.0752791834782625,Nikkei 225 Historical Data.csv,True
NIKKEI225,2009-07-14,1d,9173.14,9284.38,9166.63,9261.81,,2.34,0.9666264768661614,Nikkei 225 Historical Data.csv,True
NIKKEI225,2009-07-15,1d,9307.45,9333.64,9250.73,9269.25,,0.08,-0.41042390772983994,Nikkei 225 Historical Data.csv,True
NIKKEI225,2009-07-16,1d,9393.98,9489.67,9317.11,9344.16,,0.81,-0.5303396430479945,Nikkei 225 Historical Data.csv,True
NIKKEI225,2009-07-17,1d,9413.86,9420.61,9360.59,9395.32,,0.55,-0.19694365541872427,Nikkei 225 Historical Data.csv,True
NIKKEI225,2009-07-21,1d,9512.52,9652.02,9508.92,9652.02,,2.73,1.4664883753201075,Nikkei 225 Historical Data.csv,True
NIKKEI225,2009-07-22,1d,9642.79,9750.63,9608.77,9723.16,,0.74,0.8334724701045904,Nikkei 225 Historical Data.csv,True
NIKKEI225,2009-07-23,1d,9712.1,9861.29,9703.84,9792.94,,0.72,0.8323637524325411,Nikkei 225 Historical Data.csv,True
NIKKEI225,2009-07-24,1d,9909.4,9950.04,9863.87,9944.55,,1.55,0.35471370617796705,Nikkei 225 Historical Data.csv,True
NIKKEI225,2009-07-27,1d,10020.87,10179.59,10015.11,10088.66,,1.45,0.6764881691908808,Nikkei 225 Historical Data.csv,True
NIKKEI225,2009-07-28,1d,10116.89,10116.89,10049.63,10087.26,,-0.01,-0.29287656582209776,Nikkei 225 Historical Data.csv,True
NIKKEI225,2009-07-29,1d,10035.91,10161.95,10035.91,10113.24,,0.26,0.7705330159397672,Nikkei 225 Historical Data.csv,True
NIKKEI225,2009-07-30,1d,10155.71,10169.68,10067.51,10165.21,,0.51,0.09354343517096186,Nikkei 225 Historical Data.csv,True
NIKKEI225,2009-07-31,1d,10275.14,10359.07,10259.57,10356.83,,1.89,0.7950256638838971,Nikkei 225 Historical Data.csv,True
NIKKEI225,2009-08-03,1d,10355.23,10380.57,10322.0,10352.47,,-0.04,-0.026653198432102787,Nikkei 225 Historical Data.csv,True
NIKKEI225,2009-08-04,1d,10438.4,10479.19,10358.48,10375.01,,0.22,-0.6072769773145303,Nikkei 225 Historical Data.csv,True
NIKKEI225,2009-08-05,1d,10405.05,10406.1,10252.53,10252.53,,-1.18,-1.4658266899245875,Nikkei 225 Historical Data.csv,True
NIKKEI225,2009-08-06,1d,10266.01,10426.14,10266.01,10388.09,,1.32,1.1891669694457763,Nikkei 225 Historical Data.csv,True
NIKKEI225,2009-08-07,1d,10365.71,10412.09,10249.04,10412.09,,0.23,0.44743678918279794,Nikkei 225 Historical Data.csv,True
NIKKEI225,2009-08-10,1d,10530.62,10585.37,10487.7,10524.26,,1.08,-0.06039530436005025,Nikkei 225 Historical Data.csv,True
NIKKEI225,2009-08-11,1d,10514.74,10587.36,10512.21,10585.46,,0.58,0.6725796358255209,Nikkei 225 Historical Data.csv,True
NIKKEI225,2009-08-12,1d,10486.36,10526.35,10434.09,10435.0,,-1.42,-0.4897791035211485,Nikkei 225 Historical Data.csv,True
NIKKEI225,2009-08-13,1d,10508.09,10556.28,10489.12,10517.19,,0.79,0.08659994347213207,Nikkei 225 Historical Data.csv,True
NIKKEI225,2009-08-14,1d,10551.33,10630.38,10539.43,10597.33,,0.76,0.4359639969558238,Nikkei 225 Historical Data.csv,True
NIKKEI225,2009-08-17,1d,10521.02,10521.02,10268.61,10268.61,,-3.1,-2.3991019882102727,Nikkei 225 Historical Data.csv,True
NIKKEI225,2009-08-18,1d,10208.12,10325.06,10181.1,10284.96,,0.16,0.7527340979533781,Nikkei 225 Historical Data.csv,True
NIKKEI225,2009-08-19,1d,10269.97,10327.17,10195.11,10204.0,,-0.79,-0.6423582542110617,Nikkei 225 Historical Data.csv,True
NIKKEI225,2009-08-20,1d,10254.53,10407.3,10204.26,10383.41,,1.76,1.2568104047674389,Nikkei 225 Historical Data.csv,True
NIKKEI225,2009-08-21,1d,10375.22,10375.22,10142.22,10238.2,,-1.4,-1.320646694720673,Nikkei 225 Historical Data.csv,True
NIKKEI225,2009-08-24,1d,10389.57,10591.0,10388.78,10581.05,,3.35,1.8430021646709038,Nikkei 225 Historical Data.csv,True
NIKKEI225,2009-08-25,1d,10515.57,10566.31,10469.69,10497.36,,-0.79,-0.17317178241407216,Nikkei 225 Historical Data.csv,True
NIKKEI225,2009-08-26,1d,10554.44,10668.74,10526.51,10639.71,,1.36,0.8079064355853927,Nikkei 225 Historical Data.csv,True
NIKKEI225,2009-08-27,1d,10570.78,10575.79,10400.83,10473.97,,-1.56,-0.9158264574610553,Nikkei 225 Historical Data.csv,True
NIKKEI225,2009-08-28,1d,10546.88,10560.44,10471.63,10534.14,,0.57,-0.12079401680875623,Nikkei 225 Historical Data.csv,True
NIKKEI225,2009-08-31,1d,10608.16,10767.0,10423.9,10492.53,,-0.39,-1.090009954600979,Nikkei 225 Historical Data.csv,True
NIKKEI225,2009-09-01,1d,10453.37,10577.19,10438.51,10530.06,,0.36,0.733639008281517,Nikkei 225 Historical Data.csv,True
NIKKEI225,2009-09-02,1d,10378.08,10378.08,10215.6,10280.46,,-2.37,-0.9406364182970361,Nikkei 225 Historical Data.csv,True
NIKKEI225,2009-09-03,1d,10240.02,10290.83,10185.38,10214.64,,-0.64,-0.24785107841587273,Nikkei 225 Historical Data.csv,True
NIKKEI225,2009-09-04,1d,10256.49,10256.49,10143.26,10187.11,,-0.27,-0.6764497406032577,Nikkei 225 Historical Data.csv,True
NIKKEI225,2009-09-07,1d,10288.56,10326.45,10274.38,10320.94,,1.31,0.3147184834418226,Nikkei 225 Historical Data.csv,True
NIKKEI225,2009-09-08,1d,10353.51,10393.23,10300.5,10393.23,,0.7,0.3836380126160055,Nikkei 225 Historical Data.csv,True
NIKKEI225,2009-09-09,1d,10343.8,10390.25,10249.11,10312.14,,-0.78,-0.30607707032231923,Nikkei 225 Historical Data.csv,True
NIKKEI225,2009-09-10,1d,10385.35,10521.14,10382.99,10513.67,,1.95,1.2355866677579375,Nikkei 225 Historical Data.csv,True
NIKKEI225,2009-09-11,1d,10519.33,10522.23,10407.97,10444.33,,-0.66,-0.7129731646407178,Nikkei 225 Historical Data.csv,True
NIKKEI225,2009-09-14,1d,10388.32,10388.32,10170.74,10202.06,,-2.32,-1.7929751875182864,Nikkei 225 Historical Data.csv,True
NIKKEI225,2009-09-15,1d,10255.73,10292.47,10183.3,10217.62,,0.15,-0.37159714618071327,Nikkei 225 Historical Data.csv,True
NIKKEI225,2009-09-16,1d,10288.72,10394.56,10247.24,10270.77,,0.52,-0.17446290695051214,Nikkei 225 Historical Data.csv,True
NIKKEI225,2009-09-17,1d,10373.25,10443.8,10340.14,10443.8,,1.68,0.6801147181452194,Nikkei 225 Historical Data.csv,True
NIKKEI225,2009-09-18,1d,10379.21,10399.42,10292.5,10370.54,,-0.7,-0.0835323690338452,Nikkei 225 Historical Data.csv,True
NIKKEI225,2009-09-24,1d,10405.53,10566.98,10386.88,10544.22,,1.67,1.332848975496681,Nikkei 225 Historical Data.csv,True
NIKKEI225,2009-09-25,1d,10395.45,10395.45,10228.6,10265.98,,-2.64,-1.2454487299732198,Nikkei 225 Historical Data.csv,True
NIKKEI225,2009-09-28,1d,10136.24,10151.6,9971.05,10009.52,,-2.5,-1.2501677150501544,Nikkei 225 Historical Data.csv,True
NIKKEI225,2009-09-29,1d,10089.11,10125.88,10059.87,10100.2,,0.91,0.10992049843840945,Nikkei 225 Historical Data.csv,True
NIKKEI225,2009-09-30,1d,10105.17,10138.04,10063.69,10133.23,,0.33,0.277679643192541,Nikkei 225 Historical Data.csv,True
NIKKEI225,2009-10-01,1d,10072.64,10077.22,9965.06,9978.64,,-1.53,-0.9332210820599207,Nikkei 225 Historical Data.csv,True
NIKKEI225,2009-10-02,1d,9848.07,9852.17,9714.18,9731.87,,-2.47,-1.1799266252169094,Nikkei 225 Historical Data.csv,True
NIKKEI225,2009-10-05,1d,9733.07,9751.56,9669.31,9674.49,,-0.59,-0.6018655984185828,Nikkei 225 Historical Data.csv,True
NIKKEI225,2009-10-06,1d,9744.42,9744.42,9628.67,9691.8,,0.18,-0.5400013546214222,Nikkei 225 Historical Data.csv,True
NIKKEI225,2009-10-07,1d,9750.24,9821.74,9735.68,9799.6,,1.11,0.5062439488669135,Nikkei 225 Historical Data.csv,True
NIKKEI225,2009-10-08,1d,9806.03,9863.34,9746.15,9832.47,,0.34,0.26963001336930414,Nikkei 225 Historical Data.csv,True
NIKKEI225,2009-10-09,1d,9893.63,10016.39,9857.39,10016.39,,1.87,1.2407983722860116,Nikkei 225 Historical Data.csv,True
NIKKEI225,2009-10-13,1d,10066.85,10116.72,10039.62,10076.56,,0.6,0.096455197007983,Nikkei 225 Historical Data.csv,True
NIKKEI225,2009-10-14,1d,10096.01,10096.01,10016.24,10060.21,,-0.16,-0.35459552833249086,Nikkei 225 Historical Data.csv,True
NIKKEI225,2009-10-15,1d,10194.91,10272.62,10184.81,10238.65,,1.77,0.42903762760044817,Nikkei 225 Historical Data.csv,True
NIKKEI225,2009-10-16,1d,10276.4,10290.31,10216.14,10257.56,,0.18,-0.18333268459772567,Nikkei 225 Historical Data.csv,True
NIKKEI225,2009-10-19,1d,10179.46,10264.44,10125.33,10236.51,,-0.21,0.5604423024404115,Nikkei 225 Historical Data.csv,True
NIKKEI225,2009-10-20,1d,10329.3,10357.59,10307.59,10336.84,,0.98,0.0729962340139334,Nikkei 225 Historical Data.csv,True
NIKKEI225,2009-10-21,1d,10292.39,10350.45,10292.39,10333.39,,-0.03,0.39835256922833295,Nikkei 225 Historical Data.csv,True
NIKKEI225,2009-10-22,1d,10251.09,10274.61,10159.66,10267.17,,-0.64,0.1568613679130637,Nikkei 225 Historical Data.csv,True
NIKKEI225,2009-10-23,1d,10335.34,10364.17,10271.71,10282.99,,0.15,-0.506514541369707,Nikkei 225 Historical Data.csv,True
NIKKEI225,2009-10-26,1d,10271.84,10397.69,10250.84,10362.62,,0.77,0.8837754482157179,Nikkei 225 Historical Data.csv,True
NIKKEI225,2009-10-27,1d,10283.46,10290.92,10201.93,10212.46,,-1.45,-0.6904290968214988,Nikkei 225 Historical Data.csv,True
NIKKEI225,2009-10-28,1d,10182.14,10209.2,10060.39,10075.05,,-1.35,-1.0517435431058764,Nikkei 225 Historical Data.csv,True
NIKKEI225,2009-10-29,1d,9941.57,9945.41,9850.12,9891.1,,-1.83,-0.50766629415675,Nikkei 225 Historical Data.csv,True
NIKKEI225,2009-10-30,1d,10006.84,10049.59,9984.33,10034.74,,1.45,0.2788092944425946,Nikkei 225 Historical Data.csv,True
NIKKEI225,2009-11-02,1d,9903.77,9904.61,9736.14,9802.95,,-2.31,-1.0179961772133206,Nikkei 225 Historical Data.csv,True
NIKKEI225,2009-11-04,1d,9785.28,9845.0,9767.91,9844.31,,0.42,0.6032530494783916,Nikkei 225 Historical Data.csv,True
NIKKEI225,2009-11-05,1d,9803.5,9825.82,9691.69,9717.44,,-1.29,-0.8778497475391389,Nikkei 225 Historical Data.csv,True
NIKKEI225,2009-11-06,1d,9812.73,9849.72,9767.0,9789.35,,0.74,-0.2382619311853018,Nikkei 225 Historical Data.csv,True
NIKKEI225,2009-11-09,1d,9777.64,9845.9,9731.59,9808.99,,0.2,0.3206295179613905,Nikkei 225 Historical Data.csv,True
NIKKEI225,2009-11-10,1d,9904.68,9979.46,9857.1,9870.73,,0.63,-0.3427672574984775,Nikkei 225 Historical Data.csv,True
NIKKEI225,2009-11-11,1d,9890.18,9949.71,9849.99,9871.68,,0.01,-0.18705422954891082,Nikkei 225 Historical Data.csv,True
NIKKEI225,2009-11-12,1d,9921.45,9943.57,9788.49,9804.49,,-0.68,-1.178859944866939,Nikkei 225 Historical Data.csv,True
NIKKEI225,2009-11-13,1d,9793.19,9805.2,9719.38,9770.31,,-0.35,-0.23363173797302794,Nikkei 225 Historical Data.csv,True
NIKKEI225,2009-11-16,1d,9784.14,9802.53,9725.81,9791.18,,0.21,0.0719531813731189,Nikkei 225 Historical Data.csv,True
NIKKEI225,2009-11-17,1d,9834.58,9847.64,9715.28,9729.93,,-0.63,-1.0641023815963657,Nikkei 225 Historical Data.csv,True
NIKKEI225,2009-11-18,1d,9723.23,9788.81,9631.83,9676.8,,-0.55,-0.4775162163190627,Nikkei 225 Historical Data.csv,True
NIKKEI225,2009-11-19,1d,9691.86,9691.86,9496.07,9549.47,,-1.32,-1.469171036312955,Nikkei 225 Historical Data.csv,True
NIKKEI225,2009-11-20,1d,9460.21,9513.6,9423.66,9497.68,,-0.54,0.3960800024523925,Nikkei 225 Historical Data.csv,True
NIKKEI225,2009-11-24,1d,9511.0,9511.0,9397.79,9401.58,,-1.01,-1.1504573651561323,Nikkei 225 Historical Data.csv,True
NIKKEI225,2009-11-25,1d,9381.9,9453.7,9366.33,9441.64,,0.43,0.6367580127692563,Nikkei 225 Historical Data.csv,True
NIKKEI225,2009-11-26,1d,9354.8,9457.24,9324.99,9383.24,,-0.62,0.3040150510967621,Nikkei 225 Historical Data.csv,True
NIKKEI225,2009-11-27,1d,9257.2,9257.2,9076.41,9081.52,,-3.22,-1.8977660631724569,Nikkei 225 Historical Data.csv,True
NIKKEI225,2009-11-30,1d,9189.17,9353.74,9162.18,9345.55,,2.91,1.701785906670561,Nikkei 225 Historical Data.csv,True
NIKKEI225,2009-12-01,1d,9281.82,9572.2,9233.2,9572.2,,2.43,3.128481267682437,Nikkei 225 Historical Data.csv,True
NIKKEI225,2009-12-02,1d,9551.79,9643.32,9514.15,9608.94,,0.38,0.5983171740584714,Nikkei 225 Historical Data.csv,True
NIKKEI225,2009-12-03,1d,9707.02,9977.67,9707.02,9977.67,,3.84,2.788188342045239,Nikkei 225 Historical Data.csv,True
NIKKEI225,2009-12-04,1d,10019.24,10022.59,9902.83,10022.59,,0.45,0.033435669771364473,Nikkei 225 Historical Data.csv,True
NIKKEI225,2009-12-07,1d,10131.9,10204.58,10106.31,10167.6,,1.45,0.35235247090872335,Nikkei 225 Historical Data.csv,True
NIKKEI225,2009-12-08,1d,10079.81,10149.32,10079.81,10140.47,,-0.27,0.6017970576826404,Nikkei 225 Historical Data.csv,True
NIKKEI225,2009-12-09,1d,10048.94,10048.94,9985.97,10004.72,,-1.34,-0.4400464128554993,Nikkei 225 Historical Data.csv,True
NIKKEI225,2009-12-10,1d,9964.05,10035.92,9834.22,9862.82,,-1.42,-1.0159523486935496,Nikkei 225 Historical Data.csv,True
NIKKEI225,2009-12-11,1d,9958.0,10107.87,9916.21,10107.87,,2.48,1.5050210885720006,Nikkei 225 Historical Data.csv,True
NIKKEI225,2009-12-14,1d,10126.61,10126.61,10009.6,10105.68,,-0.02,-0.20668318420478116,Nikkei 225 Historical Data.csv,True
NIKKEI225,2009-12-15,1d,10053.45,10111.76,10033.9,10083.48,,-0.22,0.29870343016575873,Nikkei 225 Historical Data.csv,True
NIKKEI225,2009-12-16,1d,10179.33,10222.22,10117.12,10177.41,,0.93,-0.018861752197840698,Nikkei 225 Historical Data.csv,True
NIKKEI225,2009-12-17,1d,10199.92,10260.12,10163.8,10163.8,,-0.13,-0.3541204244739249,Nikkei 225 Historical Data.csv,True
NIKKEI225,2009-12-18,1d,10110.64,10157.25,10027.85,10142.05,,-0.21,0.3106628264877287,Nikkei 225 Historical Data.csv,True
NIKKEI225,2009-12-21,1d,10196.71,10215.49,10183.47,10183.47,,0.41,-0.12984580320515304,Nikkei 225 Historical Data.csv,True
NIKKEI225,2009-12-22,1d,10256.0,10378.03,10235.22,10378.03,,1.91,1.1898400936037445,Nikkei 225 Historical Data.csv,True
NIKKEI225,2009-12-24,1d,10413.37,10558.41,10413.37,10536.92,,1.53,1.1864554894332802,Nikkei 225 Historical Data.csv,True
NIKKEI225,2009-12-25,1d,10546.97,10546.97,10476.65,10494.71,,-0.4,-0.49549775907203886,Nikkei 225 Historical Data.csv,True
NIKKEI225,2009-12-28,1d,10521.81,10652.99,10513.55,10634.23,,1.33,1.068447348887691,Nikkei 225 Historical Data.csv,True
NIKKEI225,2009-12-29,1d,10611.85,10683.12,10597.41,10638.06,,0.04,0.2469880369586841,Nikkei 225 Historical Data.csv,True
NIKKEI225,2009-12-30,1d,10707.51,10707.51,10546.44,10546.44,,-0.86,-1.5042713011708564,Nikkei 225 Historical Data.csv,True
NIKKEI225,2010-01-04,1d,10609.34,10694.49,10608.14,10654.79,,1.03,0.42839611135094824,Nikkei 225 Historical Data.csv,True
NIKKEI225,2010-01-05,1d,10719.44,10791.04,10655.57,10681.83,,0.25,-0.3508578806355578,Nikkei 225 Historical Data.csv,True
NIKKEI225,2010-01-06,1d,10709.55,10768.61,10661.17,10731.45,,0.46,0.20449038475007786,Nikkei 225 Historical Data.csv,True
NIKKEI225,2010-01-07,1d,10742.75,10774.0,10636.67,10681.66,,-0.46,-0.5686625863954742,Nikkei 225 Historical Data.csv,True
NIKKEI225,2010-01-08,1d,10743.3,10816.45,10677.56,10798.32,,1.09,0.5121331434475573,Nikkei 225 Historical Data.csv,True
NIKKEI225,2010-01-12,1d,10770.35,10905.39,10763.68,10879.14,,0.75,1.0100878801524438,Nikkei 225 Historical Data.csv,True
NIKKEI225,2010-01-13,1d,10795.48,10866.62,10729.86,10735.03,,-1.32,-0.5599565744181745,Nikkei 225 Historical Data.csv,True
NIKKEI225,2010-01-14,1d,10778.07,10909.94,10774.25,10907.68,,1.61,1.202534405510458,Nikkei 225 Historical Data.csv,True
NIKKEI225,2010-01-15,1d,10917.41,10982.1,10878.83,10982.1,,0.68,0.5925398056865205,Nikkei 225 Historical Data.csv,True
NIKKEI225,2010-01-18,1d,10887.61,10895.1,10781.03,10855.08,,-1.16,-0.2987799893640619,Nikkei 225 Historical Data.csv,True
NIKKEI225,2010-01-19,1d,10866.83,10866.83,10749.47,10764.9,,-0.83,-0.9379920363160266,Nikkei 225 Historical Data.csv,True
NIKKEI225,2010-01-20,1d,10834.91,10860.93,10724.57,10737.52,,-0.25,-0.8988537975857636,Nikkei 225 Historical Data.csv,True
NIKKEI225,2010-01-21,1d,10704.79,10886.64,10649.84,10868.41,,1.22,1.5284746361208246,Nikkei 225 Historical Data.csv,True
NIKKEI225,2010-01-22,1d,10740.21,10768.07,10528.33,10590.55,,-2.56,-1.3934550627967224,Nikkei 225 Historical Data.csv,True
NIKKEI225,2010-01-25,1d,10478.31,10557.64,10414.58,10512.69,,-0.74,0.32810634539348627,Nikkei 225 Historical Data.csv,True
NIKKEI225,2010-01-26,1d,10506.15,10566.49,10324.98,10325.28,,-1.78,-1.721563084479083,Nikkei 225 Historical Data.csv,True
NIKKEI225,2010-01-27,1d,10344.07,10373.82,10252.08,10252.08,,-0.71,-0.8893017932013247,Nikkei 225 Historical Data.csv,True
NIKKEI225,2010-01-28,1d,10309.73,10462.7,10296.98,10414.29,,1.58,1.0141875684426482,Nikkei 225 Historical Data.csv,True
NIKKEI225,2010-01-29,1d,10308.05,10324.37,10198.04,10198.04,,-2.08,-1.0672241597586174,Nikkei 225 Historical Data.csv,True
NIKKEI225,2010-02-01,1d,10212.36,10224.83,10129.91,10205.02,,0.07,-0.07187369031252944,Nikkei 225 Historical Data.csv,True
NIKKEI225,2010-02-02,1d,10310.98,10396.48,10287.74,10371.09,,1.63,0.582970774843905,Nikkei 225 Historical Data.csv,True
NIKKEI225,2010-02-03,1d,10428.12,10436.52,10356.03,10404.33,,0.32,-0.22813316302460196,Nikkei 225 Historical Data.csv,True
NIKKEI225,2010-02-04,1d,10434.52,10438.41,10279.57,10355.98,,-0.46,-0.7526939427975665,Nikkei 225 Historical Data.csv,True
NIKKEI225,2010-02-05,1d,10162.34,10166.3,10036.33,10057.09,,-2.89,-1.03568666271745,Nikkei 225 Historical Data.csv,True
NIKKEI225,2010-02-08,1d,10007.47,10063.53,9942.05,9951.82,,-1.05,-0.556084604800211,Nikkei 225 Historical Data.csv,True
NIKKEI225,2010-02-09,1d,9876.61,9956.79,9867.39,9932.9,,-0.19,0.5699323958321623,Nikkei 225 Historical Data.csv,True
NIKKEI225,2010-02-10,1d,10024.26,10049.87,9963.99,9963.99,,0.31,-0.6012413883917711,Nikkei 225 Historical Data.csv,True
NIKKEI225,2010-02-12,1d,10085.35,10099.46,10014.5,10092.19,,1.29,0.06782114651449067,Nikkei 225 Historical Data.csv,True
NIKKEI225,2010-02-15,1d,10097.82,10119.47,10012.53,10013.3,,-0.78,-0.8370123452388745,Nikkei 225 Historical Data.csv,True
NIKKEI225,2010-02-16,1d,10044.53,10062.27,10019.43,10034.25,,0.21,-0.102344261005749,Nikkei 225 Historical Data.csv,True
NIKKEI225,2010-02-17,1d,10161.72,10306.83,10150.24,10306.83,,2.72,1.4280062824010065,Nikkei 225 Historical Data.csv,True
NIKKEI225,2010-02-18,1d,10324.98,10340.38,10285.05,10335.69,,0.28,0.10372901448720828,Nikkei 225 Historical Data.csv,True
NIKKEI225,2010-02-19,1d,10334.4,10354.42,10123.58,10123.58,,-2.05,-2.0399829694999205,Nikkei 225 Historical Data.csv,True
NIKKEI225,2010-02-22,1d,10302.07,10449.75,10298.15,10400.47,,2.74,0.9551478489274512,Nikkei 225 Historical Data.csv,True
NIKKEI225,2010-02-23,1d,10327.64,10375.55,10280.33,10352.1,,-0.47,0.23684016871232672,Nikkei 225 Historical Data.csv,True
NIKKEI225,2010-02-24,1d,10205.15,10243.2,10129.65,10198.83,,-1.48,-0.06192951597967511,Nikkei 225 Historical Data.csv,True
NIKKEI225,2010-02-25,1d,10256.1,10267.43,10087.21,10101.96,,-0.95,-1.502910463041518,Nikkei 225 Historical Data.csv,True
NIKKEI225,2010-02-26,1d,10107.08,10171.22,10085.13,10126.03,,0.24,0.18749233210779703,Nikkei 225 Historical Data.csv,True
NIKKEI225,2010-03-01,1d,10128.73,10215.15,10116.86,10172.06,,0.45,0.42779302044777534,Nikkei 225 Historical Data.csv,True
NIKKEI225,2010-03-02,1d,10199.19,10238.96,10150.3,10221.84,,0.49,0.22207645901290984,Nikkei 225 Historical Data.csv,True
NIKKEI225,2010-03-03,1d,10193.95,10274.09,10186.68,10253.14,,0.31,0.5806385159825123,Nikkei 225 Historical Data.csv,True
NIKKEI225,2010-03-04,1d,10255.69,10263.48,10134.37,10145.72,,-1.05,-1.0722828010597207,Nikkei 225 Historical Data.csv,True
NIKKEI225,2010-03-05,1d,10254.61,10376.41,10254.61,10368.96,,2.2,1.1151082293719528,Nikkei 225 Historical Data.csv,True
NIKKEI225,2010-03-08,1d,10538.12,10586.97,10514.28,10585.92,,2.09,0.4535913426683358,Nikkei 225 Historical Data.csv,True
NIKKEI225,2010-03-09,1d,10567.32,10593.27,10542.81,10567.65,,-0.17,0.003122835307345362,Nikkei 225 Historical Data.csv,True
NIKKEI225,2010-03-10,1d,10555.85,10588.69,10547.34,10563.92,,-0.04,0.07645049901239265,Nikkei 225 Historical Data.csv,True
NIKKEI225,2010-03-11,1d,10627.99,10664.95,10588.86,10664.95,,0.96,0.34776095950410646,Nikkei 225 Historical Data.csv,True
NIKKEI225,2010-03-12,1d,10777.49,10777.49,10699.3,10751.26,,0.81,-0.24337763245431132,Nikkei 225 Historical Data.csv,True
NIKKEI225,2010-03-15,1d,10802.11,10808.84,10708.97,10751.98,,0.01,-0.46407599996668436,Nikkei 225 Historical Data.csv,True
NIKKEI225,2010-03-16,1d,10718.63,10776.52,10716.2,10721.71,,-0.28,0.028735015575676037,Nikkei 225 Historical Data.csv,True
NIKKEI225,2010-03-17,1d,10789.24,10864.3,10761.89,10846.98,,1.17,0.5351628103555051,Nikkei 225 Historical Data.csv,True
NIKKEI225,2010-03-18,1d,10841.71,10845.73,10731.66,10744.03,,-0.95,-0.9009648846906804,Nikkei 225 Historical Data.csv,True
NIKKEI225,2010-03-19,1d,10785.88,10826.76,10775.57,10824.72,,0.75,0.3601004275960884,Nikkei 225 Historical Data.csv,True
NIKKEI225,2010-03-23,1d,10793.05,10817.78,10766.65,10774.15,,-0.47,-0.17511268825771698,Nikkei 225 Historical Data.csv,True
NIKKEI225,2010-03-24,1d,10829.36,10880.62,10769.18,10815.03,,0.38,-0.13232545598262924,Nikkei 225 Historical Data.csv,True
NIKKEI225,2010-03-25,1d,10857.81,10872.45,10808.71,10828.85,,0.13,-0.26672045283532286,Nikkei 225 Historical Data.csv,True
NIKKEI225,2010-03-26,1d,10895.29,11001.59,10889.33,10996.37,,1.55,0.9277403355027802,Nikkei 225 Historical Data.csv,True
NIKKEI225,2010-03-29,1d,10909.98,10990.75,10901.2,10986.47,,-0.09,0.7011011935860623,Nikkei 225 Historical Data.csv,True
NIKKEI225,2010-03-30,1d,11022.2,11108.82,11003.35,11097.14,,1.01,0.6799005643156386,Nikkei 225 Historical Data.csv,True
NIKKEI225,2010-03-31,1d,11138.72,11147.62,11085.55,11089.94,,-0.06,-0.437931826996274,Nikkei 225 Historical Data.csv,True
NIKKEI225,2010-04-01,1d,11178.92,11272.73,11118.18,11244.4,,1.39,0.585745313500774,Nikkei 225 Historical Data.csv,True
NIKKEI225,2010-04-02,1d,11274.18,11313.98,11235.98,11286.09,,0.37,0.10563961192742166,Nikkei 225 Historical Data.csv,True
NIKKEI225,2010-04-05,1d,11380.63,11408.17,11306.62,11339.3,,0.47,-0.36316091464180245,Nikkei 225 Historical Data.csv,True
NIKKEI225,2010-04-06,1d,11350.7,11358.45,11217.25,11282.32,,-0.5,-0.6024298060912647,Nikkei 225 Historical Data.csv,True
NIKKEI225,2010-04-07,1d,11296.31,11350.57,11260.42,11292.83,,0.09,-0.0308065200051999,Nikkei 225 Historical Data.csv,True
NIKKEI225,2010-04-08,1d,11179.67,11232.36,11159.45,11168.2,,-1.1,-0.1025969460636933,Nikkei 225 Historical Data.csv,True
NIKKEI225,2010-04-09,1d,11174.62,11204.87,11148.8,11204.34,,0.32,0.2659598268218488,Nikkei 225 Historical Data.csv,True
NIKKEI225,2010-04-12,1d,11300.79,11351.55,11248.57,11251.9,,0.42,-0.43262462181848926,Nikkei 225 Historical Data.csv,True
NIKKEI225,2010-04-13,1d,11202.92,11212.65,11088.48,11161.23,,-0.81,-0.3721351219146518,Nikkei 225 Historical Data.csv,True
NIKKEI225,2010-04-14,1d,11213.46,11270.2,11161.01,11204.9,,0.39,-0.07633683091570198,Nikkei 225 Historical Data.csv,True
NIKKEI225,2010-04-15,1d,11310.07,11316.66,11255.8,11273.79,,0.61,-0.32077608715064265,Nikkei 225 Historical Data.csv,True
NIKKEI225,2010-04-16,1d,11230.53,11230.53,11084.72,11102.18,,-1.52,-1.1428668103820594,Nikkei 225 Historical Data.csv,True
NIKKEI225,2010-04-19,1d,10929.64,10953.9,10878.99,10908.77,,-1.74,-0.19094864972678538,Nikkei 225 Historical Data.csv,True
NIKKEI225,2010-04-20,1d,10960.11,10999.57,10890.82,10900.68,,-0.07,-0.5422390833668689,Nikkei 225 Historical Data.csv,True
NIKKEI225,2010-04-21,1d,11031.79,11093.3,11023.88,11090.05,,1.74,0.528110125374015,Nikkei 225 Historical Data.csv,True
NIKKEI225,2010-04-22,1d,10988.01,10989.62,10866.23,10949.09,,-1.27,-0.35420426446645115,Nikkei 225 Historical Data.csv,True
NIKKEI225,2010-04-23,1d,10930.9,10967.12,10865.92,10914.46,,-0.32,-0.1503993266794179,Nikkei 225 Historical Data.csv,True
NIKKEI225,2010-04-26,1d,11039.59,11165.79,11035.66,11165.79,,2.3,1.1431583962810299,Nikkei 225 Historical Data.csv,True
NIKKEI225,2010-04-27,1d,11109.26,11213.45,11108.72,11212.66,,0.42,0.9307550637936313,Nikkei 225 Historical Data.csv,True
NIKKEI225,2010-04-28,1d,11005.51,11008.88,10882.4,10924.79,,-2.57,-0.7334507896499032,Nikkei 225 Historical Data.csv,True
NIKKEI225,2010-04-30,1d,11062.12,11092.52,11035.27,11057.4,,1.21,-0.042668132329071184,Nikkei 225 Historical Data.csv,True
NIKKEI225,2010-05-06,1d,10847.9,10847.9,10682.61,10695.69,,-3.27,-1.4031287161570316,Nikkei 225 Historical Data.csv,True
NIKKEI225,2010-05-07,1d,10472.7,10472.77,10257.32,10364.59,,-3.1,-1.0323030355113838,Nikkei 225 Historical Data.csv,True
NIKKEI225,2010-05-10,1d,10399.05,10540.52,10362.34,10530.7,,1.6,1.2659810271130612,Nikkei 225 Historical Data.csv,True
NIKKEI225,2010-05-11,1d,10643.24,10643.28,10392.47,10411.1,,-1.14,-2.1811027469078925,Nikkei 225 Historical Data.csv,True
NIKKEI225,2010-05-12,1d,10465.03,10501.72,10345.19,10394.03,,-0.16,-0.6784500378880898,Nikkei 225 Historical Data.csv,True
NIKKEI225,2010-05-13,1d,10542.77,10638.23,10535.94,10620.55,,2.18,0.7377567754963676,Nikkei 225 Historical Data.csv,True
NIKKEI225,2010-05-14,1d,10453.4,10551.69,10390.77,10462.51,,-1.49,0.08714867889874078,Nikkei 225 Historical Data.csv,True
NIKKEI225,2010-05-17,1d,10329.37,10331.87,10158.3,10235.76,,-2.17,-0.9062508168455663,Nikkei 225 Historical Data.csv,True
NIKKEI225,2010-05-18,1d,10313.14,10336.53,10197.74,10242.64,,0.07,-0.6835939393821877,Nikkei 225 Historical Data.csv,True
NIKKEI225,2010-05-19,1d,10087.33,10186.84,10041.93,10186.84,,-0.54,0.9864850262656155,Nikkei 225 Historical Data.csv,True
NIKKEI225,2010-05-20,1d,10121.85,10161.7,9999.59,10030.31,,-1.54,-0.9043801281386377,Nikkei 225 Historical Data.csv,True
NIKKEI225,2010-05-21,1d,9823.84,9829.36,9696.63,9784.54,,-2.45,-0.400047232039602,Nikkei 225 Historical Data.csv,True
NIKKEI225,2010-05-24,1d,9754.99,9793.46,9693.07,9758.4,,-0.27,0.034956468433078314,Nikkei 225 Historical Data.csv,True
NIKKEI225,2010-05-25,1d,9632.14,9642.6,9432.09,9459.89,,-3.06,-1.7882838081672348,Nikkei 225 Historical Data.csv,True
NIKKEI225,2010-05-26,1d,9567.35,9622.4,9477.45,9522.66,,0.66,-0.4671094921791408,Nikkei 225 Historical Data.csv,True
NIKKEI225,2010-05-27,1d,9419.3,9642.16,9395.29,9639.72,,1.23,2.340088966271381,Nikkei 225 Historical Data.csv,True
NIKKEI225,2010-05-28,1d,9806.06,9824.85,9699.14,9762.98,,1.28,-0.43932017548332647,Nikkei 225 Historical Data.csv,True
NIKKEI225,2010-05-31,1d,9735.47,9831.73,9728.42,9768.7,,0.06,0.3413291808202601,Nikkei 225 Historical Data.csv,True
NIKKEI225,2010-06-01,1d,9747.26,9747.26,9658.44,9711.83,,-0.58,-0.3634867644856099,Nikkei 225 Historical Data.csv,True
NIKKEI225,2010-06-02,1d,9604.45,9763.41,9560.16,9603.24,,-1.12,-0.012598326817270245,Nikkei 225 Historical Data.csv,True
NIKKEI225,2010-06-03,1d,9758.82,9920.18,9758.82,9914.19,,3.24,1.5920982249903348,Nikkei 225 Historical Data.csv,True
NIKKEI225,2010-06-04,1d,9909.24,9962.42,9868.09,9901.19,,-0.13,-0.08123730982395605,Nikkei 225 Historical Data.csv,True
NIKKEI225,2010-06-07,1d,9705.36,9714.42,9502.62,9520.8,,-3.84,-1.9016296149756529,Nikkei 225 Historical Data.csv,True
NIKKEI225,2010-06-08,1d,9448.79,9587.65,9434.81,9537.94,,0.18,0.9435070522257227,Nikkei 225 Historical Data.csv,True
NIKKEI225,2010-06-09,1d,9475.57,9487.91,9378.23,9439.13,,-1.04,-0.38456789406864367,Nikkei 225 Historical Data.csv,True
NIKKEI225,2010-06-10,1d,9476.78,9544.04,9437.47,9542.65,,1.1,0.6950673118928385,Nikkei 225 Historical Data.csv,True
NIKKEI225,2010-06-11,1d,9701.32,9764.73,9673.6,9705.25,,1.7,0.04050995122313328,Nikkei 225 Historical Data.csv,True
NIKKEI225,2010-06-14,1d,9824.93,9882.05,9819.95,9879.85,,1.8,0.5589861708938493,Nikkei 225 Historical Data.csv,True
NIKKEI225,2010-06-15,1d,9845.65,9911.73,9826.44,9887.89,,0.08,0.42902195385778885,Nikkei 225 Historical Data.csv,True
NIKKEI225,2010-06-16,1d,10043.1,10109.86,10033.24,10067.15,,1.81,0.23946789337951913,Nikkei 225 Historical Data.csv,True
NIKKEI225,2010-06-17,1d,10009.25,10053.45,9989.21,9999.4,,-0.67,-0.09840897170118046,Nikkei 225 Historical Data.csv,True
NIKKEI225,2010-06-18,1d,10027.98,10029.11,9965.16,9995.02,,-0.04,-0.32868035237404447,Nikkei 225 Historical Data.csv,True
NIKKEI225,2010-06-21,1d,10109.27,10251.9,10109.27,10238.01,,2.43,1.2734846334107264,Nikkei 225 Historical Data.csv,True
NIKKEI225,2010-06-22,1d,10131.91,10183.89,10105.48,10112.89,,-1.22,-0.18772373619584393,Nikkei 225 Historical Data.csv,True
NIKKEI225,2010-06-23,1d,9973.0,9975.01,9912.8,9923.7,,-1.87,-0.49433470369998345,Nikkei 225 Historical Data.csv,True
NIKKEI225,2010-06-24,1d,9902.62,10009.37,9893.75,9928.34,,0.05,0.25972924337194225,Nikkei 225 Historical Data.csv,True
NIKKEI225,2010-06-25,1d,9778.7,9794.98,9697.87,9737.48,,-1.92,-0.42152842402365387,Nikkei 225 Historical Data.csv,True
NIKKEI225,2010-06-28,1d,9758.91,9762.23,9679.17,9693.94,,-0.45,-0.6657505807513231,Nikkei 225 Historical Data.csv,True
NIKKEI225,2010-06-29,1d,9718.4,9760.02,9548.98,9570.67,,-1.27,-1.5201061903193924,Nikkei 225 Historical Data.csv,True
NIKKEI225,2010-06-30,1d,9396.45,9420.14,9347.07,9382.64,,-1.96,-0.14697039839515202,Nikkei 225 Historical Data.csv,True
NIKKEI225,2010-07-01,1d,9191.6,9191.6,9191.6,9191.6,,-2.04,0.0,Nikkei 225 Historical Data.csv,True
NIKKEI225,2010-07-02,1d,9234.56,9259.14,9160.47,9203.71,,0.13,-0.33407114145125316,Nikkei 225 Historical Data.csv,True
NIKKEI225,2010-07-05,1d,9230.0,9282.9,9213.79,9266.78,,0.69,0.3984832069339195,Nikkei 225 Historical Data.csv,True
NIKKEI225,2010-07-06,1d,9158.28,9351.11,9091.7,9338.04,,0.77,1.9628139781705745,Nikkei 225 Historical Data.csv,True
NIKKEI225,2010-07-07,1d,9322.56,9329.64,9223.8,9279.65,,-0.63,-0.46028129612466495,Nikkei 225 Historical Data.csv,True
NIKKEI225,2010-07-08,1d,9462.82,9545.99,9456.19,9535.74,,2.76,0.7705948121173201,Nikkei 225 Historical Data.csv,True
NIKKEI225,2010-07-09,1d,9601.62,9610.59,9516.97,9585.32,,0.52,-0.1697630191571986,Nikkei 225 Historical Data.csv,True
NIKKEI225,2010-07-12,1d,9540.47,9632.89,9533.56,9548.11,,-0.39,0.08007991220559951,Nikkei 225 Historical Data.csv,True
NIKKEI225,2010-07-13,1d,9592.87,9629.98,9502.24,9537.23,,-0.11,-0.5800141146497517,Nikkei 225 Historical Data.csv,True
NIKKEI225,2010-07-14,1d,9707.5,9807.36,9693.33,9795.24,,2.71,0.9038372392480065,Nikkei 225 Historical Data.csv,True
NIKKEI225,2010-07-15,1d,9701.14,9726.94,9667.0,9685.53,,-1.12,-0.16090892410581814,Nikkei 225 Historical Data.csv,True
NIKKEI225,2010-07-16,1d,9600.88,9636.84,9392.21,9408.36,,-2.86,-2.00523285365507,Nikkei 225 Historical Data.csv,True
NIKKEI225,2010-07-20,1d,9267.24,9378.91,9247.76,9300.46,,-1.15,0.3584670300974091,Nikkei 225 Historical Data.csv,True
NIKKEI225,2010-07-21,1d,9404.07,9404.07,9230.84,9278.83,,-0.23,-1.3317638001418497,Nikkei 225 Historical Data.csv,True
NIKKEI225,2010-07-22,1d,9216.28,9254.19,9176.12,9220.88,,-0.62,0.04991167803058971,Nikkei 225 Historical Data.csv,True
NIKKEI225,2010-07-23,1d,9380.12,9474.11,9367.3,9430.96,,2.28,0.5419973305245351,Nikkei 225 Historical Data.csv,True
NIKKEI225,2010-07-26,1d,9520.73,9561.82,9493.61,9503.66,,0.77,-0.17929297438326053,Nikkei 225 Historical Data.csv,True
NIKKEI225,2010-07-27,1d,9512.67,9541.59,9487.65,9496.85,,-0.07,-0.16630451807957414,Nikkei 225 Historical Data.csv,True
NIKKEI225,2010-07-28,1d,9614.47,9760.31,9614.47,9753.27,,2.7,1.443657320684344,Nikkei 225 Historical Data.csv,True
NIKKEI225,2010-07-29,1d,9653.51,9732.76,9648.97,9696.02,,-0.59,0.4403579630621435,Nikkei 225 Historical Data.csv,True
NIKKEI225,2010-07-30,1d,9658.61,9658.61,9505.64,9537.3,,-1.64,-1.2559778270372357,Nikkei 225 Historical Data.csv,True
NIKKEI225,2010-08-02,1d,9574.64,9676.41,9548.86,9570.31,,0.35,-0.0452236324290034,Nikkei 225 Historical Data.csv,True
NIKKEI225,2010-08-03,1d,9716.57,9750.88,9632.86,9694.01,,1.29,-0.23218069750950976,Nikkei 225 Historical Data.csv,True
NIKKEI225,2010-08-04,1d,9606.82,9613.13,9474.67,9489.34,,-2.11,-1.2228812447823478,Nikkei 225 Historical Data.csv,True
NIKKEI225,2010-08-05,1d,9640.34,9688.87,9578.31,9653.92,,1.73,0.14086640097756842,Nikkei 225 Historical Data.csv,True
NIKKEI225,2010-08-06,1d,9560.65,9658.04,9545.41,9642.12,,-0.12,0.8521387144179604,Nikkei 225 Historical Data.csv,True
NIKKEI225,2010-08-09,1d,9535.51,9572.83,9523.63,9572.49,,-0.72,0.3878135516611092,Nikkei 225 Historical Data.csv,True
NIKKEI225,2010-08-10,1d,9629.97,9667.04,9505.34,9551.05,,-0.22,-0.8195248791013854,Nikkei 225 Historical Data.csv,True
NIKKEI225,2010-08-11,1d,9423.03,9445.04,9283.6,9292.85,,-2.7,-1.381508920166874,Nikkei 225 Historical Data.csv,True
NIKKEI225,2010-08-12,1d,9125.49,9212.59,9065.94,9212.59,,-0.86,0.9544692942516031,Nikkei 225 Historical Data.csv,True
NIKKEI225,2010-08-13,1d,9214.81,9278.46,9163.25,9253.46,,0.44,0.4194334989001458,Nikkei 225 Historical Data.csv,True
NIKKEI225,2010-08-16,1d,9145.22,9210.97,9095.94,9196.67,,-0.61,0.5625889809102613,Nikkei 225 Historical Data.csv,True
NIKKEI225,2010-08-17,1d,9089.85,9188.48,9084.24,9161.68,,-0.38,0.7902220608700938,Nikkei 225 Historical Data.csv,True
NIKKEI225,2010-08-18,1d,9261.5,9280.59,9153.42,9240.54,,0.86,-0.22631323219779453,Nikkei 225 Historical Data.csv,True
NIKKEI225,2010-08-19,1d,9242.84,9362.68,9242.84,9362.68,,1.32,1.2965711837487293,Nikkei 225 Historical Data.csv,True
NIKKEI225,2010-08-20,1d,9239.36,9287.5,9169.17,9179.38,,-1.96,-0.6491791639247846,Nikkei 225 Historical Data.csv,True
NIKKEI225,2010-08-23,1d,9147.24,9171.42,9090.96,9116.69,,-0.68,-0.333980523086741,Nikkei 225 Historical Data.csv,True
NIKKEI225,2010-08-24,1d,9024.6,9069.22,8983.52,8995.14,,-1.33,-0.3264410610996693,Nikkei 225 Historical Data.csv,True
NIKKEI225,2010-08-25,1d,8904.44,8949.41,8807.41,8845.39,,-1.66,-0.663152315024873,Nikkei 225 Historical Data.csv,True
NIKKEI225,2010-08-26,1d,8908.02,8910.62,8834.09,8906.48,,0.69,-0.017287792348930076,Nikkei 225 Historical Data.csv,True
NIKKEI225,2010-08-27,1d,8811.47,9021.75,8810.46,8991.06,,0.95,2.0381389257411175,Nikkei 225 Historical Data.csv,True
NIKKEI225,2010-08-30,1d,9141.45,9280.7,9117.87,9149.26,,1.76,0.08543502398414837,Nikkei 225 Historical Data.csv,True
NIKKEI225,2010-08-31,1d,8998.8,9008.36,8819.26,8824.06,,-3.55,-1.9418144641507706,Nikkei 225 Historical Data.csv,True
NIKKEI225,2010-09-01,1d,8833.32,8932.15,8796.45,8927.02,,1.17,1.0607563181227464,Nikkei 225 Historical Data.csv,True
NIKKEI225,2010-09-02,1d,9069.62,9083.37,8958.81,9062.84,,1.52,-0.07475506140279808,Nikkei 225 Historical Data.csv,True
NIKKEI225,2010-09-03,1d,9097.59,9141.09,9050.83,9114.13,,0.57,0.18180639048361869,Nikkei 225 Historical Data.csv,True
NIKKEI225,2010-09-06,1d,9199.99,9303.0,9173.38,9301.32,,2.05,1.101414240667653,Nikkei 225 Historical Data.csv,True
NIKKEI225,2010-09-07,1d,9232.02,9311.02,9206.81,9226.0,,-0.81,-0.06520783100556482,Nikkei 225 Historical Data.csv,True
NIKKEI225,2010-09-08,1d,9098.86,9105.89,8997.63,9024.6,,-2.18,-0.8161461985347618,Nikkei 225 Historical Data.csv,True
NIKKEI225,2010-09-09,1d,9120.54,9136.26,9069.93,9098.39,,0.82,-0.24285842724226514,Nikkei 225 Historical Data.csv,True
NIKKEI225,2010-09-10,1d,9132.25,9291.5,9132.25,9239.17,,1.55,1.1707958060718893,Nikkei 225 Historical Data.csv,True
NIKKEI225,2010-09-13,1d,9325.64,9390.9,9317.3,9321.82,,0.89,-0.04096233609703903,Nikkei 225 Historical Data.csv,True
NIKKEI225,2010-09-14,1d,9319.5,9330.05,9258.18,9299.31,,-0.24,-0.21664252374055115,Nikkei 225 Historical Data.csv,True
NIKKEI225,2010-09-15,1d,9243.48,9578.53,9199.08,9516.56,,2.34,2.9542985974979175,Nikkei 225 Historical Data.csv,True
NIKKEI225,2010-09-16,1d,9613.89,9620.9,9479.63,9509.5,,-0.07,-1.0858247806038945,Nikkei 225 Historical Data.csv,True
NIKKEI225,2010-09-17,1d,9581.65,9643.28,9554.36,9626.09,,1.23,0.46380320717205326,Nikkei 225 Historical Data.csv,True
NIKKEI225,2010-09-21,1d,9700.88,9704.25,9579.83,9602.11,,-0.25,-1.0181550539744677,Nikkei 225 Historical Data.csv,True
NIKKEI225,2010-09-22,1d,9563.2,9625.41,9546.82,9566.32,,-0.37,0.03262506274048782,Nikkei 225 Historical Data.csv,True
NIKKEI225,2010-09-24,1d,9435.04,9601.77,9415.96,9471.67,,-0.99,0.38823364818802997,Nikkei 225 Historical Data.csv,True
NIKKEI225,2010-09-27,1d,9557.37,9613.47,9539.12,9603.14,,1.39,0.47889743726567957,Nikkei 225 Historical Data.csv,True
NIKKEI225,2010-09-28,1d,9547.03,9553.91,9471.35,9495.76,,-1.12,-0.5370256509092397,Nikkei 225 Historical Data.csv,True
NIKKEI225,2010-09-29,1d,9530.05,9600.93,9502.34,9559.38,,0.67,0.3077633380727196,Nikkei 225 Historical Data.csv,True
NIKKEI225,2010-09-30,1d,9554.83,9566.84,9369.35,9369.35,,-1.99,-1.9412171645125986,Nikkei 225 Historical Data.csv,True
NIKKEI225,2010-10-01,1d,9440.52,9470.36,9358.62,9404.23,,0.37,-0.38440679115134824,Nikkei 225 Historical Data.csv,True
NIKKEI225,2010-10-04,1d,9410.92,9508.36,9358.82,9381.06,,-0.25,-0.31729097686518104,Nikkei 225 Historical Data.csv,True
NIKKEI225,2010-10-05,1d,9337.43,9538.35,9332.19,9518.76,,1.47,1.9419690428736702,Nikkei 225 Historical Data.csv,True
NIKKEI225,2010-10-06,1d,9588.47,9693.74,9567.0,9691.43,,1.81,1.073789666130276,Nikkei 225 Historical Data.csv,True
NIKKEI225,2010-10-07,1d,9661.09,9716.92,9649.17,9684.81,,-0.07,0.24552095053456124,Nikkei 225 Historical Data.csv,True
NIKKEI225,2010-10-08,1d,9675.59,9675.59,9588.88,9588.88,,-0.99,-0.8961727398535957,Nikkei 225 Historical Data.csv,True
NIKKEI225,2010-10-12,1d,9648.59,9650.2,9387.73,9388.64,,-2.09,-2.6941760402297232,Nikkei 225 Historical Data.csv,True
NIKKEI225,2010-10-13,1d,9473.78,9510.19,9393.52,9403.51,,0.16,-0.7417313891604049,Nikkei 225 Historical Data.csv,True
NIKKEI225,2010-10-14,1d,9515.17,9614.44,9481.51,9583.51,,1.91,0.7182215346651644,Nikkei 225 Historical Data.csv,True
NIKKEI225,2010-10-15,1d,9551.21,9553.57,9478.64,9500.25,,-0.87,-0.5335449644599866,Nikkei 225 Historical Data.csv,True
NIKKEI225,2010-10-18,1d,9517.68,9564.85,9471.48,9498.49,,-0.02,-0.2016247656992043,Nikkei 225 Historical Data.csv,True
NIKKEI225,2010-10-19,1d,9490.09,9575.14,9489.68,9539.45,,0.43,0.5201215162343065,Nikkei 225 Historical Data.csv,True
NIKKEI225,2010-10-20,1d,9399.65,9402.05,9316.97,9381.6,,-1.65,-0.19202842659034047,Nikkei 225 Historical Data.csv,True
NIKKEI225,2010-10-21,1d,9443.95,9479.25,9326.78,9376.48,,-0.05,-0.7144256375775093,Nikkei 225 Historical Data.csv,True
NIKKEI225,2010-10-22,1d,9404.09,9457.62,9390.14,9426.71,,0.54,0.24053364015017564,Nikkei 225 Historical Data.csv,True
NIKKEI225,2010-10-25,1d,9424.44,9460.7,9392.68,9401.16,,-0.27,-0.24701732941162513,Nikkei 225 Historical Data.csv,True
NIKKEI225,2010-10-26,1d,9386.55,9455.04,9362.13,9377.38,,-0.25,-0.09769297558741563,Nikkei 225 Historical Data.csv,True
NIKKEI225,2010-10-27,1d,9436.01,9453.79,9329.86,9387.03,,0.1,-0.5190753295089667,Nikkei 225 Historical Data.csv,True
NIKKEI225,2010-10-28,1d,9368.61,9413.68,9350.44,9366.03,,-0.22,-0.02753877042591668,Nikkei 225 Historical Data.csv,True
NIKKEI225,2010-10-29,1d,9368.61,9413.68,9202.45,9202.45,,-1.75,-1.773582206965596,Nikkei 225 Historical Data.csv,True
NIKKEI225,2010-11-01,1d,9166.85,9258.32,9134.47,9154.72,,-0.52,-0.13232462623475882,Nikkei 225 Historical Data.csv,True
NIKKEI225,2010-11-02,1d,9140.28,9172.03,9123.62,9159.98,,0.06,0.21552950237846424,Nikkei 225 Historical Data.csv,True
NIKKEI225,2010-11-04,1d,9282.79,9377.76,9276.71,9358.78,,2.17,0.818611645852152,Nikkei 225 Historical Data.csv,True
NIKKEI225,2010-11-05,1d,9500.6,9680.68,9497.45,9625.99,,2.86,1.3198113803338574,Nikkei 225 Historical Data.csv,True
NIKKEI225,2010-11-08,1d,9699.79,9737.01,9677.87,9732.92,,1.11,0.34155378621598675,Nikkei 225 Historical Data.csv,True
NIKKEI225,2010-11-09,1d,9667.44,9726.6,9659.86,9694.49,,-0.39,0.2798052017907393,Nikkei 225 Historical Data.csv,True
NIKKEI225,2010-11-10,1d,9748.61,9842.9,9747.03,9830.52,,1.4,0.8402223496478012,Nikkei 225 Historical Data.csv,True
NIKKEI225,2010-11-11,1d,9878.11,9885.37,9834.82,9861.46,,0.31,-0.1685545109337827,Nikkei 225 Historical Data.csv,True
NIKKEI225,2010-11-12,1d,9810.3,9851.42,9724.81,9724.81,,-1.39,-0.8714310469608466,Nikkei 225 Historical Data.csv,True
NIKKEI225,2010-11-15,1d,9782.11,9830.59,9744.99,9827.51,,1.06,0.46411254831524307,Nikkei 225 Historical Data.csv,True
NIKKEI225,2010-11-16,1d,9892.82,9908.3,9774.12,9797.1,,-0.31,-0.9675704197589674,Nikkei 225 Historical Data.csv,True
NIKKEI225,2010-11-17,1d,9693.21,9817.37,9693.21,9811.66,,0.15,1.2219894132078135,Nikkei 225 Historical Data.csv,True
NIKKEI225,2010-11-18,1d,9820.6,10013.63,9798.56,10013.63,,2.06,1.965562185609837,Nikkei 225 Historical Data.csv,True
NIKKEI225,2010-11-19,1d,10124.84,10130.23,10019.08,10022.39,,0.09,-1.0118678418622018,Nikkei 225 Historical Data.csv,True
NIKKEI225,2010-11-22,1d,10133.48,10157.97,10091.99,10115.19,,0.93,-0.1804908086856516,Nikkei 225 Historical Data.csv,True
NIKKEI225,2010-11-24,1d,9942.54,10064.31,9904.92,10030.11,,-0.84,0.880760851854756,Nikkei 225 Historical Data.csv,True
NIKKEI225,2010-11-25,1d,10117.85,10123.27,10038.79,10079.76,,0.5,-0.376463379077574,Nikkei 225 Historical Data.csv,True
NIKKEI225,2010-11-26,1d,10078.09,10134.64,10039.56,10039.56,,-0.4,-0.3823145060224742,Nikkei 225 Historical Data.csv,True
NIKKEI225,2010-11-29,1d,10075.66,10149.94,10044.01,10125.99,,0.86,0.4995206269365893,Nikkei 225 Historical Data.csv,True
NIKKEI225,2010-11-30,1d,10070.31,10101.42,9937.04,9937.04,,-1.87,-1.323395208290501,Nikkei 225 Historical Data.csv,True
NIKKEI225,2010-12-01,1d,9939.8,9988.05,9918.55,9988.05,,0.51,0.4854222418962051,Nikkei 225 Historical Data.csv,True
NIKKEI225,2010-12-02,1d,10151.15,10187.59,10143.08,10168.52,,1.81,0.17111361766894984,Nikkei 225 Historical Data.csv,True
NIKKEI225,2010-12-03,1d,10231.78,10254.0,10154.99,10178.32,,0.1,-0.5224897329692446,Nikkei 225 Historical Data.csv,True
NIKKEI225,2010-12-06,1d,10175.23,10179.82,10143.58,10167.23,,-0.11,-0.0786223014123566,Nikkei 225 Historical Data.csv,True
NIKKEI225,2010-12-07,1d,10152.92,10167.1,10094.41,10141.1,,-0.26,-0.11641970979776595,Nikkei 225 Historical Data.csv,True
NIKKEI225,2010-12-08,1d,10200.16,10258.9,10184.32,10232.33,,0.9,0.3153872096123944,Nikkei 225 Historical Data.csv,True
NIKKEI225,2010-12-09,1d,10277.87,10298.25,10240.11,10285.88,,0.52,0.07793443583152815,Nikkei 225 Historical Data.csv,True
NIKKEI225,2010-12-10,1d,10373.7,10373.7,10194.27,10211.95,,-0.72,-1.5592315181661265,Nikkei 225 Historical Data.csv,True
NIKKEI225,2010-12-13,1d,10212.52,10293.89,10199.73,10293.89,,0.8,0.7967671054744496,Nikkei 225 Historical Data.csv,True
NIKKEI225,2010-12-14,1d,10272.7,10319.24,10267.22,10316.77,,0.22,0.4290011389410653,Nikkei 225 Historical Data.csv,True
NIKKEI225,2010-12-15,1d,10338.14,10340.69,10282.85,10309.78,,-0.07,-0.27432400799368706,Nikkei 225 Historical Data.csv,True
NIKKEI225,2010-12-16,1d,10297.55,10347.39,10282.54,10311.29,,0.01,0.1334297964078912,Nikkei 225 Historical Data.csv,True
NIKKEI225,2010-12-17,1d,10307.17,10327.42,10280.8,10303.83,,-0.07,-0.03240462707028158,Nikkei 225 Historical Data.csv,True
NIKKEI225,2010-12-20,1d,10296.55,10301.15,10182.74,10216.41,,-0.85,-0.7783189514934508,Nikkei 225 Historical Data.csv,True
NIKKEI225,2010-12-21,1d,10277.14,10372.51,10266.29,10370.53,,1.51,0.908715848961883,Nikkei 225 Historical Data.csv,True
NIKKEI225,2010-12-22,1d,10348.48,10394.22,10327.6,10346.48,,-0.23,-0.01932650978694328,Nikkei 225 Historical Data.csv,True
NIKKEI225,2010-12-24,1d,10275.97,10290.89,10264.06,10279.19,,-0.65,0.03133524134462107,Nikkei 225 Historical Data.csv,True
NIKKEI225,2010-12-27,1d,10292.84,10376.91,10292.84,10355.99,,0.75,0.6135332911033187,Nikkei 225 Historical Data.csv,True
NIKKEI225,2010-12-28,1d,10330.01,10340.84,10292.63,10292.63,,-0.61,-0.3618583137867337,Nikkei 225 Historical Data.csv,True
NIKKEI225,2010-12-29,1d,10282.84,10344.54,10276.61,10344.54,,0.5,0.6000287858218156,Nikkei 225 Historical Data.csv,True
NIKKEI225,2010-12-30,1d,10303.13,10315.47,10209.93,10228.92,,-1.12,-0.7202665597735747,Nikkei 225 Historical Data.csv,True
NIKKEI225,2011-01-04,1d,10352.19,10409.17,10321.28,10398.1,,1.65,0.44348104120963683,Nikkei 225 Historical Data.csv,True
NIKKEI225,2011-01-05,1d,10387.95,10413.45,10358.01,10380.77,,-0.17,-0.06911854600764045,Nikkei 225 Historical Data.csv,True
NIKKEI225,2011-01-06,1d,10477.52,10530.11,10477.52,10529.76,,1.44,0.4985912696897632,Nikkei 225 Historical Data.csv,True
NIKKEI225,2011-01-07,1d,10506.72,10550.71,10503.02,10541.04,,0.11,0.32664808808078316,Nikkei 225 Historical Data.csv,True
NIKKEI225,2011-01-11,1d,10484.62,10538.39,10476.29,10510.68,,-0.29,0.24855454942571686,Nikkei 225 Historical Data.csv,True
NIKKEI225,2011-01-12,1d,10562.28,10576.51,10502.96,10512.8,,0.02,-0.4684594614041804,Nikkei 225 Historical Data.csv,True
NIKKEI225,2011-01-13,1d,10593.46,10620.57,10565.28,10589.76,,0.73,-0.03492720980678987,Nikkei 225 Historical Data.csv,True
NIKKEI225,2011-01-14,1d,10502.77,10620.57,10497.26,10499.04,,-0.86,-0.035514440476169806,Nikkei 225 Historical Data.csv,True
NIKKEI225,2011-01-17,1d,10562.09,10562.39,10482.69,10502.86,,0.04,-0.5607791639722803,Nikkei 225 Historical Data.csv,True
NIKKEI225,2011-01-18,1d,10461.04,10548.21,10456.71,10518.98,,0.15,0.5538646253144819,Nikkei 225 Historical Data.csv,True
NIKKEI225,2011-01-19,1d,10567.88,10580.68,10534.02,10557.1,,0.36,-0.10200721431354864,Nikkei 225 Historical Data.csv,True
NIKKEI225,2011-01-20,1d,10492.32,10505.63,10421.83,10437.31,,-1.13,-0.5242882413041161,Nikkei 225 Historical Data.csv,True
NIKKEI225,2011-01-21,1d,10459.04,10461.07,10257.99,10274.52,,-1.56,-1.764215453808382,Nikkei 225 Historical Data.csv,True
NIKKEI225,2011-01-24,1d,10318.6,10347.94,10278.81,10345.11,,0.69,0.25691469773030384,Nikkei 225 Historical Data.csv,True
NIKKEI225,2011-01-25,1d,10374.64,10480.24,10278.81,10464.42,,1.15,0.8653794252137859,Nikkei 225 Historical Data.csv,True
NIKKEI225,2011-01-26,1d,10410.29,10440.35,10392.46,10401.9,,-0.6,-0.0805933360165878,Nikkei 225 Historical Data.csv,True
NIKKEI225,2011-01-27,1d,10466.34,10496.4,10421.75,10478.66,,0.74,0.11771068014223562,Nikkei 225 Historical Data.csv,True
NIKKEI225,2011-01-28,1d,10460.29,10480.08,10332.65,10360.34,,-1.13,-0.9555184416493279,Nikkei 225 Historical Data.csv,True
NIKKEI225,2011-01-31,1d,10219.98,10265.96,10182.57,10237.92,,-1.18,0.17553850398925874,Nikkei 225 Historical Data.csv,True
NIKKEI225,2011-02-01,1d,10281.55,10299.38,10245.75,10274.5,,0.36,-0.06856942776136687,Nikkei 225 Historical Data.csv,True
NIKKEI225,2011-02-02,1d,10368.48,10479.75,10366.96,10457.36,,1.78,0.8572134006141763,Nikkei 225 Historical Data.csv,True
NIKKEI225,2011-02-03,1d,10424.68,10450.46,10409.84,10431.36,,-0.25,0.06407870553339912,Nikkei 225 Historical Data.csv,True
NIKKEI225,2011-02-04,1d,10526.39,10580.36,10524.13,10543.52,,1.08,0.16273385272633778,Nikkei 225 Historical Data.csv,True
NIKKEI225,2011-02-07,1d,10641.3,10644.21,10572.72,10592.04,,0.46,-0.4629133658481388,Nikkei 225 Historical Data.csv,True
NIKKEI225,2011-02-08,1d,10645.03,10648.8,10623.7,10635.98,,0.41,-0.08501620004829347,Nikkei 225 Historical Data.csv,True
NIKKEI225,2011-02-09,1d,10686.72,10701.92,10599.5,10617.83,,-0.17,-0.644631842136778,Nikkei 225 Historical Data.csv,True
NIKKEI225,2011-02-10,1d,10574.8,10631.94,10570.62,10605.65,,-0.11,0.2917312856980825,Nikkei 225 Historical Data.csv,True
NIKKEI225,2011-02-14,1d,10689.65,10725.54,10674.44,10725.54,,1.13,0.33574532374773813,Nikkei 225 Historical Data.csv,True
NIKKEI225,2011-02-15,1d,10738.81,10760.99,10712.49,10746.67,,0.2,0.07319246732180318,Nikkei 225 Historical Data.csv,True
NIKKEI225,2011-02-16,1d,10758.86,10842.31,10752.61,10808.29,,0.57,0.45943529333034583,Nikkei 225 Historical Data.csv,True
NIKKEI225,2011-02-17,1d,10882.91,10891.6,10820.48,10836.64,,0.26,-0.4251620200847017,Nikkei 225 Historical Data.csv,True
NIKKEI225,2011-02-18,1d,10829.15,10862.43,10810.12,10842.8,,0.06,0.1260486741803346,Nikkei 225 Historical Data.csv,True
NIKKEI225,2011-02-21,1d,10820.78,10859.39,10789.41,10857.53,,0.14,0.3396243154375256,Nikkei 225 Historical Data.csv,True
NIKKEI225,2011-02-22,1d,10745.52,10761.22,10639.78,10664.7,,-1.78,-0.7521273982087351,Nikkei 225 Historical Data.csv,True
NIKKEI225,2011-02-23,1d,10588.82,10666.72,10569.93,10579.1,,-0.8,-0.09179493087991819,Nikkei 225 Historical Data.csv,True
NIKKEI225,2011-02-24,1d,10533.2,10542.7,10428.38,10452.71,,-1.19,-0.7641552424714426,Nikkei 225 Historical Data.csv,True
NIKKEI225,2011-02-25,1d,10475.78,10532.21,10454.46,10526.76,,0.71,0.4866463404157084,Nikkei 225 Historical Data.csv,True
NIKKEI225,2011-02-28,1d,10504.54,10628.76,10448.83,10624.09,,0.92,1.1380793447404614,Nikkei 225 Historical Data.csv,True
NIKKEI225,2011-03-01,1d,10676.24,10754.03,10672.91,10754.03,,1.22,0.7286273069919913,Nikkei 225 Historical Data.csv,True
NIKKEI225,2011-03-02,1d,10609.28,10629.5,10492.38,10492.38,,-2.43,-1.1018655365868546,Nikkei 225 Historical Data.csv,True
NIKKEI225,2011-03-03,1d,10529.77,10593.34,10522.4,10586.02,,0.89,0.534199702367677,Nikkei 225 Historical Data.csv,True
NIKKEI225,2011-03-04,1d,10730.91,10768.43,10664.37,10693.66,,1.02,-0.34712806276447905,Nikkei 225 Historical Data.csv,True
NIKKEI225,2011-03-07,1d,10626.97,10626.97,10472.51,10505.02,,-1.76,-1.1475519362527553,Nikkei 225 Historical Data.csv,True
NIKKEI225,2011-03-08,1d,10513.08,10565.1,10509.23,10525.19,,0.19,0.11518983970444374,Nikkei 225 Historical Data.csv,True
NIKKEI225,2011-03-09,1d,10607.23,10662.07,10563.82,10589.5,,0.61,-0.16715014193149358,Nikkei 225 Historical Data.csv,True
NIKKEI225,2011-03-10,1d,10544.13,10549.17,10410.1,10434.38,,-1.46,-1.040863494664801,Nikkei 225 Historical Data.csv,True
NIKKEI225,2011-03-11,1d,10298.64,10378.55,10254.43,10254.43,,-1.72,-0.4292799825996396,Nikkei 225 Historical Data.csv,True
NIKKEI225,2011-03-14,1d,10044.17,10049.92,9578.65,9620.49,,-6.18,-4.218168350396301,Nikkei 225 Historical Data.csv,True
NIKKEI225,2011-03-15,1d,9441.66,9441.66,8227.63,8605.15,,-10.55,-8.859776776541416,Nikkei 225 Historical Data.csv,True
NIKKEI225,2011-03-16,1d,8767.2,9168.51,8763.95,9093.72,,5.68,3.7243361620585613,Nikkei 225 Historical Data.csv,True
NIKKEI225,2011-03-17,1d,8913.35,9093.61,8639.56,8962.67,,-1.44,0.5533273124021854,Nikkei 225 Historical Data.csv,True
NIKKEI225,2011-03-18,1d,9083.95,9275.6,9073.25,9206.75,,2.72,1.3518348295620264,Nikkei 225 Historical Data.csv,True
NIKKEI225,2011-03-22,1d,9403.05,9625.03,9395.85,9608.32,,4.36,2.1830150855307595,Nikkei 225 Historical Data.csv,True
NIKKEI225,2011-03-23,1d,9590.38,9592.4,9387.95,9449.47,,-1.65,-1.4692848458559449,Nikkei 225 Historical Data.csv,True
NIKKEI225,2011-03-24,1d,9479.77,9509.85,9418.71,9435.01,,-0.15,-0.4721633541742043,Nikkei 225 Historical Data.csv,True
NIKKEI225,2011-03-25,1d,9565.49,9569.71,9469.37,9536.13,,1.07,-0.3069367068493145,Nikkei 225 Historical Data.csv,True
NIKKEI225,2011-03-28,1d,9541.76,9541.76,9405.2,9478.53,,-0.6,-0.6626660071097912,Nikkei 225 Historical Data.csv,True
NIKKEI225,2011-03-29,1d,9348.6,9502.23,9317.38,9459.08,,-0.21,1.1817812292749696,Nikkei 225 Historical Data.csv,True
NIKKEI225,2011-03-30,1d,9489.51,9708.79,9479.03,9708.79,,2.64,2.310762094143959,Nikkei 225 Historical Data.csv,True
NIKKEI225,2011-03-31,1d,9765.28,9765.81,9658.64,9755.1,,0.48,-0.1042468828338805,Nikkei 225 Historical Data.csv,True
NIKKEI225,2011-04-01,1d,9757.28,9822.06,9698.6,9708.39,,-0.48,-0.501061771313327,Nikkei 225 Historical Data.csv,True
NIKKEI225,2011-04-04,1d,9773.91,9808.6,9718.89,9718.89,,0.11,-0.5629272215520786,Nikkei 225 Historical Data.csv,True
NIKKEI225,2011-04-05,1d,9732.26,9732.26,9566.05,9615.55,,-1.06,-1.199207583850015,Nikkei 225 Historical Data.csv,True
NIKKEI225,2011-04-06,1d,9668.11,9671.46,9562.16,9584.37,,-0.32,-0.8661465374307897,Nikkei 225 Historical Data.csv,True
NIKKEI225,2011-04-07,1d,9652.65,9687.18,9578.47,9590.93,,0.07,-0.6394099029800038,Nikkei 225 Historical Data.csv,True
NIKKEI225,2011-04-08,1d,9586.17,9804.28,9536.68,9768.08,,1.85,1.8976296059844522,Nikkei 225 Historical Data.csv,True
NIKKEI225,2011-04-11,1d,9731.32,9775.6,9700.75,9719.7,,-0.5,-0.11940826116085823,Nikkei 225 Historical Data.csv,True
NIKKEI225,2011-04-12,1d,9603.5,9603.64,9513.27,9555.26,,-1.69,-0.5023168636434594,Nikkei 225 Historical Data.csv,True
NIKKEI225,2011-04-13,1d,9516.5,9655.83,9516.5,9641.18,,0.9,1.3101455366994141,Nikkei 225 Historical Data.csv,True
NIKKEI225,2011-04-14,1d,9579.79,9676.97,9553.75,9653.92,,0.13,0.7738165450390744,Nikkei 225 Historical Data.csv,True
NIKKEI225,2011-04-15,1d,9646.22,9651.96,9577.96,9591.52,,-0.65,-0.5670615018110614,Nikkei 225 Historical Data.csv,True
NIKKEI225,2011-04-18,1d,9593.41,9608.92,9539.03,9556.65,,-0.36,-0.383179703567349,Nikkei 225 Historical Data.csv,True
NIKKEI225,2011-04-19,1d,9448.65,9478.87,9405.19,9441.03,,-1.21,-0.08064644155513223,Nikkei 225 Historical Data.csv,True
NIKKEI225,2011-04-20,1d,9536.79,9631.0,9519.36,9606.82,,1.76,0.7343141665067554,Nikkei 225 Historical Data.csv,True
NIKKEI225,2011-04-21,1d,9686.27,9725.12,9643.92,9685.77,,0.82,-0.005161945723175521,Nikkei 225 Historical Data.csv,True
NIKKEI225,2011-04-22,1d,9623.0,9732.63,9611.38,9682.21,,-0.04,0.615296685025446,Nikkei 225 Historical Data.csv,True
NIKKEI225,2011-04-25,1d,9705.9,9748.4,9657.24,9671.96,,-0.11,-0.3496842126953781,Nikkei 225 Historical Data.csv,True
NIKKEI225,2011-04-26,1d,9627.43,9627.43,9536.51,9558.69,,-1.17,-0.7140015559708002,Nikkei 225 Historical Data.csv,True
NIKKEI225,2011-04-27,1d,9631.53,9728.03,9630.37,9691.84,,1.39,0.6261725810956298,Nikkei 225 Historical Data.csv,True
NIKKEI225,2011-04-28,1d,9749.36,9849.74,9712.58,9849.74,,1.63,1.0296060459353162,Nikkei 225 Historical Data.csv,True
NIKKEI225,2011-05-02,1d,9964.39,10017.47,9936.27,10004.2,,1.57,0.3995227003359192,Nikkei 225 Historical Data.csv,True
NIKKEI225,2011-05-06,1d,9851.15,9876.1,9782.66,9859.2,,-1.45,0.0817163478375793,Nikkei 225 Historical Data.csv,True
NIKKEI225,2011-05-09,1d,9881.67,9897.88,9776.74,9794.38,,-0.66,-0.8833527126487772,Nikkei 225 Historical Data.csv,True
NIKKEI225,2011-05-10,1d,9804.27,9853.13,9755.93,9818.76,,0.25,0.14779274744576298,Nikkei 225 Historical Data.csv,True
NIKKEI225,2011-05-11,1d,9912.48,9929.04,9842.67,9864.26,,0.46,-0.486457475828439,Nikkei 225 Historical Data.csv,True
NIKKEI225,2011-05-12,1d,9770.71,9836.71,9716.65,9716.65,,-1.5,-0.5532863016096012,Nikkei 225 Historical Data.csv,True
NIKKEI225,2011-05-13,1d,9751.45,9751.45,9552.93,9648.77,,-0.7,-1.052971609350406,Nikkei 225 Historical Data.csv,True
NIKKEI225,2011-05-16,1d,9571.13,9598.33,9552.86,9558.3,,-0.94,-0.13404895764659308,Nikkei 225 Historical Data.csv,True
NIKKEI225,2011-05-17,1d,9513.5,9593.13,9502.39,9567.02,,0.09,0.5625689809218626,Nikkei 225 Historical Data.csv,True
NIKKEI225,2011-05-18,1d,9602.88,9693.6,9590.4,9662.08,,0.99,0.6164817221500307,Nikkei 225 Historical Data.csv,True
NIKKEI225,2011-05-19,1d,9711.32,9731.12,9600.81,9620.82,,-0.43,-0.9319021513038428,Nikkei 225 Historical Data.csv,True
NIKKEI225,2011-05-20,1d,9612.87,9670.92,9600.48,9607.08,,-0.14,-0.060231751807737766,Nikkei 225 Historical Data.csv,True
NIKKEI225,2011-05-23,1d,9547.86,9547.86,9437.87,9460.63,,-1.52,-0.9136078660558655,Nikkei 225 Historical Data.csv,True
NIKKEI225,2011-05-24,1d,9406.04,9490.35,9406.04,9477.17,,0.17,0.7562162185148935,Nikkei 225 Historical Data.csv,True
NIKKEI225,2011-05-25,1d,9492.43,9503.77,9415.33,9422.88,,-0.57,-0.7326891006834035,Nikkei 225 Historical Data.csv,True
NIKKEI225,2011-05-26,1d,9499.45,9567.46,9489.12,9562.05,,1.48,0.6589855202143058,Nikkei 225 Historical Data.csv,True
NIKKEI225,2011-05-27,1d,9514.16,9588.7,9493.44,9521.94,,-0.42,0.08177285225390296,Nikkei 225 Historical Data.csv,True
NIKKEI225,2011-05-30,1d,9489.78,9540.02,9448.0,9504.97,,-0.18,0.16006693516603665,Nikkei 225 Historical Data.csv,True
NIKKEI225,2011-05-31,1d,9500.6,9697.35,9497.4,9693.73,,1.99,2.032818979853901,Nikkei 225 Historical Data.csv,True
NIKKEI225,2011-06-01,1d,9708.05,9720.73,9659.31,9719.61,,0.27,0.11907643656554612,Nikkei 225 Historical Data.csv,True
NIKKEI225,2011-06-02,1d,9560.63,9575.01,9517.28,9555.04,,-1.69,-0.058468950267909214,Nikkei 225 Historical Data.csv,True
NIKKEI225,2011-06-03,1d,9550.59,9603.03,9490.68,9492.21,,-0.66,-0.611271136128777,Nikkei 225 Historical Data.csv,True
NIKKEI225,2011-06-06,1d,9467.37,9490.55,9359.78,9380.35,,-1.18,-0.9191570626266854,Nikkei 225 Historical Data.csv,True
NIKKEI225,2011-06-07,1d,9371.21,9454.66,9358.31,9442.95,,0.67,0.765536147413215,Nikkei 225 Historical Data.csv,True
NIKKEI225,2011-06-08,1d,9428.62,9458.43,9394.74,9449.46,,0.07,0.22102916439519227,Nikkei 225 Historical Data.csv,True
NIKKEI225,2011-06-09,1d,9411.71,9472.41,9383.12,9467.15,,0.19,0.5890534238730316,Nikkei 225 Historical Data.csv,True
NIKKEI225,2011-06-10,1d,9536.84,9613.75,9493.05,9514.44,,0.5,-0.23487863904605444,Nikkei 225 Historical Data.csv,True
NIKKEI225,2011-06-13,1d,9405.16,9466.51,9391.26,9448.21,,-0.7,0.4577274602452164,Nikkei 225 Historical Data.csv,True
NIKKEI225,2011-06-14,1d,9446.84,9565.65,9438.41,9547.79,,1.05,1.0686113028272048,Nikkei 225 Historical Data.csv,True
NIKKEI225,2011-06-15,1d,9589.54,9599.9,9520.93,9574.32,,0.28,-0.1587145994489947,Nikkei 225 Historical Data.csv,True
NIKKEI225,2011-06-16,1d,9478.63,9497.59,9411.28,9411.28,,-1.7,-0.7105457223248401,Nikkei 225 Historical Data.csv,True
NIKKEI225,2011-06-17,1d,9443.32,9447.44,9318.62,9351.4,,-0.64,-0.9733864784842616,Nikkei 225 Historical Data.csv,True
NIKKEI225,2011-06-20,1d,9383.24,9421.38,9346.76,9354.32,,0.03,-0.30820910474420593,Nikkei 225 Historical Data.csv,True
NIKKEI225,2011-06-21,1d,9420.43,9459.66,9378.36,9459.66,,1.13,0.4164353431849621,Nikkei 225 Historical Data.csv,True
NIKKEI225,2011-06-22,1d,9525.25,9658.62,9525.25,9629.43,,1.79,1.0937245741581725,Nikkei 225 Historical Data.csv,True
NIKKEI225,2011-06-23,1d,9557.72,9652.41,9553.3,9596.74,,-0.34,0.40825636239605334,Nikkei 225 Historical Data.csv,True
NIKKEI225,2011-06-24,1d,9626.43,9695.09,9609.24,9678.71,,0.85,0.5430881437874513,Nikkei 225 Historical Data.csv,True
NIKKEI225,2011-06-27,1d,9633.92,9638.49,9570.58,9578.31,,-1.04,-0.577231282800772,Nikkei 225 Historical Data.csv,True
NIKKEI225,2011-06-28,1d,9668.01,9703.41,9632.54,9648.98,,0.74,-0.19683471572744526,Nikkei 225 Historical Data.csv,True
NIKKEI225,2011-06-29,1d,9767.91,9797.26,9734.66,9797.26,,1.54,0.3004736939631991,Nikkei 225 Historical Data.csv,True
NIKKEI225,2011-06-30,1d,9838.09,9849.69,9785.89,9816.09,,0.19,-0.2236206418115727,Nikkei 225 Historical Data.csv,True
NIKKEI225,2011-07-01,1d,9878.69,9900.57,9849.64,9868.07,,0.53,-0.10750413263297398,Nikkei 225 Historical Data.csv,True
NIKKEI225,2011-07-04,1d,9980.16,10005.75,9940.47,9965.09,,0.98,-0.1509995831730171,Nikkei 225 Historical Data.csv,True
NIKKEI225,2011-07-05,1d,9959.39,9995.17,9948.38,9972.46,,0.07,0.13123293695698202,Nikkei 225 Historical Data.csv,True
NIKKEI225,2011-07-06,1d,9987.25,10082.48,9967.87,10082.48,,1.1,0.9535157325590182,Nikkei 225 Historical Data.csv,True
NIKKEI225,2011-07-07,1d,10047.15,10102.19,10029.33,10071.14,,-0.11,0.23877417974251802,Nikkei 225 Historical Data.csv,True
NIKKEI225,2011-07-08,1d,10205.71,10207.91,10126.47,10137.73,,0.66,-0.6660977041283656,Nikkei 225 Historical Data.csv,True
NIKKEI225,2011-07-11,1d,10069.01,10109.3,10057.77,10069.53,,-0.67,0.005164360746490182,Nikkei 225 Historical Data.csv,True
NIKKEI225,2011-07-12,1d,9943.32,9971.14,9907.81,9925.92,,-1.43,-0.1749918538274886,Nikkei 225 Historical Data.csv,True
NIKKEI225,2011-07-13,1d,9891.11,9979.67,9887.33,9963.14,,0.37,0.7282296931284682,Nikkei 225 Historical Data.csv,True
NIKKEI225,2011-07-14,1d,9929.18,9998.49,9884.0,9936.12,,-0.27,0.06989499636425034,Nikkei 225 Historical Data.csv,True
NIKKEI225,2011-07-15,1d,9919.59,9985.32,9919.1,9974.47,,0.39,0.5532486725761787,Nikkei 225 Historical Data.csv,True
NIKKEI225,2011-07-19,1d,9921.5,9945.72,9889.72,9889.72,,-0.85,-0.3203144685783421,Nikkei 225 Historical Data.csv,True
NIKKEI225,2011-07-20,1d,10008.0,10042.75,9986.33,10005.9,,1.17,-0.020983213429259795,Nikkei 225 Historical Data.csv,True
NIKKEI225,2011-07-21,1d,10019.94,10026.18,9974.0,10010.39,,0.04,-0.09530995195581315,Nikkei 225 Historical Data.csv,True
NIKKEI225,2011-07-22,1d,10096.89,10149.18,10076.53,10132.11,,1.22,0.3488202803041407,Nikkei 225 Historical Data.csv,True
NIKKEI225,2011-07-25,1d,10080.82,10091.02,10039.1,10050.01,,-0.81,-0.30562989915502436,Nikkei 225 Historical Data.csv,True
NIKKEI225,2011-07-26,1d,10072.64,10130.25,10043.99,10097.72,,0.47,0.2489913270006694,Nikkei 225 Historical Data.csv,True
NIKKEI225,2011-07-27,1d,10048.34,10053.5,10009.37,10047.19,,-0.5,-0.011444676434113621,Nikkei 225 Historical Data.csv,True
NIKKEI225,2011-07-28,1d,9936.97,9945.98,9853.85,9901.35,,-1.45,-0.3584593694053506,Nikkei 225 Historical Data.csv,True
NIKKEI225,2011-07-29,1d,9866.82,9914.22,9824.34,9833.03,,-0.69,-0.34246089418880077,Nikkei 225 Historical Data.csv,True
NIKKEI225,2011-08-01,1d,9907.04,10040.13,9906.17,9965.01,,1.34,0.5851394563865631,Nikkei 225 Historical Data.csv,True
NIKKEI225,2011-08-02,1d,9872.17,9873.46,9822.3,9844.59,,-1.21,-0.27937120207613964,Nikkei 225 Historical Data.csv,True
NIKKEI225,2011-08-03,1d,9705.02,9705.02,9610.38,9637.14,,-2.11,-0.6994318404289879,Nikkei 225 Historical Data.csv,True
NIKKEI225,2011-08-04,1d,9685.5,9768.4,9615.35,9659.18,,0.23,-0.27174642506839763,Nikkei 225 Historical Data.csv,True
NIKKEI225,2011-08-05,1d,9469.16,9469.16,9264.09,9299.88,,-3.72,-1.7876981696370198,Nikkei 225 Historical Data.csv,True
NIKKEI225,2011-08-08,1d,9169.67,9215.09,9057.29,9097.56,,-2.18,-0.7863968932360743,Nikkei 225 Historical Data.csv,True
NIKKEI225,2011-08-09,1d,8911.8,8949.97,8656.79,8944.48,,-1.68,0.3667048183307653,Nikkei 225 Historical Data.csv,True
NIKKEI225,2011-08-11,1d,8876.54,8983.33,8832.42,8981.94,,0.42,1.187399594887184,Nikkei 225 Historical Data.csv,True
NIKKEI225,2011-08-12,1d,9064.17,9070.27,8926.89,8963.72,,-0.2,-1.108209576828334,Nikkei 225 Historical Data.csv,True
NIKKEI225,2011-08-15,1d,9082.53,9117.11,9032.84,9086.41,,1.37,0.04271937444741969,Nikkei 225 Historical Data.csv,True
NIKKEI225,2011-08-16,1d,9135.06,9150.31,9072.53,9107.43,,0.23,-0.302461067579185,Nikkei 225 Historical Data.csv,True
NIKKEI225,2011-08-17,1d,9047.89,9081.8,9003.7,9057.26,,-0.55,0.10356005654357237,Nikkei 225 Historical Data.csv,True
NIKKEI225,2011-08-19,1d,8771.7,8796.42,8707.47,8719.24,,-3.73,-0.5980596691633422,Nikkei 225 Historical Data.csv,True
NIKKEI225,2011-08-22,1d,8686.91,8756.1,8619.21,8628.13,,-1.04,-0.6766502703492994,Nikkei 225 Historical Data.csv,True
NIKKEI225,2011-08-23,1d,8703.31,8747.41,8630.49,8733.01,,1.22,0.34124947864664357,Nikkei 225 Historical Data.csv,True
NIKKEI225,2011-08-24,1d,8812.16,8825.27,8620.89,8639.61,,-1.07,-1.9580897305541356,Nikkei 225 Historical Data.csv,True
NIKKEI225,2011-08-25,1d,8748.01,8849.94,8741.74,8772.36,,1.54,0.27834901880543494,Nikkei 225 Historical Data.csv,True
NIKKEI225,2011-08-26,1d,8746.77,8805.1,8742.46,8797.78,,0.29,0.5831867077789932,Nikkei 225 Historical Data.csv,True
NIKKEI225,2011-08-29,1d,8802.25,8926.27,8751.29,8851.35,,0.61,0.5578119230878587,Nikkei 225 Historical Data.csv,True
NIKKEI225,2011-08-30,1d,8958.5,8992.86,8935.85,8953.9,,1.16,-0.051347881899876935,Nikkei 225 Historical Data.csv,True
NIKKEI225,2011-08-31,1d,8938.31,8967.8,8905.52,8955.2,,0.01,0.18896189548136544,Nikkei 225 Historical Data.csv,True
NIKKEI225,2011-09-01,1d,9017.01,9098.15,8998.01,9060.8,,1.18,0.4856377003019663,Nikkei 225 Historical Data.csv,True
NIKKEI225,2011-09-02,1d,8980.56,9014.27,8914.65,8950.74,,-1.21,-0.332050562548436,Nikkei 225 Historical Data.csv,True
NIKKEI225,2011-09-05,1d,8828.46,8842.56,8757.18,8784.46,,-1.86,-0.49838816735874314,Nikkei 225 Historical Data.csv,True
NIKKEI225,2011-09-06,1d,8687.11,8709.92,8588.34,8590.57,,-2.21,-1.1113016872124404,Nikkei 225 Historical Data.csv,True
NIKKEI225,2011-09-07,1d,8723.05,8773.26,8702.78,8763.41,,2.01,0.4626822040456169,Nikkei 225 Historical Data.csv,True
NIKKEI225,2011-09-08,1d,8863.24,8876.49,8757.58,8793.12,,0.34,-0.791132813734019,Nikkei 225 Historical Data.csv,True
NIKKEI225,2011-09-09,1d,8739.49,8803.75,8726.25,8737.66,,-0.63,-0.02093943696943601,Nikkei 225 Historical Data.csv,True
NIKKEI225,2011-09-12,1d,8578.71,8584.05,8520.97,8535.67,,-2.31,-0.5017071331237299,Nikkei 225 Historical Data.csv,True
NIKKEI225,2011-09-13,1d,8588.74,8635.88,8549.06,8616.55,,0.95,0.32379603993135664,Nikkei 225 Historical Data.csv,True
NIKKEI225,2011-09-14,1d,8623.55,8671.24,8499.34,8518.57,,-1.14,-1.217364078598715,Nikkei 225 Historical Data.csv,True
NIKKEI225,2011-09-15,1d,8645.38,8695.95,8634.02,8668.86,,1.76,0.27159014410009785,Nikkei 225 Historical Data.csv,True
NIKKEI225,2011-09-16,1d,8785.28,8864.16,8774.16,8864.16,,2.25,0.897865520507013,Nikkei 225 Historical Data.csv,True
NIKKEI225,2011-09-20,1d,8763.61,8771.72,8704.23,8721.24,,-1.61,-0.4834765581763767,Nikkei 225 Historical Data.csv,True
NIKKEI225,2011-09-21,1d,8717.0,8771.62,8707.16,8741.16,,0.23,0.27715957324767615,Nikkei 225 Historical Data.csv,True
NIKKEI225,2011-09-22,1d,8643.02,8643.02,8545.46,8560.26,,-2.07,-0.95753567618726,Nikkei 225 Historical Data.csv,True
NIKKEI225,2011-09-26,1d,8547.62,8556.66,8359.7,8374.13,,-2.17,-2.0296877961350823,Nikkei 225 Historical Data.csv,True
NIKKEI225,2011-09-27,1d,8496.33,8609.95,8479.05,8609.95,,2.82,1.3372832740724538,Nikkei 225 Historical Data.csv,True
NIKKEI225,2011-09-28,1d,8607.92,8665.54,8595.85,8615.65,,0.07,0.08980102045557103,Nikkei 225 Historical Data.csv,True
NIKKEI225,2011-09-29,1d,8527.64,8706.14,8501.42,8701.23,,0.99,2.035615950016645,Nikkei 225 Historical Data.csv,True
NIKKEI225,2011-09-30,1d,8713.91,8756.0,8653.62,8700.29,,-0.01,-0.1563018208817768,Nikkei 225 Historical Data.csv,True
NIKKEI225,2011-10-03,1d,8567.98,8577.52,8455.67,8545.48,,-1.78,-0.26260565500852984,Nikkei 225 Historical Data.csv,True
NIKKEI225,2011-10-04,1d,8426.39,8470.76,8359.24,8456.12,,-1.05,0.3528201281925103,Nikkei 225 Historical Data.csv,True
NIKKEI225,2011-10-05,1d,8491.43,8501.03,8343.01,8382.98,,-0.86,-1.2771700408529596,Nikkei 225 Historical Data.csv,True
NIKKEI225,2011-10-06,1d,8463.83,8545.79,8463.83,8522.02,,1.66,0.6875138087603316,Nikkei 225 Historical Data.csv,True
NIKKEI225,2011-10-07,1d,8593.22,8663.57,8589.36,8605.62,,0.98,0.14429980845365176,Nikkei 225 Historical Data.csv,True
NIKKEI225,2011-10-11,1d,8733.54,8806.44,8725.62,8773.68,,1.95,0.4596074444039866,Nikkei 225 Historical Data.csv,True
NIKKEI225,2011-10-12,1d,8719.67,8763.02,8689.38,8738.9,,-0.4,0.22053586890329324,Nikkei 225 Historical Data.csv,True
NIKKEI225,2011-10-13,1d,8832.81,8854.16,8808.73,8823.25,,0.97,-0.10823282737882911,Nikkei 225 Historical Data.csv,True
NIKKEI225,2011-10-14,1d,8782.91,8787.89,8733.71,8747.96,,-0.85,-0.39793189273259477,Nikkei 225 Historical Data.csv,True
NIKKEI225,2011-10-17,1d,8881.44,8911.7,8856.58,8879.6,,1.5,-0.02071736114864775,Nikkei 225 Historical Data.csv,True
NIKKEI225,2011-10-18,1d,8758.74,8773.99,8727.39,8741.91,,-1.55,-0.1921509258180909,Nikkei 225 Historical Data.csv,True
NIKKEI225,2011-10-19,1d,8808.25,8831.55,8745.36,8772.54,,0.35,-0.4054153776289149,Nikkei 225 Historical Data.csv,True
NIKKEI225,2011-10-20,1d,8733.6,8733.6,8672.21,8682.15,,-1.03,-0.589104149491626,Nikkei 225 Historical Data.csv,True
NIKKEI225,2011-10-21,1d,8679.04,8700.49,8652.26,8678.89,,-0.04,-0.001728301747672134,Nikkei 225 Historical Data.csv,True
NIKKEI225,2011-10-24,1d,8764.92,8844.28,8762.02,8843.98,,1.9,0.9020048100838229,Nikkei 225 Historical Data.csv,True
NIKKEI225,2011-10-25,1d,8866.43,8870.37,8755.38,8762.31,,-0.92,-1.174317058838803,Nikkei 225 Historical Data.csv,True
NIKKEI225,2011-10-26,1d,8673.85,8798.8,8642.56,8748.47,,-0.16,0.8602869544665825,Nikkei 225 Historical Data.csv,True
NIKKEI225,2011-10-27,1d,8779.4,8926.54,8731.77,8926.54,,2.04,1.6759687450167648,Nikkei 225 Historical Data.csv,True
NIKKEI225,2011-10-28,1d,9059.04,9086.43,9003.09,9050.47,,1.39,-0.09460163549340761,Nikkei 225 Historical Data.csv,True
NIKKEI225,2011-10-31,1d,9011.18,9152.39,8988.39,8988.39,,-0.69,-0.2529080542171047,Nikkei 225 Historical Data.csv,True
NIKKEI225,2011-11-01,1d,8880.75,8946.0,8831.69,8835.52,,-1.7,-0.5093038313205511,Nikkei 225 Historical Data.csv,True
NIKKEI225,2011-11-02,1d,8719.92,8719.92,8640.42,8640.42,,-2.21,-0.9117056119780864,Nikkei 225 Historical Data.csv,True
NIKKEI225,2011-11-04,1d,8761.27,8814.71,8729.08,8801.4,,1.86,0.4580386176889828,Nikkei 225 Historical Data.csv,True
NIKKEI225,2011-11-07,1d,8771.82,8779.55,8741.25,8767.09,,-0.39,-0.053922675111883756,Nikkei 225 Historical Data.csv,True
NIKKEI225,2011-11-08,1d,8744.36,8772.04,8644.0,8655.51,,-1.27,-1.0160835098280585,Nikkei 225 Historical Data.csv,True
NIKKEI225,2011-11-09,1d,8724.6,8762.98,8678.78,8755.44,,1.15,0.35348325424662264,Nikkei 225 Historical Data.csv,True
NIKKEI225,2011-11-10,1d,8597.28,8600.21,8500.67,8500.8,,-2.91,-1.1222153983585614,Nikkei 225 Historical Data.csv,True
NIKKEI225,2011-11-11,1d,8545.92,8566.49,8485.77,8514.47,,0.16,-0.36801186999176894,Nikkei 225 Historical Data.csv,True
NIKKEI225,2011-11-14,1d,8631.28,8655.31,8595.43,8603.7,,1.05,-0.31953545708168773,Nikkei 225 Historical Data.csv,True
NIKKEI225,2011-11-15,1d,8546.99,8584.3,8527.63,8541.93,,-0.72,-0.059202128468616166,Nikkei 225 Historical Data.csv,True
NIKKEI225,2011-11-16,1d,8546.75,8567.64,8459.3,8463.16,,-0.92,-0.9780325854857108,Nikkei 225 Historical Data.csv,True
NIKKEI225,2011-11-17,1d,8421.88,8491.82,8400.22,8479.63,,0.19,0.685713878611427,Nikkei 225 Historical Data.csv,True
NIKKEI225,2011-11-18,1d,8374.16,8398.8,8359.6,8374.91,,-1.23,0.008956122166292602,Nikkei 225 Historical Data.csv,True
NIKKEI225,2011-11-21,1d,8349.05,8375.6,8343.93,8348.27,,-0.32,-0.009342380270793704,Nikkei 225 Historical Data.csv,True
NIKKEI225,2011-11-22,1d,8263.86,8350.35,8261.01,8314.74,,-0.4,0.6156929086407414,Nikkei 225 Historical Data.csv,True
NIKKEI225,2011-11-24,1d,8189.42,8212.95,8157.39,8165.18,,-1.8,-0.29599165752886014,Nikkei 225 Historical Data.csv,True
NIKKEI225,2011-11-25,1d,8138.19,8199.67,8135.79,8160.01,,-0.06,0.2681185865653246,Nikkei 225 Historical Data.csv,True
NIKKEI225,2011-11-28,1d,8269.91,8322.01,8259.71,8287.49,,1.56,0.21257788778838993,Nikkei 225 Historical Data.csv,True
NIKKEI225,2011-11-29,1d,8371.01,8477.82,8351.38,8477.82,,2.3,1.2759511695721315,Nikkei 225 Historical Data.csv,True
NIKKEI225,2011-11-30,1d,8407.63,8435.34,8361.69,8434.61,,-0.51,0.3208989929385675,Nikkei 225 Historical Data.csv,True
NIKKEI225,2011-12-01,1d,8581.2,8653.88,8577.09,8597.38,,1.93,0.1885517177084628,Nikkei 225 Historical Data.csv,True
NIKKEI225,2011-12-02,1d,8603.23,8643.75,8591.93,8643.75,,0.54,0.47098589715723893,Nikkei 225 Historical Data.csv,True
NIKKEI225,2011-12-05,1d,8697.78,8704.48,8668.04,8695.98,,0.6,-0.0206949359491837,Nikkei 225 Historical Data.csv,True
NIKKEI225,2011-12-06,1d,8644.97,8671.54,8571.09,8575.16,,-1.39,-0.8075215992652263,Nikkei 225 Historical Data.csv,True
NIKKEI225,2011-12-07,1d,8629.19,8729.81,8614.21,8722.17,,1.71,1.077505536440837,Nikkei 225 Historical Data.csv,True
NIKKEI225,2011-12-08,1d,8664.35,8688.81,8625.19,8664.58,,-0.66,0.002654555737002795,Nikkei 225 Historical Data.csv,True
NIKKEI225,2011-12-09,1d,8521.33,8576.68,8503.03,8536.46,,-1.48,0.17755444279237143,Nikkei 225 Historical Data.csv,True
NIKKEI225,2011-12-12,1d,8652.98,8682.47,8633.35,8653.82,,1.37,0.009707638293399157,Nikkei 225 Historical Data.csv,True
NIKKEI225,2011-12-13,1d,8535.52,8594.32,8518.8,8552.81,,-1.17,0.20256528014694908,Nikkei 225 Historical Data.csv,True
NIKKEI225,2011-12-14,1d,8513.77,8540.57,8486.37,8519.13,,-0.39,0.06295683345918235,Nikkei 225 Historical Data.csv,True
NIKKEI225,2011-12-15,1d,8449.05,8455.32,8374.25,8377.37,,-1.66,-0.8483794036015735,Nikkei 225 Historical Data.csv,True
NIKKEI225,2011-12-16,1d,8416.21,8433.18,8390.98,8401.72,,0.29,-0.17216775722088684,Nikkei 225 Historical Data.csv,True
NIKKEI225,2011-12-19,1d,8363.39,8364.93,8272.26,8296.12,,-1.26,-0.80433891041789,Nikkei 225 Historical Data.csv,True
NIKKEI225,2011-12-20,1d,8318.03,8354.9,8317.73,8336.48,,0.49,0.22180732697525407,Nikkei 225 Historical Data.csv,True
NIKKEI225,2011-12-21,1d,8442.74,8471.11,8440.89,8459.98,,1.48,0.20419911071523078,Nikkei 225 Historical Data.csv,True
NIKKEI225,2011-12-22,1d,8429.54,8436.59,8383.96,8395.16,,-0.77,-0.4078514367332198,Nikkei 225 Historical Data.csv,True
NIKKEI225,2011-12-26,1d,8504.46,8516.53,8477.37,8479.34,,1.0,-0.29537442706532024,Nikkei 225 Historical Data.csv,True
NIKKEI225,2011-12-27,1d,8443.0,8458.26,8428.53,8440.56,,-0.46,-0.028899680208460676,Nikkei 225 Historical Data.csv,True
NIKKEI225,2011-12-28,1d,8426.09,8456.66,8414.9,8423.62,,-0.2,-0.029313714902157173,Nikkei 225 Historical Data.csv,True
NIKKEI225,2011-12-29,1d,8367.71,8404.89,8330.87,8398.89,,-0.29,0.37262285619363844,Nikkei 225 Historical Data.csv,True
NIKKEI225,2011-12-30,1d,8434.9,8455.35,8415.56,8455.35,,0.67,0.24244507937261073,Nikkei 225 Historical Data.csv,True
NIKKEI225,2012-01-04,1d,8549.54,8581.45,8547.7,8560.11,,1.24,0.12363238256092313,Nikkei 225 Historical Data.csv,True
NIKKEI225,2012-01-05,1d,8515.66,8519.16,8481.83,8488.71,,-0.83,-0.31647576347576534,Nikkei 225 Historical Data.csv,True
NIKKEI225,2012-01-06,1d,8488.98,8488.98,8349.33,8390.35,,-1.16,-1.1618592575315168,Nikkei 225 Historical Data.csv,True
NIKKEI225,2012-01-10,1d,8422.99,8450.59,8405.18,8422.26,,0.38,-0.00866675610441403,Nikkei 225 Historical Data.csv,True
NIKKEI225,2012-01-11,1d,8440.96,8463.72,8426.03,8447.88,,0.3,0.08198119645159707,Nikkei 225 Historical Data.csv,True
NIKKEI225,2012-01-12,1d,8423.1,8426.83,8360.33,8385.59,,-0.74,-0.4453229808502823,Nikkei 225 Historical Data.csv,True
NIKKEI225,2012-01-13,1d,8471.1,8509.76,8458.68,8500.02,,1.36,0.3413960406558836,Nikkei 225 Historical Data.csv,True
NIKKEI225,2012-01-16,1d,8409.79,8409.79,8352.23,8378.36,,-1.43,-0.3737310919773251,Nikkei 225 Historical Data.csv,True
NIKKEI225,2012-01-17,1d,8420.12,8475.66,8413.22,8466.4,,1.05,0.5496358721728267,Nikkei 225 Historical Data.csv,True
NIKKEI225,2012-01-18,1d,8458.29,8595.78,8446.09,8550.58,,0.99,1.0911188904612956,Nikkei 225 Historical Data.csv,True
NIKKEI225,2012-01-19,1d,8596.68,8668.94,8596.68,8639.68,,1.04,0.5001930978005387,Nikkei 225 Historical Data.csv,True
NIKKEI225,2012-01-20,1d,8751.18,8791.39,8725.32,8766.36,,1.47,0.17346232165262876,Nikkei 225 Historical Data.csv,True
NIKKEI225,2012-01-23,1d,8753.91,8795.27,8744.54,8765.9,,-0.01,0.13696736658246333,Nikkei 225 Historical Data.csv,True
NIKKEI225,2012-01-24,1d,8815.36,8825.09,8768.51,8785.33,,0.22,-0.3406554014810603,Nikkei 225 Historical Data.csv,True
NIKKEI225,2012-01-25,1d,8842.01,8911.62,8816.09,8883.69,,1.12,0.4713860310042728,Nikkei 225 Historical Data.csv,True
NIKKEI225,2012-01-26,1d,8890.49,8894.6,8834.93,8849.47,,-0.39,-0.4613918917855009,Nikkei 225 Historical Data.csv,True
NIKKEI225,2012-01-27,1d,8851.02,8886.02,8810.89,8841.22,,-0.09,-0.1107217021315221,Nikkei 225 Historical Data.csv,True
NIKKEI225,2012-01-30,1d,8803.79,8832.48,8774.23,8793.05,,-0.54,-0.12199291441529203,Nikkei 225 Historical Data.csv,True
NIKKEI225,2012-01-31,1d,8781.44,8836.68,8776.65,8802.51,,0.11,0.23993786895999403,Nikkei 225 Historical Data.csv,True
NIKKEI225,2012-02-01,1d,8789.06,8830.28,8780.1,8809.79,,0.08,0.235861400422821,Nikkei 225 Historical Data.csv,True
NIKKEI225,2012-02-02,1d,8865.28,8893.22,8849.25,8876.82,,0.76,0.1301707334680824,Nikkei 225 Historical Data.csv,True
NIKKEI225,2012-02-03,1d,8849.17,8877.57,8825.98,8831.93,,-0.51,-0.19482053119105336,Nikkei 225 Historical Data.csv,True
NIKKEI225,2012-02-06,1d,8939.99,8949.32,8916.94,8929.2,,1.1,-0.1206936473083231,Nikkei 225 Historical Data.csv,True
NIKKEI225,2012-02-07,1d,8904.16,8928.44,8887.19,8917.52,,-0.13,0.1500422274532509,Nikkei 225 Historical Data.csv,True
NIKKEI225,2012-02-08,1d,8971.88,9015.59,8956.78,9015.59,,1.1,0.48718886119745175,Nikkei 225 Historical Data.csv,True
NIKKEI225,2012-02-09,1d,8996.13,9018.49,8942.87,9002.24,,-0.15,0.06791809366917256,Nikkei 225 Historical Data.csv,True
NIKKEI225,2012-02-10,1d,9010.53,9016.97,8947.17,8947.17,,-0.61,-0.7031772825793925,Nikkei 225 Historical Data.csv,True
NIKKEI225,2012-02-13,1d,8954.03,9023.5,8948.54,8999.18,,0.58,0.5042422238924704,Nikkei 225 Historical Data.csv,True
NIKKEI225,2012-02-14,1d,8978.72,9072.08,8972.74,9052.07,,0.59,0.816931589357961,Nikkei 225 Historical Data.csv,True
NIKKEI225,2012-02-15,1d,9108.84,9314.37,9107.68,9260.34,,2.3,1.663219465925403,Nikkei 225 Historical Data.csv,True
NIKKEI225,2012-02-16,1d,9232.38,9308.93,9214.23,9238.1,,-0.24,0.061955855369921764,Nikkei 225 Historical Data.csv,True
NIKKEI225,2012-02-17,1d,9371.12,9435.03,9369.25,9384.17,,1.58,0.13925763409281533,Nikkei 225 Historical Data.csv,True
NIKKEI225,2012-02-20,1d,9534.03,9549.31,9462.67,9485.09,,1.08,-0.5133191315739527,Nikkei 225 Historical Data.csv,True
NIKKEI225,2012-02-21,1d,9458.68,9517.04,9440.41,9463.02,,-0.23,0.04588378082355238,Nikkei 225 Historical Data.csv,True
NIKKEI225,2012-02-22,1d,9459.74,9564.05,9442.58,9554.0,,0.96,0.9964333057779662,Nikkei 225 Historical Data.csv,True
NIKKEI225,2012-02-23,1d,9549.77,9609.84,9513.65,9595.57,,0.44,0.47959270223261186,Nikkei 225 Historical Data.csv,True
NIKKEI225,2012-02-24,1d,9594.85,9647.38,9576.21,9647.38,,0.54,0.5474812008525287,Nikkei 225 Historical Data.csv,True
NIKKEI225,2012-02-27,1d,9726.2,9736.11,9628.25,9633.93,,-0.14,-0.9486747136600138,Nikkei 225 Historical Data.csv,True
NIKKEI225,2012-02-28,1d,9567.12,9722.52,9528.77,9722.52,,0.92,1.6243132729598875,Nikkei 225 Historical Data.csv,True
NIKKEI225,2012-02-29,1d,9771.62,9866.41,9706.22,9723.24,,0.01,-0.4951072595946293,Nikkei 225 Historical Data.csv,True
NIKKEI225,2012-03-01,1d,9771.34,9865.75,9666.02,9707.37,,-0.16,-0.6546696768303994,Nikkei 225 Historical Data.csv,True
NIKKEI225,2012-03-02,1d,9797.05,9803.75,9729.24,9777.03,,0.72,-0.20434722697136865,Nikkei 225 Historical Data.csv,True
NIKKEI225,2012-03-05,1d,9756.98,9792.14,9673.75,9698.59,,-0.8,-0.5984433707971082,Nikkei 225 Historical Data.csv,True
NIKKEI225,2012-03-06,1d,9704.61,9732.89,9602.84,9637.63,,-0.63,-0.6901874469968483,Nikkei 225 Historical Data.csv,True
NIKKEI225,2012-03-07,1d,9509.1,9603.19,9509.1,9576.06,,-0.64,0.7041675868378672,Nikkei 225 Historical Data.csv,True
NIKKEI225,2012-03-08,1d,9674.94,9768.96,9659.15,9768.96,,2.01,0.9717889723346973,Nikkei 225 Historical Data.csv,True
NIKKEI225,2012-03-09,1d,9911.07,10007.62,9853.18,9929.74,,1.65,0.1883752208389211,Nikkei 225 Historical Data.csv,True
NIKKEI225,2012-03-12,1d,10015.92,10021.51,9889.86,9889.86,,-0.4,-1.2585963146670487,Nikkei 225 Historical Data.csv,True
NIKKEI225,2012-03-13,1d,9921.25,10011.88,9888.3,9899.08,,0.09,-0.22345974549577985,Nikkei 225 Historical Data.csv,True
NIKKEI225,2012-03-14,1d,10064.12,10115.79,10050.52,10050.52,,1.53,-0.13513352384511013,Nikkei 225 Historical Data.csv,True
NIKKEI225,2012-03-15,1d,10115.4,10158.74,10077.55,10123.28,,0.72,0.0779010222037746,Nikkei 225 Historical Data.csv,True
NIKKEI225,2012-03-16,1d,10110.57,10148.47,10090.09,10129.83,,0.06,0.19049371103707635,Nikkei 225 Historical Data.csv,True
NIKKEI225,2012-03-19,1d,10150.85,10172.64,10134.48,10141.99,,0.12,-0.08728333095258112,Nikkei 225 Historical Data.csv,True
NIKKEI225,2012-03-21,1d,10100.87,10132.02,10073.9,10086.49,,-0.55,-0.14236397458833316,Nikkei 225 Historical Data.csv,True
NIKKEI225,2012-03-22,1d,10055.16,10136.85,10052.5,10127.08,,0.4,0.7152546553212513,Nikkei 225 Historical Data.csv,True
NIKKEI225,2012-03-23,1d,10014.87,10031.96,9999.37,10011.47,,-1.14,-0.03394951706813254,Nikkei 225 Historical Data.csv,True
NIKKEI225,2012-03-26,1d,10040.1,10056.2,10016.05,10018.24,,0.07,-0.21772691507057074,Nikkei 225 Historical Data.csv,True
NIKKEI225,2012-03-27,1d,10152.9,10255.15,10152.25,10255.15,,2.36,1.007101419298917,Nikkei 225 Historical Data.csv,True
NIKKEI225,2012-03-28,1d,10153.51,10197.8,10124.28,10182.57,,-0.71,0.28620644486487823,Nikkei 225 Historical Data.csv,True
NIKKEI225,2012-03-29,1d,10134.78,10147.04,10084.77,10114.79,,-0.67,-0.1972415780115533,Nikkei 225 Historical Data.csv,True
NIKKEI225,2012-03-30,1d,10089.1,10111.09,10033.19,10083.56,,-0.31,-0.05491074525973971,Nikkei 225 Historical Data.csv,True
NIKKEI225,2012-04-02,1d,10161.72,10190.35,10109.87,10109.87,,0.26,-0.510248265057478,Nikkei 225 Historical Data.csv,True
NIKKEI225,2012-04-03,1d,10082.21,10084.07,10040.99,10050.39,,-0.59,-0.31560540794131065,Nikkei 225 Historical Data.csv,True
NIKKEI225,2012-04-04,1d,10045.88,10059.19,9819.99,9819.99,,-2.29,-2.2485834989070086,Nikkei 225 Historical Data.csv,True
NIKKEI225,2012-04-05,1d,9737.5,9806.4,9692.7,9767.61,,-0.53,0.30921694480103845,Nikkei 225 Historical Data.csv,True
NIKKEI225,2012-04-06,1d,9710.25,9739.59,9659.16,9688.45,,-0.81,-0.2245050333410492,Nikkei 225 Historical Data.csv,True
NIKKEI225,2012-04-09,1d,9565.31,9618.1,9535.33,9546.26,,-1.47,-0.1991571627056432,Nikkei 225 Historical Data.csv,True
NIKKEI225,2012-04-10,1d,9583.36,9648.12,9509.72,9538.02,,-0.09,-0.47311172699345816,Nikkei 225 Historical Data.csv,True
NIKKEI225,2012-04-11,1d,9398.6,9487.84,9388.14,9458.74,,-0.83,0.6398825356968008,Nikkei 225 Historical Data.csv,True
NIKKEI225,2012-04-12,1d,9486.19,9541.04,9449.49,9524.79,,0.7,0.4069073041969462,Nikkei 225 Historical Data.csv,True
NIKKEI225,2012-04-13,1d,9613.19,9690.29,9603.97,9637.99,,1.19,0.2579788810998185,Nikkei 225 Historical Data.csv,True
NIKKEI225,2012-04-16,1d,9522.7,9532.91,9464.49,9470.64,,-1.74,-0.5466936898148811,Nikkei 225 Historical Data.csv,True
NIKKEI225,2012-04-17,1d,9476.15,9519.8,9455.32,9464.71,,-0.06,-0.1207241337463083,Nikkei 225 Historical Data.csv,True
NIKKEI225,2012-04-18,1d,9594.3,9682.88,9594.3,9667.26,,2.14,0.7604515180888782,Nikkei 225 Historical Data.csv,True
NIKKEI225,2012-04-19,1d,9578.68,9617.93,9565.83,9588.38,,-0.82,0.10126656282491986,Nikkei 225 Historical Data.csv,True
NIKKEI225,2012-04-20,1d,9574.99,9580.87,9532.68,9561.36,,-0.28,-0.14235001812011872,Nikkei 225 Historical Data.csv,True
NIKKEI225,2012-04-23,1d,9599.2,9643.27,9520.98,9542.17,,-0.2,-0.5941120093341135,Nikkei 225 Historical Data.csv,True
NIKKEI225,2012-04-24,1d,9466.08,9510.7,9423.3,9468.04,,-0.78,0.020705508510387993,Nikkei 225 Historical Data.csv,True
NIKKEI225,2012-04-25,1d,9578.42,9582.73,9530.02,9561.01,,0.98,-0.1817627541911948,Nikkei 225 Historical Data.csv,True
NIKKEI225,2012-04-26,1d,9613.16,9630.97,9531.03,9561.83,,0.01,-0.5339555359528014,Nikkei 225 Historical Data.csv,True
NIKKEI225,2012-04-27,1d,9564.4,9691.7,9463.6,9520.89,,-0.43,-0.4549161473798691,Nikkei 225 Historical Data.csv,True
NIKKEI225,2012-05-01,1d,9471.66,9472.25,9332.79,9350.95,,-1.78,-1.2744334150507797,Nikkei 225 Historical Data.csv,True
NIKKEI225,2012-05-02,1d,9397.87,9417.96,9344.53,9380.25,,0.31,-0.187489292786569,Nikkei 225 Historical Data.csv,True
NIKKEI225,2012-05-07,1d,9198.17,9206.45,9109.01,9119.14,,-2.78,-0.8591926437541475,Nikkei 225 Historical Data.csv,True
NIKKEI225,2012-05-08,1d,9190.5,9207.56,9159.47,9181.65,,0.69,-0.09629508731843206,Nikkei 225 Historical Data.csv,True
NIKKEI225,2012-05-09,1d,9112.72,9115.94,9021.2,9045.06,,-1.49,-0.7424786452343568,Nikkei 225 Historical Data.csv,True
NIKKEI225,2012-05-10,1d,9013.26,9075.63,8985.9,9009.65,,-0.39,-0.04005210101561962,Nikkei 225 Historical Data.csv,True
NIKKEI225,2012-05-11,1d,9019.4,9050.61,8944.63,8953.31,,-0.63,-0.7327538417189583,Nikkei 225 Historical Data.csv,True
NIKKEI225,2012-05-14,1d,8986.22,9031.09,8947.82,8973.84,,0.23,-0.1377664913612131,Nikkei 225 Historical Data.csv,True
NIKKEI225,2012-05-15,1d,8910.85,8930.78,8838.78,8900.74,,-0.81,-0.11345718983037933,Nikkei 225 Historical Data.csv,True
NIKKEI225,2012-05-16,1d,8865.78,8883.73,8756.07,8801.17,,-1.12,-0.7287570862349435,Nikkei 225 Historical Data.csv,True
NIKKEI225,2012-05-17,1d,8789.47,8885.08,8765.71,8876.59,,0.86,0.9911860442097353,Nikkei 225 Historical Data.csv,True
NIKKEI225,2012-05-18,1d,8727.58,8735.54,8588.16,8611.31,,-2.99,-1.3322135116492828,Nikkei 225 Historical Data.csv,True
NIKKEI225,2012-05-21,1d,8617.92,8676.2,8608.62,8633.89,,0.26,0.18531153689056445,Nikkei 225 Historical Data.csv,True
NIKKEI225,2012-05-22,1d,8721.59,8740.48,8690.47,8729.29,,1.1,0.08828665415365755,Nikkei 225 Historical Data.csv,True
NIKKEI225,2012-05-23,1d,8715.14,8715.14,8538.69,8556.6,,-1.98,-1.8191331407183209,Nikkei 225 Historical Data.csv,True
NIKKEI225,2012-05-24,1d,8537.99,8597.85,8496.61,8563.38,,0.08,0.2973767830601659,Nikkei 225 Historical Data.csv,True
NIKKEI225,2012-05-25,1d,8616.85,8616.85,8550.93,8580.39,,0.2,-0.42312445963432754,Nikkei 225 Historical Data.csv,True
NIKKEI225,2012-05-28,1d,8604.99,8624.51,8568.87,8593.15,,0.15,-0.13759458174850137,Nikkei 225 Historical Data.csv,True
NIKKEI225,2012-05-29,1d,8565.56,8657.08,8517.18,8657.08,,0.74,1.0684648756181803,Nikkei 225 Historical Data.csv,True
NIKKEI225,2012-05-30,1d,8637.95,8656.71,8568.97,8633.19,,-0.28,-0.05510566743266443,Nikkei 225 Historical Data.csv,True
NIKKEI225,2012-05-31,1d,8499.68,8542.73,8455.13,8542.73,,-1.05,0.5064896560811549,Nikkei 225 Historical Data.csv,True
NIKKEI225,2012-06-01,1d,8465.47,8487.44,8422.5,8440.25,,-1.2,-0.2979161227905758,Nikkei 225 Historical Data.csv,True
NIKKEI225,2012-06-04,1d,8278.65,8303.35,8238.96,8295.63,,-1.71,0.2051059049482662,Nikkei 225 Historical Data.csv,True
NIKKEI225,2012-06-05,1d,8331.02,8388.14,8306.93,8382.0,,1.04,0.6119298717323973,Nikkei 225 Historical Data.csv,True
NIKKEI225,2012-06-06,1d,8428.36,8549.0,8412.55,8533.53,,1.81,1.2478109620376987,Nikkei 225 Historical Data.csv,True
NIKKEI225,2012-06-07,1d,8639.25,8647.79,8599.64,8639.72,,1.24,0.005440287061952986,Nikkei 225 Historical Data.csv,True
NIKKEI225,2012-06-08,1d,8609.78,8611.93,8427.2,8459.26,,-2.09,-1.7482444383015605,Nikkei 225 Historical Data.csv,True
NIKKEI225,2012-06-11,1d,8612.14,8665.8,8594.58,8624.9,,1.96,0.14816294207944392,Nikkei 225 Historical Data.csv,True
NIKKEI225,2012-06-12,1d,8478.78,8575.87,8452.5,8536.72,,-1.02,0.683353029563194,Nikkei 225 Historical Data.csv,True
NIKKEI225,2012-06-13,1d,8557.57,8615.89,8554.14,8587.84,,0.6,0.3537219093738164,Nikkei 225 Historical Data.csv,True
NIKKEI225,2012-06-14,1d,8531.4,8592.17,8520.99,8568.89,,-0.22,0.439435497104812,Nikkei 225 Historical Data.csv,True
NIKKEI225,2012-06-15,1d,8608.43,8625.19,8552.75,8569.32,,0.01,-0.4543221005456344,Nikkei 225 Historical Data.csv,True
NIKKEI225,2012-06-18,1d,8723.55,8766.56,8711.49,8721.02,,1.77,-0.029001954479523917,Nikkei 225 Historical Data.csv,True
NIKKEI225,2012-06-19,1d,8692.82,8712.86,8630.66,8655.87,,-0.75,-0.4250634431634204,Nikkei 225 Historical Data.csv,True
NIKKEI225,2012-06-20,1d,8739.1,8770.41,8711.22,8752.31,,1.11,0.15115973040700226,Nikkei 225 Historical Data.csv,True
NIKKEI225,2012-06-21,1d,8794.03,8859.04,8790.86,8824.07,,0.82,0.3415953777733183,Nikkei 225 Historical Data.csv,True
NIKKEI225,2012-06-22,1d,8733.5,8830.34,8731.79,8798.35,,-0.29,0.7425430812389111,Nikkei 225 Historical Data.csv,True
NIKKEI225,2012-06-25,1d,8837.83,8837.83,8726.4,8734.62,,-0.72,-1.1678206075473208,Nikkei 225 Historical Data.csv,True
NIKKEI225,2012-06-26,1d,8671.61,8712.68,8619.36,8663.99,,-0.81,-0.08787295554113506,Nikkei 225 Historical Data.csv,True
NIKKEI225,2012-06-27,1d,8677.76,8730.49,8641.52,8730.49,,0.77,0.6076452909506536,Nikkei 225 Historical Data.csv,True
NIKKEI225,2012-06-28,1d,8816.07,8881.44,8805.65,8874.11,,1.65,0.6583432300333536,Nikkei 225 Historical Data.csv,True
NIKKEI225,2012-06-29,1d,8811.46,9044.04,8803.33,9006.78,,1.5,2.216658760296264,Nikkei 225 Historical Data.csv,True
NIKKEI225,2012-07-02,1d,9103.79,9103.79,9003.48,9003.48,,-0.04,-1.1018487904488228,Nikkei 225 Historical Data.csv,True
NIKKEI225,2012-07-03,1d,9013.65,9082.39,9012.86,9066.59,,0.7,0.5873314362106363,Nikkei 225 Historical Data.csv,True
NIKKEI225,2012-07-04,1d,9119.69,9136.02,9095.31,9104.17,,0.41,-0.17018122326526441,Nikkei 225 Historical Data.csv,True
NIKKEI225,2012-07-05,1d,9078.46,9130.54,9069.01,9079.8,,-0.27,0.014760212635178682,Nikkei 225 Historical Data.csv,True
NIKKEI225,2012-07-06,1d,9052.7,9082.04,8977.35,9020.75,,-0.65,-0.35293337899191535,Nikkei 225 Historical Data.csv,True
NIKKEI225,2012-07-09,1d,8922.99,8954.44,8892.17,8896.88,,-1.37,-0.29261491943844975,Nikkei 225 Historical Data.csv,True
NIKKEI225,2012-07-10,1d,8922.03,8966.99,8855.93,8857.73,,-0.44,-0.7206880048598929,Nikkei 225 Historical Data.csv,True
NIKKEI225,2012-07-11,1d,8819.04,8851.0,8797.73,8851.0,,-0.08,0.3623977212939167,Nikkei 225 Historical Data.csv,True
NIKKEI225,2012-07-12,1d,8859.39,8862.8,8709.75,8720.01,,-1.48,-1.5732460135517101,Nikkei 225 Historical Data.csv,True
NIKKEI225,2012-07-13,1d,8701.35,8759.06,8695.44,8724.12,,0.05,0.2616835318657529,Nikkei 225 Historical Data.csv,True
NIKKEI225,2012-07-17,1d,8740.98,8808.87,8711.73,8755.0,,0.35,0.16039391464115482,Nikkei 225 Historical Data.csv,True
NIKKEI225,2012-07-18,1d,8796.15,8802.09,8715.14,8726.74,,-0.32,-0.7890952291627618,Nikkei 225 Historical Data.csv,True
NIKKEI225,2012-07-19,1d,8795.0,8835.8,8771.19,8795.55,,0.79,0.006253553155199931,Nikkei 225 Historical Data.csv,True
NIKKEI225,2012-07-20,1d,8785.87,8792.19,8662.72,8669.87,,-1.43,-1.3203018027810542,Nikkei 225 Historical Data.csv,True
NIKKEI225,2012-07-23,1d,8582.28,8606.23,8500.27,8508.32,,-1.86,-0.861775658682784,Nikkei 225 Historical Data.csv,True
NIKKEI225,2012-07-24,1d,8497.99,8517.52,8446.18,8488.09,,-0.24,-0.11649813661818165,Nikkei 225 Historical Data.csv,True
NIKKEI225,2012-07-25,1d,8410.98,8433.58,8328.02,8365.9,,-1.44,-0.5359660824303503,Nikkei 225 Historical Data.csv,True
NIKKEI225,2012-07-26,1d,8408.22,8448.55,8358.51,8443.1,,0.92,0.4148321523461673,Nikkei 225 Historical Data.csv,True
NIKKEI225,2012-07-27,1d,8547.34,8569.09,8522.74,8566.64,,1.46,0.22580124342777008,Nikkei 225 Historical Data.csv,True
NIKKEI225,2012-07-30,1d,8658.83,8663.3,8589.19,8635.44,,0.8,-0.2701288742243402,Nikkei 225 Historical Data.csv,True
NIKKEI225,2012-07-31,1d,8600.92,8732.84,8585.26,8695.06,,0.69,1.0945340730991404,Nikkei 225 Historical Data.csv,True
NIKKEI225,2012-08-01,1d,8622.04,8654.61,8578.16,8641.85,,-0.61,0.22976001039196614,Nikkei 225 Historical Data.csv,True
NIKKEI225,2012-08-02,1d,8642.89,8705.91,8635.51,8653.18,,0.13,0.11905739862476672,Nikkei 225 Historical Data.csv,True
NIKKEI225,2012-08-03,1d,8539.71,8565.06,8513.2,8555.11,,-1.13,0.18033399260632965,Nikkei 225 Historical Data.csv,True
NIKKEI225,2012-08-06,1d,8683.2,8751.8,8676.25,8726.29,,2.0,0.4962456237331825,Nikkei 225 Historical Data.csv,True
NIKKEI225,2012-08-07,1d,8714.12,8812.42,8711.9,8803.31,,0.88,1.0235112667716262,Nikkei 225 Historical Data.csv,True
NIKKEI225,2012-08-08,1d,8889.38,8962.95,8851.59,8881.16,,0.88,-0.09246989103851577,Nikkei 225 Historical Data.csv,True
NIKKEI225,2012-08-09,1d,8870.81,9004.81,8862.17,8978.6,,1.1,1.2151088795724574,Nikkei 225 Historical Data.csv,True
NIKKEI225,2012-08-10,1d,8931.92,8954.85,8857.23,8891.44,,-0.97,-0.45320602961065326,Nikkei 225 Historical Data.csv,True
NIKKEI225,2012-08-13,1d,8871.68,8906.21,8867.63,8885.15,,-0.07,0.15183144567882945,Nikkei 225 Historical Data.csv,True
NIKKEI225,2012-08-14,1d,8913.7,8970.99,8897.87,8929.88,,0.5,0.18151833694199926,Nikkei 225 Historical Data.csv,True
NIKKEI225,2012-08-15,1d,8960.28,8960.28,8866.06,8925.04,,-0.05,-0.39329128107603584,Nikkei 225 Historical Data.csv,True
NIKKEI225,2012-08-16,1d,8967.11,9094.09,8962.97,9092.76,,1.88,1.4012318350059338,Nikkei 225 Historical Data.csv,True
NIKKEI225,2012-08-17,1d,9120.22,9181.57,9097.0,9162.5,,0.77,0.4635853082491481,Nikkei 225 Historical Data.csv,True
NIKKEI225,2012-08-20,1d,9202.36,9222.87,9150.79,9171.16,,0.09,-0.3390434627639105,Nikkei 225 Historical Data.csv,True
NIKKEI225,2012-08-21,1d,9165.15,9196.67,9146.07,9156.92,,-0.16,-0.08979667544993797,Nikkei 225 Historical Data.csv,True
NIKKEI225,2012-08-22,1d,9150.69,9162.97,9075.08,9131.74,,-0.27,-0.20708820864875355,Nikkei 225 Historical Data.csv,True
NIKKEI225,2012-08-23,1d,9080.67,9194.47,9062.54,9178.12,,0.51,1.0731586986422847,Nikkei 225 Historical Data.csv,True
NIKKEI225,2012-08-24,1d,9069.95,9090.67,9045.79,9070.76,,-1.17,0.008930589474021033,Nikkei 225 Historical Data.csv,True
NIKKEI225,2012-08-27,1d,9140.41,9150.48,9084.87,9085.39,,0.16,-0.6019423636357768,Nikkei 225 Historical Data.csv,True
NIKKEI225,2012-08-28,1d,9138.51,9140.62,8988.99,9033.29,,-0.57,-1.151391200534868,Nikkei 225 Historical Data.csv,True
NIKKEI225,2012-08-29,1d,9045.73,9073.99,9033.83,9069.81,,0.4,0.2662029487946249,Nikkei 225 Historical Data.csv,True
NIKKEI225,2012-08-30,1d,9062.07,9062.07,8960.24,8983.78,,-0.95,-0.8639306471920793,Nikkei 225 Historical Data.csv,True
NIKKEI225,2012-08-31,1d,8891.75,8933.99,8839.91,8839.91,,-1.6,-0.5830123429021339,Nikkei 225 Historical Data.csv,True
NIKKEI225,2012-09-03,1d,8836.61,8893.39,8773.4,8783.89,,-0.63,-0.596608880554883,Nikkei 225 Historical Data.csv,True
NIKKEI225,2012-09-04,1d,8787.97,8804.44,8729.22,8775.51,,-0.1,-0.14178473526876845,Nikkei 225 Historical Data.csv,True
NIKKEI225,2012-09-05,1d,8756.59,8759.26,8679.82,8679.82,,-1.09,-0.8767111398386818,Nikkei 225 Historical Data.csv,True
NIKKEI225,2012-09-06,1d,8690.34,8697.0,8646.03,8680.57,,0.01,-0.11242367962588373,Nikkei 225 Historical Data.csv,True
NIKKEI225,2012-09-07,1d,8821.37,8871.65,8804.27,8871.65,,2.2,0.5699794929812319,Nikkei 225 Historical Data.csv,True
NIKKEI225,2012-09-10,1d,8853.19,8874.54,8838.18,8869.37,,-0.03,0.18275898292028359,Nikkei 225 Historical Data.csv,True
NIKKEI225,2012-09-11,1d,8811.33,8814.03,8769.47,8807.38,,-0.7,-0.0448286467536807,Nikkei 225 Historical Data.csv,True
NIKKEI225,2012-09-12,1d,8827.21,8959.96,8821.8,8959.96,,1.73,1.5038726845741701,Nikkei 225 Historical Data.csv,True
NIKKEI225,2012-09-13,1d,8950.01,9022.2,8932.1,8995.15,,0.39,0.504356978372078,Nikkei 225 Historical Data.csv,True
NIKKEI225,2012-09-14,1d,9097.92,9193.27,9081.8,9159.39,,1.83,0.6756489395378207,Nikkei 225 Historical Data.csv,True
NIKKEI225,2012-09-18,1d,9155.49,9180.44,9120.61,9123.77,,-0.39,-0.3464587913918238,Nikkei 225 Historical Data.csv,True
NIKKEI225,2012-09-19,1d,9166.52,9288.53,9140.75,9232.21,,1.19,0.7166296478925416,Nikkei 225 Historical Data.csv,True
NIKKEI225,2012-09-20,1d,9174.19,9215.57,9079.19,9086.98,,-1.57,-0.9506016334957179,Nikkei 225 Historical Data.csv,True
NIKKEI225,2012-09-21,1d,9113.3,9159.33,9103.95,9110.0,,0.25,-0.03621081276814486,Nikkei 225 Historical Data.csv,True
NIKKEI225,2012-09-24,1d,9071.32,9091.97,9031.13,9069.29,,-0.45,-0.022378220589713838,Nikkei 225 Historical Data.csv,True
NIKKEI225,2012-09-25,1d,9031.37,9112.54,9023.63,9091.54,,0.25,0.6662333621587857,Nikkei 225 Historical Data.csv,True
NIKKEI225,2012-09-26,1d,8941.75,8971.75,8894.02,8906.7,,-2.03,-0.391981435401334,Nikkei 225 Historical Data.csv,True
NIKKEI225,2012-09-27,1d,8856.31,8959.25,8844.06,8949.87,,0.48,1.056421918383621,Nikkei 225 Historical Data.csv,True
NIKKEI225,2012-09-28,1d,8986.63,8989.08,8838.85,8870.16,,-0.89,-1.2960364452525464,Nikkei 225 Historical Data.csv,True
NIKKEI225,2012-10-01,1d,8815.07,8829.35,8759.07,8796.51,,-0.83,-0.21054852655735257,Nikkei 225 Historical Data.csv,True
NIKKEI225,2012-10-02,1d,8826.36,8843.33,8774.75,8786.05,,-0.12,-0.45670015725622903,Nikkei 225 Historical Data.csv,True
NIKKEI225,2012-10-03,1d,8778.26,8806.75,8729.56,8746.87,,-0.45,-0.35758795023158596,Nikkei 225 Historical Data.csv,True
NIKKEI225,2012-10-04,1d,8783.13,8865.92,8738.31,8824.59,,0.89,0.47204128824236413,Nikkei 225 Historical Data.csv,True
NIKKEI225,2012-10-05,1d,8850.29,8880.23,8805.79,8863.3,,0.44,0.14700083274106213,Nikkei 225 Historical Data.csv,True
NIKKEI225,2012-10-09,1d,8822.39,8840.69,8765.55,8769.59,,-1.06,-0.5984772833665164,Nikkei 225 Historical Data.csv,True
NIKKEI225,2012-10-10,1d,8650.55,8660.68,8578.25,8596.23,,-1.98,-0.6279369519857081,Nikkei 225 Historical Data.csv,True
NIKKEI225,2012-10-11,1d,8514.63,8607.42,8514.63,8546.78,,-0.58,0.3775854030063641,Nikkei 225 Historical Data.csv,True
NIKKEI225,2012-10-12,1d,8607.7,8620.18,8516.11,8534.12,,-0.15,-0.8548160368042512,Nikkei 225 Historical Data.csv,True
NIKKEI225,2012-10-15,1d,8517.77,8595.11,8488.14,8577.93,,0.51,0.7062881481890271,Nikkei 225 Historical Data.csv,True
NIKKEI225,2012-10-16,1d,8638.68,8707.95,8633.68,8701.31,,1.44,0.7249950223876755,Nikkei 225 Historical Data.csv,True
NIKKEI225,2012-10-17,1d,8777.39,8837.19,8758.7,8806.55,,1.21,0.3322172080766572,Nikkei 225 Historical Data.csv,True
NIKKEI225,2012-10-18,1d,8886.56,8992.36,8877.17,8982.86,,2.0,1.0836589186366874,Nikkei 225 Historical Data.csv,True
NIKKEI225,2012-10-19,1d,8944.03,9016.9,8940.38,9002.68,,0.22,0.655744669908298,Nikkei 225 Historical Data.csv,True
NIKKEI225,2012-10-22,1d,8874.52,9031.55,8867.79,9010.71,,0.09,1.534618210337002,Nikkei 225 Historical Data.csv,True
NIKKEI225,2012-10-23,1d,9066.03,9075.58,8970.5,9014.25,,0.04,-0.5711430471772139,Nikkei 225 Historical Data.csv,True
NIKKEI225,2012-10-24,1d,8896.41,9043.8,8896.41,8954.3,,-0.67,0.6507119163797537,Nikkei 225 Historical Data.csv,True
NIKKEI225,2012-10-25,1d,8952.13,9057.31,8941.85,9055.2,,1.13,1.1513461042232498,Nikkei 225 Historical Data.csv,True
NIKKEI225,2012-10-26,1d,9058.93,9075.59,8933.06,8933.06,,-1.35,-1.3894576953348836,Nikkei 225 Historical Data.csv,True
NIKKEI225,2012-10-29,1d,8958.79,8986.05,8909.37,8929.34,,-0.04,-0.32872742859249016,Nikkei 225 Historical Data.csv,True
NIKKEI225,2012-10-30,1d,8941.82,8995.81,8841.98,8841.98,,-0.98,-1.1165512166427027,Nikkei 225 Historical Data.csv,True
NIKKEI225,2012-10-31,1d,8911.08,8985.58,8905.44,8928.29,,0.98,0.19313035008103885,Nikkei 225 Historical Data.csv,True
NIKKEI225,2012-11-01,1d,8931.71,8976.08,8871.48,8946.87,,0.21,0.1697323356893765,Nikkei 225 Historical Data.csv,True
NIKKEI225,2012-11-02,1d,9049.22,9072.39,9031.43,9051.22,,1.17,0.0221013523817426,Nikkei 225 Historical Data.csv,True
NIKKEI225,2012-11-05,1d,9000.81,9040.18,8984.69,9007.44,,-0.48,0.07366003726332337,Nikkei 225 Historical Data.csv,True
NIKKEI225,2012-11-06,1d,8989.58,8990.35,8957.49,8975.15,,-0.36,-0.1605191788715432,Nikkei 225 Historical Data.csv,True
NIKKEI225,2012-11-07,1d,9030.56,9032.32,8924.41,8972.89,,-0.03,-0.6386093442710128,Nikkei 225 Historical Data.csv,True
NIKKEI225,2012-11-08,1d,8868.42,8891.08,8811.41,8837.15,,-1.51,-0.35259944837976454,Nikkei 225 Historical Data.csv,True
NIKKEI225,2012-11-09,1d,8742.68,8779.24,8729.45,8757.6,,-0.9,0.17065705252852226,Nikkei 225 Historical Data.csv,True
NIKKEI225,2012-11-12,1d,8701.28,8728.85,8676.44,8676.44,,-0.93,-0.2854752404244043,Nikkei 225 Historical Data.csv,True
NIKKEI225,2012-11-13,1d,8710.52,8723.46,8619.45,8661.05,,-0.18,-0.5679339465382238,Nikkei 225 Historical Data.csv,True
NIKKEI225,2012-11-14,1d,8660.27,8680.4,8653.49,8664.73,,0.04,0.05149954909025034,Nikkei 225 Historical Data.csv,True
NIKKEI225,2012-11-15,1d,8703.82,8829.72,8684.23,8829.72,,1.9,1.4464913107118393,Nikkei 225 Historical Data.csv,True
NIKKEI225,2012-11-16,1d,8898.33,9032.35,8898.33,9024.16,,2.2,1.414085564369949,Nikkei 225 Historical Data.csv,True
NIKKEI225,2012-11-19,1d,9141.27,9183.46,9135.29,9153.2,,1.43,0.13050703020478505,Nikkei 225 Historical Data.csv,True
NIKKEI225,2012-11-20,1d,9198.42,9200.85,9129.43,9142.64,,-0.12,-0.6064084918931845,Nikkei 225 Historical Data.csv,True
NIKKEI225,2012-11-21,1d,9213.73,9248.98,9161.21,9222.52,,0.87,0.09540110248511535,Nikkei 225 Historical Data.csv,True
NIKKEI225,2012-11-22,1d,9336.32,9366.8,9304.72,9366.8,,1.56,0.3264669591444891,Nikkei 225 Historical Data.csv,True
NIKKEI225,2012-11-26,1d,9466.06,9487.94,9388.94,9388.94,,0.24,-0.8147000969780382,Nikkei 225 Historical Data.csv,True
NIKKEI225,2012-11-27,1d,9371.13,9449.72,9370.59,9423.3,,0.37,0.5567098098094858,Nikkei 225 Historical Data.csv,True
NIKKEI225,2012-11-28,1d,9375.48,9407.62,9308.35,9308.35,,-1.22,-0.7160166732796514,Nikkei 225 Historical Data.csv,True
NIKKEI225,2012-11-29,1d,9370.29,9412.08,9350.4,9400.88,,0.99,0.32645734550369454,Nikkei 225 Historical Data.csv,True
NIKKEI225,2012-11-30,1d,9446.77,9492.91,9380.25,9446.01,,0.48,-0.008045077841423165,Nikkei 225 Historical Data.csv,True
NIKKEI225,2012-12-03,1d,9484.2,9525.82,9453.48,9458.18,,0.13,-0.27435102591679694,Nikkei 225 Historical Data.csv,True
NIKKEI225,2012-12-04,1d,9419.15,9457.19,9406.03,9432.46,,-0.27,0.14130786748272062,Nikkei 225 Historical Data.csv,True
NIKKEI225,2012-12-05,1d,9380.37,9515.86,9376.97,9468.84,,0.39,0.9431397695399912,Nikkei 225 Historical Data.csv,True
NIKKEI225,2012-12-06,1d,9535.69,9565.43,9503.31,9545.16,,0.81,0.09931111435039774,Nikkei 225 Historical Data.csv,True
NIKKEI225,2012-12-07,1d,9547.14,9572.75,9522.13,9527.39,,-0.19,-0.20686823488500483,Nikkei 225 Historical Data.csv,True
NIKKEI225,2012-12-10,1d,9584.46,9584.46,9517.4,9533.75,,0.07,-0.5290856240205422,Nikkei 225 Historical Data.csv,True
NIKKEI225,2012-12-11,1d,9510.6,9534.18,9487.95,9525.32,,-0.09,0.15477467247071441,Nikkei 225 Historical Data.csv,True
NIKKEI225,2012-12-12,1d,9606.25,9606.25,9565.95,9581.46,,0.59,-0.258061158100209,Nikkei 225 Historical Data.csv,True
NIKKEI225,2012-12-13,1d,9681.2,9767.05,9672.47,9742.73,,1.68,0.635561707226362,Nikkei 225 Historical Data.csv,True
NIKKEI225,2012-12-14,1d,9703.56,9775.75,9687.7,9737.56,,-0.05,0.35038686832462584,Nikkei 225 Historical Data.csv,True
NIKKEI225,2012-12-17,1d,9895.68,9903.35,9826.3,9828.88,,0.94,-0.6750420385461253,Nikkei 225 Historical Data.csv,True
NIKKEI225,2012-12-18,1d,9848.87,9967.24,9848.87,9923.01,,0.96,0.7527767144860142,Nikkei 225 Historical Data.csv,True
NIKKEI225,2012-12-19,1d,10025.4,10160.4,10016.98,10160.4,,2.39,1.3465796875935077,Nikkei 225 Historical Data.csv,True
NIKKEI225,2012-12-20,1d,10093.11,10147.68,10028.65,10039.33,,-1.19,-0.5328387385057809,Nikkei 225 Historical Data.csv,True
NIKKEI225,2012-12-21,1d,10145.58,10175.06,9924.42,9940.06,,-0.99,-2.025709717926427,Nikkei 225 Historical Data.csv,True
NIKKEI225,2012-12-25,1d,10092.35,10119.35,10030.44,10080.12,,1.41,-0.12118089443984292,Nikkei 225 Historical Data.csv,True
NIKKEI225,2012-12-26,1d,10131.22,10230.36,10107.34,10230.36,,1.49,0.9785593442843243,Nikkei 225 Historical Data.csv,True
NIKKEI225,2012-12-27,1d,10295.26,10376.39,10288.85,10322.98,,0.91,0.2692501209294207,Nikkei 225 Historical Data.csv,True
NIKKEI225,2012-12-28,1d,10406.36,10433.63,10374.85,10395.18,,0.7,-0.1074342997935851,Nikkei 225 Historical Data.csv,True
NIKKEI225,2013-01-04,1d,10604.5,10734.23,10602.24,10688.11,,2.82,0.7884388702909195,Nikkei 225 Historical Data.csv,True
NIKKEI225,2013-01-07,1d,10743.69,10743.69,10589.7,10599.01,,-0.83,-1.3466509178876152,Nikkei 225 Historical Data.csv,True
NIKKEI225,2013-01-08,1d,10544.21,10602.12,10463.43,10508.06,,-0.86,-0.3428421854268837,Nikkei 225 Historical Data.csv,True
NIKKEI225,2013-01-09,1d,10405.67,10620.7,10398.61,10578.57,,0.67,1.6615941116718158,Nikkei 225 Historical Data.csv,True
NIKKEI225,2013-01-10,1d,10635.11,10686.12,10619.65,10652.64,,0.7,0.16483139337533093,Nikkei 225 Historical Data.csv,True
NIKKEI225,2013-01-11,1d,10786.14,10830.43,10748.06,10801.57,,1.4,0.1430539562809363,Nikkei 225 Historical Data.csv,True
NIKKEI225,2013-01-15,1d,10914.65,10952.31,10851.66,10879.08,,0.72,-0.3258922640670958,Nikkei 225 Historical Data.csv,True
NIKKEI225,2013-01-16,1d,10806.41,10806.41,10591.3,10600.44,,-2.56,-1.9059983842922845,Nikkei 225 Historical Data.csv,True
NIKKEI225,2013-01-17,1d,10660.94,10694.85,10432.97,10609.64,,0.09,-0.48119584201768983,Nikkei 225 Historical Data.csv,True
NIKKEI225,2013-01-18,1d,10791.97,10913.3,10787.12,10913.3,,2.86,1.124261835420226,Nikkei 225 Historical Data.csv,True
NIKKEI225,2013-01-21,1d,10941.45,10941.45,10747.74,10747.74,,-1.52,-1.7704234813484598,Nikkei 225 Historical Data.csv,True
NIKKEI225,2013-01-22,1d,10765.1,10859.42,10615.2,10709.93,,-0.35,-0.5124894334469721,Nikkei 225 Historical Data.csv,True
NIKKEI225,2013-01-23,1d,10575.6,10663.09,10486.99,10486.99,,-2.08,-0.8378720829078312,Nikkei 225 Historical Data.csv,True
NIKKEI225,2013-01-24,1d,10441.11,10634.74,10441.11,10620.87,,1.28,1.7216560308243034,Nikkei 225 Historical Data.csv,True
NIKKEI225,2013-01-25,1d,10797.3,10926.65,10790.95,10926.65,,2.88,1.197984681355524,Nikkei 225 Historical Data.csv,True
NIKKEI225,2013-01-28,1d,11002.86,11002.86,10824.31,10824.31,,-0.94,-1.6227599006076732,Nikkei 225 Historical Data.csv,True
NIKKEI225,2013-01-29,1d,10751.01,10937.63,10751.01,10866.72,,0.39,1.076270973610849,Nikkei 225 Historical Data.csv,True
NIKKEI225,2013-01-30,1d,10913.97,11113.95,10905.64,11113.95,,2.28,1.832330490188272,Nikkei 225 Historical Data.csv,True
NIKKEI225,2013-01-31,1d,11057.5,11145.38,11007.77,11138.66,,0.22,0.7339814605471284,Nikkei 225 Historical Data.csv,True
NIKKEI225,2013-02-01,1d,11193.72,11237.84,11142.26,11191.34,,0.47,-0.021261921863324762,Nikkei 225 Historical Data.csv,True
NIKKEI225,2013-02-04,1d,11254.16,11285.49,11194.74,11260.35,,0.62,0.05500188374787385,Nikkei 225 Historical Data.csv,True
NIKKEI225,2013-02-05,1d,11105.24,11170.85,11046.92,11046.92,,-1.9,-0.5251574932194192,Nikkei 225 Historical Data.csv,True
NIKKEI225,2013-02-06,1d,11236.7,11498.42,11232.05,11463.75,,3.77,2.020611033488473,Nikkei 225 Historical Data.csv,True
NIKKEI225,2013-02-07,1d,11406.32,11446.81,11295.62,11357.07,,-0.93,-0.4317781721010827,Nikkei 225 Historical Data.csv,True
NIKKEI225,2013-02-08,1d,11179.97,11299.71,11135.89,11153.16,,-1.8,-0.23980386351661886,Nikkei 225 Historical Data.csv,True
NIKKEI225,2013-02-12,1d,11346.72,11460.64,11343.44,11369.12,,1.94,0.19741387819565137,Nikkei 225 Historical Data.csv,True
NIKKEI225,2013-02-13,1d,11333.72,11365.27,11196.66,11251.41,,-1.04,-0.7262399282847998,Nikkei 225 Historical Data.csv,True
NIKKEI225,2013-02-14,1d,11273.4,11356.54,11243.49,11307.28,,0.5,0.3005304522149643,Nikkei 225 Historical Data.csv,True
NIKKEI225,2013-02-15,1d,11239.21,11261.58,11065.06,11173.83,,-1.18,-0.5817134834209758,Nikkei 225 Historical Data.csv,True
NIKKEI225,2013-02-18,1d,11318.22,11445.46,11308.83,11407.87,,2.09,0.7920856813173893,Nikkei 225 Historical Data.csv,True
NIKKEI225,2013-02-19,1d,11336.45,11412.86,11336.45,11372.34,,-0.31,0.3165894085009002,Nikkei 225 Historical Data.csv,True
NIKKEI225,2013-02-20,1d,11485.65,11510.52,11440.1,11468.28,,0.84,-0.1512321897323976,Nikkei 225 Historical Data.csv,True
NIKKEI225,2013-02-21,1d,11404.73,11442.11,11301.77,11309.13,,-1.39,-0.8382486915516685,Nikkei 225 Historical Data.csv,True
NIKKEI225,2013-02-22,1d,11238.75,11390.65,11175.67,11385.94,,0.68,1.3096652207763348,Nikkei 225 Historical Data.csv,True
NIKKEI225,2013-02-25,1d,11564.55,11662.52,11562.1,11662.52,,2.43,0.8471579093004111,Nikkei 225 Historical Data.csv,True
NIKKEI225,2013-02-26,1d,11449.66,11520.24,11374.83,11398.81,,-2.26,-0.4441179912766047,Nikkei 225 Historical Data.csv,True
NIKKEI225,2013-02-27,1d,11418.56,11419.62,11253.97,11253.97,,-1.27,-1.4414251884650953,Nikkei 225 Historical Data.csv,True
NIKKEI225,2013-02-28,1d,11396.73,11563.75,11392.56,11559.36,,2.71,1.4269882676873236,Nikkei 225 Historical Data.csv,True
NIKKEI225,2013-03-01,1d,11464.71,11648.63,11464.71,11606.38,,0.41,1.235705046180846,Nikkei 225 Historical Data.csv,True
NIKKEI225,2013-03-04,1d,11695.45,11767.68,11613.59,11652.29,,0.4,-0.36903240148946637,Nikkei 225 Historical Data.csv,True
NIKKEI225,2013-03-05,1d,11732.57,11779.42,11666.38,11683.45,,0.27,-0.41866360055810015,Nikkei 225 Historical Data.csv,True
NIKKEI225,2013-03-06,1d,11811.06,11933.82,11803.09,11932.27,,2.13,1.0262415058428287,Nikkei 225 Historical Data.csv,True
NIKKEI225,2013-03-07,1d,12037.25,12069.6,11946.01,11968.08,,0.3,-0.5746329103408221,Nikkei 225 Historical Data.csv,True
NIKKEI225,2013-03-08,1d,12066.5,12283.62,12065.09,12283.62,,2.64,1.7993618696390934,Nikkei 225 Historical Data.csv,True
NIKKEI225,2013-03-11,1d,12363.09,12403.95,12300.83,12349.05,,0.53,-0.11356384204920245,Nikkei 225 Historical Data.csv,True
NIKKEI225,2013-03-12,1d,12433.6,12461.97,12314.81,12314.81,,-0.28,-0.955395058551034,Nikkei 225 Historical Data.csv,True
NIKKEI225,2013-03-13,1d,12252.29,12339.45,12234.48,12239.66,,-0.61,-0.10308277064940974,Nikkei 225 Historical Data.csv,True
NIKKEI225,2013-03-14,1d,12332.16,12395.73,12248.65,12381.19,,1.16,0.3975783642119479,Nikkei 225 Historical Data.csv,True
NIKKEI225,2013-03-15,1d,12437.68,12560.95,12434.47,12560.95,,1.45,0.991101234313807,Nikkei 225 Historical Data.csv,True
NIKKEI225,2013-03-18,1d,12365.44,12373.17,12220.63,12220.63,,-2.71,-1.1710865120853065,Nikkei 225 Historical Data.csv,True
NIKKEI225,2013-03-19,1d,12405.61,12491.16,12401.12,12468.23,,2.03,0.5047716315440987,Nikkei 225 Historical Data.csv,True
NIKKEI225,2013-03-21,1d,12592.0,12650.26,12586.06,12635.69,,1.34,0.3469663278272028,Nikkei 225 Historical Data.csv,True
NIKKEI225,2013-03-22,1d,12498.51,12522.05,12338.53,12338.53,,-2.35,-1.2799925751149521,Nikkei 225 Historical Data.csv,True
NIKKEI225,2013-03-25,1d,12507.61,12594.36,12480.42,12546.46,,1.69,0.3106109000840185,Nikkei 225 Historical Data.csv,True
NIKKEI225,2013-03-26,1d,12461.79,12540.12,12456.04,12471.62,,-0.6,0.07888112381928547,Nikkei 225 Historical Data.csv,True
NIKKEI225,2013-03-27,1d,12476.58,12502.26,12442.39,12493.79,,0.18,0.1379384414639251,Nikkei 225 Historical Data.csv,True
NIKKEI225,2013-03-28,1d,12457.13,12462.86,12286.37,12335.96,,-1.26,-0.9726959580577565,Nikkei 225 Historical Data.csv,True
NIKKEI225,2013-03-29,1d,12405.53,12425.96,12319.75,12397.91,,0.5,-0.06142421968268197,Nikkei 225 Historical Data.csv,True
NIKKEI225,2013-04-01,1d,12371.34,12384.83,12133.0,12135.02,,-2.12,-1.9102215281448842,Nikkei 225 Historical Data.csv,True
NIKKEI225,2013-04-02,1d,12051.57,12107.4,11805.78,12003.43,,-1.08,-0.3994500301620407,Nikkei 225 Historical Data.csv,True
NIKKEI225,2013-04-03,1d,12112.09,12362.2,12102.05,12362.2,,2.99,2.064961538429788,Nikkei 225 Historical Data.csv,True
NIKKEI225,2013-04-04,1d,12188.22,12634.54,12075.97,12634.54,,2.2,3.661896486935756,Nikkei 225 Historical Data.csv,True
NIKKEI225,2013-04-05,1d,12880.82,13225.62,12831.1,12833.64,,1.58,-0.3662810286922724,Nikkei 225 Historical Data.csv,True
NIKKEI225,2013-04-08,1d,13082.61,13225.22,13080.29,13192.59,,2.8,0.8406579421078808,Nikkei 225 Historical Data.csv,True
NIKKEI225,2013-04-09,1d,13309.13,13331.39,13151.73,13192.35,,0.0,-0.8774427780027572,Nikkei 225 Historical Data.csv,True
NIKKEI225,2013-04-10,1d,13177.31,13325.15,13177.31,13288.13,,0.73,0.840991067220842,Nikkei 225 Historical Data.csv,True
NIKKEI225,2013-04-11,1d,13444.95,13549.16,13384.11,13549.16,,1.96,0.7750865566625409,Nikkei 225 Historical Data.csv,True
NIKKEI225,2013-04-12,1d,13568.25,13568.25,13402.86,13485.14,,-0.47,-0.612532935345389,Nikkei 225 Historical Data.csv,True
NIKKEI225,2013-04-15,1d,13345.86,13408.29,13257.86,13275.66,,-1.55,-0.5260058175344362,Nikkei 225 Historical Data.csv,True
NIKKEI225,2013-04-16,1d,13023.91,13312.23,13004.46,13221.44,,-0.41,1.5166720285997082,Nikkei 225 Historical Data.csv,True
NIKKEI225,2013-04-17,1d,13330.5,13397.5,13318.69,13382.89,,1.22,0.39300851430927874,Nikkei 225 Historical Data.csv,True
NIKKEI225,2013-04-18,1d,13272.22,13377.74,13200.85,13220.07,,-1.22,-0.39292597621196634,Nikkei 225 Historical Data.csv,True
NIKKEI225,2013-04-19,1d,13268.43,13338.75,13186.89,13316.48,,0.73,0.36213779625773324,Nikkei 225 Historical Data.csv,True
NIKKEI225,2013-04-22,1d,13537.17,13611.58,13529.44,13568.37,,1.89,0.23047653239192112,Nikkei 225 Historical Data.csv,True
NIKKEI225,2013-04-23,1d,13545.6,13585.35,13505.53,13529.65,,-0.29,-0.11775041341838266,Nikkei 225 Historical Data.csv,True
NIKKEI225,2013-04-24,1d,13687.28,13843.46,13686.78,13843.46,,2.32,1.1410594362064597,Nikkei 225 Historical Data.csv,True
NIKKEI225,2013-04-25,1d,13887.53,13974.26,13827.96,13926.08,,0.6,0.27758715912764576,Nikkei 225 Historical Data.csv,True
NIKKEI225,2013-04-26,1d,13978.98,13983.87,13852.2,13884.13,,-0.3,-0.678518747433654,Nikkei 225 Historical Data.csv,True
NIKKEI225,2013-04-30,1d,13854.82,13897.06,13778.75,13860.86,,-0.17,0.0435949366357713,Nikkei 225 Historical Data.csv,True
NIKKEI225,2013-05-01,1d,13837.72,13844.82,13782.0,13799.35,,-0.44,-0.27728556438487706,Nikkei 225 Historical Data.csv,True
NIKKEI225,2013-05-02,1d,13727.25,13780.48,13637.96,13694.04,,-0.76,-0.2419275528601772,Nikkei 225 Historical Data.csv,True
NIKKEI225,2013-05-07,1d,13960.04,14196.38,13951.81,14180.24,,3.55,1.5773593771937433,Nikkei 225 Historical Data.csv,True
NIKKEI225,2013-05-08,1d,14196.2,14421.38,14186.83,14285.69,,0.74,0.6303799608345928,Nikkei 225 Historical Data.csv,True
NIKKEI225,2013-05-09,1d,14366.95,14409.82,14191.48,14191.48,,-0.66,-1.2213448226659152,Nikkei 225 Historical Data.csv,True
NIKKEI225,2013-05-10,1d,14449.24,14636.81,14426.74,14607.54,,2.93,1.095559351218478,Nikkei 225 Historical Data.csv,True
NIKKEI225,2013-05-13,1d,14759.5,14849.01,14727.7,14782.21,,1.2,0.15386700091466476,Nikkei 225 Historical Data.csv,True
NIKKEI225,2013-05-14,1d,14822.56,14839.79,14755.08,14758.42,,-0.16,-0.4327187746246186,Nikkei 225 Historical Data.csv,True
NIKKEI225,2013-05-15,1d,14962.34,15108.83,14956.38,15096.03,,2.29,0.8935099723706319,Nikkei 225 Historical Data.csv,True
NIKKEI225,2013-05-16,1d,15146.05,15155.72,14879.51,15037.24,,-0.39,-0.7184051287299265,Nikkei 225 Historical Data.csv,True
NIKKEI225,2013-05-17,1d,14926.42,15157.32,14902.3,15138.12,,0.67,1.4182905211028496,Nikkei 225 Historical Data.csv,True
NIKKEI225,2013-05-20,1d,15260.61,15381.74,15245.8,15360.81,,1.47,0.6565923642632754,Nikkei 225 Historical Data.csv,True
NIKKEI225,2013-05-21,1d,15264.79,15388.37,15264.42,15381.02,,0.13,0.7614254765378359,Nikkei 225 Historical Data.csv,True
NIKKEI225,2013-05-22,1d,15440.69,15706.63,15432.64,15627.26,,1.6,1.2083009243757825,Nikkei 225 Historical Data.csv,True
NIKKEI225,2013-05-23,1d,15739.98,15942.6,14483.98,14483.98,,-7.32,-7.979679770876458,Nikkei 225 Historical Data.csv,True
NIKKEI225,2013-05-24,1d,14731.75,15007.5,13981.52,14612.45,,0.89,-0.8098155344748559,Nikkei 225 Historical Data.csv,True
NIKKEI225,2013-05-27,1d,14373.82,14381.28,14027.42,14142.65,,-3.22,-1.6082711485186252,Nikkei 225 Historical Data.csv,True
NIKKEI225,2013-05-28,1d,13943.62,14399.78,13943.62,14311.98,,1.2,2.641781689403455,Nikkei 225 Historical Data.csv,True
NIKKEI225,2013-05-29,1d,14492.55,14512.28,14243.49,14326.46,,0.1,-1.1460371018212845,Nikkei 225 Historical Data.csv,True
NIKKEI225,2013-05-30,1d,14072.9,14098.16,13555.66,13589.03,,-5.15,-3.438310511692677,Nikkei 225 Historical Data.csv,True
NIKKEI225,2013-05-31,1d,13804.23,13916.56,13681.39,13774.54,,1.37,-0.21507900114674516,Nikkei 225 Historical Data.csv,True
NIKKEI225,2013-06-03,1d,13551.36,13562.87,13261.82,13261.82,,-3.72,-2.136612118636072,Nikkei 225 Historical Data.csv,True
NIKKEI225,2013-06-04,1d,13186.6,13610.25,13060.94,13533.76,,2.05,2.6326725615397395,Nikkei 225 Historical Data.csv,True
NIKKEI225,2013-06-05,1d,13566.75,13711.42,13011.16,13014.87,,-3.83,-4.067886560893353,Nikkei 225 Historical Data.csv,True
NIKKEI225,2013-06-06,1d,12925.29,13238.53,12862.02,12904.02,,-0.85,-0.16456110462512719,Nikkei 225 Historical Data.csv,True
NIKKEI225,2013-06-07,1d,12706.41,13106.2,12548.2,12877.53,,-0.21,1.3467218514120027,Nikkei 225 Historical Data.csv,True
NIKKEI225,2013-06-10,1d,13141.85,13514.2,13141.37,13514.2,,4.94,2.833314944243015,Nikkei 225 Historical Data.csv,True
NIKKEI225,2013-06-11,1d,13504.77,13584.31,13296.31,13317.62,,-1.45,-1.385806644615195,Nikkei 225 Historical Data.csv,True
NIKKEI225,2013-06-12,1d,13087.66,13332.72,12994.08,13289.32,,-0.21,1.5408407614500907,Nikkei 225 Historical Data.csv,True
NIKKEI225,2013-06-13,1d,13038.02,13050.11,12415.85,12445.38,,-6.35,-4.545475463298887,Nikkei 225 Historical Data.csv,True
NIKKEI225,2013-06-14,1d,12668.9,12900.65,12629.31,12686.52,,1.94,0.1390807410272421,Nikkei 225 Historical Data.csv,True
NIKKEI225,2013-06-17,1d,12584.37,13033.12,12549.82,13033.12,,2.73,3.565931389493482,Nikkei 225 Historical Data.csv,True
NIKKEI225,2013-06-18,1d,13015.15,13139.48,12919.03,13007.28,,-0.2,-0.06046799306960171,Nikkei 225 Historical Data.csv,True
NIKKEI225,2013-06-19,1d,13233.08,13296.62,13107.65,13245.22,,1.83,0.091739791492218,Nikkei 225 Historical Data.csv,True
NIKKEI225,2013-06-20,1d,13101.85,13190.82,12966.41,13014.58,,-1.74,-0.6660891400832702,Nikkei 225 Historical Data.csv,True
NIKKEI225,2013-06-21,1d,12787.87,13330.35,12702.67,13230.13,,1.66,3.458433656269566,Nikkei 225 Historical Data.csv,True
NIKKEI225,2013-06-24,1d,13417.54,13426.13,13026.23,13062.78,,-1.26,-2.644001806590479,Nikkei 225 Historical Data.csv,True
NIKKEI225,2013-06-25,1d,13081.62,13234.89,12758.22,12969.34,,-0.72,-0.8583034822904234,Nikkei 225 Historical Data.csv,True
NIKKEI225,2013-06-26,1d,13152.75,13189.84,12826.51,12834.01,,-1.04,-2.423371538271457,Nikkei 225 Historical Data.csv,True
NIKKEI225,2013-06-27,1d,12968.72,13213.55,12873.5,13213.55,,2.96,1.8878501502075817,Nikkei 225 Historical Data.csv,True
NIKKEI225,2013-06-28,1d,13383.92,13724.44,13354.7,13677.32,,3.51,2.1921828582358582,Nikkei 225 Historical Data.csv,True
NIKKEI225,2013-07-01,1d,13746.72,13862.71,13562.7,13852.5,,1.28,0.7694926498830412,Nikkei 225 Historical Data.csv,True
NIKKEI225,2013-07-02,1d,13969.15,14098.74,13898.54,14098.74,,1.78,0.9276870818911709,Nikkei 225 Historical Data.csv,True
NIKKEI225,2013-07-03,1d,14149.99,14164.77,13984.08,14055.56,,-0.31,-0.667350294947211,Nikkei 225 Historical Data.csv,True
NIKKEI225,2013-07-04,1d,13970.27,14093.02,13962.3,14018.93,,-0.26,0.34831109205477606,Nikkei 225 Historical Data.csv,True
NIKKEI225,2013-07-05,1d,14150.85,14309.97,14149.5,14309.97,,2.08,1.124455421405779,Nikkei 225 Historical Data.csv,True
NIKKEI225,2013-07-08,1d,14491.07,14497.65,14109.34,14109.34,,-1.4,-2.6342430200116285,Nikkei 225 Historical Data.csv,True
NIKKEI225,2013-07-09,1d,14295.44,14472.9,14186.03,14472.9,,2.58,1.2413748719871442,Nikkei 225 Historical Data.csv,True
NIKKEI225,2013-07-10,1d,14464.82,14555.33,14287.69,14416.6,,-0.39,-0.33336052574453046,Nikkei 225 Historical Data.csv,True
NIKKEI225,2013-07-11,1d,14275.26,14496.67,14275.26,14472.58,,0.39,1.382251531670864,Nikkei 225 Historical Data.csv,True
NIKKEI225,2013-07-12,1d,14475.17,14574.17,14417.3,14506.25,,0.23,0.2147125042400111,Nikkei 225 Historical Data.csv,True
NIKKEI225,2013-07-16,1d,14594.88,14638.8,14550.89,14599.12,,0.64,0.029051283737868694,Nikkei 225 Historical Data.csv,True
NIKKEI225,2013-07-17,1d,14491.8,14615.04,14460.56,14615.04,,0.11,0.8504119571067781,Nikkei 225 Historical Data.csv,True
NIKKEI225,2013-07-18,1d,14645.25,14827.73,14645.25,14808.5,,1.32,1.1146958911592453,Nikkei 225 Historical Data.csv,True
NIKKEI225,2013-07-19,1d,14909.76,14953.29,14413.28,14589.91,,-1.48,-2.1452390917090614,Nikkei 225 Historical Data.csv,True
NIKKEI225,2013-07-22,1d,14770.02,14770.02,14514.29,14658.04,,0.47,-0.758157402630466,Nikkei 225 Historical Data.csv,True
NIKKEI225,2013-07-23,1d,14555.36,14820.18,14549.06,14778.51,,0.82,1.5331122005914022,Nikkei 225 Historical Data.csv,True
NIKKEI225,2013-07-24,1d,14719.64,14751.87,14630.68,14731.28,,-0.32,0.07907802092987914,Nikkei 225 Historical Data.csv,True
NIKKEI225,2013-07-25,1d,14747.21,14748.77,14533.21,14562.93,,-1.14,-1.2495922957630579,Nikkei 225 Historical Data.csv,True
NIKKEI225,2013-07-26,1d,14339.39,14376.01,14114.52,14129.98,,-2.97,-1.4603829033173699,Nikkei 225 Historical Data.csv,True
NIKKEI225,2013-07-29,1d,13899.27,13953.85,13661.13,13661.13,,-3.32,-1.7133273905751922,Nikkei 225 Historical Data.csv,True
NIKKEI225,2013-07-30,1d,13634.2,13909.45,13613.78,13869.82,,1.53,1.7281542004664585,Nikkei 225 Historical Data.csv,True
NIKKEI225,2013-07-31,1d,13733.55,13836.03,13644.21,13668.32,,-1.45,-0.4749682347244488,Nikkei 225 Historical Data.csv,True
NIKKEI225,2013-08-01,1d,13674.5,14005.77,13645.61,14005.77,,2.47,2.4225383012175916,Nikkei 225 Historical Data.csv,True
NIKKEI225,2013-08-02,1d,14178.66,14466.16,14146.92,14466.16,,3.29,2.0276951418540357,Nikkei 225 Historical Data.csv,True
NIKKEI225,2013-08-05,1d,14318.21,14370.98,14225.5,14258.04,,-1.44,-0.42023409350748775,Nikkei 225 Historical Data.csv,True
NIKKEI225,2013-08-06,1d,14237.1,14401.06,14031.61,14401.06,,1.0,1.1516390276109512,Nikkei 225 Historical Data.csv,True
NIKKEI225,2013-08-07,1d,14155.95,14164.7,13824.94,13824.94,,-4.0,-2.3383100392414535,Nikkei 225 Historical Data.csv,True
NIKKEI225,2013-08-08,1d,13779.47,14031.14,13556.65,13605.56,,-1.59,-1.2620949862367725,Nikkei 225 Historical Data.csv,True
NIKKEI225,2013-08-09,1d,13673.49,13754.96,13527.81,13615.19,,0.07,-0.42637249158773427,Nikkei 225 Historical Data.csv,True
NIKKEI225,2013-08-12,1d,13469.7,13658.86,13430.64,13519.43,,-0.7,0.369199017053079,Nikkei 225 Historical Data.csv,True
NIKKEI225,2013-08-13,1d,13696.36,13867.0,13689.49,13867.0,,2.57,1.2458784669795442,Nikkei 225 Historical Data.csv,True
NIKKEI225,2013-08-14,1d,13936.74,14050.16,13747.18,14050.16,,1.32,0.8138201616733953,Nikkei 225 Historical Data.csv,True
NIKKEI225,2013-08-15,1d,13845.64,13981.16,13711.12,13752.94,,-2.12,-0.669524846810976,Nikkei 225 Historical Data.csv,True
NIKKEI225,2013-08-16,1d,13532.61,13739.52,13532.61,13650.11,,-0.75,0.868273008680509,Nikkei 225 Historical Data.csv,True
NIKKEI225,2013-08-19,1d,13669.74,13758.13,13589.78,13758.13,,0.79,0.6466106890109069,Nikkei 225 Historical Data.csv,True
NIKKEI225,2013-08-20,1d,13632.96,13730.09,13383.18,13396.38,,-2.63,-1.73535314414478,Nikkei 225 Historical Data.csv,True
NIKKEI225,2013-08-21,1d,13431.28,13499.99,13250.36,13424.33,,0.21,-0.05174488209612749,Nikkei 225 Historical Data.csv,True
NIKKEI225,2013-08-22,1d,13314.05,13447.33,13238.73,13365.17,,-0.44,0.3839552953458947,Nikkei 225 Historical Data.csv,True
NIKKEI225,2013-08-23,1d,13583.76,13774.66,13575.4,13660.55,,2.21,0.5653073964793087,Nikkei 225 Historical Data.csv,True
NIKKEI225,2013-08-26,1d,13719.56,13741.49,13586.84,13636.28,,-0.18,-0.6070165515512094,Nikkei 225 Historical Data.csv,True
NIKKEI225,2013-08-27,1d,13551.75,13678.79,13517.1,13542.37,,-0.69,-0.06921615289537941,Nikkei 225 Historical Data.csv,True
NIKKEI225,2013-08-28,1d,13285.03,13392.57,13188.14,13338.46,,-1.51,0.4021820048580871,Nikkei 225 Historical Data.csv,True
NIKKEI225,2013-08-29,1d,13382.95,13463.14,13364.82,13459.71,,0.91,0.5735656189405081,Nikkei 225 Historical Data.csv,True
NIKKEI225,2013-08-30,1d,13573.24,13615.98,13335.91,13388.86,,-0.53,-1.3584081619421706,Nikkei 225 Historical Data.csv,True
NIKKEI225,2013-09-02,1d,13438.07,13613.48,13407.53,13572.92,,1.37,1.0034923169770726,Nikkei 225 Historical Data.csv,True
NIKKEI225,2013-09-03,1d,13748.68,13978.44,13748.68,13978.44,,2.99,1.6711422478376203,Nikkei 225 Historical Data.csv,True
NIKKEI225,2013-09-04,1d,13875.17,14056.88,13843.61,14053.87,,0.54,1.2879121481034206,Nikkei 225 Historical Data.csv,True
NIKKEI225,2013-09-05,1d,14140.2,14156.5,13981.52,14064.82,,0.08,-0.5330900553033313,Nikkei 225 Historical Data.csv,True
NIKKEI225,2013-09-06,1d,14088.41,14099.13,13834.52,13860.81,,-1.45,-1.61551232537952,Nikkei 225 Historical Data.csv,True
NIKKEI225,2013-09-09,1d,14238.42,14251.46,14117.68,14205.23,,2.48,-0.2331017065095753,Nikkei 225 Historical Data.csv,True
NIKKEI225,2013-09-10,1d,14318.72,14441.81,14296.78,14423.36,,1.54,0.7307915791355812,Nikkei 225 Historical Data.csv,True
NIKKEI225,2013-09-11,1d,14511.74,14561.46,14422.72,14425.07,,0.01,-0.5972405790070634,Nikkei 225 Historical Data.csv,True
NIKKEI225,2013-09-12,1d,14397.9,14455.37,14321.57,14387.27,,-0.26,-0.07383021135025647,Nikkei 225 Historical Data.csv,True
NIKKEI225,2013-09-13,1d,14316.7,14439.93,14233.12,14404.67,,0.12,0.6144572422415839,Nikkei 225 Historical Data.csv,True
NIKKEI225,2013-09-17,1d,14456.99,14474.53,14311.67,14311.67,,-0.65,-1.005188493593756,Nikkei 225 Historical Data.csv,True
NIKKEI225,2013-09-18,1d,14411.55,14625.97,14396.41,14505.36,,1.35,0.6509362282336228,Nikkei 225 Historical Data.csv,True
NIKKEI225,2013-09-19,1d,14680.4,14766.18,14581.79,14766.18,,1.8,0.5843165036375053,Nikkei 225 Historical Data.csv,True
NIKKEI225,2013-09-20,1d,14801.64,14816.65,14702.25,14742.42,,-0.16,-0.40009080074909775,Nikkei 225 Historical Data.csv,True
NIKKEI225,2013-09-24,1d,14626.04,14767.72,14607.27,14732.61,,-0.07,0.7286319468564173,Nikkei 225 Historical Data.csv,True
NIKKEI225,2013-09-25,1d,14713.03,14737.98,14620.53,14620.53,,-0.76,-0.6286944293595553,Nikkei 225 Historical Data.csv,True
NIKKEI225,2013-09-26,1d,14553.06,14799.12,14410.52,14799.12,,1.22,1.6907784342262033,Nikkei 225 Historical Data.csv,True
NIKKEI225,2013-09-27,1d,14803.99,14817.5,14699.21,14760.07,,-0.26,-0.29667677430206263,Nikkei 225 Historical Data.csv,True
NIKKEI225,2013-09-30,1d,14530.62,14619.24,14425.82,14455.8,,-2.06,-0.5149126465353926,Nikkei 225 Historical Data.csv,True
NIKKEI225,2013-10-01,1d,14517.98,14642.97,14471.7,14484.72,,0.2,-0.22909523225682626,Nikkei 225 Historical Data.csv,True
NIKKEI225,2013-10-02,1d,14492.47,14569.2,14114.54,14170.49,,-2.17,-2.2217054787762147,Nikkei 225 Historical Data.csv,True
NIKKEI225,2013-10-03,1d,14140.11,14219.89,14082.31,14157.25,,-0.09,0.12121546437757758,Nikkei 225 Historical Data.csv,True
NIKKEI225,2013-10-04,1d,14029.73,14149.77,13944.27,14024.31,,-0.94,-0.03863224737753468,Nikkei 225 Historical Data.csv,True
NIKKEI225,2013-10-07,1d,14057.79,14073.23,13841.93,13853.32,,-1.22,-1.454496048098608,Nikkei 225 Historical Data.csv,True
NIKKEI225,2013-10-08,1d,13794.74,13929.64,13748.94,13894.61,,0.3,0.7239716007695796,Nikkei 225 Historical Data.csv,True
NIKKEI225,2013-10-09,1d,13789.89,14037.84,13751.85,14037.84,,1.03,1.7980564021903067,Nikkei 225 Historical Data.csv,True
NIKKEI225,2013-10-10,1d,14097.62,14200.31,14077.03,14194.71,,1.12,0.6886978085662632,Nikkei 225 Historical Data.csv,True
NIKKEI225,2013-10-11,1d,14376.89,14447.87,14320.3,14404.74,,1.48,0.1937136612994994,Nikkei 225 Historical Data.csv,True
NIKKEI225,2013-10-15,1d,14510.27,14510.37,14415.76,14441.54,,0.26,-0.4736645148574081,Nikkei 225 Historical Data.csv,True
NIKKEI225,2013-10-16,1d,14433.64,14493.67,14417.61,14467.14,,0.18,0.23209668524364346,Nikkei 225 Historical Data.csv,True
NIKKEI225,2013-10-17,1d,14640.08,14664.22,14492.67,14586.51,,0.83,-0.36591330102021535,Nikkei 225 Historical Data.csv,True
NIKKEI225,2013-10-18,1d,14589.6,14610.09,14503.09,14561.54,,-0.17,-0.19232878214617832,Nikkei 225 Historical Data.csv,True
NIKKEI225,2013-10-21,1d,14624.03,14727.85,14624.03,14693.57,,0.91,0.47551871816455815,Nikkei 225 Historical Data.csv,True
NIKKEI225,2013-10-22,1d,14677.08,14747.77,14641.78,14713.25,,0.13,0.24643866491154132,Nikkei 225 Historical Data.csv,True
NIKKEI225,2013-10-23,1d,14784.41,14799.28,14426.05,14426.05,,-1.95,-2.4239046400904796,Nikkei 225 Historical Data.csv,True
NIKKEI225,2013-10-24,1d,14344.74,14499.52,14273.71,14486.41,,0.42,0.9876093954996668,Nikkei 225 Historical Data.csv,True
NIKKEI225,2013-10-25,1d,14439.14,14442.12,14088.19,14088.19,,-2.75,-2.4305464175844227,Nikkei 225 Historical Data.csv,True
NIKKEI225,2013-10-28,1d,14261.65,14400.32,14194.42,14396.04,,2.19,0.9423173335483703,Nikkei 225 Historical Data.csv,True
NIKKEI225,2013-10-29,1d,14288.72,14395.96,14224.59,14325.98,,-0.49,0.26076513501558374,Nikkei 225 Historical Data.csv,True
NIKKEI225,2013-10-30,1d,14464.67,14526.88,14425.58,14502.35,,1.23,0.2604967828509164,Nikkei 225 Historical Data.csv,True
NIKKEI225,2013-10-31,1d,14474.01,14516.08,14324.17,14327.94,,-1.2,-1.00918819318212,Nikkei 225 Historical Data.csv,True
NIKKEI225,2013-11-01,1d,14403.07,14411.05,14126.41,14201.57,,-0.88,-1.3990072949725318,Nikkei 225 Historical Data.csv,True
NIKKEI225,2013-11-05,1d,14319.75,14323.24,14141.82,14225.37,,0.17,-0.6590897187450873,Nikkei 225 Historical Data.csv,True
NIKKEI225,2013-11-06,1d,14155.34,14407.69,14130.86,14337.31,,0.79,1.2855219302397414,Nikkei 225 Historical Data.csv,True
NIKKEI225,2013-11-07,1d,14355.56,14371.56,14222.03,14228.44,,-0.76,-0.8855105617614267,Nikkei 225 Historical Data.csv,True
NIKKEI225,2013-11-08,1d,14026.17,14122.28,14026.17,14086.8,,-1.0,0.4322634047640994,Nikkei 225 Historical Data.csv,True
NIKKEI225,2013-11-11,1d,14271.48,14304.29,14208.13,14269.84,,1.3,-0.011491450080858279,Nikkei 225 Historical Data.csv,True
NIKKEI225,2013-11-12,1d,14289.87,14588.68,14278.21,14588.68,,2.23,2.091061710148523,Nikkei 225 Historical Data.csv,True
NIKKEI225,2013-11-13,1d,14527.97,14599.53,14490.92,14567.16,,-0.15,0.26975551298633604,Nikkei 225 Historical Data.csv,True
NIKKEI225,2013-11-14,1d,14665.75,14966.43,14665.75,14876.41,,2.12,1.436407957315522,Nikkei 225 Historical Data.csv,True
NIKKEI225,2013-11-15,1d,15034.33,15203.11,14994.7,15165.92,,1.95,0.8752634803147252,Nikkei 225 Historical Data.csv,True
NIKKEI225,2013-11-18,1d,15253.24,15273.61,15106.82,15164.3,,-0.01,-0.5830892321893599,Nikkei 225 Historical Data.csv,True
NIKKEI225,2013-11-19,1d,15096.63,15163.06,15020.33,15126.56,,-0.25,0.19825616710484883,Nikkei 225 Historical Data.csv,True
NIKKEI225,2013-11-20,1d,15176.35,15209.67,15069.98,15076.08,,-0.33,-0.6606990481901165,Nikkei 225 Historical Data.csv,True
NIKKEI225,2013-11-21,1d,15176.65,15377.0,15168.47,15365.6,,1.92,1.2450046617666022,Nikkei 225 Historical Data.csv,True
NIKKEI225,2013-11-22,1d,15513.45,15579.39,15307.44,15381.72,,0.1,-0.8491341384411655,Nikkei 225 Historical Data.csv,True
NIKKEI225,2013-11-25,1d,15504.78,15619.13,15469.87,15619.13,,1.54,0.7375144955297452,Nikkei 225 Historical Data.csv,True
NIKKEI225,2013-11-26,1d,15501.95,15577.97,15460.97,15515.24,,-0.67,0.08573114995209519,Nikkei 225 Historical Data.csv,True
NIKKEI225,2013-11-27,1d,15414.52,15512.76,15414.52,15449.63,,-0.42,0.22777225628822784,Nikkei 225 Historical Data.csv,True
NIKKEI225,2013-11-28,1d,15622.19,15729.09,15605.73,15727.12,,1.8,0.6716727936352029,Nikkei 225 Historical Data.csv,True
NIKKEI225,2013-11-29,1d,15661.43,15727.96,15507.17,15661.87,,-0.41,0.0028094497118047457,Nikkei 225 Historical Data.csv,True
NIKKEI225,2013-12-02,1d,15659.74,15703.02,15579.54,15655.07,,-0.04,-0.029821695634790757,Nikkei 225 Historical Data.csv,True
NIKKEI225,2013-12-03,1d,15747.54,15794.15,15661.9,15749.66,,0.6,0.013462420162135835,Nikkei 225 Historical Data.csv,True
NIKKEI225,2013-12-04,1d,15520.2,15579.36,15326.06,15407.94,,-2.17,-0.723315421193027,Nikkei 225 Historical Data.csv,True
NIKKEI225,2013-12-05,1d,15354.53,15430.2,15139.12,15177.49,,-1.5,-1.1530147780492217,Nikkei 225 Historical Data.csv,True
NIKKEI225,2013-12-06,1d,15112.54,15327.37,15112.54,15299.86,,0.81,1.2395004413553234,Nikkei 225 Historical Data.csv,True
NIKKEI225,2013-12-09,1d,15556.6,15650.21,15547.29,15650.21,,2.29,0.6017381690086365,Nikkei 225 Historical Data.csv,True
NIKKEI225,2013-12-10,1d,15633.97,15633.97,15562.06,15611.31,,-0.25,-0.14494079238990265,Nikkei 225 Historical Data.csv,True
NIKKEI225,2013-12-11,1d,15509.93,15562.3,15386.11,15515.06,,-0.62,0.03307558448037984,Nikkei 225 Historical Data.csv,True
NIKKEI225,2013-12-12,1d,15377.32,15392.66,15255.36,15341.82,,-1.12,-0.23085947356236147,Nikkei 225 Historical Data.csv,True
NIKKEI225,2013-12-13,1d,15316.89,15532.94,15251.45,15403.11,,0.4,0.5629080054763147,Nikkei 225 Historical Data.csv,True
NIKKEI225,2013-12-16,1d,15408.35,15408.35,15146.13,15152.91,,-1.62,-1.6578024253083634,Nikkei 225 Historical Data.csv,True
NIKKEI225,2013-12-17,1d,15290.22,15322.13,15248.42,15278.63,,0.83,-0.07580008659130444,Nikkei 225 Historical Data.csv,True
NIKKEI225,2013-12-18,1d,15273.24,15588.42,15268.18,15587.8,,2.02,2.0595499055864996,Nikkei 225 Historical Data.csv,True
NIKKEI225,2013-12-19,1d,15809.43,15891.82,15798.85,15859.22,,1.74,0.3149386157502043,Nikkei 225 Historical Data.csv,True
NIKKEI225,2013-12-20,1d,15790.69,15870.42,15755.36,15870.42,,0.07,0.5049177711677011,Nikkei 225 Historical Data.csv,True
NIKKEI225,2013-12-24,1d,15955.9,16029.65,15849.0,15889.33,,0.12,-0.41721244179269146,Nikkei 225 Historical Data.csv,True
NIKKEI225,2013-12-25,1d,15861.13,16010.54,15853.51,16009.99,,0.76,0.9385207737405921,Nikkei 225 Historical Data.csv,True
NIKKEI225,2013-12-26,1d,16087.07,16186.04,16082.28,16174.44,,1.03,0.5431069797048327,Nikkei 225 Historical Data.csv,True
NIKKEI225,2013-12-27,1d,16229.43,16232.69,16056.73,16178.94,,0.03,-0.31110149894358896,Nikkei 225 Historical Data.csv,True
NIKKEI225,2013-12-30,1d,16269.22,16320.22,16182.71,16291.31,,0.69,0.13577786765437416,Nikkei 225 Historical Data.csv,True
NIKKEI225,2014-01-06,1d,16147.54,16164.01,15864.44,15908.88,,-2.35,-1.477996029116524,Nikkei 225 Historical Data.csv,True
NIKKEI225,2014-01-07,1d,15835.41,15935.37,15784.25,15814.37,,-0.59,-0.13286678399864194,Nikkei 225 Historical Data.csv,True
NIKKEI225,2014-01-08,1d,15943.68,16121.45,15906.57,16121.45,,1.94,1.114987255138078,Nikkei 225 Historical Data.csv,True
NIKKEI225,2014-01-09,1d,16002.88,16004.56,15838.44,15880.33,,-1.5,-0.7657996560619051,Nikkei 225 Historical Data.csv,True
NIKKEI225,2014-01-10,1d,15785.15,15922.14,15754.7,15912.06,,0.2,0.8039834908125654,Nikkei 225 Historical Data.csv,True
NIKKEI225,2014-01-14,1d,15657.2,15661.71,15383.69,15422.4,,-3.08,-1.4996295633957657,Nikkei 225 Historical Data.csv,True
NIKKEI225,2014-01-15,1d,15649.07,15808.73,15636.57,15808.73,,2.5,1.0202523217034631,Nikkei 225 Historical Data.csv,True
NIKKEI225,2014-01-16,1d,15845.15,15941.08,15710.14,15747.2,,-0.39,-0.618170228745063,Nikkei 225 Historical Data.csv,True
NIKKEI225,2014-01-17,1d,15695.46,15783.37,15621.8,15734.46,,-0.08,0.24847949661876978,Nikkei 225 Historical Data.csv,True
NIKKEI225,2014-01-20,1d,15724.14,15727.26,15574.23,15641.68,,-0.59,-0.5244165976644788,Nikkei 225 Historical Data.csv,True
NIKKEI225,2014-01-21,1d,15710.89,15894.68,15705.84,15795.96,,0.99,0.541471552534567,Nikkei 225 Historical Data.csv,True
NIKKEI225,2014-01-22,1d,15710.89,15870.53,15631.41,15820.96,,0.16,0.7005968471550661,Nikkei 225 Historical Data.csv,True
NIKKEI225,2014-01-23,1d,15900.63,15958.58,15690.45,15695.89,,-0.79,-1.2876219369924335,Nikkei 225 Historical Data.csv,True
NIKKEI225,2014-01-24,1d,15473.57,15485.02,15288.32,15391.56,,-1.94,-0.5300005105479899,Nikkei 225 Historical Data.csv,True
NIKKEI225,2014-01-27,1d,15091.45,15109.68,14933.55,15005.73,,-2.51,-0.56800373721545,Nikkei 225 Historical Data.csv,True
NIKKEI225,2014-01-28,1d,15038.64,15088.12,14952.83,14980.16,,-0.17,-0.38886495055403536,Nikkei 225 Historical Data.csv,True
NIKKEI225,2014-01-29,1d,15164.34,15383.91,15159.92,15383.91,,2.7,1.4479364087062185,Nikkei 225 Historical Data.csv,True
NIKKEI225,2014-01-30,1d,15112.7,15112.7,14853.83,15007.06,,-2.45,-0.699014735950565,Nikkei 225 Historical Data.csv,True
NIKKEI225,2014-01-31,1d,15132.23,15143.88,14764.57,14914.53,,-0.62,-1.4386511439490324,Nikkei 225 Historical Data.csv,True
NIKKEI225,2014-02-03,1d,14788.56,14846.93,14615.05,14619.13,,-1.98,-1.1456828791985174,Nikkei 225 Historical Data.csv,True
NIKKEI225,2014-02-04,1d,14353.33,14355.92,14008.47,14008.47,,-4.18,-2.402648026625187,Nikkei 225 Historical Data.csv,True
NIKKEI225,2014-02-05,1d,14213.1,14245.06,13995.86,14180.38,,1.23,-0.2302101582343119,Nikkei 225 Historical Data.csv,True
NIKKEI225,2014-02-06,1d,14233.42,14308.07,14155.12,14155.12,,-0.18,-0.5501137463799988,Nikkei 225 Historical Data.csv,True
NIKKEI225,2014-02-07,1d,14387.11,14471.95,14356.59,14462.41,,2.17,0.5233851690853886,Nikkei 225 Historical Data.csv,True
NIKKEI225,2014-02-10,1d,14647.83,14725.92,14568.3,14718.34,,1.77,0.4813682299698918,Nikkei 225 Historical Data.csv,True
NIKKEI225,2014-02-12,1d,14821.73,14874.79,14769.04,14800.06,,0.56,-0.1462042555086307,Nikkei 225 Historical Data.csv,True
NIKKEI225,2014-02-13,1d,14785.84,14787.62,14488.32,14534.74,,-1.79,-1.6982464303685219,Nikkei 225 Historical Data.csv,True
NIKKEI225,2014-02-14,1d,14538.2,14678.71,14243.17,14313.03,,-1.53,-1.5488162220907653,Nikkei 225 Historical Data.csv,True
NIKKEI225,2014-02-17,1d,14343.73,14427.95,14214.6,14393.11,,0.56,0.34426191792511496,Nikkei 225 Historical Data.csv,True
NIKKEI225,2014-02-18,1d,14514.47,14900.24,14469.49,14843.24,,3.13,2.2651188779197584,Nikkei 225 Historical Data.csv,True
NIKKEI225,2014-02-20,1d,14701.14,14731.48,14428.73,14449.18,,-2.65,-1.7138806922456284,Nikkei 225 Historical Data.csv,True
NIKKEI225,2014-02-21,1d,14618.61,14888.81,14618.61,14865.67,,2.88,1.690037561710711,Nikkei 225 Historical Data.csv,True
NIKKEI225,2014-02-24,1d,14803.64,14982.53,14658.14,14837.68,,-0.19,0.22994344634157393,Nikkei 225 Historical Data.csv,True
NIKKEI225,2014-02-25,1d,15002.51,15094.54,14957.49,15051.6,,1.44,0.32721191320652654,Nikkei 225 Historical Data.csv,True
NIKKEI225,2014-02-26,1d,14896.49,15084.53,14896.49,14970.97,,-0.54,0.49998355317260046,Nikkei 225 Historical Data.csv,True
NIKKEI225,2014-02-27,1d,14939.87,15015.01,14844.37,14923.11,,-0.32,-0.112183037737279,Nikkei 225 Historical Data.csv,True
NIKKEI225,2014-02-28,1d,14929.55,14943.65,14735.52,14841.07,,-0.55,-0.5926501468563994,Nikkei 225 Historical Data.csv,True
NIKKEI225,2014-03-03,1d,14666.93,14684.7,14443.1,14652.23,,-1.27,-0.10022547322445785,Nikkei 225 Historical Data.csv,True
NIKKEI225,2014-03-04,1d,14553.95,14750.09,14546.34,14721.48,,0.47,1.1510964377368316,Nikkei 225 Historical Data.csv,True
NIKKEI225,2014-03-05,1d,14905.95,14992.19,14897.63,14897.63,,1.2,-0.05581663698054351,Nikkei 225 Historical Data.csv,True
NIKKEI225,2014-03-06,1d,14933.76,15203.12,14871.56,15134.75,,1.59,1.345876724950723,Nikkei 225 Historical Data.csv,True
NIKKEI225,2014-03-07,1d,15280.76,15312.6,15145.59,15274.07,,0.92,-0.04378054494672545,Nikkei 225 Historical Data.csv,True
NIKKEI225,2014-03-10,1d,15197.53,15266.12,15088.11,15120.14,,-1.01,-0.5092274863086388,Nikkei 225 Historical Data.csv,True
NIKKEI225,2014-03-11,1d,15179.47,15256.03,15124.36,15224.11,,0.69,0.2940814139097192,Nikkei 225 Historical Data.csv,True
NIKKEI225,2014-03-12,1d,15003.8,15020.14,14828.18,14830.39,,-2.59,-1.1557738706194476,Nikkei 225 Historical Data.csv,True
NIKKEI225,2014-03-13,1d,14847.72,14919.84,14790.48,14815.98,,-0.1,-0.21377019501983563,Nikkei 225 Historical Data.csv,True
NIKKEI225,2014-03-14,1d,14526.28,14539.6,14280.75,14327.66,,-3.3,-1.367314962949917,Nikkei 225 Historical Data.csv,True
NIKKEI225,2014-03-17,1d,14254.32,14359.16,14203.21,14277.67,,-0.35,0.1638099888314537,Nikkei 225 Historical Data.csv,True
NIKKEI225,2014-03-18,1d,14491.41,14533.25,14399.72,14411.27,,0.94,-0.5530172702311154,Nikkei 225 Historical Data.csv,True
NIKKEI225,2014-03-19,1d,14495.73,14663.54,14302.37,14462.52,,0.36,-0.22910194933265515,Nikkei 225 Historical Data.csv,True
NIKKEI225,2014-03-20,1d,14548.76,14548.76,14207.83,14224.23,,-1.65,-2.230636837778621,Nikkei 225 Historical Data.csv,True
NIKKEI225,2014-03-24,1d,14297.58,14514.28,14287.28,14475.3,,1.77,1.2430075579223931,Nikkei 225 Historical Data.csv,True
NIKKEI225,2014-03-25,1d,14401.69,14531.79,14312.08,14423.19,,-0.36,0.1492880349458936,Nikkei 225 Historical Data.csv,True
NIKKEI225,2014-03-26,1d,14521.0,14569.9,14401.42,14477.16,,0.37,-0.3019075821224404,Nikkei 225 Historical Data.csv,True
NIKKEI225,2014-03-27,1d,14305.67,14659.85,14227.81,14622.89,,1.01,2.21744245463511,Nikkei 225 Historical Data.csv,True
NIKKEI225,2014-03-28,1d,14576.25,14713.45,14520.57,14696.03,,0.5,0.8217477060286527,Nikkei 225 Historical Data.csv,True
NIKKEI225,2014-03-31,1d,14839.54,14843.67,14718.01,14827.83,,0.9,-0.07891080181731125,Nikkei 225 Historical Data.csv,True
NIKKEI225,2014-04-01,1d,14870.51,14870.51,14751.29,14791.99,,-0.24,-0.5280249298780015,Nikkei 225 Historical Data.csv,True
NIKKEI225,2014-04-02,1d,14897.88,15069.61,14893.17,14946.32,,1.04,0.3251469336576829,Nikkei 225 Historical Data.csv,True
NIKKEI225,2014-04-03,1d,15009.18,15164.39,14976.36,15071.88,,0.84,0.41774434046362163,Nikkei 225 Historical Data.csv,True
NIKKEI225,2014-04-04,1d,15005.54,15098.38,15000.69,15063.77,,-0.05,0.3880566777336947,Nikkei 225 Historical Data.csv,True
NIKKEI225,2014-04-07,1d,14880.82,14895.58,14764.37,14808.85,,-1.69,-0.48364270248547614,Nikkei 225 Historical Data.csv,True
NIKKEI225,2014-04-08,1d,14715.8,14740.1,14605.31,14606.88,,-1.36,-0.7401568382283008,Nikkei 225 Historical Data.csv,True
NIKKEI225,2014-04-09,1d,14436.05,14502.02,14279.34,14299.69,,-2.1,-0.9445797153653457,Nikkei 225 Historical Data.csv,True
NIKKEI225,2014-04-10,1d,14484.54,14513.14,14234.45,14300.12,,0.0,-1.2732195844673,Nikkei 225 Historical Data.csv,True
NIKKEI225,2014-04-11,1d,14027.8,14065.97,13885.11,13960.05,,-2.38,-0.4829695319294558,Nikkei 225 Historical Data.csv,True
NIKKEI225,2014-04-14,1d,13887.23,14008.29,13885.22,13910.16,,-0.36,0.16511572142177133,Nikkei 225 Historical Data.csv,True
NIKKEI225,2014-04-15,1d,14068.75,14096.86,13969.17,13996.81,,0.62,-0.5113460684140425,Nikkei 225 Historical Data.csv,True
NIKKEI225,2014-04-16,1d,14126.87,14420.3,14125.59,14417.68,,3.01,2.0585593270129765,Nikkei 225 Historical Data.csv,True
NIKKEI225,2014-04-17,1d,14395.95,14500.66,14351.85,14417.53,,0.0,0.1499032714062043,Nikkei 225 Historical Data.csv,True
NIKKEI225,2014-04-18,1d,14489.37,14536.67,14442.74,14516.27,,0.68,0.1856533444863251,Nikkei 225 Historical Data.csv,True
NIKKEI225,2014-04-21,1d,14549.45,14649.5,14503.17,14512.38,,-0.03,-0.2547862633982878,Nikkei 225 Historical Data.csv,True
NIKKEI225,2014-04-22,1d,14586.29,14604.3,14388.77,14388.77,,-0.85,-1.3541483132448406,Nikkei 225 Historical Data.csv,True
NIKKEI225,2014-04-23,1d,14480.41,14546.27,14459.29,14546.27,,1.09,0.4548213759140829,Nikkei 225 Historical Data.csv,True
NIKKEI225,2014-04-24,1d,14563.25,14563.25,14367.13,14404.99,,-0.97,-1.0867079807048596,Nikkei 225 Historical Data.csv,True
NIKKEI225,2014-04-25,1d,14369.72,14554.32,14327.6,14429.26,,0.17,0.4143434945148572,Nikkei 225 Historical Data.csv,True
NIKKEI225,2014-04-28,1d,14289.82,14324.03,14224.47,14288.23,,-0.98,-0.011126802157057636,Nikkei 225 Historical Data.csv,True
NIKKEI225,2014-04-30,1d,14393.51,14421.22,14275.69,14304.11,,0.11,-0.6211132656315232,Nikkei 225 Historical Data.csv,True
NIKKEI225,2014-05-01,1d,14341.09,14493.03,14341.09,14485.13,,1.27,1.0043866958508563,Nikkei 225 Historical Data.csv,True
NIKKEI225,2014-05-02,1d,14454.44,14473.75,14405.77,14457.51,,-0.19,0.021239148662965945,Nikkei 225 Historical Data.csv,True
NIKKEI225,2014-05-07,1d,14296.25,14299.13,14033.45,14033.45,,-2.93,-1.8382442948325584,Nikkei 225 Historical Data.csv,True
NIKKEI225,2014-05-08,1d,14136.41,14254.44,14108.16,14163.78,,0.93,0.19361351290745343,Nikkei 225 Historical Data.csv,True
NIKKEI225,2014-05-09,1d,14101.98,14266.29,14091.2,14199.59,,0.25,0.6921723048820105,Nikkei 225 Historical Data.csv,True
NIKKEI225,2014-05-12,1d,14173.49,14234.49,14130.3,14149.52,,-0.35,-0.1691185445504173,Nikkei 225 Historical Data.csv,True
NIKKEI225,2014-05-13,1d,14367.94,14464.01,14359.74,14425.44,,1.95,0.40019654870495636,Nikkei 225 Historical Data.csv,True
NIKKEI225,2014-05-14,1d,14385.6,14419.65,14349.87,14405.76,,-0.14,0.14014014014014364,Nikkei 225 Historical Data.csv,True
NIKKEI225,2014-05-15,1d,14280.51,14306.36,14190.27,14298.21,,-0.75,0.1239451532193181,Nikkei 225 Historical Data.csv,True
NIKKEI225,2014-05-16,1d,14087.76,14108.44,14016.49,14096.59,,-1.41,0.06267852376815597,Nikkei 225 Historical Data.csv,True
NIKKEI225,2014-05-19,1d,14130.09,14150.5,13991.8,14006.44,,-0.64,-0.8750828904840691,Nikkei 225 Historical Data.csv,True
NIKKEI225,2014-05-20,1d,14088.45,14144.04,14038.06,14075.25,,0.49,-0.09369377042897087,Nikkei 225 Historical Data.csv,True
NIKKEI225,2014-05-21,1d,13969.71,14054.24,13964.43,14042.17,,-0.24,0.5186936593529978,Nikkei 225 Historical Data.csv,True
NIKKEI225,2014-05-22,1d,14188.28,14369.02,14147.55,14337.79,,2.11,1.0537570445466216,Nikkei 225 Historical Data.csv,True
NIKKEI225,2014-05-23,1d,14411.1,14528.04,14404.8,14462.17,,0.87,0.3543796101616037,Nikkei 225 Historical Data.csv,True
NIKKEI225,2014-05-26,1d,14592.6,14602.52,14531.32,14602.52,,0.97,0.06797966092402241,Nikkei 225 Historical Data.csv,True
NIKKEI225,2014-05-27,1d,14589.79,14744.16,14588.68,14636.52,,0.23,0.32029247850722253,Nikkei 225 Historical Data.csv,True
NIKKEI225,2014-05-28,1d,14646.93,14717.29,14608.54,14670.95,,0.24,0.16399341022317326,Nikkei 225 Historical Data.csv,True
NIKKEI225,2014-05-29,1d,14585.64,14714.95,14574.02,14681.72,,0.07,0.6587300934343565,Nikkei 225 Historical Data.csv,True
NIKKEI225,2014-05-30,1d,14707.66,14741.1,14591.62,14632.38,,-0.34,-0.5118421285235097,Nikkei 225 Historical Data.csv,True
NIKKEI225,2014-06-02,1d,14777.51,14963.91,14777.51,14935.92,,2.07,1.0719667927817422,Nikkei 225 Historical Data.csv,True
NIKKEI225,2014-06-03,1d,15089.04,15091.49,15026.01,15034.25,,0.66,-0.3631112383557955,Nikkei 225 Historical Data.csv,True
NIKKEI225,2014-06-04,1d,15067.41,15071.78,14985.21,15067.96,,0.22,0.0036502623874890006,Nikkei 225 Historical Data.csv,True
NIKKEI225,2014-06-05,1d,15112.59,15141.14,15016.81,15079.37,,0.08,-0.21981672234870908,Nikkei 225 Historical Data.csv,True
NIKKEI225,2014-06-06,1d,15138.75,15144.34,15042.59,15077.24,,-0.01,-0.40630831475517715,Nikkei 225 Historical Data.csv,True
NIKKEI225,2014-06-09,1d,15204.31,15206.57,15116.03,15124.0,,0.31,-0.5282054891014409,Nikkei 225 Historical Data.csv,True
NIKKEI225,2014-06-10,1d,15130.74,15184.77,14966.8,14994.8,,-0.85,-0.8984358993677777,Nikkei 225 Historical Data.csv,True
NIKKEI225,2014-06-11,1d,15000.13,15075.72,14998.63,15069.48,,0.5,0.4623293264791828,Nikkei 225 Historical Data.csv,True
NIKKEI225,2014-06-12,1d,14942.15,14992.96,14862.08,14973.53,,-0.64,0.21000993832882564,Nikkei 225 Historical Data.csv,True
NIKKEI225,2014-06-13,1d,14830.99,15121.64,14830.99,15097.84,,0.83,1.7992730087472264,Nikkei 225 Historical Data.csv,True
NIKKEI225,2014-06-16,1d,15049.61,15056.75,14867.15,14933.29,,-1.09,-0.7729103943557303,Nikkei 225 Historical Data.csv,True
NIKKEI225,2014-06-17,1d,14962.99,15026.96,14948.54,14975.97,,0.29,0.08674736800600158,Nikkei 225 Historical Data.csv,True
NIKKEI225,2014-06-18,1d,15009.89,15139.99,14995.45,15115.8,,0.93,0.705601440117154,Nikkei 225 Historical Data.csv,True
NIKKEI225,2014-06-19,1d,15140.35,15375.38,15138.28,15361.16,,1.62,1.4584207102213531,Nikkei 225 Historical Data.csv,True
NIKKEI225,2014-06-20,1d,15359.6,15422.06,15305.43,15349.42,,-0.08,-0.06627776765020243,Nikkei 225 Historical Data.csv,True
NIKKEI225,2014-06-23,1d,15419.47,15442.67,15335.88,15369.28,,0.13,-0.3254975689825801,Nikkei 225 Historical Data.csv,True
NIKKEI225,2014-06-24,1d,15300.5,15424.57,15252.27,15376.24,,0.05,0.4950165027286735,Nikkei 225 Historical Data.csv,True
NIKKEI225,2014-06-25,1d,15297.24,15347.88,15265.71,15266.61,,-0.71,-0.20023219874957254,Nikkei 225 Historical Data.csv,True
NIKKEI225,2014-06-26,1d,15320.13,15345.12,15278.22,15308.49,,0.27,-0.07597846754563431,Nikkei 225 Historical Data.csv,True
NIKKEI225,2014-06-27,1d,15290.75,15293.82,15027.31,15095.0,,-1.39,-1.2801857332047195,Nikkei 225 Historical Data.csv,True
NIKKEI225,2014-06-30,1d,15159.45,15177.87,15052.34,15162.1,,0.44,0.017480845281325763,Nikkei 225 Historical Data.csv,True
NIKKEI225,2014-07-01,1d,15179.64,15389.08,15145.87,15326.2,,1.08,0.9655037932388533,Nikkei 225 Historical Data.csv,True
NIKKEI225,2014-07-02,1d,15406.23,15444.63,15354.91,15369.97,,0.29,-0.23535933190663716,Nikkei 225 Historical Data.csv,True
NIKKEI225,2014-07-03,1d,15435.34,15435.34,15324.32,15348.29,,-0.14,-0.5639655491877726,Nikkei 225 Historical Data.csv,True
NIKKEI225,2014-07-04,1d,15490.37,15490.37,15420.07,15437.13,,0.58,-0.3436974068405152,Nikkei 225 Historical Data.csv,True
NIKKEI225,2014-07-07,1d,15433.49,15477.77,15379.44,15379.44,,-0.37,-0.35021242764922134,Nikkei 225 Historical Data.csv,True
NIKKEI225,2014-07-08,1d,15304.27,15389.89,15225.11,15314.41,,-0.42,0.06625601874508114,Nikkei 225 Historical Data.csv,True
NIKKEI225,2014-07-09,1d,15194.32,15302.65,15185.32,15302.65,,-0.08,0.7129637917326903,Nikkei 225 Historical Data.csv,True
NIKKEI225,2014-07-10,1d,15318.3,15326.78,15215.43,15216.47,,-0.56,-0.6647604499193771,Nikkei 225 Historical Data.csv,True
NIKKEI225,2014-07-11,1d,15102.59,15204.01,15101.49,15164.04,,-0.34,0.4068838523723528,Nikkei 225 Historical Data.csv,True
NIKKEI225,2014-07-14,1d,15199.18,15324.95,15179.49,15296.82,,0.88,0.6424030770080913,Nikkei 225 Historical Data.csv,True
NIKKEI225,2014-07-15,1d,15354.43,15441.54,15346.09,15395.16,,0.64,0.26526546410383656,Nikkei 225 Historical Data.csv,True
NIKKEI225,2014-07-16,1d,15369.66,15423.96,15355.0,15379.3,,-0.1,0.06272097105595176,Nikkei 225 Historical Data.csv,True
NIKKEI225,2014-07-17,1d,15422.87,15465.74,15347.85,15370.26,,-0.06,-0.3411167960308381,Nikkei 225 Historical Data.csv,True
NIKKEI225,2014-07-18,1d,15174.08,15220.5,15110.45,15215.71,,-1.01,0.27434941690038794,Nikkei 225 Historical Data.csv,True
NIKKEI225,2014-07-22,1d,15296.42,15392.02,15287.93,15343.28,,0.84,0.3063461908080489,Nikkei 225 Historical Data.csv,True
NIKKEI225,2014-07-23,1d,15367.16,15376.2,15317.37,15328.56,,-0.1,-0.2511849944947575,Nikkei 225 Historical Data.csv,True
NIKKEI225,2014-07-24,1d,15350.28,15383.11,15232.14,15284.42,,-0.29,-0.4290475483183398,Nikkei 225 Historical Data.csv,True
NIKKEI225,2014-07-25,1d,15342.46,15457.87,15341.69,15457.87,,1.13,0.7522261749419723,Nikkei 225 Historical Data.csv,True
NIKKEI225,2014-07-28,1d,15426.98,15556.62,15426.98,15529.4,,0.46,0.6639018135759622,Nikkei 225 Historical Data.csv,True
NIKKEI225,2014-07-29,1d,15564.79,15632.7,15556.02,15618.07,,0.57,0.34231107518956083,Nikkei 225 Historical Data.csv,True
NIKKEI225,2014-07-30,1d,15616.89,15666.62,15594.89,15646.23,,0.18,0.1878735138686416,Nikkei 225 Historical Data.csv,True
NIKKEI225,2014-07-31,1d,15732.78,15759.66,15618.85,15620.77,,-0.16,-0.7119530051268752,Nikkei 225 Historical Data.csv,True
NIKKEI225,2014-08-01,1d,15511.54,15602.13,15501.15,15523.11,,-0.63,0.07458962810913405,Nikkei 225 Historical Data.csv,True
NIKKEI225,2014-08-04,1d,15474.65,15535.62,15440.21,15474.5,,-0.31,-0.0009693272545741038,Nikkei 225 Historical Data.csv,True
NIKKEI225,2014-08-05,1d,15506.87,15507.32,15313.84,15320.31,,-1.0,-1.2030796672700683,Nikkei 225 Historical Data.csv,True
NIKKEI225,2014-08-06,1d,15260.0,15271.14,15121.43,15159.79,,-1.05,-0.6566841415465263,Nikkei 225 Historical Data.csv,True
NIKKEI225,2014-08-07,1d,15138.72,15243.06,15061.99,15232.37,,0.48,0.6186124058044529,Nikkei 225 Historical Data.csv,True
NIKKEI225,2014-08-08,1d,15063.73,15074.32,14753.84,14778.37,,-2.98,-1.8943515317919157,Nikkei 225 Historical Data.csv,True
NIKKEI225,2014-08-11,1d,15022.64,15161.54,14973.71,15130.52,,2.38,0.7181161233977607,Nikkei 225 Historical Data.csv,True
NIKKEI225,2014-08-12,1d,15164.73,15235.98,15125.93,15161.31,,0.2,-0.02255233030855619,Nikkei 225 Historical Data.csv,True
NIKKEI225,2014-08-13,1d,15111.76,15235.9,15108.53,15213.63,,0.35,0.6741107587732831,Nikkei 225 Historical Data.csv,True
NIKKEI225,2014-08-14,1d,15284.38,15338.85,15272.9,15314.57,,0.66,0.19752191452973022,Nikkei 225 Historical Data.csv,True
NIKKEI225,2014-08-15,1d,15317.15,15328.34,15276.99,15318.34,,0.02,0.007769069311192034,Nikkei 225 Historical Data.csv,True
NIKKEI225,2014-08-18,1d,15318.5,15365.35,15303.39,15322.6,,0.03,0.02676502268499359,Nikkei 225 Historical Data.csv,True
NIKKEI225,2014-08-19,1d,15451.94,15476.05,15429.11,15449.79,,0.83,-0.013914110461210605,Nikkei 225 Historical Data.csv,True
NIKKEI225,2014-08-20,1d,15485.93,15492.88,15433.72,15454.45,,0.03,-0.2032813011553003,Nikkei 225 Historical Data.csv,True
NIKKEI225,2014-08-21,1d,15530.98,15601.99,15525.78,15586.2,,0.85,0.3555474284301585,Nikkei 225 Historical Data.csv,True
NIKKEI225,2014-08-22,1d,15618.05,15628.78,15524.43,15539.19,,-0.3,-0.5049285922378188,Nikkei 225 Historical Data.csv,True
NIKKEI225,2014-08-25,1d,15609.43,15628.61,15553.51,15613.25,,0.48,0.02447238624343484,Nikkei 225 Historical Data.csv,True
NIKKEI225,2014-08-26,1d,15609.64,15613.34,15519.42,15521.22,,-0.59,-0.5664448379334774,Nikkei 225 Historical Data.csv,True
NIKKEI225,2014-08-27,1d,15556.56,15588.22,15465.99,15534.82,,0.09,-0.13974811912145224,Nikkei 225 Historical Data.csv,True
NIKKEI225,2014-08-28,1d,15482.27,15487.99,15423.9,15459.86,,-0.48,-0.14474621615564454,Nikkei 225 Historical Data.csv,True
NIKKEI225,2014-08-29,1d,15423.88,15447.81,15356.0,15424.59,,-0.23,0.00460325158131436,Nikkei 225 Historical Data.csv,True
NIKKEI225,2014-09-01,1d,15454.59,15478.77,15440.99,15476.6,,0.34,0.14241723656207572,Nikkei 225 Historical Data.csv,True
NIKKEI225,2014-09-02,1d,15526.94,15737.36,15516.5,15668.6,,1.24,0.9123497611248643,Nikkei 225 Historical Data.csv,True
NIKKEI225,2014-09-03,1d,15797.79,15829.38,15723.54,15728.35,,0.38,-0.43955515296759673,Nikkei 225 Historical Data.csv,True
NIKKEI225,2014-09-04,1d,15701.61,15732.76,15663.59,15676.18,,-0.33,-0.16195791386998115,Nikkei 225 Historical Data.csv,True
NIKKEI225,2014-09-05,1d,15792.64,15792.64,15641.37,15668.68,,-0.05,-0.784922596855242,Nikkei 225 Historical Data.csv,True
NIKKEI225,2014-09-08,1d,15718.13,15730.33,15656.4,15705.11,,0.23,-0.08283428117720204,Nikkei 225 Historical Data.csv,True
NIKKEI225,2014-09-09,1d,15795.82,15795.82,15736.13,15749.15,,0.28,-0.2954579122831258,Nikkei 225 Historical Data.csv,True
NIKKEI225,2014-09-10,1d,15688.55,15795.6,15664.79,15788.78,,0.25,0.6388735734022655,Nikkei 225 Historical Data.csv,True
NIKKEI225,2014-09-11,1d,15880.91,15925.51,15854.3,15909.2,,0.76,0.17813840642633139,Nikkei 225 Historical Data.csv,True
NIKKEI225,2014-09-12,1d,15885.04,15984.9,15885.04,15948.29,,0.25,0.398173375704447,Nikkei 225 Historical Data.csv,True
NIKKEI225,2014-09-16,1d,15896.06,15938.31,15871.12,15911.53,,-0.23,0.09731971318680532,Nikkei 225 Historical Data.csv,True
NIKKEI225,2014-09-17,1d,15948.15,15969.41,15888.67,15888.67,,-0.14,-0.3729586190247769,Nikkei 225 Historical Data.csv,True
NIKKEI225,2014-09-18,1d,16036.47,16106.11,16003.46,16067.57,,1.13,0.1939329540728174,Nikkei 225 Historical Data.csv,True
NIKKEI225,2014-09-19,1d,16177.94,16364.08,16170.86,16321.17,,1.58,0.8853413969887258,Nikkei 225 Historical Data.csv,True
NIKKEI225,2014-09-22,1d,16281.36,16299.13,16170.11,16205.9,,-0.71,-0.4634747957173224,Nikkei 225 Historical Data.csv,True
NIKKEI225,2014-09-24,1d,16105.56,16203.94,16094.59,16167.45,,-0.24,0.38427723096869926,Nikkei 225 Historical Data.csv,True
NIKKEI225,2014-09-25,1d,16327.19,16374.14,16303.91,16374.14,,1.28,0.2875571362861429,Nikkei 225 Historical Data.csv,True
NIKKEI225,2014-09-26,1d,16087.95,16251.67,16087.95,16229.86,,-0.88,0.8820887683017364,Nikkei 225 Historical Data.csv,True
NIKKEI225,2014-09-29,1d,16339.03,16344.32,16262.0,16310.64,,0.5,-0.17375572478905976,Nikkei 225 Historical Data.csv,True
NIKKEI225,2014-09-30,1d,16252.72,16252.72,16058.72,16173.52,,-0.84,-0.48730304835128413,Nikkei 225 Historical Data.csv,True
NIKKEI225,2014-10-01,1d,16173.39,16225.96,16081.01,16082.25,,-0.56,-0.5635182234522196,Nikkei 225 Historical Data.csv,True
NIKKEI225,2014-10-02,1d,15895.2,15922.51,15646.4,15661.99,,-2.61,-1.467172479742318,Nikkei 225 Historical Data.csv,True
NIKKEI225,2014-10-03,1d,15616.48,15708.65,15559.07,15708.65,,0.3,0.5902098296158842,Nikkei 225 Historical Data.csv,True
NIKKEI225,2014-10-06,1d,15882.28,15970.65,15808.22,15890.95,,1.16,0.05458913959457412,Nikkei 225 Historical Data.csv,True
NIKKEI225,2014-10-07,1d,15841.17,15913.52,15755.57,15783.83,,-0.67,-0.3619682132064761,Nikkei 225 Historical Data.csv,True
NIKKEI225,2014-10-08,1d,15574.6,15643.63,15520.81,15595.98,,-1.19,0.13727479357414918,Nikkei 225 Historical Data.csv,True
NIKKEI225,2014-10-09,1d,15681.53,15732.32,15461.09,15478.93,,-0.75,-1.2919657711970678,Nikkei 225 Historical Data.csv,True
NIKKEI225,2014-10-10,1d,15292.88,15345.78,15221.83,15300.55,,-1.15,0.05015405862074385,Nikkei 225 Historical Data.csv,True
NIKKEI225,2014-10-14,1d,15036.87,15089.9,14919.71,14936.51,,-2.38,-0.6674261332311859,Nikkei 225 Historical Data.csv,True
NIKKEI225,2014-10-15,1d,15009.75,15084.61,14916.65,15073.52,,0.92,0.4248571761688247,Nikkei 225 Historical Data.csv,True
NIKKEI225,2014-10-16,1d,14805.16,14807.08,14672.55,14738.38,,-2.22,-0.4510589551210531,Nikkei 225 Historical Data.csv,True
NIKKEI225,2014-10-17,1d,14796.32,14830.67,14529.03,14532.51,,-1.4,-1.7829433264487382,Nikkei 225 Historical Data.csv,True
NIKKEI225,2014-10-20,1d,14822.84,15111.23,14819.69,15111.23,,3.98,1.9455785800831737,Nikkei 225 Historical Data.csv,True
NIKKEI225,2014-10-21,1d,15115.29,15115.29,14761.84,14804.28,,-2.03,-2.0575853986261605,Nikkei 225 Historical Data.csv,True
NIKKEI225,2014-10-22,1d,15038.19,15195.78,15001.43,15195.77,,2.64,1.0478654678521826,Nikkei 225 Historical Data.csv,True
NIKKEI225,2014-10-23,1d,15093.78,15232.51,15059.64,15138.96,,-0.37,0.2993285976077509,Nikkei 225 Historical Data.csv,True
NIKKEI225,2014-10-24,1d,15354.35,15377.05,15232.0,15291.64,,1.01,-0.408418461217841,Nikkei 225 Historical Data.csv,True
NIKKEI225,2014-10-27,1d,15404.28,15424.05,15333.71,15388.72,,0.63,-0.10101088788311285,Nikkei 225 Historical Data.csv,True
NIKKEI225,2014-10-28,1d,15363.28,15374.46,15263.36,15329.91,,-0.38,-0.21720622158810654,Nikkei 225 Historical Data.csv,True
NIKKEI225,2014-10-29,1d,15442.39,15595.29,15394.79,15553.91,,1.46,0.7221680063772551,Nikkei 225 Historical Data.csv,True
NIKKEI225,2014-10-30,1d,15596.5,15701.04,15584.83,15658.2,,0.67,0.39560157727696055,Nikkei 225 Historical Data.csv,True
NIKKEI225,2014-10-31,1d,15817.14,16533.91,15817.14,16413.76,,4.83,3.771984062858391,Nikkei 225 Historical Data.csv,True
NIKKEI225,2014-11-04,1d,16732.85,17127.66,16720.99,16862.47,,2.73,0.7746438891163443,Nikkei 225 Historical Data.csv,True
NIKKEI225,2014-11-05,1d,16785.44,16995.02,16778.28,16937.32,,0.44,0.9048318066133598,Nikkei 225 Historical Data.csv,True
NIKKEI225,2014-11-06,1d,16993.46,17045.94,16725.45,16792.48,,-0.86,-1.1826902820261442,Nikkei 225 Historical Data.csv,True
NIKKEI225,2014-11-07,1d,16934.04,16938.2,16824.08,16880.38,,0.52,-0.31687653979795005,Nikkei 225 Historical Data.csv,True
NIKKEI225,2014-11-10,1d,16758.27,16818.05,16713.37,16780.53,,-0.59,0.13282994008330107,Nikkei 225 Historical Data.csv,True
NIKKEI225,2014-11-11,1d,16869.49,17160.12,16855.3,17124.11,,2.05,1.509352090667826,Nikkei 225 Historical Data.csv,True
NIKKEI225,2014-11-12,1d,17253.12,17443.74,17170.0,17197.05,,0.43,-0.3249846984197613,Nikkei 225 Historical Data.csv,True
NIKKEI225,2014-11-13,1d,17192.0,17400.77,17099.95,17392.79,,1.14,1.167926942764086,Nikkei 225 Historical Data.csv,True
NIKKEI225,2014-11-14,1d,17520.54,17520.54,17300.19,17490.83,,0.56,-0.1695723990242315,Nikkei 225 Historical Data.csv,True
NIKKEI225,2014-11-17,1d,17381.38,17409.32,16907.43,16973.8,,-2.96,-2.3449231303843687,Nikkei 225 Historical Data.csv,True
NIKKEI225,2014-11-18,1d,17188.84,17356.76,17186.5,17344.06,,2.18,0.9030277784888296,Nikkei 225 Historical Data.csv,True
NIKKEI225,2014-11-19,1d,17384.31,17472.57,17280.76,17288.75,,-0.32,-0.549691072006897,Nikkei 225 Historical Data.csv,True
NIKKEI225,2014-11-20,1d,17407.69,17407.69,17270.7,17300.86,,0.07,-0.6136942925798805,Nikkei 225 Historical Data.csv,True
NIKKEI225,2014-11-21,1d,17285.72,17381.59,17108.2,17357.51,,0.33,0.4153139122929028,Nikkei 225 Historical Data.csv,True
NIKKEI225,2014-11-25,1d,17490.39,17490.39,17372.71,17407.62,,0.29,-0.4732313001596933,Nikkei 225 Historical Data.csv,True
NIKKEI225,2014-11-26,1d,17347.97,17432.57,17335.99,17383.58,,-0.14,0.20526897383383869,Nikkei 225 Historical Data.csv,True
NIKKEI225,2014-11-27,1d,17310.49,17346.85,17212.48,17248.5,,-0.78,-0.35810655850875284,Nikkei 225 Historical Data.csv,True
NIKKEI225,2014-11-28,1d,17340.16,17471.9,17330.84,17459.85,,1.23,0.6902473794936137,Nikkei 225 Historical Data.csv,True
NIKKEI225,2014-12-01,1d,17475.1,17649.02,17474.27,17590.1,,0.75,0.6580792098471511,Nikkei 225 Historical Data.csv,True
NIKKEI225,2014-12-02,1d,17481.06,17687.7,17476.42,17663.22,,0.42,1.042042072963545,Nikkei 225 Historical Data.csv,True
NIKKEI225,2014-12-03,1d,17772.15,17881.76,17696.36,17720.43,,0.32,-0.2910171251086724,Nikkei 225 Historical Data.csv,True
NIKKEI225,2014-12-04,1d,17881.91,17912.59,17813.01,17887.21,,0.94,0.029638892042282983,Nikkei 225 Historical Data.csv,True
NIKKEI225,2014-12-05,1d,17821.85,17922.29,17759.36,17920.45,,0.19,0.5532534501188291,Nikkei 225 Historical Data.csv,True
NIKKEI225,2014-12-08,1d,18004.66,18030.83,17869.74,17935.64,,0.08,-0.3833452006313909,Nikkei 225 Historical Data.csv,True
NIKKEI225,2014-12-09,1d,17820.24,17892.16,17773.3,17813.38,,-0.68,-0.03849555337077648,Nikkei 225 Historical Data.csv,True
NIKKEI225,2014-12-10,1d,17623.35,17658.14,17308.82,17412.58,,-2.25,-1.1959701191884498,Nikkei 225 Historical Data.csv,True
NIKKEI225,2014-12-11,1d,17180.49,17289.73,17043.63,17257.4,,-0.89,0.4476589433712208,Nikkei 225 Historical Data.csv,True
NIKKEI225,2014-12-12,1d,17298.19,17526.19,17298.19,17371.58,,0.66,0.42426404149800145,Nikkei 225 Historical Data.csv,True
NIKKEI225,2014-12-15,1d,17111.49,17258.32,17037.21,17099.4,,-1.57,-0.07065427966822524,Nikkei 225 Historical Data.csv,True
NIKKEI225,2014-12-16,1d,16862.42,16895.39,16714.83,16755.32,,-2.01,-0.6351401518880362,Nikkei 225 Historical Data.csv,True
NIKKEI225,2014-12-17,1d,16689.34,16891.02,16672.94,16819.73,,0.38,0.7812771505643745,Nikkei 225 Historical Data.csv,True
NIKKEI225,2014-12-18,1d,17142.95,17274.23,17136.41,17210.05,,2.32,0.39141454650453156,Nikkei 225 Historical Data.csv,True
NIKKEI225,2014-12-19,1d,17511.01,17621.4,17471.6,17621.4,,2.39,0.6304033862124525,Nikkei 225 Historical Data.csv,True
NIKKEI225,2014-12-22,1d,17685.53,17692.58,17572.62,17635.14,,0.08,-0.28492219345419567,Nikkei 225 Historical Data.csv,True
NIKKEI225,2014-12-24,1d,17842.04,17875.41,17800.42,17854.23,,1.24,0.0683217838318928,Nikkei 225 Historical Data.csv,True
NIKKEI225,2014-12-25,1d,17804.84,17832.47,17773.59,17808.75,,-0.25,0.021960320901515118,Nikkei 225 Historical Data.csv,True
NIKKEI225,2014-12-26,1d,17778.91,17843.73,17769.01,17818.96,,0.06,0.22526690331408084,Nikkei 225 Historical Data.csv,True
NIKKEI225,2014-12-29,1d,17914.55,17914.55,17525.66,17729.84,,-0.5,-1.0310613439913352,Nikkei 225 Historical Data.csv,True
NIKKEI225,2014-12-30,1d,17702.12,17713.76,17450.77,17450.77,,-1.57,-1.4198864316816162,Nikkei 225 Historical Data.csv,True
NIKKEI225,2015-01-05,1d,17335.16,17540.92,17219.22,17408.71,,-0.24,0.42428221025938573,Nikkei 225 Historical Data.csv,True
NIKKEI225,2015-01-06,1d,17101.58,17111.36,16881.73,16883.19,,-3.02,-1.2770165095856822,Nikkei 225 Historical Data.csv,True
NIKKEI225,2015-01-07,1d,16808.26,16974.61,16808.26,16885.33,,0.01,0.45852455875863285,Nikkei 225 Historical Data.csv,True
NIKKEI225,2015-01-08,1d,17067.4,17243.71,17016.09,17167.1,,1.67,0.584154587107566,Nikkei 225 Historical Data.csv,True
NIKKEI225,2015-01-09,1d,17318.74,17342.65,17129.53,17197.73,,0.18,-0.6987228863069794,Nikkei 225 Historical Data.csv,True
NIKKEI225,2015-01-13,1d,16970.88,17087.71,16828.27,17087.71,,-0.64,0.6884145076743176,Nikkei 225 Historical Data.csv,True
NIKKEI225,2015-01-14,1d,16961.82,17036.72,16770.56,16795.96,,-1.71,-0.9778431795644638,Nikkei 225 Historical Data.csv,True
NIKKEI225,2015-01-15,1d,16872.95,17141.98,16856.22,17108.7,,1.86,1.3972067717856085,Nikkei 225 Historical Data.csv,True
NIKKEI225,2015-01-16,1d,16812.96,16864.34,16592.57,16864.16,,-1.43,0.30452698394571875,Nikkei 225 Historical Data.csv,True
NIKKEI225,2015-01-19,1d,17000.78,17039.8,16911.58,17014.29,,0.89,0.07946694210501093,Nikkei 225 Historical Data.csv,True
NIKKEI225,2015-01-20,1d,17066.77,17366.3,17066.77,17366.3,,2.07,1.7550479674830033,Nikkei 225 Historical Data.csv,True
NIKKEI225,2015-01-21,1d,17308.72,17329.03,17181.55,17280.48,,-0.49,-0.16315475667756374,Nikkei 225 Historical Data.csv,True
NIKKEI225,2015-01-22,1d,17306.64,17355.74,17229.21,17329.02,,0.28,0.12931452899003215,Nikkei 225 Historical Data.csv,True
NIKKEI225,2015-01-23,1d,17520.63,17532.06,17460.76,17511.75,,1.05,-0.05068310899779549,Nikkei 225 Historical Data.csv,True
NIKKEI225,2015-01-26,1d,17285.71,17471.94,17285.71,17468.52,,-0.25,1.0575787746063048,Nikkei 225 Historical Data.csv,True
NIKKEI225,2015-01-27,1d,17649.4,17768.41,17633.47,17768.3,,1.72,0.6736772921458911,Nikkei 225 Historical Data.csv,True
NIKKEI225,2015-01-28,1d,17615.93,17850.59,17615.93,17795.73,,0.15,1.0206670893901038,Nikkei 225 Historical Data.csv,True
NIKKEI225,2015-01-29,1d,17666.91,17778.83,17575.1,17606.22,,-1.06,-0.3435235703357242,Nikkei 225 Historical Data.csv,True
NIKKEI225,2015-01-30,1d,17788.74,17808.47,17661.1,17674.39,,0.39,-0.6428223696563262,Nikkei 225 Historical Data.csv,True
NIKKEI225,2015-02-02,1d,17536.61,17628.4,17459.45,17558.04,,-0.66,0.12220149732473651,Nikkei 225 Historical Data.csv,True
NIKKEI225,2015-02-03,1d,17654.6,17654.6,17271.87,17335.85,,-1.27,-1.805478458871912,Nikkei 225 Historical Data.csv,True
NIKKEI225,2015-02-04,1d,17549.3,17743.11,17535.04,17678.74,,1.98,0.7375792766663114,Nikkei 225 Historical Data.csv,True
NIKKEI225,2015-02-05,1d,17589.21,17619.34,17484.67,17504.62,,-0.98,-0.4809198366498513,Nikkei 225 Historical Data.csv,True
NIKKEI225,2015-02-06,1d,17696.18,17700.67,17603.07,17648.5,,0.82,-0.2694366806847648,Nikkei 225 Historical Data.csv,True
NIKKEI225,2015-02-09,1d,17790.31,17799.49,17653.61,17711.93,,0.36,-0.4405769208068899,Nikkei 225 Historical Data.csv,True
NIKKEI225,2015-02-10,1d,17662.67,17673.27,17550.03,17652.68,,-0.33,-0.05655996516946704,Nikkei 225 Historical Data.csv,True
NIKKEI225,2015-02-12,1d,17899.4,18005.45,17884.34,17979.72,,1.85,0.4487301250321263,Nikkei 225 Historical Data.csv,True
NIKKEI225,2015-02-13,1d,17892.1,17962.11,17864.55,17913.36,,-0.37,0.118823391329137,Nikkei 225 Historical Data.csv,True
NIKKEI225,2015-02-16,1d,18024.01,18074.26,17978.9,18004.77,,0.51,-0.10674650091737625,Nikkei 225 Historical Data.csv,True
NIKKEI225,2015-02-17,1d,17949.7,18009.45,17901.26,17987.09,,-0.1,0.20830431706380104,Nikkei 225 Historical Data.csv,True
NIKKEI225,2015-02-18,1d,18103.98,18202.61,18092.32,18199.17,,1.18,0.5257959851922012,Nikkei 225 Historical Data.csv,True
NIKKEI225,2015-02-19,1d,18237.35,18322.5,18237.35,18264.79,,0.36,0.15046045615181303,Nikkei 225 Historical Data.csv,True
NIKKEI225,2015-02-20,1d,18336.5,18360.92,18297.67,18332.3,,0.37,-0.022905134567674512,Nikkei 225 Historical Data.csv,True
NIKKEI225,2015-02-23,1d,18499.58,18509.08,18402.02,18466.92,,0.73,-0.17654454857896074,Nikkei 225 Historical Data.csv,True
NIKKEI225,2015-02-24,1d,18468.39,18603.48,18427.98,18603.48,,0.74,0.7314660346678936,Nikkei 225 Historical Data.csv,True
NIKKEI225,2015-02-25,1d,18636.34,18648.77,18552.81,18585.2,,-0.1,-0.2744101041298852,Nikkei 225 Historical Data.csv,True
NIKKEI225,2015-02-26,1d,18587.87,18790.83,18587.13,18785.79,,1.08,1.064780418627853,Nikkei 225 Historical Data.csv,True
NIKKEI225,2015-02-27,1d,18844.28,18865.39,18714.64,18797.94,,0.06,-0.2459101647821038,Nikkei 225 Historical Data.csv,True
NIKKEI225,2015-03-02,1d,18863.53,18939.17,18775.23,18826.88,,0.15,-0.19429025214261486,Nikkei 225 Historical Data.csv,True
NIKKEI225,2015-03-03,1d,18910.52,18910.52,18730.57,18815.16,,-0.06,-0.5042695811643516,Nikkei 225 Historical Data.csv,True
NIKKEI225,2015-03-04,1d,18716.78,18732.66,18586.84,18703.6,,-0.59,-0.070418095420266,Nikkei 225 Historical Data.csv,True
NIKKEI225,2015-03-05,1d,18658.16,18767.5,18655.36,18751.84,,0.26,0.5020859505974862,Nikkei 225 Historical Data.csv,True
NIKKEI225,2015-03-06,1d,18814.85,18979.64,18808.3,18971.0,,1.17,0.8299295503286119,Nikkei 225 Historical Data.csv,True
NIKKEI225,2015-03-09,1d,18872.96,18878.15,18733.87,18790.55,,-0.95,-0.4366564651225868,Nikkei 225 Historical Data.csv,True
NIKKEI225,2015-03-10,1d,18891.01,18924.38,18577.06,18665.11,,-0.67,-1.1958068943904943,Nikkei 225 Historical Data.csv,True
NIKKEI225,2015-03-11,1d,18604.87,18836.93,18583.52,18723.52,,0.31,0.6377362486273741,Nikkei 225 Historical Data.csv,True
NIKKEI225,2015-03-12,1d,18787.1,19008.13,18774.42,18991.11,,1.43,1.0859046899202252,Nikkei 225 Historical Data.csv,True
NIKKEI225,2015-03-13,1d,19119.58,19335.8,19042.25,19254.25,,1.39,0.7043564764497967,Nikkei 225 Historical Data.csv,True
NIKKEI225,2015-03-16,1d,19245.38,19349.2,19226.71,19246.06,,-0.04,0.0035333155282035733,Nikkei 225 Historical Data.csv,True
NIKKEI225,2015-03-17,1d,19425.89,19479.89,19373.39,19437.0,,0.99,0.05719171682738722,Nikkei 225 Historical Data.csv,True
NIKKEI225,2015-03-18,1d,19407.76,19555.72,19389.24,19544.48,,0.55,0.7044604838477131,Nikkei 225 Historical Data.csv,True
NIKKEI225,2015-03-19,1d,19509.42,19557.17,19312.7,19476.56,,-0.35,-0.16843145516369784,Nikkei 225 Historical Data.csv,True
NIKKEI225,2015-03-20,1d,19479.71,19565.44,19416.63,19560.22,,0.43,0.41330184073582465,Nikkei 225 Historical Data.csv,True
NIKKEI225,2015-03-23,1d,19607.98,19778.6,19584.73,19754.36,,0.99,0.7465327892011375,Nikkei 225 Historical Data.csv,True
NIKKEI225,2015-03-24,1d,19718.99,19770.64,19646.35,19713.45,,-0.21,-0.02809474521768829,Nikkei 225 Historical Data.csv,True
NIKKEI225,2015-03-25,1d,19745.75,19775.45,19542.22,19746.2,,0.17,0.0022789714242410497,Nikkei 225 Historical Data.csv,True
NIKKEI225,2015-03-26,1d,19605.6,19623.11,19397.01,19471.12,,-1.39,-0.6859264699881629,Nikkei 225 Historical Data.csv,True
NIKKEI225,2015-03-27,1d,19374.72,19590.03,19099.87,19285.63,,-0.95,-0.4598260000660659,Nikkei 225 Historical Data.csv,True
NIKKEI225,2015-03-30,1d,19295.21,19474.07,19227.29,19411.4,,0.65,0.6021701759141296,Nikkei 225 Historical Data.csv,True
NIKKEI225,2015-03-31,1d,19592.43,19607.25,19206.99,19206.99,,-1.05,-1.9672904279867232,Nikkei 225 Historical Data.csv,True
NIKKEI225,2015-04-01,1d,19129.75,19195.23,18927.95,19034.84,,-0.9,-0.4961382140383441,Nikkei 225 Historical Data.csv,True
NIKKEI225,2015-04-02,1d,19141.93,19433.89,19115.14,19312.79,,1.46,0.8925954697358129,Nikkei 225 Historical Data.csv,True
NIKKEI225,2015-04-03,1d,19289.04,19435.08,19289.04,19435.08,,0.63,0.7571138843612824,Nikkei 225 Historical Data.csv,True
NIKKEI225,2015-04-06,1d,19295.03,19424.09,19241.29,19397.98,,-0.19,0.5335570869804407,Nikkei 225 Historical Data.csv,True
NIKKEI225,2015-04-07,1d,19539.03,19667.48,19501.31,19640.54,,1.25,0.519524254786452,Nikkei 225 Historical Data.csv,True
NIKKEI225,2015-04-08,1d,19729.7,19845.53,19693.63,19789.81,,0.76,0.30466758237581715,Nikkei 225 Historical Data.csv,True
NIKKEI225,2015-04-09,1d,19851.12,19957.32,19822.49,19937.72,,0.75,0.4362474258379434,Nikkei 225 Historical Data.csv,True
NIKKEI225,2015-04-10,1d,19989.55,20006.0,19845.31,19907.63,,-0.15,-0.4098141278818135,Nikkei 225 Historical Data.csv,True
NIKKEI225,2015-04-13,1d,19967.38,19975.66,19825.69,19905.46,,-0.01,-0.3101057825313225,Nikkei 225 Historical Data.csv,True
NIKKEI225,2015-04-14,1d,19828.65,19922.5,19828.65,19908.68,,0.02,0.4036079107755608,Nikkei 225 Historical Data.csv,True
NIKKEI225,2015-04-15,1d,19838.53,19913.42,19823.86,19869.76,,-0.2,0.15742093794248735,Nikkei 225 Historical Data.csv,True
NIKKEI225,2015-04-16,1d,19862.48,19894.35,19742.12,19885.77,,0.08,0.11725625400251793,Nikkei 225 Historical Data.csv,True
NIKKEI225,2015-04-17,1d,19810.4,19815.25,19638.37,19652.88,,-1.17,-0.795137907361787,Nikkei 225 Historical Data.csv,True
NIKKEI225,2015-04-20,1d,19501.0,19725.86,19474.23,19634.49,,-0.09,0.684528998512901,Nikkei 225 Historical Data.csv,True
NIKKEI225,2015-04-21,1d,19731.57,19909.09,19678.22,19909.09,,1.4,0.8996749878494192,Nikkei 225 Historical Data.csv,True
NIKKEI225,2015-04-22,1d,19999.84,20144.66,19983.0,20133.9,,1.13,0.6703053624429023,Nikkei 225 Historical Data.csv,True
NIKKEI225,2015-04-23,1d,20227.28,20252.12,20116.19,20187.65,,0.27,-0.19592352506119237,Nikkei 225 Historical Data.csv,True
NIKKEI225,2015-04-24,1d,20142.47,20142.47,20013.74,20020.04,,-0.83,-0.6078201928561899,Nikkei 225 Historical Data.csv,True
NIKKEI225,2015-04-27,1d,20063.8,20069.24,19909.86,19983.32,,-0.18,-0.40112042584156127,Nikkei 225 Historical Data.csv,True
NIKKEI225,2015-04-28,1d,20068.65,20133.78,20031.71,20058.95,,0.38,-0.04833409322501092,Nikkei 225 Historical Data.csv,True
NIKKEI225,2015-04-30,1d,19670.41,19852.66,19502.61,19520.01,,-2.69,-0.7646002294817489,Nikkei 225 Historical Data.csv,True
NIKKEI225,2015-05-01,1d,19510.85,19549.39,19399.16,19531.63,,0.06,0.10650484217757938,Nikkei 225 Historical Data.csv,True
NIKKEI225,2015-05-07,1d,19356.46,19461.08,19257.85,19291.99,,-1.23,-0.3330671000792318,Nikkei 225 Historical Data.csv,True
NIKKEI225,2015-05-08,1d,19315.63,19458.75,19302.71,19379.19,,0.45,0.3290599374703218,Nikkei 225 Historical Data.csv,True
NIKKEI225,2015-05-11,1d,19637.58,19679.63,19586.81,19620.91,,1.25,-0.08488826016240791,Nikkei 225 Historical Data.csv,True
NIKKEI225,2015-05-12,1d,19608.23,19626.75,19467.65,19624.84,,0.02,0.08470932868493986,Nikkei 225 Historical Data.csv,True
NIKKEI225,2015-05-13,1d,19568.76,19791.88,19494.7,19764.72,,0.71,1.00139201461924,Nikkei 225 Historical Data.csv,True
NIKKEI225,2015-05-14,1d,19661.52,19717.8,19546.82,19570.24,,-0.98,-0.46425708693935697,Nikkei 225 Historical Data.csv,True
NIKKEI225,2015-05-15,1d,19693.17,19750.76,19633.75,19732.92,,0.83,0.20184663007529746,Nikkei 225 Historical Data.csv,True
NIKKEI225,2015-05-18,1d,19766.16,19890.27,19741.22,19890.27,,0.8,0.6278913051396939,Nikkei 225 Historical Data.csv,True
NIKKEI225,2015-05-19,1d,19977.14,20087.7,19946.75,20026.38,,0.68,0.24648172861581052,Nikkei 225 Historical Data.csv,True
NIKKEI225,2015-05-20,1d,20175.59,20278.89,20148.51,20196.56,,0.85,0.10393748088655119,Nikkei 225 Historical Data.csv,True
NIKKEI225,2015-05-21,1d,20215.46,20320.9,20175.78,20202.87,,0.03,-0.062279067604698035,Nikkei 225 Historical Data.csv,True
NIKKEI225,2015-05-22,1d,20208.85,20278.31,20130.84,20264.41,,0.3,0.2749290533602844,Nikkei 225 Historical Data.csv,True
NIKKEI225,2015-05-25,1d,20331.92,20417.77,20318.54,20413.77,,0.74,0.40256896544941245,Nikkei 225 Historical Data.csv,True
NIKKEI225,2015-05-26,1d,20431.27,20473.85,20378.77,20437.48,,0.12,0.03039458633751213,Nikkei 225 Historical Data.csv,True
NIKKEI225,2015-05-27,1d,20380.64,20513.22,20363.21,20472.58,,0.17,0.4511143909121662,Nikkei 225 Historical Data.csv,True
NIKKEI225,2015-05-28,1d,20590.28,20655.33,20473.27,20551.46,,0.39,-0.18853556143967332,Nikkei 225 Historical Data.csv,True
NIKKEI225,2015-05-29,1d,20510.27,20636.41,20508.4,20563.15,,0.06,0.2578220569500189,Nikkei 225 Historical Data.csv,True
NIKKEI225,2015-06-01,1d,20444.54,20595.41,20410.27,20569.87,,0.03,0.6130243086907239,Nikkei 225 Historical Data.csv,True
NIKKEI225,2015-06-02,1d,20604.67,20619.61,20470.26,20543.19,,-0.13,-0.29837895972126827,Nikkei 225 Historical Data.csv,True
NIKKEI225,2015-06-03,1d,20443.15,20506.35,20397.73,20473.51,,-0.34,0.14850940290511705,Nikkei 225 Historical Data.csv,True
NIKKEI225,2015-06-04,1d,20539.94,20552.46,20438.21,20488.19,,0.07,-0.25194815564213435,Nikkei 225 Historical Data.csv,True
NIKKEI225,2015-06-05,1d,20398.76,20480.25,20363.18,20460.9,,-0.13,0.30462635964148,Nikkei 225 Historical Data.csv,True
NIKKEI225,2015-06-08,1d,20537.85,20544.94,20359.06,20457.19,,-0.02,-0.39273828565307145,Nikkei 225 Historical Data.csv,True
NIKKEI225,2015-06-09,1d,20293.05,20332.42,20095.48,20096.3,,-1.76,-0.9695437600557799,Nikkei 225 Historical Data.csv,True
NIKKEI225,2015-06-10,1d,20126.36,20264.92,20016.32,20046.36,,-0.25,-0.3974886666043953,Nikkei 225 Historical Data.csv,True
NIKKEI225,2015-06-11,1d,20183.61,20382.97,20178.04,20382.97,,1.68,0.9877321252243831,Nikkei 225 Historical Data.csv,True
NIKKEI225,2015-06-12,1d,20431.78,20437.26,20331.19,20407.08,,0.12,-0.1208901035543497,Nikkei 225 Historical Data.csv,True
NIKKEI225,2015-06-15,1d,20205.1,20401.48,20205.1,20387.79,,-0.09,0.9041776581160343,Nikkei 225 Historical Data.csv,True
NIKKEI225,2015-06-16,1d,20332.83,20368.21,20234.16,20257.94,,-0.64,-0.3683205928540323,Nikkei 225 Historical Data.csv,True
NIKKEI225,2015-06-17,1d,20306.1,20323.08,20126.57,20219.27,,-0.19,-0.4276054978553101,Nikkei 225 Historical Data.csv,True
NIKKEI225,2015-06-18,1d,20193.59,20200.51,19990.55,19990.82,,-1.13,-1.0041305186447747,Nikkei 225 Historical Data.csv,True
NIKKEI225,2015-06-19,1d,20152.41,20194.45,20075.91,20174.24,,0.92,0.10832451304831903,Nikkei 225 Historical Data.csv,True
NIKKEI225,2015-06-22,1d,20174.14,20433.3,20174.14,20428.19,,1.26,1.2592854020047506,Nikkei 225 Historical Data.csv,True
NIKKEI225,2015-06-23,1d,20547.74,20809.42,20531.13,20809.42,,1.87,1.273522051573539,Nikkei 225 Historical Data.csv,True
NIKKEI225,2015-06-24,1d,20889.32,20952.71,20838.22,20868.03,,0.28,-0.1019181093496635,Nikkei 225 Historical Data.csv,True
NIKKEI225,2015-06-25,1d,20777.69,20866.58,20758.6,20771.4,,-0.46,-0.030272855163382406,Nikkei 225 Historical Data.csv,True
NIKKEI225,2015-06-26,1d,20758.43,20785.76,20650.0,20706.15,,-0.31,-0.2518494895808576,Nikkei 225 Historical Data.csv,True
NIKKEI225,2015-06-29,1d,20305.97,20361.6,20093.16,20109.95,,-2.88,-0.965331870380981,Nikkei 225 Historical Data.csv,True
NIKKEI225,2015-06-30,1d,20174.61,20243.18,20118.26,20235.73,,0.63,0.3029550509278778,Nikkei 225 Historical Data.csv,True
NIKKEI225,2015-07-01,1d,20291.05,20346.74,20225.27,20329.32,,0.46,0.1886053210651939,Nikkei 225 Historical Data.csv,True
NIKKEI225,2015-07-02,1d,20565.94,20601.73,20479.85,20522.5,,0.95,-0.21122302214242605,Nikkei 225 Historical Data.csv,True
NIKKEI225,2015-07-03,1d,20476.69,20557.51,20431.25,20539.79,,0.08,0.3081552731422965,Nikkei 225 Historical Data.csv,True
NIKKEI225,2015-07-06,1d,20200.15,20310.72,20012.23,20112.12,,-2.08,-0.4357888431521628,Nikkei 225 Historical Data.csv,True
NIKKEI225,2015-07-07,1d,20354.23,20428.0,20337.18,20376.59,,1.31,0.10985431529466627,Nikkei 225 Historical Data.csv,True
NIKKEI225,2015-07-08,1d,20282.49,20310.89,19737.64,19737.64,,-3.14,-2.686307253202158,Nikkei 225 Historical Data.csv,True
NIKKEI225,2015-07-09,1d,19422.78,19855.5,19115.2,19855.5,,0.6,2.2278994047196132,Nikkei 225 Historical Data.csv,True
NIKKEI225,2015-07-10,1d,19829.93,19978.24,19720.15,19779.83,,-0.38,-0.25264839563224895,Nikkei 225 Historical Data.csv,True
NIKKEI225,2015-07-13,1d,19929.92,20120.15,19911.39,20089.77,,1.57,0.8020604197106707,Nikkei 225 Historical Data.csv,True
NIKKEI225,2015-07-14,1d,20355.33,20435.53,20322.2,20385.33,,1.47,0.14738154576712237,Nikkei 225 Historical Data.csv,True
NIKKEI225,2015-07-15,1d,20478.85,20496.6,20401.09,20463.33,,0.38,-0.07578550553374308,Nikkei 225 Historical Data.csv,True
NIKKEI225,2015-07-16,1d,20588.98,20612.5,20522.25,20600.12,,0.67,0.05410661431504149,Nikkei 225 Historical Data.csv,True
NIKKEI225,2015-07-17,1d,20646.63,20658.95,20611.22,20650.92,,0.25,0.020778209325178487,Nikkei 225 Historical Data.csv,True
NIKKEI225,2015-07-21,1d,20763.31,20850.0,20710.34,20841.97,,0.93,0.3788413311750283,Nikkei 225 Historical Data.csv,True
NIKKEI225,2015-07-22,1d,20657.8,20677.84,20576.19,20593.67,,-1.19,-0.3104396402327514,Nikkei 225 Historical Data.csv,True
NIKKEI225,2015-07-23,1d,20693.57,20708.23,20648.76,20683.95,,0.44,-0.04648787038679103,Nikkei 225 Historical Data.csv,True
NIKKEI225,2015-07-24,1d,20603.63,20631.54,20527.78,20544.53,,-0.67,-0.2868426583082839,Nikkei 225 Historical Data.csv,True
NIKKEI225,2015-07-27,1d,20374.05,20486.93,20278.73,20350.1,,-0.95,-0.11755149319846447,Nikkei 225 Historical Data.csv,True
NIKKEI225,2015-07-28,1d,20188.57,20423.58,20070.62,20328.89,,-0.1,0.6950467517015779,Nikkei 225 Historical Data.csv,True
NIKKEI225,2015-07-29,1d,20425.69,20425.69,20205.21,20302.91,,-0.13,-0.6011057643585005,Nikkei 225 Historical Data.csv,True
NIKKEI225,2015-07-30,1d,20450.61,20583.57,20443.89,20522.83,,1.08,0.3531435003650385,Nikkei 225 Historical Data.csv,True
NIKKEI225,2015-07-31,1d,20506.55,20585.24,20466.8,20585.24,,0.3,0.38373105178590716,Nikkei 225 Historical Data.csv,True
NIKKEI225,2015-08-03,1d,20540.21,20562.2,20396.5,20548.11,,-0.18,0.03846114523660127,Nikkei 225 Historical Data.csv,True
NIKKEI225,2015-08-04,1d,20462.18,20552.04,20448.49,20520.36,,-0.14,0.2843294311749789,Nikkei 225 Historical Data.csv,True
NIKKEI225,2015-08-05,1d,20490.15,20715.48,20469.87,20614.06,,0.46,0.604729589583286,Nikkei 225 Historical Data.csv,True
NIKKEI225,2015-08-06,1d,20768.77,20817.48,20664.44,20664.44,,0.24,-0.502340774152743,Nikkei 225 Historical Data.csv,True
NIKKEI225,2015-08-07,1d,20601.57,20754.0,20567.51,20724.56,,0.29,0.5969933359447843,Nikkei 225 Historical Data.csv,True
NIKKEI225,2015-08-10,1d,20618.31,20820.86,20617.05,20808.69,,0.41,0.9233540479311797,Nikkei 225 Historical Data.csv,True
NIKKEI225,2015-08-11,1d,20920.6,20946.93,20582.01,20720.75,,-0.42,-0.9552785292964772,Nikkei 225 Historical Data.csv,True
NIKKEI225,2015-08-12,1d,20632.68,20703.2,20303.02,20392.77,,-1.58,-1.1627670278412716,Nikkei 225 Historical Data.csv,True
NIKKEI225,2015-08-13,1d,20392.54,20633.91,20306.98,20595.55,,0.99,0.9955111035702124,Nikkei 225 Historical Data.csv,True
NIKKEI225,2015-08-14,1d,20518.36,20605.46,20484.67,20519.45,,-0.37,0.005312315409233825,Nikkei 225 Historical Data.csv,True
NIKKEI225,2015-08-17,1d,20600.16,20668.87,20541.0,20620.26,,0.49,0.0975720576927408,Nikkei 225 Historical Data.csv,True
NIKKEI225,2015-08-18,1d,20640.59,20663.18,20545.25,20554.47,,-0.32,-0.41723613520736613,Nikkei 225 Historical Data.csv,True
NIKKEI225,2015-08-19,1d,20467.49,20521.97,20218.03,20222.63,,-1.61,-1.1963362385910559,Nikkei 225 Historical Data.csv,True
NIKKEI225,2015-08-20,1d,20194.26,20246.47,20033.29,20033.52,,-0.94,-0.795968755478027,Nikkei 225 Historical Data.csv,True
NIKKEI225,2015-08-21,1d,19711.34,19737.54,19435.83,19435.83,,-2.98,-1.3977233409803613,Nikkei 225 Historical Data.csv,True
NIKKEI225,2015-08-24,1d,19075.05,19154.65,18498.8,18540.68,,-4.61,-2.801408122128113,Nikkei 225 Historical Data.csv,True
NIKKEI225,2015-08-25,1d,18171.66,18835.35,17747.5,17806.7,,-3.96,-2.0084020942500502,Nikkei 225 Historical Data.csv,True
NIKKEI225,2015-08-26,1d,17894.29,18442.84,17714.3,18376.83,,3.2,2.6966143948712107,Nikkei 225 Historical Data.csv,True
NIKKEI225,2015-08-27,1d,18680.47,18810.05,18486.46,18574.44,,1.08,-0.5675981385907414,Nikkei 225 Historical Data.csv,True
NIKKEI225,2015-08-28,1d,18908.73,19192.82,18901.09,19136.32,,3.03,1.2036239345529776,Nikkei 225 Historical Data.csv,True
NIKKEI225,2015-08-31,1d,19006.98,19019.61,18749.77,18890.48,,-1.28,-0.6129327226103265,Nikkei 225 Historical Data.csv,True
NIKKEI225,2015-09-01,1d,18763.72,18777.47,18165.69,18165.69,,-3.84,-3.1871611812583134,Nikkei 225 Historical Data.csv,True
NIKKEI225,2015-09-02,1d,17861.81,18467.44,17857.3,18095.4,,-0.39,1.3077622032705571,Nikkei 225 Historical Data.csv,True
NIKKEI225,2015-09-03,1d,18359.53,18481.57,18176.75,18182.39,,0.48,-0.9648395138655452,Nikkei 225 Historical Data.csv,True
NIKKEI225,2015-09-04,1d,18312.13,18312.13,17608.17,17792.16,,-2.15,-2.839483992304559,Nikkei 225 Historical Data.csv,True
NIKKEI225,2015-09-07,1d,17674.82,18013.64,17478.72,17860.47,,0.38,1.0503643035685961,Nikkei 225 Historical Data.csv,True
NIKKEI225,2015-09-08,1d,17941.91,17962.56,17415.61,17427.08,,-2.43,-2.8694269450688203,Nikkei 225 Historical Data.csv,True
NIKKEI225,2015-09-09,1d,17758.13,18770.51,17756.76,18770.51,,7.71,5.700938105532494,Nikkei 225 Historical Data.csv,True
NIKKEI225,2015-09-10,1d,18418.64,18420.56,17956.15,18299.62,,-2.51,-0.6461932042756691,Nikkei 225 Historical Data.csv,True
NIKKEI225,2015-09-11,1d,18155.71,18362.99,18124.35,18264.22,,-0.19,0.5976632144928606,Nikkei 225 Historical Data.csv,True
NIKKEI225,2015-09-14,1d,18341.01,18344.07,17925.09,17965.7,,-1.63,-2.046288617693337,Nikkei 225 Historical Data.csv,True
NIKKEI225,2015-09-15,1d,18082.72,18329.57,17995.98,18026.48,,0.34,-0.3110151570117847,Nikkei 225 Historical Data.csv,True
NIKKEI225,2015-09-16,1d,18238.15,18291.97,18094.99,18171.6,,0.81,-0.3648944657215991,Nikkei 225 Historical Data.csv,True
NIKKEI225,2015-09-17,1d,18361.99,18468.2,18289.63,18432.27,,1.43,0.38274718589867973,Nikkei 225 Historical Data.csv,True
NIKKEI225,2015-09-18,1d,18275.48,18295.9,18069.5,18070.21,,-1.96,-1.1231989529139619,Nikkei 225 Historical Data.csv,True
NIKKEI225,2015-09-24,1d,17803.41,17865.84,17571.83,17571.83,,-2.76,-1.300762045023951,Nikkei 225 Historical Data.csv,True
NIKKEI225,2015-09-25,1d,17618.3,17880.51,17483.69,17880.51,,1.76,1.488282070347302,Nikkei 225 Historical Data.csv,True
NIKKEI225,2015-09-28,1d,17811.12,17886.49,17562.6,17645.11,,-1.32,-0.9320581748929802,Nikkei 225 Historical Data.csv,True
NIKKEI225,2015-09-29,1d,17359.38,17366.95,16901.49,16930.84,,-4.05,-2.4686365526879417,Nikkei 225 Historical Data.csv,True
NIKKEI225,2015-09-30,1d,17193.84,17460.97,17179.4,17388.15,,2.7,1.1301140408425336,Nikkei 225 Historical Data.csv,True
NIKKEI225,2015-10-01,1d,17479.97,17831.58,17389.57,17722.42,,1.92,1.3870161104395429,Nikkei 225 Historical Data.csv,True
NIKKEI225,2015-10-02,1d,17564.39,17775.77,17537.85,17725.13,,0.02,0.9151470674472639,Nikkei 225 Historical Data.csv,True
NIKKEI225,2015-10-05,1d,17921.0,18079.46,17869.74,18005.49,,1.58,0.4714580659561429,Nikkei 225 Historical Data.csv,True
NIKKEI225,2015-10-06,1d,18302.41,18372.72,18094.85,18186.1,,1.0,-0.6354900802681196,Nikkei 225 Historical Data.csv,True
NIKKEI225,2015-10-07,1d,18168.2,18379.23,18043.08,18322.98,,0.75,0.8519280941424956,Nikkei 225 Historical Data.csv,True
NIKKEI225,2015-10-08,1d,18310.62,18400.69,18121.68,18141.17,,-0.99,-0.9254192375790726,Nikkei 225 Historical Data.csv,True
NIKKEI225,2015-10-09,1d,18281.51,18438.67,18184.96,18438.67,,1.64,0.8596664061119696,Nikkei 225 Historical Data.csv,True
NIKKEI225,2015-10-13,1d,18335.15,18359.71,18223.8,18234.74,,-1.11,-0.547636643278071,Nikkei 225 Historical Data.csv,True
NIKKEI225,2015-10-14,1d,18106.66,18126.39,17831.53,17891.0,,-1.89,-1.191053457678004,Nikkei 225 Historical Data.csv,True
NIKKEI225,2015-10-15,1d,17804.91,18170.67,17758.12,18096.9,,1.15,1.6399408927088244,Nikkei 225 Historical Data.csv,True
NIKKEI225,2015-10-16,1d,18300.83,18397.52,18238.78,18291.8,,1.08,-0.049342024378140614,Nikkei 225 Historical Data.csv,True
NIKKEI225,2015-10-19,1d,18282.78,18314.09,18078.43,18131.23,,-0.88,-0.8289220785897999,Nikkei 225 Historical Data.csv,True
NIKKEI225,2015-10-20,1d,18245.54,18253.13,18147.98,18207.15,,0.42,-0.21040758453846342,Nikkei 225 Historical Data.csv,True
NIKKEI225,2015-10-21,1d,18167.64,18605.41,18167.64,18554.28,,1.91,2.1281795544165316,Nikkei 225 Historical Data.csv,True
NIKKEI225,2015-10-22,1d,18443.69,18579.14,18376.01,18435.87,,-0.64,-0.04239932464706886,Nikkei 225 Historical Data.csv,True
NIKKEI225,2015-10-23,1d,18762.65,18915.64,18746.61,18825.3,,2.11,0.33390805669772927,Nikkei 225 Historical Data.csv,True
NIKKEI225,2015-10-26,1d,19036.13,19088.76,18937.45,18947.12,,0.65,-0.4675845353020902,Nikkei 225 Historical Data.csv,True
NIKKEI225,2015-10-27,1d,18961.16,18964.99,18760.79,18777.04,,-0.9,-0.9710376369378215,Nikkei 225 Historical Data.csv,True
NIKKEI225,2015-10-28,1d,18826.94,18925.51,18815.12,18903.02,,0.67,0.40410178180840806,Nikkei 225 Historical Data.csv,True
NIKKEI225,2015-10-29,1d,19046.16,19080.89,18809.48,18935.71,,0.17,-0.5799069208701435,Nikkei 225 Historical Data.csv,True
NIKKEI225,2015-10-30,1d,18924.31,19202.34,18784.69,19083.1,,0.78,0.8390794697402226,Nikkei 225 Historical Data.csv,True
NIKKEI225,2015-11-02,1d,18827.11,18861.11,18641.22,18683.24,,-2.1,-0.76416401667595,Nikkei 225 Historical Data.csv,True
NIKKEI225,2015-11-04,1d,18941.32,19151.89,18926.91,18926.91,,1.3,-0.07607706326697716,Nikkei 225 Historical Data.csv,True
NIKKEI225,2015-11-05,1d,19029.44,19167.09,18995.96,19116.41,,1.0,0.45702868818000564,Nikkei 225 Historical Data.csv,True
NIKKEI225,2015-11-06,1d,19194.34,19294.15,19164.86,19265.6,,0.78,0.37125527629497945,Nikkei 225 Historical Data.csv,True
NIKKEI225,2015-11-09,1d,19411.51,19684.41,19389.74,19642.74,,1.96,1.1912004784790264,Nikkei 225 Historical Data.csv,True
NIKKEI225,2015-11-10,1d,19457.05,19674.05,19457.05,19671.26,,0.15,1.1009377063840642,Nikkei 225 Historical Data.csv,True
NIKKEI225,2015-11-11,1d,19602.01,19724.12,19602.01,19691.39,,0.1,0.45597364760043835,Nikkei 225 Historical Data.csv,True
NIKKEI225,2015-11-12,1d,19644.65,19725.83,19597.99,19697.77,,0.03,0.2704044103610803,Nikkei 225 Historical Data.csv,True
NIKKEI225,2015-11-13,1d,19495.26,19601.49,19388.91,19596.91,,-0.51,0.5214087937273071,Nikkei 225 Historical Data.csv,True
NIKKEI225,2015-11-16,1d,19263.96,19451.09,19252.04,19393.69,,-1.04,0.6734337072959118,Nikkei 225 Historical Data.csv,True
NIKKEI225,2015-11-17,1d,19641.67,19726.01,19628.84,19630.63,,1.22,-0.05620703331232768,Nikkei 225 Historical Data.csv,True
NIKKEI225,2015-11-18,1d,19771.86,19840.0,19643.97,19649.18,,0.09,-0.6204777901522629,Nikkei 225 Historical Data.csv,True
NIKKEI225,2015-11-19,1d,19851.24,19959.06,19761.56,19859.81,,1.07,0.0431711066915641,Nikkei 225 Historical Data.csv,True
NIKKEI225,2015-11-20,1d,19800.2,19879.81,19715.74,19879.81,,0.1,0.40206664579145457,Nikkei 225 Historical Data.csv,True
NIKKEI225,2015-11-24,1d,19875.99,19954.0,19834.76,19924.89,,0.23,0.24602548099490473,Nikkei 225 Historical Data.csv,True
NIKKEI225,2015-11-25,1d,19856.84,19871.75,19786.53,19847.58,,-0.39,-0.046633804774565135,Nikkei 225 Historical Data.csv,True
NIKKEI225,2015-11-26,1d,19929.97,19992.44,19926.1,19944.41,,0.49,0.07245369661870171,Nikkei 225 Historical Data.csv,True
NIKKEI225,2015-11-27,1d,19994.05,19994.05,19831.25,19883.94,,-0.3,-0.5507138373666232,Nikkei 225 Historical Data.csv,True
NIKKEI225,2015-11-30,1d,19857.38,19867.95,19707.67,19747.47,,-0.69,-0.5534969870144013,Nikkei 225 Historical Data.csv,True
NIKKEI225,2015-12-01,1d,19799.08,20012.4,19797.55,20012.4,,1.34,1.077423799489674,Nikkei 225 Historical Data.csv,True
NIKKEI225,2015-12-02,1d,19957.5,20002.12,19926.22,19938.13,,-0.37,-0.09705624451959993,Nikkei 225 Historical Data.csv,True
NIKKEI225,2015-12-03,1d,19894.63,19967.88,19862.74,19939.9,,0.01,0.2275488410691695,Nikkei 225 Historical Data.csv,True
NIKKEI225,2015-12-04,1d,19616.52,19660.9,19444.54,19504.48,,-2.18,-0.5711512541470176,Nikkei 225 Historical Data.csv,True
NIKKEI225,2015-12-07,1d,19710.39,19811.51,19677.21,19698.15,,0.99,-0.06209922786915012,Nikkei 225 Historical Data.csv,True
NIKKEI225,2015-12-08,1d,19689.87,19764.21,19475.28,19492.6,,-1.04,-1.0018857412466442,Nikkei 225 Historical Data.csv,True
NIKKEI225,2015-12-09,1d,19391.5,19475.4,19260.12,19301.07,,-0.98,-0.4663383441198432,Nikkei 225 Historical Data.csv,True
NIKKEI225,2015-12-10,1d,19070.02,19125.06,19025.78,19046.55,,-1.32,-0.12307276028027392,Nikkei 225 Historical Data.csv,True
NIKKEI225,2015-12-11,1d,19020.75,19282.21,19020.75,19230.48,,0.97,1.1026379085998128,Nikkei 225 Historical Data.csv,True
NIKKEI225,2015-12-14,1d,18887.09,18911.78,18611.09,18883.42,,-1.8,-0.01943126230670167,Nikkei 225 Historical Data.csv,True
NIKKEI225,2015-12-15,1d,18869.04,18897.87,18562.51,18565.9,,-1.68,-1.606547020940119,Nikkei 225 Historical Data.csv,True
NIKKEI225,2015-12-16,1d,18868.2,19054.89,18859.11,19049.91,,2.61,0.9630489394854891,Nikkei 225 Historical Data.csv,True
NIKKEI225,2015-12-17,1d,19364.57,19507.17,19325.15,19353.56,,1.59,-0.05685641354287174,Nikkei 225 Historical Data.csv,True
NIKKEI225,2015-12-18,1d,19320.46,19869.08,18982.25,18986.8,,-1.9,-1.7269775150281053,Nikkei 225 Historical Data.csv,True
NIKKEI225,2015-12-21,1d,18845.5,18979.83,18651.13,18916.02,,-0.37,0.3742007375766132,Nikkei 225 Historical Data.csv,True
NIKKEI225,2015-12-22,1d,18927.86,18943.46,18824.65,18886.7,,-0.16,-0.217457229713236,Nikkei 225 Historical Data.csv,True
NIKKEI225,2015-12-24,1d,19071.41,19071.41,18780.94,18789.69,,-0.51,-1.4771849590565211,Nikkei 225 Historical Data.csv,True
NIKKEI225,2015-12-25,1d,18823.91,18870.7,18744.44,18769.06,,-0.11,-0.29138473356491446,Nikkei 225 Historical Data.csv,True
NIKKEI225,2015-12-28,1d,18838.91,18922.9,18764.54,18873.35,,0.56,0.18281312453851672,Nikkei 225 Historical Data.csv,True
NIKKEI225,2015-12-29,1d,18843.39,18991.01,18783.36,18982.23,,0.58,0.7368100962724888,Nikkei 225 Historical Data.csv,True
NIKKEI225,2015-12-30,1d,19070.83,19113.18,19017.27,19033.71,,0.27,-0.1946428131339939,Nikkei 225 Historical Data.csv,True
NIKKEI225,2016-01-04,1d,18818.58,18951.12,18394.43,18450.98,,-3.06,-1.9533886191200556,Nikkei 225 Historical Data.csv,True
NIKKEI225,2016-01-05,1d,18398.76,18547.38,18327.52,18374.0,,-0.42,-0.13457428652799974,Nikkei 225 Historical Data.csv,True
NIKKEI225,2016-01-06,1d,18410.57,18469.38,18064.3,18191.32,,-0.99,-1.1908919712969257,Nikkei 225 Historical Data.csv,True
NIKKEI225,2016-01-07,1d,18139.77,18172.04,17767.34,17767.34,,-2.33,-2.053113132084916,Nikkei 225 Historical Data.csv,True
NIKKEI225,2016-01-08,1d,17562.23,17975.31,17509.64,17697.96,,-0.39,0.7728517392153522,Nikkei 225 Historical Data.csv,True
NIKKEI225,2016-01-12,1d,17470.93,17546.57,17184.78,17218.96,,-2.71,-1.442224312042928,Nikkei 225 Historical Data.csv,True
NIKKEI225,2016-01-13,1d,17449.12,17717.75,17414.55,17715.63,,2.88,1.5273549611671156,Nikkei 225 Historical Data.csv,True
NIKKEI225,2016-01-14,1d,17384.93,17393.83,16944.41,17240.95,,-2.68,-0.8281885518089505,Nikkei 225 Historical Data.csv,True
NIKKEI225,2016-01-15,1d,17522.46,17597.87,17057.6,17147.11,,-0.54,-2.1421079003747123,Nikkei 225 Historical Data.csv,True
NIKKEI225,2016-01-18,1d,16826.93,17037.26,16665.05,16955.57,,-1.12,0.7644888283245832,Nikkei 225 Historical Data.csv,True
NIKKEI225,2016-01-19,1d,16902.29,17088.31,16812.65,17048.37,,0.55,0.864261588222659,Nikkei 225 Historical Data.csv,True
NIKKEI225,2016-01-20,1d,17030.28,17031.32,16387.61,16416.19,,-3.71,-3.605871424310114,Nikkei 225 Historical Data.csv,True
NIKKEI225,2016-01-21,1d,16466.86,16734.58,16017.26,16017.26,,-2.43,-2.730332315936379,Nikkei 225 Historical Data.csv,True
NIKKEI225,2016-01-22,1d,16336.72,16993.96,16332.45,16958.53,,5.88,3.8062107938435563,Nikkei 225 Historical Data.csv,True
NIKKEI225,2016-01-25,1d,17145.81,17208.24,16922.21,17110.91,,0.9,-0.20354827214346116,Nikkei 225 Historical Data.csv,True
NIKKEI225,2016-01-26,1d,16833.13,16839.52,16652.26,16708.9,,-2.35,-0.7380089145631263,Nikkei 225 Historical Data.csv,True
NIKKEI225,2016-01-27,1d,16949.19,17242.27,16947.95,17163.92,,2.72,1.2669042001417052,Nikkei 225 Historical Data.csv,True
NIKKEI225,2016-01-28,1d,17059.84,17235.44,16942.13,17041.45,,-0.71,-0.10779702506001909,Nikkei 225 Historical Data.csv,True
NIKKEI225,2016-01-29,1d,17155.06,17638.93,16767.09,17518.3,,2.8,2.117392769247073,Nikkei 225 Historical Data.csv,True
NIKKEI225,2016-02-01,1d,17699.6,17905.37,17666.48,17865.23,,1.98,0.9357838595222656,Nikkei 225 Historical Data.csv,True
NIKKEI225,2016-02-02,1d,17716.52,17864.7,17684.66,17750.68,,-0.64,0.19281439018496993,Nikkei 225 Historical Data.csv,True
NIKKEI225,2016-02-03,1d,17497.41,17515.68,17080.57,17191.25,,-3.15,-1.749744676497833,Nikkei 225 Historical Data.csv,True
NIKKEI225,2016-02-04,1d,17071.11,17209.56,16941.88,17044.99,,-0.85,-0.1530070393782168,Nikkei 225 Historical Data.csv,True
NIKKEI225,2016-02-05,1d,16790.53,16893.12,16627.8,16819.59,,-1.32,0.17307375050104046,Nikkei 225 Historical Data.csv,True
NIKKEI225,2016-02-08,1d,16620.91,17099.01,16552.3,17004.3,,1.1,2.3066727393385777,Nikkei 225 Historical Data.csv,True
NIKKEI225,2016-02-09,1d,16666.79,16668.7,16025.94,16085.44,,-5.4,-3.4880741882510113,Nikkei 225 Historical Data.csv,True
NIKKEI225,2016-02-10,1d,16127.86,16163.03,15429.99,15713.39,,-2.31,-2.569900780388723,Nikkei 225 Historical Data.csv,True
NIKKEI225,2016-02-12,1d,15426.27,15437.22,14865.77,14952.61,,-4.84,-3.070476531267763,Nikkei 225 Historical Data.csv,True
NIKKEI225,2016-02-15,1d,15248.38,16155.1,15243.88,16022.58,,7.16,5.077260666378991,Nikkei 225 Historical Data.csv,True
NIKKEI225,2016-02-16,1d,15849.47,16341.56,15809.58,16054.43,,0.2,1.2931662699131374,Nikkei 225 Historical Data.csv,True
NIKKEI225,2016-02-17,1d,16035.35,16214.46,15632.12,15836.36,,-1.36,-1.2409457854053674,Nikkei 225 Historical Data.csv,True
NIKKEI225,2016-02-18,1d,16138.08,16337.59,16118.8,16196.8,,2.28,0.3638598891565703,Nikkei 225 Historical Data.csv,True
NIKKEI225,2016-02-19,1d,16050.4,16050.46,15799.35,15967.17,,-1.42,-0.5185540547276046,Nikkei 225 Historical Data.csv,True
NIKKEI225,2016-02-22,1d,15851.39,16187.4,15816.83,16111.05,,0.9,1.6380897826625995,Nikkei 225 Historical Data.csv,True
NIKKEI225,2016-02-23,1d,16230.38,16350.38,16001.19,16052.05,,-0.37,-1.0987419887889205,Nikkei 225 Historical Data.csv,True
NIKKEI225,2016-02-24,1d,15851.13,16006.45,15753.77,15915.79,,-0.85,0.4079204447884788,Nikkei 225 Historical Data.csv,True
NIKKEI225,2016-02-25,1d,15983.47,16218.29,15953.93,16140.34,,1.41,0.9814514620417158,Nikkei 225 Historical Data.csv,True
NIKKEI225,2016-02-26,1d,16311.52,16472.5,16188.41,16188.41,,0.3,-0.7547426604019747,Nikkei 225 Historical Data.csv,True
NIKKEI225,2016-02-29,1d,16313.31,16464.75,16026.76,16026.76,,-1.0,-1.756541131137701,Nikkei 225 Historical Data.csv,True
NIKKEI225,2016-03-01,1d,16013.0,16099.42,15857.37,16085.51,,0.37,0.4528195840879379,Nikkei 225 Historical Data.csv,True
NIKKEI225,2016-03-02,1d,16391.48,16815.25,16388.92,16746.55,,4.11,2.166186335828124,Nikkei 225 Historical Data.csv,True
NIKKEI225,2016-03-03,1d,16695.78,16962.95,16691.94,16960.16,,1.28,1.5835139178882462,Nikkei 225 Historical Data.csv,True
NIKKEI225,2016-03-04,1d,16927.36,17042.92,16861.38,17014.78,,0.32,0.5164420204922582,Nikkei 225 Historical Data.csv,True
NIKKEI225,2016-03-07,1d,17024.64,17026.25,16894.58,16911.32,,-0.61,-0.6656234728017685,Nikkei 225 Historical Data.csv,True
NIKKEI225,2016-03-08,1d,16889.48,16909.79,16570.22,16783.15,,-0.76,-0.6295634915935766,Nikkei 225 Historical Data.csv,True
NIKKEI225,2016-03-09,1d,16625.59,16706.25,16494.8,16642.2,,-0.84,0.09990622889173295,Nikkei 225 Historical Data.csv,True
NIKKEI225,2016-03-10,1d,16811.0,16887.6,16713.13,16852.35,,1.26,0.24596990066028113,Nikkei 225 Historical Data.csv,True
NIKKEI225,2016-03-11,1d,16610.18,17015.3,16575.75,16938.87,,0.51,1.978846707260229,Nikkei 225 Historical Data.csv,True
NIKKEI225,2016-03-14,1d,17155.52,17291.35,17149.21,17233.75,,1.74,0.4560048310980891,Nikkei 225 Historical Data.csv,True
NIKKEI225,2016-03-15,1d,17219.89,17279.3,17042.56,17117.07,,-0.68,-0.5971002137644343,Nikkei 225 Historical Data.csv,True
NIKKEI225,2016-03-16,1d,16981.36,17102.45,16950.84,16974.45,,-0.83,-0.04069167604949797,Nikkei 225 Historical Data.csv,True
NIKKEI225,2016-03-17,1d,17107.6,17253.03,16814.84,16936.38,,-0.22,-1.0008417311604068,Nikkei 225 Historical Data.csv,True
NIKKEI225,2016-03-18,1d,16883.75,16920.91,16613.69,16724.81,,-1.25,-0.9413785444584266,Nikkei 225 Historical Data.csv,True
NIKKEI225,2016-03-22,1d,16937.31,17107.8,16851.21,17048.55,,1.94,0.6567748951870067,Nikkei 225 Historical Data.csv,True
NIKKEI225,2016-03-23,1d,17066.27,17142.08,16964.31,17000.98,,-0.28,-0.3825674854552319,Nikkei 225 Historical Data.csv,True
NIKKEI225,2016-03-24,1d,16979.39,17041.16,16843.99,16892.33,,-0.64,-0.5127392680184473,Nikkei 225 Historical Data.csv,True
NIKKEI225,2016-03-25,1d,16949.53,17026.14,16889.4,17002.75,,0.65,0.31399100742026675,Nikkei 225 Historical Data.csv,True
NIKKEI225,2016-03-28,1d,17129.27,17167.88,16961.41,17134.37,,0.77,0.02977359805758084,Nikkei 225 Historical Data.csv,True
NIKKEI225,2016-03-29,1d,16985.28,17137.2,16948.43,17103.53,,-0.18,0.6961910548427763,Nikkei 225 Historical Data.csv,True
NIKKEI225,2016-03-30,1d,17078.03,17078.03,16875.91,16878.96,,-1.31,-1.1656496680237716,Nikkei 225 Historical Data.csv,True
NIKKEI225,2016-03-31,1d,16997.14,17033.65,16758.67,16758.67,,-0.71,-1.403000740124527,Nikkei 225 Historical Data.csv,True
NIKKEI225,2016-04-01,1d,16719.56,16719.56,16113.01,16164.16,,-3.55,-3.3218577522375115,Nikkei 225 Historical Data.csv,True
NIKKEI225,2016-04-04,1d,16087.76,16238.51,16029.5,16123.27,,-0.25,0.22072681342835132,Nikkei 225 Historical Data.csv,True
NIKKEI225,2016-04-05,1d,16044.23,16066.18,15698.55,15732.82,,-2.42,-1.94094699465166,Nikkei 225 Historical Data.csv,True
NIKKEI225,2016-04-06,1d,15727.7,15828.61,15612.91,15715.36,,-0.11,-0.07846029616536132,Nikkei 225 Historical Data.csv,True
NIKKEI225,2016-04-07,1d,15739.26,15871.1,15636.21,15749.84,,0.22,0.06722044111349135,Nikkei 225 Historical Data.csv,True
NIKKEI225,2016-04-08,1d,15597.04,16027.63,15471.8,15821.52,,0.46,1.4392474469514749,Nikkei 225 Historical Data.csv,True
NIKKEI225,2016-04-11,1d,15761.57,15778.74,15525.49,15751.13,,-0.44,-0.06623705633386212,Nikkei 225 Historical Data.csv,True
NIKKEI225,2016-04-12,1d,15719.24,15963.03,15693.61,15928.79,,1.13,1.333079716322172,Nikkei 225 Historical Data.csv,True
NIKKEI225,2016-04-13,1d,16142.71,16405.59,16132.23,16381.22,,2.84,1.477509042781544,Nikkei 225 Historical Data.csv,True
NIKKEI225,2016-04-14,1d,16629.83,16911.05,16602.17,16911.05,,3.23,1.6910575754532475,Nikkei 225 Historical Data.csv,True
NIKKEI225,2016-04-15,1d,16720.39,16928.67,16720.39,16848.03,,-0.37,0.763379323089941,Nikkei 225 Historical Data.csv,True
NIKKEI225,2016-04-18,1d,16521.25,16526.9,16254.2,16275.95,,-3.4,-1.484754482862971,Nikkei 225 Historical Data.csv,True
NIKKEI225,2016-04-19,1d,16582.66,16900.33,16570.5,16874.44,,3.68,1.7595488299223305,Nikkei 225 Historical Data.csv,True
NIKKEI225,2016-04-20,1d,17053.83,17099.36,16870.73,16906.54,,0.19,-0.8636769570237401,Nikkei 225 Historical Data.csv,True
NIKKEI225,2016-04-21,1d,17187.27,17381.7,17144.53,17363.62,,2.7,1.0260500940521666,Nikkei 225 Historical Data.csv,True
NIKKEI225,2016-04-22,1d,17220.47,17572.49,17192.39,17572.49,,1.2,2.0441950771378448,Nikkei 225 Historical Data.csv,True
NIKKEI225,2016-04-25,1d,17613.56,17613.56,17403.87,17439.3,,-0.76,-0.9893513860911862,Nikkei 225 Historical Data.csv,True
NIKKEI225,2016-04-26,1d,17358.56,17426.02,17200.5,17353.28,,-0.49,-0.03041726963528557,Nikkei 225 Historical Data.csv,True
NIKKEI225,2016-04-27,1d,17369.68,17417.54,17230.23,17290.49,,-0.36,-0.45590937772025386,Nikkei 225 Historical Data.csv,True
NIKKEI225,2016-04-28,1d,17438.99,17572.27,16652.74,16666.05,,-3.61,-4.432252097168488,Nikkei 225 Historical Data.csv,True
NIKKEI225,2016-05-02,1d,16357.1,16357.1,15975.47,16147.38,,-3.11,-1.2821343636708282,Nikkei 225 Historical Data.csv,True
NIKKEI225,2016-05-06,1d,16212.67,16271.61,15989.35,16106.72,,-0.25,-0.6535012431635345,Nikkei 225 Historical Data.csv,True
NIKKEI225,2016-05-09,1d,16226.57,16292.86,16159.31,16216.03,,0.68,-0.06495519385797399,Nikkei 225 Historical Data.csv,True
NIKKEI225,2016-05-10,1d,16307.5,16587.63,16229.15,16565.19,,2.15,1.580193162655208,Nikkei 225 Historical Data.csv,True
NIKKEI225,2016-05-11,1d,16736.72,16814.64,16536.61,16579.01,,0.08,-0.9422993274668112,Nikkei 225 Historical Data.csv,True
NIKKEI225,2016-05-12,1d,16459.69,16658.07,16374.59,16646.34,,0.41,1.133982474761086,Nikkei 225 Historical Data.csv,True
NIKKEI225,2016-05-13,1d,16804.17,16804.17,16400.87,16412.21,,-1.41,-2.3325162742343086,Nikkei 225 Historical Data.csv,True
NIKKEI225,2016-05-16,1d,16391.92,16632.62,16391.92,16466.4,,0.33,0.45437020190437494,Nikkei 225 Historical Data.csv,True
NIKKEI225,2016-05-17,1d,16618.95,16655.89,16509.31,16652.8,,1.13,0.20368314484366934,Nikkei 225 Historical Data.csv,True
NIKKEI225,2016-05-18,1d,16611.4,16795.47,16513.17,16644.69,,-0.05,0.20040454145946462,Nikkei 225 Historical Data.csv,True
NIKKEI225,2016-05-19,1d,16807.46,16841.04,16590.16,16646.66,,0.01,-0.9567180287800681,Nikkei 225 Historical Data.csv,True
NIKKEI225,2016-05-20,1d,16594.99,16770.87,16548.34,16736.35,,0.54,0.8518233515054652,Nikkei 225 Historical Data.csv,True
NIKKEI225,2016-05-23,1d,16671.28,16691.5,16417.84,16654.6,,-0.49,-0.10005230552183608,Nikkei 225 Historical Data.csv,True
NIKKEI225,2016-05-24,1d,16605.04,16605.04,16471.37,16498.76,,-0.94,-0.6400466364429258,Nikkei 225 Historical Data.csv,True
NIKKEI225,2016-05-25,1d,16764.35,16806.03,16731.12,16757.35,,1.57,-0.04175527234876464,Nikkei 225 Historical Data.csv,True
NIKKEI225,2016-05-26,1d,16927.69,16957.56,16743.17,16772.46,,0.09,-0.9170182109903946,Nikkei 225 Historical Data.csv,True
NIKKEI225,2016-05-27,1d,16830.5,16901.09,16792.73,16834.84,,0.37,0.02578651852291891,Nikkei 225 Historical Data.csv,True
NIKKEI225,2016-05-30,1d,16973.72,17068.02,16910.19,17068.02,,1.39,0.5555647200495839,Nikkei 225 Historical Data.csv,True
NIKKEI225,2016-05-31,1d,17029.46,17251.36,16988.64,17234.98,,0.98,1.2068497767985686,Nikkei 225 Historical Data.csv,True
NIKKEI225,2016-06-01,1d,17097.22,17145.95,16908.92,16955.73,,-1.62,-0.8275614398130293,Nikkei 225 Historical Data.csv,True
NIKKEI225,2016-06-02,1d,16817.26,16819.85,16525.47,16562.55,,-2.32,-1.5145749069705672,Nikkei 225 Historical Data.csv,True
NIKKEI225,2016-06-03,1d,16599.51,16716.14,16554.6,16642.23,,0.48,0.2573569942727394,Nikkei 225 Historical Data.csv,True
NIKKEI225,2016-06-06,1d,16373.32,16581.3,16322.64,16580.03,,-0.37,1.2624806697725255,Nikkei 225 Historical Data.csv,True
NIKKEI225,2016-06-07,1d,16651.05,16701.01,16536.23,16675.45,,0.58,0.1465373054552188,Nikkei 225 Historical Data.csv,True
NIKKEI225,2016-06-08,1d,16722.49,16830.92,16581.71,16830.92,,0.93,0.6484082215028719,Nikkei 225 Historical Data.csv,True
NIKKEI225,2016-06-09,1d,16742.03,16785.83,16587.77,16668.41,,-0.97,-0.43973162155365175,Nikkei 225 Historical Data.csv,True
NIKKEI225,2016-06-10,1d,16637.51,16643.36,16496.11,16601.36,,-0.4,-0.21728010982411394,Nikkei 225 Historical Data.csv,True
NIKKEI225,2016-06-13,1d,16319.11,16335.38,16019.18,16019.18,,-3.51,-1.8379066015242307,Nikkei 225 Historical Data.csv,True
NIKKEI225,2016-06-14,1d,16001.19,16082.5,15762.09,15859.0,,-1.0,-0.8886214087827304,Nikkei 225 Historical Data.csv,True
NIKKEI225,2016-06-15,1d,15799.07,15997.3,15752.01,15919.58,,0.38,0.7627664159979064,Nikkei 225 Historical Data.csv,True
NIKKEI225,2016-06-16,1d,15871.22,15913.08,15395.98,15434.14,,-3.05,-2.7539155780084923,Nikkei 225 Historical Data.csv,True
NIKKEI225,2016-06-17,1d,15631.79,15774.87,15582.94,15599.66,,1.07,-0.20554267937326065,Nikkei 225 Historical Data.csv,True
NIKKEI225,2016-06-20,1d,15839.06,16035.44,15835.86,15965.3,,2.34,0.7970169946953876,Nikkei 225 Historical Data.csv,True
NIKKEI225,2016-06-21,1d,15875.81,16202.3,15770.96,16169.11,,1.28,1.8474647907728903,Nikkei 225 Historical Data.csv,True
NIKKEI225,2016-06-22,1d,16095.81,16160.99,15980.65,16065.72,,-0.64,-0.186943061579381,Nikkei 225 Historical Data.csv,True
NIKKEI225,2016-06-23,1d,16098.61,16263.87,16057.86,16238.35,,1.07,0.8680252518695752,Nikkei 225 Historical Data.csv,True
NIKKEI225,2016-06-24,1d,16333.87,16389.17,14864.01,14952.02,,-7.92,-8.460028150095479,Nikkei 225 Historical Data.csv,True
NIKKEI225,2016-06-27,1d,15153.08,15323.95,15061.66,15309.21,,2.39,1.0303515852882583,Nikkei 225 Historical Data.csv,True
NIKKEI225,2016-06-28,1d,15094.71,15443.82,14987.79,15323.14,,0.09,1.5133116171161864,Nikkei 225 Historical Data.csv,True
NIKKEI225,2016-06-29,1d,15523.35,15626.66,15398.31,15566.83,,1.59,0.2800941807019619,Nikkei 225 Historical Data.csv,True
NIKKEI225,2016-06-30,1d,15752.71,15781.69,15575.92,15575.92,,0.06,-1.12228308652923,Nikkei 225 Historical Data.csv,True
NIKKEI225,2016-07-01,1d,15698.02,15765.0,15635.57,15682.48,,0.68,-0.09899337623471283,Nikkei 225 Historical Data.csv,True
NIKKEI225,2016-07-04,1d,15554.04,15805.31,15553.92,15775.8,,0.6,1.4257389077049876,Nikkei 225 Historical Data.csv,True
NIKKEI225,2016-07-05,1d,15682.16,15702.04,15602.73,15669.33,,-0.67,-0.08181270947369423,Nikkei 225 Historical Data.csv,True
NIKKEI225,2016-07-06,1d,15434.46,15434.46,15167.98,15378.99,,-1.85,-0.35939061036148745,Nikkei 225 Historical Data.csv,True
NIKKEI225,2016-07-07,1d,15346.81,15418.9,15241.91,15276.24,,-0.67,-0.4598349754769915,Nikkei 225 Historical Data.csv,True
NIKKEI225,2016-07-08,1d,15326.84,15399.7,15106.52,15106.98,,-1.11,-1.4344770350574576,Nikkei 225 Historical Data.csv,True
NIKKEI225,2016-07-11,1d,15375.94,15816.67,15375.94,15708.82,,3.98,2.1649408101228174,Nikkei 225 Historical Data.csv,True
NIKKEI225,2016-07-12,1d,15961.3,16237.62,15956.91,16095.65,,2.46,0.8417234185185363,Nikkei 225 Historical Data.csv,True
NIKKEI225,2016-07-13,1d,16343.0,16444.25,16196.44,16231.43,,0.84,-0.6826775989720368,Nikkei 225 Historical Data.csv,True
NIKKEI225,2016-07-14,1d,16242.2,16398.73,16229.26,16385.89,,0.95,0.8846707958281463,Nikkei 225 Historical Data.csv,True
NIKKEI225,2016-07-15,1d,16396.12,16607.32,16396.12,16497.85,,0.68,0.6204516678335992,Nikkei 225 Historical Data.csv,True
NIKKEI225,2016-07-19,1d,16612.09,16726.71,16514.66,16723.31,,1.37,0.6695123852567653,Nikkei 225 Historical Data.csv,True
NIKKEI225,2016-07-20,1d,16646.92,16692.84,16554.03,16681.89,,-0.25,0.21006888962042947,Nikkei 225 Historical Data.csv,True
NIKKEI225,2016-07-21,1d,16855.18,16938.96,16740.0,16810.22,,0.77,-0.2667429241337005,Nikkei 225 Historical Data.csv,True
NIKKEI225,2016-07-22,1d,16612.9,16691.81,16566.98,16627.25,,-1.09,0.08637865754923535,Nikkei 225 Historical Data.csv,True
NIKKEI225,2016-07-25,1d,16655.81,16778.65,16612.33,16620.29,,-0.04,-0.21325891685843867,Nikkei 225 Historical Data.csv,True
NIKKEI225,2016-07-26,1d,16535.81,16535.81,16323.1,16383.04,,-1.43,-0.9238737019837573,Nikkei 225 Historical Data.csv,True
NIKKEI225,2016-07-27,1d,16526.06,16821.43,16526.06,16664.82,,1.72,0.8396435690055437,Nikkei 225 Historical Data.csv,True
NIKKEI225,2016-07-28,1d,16596.15,16616.28,16450.28,16476.84,,-1.13,-0.7189016729783781,Nikkei 225 Historical Data.csv,True
NIKKEI225,2016-07-29,1d,16359.68,16679.19,16174.35,16569.27,,0.56,1.2811375283624082,Nikkei 225 Historical Data.csv,True
NIKKEI225,2016-08-01,1d,16415.31,16677.49,16319.15,16635.77,,0.4,1.343014539475651,Nikkei 225 Historical Data.csv,True
NIKKEI225,2016-08-02,1d,16469.68,16541.88,16391.45,16391.45,,-1.47,-0.4749940496718841,Nikkei 225 Historical Data.csv,True
NIKKEI225,2016-08-03,1d,16227.28,16275.34,16056.67,16083.11,,-1.88,-0.8884421788494468,Nikkei 225 Historical Data.csv,True
NIKKEI225,2016-08-04,1d,16168.34,16270.12,15921.04,16254.89,,1.07,0.5353054178722116,Nikkei 225 Historical Data.csv,True
NIKKEI225,2016-08-05,1d,16278.99,16355.98,16230.7,16254.45,,0.0,-0.1507464529433289,Nikkei 225 Historical Data.csv,True
NIKKEI225,2016-08-08,1d,16462.29,16652.04,16455.57,16650.57,,2.44,1.1437047944119483,Nikkei 225 Historical Data.csv,True
NIKKEI225,2016-08-09,1d,16632.41,16779.59,16630.56,16764.97,,0.69,0.7969981499975187,Nikkei 225 Historical Data.csv,True
NIKKEI225,2016-08-10,1d,16699.08,16822.86,16657.59,16735.12,,-0.18,0.21582027273356896,Nikkei 225 Historical Data.csv,True
NIKKEI225,2016-08-12,1d,16877.18,16943.67,16818.43,16919.92,,1.1,0.2532413590421889,Nikkei 225 Historical Data.csv,True
NIKKEI225,2016-08-15,1d,16866.89,16932.11,16844.58,16869.56,,-0.3,0.015829829921232275,Nikkei 225 Historical Data.csv,True
NIKKEI225,2016-08-16,1d,16878.66,16887.57,16596.51,16596.51,,-1.62,-1.671637440412932,Nikkei 225 Historical Data.csv,True
NIKKEI225,2016-08-17,1d,16596.26,16772.11,16596.26,16745.64,,0.9,0.900082307700667,Nikkei 225 Historical Data.csv,True
NIKKEI225,2016-08-18,1d,16649.91,16714.61,16481.41,16486.01,,-1.55,-0.9843897054098272,Nikkei 225 Historical Data.csv,True
NIKKEI225,2016-08-19,1d,16558.38,16613.04,16452.62,16545.82,,0.36,-0.07585283101366747,Nikkei 225 Historical Data.csv,True
NIKKEI225,2016-08-22,1d,16599.26,16631.23,16540.94,16598.19,,0.32,-0.006446070487475808,Nikkei 225 Historical Data.csv,True
NIKKEI225,2016-08-23,1d,16549.82,16663.64,16452.01,16497.36,,-0.61,-0.31698229950536394,Nikkei 225 Historical Data.csv,True
NIKKEI225,2016-08-24,1d,16550.21,16648.07,16544.39,16597.3,,0.61,0.2845281117278775,Nikkei 225 Historical Data.csv,True
NIKKEI225,2016-08-25,1d,16580.15,16628.79,16520.84,16555.95,,-0.25,-0.14595766624548867,Nikkei 225 Historical Data.csv,True
NIKKEI225,2016-08-26,1d,16485.55,16490.53,16320.43,16360.71,,-1.18,-0.7572692448841623,Nikkei 225 Historical Data.csv,True
NIKKEI225,2016-08-29,1d,16631.06,16764.64,16616.65,16737.49,,2.3,0.6399471831621151,Nikkei 225 Historical Data.csv,True
NIKKEI225,2016-08-30,1d,16690.98,16752.16,16677.85,16725.36,,-0.07,0.205979517080479,Nikkei 225 Historical Data.csv,True
NIKKEI225,2016-08-31,1d,16857.83,16917.86,16836.96,16887.4,,0.97,0.1754081041272837,Nikkei 225 Historical Data.csv,True
NIKKEI225,2016-09-01,1d,16885.16,16941.18,16864.56,16926.84,,0.23,0.24684397423535565,Nikkei 225 Historical Data.csv,True
NIKKEI225,2016-09-02,1d,16903.78,16946.49,16848.12,16925.68,,-0.01,0.12955682101873922,Nikkei 225 Historical Data.csv,True
NIKKEI225,2016-09-05,1d,17131.52,17156.36,17009.21,17037.63,,0.66,-0.5480541131201444,Nikkei 225 Historical Data.csv,True
NIKKEI225,2016-09-06,1d,17035.03,17097.59,17022.64,17081.98,,0.26,0.27560855484258795,Nikkei 225 Historical Data.csv,True
NIKKEI225,2016-09-07,1d,16937.38,17024.26,16903.2,17012.44,,-0.41,0.4431618113309055,Nikkei 225 Historical Data.csv,True
NIKKEI225,2016-09-08,1d,16984.0,17001.84,16836.65,16958.77,,-0.32,-0.1485515779557245,Nikkei 225 Historical Data.csv,True
NIKKEI225,2016-09-09,1d,16994.37,17029.78,16902.09,16965.76,,0.04,-0.1683498711632203,Nikkei 225 Historical Data.csv,True
NIKKEI225,2016-09-12,1d,16748.36,16802.0,16601.54,16672.92,,-1.73,-0.4504321617161411,Nikkei 225 Historical Data.csv,True
NIKKEI225,2016-09-13,1d,16764.65,16787.06,16658.4,16729.04,,0.34,-0.21241123435323805,Nikkei 225 Historical Data.csv,True
NIKKEI225,2016-09-14,1d,16632.06,16706.61,16585.8,16614.24,,-0.69,-0.10714247062600935,Nikkei 225 Historical Data.csv,True
NIKKEI225,2016-09-15,1d,16512.42,16528.02,16359.78,16405.01,,-1.26,-0.6504800628859941,Nikkei 225 Historical Data.csv,True
NIKKEI225,2016-09-16,1d,16458.74,16532.84,16415.86,16519.29,,0.7,0.3678896440432178,Nikkei 225 Historical Data.csv,True
NIKKEI225,2016-09-20,1d,16403.22,16591.7,16403.22,16492.15,,-0.16,0.5421496511050838,Nikkei 225 Historical Data.csv,True
NIKKEI225,2016-09-21,1d,16471.85,16823.63,16399.65,16807.62,,1.91,2.0384474117964846,Nikkei 225 Historical Data.csv,True
NIKKEI225,2016-09-23,1d,16759.84,16808.59,16725.53,16754.02,,-0.32,-0.03472586850471471,Nikkei 225 Historical Data.csv,True
NIKKEI225,2016-09-26,1d,16707.45,16707.45,16514.93,16544.56,,-1.25,-0.9749542868600525,Nikkei 225 Historical Data.csv,True
NIKKEI225,2016-09-27,1d,16390.91,16683.93,16285.41,16683.93,,0.84,1.78769818149207,Nikkei 225 Historical Data.csv,True
NIKKEI225,2016-09-28,1d,16504.99,16515.84,16385.03,16465.4,,-1.31,-0.23986685238828187,Nikkei 225 Historical Data.csv,True
NIKKEI225,2016-09-29,1d,16606.3,16756.43,16584.14,16693.71,,1.39,0.5263664994610506,Nikkei 225 Historical Data.csv,True
NIKKEI225,2016-09-30,1d,16474.45,16497.55,16407.78,16449.84,,-1.46,-0.14938283220381487,Nikkei 225 Historical Data.csv,True
NIKKEI225,2016-10-03,1d,16566.03,16652.16,16554.83,16598.67,,0.9,0.1970297047632963,Nikkei 225 Historical Data.csv,True
NIKKEI225,2016-10-04,1d,16661.51,16747.2,16637.82,16735.65,,0.83,0.44497767609299466,Nikkei 225 Historical Data.csv,True
NIKKEI225,2016-10-05,1d,16787.89,16844.35,16728.19,16819.24,,0.5,0.18674175253710068,Nikkei 225 Historical Data.csv,True
NIKKEI225,2016-10-06,1d,16913.6,16971.28,16888.77,16899.1,,0.47,-0.08572982688487274,Nikkei 225 Historical Data.csv,True
NIKKEI225,2016-10-07,1d,16883.12,16895.13,16820.21,16860.09,,-0.23,-0.13640843635536193,Nikkei 225 Historical Data.csv,True
NIKKEI225,2016-10-11,1d,16936.31,17074.46,16931.12,17024.76,,0.98,0.5222507145889344,Nikkei 225 Historical Data.csv,True
NIKKEI225,2016-10-12,1d,16850.73,16951.54,16839.41,16840.0,,-1.09,-0.0636767665258442,Nikkei 225 Historical Data.csv,True
NIKKEI225,2016-10-13,1d,16923.82,16974.25,16739.73,16774.24,,-0.39,-0.8838430094387562,Nikkei 225 Historical Data.csv,True
NIKKEI225,2016-10-14,1d,16751.04,16866.56,16727.78,16856.37,,0.49,0.6287967791850368,Nikkei 225 Historical Data.csv,True
NIKKEI225,2016-10-17,1d,16871.84,16954.44,16821.49,16900.12,,0.26,0.1676165729404655,Nikkei 225 Historical Data.csv,True
NIKKEI225,2016-10-18,1d,16862.31,16966.9,16844.17,16963.61,,0.38,0.6007480588365421,Nikkei 225 Historical Data.csv,True
NIKKEI225,2016-10-19,1d,16952.91,17016.66,16938.46,16998.91,,0.21,0.2713398466693828,Nikkei 225 Historical Data.csv,True
NIKKEI225,2016-10-20,1d,16999.36,17235.5,16992.14,17235.5,,1.39,1.3891111194774375,Nikkei 225 Historical Data.csv,True
NIKKEI225,2016-10-21,1d,17283.75,17288.89,17151.98,17184.59,,-0.3,-0.5737180877992354,Nikkei 225 Historical Data.csv,True
NIKKEI225,2016-10-24,1d,17216.56,17244.74,17162.21,17234.42,,0.29,0.1037373319640933,Nikkei 225 Historical Data.csv,True
NIKKEI225,2016-10-25,1d,17298.63,17381.8,17298.63,17365.25,,0.76,0.3851172029230021,Nikkei 225 Historical Data.csv,True
NIKKEI225,2016-10-26,1d,17329.03,17391.84,17295.46,17391.84,,0.15,0.3624553711315759,Nikkei 225 Historical Data.csv,True
NIKKEI225,2016-10-27,1d,17346.39,17414.21,17278.12,17336.42,,-0.32,-0.05747593591520772,Nikkei 225 Historical Data.csv,True
NIKKEI225,2016-10-28,1d,17448.25,17461.03,17406.72,17446.41,,0.63,-0.010545470176093197,Nikkei 225 Historical Data.csv,True
NIKKEI225,2016-10-31,1d,17360.89,17433.13,17327.62,17425.02,,-0.12,0.3693935045956831,Nikkei 225 Historical Data.csv,True
NIKKEI225,2016-11-01,1d,17380.54,17473.12,17339.64,17442.4,,0.1,0.3559152937710808,Nikkei 225 Historical Data.csv,True
NIKKEI225,2016-11-02,1d,17238.0,17283.6,17080.59,17134.68,,-1.76,-0.5993734772015258,Nikkei 225 Historical Data.csv,True
NIKKEI225,2016-11-04,1d,16964.5,16996.09,16801.98,16905.36,,-1.34,-0.34861033334315783,Nikkei 225 Historical Data.csv,True
NIKKEI225,2016-11-07,1d,17126.03,17186.89,17056.84,17177.21,,1.61,0.2988433396414747,Nikkei 225 Historical Data.csv,True
NIKKEI225,2016-11-08,1d,17242.7,17247.04,17130.83,17171.38,,-0.03,-0.41362431637735897,Nikkei 225 Historical Data.csv,True
NIKKEI225,2016-11-09,1d,17281.95,17427.71,16111.81,16251.54,,-5.36,-5.962347998923734,Nikkei 225 Historical Data.csv,True
NIKKEI225,2016-11-10,1d,16562.86,17393.82,16560.66,17344.42,,6.72,4.718750264145188,Nikkei 225 Historical Data.csv,True
NIKKEI225,2016-11-11,1d,17526.61,17621.73,17333.49,17374.79,,0.18,-0.8662256990941142,Nikkei 225 Historical Data.csv,True
NIKKEI225,2016-11-14,1d,17467.49,17697.33,17455.78,17672.62,,1.71,1.1743530409921377,Nikkei 225 Historical Data.csv,True
NIKKEI225,2016-11-15,1d,17690.22,17727.58,17605.77,17668.15,,-0.03,-0.12475819972843638,Nikkei 225 Historical Data.csv,True
NIKKEI225,2016-11-16,1d,17832.51,17886.44,17807.47,17862.21,,1.1,0.16654974538077294,Nikkei 225 Historical Data.csv,True
NIKKEI225,2016-11-17,1d,17766.61,17884.06,17764.08,17862.63,,0.0,0.5404520051940143,Nikkei 225 Historical Data.csv,True
NIKKEI225,2016-11-18,1d,18024.21,18043.72,17967.41,17967.41,,0.59,-0.31513170341446184,Nikkei 225 Historical Data.csv,True
NIKKEI225,2016-11-21,1d,18038.09,18129.03,18007.79,18106.02,,0.77,0.37659197841899417,Nikkei 225 Historical Data.csv,True
NIKKEI225,2016-11-22,1d,18091.05,18175.63,18050.55,18162.94,,0.31,0.3973788143861068,Nikkei 225 Historical Data.csv,True
NIKKEI225,2016-11-24,1d,18329.78,18382.72,18310.31,18333.41,,0.94,0.019803838343945834,Nikkei 225 Historical Data.csv,True
NIKKEI225,2016-11-25,1d,18387.59,18482.94,18288.5,18381.22,,0.26,-0.03464293036770094,Nikkei 225 Historical Data.csv,True
NIKKEI225,2016-11-28,1d,18302.58,18374.93,18222.82,18356.89,,-0.13,0.29673412163748747,Nikkei 225 Historical Data.csv,True
NIKKEI225,2016-11-29,1d,18263.63,18327.51,18258.82,18307.04,,-0.27,0.23768549844691567,Nikkei 225 Historical Data.csv,True
NIKKEI225,2016-11-30,1d,18356.03,18370.31,18280.66,18308.48,,0.01,-0.2590429412024253,Nikkei 225 Historical Data.csv,True
NIKKEI225,2016-12-01,1d,18535.24,18746.28,18469.27,18513.12,,1.12,-0.11934024053641412,Nikkei 225 Historical Data.csv,True
NIKKEI225,2016-12-02,1d,18435.55,18469.68,18315.38,18426.08,,-0.47,-0.05136814469868245,Nikkei 225 Historical Data.csv,True
NIKKEI225,2016-12-05,1d,18349.92,18365.74,18227.39,18274.99,,-0.82,-0.40833965488675794,Nikkei 225 Historical Data.csv,True
NIKKEI225,2016-12-06,1d,18457.2,18484.8,18318.99,18360.54,,0.47,-0.5236980690462301,Nikkei 225 Historical Data.csv,True
NIKKEI225,2016-12-07,1d,18434.54,18502.47,18410.88,18496.69,,0.74,0.3371388708370171,Nikkei 225 Historical Data.csv,True
NIKKEI225,2016-12-08,1d,18674.19,18765.47,18614.01,18765.47,,1.45,0.4888029949358108,Nikkei 225 Historical Data.csv,True
NIKKEI225,2016-12-09,1d,18839.98,19042.48,18821.41,18996.37,,1.23,0.8300964226076735,Nikkei 225 Historical Data.csv,True
NIKKEI225,2016-12-12,1d,19183.82,19280.93,19054.0,19155.03,,0.84,-0.15007438560203923,Nikkei 225 Historical Data.csv,True
NIKKEI225,2016-12-13,1d,19120.76,19253.51,19060.72,19250.52,,0.5,0.6786341128699913,Nikkei 225 Historical Data.csv,True
NIKKEI225,2016-12-14,1d,19270.01,19284.28,19184.75,19253.61,,0.02,-0.08510633881351204,Nikkei 225 Historical Data.csv,True
NIKKEI225,2016-12-15,1d,19327.7,19436.9,19192.6,19273.79,,0.1,-0.27892610088111613,Nikkei 225 Historical Data.csv,True
NIKKEI225,2016-12-16,1d,19438.39,19439.97,19360.36,19401.15,,0.66,-0.1915796524300517,Nikkei 225 Historical Data.csv,True
NIKKEI225,2016-12-19,1d,19345.84,19399.26,19307.14,19391.6,,-0.05,0.2365366404353475,Nikkei 225 Historical Data.csv,True
NIKKEI225,2016-12-20,1d,19367.84,19511.2,19356.81,19494.53,,0.53,0.6541256020289321,Nikkei 225 Historical Data.csv,True
NIKKEI225,2016-12-21,1d,19547.28,19592.9,19375.19,19444.49,,-0.26,-0.5258532133370797,Nikkei 225 Historical Data.csv,True
NIKKEI225,2016-12-22,1d,19396.85,19427.67,19327.51,19427.67,,-0.09,0.15889177881975858,Nikkei 225 Historical Data.csv,True
NIKKEI225,2016-12-26,1d,19394.41,19432.48,19385.94,19396.64,,-0.16,0.011498158489997579,Nikkei 225 Historical Data.csv,True
NIKKEI225,2016-12-27,1d,19353.43,19478.58,19352.06,19403.06,,0.03,0.2564403312487862,Nikkei 225 Historical Data.csv,True
NIKKEI225,2016-12-28,1d,19392.11,19442.13,19364.73,19401.72,,-0.01,0.04955623704692158,Nikkei 225 Historical Data.csv,True
NIKKEI225,2016-12-29,1d,19301.04,19301.04,19092.22,19145.14,,-1.32,-0.8077284954593145,Nikkei 225 Historical Data.csv,True
NIKKEI225,2016-12-30,1d,18997.68,19176.81,18991.59,19114.37,,-0.16,0.6142328958062215,Nikkei 225 Historical Data.csv,True
NIKKEI225,2017-01-04,1d,19298.68,19594.16,19277.93,19594.16,,2.51,1.5310891729382492,Nikkei 225 Historical Data.csv,True
NIKKEI225,2017-01-05,1d,19602.1,19615.4,19473.28,19520.69,,-0.37,-0.4153126450737399,Nikkei 225 Historical Data.csv,True
NIKKEI225,2017-01-06,1d,19393.55,19472.37,19354.44,19454.33,,-0.34,0.3134031675479765,Nikkei 225 Historical Data.csv,True
NIKKEI225,2017-01-10,1d,19414.83,19484.9,19255.35,19301.44,,-0.79,-0.584038078108351,Nikkei 225 Historical Data.csv,True
NIKKEI225,2017-01-11,1d,19358.64,19402.17,19325.46,19364.67,,0.33,0.03114888235948854,Nikkei 225 Historical Data.csv,True
NIKKEI225,2017-01-12,1d,19300.19,19300.19,19069.02,19134.7,,-1.19,-0.8574526986521835,Nikkei 225 Historical Data.csv,True
NIKKEI225,2017-01-13,1d,19174.97,19299.36,19156.93,19287.28,,0.8,0.5857114769931782,Nikkei 225 Historical Data.csv,True
NIKKEI225,2017-01-16,1d,19219.13,19255.41,19061.27,19095.24,,-1.0,-0.644618148688314,Nikkei 225 Historical Data.csv,True
NIKKEI225,2017-01-17,1d,19038.45,19043.91,18812.86,18813.53,,-1.48,-1.1813986957971978,Nikkei 225 Historical Data.csv,True
NIKKEI225,2017-01-18,1d,18753.96,18941.24,18650.33,18894.37,,0.43,0.7486952089052146,Nikkei 225 Historical Data.csv,True
NIKKEI225,2017-01-19,1d,19082.83,19122.39,18982.13,19072.25,,0.94,-0.05544251036141423,Nikkei 225 Historical Data.csv,True
NIKKEI225,2017-01-20,1d,19059.15,19176.86,19040.2,19137.91,,0.34,0.4132398349349087,Nikkei 225 Historical Data.csv,True
NIKKEI225,2017-01-23,1d,18938.45,19024.21,18879.68,18891.03,,-1.29,-0.2503900794415648,Nikkei 225 Historical Data.csv,True
NIKKEI225,2017-01-24,1d,18817.42,18915.7,18783.16,18787.99,,-0.55,-0.15639763580765909,Nikkei 225 Historical Data.csv,True
NIKKEI225,2017-01-25,1d,19091.23,19133.18,18987.45,19057.5,,1.43,-0.17667798250819988,Nikkei 225 Historical Data.csv,True
NIKKEI225,2017-01-26,1d,19260.67,19405.23,19232.46,19402.39,,1.81,0.7357999488075917,Nikkei 225 Historical Data.csv,True
NIKKEI225,2017-01-27,1d,19453.51,19486.68,19404.13,19467.4,,0.34,0.07140099652969134,Nikkei 225 Historical Data.csv,True
NIKKEI225,2017-01-30,1d,19371.28,19390.97,19295.8,19368.85,,-0.51,-0.012544343997922258,Nikkei 225 Historical Data.csv,True
NIKKEI225,2017-01-31,1d,19145.35,19199.75,19041.34,19041.34,,-1.69,-0.5432650748092849,Nikkei 225 Historical Data.csv,True
NIKKEI225,2017-02-01,1d,18926.97,19155.79,18916.18,19148.08,,0.56,1.1682271383111065,Nikkei 225 Historical Data.csv,True
NIKKEI225,2017-02-02,1d,19152.79,19170.63,18866.8,18914.58,,-1.22,-1.2437352469274687,Nikkei 225 Historical Data.csv,True
NIKKEI225,2017-02-03,1d,18996.74,19061.26,18830.89,18918.2,,0.02,-0.41343935854257774,Nikkei 225 Historical Data.csv,True
NIKKEI225,2017-02-06,1d,19069.72,19075.57,18899.4,18976.71,,0.31,-0.4877365792471111,Nikkei 225 Historical Data.csv,True
NIKKEI225,2017-02-07,1d,18844.12,18970.58,18805.32,18910.78,,-0.35,0.3537442979560712,Nikkei 225 Historical Data.csv,True
NIKKEI225,2017-02-08,1d,18951.16,19009.24,18875.57,19007.6,,0.51,0.2978181810506575,Nikkei 225 Historical Data.csv,True
NIKKEI225,2017-02-09,1d,18942.04,18991.23,18874.91,18907.67,,-0.53,-0.18144824950218075,Nikkei 225 Historical Data.csv,True
NIKKEI225,2017-02-10,1d,19216.74,19395.99,19193.57,19378.93,,2.49,0.8440037175920567,Nikkei 225 Historical Data.csv,True
NIKKEI225,2017-02-13,1d,19513.78,19519.44,19418.18,19459.15,,0.41,-0.27995601057302366,Nikkei 225 Historical Data.csv,True
NIKKEI225,2017-02-14,1d,19478.86,19501.01,19232.85,19238.98,,-1.13,-1.2314889064349854,Nikkei 225 Historical Data.csv,True
NIKKEI225,2017-02-15,1d,19438.81,19495.62,19420.0,19437.98,,1.03,-0.004269808697143773,Nikkei 225 Historical Data.csv,True
NIKKEI225,2017-02-16,1d,19431.61,19431.61,19260.24,19347.53,,-0.47,-0.43269703333899123,Nikkei 225 Historical Data.csv,True
NIKKEI225,2017-02-17,1d,19228.74,19275.39,19173.53,19234.62,,-0.58,0.030579226719984476,Nikkei 225 Historical Data.csv,True
NIKKEI225,2017-02-20,1d,19161.33,19274.75,19115.11,19251.08,,0.09,0.4683912859910988,Nikkei 225 Historical Data.csv,True
NIKKEI225,2017-02-21,1d,19267.87,19395.35,19261.98,19381.44,,0.68,0.5894268541359216,Nikkei 225 Historical Data.csv,True
NIKKEI225,2017-02-22,1d,19419.22,19419.22,19329.28,19379.87,,-0.01,-0.20263429736108174,Nikkei 225 Historical Data.csv,True
NIKKEI225,2017-02-23,1d,19379.92,19379.92,19262.63,19371.46,,-0.04,-0.04365343097391117,Nikkei 225 Historical Data.csv,True
NIKKEI225,2017-02-24,1d,19232.11,19381.1,19219.58,19283.54,,-0.45,0.26741735566195857,Nikkei 225 Historical Data.csv,True
NIKKEI225,2017-02-27,1d,19130.51,19178.99,18995.55,19107.47,,-0.91,-0.1204358901043312,Nikkei 225 Historical Data.csv,True
NIKKEI225,2017-02-28,1d,19194.68,19267.99,19118.99,19118.99,,0.06,-0.39432801171990217,Nikkei 225 Historical Data.csv,True
NIKKEI225,2017-03-01,1d,19226.94,19414.55,19164.62,19393.54,,1.44,0.8664925359937792,Nikkei 225 Historical Data.csv,True
NIKKEI225,2017-03-02,1d,19624.82,19668.01,19564.8,19564.8,,0.88,-0.30583720003546366,Nikkei 225 Historical Data.csv,True
NIKKEI225,2017-03-03,1d,19551.34,19587.79,19392.75,19469.17,,-0.49,-0.4202780985855803,Nikkei 225 Historical Data.csv,True
NIKKEI225,2017-03-06,1d,19409.18,19411.54,19340.32,19379.14,,-0.46,-0.1547721232942445,Nikkei 225 Historical Data.csv,True
NIKKEI225,2017-03-07,1d,19337.19,19375.09,19317.1,19344.15,,-0.18,0.03599282005297688,Nikkei 225 Historical Data.csv,True
NIKKEI225,2017-03-08,1d,19308.53,19326.4,19198.78,19254.03,,-0.47,-0.2822586701317964,Nikkei 225 Historical Data.csv,True
NIKKEI225,2017-03-09,1d,19343.06,19350.2,19262.98,19318.58,,0.34,-0.1265570183828224,Nikkei 225 Historical Data.csv,True
NIKKEI225,2017-03-10,1d,19444.71,19623.72,19427.81,19604.61,,1.48,0.822331626442363,Nikkei 225 Historical Data.csv,True
NIKKEI225,2017-03-13,1d,19545.74,19656.48,19531.51,19633.75,,0.15,0.45027714478960146,Nikkei 225 Historical Data.csv,True
NIKKEI225,2017-03-14,1d,19634.29,19637.55,19599.62,19609.5,,-0.12,-0.12625870352327428,Nikkei 225 Historical Data.csv,True
NIKKEI225,2017-03-15,1d,19528.75,19581.53,19503.74,19577.38,,-0.16,0.2490174742367124,Nikkei 225 Historical Data.csv,True
NIKKEI225,2017-03-16,1d,19458.7,19618.99,19454.17,19590.14,,0.07,0.6754819181137517,Nikkei 225 Historical Data.csv,True
NIKKEI225,2017-03-17,1d,19510.89,19547.51,19487.92,19521.59,,-0.35,0.05484116818863516,Nikkei 225 Historical Data.csv,True
NIKKEI225,2017-03-21,1d,19416.55,19485.14,19337.22,19455.88,,-0.34,0.20255915700782,Nikkei 225 Historical Data.csv,True
NIKKEI225,2017-03-22,1d,19146.62,19183.27,19026.53,19041.38,,-2.13,-0.549653150268814,Nikkei 225 Historical Data.csv,True
NIKKEI225,2017-03-23,1d,19048.84,19105.11,18973.75,19085.31,,0.23,0.19145522771990553,Nikkei 225 Historical Data.csv,True
NIKKEI225,2017-03-24,1d,19066.35,19296.05,19060.64,19262.53,,0.93,1.0289331728411621,Nikkei 225 Historical Data.csv,True
NIKKEI225,2017-03-27,1d,19071.19,19086.89,18932.09,18985.59,,-1.44,-0.4488445660705942,Nikkei 225 Historical Data.csv,True
NIKKEI225,2017-03-28,1d,19159.07,19203.64,19113.44,19202.87,,1.14,0.2286123491380243,Nikkei 225 Historical Data.csv,True
NIKKEI225,2017-03-29,1d,19216.78,19251.3,19164.61,19217.48,,0.08,0.0036426498091879367,Nikkei 225 Historical Data.csv,True
NIKKEI225,2017-03-30,1d,19150.82,19218.08,19043.48,19063.22,,-0.8,-0.4574216665395925,Nikkei 225 Historical Data.csv,True
NIKKEI225,2017-03-31,1d,19170.42,19210.92,18909.26,18909.26,,-0.81,-1.36230713776746,Nikkei 225 Historical Data.csv,True
NIKKEI225,2017-04-03,1d,18988.0,19068.62,18920.52,18983.23,,0.39,-0.025121129134186848,Nikkei 225 Historical Data.csv,True
NIKKEI225,2017-04-04,1d,18933.82,18947.33,18703.63,18810.25,,-0.91,-0.652641675055532,Nikkei 225 Historical Data.csv,True
NIKKEI225,2017-04-05,1d,18900.7,18941.94,18773.94,18861.27,,0.27,-0.20861661208315674,Nikkei 225 Historical Data.csv,True
NIKKEI225,2017-04-06,1d,18754.37,18797.44,18532.65,18597.06,,-1.4,-0.8387911724040742,Nikkei 225 Historical Data.csv,True
NIKKEI225,2017-04-07,1d,18714.98,18785.73,18517.43,18664.63,,0.36,-0.26903582050313846,Nikkei 225 Historical Data.csv,True
NIKKEI225,2017-04-10,1d,18800.22,18850.8,18762.7,18797.88,,0.71,-0.012446662858200952,Nikkei 225 Historical Data.csv,True
NIKKEI225,2017-04-11,1d,18717.55,18767.7,18661.86,18747.87,,-0.27,0.16198701218910205,Nikkei 225 Historical Data.csv,True
NIKKEI225,2017-04-12,1d,18592.1,18602.5,18460.59,18552.61,,-1.04,-0.21240204172738864,Nikkei 225 Historical Data.csv,True
NIKKEI225,2017-04-13,1d,18391.72,18455.25,18304.72,18426.84,,-0.68,0.19095549519021482,Nikkei 225 Historical Data.csv,True
NIKKEI225,2017-04-14,1d,18531.91,18531.91,18285.73,18335.63,,-0.49,-1.0591460890971294,Nikkei 225 Historical Data.csv,True
NIKKEI225,2017-04-17,1d,18239.84,18361.44,18224.68,18355.26,,0.11,0.6327906385143578,Nikkei 225 Historical Data.csv,True
NIKKEI225,2017-04-18,1d,18497.38,18547.46,18362.73,18418.59,,0.35,-0.4259522159354545,Nikkei 225 Historical Data.csv,True
NIKKEI225,2017-04-19,1d,18327.33,18467.73,18327.33,18432.2,,0.07,0.5722055531274917,Nikkei 225 Historical Data.csv,True
NIKKEI225,2017-04-20,1d,18446.39,18523.4,18420.82,18430.49,,-0.01,-0.08619572718563395,Nikkei 225 Historical Data.csv,True
NIKKEI225,2017-04-21,1d,18591.82,18648.28,18542.42,18620.75,,1.03,0.15560606761468865,Nikkei 225 Historical Data.csv,True
NIKKEI225,2017-04-24,1d,18890.38,18910.33,18840.13,18875.88,,1.37,-0.07675864646449204,Nikkei 225 Historical Data.csv,True
NIKKEI225,2017-04-25,1d,18872.56,19109.76,18867.19,19079.33,,1.08,1.0956118300855966,Nikkei 225 Historical Data.csv,True
NIKKEI225,2017-04-26,1d,19184.92,19289.43,19170.86,19289.43,,1.1,0.5447507730029777,Nikkei 225 Historical Data.csv,True
NIKKEI225,2017-04-27,1d,19205.59,19281.7,19199.59,19251.87,,-0.19,0.24097150881592366,Nikkei 225 Historical Data.csv,True
NIKKEI225,2017-04-28,1d,19240.65,19264.57,19164.68,19196.74,,-0.29,-0.22821474326490954,Nikkei 225 Historical Data.csv,True
NIKKEI225,2017-05-01,1d,19154.03,19311.21,19144.62,19310.52,,0.59,0.8170082222905606,Nikkei 225 Historical Data.csv,True
NIKKEI225,2017-05-02,1d,19335.72,19464.3,19335.02,19445.7,,0.7,0.5687918525919988,Nikkei 225 Historical Data.csv,True
NIKKEI225,2017-05-08,1d,19709.01,19929.48,19705.13,19895.7,,2.31,0.9472317483222303,Nikkei 225 Historical Data.csv,True
NIKKEI225,2017-05-09,1d,19915.64,19917.45,19838.71,19843.0,,-0.26,-0.3647384668531872,Nikkei 225 Historical Data.csv,True
NIKKEI225,2017-05-10,1d,19890.56,19938.53,19866.3,19900.09,,0.29,0.047912175423903136,Nikkei 225 Historical Data.csv,True
NIKKEI225,2017-05-11,1d,19943.95,19989.94,19906.35,19961.55,,0.31,0.08824731309493572,Nikkei 225 Historical Data.csv,True
NIKKEI225,2017-05-12,1d,19941.64,19941.64,19809.91,19883.9,,-0.39,-0.2895448919948307,Nikkei 225 Historical Data.csv,True
NIKKEI225,2017-05-15,1d,19753.46,19869.85,19740.63,19869.85,,-0.07,0.5892132315047593,Nikkei 225 Historical Data.csv,True
NIKKEI225,2017-05-16,1d,19953.06,19998.49,19862.41,19919.82,,0.25,-0.16659098905130731,Nikkei 225 Historical Data.csv,True
NIKKEI225,2017-05-17,1d,19806.78,19842.78,19764.63,19814.88,,-0.53,0.04089508743976289,Nikkei 225 Historical Data.csv,True
NIKKEI225,2017-05-18,1d,19556.99,19601.53,19449.73,19553.86,,-1.32,-0.01600450785116392,Nikkei 225 Historical Data.csv,True
NIKKEI225,2017-05-19,1d,19591.41,19628.64,19497.29,19590.76,,0.19,-0.00331778059874388,Nikkei 225 Historical Data.csv,True
NIKKEI225,2017-05-22,1d,19670.48,19722.93,19618.73,19678.28,,0.45,0.0396533282360112,Nikkei 225 Historical Data.csv,True
NIKKEI225,2017-05-23,1d,19647.74,19693.02,19585.54,19613.28,,-0.33,-0.17538912872423484,Nikkei 225 Historical Data.csv,True
NIKKEI225,2017-05-24,1d,19777.56,19782.81,19690.1,19742.98,,0.66,-0.1748446218846067,Nikkei 225 Historical Data.csv,True
NIKKEI225,2017-05-25,1d,19737.21,19850.93,19720.12,19813.13,,0.36,0.38465416337973846,Nikkei 225 Historical Data.csv,True
NIKKEI225,2017-05-26,1d,19798.49,19801.59,19686.49,19686.84,,-0.64,-0.5639318958163053,Nikkei 225 Historical Data.csv,True
NIKKEI225,2017-05-29,1d,19697.18,19736.62,19627.19,19682.57,,-0.02,-0.07417305421385523,Nikkei 225 Historical Data.csv,True
NIKKEI225,2017-05-30,1d,19681.11,19691.44,19570.13,19677.85,,-0.02,-0.016564106394412192,Nikkei 225 Historical Data.csv,True
NIKKEI225,2017-05-31,1d,19630.33,19673.51,19589.25,19650.57,,-0.14,0.10310575522671783,Nikkei 225 Historical Data.csv,True
NIKKEI225,2017-06-01,1d,19692.16,19887.66,19686.32,19860.03,,1.07,0.8524712372842691,Nikkei 225 Historical Data.csv,True
NIKKEI225,2017-06-02,1d,19970.23,20239.81,19967.0,20177.28,,1.6,1.0367932667775914,Nikkei 225 Historical Data.csv,True
NIKKEI225,2017-06-05,1d,20135.42,20224.54,20104.13,20170.82,,-0.03,0.17580959324414724,Nikkei 225 Historical Data.csv,True
NIKKEI225,2017-06-06,1d,20122.26,20152.95,19948.02,19979.9,,-0.95,-0.7074752040774568,Nikkei 225 Historical Data.csv,True
NIKKEI225,2017-06-07,1d,19951.68,20023.24,19908.07,19984.62,,0.02,0.16509887889140096,Nikkei 225 Historical Data.csv,True
NIKKEI225,2017-06-08,1d,20048.28,20061.22,19896.35,19909.26,,-0.38,-0.6934260694683059,Nikkei 225 Historical Data.csv,True
NIKKEI225,2017-06-09,1d,19953.06,20096.01,19927.07,20013.26,,0.52,0.301708108931642,Nikkei 225 Historical Data.csv,True
NIKKEI225,2017-06-12,1d,19920.77,19949.07,19837.64,19908.58,,-0.52,-0.06119241374705764,Nikkei 225 Historical Data.csv,True
NIKKEI225,2017-06-13,1d,19859.81,19929.03,19850.86,19898.75,,-0.05,0.19607438339037664,Nikkei 225 Historical Data.csv,True
NIKKEI225,2017-06-14,1d,19974.56,20009.93,19879.6,19883.52,,-0.08,-0.45577975184435404,Nikkei 225 Historical Data.csv,True
NIKKEI225,2017-06-15,1d,19815.54,19963.36,19755.34,19831.82,,-0.26,0.08215774084379124,Nikkei 225 Historical Data.csv,True
NIKKEI225,2017-06-16,1d,19931.15,20015.16,19884.8,19943.26,,0.56,0.060759163420054385,Nikkei 225 Historical Data.csv,True
NIKKEI225,2017-06-19,1d,19974.3,20087.71,19949.88,20067.75,,0.62,0.46785118877759047,Nikkei 225 Historical Data.csv,True
NIKKEI225,2017-06-20,1d,20234.12,20318.11,20227.29,20230.41,,0.81,-0.018335366203225956,Nikkei 225 Historical Data.csv,True
NIKKEI225,2017-06-21,1d,20192.16,20215.11,20117.79,20138.79,,-0.45,-0.26431050467111694,Nikkei 225 Historical Data.csv,True
NIKKEI225,2017-06-22,1d,20154.38,20191.42,20107.89,20110.51,,-0.14,-0.2176698067616223,Nikkei 225 Historical Data.csv,True
NIKKEI225,2017-06-23,1d,20152.58,20152.58,20089.54,20132.67,,0.11,-0.098796283155822,Nikkei 225 Historical Data.csv,True
NIKKEI225,2017-06-26,1d,20132.81,20196.38,20119.04,20153.35,,0.1,0.10202251945952145,Nikkei 225 Historical Data.csv,True
NIKKEI225,2017-06-27,1d,20229.12,20250.1,20185.19,20225.09,,0.36,-0.019921776132614255,Nikkei 225 Historical Data.csv,True
NIKKEI225,2017-06-28,1d,20149.2,20224.3,20110.49,20130.41,,-0.47,-0.09325432275226753,Nikkei 225 Historical Data.csv,True
NIKKEI225,2017-06-29,1d,20260.87,20266.59,20197.38,20220.3,,0.45,-0.2002381931279329,Nikkei 225 Historical Data.csv,True
NIKKEI225,2017-06-30,1d,20025.63,20044.01,19946.51,20033.43,,-0.92,0.0389500854654834,Nikkei 225 Historical Data.csv,True
NIKKEI225,2017-07-03,1d,20056.32,20096.14,20030.61,20055.8,,0.11,-0.0025926989597357952,Nikkei 225 Historical Data.csv,True
NIKKEI225,2017-07-04,1d,20192.27,20197.16,19971.53,20032.35,,-0.12,-0.7919862402790856,Nikkei 225 Historical Data.csv,True
NIKKEI225,2017-07-05,1d,20015.07,20087.01,19888.9,20081.63,,0.25,0.332549424009021,Nikkei 225 Historical Data.csv,True
NIKKEI225,2017-07-06,1d,20061.68,20078.88,19947.63,19994.06,,-0.44,-0.33706050540133203,Nikkei 225 Historical Data.csv,True
NIKKEI225,2017-07-07,1d,19856.65,19979.93,19856.65,19929.09,,-0.32,0.364814810151759,Nikkei 225 Historical Data.csv,True
NIKKEI225,2017-07-10,1d,20070.44,20127.76,20023.03,20080.98,,0.76,0.05251504202199442,Nikkei 225 Historical Data.csv,True
NIKKEI225,2017-07-11,1d,20073.86,20200.88,20070.67,20195.48,,0.57,0.605862549604308,Nikkei 225 Historical Data.csv,True
NIKKEI225,2017-07-12,1d,20137.22,20153.04,20061.16,20098.38,,-0.48,-0.1928766731455478,Nikkei 225 Historical Data.csv,True
NIKKEI225,2017-07-13,1d,20177.28,20183.8,20062.27,20099.81,,0.01,-0.38394669648237345,Nikkei 225 Historical Data.csv,True
NIKKEI225,2017-07-14,1d,20157.92,20163.67,20101.71,20118.86,,0.09,-0.1937699921420344,Nikkei 225 Historical Data.csv,True
NIKKEI225,2017-07-18,1d,20074.41,20081.29,19943.14,19999.91,,-0.59,-0.3711192508273009,Nikkei 225 Historical Data.csv,True
NIKKEI225,2017-07-19,1d,19970.78,20032.46,19947.26,20020.86,,0.1,0.2507663696661,Nikkei 225 Historical Data.csv,True
NIKKEI225,2017-07-20,1d,20046.9,20157.11,20032.23,20144.59,,0.62,0.4873072644648202,Nikkei 225 Historical Data.csv,True
NIKKEI225,2017-07-21,1d,20089.86,20135.33,20081.91,20099.75,,-0.22,0.04922881493449882,Nikkei 225 Historical Data.csv,True
NIKKEI225,2017-07-24,1d,19973.67,20002.54,19901.88,19975.67,,-0.62,0.010013182354562389,Nikkei 225 Historical Data.csv,True
NIKKEI225,2017-07-25,1d,19979.56,20036.31,19941.61,19955.2,,-0.1,-0.12192460694830931,Nikkei 225 Historical Data.csv,True
NIKKEI225,2017-07-26,1d,20098.14,20116.0,20016.58,20050.16,,0.48,-0.2387285589611765,Nikkei 225 Historical Data.csv,True
NIKKEI225,2017-07-27,1d,20026.58,20176.39,20005.2,20079.64,,0.15,0.2649478842618125,Nikkei 225 Historical Data.csv,True
NIKKEI225,2017-07-28,1d,20048.46,20056.16,19926.6,19959.84,,-0.6,-0.44202896382066204,Nikkei 225 Historical Data.csv,True
NIKKEI225,2017-07-31,1d,19933.45,19983.9,19891.9,19925.18,,-0.17,-0.04148805149134516,Nikkei 225 Historical Data.csv,True
NIKKEI225,2017-08-01,1d,19907.08,20000.46,19904.72,19985.79,,0.3,0.39538696785264005,Nikkei 225 Historical Data.csv,True
NIKKEI225,2017-08-02,1d,20057.07,20113.73,20022.05,20080.04,,0.47,0.11452320802589622,Nikkei 225 Historical Data.csv,True
NIKKEI225,2017-08-03,1d,20066.0,20070.16,19985.4,20029.26,,-0.25,-0.18309578391308978,Nikkei 225 Historical Data.csv,True
NIKKEI225,2017-08-04,1d,19949.79,19984.51,19933.59,19952.33,,-0.38,0.01273196359461437,Nikkei 225 Historical Data.csv,True
NIKKEI225,2017-08-07,1d,20059.29,20085.9,20037.4,20055.89,,0.52,-0.016949752458839118,Nikkei 225 Historical Data.csv,True
NIKKEI225,2017-08-08,1d,20062.65,20076.8,19970.57,19996.01,,-0.3,-0.3321595103338959,Nikkei 225 Historical Data.csv,True
NIKKEI225,2017-08-09,1d,19928.96,19945.28,19660.22,19738.71,,-1.29,-0.9546408844214649,Nikkei 225 Historical Data.csv,True
NIKKEI225,2017-08-10,1d,19792.45,19829.88,19685.83,19729.74,,-0.05,-0.31683798620180115,Nikkei 225 Historical Data.csv,True
NIKKEI225,2017-08-14,1d,19545.58,19598.41,19486.48,19537.1,,-0.98,-0.04338576803555316,Nikkei 225 Historical Data.csv,True
NIKKEI225,2017-08-15,1d,19689.38,19824.12,19656.91,19753.31,,1.11,0.32469280393796485,Nikkei 225 Historical Data.csv,True
NIKKEI225,2017-08-16,1d,19750.55,19776.86,19719.08,19729.28,,-0.12,-0.1076932034804079,Nikkei 225 Historical Data.csv,True
NIKKEI225,2017-08-17,1d,19707.75,19739.04,19679.37,19702.63,,-0.14,-0.02597962730397363,Nikkei 225 Historical Data.csv,True
NIKKEI225,2017-08-18,1d,19471.27,19543.13,19433.09,19470.41,,-1.18,-0.004416763775549892,Nikkei 225 Historical Data.csv,True
NIKKEI225,2017-08-21,1d,19509.53,19509.53,19365.65,19393.13,,-0.4,-0.596631492403954,Nikkei 225 Historical Data.csv,True
NIKKEI225,2017-08-22,1d,19373.11,19437.25,19361.95,19383.84,,-0.05,0.055386047980943154,Nikkei 225 Historical Data.csv,True
NIKKEI225,2017-08-23,1d,19547.05,19561.32,19408.47,19434.64,,0.26,-0.5750739881465461,Nikkei 225 Historical Data.csv,True
NIKKEI225,2017-08-24,1d,19366.36,19428.55,19351.92,19353.77,,-0.42,-0.06500963526444581,Nikkei 225 Historical Data.csv,True
NIKKEI225,2017-08-25,1d,19401.12,19485.97,19384.37,19452.61,,0.51,0.2653970492425328,Nikkei 225 Historical Data.csv,True
NIKKEI225,2017-08-28,1d,19502.23,19535.5,19420.5,19449.9,,-0.01,-0.26832828861108604,Nikkei 225 Historical Data.csv,True
NIKKEI225,2017-08-29,1d,19319.11,19371.9,19280.02,19362.55,,-0.45,0.22485507872773702,Nikkei 225 Historical Data.csv,True
NIKKEI225,2017-08-30,1d,19480.98,19538.23,19435.1,19506.54,,0.74,0.1312048983162173,Nikkei 225 Historical Data.csv,True
NIKKEI225,2017-08-31,1d,19591.32,19687.99,19583.11,19646.24,,0.72,0.280328226990334,Nikkei 225 Historical Data.csv,True
NIKKEI225,2017-09-01,1d,19733.57,19735.96,19620.07,19691.47,,0.23,-0.2133420359316518,Nikkei 225 Historical Data.csv,True
NIKKEI225,2017-09-04,1d,19615.96,19628.4,19479.4,19508.25,,-0.93,-0.5490936971731086,Nikkei 225 Historical Data.csv,True
NIKKEI225,2017-09-05,1d,19533.38,19542.78,19354.59,19385.81,,-0.63,-0.7554760108081648,Nikkei 225 Historical Data.csv,True
NIKKEI225,2017-09-06,1d,19286.06,19371.38,19254.67,19357.97,,-0.14,0.37285998280622845,Nikkei 225 Historical Data.csv,True
NIKKEI225,2017-09-07,1d,19433.44,19482.72,19365.75,19396.52,,0.2,-0.18998180455955804,Nikkei 225 Historical Data.csv,True
NIKKEI225,2017-09-08,1d,19297.96,19357.49,19239.52,19274.82,,-0.63,-0.11990904738117258,Nikkei 225 Historical Data.csv,True
NIKKEI225,2017-09-11,1d,19441.39,19567.03,19437.14,19545.77,,1.41,0.5368957672265307,Nikkei 225 Historical Data.csv,True
NIKKEI225,2017-09-12,1d,19736.14,19792.06,19718.8,19776.62,,1.18,0.20510596296945405,Nikkei 225 Historical Data.csv,True
NIKKEI225,2017-09-13,1d,19873.69,19888.84,19845.02,19865.82,,0.45,-0.03960009439615275,Nikkei 225 Historical Data.csv,True
NIKKEI225,2017-09-14,1d,19860.37,19918.39,19793.85,19807.44,,-0.29,-0.2665106440615128,Nikkei 225 Historical Data.csv,True
NIKKEI225,2017-09-15,1d,19793.8,19933.4,19787.65,19909.5,,0.52,0.5845264678838946,Nikkei 225 Historical Data.csv,True
NIKKEI225,2017-09-19,1d,20128.18,20320.78,20122.0,20299.38,,1.96,0.8505488325323052,Nikkei 225 Historical Data.csv,True
NIKKEI225,2017-09-20,1d,20301.33,20339.37,20272.82,20310.46,,0.05,0.044972422989020266,Nikkei 225 Historical Data.csv,True
NIKKEI225,2017-09-21,1d,20456.5,20481.27,20332.69,20347.48,,0.18,-0.5329357416957947,Nikkei 225 Historical Data.csv,True
NIKKEI225,2017-09-22,1d,20413.61,20417.07,20249.24,20296.45,,-0.25,-0.5739308236024865,Nikkei 225 Historical Data.csv,True
NIKKEI225,2017-09-25,1d,20439.43,20454.29,20367.03,20397.58,,0.5,-0.20475130666558483,Nikkei 225 Historical Data.csv,True
NIKKEI225,2017-09-26,1d,20349.26,20385.5,20303.98,20330.19,,-0.33,-0.09371348147303449,Nikkei 225 Historical Data.csv,True
NIKKEI225,2017-09-27,1d,20269.82,20278.09,20213.66,20267.05,,-0.31,-0.013665636892679078,Nikkei 225 Historical Data.csv,True
NIKKEI225,2017-09-28,1d,20398.63,20399.87,20299.68,20363.11,,0.47,-0.1741293410390865,Nikkei 225 Historical Data.csv,True
NIKKEI225,2017-09-29,1d,20315.34,20370.33,20285.06,20356.28,,-0.03,0.2015225932718856,Nikkei 225 Historical Data.csv,True
NIKKEI225,2017-10-02,1d,20400.51,20411.33,20363.28,20400.78,,0.22,0.0013234963243569098,Nikkei 225 Historical Data.csv,True
NIKKEI225,2017-10-03,1d,20475.25,20628.38,20438.17,20614.07,,1.05,0.6779892797401654,Nikkei 225 Historical Data.csv,True
NIKKEI225,2017-10-04,1d,20660.81,20689.08,20592.18,20626.66,,0.06,-0.1652887761902866,Nikkei 225 Historical Data.csv,True
NIKKEI225,2017-10-05,1d,20650.71,20667.47,20602.26,20628.56,,0.01,-0.10726023463598633,Nikkei 225 Historical Data.csv,True
NIKKEI225,2017-10-06,1d,20716.85,20721.15,20659.15,20690.71,,0.3,-0.12617748354599723,Nikkei 225 Historical Data.csv,True
NIKKEI225,2017-10-10,1d,20680.54,20823.66,20663.08,20823.51,,0.64,0.6913262419646626,Nikkei 225 Historical Data.csv,True
NIKKEI225,2017-10-11,1d,20803.71,20898.41,20788.12,20881.27,,0.28,0.3728181175376877,Nikkei 225 Historical Data.csv,True
NIKKEI225,2017-10-12,1d,20958.18,20994.4,20917.04,20954.72,,0.35,-0.016509067104109043,Nikkei 225 Historical Data.csv,True
NIKKEI225,2017-10-13,1d,20959.66,21211.29,20933.0,21155.18,,0.96,0.9328395594203398,Nikkei 225 Historical Data.csv,True
NIKKEI225,2017-10-16,1d,21221.27,21347.07,21187.93,21255.56,,0.47,0.16158316632322034,Nikkei 225 Historical Data.csv,True
NIKKEI225,2017-10-17,1d,21352.17,21393.96,21230.67,21336.12,,0.38,-0.07516800400145796,Nikkei 225 Historical Data.csv,True
NIKKEI225,2017-10-18,1d,21374.66,21402.76,21317.67,21363.05,,0.13,-0.0543166534578865,Nikkei 225 Historical Data.csv,True
NIKKEI225,2017-10-19,1d,21450.04,21503.85,21381.52,21448.52,,0.4,-0.0070862338718225,Nikkei 225 Historical Data.csv,True
NIKKEI225,2017-10-20,1d,21390.95,21489.26,21363.1,21457.64,,0.04,0.3117673595609327,Nikkei 225 Historical Data.csv,True
NIKKEI225,2017-10-23,1d,21709.3,21723.6,21614.51,21696.65,,1.11,-0.058269958036405445,Nikkei 225 Historical Data.csv,True
NIKKEI225,2017-10-24,1d,21670.0,21805.17,21646.52,21805.17,,0.5,0.623765574526991,Nikkei 225 Historical Data.csv,True
NIKKEI225,2017-10-25,1d,21900.13,21921.36,21648.35,21707.62,,-0.45,-0.8790358778692275,Nikkei 225 Historical Data.csv,True
NIKKEI225,2017-10-26,1d,21698.95,21793.62,21688.56,21739.78,,0.15,0.1881657868237685,Nikkei 225 Historical Data.csv,True
NIKKEI225,2017-10-27,1d,21903.27,22016.5,21815.72,22008.45,,1.24,0.48020227116774006,Nikkei 225 Historical Data.csv,True
NIKKEI225,2017-10-30,1d,22047.95,22086.88,21921.24,22011.67,,0.01,-0.16455044573305821,Nikkei 225 Historical Data.csv,True
NIKKEI225,2017-10-31,1d,21897.29,22020.38,21840.07,22011.61,,0.0,0.522073736065054,Nikkei 225 Historical Data.csv,True
NIKKEI225,2017-11-01,1d,22144.92,22455.92,22130.03,22420.08,,1.86,1.2425423076714903,Nikkei 225 Historical Data.csv,True
NIKKEI225,2017-11-02,1d,22512.18,22540.25,22400.01,22539.12,,0.53,0.11966855275675758,Nikkei 225 Historical Data.csv,True
NIKKEI225,2017-11-06,1d,22612.96,22644.68,22435.34,22548.35,,0.04,-0.28572110860320965,Nikkei 225 Historical Data.csv,True
NIKKEI225,2017-11-07,1d,22518.75,22953.18,22512.91,22937.6,,1.73,1.8600055509297775,Nikkei 225 Historical Data.csv,True
NIKKEI225,2017-11-08,1d,22849.91,22922.8,22759.07,22913.82,,-0.1,0.279694755909321,Nikkei 225 Historical Data.csv,True
NIKKEI225,2017-11-09,1d,22989.44,23382.15,22522.83,22868.71,,-0.2,-0.5251541577350305,Nikkei 225 Historical Data.csv,True
NIKKEI225,2017-11-10,1d,22580.7,22724.39,22511.93,22681.42,,-0.82,0.446044631034459,Nikkei 225 Historical Data.csv,True
NIKKEI225,2017-11-13,1d,22607.56,22607.92,22380.99,22380.99,,-1.32,-1.0021868790793809,Nikkei 225 Historical Data.csv,True
NIKKEI225,2017-11-14,1d,22342.93,22532.3,22323.24,22380.01,,0.0,0.16595853811474104,Nikkei 225 Historical Data.csv,True
NIKKEI225,2017-11-15,1d,22250.98,22305.24,22004.79,22028.32,,-1.57,-1.0006750264482722,Nikkei 225 Historical Data.csv,True
NIKKEI225,2017-11-16,1d,21975.23,22392.13,21972.34,22351.12,,1.47,1.7105167955011158,Nikkei 225 Historical Data.csv,True
NIKKEI225,2017-11-17,1d,22603.3,22757.4,22319.12,22396.8,,0.2,-0.9135834148111144,Nikkei 225 Historical Data.csv,True
NIKKEI225,2017-11-20,1d,22279.98,22410.24,22215.07,22261.76,,-0.6,-0.08177745222393007,Nikkei 225 Historical Data.csv,True
NIKKEI225,2017-11-21,1d,22456.79,22563.25,22416.48,22416.48,,0.7,-0.17950027586312034,Nikkei 225 Historical Data.csv,True
NIKKEI225,2017-11-22,1d,22601.55,22677.34,22513.44,22523.15,,0.48,-0.34687886450264216,Nikkei 225 Historical Data.csv,True
NIKKEI225,2017-11-24,1d,22390.14,22567.2,22381.01,22550.85,,0.12,0.7177713046903733,Nikkei 225 Historical Data.csv,True
NIKKEI225,2017-11-27,1d,22657.08,22659.33,22423.4,22495.99,,-0.24,-0.7109918842145624,Nikkei 225 Historical Data.csv,True
NIKKEI225,2017-11-28,1d,22474.74,22580.99,22363.94,22486.24,,-0.04,0.05116855634370587,Nikkei 225 Historical Data.csv,True
NIKKEI225,2017-11-29,1d,22613.96,22643.93,22537.12,22597.2,,0.49,-0.0741135121845038,Nikkei 225 Historical Data.csv,True
NIKKEI225,2017-11-30,1d,22601.83,22748.32,22502.68,22724.96,,0.57,0.544778896222109,Nikkei 225 Historical Data.csv,True
NIKKEI225,2017-12-01,1d,22916.93,22994.31,22675.07,22819.03,,0.41,-0.4271950911400535,Nikkei 225 Historical Data.csv,True
NIKKEI225,2017-12-04,1d,22843.53,22864.33,22693.99,22707.16,,-0.49,-0.5969742854978977,Nikkei 225 Historical Data.csv,True
NIKKEI225,2017-12-05,1d,22595.33,22682.71,22522.28,22622.38,,-0.37,0.1197150030559424,Nikkei 225 Historical Data.csv,True
NIKKEI225,2017-12-06,1d,22525.38,22528.21,22119.21,22177.04,,-1.97,-1.546433400901559,Nikkei 225 Historical Data.csv,True
NIKKEI225,2017-12-07,1d,22317.15,22515.24,22317.15,22498.03,,1.45,0.8104977562098936,Nikkei 225 Historical Data.csv,True
NIKKEI225,2017-12-08,1d,22627.95,22819.71,22625.41,22811.08,,1.39,0.8093088414991234,Nikkei 225 Historical Data.csv,True
NIKKEI225,2017-12-11,1d,22894.3,22938.73,22787.4,22938.73,,0.56,0.19406577182967677,Nikkei 225 Historical Data.csv,True
NIKKEI225,2017-12-12,1d,22936.41,22994.33,22834.89,22866.17,,-0.32,-0.3062379858051134,Nikkei 225 Historical Data.csv,True
NIKKEI225,2017-12-13,1d,22879.27,22879.37,22697.32,22758.07,,-0.47,-0.5297371812999274,Nikkei 225 Historical Data.csv,True
NIKKEI225,2017-12-14,1d,22699.3,22786.61,22638.76,22694.45,,-0.28,-0.021366297639124898,Nikkei 225 Historical Data.csv,True
NIKKEI225,2017-12-15,1d,22621.36,22745.09,22478.32,22553.22,,-0.62,-0.3012197321469623,Nikkei 225 Historical Data.csv,True
NIKKEI225,2017-12-18,1d,22770.44,22927.5,22735.2,22901.77,,1.55,0.57675653171394,Nikkei 225 Historical Data.csv,True
NIKKEI225,2017-12-19,1d,22961.47,22990.42,22862.82,22868.0,,-0.15,-0.407073240519884,Nikkei 225 Historical Data.csv,True
NIKKEI225,2017-12-20,1d,22834.93,22923.5,22806.73,22891.72,,0.1,0.24869793776465254,Nikkei 225 Historical Data.csv,True
NIKKEI225,2017-12-21,1d,22852.01,22894.95,22728.06,22866.1,,-0.11,0.061657595983888314,Nikkei 225 Historical Data.csv,True
NIKKEI225,2017-12-22,1d,22850.73,22908.84,22801.16,22902.76,,0.16,0.22769513271567732,Nikkei 225 Historical Data.csv,True
NIKKEI225,2017-12-25,1d,22909.41,22948.83,22870.19,22939.18,,0.16,0.12994660272787062,Nikkei 225 Historical Data.csv,True
NIKKEI225,2017-12-26,1d,22922.95,22950.15,22877.63,22892.69,,-0.2,-0.13200744232310102,Nikkei 225 Historical Data.csv,True
NIKKEI225,2017-12-27,1d,22854.39,22936.16,22854.39,22911.21,,0.08,0.2486174428632637,Nikkei 225 Historical Data.csv,True
NIKKEI225,2017-12-28,1d,22912.05,22954.45,22736.43,22783.98,,-0.56,-0.5589635148317118,Nikkei 225 Historical Data.csv,True
NIKKEI225,2017-12-29,1d,22831.49,22881.21,22753.2,22764.94,,-0.08,-0.29148338544704444,Nikkei 225 Historical Data.csv,True
NIKKEI225,2018-01-04,1d,23073.73,23506.33,23065.2,23506.33,,3.26,1.874859418048147,Nikkei 225 Historical Data.csv,True
NIKKEI225,2018-01-05,1d,23643.0,23730.47,23520.52,23714.53,,0.89,0.3025419785983141,Nikkei 225 Historical Data.csv,True
NIKKEI225,2018-01-09,1d,23948.97,23952.61,23789.03,23849.99,,0.57,-0.4132954360876462,Nikkei 225 Historical Data.csv,True
NIKKEI225,2018-01-10,1d,23832.81,23864.76,23755.45,23788.2,,-0.26,-0.18717893525773688,Nikkei 225 Historical Data.csv,True
NIKKEI225,2018-01-11,1d,23656.39,23734.97,23601.84,23710.43,,-0.33,0.22843722140191147,Nikkei 225 Historical Data.csv,True
NIKKEI225,2018-01-12,1d,23719.66,23743.05,23588.07,23653.82,,-0.24,-0.277575648217554,Nikkei 225 Historical Data.csv,True
NIKKEI225,2018-01-15,1d,23827.98,23833.27,23685.02,23714.88,,0.26,-0.47465206870241916,Nikkei 225 Historical Data.csv,True
NIKKEI225,2018-01-16,1d,23721.17,23962.07,23701.83,23951.81,,1.0,0.9722960545369475,Nikkei 225 Historical Data.csv,True
NIKKEI225,2018-01-17,1d,23783.42,23891.63,23739.17,23868.34,,-0.35,0.35705546132558386,Nikkei 225 Historical Data.csv,True
NIKKEI225,2018-01-18,1d,24078.93,24084.42,23699.47,23763.37,,-0.44,-1.3105233496671254,Nikkei 225 Historical Data.csv,True
NIKKEI225,2018-01-19,1d,23854.11,23872.69,23735.61,23808.06,,0.19,-0.19304849353004583,Nikkei 225 Historical Data.csv,True
NIKKEI225,2018-01-22,1d,23797.84,23816.33,23697.81,23816.33,,0.03,0.07769612704346951,Nikkei 225 Historical Data.csv,True
NIKKEI225,2018-01-23,1d,23924.4,24129.34,23916.02,24124.15,,1.29,0.8349216699269357,Nikkei 225 Historical Data.csv,True
NIKKEI225,2018-01-24,1d,24026.43,24072.77,23917.14,23940.78,,-0.76,-0.356482423730875,Nikkei 225 Historical Data.csv,True
NIKKEI225,2018-01-25,1d,23750.65,23828.4,23649.03,23669.49,,-1.13,-0.341716963535732,Nikkei 225 Historical Data.csv,True
NIKKEI225,2018-01-26,1d,23757.34,23797.96,23592.28,23631.88,,-0.16,-0.5280894241527001,Nikkei 225 Historical Data.csv,True
NIKKEI225,2018-01-29,1d,23707.14,23787.23,23580.17,23629.34,,-0.01,-0.32817117543491037,Nikkei 225 Historical Data.csv,True
NIKKEI225,2018-01-30,1d,23559.33,23581.98,23233.37,23291.97,,-1.43,-1.1348370263500773,Nikkei 225 Historical Data.csv,True
NIKKEI225,2018-01-31,1d,23205.23,23375.38,23092.85,23098.29,,-0.83,-0.46084438723511534,Nikkei 225 Historical Data.csv,True
NIKKEI225,2018-02-01,1d,23276.1,23492.77,23211.12,23486.11,,1.68,0.9022559621242543,Nikkei 225 Historical Data.csv,True
NIKKEI225,2018-02-02,1d,23361.67,23367.96,23122.45,23274.53,,-0.9,-0.37300415595289405,Nikkei 225 Historical Data.csv,True
NIKKEI225,2018-02-05,1d,22921.16,22967.69,22659.43,22682.08,,-2.55,-1.0430536674409074,Nikkei 225 Historical Data.csv,True
NIKKEI225,2018-02-06,1d,22267.0,22277.45,21078.71,21610.24,,-4.73,-2.949476804239448,Nikkei 225 Historical Data.csv,True
NIKKEI225,2018-02-07,1d,22001.29,22353.87,21627.13,21645.37,,0.16,-1.6177233244050737,Nikkei 225 Historical Data.csv,True
NIKKEI225,2018-02-08,1d,21721.57,21977.03,21649.7,21890.86,,1.13,0.7793635542918897,Nikkei 225 Historical Data.csv,True
NIKKEI225,2018-02-09,1d,21507.74,21510.3,21119.01,21382.62,,-2.32,-0.5817440605103252,Nikkei 225 Historical Data.csv,True
NIKKEI225,2018-02-13,1d,21633.34,21679.2,21211.53,21244.68,,-0.65,-1.796578799205295,Nikkei 225 Historical Data.csv,True
NIKKEI225,2018-02-14,1d,21251.24,21371.01,20950.15,21154.17,,-0.43,-0.45677334593182684,Nikkei 225 Historical Data.csv,True
NIKKEI225,2018-02-15,1d,21384.1,21578.99,21308.92,21464.98,,1.47,0.3782249428313511,Nikkei 225 Historical Data.csv,True
NIKKEI225,2018-02-16,1d,21555.99,21866.37,21499.88,21720.25,,1.19,0.7620155696861808,Nikkei 225 Historical Data.csv,True
NIKKEI225,2018-02-19,1d,21903.66,22152.85,21858.33,22149.21,,1.97,1.1210455238987338,Nikkei 225 Historical Data.csv,True
NIKKEI225,2018-02-20,1d,22054.32,22063.87,21831.45,21925.1,,-1.01,-0.5859169541386988,Nikkei 225 Historical Data.csv,True
NIKKEI225,2018-02-21,1d,21942.42,22130.58,21836.73,21970.81,,0.21,0.129384087990303,Nikkei 225 Historical Data.csv,True
NIKKEI225,2018-02-22,1d,21789.88,21799.4,21626.85,21736.44,,-1.07,-0.2452514653591642,Nikkei 225 Historical Data.csv,True
NIKKEI225,2018-02-23,1d,21789.72,21903.39,21741.63,21892.78,,0.72,0.47297532965084876,Nikkei 225 Historical Data.csv,True
NIKKEI225,2018-02-26,1d,22134.64,22226.53,22040.87,22153.63,,1.19,0.08579312787559967,Nikkei 225 Historical Data.csv,True
NIKKEI225,2018-02-27,1d,22391.67,22502.05,22325.07,22389.86,,1.07,-0.00808336314351843,Nikkei 225 Historical Data.csv,True
NIKKEI225,2018-02-28,1d,22292.53,22380.28,22068.24,22068.24,,-1.44,-1.0061217816012658,Nikkei 225 Historical Data.csv,True
NIKKEI225,2018-03-01,1d,21901.13,21901.13,21645.22,21724.47,,-1.56,-0.8066250462875679,Nikkei 225 Historical Data.csv,True
NIKKEI225,2018-03-02,1d,21339.98,21366.09,21088.96,21181.64,,-2.5,-0.7419875744963167,Nikkei 225 Historical Data.csv,True
NIKKEI225,2018-03-05,1d,21047.81,21164.38,20937.26,21042.09,,-0.66,-0.02717622403471953,Nikkei 225 Historical Data.csv,True
NIKKEI225,2018-03-06,1d,21390.2,21551.14,21381.42,21417.76,,1.79,0.12884405007900224,Nikkei 225 Historical Data.csv,True
NIKKEI225,2018-03-07,1d,21261.96,21484.08,21201.94,21252.72,,-0.77,-0.04345789381599019,Nikkei 225 Historical Data.csv,True
NIKKEI225,2018-03-08,1d,21488.16,21488.16,21299.4,21368.07,,0.54,-0.558865905689454,Nikkei 225 Historical Data.csv,True
NIKKEI225,2018-03-09,1d,21594.22,21884.45,21357.55,21469.2,,0.47,-0.5789512193540736,Nikkei 225 Historical Data.csv,True
NIKKEI225,2018-03-12,1d,21826.1,21971.16,21689.97,21824.03,,1.65,-0.009484058077258162,Nikkei 225 Historical Data.csv,True
NIKKEI225,2018-03-13,1d,21742.45,21968.1,21700.78,21968.1,,0.66,1.037831523126398,Nikkei 225 Historical Data.csv,True
NIKKEI225,2018-03-14,1d,21764.99,21881.09,21684.02,21777.29,,-0.87,0.0565127757926831,Nikkei 225 Historical Data.csv,True
NIKKEI225,2018-03-15,1d,21704.14,21825.97,21555.49,21803.95,,0.12,0.45986618221225406,Nikkei 225 Historical Data.csv,True
NIKKEI225,2018-03-16,1d,21876.53,21879.28,21632.85,21676.51,,-0.58,-0.9143131931800941,Nikkei 225 Historical Data.csv,True
NIKKEI225,2018-03-19,1d,21537.9,21659.04,21366.88,21480.9,,-0.9,-0.26464975694009407,Nikkei 225 Historical Data.csv,True
NIKKEI225,2018-03-20,1d,21297.98,21384.86,21223.97,21380.97,,-0.47,0.3896613669465365,Nikkei 225 Historical Data.csv,True
NIKKEI225,2018-03-22,1d,21352.16,21592.0,21349.71,21591.99,,0.99,1.1232118905066368,Nikkei 225 Historical Data.csv,True
NIKKEI225,2018-03-23,1d,21188.8,21188.8,20559.61,20617.86,,-4.51,-2.6945367363890305,Nikkei 225 Historical Data.csv,True
NIKKEI225,2018-03-26,1d,20423.37,20766.1,20347.49,20766.1,,0.72,1.6781265775432708,Nikkei 225 Historical Data.csv,True
NIKKEI225,2018-03-27,1d,20958.9,21317.32,20943.31,21317.32,,2.65,1.7101088320474744,Nikkei 225 Historical Data.csv,True
NIKKEI225,2018-03-28,1d,20893.05,21031.31,20776.82,21031.31,,-1.34,0.6617511564850576,Nikkei 225 Historical Data.csv,True
NIKKEI225,2018-03-29,1d,21250.96,21298.57,20996.22,21159.08,,0.61,-0.43235693822771815,Nikkei 225 Historical Data.csv,True
NIKKEI225,2018-03-30,1d,21392.42,21512.8,21311.5,21454.3,,1.4,0.28926133649209707,Nikkei 225 Historical Data.csv,True
NIKKEI225,2018-04-02,1d,21441.57,21597.47,21388.58,21388.58,,-0.31,-0.2471367535119784,Nikkei 225 Historical Data.csv,True
NIKKEI225,2018-04-03,1d,21115.48,21333.5,21056.02,21292.29,,-0.45,0.8373477657150241,Nikkei 225 Historical Data.csv,True
NIKKEI225,2018-04-04,1d,21415.85,21415.85,21238.18,21319.55,,0.13,-0.44966695228066955,Nikkei 225 Historical Data.csv,True
NIKKEI225,2018-04-05,1d,21541.18,21737.66,21462.1,21645.42,,1.53,0.4839103521719679,Nikkei 225 Historical Data.csv,True
NIKKEI225,2018-04-06,1d,21633.73,21742.84,21550.42,21567.52,,-0.36,-0.3060498582537541,Nikkei 225 Historical Data.csv,True
NIKKEI225,2018-04-09,1d,21534.33,21737.09,21517.77,21678.26,,0.51,0.6683746371491273,Nikkei 225 Historical Data.csv,True
NIKKEI225,2018-04-10,1d,21599.67,21933.99,21542.37,21794.32,,0.54,0.9011711753003748,Nikkei 225 Historical Data.csv,True
NIKKEI225,2018-04-11,1d,21819.09,21837.36,21687.1,21687.1,,-0.49,-0.6049289864976104,Nikkei 225 Historical Data.csv,True
NIKKEI225,2018-04-12,1d,21657.87,21719.43,21591.39,21660.28,,-0.12,0.011127594726545453,Nikkei 225 Historical Data.csv,True
NIKKEI225,2018-04-13,1d,21801.41,21917.35,21746.69,21778.74,,0.55,-0.10398410011094317,Nikkei 225 Historical Data.csv,True
NIKKEI225,2018-04-16,1d,21843.55,21879.69,21775.61,21835.53,,0.26,-0.036715643748386206,Nikkei 225 Historical Data.csv,True
NIKKEI225,2018-04-17,1d,21801.83,21889.89,21772.42,21847.59,,0.06,0.20989063762077986,Nikkei 225 Historical Data.csv,True
NIKKEI225,2018-04-18,1d,21929.01,22194.11,21914.96,22158.2,,1.42,1.0451452208740886,Nikkei 225 Historical Data.csv,True
NIKKEI225,2018-04-19,1d,22231.86,22360.65,22176.86,22191.18,,0.15,-0.18298064129587122,Nikkei 225 Historical Data.csv,True
NIKKEI225,2018-04-20,1d,22148.22,22261.35,22076.63,22162.24,,-0.13,0.06330079798737565,Nikkei 225 Historical Data.csv,True
NIKKEI225,2018-04-23,1d,22157.88,22204.86,22065.52,22088.04,,-0.33,-0.3151926086791712,Nikkei 225 Historical Data.csv,True
NIKKEI225,2018-04-24,1d,22228.82,22304.69,22149.59,22278.12,,0.86,0.221784152285176,Nikkei 225 Historical Data.csv,True
NIKKEI225,2018-04-25,1d,22118.62,22228.78,22080.76,22215.32,,-0.28,0.4371882151779749,Nikkei 225 Historical Data.csv,True
NIKKEI225,2018-04-26,1d,22278.77,22381.66,22265.2,22319.61,,0.47,0.18331353122278404,Nikkei 225 Historical Data.csv,True
NIKKEI225,2018-04-27,1d,22466.66,22495.56,22357.53,22467.87,,0.66,0.005385758274711883,Nikkei 225 Historical Data.csv,True
NIKKEI225,2018-05-01,1d,22453.42,22519.45,22411.43,22508.03,,0.18,0.24321461942100608,Nikkei 225 Historical Data.csv,True
NIKKEI225,2018-05-02,1d,22568.19,22568.19,22426.55,22472.78,,-0.16,-0.42276319013619945,Nikkei 225 Historical Data.csv,True
NIKKEI225,2018-05-07,1d,22513.22,22513.48,22350.91,22467.16,,-0.03,-0.20459090258968526,Nikkei 225 Historical Data.csv,True
NIKKEI225,2018-05-08,1d,22440.65,22566.68,22423.23,22508.69,,0.18,0.30319977362507355,Nikkei 225 Historical Data.csv,True
NIKKEI225,2018-05-09,1d,22463.01,22478.64,22364.75,22408.88,,-0.44,-0.24097393893337538,Nikkei 225 Historical Data.csv,True
NIKKEI225,2018-05-10,1d,22482.51,22530.64,22418.75,22497.18,,0.39,0.0652507215608944,Nikkei 225 Historical Data.csv,True
NIKKEI225,2018-05-11,1d,22573.95,22769.16,22545.47,22758.48,,1.16,0.8174466586485796,Nikkei 225 Historical Data.csv,True
NIKKEI225,2018-05-14,1d,22705.3,22894.76,22683.64,22865.86,,0.47,0.7071476703677249,Nikkei 225 Historical Data.csv,True
NIKKEI225,2018-05-15,1d,22889.47,22912.06,22805.72,22818.02,,-0.21,-0.3121522691438505,Nikkei 225 Historical Data.csv,True
NIKKEI225,2018-05-16,1d,22730.12,22796.14,22695.84,22717.23,,-0.44,-0.05670889550957181,Nikkei 225 Historical Data.csv,True
NIKKEI225,2018-05-17,1d,22820.62,22887.03,22799.16,22838.37,,0.53,0.07778053357008208,Nikkei 225 Historical Data.csv,True
NIKKEI225,2018-05-18,1d,22907.2,22954.19,22867.3,22930.36,,0.4,0.10110358315289503,Nikkei 225 Historical Data.csv,True
NIKKEI225,2018-05-21,1d,22937.58,23050.39,22935.31,23002.37,,0.31,0.28246223010446325,Nikkei 225 Historical Data.csv,True
NIKKEI225,2018-05-22,1d,23025.95,23031.67,22952.87,22960.34,,-0.18,-0.2849393836084957,Nikkei 225 Historical Data.csv,True
NIKKEI225,2018-05-23,1d,22868.79,22949.73,22649.85,22689.74,,-1.18,-0.7829447906950837,Nikkei 225 Historical Data.csv,True
NIKKEI225,2018-05-24,1d,22621.29,22644.69,22366.6,22437.01,,-1.11,-0.8146308190205009,Nikkei 225 Historical Data.csv,True
NIKKEI225,2018-05-25,1d,22380.22,22509.36,22318.15,22450.79,,0.06,0.31532308440220813,Nikkei 225 Historical Data.csv,True
NIKKEI225,2018-05-28,1d,22488.95,22547.67,22410.91,22481.09,,0.13,-0.03495049791120142,Nikkei 225 Historical Data.csv,True
NIKKEI225,2018-05-29,1d,22431.95,22439.1,22240.39,22358.43,,-0.55,-0.32774680756688657,Nikkei 225 Historical Data.csv,True
NIKKEI225,2018-05-30,1d,22051.97,22079.23,21931.65,22018.52,,-1.52,-0.1516871281794785,Nikkei 225 Historical Data.csv,True
NIKKEI225,2018-05-31,1d,22163.4,22254.42,22098.0,22201.82,,0.83,0.17334885441764314,Nikkei 225 Historical Data.csv,True
NIKKEI225,2018-06-01,1d,22126.25,22316.91,22098.04,22171.35,,-0.14,0.20383029207389214,Nikkei 225 Historical Data.csv,True
NIKKEI225,2018-06-04,1d,22355.83,22515.72,22355.83,22475.94,,1.37,0.5372647761232585,Nikkei 225 Historical Data.csv,True
NIKKEI225,2018-06-05,1d,22552.17,22602.13,22470.04,22539.54,,0.28,-0.05600347993118815,Nikkei 225 Historical Data.csv,True
NIKKEI225,2018-06-06,1d,22520.31,22662.82,22498.59,22625.73,,0.38,0.4681107853311106,Nikkei 225 Historical Data.csv,True
NIKKEI225,2018-06-07,1d,22748.72,22856.37,22732.18,22823.26,,0.87,0.3276667874060557,Nikkei 225 Historical Data.csv,True
NIKKEI225,2018-06-08,1d,22799.38,22879.0,22694.5,22694.5,,-0.56,-0.46001250911209546,Nikkei 225 Historical Data.csv,True
NIKKEI225,2018-06-11,1d,22686.95,22856.08,22667.3,22804.04,,0.48,0.5161116853521497,Nikkei 225 Historical Data.csv,True
NIKKEI225,2018-06-12,1d,22977.22,23011.57,22797.73,22878.35,,0.33,-0.4302957450901479,Nikkei 225 Historical Data.csv,True
NIKKEI225,2018-06-13,1d,22896.17,22993.26,22895.31,22966.38,,0.38,0.30664517253322643,Nikkei 225 Historical Data.csv,True
NIKKEI225,2018-06-14,1d,22842.96,22898.39,22738.61,22738.61,,-0.99,-0.4568147035235337,Nikkei 225 Historical Data.csv,True
NIKKEI225,2018-06-15,1d,22883.24,22885.84,22770.38,22851.75,,0.5,-0.1376116319192655,Nikkei 225 Historical Data.csv,True
NIKKEI225,2018-06-18,1d,22806.57,22806.89,22601.13,22680.33,,-0.75,-0.5535247080117656,Nikkei 225 Historical Data.csv,True
NIKKEI225,2018-06-19,1d,22565.92,22618.52,22278.48,22278.48,,-1.77,-1.27377922105546,Nikkei 225 Historical Data.csv,True
NIKKEI225,2018-06-20,1d,22338.53,22581.4,22167.16,22555.43,,1.24,0.9709680986170532,Nikkei 225 Historical Data.csv,True
NIKKEI225,2018-06-21,1d,22523.28,22782.01,22491.08,22693.04,,0.61,0.7537090512572009,Nikkei 225 Historical Data.csv,True
NIKKEI225,2018-06-22,1d,22456.45,22535.65,22414.18,22516.83,,-0.78,0.26887597995230994,Nikkei 225 Historical Data.csv,True
NIKKEI225,2018-06-25,1d,22543.56,22556.55,22312.79,22338.15,,-0.79,-0.9111693095500417,Nikkei 225 Historical Data.csv,True
NIKKEI225,2018-06-26,1d,22160.33,22368.78,22104.12,22342.0,,0.02,0.8197982611269694,Nikkei 225 Historical Data.csv,True
NIKKEI225,2018-06-27,1d,22320.88,22356.54,22205.64,22271.77,,-0.31,-0.22001820716746057,Nikkei 225 Historical Data.csv,True
NIKKEI225,2018-06-28,1d,22195.19,22299.39,22038.4,22270.39,,-0.01,0.3388121480374817,Nikkei 225 Historical Data.csv,True
NIKKEI225,2018-06-29,1d,22314.47,22332.82,22145.48,22304.51,,0.15,-0.04463471460448565,Nikkei 225 Historical Data.csv,True
NIKKEI225,2018-07-02,1d,22233.8,22311.54,21784.48,21811.93,,-2.21,-1.8974264408243235,Nikkei 225 Historical Data.csv,True
NIKKEI225,2018-07-03,1d,21889.06,21927.81,21574.56,21785.54,,-0.12,-0.47293031313359046,Nikkei 225 Historical Data.csv,True
NIKKEI225,2018-07-04,1d,21679.0,21784.0,21604.18,21717.04,,-0.31,0.17546934821717208,Nikkei 225 Historical Data.csv,True
NIKKEI225,2018-07-05,1d,21697.44,21751.5,21462.95,21546.99,,-0.78,-0.6933997743512443,Nikkei 225 Historical Data.csv,True
NIKKEI225,2018-07-06,1d,21647.66,21866.16,21642.96,21788.14,,1.12,0.6489384995884029,Nikkei 225 Historical Data.csv,True
NIKKEI225,2018-07-09,1d,21838.53,22105.95,21825.76,22052.18,,1.21,0.9783167639946466,Nikkei 225 Historical Data.csv,True
NIKKEI225,2018-07-10,1d,22215.34,22321.6,22196.89,22196.89,,0.66,-0.08305072080824205,Nikkei 225 Historical Data.csv,True
NIKKEI225,2018-07-11,1d,22002.14,22044.62,21744.25,21932.21,,-1.19,-0.317832719908151,Nikkei 225 Historical Data.csv,True
NIKKEI225,2018-07-12,1d,22036.87,22233.52,22019.19,22187.96,,1.17,0.6856236843072461,Nikkei 225 Historical Data.csv,True
NIKKEI225,2018-07-13,1d,22397.62,22692.86,22316.52,22597.35,,1.85,0.8917465337834996,Nikkei 225 Historical Data.csv,True
NIKKEI225,2018-07-17,1d,22605.73,22832.22,22575.42,22697.36,,0.44,0.4053397081182464,Nikkei 225 Historical Data.csv,True
NIKKEI225,2018-07-18,1d,22917.52,22948.3,22794.19,22794.19,,0.43,-0.5381472340811877,Nikkei 225 Historical Data.csv,True
NIKKEI225,2018-07-19,1d,22871.62,22926.47,22761.87,22764.68,,-0.13,-0.4675663551597986,Nikkei 225 Historical Data.csv,True
NIKKEI225,2018-07-20,1d,22734.56,22869.98,22541.35,22697.88,,-0.29,-0.16134026785651345,Nikkei 225 Historical Data.csv,True
NIKKEI225,2018-07-23,1d,22480.33,22507.17,22341.87,22396.99,,-1.33,-0.3707240952423696,Nikkei 225 Historical Data.csv,True
NIKKEI225,2018-07-24,1d,22555.05,22555.05,22416.48,22510.48,,0.51,-0.19760541430854373,Nikkei 225 Historical Data.csv,True
NIKKEI225,2018-07-25,1d,22594.28,22641.09,22547.14,22614.25,,0.46,0.08838520191836174,Nikkei 225 Historical Data.csv,True
NIKKEI225,2018-07-26,1d,22711.59,22717.15,22549.77,22586.87,,-0.12,-0.5491469333498977,Nikkei 225 Historical Data.csv,True
NIKKEI225,2018-07-27,1d,22646.48,22712.75,22594.23,22712.75,,0.56,0.29262825834301953,Nikkei 225 Historical Data.csv,True
NIKKEI225,2018-07-30,1d,22613.3,22631.32,22518.94,22544.84,,-0.74,-0.302742191542138,Nikkei 225 Historical Data.csv,True
NIKKEI225,2018-07-31,1d,22472.12,22678.06,22352.21,22553.72,,0.04,0.36311660849088767,Nikkei 225 Historical Data.csv,True
NIKKEI225,2018-08-01,1d,22642.18,22775.47,22615.98,22746.7,,0.86,0.4616163284630659,Nikkei 225 Historical Data.csv,True
NIKKEI225,2018-08-02,1d,22676.73,22754.73,22464.81,22512.53,,-1.03,-0.7240902899139368,Nikkei 225 Historical Data.csv,True
NIKKEI225,2018-08-03,1d,22585.54,22613.5,22490.57,22525.18,,0.06,-0.267250639125749,Nikkei 225 Historical Data.csv,True
NIKKEI225,2018-08-06,1d,22536.05,22635.68,22486.74,22507.32,,-0.08,-0.1274846301814181,Nikkei 225 Historical Data.csv,True
NIKKEI225,2018-08-07,1d,22514.31,22666.68,22499.05,22662.74,,0.69,0.6592695934274806,Nikkei 225 Historical Data.csv,True
NIKKEI225,2018-08-08,1d,22666.56,22800.61,22610.29,22644.31,,-0.08,-0.09816222664577046,Nikkei 225 Historical Data.csv,True
NIKKEI225,2018-08-09,1d,22591.54,22648.88,22497.99,22598.39,,-0.2,0.030321084795459363,Nikkei 225 Historical Data.csv,True
NIKKEI225,2018-08-10,1d,22606.91,22608.86,22272.69,22298.08,,-1.33,-1.3660867407354615,Nikkei 225 Historical Data.csv,True
NIKKEI225,2018-08-13,1d,22117.57,22124.6,21851.32,21857.43,,-1.98,-1.17616899143983,Nikkei 225 Historical Data.csv,True
NIKKEI225,2018-08-14,1d,22053.07,22356.08,22047.19,22356.08,,2.28,1.3740037101410474,Nikkei 225 Historical Data.csv,True
NIKKEI225,2018-08-15,1d,22368.12,22380.28,22110.29,22204.22,,-0.68,-0.7327392735732685,Nikkei 225 Historical Data.csv,True
NIKKEI225,2018-08-16,1d,21980.82,22240.42,21871.7,22192.04,,-0.05,0.9609286641717674,Nikkei 225 Historical Data.csv,True
NIKKEI225,2018-08-17,1d,22313.19,22340.95,22244.1,22270.38,,0.35,-0.19185961308085808,Nikkei 225 Historical Data.csv,True
NIKKEI225,2018-08-20,1d,22267.07,22288.31,22151.38,22199.0,,-0.32,-0.30569805546935,Nikkei 225 Historical Data.csv,True
NIKKEI225,2018-08-21,1d,22110.54,22306.83,22053.14,22219.73,,0.09,0.49383687598765214,Nikkei 225 Historical Data.csv,True
NIKKEI225,2018-08-22,1d,22270.04,22390.2,22162.81,22362.55,,0.64,0.4154011398273205,Nikkei 225 Historical Data.csv,True
NIKKEI225,2018-08-23,1d,22420.67,22462.77,22379.17,22410.82,,0.22,-0.043932674625679624,Nikkei 225 Historical Data.csv,True
NIKKEI225,2018-08-24,1d,22484.01,22602.24,22452.42,22601.77,,0.85,0.5237499894369391,Nikkei 225 Historical Data.csv,True
NIKKEI225,2018-08-27,1d,22693.69,22838.06,22682.39,22799.64,,0.88,0.4668698655881931,Nikkei 225 Historical Data.csv,True
NIKKEI225,2018-08-28,1d,22967.74,23006.77,22813.47,22813.47,,0.06,-0.6716812363776303,Nikkei 225 Historical Data.csv,True
NIKKEI225,2018-08-29,1d,22820.86,22964.23,22819.97,22848.22,,0.15,0.11989031088224245,Nikkei 225 Historical Data.csv,True
NIKKEI225,2018-08-30,1d,23020.18,23032.17,22832.83,22869.5,,0.09,-0.6545561329233784,Nikkei 225 Historical Data.csv,True
NIKKEI225,2018-08-31,1d,22733.25,22890.61,22678.03,22865.15,,-0.02,0.5802074054523709,Nikkei 225 Historical Data.csv,True
NIKKEI225,2018-09-03,1d,22819.17,22820.48,22684.43,22707.38,,-0.69,-0.48989511888467563,Nikkei 225 Historical Data.csv,True
NIKKEI225,2018-09-04,1d,22740.05,22750.94,22612.15,22696.9,,-0.05,-0.1897533206831059,Nikkei 225 Historical Data.csv,True
NIKKEI225,2018-09-05,1d,22663.8,22692.25,22570.52,22580.83,,-0.51,-0.36609041731747727,Nikkei 225 Historical Data.csv,True
NIKKEI225,2018-09-06,1d,22458.97,22535.34,22416.63,22487.94,,-0.41,0.128990777404292,Nikkei 225 Historical Data.csv,True
NIKKEI225,2018-09-07,1d,22351.84,22372.89,22172.9,22307.06,,-0.8,-0.20034144839976564,Nikkei 225 Historical Data.csv,True
NIKKEI225,2018-09-10,1d,22253.65,22396.88,22249.61,22373.09,,0.3,0.5367209424071984,Nikkei 225 Historical Data.csv,True
NIKKEI225,2018-09-11,1d,22469.78,22667.85,22457.1,22664.69,,1.3,0.8674317238531071,Nikkei 225 Historical Data.csv,True
NIKKEI225,2018-09-12,1d,22702.71,22709.37,22522.89,22604.61,,-0.27,-0.4321070039655983,Nikkei 225 Historical Data.csv,True
NIKKEI225,2018-09-13,1d,22657.95,22858.41,22643.88,22821.32,,0.96,0.7210272774015314,Nikkei 225 Historical Data.csv,True
NIKKEI225,2018-09-14,1d,23035.78,23105.28,22965.48,23094.67,,1.2,0.2556457823438052,Nikkei 225 Historical Data.csv,True
NIKKEI225,2018-09-18,1d,23042.19,23481.53,23039.26,23420.54,,1.41,1.6419880228398576,Nikkei 225 Historical Data.csv,True
NIKKEI225,2018-09-19,1d,23754.96,23842.05,23672.52,23672.52,,1.08,-0.347043312217743,Nikkei 225 Historical Data.csv,True
NIKKEI225,2018-09-20,1d,23752.79,23781.75,23582.15,23674.93,,0.01,-0.327793071887561,Nikkei 225 Historical Data.csv,True
NIKKEI225,2018-09-21,1d,23848.63,23971.41,23767.05,23869.93,,0.82,0.08931330646666513,Nikkei 225 Historical Data.csv,True
NIKKEI225,2018-09-25,1d,23881.85,23950.98,23808.95,23940.26,,0.29,0.2445790422433758,Nikkei 225 Historical Data.csv,True
NIKKEI225,2018-09-26,1d,23846.6,24033.79,23833.92,24033.79,,0.39,0.7849756359397331,Nikkei 225 Historical Data.csv,True
NIKKEI225,2018-09-27,1d,23946.43,24089.32,23778.04,23796.74,,-0.99,-0.6251036166977642,Nikkei 225 Historical Data.csv,True
NIKKEI225,2018-09-28,1d,24080.01,24286.1,24021.27,24120.04,,1.36,0.16623747249275844,Nikkei 225 Historical Data.csv,True
NIKKEI225,2018-10-01,1d,24173.37,24306.54,24123.5,24245.76,,0.52,0.29946176308888184,Nikkei 225 Historical Data.csv,True
NIKKEI225,2018-10-02,1d,24376.17,24448.07,24217.26,24270.62,,0.1,-0.4330048567925071,Nikkei 225 Historical Data.csv,True
NIKKEI225,2018-10-03,1d,24219.19,24260.63,24030.59,24110.96,,-0.66,-0.44687704254353644,Nikkei 225 Historical Data.csv,True
NIKKEI225,2018-10-04,1d,24242.06,24247.82,23923.26,23975.62,,-0.56,-1.0990815136997512,Nikkei 225 Historical Data.csv,True
NIKKEI225,2018-10-05,1d,23781.76,23928.62,23730.19,23783.72,,-0.8,0.008241610377046626,Nikkei 225 Historical Data.csv,True
NIKKEI225,2018-10-09,1d,23550.47,23587.05,23442.46,23469.39,,-1.32,-0.34428187632774554,Nikkei 225 Historical Data.csv,True
NIKKEI225,2018-10-10,1d,23538.92,23589.38,23373.54,23506.04,,0.16,-0.13968355387586895,Nikkei 225 Historical Data.csv,True
NIKKEI225,2018-10-11,1d,23043.37,23051.19,22459.02,22590.86,,-3.89,-1.963731867344054,Nikkei 225 Historical Data.csv,True
NIKKEI225,2018-10-12,1d,22323.43,22711.13,22323.43,22694.66,,0.46,1.662961292238685,Nikkei 225 Historical Data.csv,True
NIKKEI225,2018-10-15,1d,22501.33,22520.59,22261.92,22271.3,,-1.87,-1.0222951265547509,Nikkei 225 Historical Data.csv,True
NIKKEI225,2018-10-16,1d,22298.2,22549.24,22269.53,22549.24,,1.25,1.1258307845476434,Nikkei 225 Historical Data.csv,True
NIKKEI225,2018-10-17,1d,22806.59,22959.41,22765.58,22841.12,,1.29,0.15140360746608295,Nikkei 225 Historical Data.csv,True
NIKKEI225,2018-10-18,1d,22871.28,22873.13,22637.29,22658.16,,-0.8,-0.9318236670619151,Nikkei 225 Historical Data.csv,True
NIKKEI225,2018-10-19,1d,22342.0,22551.67,22212.57,22532.08,,-0.56,0.8507743263808099,Nikkei 225 Historical Data.csv,True
NIKKEI225,2018-10-22,1d,22374.21,22672.25,22271.59,22614.82,,0.37,1.0753899243816978,Nikkei 225 Historical Data.csv,True
NIKKEI225,2018-10-23,1d,22404.14,22410.15,21993.07,22010.78,,-2.67,-1.7557469289158245,Nikkei 225 Historical Data.csv,True
NIKKEI225,2018-10-24,1d,22167.76,22207.09,21911.42,22091.18,,0.37,-0.345456645145914,Nikkei 225 Historical Data.csv,True
NIKKEI225,2018-10-25,1d,21676.83,21703.21,21204.4,21268.73,,-3.72,-1.8826553513590416,Nikkei 225 Historical Data.csv,True
NIKKEI225,2018-10-26,1d,21440.84,21476.66,20971.93,21184.6,,-0.4,-1.195102430688355,Nikkei 225 Historical Data.csv,True
NIKKEI225,2018-10-29,1d,21323.61,21465.99,21109.97,21149.8,,-0.16,-0.8151058849791393,Nikkei 225 Historical Data.csv,True
NIKKEI225,2018-10-30,1d,21049.52,21568.4,21035.88,21457.29,,1.45,1.9371938172461967,Nikkei 225 Historical Data.csv,True
NIKKEI225,2018-10-31,1d,21569.56,21920.46,21530.39,21920.46,,2.16,1.6268296618011657,Nikkei 225 Historical Data.csv,True
NIKKEI225,2018-11-01,1d,21906.41,21906.41,21628.45,21687.65,,-1.06,-0.9986118218366147,Nikkei 225 Historical Data.csv,True
NIKKEI225,2018-11-02,1d,21761.58,22308.42,21751.33,22243.66,,2.56,2.2152803243146835,Nikkei 225 Historical Data.csv,True
NIKKEI225,2018-11-05,1d,22002.47,22051.65,21865.98,21898.99,,-1.55,-0.4703108332837158,Nikkei 225 Historical Data.csv,True
NIKKEI225,2018-11-06,1d,22018.87,22160.83,21994.28,22147.75,,1.14,0.5853161402015639,Nikkei 225 Historical Data.csv,True
NIKKEI225,2018-11-07,1d,22189.74,22444.65,21996.94,22085.8,,-0.28,-0.46841468174031453,Nikkei 225 Historical Data.csv,True
NIKKEI225,2018-11-08,1d,22446.01,22583.43,22421.0,22486.92,,1.82,0.18225956417199374,Nikkei 225 Historical Data.csv,True
NIKKEI225,2018-11-09,1d,22471.31,22494.58,22226.01,22250.25,,-1.05,-0.983743270864057,Nikkei 225 Historical Data.csv,True
NIKKEI225,2018-11-12,1d,22121.7,22324.01,22046.29,22269.88,,0.09,0.6698400213365208,Nikkei 225 Historical Data.csv,True
NIKKEI225,2018-11-13,1d,21885.24,21892.29,21484.65,21810.52,,-2.06,-0.34141732053201146,Nikkei 225 Historical Data.csv,True
NIKKEI225,2018-11-14,1d,21851.13,21990.41,21764.88,21846.48,,0.16,-0.02128036399033917,Nikkei 225 Historical Data.csv,True
NIKKEI225,2018-11-15,1d,21670.35,21818.73,21613.53,21803.62,,-0.2,0.6149877597731557,Nikkei 225 Historical Data.csv,True
NIKKEI225,2018-11-16,1d,21804.9,21873.74,21663.99,21680.34,,-0.57,-0.5712477470660282,Nikkei 225 Historical Data.csv,True
NIKKEI225,2018-11-19,1d,21679.03,21852.92,21665.29,21821.16,,0.65,0.6556105139390533,Nikkei 225 Historical Data.csv,True
NIKKEI225,2018-11-20,1d,21582.69,21687.12,21526.95,21583.12,,-1.09,0.0019923373777874787,Nikkei 225 Historical Data.csv,True
NIKKEI225,2018-11-21,1d,21286.81,21555.61,21243.38,21507.54,,-0.35,1.0369331994789288,Nikkei 225 Historical Data.csv,True
NIKKEI225,2018-11-22,1d,21582.47,21684.64,21484.98,21646.55,,0.65,0.2969076292009154,Nikkei 225 Historical Data.csv,True
NIKKEI225,2018-11-26,1d,21647.69,21838.1,21622.6,21812.0,,0.76,0.7590186297013801,Nikkei 225 Historical Data.csv,True
NIKKEI225,2018-11-27,1d,21967.98,22006.83,21816.05,21952.4,,0.64,-0.0709214046990092,Nikkei 225 Historical Data.csv,True
NIKKEI225,2018-11-28,1d,22036.72,22216.98,22032.72,22177.02,,1.02,0.6366646215952176,Nikkei 225 Historical Data.csv,True
NIKKEI225,2018-11-29,1d,22360.98,22437.95,22241.17,22262.6,,0.39,-0.43996282810503384,Nikkei 225 Historical Data.csv,True
NIKKEI225,2018-11-30,1d,22274.97,22362.2,22231.96,22351.06,,0.4,0.341594174986537,Nikkei 225 Historical Data.csv,True
NIKKEI225,2018-12-03,1d,22629.39,22698.79,22550.29,22574.76,,1.0,-0.24141172165931257,Nikkei 225 Historical Data.csv,True
NIKKEI225,2018-12-04,1d,22533.97,22576.62,22033.41,22036.05,,-2.39,-2.209641709827437,Nikkei 225 Historical Data.csv,True
NIKKEI225,2018-12-05,1d,21755.17,21979.18,21708.82,21919.33,,-0.53,0.75457925633311,Nikkei 225 Historical Data.csv,True
NIKKEI225,2018-12-06,1d,21766.5,21805.02,21307.72,21501.62,,-1.91,-1.2169159028782794,Nikkei 225 Historical Data.csv,True
NIKKEI225,2018-12-07,1d,21643.75,21734.94,21506.45,21678.68,,0.82,0.16138608143227984,Nikkei 225 Historical Data.csv,True
NIKKEI225,2018-12-10,1d,21319.47,21365.78,21169.96,21219.5,,-2.12,-0.4689140958945126,Nikkei 225 Historical Data.csv,True
NIKKEI225,2018-12-11,1d,21273.04,21279.02,21062.31,21148.02,,-0.34,-0.5876922151229924,Nikkei 225 Historical Data.csv,True
NIKKEI225,2018-12-12,1d,21348.4,21631.47,21320.72,21602.75,,2.15,1.1914241816716853,Nikkei 225 Historical Data.csv,True
NIKKEI225,2018-12-13,1d,21755.13,21871.34,21675.66,21816.19,,0.99,0.28066943291076285,Nikkei 225 Historical Data.csv,True
NIKKEI225,2018-12-14,1d,21638.96,21751.31,21353.94,21374.83,,-2.02,-1.2206224328710658,Nikkei 225 Historical Data.csv,True
NIKKEI225,2018-12-17,1d,21391.73,21563.27,21363.67,21506.88,,0.62,0.5382921343902503,Nikkei 225 Historical Data.csv,True
NIKKEI225,2018-12-18,1d,21275.51,21330.36,21101.44,21115.45,,-1.82,-0.7523203909095333,Nikkei 225 Historical Data.csv,True
NIKKEI225,2018-12-19,1d,21107.17,21168.62,20880.73,20987.92,,-0.6,-0.5649738927577697,Nikkei 225 Historical Data.csv,True
NIKKEI225,2018-12-20,1d,20779.93,20841.34,20282.93,20392.58,,-2.84,-1.8640582523617666,Nikkei 225 Historical Data.csv,True
NIKKEI225,2018-12-21,1d,20310.5,20334.73,20006.67,20166.19,,-1.11,-0.7105191895817486,Nikkei 225 Historical Data.csv,True
NIKKEI225,2018-12-25,1d,19785.43,19785.43,19117.96,19155.74,,-5.01,-3.182594464714683,Nikkei 225 Historical Data.csv,True
NIKKEI225,2018-12-26,1d,19302.59,19530.35,18948.58,19327.06,,0.89,0.12677055255279068,Nikkei 225 Historical Data.csv,True
NIKKEI225,2018-12-27,1d,19706.19,20211.57,19701.76,20077.62,,3.88,1.884839230718871,Nikkei 225 Historical Data.csv,True
NIKKEI225,2018-12-28,1d,19957.88,20084.38,19900.04,20014.77,,-0.31,0.2850503159654183,Nikkei 225 Historical Data.csv,True
NIKKEI225,2019-01-04,1d,19655.13,19692.58,19241.37,19561.96,,-2.26,-0.4740238299110855,Nikkei 225 Historical Data.csv,True
NIKKEI225,2019-01-07,1d,19944.61,20266.22,19920.8,20038.97,,2.44,0.4731102789174546,Nikkei 225 Historical Data.csv,True
NIKKEI225,2019-01-08,1d,20224.67,20347.92,20106.36,20204.04,,0.82,-0.10200413653225215,Nikkei 225 Historical Data.csv,True
NIKKEI225,2019-01-09,1d,20366.3,20494.35,20331.2,20427.06,,1.1,0.29833597658879274,Nikkei 225 Historical Data.csv,True
NIKKEI225,2019-01-10,1d,20270.88,20345.92,20101.93,20163.8,,-1.29,-0.5282454437103956,Nikkei 225 Historical Data.csv,True
NIKKEI225,2019-01-11,1d,20296.45,20389.89,20294.74,20359.7,,0.97,0.31163085170067273,Nikkei 225 Historical Data.csv,True
NIKKEI225,2019-01-15,1d,20264.82,20571.28,20204.43,20555.29,,0.96,1.4333707380573824,Nikkei 225 Historical Data.csv,True
NIKKEI225,2019-01-16,1d,20575.72,20580.25,20323.32,20442.75,,-0.55,-0.6462471301125872,Nikkei 225 Historical Data.csv,True
NIKKEI225,2019-01-17,1d,20544.23,20571.75,20342.46,20402.27,,-0.2,-0.6909969368528279,Nikkei 225 Historical Data.csv,True
NIKKEI225,2019-01-18,1d,20472.81,20682.12,20454.13,20666.07,,1.29,0.9439837521082683,Nikkei 225 Historical Data.csv,True
NIKKEI225,2019-01-21,1d,20848.38,20892.68,20678.26,20719.33,,0.26,-0.6189929385400639,Nikkei 225 Historical Data.csv,True
NIKKEI225,2019-01-22,1d,20770.06,20805.93,20558.3,20622.91,,-0.47,-0.7084717136108476,Nikkei 225 Historical Data.csv,True
NIKKEI225,2019-01-23,1d,20453.44,20686.29,20438.22,20593.72,,-0.14,0.6858503997371646,Nikkei 225 Historical Data.csv,True
NIKKEI225,2019-01-24,1d,20506.24,20620.72,20467.59,20574.63,,-0.09,0.3335082394432032,Nikkei 225 Historical Data.csv,True
NIKKEI225,2019-01-25,1d,20598.64,20844.31,20598.64,20773.56,,0.97,0.8491822761114376,Nikkei 225 Historical Data.csv,True
NIKKEI225,2019-01-28,1d,20746.29,20759.48,20624.55,20649.0,,-0.6,-0.46895131611484064,Nikkei 225 Historical Data.csv,True
NIKKEI225,2019-01-29,1d,20555.44,20673.66,20406.22,20664.64,,0.08,0.5312462297085485,Nikkei 225 Historical Data.csv,True
NIKKEI225,2019-01-30,1d,20701.62,20706.27,20527.53,20556.54,,-0.52,-0.7008147188480862,Nikkei 225 Historical Data.csv,True
NIKKEI225,2019-01-31,1d,20832.91,20869.42,20682.91,20773.49,,1.06,-0.28522179570688033,Nikkei 225 Historical Data.csv,True
NIKKEI225,2019-02-01,1d,20797.03,20929.63,20741.98,20788.39,,0.07,-0.041544393598502705,Nikkei 225 Historical Data.csv,True
NIKKEI225,2019-02-04,1d,20831.9,20922.58,20823.68,20883.77,,0.46,0.24899313072739293,Nikkei 225 Historical Data.csv,True
NIKKEI225,2019-02-05,1d,20960.47,20981.23,20823.18,20844.45,,-0.19,-0.5535181224466834,Nikkei 225 Historical Data.csv,True
NIKKEI225,2019-02-06,1d,20928.87,20971.66,20860.99,20874.06,,0.14,-0.261887048846865,Nikkei 225 Historical Data.csv,True
NIKKEI225,2019-02-07,1d,20812.22,20844.77,20665.51,20751.28,,-0.59,-0.29280874409362,Nikkei 225 Historical Data.csv,True
NIKKEI225,2019-02-08,1d,20510.5,20562.39,20315.31,20333.17,,-2.01,-0.8645815557885017,Nikkei 225 Historical Data.csv,True
NIKKEI225,2019-02-12,1d,20442.55,20885.88,20428.57,20864.21,,2.61,2.0626585235207884,Nikkei 225 Historical Data.csv,True
NIKKEI225,2019-02-13,1d,21029.93,21213.74,20992.88,21144.48,,1.34,0.5446998634802913,Nikkei 225 Historical Data.csv,True
NIKKEI225,2019-02-14,1d,21147.89,21235.62,21102.16,21139.71,,-0.02,-0.03867998178541665,Nikkei 225 Historical Data.csv,True
NIKKEI225,2019-02-15,1d,21051.51,21051.51,20853.33,20900.63,,-1.13,-0.7167181831611913,Nikkei 225 Historical Data.csv,True
NIKKEI225,2019-02-18,1d,21217.32,21306.36,21189.97,21281.85,,1.82,0.30413831718614226,Nikkei 225 Historical Data.csv,True
NIKKEI225,2019-02-19,1d,21256.58,21344.17,21217.16,21302.65,,0.1,0.21673288929828782,Nikkei 225 Historical Data.csv,True
NIKKEI225,2019-02-20,1d,21346.04,21494.85,21315.39,21431.49,,0.6,0.40030844128466914,Nikkei 225 Historical Data.csv,True
NIKKEI225,2019-02-21,1d,21422.31,21553.35,21318.74,21464.23,,0.15,0.19568384548631634,Nikkei 225 Historical Data.csv,True
NIKKEI225,2019-02-22,1d,21376.36,21451.23,21348.67,21425.51,,-0.18,0.22992689120129306,Nikkei 225 Historical Data.csv,True
NIKKEI225,2019-02-25,1d,21567.66,21590.03,21505.07,21528.23,,0.48,-0.1828200184906481,Nikkei 225 Historical Data.csv,True
NIKKEI225,2019-02-26,1d,21556.02,21610.88,21405.84,21449.39,,-0.37,-0.49466459949472075,Nikkei 225 Historical Data.csv,True
NIKKEI225,2019-02-27,1d,21504.61,21578.81,21492.65,21556.51,,0.5,0.2413436002791869,Nikkei 225 Historical Data.csv,True
NIKKEI225,2019-02-28,1d,21536.55,21536.55,21364.09,21385.16,,-0.79,-0.7029445291841019,Nikkei 225 Historical Data.csv,True
NIKKEI225,2019-03-01,1d,21490.02,21641.58,21490.02,21602.69,,1.02,0.5242898796743667,Nikkei 225 Historical Data.csv,True
NIKKEI225,2019-03-04,1d,21812.81,21860.39,21740.92,21822.04,,1.02,0.042314584870073446,Nikkei 225 Historical Data.csv,True
NIKKEI225,2019-03-05,1d,21712.8,21798.38,21659.04,21726.28,,-0.44,0.06208319516598504,Nikkei 225 Historical Data.csv,True
NIKKEI225,2019-03-06,1d,21659.03,21684.6,21550.45,21596.81,,-0.6,-0.2872704825654604,Nikkei 225 Historical Data.csv,True
NIKKEI225,2019-03-07,1d,21456.88,21472.16,21402.12,21456.01,,-0.65,-0.004054643545581271,Nikkei 225 Historical Data.csv,True
NIKKEI225,2019-03-08,1d,21339.17,21359.32,20993.07,21025.56,,-2.01,-1.4696447893708942,Nikkei 225 Historical Data.csv,True
NIKKEI225,2019-03-11,1d,21062.75,21145.94,20938.0,21125.09,,0.47,0.29597274809793905,Nikkei 225 Historical Data.csv,True
NIKKEI225,2019-03-12,1d,21361.61,21568.48,21348.81,21503.69,,1.79,0.6651184063373394,Nikkei 225 Historical Data.csv,True
NIKKEI225,2019-03-13,1d,21425.77,21474.17,21198.99,21290.24,,-0.99,-0.6325560294915822,Nikkei 225 Historical Data.csv,True
NIKKEI225,2019-03-14,1d,21474.58,21522.75,21287.02,21287.02,,-0.02,-0.873404741792394,Nikkei 225 Historical Data.csv,True
NIKKEI225,2019-03-15,1d,21376.73,21521.68,21374.85,21450.85,,0.77,0.34673217091669706,Nikkei 225 Historical Data.csv,True
NIKKEI225,2019-03-18,1d,21576.36,21612.67,21500.32,21584.5,,0.62,0.037726474715849,Nikkei 225 Historical Data.csv,True
NIKKEI225,2019-03-19,1d,21558.43,21585.55,21425.79,21566.85,,-0.08,0.0390566474460341,Nikkei 225 Historical Data.csv,True
NIKKEI225,2019-03-20,1d,21548.65,21614.17,21499.16,21608.92,,0.2,0.2796926953660517,Nikkei 225 Historical Data.csv,True
NIKKEI225,2019-03-22,1d,21713.26,21713.26,21542.03,21627.34,,0.09,-0.3957029022818248,Nikkei 225 Historical Data.csv,True
NIKKEI225,2019-03-25,1d,21267.41,21275.43,20911.57,20977.11,,-3.01,-1.3649993111526038,Nikkei 225 Historical Data.csv,True
NIKKEI225,2019-03-26,1d,21174.34,21460.99,21174.34,21428.39,,2.15,1.1998012688943183,Nikkei 225 Historical Data.csv,True
NIKKEI225,2019-03-27,1d,21353.61,21388.59,21242.52,21378.73,,-0.23,0.11763818857795094,Nikkei 225 Historical Data.csv,True
NIKKEI225,2019-03-28,1d,21191.32,21191.32,20974.19,21033.76,,-1.61,-0.7435119662201339,Nikkei 225 Historical Data.csv,True
NIKKEI225,2019-03-29,1d,21228.51,21267.25,21149.42,21205.81,,0.82,-0.10693166877937532,Nikkei 225 Historical Data.csv,True
NIKKEI225,2019-04-01,1d,21500.89,21682.94,21471.12,21509.03,,1.43,0.03785889793399555,Nikkei 225 Historical Data.csv,True
NIKKEI225,2019-04-02,1d,21744.64,21744.64,21490.56,21505.31,,-0.02,-1.1006390540381328,Nikkei 225 Historical Data.csv,True
NIKKEI225,2019-04-03,1d,21563.64,21722.72,21489.95,21713.21,,0.97,0.6936212995579671,Nikkei 225 Historical Data.csv,True
NIKKEI225,2019-04-04,1d,21724.69,21787.6,21662.9,21724.95,,0.05,0.0011967949830493652,Nikkei 225 Historical Data.csv,True
NIKKEI225,2019-04-05,1d,21743.14,21839.18,21731.34,21807.5,,0.38,0.2960014055007676,Nikkei 225 Historical Data.csv,True
NIKKEI225,2019-04-08,1d,21900.55,21900.55,21740.53,21761.65,,-0.21,-0.6342306471755155,Nikkei 225 Historical Data.csv,True
NIKKEI225,2019-04-09,1d,21750.29,21811.88,21698.42,21802.59,,0.19,0.24045656402742477,Nikkei 225 Historical Data.csv,True
NIKKEI225,2019-04-10,1d,21579.68,21687.57,21571.67,21687.57,,-0.53,0.49996107449230553,Nikkei 225 Historical Data.csv,True
NIKKEI225,2019-04-11,1d,21662.65,21721.42,21627.87,21711.38,,0.11,0.22494939446466855,Nikkei 225 Historical Data.csv,True
NIKKEI225,2019-04-12,1d,21782.35,21878.78,21698.71,21870.56,,0.73,0.404960897240203,Nikkei 225 Historical Data.csv,True
NIKKEI225,2019-04-15,1d,22122.97,22211.03,22102.93,22169.11,,1.37,0.2085615086943493,Nikkei 225 Historical Data.csv,True
NIKKEI225,2019-04-16,1d,22108.15,22261.33,22095.32,22221.66,,0.24,0.5134305674604045,Nikkei 225 Historical Data.csv,True
NIKKEI225,2019-04-17,1d,22236.41,22345.19,22185.87,22277.97,,0.25,0.1869006732651668,Nikkei 225 Historical Data.csv,True
NIKKEI225,2019-04-18,1d,22274.13,22305.63,22058.39,22090.12,,-0.84,-0.826115318533216,Nikkei 225 Historical Data.csv,True
NIKKEI225,2019-04-19,1d,22238.07,22250.37,22162.23,22200.56,,0.5,-0.16867470963082276,Nikkei 225 Historical Data.csv,True
NIKKEI225,2019-04-22,1d,22188.62,22280.19,22099.38,22217.9,,0.08,0.13195953601441435,Nikkei 225 Historical Data.csv,True
NIKKEI225,2019-04-23,1d,22241.74,22268.37,22119.94,22259.74,,0.19,0.08092892012945274,Nikkei 225 Historical Data.csv,True
NIKKEI225,2019-04-24,1d,22356.83,22362.92,22125.48,22200.0,,-0.27,-0.7014858546582903,Nikkei 225 Historical Data.csv,True
NIKKEI225,2019-04-25,1d,22183.32,22334.69,22155.23,22307.58,,0.48,0.5601505996397416,Nikkei 225 Historical Data.csv,True
NIKKEI225,2019-04-26,1d,22167.48,22270.29,22073.1,22258.73,,-0.22,0.41163903159042725,Nikkei 225 Historical Data.csv,True
NIKKEI225,2019-05-07,1d,22184.4,22190.49,21875.11,21923.72,,-1.51,-1.1750599520383709,Nikkei 225 Historical Data.csv,True
NIKKEI225,2019-05-08,1d,21628.04,21639.12,21514.85,21602.59,,-1.46,-0.11767131926887497,Nikkei 225 Historical Data.csv,True
NIKKEI225,2019-05-09,1d,21492.91,21559.76,21315.07,21402.13,,-0.93,-0.4223718426215828,Nikkei 225 Historical Data.csv,True
NIKKEI225,2019-05-10,1d,21431.81,21584.09,21175.33,21344.92,,-0.27,-0.40542539337555805,Nikkei 225 Historical Data.csv,True
NIKKEI225,2019-05-13,1d,21180.74,21277.66,21127.93,21191.28,,-0.72,0.04976218961187939,Nikkei 225 Historical Data.csv,True
NIKKEI225,2019-05-14,1d,20870.77,21077.48,20751.45,21067.23,,-0.59,0.9413164919166883,Nikkei 225 Historical Data.csv,True
NIKKEI225,2019-05-15,1d,21112.85,21191.53,20968.08,21188.56,,0.58,0.35859677873901763,Nikkei 225 Historical Data.csv,True
NIKKEI225,2019-05-16,1d,21153.2,21153.2,20951.67,21062.98,,-0.59,-0.4265075733222434,Nikkei 225 Historical Data.csv,True
NIKKEI225,2019-05-17,1d,21246.86,21398.85,21199.98,21250.09,,0.89,0.0152022463554502,Nikkei 225 Historical Data.csv,True
NIKKEI225,2019-05-20,1d,21305.97,21430.06,21282.65,21301.73,,0.24,-0.019900525533456115,Nikkei 225 Historical Data.csv,True
NIKKEI225,2019-05-21,1d,21211.26,21318.8,21160.43,21272.45,,-0.14,0.28847885509866167,Nikkei 225 Historical Data.csv,True
NIKKEI225,2019-05-22,1d,21373.52,21404.54,21266.98,21283.37,,0.05,-0.42178359016203926,Nikkei 225 Historical Data.csv,True
NIKKEI225,2019-05-23,1d,21180.24,21209.56,21072.72,21151.14,,-0.62,-0.1373922108531489,Nikkei 225 Historical Data.csv,True
NIKKEI225,2019-05-24,1d,20980.79,21117.22,20922.0,21117.22,,-0.16,0.6502615011160229,Nikkei 225 Historical Data.csv,True
NIKKEI225,2019-05-27,1d,21148.46,21232.38,21113.76,21182.58,,0.31,0.16133562443791938,Nikkei 225 Historical Data.csv,True
NIKKEI225,2019-05-28,1d,21187.17,21297.7,21177.27,21260.14,,0.37,0.34440654414913396,Nikkei 225 Historical Data.csv,True
NIKKEI225,2019-05-29,1d,21055.42,21071.73,20884.61,21003.37,,-1.21,-0.2472047577298353,Nikkei 225 Historical Data.csv,True
NIKKEI225,2019-05-30,1d,20881.5,20942.53,20809.29,20942.53,,-0.29,0.29226827574646563,Nikkei 225 Historical Data.csv,True
NIKKEI225,2019-05-31,1d,20785.21,20823.1,20581.58,20601.19,,-1.63,-0.8853410670375705,Nikkei 225 Historical Data.csv,True
NIKKEI225,2019-06-03,1d,20327.87,20438.03,20305.74,20410.88,,-0.92,0.40835562210896903,Nikkei 225 Historical Data.csv,True
NIKKEI225,2019-06-04,1d,20435.86,20464.57,20289.64,20408.54,,-0.01,-0.1336865686102695,Nikkei 225 Historical Data.csv,True
NIKKEI225,2019-06-05,1d,20667.89,20800.64,20646.15,20776.1,,1.8,0.5235657824770756,Nikkei 225 Historical Data.csv,True
NIKKEI225,2019-06-06,1d,20745.84,20842.28,20745.84,20774.04,,-0.01,0.13593086613992167,Nikkei 225 Historical Data.csv,True
NIKKEI225,2019-06-07,1d,20859.78,20907.77,20816.58,20884.71,,0.53,0.11951228632325339,Nikkei 225 Historical Data.csv,True
NIKKEI225,2019-06-10,1d,21095.4,21166.12,21077.95,21134.42,,1.2,0.18496923499908835,Nikkei 225 Historical Data.csv,True
NIKKEI225,2019-06-11,1d,21099.54,21227.18,21066.62,21204.28,,0.33,0.49640892645050894,Nikkei 225 Historical Data.csv,True
NIKKEI225,2019-06-12,1d,21130.39,21259.7,21118.75,21129.72,,-0.35,-0.003170788612982811,Nikkei 225 Historical Data.csv,True
NIKKEI225,2019-06-13,1d,21040.91,21111.23,20932.13,21032.0,,-0.46,-0.04234607723715422,Nikkei 225 Historical Data.csv,True
NIKKEI225,2019-06-14,1d,21049.41,21119.73,20971.18,21116.89,,0.4,0.3205790566101374,Nikkei 225 Historical Data.csv,True
NIKKEI225,2019-06-17,1d,21094.96,21185.25,21044.62,21124.0,,0.03,0.13766321434125484,Nikkei 225 Historical Data.csv,True
NIKKEI225,2019-06-18,1d,21111.77,21153.65,20924.19,20972.71,,-0.72,-0.6586847052615696,Nikkei 225 Historical Data.csv,True
NIKKEI225,2019-06-19,1d,21223.17,21358.72,21213.43,21333.87,,1.72,0.5215997421685881,Nikkei 225 Historical Data.csv,True
NIKKEI225,2019-06-20,1d,21417.74,21491.39,21377.27,21462.86,,0.6,0.2106664848858797,Nikkei 225 Historical Data.csv,True
NIKKEI225,2019-06-21,1d,21487.67,21497.82,21221.7,21258.64,,-0.95,-1.0658670763279532,Nikkei 225 Historical Data.csv,True
NIKKEI225,2019-06-24,1d,21223.56,21317.86,21185.67,21285.99,,0.13,0.29415423237195704,Nikkei 225 Historical Data.csv,True
NIKKEI225,2019-06-25,1d,21238.07,21313.77,21114.47,21193.81,,-0.43,-0.2083993507884574,Nikkei 225 Historical Data.csv,True
NIKKEI225,2019-06-26,1d,21067.68,21129.64,21035.84,21086.59,,-0.51,0.08975834073803313,Nikkei 225 Historical Data.csv,True
NIKKEI225,2019-06-27,1d,21156.88,21338.17,21123.97,21338.17,,1.19,0.8568843799274584,Nikkei 225 Historical Data.csv,True
NIKKEI225,2019-06-28,1d,21282.22,21324.93,21199.85,21275.92,,-0.29,-0.029602174961085304,Nikkei 225 Historical Data.csv,True
NIKKEI225,2019-07-01,1d,21566.27,21758.34,21559.17,21729.97,,2.13,0.7590556920598734,Nikkei 225 Historical Data.csv,True
NIKKEI225,2019-07-02,1d,21699.43,21784.22,21697.31,21754.27,,0.11,0.25272553242181583,Nikkei 225 Historical Data.csv,True
NIKKEI225,2019-07-03,1d,21684.07,21708.72,21566.65,21638.16,,-0.53,-0.2117222458698942,Nikkei 225 Historical Data.csv,True
NIKKEI225,2019-07-04,1d,21740.93,21755.63,21672.5,21702.45,,0.3,-0.1769933484906061,Nikkei 225 Historical Data.csv,True
NIKKEI225,2019-07-05,1d,21703.61,21746.38,21647.73,21746.38,,0.2,0.19706399073702308,Nikkei 225 Historical Data.csv,True
NIKKEI225,2019-07-08,1d,21665.79,21672.65,21499.57,21534.35,,-0.98,-0.6066707006760486,Nikkei 225 Historical Data.csv,True
NIKKEI225,2019-07-09,1d,21598.15,21687.29,21508.22,21565.15,,0.14,-0.15279086403233721,Nikkei 225 Historical Data.csv,True
NIKKEI225,2019-07-10,1d,21499.46,21601.86,21488.22,21533.48,,-0.15,0.15823653245243818,Nikkei 225 Historical Data.csv,True
NIKKEI225,2019-07-11,1d,21547.19,21649.93,21532.57,21643.53,,0.51,0.4471116651405538,Nikkei 225 Historical Data.csv,True
NIKKEI225,2019-07-12,1d,21720.14,21720.14,21589.83,21685.9,,0.2,-0.1576417094917293,Nikkei 225 Historical Data.csv,True
NIKKEI225,2019-07-16,1d,21644.38,21655.52,21514.89,21535.25,,-0.69,-0.5041955463727765,Nikkei 225 Historical Data.csv,True
NIKKEI225,2019-07-17,1d,21474.63,21488.27,21380.55,21469.18,,-0.31,-0.02537878417463446,Nikkei 225 Historical Data.csv,True
NIKKEI225,2019-07-18,1d,21336.8,21347.84,20993.44,21046.24,,-1.97,-1.3617787109594603,Nikkei 225 Historical Data.csv,True
NIKKEI225,2019-07-19,1d,21146.5,21474.3,21121.9,21466.99,,2.0,1.515569952474416,Nikkei 225 Historical Data.csv,True
NIKKEI225,2019-07-22,1d,21394.75,21445.03,21317.85,21416.79,,-0.23,0.1030159268044839,Nikkei 225 Historical Data.csv,True
NIKKEI225,2019-07-23,1d,21425.44,21686.53,21411.93,21620.88,,0.95,0.9121866342068241,Nikkei 225 Historical Data.csv,True
NIKKEI225,2019-07-24,1d,21726.98,21744.88,21677.71,21709.57,,0.41,-0.08013078669930618,Nikkei 225 Historical Data.csv,True
NIKKEI225,2019-07-25,1d,21715.95,21823.07,21715.69,21756.55,,0.22,0.1869593547599635,Nikkei 225 Historical Data.csv,True
NIKKEI225,2019-07-26,1d,21700.2,21709.74,21590.66,21658.15,,-0.45,-0.1937770158800367,Nikkei 225 Historical Data.csv,True
NIKKEI225,2019-07-29,1d,21627.55,21652.95,21518.7,21616.8,,-0.19,-0.04970512147700612,Nikkei 225 Historical Data.csv,True
NIKKEI225,2019-07-30,1d,21681.82,21792.98,21665.86,21709.31,,0.43,0.12678824932594868,Nikkei 225 Historical Data.csv,True
NIKKEI225,2019-07-31,1d,21526.38,21589.11,21476.07,21521.53,,-0.86,-0.02253049514131522,Nikkei 225 Historical Data.csv,True
NIKKEI225,2019-08-01,1d,21361.58,21556.69,21288.9,21540.99,,0.09,0.8398723315410139,Nikkei 225 Historical Data.csv,True
NIKKEI225,2019-08-02,1d,21211.06,21211.06,20960.09,21087.16,,-2.11,-0.5841292231505757,Nikkei 225 Historical Data.csv,True
NIKKEI225,2019-08-05,1d,20909.98,20941.83,20514.19,20720.29,,-1.74,-0.9071744688421424,Nikkei 225 Historical Data.csv,True
NIKKEI225,2019-08-06,1d,20325.52,20607.83,20110.76,20585.31,,-0.65,1.2781468813590102,Nikkei 225 Historical Data.csv,True
NIKKEI225,2019-08-07,1d,20548.07,20570.19,20406.52,20516.56,,-0.33,-0.15334773533474122,Nikkei 225 Historical Data.csv,True
NIKKEI225,2019-08-08,1d,20529.29,20682.24,20462.98,20593.35,,0.37,0.3120419654064843,Nikkei 225 Historical Data.csv,True
NIKKEI225,2019-08-09,1d,20758.15,20782.06,20676.92,20684.82,,0.44,-0.353258840503623,Nikkei 225 Historical Data.csv,True
NIKKEI225,2019-08-13,1d,20432.68,20503.38,20369.27,20455.44,,-1.11,0.11139018474326523,Nikkei 225 Historical Data.csv,True
NIKKEI225,2019-08-14,1d,20669.99,20697.42,20581.17,20655.13,,0.98,-0.07189166516288203,Nikkei 225 Historical Data.csv,True
NIKKEI225,2019-08-15,1d,20324.25,20419.88,20184.85,20405.65,,-1.21,0.40050678376817306,Nikkei 225 Historical Data.csv,True
NIKKEI225,2019-08-16,1d,20323.97,20465.71,20300.35,20418.81,,0.06,0.466641113916233,Nikkei 225 Historical Data.csv,True
NIKKEI225,2019-08-19,1d,20590.47,20633.9,20502.66,20563.16,,0.71,-0.13263417493627472,Nikkei 225 Historical Data.csv,True
NIKKEI225,2019-08-20,1d,20605.35,20684.06,20582.01,20677.22,,0.55,0.34879291057905437,Nikkei 225 Historical Data.csv,True
NIKKEI225,2019-08-21,1d,20489.97,20626.05,20482.62,20618.57,,-0.28,0.6276241497669366,Nikkei 225 Historical Data.csv,True
NIKKEI225,2019-08-22,1d,20706.07,20731.19,20584.29,20628.01,,0.05,-0.3769909017017792,Nikkei 225 Historical Data.csv,True
NIKKEI225,2019-08-23,1d,20579.98,20719.31,20579.98,20710.91,,0.4,0.6362008126344243,Nikkei 225 Historical Data.csv,True
NIKKEI225,2019-08-26,1d,20325.44,20329.01,20173.76,20261.04,,-2.17,-0.3168443093974682,Nikkei 225 Historical Data.csv,True
NIKKEI225,2019-08-27,1d,20467.22,20529.94,20439.92,20456.08,,0.96,-0.05442849590711063,Nikkei 225 Historical Data.csv,True
NIKKEI225,2019-08-28,1d,20474.31,20511.21,20433.31,20479.42,,0.11,0.024958106036288008,Nikkei 225 Historical Data.csv,True
NIKKEI225,2019-08-29,1d,20500.5,20520.68,20361.12,20460.93,,-0.09,-0.19301968244677115,Nikkei 225 Historical Data.csv,True
NIKKEI225,2019-08-30,1d,20641.49,20748.35,20633.3,20704.37,,1.19,0.3046291716344074,Nikkei 225 Historical Data.csv,True
NIKKEI225,2019-09-02,1d,20625.75,20667.56,20614.29,20620.19,,-0.41,-0.02695659551774643,Nikkei 225 Historical Data.csv,True
NIKKEI225,2019-09-03,1d,20581.58,20662.23,20578.02,20625.16,,0.02,0.21174273306518998,Nikkei 225 Historical Data.csv,True
NIKKEI225,2019-09-04,1d,20578.67,20694.35,20554.16,20649.14,,0.12,0.34244195567547653,Nikkei 225 Historical Data.csv,True
NIKKEI225,2019-09-05,1d,20800.29,21164.61,20787.93,21085.94,,2.12,1.3732981607467831,Nikkei 225 Historical Data.csv,True
NIKKEI225,2019-09-06,1d,21201.83,21241.29,21145.81,21199.57,,0.54,-0.010659457226103175,Nikkei 225 Historical Data.csv,True
NIKKEI225,2019-09-09,1d,21214.56,21333.51,21182.26,21318.42,,0.56,0.48956942778919377,Nikkei 225 Historical Data.csv,True
NIKKEI225,2019-09-10,1d,21363.57,21438.35,21350.35,21392.1,,0.35,0.1335450956932771,Nikkei 225 Historical Data.csv,True
NIKKEI225,2019-09-11,1d,21466.66,21619.21,21437.82,21597.76,,0.96,0.6107144753771498,Nikkei 225 Historical Data.csv,True
NIKKEI225,2019-09-12,1d,21761.09,21825.92,21743.96,21759.61,,0.75,-0.006801129906630621,Nikkei 225 Historical Data.csv,True
NIKKEI225,2019-09-13,1d,21907.83,22019.66,21820.94,21988.29,,1.05,0.36726595011919994,Nikkei 225 Historical Data.csv,True
NIKKEI225,2019-09-17,1d,21947.59,22041.08,21878.63,22001.32,,0.06,0.2448104780524929,Nikkei 225 Historical Data.csv,True
NIKKEI225,2019-09-18,1d,22014.65,22027.86,21942.03,21960.71,,-0.18,-0.2450186580300051,Nikkei 225 Historical Data.csv,True
NIKKEI225,2019-09-19,1d,22064.46,22255.56,22003.3,22044.45,,0.38,-0.09068882719086568,Nikkei 225 Historical Data.csv,True
NIKKEI225,2019-09-20,1d,22130.74,22204.75,22047.9,22079.09,,0.16,-0.2333857792373939,Nikkei 225 Historical Data.csv,True
NIKKEI225,2019-09-24,1d,22095.35,22168.74,22077.94,22098.84,,0.09,0.015795178623556616,Nikkei 225 Historical Data.csv,True
NIKKEI225,2019-09-25,1d,21961.82,22036.48,21906.0,22020.15,,-0.36,0.2655972956703945,Nikkei 225 Historical Data.csv,True
NIKKEI225,2019-09-26,1d,22160.52,22184.91,21986.24,22048.24,,0.13,-0.506666811067602,Nikkei 225 Historical Data.csv,True
NIKKEI225,2019-09-27,1d,21934.93,21955.79,21733.69,21878.9,,-0.77,-0.2554373321455694,Nikkei 225 Historical Data.csv,True
NIKKEI225,2019-09-30,1d,21793.83,21811.98,21666.6,21755.84,,-0.56,-0.17431539109923344,Nikkei 225 Historical Data.csv,True
NIKKEI225,2019-10-01,1d,21831.44,21938.77,21811.98,21885.24,,0.59,0.24643358385889602,Nikkei 225 Historical Data.csv,True
NIKKEI225,2019-10-02,1d,21744.62,21795.01,21725.23,21778.61,,-0.49,0.15631452745552554,Nikkei 225 Historical Data.csv,True
NIKKEI225,2019-10-03,1d,21422.22,21437.74,21277.36,21341.74,,-2.01,-0.3756846862743468,Nikkei 225 Historical Data.csv,True
NIKKEI225,2019-10-04,1d,21316.18,21410.2,21276.01,21410.2,,0.32,0.44107340058114897,Nikkei 225 Historical Data.csv,True
NIKKEI225,2019-10-07,1d,21445.73,21475.28,21328.26,21375.25,,-0.16,-0.3286435108527441,Nikkei 225 Historical Data.csv,True
NIKKEI225,2019-10-08,1d,21494.48,21629.24,21483.18,21587.78,,0.99,0.43406493201976204,Nikkei 225 Historical Data.csv,True
NIKKEI225,2019-10-09,1d,21359.84,21467.77,21359.84,21456.38,,-0.61,0.45196967767549,Nikkei 225 Historical Data.csv,True
NIKKEI225,2019-10-10,1d,21456.27,21601.46,21308.88,21551.98,,0.45,0.446070076485805,Nikkei 225 Historical Data.csv,True
NIKKEI225,2019-10-11,1d,21749.93,21820.77,21658.27,21798.87,,1.15,0.22501221843012065,Nikkei 225 Historical Data.csv,True
NIKKEI225,2019-10-15,1d,22063.71,22219.63,22049.71,22207.21,,1.87,0.6503892591046556,Nikkei 225 Historical Data.csv,True
NIKKEI225,2019-10-16,1d,22479.57,22615.47,22434.35,22472.92,,1.2,-0.029582416389639654,Nikkei 225 Historical Data.csv,True
NIKKEI225,2019-10-17,1d,22451.15,22522.39,22424.92,22451.86,,-0.09,0.0031624215240499964,Nikkei 225 Historical Data.csv,True
NIKKEI225,2019-10-18,1d,22528.56,22649.85,22466.26,22492.68,,0.18,-0.15926450691922112,Nikkei 225 Historical Data.csv,True
NIKKEI225,2019-10-21,1d,22541.22,22581.28,22515.73,22548.9,,0.25,0.03407091541629548,Nikkei 225 Historical Data.csv,True
NIKKEI225,2019-10-23,1d,22619.77,22648.81,22457.89,22625.38,,0.34,0.024801313187539087,Nikkei 225 Historical Data.csv,True
NIKKEI225,2019-10-24,1d,22725.44,22780.99,22704.33,22750.6,,0.55,0.11071292789051057,Nikkei 225 Historical Data.csv,True
NIKKEI225,2019-10-25,1d,22753.24,22819.92,22715.13,22799.81,,0.22,0.2046741475060232,Nikkei 225 Historical Data.csv,True
NIKKEI225,2019-10-28,1d,22854.44,22896.22,22830.57,22867.27,,0.3,0.056137888305296535,Nikkei 225 Historical Data.csv,True
NIKKEI225,2019-10-29,1d,22950.79,23008.43,22935.35,22974.13,,0.47,0.1016958457639161,Nikkei 225 Historical Data.csv,True
NIKKEI225,2019-10-30,1d,22953.17,22961.23,22827.93,22843.12,,-0.57,-0.4794544718659699,Nikkei 225 Historical Data.csv,True
NIKKEI225,2019-10-31,1d,22910.1,22988.8,22875.5,22927.04,,0.37,0.07394118751120615,Nikkei 225 Historical Data.csv,True
NIKKEI225,2019-11-01,1d,22730.49,22852.72,22705.6,22850.77,,-0.33,0.5291570925219702,Nikkei 225 Historical Data.csv,True
NIKKEI225,2019-11-05,1d,23118.79,23328.52,23090.94,23251.99,,1.76,0.5761547209001794,Nikkei 225 Historical Data.csv,True
NIKKEI225,2019-11-06,1d,23343.51,23352.56,23246.57,23303.82,,0.22,-0.17002584444241187,Nikkei 225 Historical Data.csv,True
NIKKEI225,2019-11-07,1d,23283.14,23336.0,23253.32,23330.32,,0.11,0.20263589876623467,Nikkei 225 Historical Data.csv,True
NIKKEI225,2019-11-08,1d,23550.04,23591.09,23313.41,23391.87,,0.26,-0.6716336787538468,Nikkei 225 Historical Data.csv,True
NIKKEI225,2019-11-11,1d,23422.13,23471.82,23323.02,23331.84,,-0.26,-0.3854901326224458,Nikkei 225 Historical Data.csv,True
NIKKEI225,2019-11-12,1d,23336.37,23545.7,23312.25,23520.01,,0.81,0.7869261586099352,Nikkei 225 Historical Data.csv,True
NIKKEI225,2019-11-13,1d,23439.25,23452.63,23270.93,23319.87,,-0.85,-0.5093166376910596,Nikkei 225 Historical Data.csv,True
NIKKEI225,2019-11-14,1d,23325.5,23360.06,23062.16,23141.55,,-0.76,-0.7886218944931578,Nikkei 225 Historical Data.csv,True
NIKKEI225,2019-11-15,1d,23160.53,23340.77,23121.59,23303.32,,0.7,0.6165230243003972,Nikkei 225 Historical Data.csv,True
NIKKEI225,2019-11-18,1d,23304.25,23420.62,23271.29,23416.76,,0.49,0.48278747438770253,Nikkei 225 Historical Data.csv,True
NIKKEI225,2019-11-19,1d,23366.36,23389.53,23244.93,23292.65,,-0.53,-0.3154534981058221,Nikkei 225 Historical Data.csv,True
NIKKEI225,2019-11-20,1d,23176.49,23303.17,23086.12,23148.57,,-0.62,-0.12046690417747419,Nikkei 225 Historical Data.csv,True
NIKKEI225,2019-11-21,1d,23071.49,23108.08,22726.71,23038.58,,-0.48,-0.14264358305423608,Nikkei 225 Historical Data.csv,True
NIKKEI225,2019-11-22,1d,23030.33,23219.51,23030.33,23112.88,,0.32,0.3584403697211469,Nikkei 225 Historical Data.csv,True
NIKKEI225,2019-11-25,1d,23292.85,23347.18,23255.39,23292.81,,0.78,-0.00017172651692876073,Nikkei 225 Historical Data.csv,True
NIKKEI225,2019-11-26,1d,23451.4,23608.06,23350.1,23373.32,,0.35,-0.3329438754189562,Nikkei 225 Historical Data.csv,True
NIKKEI225,2019-11-27,1d,23452.85,23507.82,23418.23,23437.77,,0.28,-0.06429922162977109,Nikkei 225 Historical Data.csv,True
NIKKEI225,2019-11-28,1d,23458.88,23482.32,23367.33,23409.14,,-0.12,-0.21203058287523335,Nikkei 225 Historical Data.csv,True
NIKKEI225,2019-11-29,1d,23497.44,23498.77,23273.37,23293.91,,-0.49,-0.866179464656569,Nikkei 225 Historical Data.csv,True
NIKKEI225,2019-12-02,1d,23388.63,23562.05,23378.4,23529.5,,1.01,0.6023012036190156,Nikkei 225 Historical Data.csv,True
NIKKEI225,2019-12-03,1d,23231.14,23388.18,23186.84,23379.81,,-0.64,0.6399599847446202,Nikkei 225 Historical Data.csv,True
NIKKEI225,2019-12-04,1d,23186.74,23203.77,23044.78,23135.23,,-1.05,-0.22215283390421003,Nikkei 225 Historical Data.csv,True
NIKKEI225,2019-12-05,1d,23292.7,23363.44,23259.82,23300.09,,0.71,0.03172667831552456,Nikkei 225 Historical Data.csv,True
NIKKEI225,2019-12-06,1d,23347.67,23412.48,23338.4,23354.4,,0.23,0.0288251461495026,Nikkei 225 Historical Data.csv,True
NIKKEI225,2019-12-09,1d,23544.31,23544.31,23360.01,23430.7,,0.33,-0.48253696965424586,Nikkei 225 Historical Data.csv,True
NIKKEI225,2019-12-10,1d,23372.39,23449.47,23336.93,23410.19,,-0.09,0.16172928827560273,Nikkei 225 Historical Data.csv,True
NIKKEI225,2019-12-11,1d,23421.14,23438.43,23333.63,23391.86,,-0.08,-0.12501526398800422,Nikkei 225 Historical Data.csv,True
NIKKEI225,2019-12-12,1d,23449.28,23468.15,23360.43,23424.81,,0.14,-0.10435288418235711,Nikkei 225 Historical Data.csv,True
NIKKEI225,2019-12-13,1d,23810.56,24050.04,23775.73,24023.1,,2.55,0.8926291527792563,Nikkei 225 Historical Data.csv,True
NIKKEI225,2019-12-16,1d,23955.2,24036.3,23950.05,23952.35,,-0.29,-0.011897208121836034,Nikkei 225 Historical Data.csv,True
NIKKEI225,2019-12-17,1d,24091.12,24091.12,23996.51,24066.12,,0.47,-0.1037726764052449,Nikkei 225 Historical Data.csv,True
NIKKEI225,2019-12-18,1d,24023.27,24046.09,23919.36,23934.43,,-0.55,-0.3698081068896908,Nikkei 225 Historical Data.csv,True
NIKKEI225,2019-12-19,1d,23911.46,23945.53,23835.29,23864.85,,-0.29,-0.19492745319608096,Nikkei 225 Historical Data.csv,True
NIKKEI225,2019-12-20,1d,23893.45,23908.77,23746.63,23816.63,,-0.2,-0.3215107069092116,Nikkei 225 Historical Data.csv,True
NIKKEI225,2019-12-23,1d,23921.29,23923.09,23810.82,23821.11,,0.02,-0.41879012377676883,Nikkei 225 Historical Data.csv,True
NIKKEI225,2019-12-24,1d,23839.18,23853.56,23796.35,23830.58,,0.04,-0.03607506634035751,Nikkei 225 Historical Data.csv,True
NIKKEI225,2019-12-25,1d,23813.59,23824.85,23782.87,23782.87,,-0.2,-0.1290019690437294,Nikkei 225 Historical Data.csv,True
NIKKEI225,2019-12-26,1d,23787.7,23931.51,23775.4,23924.92,,0.6,0.5768527432244319,Nikkei 225 Historical Data.csv,True
NIKKEI225,2019-12-27,1d,23953.75,23967.18,23837.72,23837.72,,-0.36,-0.4843917966915412,Nikkei 225 Historical Data.csv,True
NIKKEI225,2019-12-30,1d,23770.93,23782.49,23656.62,23656.62,,-0.76,-0.48088148002624065,Nikkei 225 Historical Data.csv,True
NIKKEI225,2020-01-06,1d,23319.76,23365.36,23148.53,23204.86,,-1.91,-0.4927151908938887,Nikkei 225 Historical Data.csv,True
NIKKEI225,2020-01-07,1d,23320.12,23577.44,23299.92,23575.72,,1.6,1.0960492484601403,Nikkei 225 Historical Data.csv,True
NIKKEI225,2020-01-08,1d,23217.49,23303.21,22951.18,23204.76,,-1.57,-0.054829354938901176,Nikkei 225 Historical Data.csv,True
NIKKEI225,2020-01-09,1d,23530.29,23767.09,23506.15,23739.87,,2.31,0.8906817553034685,Nikkei 225 Historical Data.csv,True
NIKKEI225,2020-01-10,1d,23813.28,23903.29,23761.08,23850.57,,0.47,0.15659329584165604,Nikkei 225 Historical Data.csv,True
NIKKEI225,2020-01-14,1d,23969.04,24059.86,23951.66,24025.17,,0.73,0.23417708844408747,Nikkei 225 Historical Data.csv,True
NIKKEI225,2020-01-15,1d,23923.48,23997.39,23875.82,23916.58,,-0.45,-0.028841957775360694,Nikkei 225 Historical Data.csv,True
NIKKEI225,2020-01-16,1d,23960.2,23975.38,23905.38,23933.13,,0.07,-0.1129790235473771,Nikkei 225 Historical Data.csv,True
NIKKEI225,2020-01-17,1d,24103.45,24115.95,24013.75,24041.26,,0.45,-0.25801285708063615,Nikkei 225 Historical Data.csv,True
NIKKEI225,2020-01-20,1d,24080.68,24108.11,24061.67,24083.51,,0.18,0.011752159822719932,Nikkei 225 Historical Data.csv,True
NIKKEI225,2020-01-21,1d,24072.81,24081.75,23843.48,23864.56,,-0.91,-0.8650838850969178,Nikkei 225 Historical Data.csv,True
NIKKEI225,2020-01-22,1d,23835.49,24040.87,23831.1,24031.35,,0.7,0.8217158531248936,Nikkei 225 Historical Data.csv,True
NIKKEI225,2020-01-23,1d,23843.51,23910.01,23779.23,23795.44,,-0.98,-0.20160622324481015,Nikkei 225 Historical Data.csv,True
NIKKEI225,2020-01-24,1d,23850.12,23869.38,23755.32,23827.18,,0.13,-0.0961840024284899,Nikkei 225 Historical Data.csv,True
NIKKEI225,2020-01-27,1d,23427.9,23463.89,23317.32,23343.51,,-2.03,-0.36021154264788136,Nikkei 225 Historical Data.csv,True
NIKKEI225,2020-01-28,1d,23126.93,23243.36,23115.15,23215.71,,-0.55,0.3838814749731023,Nikkei 225 Historical Data.csv,True
NIKKEI225,2020-01-29,1d,23309.32,23392.61,23214.28,23379.4,,0.71,0.3006522712803328,Nikkei 225 Historical Data.csv,True
NIKKEI225,2020-01-30,1d,23284.58,23318.57,22892.95,22977.75,,-1.72,-1.3177390358769747,Nikkei 225 Historical Data.csv,True
NIKKEI225,2020-01-31,1d,23148.92,23421.59,23139.98,23205.18,,0.99,0.24303509623775366,Nikkei 225 Historical Data.csv,True
NIKKEI225,2020-02-03,1d,22874.27,23023.73,22775.92,22971.94,,-1.01,0.4269863038252053,Nikkei 225 Historical Data.csv,True
NIKKEI225,2020-02-04,1d,22881.13,23118.13,22854.45,23084.59,,0.49,0.8892043356250268,Nikkei 225 Historical Data.csv,True
NIKKEI225,2020-02-05,1d,23351.47,23414.69,23241.64,23319.56,,1.02,-0.13665092604447926,Nikkei 225 Historical Data.csv,True
NIKKEI225,2020-02-06,1d,23641.1,23995.37,23625.13,23873.59,,2.38,0.9834144773297471,Nikkei 225 Historical Data.csv,True
NIKKEI225,2020-02-07,1d,23899.01,23943.45,23759.42,23827.98,,-0.19,-0.2972089638859421,Nikkei 225 Historical Data.csv,True
NIKKEI225,2020-02-10,1d,23631.79,23788.25,23621.72,23685.98,,-0.6,0.22930975605317538,Nikkei 225 Historical Data.csv,True
NIKKEI225,2020-02-12,1d,23741.21,23869.73,23693.72,23861.21,,0.74,0.5054502276842676,Nikkei 225 Historical Data.csv,True
NIKKEI225,2020-02-13,1d,23849.76,23908.85,23784.31,23827.73,,-0.14,-0.09236990225477415,Nikkei 225 Historical Data.csv,True
NIKKEI225,2020-02-14,1d,23714.52,23738.42,23603.48,23687.59,,-0.59,-0.1135591190544849,Nikkei 225 Historical Data.csv,True
NIKKEI225,2020-02-17,1d,23489.78,23561.98,23335.99,23523.24,,-0.69,0.1424449271129946,Nikkei 225 Historical Data.csv,True
NIKKEI225,2020-02-18,1d,23398.57,23402.01,23133.6,23193.8,,-1.4,-0.875138950799137,Nikkei 225 Historical Data.csv,True
NIKKEI225,2020-02-19,1d,23329.33,23468.56,23234.96,23400.7,,0.89,0.305923916374784,Nikkei 225 Historical Data.csv,True
NIKKEI225,2020-02-20,1d,23666.58,23806.56,23426.42,23479.15,,0.34,-0.7919606466164519,Nikkei 225 Historical Data.csv,True
NIKKEI225,2020-02-21,1d,23427.77,23588.55,23378.33,23386.74,,-0.39,-0.17513403964610763,Nikkei 225 Historical Data.csv,True
NIKKEI225,2020-02-25,1d,22949.37,22950.23,22335.21,22605.41,,-3.34,-1.4987775263547554,Nikkei 225 Historical Data.csv,True
NIKKEI225,2020-02-26,1d,22374.14,22456.55,22127.42,22426.19,,-0.79,0.23263463981184618,Nikkei 225 Historical Data.csv,True
NIKKEI225,2020-02-27,1d,22255.83,22272.26,21844.29,21948.23,,-2.13,-1.3821097662949589,Nikkei 225 Historical Data.csv,True
NIKKEI225,2020-02-28,1d,21518.01,21528.13,20916.4,21142.96,,-3.67,-1.7429585728420016,Nikkei 225 Historical Data.csv,True
NIKKEI225,2020-03-02,1d,20849.79,21593.11,20834.29,21344.08,,0.95,2.370719321393655,Nikkei 225 Historical Data.csv,True
NIKKEI225,2020-03-03,1d,21651.99,21719.78,21082.73,21082.73,,-1.22,-2.62913478160669,Nikkei 225 Historical Data.csv,True
NIKKEI225,2020-03-04,1d,20897.2,21245.93,20862.05,21100.06,,0.08,0.9707520624772759,Nikkei 225 Historical Data.csv,True
NIKKEI225,2020-03-05,1d,21399.87,21399.87,21220.76,21329.12,,1.09,-0.33060948501089094,Nikkei 225 Historical Data.csv,True
NIKKEI225,2020-03-06,1d,21009.8,21061.2,20613.91,20749.75,,-2.72,-1.2377557140001327,Nikkei 225 Historical Data.csv,True
NIKKEI225,2020-03-09,1d,20343.31,20347.19,19472.26,19698.76,,-5.07,-3.16836345707755,Nikkei 225 Historical Data.csv,True
NIKKEI225,2020-03-10,1d,19474.89,19970.35,18891.77,19867.12,,0.85,2.0140293475341853,Nikkei 225 Historical Data.csv,True
NIKKEI225,2020-03-11,1d,19758.26,19974.83,19392.25,19416.06,,-2.27,-1.7319338848663657,Nikkei 225 Historical Data.csv,True
NIKKEI225,2020-03-12,1d,19064.51,19142.18,18339.27,18559.63,,-4.41,-2.64827157897054,Nikkei 225 Historical Data.csv,True
NIKKEI225,2020-03-13,1d,18183.47,18184.46,16690.6,17431.05,,-6.08,-4.137934068689875,Nikkei 225 Historical Data.csv,True
NIKKEI225,2020-03-16,1d,17586.08,17785.76,16914.45,17002.04,,-2.46,-3.321035728257804,Nikkei 225 Historical Data.csv,True
NIKKEI225,2020-03-17,1d,16726.95,17557.04,16378.94,17011.53,,0.06,1.7013263027628955,Nikkei 225 Historical Data.csv,True
NIKKEI225,2020-03-18,1d,17154.08,17396.84,16698.46,16726.55,,-1.68,-2.4922933786014845,Nikkei 225 Historical Data.csv,True
NIKKEI225,2020-03-19,1d,16995.77,17160.97,16358.19,16552.83,,-1.04,-2.6061778901456,Nikkei 225 Historical Data.csv,True
NIKKEI225,2020-03-23,1d,16570.57,17049.03,16480.95,16887.78,,2.02,1.9142974562733839,Nikkei 225 Historical Data.csv,True
NIKKEI225,2020-03-24,1d,17206.88,18100.39,17197.14,18092.35,,7.13,5.146022986154364,Nikkei 225 Historical Data.csv,True
NIKKEI225,2020-03-25,1d,18446.8,19564.38,18446.8,19546.63,,8.04,5.962172300886892,Nikkei 225 Historical Data.csv,True
NIKKEI225,2020-03-26,1d,19234.77,19240.29,18512.81,18664.6,,-4.51,-2.9642673138280395,Nikkei 225 Historical Data.csv,True
NIKKEI225,2020-03-27,1d,19021.97,19389.43,18832.21,19389.43,,3.88,1.931766268162538,Nikkei 225 Historical Data.csv,True
NIKKEI225,2020-03-30,1d,18884.07,19084.97,18578.2,19084.97,,-1.57,1.0638596446634674,Nikkei 225 Historical Data.csv,True
NIKKEI225,2020-03-31,1d,19181.9,19336.19,18834.16,18917.01,,-0.88,-1.3809372377084794,Nikkei 225 Historical Data.csv,True
NIKKEI225,2020-04-01,1d,18686.12,18784.25,17871.62,18065.41,,-4.5,-3.321770383578826,Nikkei 225 Historical Data.csv,True
NIKKEI225,2020-04-02,1d,17934.42,18132.04,17707.66,17818.72,,-1.37,-0.6451281948342769,Nikkei 225 Historical Data.csv,True
NIKKEI225,2020-04-03,1d,17951.44,18059.15,17646.5,17820.19,,0.01,-0.7311391175303994,Nikkei 225 Historical Data.csv,True
NIKKEI225,2020-04-06,1d,17857.99,18672.26,17802.62,18576.3,,4.24,4.022345179944642,Nikkei 225 Historical Data.csv,True
NIKKEI225,2020-04-07,1d,18878.86,19162.52,18553.14,18950.18,,2.01,0.3777770479785225,Nikkei 225 Historical Data.csv,True
NIKKEI225,2020-04-08,1d,19047.76,19454.34,18730.8,19353.24,,2.13,1.6037581321898475,Nikkei 225 Historical Data.csv,True
NIKKEI225,2020-04-09,1d,19376.0,19406.96,19158.55,19345.77,,-0.04,-0.15601775392237727,Nikkei 225 Historical Data.csv,True
NIKKEI225,2020-04-10,1d,19500.07,19500.07,19235.96,19498.5,,0.79,-0.00805125314934374,Nikkei 225 Historical Data.csv,True
NIKKEI225,2020-04-13,1d,19312.04,19355.04,19014.32,19043.4,,-2.33,-1.3910493143137637,Nikkei 225 Historical Data.csv,True
NIKKEI225,2020-04-14,1d,19150.3,19705.99,19093.12,19638.81,,3.13,2.5509260951525725,Nikkei 225 Historical Data.csv,True
NIKKEI225,2020-04-15,1d,19589.25,19660.68,19465.95,19550.09,,-0.45,-0.19990556044768848,Nikkei 225 Historical Data.csv,True
NIKKEI225,2020-04-16,1d,19311.3,19362.17,19154.41,19290.2,,-1.33,-0.10926245255368228,Nikkei 225 Historical Data.csv,True
NIKKEI225,2020-04-17,1d,19575.85,19922.07,19554.7,19897.26,,3.15,1.641869957115527,Nikkei 225 Historical Data.csv,True
NIKKEI225,2020-04-20,1d,19689.85,19784.38,19611.79,19669.12,,-1.15,-0.10528267102085653,Nikkei 225 Historical Data.csv,True
NIKKEI225,2020-04-21,1d,19479.83,19529.06,19193.22,19280.78,,-1.97,-1.0218261658341055,Nikkei 225 Historical Data.csv,True
NIKKEI225,2020-04-22,1d,19109.18,19137.95,18858.25,19137.95,,-0.74,0.15055591082402398,Nikkei 225 Historical Data.csv,True
NIKKEI225,2020-04-23,1d,19313.04,19429.44,19221.54,19429.44,,1.52,0.6027015943631753,Nikkei 225 Historical Data.csv,True
NIKKEI225,2020-04-24,1d,19331.86,19352.24,19175.38,19262.0,,-0.86,-0.36137236665276795,Nikkei 225 Historical Data.csv,True
NIKKEI225,2020-04-27,1d,19410.84,19819.06,19410.18,19783.22,,2.71,1.9184125983213507,Nikkei 225 Historical Data.csv,True
NIKKEI225,2020-04-28,1d,19776.18,19841.78,19638.48,19771.19,,-0.06,-0.02523237551439461,Nikkei 225 Historical Data.csv,True
NIKKEI225,2020-04-30,1d,20105.68,20365.89,20084.83,20193.69,,2.14,0.4377369977041301,Nikkei 225 Historical Data.csv,True
NIKKEI225,2020-05-01,1d,19991.97,20000.25,19551.73,19619.35,,-2.84,-1.863848335106555,Nikkei 225 Historical Data.csv,True
NIKKEI225,2020-05-07,1d,19468.52,19720.87,19448.93,19674.77,,0.28,1.0594025637285176,Nikkei 225 Historical Data.csv,True
NIKKEI225,2020-05-08,1d,19972.09,20179.09,19894.58,20179.09,,2.56,1.0364463608966368,Nikkei 225 Historical Data.csv,True
NIKKEI225,2020-05-11,1d,20333.73,20534.88,20285.04,20390.66,,1.05,0.2799781446886529,Nikkei 225 Historical Data.csv,True
NIKKEI225,2020-05-12,1d,20413.23,20457.37,20293.97,20366.48,,-0.12,-0.2290181416659709,Nikkei 225 Historical Data.csv,True
NIKKEI225,2020-05-13,1d,20140.92,20329.89,20056.46,20267.05,,-0.49,0.6262375303610845,Nikkei 225 Historical Data.csv,True
NIKKEI225,2020-05-14,1d,20140.49,20185.0,19902.93,19914.78,,-1.74,-1.1206777988023275,Nikkei 225 Historical Data.csv,True
NIKKEI225,2020-05-15,1d,20149.79,20198.25,19832.88,20037.47,,0.62,-0.5574251642324834,Nikkei 225 Historical Data.csv,True
NIKKEI225,2020-05-18,1d,20097.62,20197.59,19999.1,20133.73,,0.48,0.17967301600887442,Nikkei 225 Historical Data.csv,True
NIKKEI225,2020-05-19,1d,20469.52,20659.46,20433.45,20433.45,,1.49,-0.17621321848289018,Nikkei 225 Historical Data.csv,True
NIKKEI225,2020-05-20,1d,20454.49,20684.46,20454.03,20595.15,,0.79,0.6876729754689448,Nikkei 225 Historical Data.csv,True
NIKKEI225,2020-05-21,1d,20692.59,20734.91,20503.87,20552.31,,-0.21,-0.677923836503791,Nikkei 225 Historical Data.csv,True
NIKKEI225,2020-05-22,1d,20583.95,20615.12,20334.99,20388.16,,-0.8,-0.9511779809025955,Nikkei 225 Historical Data.csv,True
NIKKEI225,2020-05-25,1d,20653.41,20741.65,20584.06,20741.65,,1.73,0.4272417968751885,Nikkei 225 Historical Data.csv,True
NIKKEI225,2020-05-26,1d,20927.96,21328.34,20918.11,21271.17,,2.55,1.639959174233896,Nikkei 225 Historical Data.csv,True
NIKKEI225,2020-05-27,1d,21249.31,21475.68,21142.72,21419.23,,0.7,0.79964949450122,Nikkei 225 Historical Data.csv,True
NIKKEI225,2020-05-28,1d,21612.9,21926.29,21580.5,21916.31,,2.32,1.4038375229608269,Nikkei 225 Historical Data.csv,True
NIKKEI225,2020-05-29,1d,21807.63,21955.44,21710.8,21877.89,,-0.18,0.3221808146965044,Nikkei 225 Historical Data.csv,True
