symbol,timestamp,timeframe,open,high,low,close,volume,change_percent,return_percent,source_file,ohlc_valid
SP500,2014-01-02,1d,1845.9,1845.9,1827.7,1832.0,,-0.89,-0.7530202069451319,sp500.csv,True
SP500,2014-01-03,1d,1833.2,1838.2,1829.1,1831.4,,-0.03,-0.09818895919703197,sp500.csv,True
SP500,2014-01-06,1d,1832.3,1837.2,1823.7,1826.8,,-0.25,-0.30016918626862843,sp500.csv,True
SP500,2014-01-07,1d,1828.7,1840.1,1828.7,1837.9,,0.61,0.5030896265106444,sp500.csv,True
SP500,2014-01-08,1d,1837.9,1840.0,1831.4,1837.5,,-0.02,-0.021763969748089806,sp500.csv,True
SP500,2014-01-09,1d,1839.0,1843.2,1830.4,1838.1,,0.03,-0.04893964110930238,sp500.csv,True
SP500,2014-01-10,1d,1840.1,1843.2,1832.4,1842.4,,0.23,0.12499320689094429,sp500.csv,True
SP500,2014-01-13,1d,1841.3,1843.5,1815.5,1819.2,,-1.26,-1.200238961603206,sp500.csv,True
SP500,2014-01-14,1d,1821.4,1839.3,1821.4,1838.9,,1.08,0.9607993850883956,sp500.csv,True
SP500,2014-01-15,1d,1840.5,1850.8,1840.5,1848.4,,0.52,0.4292311871773924,sp500.csv,True
SP500,2014-01-16,1d,1848.0,1848.0,1840.3,1845.9,,-0.14,-0.1136363636363602,sp500.csv,True
SP500,2014-01-17,1d,1844.2,1846.0,1835.2,1838.7,,-0.39,-0.2982322958464345,sp500.csv,True
SP500,2014-01-21,1d,1841.0,1849.3,1832.4,1843.8,,0.28,0.1520912547528397,sp500.csv,True
SP500,2014-01-22,1d,1844.7,1846.9,1840.9,1844.9,,0.06,0.010841871306999096,sp500.csv,True
SP500,2014-01-23,1d,1842.3,1842.3,1820.1,1828.5,,-0.89,-0.7490636704119868,sp500.csv,True
SP500,2014-01-24,1d,1827.0,1827.0,1790.3,1790.3,,-2.09,-2.0087575259989054,sp500.csv,True
SP500,2014-01-27,1d,1791.0,1796.0,1772.9,1781.6,,-0.49,-0.5248464544946985,sp500.csv,True
SP500,2014-01-28,1d,1783.0,1793.9,1779.5,1792.5,,0.61,0.5328098710039253,sp500.csv,True
SP500,2014-01-29,1d,1790.2,1790.2,1770.5,1774.2,,-1.02,-0.8937548877220425,sp500.csv,True
SP500,2014-01-30,1d,1777.2,1798.8,1777.2,1794.2,,1.13,0.95656088228675,sp500.csv,True
SP500,2014-01-31,1d,1790.9,1793.9,1772.3,1782.6,,-0.65,-0.4634541292087846,sp500.csv,True
SP500,2014-02-03,1d,1782.7,1784.8,1739.7,1741.9,,-2.28,-2.2886632635889304,sp500.csv,True
SP500,2014-02-04,1d,1743.8,1758.7,1743.8,1755.2,,0.76,0.6537446954925974,sp500.csv,True
SP500,2014-02-05,1d,1753.4,1755.8,1737.9,1751.6,,-0.21,-0.10265769362383104,sp500.csv,True
SP500,2014-02-06,1d,1753.0,1774.1,1753.0,1773.4,,1.24,1.163719338277236,sp500.csv,True
SP500,2014-02-07,1d,1776.0,1798.0,1776.0,1797.0,,1.33,1.1824324324324342,sp500.csv,True
SP500,2014-02-10,1d,1796.2,1799.9,1791.8,1799.8,,0.16,0.20042311546597524,sp500.csv,True
SP500,2014-02-11,1d,1800.5,1823.5,1800.4,1819.8,,1.11,1.0719244654262772,sp500.csv,True
SP500,2014-02-12,1d,1820.1,1826.5,1816.0,1819.3,,-0.03,-0.04395362892148924,sp500.csv,True
SP500,2014-02-13,1d,1814.8,1830.2,1809.2,1829.8,,0.58,0.8265373594886549,sp500.csv,True
SP500,2014-02-14,1d,1828.5,1841.7,1825.6,1838.6,,0.48,0.5523653267705653,sp500.csv,True
SP500,2014-02-18,1d,1839.0,1842.9,1835.0,1840.8,,0.12,0.09787928221860476,sp500.csv,True
SP500,2014-02-19,1d,1838.9,1847.5,1827.0,1828.8,,-0.65,-0.549241394311828,sp500.csv,True
SP500,2014-02-20,1d,1829.2,1842.8,1824.6,1839.8,,0.6,0.5794883008965579,sp500.csv,True
SP500,2014-02-21,1d,1841.1,1846.1,1835.6,1836.2,,-0.2,-0.26614523925913014,sp500.csv,True
SP500,2014-02-24,1d,1836.8,1858.7,1836.8,1847.6,,0.62,0.5879790940766627,sp500.csv,True
SP500,2014-02-25,1d,1847.7,1852.9,1840.2,1845.1,,-0.14,-0.14071548411539458,sp500.csv,True
SP500,2014-02-26,1d,1845.8,1852.7,1840.7,1845.2,,0.01,-0.03250623036081812,sp500.csv,True
SP500,2014-02-27,1d,1844.9,1854.5,1841.1,1854.3,,0.49,0.5095127107160202,sp500.csv,True
SP500,2014-02-28,1d,1855.1,1867.9,1847.7,1859.5,,0.28,0.23718397930030388,sp500.csv,True
SP500,2014-03-03,1d,1857.7,1857.7,1834.4,1845.7,,-0.74,-0.6459600581364078,sp500.csv,True
SP500,2014-03-04,1d,1849.2,1876.2,1849.2,1873.9,,1.53,1.3357127406446123,sp500.csv,True
SP500,2014-03-05,1d,1874.0,1876.5,1871.1,1873.8,,-0.01,-0.010672358591246045,sp500.csv,True
SP500,2014-03-06,1d,1874.2,1881.9,1874.2,1877.0,,0.17,0.14939707608578878,sp500.csv,True
SP500,2014-03-07,1d,1878.5,1883.6,1870.6,1878.0,,0.05,-0.026616981634286496,sp500.csv,True
SP500,2014-03-10,1d,1877.9,1877.9,1867.0,1877.2,,-0.04,-0.03727568028116801,sp500.csv,True
SP500,2014-03-11,1d,1878.3,1882.3,1863.9,1867.6,,-0.51,-0.5696640579247236,sp500.csv,True
SP500,2014-03-12,1d,1866.2,1868.4,1854.4,1868.2,,0.03,0.10716964955523878,sp500.csv,True
SP500,2014-03-13,1d,1869.1,1874.4,1841.9,1846.3,,-1.17,-1.21983842491038,sp500.csv,True
SP500,2014-03-14,1d,1845.1,1852.4,1839.6,1841.1,,-0.28,-0.2167904178635327,sp500.csv,True
SP500,2014-03-17,1d,1842.8,1862.3,1842.8,1858.8,,0.96,0.8682439765574035,sp500.csv,True
SP500,2014-03-18,1d,1858.9,1873.8,1858.9,1872.2,,0.72,0.715476894937872,sp500.csv,True
SP500,2014-03-19,1d,1872.2,1874.1,1850.3,1860.8,,-0.61,-0.608909304561478,sp500.csv,True
SP500,2014-03-20,1d,1860.1,1873.5,1854.6,1872.0,,0.6,0.6397505510456369,sp500.csv,True
SP500,2014-03-21,1d,1874.5,1884.0,1863.5,1866.5,,-0.29,-0.42678047479327574,sp500.csv,True
SP500,2014-03-24,1d,1867.7,1873.3,1849.7,1857.4,,-0.49,-0.5514804304759813,sp500.csv,True
SP500,2014-03-25,1d,1859.5,1871.9,1856.0,1865.6,,0.44,0.32804517343372197,sp500.csv,True
SP500,2014-03-26,1d,1867.1,1875.9,1852.6,1852.6,,-0.7,-0.7766054308821158,sp500.csv,True
SP500,2014-03-27,1d,1852.1,1855.5,1842.1,1849.0,,-0.19,-0.16737757140542486,sp500.csv,True
SP500,2014-03-28,1d,1850.1,1866.6,1850.1,1857.6,,0.47,0.40538349278418373,sp500.csv,True
SP500,2014-03-31,1d,1859.2,1875.2,1859.2,1872.3,,0.79,0.7046041308089501,sp500.csv,True
SP500,2014-04-01,1d,1874.0,1885.8,1874.0,1885.5,,0.71,0.6136606189967919,sp500.csv,True
SP500,2014-04-02,1d,1886.6,1893.2,1883.8,1890.9,,0.29,0.22792324817131338,sp500.csv,True
SP500,2014-04-03,1d,1891.4,1893.8,1882.7,1888.8,,-0.11,-0.13746431214973764,sp500.csv,True
SP500,2014-04-04,1d,1890.2,1897.3,1863.3,1865.1,,-1.25,-1.3279018093323547,sp500.csv,True
SP500,2014-04-07,1d,1863.9,1864.0,1841.5,1845.0,,-1.08,-1.014002897151145,sp500.csv,True
SP500,2014-04-08,1d,1845.5,1855.0,1837.5,1852.0,,0.38,0.3522080736927613,sp500.csv,True
SP500,2014-04-09,1d,1852.6,1872.4,1852.4,1872.2,,1.09,1.0579725790780703,sp500.csv,True
SP500,2014-04-10,1d,1872.3,1872.5,1830.9,1833.1,,-2.09,-2.0936815681247722,sp500.csv,True
SP500,2014-04-11,1d,1830.7,1835.1,1814.4,1815.7,,-0.95,-0.8193587152455328,sp500.csv,True
SP500,2014-04-14,1d,1818.2,1834.2,1815.8,1830.6,,0.82,0.6819931800681855,sp500.csv,True
SP500,2014-04-15,1d,1831.5,1844.0,1816.3,1843.0,,0.68,0.6279006279006349,sp500.csv,True
SP500,2014-04-16,1d,1846.0,1862.3,1846.0,1862.3,,1.05,0.882990249187432,sp500.csv,True
SP500,2014-04-17,1d,1861.7,1869.6,1856.7,1864.8,,0.13,0.1665144760165438,sp500.csv,True
SP500,2014-04-21,1d,1865.8,1871.9,1863.2,1871.9,,0.38,0.3269375066995428,sp500.csv,True
SP500,2014-04-22,1d,1872.6,1884.9,1872.6,1879.5,,0.41,0.36847164370394925,sp500.csv,True
SP500,2014-04-23,1d,1879.3,1879.8,1873.9,1875.4,,-0.22,-0.20752407811418516,sp500.csv,True
SP500,2014-04-24,1d,1882.0,1884.1,1870.2,1878.6,,0.17,-0.18065887353879706,sp500.csv,True
SP500,2014-04-25,1d,1877.7,1877.7,1859.7,1863.4,,-0.81,-0.7615700058582253,sp500.csv,True
SP500,2014-04-28,1d,1865.0,1877.0,1850.6,1869.4,,0.32,0.2359249329758839,sp500.csv,True
SP500,2014-04-29,1d,1870.8,1880.6,1870.8,1878.3,,0.48,0.40089801154585825,sp500.csv,True
SP500,2014-04-30,1d,1877.1,1885.2,1872.7,1884.0,,0.3,0.3675883011027725,sp500.csv,True
SP500,2014-05-01,1d,1884.4,1888.6,1878.0,1883.7,,-0.02,-0.03714710252600284,sp500.csv,True
SP500,2014-05-02,1d,1885.3,1891.3,1878.5,1881.1,,-0.14,-0.22277621598685293,sp500.csv,True
SP500,2014-05-05,1d,1879.5,1885.5,1866.8,1884.7,,0.19,0.2766693269486531,sp500.csv,True
SP500,2014-05-06,1d,1883.7,1883.7,1867.7,1867.7,,-0.9,-0.8493921537399807,sp500.csv,True
SP500,2014-05-07,1d,1868.5,1878.8,1859.8,1878.2,,0.56,0.5191329943805112,sp500.csv,True
SP500,2014-05-08,1d,1877.4,1889.1,1870.0,1875.6,,-0.14,-0.09587727708534333,sp500.csv,True
SP500,2014-05-09,1d,1875.3,1878.6,1867.0,1878.5,,0.15,0.17063936436836347,sp500.csv,True
SP500,2014-05-12,1d,1880.0,1897.1,1880.0,1896.7,,0.97,0.8882978723404378,sp500.csv,True
SP500,2014-05-13,1d,1896.8,1902.2,1896.1,1897.5,,0.04,0.036904259805981,sp500.csv,True
SP500,2014-05-14,1d,1897.1,1897.1,1885.8,1888.5,,-0.47,-0.45332349375362124,sp500.csv,True
SP500,2014-05-15,1d,1888.2,1888.2,1862.4,1870.8,,-0.94,-0.921512551636483,sp500.csv,True
SP500,2014-05-16,1d,1871.2,1878.3,1864.8,1877.9,,0.38,0.3580589995724637,sp500.csv,True
SP500,2014-05-19,1d,1876.7,1886.0,1872.4,1885.1,,0.38,0.44759418127564565,sp500.csv,True
SP500,2014-05-20,1d,1884.9,1884.9,1868.1,1872.8,,-0.65,-0.6419438697013224,sp500.csv,True
SP500,2014-05-21,1d,1873.3,1888.8,1873.3,1888.0,,0.81,0.7847114717343784,sp500.csv,True
SP500,2014-05-22,1d,1888.2,1896.3,1885.4,1892.5,,0.24,0.2277301133354559,sp500.csv,True
SP500,2014-05-23,1d,1893.3,1901.3,1893.3,1900.5,,0.42,0.38028838535890674,sp500.csv,True
SP500,2014-05-27,1d,1902.0,1912.3,1902.0,1911.9,,0.6,0.5205047318612044,sp500.csv,True
SP500,2014-05-28,1d,1911.8,1914.5,1907.3,1909.8,,-0.11,-0.1046134532900922,sp500.csv,True
SP500,2014-05-29,1d,1910.6,1920.0,1909.8,1920.0,,0.53,0.49199204438397093,sp500.csv,True
SP500,2014-05-30,1d,1920.3,1924.0,1916.6,1923.6,,0.19,0.1718481487267498,sp500.csv,True
SP500,2014-06-02,1d,1923.9,1925.9,1916.0,1925.0,,0.07,0.057175528873631976,sp500.csv,True
SP500,2014-06-03,1d,1923.1,1925.1,1918.8,1924.2,,-0.04,0.057199313608236046,sp500.csv,True
SP500,2014-06-04,1d,1923.1,1928.6,1918.6,1927.9,,0.19,0.24959700483595526,sp500.csv,True
SP500,2014-06-05,1d,1928.5,1941.7,1922.9,1940.5,,0.65,0.6222452683432689,sp500.csv,True
SP500,2014-06-06,1d,1942.4,1949.4,1942.4,1949.4,,0.46,0.36037891268534405,sp500.csv,True
SP500,2014-06-09,1d,1949.0,1955.5,1947.2,1951.3,,0.1,0.11800923550537856,sp500.csv,True
SP500,2014-06-10,1d,1950.3,1950.9,1944.6,1950.8,,-0.03,0.025637081474649825,sp500.csv,True
SP500,2014-06-11,1d,1949.4,1949.4,1940.1,1943.9,,-0.35,-0.2821380937724438,sp500.csv,True
SP500,2014-06-12,1d,1943.3,1943.3,1925.8,1930.1,,-0.71,-0.6792569340812071,sp500.csv,True
SP500,2014-06-13,1d,1930.8,1937.3,1927.7,1936.2,,0.32,0.2796768178993103,sp500.csv,True
SP500,2014-06-16,1d,1934.8,1941.2,1930.9,1937.8,,0.08,0.15505478602440004,sp500.csv,True
SP500,2014-06-17,1d,1937.2,1943.7,1933.5,1942.0,,0.22,0.24778030146603847,sp500.csv,True
SP500,2014-06-18,1d,1942.7,1957.7,1939.3,1957.0,,0.77,0.7360889483708277,sp500.csv,True
SP500,2014-06-19,1d,1957.5,1959.9,1952.3,1959.5,,0.13,0.10217113665389466,sp500.csv,True
SP500,2014-06-20,1d,1960.5,1963.9,1959.2,1962.9,,0.17,0.12241775057384441,sp500.csv,True
SP500,2014-06-23,1d,1962.9,1963.7,1958.9,1962.6,,-0.02,-0.015283509093699799,sp500.csv,True
SP500,2014-06-24,1d,1962.0,1968.2,1948.3,1950.0,,-0.64,-0.6116207951070374,sp500.csv,True
SP500,2014-06-25,1d,1949.3,1960.8,1947.5,1959.5,,0.49,0.5232647617093411,sp500.csv,True
SP500,2014-06-26,1d,1959.9,1959.9,1944.7,1957.2,,-0.12,-0.1377621307209531,sp500.csv,True
SP500,2014-06-27,1d,1956.6,1961.5,1952.2,1961.0,,0.19,0.22487989369315287,sp500.csv,True
SP500,2014-06-30,1d,1960.8,1964.2,1958.2,1960.2,,-0.04,-0.03059975520195435,sp500.csv,True
SP500,2014-07-01,1d,1962.3,1978.6,1962.3,1973.3,,0.67,0.5605666819548549,sp500.csv,True
SP500,2014-07-02,1d,1973.1,1976.7,1972.6,1974.6,,0.07,0.07602250266078858,sp500.csv,True
SP500,2014-07-03,1d,1975.9,1985.6,1975.9,1985.4,,0.55,0.4807935624272508,sp500.csv,True
SP500,2014-07-07,1d,1984.2,1984.2,1974.9,1977.7,,-0.39,-0.32758794476362985,sp500.csv,True
SP500,2014-07-08,1d,1976.4,1976.4,1959.5,1963.7,,-0.71,-0.6425824731835728,sp500.csv,True
SP500,2014-07-09,1d,1965.1,1974.2,1965.1,1972.8,,0.46,0.39183756551830484,sp500.csv,True
SP500,2014-07-10,1d,1966.7,1969.8,1952.9,1964.7,,-0.41,-0.10169319164081703,sp500.csv,True
SP500,2014-07-11,1d,1965.8,1968.7,1959.6,1967.6,,0.15,0.09156577474818128,sp500.csv,True
SP500,2014-07-14,1d,1969.9,1979.8,1969.9,1977.1,,0.48,0.36550078684196574,sp500.csv,True
SP500,2014-07-15,1d,1977.4,1982.5,1965.3,1973.3,,-0.19,-0.20734297562456927,sp500.csv,True
SP500,2014-07-16,1d,1976.3,1983.9,1975.7,1981.6,,0.42,0.26817790821231924,sp500.csv,True
SP500,2014-07-17,1d,1979.8,1981.8,1955.6,1958.1,,-1.19,-1.0960703101323355,sp500.csv,True
SP500,2014-07-18,1d,1961.5,1979.9,1960.8,1978.2,,1.03,0.851389242926337,sp500.csv,True
SP500,2014-07-21,1d,1976.9,1976.9,1965.8,1973.6,,-0.23,-0.16692801861500906,sp500.csv,True
SP500,2014-07-22,1d,1975.7,1986.2,1975.7,1983.5,,0.5,0.394796780887785,sp500.csv,True
SP500,2014-07-23,1d,1985.3,1989.2,1982.4,1987.0,,0.18,0.0856293759129656,sp500.csv,True
SP500,2014-07-24,1d,1988.1,1991.4,1985.8,1988.0,,0.05,-0.005029928072020073,sp500.csv,True
SP500,2014-07-25,1d,1984.6,1984.6,1974.4,1978.3,,-0.49,-0.3174443212738076,sp500.csv,True
SP500,2014-07-28,1d,1978.2,1981.5,1967.3,1978.9,,0.03,0.035385704175516786,sp500.csv,True
SP500,2014-07-29,1d,1980.0,1984.8,1970.0,1970.0,,-0.45,-0.5050505050505083,sp500.csv,True
SP500,2014-07-30,1d,1973.2,1978.9,1962.4,1970.1,,0.01,-0.15710520981148113,sp500.csv,True
SP500,2014-07-31,1d,1965.1,1965.1,1930.7,1930.7,,-2.0,-1.7505470459518557,sp500.csv,True
SP500,2014-08-01,1d,1929.8,1937.3,1916.4,1925.2,,-0.28,-0.23836667012124835,sp500.csv,True
SP500,2014-08-04,1d,1926.6,1942.9,1921.2,1939.0,,0.72,0.6436208865358672,sp500.csv,True
SP500,2014-08-05,1d,1936.3,1936.3,1913.8,1920.2,,-0.97,-0.8314827247843826,sp500.csv,True
SP500,2014-08-06,1d,1917.3,1927.9,1911.5,1920.2,,0.0,0.15125436812184478,sp500.csv,True
SP500,2014-08-07,1d,1923.0,1928.9,1904.8,1909.6,,-0.55,-0.6968278731149247,sp500.csv,True
SP500,2014-08-08,1d,1910.3,1932.4,1909.0,1931.6,,1.15,1.1150081139088108,sp500.csv,True
SP500,2014-08-11,1d,1933.4,1944.9,1933.4,1936.9,,0.27,0.1810282404055119,sp500.csv,True
SP500,2014-08-12,1d,1935.7,1939.7,1928.3,1933.8,,-0.16,-0.09815570594617906,sp500.csv,True
SP500,2014-08-13,1d,1935.6,1948.4,1935.6,1946.7,,0.67,0.5734655920644816,sp500.csv,True
SP500,2014-08-14,1d,1947.4,1955.2,1947.4,1955.2,,0.44,0.4005340453938633,sp500.csv,True
SP500,2014-08-15,1d,1958.9,1964.0,1941.5,1955.1,,-0.01,-0.19398642095054264,sp500.csv,True
SP500,2014-08-18,1d,1958.4,1972.0,1958.4,1971.7,,0.85,0.6791258169934533,sp500.csv,True
SP500,2014-08-19,1d,1972.7,1982.6,1972.7,1981.6,,0.5,0.4511583109443773,sp500.csv,True
SP500,2014-08-20,1d,1980.5,1988.6,1977.7,1986.5,,0.25,0.3029537995455689,sp500.csv,True
SP500,2014-08-21,1d,1986.8,1994.8,1986.8,1992.4,,0.3,0.28186027783370093,sp500.csv,True
SP500,2014-08-22,1d,1992.6,1993.5,1984.8,1988.4,,-0.2,-0.21077988557662852,sp500.csv,True
SP500,2014-08-25,1d,1991.7,2002.0,1991.7,1997.9,,0.48,0.31129186122407226,sp500.csv,True
SP500,2014-08-26,1d,1998.6,2005.0,1998.6,2000.0,,0.11,0.07004903432403786,sp500.csv,True
SP500,2014-08-27,1d,2000.5,2002.1,1996.2,2000.1,,0.0,-0.01999500124969522,sp500.csv,True
SP500,2014-08-28,1d,1997.4,1998.5,1990.5,1996.7,,-0.17,-0.03504555922699826,sp500.csv,True
SP500,2014-08-29,1d,1998.5,2003.4,1994.7,2003.4,,0.34,0.24518388791594514,sp500.csv,True
SP500,2014-09-02,1d,2004.1,2006.1,1994.8,2002.3,,-0.05,-0.08981587745122699,sp500.csv,True
SP500,2014-09-03,1d,2003.6,2009.3,1998.1,2000.7,,-0.08,-0.14473946895586787,sp500.csv,True
SP500,2014-09-04,1d,2001.7,2011.2,1992.5,1997.7,,-0.15,-0.19983014437727764,sp500.csv,True
SP500,2014-09-05,1d,1998.0,2007.7,1990.1,2007.7,,0.5,0.48548548548548176,sp500.csv,True
SP500,2014-09-08,1d,2007.2,2007.2,1995.6,2001.5,,-0.31,-0.28397768035074433,sp500.csv,True
SP500,2014-09-09,1d,2000.7,2001.0,1984.6,1988.4,,-0.65,-0.6147848253111432,sp500.csv,True
SP500,2014-09-10,1d,1988.4,1996.7,1983.0,1995.7,,0.37,0.3671293502313322,sp500.csv,True
SP500,2014-09-11,1d,1992.8,1997.7,1985.9,1997.5,,0.09,0.2358490566037652,sp500.csv,True
SP500,2014-09-12,1d,1996.7,1996.7,1980.3,1985.5,,-0.6,-0.5609255271197489,sp500.csv,True
SP500,2014-09-15,1d,1986.0,1987.2,1978.5,1984.1,,-0.07,-0.09566968781470342,sp500.csv,True
SP500,2014-09-16,1d,1981.9,2002.3,1979.1,1999.0,,0.75,0.8628084161663052,sp500.csv,True
SP500,2014-09-17,1d,1999.3,2010.7,1993.3,2001.6,,0.13,0.1150402640924364,sp500.csv,True
SP500,2014-09-18,1d,2003.1,2012.3,2003.1,2011.4,,0.49,0.414357745494498,sp500.csv,True
SP500,2014-09-19,1d,2012.7,2019.3,2006.6,2010.4,,-0.05,-0.11427435782779272,sp500.csv,True
SP500,2014-09-22,1d,2009.1,2009.1,1991.0,1994.3,,-0.8,-0.7366482504604033,sp500.csv,True
SP500,2014-09-23,1d,1992.8,1995.4,1982.8,1982.8,,-0.58,-0.5018065034122832,sp500.csv,True
SP500,2014-09-24,1d,1983.3,1999.8,1978.6,1998.3,,0.78,0.7563152321887756,sp500.csv,True
SP500,2014-09-25,1d,1997.3,1997.3,1966.0,1966.0,,-1.62,-1.5671156060681923,sp500.csv,True
SP500,2014-09-26,1d,1966.2,1986.4,1966.2,1982.8,,0.85,0.8442681314209999,sp500.csv,True
SP500,2014-09-29,1d,1979.0,1981.3,1964.0,1977.8,,-0.25,-0.060636685194548345,sp500.csv,True
SP500,2014-09-30,1d,1978.2,1985.2,1969.0,1972.3,,-0.28,-0.29825093519361134,sp500.csv,True
SP500,2014-10-01,1d,1971.4,1971.4,1941.7,1946.2,,-1.32,-1.2782793953535543,sp500.csv,True
SP500,2014-10-02,1d,1945.8,1952.3,1926.0,1946.2,,0.0,0.02055709733785882,sp500.csv,True
SP500,2014-10-03,1d,1948.1,1971.2,1948.1,1967.9,,1.11,1.0163749294184177,sp500.csv,True
SP500,2014-10-06,1d,1970.0,1977.8,1958.4,1964.8,,-0.16,-0.2639593908629445,sp500.csv,True
SP500,2014-10-07,1d,1962.4,1962.4,1934.9,1935.1,,-1.51,-1.3911536893599807,sp500.csv,True
SP500,2014-10-08,1d,1935.5,1970.4,1925.2,1968.9,,1.75,1.725652286230961,sp500.csv,True
SP500,2014-10-09,1d,1967.7,1967.7,1927.6,1928.2,,-2.07,-2.007419830258672,sp500.csv,True
SP500,2014-10-10,1d,1925.6,1937.0,1906.0,1906.1,,-1.15,-1.0126713751557936,sp500.csv,True
SP500,2014-10-13,1d,1905.7,1912.1,1874.1,1874.7,,-1.65,-1.6266988508159774,sp500.csv,True
SP500,2014-10-14,1d,1877.1,1898.7,1871.8,1877.7,,0.16,0.03196420009590195,sp500.csv,True
SP500,2014-10-15,1d,1874.2,1874.2,1820.7,1862.5,,-0.81,-0.6242663536442206,sp500.csv,True
SP500,2014-10-16,1d,1856.0,1876.0,1835.0,1862.8,,0.02,0.3663793103448221,sp500.csv,True
SP500,2014-10-17,1d,1864.9,1898.2,1864.9,1886.8,,1.29,1.1743257011099795,sp500.csv,True
SP500,2014-10-20,1d,1885.6,1905.0,1882.3,1904.0,,0.91,0.9758167161646236,sp500.csv,True
SP500,2014-10-21,1d,1909.4,1942.5,1909.4,1941.3,,1.96,1.670681889598824,sp500.csv,True
SP500,2014-10-22,1d,1941.3,1949.3,1926.8,1927.1,,-0.73,-0.7314686035131079,sp500.csv,True
SP500,2014-10-23,1d,1931.0,1962.0,1931.0,1950.8,,1.23,1.0253754531330816,sp500.csv,True
SP500,2014-10-24,1d,1951.6,1965.3,1946.3,1964.6,,0.71,0.6661201065792266,sp500.csv,True
SP500,2014-10-27,1d,1963.0,1964.6,1951.4,1961.6,,-0.15,-0.07131940906776046,sp500.csv,True
SP500,2014-10-28,1d,1964.1,1985.0,1964.1,1985.0,,1.19,1.0641006058754732,sp500.csv,True
SP500,2014-10-29,1d,1983.3,1991.4,1969.0,1982.3,,-0.14,-0.05042101547925171,sp500.csv,True
SP500,2014-10-30,1d,1979.5,1999.4,1974.8,1994.7,,0.63,0.7678706744127295,sp500.csv,True
SP500,2014-10-31,1d,2001.2,2018.2,2001.2,2018.0,,1.17,0.8394963022186674,sp500.csv,True
SP500,2014-11-03,1d,2018.2,2024.5,2013.7,2017.8,,-0.01,-0.019819641264495758,sp500.csv,True
SP500,2014-11-04,1d,2015.8,2016.0,2001.0,2012.1,,-0.28,-0.18354995535271312,sp500.csv,True
SP500,2014-11-05,1d,2015.3,2023.8,2014.4,2023.6,,0.57,0.41184935245373033,sp500.csv,True
SP500,2014-11-06,1d,2023.3,2031.6,2015.9,2031.2,,0.38,0.39045124301884115,sp500.csv,True
SP500,2014-11-07,1d,2032.4,2034.3,2025.1,2031.9,,0.03,-0.024601456406214695,sp500.csv,True
SP500,2014-11-10,1d,2032.0,2038.7,2030.2,2038.3,,0.31,0.3100393700787407,sp500.csv,True
SP500,2014-11-11,1d,2038.2,2041.3,2035.3,2039.7,,0.07,0.07359434795408681,sp500.csv,True
SP500,2014-11-12,1d,2037.8,2040.3,2032.0,2038.2,,-0.07,0.01962901167926745,sp500.csv,True
SP500,2014-11-13,1d,2039.2,2046.2,2030.4,2039.3,,0.05,0.0049038838760173675,sp500.csv,True
SP500,2014-11-14,1d,2039.7,2042.2,2035.2,2039.8,,0.02,0.004902681766916217,sp500.csv,True
SP500,2014-11-17,1d,2038.3,2043.1,2034.5,2041.3,,0.07,0.1471814747583844,sp500.csv,True
SP500,2014-11-18,1d,2041.5,2056.1,2041.5,2051.8,,0.51,0.5045309821209987,sp500.csv,True
SP500,2014-11-19,1d,2051.2,2052.1,2040.4,2048.7,,-0.15,-0.12187987519500787,sp500.csv,True
SP500,2014-11-20,1d,2045.9,2053.8,2040.5,2052.8,,0.2,0.3372598856249187,sp500.csv,True
SP500,2014-11-21,1d,2057.5,2071.5,2056.8,2063.5,,0.52,0.2916160388821476,sp500.csv,True
SP500,2014-11-24,1d,2065.1,2070.2,2065.1,2069.4,,0.29,0.20822236211321954,sp500.csv,True
SP500,2014-11-25,1d,2070.2,2074.2,2064.8,2067.0,,-0.12,-0.15457443725243047,sp500.csv,True
SP500,2014-11-26,1d,2067.4,2073.3,2066.6,2072.8,,0.28,0.2611976395472615,sp500.csv,True
SP500,2014-11-28,1d,2074.8,2075.8,2065.1,2067.6,,-0.25,-0.3470213996529914,sp500.csv,True
SP500,2014-12-01,1d,2065.8,2065.8,2049.6,2053.4,,-0.69,-0.6002517184625855,sp500.csv,True
SP500,2014-12-02,1d,2053.8,2068.8,2053.8,2066.6,,0.64,0.6232349790631808,sp500.csv,True
SP500,2014-12-03,1d,2067.4,2076.3,2066.7,2074.3,,0.37,0.33375253942149463,sp500.csv,True
SP500,2014-12-04,1d,2073.6,2077.3,2062.3,2071.9,,-0.12,-0.08198302469134555,sp500.csv,True
SP500,2014-12-05,1d,2072.8,2079.5,2070.8,2075.4,,0.17,0.1254341952913851,sp500.csv,True
SP500,2014-12-08,1d,2074.8,2075.8,2054.3,2060.3,,-0.73,-0.698862540967804,sp500.csv,True
SP500,2014-12-09,1d,2056.6,2060.6,2034.2,2059.8,,-0.02,0.15559661577362327,sp500.csv,True
SP500,2014-12-10,1d,2058.9,2058.9,2024.3,2026.1,,-1.64,-1.5930836854631147,sp500.csv,True
SP500,2014-12-11,1d,2027.9,2055.5,2027.9,2035.3,,0.45,0.36490951230336854,sp500.csv,True
SP500,2014-12-12,1d,2030.4,2032.2,2002.3,2002.3,,-1.62,-1.3839637509850289,sp500.csv,True
SP500,2014-12-15,1d,2005.0,2018.7,1982.3,1989.6,,-0.63,-0.7680798004987555,sp500.csv,True
SP500,2014-12-16,1d,1986.7,2016.9,1972.6,1972.7,,-0.85,-0.7046861629838475,sp500.csv,True
SP500,2014-12-17,1d,1973.8,2016.8,1973.8,2012.9,,2.04,1.9809504509068931,sp500.csv,True
SP500,2014-12-18,1d,2019.0,2061.2,2019.0,2061.2,,2.4,2.090143635463093,sp500.csv,True
SP500,2014-12-19,1d,2061.0,2077.8,2061.0,2070.7,,0.46,0.4706453178068726,sp500.csv,True
SP500,2014-12-22,1d,2069.3,2078.8,2069.3,2078.5,,0.38,0.44459479050886763,sp500.csv,True
SP500,2014-12-23,1d,2081.5,2086.7,2079.8,2082.2,,0.18,0.03362959404273891,sp500.csv,True
SP500,2014-12-24,1d,2083.2,2087.6,2081.9,2081.9,,-0.01,-0.062403993855597584,sp500.csv,True
SP500,2014-12-26,1d,2084.3,2092.7,2084.3,2088.8,,0.33,0.21589982248235717,sp500.csv,True
SP500,2014-12-29,1d,2087.6,2093.6,2085.8,2090.6,,0.09,0.14370569074535489,sp500.csv,True
SP500,2014-12-30,1d,2088.5,2088.5,2079.5,2080.3,,-0.49,-0.39262628680870604,sp500.csv,True
SP500,2014-12-31,1d,2082.1,2085.6,2057.9,2058.9,,-1.03,-1.114259641707882,sp500.csv,True
SP500,2015-01-02,1d,2058.9,2072.4,2046.0,2058.2,,-0.03,-0.03399873718977764,sp500.csv,True
SP500,2015-01-05,1d,2054.4,2054.4,2017.3,2020.6,,-1.83,-1.6452492211838088,sp500.csv,True
SP500,2015-01-06,1d,2022.2,2030.2,1992.4,2002.6,,-0.89,-0.9692414202353894,sp500.csv,True
SP500,2015-01-07,1d,2005.5,2029.6,2005.5,2025.9,,1.16,1.0172026925953759,sp500.csv,True
SP500,2015-01-08,1d,2030.6,2064.1,2030.6,2062.1,,1.79,1.5512656357726806,sp500.csv,True
SP500,2015-01-09,1d,2063.4,2064.4,2038.3,2044.8,,-0.84,-0.901424832800235,sp500.csv,True
SP500,2015-01-12,1d,2046.1,2049.3,2022.6,2028.3,,-0.81,-0.869947705390739,sp500.csv,True
SP500,2015-01-13,1d,2031.6,2056.9,2008.2,2023.0,,-0.26,-0.4233116755266719,sp500.csv,True
SP500,2015-01-14,1d,2018.4,2018.4,1988.4,2011.3,,-0.58,-0.3517637732857737,sp500.csv,True
SP500,2015-01-15,1d,2013.8,2021.3,1991.5,1992.7,,-0.92,-1.0477703843479902,sp500.csv,True
SP500,2015-01-16,1d,1992.2,2020.5,1988.1,2019.4,,1.34,1.365324766589704,sp500.csv,True
SP500,2015-01-20,1d,2020.8,2028.9,2004.5,2022.5,,0.15,0.08412509897071097,sp500.csv,True
SP500,2015-01-21,1d,2020.2,2038.3,2012.0,2032.1,,0.47,0.5890505890505882,sp500.csv,True
SP500,2015-01-22,1d,2034.3,2064.6,2026.4,2063.2,,1.53,1.420636091038685,sp500.csv,True
SP500,2015-01-23,1d,2063.0,2063.0,2050.5,2051.8,,-0.55,-0.5428986912263567,sp500.csv,True
SP500,2015-01-26,1d,2050.4,2057.6,2041.0,2057.1,,0.26,0.3267655091689248,sp500.csv,True
SP500,2015-01-27,1d,2047.9,2047.9,2019.9,2029.5,,-1.34,-0.8984813711607087,sp500.csv,True
SP500,2015-01-28,1d,2032.3,2042.5,2001.5,2002.2,,-1.35,-1.4810805491315193,sp500.csv,True
SP500,2015-01-29,1d,2002.5,2024.6,1989.2,2021.2,,0.95,0.9338327091136023,sp500.csv,True
SP500,2015-01-30,1d,2019.3,2023.3,1993.4,1995.0,,-1.3,-1.2033873124350003,sp500.csv,True
SP500,2015-02-02,1d,1996.7,2021.7,1980.9,2020.8,,1.29,1.2069915360344519,sp500.csv,True
SP500,2015-02-03,1d,2022.7,2050.3,2022.7,2050.0,,1.44,1.3496811192959868,sp500.csv,True
SP500,2015-02-04,1d,2048.9,2054.7,2036.7,2041.5,,-0.41,-0.36116940797501496,sp500.csv,True
SP500,2015-02-05,1d,2043.5,2063.6,2043.5,2062.5,,1.03,0.9297773427942246,sp500.csv,True
SP500,2015-02-06,1d,2062.3,2072.4,2050.0,2055.5,,-0.34,-0.3297289434126993,sp500.csv,True
SP500,2015-02-09,1d,2053.5,2056.2,2041.9,2046.7,,-0.43,-0.3311419527635695,sp500.csv,True
SP500,2015-02-10,1d,2049.4,2070.9,2048.6,2068.6,,1.07,0.9368595686542358,sp500.csv,True
SP500,2015-02-11,1d,2068.6,2073.5,2058.0,2068.5,,0.0,-0.004834187373092824,sp500.csv,True
SP500,2015-02-12,1d,2070.0,2088.5,2070.0,2088.5,,0.97,0.8937198067632934,sp500.csv,True
SP500,2015-02-13,1d,2088.8,2097.0,2086.7,2097.0,,0.41,0.3925698965913327,sp500.csv,True
SP500,2015-02-17,1d,2096.5,2101.3,2089.8,2100.3,,0.16,0.1812544717386233,sp500.csv,True
SP500,2015-02-18,1d,2099.2,2100.2,2092.2,2099.7,,-0.03,0.02381859756097615,sp500.csv,True
SP500,2015-02-19,1d,2099.2,2102.1,2090.8,2097.4,,-0.11,-0.08574695121950082,sp500.csv,True
SP500,2015-02-20,1d,2097.7,2110.6,2085.4,2110.3,,0.62,0.6006578633741988,sp500.csv,True
SP500,2015-02-23,1d,2109.8,2110.1,2103.0,2109.7,,-0.03,-0.004739785761698201,sp500.csv,True
SP500,2015-02-24,1d,2109.1,2117.9,2105.9,2115.5,,0.27,0.303446967901011,sp500.csv,True
SP500,2015-02-25,1d,2115.3,2119.6,2109.9,2113.9,,-0.08,-0.06618446556044821,sp500.csv,True
SP500,2015-02-26,1d,2113.9,2113.9,2103.8,2110.7,,-0.15,-0.15137896778467663,sp500.csv,True
SP500,2015-02-27,1d,2110.9,2112.7,2103.8,2104.5,,-0.29,-0.30318821355820313,sp500.csv,True
SP500,2015-03-02,1d,2105.2,2117.5,2104.5,2117.4,,0.61,0.5795173855215774,sp500.csv,True
SP500,2015-03-03,1d,2115.8,2115.8,2098.3,2107.8,,-0.45,-0.3781075716041249,sp500.csv,True
SP500,2015-03-04,1d,2107.7,2107.7,2087.6,2098.5,,-0.44,-0.43649475731839527,sp500.csv,True
SP500,2015-03-05,1d,2098.5,2104.2,2095.2,2101.0,,0.12,0.11913271384322854,sp500.csv,True
SP500,2015-03-06,1d,2100.9,2100.9,2067.3,2071.3,,-1.41,-1.4089199866723745,sp500.csv,True
SP500,2015-03-09,1d,2072.2,2083.5,2072.2,2079.4,,0.39,0.3474568091883068,sp500.csv,True
SP500,2015-03-10,1d,2076.1,2076.1,2044.2,2044.2,,-1.69,-1.5365348489957076,sp500.csv,True
SP500,2015-03-11,1d,2044.7,2050.1,2039.7,2040.2,,-0.2,-0.22008118550398414,sp500.csv,True
SP500,2015-03-12,1d,2041.1,2066.4,2041.1,2065.9,,1.26,1.215031110675624,sp500.csv,True
SP500,2015-03-13,1d,2064.6,2064.6,2041.2,2053.4,,-0.61,-0.542477961832788,sp500.csv,True
SP500,2015-03-16,1d,2055.3,2081.4,2055.3,2081.2,,1.35,1.2601566681262888,sp500.csv,True
SP500,2015-03-17,1d,2080.6,2080.6,2065.1,2074.3,,-0.33,-0.3027972700182513,sp500.csv,True
SP500,2015-03-18,1d,2072.8,2106.8,2061.2,2099.5,,1.21,1.28811269780007,sp500.csv,True
SP500,2015-03-19,1d,2098.7,2098.7,2085.6,2089.3,,-0.49,-0.4478963167675043,sp500.csv,True
SP500,2015-03-20,1d,2090.3,2113.9,2090.3,2108.1,,0.9,0.8515524087451487,sp500.csv,True
SP500,2015-03-23,1d,2108.0,2114.9,2104.4,2104.4,,-0.18,-0.17077798861480087,sp500.csv,True
SP500,2015-03-24,1d,2103.9,2107.6,2091.5,2091.5,,-0.61,-0.5893816246019368,sp500.csv,True
SP500,2015-03-25,1d,2093.1,2097.4,2061.1,2061.1,,-1.45,-1.5288328316850563,sp500.csv,True
SP500,2015-03-26,1d,2059.9,2067.2,2045.5,2056.2,,-0.24,-0.17962036992088537,sp500.csv,True
SP500,2015-03-27,1d,2055.8,2062.8,2053.0,2061.0,,0.23,0.25294289327755237,sp500.csv,True
SP500,2015-03-30,1d,2064.1,2089.0,2064.1,2086.2,,1.22,1.070684559856594,sp500.csv,True
SP500,2015-03-31,1d,2084.1,2084.1,2067.0,2067.9,,-0.88,-0.7773139484669511,sp500.csv,True
SP500,2015-04-01,1d,2067.6,2067.6,2048.4,2059.7,,-0.4,-0.3820855097697806,sp500.csv,True
SP500,2015-04-02,1d,2060.0,2072.2,2057.3,2067.0,,0.35,0.33980582524271163,sp500.csv,True
SP500,2015-04-06,1d,2064.9,2087.0,2056.5,2080.6,,0.66,0.7603273766283891,sp500.csv,True
SP500,2015-04-07,1d,2080.8,2089.8,2076.1,2076.3,,-0.21,-0.21626297577854725,sp500.csv,True
SP500,2015-04-08,1d,2076.9,2086.7,2073.3,2081.9,,0.27,0.24074341566757695,sp500.csv,True
SP500,2015-04-09,1d,2081.3,2093.3,2074.3,2091.2,,0.45,0.47566424830634,sp500.csv,True
SP500,2015-04-10,1d,2091.5,2102.6,2091.5,2102.1,,0.52,0.5068132918957691,sp500.csv,True
SP500,2015-04-13,1d,2102.0,2107.7,2092.3,2092.4,,-0.46,-0.4567078972407157,sp500.csv,True
SP500,2015-04-14,1d,2092.3,2098.6,2083.2,2095.8,,0.16,0.16728002676480447,sp500.csv,True
SP500,2015-04-15,1d,2097.8,2111.9,2097.8,2106.6,,0.52,0.4194870817046281,sp500.csv,True
SP500,2015-04-16,1d,2106.0,2111.3,2100.0,2105.0,,-0.08,-0.047483380816715215,sp500.csv,True
SP500,2015-04-17,1d,2102.6,2102.6,2072.4,2081.2,,-1.13,-1.0177875011890047,sp500.csv,True
SP500,2015-04-20,1d,2084.1,2103.9,2084.1,2100.4,,0.92,0.7821121827167765,sp500.csv,True
SP500,2015-04-21,1d,2102.8,2109.6,2094.4,2097.3,,-0.15,-0.26155602054404037,sp500.csv,True
SP500,2015-04-22,1d,2098.3,2110.0,2091.1,2108.0,,0.51,0.46227898775197396,sp500.csv,True
SP500,2015-04-23,1d,2107.2,2120.5,2103.2,2112.9,,0.23,0.27050113895217276,sp500.csv,True
SP500,2015-04-24,1d,2112.8,2120.9,2112.8,2117.7,,0.23,0.23191972737597322,sp500.csv,True
SP500,2015-04-27,1d,2119.3,2125.9,2107.0,2108.9,,-0.42,-0.4907280705893524,sp500.csv,True
SP500,2015-04-28,1d,2108.3,2116.1,2094.9,2114.8,,0.28,0.30830526964853444,sp500.csv,True
SP500,2015-04-29,1d,2112.5,2113.7,2097.4,2106.8,,-0.38,-0.26982248520709406,sp500.csv,True
SP500,2015-04-30,1d,2105.5,2105.5,2077.6,2085.5,,-1.01,-0.9498931370220842,sp500.csv,True
SP500,2015-05-01,1d,2087.4,2108.4,2087.4,2108.3,,1.09,1.00124556865,sp500.csv,True
SP500,2015-05-04,1d,2110.2,2120.9,2110.2,2114.5,,0.29,0.2037721542981874,sp500.csv,True
SP500,2015-05-05,1d,2112.6,2115.2,2088.5,2089.5,,-1.18,-1.0934393638170947,sp500.csv,True
SP500,2015-05-06,1d,2091.3,2098.4,2067.9,2080.2,,-0.45,-0.5307703342418812,sp500.csv,True
SP500,2015-05-07,1d,2080.0,2092.9,2075.0,2088.0,,0.37,0.38461538461538325,sp500.csv,True
SP500,2015-05-08,1d,2092.1,2117.7,2092.1,2116.1,,1.35,1.147172697289811,sp500.csv,True
SP500,2015-05-11,1d,2115.6,2117.7,2104.6,2105.3,,-0.51,-0.48685951975797614,sp500.csv,True
SP500,2015-05-12,1d,2102.9,2105.1,2085.6,2099.1,,-0.29,-0.18070283893671935,sp500.csv,True
SP500,2015-05-13,1d,2099.6,2110.2,2096.0,2098.5,,-0.03,-0.05239093160601671,sp500.csv,True
SP500,2015-05-14,1d,2100.4,2121.4,2100.4,2121.1,,1.08,0.9855265663682999,sp500.csv,True
SP500,2015-05-15,1d,2122.1,2123.9,2116.8,2122.7,,0.08,0.02827387964752237,sp500.csv,True
SP500,2015-05-18,1d,2121.3,2131.8,2120.0,2129.2,,0.31,0.3724131428840538,sp500.csv,True
SP500,2015-05-19,1d,2129.4,2133.0,2124.5,2127.8,,-0.07,-0.07513853667698855,sp500.csv,True
SP500,2015-05-20,1d,2127.8,2134.7,2122.6,2125.8,,-0.09,-0.09399379640944172,sp500.csv,True
SP500,2015-05-21,1d,2125.6,2134.3,2122.9,2130.8,,0.24,0.244636808430565,sp500.csv,True
SP500,2015-05-22,1d,2130.4,2132.2,2126.1,2126.1,,-0.22,-0.20184003004131146,sp500.csv,True
SP500,2015-05-26,1d,2125.3,2125.3,2099.2,2104.2,,-1.03,-0.9928010163271273,sp500.csv,True
SP500,2015-05-27,1d,2105.1,2126.2,2105.1,2123.5,,0.92,0.8740677402498731,sp500.csv,True
SP500,2015-05-28,1d,2122.3,2122.3,2112.9,2120.8,,-0.13,-0.07067803797766725,sp500.csv,True
SP500,2015-05-29,1d,2120.7,2120.7,2104.9,2107.4,,-0.63,-0.6271514122695221,sp500.csv,True
SP500,2015-06-01,1d,2108.6,2119.2,2102.5,2111.7,,0.2,0.14701697808972014,sp500.csv,True
SP500,2015-06-02,1d,2110.4,2117.6,2099.1,2109.6,,-0.1,-0.037907505686129994,sp500.csv,True
SP500,2015-06-03,1d,2110.6,2121.9,2109.6,2114.1,,0.21,0.16582962190845318,sp500.csv,True
SP500,2015-06-04,1d,2112.3,2112.9,2093.2,2095.8,,-0.87,-0.7811390427496123,sp500.csv,True
SP500,2015-06-05,1d,2095.1,2101.0,2085.7,2092.8,,-0.14,-0.10977996277026225,sp500.csv,True
SP500,2015-06-08,1d,2092.3,2093.0,2079.1,2079.3,,-0.65,-0.6213258136978483,sp500.csv,True
SP500,2015-06-09,1d,2079.1,2085.6,2072.1,2080.2,,0.04,0.052907508056376784,sp500.csv,True
SP500,2015-06-10,1d,2081.1,2108.5,2081.1,2105.2,,1.2,1.1580414204026779,sp500.csv,True
SP500,2015-06-11,1d,2106.2,2115.0,2106.2,2108.9,,0.18,0.12819295413541987,sp500.csv,True
SP500,2015-06-12,1d,2107.4,2107.4,2091.3,2094.1,,-0.7,-0.631109423934717,sp500.csv,True
SP500,2015-06-15,1d,2091.3,2091.3,2072.5,2084.4,,-0.46,-0.32993831588007394,sp500.csv,True
SP500,2015-06-16,1d,2084.3,2097.4,2082.1,2096.3,,0.57,0.5757328599529821,sp500.csv,True
SP500,2015-06-17,1d,2097.4,2106.8,2088.9,2100.4,,0.2,0.14303423285972894,sp500.csv,True
SP500,2015-06-18,1d,2101.6,2126.7,2101.6,2121.2,,0.99,0.9326227636086815,sp500.csv,True
SP500,2015-06-19,1d,2121.1,2121.6,2109.4,2110.0,,-0.53,-0.5233133751355368,sp500.csv,True
SP500,2015-06-22,1d,2112.5,2129.9,2112.5,2122.8,,0.61,0.4875739644970567,sp500.csv,True
SP500,2015-06-23,1d,2123.2,2128.0,2119.9,2124.2,,0.07,0.04709871891483974,sp500.csv,True
SP500,2015-06-24,1d,2123.7,2125.1,2108.6,2108.6,,-0.73,-0.7110232142016226,sp500.csv,True
SP500,2015-06-25,1d,2110.0,2116.0,2101.8,2102.3,,-0.3,-0.36492890995259986,sp500.csv,True
SP500,2015-06-26,1d,2102.6,2108.9,2095.4,2101.5,,-0.04,-0.05231617996765969,sp500.csv,True
SP500,2015-06-29,1d,2098.6,2098.6,2056.6,2057.6,,-2.09,-1.953683407986273,sp500.csv,True
SP500,2015-06-30,1d,2061.2,2074.3,2056.3,2063.1,,0.27,0.09217931302154536,sp500.csv,True
SP500,2015-07-01,1d,2067.0,2082.8,2067.0,2077.4,,0.69,0.5031446540880502,sp500.csv,True
SP500,2015-07-02,1d,2078.0,2085.1,2071.0,2076.8,,-0.03,-0.05774783445620102,sp500.csv,True
SP500,2015-07-06,1d,2073.9,2078.6,2058.4,2068.8,,-0.39,-0.24591349631128967,sp500.csv,True
SP500,2015-07-07,1d,2069.5,2083.7,2044.0,2081.3,,0.6,0.5701860352742338,sp500.csv,True
SP500,2015-07-08,1d,2077.7,2077.7,2044.7,2046.7,,-1.66,-1.4920344611830227,sp500.csv,True
SP500,2015-07-09,1d,2049.7,2074.3,2049.7,2051.3,,0.22,0.0780602039323064,sp500.csv,True
SP500,2015-07-10,1d,2052.7,2081.3,2052.7,2076.6,,1.23,1.1643201636868605,sp500.csv,True
SP500,2015-07-13,1d,2080.0,2100.7,2080.0,2099.6,,1.11,0.9423076923076978,sp500.csv,True
SP500,2015-07-14,1d,2099.7,2112.0,2098.2,2108.9,,0.44,0.438157832071262,sp500.csv,True
SP500,2015-07-15,1d,2109.0,2114.1,2102.5,2107.4,,-0.07,-0.0758653390232289,sp500.csv,True
SP500,2015-07-16,1d,2110.6,2124.4,2110.6,2124.3,,0.8,0.6491045200416989,sp500.csv,True
SP500,2015-07-17,1d,2126.8,2128.9,2119.9,2126.6,,0.11,-0.009403799134866109,sp500.csv,True
SP500,2015-07-20,1d,2126.8,2132.8,2123.7,2128.3,,0.08,0.07052849351136814,sp500.csv,True
SP500,2015-07-21,1d,2127.6,2128.5,2115.4,2119.2,,-0.43,-0.3948110547095318,sp500.csv,True
SP500,2015-07-22,1d,2118.2,2118.5,2110.0,2114.2,,-0.24,-0.1888395807761345,sp500.csv,True
SP500,2015-07-23,1d,2114.2,2116.9,2098.6,2102.2,,-0.57,-0.5675905779964019,sp500.csv,True
SP500,2015-07-24,1d,2102.2,2106.0,2077.1,2079.7,,-1.07,-1.070307297117301,sp500.csv,True
SP500,2015-07-27,1d,2078.2,2078.2,2063.5,2067.6,,-0.58,-0.5100567799056877,sp500.csv,True
SP500,2015-07-28,1d,2070.8,2095.6,2069.1,2093.2,,1.24,1.0817075526366349,sp500.csv,True
SP500,2015-07-29,1d,2094.7,2110.6,2094.1,2108.6,,0.74,0.6635795101924025,sp500.csv,True
SP500,2015-07-30,1d,2106.8,2110.5,2095.0,2108.6,,0.0,0.08543763052970554,sp500.csv,True
SP500,2015-07-31,1d,2111.6,2114.2,2102.1,2103.8,,-0.23,-0.3693881416934941,sp500.csv,True
SP500,2015-08-03,1d,2104.5,2105.7,2087.3,2098.0,,-0.28,-0.3088619624613931,sp500.csv,True
SP500,2015-08-04,1d,2097.7,2102.5,2088.6,2093.3,,-0.22,-0.2097535395909622,sp500.csv,True
SP500,2015-08-05,1d,2095.3,2112.7,2095.3,2099.8,,0.31,0.21476638190234265,sp500.csv,True
SP500,2015-08-06,1d,2100.8,2103.3,2075.5,2083.6,,-0.77,-0.8187357197258271,sp500.csv,True
SP500,2015-08-07,1d,2082.6,2082.6,2067.9,2077.6,,-0.29,-0.24008450974742912,sp500.csv,True
SP500,2015-08-10,1d,2081.0,2105.3,2081.0,2104.2,,1.28,1.1148486304661143,sp500.csv,True
SP500,2015-08-11,1d,2102.7,2102.7,2076.5,2084.1,,-0.96,-0.8845769724639685,sp500.csv,True
SP500,2015-08-12,1d,2081.1,2089.1,2052.1,2086.1,,0.1,0.24025755610013189,sp500.csv,True
SP500,2015-08-13,1d,2086.2,2092.9,2078.3,2083.4,,-0.13,-0.13421531972005463,sp500.csv,True
SP500,2015-08-14,1d,2083.2,2092.4,2080.6,2091.5,,0.39,0.3984254992319691,sp500.csv,True
SP500,2015-08-17,1d,2089.7,2102.9,2079.3,2102.4,,0.52,0.6077427381921074,sp500.csv,True
SP500,2015-08-18,1d,2102.0,2103.5,2094.1,2096.9,,-0.26,-0.24262607040912432,sp500.csv,True
SP500,2015-08-19,1d,2095.7,2096.2,2070.5,2079.6,,-0.83,-0.7682397289688336,sp500.csv,True
SP500,2015-08-20,1d,2076.6,2076.6,2035.7,2035.7,,-2.11,-1.9695656361359837,sp500.csv,True
SP500,2015-08-21,1d,2034.1,2034.1,1970.9,1970.9,,-3.18,-3.1070252199990045,sp500.csv,True
SP500,2015-08-24,1d,1965.2,1965.2,1867.0,1893.2,,-3.94,-3.663749236718905,sp500.csv,True
SP500,2015-08-25,1d,1898.1,1948.0,1867.1,1867.6,,-1.35,-1.6068700279226578,sp500.csv,True
SP500,2015-08-26,1d,1872.8,1943.1,1872.8,1940.5,,3.9,3.6149081589064602,sp500.csv,True
SP500,2015-08-27,1d,1942.8,1989.6,1942.8,1987.7,,2.43,2.31109738521722,sp500.csv,True
SP500,2015-08-28,1d,1986.1,1993.5,1975.2,1988.9,,0.06,0.1409798096772663,sp500.csv,True
SP500,2015-08-31,1d,1986.7,1986.7,1966.0,1972.2,,-0.84,-0.7298535259475547,sp500.csv,True
SP500,2015-09-01,1d,1970.1,1970.1,1903.1,1913.8,,-2.96,-2.8577229582254726,sp500.csv,True
SP500,2015-09-02,1d,1916.5,1948.9,1916.5,1948.9,,1.83,1.6905817897208575,sp500.csv,True
SP500,2015-09-03,1d,1950.8,1975.0,1944.7,1951.1,,0.11,0.015378306335867009,sp500.csv,True
SP500,2015-09-04,1d,1947.8,1947.8,1911.2,1921.2,,-1.53,-1.3656432898654813,sp500.csv,True
SP500,2015-09-08,1d,1927.3,1970.4,1927.3,1969.4,,2.51,2.184403050900241,sp500.csv,True
SP500,2015-09-09,1d,1971.5,1988.6,1937.9,1942.0,,-1.39,-1.4963225970073601,sp500.csv,True
SP500,2015-09-10,1d,1941.6,1965.3,1937.2,1952.3,,0.53,0.5510918829831013,sp500.csv,True
SP500,2015-09-11,1d,1951.5,1961.0,1939.2,1961.0,,0.45,0.4868050217781139,sp500.csv,True
SP500,2015-09-14,1d,1963.1,1963.1,1948.3,1953.0,,-0.41,-0.5144923844939031,sp500.csv,True
SP500,2015-09-15,1d,1955.1,1983.2,1954.3,1978.1,,1.29,1.1764104137895748,sp500.csv,True
SP500,2015-09-16,1d,1978.0,1997.3,1977.9,1995.3,,0.87,0.8746208291203317,sp500.csv,True
SP500,2015-09-17,1d,1995.3,2020.9,1986.7,1990.2,,-0.26,-0.25560066155464467,sp500.csv,True
SP500,2015-09-18,1d,1989.7,1989.7,1953.5,1958.0,,-1.62,-1.593205005779763,sp500.csv,True
SP500,2015-09-21,1d,1960.8,1979.6,1955.8,1967.0,,0.46,0.31619747042024304,sp500.csv,True
SP500,2015-09-22,1d,1961.4,1961.4,1929.2,1942.7,,-1.24,-0.9534006322014954,sp500.csv,True
SP500,2015-09-23,1d,1943.2,1949.5,1932.6,1938.8,,-0.2,-0.22643062988885188,sp500.csv,True
SP500,2015-09-24,1d,1934.8,1937.2,1908.9,1932.2,,-0.34,-0.13438081455446893,sp500.csv,True
SP500,2015-09-25,1d,1935.9,1952.9,1921.5,1931.3,,-0.05,-0.23761557931711863,sp500.csv,True
SP500,2015-09-28,1d,1929.2,1929.2,1879.2,1881.8,,-2.56,-2.4569769852788803,sp500.csv,True
SP500,2015-09-29,1d,1881.9,1899.5,1871.9,1884.1,,0.12,0.11690312981560425,sp500.csv,True
SP500,2015-09-30,1d,1887.1,1920.5,1887.1,1920.0,,1.91,1.7434158232208175,sp500.csv,True
SP500,2015-10-01,1d,1919.7,1927.2,1900.7,1923.8,,0.2,0.21357503776631148,sp500.csv,True
SP500,2015-10-02,1d,1921.8,1951.4,1893.7,1951.4,,1.43,1.5402227078780362,sp500.csv,True
SP500,2015-10-05,1d,1954.3,1989.2,1954.3,1987.0,,1.82,1.6732333827969015,sp500.csv,True
SP500,2015-10-06,1d,1986.6,1991.6,1972.0,1979.9,,-0.36,-0.3372596395852079,sp500.csv,True
SP500,2015-10-07,1d,1982.3,1999.3,1976.4,1995.8,,0.8,0.6810270897442461,sp500.csv,True
SP500,2015-10-08,1d,1994.0,2016.5,1987.5,2013.4,,0.88,0.9729187562688146,sp500.csv,True
SP500,2015-10-09,1d,2013.7,2020.1,2007.6,2014.9,,0.07,0.05959179619605681,sp500.csv,True
SP500,2015-10-12,1d,2015.7,2018.7,2010.5,2017.5,,0.13,0.0892990028277918,sp500.csv,True
SP500,2015-10-13,1d,2015.0,2022.3,2001.8,2003.7,,-0.68,-0.5607940446650139,sp500.csv,True
SP500,2015-10-14,1d,2003.7,2009.6,1990.7,1994.2,,-0.47,-0.474122872685534,sp500.csv,True
SP500,2015-10-15,1d,1996.5,2024.2,1996.5,2023.9,,1.49,1.3724017029802305,sp500.csv,True
SP500,2015-10-16,1d,2024.4,2033.5,2020.5,2033.1,,0.45,0.42975696502667304,sp500.csv,True
SP500,2015-10-19,1d,2031.7,2034.5,2022.3,2033.7,,0.03,0.09843973027514608,sp500.csv,True
SP500,2015-10-20,1d,2033.1,2039.1,2026.6,2030.8,,-0.14,-0.11312773596969805,sp500.csv,True
SP500,2015-10-21,1d,2033.5,2038.0,2017.2,2018.9,,-0.59,-0.717973936562577,sp500.csv,True
SP500,2015-10-22,1d,2021.9,2055.2,2021.9,2052.5,,1.66,1.513427963796432,sp500.csv,True
SP500,2015-10-23,1d,2058.2,2079.7,2058.2,2075.2,,1.11,0.8259644349431605,sp500.csv,True
SP500,2015-10-26,1d,2075.1,2075.1,2066.5,2071.2,,-0.19,-0.18794274974700542,sp500.csv,True
SP500,2015-10-27,1d,2068.8,2070.4,2058.8,2065.9,,-0.26,-0.140177880897141,sp500.csv,True
SP500,2015-10-28,1d,2066.5,2090.3,2063.1,2090.3,,1.18,1.1517057827244326,sp500.csv,True
SP500,2015-10-29,1d,2088.3,2092.5,2082.6,2089.4,,-0.04,0.05267442417276058,sp500.csv,True
SP500,2015-10-30,1d,2090.0,2094.3,2079.3,2079.4,,-0.48,-0.5071770334928227,sp500.csv,True
SP500,2015-11-02,1d,2080.8,2106.2,2080.8,2104.1,,1.19,1.1197616301422464,sp500.csv,True
SP500,2015-11-03,1d,2102.6,2116.5,2097.5,2109.8,,0.27,0.34243317797013617,sp500.csv,True
SP500,2015-11-04,1d,2110.6,2114.6,2097.0,2102.3,,-0.36,-0.39325310338290675,sp500.csv,True
SP500,2015-11-05,1d,2101.7,2108.8,2090.4,2099.9,,-0.11,-0.08564495408477368,sp500.csv,True
SP500,2015-11-06,1d,2098.6,2101.9,2083.7,2099.2,,-0.03,0.028590488897362043,sp500.csv,True
SP500,2015-11-09,1d,2096.6,2096.6,2068.2,2078.6,,-0.98,-0.8585328627301325,sp500.csv,True
SP500,2015-11-10,1d,2077.2,2083.7,2069.9,2081.7,,0.15,0.2166377816291254,sp500.csv,True
SP500,2015-11-11,1d,2083.4,2086.9,2074.8,2075.0,,-0.32,-0.40318709801286934,sp500.csv,True
SP500,2015-11-12,1d,2072.3,2072.3,2045.7,2046.0,,-1.4,-1.2691212662259366,sp500.csv,True
SP500,2015-11-13,1d,2044.6,2044.6,2022.0,2023.0,,-1.12,-1.0564413577227816,sp500.csv,True
SP500,2015-11-16,1d,2022.1,2053.2,2019.4,2053.2,,1.49,1.538005044260915,sp500.csv,True
SP500,2015-11-17,1d,2053.7,2066.7,2045.9,2050.4,,-0.14,-0.16068559185857811,sp500.csv,True
SP500,2015-11-18,1d,2052.0,2085.3,2052.0,2083.6,,1.62,1.539961013645219,sp500.csv,True
SP500,2015-11-19,1d,2083.7,2086.7,2078.8,2081.2,,-0.12,-0.11997888371646503,sp500.csv,True
SP500,2015-11-20,1d,2082.8,2097.1,2082.8,2089.2,,0.38,0.3072786633377955,sp500.csv,True
SP500,2015-11-23,1d,2089.4,2095.6,2081.4,2086.6,,-0.12,-0.13400976356849892,sp500.csv,True
SP500,2015-11-24,1d,2084.4,2094.1,2070.3,2089.1,,0.12,0.22548455190940508,sp500.csv,True
SP500,2015-11-25,1d,2089.3,2093.0,2086.3,2088.9,,-0.01,-0.019145168238166033,sp500.csv,True
SP500,2015-11-27,1d,2088.8,2093.3,2084.1,2090.1,,0.06,0.06223669092300099,sp500.csv,True
SP500,2015-11-30,1d,2090.9,2093.8,2080.4,2080.4,,-0.46,-0.5021760964178057,sp500.csv,True
SP500,2015-12-01,1d,2082.9,2103.4,2082.9,2102.6,,1.07,0.9457967257189503,sp500.csv,True
SP500,2015-12-02,1d,2101.7,2104.3,2077.1,2079.5,,-1.1,-1.056287767045716,sp500.csv,True
SP500,2015-12-03,1d,2080.7,2085.0,2042.3,2049.6,,-1.44,-1.4946892872590878,sp500.csv,True
SP500,2015-12-04,1d,2051.2,2093.8,2051.2,2091.7,,2.05,1.9744539781591186,sp500.csv,True
SP500,2015-12-07,1d,2090.4,2090.4,2066.8,2077.1,,-0.7,-0.6362418675851633,sp500.csv,True
SP500,2015-12-08,1d,2073.4,2073.8,2052.3,2063.6,,-0.65,-0.47265361242404547,sp500.csv,True
SP500,2015-12-09,1d,2061.2,2080.3,2036.5,2047.6,,-0.78,-0.6598098195226054,sp500.csv,True
SP500,2015-12-10,1d,2047.9,2067.7,2045.7,2052.2,,0.22,0.2099711899995027,sp500.csv,True
SP500,2015-12-11,1d,2047.3,2047.3,2008.8,2012.4,,-1.94,-1.7046842182386501,sp500.csv,True
SP500,2015-12-14,1d,2013.4,2022.9,1993.3,2021.9,,0.47,0.42217145127645406,sp500.csv,True
SP500,2015-12-15,1d,2025.5,2053.9,2025.5,2043.4,,1.06,0.8837324117501932,sp500.csv,True
SP500,2015-12-16,1d,2046.5,2076.7,2042.4,2073.1,,1.45,1.2997801123870056,sp500.csv,True
SP500,2015-12-17,1d,2073.8,2076.4,2041.7,2041.9,,-1.5,-1.5382389815797093,sp500.csv,True
SP500,2015-12-18,1d,2040.8,2040.8,2005.3,2005.5,,-1.78,-1.7297138377107002,sp500.csv,True
SP500,2015-12-21,1d,2010.3,2022.9,2005.9,2021.2,,0.78,0.5422076307018964,sp500.csv,True
SP500,2015-12-22,1d,2023.2,2042.7,2020.5,2039.0,,0.88,0.780941083432185,sp500.csv,True
SP500,2015-12-23,1d,2042.2,2064.7,2042.2,2064.3,,1.24,1.0821662912545271,sp500.csv,True
SP500,2015-12-24,1d,2063.5,2067.4,2058.7,2061.0,,-0.16,-0.12115338017930632,sp500.csv,True
SP500,2015-12-28,1d,2057.8,2057.8,2044.2,2056.5,,-0.22,-0.06317426377685509,sp500.csv,True
SP500,2015-12-29,1d,2060.5,2081.6,2060.5,2078.4,,1.06,0.8687211841786002,sp500.csv,True
SP500,2015-12-30,1d,2077.3,2077.3,2062.0,2063.4,,-0.72,-0.6691378231358014,sp500.csv,True
SP500,2015-12-31,1d,2060.6,2062.5,2043.6,2043.9,,-0.95,-0.8104435601281046,sp500.csv,True
SP500,2016-01-04,1d,2038.2,2038.2,1989.7,2012.7,,-1.53,-1.2511039152193093,sp500.csv,True
SP500,2016-01-05,1d,2013.8,2021.9,2004.2,2016.7,,0.2,0.14400635614262303,sp500.csv,True
SP500,2016-01-06,1d,2011.7,2011.7,1979.0,1990.3,,-1.31,-1.0637769051051404,sp500.csv,True
SP500,2016-01-07,1d,1985.3,1985.3,1938.8,1943.1,,-2.37,-2.125623331486426,sp500.csv,True
SP500,2016-01-08,1d,1946.0,1960.4,1918.5,1922.0,,-1.09,-1.2332990750256956,sp500.csv,True
SP500,2016-01-11,1d,1926.1,1935.7,1901.1,1923.7,,0.09,-0.12460412231970475,sp500.csv,True
SP500,2016-01-12,1d,1927.8,1947.4,1914.3,1938.7,,0.78,0.5654113497250757,sp500.csv,True
SP500,2016-01-13,1d,1940.3,1950.3,1886.4,1890.3,,-2.5,-2.5769210946760768,sp500.csv,True
SP500,2016-01-14,1d,1891.7,1934.5,1878.9,1921.8,,1.67,1.591161389226614,sp500.csv,True
SP500,2016-01-15,1d,1916.7,1916.7,1857.8,1880.3,,-2.16,-1.8990974070016264,sp500.csv,True
SP500,2016-01-19,1d,1888.7,1901.4,1864.6,1881.3,,0.05,-0.3918038862709805,sp500.csv,True
SP500,2016-01-20,1d,1876.2,1876.2,1812.3,1859.3,,-1.17,-0.9007568489500128,sp500.csv,True
SP500,2016-01-21,1d,1861.5,1889.8,1849.0,1869.0,,0.52,0.40290088638195165,sp500.csv,True
SP500,2016-01-22,1d,1877.4,1908.8,1877.4,1906.9,,2.03,1.571322041120693,sp500.csv,True
SP500,2016-01-25,1d,1906.3,1906.3,1876.0,1877.1,,-1.56,-1.5317631012957023,sp500.csv,True
SP500,2016-01-26,1d,1878.8,1906.7,1878.8,1903.6,,1.41,1.3199914839258975,sp500.csv,True
SP500,2016-01-27,1d,1902.5,1917.0,1872.7,1883.0,,-1.08,-1.0249671484888312,sp500.csv,True
SP500,2016-01-28,1d,1885.2,1903.0,1873.7,1893.4,,0.55,0.43496711224273454,sp500.csv,True
SP500,2016-01-29,1d,1894.0,1940.2,1894.0,1940.2,,2.47,2.4392819429778223,sp500.csv,True
SP500,2016-02-01,1d,1936.9,1947.2,1920.3,1939.4,,-0.04,0.12907222881923808,sp500.csv,True
SP500,2016-02-02,1d,1935.3,1935.3,1897.3,1903.0,,-1.88,-1.6689918875626542,sp500.csv,True
SP500,2016-02-03,1d,1907.1,1918.0,1872.2,1912.5,,0.5,0.2831524303916977,sp500.csv,True
SP500,2016-02-04,1d,1911.7,1927.3,1900.5,1915.5,,0.16,0.19877595857089592,sp500.csv,True
SP500,2016-02-05,1d,1913.1,1913.1,1872.7,1880.0,,-1.85,-1.7301761538863536,sp500.csv,True
SP500,2016-02-08,1d,1873.2,1873.2,1828.5,1853.4,,-1.41,-1.0570147341447789,sp500.csv,True
SP500,2016-02-09,1d,1848.5,1868.2,1834.9,1852.2,,-0.06,0.20016229375168226,sp500.csv,True
SP500,2016-02-10,1d,1857.1,1881.6,1850.3,1851.9,,-0.02,-0.28000646168756527,sp500.csv,True
SP500,2016-02-11,1d,1847.0,1847.0,1810.1,1829.1,,-1.23,-0.9691391445587505,sp500.csv,True
SP500,2016-02-12,1d,1833.4,1864.8,1833.4,1864.8,,1.95,1.7126649940002014,sp500.csv,True
SP500,2016-02-16,1d,1871.4,1895.8,1871.4,1895.6,,1.65,1.2931495137330273,sp500.csv,True
SP500,2016-02-17,1d,1898.8,1930.7,1898.8,1926.8,,1.65,1.47461554666104,sp500.csv,True
SP500,2016-02-18,1d,1927.6,1930.0,1915.1,1917.8,,-0.47,-0.5084042332434091,sp500.csv,True
SP500,2016-02-19,1d,1916.7,1918.8,1902.2,1917.8,,0.0,0.05739030625553365,sp500.csv,True
SP500,2016-02-22,1d,1924.4,1946.7,1924.4,1945.5,,1.44,1.0964456453959714,sp500.csv,True
SP500,2016-02-23,1d,1942.4,1942.4,1919.4,1921.3,,-1.24,-1.0862850082372422,sp500.csv,True
SP500,2016-02-24,1d,1917.6,1932.1,1891.0,1929.8,,0.44,0.6362119315811432,sp500.csv,True
SP500,2016-02-25,1d,1931.9,1951.8,1925.4,1951.7,,1.13,1.0248977690356709,sp500.csv,True
SP500,2016-02-26,1d,1955.0,1963.0,1945.8,1948.0,,-0.19,-0.358056265984652,sp500.csv,True
SP500,2016-02-29,1d,1947.1,1958.3,1931.8,1932.2,,-0.81,-0.7652406142468204,sp500.csv,True
SP500,2016-03-01,1d,1937.1,1978.3,1937.1,1978.3,,2.39,2.126890712921381,sp500.csv,True
SP500,2016-03-02,1d,1976.6,1986.5,1968.8,1986.5,,0.41,0.5008600627339987,sp500.csv,True
SP500,2016-03-03,1d,1985.6,1993.7,1977.4,1993.4,,0.35,0.3928283642224084,sp500.csv,True
SP500,2016-03-04,1d,1994.0,2009.1,1986.8,2000.0,,0.33,0.30090270812437314,sp500.csv,True
SP500,2016-03-07,1d,1996.1,2006.1,1989.4,2001.8,,0.09,0.2855568358298699,sp500.csv,True
SP500,2016-03-08,1d,1996.9,1996.9,1977.4,1979.3,,-1.12,-0.8813661174821075,sp500.csv,True
SP500,2016-03-09,1d,1981.4,1992.7,1979.8,1989.3,,0.51,0.3987079842535435,sp500.csv,True
SP500,2016-03-10,1d,1991.0,2005.1,1969.2,1989.6,,0.02,-0.07031642390759041,sp500.csv,True
SP500,2016-03-11,1d,1994.7,2022.4,1994.7,2022.2,,1.64,1.3786534315937127,sp500.csv,True
SP500,2016-03-14,1d,2019.3,2024.6,2012.0,2019.6,,-0.13,0.014856633486859394,sp500.csv,True
SP500,2016-03-15,1d,2015.3,2015.9,2005.2,2015.9,,-0.18,0.02977224234606002,sp500.csv,True
SP500,2016-03-16,1d,2014.2,2032.0,2010.0,2027.2,,0.56,0.6454175354979608,sp500.csv,True
SP500,2016-03-17,1d,2026.9,2046.2,2022.2,2040.6,,0.66,0.6759090236321486,sp500.csv,True
SP500,2016-03-18,1d,2041.2,2052.4,2041.2,2049.6,,0.44,0.411522633744843,sp500.csv,True
SP500,2016-03-21,1d,2047.9,2053.9,2043.1,2051.6,,0.1,0.18067288441816487,sp500.csv,True
SP500,2016-03-22,1d,2048.6,2056.6,2040.6,2049.8,,-0.09,0.0585765888899914,sp500.csv,True
SP500,2016-03-23,1d,2048.6,2048.6,2034.9,2036.7,,-0.64,-0.5808845064922297,sp500.csv,True
SP500,2016-03-24,1d,2032.5,2036.0,2022.5,2035.9,,-0.04,0.16728167281674367,sp500.csv,True
SP500,2016-03-28,1d,2037.9,2042.7,2032.0,2037.0,,0.05,-0.04416310908288423,sp500.csv,True
SP500,2016-03-29,1d,2035.8,2055.9,2028.3,2055.0,,0.88,0.9431181844975045,sp500.csv,True
SP500,2016-03-30,1d,2058.3,2072.2,2058.3,2063.9,,0.43,0.27206918330660024,sp500.csv,True
SP500,2016-03-31,1d,2063.8,2067.9,2057.5,2059.7,,-0.2,-0.1986626611105935,sp500.csv,True
SP500,2016-04-01,1d,2056.6,2075.1,2044.0,2072.8,,0.64,0.7877078673538929,sp500.csv,True
SP500,2016-04-04,1d,2073.2,2074.0,2062.6,2066.1,,-0.32,-0.3424657534246478,sp500.csv,True
SP500,2016-04-05,1d,2062.5,2062.5,2042.6,2045.2,,-1.01,-0.8387878787878722,sp500.csv,True
SP500,2016-04-06,1d,2045.6,2067.3,2043.1,2066.7,,1.05,1.0314822057098105,sp500.csv,True
SP500,2016-04-07,1d,2063.0,2063.0,2033.8,2041.9,,-1.2,-1.0227823557925286,sp500.csv,True
SP500,2016-04-08,1d,2045.5,2060.6,2041.7,2047.6,,0.28,0.10266438523587329,sp500.csv,True
SP500,2016-04-11,1d,2050.2,2062.9,2041.9,2042.0,,-0.27,-0.3999609794166359,sp500.csv,True
SP500,2016-04-12,1d,2043.7,2065.1,2039.7,2061.7,,0.96,0.8807554924890937,sp500.csv,True
SP500,2016-04-13,1d,2065.9,2083.2,2065.9,2082.4,,1.0,0.79868338254514,sp500.csv,True
SP500,2016-04-14,1d,2082.9,2087.8,2078.1,2082.8,,0.02,-0.0048009986077013345,sp500.csv,True
SP500,2016-04-15,1d,2083.1,2083.2,2076.3,2080.7,,-0.1,-0.11521290384522986,sp500.csv,True
SP500,2016-04-18,1d,2078.8,2094.7,2073.7,2094.3,,0.65,0.7456224745045148,sp500.csv,True
SP500,2016-04-19,1d,2096.1,2104.1,2091.7,2100.8,,0.31,0.22422594341873214,sp500.csv,True
SP500,2016-04-20,1d,2101.5,2111.1,2096.3,2102.4,,0.08,0.04282655246252709,sp500.csv,True
SP500,2016-04-21,1d,2102.1,2103.8,2088.5,2091.5,,-0.52,-0.5042576471147808,sp500.csv,True
SP500,2016-04-22,1d,2091.5,2094.3,2081.2,2091.6,,0.0,0.004781257470720668,sp500.csv,True
SP500,2016-04-25,1d,2089.4,2089.4,2077.5,2087.8,,-0.18,-0.07657700775342002,sp500.csv,True
SP500,2016-04-26,1d,2089.8,2096.9,2085.8,2091.7,,0.19,0.0909177911761816,sp500.csv,True
SP500,2016-04-27,1d,2092.3,2099.9,2082.3,2095.2,,0.17,0.13860345074796498,sp500.csv,True
SP500,2016-04-28,1d,2090.9,2099.3,2071.6,2075.8,,-0.93,-0.7221770529437066,sp500.csv,True
SP500,2016-04-29,1d,2071.8,2073.8,2052.3,2065.3,,-0.51,-0.31373684718601913,sp500.csv,True
SP500,2016-05-02,1d,2067.2,2083.4,2066.1,2081.4,,0.78,0.686919504643968,sp500.csv,True
SP500,2016-05-03,1d,2077.2,2077.2,2054.9,2063.4,,-0.86,-0.6643558636626135,sp500.csv,True
SP500,2016-05-04,1d,2060.3,2060.3,2045.5,2051.1,,-0.6,-0.44653691210019275,sp500.csv,True
SP500,2016-05-05,1d,2052.9,2060.2,2045.8,2050.6,,-0.02,-0.11203663110722628,sp500.csv,True
SP500,2016-05-06,1d,2047.8,2057.7,2039.5,2057.1,,0.32,0.4541459126867764,sp500.csv,True
SP500,2016-05-09,1d,2057.6,2064.2,2054.3,2058.7,,0.08,0.05346034214619433,sp500.csv,True
SP500,2016-05-10,1d,2062.6,2084.9,2062.6,2084.4,,1.25,1.056918452438671,sp500.csv,True
SP500,2016-05-11,1d,2083.3,2083.3,2064.5,2064.5,,-0.95,-0.9024144386310273,sp500.csv,True
SP500,2016-05-12,1d,2067.2,2074.0,2053.1,2064.1,,-0.02,-0.14996130030959787,sp500.csv,True
SP500,2016-05-13,1d,2062.5,2066.8,2043.1,2046.6,,-0.85,-0.7709090909090999,sp500.csv,True
SP500,2016-05-16,1d,2046.5,2071.9,2046.5,2066.7,,0.98,0.9870510627901119,sp500.csv,True
SP500,2016-05-17,1d,2065.0,2065.7,2040.8,2047.2,,-0.94,-0.861985472154958,sp500.csv,True
SP500,2016-05-18,1d,2044.4,2060.6,2034.5,2047.6,,0.02,0.15652514185089395,sp500.csv,True
SP500,2016-05-19,1d,2044.2,2044.2,2025.9,2040.0,,-0.37,-0.20545934840034974,sp500.csv,True
SP500,2016-05-20,1d,2041.9,2058.3,2041.9,2052.3,,0.6,0.5093295460110836,sp500.csv,True
SP500,2016-05-23,1d,2052.2,2055.6,2047.3,2048.0,,-0.21,-0.20465841535911578,sp500.csv,True
SP500,2016-05-24,1d,2052.7,2079.7,2052.7,2076.1,,1.37,1.1399620012666256,sp500.csv,True
SP500,2016-05-25,1d,2078.9,2094.7,2078.9,2090.5,,0.69,0.5579873971812033,sp500.csv,True
SP500,2016-05-26,1d,2091.4,2094.3,2087.1,2090.1,,-0.02,-0.06215931911639494,sp500.csv,True
SP500,2016-05-27,1d,2090.1,2099.1,2090.1,2099.1,,0.43,0.4306014066312702,sp500.csv,True
SP500,2016-05-31,1d,2100.1,2103.5,2088.7,2097.0,,-0.1,-0.14761201847530714,sp500.csv,True
SP500,2016-06-01,1d,2093.9,2101.0,2085.1,2099.3,,0.11,0.2578919719184336,sp500.csv,True
SP500,2016-06-02,1d,2097.7,2105.3,2088.6,2105.3,,0.29,0.3623015683844377,sp500.csv,True
SP500,2016-06-03,1d,2104.1,2104.1,2085.4,2099.1,,-0.29,-0.23763129128843152,sp500.csv,True
SP500,2016-06-06,1d,2100.8,2113.4,2100.8,2109.4,,0.49,0.4093678598628969,sp500.csv,True
SP500,2016-06-07,1d,2110.2,2119.2,2110.2,2112.1,,0.13,0.09003885887592933,sp500.csv,True
SP500,2016-06-08,1d,2112.7,2120.6,2112.7,2119.1,,0.33,0.30292990012781296,sp500.csv,True
SP500,2016-06-09,1d,2115.7,2117.6,2107.7,2115.5,,-0.17,-0.009453136077886004,sp500.csv,True
SP500,2016-06-10,1d,2109.6,2109.6,2090.0,2096.1,,-0.92,-0.6399317406143301,sp500.csv,True
SP500,2016-06-13,1d,2091.8,2098.1,2078.5,2079.1,,-0.81,-0.6071326130605348,sp500.csv,True
SP500,2016-06-14,1d,2076.7,2081.3,2064.1,2075.3,,-0.18,-0.06741464823998289,sp500.csv,True
SP500,2016-06-15,1d,2077.6,2085.7,2069.8,2071.5,,-0.18,-0.2936080092414306,sp500.csv,True
SP500,2016-06-16,1d,2066.4,2079.6,2050.4,2078.0,,0.31,0.5613627564847068,sp500.csv,True
SP500,2016-06-17,1d,2078.2,2078.2,2062.8,2071.2,,-0.33,-0.3368299489943216,sp500.csv,True
SP500,2016-06-20,1d,2075.6,2100.7,2075.6,2083.2,,0.58,0.36615918288687155,sp500.csv,True
SP500,2016-06-21,1d,2085.2,2093.7,2083.0,2088.9,,0.27,0.17744101285250835,sp500.csv,True
SP500,2016-06-22,1d,2089.8,2099.7,2084.4,2085.4,,-0.17,-0.21054646377643982,sp500.csv,True
SP500,2016-06-23,1d,2092.8,2113.3,2092.8,2113.3,,1.34,0.9795489296636095,sp500.csv,True
SP500,2016-06-24,1d,2103.8,2103.8,2032.6,2037.4,,-3.59,-3.1561935545203923,sp500.csv,True
SP500,2016-06-27,1d,2031.5,2031.5,1991.7,2000.5,,-1.81,-1.525966034949544,sp500.csv,True
SP500,2016-06-28,1d,2006.7,2036.1,2006.7,2036.1,,1.78,1.465091941994312,sp500.csv,True
SP500,2016-06-29,1d,2042.7,2073.1,2042.7,2070.8,,1.7,1.3756302932393494,sp500.csv,True
SP500,2016-06-30,1d,2073.2,2098.9,2070.0,2098.9,,1.36,1.2396295581709627,sp500.csv,True
SP500,2016-07-01,1d,2099.3,2108.7,2097.9,2102.9,,0.19,0.17148573333967132,sp500.csv,True
SP500,2016-07-05,1d,2095.1,2095.1,2080.9,2088.6,,-0.68,-0.31024772087251407,sp500.csv,True
SP500,2016-07-06,1d,2084.4,2100.7,2074.0,2099.7,,0.53,0.7340241796200297,sp500.csv,True
SP500,2016-07-07,1d,2100.4,2109.1,2089.4,2097.9,,-0.09,-0.1190249476290206,sp500.csv,True
SP500,2016-07-08,1d,2107.0,2131.7,2107.0,2129.9,,1.53,1.086853345989569,sp500.csv,True
SP500,2016-07-11,1d,2131.7,2143.2,2131.7,2137.2,,0.34,0.2580100389360629,sp500.csv,True
SP500,2016-07-12,1d,2139.5,2155.4,2139.5,2152.1,,0.7,0.5889226454779184,sp500.csv,True
SP500,2016-07-13,1d,2153.8,2156.4,2146.2,2152.4,,0.01,-0.06500139288699858,sp500.csv,True
SP500,2016-07-14,1d,2157.9,2169.0,2157.9,2163.8,,0.53,0.2734139672830205,sp500.csv,True
SP500,2016-07-15,1d,2165.1,2169.1,2155.8,2161.7,,-0.1,-0.15703662648376415,sp500.csv,True
SP500,2016-07-18,1d,2162.0,2168.3,2159.6,2166.9,,0.24,0.22664199814985686,sp500.csv,True
SP500,2016-07-19,1d,2163.8,2164.6,2159.0,2163.8,,-0.14,0.0,sp500.csv,True
SP500,2016-07-20,1d,2166.1,2175.6,2164.9,2173.0,,0.43,0.3185448501915822,sp500.csv,True
SP500,2016-07-21,1d,2172.9,2174.6,2159.8,2165.2,,-0.36,-0.35436513415252335,sp500.csv,True
SP500,2016-07-22,1d,2166.5,2175.1,2163.2,2175.0,,0.45,0.3923378721440107,sp500.csv,True
SP500,2016-07-25,1d,2173.7,2173.7,2161.9,2168.5,,-0.3,-0.23922344389749606,sp500.csv,True
SP500,2016-07-26,1d,2169.0,2173.5,2160.2,2169.2,,0.03,0.009220839096357736,sp500.csv,True
SP500,2016-07-27,1d,2169.8,2175.0,2159.1,2166.6,,-0.12,-0.14747903032539256,sp500.csv,True
SP500,2016-07-28,1d,2166.1,2172.8,2159.7,2170.1,,0.16,0.1846636812704805,sp500.csv,True
SP500,2016-07-29,1d,2168.8,2177.1,2163.5,2173.6,,0.16,0.22132054592400863,sp500.csv,True
SP500,2016-08-01,1d,2173.2,2178.3,2166.2,2170.8,,-0.13,-0.11043622308115619,sp500.csv,True
SP500,2016-08-02,1d,2169.9,2170.2,2147.6,2157.0,,-0.64,-0.5944974422784521,sp500.csv,True
SP500,2016-08-03,1d,2156.8,2163.8,2152.6,2163.8,,0.32,0.32455489614242605,sp500.csv,True
SP500,2016-08-04,1d,2163.5,2168.2,2159.1,2164.2,,0.02,0.03235498035589757,sp500.csv,True
SP500,2016-08-05,1d,2168.8,2182.9,2168.8,2182.9,,0.86,0.6501291036517864,sp500.csv,True
SP500,2016-08-08,1d,2183.8,2185.4,2177.8,2180.9,,-0.09,-0.13279604359374142,sp500.csv,True
SP500,2016-08-09,1d,2182.2,2187.7,2178.6,2181.7,,0.04,-0.022912656951701305,sp500.csv,True
SP500,2016-08-10,1d,2182.8,2183.4,2172.0,2175.5,,-0.28,-0.33443283855598693,sp500.csv,True
SP500,2016-08-11,1d,2178.0,2188.4,2178.0,2185.8,,0.47,0.3581267217630968,sp500.csv,True
SP500,2016-08-12,1d,2183.7,2186.3,2179.4,2184.1,,-0.08,0.01831753445986628,sp500.csv,True
SP500,2016-08-15,1d,2186.1,2193.8,2186.1,2190.2,,0.28,0.18754860253418215,sp500.csv,True
SP500,2016-08-16,1d,2186.2,2186.2,2178.1,2178.2,,-0.55,-0.36593175372793274,sp500.csv,True
SP500,2016-08-17,1d,2177.8,2183.1,2168.5,2182.2,,0.18,0.2020387547065683,sp500.csv,True
SP500,2016-08-18,1d,2181.9,2187.0,2180.5,2187.0,,0.22,0.23374123470369934,sp500.csv,True
SP500,2016-08-19,1d,2184.2,2185.0,2175.1,2183.9,,-0.14,-0.013735005951820423,sp500.csv,True
SP500,2016-08-22,1d,2181.6,2185.2,2176.0,2182.6,,-0.06,0.0458379171250467,sp500.csv,True
SP500,2016-08-23,1d,2187.8,2193.4,2186.8,2186.9,,0.2,-0.04113721546760152,sp500.csv,True
SP500,2016-08-24,1d,2185.1,2186.7,2171.2,2175.4,,-0.53,-0.44391561026954074,sp500.csv,True
SP500,2016-08-25,1d,2173.3,2179.0,2169.7,2172.5,,-0.13,-0.036810380527319,sp500.csv,True
SP500,2016-08-26,1d,2175.1,2187.9,2160.4,2169.0,,-0.16,-0.2804468760057022,sp500.csv,True
SP500,2016-08-29,1d,2170.2,2183.5,2170.2,2180.4,,0.53,0.47000276472215496,sp500.csv,True
SP500,2016-08-30,1d,2179.4,2182.3,2170.4,2176.1,,-0.2,-0.15141782141874227,sp500.csv,True
SP500,2016-08-31,1d,2173.6,2173.8,2161.3,2170.9,,-0.24,-0.1242178873757771,sp500.csv,True
SP500,2016-09-01,1d,2171.3,2173.6,2157.1,2170.9,,0.0,-0.018422143416385595,sp500.csv,True
SP500,2016-09-02,1d,2177.5,2184.9,2173.6,2180.0,,0.42,0.11481056257176547,sp500.csv,True
SP500,2016-09-06,1d,2181.6,2186.6,2175.1,2186.5,,0.3,0.2246057939127244,sp500.csv,True
SP500,2016-09-07,1d,2185.2,2187.9,2179.1,2186.2,,-0.01,0.04576240161082712,sp500.csv,True
SP500,2016-09-08,1d,2182.8,2184.9,2177.5,2181.3,,-0.22,-0.06871907641561315,sp500.csv,True
SP500,2016-09-09,1d,2169.1,2169.1,2127.8,2127.8,,-2.45,-1.9040154902954964,sp500.csv,True
SP500,2016-09-12,1d,2120.9,2163.3,2119.1,2159.0,,1.47,1.7964071856287456,sp500.csv,True
SP500,2016-09-13,1d,2150.5,2150.5,2120.3,2127.0,,-1.48,-1.0927691234596582,sp500.csv,True
SP500,2016-09-14,1d,2127.9,2141.3,2119.9,2125.8,,-0.06,-0.09868884816015555,sp500.csv,True
SP500,2016-09-15,1d,2125.4,2151.3,2122.4,2147.3,,1.01,1.0303942787240006,sp500.csv,True
SP500,2016-09-16,1d,2146.5,2146.5,2131.2,2139.2,,-0.38,-0.34008851618915203,sp500.csv,True
SP500,2016-09-19,1d,2144.0,2153.6,2135.9,2139.1,,0.0,-0.22854477611941038,sp500.csv,True
SP500,2016-09-20,1d,2145.9,2150.8,2139.2,2139.8,,0.03,-0.28426301318793534,sp500.csv,True
SP500,2016-09-21,1d,2144.6,2165.1,2139.6,2163.1,,1.09,0.8626317261960281,sp500.csv,True
SP500,2016-09-22,1d,2170.9,2180.0,2170.9,2177.2,,0.65,0.29020222027729137,sp500.csv,True
SP500,2016-09-23,1d,2173.3,2173.8,2164.0,2164.7,,-0.57,-0.3957115906685904,sp500.csv,True
SP500,2016-09-26,1d,2158.5,2158.5,2145.0,2146.1,,-0.86,-0.5744730136668985,sp500.csv,True
SP500,2016-09-27,1d,2146.0,2161.1,2141.6,2159.9,,0.64,0.6477166821994507,sp500.csv,True
SP500,2016-09-28,1d,2161.8,2172.4,2151.8,2171.4,,0.53,0.4440743824590587,sp500.csv,True
SP500,2016-09-29,1d,2168.9,2172.7,2145.2,2151.1,,-0.93,-0.8206925169440771,sp500.csv,True
SP500,2016-09-30,1d,2156.5,2175.3,2156.5,2168.3,,0.8,0.5471829353118629,sp500.csv,True
SP500,2016-10-03,1d,2164.3,2164.4,2154.8,2161.2,,-0.33,-0.14323337799752034,sp500.csv,True
SP500,2016-10-04,1d,2163.4,2165.5,2144.0,2150.5,,-0.5,-0.5962836276231953,sp500.csv,True
SP500,2016-10-05,1d,2155.2,2163.9,2155.2,2159.7,,0.43,0.20879732739420565,sp500.csv,True
SP500,2016-10-06,1d,2158.2,2162.9,2150.3,2160.8,,0.05,0.1204707626726087,sp500.csv,True
SP500,2016-10-07,1d,2164.2,2165.9,2144.8,2153.7,,-0.33,-0.48516772941502584,sp500.csv,True
SP500,2016-10-10,1d,2160.4,2169.6,2160.4,2163.7,,0.46,0.15274949083501355,sp500.csv,True
SP500,2016-10-11,1d,2161.3,2161.6,2128.8,2136.7,,-1.25,-1.138203858788711,sp500.csv,True
SP500,2016-10-12,1d,2137.7,2145.4,2132.8,2139.2,,0.12,0.07016887308790576,sp500.csv,True
SP500,2016-10-13,1d,2130.3,2138.2,2114.7,2132.6,,-0.31,0.10796601417639717,sp500.csv,True
SP500,2016-10-14,1d,2139.7,2149.2,2133.0,2133.0,,0.02,-0.3131280085993282,sp500.csv,True
SP500,2016-10-17,1d,2132.9,2135.6,2124.4,2126.5,,-0.3,-0.30006094988045406,sp500.csv,True
SP500,2016-10-18,1d,2138.3,2144.4,2135.5,2139.6,,0.62,0.060795959407000666,sp500.csv,True
SP500,2016-10-19,1d,2140.8,2148.4,2138.2,2144.3,,0.22,0.16349028400597376,sp500.csv,True
SP500,2016-10-20,1d,2142.5,2147.2,2133.4,2141.3,,-0.14,-0.05600933488913995,sp500.csv,True
SP500,2016-10-21,1d,2139.4,2142.6,2130.1,2141.2,,0.0,0.08413573899221927,sp500.csv,True
SP500,2016-10-24,1d,2148.5,2154.8,2146.9,2151.3,,0.47,0.13032348149872863,sp500.csv,True
SP500,2016-10-25,1d,2149.7,2151.4,2141.9,2143.2,,-0.38,-0.3023677722472917,sp500.csv,True
SP500,2016-10-26,1d,2137.0,2145.7,2131.6,2139.4,,-0.18,0.11230697239119625,sp500.csv,True
SP500,2016-10-27,1d,2144.1,2147.1,2132.5,2133.0,,-0.3,-0.5176997341541867,sp500.csv,True
SP500,2016-10-28,1d,2132.2,2140.7,2119.4,2126.4,,-0.31,-0.2720195103648737,sp500.csv,True
SP500,2016-10-31,1d,2129.8,2133.2,2125.5,2126.2,,-0.01,-0.16902995586441927,sp500.csv,True
SP500,2016-11-01,1d,2128.7,2131.4,2097.8,2111.7,,-0.68,-0.7986094799642962,sp500.csv,True
SP500,2016-11-02,1d,2109.4,2111.8,2094.0,2097.9,,-0.65,-0.5451787238077155,sp500.csv,True
SP500,2016-11-03,1d,2098.8,2102.6,2085.2,2088.7,,-0.44,-0.4812273680198431,sp500.csv,True
SP500,2016-11-04,1d,2083.8,2099.1,2083.8,2085.2,,-0.17,0.06718495057105311,sp500.csv,True
SP500,2016-11-07,1d,2100.6,2132.0,2100.6,2131.5,,2.22,1.4710082833476301,sp500.csv,True
SP500,2016-11-08,1d,2129.9,2146.9,2123.6,2139.6,,0.38,0.45542044227426803,sp500.csv,True
SP500,2016-11-09,1d,2131.6,2170.1,2125.3,2163.3,,1.11,1.4871458059673603,sp500.csv,True
SP500,2016-11-10,1d,2167.5,2182.3,2151.2,2167.5,,0.19,0.0,sp500.csv,True
SP500,2016-11-11,1d,2162.7,2165.9,2152.5,2164.4,,-0.14,0.07860544689510807,sp500.csv,True
SP500,2016-11-14,1d,2165.6,2171.4,2156.1,2164.2,,-0.01,-0.06464721093462078,sp500.csv,True
SP500,2016-11-15,1d,2168.3,2180.8,2166.4,2180.4,,0.75,0.5580408615043941,sp500.csv,True
SP500,2016-11-16,1d,2177.5,2179.2,2172.2,2176.9,,-0.16,-0.02755453501721572,sp500.csv,True
SP500,2016-11-17,1d,2178.6,2188.1,2176.7,2187.1,,0.47,0.39015881758928117,sp500.csv,True
SP500,2016-11-18,1d,2186.8,2189.9,2180.4,2181.9,,-0.24,-0.22407170294495016,sp500.csv,True
SP500,2016-11-21,1d,2186.4,2198.7,2186.4,2198.2,,0.75,0.5396999634101673,sp500.csv,True
SP500,2016-11-22,1d,2201.6,2204.8,2194.5,2202.9,,0.21,0.05904796511628785,sp500.csv,True
SP500,2016-11-23,1d,2198.6,2204.7,2194.5,2204.7,,0.08,0.2774492859092037,sp500.csv,True
SP500,2016-11-25,1d,2206.3,2213.3,2206.3,2213.3,,0.39,0.31727326292887437,sp500.csv,True
SP500,2016-11-28,1d,2210.2,2211.1,2200.4,2201.7,,-0.52,-0.3845805809429059,sp500.csv,True
SP500,2016-11-29,1d,2200.8,2210.5,2198.2,2204.7,,0.14,0.17720828789529186,sp500.csv,True
SP500,2016-11-30,1d,2205.0,2214.1,2198.8,2198.8,,-0.27,-0.28117913832198527,sp500.csv,True
SP500,2016-12-01,1d,2200.2,2202.6,2187.4,2191.1,,-0.35,-0.41359876374874593,sp500.csv,True
SP500,2016-12-02,1d,2191.1,2197.9,2188.4,2191.9,,0.04,0.03651134133542122,sp500.csv,True
SP500,2016-12-05,1d,2200.7,2209.4,2200.0,2204.7,,0.58,0.1817603489798758,sp500.csv,True
SP500,2016-12-06,1d,2207.3,2212.8,2202.2,2212.2,,0.34,0.22199066733110673,sp500.csv,True
SP500,2016-12-07,1d,2210.7,2241.6,2208.9,2241.3,,1.32,1.3841769575247742,sp500.csv,True
SP500,2016-12-08,1d,2241.1,2251.7,2237.6,2246.2,,0.22,0.22756681986524363,sp500.csv,True
SP500,2016-12-09,1d,2249.7,2259.8,2249.2,2259.5,,0.59,0.43561363737387726,sp500.csv,True
SP500,2016-12-12,1d,2258.8,2264.0,2252.4,2257.0,,-0.11,-0.07968833008678011,sp500.csv,True
SP500,2016-12-13,1d,2263.3,2277.5,2263.3,2271.7,,0.65,0.371139486590355,sp500.csv,True
SP500,2016-12-14,1d,2268.3,2276.2,2248.4,2253.3,,-0.81,-0.661288189392939,sp500.csv,True
SP500,2016-12-15,1d,2253.8,2272.1,2253.8,2262.0,,0.39,0.36382997604045286,sp500.csv,True
SP500,2016-12-16,1d,2266.8,2268.1,2254.2,2258.1,,-0.17,-0.38380095288513827,sp500.csv,True
SP500,2016-12-19,1d,2259.2,2267.5,2258.2,2262.5,,0.19,0.14606940509915844,sp500.csv,True
SP500,2016-12-20,1d,2266.5,2272.6,2266.1,2270.8,,0.37,0.18971983234061796,sp500.csv,True
SP500,2016-12-21,1d,2270.5,2271.2,2265.2,2265.2,,-0.25,-0.23342876018498382,sp500.csv,True
SP500,2016-12-22,1d,2262.9,2263.2,2256.1,2261.0,,-0.19,-0.08396305625525402,sp500.csv,True
SP500,2016-12-23,1d,2260.2,2263.8,2258.8,2263.8,,0.12,0.15927794000532014,sp500.csv,True
SP500,2016-12-27,1d,2266.2,2273.8,2266.2,2268.9,,0.23,0.11914217633042234,sp500.csv,True
SP500,2016-12-28,1d,2270.2,2271.3,2249.1,2249.9,,-0.84,-0.8941943441106437,sp500.csv,True
SP500,2016-12-29,1d,2249.5,2254.5,2244.6,2249.3,,-0.03,-0.008890864636579288,sp500.csv,True
SP500,2016-12-30,1d,2251.6,2253.6,2233.6,2238.8,,-0.47,-0.5684846331497462,sp500.csv,True
SP500,2017-01-03,1d,2251.6,2263.9,2245.1,2257.8,,0.85,0.27535974418193554,sp500.csv,True
SP500,2017-01-04,1d,2261.6,2272.8,2261.6,2270.8,,0.58,0.4067916519278514,sp500.csv,True
SP500,2017-01-05,1d,2268.2,2271.5,2260.4,2269.0,,-0.08,0.035270258354658246,sp500.csv,True
SP500,2017-01-06,1d,2271.1,2282.1,2264.1,2277.0,,0.35,0.25978600678084884,sp500.csv,True
SP500,2017-01-09,1d,2273.6,2275.5,2268.9,2268.9,,-0.36,-0.20672061928218577,sp500.csv,True
SP500,2017-01-10,1d,2269.7,2279.3,2265.3,2268.9,,0.0,-0.03524694893597413,sp500.csv,True
SP500,2017-01-11,1d,2268.6,2275.3,2260.8,2275.3,,0.28,0.2953363307766965,sp500.csv,True
SP500,2017-01-12,1d,2271.1,2271.8,2254.2,2270.4,,-0.22,-0.030822068601110697,sp500.csv,True
SP500,2017-01-13,1d,2272.7,2278.7,2271.5,2274.6,,0.18,0.08360100321205266,sp500.csv,True
SP500,2017-01-17,1d,2269.1,2272.1,2262.8,2267.9,,-0.29,-0.05288440350799117,sp500.csv,True
SP500,2017-01-18,1d,2269.1,2272.0,2263.3,2271.9,,0.18,0.12339694151866087,sp500.csv,True
SP500,2017-01-19,1d,2271.9,2274.3,2258.4,2263.7,,-0.36,-0.36093137902197814,sp500.csv,True
SP500,2017-01-20,1d,2270.0,2277.0,2265.0,2271.3,,0.34,0.05726872246696324,sp500.csv,True
SP500,2017-01-23,1d,2267.8,2271.8,2257.0,2265.2,,-0.27,-0.11464855807391539,sp500.csv,True
SP500,2017-01-24,1d,2267.9,2284.6,2266.7,2280.1,,0.66,0.53794259006128,sp500.csv,True
SP500,2017-01-25,1d,2288.9,2299.6,2288.9,2298.4,,0.8,0.41504652890034244,sp500.csv,True
SP500,2017-01-26,1d,2298.6,2301.0,2294.1,2296.7,,-0.07,-0.08265900983207564,sp500.csv,True
SP500,2017-01-27,1d,2299.0,2299.0,2291.6,2294.7,,-0.09,-0.18703784254023859,sp500.csv,True
SP500,2017-01-30,1d,2286.0,2286.0,2268.0,2280.9,,-0.6,-0.22309711286089273,sp500.csv,True
SP500,2017-01-31,1d,2274.0,2279.1,2267.2,2278.9,,-0.09,0.21547933157433086,sp500.csv,True
SP500,2017-02-01,1d,2285.6,2289.1,2272.4,2279.6,,0.03,-0.26251312565628293,sp500.csv,True
SP500,2017-02-02,1d,2276.7,2284.0,2271.7,2280.8,,0.05,0.18008521105110642,sp500.csv,True
SP500,2017-02-03,1d,2288.5,2298.3,2287.9,2297.4,,0.73,0.3889010268735005,sp500.csv,True
SP500,2017-02-06,1d,2294.3,2296.2,2288.6,2292.6,,-0.21,-0.07409667436691914,sp500.csv,True
SP500,2017-02-07,1d,2295.9,2299.4,2290.2,2293.1,,0.02,-0.12195653120781191,sp500.csv,True
SP500,2017-02-08,1d,2289.6,2295.9,2285.4,2294.7,,0.07,0.22274633123688936,sp500.csv,True
SP500,2017-02-09,1d,2296.7,2311.1,2296.6,2307.9,,0.58,0.4876562023773401,sp500.csv,True
SP500,2017-02-10,1d,2312.3,2319.2,2311.1,2316.1,,0.36,0.16433853738699877,sp500.csv,True
SP500,2017-02-13,1d,2321.7,2331.6,2321.4,2328.2,,0.52,0.2799672653658991,sp500.csv,True
SP500,2017-02-14,1d,2326.1,2337.6,2322.2,2337.6,,0.4,0.4943897510855111,sp500.csv,True
SP500,2017-02-15,1d,2335.6,2351.3,2334.8,2349.2,,0.5,0.5822914882685382,sp500.csv,True
SP500,2017-02-16,1d,2349.6,2351.3,2338.9,2347.2,,-0.09,-0.10214504596527396,sp500.csv,True
SP500,2017-02-17,1d,2343.0,2351.2,2339.6,2351.2,,0.17,0.34997865983781296,sp500.csv,True
SP500,2017-02-21,1d,2354.9,2366.7,2354.9,2365.4,,0.6,0.44587880589408435,sp500.csv,True
SP500,2017-02-22,1d,2361.1,2365.1,2358.3,2362.8,,-0.11,0.0720003388251289,sp500.csv,True
SP500,2017-02-23,1d,2367.5,2368.3,2355.1,2363.8,,0.04,-0.15628299894402398,sp500.csv,True
SP500,2017-02-24,1d,2355.7,2367.3,2352.9,2367.3,,0.15,0.49242263446112045,sp500.csv,True
SP500,2017-02-27,1d,2365.2,2371.5,2361.9,2369.8,,0.11,0.19448672416710888,sp500.csv,True
SP500,2017-02-28,1d,2366.1,2367.8,2359.0,2363.6,,-0.26,-0.10565910147499746,sp500.csv,True
SP500,2017-03-01,1d,2380.1,2401.0,2380.1,2396.0,,1.37,0.6680391580185852,sp500.csv,True
SP500,2017-03-02,1d,2394.8,2394.8,2380.2,2381.9,,-0.59,-0.5386671120761632,sp500.csv,True
SP500,2017-03-03,1d,2380.9,2383.9,2375.4,2383.1,,0.05,0.09240203284470727,sp500.csv,True
SP500,2017-03-06,1d,2375.2,2378.8,2368.0,2375.3,,-0.33,0.004210171775032023,sp500.csv,True
SP500,2017-03-07,1d,2370.7,2375.1,2365.5,2368.4,,-0.29,-0.09701775846795435,sp500.csv,True
SP500,2017-03-08,1d,2369.8,2373.1,2361.0,2363.0,,-0.23,-0.2869440459110528,sp500.csv,True
SP500,2017-03-09,1d,2363.5,2369.1,2354.5,2364.9,,0.08,0.059234186587686644,sp500.csv,True
SP500,2017-03-10,1d,2372.5,2376.9,2363.0,2372.6,,0.33,0.004214963119064663,sp500.csv,True
SP500,2017-03-13,1d,2371.6,2374.4,2368.5,2373.5,,0.04,0.08011469050430708,sp500.csv,True
SP500,2017-03-14,1d,2368.6,2368.6,2358.2,2365.4,,-0.34,-0.1351009034872841,sp500.csv,True
SP500,2017-03-15,1d,2370.3,2390.0,2368.9,2385.3,,0.84,0.6328312871788366,sp500.csv,True
SP500,2017-03-16,1d,2387.7,2388.1,2377.2,2381.4,,-0.16,-0.26385224274405594,sp500.csv,True
SP500,2017-03-17,1d,2383.7,2385.7,2377.6,2378.2,,-0.13,-0.23073373327180402,sp500.csv,True
SP500,2017-03-20,1d,2378.2,2379.6,2369.7,2373.5,,-0.2,-0.19762845849801147,sp500.csv,True
SP500,2017-03-21,1d,2379.3,2381.9,2341.9,2344.0,,-1.24,-1.4836296389694525,sp500.csv,True
SP500,2017-03-22,1d,2343.0,2351.8,2336.4,2348.4,,0.19,0.23047375160052397,sp500.csv,True
SP500,2017-03-23,1d,2346.0,2358.9,2342.1,2346.0,,-0.1,0.0,sp500.csv,True
SP500,2017-03-24,1d,2350.4,2356.2,2335.7,2344.0,,-0.09,-0.2722940776038185,sp500.csv,True
SP500,2017-03-27,1d,2329.1,2344.9,2322.2,2341.6,,-0.1,0.5366879910695177,sp500.csv,True
SP500,2017-03-28,1d,2339.8,2363.8,2337.6,2358.6,,0.73,0.8034874775621814,sp500.csv,True
SP500,2017-03-29,1d,2356.5,2363.4,2352.9,2361.1,,0.11,0.19520475281136207,sp500.csv,True
SP500,2017-03-30,1d,2361.3,2370.4,2358.6,2368.1,,0.3,0.28797696184303945,sp500.csv,True
SP500,2017-03-31,1d,2364.8,2370.3,2362.6,2362.7,,-0.23,-0.08880243572396695,sp500.csv,True
SP500,2017-04-03,1d,2362.3,2365.9,2344.7,2358.8,,-0.17,-0.14816069085213934,sp500.csv,True
SP500,2017-04-04,1d,2354.8,2360.5,2350.7,2360.2,,0.06,0.22931883811787568,sp500.csv,True
SP500,2017-04-05,1d,2366.6,2378.4,2350.5,2352.9,,-0.31,-0.5788895461843913,sp500.csv,True
SP500,2017-04-06,1d,2353.8,2364.2,2348.9,2357.5,,0.2,0.15719262469198192,sp500.csv,True
SP500,2017-04-07,1d,2356.6,2363.8,2350.7,2355.5,,-0.08,-0.04667741661715796,sp500.csv,True
SP500,2017-04-10,1d,2357.2,2366.4,2351.5,2357.2,,0.07,0.0,sp500.csv,True
SP500,2017-04-11,1d,2353.9,2355.2,2337.2,2353.8,,-0.14,-0.004248268830442381,sp500.csv,True
SP500,2017-04-12,1d,2352.2,2352.7,2341.2,2344.9,,-0.38,-0.3103477595442494,sp500.csv,True
SP500,2017-04-13,1d,2342.0,2348.3,2328.9,2328.9,,-0.68,-0.5593509820666087,sp500.csv,True
SP500,2017-04-17,1d,2332.6,2349.1,2332.5,2349.0,,0.86,0.7030781102632222,sp500.csv,True
SP500,2017-04-18,1d,2342.5,2348.3,2334.5,2342.2,,-0.29,-0.012806830309508577,sp500.csv,True
SP500,2017-04-19,1d,2346.8,2352.6,2335.1,2338.2,,-0.17,-0.3664564513380042,sp500.csv,True
SP500,2017-04-20,1d,2342.7,2361.4,2340.9,2355.8,,0.75,0.5591838476971089,sp500.csv,True
SP500,2017-04-21,1d,2354.7,2356.2,2344.5,2348.7,,-0.3,-0.2548095298764208,sp500.csv,True
SP500,2017-04-24,1d,2370.3,2377.0,2369.2,2374.2,,1.09,0.16453613466649308,sp500.csv,True
SP500,2017-04-25,1d,2381.5,2392.5,2381.2,2388.6,,0.61,0.2981314297711535,sp500.csv,True
SP500,2017-04-26,1d,2389.0,2398.2,2386.8,2387.4,,-0.05,-0.06697362913352656,sp500.csv,True
SP500,2017-04-27,1d,2389.7,2392.1,2382.7,2388.8,,0.06,-0.037661631167074106,sp500.csv,True
SP500,2017-04-28,1d,2393.7,2393.7,2382.4,2384.2,,-0.19,-0.3968751305510332,sp500.csv,True
SP500,2017-05-01,1d,2388.5,2394.5,2384.8,2388.3,,0.17,-0.00837345614401741,sp500.csv,True
SP500,2017-05-02,1d,2391.1,2392.9,2385.8,2391.2,,0.12,0.004182175567724045,sp500.csv,True
SP500,2017-05-03,1d,2386.5,2389.8,2379.8,2388.1,,-0.13,0.06704378797401933,sp500.csv,True
SP500,2017-05-04,1d,2389.8,2391.4,2380.3,2389.5,,0.06,-0.012553351744926111,sp500.csv,True
SP500,2017-05-05,1d,2392.4,2399.3,2389.4,2399.3,,0.41,0.2884133088112417,sp500.csv,True
SP500,2017-05-08,1d,2399.9,2401.4,2393.9,2399.4,,0.0,-0.02083420142505732,sp500.csv,True
SP500,2017-05-09,1d,2401.6,2403.9,2392.4,2396.9,,-0.1,-0.1957028647568193,sp500.csv,True
SP500,2017-05-10,1d,2396.8,2399.7,2392.8,2399.6,,0.11,0.1168224299065379,sp500.csv,True
SP500,2017-05-11,1d,2394.8,2395.7,2381.7,2394.4,,-0.22,-0.01670285618841083,sp500.csv,True
SP500,2017-05-12,1d,2392.4,2392.4,2387.2,2390.9,,-0.15,-0.06269854539374675,sp500.csv,True
SP500,2017-05-15,1d,2394.0,2404.1,2393.9,2402.3,,0.48,0.34670008354220627,sp500.csv,True
SP500,2017-05-16,1d,2404.6,2405.8,2396.1,2400.7,,-0.07,-0.16218913748649033,sp500.csv,True
SP500,2017-05-17,1d,2382.9,2384.9,2356.2,2357.0,,-1.82,-1.0869109068781801,sp500.csv,True
SP500,2017-05-18,1d,2354.7,2375.7,2352.7,2365.7,,0.37,0.46715080477344184,sp500.csv,True
SP500,2017-05-19,1d,2371.4,2389.1,2370.4,2381.7,,0.68,0.43434258244074986,sp500.csv,True
SP500,2017-05-22,1d,2387.2,2395.5,2386.9,2394.0,,0.52,0.28485254691690276,sp500.csv,True
SP500,2017-05-23,1d,2397.0,2400.8,2393.9,2398.4,,0.18,0.058406341259908956,sp500.csv,True
SP500,2017-05-24,1d,2401.4,2405.6,2398.0,2404.4,,0.25,0.12492712584326604,sp500.csv,True
SP500,2017-05-25,1d,2409.5,2418.7,2408.0,2415.1,,0.45,0.23241336376840227,sp500.csv,True
SP500,2017-05-26,1d,2414.5,2416.7,2412.2,2415.8,,0.03,0.05384137502588704,sp500.csv,True
SP500,2017-05-30,1d,2411.7,2415.3,2409.4,2412.9,,-0.12,0.049757432516495115,sp500.csv,True
SP500,2017-05-31,1d,2415.6,2416.0,2403.6,2411.8,,-0.05,-0.1573108130485057,sp500.csv,True
SP500,2017-06-01,1d,2415.7,2430.1,2413.5,2430.1,,0.76,0.596100509169184,sp500.csv,True
SP500,2017-06-02,1d,2431.3,2440.2,2427.7,2439.1,,0.37,0.32081602434910206,sp500.csv,True
SP500,2017-06-05,1d,2437.8,2439.6,2434.3,2436.1,,-0.12,-0.06973500697351476,sp500.csv,True
SP500,2017-06-06,1d,2431.9,2436.2,2428.1,2429.3,,-0.28,-0.10691229080143083,sp500.csv,True
SP500,2017-06-07,1d,2432.0,2435.3,2424.8,2433.1,,0.16,0.04523026315788048,sp500.csv,True
SP500,2017-06-08,1d,2434.3,2439.3,2427.9,2433.8,,0.03,-0.020539785564643864,sp500.csv,True
SP500,2017-06-09,1d,2436.4,2446.2,2415.7,2431.8,,-0.08,-0.18880315219175214,sp500.csv,True
SP500,2017-06-12,1d,2425.9,2430.4,2420.0,2429.4,,-0.1,0.1442763510449696,sp500.csv,True
SP500,2017-06-13,1d,2434.2,2441.5,2431.3,2440.3,,0.45,0.25059567825158613,sp500.csv,True
SP500,2017-06-14,1d,2443.8,2443.8,2428.3,2437.9,,-0.1,-0.24142728537523972,sp500.csv,True
SP500,2017-06-15,1d,2424.1,2433.9,2418.5,2432.5,,-0.22,0.3465203580710341,sp500.csv,True
SP500,2017-06-16,1d,2431.2,2433.2,2422.9,2433.2,,0.03,0.08226390259953309,sp500.csv,True
SP500,2017-06-19,1d,2442.6,2453.8,2441.8,2453.5,,0.83,0.44624580365184574,sp500.csv,True
SP500,2017-06-20,1d,2450.7,2450.7,2436.6,2437.0,,-0.67,-0.559023952340143,sp500.csv,True
SP500,2017-06-21,1d,2439.3,2442.2,2430.7,2435.6,,-0.06,-0.1516828598368547,sp500.csv,True
SP500,2017-06-22,1d,2437.4,2441.6,2433.3,2434.5,,-0.05,-0.11897924017395534,sp500.csv,True
SP500,2017-06-23,1d,2434.7,2441.4,2431.1,2438.3,,0.16,0.1478621596090024,sp500.csv,True
SP500,2017-06-26,1d,2443.3,2450.4,2437.0,2439.1,,0.03,-0.17189866164614154,sp500.csv,True
SP500,2017-06-27,1d,2436.3,2440.2,2419.4,2419.4,,-0.81,-0.6936748347904698,sp500.csv,True
SP500,2017-06-28,1d,2428.7,2443.0,2428.0,2440.7,,0.88,0.4940914892741066,sp500.csv,True
SP500,2017-06-29,1d,2442.4,2442.7,2405.7,2419.7,,-0.86,-0.929413691451042,sp500.csv,True
SP500,2017-06-30,1d,2429.2,2432.7,2421.7,2423.4,,0.15,-0.23876173225751973,sp500.csv,True
SP500,2017-07-03,1d,2431.4,2439.2,2428.7,2429.0,,0.23,-0.09870856296784192,sp500.csv,True
SP500,2017-07-05,1d,2430.8,2434.9,2422.1,2432.5,,0.14,0.06993582359715589,sp500.csv,True
SP500,2017-07-06,1d,2423.4,2424.3,2407.7,2409.8,,-0.93,-0.5611950152678014,sp500.csv,True
SP500,2017-07-07,1d,2413.5,2426.9,2413.5,2425.2,,0.64,0.4847731510254638,sp500.csv,True
SP500,2017-07-10,1d,2424.5,2432.0,2422.3,2427.4,,0.09,0.11961229119406003,sp500.csv,True
SP500,2017-07-11,1d,2427.3,2429.3,2412.8,2425.5,,-0.08,-0.07415647015203142,sp500.csv,True
SP500,2017-07-12,1d,2435.8,2445.8,2435.8,2443.2,,0.73,0.30380162574923375,sp500.csv,True
SP500,2017-07-13,1d,2445.0,2449.3,2441.7,2447.8,,0.19,0.11451942740285936,sp500.csv,True
SP500,2017-07-14,1d,2449.2,2463.5,2446.7,2459.3,,0.47,0.41237955250694736,sp500.csv,True
SP500,2017-07-17,1d,2459.5,2462.8,2457.2,2459.1,,-0.01,-0.01626346818459634,sp500.csv,True
SP500,2017-07-18,1d,2455.9,2460.9,2450.3,2460.6,,0.06,0.19137587035302772,sp500.csv,True
SP500,2017-07-19,1d,2463.8,2473.8,2463.8,2473.8,,0.54,0.40587710041399827,sp500.csv,True
SP500,2017-07-20,1d,2475.6,2477.6,2468.4,2473.4,,-0.02,-0.08886734529002238,sp500.csv,True
SP500,2017-07-21,1d,2467.4,2472.5,2465.1,2472.5,,-0.04,0.20669530680068604,sp500.csv,True
SP500,2017-07-24,1d,2472.0,2473.1,2466.3,2469.9,,-0.11,-0.08495145631067791,sp500.csv,True
SP500,2017-07-25,1d,2477.9,2481.2,2474.9,2477.1,,0.29,-0.03228540296219551,sp500.csv,True
SP500,2017-07-26,1d,2480.0,2481.7,2474.9,2477.8,,0.03,-0.08870967741935187,sp500.csv,True
SP500,2017-07-27,1d,2482.8,2484.0,2459.9,2475.4,,-0.1,-0.2980505880457618,sp500.csv,True
SP500,2017-07-28,1d,2469.1,2473.5,2464.7,2472.1,,-0.13,0.12150176177554428,sp500.csv,True
SP500,2017-07-31,1d,2475.9,2478.0,2468.5,2470.3,,-0.07,-0.2261803788521255,sp500.csv,True
SP500,2017-08-01,1d,2477.1,2478.5,2471.1,2476.3,,0.24,-0.03229582980096568,sp500.csv,True
SP500,2017-08-02,1d,2480.4,2480.4,2466.5,2477.6,,0.05,-0.11288501854540556,sp500.csv,True
SP500,2017-08-03,1d,2476.0,2476.0,2468.8,2472.2,,-0.22,-0.1534733441034053,sp500.csv,True
SP500,2017-08-04,1d,2476.9,2480.0,2472.1,2476.8,,0.19,-0.004037304695381216,sp500.csv,True
SP500,2017-08-07,1d,2477.1,2480.9,2475.9,2480.9,,0.17,0.15340519155464527,sp500.csv,True
SP500,2017-08-08,1d,2478.3,2490.9,2470.3,2474.9,,-0.24,-0.13719081628535967,sp500.csv,True
SP500,2017-08-09,1d,2465.3,2474.4,2462.1,2474.0,,-0.04,0.35289822739625887,sp500.csv,True
SP500,2017-08-10,1d,2465.4,2465.4,2437.8,2438.2,,-1.45,-1.1032692463697646,sp500.csv,True
SP500,2017-08-11,1d,2441.0,2448.1,2437.8,2441.3,,0.13,0.012290045063512167,sp500.csv,True
SP500,2017-08-14,1d,2455.0,2468.2,2455.0,2465.8,,1.0,0.4399185336048994,sp500.csv,True
SP500,2017-08-15,1d,2468.7,2468.9,2461.6,2464.6,,-0.05,-0.1660793129987459,sp500.csv,True
SP500,2017-08-16,1d,2468.6,2474.9,2463.9,2468.1,,0.14,-0.020254395203755937,sp500.csv,True
SP500,2017-08-17,1d,2462.9,2465.0,2430.0,2430.0,,-1.54,-1.3358236225587738,sp500.csv,True
SP500,2017-08-18,1d,2427.6,2440.3,2420.7,2425.6,,-0.18,-0.08238589553468678,sp500.csv,True
SP500,2017-08-21,1d,2425.5,2430.6,2417.3,2428.4,,0.12,0.11956297670583371,sp500.csv,True
SP500,2017-08-22,1d,2433.8,2454.8,2433.7,2452.5,,0.99,0.7683457966965124,sp500.csv,True
SP500,2017-08-23,1d,2444.9,2448.9,2441.4,2444.0,,-0.35,-0.036811321526442065,sp500.csv,True
SP500,2017-08-24,1d,2447.9,2450.4,2436.2,2439.0,,-0.2,-0.36357694350259706,sp500.csv,True
SP500,2017-08-25,1d,2444.7,2454.0,2442.2,2443.1,,0.17,-0.06544770319466542,sp500.csv,True
SP500,2017-08-28,1d,2447.3,2449.1,2439.0,2444.2,,0.05,-0.12667020798432516,sp500.csv,True
SP500,2017-08-29,1d,2431.9,2449.2,2428.2,2446.3,,0.09,0.59212961059254,sp500.csv,True
SP500,2017-08-30,1d,2446.1,2460.3,2443.8,2457.6,,0.46,0.47013613507216334,sp500.csv,True
SP500,2017-08-31,1d,2462.7,2475.0,2462.7,2471.7,,0.57,0.3654525520769836,sp500.csv,True
SP500,2017-09-01,1d,2474.4,2480.4,2473.8,2476.6,,0.2,0.08891044293566353,sp500.csv,True
SP500,2017-09-05,1d,2470.3,2472.0,2446.6,2457.8,,-0.76,-0.5060114156175355,sp500.csv,True
SP500,2017-09-06,1d,2463.8,2469.6,2459.2,2465.5,,0.31,0.0689991070703666,sp500.csv,True
SP500,2017-09-07,1d,2468.1,2468.6,2460.3,2465.1,,-0.02,-0.12155099064057318,sp500.csv,True
SP500,2017-09-08,1d,2462.2,2467.1,2459.4,2461.4,,-0.15,-0.03249126797172375,sp500.csv,True
SP500,2017-09-11,1d,2474.5,2488.9,2474.5,2488.1,,1.08,0.5496059810062626,sp500.csv,True
SP500,2017-09-12,1d,2491.9,2496.8,2490.4,2496.5,,0.34,0.18459809783699654,sp500.csv,True
SP500,2017-09-13,1d,2493.9,2498.4,2492.1,2498.4,,0.08,0.18044027426922238,sp500.csv,True
SP500,2017-09-14,1d,2494.6,2498.4,2491.3,2495.6,,-0.11,0.04008658702798762,sp500.csv,True
SP500,2017-09-15,1d,2495.7,2500.2,2493.2,2500.2,,0.18,0.18031013342949542,sp500.csv,True
SP500,2017-09-18,1d,2502.5,2508.3,2499.9,2503.9,,0.15,0.05594405594406826,sp500.csv,True
SP500,2017-09-19,1d,2506.3,2507.8,2503.2,2506.7,,0.11,0.015959781350982638,sp500.csv,True
SP500,2017-09-20,1d,2506.8,2508.8,2496.7,2508.2,,0.06,0.05584809318652795,sp500.csv,True
SP500,2017-09-21,1d,2507.2,2507.2,2499.0,2500.6,,-0.3,-0.2632418634333056,sp500.csv,True
SP500,2017-09-22,1d,2497.3,2503.5,2496.5,2502.2,,0.06,0.19621190886156548,sp500.csv,True
SP500,2017-09-25,1d,2499.4,2502.5,2488.0,2496.7,,-0.22,-0.10802592622229934,sp500.csv,True
SP500,2017-09-26,1d,2501.0,2503.5,2495.1,2496.8,,0.0,-0.1679328268692437,sp500.csv,True
SP500,2017-09-27,1d,2503.3,2511.8,2495.9,2507.0,,0.41,0.14780489753525305,sp500.csv,True
SP500,2017-09-28,1d,2503.4,2510.8,2502.9,2510.1,,0.12,0.2676360150195567,sp500.csv,True
SP500,2017-09-29,1d,2510.0,2519.4,2508.0,2519.4,,0.37,0.3745019920318837,sp500.csv,True
SP500,2017-10-02,1d,2521.2,2529.2,2520.4,2529.1,,0.39,0.31334285260986583,sp500.csv,True
SP500,2017-10-03,1d,2530.3,2535.1,2528.8,2534.6,,0.22,0.1699403232818142,sp500.csv,True
SP500,2017-10-04,1d,2533.5,2540.5,2531.8,2537.7,,0.12,0.165778567199526,sp500.csv,True
SP500,2017-10-05,1d,2540.9,2552.5,2540.0,2552.1,,0.57,0.44078869691841494,sp500.csv,True
SP500,2017-10-06,1d,2547.4,2549.4,2543.8,2549.3,,-0.11,0.07458585224151548,sp500.csv,True
SP500,2017-10-09,1d,2551.4,2551.8,2541.6,2544.7,,-0.18,-0.2626009249823702,sp500.csv,True
SP500,2017-10-10,1d,2550.0,2555.2,2544.9,2550.6,,0.23,0.023529411764711128,sp500.csv,True
SP500,2017-10-11,1d,2550.6,2555.2,2547.9,2555.2,,0.18,0.180349721634121,sp500.csv,True
SP500,2017-10-12,1d,2552.9,2555.3,2548.3,2550.9,,-0.17,-0.07834227741000399,sp500.csv,True
SP500,2017-10-13,1d,2555.7,2557.7,2552.1,2553.2,,0.09,-0.09782055796846434,sp500.csv,True
SP500,2017-10-16,1d,2555.6,2559.5,2552.6,2557.6,,0.17,0.07825950853028729,sp500.csv,True
SP500,2017-10-17,1d,2557.2,2559.7,2554.7,2559.4,,0.07,0.08603159705928842,sp500.csv,True
SP500,2017-10-18,1d,2562.9,2564.1,2559.7,2561.3,,0.07,-0.062429279331999155,sp500.csv,True
SP500,2017-10-19,1d,2553.4,2562.4,2547.9,2562.1,,0.03,0.34072217435574537,sp500.csv,True
SP500,2017-10-20,1d,2567.6,2575.4,2567.6,2575.2,,0.51,0.2959962610998623,sp500.csv,True
SP500,2017-10-23,1d,2578.1,2578.3,2564.3,2565.0,,-0.4,-0.5081261394049852,sp500.csv,True
SP500,2017-10-24,1d,2568.7,2572.2,2565.6,2569.1,,0.16,0.015572079261882976,sp500.csv,True
SP500,2017-10-25,1d,2566.5,2567.4,2544.0,2557.2,,-0.46,-0.362361192285221,sp500.csv,True
SP500,2017-10-26,1d,2560.1,2567.1,2559.8,2560.4,,0.13,0.011718292254214724,sp500.csv,True
SP500,2017-10-27,1d,2570.3,2583.0,2565.9,2581.1,,0.81,0.42018441427069675,sp500.csv,True
SP500,2017-10-30,1d,2577.8,2580.0,2568.2,2572.8,,-0.32,-0.19396384513926668,sp500.csv,True
SP500,2017-10-31,1d,2576.0,2578.3,2572.2,2575.3,,0.1,-0.027173913043476716,sp500.csv,True
SP500,2017-11-01,1d,2583.2,2588.4,2574.9,2579.4,,0.16,-0.14710436667697557,sp500.csv,True
SP500,2017-11-02,1d,2579.5,2581.1,2566.2,2579.8,,0.02,0.011630160883902008,sp500.csv,True
SP500,2017-11-03,1d,2581.9,2588.4,2576.8,2587.8,,0.31,0.22851388512337145,sp500.csv,True
SP500,2017-11-06,1d,2587.5,2593.4,2585.7,2591.1,,0.13,0.13913043478259723,sp500.csv,True
SP500,2017-11-07,1d,2592.1,2597.0,2584.3,2590.6,,-0.02,-0.05786813780332967,sp500.csv,True
SP500,2017-11-08,1d,2588.7,2595.5,2585.0,2594.4,,0.15,0.22018773901959499,sp500.csv,True
SP500,2017-11-09,1d,2584.0,2586.5,2566.3,2584.6,,-0.38,0.023219814241492998,sp500.csv,True
SP500,2017-11-10,1d,2580.2,2583.8,2575.6,2582.3,,-0.09,0.08138903960934751,sp500.csv,True
SP500,2017-11-13,1d,2576.5,2587.7,2574.5,2584.8,,0.1,0.32214244129633585,sp500.csv,True
SP500,2017-11-14,1d,2577.8,2579.7,2566.6,2578.9,,-0.23,0.042672045930625124,sp500.csv,True
SP500,2017-11-15,1d,2569.4,2572.8,2557.4,2564.6,,-0.55,-0.18681404218884312,sp500.csv,True
SP500,2017-11-16,1d,2572.9,2590.1,2572.9,2585.6,,0.82,0.49360643631699563,sp500.csv,True
SP500,2017-11-17,1d,2582.9,2584.0,2577.6,2578.8,,-0.26,-0.1587363041542389,sp500.csv,True
SP500,2017-11-20,1d,2579.5,2584.6,2578.2,2582.1,,0.13,0.10079472766040265,sp500.csv,True
SP500,2017-11-21,1d,2589.2,2601.2,2589.2,2599.0,,0.65,0.3784952881198844,sp500.csv,True
SP500,2017-11-22,1d,2600.3,2600.9,2595.2,2597.1,,-0.07,-0.12306272353190817,sp500.csv,True
SP500,2017-11-24,1d,2600.4,2604.2,2600.4,2602.4,,0.2,0.07691124442392727,sp500.csv,True
SP500,2017-11-27,1d,2602.7,2606.4,2598.9,2601.4,,-0.04,-0.04994813078724736,sp500.csv,True
SP500,2017-11-28,1d,2605.9,2627.7,2605.4,2627.0,,0.98,0.8097010629724899,sp500.csv,True
SP500,2017-11-29,1d,2627.8,2634.9,2620.3,2626.1,,-0.03,-0.0646928990029827,sp500.csv,True
SP500,2017-11-30,1d,2633.9,2657.7,2633.9,2647.6,,0.82,0.5201412354303381,sp500.csv,True
SP500,2017-12-01,1d,2645.1,2650.6,2605.5,2642.2,,-0.2,-0.10963668670371796,sp500.csv,True
SP500,2017-12-04,1d,2657.2,2665.2,2639.0,2639.4,,-0.11,-0.6698780671383298,sp500.csv,True
SP500,2017-12-05,1d,2639.8,2648.7,2627.7,2629.6,,-0.37,-0.3863929085536899,sp500.csv,True
SP500,2017-12-06,1d,2626.2,2634.4,2624.8,2629.3,,-0.01,0.1180412763689187,sp500.csv,True
SP500,2017-12-07,1d,2628.4,2641.0,2626.5,2637.0,,0.29,0.3271952518642429,sp500.csv,True
SP500,2017-12-08,1d,2646.2,2651.7,2644.1,2651.5,,0.55,0.20028720429294822,sp500.csv,True
SP500,2017-12-11,1d,2652.2,2660.3,2651.5,2660.0,,0.32,0.29409546791343555,sp500.csv,True
SP500,2017-12-12,1d,2661.7,2669.7,2659.8,2664.1,,0.15,0.09016793778413579,sp500.csv,True
SP500,2017-12-13,1d,2667.6,2671.9,2662.8,2662.8,,-0.05,-0.1799370220422758,sp500.csv,True
SP500,2017-12-14,1d,2665.9,2668.1,2652.0,2652.0,,-0.41,-0.521399902471964,sp500.csv,True
SP500,2017-12-15,1d,2660.6,2679.6,2659.1,2675.8,,0.9,0.5712997068330505,sp500.csv,True
SP500,2017-12-18,1d,2685.9,2695.0,2685.9,2690.2,,0.54,0.16009531255816167,sp500.csv,True
SP500,2017-12-19,1d,2692.7,2694.4,2680.7,2681.5,,-0.32,-0.4159393916886356,sp500.csv,True
SP500,2017-12-20,1d,2688.2,2691.0,2676.1,2679.2,,-0.09,-0.33479651811620936,sp500.csv,True
SP500,2017-12-21,1d,2683.0,2692.6,2682.4,2684.6,,0.2,0.05963473723442636,sp500.csv,True
SP500,2017-12-22,1d,2684.2,2685.3,2678.1,2683.3,,-0.05,-0.03352954325309687,sp500.csv,True
SP500,2017-12-26,1d,2679.1,2682.7,2678.0,2680.5,,-0.1,0.052256354745994216,sp500.csv,True
SP500,2017-12-27,1d,2682.1,2685.6,2678.9,2682.6,,0.08,0.01864210879534145,sp500.csv,True
SP500,2017-12-28,1d,2686.1,2687.7,2682.7,2687.5,,0.18,0.0521201742303079,sp500.csv,True
SP500,2017-12-29,1d,2689.2,2692.1,2673.6,2673.6,,-0.52,-0.5800981704596087,sp500.csv,True
SP500,2018-01-02,1d,2683.7,2695.9,2682.4,2695.8,,0.83,0.4508700674442201,sp500.csv,True
SP500,2018-01-03,1d,2697.8,2714.4,2697.8,2713.1,,0.64,0.5671287715916629,sp500.csv,True
SP500,2018-01-04,1d,2719.3,2729.3,2719.1,2724.0,,0.4,0.17283859816863423,sp500.csv,True
SP500,2018-01-05,1d,2731.3,2743.4,2727.9,2743.2,,0.7,0.4356899644857526,sp500.csv,True
SP500,2018-01-08,1d,2742.7,2748.5,2737.6,2747.7,,0.16,0.18230211105845218,sp500.csv,True
SP500,2018-01-09,1d,2751.2,2759.1,2747.9,2751.3,,0.13,0.0036347775516309966,sp500.csv,True
SP500,2018-01-10,1d,2745.6,2750.8,2736.1,2748.2,,-0.11,0.09469696969697239,sp500.csv,True
SP500,2018-01-11,1d,2753.0,2767.6,2752.8,2767.6,,0.71,0.5303305484925414,sp500.csv,True
SP500,2018-01-12,1d,2770.2,2787.8,2769.6,2786.2,,0.67,0.5775756263085796,sp500.csv,True
SP500,2018-01-16,1d,2799.0,2807.5,2768.6,2776.4,,-0.35,-0.8074312254376492,sp500.csv,True
SP500,2018-01-17,1d,2785.0,2807.0,2778.4,2802.6,,0.94,0.6319569120287305,sp500.csv,True
SP500,2018-01-18,1d,2802.4,2805.8,2792.6,2798.0,,-0.16,-0.15700827861833133,sp500.csv,True
SP500,2018-01-19,1d,2802.6,2810.3,2798.1,2810.3,,0.44,0.2747448797545182,sp500.csv,True
SP500,2018-01-22,1d,2809.2,2833.0,2808.1,2833.0,,0.81,0.8472162893350399,sp500.csv,True
SP500,2018-01-23,1d,2835.1,2842.2,2830.6,2839.1,,0.22,0.14108849776022225,sp500.csv,True
SP500,2018-01-24,1d,2845.4,2853.0,2824.8,2837.5,,-0.06,-0.27764110494131744,sp500.csv,True
SP500,2018-01-25,1d,2846.2,2848.6,2830.9,2839.2,,0.06,-0.24594195769798155,sp500.csv,True
SP500,2018-01-26,1d,2847.5,2872.9,2846.2,2872.9,,1.19,0.8920105355575192,sp500.csv,True
SP500,2018-01-29,1d,2867.2,2870.6,2851.5,2853.5,,-0.68,-0.4778180803571397,sp500.csv,True
SP500,2018-01-30,1d,2832.7,2837.8,2818.3,2822.4,,-1.09,-0.36361068944822383,sp500.csv,True
SP500,2018-01-31,1d,2832.4,2839.3,2813.0,2823.8,,0.05,-0.30362943087134386,sp500.csv,True
SP500,2018-02-01,1d,2816.4,2836.0,2812.7,2822.0,,-0.06,0.19883539269989203,sp500.csv,True
SP500,2018-02-02,1d,2808.9,2808.9,2760.0,2762.1,,-2.12,-1.6661326497917406,sp500.csv,True
SP500,2018-02-05,1d,2741.1,2763.4,2638.2,2648.9,,-4.1,-3.3636131480062725,sp500.csv,True
SP500,2018-02-06,1d,2614.8,2701.0,2593.1,2695.1,,1.74,3.0709805721278682,sp500.csv,True
SP500,2018-02-07,1d,2690.9,2727.7,2681.3,2681.7,,-0.5,-0.34189304693598155,sp500.csv,True
SP500,2018-02-08,1d,2685.0,2685.3,2580.6,2581.0,,-3.76,-3.8733705772811877,sp500.csv,True
SP500,2018-02-09,1d,2601.8,2638.7,2532.7,2619.6,,1.5,0.6841417480205836,sp500.csv,True
SP500,2018-02-12,1d,2636.8,2672.6,2622.4,2656.0,,1.39,0.7281553398058138,sp500.csv,True
SP500,2018-02-13,1d,2646.3,2668.8,2637.1,2662.9,,0.26,0.6272909345123256,sp500.csv,True
SP500,2018-02-14,1d,2651.2,2702.1,2648.9,2698.6,,1.34,1.7878696439348252,sp500.csv,True
SP500,2018-02-15,1d,2713.5,2731.5,2689.8,2731.2,,1.21,0.6522940851299008,sp500.csv,True
SP500,2018-02-16,1d,2727.1,2754.4,2725.1,2732.2,,0.04,0.18701184408345117,sp500.csv,True
SP500,2018-02-20,1d,2723.0,2737.6,2706.8,2716.3,,-0.58,-0.24605214836577183,sp500.csv,True
SP500,2018-02-21,1d,2720.5,2747.8,2701.3,2701.3,,-0.55,-0.7057526190038521,sp500.csv,True
SP500,2018-02-22,1d,2710.4,2731.3,2697.8,2704.0,,0.1,-0.23612750885478873,sp500.csv,True
SP500,2018-02-23,1d,2715.8,2747.8,2713.7,2747.3,,1.6,1.1598792252743184,sp500.csv,True
SP500,2018-02-26,1d,2757.4,2780.6,2753.8,2779.6,,1.18,0.8051062595198388,sp500.csv,True
SP500,2018-02-27,1d,2780.4,2789.2,2744.2,2744.3,,-1.27,-1.2983743346281051,sp500.csv,True
SP500,2018-02-28,1d,2753.8,2761.5,2713.5,2713.8,,-1.11,-1.4525383106979484,sp500.csv,True
SP500,2018-03-01,1d,2715.2,2730.9,2659.7,2677.7,,-1.33,-1.3811137301119603,sp500.csv,True
SP500,2018-03-02,1d,2658.9,2696.2,2647.3,2691.2,,0.5,1.2147880702546132,sp500.csv,True
SP500,2018-03-05,1d,2681.1,2728.1,2675.8,2720.9,,1.1,1.484465331393836,sp500.csv,True
SP500,2018-03-06,1d,2730.2,2732.1,2711.3,2728.1,,0.26,-0.07691744194564532,sp500.csv,True
SP500,2018-03-07,1d,2710.2,2730.6,2701.7,2726.8,,-0.05,0.6125009224411615,sp500.csv,True
SP500,2018-03-08,1d,2732.8,2740.4,2722.7,2739.0,,0.45,0.22687353629975426,sp500.csv,True
SP500,2018-03-09,1d,2752.9,2786.6,2751.5,2786.6,,1.74,1.2241636092847452,sp500.csv,True
SP500,2018-03-12,1d,2790.5,2797.0,2779.3,2783.0,,-0.13,-0.2687690378068486,sp500.csv,True
SP500,2018-03-13,1d,2792.3,2801.9,2758.7,2765.3,,-0.64,-0.966944812520143,sp500.csv,True
SP500,2018-03-14,1d,2774.1,2777.1,2744.4,2749.5,,-0.57,-0.8867740888936937,sp500.csv,True
SP500,2018-03-15,1d,2754.3,2763.0,2741.5,2747.3,,-0.08,-0.2541480593980294,sp500.csv,True
SP500,2018-03-16,1d,2750.6,2761.8,2750.0,2752.0,,0.17,0.05089798589399397,sp500.csv,True
SP500,2018-03-19,1d,2741.4,2741.4,2694.6,2712.9,,-1.42,-1.0396147953600332,sp500.csv,True
SP500,2018-03-20,1d,2715.1,2724.2,2710.1,2716.9,,0.15,0.06629590070348357,sp500.csv,True
SP500,2018-03-21,1d,2715.0,2739.1,2709.8,2711.9,,-0.18,-0.1141804788213574,sp500.csv,True
SP500,2018-03-22,1d,2691.4,2695.7,2641.6,2643.7,,-2.51,-1.7723118079809863,sp500.csv,True
SP500,2018-03-23,1d,2646.7,2657.7,2585.9,2588.3,,-2.1,-2.206521328446731,sp500.csv,True
SP500,2018-03-26,1d,2619.3,2661.4,2601.8,2658.6,,2.72,1.5004008704615712,sp500.csv,True
SP500,2018-03-27,1d,2667.6,2674.8,2596.1,2612.6,,-1.73,-2.0617783775678467,sp500.csv,True
SP500,2018-03-28,1d,2611.3,2632.7,2593.1,2605.0,,-0.29,-0.2412591429556188,sp500.csv,True
SP500,2018-03-29,1d,2614.4,2659.1,2609.7,2640.9,,1.38,1.0136168910648724,sp500.csv,True
SP500,2018-04-02,1d,2633.4,2638.3,2553.8,2581.9,,-2.23,-1.9556466924887994,sp500.csv,True
SP500,2018-04-03,1d,2592.2,2619.1,2575.5,2614.4,,1.26,0.8564154000463065,sp500.csv,True
SP500,2018-04-04,1d,2584.0,2649.9,2573.6,2644.7,,1.16,2.349071207430331,sp500.csv,True
SP500,2018-04-05,1d,2657.4,2672.1,2649.6,2662.8,,0.68,0.20320614134117232,sp500.csv,True
SP500,2018-04-06,1d,2645.8,2656.9,2586.3,2604.5,,-2.19,-1.5609645475848533,sp500.csv,True
SP500,2018-04-09,1d,2617.2,2653.6,2610.8,2613.2,,0.33,-0.15283509093687586,sp500.csv,True
SP500,2018-04-10,1d,2638.4,2665.4,2635.8,2656.9,,1.67,0.7011825348696155,sp500.csv,True
SP500,2018-04-11,1d,2643.9,2661.4,2639.2,2642.2,,-0.55,-0.06429895230531946,sp500.csv,True
SP500,2018-04-12,1d,2653.8,2674.7,2653.8,2664.0,,0.83,0.38435451051321845,sp500.csv,True
SP500,2018-04-13,1d,2676.9,2680.3,2645.1,2656.3,,-0.29,-0.7695468639097425,sp500.csv,True
SP500,2018-04-16,1d,2670.1,2686.5,2665.2,2677.8,,0.81,0.28837871240778856,sp500.csv,True
SP500,2018-04-17,1d,2692.7,2713.3,2692.1,2706.4,,1.07,0.508783005904867,sp500.csv,True
SP500,2018-04-18,1d,2710.1,2717.5,2703.6,2708.6,,0.08,-0.0553485111250529,sp500.csv,True
SP500,2018-04-19,1d,2701.2,2702.8,2681.9,2693.1,,-0.57,-0.2998667258996002,sp500.csv,True
SP500,2018-04-20,1d,2692.6,2693.9,2660.6,2670.1,,-0.85,-0.8356235608705354,sp500.csv,True
SP500,2018-04-23,1d,2675.4,2682.9,2658.0,2670.3,,0.01,-0.19062570082978292,sp500.csv,True
SP500,2018-04-24,1d,2680.8,2683.6,2617.3,2634.6,,-1.34,-1.7233661593554217,sp500.csv,True
SP500,2018-04-25,1d,2634.9,2645.3,2612.7,2639.4,,0.18,0.17078446999885255,sp500.csv,True
SP500,2018-04-26,1d,2651.7,2676.5,2647.2,2666.9,,1.04,0.5732171814307963,sp500.csv,True
SP500,2018-04-27,1d,2675.5,2677.3,2659.0,2669.9,,0.11,-0.2093066716501557,sp500.csv,True
SP500,2018-04-30,1d,2675.1,2682.9,2648.0,2648.1,,-0.82,-1.0093080632499696,sp500.csv,True
SP500,2018-05-01,1d,2643.6,2655.3,2625.4,2654.8,,0.25,0.4236646996520044,sp500.csv,True
SP500,2018-05-02,1d,2654.2,2660.9,2631.7,2635.7,,-0.72,-0.6970085148067184,sp500.csv,True
SP500,2018-05-03,1d,2628.1,2637.1,2594.6,2629.7,,-0.23,0.0608804839998367,sp500.csv,True
SP500,2018-05-04,1d,2621.4,2670.9,2615.3,2663.4,,1.28,1.6021972991531186,sp500.csv,True
SP500,2018-05-07,1d,2669.4,2683.3,2664.7,2672.6,,0.35,0.11987712594589972,sp500.csv,True
SP500,2018-05-08,1d,2670.3,2676.3,2655.2,2671.9,,-0.03,0.05991836123282468,sp500.csv,True
SP500,2018-05-09,1d,2678.1,2701.3,2674.1,2697.8,,0.97,0.735596131585825,sp500.csv,True
SP500,2018-05-10,1d,2705.0,2726.1,2704.5,2723.1,,0.94,0.669131238447318,sp500.csv,True
SP500,2018-05-11,1d,2722.7,2732.9,2717.4,2727.7,,0.17,0.18364123847651737,sp500.csv,True
SP500,2018-05-14,1d,2733.4,2742.1,2725.5,2730.1,,0.09,-0.12072876271310706,sp500.csv,True
SP500,2018-05-15,1d,2718.6,2718.6,2701.9,2711.4,,-0.68,-0.26484219819024046,sp500.csv,True
SP500,2018-05-16,1d,2712.6,2727.8,2712.2,2722.5,,0.41,0.36496350364962904,sp500.csv,True
SP500,2018-05-17,1d,2719.7,2732.0,2711.4,2720.1,,-0.09,0.014707504504185565,sp500.csv,True
SP500,2018-05-18,1d,2717.3,2719.5,2709.2,2713.0,,-0.26,-0.1582453170426601,sp500.csv,True
SP500,2018-05-21,1d,2725.9,2739.2,2725.7,2733.0,,0.74,0.2604644337649953,sp500.csv,True
SP500,2018-05-22,1d,2738.3,2742.2,2721.9,2724.4,,-0.31,-0.5076142131979711,sp500.csv,True
SP500,2018-05-23,1d,2714.0,2733.3,2709.5,2733.3,,0.33,0.711127487103913,sp500.csv,True
SP500,2018-05-24,1d,2730.9,2732.0,2707.4,2727.8,,-0.2,-0.11351569079790513,sp500.csv,True
SP500,2018-05-25,1d,2723.6,2727.4,2715.0,2721.3,,-0.24,-0.08444705536788666,sp500.csv,True
SP500,2018-05-29,1d,2705.1,2710.7,2676.8,2689.9,,-1.15,-0.561901593286751,sp500.csv,True
SP500,2018-05-30,1d,2702.4,2729.3,2702.4,2724.0,,1.27,0.799289520426294,sp500.csv,True
SP500,2018-05-31,1d,2721.0,2722.5,2700.7,2705.3,,-0.69,-0.5769937522969393,sp500.csv,True
SP500,2018-06-01,1d,2718.7,2736.9,2718.7,2734.6,,1.08,0.5848383418545655,sp500.csv,True
SP500,2018-06-04,1d,2741.7,2749.2,2740.5,2746.9,,0.45,0.1896633475581,sp500.csv,True
SP500,2018-06-05,1d,2748.5,2752.6,2739.5,2748.8,,0.07,0.010915044569781429,sp500.csv,True
SP500,2018-06-06,1d,2753.2,2772.4,2748.5,2772.3,,0.85,0.6937381955542721,sp500.csv,True
SP500,2018-06-07,1d,2774.8,2779.9,2760.2,2770.4,,-0.07,-0.15856998702609149,sp500.csv,True
SP500,2018-06-08,1d,2765.8,2779.4,2763.6,2779.0,,0.31,0.4772579362209761,sp500.csv,True
SP500,2018-06-11,1d,2780.2,2790.2,2780.2,2782.0,,0.11,0.0647435436299526,sp500.csv,True
SP500,2018-06-12,1d,2785.6,2789.8,2778.8,2786.8,,0.17,0.0430786904078273,sp500.csv,True
SP500,2018-06-13,1d,2787.9,2791.5,2774.7,2775.6,,-0.4,-0.4411922952760161,sp500.csv,True
SP500,2018-06-14,1d,2783.2,2789.1,2776.5,2782.5,,0.25,-0.025150905432591575,sp500.csv,True
SP500,2018-06-15,1d,2777.8,2782.8,2761.7,2779.7,,-0.1,0.06839945280436854,sp500.csv,True
SP500,2018-06-18,1d,2765.8,2775.0,2757.1,2773.8,,-0.21,0.28924723407333097,sp500.csv,True
SP500,2018-06-19,1d,2752.0,2765.1,2743.2,2762.6,,-0.4,0.3851744186046391,sp500.csv,True
SP500,2018-06-20,1d,2769.7,2774.9,2763.9,2767.3,,0.17,-0.0866519839693658,sp500.csv,True
SP500,2018-06-21,1d,2769.3,2769.3,2744.4,2749.8,,-0.63,-0.7041490629400959,sp500.csv,True
SP500,2018-06-22,1d,2760.8,2764.2,2752.7,2754.9,,0.19,-0.21370617212402854,sp500.csv,True
SP500,2018-06-25,1d,2742.9,2742.9,2698.7,2717.1,,-1.37,-0.9406103029640178,sp500.csv,True
SP500,2018-06-26,1d,2722.1,2732.9,2715.6,2723.1,,0.22,0.03673634326439856,sp500.csv,True
SP500,2018-06-27,1d,2728.4,2746.1,2699.4,2699.6,,-0.86,-1.0555637003372031,sp500.csv,True
SP500,2018-06-28,1d,2698.7,2724.3,2692.0,2716.3,,0.62,0.6521658576351674,sp500.csv,True
SP500,2018-06-29,1d,2727.1,2743.3,2718.0,2718.4,,0.08,-0.319020204612952,sp500.csv,True
SP500,2018-07-02,1d,2704.9,2727.3,2698.9,2726.7,,0.31,0.8059447669044983,sp500.csv,True
SP500,2018-07-03,1d,2733.3,2736.6,2711.2,2713.2,,-0.5,-0.7353748216441747,sp500.csv,True
SP500,2018-07-05,1d,2724.2,2737.8,2716.0,2736.6,,0.86,0.4551795022391891,sp500.csv,True
SP500,2018-07-06,1d,2737.7,2764.4,2733.5,2759.8,,0.85,0.8072469591262843,sp500.csv,True
SP500,2018-07-09,1d,2768.5,2784.7,2768.5,2784.2,,0.88,0.567094094274867,sp500.csv,True
SP500,2018-07-10,1d,2788.6,2795.6,2786.2,2793.8,,0.34,0.1864734992469419,sp500.csv,True
SP500,2018-07-11,1d,2779.8,2785.9,2770.8,2774.0,,-0.71,-0.20864810418016466,sp500.csv,True
SP500,2018-07-12,1d,2783.1,2799.2,2781.5,2798.3,,0.88,0.5461535697603548,sp500.csv,True
SP500,2018-07-13,1d,2796.9,2804.5,2791.7,2801.3,,0.11,0.15731702956844895,sp500.csv,True
SP500,2018-07-16,1d,2801.4,2803.7,2793.4,2798.4,,-0.1,-0.10708931248661901,sp500.csv,True
SP500,2018-07-17,1d,2789.3,2814.2,2789.2,2809.6,,0.4,0.7277811637328213,sp500.csv,True
SP500,2018-07-18,1d,2811.3,2816.8,2805.9,2815.6,,0.21,0.15295414932592344,sp500.csv,True
SP500,2018-07-19,1d,2809.4,2812.1,2799.8,2804.5,,-0.39,-0.17441446572221686,sp500.csv,True
SP500,2018-07-20,1d,2804.6,2809.7,2800.0,2801.8,,-0.1,-0.09983598374099234,sp500.csv,True
SP500,2018-07-23,1d,2799.2,2808.6,2795.1,2807.0,,0.19,0.27865104315518696,sp500.csv,True
SP500,2018-07-24,1d,2820.7,2830.0,2811.1,2820.4,,0.48,-0.010635657815427635,sp500.csv,True
SP500,2018-07-25,1d,2817.7,2848.0,2817.7,2846.1,,0.91,1.007914256308351,sp500.csv,True
SP500,2018-07-26,1d,2835.5,2845.6,2835.3,2837.4,,-0.31,0.06700758243696203,sp500.csv,True
SP500,2018-07-27,1d,2842.3,2843.2,2808.3,2818.8,,-0.66,-0.8267952010695523,sp500.csv,True
SP500,2018-07-30,1d,2819.0,2821.7,2798.1,2802.6,,-0.57,-0.5817665838950048,sp500.csv,True
SP500,2018-07-31,1d,2809.7,2824.5,2808.1,2816.3,,0.49,0.23490052318753118,sp500.csv,True
SP500,2018-08-01,1d,2821.2,2825.8,2805.8,2813.4,,-0.1,-0.27647809442788995,sp500.csv,True
SP500,2018-08-02,1d,2800.5,2829.9,2796.3,2827.2,,0.49,0.9534011783610019,sp500.csv,True
SP500,2018-08-03,1d,2829.6,2840.4,2827.4,2840.3,,0.46,0.37814532089341935,sp500.csv,True
SP500,2018-08-06,1d,2840.3,2853.3,2836.0,2850.4,,0.36,0.35559623983381083,sp500.csv,True
SP500,2018-08-07,1d,2855.9,2863.4,2855.9,2858.4,,0.28,0.08753807906438649,sp500.csv,True
SP500,2018-08-08,1d,2856.8,2862.4,2853.1,2857.7,,-0.02,0.03150378045364555,sp500.csv,True
SP500,2018-08-09,1d,2857.2,2862.5,2852.0,2853.6,,-0.14,-0.12599748005039935,sp500.csv,True
SP500,2018-08-10,1d,2839.6,2842.2,2825.8,2833.3,,-0.71,-0.22186223411747585,sp500.csv,True
SP500,2018-08-13,1d,2835.5,2843.4,2819.9,2821.9,,-0.4,-0.47963322165403,sp500.csv,True
SP500,2018-08-14,1d,2827.9,2843.1,2826.6,2840.0,,0.64,0.4278793450970708,sp500.csv,True
SP500,2018-08-15,1d,2827.9,2827.9,2802.5,2818.4,,-0.76,-0.33593832879521557,sp500.csv,True
SP500,2018-08-16,1d,2831.4,2850.5,2831.4,2840.7,,0.79,0.32845941936849865,sp500.csv,True
SP500,2018-08-17,1d,2838.3,2855.6,2833.7,2850.1,,0.33,0.41574181728498694,sp500.csv,True
SP500,2018-08-20,1d,2853.9,2859.8,2850.6,2857.1,,0.25,0.11212726444513876,sp500.csv,True
SP500,2018-08-21,1d,2861.5,2873.2,2861.3,2863.0,,0.21,0.05242005940939709,sp500.csv,True
SP500,2018-08-22,1d,2861.0,2867.5,2856.1,2861.8,,-0.04,0.027962250961199864,sp500.csv,True
SP500,2018-08-23,1d,2860.3,2868.8,2854.0,2857.0,,-0.17,-0.11537251337272458,sp500.csv,True
SP500,2018-08-24,1d,2862.3,2876.2,2862.3,2874.7,,0.62,0.4332180414351905,sp500.csv,True
SP500,2018-08-27,1d,2884.7,2898.2,2884.7,2896.7,,0.77,0.41598779769127514,sp500.csv,True
SP500,2018-08-28,1d,2901.4,2903.8,2893.5,2897.5,,0.03,-0.13441786723651372,sp500.csv,True
SP500,2018-08-29,1d,2900.6,2916.5,2898.4,2914.0,,0.57,0.4619733848169272,sp500.csv,True
SP500,2018-08-30,1d,2908.9,2912.5,2895.2,2901.1,,-0.44,-0.2681425968579232,sp500.csv,True
SP500,2018-08-31,1d,2898.4,2906.3,2891.7,2901.5,,0.01,0.10695556168920373,sp500.csv,True
SP500,2018-09-04,1d,2897.0,2900.2,2885.1,2896.7,,-0.17,-0.010355540214024295,sp500.csv,True
SP500,2018-09-05,1d,2891.6,2894.2,2876.9,2888.6,,-0.28,-0.10374878959745759,sp500.csv,True
SP500,2018-09-06,1d,2888.6,2892.1,2867.3,2878.1,,-0.36,-0.36349788825036367,sp500.csv,True
SP500,2018-09-07,1d,2868.3,2883.8,2864.1,2871.7,,-0.22,0.11853711257538979,sp500.csv,True
SP500,2018-09-10,1d,2881.4,2886.9,2875.9,2877.1,,0.19,-0.1492330117304097,sp500.csv,True
SP500,2018-09-11,1d,2871.6,2892.5,2866.8,2887.9,,0.38,0.5676278033152293,sp500.csv,True
SP500,2018-09-12,1d,2888.3,2894.7,2879.2,2888.9,,0.03,0.02077346536024649,sp500.csv,True
SP500,2018-09-13,1d,2896.8,2906.8,2896.4,2904.2,,0.53,0.25545429439379763,sp500.csv,True
SP500,2018-09-14,1d,2906.4,2908.3,2895.8,2905.0,,0.03,-0.04816955684008306,sp500.csv,True
SP500,2018-09-17,1d,2903.8,2904.7,2886.2,2888.8,,-0.56,-0.5165645016874443,sp500.csv,True
SP500,2018-09-18,1d,2890.7,2911.2,2890.4,2904.3,,0.54,0.47047427958626375,sp500.csv,True
SP500,2018-09-19,1d,2906.6,2912.4,2903.8,2907.9,,0.12,0.044725796463218614,sp500.csv,True
SP500,2018-09-20,1d,2919.7,2934.8,2919.7,2930.8,,0.79,0.3801760454841485,sp500.csv,True
SP500,2018-09-21,1d,2936.8,2940.9,2927.1,2929.7,,-0.04,-0.2417597384908876,sp500.csv,True
SP500,2018-09-24,1d,2921.8,2923.8,2912.6,2919.4,,-0.35,-0.0821411458689858,sp500.csv,True
SP500,2018-09-25,1d,2921.8,2923.9,2913.7,2915.6,,-0.13,-0.21219796016155312,sp500.csv,True
SP500,2018-09-26,1d,2917.0,2931.2,2903.3,2906.0,,-0.33,-0.37709976002742174,sp500.csv,True
SP500,2018-09-27,1d,2911.7,2927.2,2909.3,2914.0,,0.28,0.07899165436000555,sp500.csv,True
SP500,2018-09-28,1d,2910.0,2920.5,2907.5,2914.0,,0.0,0.13745704467353903,sp500.csv,True
SP500,2018-10-01,1d,2926.3,2937.1,2917.9,2924.6,,0.36,-0.05809383863583095,sp500.csv,True
SP500,2018-10-02,1d,2923.8,2931.4,2919.4,2923.4,,-0.04,-0.013680826321915696,sp500.csv,True
SP500,2018-10-03,1d,2931.7,2939.9,2921.4,2925.5,,0.07,-0.21148139304839608,sp500.csv,True
SP500,2018-10-04,1d,2919.3,2919.8,2883.9,2901.6,,-0.82,-0.6063097317850263,sp500.csv,True
SP500,2018-10-05,1d,2902.5,2909.6,2869.3,2885.6,,-0.55,-0.5822566752799352,sp500.csv,True
SP500,2018-10-08,1d,2877.5,2889.4,2862.1,2884.4,,-0.04,0.23979148566464215,sp500.csv,True
SP500,2018-10-09,1d,2882.5,2894.8,2874.3,2880.3,,-0.14,-0.07632263660016791,sp500.csv,True
SP500,2018-10-10,1d,2873.9,2874.0,2784.9,2785.7,,-3.28,-3.069000313163306,sp500.csv,True
SP500,2018-10-11,1d,2776.9,2795.1,2710.5,2728.4,,-2.06,-1.746551910403682,sp500.csv,True
SP500,2018-10-12,1d,2770.5,2775.8,2729.4,2767.1,,1.42,-0.12272153040967515,sp500.csv,True
SP500,2018-10-15,1d,2763.8,2776.0,2749.0,2750.8,,-0.59,-0.470366886171214,sp500.csv,True
SP500,2018-10-16,1d,2767.1,2813.5,2766.9,2809.9,,2.15,1.546745690434026,sp500.csv,True
SP500,2018-10-17,1d,2811.7,2816.9,2781.8,2809.2,,-0.02,-0.0889141800334281,sp500.csv,True
SP500,2018-10-18,1d,2802.0,2806.0,2755.2,2768.8,,-1.44,-1.184867951463231,sp500.csv,True
SP500,2018-10-19,1d,2775.7,2797.8,2760.3,2767.8,,-0.04,-0.2846128904420375,sp500.csv,True
SP500,2018-10-22,1d,2773.9,2778.9,2749.2,2755.9,,-0.43,-0.6489058725981489,sp500.csv,True
SP500,2018-10-23,1d,2721.0,2753.6,2691.4,2740.7,,-0.55,0.7239985299522189,sp500.csv,True
SP500,2018-10-24,1d,2737.9,2742.6,2651.9,2656.1,,-3.09,-2.987691296248951,sp500.csv,True
SP500,2018-10-25,1d,2674.9,2722.7,2667.8,2705.6,,1.86,1.1477064563161221,sp500.csv,True
SP500,2018-10-26,1d,2667.9,2692.4,2628.2,2658.7,,-1.73,-0.3448405112635555,sp500.csv,True
SP500,2018-10-29,1d,2682.7,2706.8,2603.5,2641.2,,-0.66,-1.5469489693219485,sp500.csv,True
SP500,2018-10-30,1d,2640.7,2685.4,2635.3,2682.6,,1.57,1.5867004960805842,sp500.csv,True
SP500,2018-10-31,1d,2705.6,2736.7,2705.6,2711.7,,1.08,0.2254583086930717,sp500.csv,True
SP500,2018-11-01,1d,2717.6,2741.7,2708.8,2740.4,,1.06,0.838975566676492,sp500.csv,True
SP500,2018-11-02,1d,2745.4,2756.6,2700.4,2723.1,,-0.63,-0.812267793399879,sp500.csv,True
SP500,2018-11-05,1d,2726.4,2744.3,2717.9,2738.3,,0.56,0.4364730046948484,sp500.csv,True
SP500,2018-11-06,1d,2738.4,2756.8,2737.1,2755.4,,0.62,0.6208004674262302,sp500.csv,True
SP500,2018-11-07,1d,2774.1,2815.2,2774.1,2813.9,,2.12,1.4346995421938624,sp500.csv,True
SP500,2018-11-08,1d,2806.4,2814.8,2795.0,2806.8,,-0.25,0.014253135689856755,sp500.csv,True
SP500,2018-11-09,1d,2794.1,2794.1,2764.2,2781.0,,-0.92,-0.4688450663898891,sp500.csv,True
SP500,2018-11-12,1d,2773.9,2776.0,2722.0,2726.2,,-1.97,-1.719600562385104,sp500.csv,True
SP500,2018-11-13,1d,2730.1,2754.6,2715.0,2722.2,,-0.15,-0.28936668986484504,sp500.csv,True
SP500,2018-11-14,1d,2737.9,2746.8,2685.8,2701.6,,-0.76,-1.3258336681398197,sp500.csv,True
SP500,2018-11-15,1d,2693.5,2735.4,2670.8,2730.2,,1.06,1.3625394468164131,sp500.csv,True
SP500,2018-11-16,1d,2718.5,2746.8,2712.2,2736.3,,0.22,0.6547728526761221,sp500.csv,True
SP500,2018-11-19,1d,2730.7,2733.2,2681.1,2690.7,,-1.67,-1.4648258688248483,sp500.csv,True
SP500,2018-11-20,1d,2654.6,2669.4,2631.5,2641.9,,-1.81,-0.4784148270925881,sp500.csv,True
SP500,2018-11-21,1d,2657.7,2670.7,2649.8,2649.9,,0.3,-0.29348684953154347,sp500.csv,True
SP500,2018-11-23,1d,2633.4,2647.6,2631.1,2632.6,,-0.65,-0.030378977747402836,sp500.csv,True
SP500,2018-11-26,1d,2650.0,2674.3,2650.0,2673.4,,1.55,0.8830188679245232,sp500.csv,True
SP500,2018-11-27,1d,2663.8,2682.5,2655.9,2682.2,,0.33,0.6907425482393537,sp500.csv,True
SP500,2018-11-28,1d,2691.4,2744.0,2684.4,2743.8,,2.3,1.94694211191202,sp500.csv,True
SP500,2018-11-29,1d,2737.0,2753.8,2722.9,2737.8,,-0.22,0.0292290829375208,sp500.csv,True
SP500,2018-11-30,1d,2737.8,2760.9,2732.8,2760.2,,0.82,0.8181751771495271,sp500.csv,True
SP500,2018-12-03,1d,2790.5,2800.2,2773.4,2790.4,,1.09,-0.003583587170752356,sp500.csv,True
SP500,2018-12-04,1d,2782.4,2785.9,2697.2,2700.1,,-3.24,-2.9578780908568247,sp500.csv,True
SP500,2018-12-06,1d,2663.5,2696.2,2621.5,2695.9,,-0.16,1.2164445278768587,sp500.csv,True
SP500,2018-12-07,1d,2691.3,2708.5,2623.1,2633.1,,-2.33,-2.162523687437312,sp500.csv,True
SP500,2018-12-10,1d,2630.9,2647.5,2583.2,2637.7,,0.17,0.258466684404568,sp500.csv,True
SP500,2018-12-11,1d,2664.4,2674.3,2621.3,2636.8,,-0.03,-1.035880498423658,sp500.csv,True
SP500,2018-12-12,1d,2658.2,2685.4,2650.3,2651.1,,0.54,-0.2670980362651343,sp500.csv,True
SP500,2018-12-13,1d,2658.7,2670.2,2637.3,2650.5,,-0.02,-0.3084214089592585,sp500.csv,True
SP500,2018-12-14,1d,2629.7,2635.1,2593.8,2599.9,,-1.91,-1.1332091113054665,sp500.csv,True
SP500,2018-12-17,1d,2590.8,2601.1,2530.5,2545.9,,-2.08,-1.7330554268951692,sp500.csv,True
SP500,2018-12-18,1d,2559.9,2574.0,2528.7,2546.2,,0.01,-0.5351771553576468,sp500.csv,True
SP500,2018-12-19,1d,2547.1,2585.3,2489.0,2507.0,,-1.54,-1.5743394448588521,sp500.csv,True
SP500,2018-12-20,1d,2496.8,2509.6,2441.2,2467.4,,-1.58,-1.1775072092278127,sp500.csv,True
SP500,2018-12-21,1d,2465.4,2504.4,2408.6,2416.6,,-2.06,-1.9793948243692738,sp500.csv,True
SP500,2018-12-24,1d,2400.6,2410.3,2351.1,2351.1,,-2.71,-2.061984503874037,sp500.csv,True
SP500,2018-12-26,1d,2363.1,2467.8,2346.6,2467.7,,4.96,4.426389065210956,sp500.csv,True
SP500,2018-12-27,1d,2442.5,2489.1,2397.9,2488.8,,0.86,1.8955987717502731,sp500.csv,True
SP500,2018-12-28,1d,2498.8,2520.3,2472.9,2485.7,,-0.12,-0.5242516407875875,sp500.csv,True
SP500,2018-12-31,1d,2498.9,2509.2,2482.8,2506.8,,0.85,0.3161391012045378,sp500.csv,True
SP500,2019-01-02,1d,2477.0,2519.5,2467.5,2510.0,,0.13,1.3322567622123582,sp500.csv,True
SP500,2019-01-03,1d,2491.9,2493.1,2444.0,2447.9,,-2.47,-1.7657209358320936,sp500.csv,True
SP500,2019-01-04,1d,2474.3,2538.1,2474.3,2531.9,,3.43,2.327931132037331,sp500.csv,True
SP500,2019-01-07,1d,2535.6,2566.2,2524.6,2549.7,,0.7,0.55608140085186,sp500.csv,True
SP500,2019-01-08,1d,2568.1,2579.8,2547.6,2574.4,,0.97,0.24531754993966093,sp500.csv,True
SP500,2019-01-09,1d,2580.0,2595.3,2568.9,2585.0,,0.41,0.19379844961240345,sp500.csv,True
SP500,2019-01-10,1d,2573.5,2597.8,2562.0,2596.6,,0.45,0.8976102584029588,sp500.csv,True
SP500,2019-01-11,1d,2588.1,2596.3,2577.4,2596.3,,-0.01,0.31683474363433106,sp500.csv,True
SP500,2019-01-14,1d,2580.3,2589.3,2570.4,2582.6,,-0.53,0.08913692206331536,sp500.csv,True
SP500,2019-01-15,1d,2585.1,2613.1,2585.1,2610.3,,1.07,0.9748172217709294,sp500.csv,True
SP500,2019-01-16,1d,2614.8,2625.8,2612.7,2616.1,,0.22,0.0497169955637089,sp500.csv,True
SP500,2019-01-17,1d,2609.3,2645.1,2606.4,2636.0,,0.76,1.023262944084613,sp500.csv,True
SP500,2019-01-18,1d,2651.3,2675.5,2647.6,2670.7,,1.32,0.7317165164258954,sp500.csv,True
SP500,2019-01-22,1d,2657.9,2657.9,2617.3,2632.9,,-1.42,-0.9405921968471342,sp500.csv,True
SP500,2019-01-23,1d,2643.5,2653.2,2612.9,2638.7,,0.22,-0.18157745413278636,sp500.csv,True
SP500,2019-01-24,1d,2638.8,2647.2,2627.0,2642.3,,0.14,0.13263604668789508,sp500.csv,True
SP500,2019-01-25,1d,2657.4,2672.4,2657.3,2664.8,,0.85,0.2784676751712345,sp500.csv,True
SP500,2019-01-28,1d,2645.0,2645.0,2624.1,2643.8,,-0.79,-0.04536862003780007,sp500.csv,True
SP500,2019-01-29,1d,2644.9,2650.9,2631.1,2640.0,,-0.14,-0.18526220272978566,sp500.csv,True
SP500,2019-01-30,1d,2653.6,2690.4,2648.3,2681.1,,1.56,1.0363280072354542,sp500.csv,True
SP500,2019-01-31,1d,2685.5,2708.9,2678.7,2704.1,,0.86,0.6926084528020793,sp500.csv,True
SP500,2019-02-01,1d,2702.3,2716.7,2696.9,2706.5,,0.09,0.1554231580505494,sp500.csv,True
SP500,2019-02-04,1d,2706.5,2725.0,2698.8,2724.9,,0.68,0.6798448180306726,sp500.csv,True
SP500,2019-02-05,1d,2728.3,2739.0,2724.0,2737.7,,0.47,0.34453689110434116,sp500.csv,True
SP500,2019-02-06,1d,2735.1,2738.1,2724.2,2731.6,,-0.22,-0.12796607071039467,sp500.csv,True
SP500,2019-02-07,1d,2717.5,2719.3,2687.3,2706.1,,-0.93,-0.419503219871209,sp500.csv,True
SP500,2019-02-08,1d,2692.4,2708.1,2681.8,2707.9,,0.07,0.5756945476155018,sp500.csv,True
SP500,2019-02-11,1d,2712.4,2718.1,2703.8,2709.8,,0.07,-0.09585606842648087,sp500.csv,True
SP500,2019-02-12,1d,2722.6,2748.2,2722.6,2744.7,,1.29,0.8117240872695275,sp500.csv,True
SP500,2019-02-13,1d,2750.3,2761.8,2748.6,2753.0,,0.3,0.09817110860632638,sp500.csv,True
SP500,2019-02-14,1d,2743.5,2757.9,2731.2,2745.7,,-0.27,0.08018953891013592,sp500.csv,True
SP500,2019-02-15,1d,2760.2,2775.7,2760.2,2775.6,,1.09,0.5579305847402294,sp500.csv,True
SP500,2019-02-19,1d,2769.3,2787.3,2767.3,2779.8,,0.15,0.37915718773697815,sp500.csv,True
SP500,2019-02-20,1d,2779.1,2789.9,2774.1,2784.7,,0.18,0.2015040840559923,sp500.csv,True
SP500,2019-02-21,1d,2780.2,2781.6,2764.6,2774.9,,-0.35,-0.19063376735485305,sp500.csv,True
SP500,2019-02-22,1d,2780.7,2794.2,2779.1,2792.7,,0.64,0.4315460135936977,sp500.csv,True
SP500,2019-02-25,1d,2804.3,2813.5,2795.0,2796.1,,0.12,-0.2924080875797985,sp500.csv,True
SP500,2019-02-26,1d,2792.4,2803.1,2789.5,2793.9,,-0.08,0.053717232488192934,sp500.csv,True
SP500,2019-02-27,1d,2787.5,2795.8,2775.1,2792.4,,-0.05,0.1757847533632395,sp500.csv,True
SP500,2019-02-28,1d,2788.1,2793.7,2782.5,2784.5,,-0.28,-0.129120189376275,sp500.csv,True
SP500,2019-03-01,1d,2798.2,2808.0,2787.4,2803.7,,0.69,0.19655492816810227,sp500.csv,True
SP500,2019-03-04,1d,2814.4,2816.9,2767.7,2792.8,,-0.39,-0.76748152359295,sp500.csv,True
SP500,2019-03-05,1d,2794.4,2796.4,2783.0,2789.7,,-0.11,-0.16819352991698233,sp500.csv,True
SP500,2019-03-06,1d,2790.3,2790.3,2768.7,2771.4,,-0.66,-0.6773465218793739,sp500.csv,True
SP500,2019-03-07,1d,2766.5,2767.2,2739.1,2748.9,,-0.81,-0.6361829025844923,sp500.csv,True
SP500,2019-03-08,1d,2730.8,2744.1,2722.3,2743.1,,-0.21,0.45041746008493977,sp500.csv,True
SP500,2019-03-11,1d,2747.6,2784.0,2747.6,2783.3,,1.47,1.299315766487119,sp500.csv,True
SP500,2019-03-12,1d,2787.3,2798.3,2786.7,2791.5,,0.29,0.1506834571090243,sp500.csv,True
SP500,2019-03-13,1d,2799.8,2821.2,2799.8,2810.9,,0.69,0.3964568897778298,sp500.csv,True
SP500,2019-03-14,1d,2810.4,2815.0,2803.5,2808.5,,-0.09,-0.06760603472815152,sp500.csv,True
SP500,2019-03-15,1d,2810.8,2830.7,2810.8,2822.5,,0.5,0.41625160096769864,sp500.csv,True
SP500,2019-03-18,1d,2822.6,2835.4,2822.0,2832.9,,0.37,0.3649117834620519,sp500.csv,True
SP500,2019-03-19,1d,2840.8,2852.4,2823.3,2832.6,,-0.01,-0.288651084201641,sp500.csv,True
SP500,2019-03-20,1d,2831.3,2843.5,2812.4,2824.2,,-0.3,-0.25076819835412323,sp500.csv,True
SP500,2019-03-21,1d,2819.7,2860.3,2817.4,2854.9,,1.09,1.2483597545838387,sp500.csv,True
SP500,2019-03-22,1d,2844.5,2846.2,2800.5,2800.7,,-1.9,-1.5398136755141567,sp500.csv,True
SP500,2019-03-25,1d,2796.0,2809.8,2785.0,2798.4,,-0.08,0.08583690987125081,sp500.csv,True
SP500,2019-03-26,1d,2812.7,2829.9,2804.0,2818.5,,0.72,0.20620755857361228,sp500.csv,True
SP500,2019-03-27,1d,2819.7,2825.6,2787.7,2805.4,,-0.46,-0.5071461502996644,sp500.csv,True
SP500,2019-03-28,1d,2809.4,2819.7,2798.8,2815.4,,0.36,0.213568733537417,sp500.csv,True
SP500,2019-03-29,1d,2828.3,2836.0,2819.2,2834.4,,0.67,0.21567726195947934,sp500.csv,True
SP500,2019-04-01,1d,2848.6,2869.4,2848.6,2867.2,,1.16,0.6529523274590998,sp500.csv,True
SP500,2019-04-02,1d,2868.2,2872.9,2858.8,2867.2,,0.0,-0.034865072170697786,sp500.csv,True
SP500,2019-04-03,1d,2876.1,2885.2,2865.2,2873.4,,0.22,-0.09387712527380021,sp500.csv,True
SP500,2019-04-04,1d,2874.0,2881.3,2867.1,2879.4,,0.21,0.18789144050104234,sp500.csv,True
SP500,2019-04-05,1d,2884.2,2893.2,2883.0,2892.7,,0.46,0.29470910477775725,sp500.csv,True
SP500,2019-04-08,1d,2888.5,2895.9,2880.8,2895.8,,0.11,0.2527263285442283,sp500.csv,True
SP500,2019-04-09,1d,2886.6,2886.9,2873.3,2878.2,,-0.61,-0.29099979214300964,sp500.csv,True
SP500,2019-04-10,1d,2881.4,2889.7,2879.1,2888.2,,0.35,0.2359963906434226,sp500.csv,True
SP500,2019-04-11,1d,2891.9,2893.4,2882.0,2888.3,,0.0,-0.12448563228326659,sp500.csv,True
SP500,2019-04-12,1d,2900.9,2910.5,2898.4,2907.4,,0.66,0.22406839256783329,sp500.csv,True
SP500,2019-04-15,1d,2908.3,2909.6,2896.5,2905.6,,-0.06,-0.09283774026064284,sp500.csv,True
SP500,2019-04-16,1d,2912.3,2916.1,2900.7,2907.1,,0.05,-0.1785530336847252,sp500.csv,True
SP500,2019-04-17,1d,2916.0,2918.0,2895.4,2900.4,,-0.23,-0.5349794238683092,sp500.csv,True
SP500,2019-04-18,1d,2904.8,2908.4,2891.9,2905.0,,0.16,0.006885155604519078,sp500.csv,True
SP500,2019-04-22,1d,2898.8,2909.5,2896.3,2908.0,,0.1,0.31737270594727196,sp500.csv,True
SP500,2019-04-23,1d,2910.0,2936.3,2908.5,2933.7,,0.88,0.8144329896907054,sp500.csv,True
SP500,2019-04-24,1d,2934.0,2936.8,2926.1,2927.2,,-0.22,-0.2317655078391323,sp500.csv,True
SP500,2019-04-25,1d,2929.0,2933.1,2912.8,2926.2,,-0.03,-0.0955957664731999,sp500.csv,True
SP500,2019-04-26,1d,2925.8,2939.9,2917.6,2939.9,,0.47,0.4819194750153688,sp500.csv,True
SP500,2019-04-29,1d,2940.6,2949.5,2939.3,2943.0,,0.11,0.08161599673537356,sp500.csv,True
SP500,2019-04-30,1d,2937.1,2948.2,2924.1,2945.8,,0.1,0.2962105478192978,sp500.csv,True
SP500,2019-05-01,1d,2952.3,2954.1,2923.4,2923.7,,-0.75,-0.9687362395420673,sp500.csv,True
SP500,2019-05-02,1d,2922.2,2931.7,2900.5,2917.5,,-0.21,-0.16083772500170568,sp500.csv,True
SP500,2019-05-03,1d,2929.2,2947.8,2929.2,2945.6,,0.96,0.5598798306704955,sp500.csv,True
SP500,2019-05-06,1d,2908.9,2937.3,2898.2,2932.5,,-0.44,0.8113032417752297,sp500.csv,True
SP500,2019-05-07,1d,2913.0,2913.0,2862.6,2884.1,,-1.65,-0.9921043597665657,sp500.csv,True
SP500,2019-05-08,1d,2879.6,2898.0,2873.3,2879.4,,-0.16,-0.00694540908459107,sp500.csv,True
SP500,2019-05-09,1d,2859.8,2876.0,2836.4,2870.7,,-0.3,0.38114553465276035,sp500.csv,True
SP500,2019-05-10,1d,2863.1,2891.3,2825.4,2881.4,,0.37,0.6391673361042294,sp500.csv,True
SP500,2019-05-13,1d,2840.2,2840.2,2801.4,2811.9,,-2.41,-0.996408703612417,sp500.csv,True
SP500,2019-05-14,1d,2820.1,2852.5,2820.1,2834.4,,0.8,0.5070742172263554,sp500.csv,True
SP500,2019-05-15,1d,2820.4,2858.7,2815.1,2851.0,,0.59,1.0849524890086393,sp500.csv,True
SP500,2019-05-16,1d,2855.8,2892.2,2855.8,2876.3,,0.89,0.7178373835702745,sp500.csv,True
SP500,2019-05-17,1d,2858.6,2885.5,2854.2,2859.5,,-0.58,0.03148394318897019,sp500.csv,True
SP500,2019-05-20,1d,2841.9,2853.9,2831.3,2840.2,,-0.67,-0.059819135085692476,sp500.csv,True
SP500,2019-05-21,1d,2854.0,2868.9,2854.0,2864.4,,0.85,0.36440084092501657,sp500.csv,True
SP500,2019-05-22,1d,2856.1,2865.5,2851.1,2856.3,,-0.28,0.007002555932933419,sp500.csv,True
SP500,2019-05-23,1d,2836.7,2836.7,2805.5,2822.2,,-1.19,-0.5111573307011619,sp500.csv,True
SP500,2019-05-24,1d,2832.4,2841.4,2820.2,2826.1,,0.14,-0.22242621098715887,sp500.csv,True
SP500,2019-05-28,1d,2830.0,2840.5,2801.6,2802.4,,-0.84,-0.9752650176678368,sp500.csv,True
SP500,2019-05-29,1d,2790.2,2792.0,2766.1,2783.0,,-0.69,-0.25804601820657025,sp500.csv,True
SP500,2019-05-30,1d,2786.9,2799.0,2776.7,2788.9,,0.21,0.07176432595357163,sp500.csv,True
SP500,2019-05-31,1d,2766.2,2769.0,2750.5,2752.1,,-1.32,-0.5097245318487431,sp500.csv,True
SP500,2019-06-03,1d,2751.5,2763.1,2728.8,2744.4,,-0.28,-0.25804106850808584,sp500.csv,True
SP500,2019-06-04,1d,2762.6,2804.5,2762.6,2803.3,,2.15,1.473249837109969,sp500.csv,True
SP500,2019-06-05,1d,2818.1,2827.3,2800.9,2826.2,,0.82,0.2874276995138647,sp500.csv,True
SP500,2019-06-06,1d,2828.5,2852.1,2822.4,2843.5,,0.61,0.5303164221318823,sp500.csv,True
SP500,2019-06-07,1d,2852.9,2885.0,2852.9,2873.3,,1.05,0.715061866872313,sp500.csv,True
SP500,2019-06-10,1d,2885.8,2904.8,2885.5,2886.7,,0.47,0.0311871924596252,sp500.csv,True
SP500,2019-06-11,1d,2903.3,2910.6,2878.5,2885.7,,-0.03,-0.6062067302724627,sp500.csv,True
SP500,2019-06-12,1d,2882.7,2888.6,2874.7,2879.8,,-0.2,-0.10060013182084937,sp500.csv,True
SP500,2019-06-13,1d,2886.2,2895.2,2882.0,2891.6,,0.41,0.1870972212598021,sp500.csv,True
SP500,2019-06-14,1d,2886.8,2894.4,2879.6,2887.0,,-0.16,0.006928086462520966,sp500.csv,True
SP500,2019-06-17,1d,2889.8,2897.3,2887.3,2889.7,,0.09,-0.0034604470897758866,sp500.csv,True
SP500,2019-06-18,1d,2906.7,2930.8,2905.4,2917.8,,0.97,0.38187635462896274,sp500.csv,True
SP500,2019-06-19,1d,2920.6,2931.7,2911.4,2926.5,,0.3,0.2020132849414491,sp500.csv,True
SP500,2019-06-20,1d,2949.6,2958.1,2931.5,2954.2,,0.95,0.15595334960671892,sp500.csv,True
SP500,2019-06-21,1d,2952.7,2964.2,2946.9,2950.5,,-0.13,-0.07450807735293052,sp500.csv,True
SP500,2019-06-24,1d,2951.4,2954.9,2944.1,2945.3,,-0.18,-0.20668157484583505,sp500.csv,True
SP500,2019-06-25,1d,2945.8,2946.5,2916.0,2917.4,,-0.95,-0.9640844592300968,sp500.csv,True
SP500,2019-06-26,1d,2926.1,2932.6,2913.0,2913.8,,-0.12,-0.42035473838897275,sp500.csv,True
SP500,2019-06-27,1d,2919.7,2929.3,2918.6,2924.9,,0.38,0.17810048977635606,sp500.csv,True
SP500,2019-06-28,1d,2932.9,2944.0,2929.1,2941.8,,0.58,0.3034539193289998,sp500.csv,True
SP500,2019-07-01,1d,2971.4,2977.9,2952.2,2964.3,,0.76,-0.23894460523659067,sp500.csv,True
SP500,2019-07-02,1d,2964.7,2973.2,2955.9,2973.0,,0.29,0.27996087293824523,sp500.csv,True
SP500,2019-07-03,1d,2978.1,2995.8,2978.0,2995.8,,0.77,0.5943386723078481,sp500.csv,True
SP500,2019-07-05,1d,2984.2,2994.0,2968.0,2990.4,,-0.18,0.20776087393608034,sp500.csv,True
SP500,2019-07-08,1d,2979.8,2980.8,2970.1,2975.9,,-0.48,-0.1308812671991455,sp500.csv,True
SP500,2019-07-09,1d,2965.5,2981.9,2963.4,2979.6,,0.12,0.4754678806272006,sp500.csv,True
SP500,2019-07-10,1d,2989.3,3003.0,2984.6,2993.1,,0.45,0.1271200615528656,sp500.csv,True
SP500,2019-07-11,1d,2999.6,3002.3,2988.8,2999.9,,0.23,0.01000133351114485,sp500.csv,True
SP500,2019-07-12,1d,3003.4,3013.9,3001.9,3013.8,,0.46,0.3462742225477822,sp500.csv,True
SP500,2019-07-15,1d,3017.8,3017.8,3008.8,3014.3,,0.02,-0.11597852740407033,sp500.csv,True
SP500,2019-07-16,1d,3012.1,3015.0,3001.2,3004.0,,-0.34,-0.26891537465555393,sp500.csv,True
SP500,2019-07-17,1d,3005.1,3005.3,2984.2,2984.4,,-0.65,-0.688828990715773,sp500.csv,True
SP500,2019-07-18,1d,2978.9,2998.3,2973.1,2995.1,,0.36,0.5438249018093977,sp500.csv,True
SP500,2019-07-19,1d,3004.3,3006.0,2975.9,2976.6,,-0.62,-0.9220117831108876,sp500.csv,True
SP500,2019-07-22,1d,2981.9,2990.7,2976.7,2985.0,,0.28,0.10396056205774773,sp500.csv,True
SP500,2019-07-23,1d,2994.7,3005.9,2988.6,3005.5,,0.69,0.36063712558853656,sp500.csv,True
SP500,2019-07-24,1d,2998.8,3019.6,2996.8,3019.6,,0.47,0.6936107776443823,sp500.csv,True
SP500,2019-07-25,1d,3016.3,3016.3,2997.2,3003.7,,-0.53,-0.4177303318635528,sp500.csv,True
SP500,2019-07-26,1d,3013.2,3028.0,3012.6,3025.9,,0.74,0.4214788264967462,sp500.csv,True
SP500,2019-07-29,1d,3024.5,3025.6,3014.3,3021.0,,-0.16,-0.1157216068771727,sp500.csv,True
SP500,2019-07-30,1d,3007.7,3017.2,3000.9,3013.2,,-0.26,0.1828639824450473,sp500.csv,True
SP500,2019-07-31,1d,3016.2,3017.4,2958.1,2980.4,,-1.09,-1.186923944035534,sp500.csv,True
SP500,2019-08-01,1d,2980.3,3013.6,2945.2,2953.6,,-0.9,-0.8958829648022082,sp500.csv,True
SP500,2019-08-02,1d,2943.9,2945.5,2914.1,2932.1,,-0.73,-0.40082883250111,sp500.csv,True
SP500,2019-08-05,1d,2898.1,2898.1,2822.1,2844.7,,-2.98,-1.8425865222042037,sp500.csv,True
SP500,2019-08-06,1d,2861.2,2884.4,2847.4,2881.8,,1.3,0.7199776317629025,sp500.csv,True
SP500,2019-08-07,1d,2858.7,2892.2,2825.7,2884.0,,0.08,0.8850176653723896,sp500.csv,True
SP500,2019-08-08,1d,2896.2,2938.7,2894.5,2938.1,,1.88,1.4467232925903017,sp500.csv,True
SP500,2019-08-09,1d,2930.5,2935.8,2900.2,2918.7,,-0.66,-0.40266166183245966,sp500.csv,True
SP500,2019-08-12,1d,2907.1,2907.6,2873.1,2883.8,,-1.2,-0.8014860169928695,sp500.csv,True
SP500,2019-08-13,1d,2880.7,2943.3,2877.1,2926.3,,1.47,1.5829485888846584,sp500.csv,True
SP500,2019-08-14,1d,2894.2,2894.2,2839.6,2840.6,,-2.93,-1.8519798217123906,sp500.csv,True
SP500,2019-08-15,1d,2846.2,2856.7,2825.5,2847.6,,0.25,0.04918839153960075,sp500.csv,True
SP500,2019-08-16,1d,2864.7,2893.6,2864.7,2888.7,,1.44,0.8377840611582421,sp500.csv,True
SP500,2019-08-19,1d,2913.5,2931.0,2913.5,2923.7,,1.21,0.35009438819288974,sp500.csv,True
SP500,2019-08-20,1d,2919.0,2923.6,2899.6,2900.5,,-0.79,-0.6337786913326426,sp500.csv,True
SP500,2019-08-21,1d,2922.0,2928.7,2917.9,2924.4,,0.82,0.0821355236139576,sp500.csv,True
SP500,2019-08-22,1d,2930.9,2939.1,2904.5,2922.9,,-0.05,-0.27295370022859533,sp500.csv,True
SP500,2019-08-23,1d,2911.1,2927.0,2835.0,2847.1,,-2.59,-2.198481673594177,sp500.csv,True
SP500,2019-08-26,1d,2866.7,2879.3,2856.0,2878.4,,1.1,0.4081347891303766,sp500.csv,True
SP500,2019-08-27,1d,2893.1,2898.8,2860.6,2869.2,,-0.32,-0.8261034876084539,sp500.csv,True
SP500,2019-08-28,1d,2861.3,2890.0,2853.1,2887.9,,0.65,0.9296473630867164,sp500.csv,True
SP500,2019-08-29,1d,2910.4,2930.5,2905.7,2924.6,,1.27,0.48790544255084,sp500.csv,True
SP500,2019-08-30,1d,2937.1,2940.4,2913.3,2926.5,,0.06,-0.36090020768785314,sp500.csv,True
SP500,2019-09-03,1d,2909.0,2914.4,2891.8,2906.3,,-0.69,-0.09281540048126091,sp500.csv,True
SP500,2019-09-04,1d,2924.7,2938.8,2921.9,2937.8,,1.08,0.4479091872670926,sp500.csv,True
SP500,2019-09-05,1d,2960.6,2985.9,2960.6,2976.0,,1.3,0.520164831453096,sp500.csv,True
SP500,2019-09-06,1d,2980.3,2985.0,2972.5,2978.7,,0.09,-0.05368587054995766,sp500.csv,True
SP500,2019-09-09,1d,2988.4,2989.4,2969.4,2978.4,,-0.01,-0.3346272252710447,sp500.csv,True
SP500,2019-09-10,1d,2971.0,2979.4,2957.0,2979.4,,0.03,0.2827330865028621,sp500.csv,True
SP500,2019-09-11,1d,2981.4,3000.9,2975.3,3000.9,,0.72,0.6540551418796614,sp500.csv,True
SP500,2019-09-12,1d,3009.1,3020.7,3000.9,3009.6,,0.29,0.016616263999202907,sp500.csv,True
SP500,2019-09-13,1d,3012.2,3017.3,3002.9,3007.4,,-0.07,-0.15935196866077028,sp500.csv,True
SP500,2019-09-16,1d,2996.4,3002.2,2990.7,2998.0,,-0.31,0.05339741022560851,sp500.csv,True
SP500,2019-09-17,1d,2995.7,3006.2,2993.7,3005.7,,0.26,0.3338117969089005,sp500.csv,True
SP500,2019-09-18,1d,3001.5,3007.8,2978.6,3006.7,,0.03,0.17324670997833636,sp500.csv,True
SP500,2019-09-19,1d,3010.4,3022.0,3003.2,3006.8,,0.0,-0.11958543715120395,sp500.csv,True
SP500,2019-09-20,1d,3008.4,3016.4,2984.7,2992.1,,-0.49,-0.5418162478393884,sp500.csv,True
SP500,2019-09-23,1d,2983.5,2999.2,2982.2,2991.8,,-0.01,0.2781967487849979,sp500.csv,True
SP500,2019-09-24,1d,3002.4,3008.0,2957.7,2966.6,,-0.84,-1.192379429789503,sp500.csv,True
SP500,2019-09-25,1d,2968.3,2989.8,2952.9,2984.9,,0.62,0.5592426641511938,sp500.csv,True
SP500,2019-09-26,1d,2985.7,2987.3,2963.7,2977.6,,-0.24,-0.27129316408212034,sp500.csv,True
SP500,2019-09-27,1d,2985.5,2987.3,2945.5,2961.8,,-0.53,-0.7938368782448468,sp500.csv,True
SP500,2019-09-30,1d,2967.1,2983.8,2967.1,2976.7,,0.5,0.32354824576186214,sp500.csv,True
SP500,2019-10-01,1d,2983.7,2992.5,2938.7,2940.2,,-1.23,-1.4579213727921703,sp500.csv,True
SP500,2019-10-02,1d,2924.8,2924.8,2874.9,2887.6,,-1.79,-1.2718818380744068,sp500.csv,True
SP500,2019-10-03,1d,2885.4,2911.1,2855.9,2910.6,,0.8,0.8733624454148492,sp500.csv,True
SP500,2019-10-04,1d,2918.6,2953.7,2918.6,2952.0,,1.42,1.1443842938395177,sp500.csv,True
SP500,2019-10-07,1d,2944.2,2959.8,2935.7,2938.8,,-0.45,-0.18341145302627204,sp500.csv,True
SP500,2019-10-08,1d,2920.4,2925.5,2892.7,2893.1,,-1.56,-0.9348034515819781,sp500.csv,True
SP500,2019-10-09,1d,2911.1,2929.3,2907.4,2919.4,,0.91,0.2851155920442494,sp500.csv,True
SP500,2019-10-10,1d,2918.6,2948.5,2917.1,2938.1,,0.64,0.6681285547865512,sp500.csv,True
SP500,2019-10-11,1d,2963.1,2993.3,2963.1,2970.3,,1.1,0.24298876176978013,sp500.csv,True
SP500,2019-10-14,1d,2965.8,2972.8,2962.9,2966.2,,-0.14,0.013487086115038238,sp500.csv,True
SP500,2019-10-15,1d,2973.6,3003.3,2973.6,2995.7,,0.99,0.7432068872746722,sp500.csv,True
SP500,2019-10-16,1d,2989.7,2997.5,2985.2,2989.7,,-0.2,0.0,sp500.csv,True
SP500,2019-10-17,1d,3000.8,3008.3,2991.8,2997.9,,0.27,-0.09664089576113533,sp500.csv,True
SP500,2019-10-18,1d,2996.8,3000.0,2976.3,2986.2,,-0.39,-0.35371062466632575,sp500.csv,True
SP500,2019-10-21,1d,2996.5,3007.3,2995.3,3006.7,,0.69,0.3403971299849706,sp500.csv,True
SP500,2019-10-22,1d,3010.7,3014.6,2995.0,2996.0,,-0.36,-0.48825854452452244,sp500.csv,True
SP500,2019-10-23,1d,2994.0,3004.8,2991.2,3004.5,,0.28,0.3507014028056199,sp500.csv,True
SP500,2019-10-24,1d,3014.8,3016.1,3000.4,3010.3,,0.19,-0.14926363274512244,sp500.csv,True
SP500,2019-10-25,1d,3003.3,3027.4,3001.9,3022.6,,0.41,0.642626444244665,sp500.csv,True
SP500,2019-10-28,1d,3032.1,3044.1,3032.1,3039.4,,0.56,0.24075723096204094,sp500.csv,True
SP500,2019-10-29,1d,3035.4,3047.9,3034.8,3036.9,,-0.08,0.04941688080648543,sp500.csv,True
SP500,2019-10-30,1d,3039.7,3050.1,3026.0,3046.8,,0.33,0.23357568181072708,sp500.csv,True
SP500,2019-10-31,1d,3046.9,3046.9,3023.2,3037.6,,-0.3,-0.3052282647937332,sp500.csv,True
SP500,2019-11-01,1d,3050.7,3066.9,3050.7,3066.9,,0.96,0.5310256662405477,sp500.csv,True
SP500,2019-11-04,1d,3079.0,3085.2,3074.9,3078.3,,0.37,-0.02273465410846942,sp500.csv,True
SP500,2019-11-05,1d,3080.8,3083.9,3072.2,3074.6,,-0.12,-0.20124642949883587,sp500.csv,True
SP500,2019-11-06,1d,3075.1,3078.3,3065.9,3076.8,,0.07,0.0552827550323709,sp500.csv,True
SP500,2019-11-07,1d,3087.0,3097.8,3080.2,3085.2,,0.27,-0.058309037900883265,sp500.csv,True
SP500,2019-11-08,1d,3081.2,3093.1,3073.6,3093.1,,0.26,0.3862131637024646,sp500.csv,True
SP500,2019-11-11,1d,3080.3,3088.3,3075.8,3087.0,,-0.2,0.21751128136868747,sp500.csv,True
SP500,2019-11-12,1d,3089.3,3102.6,3084.7,3091.8,,0.16,0.08092448127408058,sp500.csv,True
SP500,2019-11-13,1d,3084.2,3098.1,3078.8,3094.0,,0.07,0.3177485247390033,sp500.csv,True
SP500,2019-11-14,1d,3090.8,3098.2,3083.3,3096.6,,0.08,0.1876536818946395,sp500.csv,True
SP500,2019-11-15,1d,3107.9,3120.5,3104.6,3120.5,,0.77,0.40541844975707786,sp500.csv,True
SP500,2019-11-18,1d,3117.9,3124.2,3112.1,3122.0,,0.05,0.13149876519451542,sp500.csv,True
SP500,2019-11-19,1d,3127.4,3127.6,3113.5,3120.2,,-0.06,-0.23022318859117208,sp500.csv,True
SP500,2019-11-20,1d,3114.7,3119.0,3091.4,3108.5,,-0.37,-0.1990560888689097,sp500.csv,True
SP500,2019-11-21,1d,3108.5,3110.1,3094.6,3103.5,,-0.16,-0.16084928422068767,sp500.csv,True
SP500,2019-11-22,1d,3111.4,3112.9,3099.3,3110.3,,0.22,-0.03535385999871021,sp500.csv,True
SP500,2019-11-25,1d,3117.4,3133.8,3117.4,3133.6,,0.75,0.5196638224161054,sp500.csv,True
SP500,2019-11-26,1d,3134.8,3142.7,3131.0,3140.5,,0.22,0.1818297818042547,sp500.csv,True
SP500,2019-11-27,1d,3145.5,3154.3,3143.4,3153.6,,0.42,0.2575107296137302,sp500.csv,True
SP500,2019-11-29,1d,3147.2,3150.3,3139.3,3141.0,,-0.4,-0.19700050838840077,sp500.csv,True
SP500,2019-12-02,1d,3143.8,3144.3,3110.8,3113.9,,-0.86,-0.9510783128697797,sp500.csv,True
SP500,2019-12-03,1d,3087.4,3095.0,3070.3,3093.2,,-0.66,0.18786033555742154,sp500.csv,True
SP500,2019-12-04,1d,3103.5,3119.4,3102.5,3112.8,,0.63,0.29966167230546237,sp500.csv,True
SP500,2019-12-05,1d,3119.2,3119.4,3103.8,3117.4,,0.15,-0.057707104385729124,sp500.csv,True
SP500,2019-12-06,1d,3134.6,3150.6,3134.6,3145.9,,0.91,0.36049256683468034,sp500.csv,True
SP500,2019-12-09,1d,3141.9,3148.9,3135.5,3136.0,,-0.31,-0.18778446163150164,sp500.csv,True
SP500,2019-12-10,1d,3135.4,3142.1,3126.1,3132.5,,-0.11,-0.09249218600497766,sp500.csv,True
SP500,2019-12-11,1d,3135.8,3144.0,3133.2,3141.6,,0.29,0.18496077555965051,sp500.csv,True
SP500,2019-12-12,1d,3141.2,3176.3,3138.5,3168.6,,0.86,0.8722781102763255,sp500.csv,True
SP500,2019-12-13,1d,3166.7,3182.7,3156.5,3168.8,,0.01,0.06631509142009939,sp500.csv,True
SP500,2019-12-16,1d,3183.6,3197.7,3183.6,3191.4,,0.71,0.24500565397662655,sp500.csv,True
SP500,2019-12-17,1d,3195.4,3198.2,3191.0,3192.5,,0.03,-0.09075546097515597,sp500.csv,True
SP500,2019-12-18,1d,3195.2,3198.5,3191.1,3191.1,,-0.04,-0.12831747621432354,sp500.csv,True
SP500,2019-12-19,1d,3192.3,3205.5,3192.3,3205.4,,0.45,0.41036243460828015,sp500.csv,True
SP500,2019-12-20,1d,3223.3,3225.7,3216.0,3221.2,,0.49,-0.06515062203332755,sp500.csv,True
SP500,2019-12-23,1d,3226.1,3227.8,3222.3,3224.0,,0.09,-0.06509407643904286,sp500.csv,True
SP500,2019-12-24,1d,3225.4,3226.4,3220.5,3223.4,,-0.02,-0.062007812984432586,sp500.csv,True
SP500,2019-12-26,1d,3227.2,3240.1,3227.2,3239.9,,0.51,0.39352999504214115,sp500.csv,True
SP500,2019-12-27,1d,3247.2,3247.9,3234.4,3240.0,,0.0,-0.22172949002217113,sp500.csv,True
SP500,2019-12-30,1d,3240.1,3240.9,3216.6,3221.3,,-0.58,-0.5802290052776105,sp500.csv,True
SP500,2019-12-31,1d,3215.2,3231.7,3212.0,3230.8,,0.29,0.48519532221946715,sp500.csv,True
SP500,2020-01-02,1d,3244.7,3258.1,3235.5,3257.8,,0.84,0.40373532221777975,sp500.csv,True
SP500,2020-01-03,1d,3226.4,3246.2,3222.3,3234.8,,-0.71,0.2603520952144889,sp500.csv,True
SP500,2020-01-06,1d,3217.6,3246.8,3214.6,3246.3,,0.36,0.891969169567397,sp500.csv,True
SP500,2020-01-07,1d,3241.9,3244.9,3232.4,3237.2,,-0.28,-0.14497671118789413,sp500.csv,True
SP500,2020-01-08,1d,3238.6,3267.1,3236.7,3253.1,,0.49,0.4477243253257601,sp500.csv,True
SP500,2020-01-09,1d,3266.0,3275.6,3263.7,3274.7,,0.66,0.2663808940600143,sp500.csv,True
SP500,2020-01-10,1d,3281.8,3283.0,3260.9,3265.3,,-0.29,-0.5027728685477517,sp500.csv,True
SP500,2020-01-13,1d,3271.1,3288.1,3268.4,3288.1,,0.7,0.5197028522515357,sp500.csv,True
SP500,2020-01-14,1d,3285.3,3294.2,3277.2,3283.2,,-0.15,-0.06392110309562105,sp500.csv,True
SP500,2020-01-15,1d,3282.3,3298.7,3280.7,3289.3,,0.19,0.21326508850501025,sp500.csv,True
SP500,2020-01-16,1d,3303.0,3317.1,3302.8,3316.8,,0.84,0.41780199818346464,sp500.csv,True
SP500,2020-01-17,1d,3323.7,3329.9,3318.9,3329.6,,0.39,0.17751301260644503,sp500.csv,True
SP500,2020-01-21,1d,3321.0,3329.8,3316.6,3320.8,,-0.26,-0.006022282445039551,sp500.csv,True
SP500,2020-01-22,1d,3330.0,3337.8,3320.0,3321.8,,0.03,-0.24624624624624003,sp500.csv,True
SP500,2020-01-23,1d,3315.8,3326.9,3301.9,3325.5,,0.11,0.2925387538452284,sp500.csv,True
SP500,2020-01-24,1d,3333.1,3333.2,3281.5,3295.5,,-0.9,-1.1280789655275791,sp500.csv,True
SP500,2020-01-27,1d,3247.2,3258.8,3234.5,3243.6,,-1.57,-0.11086474501108556,sp500.csv,True
SP500,2020-01-28,1d,3255.3,3285.8,3253.2,3276.2,,1.01,0.6420299204374258,sp500.csv,True
SP500,2020-01-29,1d,3289.5,3293.5,3271.9,3273.4,,-0.09,-0.4894360845113188,sp500.csv,True
SP500,2020-01-30,1d,3256.4,3285.9,3242.8,3283.7,,0.31,0.8383490971624941,sp500.csv,True
SP500,2020-01-31,1d,3282.3,3282.3,3214.7,3225.5,,-1.77,-1.7304938610121057,sp500.csv,True
SP500,2020-02-03,1d,3235.7,3268.4,3235.7,3248.9,,0.73,0.4079488209661086,sp500.csv,True
SP500,2020-02-04,1d,3280.6,3306.9,3280.6,3297.6,,1.5,0.518197890629768,sp500.csv,True
SP500,2020-02-05,1d,3324.9,3337.6,3313.8,3334.7,,1.13,0.294745706637789,sp500.csv,True
SP500,2020-02-06,1d,3344.9,3348.0,3334.4,3345.8,,0.33,0.02690663398008386,sp500.csv,True
SP500,2020-02-07,1d,3335.5,3341.4,3322.1,3327.7,,-0.54,-0.23384799880078466,sp500.csv,True
SP500,2020-02-10,1d,3318.3,3352.3,3317.8,3352.1,,0.73,1.0185938583009202,sp500.csv,True
SP500,2020-02-11,1d,3365.9,3375.6,3352.7,3357.8,,0.17,-0.2406488606316315,sp500.csv,True
SP500,2020-02-12,1d,3370.5,3381.5,3369.7,3379.4,,0.64,0.2640557780744679,sp500.csv,True
SP500,2020-02-13,1d,3365.9,3385.1,3360.5,3373.9,,-0.16,0.23767788704358583,sp500.csv,True
SP500,2020-02-14,1d,3378.1,3380.7,3366.2,3380.2,,0.19,0.06216512240608818,sp500.csv,True
SP500,2020-02-18,1d,3369.0,3375.0,3355.6,3370.3,,-0.29,0.03858711783912838,sp500.csv,True
SP500,2020-02-19,1d,3380.4,3393.5,3378.8,3386.2,,0.47,0.17157732812684845,sp500.csv,True
SP500,2020-02-20,1d,3380.4,3389.2,3341.0,3373.2,,-0.38,-0.21299254526092604,sp500.csv,True
SP500,2020-02-21,1d,3360.5,3360.8,3328.4,3337.8,,-1.05,-0.6754947180479087,sp500.csv,True
SP500,2020-02-24,1d,3257.6,3259.8,3214.7,3225.9,,-3.35,-0.9731090373280904,sp500.csv,True
SP500,2020-02-25,1d,3238.9,3247.0,3118.8,3128.2,,-3.03,-3.4178270400444632,sp500.csv,True
SP500,2020-02-26,1d,3139.9,3182.5,3109.0,3116.4,,-0.38,-0.7484314787095103,sp500.csv,True
SP500,2020-02-27,1d,3062.5,3097.1,2977.4,2978.8,,-4.42,-2.7330612244897856,sp500.csv,True
SP500,2020-02-28,1d,2916.9,2959.7,2855.8,2954.2,,-0.83,1.2787548424697315,sp500.csv,True
SP500,2020-03-02,1d,2974.3,3091.0,2945.2,3090.2,,4.6,3.896715193490885,sp500.csv,True
SP500,2020-03-03,1d,3096.5,3136.7,2976.6,3003.4,,-2.81,-3.0066203778459477,sp500.csv,True
SP500,2020-03-04,1d,3045.8,3131.0,3034.4,3130.1,,4.22,2.7677457482434775,sp500.csv,True
SP500,2020-03-05,1d,3075.7,3083.0,2999.8,3023.9,,-3.39,-1.684169457359297,sp500.csv,True
SP500,2020-03-06,1d,2954.2,2985.9,2901.5,2972.4,,-1.7,0.616072033037729,sp500.csv,True
SP500,2020-03-09,1d,2863.9,2863.9,2734.4,2746.6,,-7.6,-4.095813401305914,sp500.csv,True
SP500,2020-03-10,1d,2813.5,2882.6,2734.0,2882.2,,4.94,2.4417984716545105,sp500.csv,True
SP500,2020-03-11,1d,2825.6,2825.6,2707.2,2741.4,,-4.89,-2.9798980747451798,sp500.csv,True
SP500,2020-03-12,1d,2630.9,2660.9,2478.9,2480.6,,-9.51,-5.7128739214717505,sp500.csv,True
SP500,2020-03-13,1d,2570.0,2711.3,2492.4,2711.0,,9.29,5.486381322957201,sp500.csv,True
SP500,2020-03-16,1d,2508.6,2563.0,2380.9,2386.1,,-11.98,-4.8832017858566505,sp500.csv,True
SP500,2020-03-17,1d,2425.7,2553.9,2367.0,2529.2,,6.0,4.266809580739572,sp500.csv,True
SP500,2020-03-18,1d,2436.5,2453.6,2280.5,2398.1,,-5.18,-1.576031192284022,sp500.csv,True
SP500,2020-03-19,1d,2393.5,2467.0,2319.8,2409.4,,0.47,0.6642991435136913,sp500.csv,True
SP500,2020-03-20,1d,2431.9,2453.0,2295.6,2304.9,,-4.34,-5.22225420453144,sp500.csv,True
SP500,2020-03-23,1d,2290.7,2300.7,2191.9,2237.4,,-2.93,-2.326799668223678,sp500.csv,True
SP500,2020-03-24,1d,2344.4,2449.7,2344.4,2447.3,,9.38,4.389182733321961,sp500.csv,True
SP500,2020-03-25,1d,2457.8,2571.4,2407.5,2475.6,,1.16,0.7242249165920533,sp500.csv,True
SP500,2020-03-26,1d,2501.3,2637.0,2500.7,2630.1,,6.24,5.149322352376751,sp500.csv,True
SP500,2020-03-27,1d,2555.9,2615.9,2520.0,2541.5,,-3.37,-0.5634023240345898,sp500.csv,True
SP500,2020-03-30,1d,2559.0,2631.8,2545.3,2626.7,,3.35,2.645564673700651,sp500.csv,True
SP500,2020-03-31,1d,2614.7,2641.4,2571.2,2584.6,,-1.6,-1.1511836922017737,sp500.csv,True
SP500,2020-04-01,1d,2498.1,2522.8,2447.5,2470.5,,-4.41,-1.1048396781553893,sp500.csv,True
SP500,2020-04-02,1d,2458.5,2533.2,2455.8,2526.9,,2.28,2.78218425869432,sp500.csv,True
SP500,2020-04-03,1d,2514.9,2538.2,2460.0,2488.7,,-1.51,-1.0417909260805658,sp500.csv,True
SP500,2020-04-06,1d,2578.3,2676.8,2574.6,2663.7,,7.03,3.312260016289792,sp500.csv,True
SP500,2020-04-07,1d,2738.7,2756.9,2657.7,2659.4,,-0.16,-2.895534377624409,sp500.csv,True
SP500,2020-04-08,1d,2685.0,2760.8,2663.3,2750.0,,3.41,2.4208566108007368,sp500.csv,True
SP500,2020-04-09,1d,2777.0,2818.6,2762.4,2789.8,,1.45,0.46092906013683876,sp500.csv,True
SP500,2020-04-13,1d,2782.5,2782.5,2721.2,2761.6,,-1.01,-0.7511230907457311,sp500.csv,True
SP500,2020-04-14,1d,2805.1,2851.8,2805.1,2846.1,,3.06,1.4616234715340015,sp500.csv,True
SP500,2020-04-15,1d,2795.6,2801.9,2761.5,2783.4,,-2.2,-0.43640005723278863,sp500.csv,True
SP500,2020-04-16,1d,2799.3,2806.5,2764.3,2799.6,,0.58,0.010716964955514996,sp500.csv,True
SP500,2020-04-17,1d,2842.4,2879.2,2830.9,2874.6,,2.68,1.1328454826906809,sp500.csv,True
SP500,2020-04-20,1d,2845.6,2869.0,2820.4,2823.2,,-1.79,-0.7871802080404833,sp500.csv,True
SP500,2020-04-21,1d,2784.8,2785.5,2727.1,2736.6,,-3.07,-1.7308244757253788,sp500.csv,True
SP500,2020-04-22,1d,2787.9,2815.1,2775.9,2799.3,,2.29,0.40890993220703553,sp500.csv,True
SP500,2020-04-23,1d,2810.4,2844.9,2794.3,2797.8,,-0.05,-0.4483347566182738,sp500.csv,True
SP500,2020-04-24,1d,2812.6,2842.7,2791.8,2836.7,,1.39,0.8568584228116238,sp500.csv,True
SP500,2020-04-27,1d,2854.7,2887.7,2852.9,2878.5,,1.47,0.8337128244649161,sp500.csv,True
SP500,2020-04-28,1d,2910.0,2921.2,2860.7,2863.4,,-0.52,-1.6013745704467341,sp500.csv,True
SP500,2020-04-29,1d,2918.5,2954.9,2912.2,2939.5,,2.66,0.7195477128661976,sp500.csv,True
SP500,2020-04-30,1d,2930.9,2930.9,2892.5,2912.4,,-0.92,-0.6312054317786364,sp500.csv,True
SP500,2020-05-01,1d,2869.1,2869.1,2821.6,2830.7,,-2.81,-1.3383988010177483,sp500.csv,True
SP500,2020-05-04,1d,2815.0,2844.2,2797.8,2842.7,,0.42,0.9840142095914661,sp500.csv,True
SP500,2020-05-05,1d,2868.9,2898.2,2863.6,2868.4,,0.9,-0.01742828261702689,sp500.csv,True
SP500,2020-05-06,1d,2883.1,2891.1,2847.7,2848.4,,-0.7,-1.2035656064652622,sp500.csv,True
SP500,2020-05-07,1d,2878.3,2901.9,2876.5,2881.2,,1.15,0.1007539172428018,sp500.csv,True
SP500,2020-05-08,1d,2908.8,2932.2,2902.9,2929.8,,1.69,0.7219471947194744,sp500.csv,True
SP500,2020-05-11,1d,2915.5,2944.2,2903.4,2930.3,,0.02,0.5076316240782086,sp500.csv,True
SP500,2020-05-12,1d,2939.5,2945.8,2869.6,2870.1,,-2.05,-2.360945739071274,sp500.csv,True
SP500,2020-05-13,1d,2865.9,2874.1,2793.2,2820.0,,-1.75,-1.6015911232073687,sp500.csv,True
SP500,2020-05-14,1d,2794.5,2852.8,2766.6,2852.5,,1.15,2.0755054571479636,sp500.csv,True
SP500,2020-05-15,1d,2829.9,2865.0,2816.8,2863.7,,0.39,1.194388494293075,sp500.csv,True
SP500,2020-05-18,1d,2913.9,2968.1,2913.9,2953.9,,3.15,1.3727307045540371,sp500.csv,True
SP500,2020-05-19,1d,2948.6,2964.2,2922.3,2922.9,,-1.05,-0.8716000813945524,sp500.csv,True
SP500,2020-05-20,1d,2953.6,2980.3,2953.6,2971.6,,1.67,0.6094257854821317,sp500.csv,True
SP500,2020-05-21,1d,2969.9,2978.5,2938.6,2948.5,,-0.78,-0.7205629819185821,sp500.csv,True
SP500,2020-05-22,1d,2948.1,2956.8,2933.6,2955.4,,0.23,0.2476171093246604,sp500.csv,True
SP500,2020-05-26,1d,3004.1,3021.7,2988.2,2991.8,,1.23,-0.40944043141040165,sp500.csv,True
SP500,2020-05-27,1d,3015.7,3036.2,2969.8,3036.1,,1.48,0.6764598600656591,sp500.csv,True
SP500,2020-05-28,1d,3046.6,3068.7,3023.4,3029.7,,-0.21,-0.5547167334077341,sp500.csv,True
SP500,2020-05-29,1d,3025.2,3049.2,2998.6,3044.3,,0.48,0.6313632156551785,sp500.csv,True
SP500,2020-06-01,1d,3038.8,3062.2,3031.5,3055.7,,0.37,0.5561405818085952,sp500.csv,True
SP500,2020-06-02,1d,3064.8,3081.1,3051.6,3080.8,,0.82,0.5220569042025502,sp500.csv,True
SP500,2020-06-03,1d,3098.9,3130.9,3098.9,3122.9,,1.37,0.7744683597405544,sp500.csv,True
SP500,2020-06-04,1d,3111.6,3128.9,3090.4,3112.3,,-0.34,0.022496464841248454,sp500.csv,True
SP500,2020-06-05,1d,3163.8,3211.7,3163.8,3193.9,,2.62,0.9513875719072029,sp500.csv,True
SP500,2020-06-08,1d,3199.9,3233.1,3196.0,3232.4,,1.21,1.0156567392731075,sp500.csv,True
SP500,2020-06-09,1d,3213.3,3222.7,3193.1,3207.2,,-0.78,-0.18983599414932328,sp500.csv,True
SP500,2020-06-10,1d,3213.4,3223.3,3181.5,3190.1,,-0.53,-0.7250886911060017,sp500.csv,True
SP500,2020-06-11,1d,3123.5,3123.5,2999.5,3002.1,,-5.89,-3.8866655994877597,sp500.csv,True
SP500,2020-06-12,1d,3071.0,3088.4,2984.5,3041.3,,1.31,-0.9671116900032528,sp500.csv,True
SP500,2020-06-15,1d,2993.8,3079.8,2965.7,3066.6,,0.83,2.431692163805188,sp500.csv,True
SP500,2020-06-16,1d,3131.0,3153.4,3076.1,3124.7,,1.89,-0.2012136697540745,sp500.csv,True
SP500,2020-06-17,1d,3136.1,3141.2,3108.0,3113.5,,-0.36,-0.7206402857051764,sp500.csv,True
SP500,2020-06-18,1d,3101.6,3120.0,3093.5,3115.3,,0.06,0.44170750580345697,sp500.csv,True
SP500,2020-06-19,1d,3140.3,3155.5,3083.1,3097.7,,-0.56,-1.3565582906091889,sp500.csv,True
SP500,2020-06-22,1d,3094.4,3120.9,3079.4,3117.9,,0.65,0.7594364012409427,sp500.csv,True
SP500,2020-06-23,1d,3138.7,3154.9,3127.1,3131.3,,0.43,-0.23576640010194438,sp500.csv,True
SP500,2020-06-24,1d,3114.4,3115.0,3032.1,3050.3,,-2.59,-2.0581813511430735,sp500.csv,True
SP500,2020-06-25,1d,3046.6,3086.2,3024.0,3083.8,,1.1,1.2210332830040027,sp500.csv,True
SP500,2020-06-26,1d,3073.2,3073.7,3004.6,3009.1,,-2.42,-2.0857737862813974,sp500.csv,True
SP500,2020-06-29,1d,3018.6,3053.9,2999.7,3053.2,,1.47,1.1462267276220794,sp500.csv,True
SP500,2020-06-30,1d,3050.2,3111.5,3047.8,3100.3,,1.54,1.6425152449019764,sp500.csv,True
SP500,2020-07-01,1d,3105.9,3128.4,3101.2,3115.9,,0.5,0.3219678676068094,sp500.csv,True
SP500,2020-07-02,1d,3143.6,3165.8,3124.5,3130.0,,0.45,-0.4326250159053302,sp500.csv,True
SP500,2020-07-06,1d,3155.3,3182.6,3155.3,3179.7,,1.59,0.7733020631952581,sp500.csv,True
SP500,2020-07-07,1d,3166.4,3184.2,3142.9,3145.3,,-1.08,-0.6663719050025274,sp500.csv,True
SP500,2020-07-08,1d,3153.1,3171.8,3136.5,3169.9,,0.78,0.5328089816371229,sp500.csv,True
SP500,2020-07-09,1d,3176.2,3179.8,3115.7,3152.1,,-0.56,-0.7587683395252176,sp500.csv,True
SP500,2020-07-10,1d,3152.5,3186.8,3136.2,3185.0,,1.04,1.0309278350515427,sp500.csv,True
SP500,2020-07-13,1d,3205.1,3235.3,3149.4,3155.2,,-0.94,-1.5568937006645633,sp500.csv,True
SP500,2020-07-14,1d,3141.1,3200.9,3127.7,3197.5,,1.34,1.795549329852597,sp500.csv,True
SP500,2020-07-15,1d,3226.0,3238.3,3200.8,3226.6,,0.91,0.018598884066944876,sp500.csv,True
SP500,2020-07-16,1d,3208.4,3220.4,3198.6,3215.6,,-0.34,0.2244109213314971,sp500.csv,True
SP500,2020-07-17,1d,3224.2,3233.5,3205.7,3224.7,,0.28,0.015507722845975458,sp500.csv,True
SP500,2020-07-20,1d,3224.3,3258.6,3215.2,3251.8,,0.84,0.8528983035077431,sp500.csv,True
SP500,2020-07-21,1d,3268.5,3277.3,3247.8,3257.3,,0.17,-0.3426648309622138,sp500.csv,True
SP500,2020-07-22,1d,3254.9,3279.3,3253.1,3276.0,,0.57,0.6482534025622932,sp500.csv,True
SP500,2020-07-23,1d,3271.6,3280.0,3222.7,3235.7,,-1.23,-1.0973224110527036,sp500.csv,True
SP500,2020-07-24,1d,3218.6,3227.3,3200.1,3215.6,,-0.62,-0.09320822717951982,sp500.csv,True
SP500,2020-07-27,1d,3219.8,3241.4,3214.2,3239.4,,0.74,0.6087334617056905,sp500.csv,True
SP500,2020-07-28,1d,3234.3,3243.7,3216.2,3218.4,,-0.65,-0.4916056024487525,sp500.csv,True
SP500,2020-07-29,1d,3227.2,3264.7,3227.2,3258.4,,1.24,0.9667823500248085,sp500.csv,True
SP500,2020-07-30,1d,3231.8,3250.9,3204.1,3246.2,,-0.37,0.4455721269880364,sp500.csv,True
SP500,2020-07-31,1d,3270.4,3272.2,3220.3,3271.1,,0.77,0.021404109589040488,sp500.csv,True
SP500,2020-08-03,1d,3288.3,3302.7,3284.5,3294.6,,0.72,0.19158835872639113,sp500.csv,True
SP500,2020-08-04,1d,3289.9,3306.8,3286.4,3306.5,,0.36,0.5045746071309143,sp500.csv,True
SP500,2020-08-05,1d,3317.4,3330.8,3317.4,3327.8,,0.64,0.3134985229396481,sp500.csv,True
SP500,2020-08-06,1d,3323.2,3351.0,3318.1,3349.2,,0.64,0.7823784304284986,sp500.csv,True
SP500,2020-08-07,1d,3340.1,3352.5,3328.7,3351.3,,0.06,0.3353193018173162,sp500.csv,True
SP500,2020-08-10,1d,3356.0,3363.3,3335.4,3360.5,,0.27,0.1340882002383692,sp500.csv,True
SP500,2020-08-11,1d,3370.3,3381.0,3326.4,3333.7,,-0.8,-1.085956739756111,sp500.csv,True
SP500,2020-08-12,1d,3355.5,3387.9,3355.5,3380.3,,1.4,0.7390850841901386,sp500.csv,True
SP500,2020-08-13,1d,3372.9,3387.2,3363.3,3373.4,,-0.2,0.014824038661087613,sp500.csv,True
SP500,2020-08-14,1d,3368.7,3378.5,3361.6,3372.8,,-0.02,0.1217086710006976,sp500.csv,True
SP500,2020-08-17,1d,3380.9,3387.6,3379.2,3382.0,,0.27,0.03253571534207467,sp500.csv,True
SP500,2020-08-18,1d,3387.0,3395.1,3370.2,3389.8,,0.23,0.08266902863891534,sp500.csv,True
SP500,2020-08-19,1d,3392.5,3399.5,3369.7,3374.8,,-0.44,-0.5217391304347729,sp500.csv,True
SP500,2020-08-20,1d,3360.5,3390.8,3354.7,3385.5,,0.32,0.7439369141496899,sp500.csv,True
SP500,2020-08-21,1d,3386.0,3400.0,3379.3,3397.2,,0.35,0.3307737743650341,sp500.csv,True
SP500,2020-08-24,1d,3418.1,3432.1,3413.1,3431.3,,1.0,0.38617945642316354,sp500.csv,True
SP500,2020-08-25,1d,3435.9,3444.2,3425.8,3443.6,,0.36,0.2241043103699214,sp500.csv,True
SP500,2020-08-26,1d,3450.0,3481.1,3444.2,3478.7,,1.02,0.8318840579710107,sp500.csv,True
SP500,2020-08-27,1d,3485.1,3501.4,3468.3,3484.6,,0.17,-0.014346790622932204,sp500.csv,True
SP500,2020-08-28,1d,3494.7,3509.2,3484.3,3508.0,,0.67,0.3805763012561858,sp500.csv,True
SP500,2020-08-31,1d,3509.7,3514.8,3493.2,3500.3,,-0.22,-0.2678291591873827,sp500.csv,True
SP500,2020-09-01,1d,3507.4,3528.0,3494.6,3526.7,,0.75,0.5502651536750891,sp500.csv,True
SP500,2020-09-02,1d,3543.8,3588.1,3535.2,3580.8,,1.53,1.0440769795135196,sp500.csv,True
SP500,2020-09-03,1d,3564.7,3564.8,3427.4,3455.1,,-3.51,-3.074592532330911,sp500.csv,True
SP500,2020-09-04,1d,3453.6,3479.2,3349.6,3427.0,,-0.81,-0.7702107945332326,sp500.csv,True
SP500,2020-09-08,1d,3371.9,3380.0,3329.3,3331.8,,-2.78,-1.1892404875589402,sp500.csv,True
SP500,2020-09-09,1d,3369.8,3424.8,3366.8,3399.0,,2.02,0.8665202682651696,sp500.csv,True
SP500,2020-09-10,1d,3412.6,3425.6,3329.2,3339.2,,-1.76,-2.1508527222645513,sp500.csv,True
SP500,2020-09-11,1d,3352.7,3368.9,3310.5,3341.0,,0.05,-0.3489724699495822,sp500.csv,True
SP500,2020-09-14,1d,3363.6,3402.9,3363.6,3383.5,,1.27,0.5916280176001987,sp500.csv,True
SP500,2020-09-15,1d,3407.7,3419.5,3389.2,3401.2,,0.52,-0.1907444904187594,sp500.csv,True
SP500,2020-09-16,1d,3411.2,3428.9,3384.4,3385.5,,-0.46,-0.7534005628517804,sp500.csv,True
SP500,2020-09-17,1d,3346.9,3375.2,3328.8,3357.0,,-0.84,0.30177178881949374,sp500.csv,True
SP500,2020-09-18,1d,3357.4,3362.3,3292.4,3319.5,,-1.12,-1.1288497051289759,sp500.csv,True
SP500,2020-09-21,1d,3285.6,3285.6,3229.1,3281.1,,-1.16,-0.1369612856099378,sp500.csv,True
SP500,2020-09-22,1d,3295.8,3320.3,3270.9,3315.6,,1.05,0.6007646095030017,sp500.csv,True
SP500,2020-09-23,1d,3320.1,3323.3,3232.6,3236.9,,-2.37,-2.5059486160055378,sp500.csv,True
SP500,2020-09-24,1d,3226.1,3278.7,3209.4,3246.6,,0.3,0.635442174762102,sp500.csv,True
SP500,2020-09-25,1d,3236.7,3306.9,3228.4,3298.5,,1.6,1.9093521178978667,sp500.csv,True
SP500,2020-09-28,1d,3333.9,3360.7,3332.9,3351.6,,1.61,0.5309097453432887,sp500.csv,True
SP500,2020-09-29,1d,3350.9,3357.9,3327.5,3335.5,,-0.48,-0.45957802381449975,sp500.csv,True
SP500,2020-09-30,1d,3341.2,3393.6,3340.5,3363.0,,0.82,0.6524601939422947,sp500.csv,True
SP500,2020-10-01,1d,3385.9,3397.2,3361.4,3380.8,,0.53,-0.1506246492808394,sp500.csv,True
SP500,2020-10-02,1d,3338.9,3369.1,3323.7,3348.4,,-0.96,0.28452484351133567,sp500.csv,True
SP500,2020-10-05,1d,3367.3,3409.6,3367.3,3408.6,,1.8,1.2265019451786152,sp500.csv,True
SP500,2020-10-06,1d,3408.7,3431.6,3354.5,3360.9,,-1.4,-1.4022941297268665,sp500.csv,True
SP500,2020-10-07,1d,3384.6,3426.3,3384.6,3419.4,,1.74,1.0281864917567773,sp500.csv,True
SP500,2020-10-08,1d,3434.3,3447.3,3428.2,3446.8,,0.8,0.36397519145094925,sp500.csv,True
SP500,2020-10-09,1d,3459.7,3482.3,3458.1,3477.1,,0.88,0.5029337803855949,sp500.csv,True
SP500,2020-10-12,1d,3500.0,3549.8,3499.6,3534.2,,1.64,0.9771428571428542,sp500.csv,True
SP500,2020-10-13,1d,3534.0,3534.0,3500.9,3511.9,,-0.63,-0.6253537068477644,sp500.csv,True
SP500,2020-10-14,1d,3515.5,3527.9,3480.6,3488.7,,-0.66,-0.7623382164699266,sp500.csv,True
SP500,2020-10-15,1d,3453.7,3489.1,3440.9,3483.3,,-0.15,0.8570518574282815,sp500.csv,True
SP500,2020-10-16,1d,3493.5,3515.8,3480.4,3483.8,,0.01,-0.27765850865892894,sp500.csv,True
SP500,2020-10-19,1d,3493.7,3502.4,3419.9,3426.9,,-1.63,-1.9120130520651424,sp500.csv,True
SP500,2020-10-20,1d,3439.4,3476.9,3435.7,3443.1,,0.47,0.10757690294818101,sp500.csv,True
SP500,2020-10-21,1d,3439.9,3464.9,3433.1,3435.6,,-0.22,-0.12500363382657032,sp500.csv,True
SP500,2020-10-22,1d,3438.5,3460.5,3415.3,3453.5,,0.52,0.4362367311327553,sp500.csv,True
SP500,2020-10-23,1d,3464.9,3466.5,3440.4,3465.4,,0.34,0.014430430892664603,sp500.csv,True
SP500,2020-10-26,1d,3441.4,3441.4,3364.9,3401.0,,-1.86,-1.17394083803104,sp500.csv,True
SP500,2020-10-27,1d,3403.2,3409.5,3388.7,3390.7,,-0.3,-0.3673013634226563,sp500.csv,True
SP500,2020-10-28,1d,3342.5,3342.5,3268.9,3271.0,,-3.53,-2.139117427075543,sp500.csv,True
SP500,2020-10-29,1d,3277.2,3341.1,3259.8,3310.1,,1.2,1.0039057732210477,sp500.csv,True
SP500,2020-10-30,1d,3293.6,3304.9,3233.9,3270.0,,-1.21,-0.7165411707554026,sp500.csv,True
SP500,2020-11-02,1d,3296.2,3330.1,3279.7,3310.2,,1.23,0.4247315090103676,sp500.csv,True
SP500,2020-11-03,1d,3336.2,3389.5,3336.2,3369.2,,1.78,0.9891493315748567,sp500.csv,True
SP500,2020-11-04,1d,3406.5,3486.2,3405.2,3443.4,,2.2,1.0832232496697625,sp500.csv,True
SP500,2020-11-05,1d,3485.7,3529.1,3485.7,3510.4,,1.95,0.7086094615141869,sp500.csv,True
SP500,2020-11-06,1d,3508.3,3521.6,3484.3,3509.4,,-0.03,0.03135421714219877,sp500.csv,True
SP500,2020-11-09,1d,3583.0,3646.0,3547.5,3550.5,,1.17,-0.9070611219648361,sp500.csv,True
SP500,2020-11-10,1d,3543.3,3557.2,3511.9,3545.5,,-0.14,0.06208901306690162,sp500.csv,True
SP500,2020-11-11,1d,3563.2,3581.2,3557.0,3572.7,,0.77,0.2666142792995041,sp500.csv,True
SP500,2020-11-12,1d,3562.7,3569.0,3518.6,3537.0,,-1.0,-0.7213630111993607,sp500.csv,True
SP500,2020-11-13,1d,3552.6,3593.7,3552.6,3585.2,,1.36,0.9176377864099416,sp500.csv,True
SP500,2020-11-16,1d,3600.2,3628.5,3600.2,3626.9,,1.16,0.7416254652519383,sp500.csv,True
SP500,2020-11-17,1d,3610.3,3623.1,3588.7,3609.5,,-0.48,-0.02215882336648045,sp500.csv,True
SP500,2020-11-18,1d,3612.1,3619.1,3567.3,3567.8,,-1.16,-1.2264333767060598,sp500.csv,True
SP500,2020-11-19,1d,3559.4,3585.2,3543.8,3581.9,,0.4,0.6321290105073984,sp500.csv,True
SP500,2020-11-20,1d,3579.3,3581.2,3556.8,3557.5,,-0.68,-0.6090576369681244,sp500.csv,True
SP500,2020-11-23,1d,3566.8,3589.8,3552.8,3577.6,,0.57,0.3027924189749731,sp500.csv,True
SP500,2020-11-24,1d,3594.5,3642.3,3594.5,3635.4,,1.62,1.1378494922798854,sp500.csv,True
SP500,2020-11-25,1d,3635.5,3635.5,3617.8,3629.7,,-0.16,-0.15953789024893972,sp500.csv,True
SP500,2020-11-27,1d,3638.6,3644.3,3629.3,3638.3,,0.24,-0.008244929368428355,sp500.csv,True
SP500,2020-11-30,1d,3634.2,3634.2,3594.4,3621.6,,-0.46,-0.34670629024269317,sp500.csv,True
SP500,2020-12-01,1d,3645.9,3678.4,3645.9,3662.4,,1.13,0.4525631531309138,sp500.csv,True
SP500,2020-12-02,1d,3653.8,3671.0,3644.8,3669.0,,0.18,0.41600525480320893,sp500.csv,True
SP500,2020-12-03,1d,3668.3,3682.7,3657.2,3666.7,,-0.06,-0.04361693427473723,sp500.csv,True
SP500,2020-12-04,1d,3670.9,3699.2,3670.9,3699.1,,0.88,0.7682039826745424,sp500.csv,True
SP500,2020-12-07,1d,3694.7,3697.4,3678.9,3692.0,,-0.19,-0.0730776517714471,sp500.csv,True
SP500,2020-12-08,1d,3683.1,3708.4,3678.8,3702.2,,0.28,0.5185848877304444,sp500.csv,True
SP500,2020-12-09,1d,3706.0,3712.4,3660.5,3672.8,,-0.79,-0.8958445763626477,sp500.csv,True
SP500,2020-12-10,1d,3659.1,3678.5,3645.2,3668.1,,-0.13,0.24596212183323196,sp500.csv,True
SP500,2020-12-11,1d,3656.1,3665.9,3633.4,3663.5,,-0.13,0.2024014660430451,sp500.csv,True
SP500,2020-12-14,1d,3675.3,3697.6,3645.8,3647.5,,-0.44,-0.7564008380268272,sp500.csv,True
SP500,2020-12-15,1d,3666.4,3695.3,3659.6,3694.6,,1.29,0.7691468470434115,sp500.csv,True
SP500,2020-12-16,1d,3696.2,3711.3,3688.6,3701.2,,0.18,0.135274065256219,sp500.csv,True
SP500,2020-12-17,1d,3713.7,3725.1,3710.9,3722.5,,0.58,0.23696044376229075,sp500.csv,True
SP500,2020-12-18,1d,3722.4,3726.7,3685.8,3709.4,,-0.35,-0.3492370513647147,sp500.csv,True
SP500,2020-12-21,1d,3684.3,3702.9,3636.5,3694.9,,-0.39,0.28770729853704324,sp500.csv,True
SP500,2020-12-22,1d,3698.1,3698.3,3676.2,3687.3,,-0.21,-0.2920418593331586,sp500.csv,True
SP500,2020-12-23,1d,3693.4,3711.2,3689.3,3690.0,,0.07,-0.09205610007040343,sp500.csv,True
SP500,2020-12-24,1d,3694.0,3703.8,3689.3,3703.1,,0.36,0.24634542501353884,sp500.csv,True
SP500,2020-12-28,1d,3723.0,3740.5,3723.0,3735.4,,0.87,0.3330647327424163,sp500.csv,True
SP500,2020-12-29,1d,3750.0,3756.1,3723.3,3727.0,,-0.22,-0.6133333333333324,sp500.csv,True
SP500,2020-12-30,1d,3736.2,3744.6,3730.2,3732.0,,0.13,-0.11241368235104243,sp500.csv,True
SP500,2020-12-31,1d,3733.3,3760.2,3726.9,3756.1,,0.65,0.6107197385690766,sp500.csv,True
SP500,2021-01-04,1d,3764.6,3770.0,3662.7,3700.7,,-1.47,-1.6973914891356356,sp500.csv,True
SP500,2021-01-05,1d,3698.0,3737.8,3695.1,3726.9,,0.71,0.7815035154137506,sp500.csv,True
SP500,2021-01-06,1d,3712.2,3783.0,3705.3,3748.1,,0.57,0.9670815150045753,sp500.csv,True
SP500,2021-01-07,1d,3764.7,3811.6,3764.7,3803.8,,1.49,1.0385953728052844,sp500.csv,True
SP500,2021-01-08,1d,3815.1,3826.7,3783.6,3824.7,,0.55,0.2516316741369762,sp500.csv,True
SP500,2021-01-11,1d,3803.1,3817.9,3789.0,3799.6,,-0.66,-0.0920301859009709,sp500.csv,True
SP500,2021-01-12,1d,3801.6,3810.8,3776.5,3801.2,,0.04,-0.010521885521885821,sp500.csv,True
SP500,2021-01-13,1d,3802.2,3821.0,3791.5,3809.8,,0.23,0.1998842775235543,sp500.csv,True
SP500,2021-01-14,1d,3815.0,3823.6,3792.9,3795.5,,-0.38,-0.5111402359108785,sp500.csv,True
SP500,2021-01-15,1d,3788.7,3788.7,3749.6,3768.2,,-0.72,-0.5410826932720991,sp500.csv,True
SP500,2021-01-19,1d,3781.9,3804.5,3780.4,3798.9,,0.81,0.44950950580395777,sp500.csv,True
SP500,2021-01-20,1d,3816.2,3859.8,3816.2,3851.8,,1.39,0.9328651538179411,sp500.csv,True
SP500,2021-01-21,1d,3857.5,3861.4,3845.1,3853.1,,0.03,-0.11406351263771874,sp500.csv,True
SP500,2021-01-22,1d,3844.2,3852.3,3830.4,3841.5,,-0.3,-0.07023567972529454,sp500.csv,True
SP500,2021-01-25,1d,3851.7,3859.2,3797.2,3855.4,,0.36,0.09606147934679843,sp500.csv,True
SP500,2021-01-26,1d,3863.0,3870.9,3847.8,3849.6,,-0.15,-0.3468806626973908,sp500.csv,True
SP500,2021-01-27,1d,3836.8,3836.8,3732.5,3750.8,,-2.57,-2.2414512093411165,sp500.csv,True
SP500,2021-01-28,1d,3755.8,3830.5,3755.8,3787.4,,0.98,0.8413653549177225,sp500.csv,True
SP500,2021-01-29,1d,3778.1,3778.1,3694.1,3714.2,,-1.93,-1.6913263280484925,sp500.csv,True
SP500,2021-02-01,1d,3731.2,3784.3,3725.6,3773.9,,1.61,1.1444039451115051,sp500.csv,True
SP500,2021-02-02,1d,3791.8,3843.1,3791.8,3826.3,,1.39,0.9098581148794693,sp500.csv,True
SP500,2021-02-03,1d,3840.3,3847.5,3816.7,3830.2,,0.1,-0.26300028643596596,sp500.csv,True
SP500,2021-02-04,1d,3836.7,3872.4,3836.7,3871.7,,1.08,0.9122422915526451,sp500.csv,True
SP500,2021-02-05,1d,3878.3,3894.6,3874.9,3886.8,,0.39,0.21916819224918616,sp500.csv,True
SP500,2021-02-08,1d,3892.6,3915.8,3892.6,3915.6,,0.74,0.5908647176694259,sp500.csv,True
SP500,2021-02-09,1d,3910.5,3918.3,3902.6,3911.2,,-0.11,0.0179005242296304,sp500.csv,True
SP500,2021-02-10,1d,3920.8,3931.5,3884.9,3909.9,,-0.03,-0.2780044888798239,sp500.csv,True
SP500,2021-02-11,1d,3916.4,3926.0,3890.4,3916.4,,0.17,0.0,sp500.csv,True
SP500,2021-02-12,1d,3911.7,3937.2,3905.8,3934.8,,0.47,0.5905360840555263,sp500.csv,True
SP500,2021-02-16,1d,3939.6,3950.4,3923.8,3932.6,,-0.06,-0.17768301350390425,sp500.csv,True
SP500,2021-02-17,1d,3918.5,3933.6,3900.4,3931.3,,-0.03,0.3266556080132821,sp500.csv,True
SP500,2021-02-18,1d,3915.9,3922.0,3885.0,3914.0,,-0.44,-0.048520135856378044,sp500.csv,True
SP500,2021-02-19,1d,3921.2,3930.4,3903.1,3906.7,,-0.19,-0.369784759767422,sp500.csv,True
SP500,2021-02-22,1d,3885.6,3902.9,3874.7,3876.5,,-0.77,-0.23419806464896054,sp500.csv,True
SP500,2021-02-23,1d,3857.1,3896.0,3805.6,3881.4,,0.13,0.6300070000777813,sp500.csv,True
SP500,2021-02-24,1d,3873.7,3928.7,3859.6,3925.4,,1.13,1.3346412990164591,sp500.csv,True
SP500,2021-02-25,1d,3915.8,3925.0,3814.0,3829.3,,-2.45,-2.2089994381735534,sp500.csv,True
SP500,2021-02-26,1d,3839.7,3861.1,3789.5,3811.2,,-0.47,-0.7422454879287499,sp500.csv,True
SP500,2021-03-01,1d,3842.5,3914.5,3842.5,3901.8,,2.38,1.543266102797669,sp500.csv,True
SP500,2021-03-02,1d,3903.6,3906.4,3868.6,3870.3,,-0.81,-0.8530587150322733,sp500.csv,True
SP500,2021-03-03,1d,3864.0,3874.5,3818.9,3819.7,,-1.31,-1.1464803312629446,sp500.csv,True
SP500,2021-03-04,1d,3818.5,3843.7,3723.3,3768.5,,-1.34,-1.3094146916328375,sp500.csv,True
SP500,2021-03-05,1d,3793.6,3851.7,3730.2,3841.9,,1.95,1.2731969633066331,sp500.csv,True
SP500,2021-03-08,1d,3844.4,3881.1,3819.2,3821.3,,-0.54,-0.6008739985433387,sp500.csv,True
SP500,2021-03-09,1d,3851.9,3903.8,3851.9,3875.4,,1.42,0.6100885277395607,sp500.csv,True
SP500,2021-03-10,1d,3892.0,3917.3,3885.7,3898.8,,0.6,0.1747173689619741,sp500.csv,True
SP500,2021-03-11,1d,3915.5,3960.3,3915.5,3939.3,,1.04,0.6078406333801523,sp500.csv,True
SP500,2021-03-12,1d,3924.5,3945.0,3915.2,3943.3,,0.1,0.47904191616767733,sp500.csv,True
SP500,2021-03-15,1d,3943.0,3970.1,3923.5,3968.9,,0.65,0.656860258686276,sp500.csv,True
SP500,2021-03-16,1d,3973.6,3981.0,3953.4,3962.7,,-0.16,-0.2743104489631554,sp500.csv,True
SP500,2021-03-17,1d,3949.6,3983.9,3935.7,3974.1,,0.29,0.6203159813652048,sp500.csv,True
SP500,2021-03-18,1d,3953.5,3969.6,3910.9,3915.5,,-1.47,-0.9611736436069274,sp500.csv,True
SP500,2021-03-19,1d,3913.1,3930.1,3886.8,3913.1,,-0.06,0.0,sp500.csv,True
SP500,2021-03-22,1d,3916.5,3955.3,3914.2,3940.6,,0.7,0.6153453338439974,sp500.csv,True
SP500,2021-03-23,1d,3937.6,3949.1,3901.6,3910.5,,-0.76,-0.6882364892320192,sp500.csv,True
SP500,2021-03-24,1d,3919.9,3942.1,3889.1,3889.1,,-0.55,-0.7857343299573993,sp500.csv,True
SP500,2021-03-25,1d,3879.3,3919.5,3853.5,3909.5,,0.52,0.7784909648647975,sp500.csv,True
SP500,2021-03-26,1d,3917.1,3978.2,3917.1,3974.5,,1.66,1.4653697888744155,sp500.csv,True
SP500,2021-03-29,1d,3969.3,3981.8,3943.2,3971.1,,-0.09,0.04534804625500044,sp500.csv,True
SP500,2021-03-30,1d,3963.3,3968.0,3944.3,3958.6,,-0.31,-0.11858804531578171,sp500.csv,True
SP500,2021-03-31,1d,3967.2,3994.4,3967.0,3972.9,,0.36,0.1436781609195581,sp500.csv,True
SP500,2021-04-01,1d,3992.8,4020.6,3992.8,4019.9,,1.18,0.6787216990582934,sp500.csv,True
SP500,2021-04-05,1d,4034.4,4083.4,4034.4,4077.9,,1.44,1.0782272456870912,sp500.csv,True
SP500,2021-04-06,1d,4075.6,4086.2,4068.1,4073.9,,-0.1,-0.04171164981843223,sp500.csv,True
SP500,2021-04-07,1d,4074.3,4083.1,4068.3,4079.9,,0.15,0.137446923397877,sp500.csv,True
SP500,2021-04-08,1d,4089.9,4098.2,4082.5,4097.2,,0.42,0.17848847160075731,sp500.csv,True
SP500,2021-04-09,1d,4096.1,4129.5,4095.5,4128.8,,0.77,0.7983203535069983,sp500.csv,True
SP500,2021-04-12,1d,4124.7,4131.8,4114.8,4128.0,,-0.02,0.08000581860498901,sp500.csv,True
SP500,2021-04-13,1d,4130.1,4148.0,4124.4,4141.6,,0.33,0.278443621219826,sp500.csv,True
SP500,2021-04-14,1d,4141.6,4151.7,4120.9,4124.7,,-0.41,-0.4080548580258969,sp500.csv,True
SP500,2021-04-15,1d,4139.8,4173.5,4139.8,4170.4,,1.11,0.739166143291925,sp500.csv,True
SP500,2021-04-16,1d,4174.1,4191.3,4170.8,4185.5,,0.36,0.27311276682397967,sp500.csv,True
SP500,2021-04-19,1d,4179.8,4180.8,4150.5,4163.3,,-0.53,-0.39475572993923347,sp500.csv,True
SP500,2021-04-20,1d,4159.2,4159.2,4118.4,4134.9,,-0.68,-0.5842469705712672,sp500.csv,True
SP500,2021-04-21,1d,4128.4,4175.0,4126.4,4173.4,,0.93,1.0900106578819901,sp500.csv,True
SP500,2021-04-22,1d,4170.5,4179.6,4123.7,4135.0,,-0.92,-0.8512168804699627,sp500.csv,True
SP500,2021-04-23,1d,4138.8,4194.2,4138.8,4180.2,,1.09,1.0002899391127862,sp500.csv,True
SP500,2021-04-26,1d,4185.0,4194.2,4182.4,4187.6,,0.18,0.06212664277180924,sp500.csv,True
SP500,2021-04-27,1d,4188.2,4193.4,4176.2,4186.7,,-0.02,-0.0358149085526005,sp500.csv,True
SP500,2021-04-28,1d,4185.1,4201.5,4181.8,4183.2,,-0.08,-0.045399154142089504,sp500.csv,True
SP500,2021-04-29,1d,4206.1,4218.8,4176.8,4211.5,,0.68,0.1283849646941171,sp500.csv,True
SP500,2021-04-30,1d,4198.1,4198.1,4174.9,4181.2,,-0.72,-0.4025630642433664,sp500.csv,True
SP500,2021-05-03,1d,4192.0,4209.4,4188.0,4192.7,,0.28,0.01669847328242824,sp500.csv,True
SP500,2021-05-04,1d,4179.0,4179.0,4128.6,4164.7,,-0.67,-0.34218712610672997,sp500.csv,True
SP500,2021-05-05,1d,4177.1,4187.7,4160.9,4167.6,,0.07,-0.22743051399296554,sp500.csv,True
SP500,2021-05-06,1d,4169.1,4202.7,4147.3,4201.6,,0.82,0.7795447458684102,sp500.csv,True
SP500,2021-05-07,1d,4210.3,4238.0,4201.6,4232.6,,0.74,0.5296534688739474,sp500.csv,True
SP500,2021-05-10,1d,4228.3,4236.4,4188.1,4188.4,,-1.04,-0.9436416526736657,sp500.csv,True
SP500,2021-05-11,1d,4150.3,4162.0,4111.5,4152.1,,-0.87,0.043370358769245776,sp500.csv,True
SP500,2021-05-12,1d,4130.6,4134.7,4056.9,4063.0,,-2.15,-1.636566116302729,sp500.csv,True
SP500,2021-05-13,1d,4075.0,4131.6,4075.0,4112.5,,1.22,0.9202453987730008,sp500.csv,True
SP500,2021-05-14,1d,4129.6,4183.1,4129.6,4173.9,,1.49,1.0727431228205964,sp500.csv,True
SP500,2021-05-17,1d,4169.9,4171.9,4142.7,4163.3,,-0.25,-0.15827717691070387,sp500.csv,True
SP500,2021-05-18,1d,4165.9,4169.1,4126.0,4127.8,,-0.85,-0.9145682805636102,sp500.csv,True
SP500,2021-05-19,1d,4098.4,4116.9,4061.4,4115.7,,-0.29,0.4221159476869074,sp500.csv,True
SP500,2021-05-20,1d,4122.0,4172.8,4122.0,4159.1,,1.05,0.9000485201358543,sp500.csv,True
SP500,2021-05-21,1d,4168.6,4188.7,4151.7,4155.9,,-0.08,-0.3046586383918082,sp500.csv,True
SP500,2021-05-24,1d,4170.2,4209.5,4170.2,4197.1,,0.99,0.6450529950601913,sp500.csv,True
SP500,2021-05-25,1d,4205.9,4213.4,4182.5,4188.1,,-0.21,-0.4232150074894636,sp500.csv,True
SP500,2021-05-26,1d,4191.6,4202.6,4184.1,4196.0,,0.19,0.10497184845881247,sp500.csv,True
SP500,2021-05-27,1d,4201.9,4213.4,4197.8,4200.9,,0.12,-0.023798757704851514,sp500.csv,True
SP500,2021-05-28,1d,4210.8,4218.4,4203.6,4204.1,,0.08,-0.15911465754725462,sp500.csv,True
SP500,2021-06-01,1d,4216.5,4234.1,4197.6,4202.0,,-0.05,-0.3438871101624552,sp500.csv,True
SP500,2021-06-02,1d,4206.8,4217.4,4198.3,4208.1,,0.15,0.030902348578498717,sp500.csv,True
SP500,2021-06-03,1d,4191.4,4204.4,4167.9,4192.9,,-0.36,0.035787565014078204,sp500.csv,True
SP500,2021-06-04,1d,4206.1,4233.4,4206.1,4229.9,,0.88,0.56584484439266,sp500.csv,True
SP500,2021-06-07,1d,4229.3,4232.3,4215.7,4226.5,,-0.08,-0.06620480930651373,sp500.csv,True
SP500,2021-06-08,1d,4233.8,4236.7,4208.4,4227.3,,0.02,-0.15352638291842302,sp500.csv,True
SP500,2021-06-09,1d,4233.0,4237.1,4218.7,4219.6,,-0.18,-0.3165603590833843,sp500.csv,True
SP500,2021-06-10,1d,4228.6,4249.7,4220.3,4239.2,,0.46,0.25067398193254764,sp500.csv,True
SP500,2021-06-11,1d,4242.9,4248.4,4232.2,4247.4,,0.19,0.10605953475217866,sp500.csv,True
SP500,2021-06-14,1d,4248.3,4255.6,4234.1,4255.1,,0.18,0.16006402561024036,sp500.csv,True
SP500,2021-06-15,1d,4255.3,4257.2,4238.4,4246.6,,-0.2,-0.20445092002913112,sp500.csv,True
SP500,2021-06-16,1d,4248.9,4251.9,4202.4,4223.7,,-0.54,-0.5930946833297979,sp500.csv,True
SP500,2021-06-17,1d,4220.4,4232.3,4196.1,4221.9,,-0.04,0.03554165481944871,sp500.csv,True
SP500,2021-06-18,1d,4204.8,4204.8,4164.4,4166.4,,-1.31,-0.9132420091324311,sp500.csv,True
SP500,2021-06-21,1d,4173.4,4226.2,4173.4,4224.8,,1.4,1.231609718694604,sp500.csv,True
SP500,2021-06-22,1d,4224.6,4255.8,4217.3,4246.4,,0.51,0.5160251858163933,sp500.csv,True
SP500,2021-06-23,1d,4249.3,4256.6,4241.4,4241.8,,-0.11,-0.1764996587673262,sp500.csv,True
SP500,2021-06-24,1d,4257.0,4271.3,4257.0,4266.5,,0.58,0.22316185106883157,sp500.csv,True
SP500,2021-06-25,1d,4274.4,4286.1,4271.2,4280.7,,0.33,0.14738910724312326,sp500.csv,True
SP500,2021-06-28,1d,4284.9,4292.1,4274.7,4290.6,,0.23,0.13302527480223425,sp500.csv,True
SP500,2021-06-29,1d,4293.2,4300.5,4287.0,4291.8,,0.03,-0.032609708376030166,sp500.csv,True
SP500,2021-06-30,1d,4290.6,4302.4,4288.0,4297.5,,0.13,0.16081666899734337,sp500.csv,True
SP500,2021-07-01,1d,4300.7,4320.7,4300.7,4319.9,,0.52,0.44643895179854454,sp500.csv,True
SP500,2021-07-02,1d,4326.6,4355.4,4326.6,4352.3,,0.75,0.593999907548648,sp500.csv,True
SP500,2021-07-06,1d,4356.5,4356.5,4314.4,4343.5,,-0.2,-0.2984046826580933,sp500.csv,True
SP500,2021-07-07,1d,4351.0,4361.9,4329.8,4358.1,,0.34,0.16318087795910152,sp500.csv,True
SP500,2021-07-08,1d,4321.1,4330.9,4289.4,4320.8,,-0.86,-0.006942676633270306,sp500.csv,True
SP500,2021-07-09,1d,4329.4,4371.6,4329.4,4369.6,,1.13,0.9285351318889523,sp500.csv,True
SP500,2021-07-12,1d,4372.4,4386.7,4364.0,4384.6,,0.34,0.2790229622175566,sp500.csv,True
SP500,2021-07-13,1d,4381.1,4392.4,4366.9,4369.2,,-0.35,-0.27162128232637306,sp500.csv,True
SP500,2021-07-14,1d,4380.1,4393.7,4362.4,4374.3,,0.12,-0.1324170681034742,sp500.csv,True
SP500,2021-07-15,1d,4369.0,4369.0,4340.7,4360.0,,-0.33,-0.20599679560540096,sp500.csv,True
SP500,2021-07-16,1d,4367.4,4375.1,4322.5,4327.2,,-0.75,-0.9204561066080474,sp500.csv,True
SP500,2021-07-19,1d,4296.4,4296.4,4233.1,4258.5,,-1.59,-0.8821338795270361,sp500.csv,True
SP500,2021-07-20,1d,4265.1,4336.8,4262.1,4323.1,,1.52,1.3598743288551374,sp500.csv,True
SP500,2021-07-21,1d,4331.1,4359.7,4331.1,4358.7,,0.82,0.6372515065456774,sp500.csv,True
SP500,2021-07-22,1d,4361.3,4369.9,4350.1,4367.5,,0.2,0.14215944787103751,sp500.csv,True
SP500,2021-07-23,1d,4381.2,4415.2,4381.2,4411.8,,1.01,0.6984387838948392,sp500.csv,True
SP500,2021-07-26,1d,4409.6,4422.7,4405.4,4422.3,,0.24,0.2880079825834603,sp500.csv,True
SP500,2021-07-27,1d,4416.4,4416.4,4372.5,4401.5,,-0.47,-0.33737886061044886,sp500.csv,True
SP500,2021-07-28,1d,4402.9,4415.5,4387.0,4400.6,,-0.02,-0.05223829748572939,sp500.csv,True
SP500,2021-07-29,1d,4403.6,4430.0,4403.6,4419.1,,0.42,0.35198473975837086,sp500.csv,True
SP500,2021-07-30,1d,4395.1,4412.2,4389.6,4395.3,,-0.54,0.004550522172408478,sp500.csv,True
SP500,2021-08-02,1d,4406.9,4422.2,4384.8,4387.2,,-0.18,-0.4470262542830561,sp500.csv,True
SP500,2021-08-03,1d,4392.7,4423.8,4373.0,4423.1,,0.82,0.6920572768456923,sp500.csv,True
SP500,2021-08-04,1d,4415.9,4416.2,4400.2,4402.7,,-0.46,-0.29891981249574595,sp500.csv,True
SP500,2021-08-05,1d,4408.9,4429.8,4408.9,4429.1,,0.6,0.4581641679330506,sp500.csv,True
SP500,2021-08-06,1d,4429.1,4440.8,4429.1,4436.5,,0.17,0.16707683276511176,sp500.csv,True
SP500,2021-08-09,1d,4437.8,4439.4,4424.7,4432.4,,-0.09,-0.12168191446213505,sp500.csv,True
SP500,2021-08-10,1d,4435.8,4445.2,4430.0,4436.8,,0.1,0.02254384778392904,sp500.csv,True
SP500,2021-08-11,1d,4442.2,4449.4,4436.4,4447.7,,0.25,0.1238125253252953,sp500.csv,True
SP500,2021-08-12,1d,4446.1,4461.8,4436.0,4460.8,,0.29,0.33062684150153565,sp500.csv,True
SP500,2021-08-13,1d,4464.8,4468.4,4460.8,4468.0,,0.16,0.07167174341515814,sp500.csv,True
SP500,2021-08-16,1d,4461.6,4480.3,4437.7,4479.7,,0.26,0.40568405953020914,sp500.csv,True
SP500,2021-08-17,1d,4462.1,4462.1,4417.8,4448.1,,-0.71,-0.31375361376929645,sp500.csv,True
SP500,2021-08-18,1d,4440.9,4454.3,4397.6,4400.3,,-1.07,-0.9142290977054102,sp500.csv,True
SP500,2021-08-19,1d,4382.4,4418.6,4367.7,4405.8,,0.12,0.5339539978094221,sp500.csv,True
SP500,2021-08-20,1d,4410.6,4444.4,4406.8,4441.7,,0.81,0.7051194848773257,sp500.csv,True
SP500,2021-08-23,1d,4450.3,4489.9,4450.3,4479.5,,0.85,0.6561355414241632,sp500.csv,True
SP500,2021-08-24,1d,4484.4,4492.8,4482.3,4486.2,,0.15,0.040139149050033573,sp500.csv,True
SP500,2021-08-25,1d,4490.4,4501.7,4485.7,4496.2,,0.22,0.12916443969357427,sp500.csv,True
SP500,2021-08-26,1d,4493.8,4495.9,4469.0,4470.0,,-0.58,-0.5296185856068392,sp500.csv,True
SP500,2021-08-27,1d,4474.1,4513.3,4474.1,4509.4,,0.88,0.7889854942893404,sp500.csv,True
SP500,2021-08-30,1d,4513.8,4537.4,4513.8,4528.8,,0.43,0.3323142363418796,sp500.csv,True
SP500,2021-08-31,1d,4529.8,4531.4,4515.8,4522.7,,-0.13,-0.15673981191223207,sp500.csv,True
SP500,2021-09-01,1d,4528.8,4537.1,4522.0,4524.1,,0.03,-0.1037802508390695,sp500.csv,True
SP500,2021-09-02,1d,4534.5,4545.9,4524.7,4536.9,,0.28,0.05292755540853289,sp500.csv,True
SP500,2021-09-03,1d,4532.4,4541.4,4521.3,4535.4,,-0.03,0.06619009796133835,sp500.csv,True
SP500,2021-09-07,1d,4535.4,4535.4,4513.0,4520.0,,-0.34,-0.3395510870044416,sp500.csv,True
SP500,2021-09-08,1d,4518.1,4521.8,4493.9,4514.1,,-0.13,-0.08853279033221861,sp500.csv,True
SP500,2021-09-09,1d,4513.0,4529.9,4492.1,4493.3,,-0.46,-0.43651672944825526,sp500.csv,True
SP500,2021-09-10,1d,4506.9,4520.5,4457.7,4458.6,,-0.77,-1.0716900752179792,sp500.csv,True
SP500,2021-09-13,1d,4474.8,4493.0,4445.7,4468.7,,0.23,-0.13631894162868807,sp500.csv,True
SP500,2021-09-14,1d,4479.3,4485.7,4435.5,4443.1,,-0.57,-0.8081619895965897,sp500.csv,True
SP500,2021-09-15,1d,4447.5,4486.9,4438.4,4480.7,,0.85,0.7464867903316463,sp500.csv,True
SP500,2021-09-16,1d,4477.1,4485.9,4443.8,4473.8,,-0.15,-0.07370842733019911,sp500.csv,True
SP500,2021-09-17,1d,4469.7,4471.5,4427.8,4433.0,,-0.91,-0.8210841890954557,sp500.csv,True
SP500,2021-09-20,1d,4402.9,4402.9,4305.9,4357.7,,-1.7,-1.0265961071112217,sp500.csv,True
SP500,2021-09-21,1d,4374.4,4394.9,4348.0,4354.2,,-0.08,-0.4617776152157971,sp500.csv,True
SP500,2021-09-22,1d,4367.4,4416.8,4367.4,4395.6,,0.95,0.645693089710142,sp500.csv,True
SP500,2021-09-23,1d,4406.8,4465.4,4406.8,4449.0,,1.21,0.9576109648724573,sp500.csv,True
SP500,2021-09-24,1d,4438.0,4463.1,4430.3,4455.5,,0.15,0.39432176656151174,sp500.csv,True
SP500,2021-09-27,1d,4442.1,4457.3,4436.2,4443.1,,-0.28,0.022511875014075144,sp500.csv,True
SP500,2021-09-28,1d,4419.5,4419.5,4346.3,4352.6,,-2.04,-1.5137458988573327,sp500.csv,True
SP500,2021-09-29,1d,4362.4,4385.6,4355.1,4359.5,,0.16,-0.0664771685310761,sp500.csv,True
SP500,2021-09-30,1d,4370.7,4382.6,4306.2,4307.5,,-1.19,-1.4459926327590522,sp500.csv,True
SP500,2021-10-01,1d,4317.2,4375.2,4288.5,4357.0,,1.15,0.9218938200685756,sp500.csv,True
SP500,2021-10-04,1d,4348.8,4355.5,4278.9,4300.5,,-1.3,-1.1106512141280445,sp500.csv,True
SP500,2021-10-05,1d,4309.9,4369.2,4309.9,4345.7,,1.05,0.8306457226385788,sp500.csv,True
SP500,2021-10-06,1d,4319.6,4365.6,4290.5,4363.6,,0.41,1.018612834521715,sp500.csv,True
SP500,2021-10-07,1d,4383.7,4430.0,4383.7,4399.8,,0.83,0.36726965805142786,sp500.csv,True
SP500,2021-10-08,1d,4406.5,4412.0,4386.2,4391.3,,-0.19,-0.34494496766140914,sp500.csv,True
SP500,2021-10-11,1d,4385.4,4415.9,4360.6,4361.2,,-0.69,-0.5518310758425682,sp500.csv,True
SP500,2021-10-12,1d,4368.3,4374.9,4342.1,4350.6,,-0.24,-0.40519195110225725,sp500.csv,True
SP500,2021-10-13,1d,4358.0,4372.9,4329.9,4363.8,,0.3,0.13308857273979235,sp500.csv,True
SP500,2021-10-14,1d,4386.8,4439.7,4386.8,4438.3,,1.71,1.1739764748791792,sp500.csv,True
SP500,2021-10-15,1d,4447.7,4475.8,4447.7,4471.4,,0.75,0.5328596802841812,sp500.csv,True
SP500,2021-10-18,1d,4463.7,4488.8,4447.5,4486.5,,0.34,0.5107870152563976,sp500.csv,True
SP500,2021-10-19,1d,4497.3,4520.4,4496.4,4519.6,,0.74,0.49585306739599044,sp500.csv,True
SP500,2021-10-20,1d,4524.4,4540.9,4524.4,4536.2,,0.37,0.26080806294757064,sp500.csv,True
SP500,2021-10-21,1d,4532.2,4551.4,4526.9,4549.8,,0.3,0.388332377211964,sp500.csv,True
SP500,2021-10-22,1d,4546.1,4559.7,4524.0,4544.9,,-0.11,-0.026396251732274667,sp500.csv,True
SP500,2021-10-25,1d,4553.7,4572.6,4537.4,4566.5,,0.48,0.2810901025539714,sp500.csv,True
SP500,2021-10-26,1d,4578.7,4598.5,4569.2,4574.8,,0.18,-0.08517701531001176,sp500.csv,True
SP500,2021-10-27,1d,4580.2,4584.6,4551.7,4551.7,,-0.5,-0.6222435701497719,sp500.csv,True
SP500,2021-10-28,1d,4562.8,4597.6,4562.8,4596.4,,0.98,0.7363899360042003,sp500.csv,True
SP500,2021-10-29,1d,4572.9,4608.1,4567.6,4605.4,,0.2,0.7107087406241108,sp500.csv,True
SP500,2021-11-01,1d,4610.6,4620.3,4595.1,4613.7,,0.18,0.06723636836853952,sp500.csv,True
SP500,2021-11-02,1d,4613.3,4635.1,4613.3,4630.6,,0.37,0.37500270955714843,sp500.csv,True
SP500,2021-11-03,1d,4630.6,4663.5,4621.2,4660.6,,0.65,0.6478642076620744,sp500.csv,True
SP500,2021-11-04,1d,4662.9,4683.0,4662.6,4680.1,,0.42,0.3688691586780868,sp500.csv,True
SP500,2021-11-05,1d,4699.3,4718.5,4681.3,4697.5,,0.37,-0.03830357712851784,sp500.csv,True
SP500,2021-11-08,1d,4701.5,4714.9,4694.4,4701.7,,0.09,0.0042539615016545795,sp500.csv,True
SP500,2021-11-09,1d,4707.2,4708.5,4670.9,4685.2,,-0.35,-0.4673691366417376,sp500.csv,True
SP500,2021-11-10,1d,4670.3,4684.9,4630.9,4646.7,,-0.82,-0.5053208573325141,sp500.csv,True
SP500,2021-11-11,1d,4659.4,4664.6,4648.3,4649.3,,0.06,-0.21676610722409784,sp500.csv,True
SP500,2021-11-12,1d,4655.2,4688.5,4650.8,4682.9,,0.72,0.5950335109125238,sp500.csv,True
SP500,2021-11-15,1d,4689.3,4697.4,4672.9,4682.8,,0.0,-0.13861343910605006,sp500.csv,True
SP500,2021-11-16,1d,4679.4,4714.9,4679.4,4700.9,,0.39,0.4594606146087088,sp500.csv,True
SP500,2021-11-17,1d,4701.5,4701.5,4684.4,4688.7,,-0.26,-0.2722535361055045,sp500.csv,True
SP500,2021-11-18,1d,4700.7,4708.8,4672.8,4704.5,,0.34,0.08083902397515441,sp500.csv,True
SP500,2021-11-19,1d,4708.4,4717.8,4694.2,4698.0,,-0.14,-0.22088182822189717,sp500.csv,True
SP500,2021-11-22,1d,4712.0,4743.8,4682.2,4682.9,,-0.32,-0.6175721561969549,sp500.csv,True
SP500,2021-11-23,1d,4678.5,4699.4,4652.7,4690.7,,0.17,0.26076733995938906,sp500.csv,True
SP500,2021-11-24,1d,4675.8,4702.9,4659.9,4701.5,,0.23,0.5496385645237245,sp500.csv,True
SP500,2021-11-26,1d,4664.6,4664.6,4585.4,4594.6,,-2.27,-1.5006645800282992,sp500.csv,True
SP500,2021-11-29,1d,4628.8,4672.9,4625.3,4655.3,,1.32,0.5725025924645744,sp500.csv,True
SP500,2021-11-30,1d,4640.2,4646.0,4560.0,4567.0,,-1.9,-1.5775182104219576,sp500.csv,True
SP500,2021-12-01,1d,4602.8,4652.9,4510.3,4513.0,,-1.18,-1.950986356131057,sp500.csv,True
SP500,2021-12-02,1d,4504.7,4595.5,4504.7,4577.1,,1.42,1.6072102470752858,sp500.csv,True
SP500,2021-12-03,1d,4589.5,4608.0,4495.1,4538.4,,-0.85,-1.1134110469550151,sp500.csv,True
SP500,2021-12-06,1d,4548.4,4612.6,4540.5,4591.7,,1.17,0.9519831149415126,sp500.csv,True
SP500,2021-12-07,1d,4632.0,4694.0,4632.0,4686.8,,2.07,1.1830742659758142,sp500.csv,True
SP500,2021-12-08,1d,4690.9,4705.1,4674.5,4701.2,,0.31,0.21957406894199671,sp500.csv,True
SP500,2021-12-09,1d,4691.0,4695.3,4666.0,4667.4,,-0.72,-0.5030910253677301,sp500.csv,True
SP500,2021-12-10,1d,4687.6,4713.6,4670.2,4712.0,,0.96,0.5205222288590994,sp500.csv,True
SP500,2021-12-13,1d,4710.3,4710.3,4667.6,4669.0,,-0.91,-0.876801902214297,sp500.csv,True
SP500,2021-12-14,1d,4643.0,4660.5,4606.5,4634.1,,-0.75,-0.1916864096489279,sp500.csv,True
SP500,2021-12-15,1d,4636.5,4712.6,4611.2,4709.9,,1.64,1.58309069341096,sp500.csv,True
SP500,2021-12-16,1d,4719.1,4732.0,4651.9,4668.7,,-0.87,-1.0680002542857836,sp500.csv,True
SP500,2021-12-17,1d,4652.5,4666.7,4600.2,4620.6,,-1.03,-0.6856528747984925,sp500.csv,True
SP500,2021-12-20,1d,4587.9,4587.9,4531.1,4568.0,,-1.14,-0.43374964580744635,sp500.csv,True
SP500,2021-12-21,1d,4595.0,4651.1,4583.2,4649.2,,1.78,1.1795429815016245,sp500.csv,True
SP500,2021-12-22,1d,4650.4,4697.7,4645.5,4696.6,,1.02,0.9934629279201967,sp500.csv,True
SP500,2021-12-23,1d,4704.0,4740.7,4704.0,4725.8,,0.62,0.46343537414965663,sp500.csv,True
SP500,2021-12-27,1d,4734.0,4791.5,4734.0,4791.2,,1.38,1.2082805238698757,sp500.csv,True
SP500,2021-12-28,1d,4795.5,4807.0,4780.0,4786.4,,-0.1,-0.18976123449067073,sp500.csv,True
SP500,2021-12-29,1d,4788.6,4804.1,4778.1,4793.1,,0.14,0.09397318631749751,sp500.csv,True
SP500,2021-12-30,1d,4794.2,4808.9,4775.3,4778.7,,-0.3,-0.32330732969003684,sp500.csv,True
SP500,2021-12-31,1d,4775.2,4786.8,4765.8,4766.2,,-0.26,-0.18847378120288028,sp500.csv,True
SP500,2022-01-03,1d,4778.1,4796.6,4758.2,4796.6,,0.64,0.3871831899709077,sp500.csv,True
SP500,2022-01-04,1d,4804.5,4818.6,4774.3,4793.5,,-0.06,-0.2289520241440357,sp500.csv,True
SP500,2022-01-05,1d,4788.0,4797.7,4699.4,4700.6,,-1.94,-1.825396825396819,sp500.csv,True
SP500,2022-01-06,1d,4693.4,4725.0,4671.3,4696.1,,-0.1,0.0575275919376228,sp500.csv,True
SP500,2022-01-07,1d,4697.7,4707.9,4662.7,4677.0,,-0.41,-0.44064116482533944,sp500.csv,True
SP500,2022-01-10,1d,4655.3,4673.0,4582.2,4670.3,,-0.14,0.32221339118854164,sp500.csv,True
SP500,2022-01-11,1d,4669.1,4714.1,4638.3,4713.1,,0.92,0.9423657664217933,sp500.csv,True
SP500,2022-01-12,1d,4728.6,4748.8,4706.7,4726.4,,0.28,-0.04652539863808647,sp500.csv,True
SP500,2022-01-13,1d,4733.6,4744.1,4650.3,4659.0,,-1.43,-1.5759675511238913,sp500.csv,True
SP500,2022-01-14,1d,4638.0,4665.1,4614.8,4662.9,,0.08,0.5368693402328484,sp500.csv,True
SP500,2022-01-18,1d,4632.2,4632.2,4568.7,4577.1,,-1.84,-1.1894995898277139,sp500.csv,True
SP500,2022-01-19,1d,4588.0,4611.6,4530.2,4532.8,,-0.97,-1.2031386224934604,sp500.csv,True
SP500,2022-01-20,1d,4547.4,4602.1,4477.9,4482.7,,-1.11,-1.4227910454325476,sp500.csv,True
SP500,2022-01-21,1d,4471.4,4494.5,4395.3,4397.9,,-1.89,-1.6437804714407145,sp500.csv,True
SP500,2022-01-24,1d,4356.3,4417.4,4222.6,4410.1,,0.28,1.2349929986456454,sp500.csv,True
SP500,2022-01-25,1d,4366.6,4411.0,4287.1,4356.4,,-1.22,-0.2335913525397526,sp500.csv,True
SP500,2022-01-26,1d,4408.4,4453.2,4304.8,4349.9,,-0.15,-1.3270120678704256,sp500.csv,True
SP500,2022-01-27,1d,4380.6,4428.7,4309.5,4326.5,,-0.54,-1.2349906405515254,sp500.csv,True
SP500,2022-01-28,1d,4336.2,4432.7,4292.5,4431.9,,2.44,2.2070015220700068,sp500.csv,True
SP500,2022-01-31,1d,4431.8,4516.9,4414.0,4515.6,,1.89,1.8908795523263633,sp500.csv,True
SP500,2022-02-01,1d,4519.6,4550.5,4483.5,4546.5,,0.68,0.595185414638455,sp500.csv,True
SP500,2022-02-02,1d,4566.4,4595.3,4544.3,4589.4,,0.94,0.503679046951655,sp500.csv,True
SP500,2022-02-03,1d,4535.4,4542.9,4470.4,4477.4,,-2.44,-1.27882876923755,sp500.csv,True
SP500,2022-02-04,1d,4482.8,4539.7,4451.5,4500.5,,0.52,0.3948425091460761,sp500.csv,True
SP500,2022-02-07,1d,4505.8,4521.9,4471.5,4483.9,,-0.37,-0.4860402148342269,sp500.csv,True
SP500,2022-02-08,1d,4480.0,4531.3,4465.4,4521.5,,0.84,0.9263392857142838,sp500.csv,True
SP500,2022-02-09,1d,4547.0,4590.0,4547.0,4587.2,,1.45,0.8840994062018881,sp500.csv,True
SP500,2022-02-10,1d,4553.2,4588.9,4484.3,4504.1,,-1.81,-1.0783624703505135,sp500.csv,True
SP500,2022-02-11,1d,4506.27,4526.33,4401.41,4418.64,,-1.9,-1.9446238241383695,sp500.csv,True
SP500,2022-02-14,1d,4412.61,4426.22,4364.84,4401.67,,-0.38,-0.24792583074415564,sp500.csv,True
SP500,2022-02-15,1d,4429.28,4472.77,4429.28,4471.07,,1.58,0.943494202217976,sp500.csv,True
SP500,2022-02-16,1d,4455.75,4489.55,4429.68,4475.01,,0.09,0.4322504628850421,sp500.csv,True
SP500,2022-02-17,1d,4456.06,4456.06,4373.81,4380.26,,-2.12,-1.7010542946010676,sp500.csv,True
SP500,2022-02-18,1d,4384.57,4394.6,4327.22,4348.87,,-0.72,-0.8142189541961886,sp500.csv,True
SP500,2022-02-22,1d,4332.74,4362.12,4267.11,4304.76,,-1.01,-0.6457807299768636,sp500.csv,True
SP500,2022-02-23,1d,4324.93,4341.51,4221.51,4225.5,,-1.84,-2.298996746768167,sp500.csv,True
SP500,2022-02-24,1d,4155.77,4294.73,4114.65,4288.7,,1.5,3.1986852015390532,sp500.csv,True
SP500,2022-02-25,1d,4298.38,4385.34,4286.83,4384.65,,2.24,2.0070352086134724,sp500.csv,True
SP500,2022-02-28,1d,4354.17,4388.84,4315.12,4373.94,,-0.24,0.45404749929376376,sp500.csv,True
SP500,2022-03-01,1d,4363.14,4378.45,4279.54,4306.26,,-1.55,-1.3036482899929869,sp500.csv,True
SP500,2022-03-02,1d,4322.56,4401.48,4322.56,4386.54,,1.86,1.4801413976902378,sp500.csv,True
SP500,2022-03-03,1d,4401.31,4416.78,4345.56,4363.49,,-0.53,-0.8592896205902423,sp500.csv,True
SP500,2022-03-04,1d,4342.12,4342.12,4284.98,4328.87,,-0.79,-0.3051504794892801,sp500.csv,True
SP500,2022-03-07,1d,4327.01,4327.01,4199.85,4201.09,,-2.95,-2.910092650583196,sp500.csv,True
SP500,2022-03-08,1d,4202.66,4276.94,4157.87,4170.7,,-0.72,-0.7604707494777152,sp500.csv,True
SP500,2022-03-09,1d,4223.1,4299.4,4223.1,4277.88,,2.57,1.2971513816864233,sp500.csv,True
SP500,2022-03-10,1d,4252.55,4268.28,4209.8,4259.52,,-0.43,0.16390165900459497,sp500.csv,True
SP500,2022-03-11,1d,4279.5,4291.01,4200.49,4204.31,,-1.3,-1.7569809557191118,sp500.csv,True
SP500,2022-03-14,1d,4202.75,4247.57,4161.72,4173.11,,-0.74,-0.7052525132353882,sp500.csv,True
SP500,2022-03-15,1d,4188.82,4271.05,4187.9,4262.45,,2.14,1.7577742657836737,sp500.csv,True
SP500,2022-03-16,1d,4288.14,4358.9,4251.99,4357.86,,2.24,1.6258797520603219,sp500.csv,True
SP500,2022-03-17,1d,4345.11,4412.67,4335.65,4411.67,,1.23,1.5318369385355135,sp500.csv,True
SP500,2022-03-18,1d,4407.34,4465.4,4390.57,4463.12,,1.17,1.2656159951353718,sp500.csv,True
SP500,2022-03-21,1d,4462.4,4481.75,4424.3,4461.18,,-0.04,-0.02733954822515816,sp500.csv,True
SP500,2022-03-22,1d,4469.1,4522.0,4469.1,4511.61,,1.13,0.951198227831096,sp500.csv,True
SP500,2022-03-23,1d,4493.1,4501.07,4455.81,4456.24,,-1.23,-0.8203690102601913,sp500.csv,True
SP500,2022-03-24,1d,4469.98,4520.58,4465.17,4520.16,,1.43,1.12260010111902,sp500.csv,True
SP500,2022-03-25,1d,4522.91,4546.03,4501.07,4543.06,,0.51,0.4455096387060653,sp500.csv,True
SP500,2022-03-28,1d,4541.09,4575.65,4517.69,4575.52,,0.71,0.7581880121292572,sp500.csv,True
SP500,2022-03-29,1d,4602.86,4637.3,4589.66,4631.6,,1.23,0.6243943982654487,sp500.csv,True
SP500,2022-03-30,1d,4624.2,4627.77,4581.32,4602.45,,-0.63,-0.47035162838977573,sp500.csv,True
SP500,2022-03-31,1d,4599.02,4603.07,4530.41,4530.41,,-1.57,-1.4918395658205519,sp500.csv,True
SP500,2022-04-01,1d,4540.32,4548.7,4507.57,4545.86,,0.34,0.1220178313422915,sp500.csv,True
SP500,2022-04-04,1d,4547.97,4583.5,4539.21,4582.64,,0.81,0.7623181331451123,sp500.csv,True
SP500,2022-04-05,1d,4572.45,4593.45,4514.17,4525.12,,-1.26,-1.0351124670581413,sp500.csv,True
SP500,2022-04-06,1d,4494.17,4503.94,4450.04,4481.15,,-0.97,-0.289708667006372,sp500.csv,True
SP500,2022-04-07,1d,4474.65,4521.16,4450.3,4500.21,,0.43,0.5712178606148033,sp500.csv,True
SP500,2022-04-08,1d,4494.15,4520.41,4474.6,4488.28,,-0.27,-0.1306142429602919,sp500.csv,True
SP500,2022-04-11,1d,4462.64,4464.35,4408.38,4412.53,,-1.69,-1.122877937722977,sp500.csv,True
SP500,2022-04-12,1d,4437.59,4471.0,4381.34,4397.45,,-0.34,-0.9045450345795847,sp500.csv,True
SP500,2022-04-13,1d,4394.3,4453.92,4392.7,4446.59,,1.12,1.1899506178458363,sp500.csv,True
SP500,2022-04-14,1d,4449.12,4460.46,4390.77,4392.59,,-1.21,-1.270588341065193,sp500.csv,True
SP500,2022-04-18,1d,4385.63,4410.31,4370.3,4391.69,,-0.02,0.138178551314172,sp500.csv,True
SP500,2022-04-19,1d,4390.63,4471.03,4390.63,4462.21,,1.61,1.6302899583886532,sp500.csv,True
SP500,2022-04-20,1d,4472.26,4488.29,4448.76,4459.45,,-0.06,-0.28643236305582187,sp500.csv,True
SP500,2022-04-21,1d,4489.17,4512.94,4384.47,4393.66,,-1.48,-2.1275647836905276,sp500.csv,True
SP500,2022-04-22,1d,4385.83,4385.83,4267.62,4271.78,,-2.77,-2.6004199889188673,sp500.csv,True
SP500,2022-04-25,1d,4255.34,4299.02,4200.82,4296.12,,0.57,0.9583253042060091,sp500.csv,True
SP500,2022-04-26,1d,4278.14,4278.14,4175.04,4175.2,,-2.81,-2.4061858658202095,sp500.csv,True
SP500,2022-04-27,1d,4186.52,4240.71,4162.9,4183.96,,0.21,-0.0611486389650695,sp500.csv,True
SP500,2022-04-28,1d,4222.58,4308.45,4188.63,4287.5,,2.47,1.5374486688233269,sp500.csv,True
SP500,2022-04-29,1d,4253.75,4269.68,4124.28,4131.93,,-3.63,-2.863826035850714,sp500.csv,True
SP500,2022-05-02,1d,4130.61,4169.81,4062.51,4155.38,,0.57,0.5996692982392471,sp500.csv,True
SP500,2022-05-03,1d,4159.78,4200.1,4147.08,4175.48,,0.48,0.3774238060666679,sp500.csv,True
SP500,2022-05-04,1d,4181.18,4307.66,4148.91,4300.17,,2.99,2.8458473445295285,sp500.csv,True
SP500,2022-05-05,1d,4270.43,4270.43,4106.01,4146.87,,-3.56,-2.8933854436204443,sp500.csv,True
SP500,2022-05-06,1d,4128.17,4157.69,4067.91,4123.34,,-0.57,-0.11700099559853738,sp500.csv,True
SP500,2022-05-09,1d,4081.27,4081.27,3975.48,3991.24,,-3.2,-2.2059309969690855,sp500.csv,True
SP500,2022-05-10,1d,4035.18,4068.82,3958.17,4001.05,,0.25,-0.8458110914506878,sp500.csv,True
SP500,2022-05-11,1d,3990.08,4049.09,3928.82,3935.18,,-1.65,-1.3759122624107833,sp500.csv,True
SP500,2022-05-12,1d,3903.95,3964.8,3858.87,3930.08,,-0.13,0.6693220968506219,sp500.csv,True
SP500,2022-05-13,1d,3963.9,4038.88,3963.9,4023.89,,2.39,1.5134085118191587,sp500.csv,True
SP500,2022-05-16,1d,4013.02,4046.46,3983.99,4008.01,,-0.39,-0.12484363397141651,sp500.csv,True
SP500,2022-05-17,1d,4052.0,4090.72,4033.93,4088.85,,2.02,0.9094274432378979,sp500.csv,True
SP500,2022-05-18,1d,4051.98,4051.98,3911.91,3923.68,,-4.04,-3.1663532396507432,sp500.csv,True
SP500,2022-05-19,1d,3899.0,3945.96,3876.58,3900.79,,-0.58,0.04590920748910321,sp500.csv,True
SP500,2022-05-20,1d,3927.76,3943.42,3810.32,3901.36,,0.01,-0.6721388272195927,sp500.csv,True
SP500,2022-05-23,1d,3919.42,3981.88,3909.04,3973.75,,1.86,1.3861744850003355,sp500.csv,True
SP500,2022-05-24,1d,3942.94,3955.68,3875.13,3941.48,,-0.81,-0.03702820737825352,sp500.csv,True
SP500,2022-05-25,1d,3929.59,3999.33,3925.03,3978.73,,0.95,1.2505121399433605,sp500.csv,True
SP500,2022-05-26,1d,3984.6,4075.14,3984.6,4057.84,,1.99,1.8380765948903255,sp500.csv,True
SP500,2022-05-27,1d,4077.43,4158.49,4077.43,4158.24,,2.47,1.981885648558035,sp500.csv,True
SP500,2022-05-31,1d,4151.09,4168.34,4104.88,4132.15,,-0.63,-0.45626570370674857,sp500.csv,True
SP500,2022-06-01,1d,4149.78,4166.54,4073.85,4101.23,,-0.75,-1.1699415390695411,sp500.csv,True
SP500,2022-06-02,1d,4095.41,4177.51,4074.37,4176.82,,1.84,1.9878351618030976,sp500.csv,True
SP500,2022-06-03,1d,4137.57,4142.67,4098.67,4108.54,,-1.63,-0.7016195496390321,sp500.csv,True
SP500,2022-06-06,1d,4134.72,4168.78,4109.18,4121.43,,0.31,-0.32142442535407767,sp500.csv,True
SP500,2022-06-07,1d,4096.47,4164.86,4080.19,4160.68,,0.95,1.5674470946937191,sp500.csv,True
SP500,2022-06-08,1d,4147.12,4160.14,4107.2,4115.77,,-1.08,-0.7559462952603124,sp500.csv,True
SP500,2022-06-09,1d,4101.65,4119.1,4017.17,4017.82,,-2.38,-2.0438116367803127,sp500.csv,True
SP500,2022-06-10,1d,3974.39,3974.39,3900.16,3900.86,,-2.91,-1.8500952347404231,sp500.csv,True
SP500,2022-06-13,1d,3838.15,3838.15,3734.3,3749.63,,-3.88,-2.3063194507770612,sp500.csv,True
SP500,2022-06-14,1d,3763.52,3778.18,3705.68,3735.48,,-0.38,-0.7450471898648114,sp500.csv,True
SP500,2022-06-15,1d,3764.05,3837.56,3722.3,3789.99,,1.46,0.6891513130803162,sp500.csv,True
SP500,2022-06-16,1d,3728.18,3728.18,3639.77,3666.77,,-3.25,-1.6471844170614092,sp500.csv,True
SP500,2022-06-17,1d,3665.9,3707.71,3636.87,3674.84,,0.22,0.2438691726451836,sp500.csv,True
SP500,2022-06-21,1d,3715.31,3779.65,3715.31,3764.79,,2.45,1.331786580393013,sp500.csv,True
SP500,2022-06-22,1d,3733.89,3801.79,3717.69,3759.89,,-0.13,0.696324744435417,sp500.csv,True
SP500,2022-06-23,1d,3774.71,3802.58,3743.52,3795.73,,0.95,0.5568639710070489,sp500.csv,True
SP500,2022-06-24,1d,3821.75,3913.65,3821.75,3911.74,,3.06,2.3546804474389837,sp500.csv,True
SP500,2022-06-27,1d,3920.76,3927.72,3889.66,3900.11,,-0.3,-0.5266836021587729,sp500.csv,True
SP500,2022-06-28,1d,3913.0,3945.86,3820.14,3821.55,,-2.01,-2.337081523128026,sp500.csv,True
SP500,2022-06-29,1d,3825.09,3836.5,3799.02,3818.83,,-0.07,-0.16365627998295995,sp500.csv,True
SP500,2022-06-30,1d,3785.99,3818.99,3738.67,3785.38,,-0.88,-0.0161120341046761,sp500.csv,True
SP500,2022-07-01,1d,3781.0,3829.82,3752.1,3825.33,,1.06,1.172441153134085,sp500.csv,True
SP500,2022-07-05,1d,3792.61,3832.19,3742.06,3831.39,,0.16,1.022514838066657,sp500.csv,True
SP500,2022-07-06,1d,3831.98,3870.91,3809.37,3845.08,,0.36,0.3418598218153601,sp500.csv,True
SP500,2022-07-07,1d,3858.85,3910.63,3858.85,3902.62,,1.5,1.1342757557303296,sp500.csv,True
SP500,2022-07-08,1d,3888.26,3918.5,3869.34,3899.38,,-0.08,0.28598910566679514,sp500.csv,True
SP500,2022-07-11,1d,3880.94,3880.94,3847.22,3854.43,,-1.15,-0.6830819337583227,sp500.csv,True
SP500,2022-07-12,1d,3851.95,3873.41,3802.36,3818.8,,-0.92,-0.8606030711717394,sp500.csv,True
SP500,2022-07-13,1d,3779.67,3829.44,3759.07,3801.78,,-0.45,0.5849717038789226,sp500.csv,True
SP500,2022-07-14,1d,3763.99,3796.41,3721.56,3790.38,,-0.3,0.7011176969120569,sp500.csv,True
SP500,2022-07-15,1d,3818.0,3863.62,3817.18,3863.16,,1.92,1.1828182294394862,sp500.csv,True
SP500,2022-07-18,1d,3883.79,3902.44,3818.63,3830.85,,-0.84,-1.3631015065181162,sp500.csv,True
SP500,2022-07-19,1d,3860.73,3939.81,3860.73,3936.69,,2.76,1.9675035550271502,sp500.csv,True
SP500,2022-07-20,1d,3935.32,3974.13,3922.03,3959.9,,0.59,0.624599778417001,sp500.csv,True
SP500,2022-07-21,1d,3955.47,3999.29,3927.64,3998.95,,0.99,1.0992372587834032,sp500.csv,True
SP500,2022-07-22,1d,3998.43,4012.44,3938.86,3961.63,,-0.93,-0.920361241787393,sp500.csv,True
SP500,2022-07-25,1d,3965.72,3975.3,3943.46,3966.84,,0.13,0.028242034233394442,sp500.csv,True
SP500,2022-07-26,1d,3953.22,3953.22,3910.74,3921.05,,-1.15,-0.8137670051249213,sp500.csv,True
SP500,2022-07-27,1d,3951.43,4039.56,3951.43,4023.61,,2.62,1.8266804675775683,sp500.csv,True
SP500,2022-07-28,1d,4026.13,4078.95,3992.97,4072.43,,1.21,1.1499877053150254,sp500.csv,True
SP500,2022-07-29,1d,4087.33,4140.15,4079.22,4130.29,,1.42,1.0510528878265202,sp500.csv,True
SP500,2022-08-01,1d,4112.38,4144.95,4096.02,4118.63,,-0.28,0.15198011856880633,sp500.csv,True
SP500,2022-08-02,1d,4104.21,4140.47,4079.81,4091.19,,-0.67,-0.3172352291914926,sp500.csv,True
SP500,2022-08-03,1d,4107.96,4167.66,4107.96,4155.17,,1.56,1.149232222319596,sp500.csv,True
SP500,2022-08-04,1d,4154.85,4161.29,4135.42,4151.94,,-0.08,-0.0700386295534372,sp500.csv,True
SP500,2022-08-05,1d,4115.87,4151.58,4107.31,4145.19,,-0.16,0.7123645790561905,sp500.csv,True
SP500,2022-08-08,1d,4155.93,4186.62,4128.97,4140.06,,-0.12,-0.38186398712201086,sp500.csv,True
SP500,2022-08-09,1d,4133.11,4137.3,4112.09,4122.47,,-0.42,-0.2574332645392752,sp500.csv,True
SP500,2022-08-10,1d,4181.02,4211.03,4177.26,4210.24,,2.13,0.6988725239295501,sp500.csv,True
SP500,2022-08-11,1d,4227.4,4257.91,4201.41,4207.27,,-0.07,-0.4761792118086583,sp500.csv,True
SP500,2022-08-12,1d,4225.02,4280.47,4219.78,4280.15,,1.73,1.3048458942205965,sp500.csv,True
SP500,2022-08-15,1d,4269.37,4301.79,4256.9,4297.14,,0.4,0.6504472556841057,sp500.csv,True
SP500,2022-08-16,1d,4290.46,4325.28,4277.77,4305.2,,0.19,0.34355290574903385,sp500.csv,True
SP500,2022-08-17,1d,4280.4,4302.18,4253.08,4274.04,,-0.72,-0.14858424446312357,sp500.csv,True
SP500,2022-08-18,1d,4273.13,4292.53,4261.98,4283.74,,0.23,0.24829574574141144,sp500.csv,True
SP500,2022-08-19,1d,4266.31,4266.31,4218.7,4228.48,,-1.29,-0.8867147488110572,sp500.csv,True
SP500,2022-08-22,1d,4195.08,4195.08,4129.86,4137.99,,-2.14,-1.360879887868649,sp500.csv,True
SP500,2022-08-23,1d,4133.09,4159.77,4124.03,4128.73,,-0.22,-0.1054900812709314,sp500.csv,True
SP500,2022-08-24,1d,4126.55,4156.56,4119.97,4140.77,,0.29,0.3445977874980466,sp500.csv,True
SP500,2022-08-25,1d,4153.26,4200.54,4147.59,4199.12,,1.41,1.1041928509170962,sp500.csv,True
SP500,2022-08-26,1d,4198.74,4203.04,4057.66,4057.66,,-3.37,-3.360055635738335,sp500.csv,True
SP500,2022-08-29,1d,4034.58,4062.99,4017.42,4030.61,,-0.67,-0.09839933772536336,sp500.csv,True
SP500,2022-08-30,1d,4041.25,4044.98,3965.21,3986.16,,-1.1,-1.3631920816579046,sp500.csv,True
SP500,2022-08-31,1d,4000.67,4015.37,3954.53,3955.0,,-0.78,-1.1415587889028633,sp500.csv,True
SP500,2022-09-01,1d,3936.73,3970.23,3903.65,3966.85,,0.3,0.7651020008992315,sp500.csv,True
SP500,2022-09-02,1d,3994.66,4018.43,3906.21,3924.26,,-1.07,-1.762352740909101,sp500.csv,True
SP500,2022-09-06,1d,3930.89,3942.55,3886.75,3908.19,,-0.41,-0.5774773651768372,sp500.csv,True
SP500,2022-09-07,1d,3909.43,3987.89,3906.03,3979.87,,1.83,1.8017971929411791,sp500.csv,True
SP500,2022-09-08,1d,3959.94,4010.5,3944.81,4006.18,,0.66,1.1676944600170547,sp500.csv,True
SP500,2022-09-09,1d,4022.94,4076.81,4022.94,4067.36,,1.53,1.104167598820771,sp500.csv,True
SP500,2022-09-12,1d,4083.67,4119.28,4083.67,4110.41,,1.06,0.6548031550051681,sp500.csv,True
SP500,2022-09-13,1d,4037.12,4037.12,3921.28,3932.69,,-4.32,-2.5867450063411512,sp500.csv,True
SP500,2022-09-14,1d,3940.73,3961.94,3912.18,3946.01,,0.34,0.13398532759159032,sp500.csv,True
SP500,2022-09-15,1d,3932.41,3959.14,3888.28,3901.35,,-1.13,-0.7898464300517993,sp500.csv,True
SP500,2022-09-16,1d,3880.95,3880.95,3837.08,3873.33,,-0.72,-0.19634367873845315,sp500.csv,True
SP500,2022-09-19,1d,3849.91,3900.45,3838.5,3899.89,,0.69,1.29821216599868,sp500.csv,True
SP500,2022-09-20,1d,3875.23,3876.01,3827.54,3855.93,,-1.13,-0.4980349553445951,sp500.csv,True
SP500,2022-09-21,1d,3871.4,3907.07,3789.49,3789.93,,-1.71,-2.104406674588011,sp500.csv,True
SP500,2022-09-22,1d,3782.36,3790.9,3749.45,3757.99,,-0.84,-0.6443067291320825,sp500.csv,True
SP500,2022-09-23,1d,3727.14,3727.14,3647.47,3693.23,,-1.72,-0.9098128860198451,sp500.csv,True
SP500,2022-09-26,1d,3682.72,3715.67,3644.76,3655.04,,-1.03,-0.7516183690315814,sp500.csv,True
SP500,2022-09-27,1d,3686.44,3717.53,3623.29,3647.29,,-0.21,-1.0620001953103864,sp500.csv,True
SP500,2022-09-28,1d,3651.94,3736.74,3640.61,3719.04,,1.97,1.83737958454957,sp500.csv,True
SP500,2022-09-29,1d,3687.01,3687.01,3610.4,3640.47,,-2.11,-1.2622694269882717,sp500.csv,True
SP500,2022-09-30,1d,3633.48,3671.44,3584.13,3585.62,,-1.51,-1.317194535266475,sp500.csv,True
SP500,2022-10-03,1d,3609.78,3698.35,3604.93,3678.43,,2.59,1.901777947686556,sp500.csv,True
SP500,2022-10-04,1d,3726.46,3791.92,3726.46,3790.93,,3.06,1.7300601643382763,sp500.csv,True
SP500,2022-10-05,1d,3753.25,3806.91,3722.66,3783.28,,-0.2,0.8001065743022728,sp500.csv,True
SP500,2022-10-06,1d,3771.97,3797.93,3739.22,3744.52,,-1.02,-0.727736434807269,sp500.csv,True
SP500,2022-10-07,1d,3706.74,3706.74,3620.73,3639.66,,-2.8,-1.809676427264928,sp500.csv,True
SP500,2022-10-10,1d,3647.51,3652.17,3588.1,3612.39,,-0.75,-0.9628486282422855,sp500.csv,True
SP500,2022-10-11,1d,3595.86,3640.66,3568.45,3588.84,,-0.65,-0.19522450818441062,sp500.csv,True
SP500,2022-10-12,1d,3590.83,3608.34,3573.86,3577.03,,-0.33,-0.3843122620675321,sp500.csv,True
SP500,2022-10-13,1d,3520.37,3685.41,3491.58,3669.91,,2.6,4.247848947695831,sp500.csv,True
SP500,2022-10-14,1d,3690.41,3712.0,3579.68,3583.07,,-2.37,-2.908619909440946,sp500.csv,True
SP500,2022-10-17,1d,3638.65,3689.73,3638.65,3677.95,,2.65,1.0800709054182178,sp500.csv,True
SP500,2022-10-18,1d,3746.26,3762.79,3686.53,3719.98,,1.14,-0.7014996289632869,sp500.csv,True
SP500,2022-10-19,1d,3703.11,3728.58,3666.51,3695.16,,-0.67,-0.2146844139115589,sp500.csv,True
SP500,2022-10-20,1d,3689.05,3736.0,3656.44,3665.78,,-0.8,-0.6307857036364384,sp500.csv,True
SP500,2022-10-21,1d,3657.1,3757.89,3647.42,3752.75,,2.37,2.6154603374258345,sp500.csv,True
SP500,2022-10-24,1d,3762.01,3810.74,3741.65,3797.34,,1.19,0.9391256269919435,sp500.csv,True
SP500,2022-10-25,1d,3799.44,3862.85,3799.44,3859.11,,1.63,1.5704945992040864,sp500.csv,True
SP500,2022-10-26,1d,3825.97,3886.15,3824.07,3830.6,,-0.74,0.12101506284680763,sp500.csv,True
SP500,2022-10-27,1d,3834.69,3859.95,3803.79,3807.3,,-0.61,-0.7142689500324595,sp500.csv,True
SP500,2022-10-28,1d,3808.26,3905.42,3808.26,3901.06,,2.46,2.4368084111904054,sp500.csv,True
SP500,2022-10-31,1d,3881.85,3893.73,3863.18,3871.98,,-0.75,-0.25426021098187146,sp500.csv,True
SP500,2022-11-01,1d,3901.79,3911.79,3843.8,3856.1,,-0.41,-1.1710010021041661,sp500.csv,True
SP500,2022-11-02,1d,3852.9,3894.44,3758.68,3759.69,,-2.5,-2.4192166939188686,sp500.csv,True
SP500,2022-11-03,1d,3733.25,3750.59,3698.15,3719.89,,-1.06,-0.35786513091810024,sp500.csv,True
SP500,2022-11-04,1d,3766.98,3796.34,3708.84,3770.55,,1.36,0.0947708774668321,sp500.csv,True
SP500,2022-11-07,1d,3780.71,3813.95,3764.7,3806.8,,0.96,0.6900820216308556,sp500.csv,True
SP500,2022-11-08,1d,3817.02,3859.4,3786.28,3828.11,,0.56,0.29054078836370234,sp500.csv,True
SP500,2022-11-09,1d,3810.94,3818.2,3744.22,3748.57,,-2.08,-1.6366040924286396,sp500.csv,True
SP500,2022-11-10,1d,3859.89,3958.33,3859.89,3956.37,,5.54,2.499553096072682,sp500.csv,True
SP500,2022-11-11,1d,3963.72,4001.48,3944.82,3992.93,,0.92,0.736933991301103,sp500.csv,True
SP500,2022-11-14,1d,3977.97,4008.97,3956.4,3957.25,,-0.89,-0.5208686842786636,sp500.csv,True
SP500,2022-11-15,1d,4006.41,4028.84,3953.17,3991.73,,0.87,-0.3664128234504127,sp500.csv,True
SP500,2022-11-16,1d,3976.82,3983.09,3954.34,3958.79,,-0.83,-0.45337732157855193,sp500.csv,True
SP500,2022-11-17,1d,3919.26,3954.33,3906.54,3946.56,,-0.31,0.6965600649102122,sp500.csv,True
SP500,2022-11-18,1d,3966.39,3979.89,3935.98,3965.34,,0.48,-0.026472434631985564,sp500.csv,True
SP500,2022-11-21,1d,3956.23,3962.0,3933.34,3949.94,,-0.39,-0.15898974528780752,sp500.csv,True
SP500,2022-11-22,1d,3965.51,4005.88,3956.88,4003.58,,1.36,0.9600278400508255,sp500.csv,True
SP500,2022-11-23,1d,4000.3,4033.78,3998.66,4027.26,,0.59,0.6739494537909563,sp500.csv,True
SP500,2022-11-25,1d,4023.34,4034.02,4020.76,4026.12,,-0.03,0.0690968200549813,sp500.csv,True
SP500,2022-11-28,1d,4005.36,4012.27,3955.77,3963.94,,-1.54,-1.0341142868556141,sp500.csv,True
SP500,2022-11-29,1d,3964.19,3976.77,3937.65,3957.63,,-0.16,-0.16548147288600878,sp500.csv,True
SP500,2022-11-30,1d,3957.18,4080.11,3938.58,4080.11,,3.09,3.1065051374969066,sp500.csv,True
SP500,2022-12-01,1d,4087.14,4100.51,4050.87,4076.57,,-0.09,-0.2586160493645906,sp500.csv,True
SP500,2022-12-02,1d,4040.17,4080.48,4026.63,4071.7,,-0.12,0.780412705405964,sp500.csv,True
SP500,2022-12-05,1d,4052.02,4052.45,3984.49,3998.84,,-1.79,-1.3124318241272248,sp500.csv,True
SP500,2022-12-06,1d,3996.63,4001.51,3918.39,3941.26,,-1.44,-1.3854172140027932,sp500.csv,True
SP500,2022-12-07,1d,3933.28,3957.57,3922.68,3933.92,,-0.19,0.01627140706992325,sp500.csv,True
SP500,2022-12-08,1d,3947.79,3974.19,3935.83,3963.51,,0.75,0.3981974725099313,sp500.csv,True
SP500,2022-12-09,1d,3954.17,3977.02,3933.04,3934.38,,-0.73,-0.5004842988541203,sp500.csv,True
SP500,2022-12-12,1d,3939.29,3990.71,3935.3,3990.56,,1.43,1.3015035704403655,sp500.csv,True
SP500,2022-12-13,1d,4069.38,4100.96,3993.03,4019.65,,0.73,-1.2220534823486617,sp500.csv,True
SP500,2022-12-14,1d,4015.54,4053.76,3965.65,3995.32,,-0.61,-0.5035437325988434,sp500.csv,True
SP500,2022-12-15,1d,3958.37,3958.37,3879.45,3895.75,,-2.49,-1.5819642933833866,sp500.csv,True
SP500,2022-12-16,1d,3890.91,3890.91,3827.91,3852.36,,-1.11,-0.9907707965488677,sp500.csv,True
SP500,2022-12-19,1d,3853.79,3854.86,3800.04,3817.66,,-0.9,-0.9375186504713584,sp500.csv,True
SP500,2022-12-20,1d,3810.47,3838.24,3795.62,3821.62,,0.1,0.2926148217936353,sp500.csv,True
SP500,2022-12-21,1d,3839.49,3889.82,3839.49,3878.44,,1.49,1.0144576493232194,sp500.csv,True
SP500,2022-12-22,1d,3853.26,3853.26,3764.49,3822.39,,-1.45,-0.8011398140795212,sp500.csv,True
SP500,2022-12-23,1d,3815.11,3845.8,3797.01,3844.82,,0.59,0.7787455669692411,sp500.csv,True
SP500,2022-12-27,1d,3843.34,3846.65,3813.22,3829.25,,-0.4,-0.36660821056685444,sp500.csv,True
SP500,2022-12-28,1d,3829.56,3848.32,3780.78,3783.22,,-1.2,-1.2100606858229224,sp500.csv,True
SP500,2022-12-29,1d,3805.45,3858.19,3805.45,3849.28,,1.75,1.1517691731595558,sp500.csv,True
SP500,2022-12-30,1d,3829.06,3839.85,3800.34,3839.5,,-0.25,0.2726517735423428,sp500.csv,True
SP500,2023-01-03,1d,3853.29,3878.46,3794.33,3824.14,,-0.4,-0.7564963965857818,sp500.csv,True
SP500,2023-01-04,1d,3840.36,3873.16,3815.77,3852.97,,0.75,0.32835463341978066,sp500.csv,True
SP500,2023-01-05,1d,3839.74,3839.74,3802.42,3808.1,,-1.16,-0.8240141259564404,sp500.csv,True
SP500,2023-01-06,1d,3823.37,3906.19,3809.56,3895.08,,2.28,1.875570504554891,sp500.csv,True
SP500,2023-01-09,1d,3910.82,3950.57,3890.42,3892.09,,-0.08,-0.4789276929135111,sp500.csv,True
SP500,2023-01-10,1d,3888.57,3919.83,3877.29,3919.25,,0.7,0.7889789819907955,sp500.csv,True
SP500,2023-01-11,1d,3932.35,3970.07,3928.54,3969.61,,1.28,0.9475250168474281,sp500.csv,True
SP500,2023-01-12,1d,3977.57,3997.76,3937.56,3983.17,,0.34,0.14078947699223132,sp500.csv,True
SP500,2023-01-13,1d,3960.6,4003.95,3947.67,3999.09,,0.4,0.9718224511437779,sp500.csv,True
SP500,2023-01-17,1d,3999.28,4015.39,3984.57,3990.97,,-0.2,-0.2077874017323178,sp500.csv,True
SP500,2023-01-18,1d,4002.25,4014.16,3926.59,3928.86,,-1.56,-1.8337185333250017,sp500.csv,True
SP500,2023-01-19,1d,3911.84,3922.94,3885.54,3898.85,,-0.76,-0.332068796269791,sp500.csv,True
SP500,2023-01-20,1d,3909.04,3972.96,3897.86,3972.61,,1.89,1.6262304811411443,sp500.csv,True
SP500,2023-01-23,1d,3978.14,4039.31,3971.64,4019.81,,1.19,1.0474744478575326,sp500.csv,True
SP500,2023-01-24,1d,4001.74,4023.92,3989.79,4016.95,,-0.07,0.38008466317152045,sp500.csv,True
SP500,2023-01-25,1d,3982.71,4019.55,3949.06,4016.22,,-0.02,0.8413868948530023,sp500.csv,True
SP500,2023-01-26,1d,4036.08,4061.57,4013.29,4060.43,,1.1,0.6033081603932455,sp500.csv,True
SP500,2023-01-27,1d,4053.72,4094.21,4048.7,4070.56,,0.25,0.4154208973486062,sp500.csv,True
SP500,2023-01-30,1d,4049.27,4063.85,4015.55,4017.77,,-1.3,-0.7779179950954118,sp500.csv,True
SP500,2023-01-31,1d,4020.85,4077.16,4020.44,4076.6,,1.46,1.3865227501647759,sp500.csv,True
SP500,2023-02-01,1d,4070.07,4148.95,4037.2,4119.21,,1.05,1.2073502421334315,sp500.csv,True
SP500,2023-02-02,1d,4158.68,4195.44,4141.88,4179.76,,1.47,0.5068916098377452,sp500.csv,True
SP500,2023-02-03,1d,4136.69,4182.36,4123.36,4136.48,,-1.04,-0.005076522533720151,sp500.csv,True
SP500,2023-02-06,1d,4119.57,4124.63,4093.38,4111.08,,-0.61,-0.2060894705029792,sp500.csv,True
SP500,2023-02-07,1d,4105.35,4176.54,4088.39,4164.0,,1.29,1.428623625269454,sp500.csv,True
SP500,2023-02-08,1d,4153.47,4156.85,4111.67,4117.86,,-1.11,-0.8573554160738017,sp500.csv,True
SP500,2023-02-09,1d,4144.25,4156.23,4069.67,4081.5,,-0.88,-1.5141461060505512,sp500.csv,True
SP500,2023-02-10,1d,4068.92,4094.36,4060.79,4090.46,,0.22,0.5293788032205038,sp500.csv,True
SP500,2023-02-13,1d,4096.62,4138.9,4092.67,4137.29,,1.14,0.9927696491253801,sp500.csv,True
SP500,2023-02-14,1d,4126.7,4159.77,4095.01,4136.13,,-0.03,0.22851188601062944,sp500.csv,True
SP500,2023-02-15,1d,4119.5,4148.11,4103.98,4147.6,,0.28,0.6821216167010702,sp500.csv,True
SP500,2023-02-16,1d,4114.75,4136.54,4089.49,4090.41,,-1.38,-0.5915304696518686,sp500.csv,True
SP500,2023-02-17,1d,4077.39,4081.51,4047.95,4079.09,,-0.28,0.04169333814034726,sp500.csv,True
SP500,2023-02-21,1d,4052.35,4052.35,3995.19,3997.34,,-2.0,-1.3574839290781848,sp500.csv,True
SP500,2023-02-22,1d,4001.83,4017.37,3976.9,3991.05,,-0.16,-0.2693767601322339,sp500.csv,True
SP500,2023-02-23,1d,4018.6,4028.3,3969.19,4012.32,,0.53,-0.1562733290200513,sp500.csv,True
SP500,2023-02-24,1d,3973.24,3978.25,3943.08,3970.04,,-1.05,-0.08053880460279217,sp500.csv,True
SP500,2023-02-27,1d,3992.36,4018.05,3973.55,3982.24,,0.31,-0.2534841547355504,sp500.csv,True
SP500,2023-02-28,1d,3977.19,3997.5,3968.98,3970.15,,-0.3,-0.1770093960811514,sp500.csv,True
SP500,2023-03-01,1d,3963.34,3971.73,3939.05,3951.39,,-0.47,-0.3015133700363881,sp500.csv,True
SP500,2023-03-02,1d,3938.68,3990.84,3928.16,3981.35,,0.76,1.0833578762428075,sp500.csv,True
SP500,2023-03-03,1d,3998.02,4048.29,3995.17,4045.64,,1.61,1.1910895893467277,sp500.csv,True
SP500,2023-03-06,1d,4055.15,4078.49,4044.61,4048.42,,0.07,-0.16596180165961982,sp500.csv,True
SP500,2023-03-07,1d,4048.26,4050.0,3980.31,3986.37,,-1.53,-1.52880496806036,sp500.csv,True
SP500,2023-03-08,1d,3987.55,4000.41,3969.76,3992.01,,0.14,0.11184812729621019,sp500.csv,True
SP500,2023-03-09,1d,3998.66,4017.81,3908.7,3918.32,,-1.85,-2.009173072979442,sp500.csv,True
SP500,2023-03-10,1d,3912.77,3934.05,3846.32,3861.59,,-1.45,-1.3080247497297304,sp500.csv,True
SP500,2023-03-13,1d,3835.12,3905.05,3808.86,3855.76,,-0.15,0.5381839420930845,sp500.csv,True
SP500,2023-03-14,1d,3894.01,3937.29,3873.63,3919.29,,1.65,0.6492022362551753,sp500.csv,True
SP500,2023-03-15,1d,3876.74,3894.26,3838.24,3891.93,,-0.7,0.39182405835831435,sp500.csv,True
SP500,2023-03-16,1d,3878.93,3964.46,3864.11,3960.28,,1.76,2.0972278437610514,sp500.csv,True
SP500,2023-03-17,1d,3958.69,3958.91,3901.27,3916.64,,-1.1,-1.062220077854037,sp500.csv,True
SP500,2023-03-20,1d,3917.47,3956.62,3916.89,3951.57,,0.89,0.8704597610192488,sp500.csv,True
SP500,2023-03-21,1d,3975.89,4009.08,3971.19,4002.87,,1.3,0.6785902024452284,sp500.csv,True
SP500,2023-03-22,1d,4002.04,4039.49,3936.17,3936.97,,-1.65,-1.6259207804020015,sp500.csv,True
SP500,2023-03-23,1d,3959.21,4007.66,3919.05,3948.72,,0.3,-0.26495184645422,sp500.csv,True
SP500,2023-03-24,1d,3939.21,3972.74,3909.16,3970.99,,0.56,0.8067607464440796,sp500.csv,True
SP500,2023-03-27,1d,3982.93,4003.83,3970.49,3977.53,,0.16,-0.13557858159695124,sp500.csv,True
SP500,2023-03-28,1d,3974.13,3979.2,3951.53,3971.27,,-0.16,-0.0719654364603084,sp500.csv,True
SP500,2023-03-29,1d,3999.53,4030.59,3999.53,4027.81,,1.42,0.7070830822621499,sp500.csv,True
SP500,2023-03-30,1d,4046.74,4057.85,4032.1,4050.83,,0.57,0.10106900863411372,sp500.csv,True
SP500,2023-03-31,1d,4056.18,4110.75,4056.18,4109.31,,1.44,1.309853113027537,sp500.csv,True
SP500,2023-04-03,1d,4102.2,4127.66,4098.79,4124.51,,0.37,0.5438545170884046,sp500.csv,True
SP500,2023-04-04,1d,4128.03,4133.13,4086.87,4100.6,,-0.58,-0.6644816050270785,sp500.csv,True
SP500,2023-04-05,1d,4094.5,4099.69,4072.56,4090.38,,-0.25,-0.10062278666503888,sp500.csv,True
SP500,2023-04-06,1d,4081.15,4107.32,4069.84,4105.02,,0.36,0.5848841625522239,sp500.csv,True
SP500,2023-04-10,1d,4085.2,4109.5,4072.55,4109.11,,0.1,0.5852834622539937,sp500.csv,True
SP500,2023-04-11,1d,4110.29,4124.26,4102.61,4108.94,,0.0,-0.032844397840547934,sp500.csv,True
SP500,2023-04-12,1d,4121.72,4134.37,4086.94,4091.95,,-0.41,-0.722271284803444,sp500.csv,True
SP500,2023-04-13,1d,4100.04,4150.26,4099.4,4146.22,,1.33,1.1263304748246439,sp500.csv,True
SP500,2023-04-14,1d,4140.11,4163.19,4113.2,4137.64,,-0.21,-0.05966025057303481,sp500.csv,True
SP500,2023-04-17,1d,4137.17,4151.72,4123.18,4151.32,,0.33,0.34202123673912066,sp500.csv,True
SP500,2023-04-18,1d,4164.26,4169.48,4140.36,4154.87,,0.09,-0.2254902431644612,sp500.csv,True
SP500,2023-04-19,1d,4139.33,4162.57,4134.49,4154.52,,-0.01,0.36696760103689385,sp500.csv,True
SP500,2023-04-20,1d,4130.48,4148.57,4114.57,4129.79,,-0.6,-0.016705080281220752,sp500.csv,True
SP500,2023-04-21,1d,4132.14,4138.02,4113.86,4133.52,,0.09,0.03339673873585802,sp500.csv,True
SP500,2023-04-24,1d,4132.07,4142.41,4117.77,4137.04,,0.09,0.1202786980859516,sp500.csv,True
SP500,2023-04-25,1d,4126.43,4126.43,4071.38,4071.63,,-1.58,-1.3280244666697416,sp500.csv,True
SP500,2023-04-26,1d,4087.78,4089.67,4049.35,4055.99,,-0.38,-0.7776837305334516,sp500.csv,True
SP500,2023-04-27,1d,4075.29,4138.24,4075.29,4135.35,,1.96,1.4737601495844466,sp500.csv,True
SP500,2023-04-28,1d,4129.63,4170.06,4127.18,4169.48,,0.83,0.9649774919302523,sp500.csv,True
SP500,2023-05-01,1d,4166.79,4186.92,4164.12,4167.87,,-0.04,0.025919232790716507,sp500.csv,True
SP500,2023-05-02,1d,4164.1,4164.1,4089.72,4119.58,,-1.16,-1.0691385893710659,sp500.csv,True
SP500,2023-05-03,1d,4122.25,4148.3,4088.86,4090.75,,-0.7,-0.7641457941658047,sp500.csv,True
SP500,2023-05-04,1d,4082.55,4082.61,4048.28,4061.22,,-0.72,-0.522467575412433,sp500.csv,True
SP500,2023-05-05,1d,4084.73,4147.02,4084.73,4136.25,,1.85,1.261282875489944,sp500.csv,True
SP500,2023-05-08,1d,4136.98,4142.3,4123.81,4138.12,,0.05,0.02755633336395391,sp500.csv,True
SP500,2023-05-09,1d,4124.25,4130.35,4116.65,4119.17,,-0.46,-0.12317391040794767,sp500.csv,True
SP500,2023-05-10,1d,4143.74,4154.28,4098.92,4137.64,,0.45,-0.14721000834992948,sp500.csv,True
SP500,2023-05-11,1d,4132.24,4132.8,4109.29,4130.62,,-0.17,-0.03920391845584348,sp500.csv,True
SP500,2023-05-12,1d,4138.54,4143.74,4099.12,4124.08,,-0.16,-0.3493985801756194,sp500.csv,True
SP500,2023-05-15,1d,4126.65,4141.25,4110.27,4136.28,,0.3,0.23336120097416924,sp500.csv,True
SP500,2023-05-16,1d,4127.95,4135.54,4109.86,4109.9,,-0.64,-0.4372630482442852,sp500.csv,True
SP500,2023-05-17,1d,4122.85,4164.67,4113.62,4158.77,,1.19,0.8712419806687244,sp500.csv,True
SP500,2023-05-18,1d,4157.68,4202.2,4153.5,4198.05,,0.94,0.9709741971483998,sp500.csv,True
SP500,2023-05-19,1d,4204.15,4212.91,4180.2,4191.98,,-0.14,-0.28947587502824446,sp500.csv,True
SP500,2023-05-22,1d,4190.78,4209.22,4179.68,4192.63,,0.02,0.04414452679455394,sp500.csv,True
SP500,2023-05-23,1d,4176.8,4185.68,4142.54,4145.58,,-1.12,-0.7474621719977037,sp500.csv,True
SP500,2023-05-24,1d,4132.96,4132.96,4103.98,4115.24,,-0.73,-0.42874840308158024,sp500.csv,True
SP500,2023-05-25,1d,4155.71,4165.74,4129.73,4151.28,,0.88,-0.10660031619146304,sp500.csv,True
SP500,2023-05-26,1d,4156.16,4212.87,4156.16,4205.45,,1.3,1.1859504927625553,sp500.csv,True
SP500,2023-05-30,1d,4226.71,4231.1,4192.18,4205.52,,0.0,-0.501335554130744,sp500.csv,True
SP500,2023-05-31,1d,4190.74,4195.44,4166.15,4179.83,,-0.61,-0.26033588340006464,sp500.csv,True
SP500,2023-06-01,1d,4183.03,4232.43,4171.64,4221.02,,0.99,0.908193343102992,sp500.csv,True
SP500,2023-06-02,1d,4241.01,4290.67,4241.01,4282.37,,1.45,0.9752393887304978,sp500.csv,True
SP500,2023-06-05,1d,4282.99,4299.28,4266.82,4273.79,,-0.2,-0.21480320990708845,sp500.csv,True
SP500,2023-06-06,1d,4271.34,4288.33,4263.09,4283.85,,0.24,0.2928823273258496,sp500.csv,True
SP500,2023-06-07,1d,4285.47,4299.19,4263.96,4267.52,,-0.38,-0.418857208194201,sp500.csv,True
SP500,2023-06-08,1d,4268.69,4298.01,4261.07,4293.93,,0.62,0.5912821029402604,sp500.csv,True
SP500,2023-06-09,1d,4304.88,4322.62,4291.7,4298.86,,0.11,-0.13984129638922038,sp500.csv,True
SP500,2023-06-12,1d,4308.32,4340.13,4304.37,4338.93,,0.93,0.7104857577896029,sp500.csv,True
SP500,2023-06-13,1d,4352.61,4375.37,4349.31,4369.01,,0.69,0.3767854229990819,sp500.csv,True
SP500,2023-06-14,1d,4366.29,4391.82,4337.85,4372.59,,0.08,0.14428725531285824,sp500.csv,True
SP500,2023-06-15,1d,4365.33,4439.2,4362.6,4425.84,,1.22,1.3861495007250424,sp500.csv,True
SP500,2023-06-16,1d,4440.95,4448.47,4407.44,4409.59,,-0.37,-0.7061552145374184,sp500.csv,True
SP500,2023-06-20,1d,4396.11,4400.15,4367.19,4388.71,,-0.47,-0.16833063776838797,sp500.csv,True
SP500,2023-06-21,1d,4380.01,4386.22,4360.14,4365.69,,-0.52,-0.32693989283131275,sp500.csv,True
SP500,2023-06-22,1d,4355.4,4382.25,4351.82,4381.89,,0.37,0.6082104973136992,sp500.csv,True
SP500,2023-06-23,1d,4354.17,4366.55,4341.34,4348.33,,-0.77,-0.13412429923499447,sp500.csv,True
SP500,2023-06-26,1d,4344.84,4362.06,4328.08,4328.82,,-0.45,-0.3687132322479192,sp500.csv,True
SP500,2023-06-27,1d,4337.36,4384.42,4335.0,4378.41,,1.15,0.9464282420643011,sp500.csv,True
SP500,2023-06-28,1d,4367.48,4390.35,4360.22,4376.86,,-0.04,0.21476915750042735,sp500.csv,True
SP500,2023-06-29,1d,4374.94,4398.39,4371.97,4396.44,,0.45,0.4914353111128422,sp500.csv,True
SP500,2023-06-30,1d,4422.44,4458.48,4422.44,4450.38,,1.23,0.6317779325440309,sp500.csv,True
SP500,2023-07-03,1d,4450.48,4456.46,4442.29,4455.59,,0.12,0.1148190756952161,sp500.csv,True
SP500,2023-07-05,1d,4442.04,4454.06,4436.61,4446.82,,-0.2,0.10760821604487436,sp500.csv,True
SP500,2023-07-06,1d,4422.62,4422.62,4385.05,4411.59,,-0.79,-0.2493996771144702,sp500.csv,True
SP500,2023-07-07,1d,4404.54,4440.39,4397.4,4398.95,,-0.29,-0.12691450185490227,sp500.csv,True
SP500,2023-07-10,1d,4394.23,4412.6,4389.92,4409.53,,0.24,0.34818386839106097,sp500.csv,True
SP500,2023-07-11,1d,4415.55,4443.64,4408.46,4439.26,,0.67,0.5369659498816626,sp500.csv,True
SP500,2023-07-12,1d,4467.69,4488.34,4463.23,4472.16,,0.74,0.10005170457216828,sp500.csv,True
SP500,2023-07-13,1d,4491.5,4517.38,4489.36,4510.04,,0.85,0.4127796949794149,sp500.csv,True
SP500,2023-07-14,1d,4514.61,4527.76,4499.56,4505.42,,-0.1,-0.20356132644900882,sp500.csv,True
SP500,2023-07-17,1d,4508.86,4532.85,4504.9,4522.79,,0.39,0.3089472727030751,sp500.csv,True
SP500,2023-07-18,1d,4521.78,4562.3,4514.59,4554.98,,0.71,0.7342241329741706,sp500.csv,True
SP500,2023-07-19,1d,4563.87,4578.43,4557.48,4565.72,,0.24,0.04053577336777803,sp500.csv,True
SP500,2023-07-20,1d,4554.38,4564.74,4527.56,4534.87,,-0.68,-0.4283788353189766,sp500.csv,True
SP500,2023-07-21,1d,4550.16,4555.0,4535.79,4536.34,,0.03,-0.30372558327618204,sp500.csv,True
SP500,2023-07-24,1d,4543.39,4563.41,4541.29,4554.64,,0.4,0.2476124655818701,sp500.csv,True
SP500,2023-07-25,1d,4555.19,4580.62,4552.42,4567.46,,0.28,0.2693630781592127,sp500.csv,True
SP500,2023-07-26,1d,4558.96,4582.47,4547.58,4566.75,,-0.02,0.17087230420973487,sp500.csv,True
SP500,2023-07-27,1d,4598.26,4607.07,4528.56,4537.41,,-0.64,-1.3233266496457396,sp500.csv,True
SP500,2023-07-28,1d,4565.75,4590.16,4564.01,4582.23,,0.99,0.3609483655478085,sp500.csv,True
SP500,2023-07-31,1d,4584.82,4594.22,4573.14,4588.96,,0.15,0.09029798334505568,sp500.csv,True
SP500,2023-08-01,1d,4578.83,4584.62,4567.53,4576.73,,-0.27,-0.04586324454064483,sp500.csv,True
SP500,2023-08-02,1d,4550.93,4550.93,4505.75,4513.39,,-1.38,-0.8248863419125341,sp500.csv,True
SP500,2023-08-03,1d,4494.27,4519.49,4485.54,4501.89,,-0.25,0.16954922601446487,sp500.csv,True
SP500,2023-08-04,1d,4513.96,4540.34,4474.55,4478.03,,-0.53,-0.7959751526376069,sp500.csv,True
SP500,2023-08-07,1d,4491.58,4519.84,4491.15,4518.44,,0.9,0.5980078279803402,sp500.csv,True
SP500,2023-08-08,1d,4498.03,4503.31,4464.39,4499.38,,-0.42,0.03001313908534975,sp500.csv,True
SP500,2023-08-09,1d,4501.57,4502.44,4461.33,4467.71,,-0.7,-0.752182016496461,sp500.csv,True
SP500,2023-08-10,1d,4487.16,4527.37,4457.92,4468.83,,0.03,-0.4084989169095832,sp500.csv,True
SP500,2023-08-11,1d,4450.69,4476.23,4443.98,4464.05,,-0.11,0.30017817462013596,sp500.csv,True
SP500,2023-08-14,1d,4458.13,4490.33,4453.44,4489.72,,0.58,0.7085930648051963,sp500.csv,True
SP500,2023-08-15,1d,4478.87,4478.87,4432.19,4437.86,,-1.16,-0.9156327377217943,sp500.csv,True
SP500,2023-08-16,1d,4433.79,4449.95,4403.55,4404.33,,-0.76,-0.6644428355876086,sp500.csv,True
SP500,2023-08-17,1d,4416.32,4421.17,4364.83,4370.36,,-0.77,-1.0406854575755409,sp500.csv,True
SP500,2023-08-18,1d,4344.88,4381.82,4335.31,4369.71,,-0.01,0.5714772329730611,sp500.csv,True
SP500,2023-08-21,1d,4380.28,4407.55,4360.3,4399.77,,0.69,0.4449487247390804,sp500.csv,True
SP500,2023-08-22,1d,4415.33,4418.59,4382.77,4387.55,,-0.28,-0.6291715455016944,sp500.csv,True
SP500,2023-08-23,1d,4396.44,4443.18,4396.44,4436.01,,1.1,0.9000464011791554,sp500.csv,True
SP500,2023-08-24,1d,4455.16,4458.3,4375.55,4376.31,,-1.35,-1.7698578726689784,sp500.csv,True
SP500,2023-08-25,1d,4389.38,4418.46,4356.29,4405.71,,0.67,0.37203431919770047,sp500.csv,True
SP500,2023-08-28,1d,4426.03,4439.56,4414.98,4433.31,,0.63,0.16448148792485018,sp500.csv,True
SP500,2023-08-29,1d,4432.75,4500.14,4431.68,4497.63,,1.45,1.4636512323050077,sp500.csv,True
SP500,2023-08-30,1d,4500.34,4521.65,4493.59,4514.87,,0.38,0.3228644946826176,sp500.csv,True
SP500,2023-08-31,1d,4517.01,4532.26,4507.39,4507.66,,-0.16,-0.20699533540993187,sp500.csv,True
SP500,2023-09-01,1d,4530.6,4541.25,4501.35,4515.77,,0.18,-0.3273297135037323,sp500.csv,True
SP500,2023-09-05,1d,4510.06,4514.29,4496.01,4496.83,,-0.42,-0.293344212715585,sp500.csv,True
SP500,2023-09-06,1d,4490.35,4490.35,4442.38,4465.48,,-0.7,-0.553854376607632,sp500.csv,True
SP500,2023-09-07,1d,4434.55,4457.81,4430.46,4451.14,,-0.32,0.37410785761802234,sp500.csv,True
SP500,2023-09-08,1d,4451.3,4473.53,4448.38,4457.49,,0.14,0.1390604991799993,sp500.csv,True
SP500,2023-09-11,1d,4480.98,4490.77,4467.89,4487.46,,0.67,0.14461122343774058,sp500.csv,True
SP500,2023-09-12,1d,4473.27,4487.11,4456.83,4461.9,,-0.57,-0.25417647492775863,sp500.csv,True
SP500,2023-09-13,1d,4462.65,4479.39,4453.52,4467.44,,0.12,0.10733532766404874,sp500.csv,True
SP500,2023-09-14,1d,4487.78,4511.99,4478.69,4505.1,,0.84,0.385936922041652,sp500.csv,True
SP500,2023-09-15,1d,4497.98,4497.98,4447.21,4450.32,,-1.22,-1.0595867478290222,sp500.csv,True
SP500,2023-09-18,1d,4445.13,4466.36,4442.11,4453.53,,0.07,0.18897085124618407,sp500.csv,True
SP500,2023-09-19,1d,4445.41,4449.85,4416.61,4443.95,,-0.22,-0.03284286488760557,sp500.csv,True
SP500,2023-09-20,1d,4452.81,4461.03,4401.38,4402.2,,-0.94,-1.1365856616383896,sp500.csv,True
SP500,2023-09-21,1d,4374.36,4375.7,4329.17,4330.0,,-1.64,-1.014091204199008,sp500.csv,True
SP500,2023-09-22,1d,4341.74,4357.4,4316.49,4320.06,,-0.23,-0.49933897469676136,sp500.csv,True
SP500,2023-09-25,1d,4310.62,4338.51,4302.7,4337.44,,0.4,0.6221842797555777,sp500.csv,True
SP500,2023-09-26,1d,4312.88,4313.01,4265.98,4273.53,,-1.47,-0.9123833725955821,sp500.csv,True
SP500,2023-09-27,1d,4282.63,4292.07,4238.63,4274.51,,0.02,-0.18960311771037963,sp500.csv,True
SP500,2023-09-28,1d,4269.65,4317.27,4264.38,4299.7,,0.59,0.703804761514415,sp500.csv,True
SP500,2023-09-29,1d,4328.18,4333.15,4274.86,4288.05,,-0.27,-0.9271795535305882,sp500.csv,True
SP500,2023-10-02,1d,4284.52,4300.58,4260.21,4288.39,,0.01,0.09032517061420275,sp500.csv,True
SP500,2023-10-03,1d,4269.75,4281.15,4216.45,4229.45,,-1.37,-0.9438491714971686,sp500.csv,True
SP500,2023-10-04,1d,4233.83,4268.5,4220.48,4263.75,,0.81,0.7066887428167856,sp500.csv,True
SP500,2023-10-05,1d,4259.31,4267.13,4225.91,4258.19,,-0.13,-0.026295338916415556,sp500.csv,True
SP500,2023-10-06,1d,4234.79,4324.1,4219.55,4308.5,,1.18,1.7405821776286468,sp500.csv,True
SP500,2023-10-09,1d,4289.02,4341.73,4283.79,4335.66,,0.63,1.0874278972818896,sp500.csv,True
SP500,2023-10-10,1d,4339.75,4385.46,4339.64,4358.24,,0.52,0.42606140906733536,sp500.csv,True
SP500,2023-10-11,1d,4366.59,4378.64,4345.34,4376.95,,0.43,0.2372560739615892,sp500.csv,True
SP500,2023-10-12,1d,4380.94,4385.85,4325.43,4349.61,,-0.62,-0.7151433254050432,sp500.csv,True
SP500,2023-10-13,1d,4360.49,4377.1,4311.97,4327.78,,-0.5,-0.7501450525055686,sp500.csv,True
SP500,2023-10-16,1d,4342.37,4383.33,4342.37,4373.63,,1.06,0.7198833816556505,sp500.csv,True
SP500,2023-10-17,1d,4345.23,4393.57,4337.54,4373.2,,-0.01,0.6436943498963288,sp500.csv,True
SP500,2023-10-18,1d,4357.35,4364.2,4303.84,4314.6,,-1.34,-0.9811008984818792,sp500.csv,True
SP500,2023-10-19,1d,4321.36,4339.54,4269.69,4278.0,,-0.85,-1.0033878223522197,sp500.csv,True
SP500,2023-10-20,1d,4273.85,4276.56,4223.03,4224.16,,-1.26,-1.1626519414579484,sp500.csv,True
SP500,2023-10-23,1d,4210.4,4255.84,4189.22,4217.04,,-0.17,0.15770473114193884,sp500.csv,True
SP500,2023-10-24,1d,4235.79,4259.38,4219.43,4247.68,,0.73,0.2807032454394731,sp500.csv,True
SP500,2023-10-25,1d,4232.42,4232.42,4181.42,4186.77,,-1.43,-1.078579158023063,sp500.csv,True
SP500,2023-10-26,1d,4175.99,4183.6,4127.9,4137.23,,-1.18,-0.9281631421531267,sp500.csv,True
SP500,2023-10-27,1d,4152.93,4156.7,4103.78,4117.37,,-0.48,-0.8562629276197886,sp500.csv,True
SP500,2023-10-30,1d,4139.39,4177.47,4132.94,4166.82,,1.2,0.6626580244915248,sp500.csv,True
SP500,2023-10-31,1d,4171.33,4195.55,4153.12,4193.8,,0.65,0.5386771125756029,sp500.csv,True
SP500,2023-11-01,1d,4201.27,4245.64,4197.74,4237.86,,1.05,0.8709271244171202,sp500.csv,True
SP500,2023-11-02,1d,4268.26,4319.72,4268.26,4317.78,,1.89,1.1601917408967433,sp500.csv,True
SP500,2023-11-03,1d,4334.23,4373.62,4334.23,4358.34,,0.94,0.5562695103859427,sp500.csv,True
SP500,2023-11-06,1d,4364.27,4372.21,4347.53,4365.98,,0.18,0.039181810474575585,sp500.csv,True
SP500,2023-11-07,1d,4366.21,4386.26,4355.41,4378.38,,0.28,0.27873143985286397,sp500.csv,True
SP500,2023-11-08,1d,4384.37,4391.2,4359.76,4382.78,,0.1,-0.03626518747277263,sp500.csv,True
SP500,2023-11-09,1d,4391.41,4393.4,4343.94,4347.35,,-0.81,-1.0033223953126558,sp500.csv,True
SP500,2023-11-10,1d,4364.15,4418.03,4353.34,4415.24,,1.56,1.1706747018319863,sp500.csv,True
SP500,2023-11-13,1d,4406.66,4421.76,4393.82,4411.55,,-0.08,0.1109683978341991,sp500.csv,True
SP500,2023-11-14,1d,4458.97,4508.67,4458.97,4495.7,,1.91,0.8237328351614837,sp500.csv,True
SP500,2023-11-15,1d,4505.3,4521.17,4495.31,4502.88,,0.16,-0.0537145140168227,sp500.csv,True
SP500,2023-11-16,1d,4497.08,4511.99,4487.83,4508.24,,0.12,0.2481610289343239,sp500.csv,True
SP500,2023-11-17,1d,4509.55,4520.12,4499.66,4514.02,,0.13,0.09912297235865619,sp500.csv,True
SP500,2023-11-20,1d,4511.7,4557.11,4510.36,4547.38,,0.74,0.7908327238070001,sp500.csv,True
SP500,2023-11-21,1d,4538.77,4542.14,4525.51,4538.19,,-0.2,-0.01277879249226288,sp500.csv,True
SP500,2023-11-22,1d,4553.04,4568.43,4545.05,4556.62,,0.41,0.07862878428477327,sp500.csv,True
SP500,2023-11-24,1d,4555.84,4560.31,4552.8,4559.34,,0.06,0.07682447144763405,sp500.csv,True
SP500,2023-11-27,1d,4554.86,4560.52,4546.32,4550.43,,-0.2,-0.09725875218995483,sp500.csv,True
SP500,2023-11-28,1d,4545.55,4568.14,4540.51,4554.89,,0.1,0.2054756850106143,sp500.csv,True
SP500,2023-11-29,1d,4571.84,4587.64,4547.15,4550.58,,-0.09,-0.46502064814166744,sp500.csv,True
SP500,2023-11-30,1d,4554.87,4569.89,4537.24,4567.8,,0.38,0.28387198756496534,sp500.csv,True
SP500,2023-12-01,1d,4559.43,4599.39,4554.71,4594.63,,0.59,0.772026327852382,sp500.csv,True
SP500,2023-12-04,1d,4564.37,4572.37,4546.72,4569.78,,-0.54,0.11852676272956497,sp500.csv,True
SP500,2023-12-05,1d,4557.25,4578.56,4551.68,4567.18,,-0.06,0.21789456360743475,sp500.csv,True
SP500,2023-12-06,1d,4586.23,4590.74,4546.5,4549.34,,-0.39,-0.804364368991517,sp500.csv,True
SP500,2023-12-07,1d,4568.84,4590.92,4565.22,4585.59,,0.8,0.36661384508978045,sp500.csv,True
SP500,2023-12-08,1d,4576.2,4609.23,4574.06,4604.37,,0.41,0.6155762422971112,sp500.csv,True
SP500,2023-12-11,1d,4593.39,4623.71,4593.39,4622.44,,0.39,0.632430514282456,sp500.csv,True
SP500,2023-12-12,1d,4618.3,4643.93,4608.09,4643.7,,0.46,0.5499859255570172,sp500.csv,True
SP500,2023-12-13,1d,4646.2,4709.69,4643.23,4707.09,,1.37,1.3105333390728058,sp500.csv,True
SP500,2023-12-14,1d,4721.04,4738.57,4694.34,4719.55,,0.26,-0.03156084252622371,sp500.csv,True
SP500,2023-12-15,1d,4714.23,4725.53,4704.69,4719.19,,-0.01,0.10521336464279774,sp500.csv,True
SP500,2023-12-18,1d,4725.58,4749.52,4725.58,4740.56,,0.45,0.31699812509788927,sp500.csv,True
SP500,2023-12-19,1d,4743.72,4768.69,4743.72,4768.37,,0.59,0.5196343797694514,sp500.csv,True
SP500,2023-12-20,1d,4764.73,4778.01,4697.82,4698.35,,-1.47,-1.393153442062811,sp500.csv,True
SP500,2023-12-21,1d,4724.29,4748.71,4708.35,4746.75,,1.03,0.47541535341819596,sp500.csv,True
SP500,2023-12-22,1d,4753.92,4772.94,4736.77,4754.63,,0.17,0.01493504308023308,sp500.csv,True
SP500,2023-12-26,1d,4758.86,4784.72,4758.45,4774.75,,0.42,0.3339034978965705,sp500.csv,True
SP500,2023-12-27,1d,4773.45,4785.39,4768.9,4781.58,,0.14,0.17031706627281817,sp500.csv,True
SP500,2023-12-28,1d,4786.44,4793.3,4780.98,4783.35,,0.04,-0.06455737458318511,sp500.csv,True
SP500,2023-12-29,1d,4782.88,4788.43,4751.99,4769.83,,-0.28,-0.2728481584317488,sp500.csv,True
SP500,2024-01-02,1d,4745.2,4754.33,4722.67,4742.83,,-0.57,-0.049945207788926194,sp500.csv,True
SP500,2024-01-03,1d,4725.07,4729.29,4699.71,4704.81,,-0.8,-0.42877671653540617,sp500.csv,True
SP500,2024-01-04,1d,4697.42,4726.78,4687.53,4688.68,,-0.34,-0.18605958164268355,sp500.csv,True
SP500,2024-01-05,1d,4690.57,4721.49,4682.11,4697.24,,0.18,0.1422002016812529,sp500.csv,True
SP500,2024-01-08,1d,4703.7,4764.54,4699.82,4763.54,,1.41,1.272189978102345,sp500.csv,True
SP500,2024-01-09,1d,4741.93,4765.47,4730.35,4756.5,,-0.15,0.3072588587347269,sp500.csv,True
SP500,2024-01-10,1d,4759.94,4790.8,4756.2,4783.45,,0.57,0.49391378882928105,sp500.csv,True
SP500,2024-01-11,1d,4792.13,4798.5,4739.58,4780.24,,-0.07,-0.24811513877962543,sp500.csv,True
SP500,2024-01-12,1d,4791.18,4802.4,4768.98,4783.83,,0.08,-0.15340688515147471,sp500.csv,True
SP500,2024-01-16,1d,4772.35,4782.34,4747.12,4765.98,,-0.37,-0.13347721772294374,sp500.csv,True
SP500,2024-01-17,1d,4739.13,4744.23,4714.82,4739.21,,-0.56,0.0016880735493662868,sp500.csv,True
SP500,2024-01-18,1d,4760.1,4785.79,4740.57,4780.94,,0.88,0.43780592844686606,sp500.csv,True
SP500,2024-01-19,1d,4796.28,4842.07,4785.87,4839.81,,1.23,0.9075783732392706,sp500.csv,True
SP500,2024-01-22,1d,4853.42,4868.41,4844.05,4850.43,,0.22,-0.06160604274922932,sp500.csv,True
SP500,2024-01-23,1d,4856.8,4866.48,4844.37,4864.6,,0.29,0.1605995717344877,sp500.csv,True
SP500,2024-01-24,1d,4888.56,4903.68,4865.94,4868.55,,0.08,-0.40932299081938295,sp500.csv,True
SP500,2024-01-25,1d,4886.66,4898.15,4869.34,4894.16,,0.53,0.15347906340936746,sp500.csv,True
SP500,2024-01-26,1d,4888.91,4906.69,4881.47,4890.97,,-0.07,0.04213618168467104,sp500.csv,True
SP500,2024-01-29,1d,4892.95,4929.31,4887.4,4927.93,,0.76,0.7149061404674084,sp500.csv,True
SP500,2024-01-30,1d,4925.89,4931.09,4916.27,4924.97,,-0.06,-0.018676827943786556,sp500.csv,True
SP500,2024-01-31,1d,4899.19,4906.75,4845.15,4845.65,,-1.61,-1.092833713328123,sp500.csv,True
SP500,2024-02-01,1d,4861.11,4906.97,4853.52,4906.19,,1.25,0.9273602119680424,sp500.csv,True
SP500,2024-02-02,1d,4916.06,4975.29,4907.99,4958.61,,1.07,0.8655305264785085,sp500.csv,True
SP500,2024-02-05,1d,4957.19,4957.19,4918.09,4942.81,,-0.32,-0.2900836966103659,sp500.csv,True
SP500,2024-02-06,1d,4950.16,4957.77,4934.88,4954.23,,0.23,0.08221956462013402,sp500.csv,True
SP500,2024-02-07,1d,4973.05,4999.89,4969.05,4995.06,,0.82,0.44258553603926387,sp500.csv,True
SP500,2024-02-08,1d,4995.16,5000.4,4987.09,4997.91,,0.06,0.055053291586260045,sp500.csv,True
SP500,2024-02-09,1d,5004.17,5030.06,5000.34,5026.61,,0.57,0.44842601270540516,sp500.csv,True
SP500,2024-02-12,1d,5026.83,5048.39,5016.83,5021.84,,-0.09,-0.09926733149917544,sp500.csv,True
SP500,2024-02-13,1d,4967.94,4971.3,4920.31,4953.17,,-1.37,-0.2973063281762611,sp500.csv,True
SP500,2024-02-14,1d,4976.44,5002.52,4956.45,5000.62,,0.96,0.48588951137762404,sp500.csv,True
SP500,2024-02-15,1d,5003.14,5032.72,4999.44,5029.73,,0.58,0.5314662392017722,sp500.csv,True
SP500,2024-02-16,1d,5031.13,5038.7,4999.52,5005.57,,-0.48,-0.5080369618753688,sp500.csv,True
SP500,2024-02-20,1d,4989.32,4993.71,4955.02,4975.51,,-0.6,-0.2767912260588479,sp500.csv,True
SP500,2024-02-21,1d,4963.03,4983.21,4946.0,4981.8,,0.13,0.3781963840637781,sp500.csv,True
SP500,2024-02-22,1d,5038.83,5094.39,5038.83,5087.03,,2.11,0.9565712675362992,sp500.csv,True
SP500,2024-02-23,1d,5100.92,5111.06,5081.46,5088.8,,0.03,-0.23760419688997336,sp500.csv,True
SP500,2024-02-26,1d,5093.0,5097.66,5068.91,5069.53,,-0.38,-0.46082858825839956,sp500.csv,True
SP500,2024-02-27,1d,5074.6,5080.69,5057.29,5078.18,,0.17,0.07054743230994198,sp500.csv,True
SP500,2024-02-28,1d,5067.2,5077.37,5058.35,5069.76,,-0.17,0.05052099778970476,sp500.csv,True
SP500,2024-02-29,1d,5085.36,5104.99,5061.89,5096.27,,0.52,0.21453741721335629,sp500.csv,True
SP500,2024-03-01,1d,5098.51,5140.33,5094.16,5137.08,,0.8,0.7564955251632366,sp500.csv,True
SP500,2024-03-04,1d,5130.99,5149.67,5127.18,5130.95,,-0.12,-0.0007795766509000046,sp500.csv,True
SP500,2024-03-05,1d,5110.52,5114.54,5056.82,5078.65,,-1.02,-0.6236156007607963,sp500.csv,True
SP500,2024-03-06,1d,5108.03,5127.97,5092.22,5104.76,,0.51,-0.06401685189788564,sp500.csv,True
SP500,2024-03-07,1d,5132.38,5165.62,5128.21,5157.36,,1.03,0.4867137663228327,sp500.csv,True
SP500,2024-03-08,1d,5164.46,5189.26,5117.5,5123.69,,-0.65,-0.7894339388822891,sp500.csv,True
SP500,2024-03-11,1d,5111.96,5124.66,5091.14,5117.94,,-0.11,0.11698057105298254,sp500.csv,True
SP500,2024-03-12,1d,5134.3,5179.87,5114.48,5175.27,,1.12,0.7979666166760824,sp500.csv,True
SP500,2024-03-13,1d,5173.49,5179.14,5151.88,5165.31,,-0.19,-0.15811376846189829,sp500.csv,True
SP500,2024-03-14,1d,5175.14,5176.85,5123.3,5150.48,,-0.29,-0.4765088480698232,sp500.csv,True
SP500,2024-03-15,1d,5123.31,5136.86,5104.35,5117.09,,-0.65,-0.12140588799038898,sp500.csv,True
SP500,2024-03-18,1d,5154.77,5175.6,5145.47,5149.42,,0.63,-0.10378736587666193,sp500.csv,True
SP500,2024-03-19,1d,5139.09,5180.31,5131.59,5178.51,,0.56,0.7670618728218503,sp500.csv,True
SP500,2024-03-20,1d,5181.69,5226.19,5171.55,5224.62,,0.89,0.8284941785402067,sp500.csv,True
SP500,2024-03-21,1d,5253.43,5261.1,5240.66,5241.53,,0.32,-0.22651867446602525,sp500.csv,True
SP500,2024-03-22,1d,5242.48,5246.09,5229.87,5234.18,,-0.14,-0.15832201553461767,sp500.csv,True
SP500,2024-03-25,1d,5219.52,5229.09,5216.09,5218.19,,-0.31,-0.025481270308391757,sp500.csv,True
SP500,2024-03-26,1d,5228.85,5235.16,5203.42,5203.58,,-0.28,-0.48328026239039534,sp500.csv,True
SP500,2024-03-27,1d,5226.31,5249.26,5213.92,5248.49,,0.86,0.42439120526718277,sp500.csv,True
SP500,2024-03-28,1d,5248.03,5264.85,5245.82,5254.35,,0.11,0.12042614085667758,sp500.csv,True
SP500,2024-04-01,1d,5257.97,5263.95,5229.2,5243.77,,-0.2,-0.27006620425753525,sp500.csv,True
SP500,2024-04-02,1d,5204.29,5208.34,5184.05,5205.81,,-0.72,0.02920667372494634,sp500.csv,True
SP500,2024-04-03,1d,5194.37,5228.75,5194.37,5211.49,,0.11,0.3295876112021201,sp500.csv,True
SP500,2024-04-04,1d,5244.05,5256.59,5146.06,5147.21,,-1.23,-1.8466643147948658,sp500.csv,True
SP500,2024-04-05,1d,5158.95,5222.18,5157.21,5204.34,,1.11,0.8798301980054157,sp500.csv,True
SP500,2024-04-08,1d,5211.37,5219.57,5197.35,5202.39,,-0.04,-0.1723155331515458,sp500.csv,True
SP500,2024-04-09,1d,5217.03,5224.81,5160.78,5209.91,,0.14,-0.1364761176378071,sp500.csv,True
SP500,2024-04-10,1d,5167.88,5178.43,5138.7,5160.64,,-0.95,-0.14009613226312334,sp500.csv,True
SP500,2024-04-11,1d,5172.95,5211.78,5138.77,5199.06,,0.74,0.5047410085154524,sp500.csv,True
SP500,2024-04-12,1d,5171.51,5175.03,5107.94,5123.41,,-1.46,-0.9300958520818914,sp500.csv,True
SP500,2024-04-15,1d,5149.67,5168.43,5052.47,5061.82,,-1.2,-1.7059345550297422,sp500.csv,True
SP500,2024-04-16,1d,5064.59,5079.84,5039.83,5051.41,,-0.21,-0.26023824238488036,sp500.csv,True
SP500,2024-04-17,1d,5068.97,5077.96,5007.25,5022.21,,-0.58,-0.9224753746816416,sp500.csv,True
SP500,2024-04-18,1d,5031.52,5056.66,5001.89,5011.12,,-0.22,-0.4054440805164372,sp500.csv,True
SP500,2024-04-19,1d,5005.44,5019.02,4953.56,4967.23,,-0.88,-0.763369454034013,sp500.csv,True
SP500,2024-04-22,1d,4987.33,5038.84,4969.4,5010.6,,0.87,0.46658231959786356,sp500.csv,True
SP500,2024-04-23,1d,5028.85,5076.12,5027.96,5070.55,,1.2,0.829215426986285,sp500.csv,True
SP500,2024-04-24,1d,5084.86,5089.48,5047.02,5071.63,,0.02,-0.2601841545293193,sp500.csv,True
SP500,2024-04-25,1d,5019.88,5057.75,4990.58,5048.42,,-0.46,0.5685394869996863,sp500.csv,True
SP500,2024-04-26,1d,5084.65,5114.62,5073.14,5099.96,,1.02,0.30110233742737247,sp500.csv,True
SP500,2024-04-29,1d,5114.13,5123.49,5088.65,5116.17,,0.32,0.03988948266859804,sp500.csv,True
SP500,2024-04-30,1d,5103.78,5110.83,5035.31,5035.69,,-1.57,-1.3341092288460699,sp500.csv,True
SP500,2024-05-01,1d,5029.03,5096.12,5013.45,5018.39,,-0.34,-0.21157161520212187,sp500.csv,True
SP500,2024-05-02,1d,5049.32,5073.21,5011.05,5064.2,,0.91,0.2946931467999736,sp500.csv,True
SP500,2024-05-03,1d,5122.78,5139.12,5101.22,5127.79,,1.26,0.0977984609918936,sp500.csv,True
SP500,2024-05-06,1d,5142.42,5181.0,5142.42,5180.74,,1.03,0.7451744509394453,sp500.csv,True
SP500,2024-05-07,1d,5187.2,5200.23,5178.96,5187.7,,0.13,0.009639111659476285,sp500.csv,True
SP500,2024-05-08,1d,5168.98,5191.95,5165.86,5187.67,,0.0,0.3615800409365155,sp500.csv,True
SP500,2024-05-09,1d,5189.03,5215.3,5180.41,5214.08,,0.51,0.48274918433695024,sp500.csv,True
SP500,2024-05-10,1d,5225.49,5239.66,5209.68,5222.68,,0.16,-0.053774861304867194,sp500.csv,True
SP500,2024-05-13,1d,5233.08,5237.26,5211.16,5221.42,,-0.02,-0.2228133336390825,sp500.csv,True
SP500,2024-05-14,1d,5221.1,5250.37,5217.98,5246.68,,0.48,0.4899350711535799,sp500.csv,True
SP500,2024-05-15,1d,5263.26,5311.76,5263.26,5308.15,,1.17,0.8528934538669874,sp500.csv,True
SP500,2024-05-16,1d,5310.07,5325.49,5296.19,5297.1,,-0.21,-0.24425290062087823,sp500.csv,True
SP500,2024-05-17,1d,5303.1,5305.45,5283.59,5303.27,,0.12,0.003205672154016348,sp500.csv,True
SP500,2024-05-20,1d,5305.35,5325.32,5302.4,5308.13,,0.09,0.052399935913749474,sp500.csv,True
SP500,2024-05-21,1d,5298.69,5324.32,5297.87,5321.41,,0.25,0.4287852280469462,sp500.csv,True
SP500,2024-05-22,1d,5319.28,5323.18,5286.01,5307.01,,-0.27,-0.23067031628339896,sp500.csv,True
SP500,2024-05-23,1d,5340.26,5341.88,5256.93,5267.84,,-0.74,-1.3561137472707374,sp500.csv,True
SP500,2024-05-24,1d,5281.45,5311.65,5278.39,5304.72,,0.7,0.44059869922086214,sp500.csv,True
SP500,2024-05-28,1d,5315.91,5315.91,5280.89,5306.04,,0.02,-0.18566905760255548,sp500.csv,True
SP500,2024-05-29,1d,5278.73,5282.27,5262.7,5266.95,,-0.74,-0.22315973728529448,sp500.csv,True
SP500,2024-05-30,1d,5259.77,5260.21,5222.1,5235.48,,-0.6,-0.4618072653367111,sp500.csv,True
SP500,2024-05-31,1d,5243.21,5280.33,5191.68,5277.51,,0.8,0.6541794053642747,sp500.csv,True
SP500,2024-06-03,1d,5297.15,5302.11,5234.32,5283.4,,0.11,-0.25957354426436874,sp500.csv,True
SP500,2024-06-04,1d,5278.24,5298.8,5257.63,5291.34,,0.15,0.24818879020280793,sp500.csv,True
SP500,2024-06-05,1d,5314.48,5354.16,5297.64,5354.03,,1.18,0.7441932230434656,sp500.csv,True
SP500,2024-06-06,1d,5357.8,5362.35,5335.36,5352.96,,-0.02,-0.09033558550151088,sp500.csv,True
SP500,2024-06-07,1d,5343.81,5375.08,5331.33,5346.99,,-0.11,0.05950810376864624,sp500.csv,True
SP500,2024-06-10,1d,5341.22,5365.79,5331.52,5360.79,,0.26,0.3663956923698919,sp500.csv,True
SP500,2024-06-11,1d,5353.0,5375.95,5327.25,5375.32,,0.27,0.4169624509620773,sp500.csv,True
SP500,2024-06-12,1d,5409.13,5447.25,5409.13,5421.03,,0.85,0.21999841009552323,sp500.csv,True
SP500,2024-06-13,1d,5441.93,5441.93,5402.51,5433.74,,0.23,-0.15049807696903006,sp500.csv,True
SP500,2024-06-14,1d,5424.08,5432.39,5403.75,5431.6,,-0.04,0.13864102299376846,sp500.csv,True
SP500,2024-06-17,1d,5431.11,5488.5,5420.4,5473.23,,0.77,0.7755320735540305,sp500.csv,True
SP500,2024-06-18,1d,5476.15,5490.38,5471.32,5487.03,,0.25,0.19867972937190892,sp500.csv,True
SP500,2024-06-20,1d,5499.99,5505.53,5455.56,5473.17,,-0.25,-0.48763725024953963,sp500.csv,True
SP500,2024-06-21,1d,5466.77,5478.31,5452.03,5464.62,,-0.16,-0.039328524887649596,sp500.csv,True
SP500,2024-06-24,1d,5459.58,5490.66,5447.59,5447.87,,-0.31,-0.21448536334296442,sp500.csv,True
SP500,2024-06-25,1d,5460.73,5472.88,5446.56,5469.3,,0.39,0.15693872430977418,sp500.csv,True
SP500,2024-06-26,1d,5460.71,5483.14,5451.87,5477.9,,0.16,0.31479423005431606,sp500.csv,True
SP500,2024-06-27,1d,5473.59,5490.81,5467.54,5482.87,,0.09,0.16954137960643045,sp500.csv,True
SP500,2024-06-28,1d,5488.48,5523.64,5451.12,5460.48,,-0.41,-0.5101594612716087,sp500.csv,True
SP500,2024-07-01,1d,5471.08,5479.55,5446.53,5475.09,,0.27,0.07329448664614713,sp500.csv,True
SP500,2024-07-02,1d,5461.84,5509.69,5458.43,5509.01,,0.62,0.8636283743207462,sp500.csv,True
SP500,2024-07-03,1d,5507.44,5539.27,5507.42,5537.02,,0.51,0.5370916433043549,sp500.csv,True
SP500,2024-07-05,1d,5537.91,5570.33,5531.63,5567.19,,0.54,0.528719318298787,sp500.csv,True
SP500,2024-07-08,1d,5572.75,5583.11,5562.51,5572.85,,0.1,0.001794446189040677,sp500.csv,True
SP500,2024-07-09,1d,5584.24,5590.75,5574.57,5576.98,,0.07,-0.13000873887941689,sp500.csv,True
SP500,2024-07-10,1d,5591.26,5635.39,5586.44,5633.91,,1.02,0.762797652049807,sp500.csv,True
SP500,2024-07-11,1d,5635.21,5642.45,5576.53,5584.54,,-0.88,-0.8991679103351968,sp500.csv,True
SP500,2024-07-12,1d,5590.76,5655.56,5590.44,5615.35,,0.55,0.43983286708784153,sp500.csv,True
SP500,2024-07-15,1d,5638.16,5666.94,5614.75,5631.22,,0.28,-0.12308980234685407,sp500.csv,True
SP500,2024-07-16,1d,5644.09,5669.67,5639.02,5667.2,,0.64,0.4094548456881286,sp500.csv,True
SP500,2024-07-17,1d,5610.07,5622.49,5584.81,5588.27,,-1.39,-0.38858695167794943,sp500.csv,True
SP500,2024-07-18,1d,5608.56,5614.05,5522.81,5544.59,,-0.78,-1.1405779736688215,sp500.csv,True
SP500,2024-07-19,1d,5543.37,5557.5,5497.04,5505.0,,-0.71,-0.6921782237159002,sp500.csv,True
SP500,2024-07-22,1d,5544.54,5570.36,5529.04,5564.41,,1.08,0.3583705771804224,sp500.csv,True
SP500,2024-07-23,1d,5565.3,5585.34,5550.9,5555.74,,-0.16,-0.17177870015993024,sp500.csv,True
SP500,2024-07-24,1d,5505.84,5508.04,5419.98,5427.13,,-2.31,-1.4295729625270592,sp500.csv,True
SP500,2024-07-25,1d,5428.7,5491.59,5390.95,5399.22,,-0.51,-0.5430397701106982,sp500.csv,True
SP500,2024-07-26,1d,5433.67,5488.32,5430.7,5459.1,,1.11,0.4680078105589791,sp500.csv,True
SP500,2024-07-29,1d,5476.55,5487.74,5444.44,5463.54,,0.08,-0.23755831682354955,sp500.csv,True
SP500,2024-07-30,1d,5478.73,5489.46,5401.7,5436.44,,-0.5,-0.7718942163603582,sp500.csv,True
SP500,2024-07-31,1d,5505.59,5551.51,5493.75,5522.3,,1.58,0.3035097055901437,sp500.csv,True
SP500,2024-08-01,1d,5537.84,5566.16,5410.42,5446.68,,-1.37,-1.6461291767187136,sp500.csv,True
SP500,2024-08-02,1d,5376.63,5383.89,5302.03,5346.56,,-1.84,-0.5592722579013221,sp500.csv,True
SP500,2024-08-05,1d,5151.14,5250.89,5119.26,5186.33,,-3.0,0.6831497493758665,sp500.csv,True
SP500,2024-08-06,1d,5206.42,5312.34,5193.56,5240.03,,1.04,0.6455491489353538,sp500.csv,True
SP500,2024-08-07,1d,5293.13,5330.64,5195.54,5199.5,,-0.77,-1.7688966641665749,sp500.csv,True
SP500,2024-08-08,1d,5252.57,5328.03,5233.85,5319.31,,2.3,1.270616098405175,sp500.csv,True
SP500,2024-08-09,1d,5314.66,5358.67,5300.84,5344.16,,0.47,0.5550684333522682,sp500.csv,True
SP500,2024-08-12,1d,5351.88,5371.2,5324.37,5344.39,,0.0,-0.1399508210198963,sp500.csv,True
SP500,2024-08-13,1d,5376.98,5436.5,5376.98,5434.43,,1.68,1.0684436244881024,sp500.csv,True
SP500,2024-08-14,1d,5442.36,5463.22,5415.91,5455.21,,0.38,0.23611080487142555,sp500.csv,True
SP500,2024-08-15,1d,5501.13,5546.23,5501.13,5543.22,,1.61,0.7651155308091351,sp500.csv,True
SP500,2024-08-16,1d,5530.5,5561.98,5525.17,5554.25,,0.2,0.42943675978663887,sp500.csv,True
SP500,2024-08-19,1d,5557.23,5608.3,5550.74,5608.25,,0.97,0.9180832896964919,sp500.csv,True
SP500,2024-08-20,1d,5602.88,5620.51,5585.5,5597.12,,-0.2,-0.10280427208864129,sp500.csv,True
SP500,2024-08-21,1d,5603.09,5632.68,5591.57,5620.85,,0.42,0.3169679587513352,sp500.csv,True
SP500,2024-08-22,1d,5637.77,5643.22,5560.95,5570.64,,-0.89,-1.1907190254302646,sp500.csv,True
SP500,2024-08-23,1d,5602.49,5641.82,5585.16,5634.61,,1.15,0.5733165074814917,sp500.csv,True
SP500,2024-08-26,1d,5639.66,5651.62,5602.34,5616.84,,-0.32,-0.4046343219271997,sp500.csv,True
SP500,2024-08-27,1d,5602.89,5631.18,5593.48,5625.8,,0.16,0.40889612325067937,sp500.csv,True
SP500,2024-08-28,1d,5624.51,5627.03,5560.95,5592.18,,-0.6,-0.5748056275124425,sp500.csv,True
SP500,2024-08-29,1d,5607.3,5646.95,5583.71,5591.96,,0.0,-0.2735719508497825,sp500.csv,True
SP500,2024-08-30,1d,5612.74,5651.37,5581.79,5648.4,,1.01,0.635340315068933,sp500.csv,True
SP500,2024-09-03,1d,5623.89,5623.89,5504.33,5528.93,,-2.12,-1.688510977277291,sp500.csv,True
SP500,2024-09-04,1d,5506.68,5552.99,5503.66,5520.07,,-0.16,0.24315921753215175,sp500.csv,True
SP500,2024-09-05,1d,5520.08,5546.3,5480.54,5503.41,,-0.3,-0.30198837698004466,sp500.csv,True
SP500,2024-09-06,1d,5507.33,5522.47,5402.62,5408.42,,-1.73,-1.795970098032984,sp500.csv,True
SP500,2024-09-09,1d,5442.07,5484.2,5434.49,5471.05,,1.16,0.5325179573213878,sp500.csv,True
SP500,2024-09-10,1d,5490.51,5497.91,5441.72,5495.52,,0.45,0.0912483539780462,sp500.csv,True
SP500,2024-09-11,1d,5496.42,5560.41,5406.96,5554.13,,1.07,1.0499561532779422,sp500.csv,True
SP500,2024-09-12,1d,5557.48,5600.71,5535.5,5595.76,,0.75,0.6888013991953379,sp500.csv,True
SP500,2024-09-13,1d,5603.34,5636.27,5601.65,5626.02,,0.54,0.40475859041215756,sp500.csv,True
SP500,2024-09-16,1d,5615.21,5636.05,5604.53,5633.09,,0.13,0.31842086048430307,sp500.csv,True
SP500,2024-09-17,1d,5655.51,5670.81,5614.05,5634.58,,0.03,-0.3700815664723467,sp500.csv,True
SP500,2024-09-18,1d,5641.68,5689.75,5615.08,5618.26,,-0.29,-0.41512457282227855,sp500.csv,True
SP500,2024-09-19,1d,5702.63,5733.57,5686.42,5713.64,,1.7,0.1930688121094981,sp500.csv,True
SP500,2024-09-20,1d,5709.64,5715.14,5674.49,5702.55,,-0.19,-0.12417595505146428,sp500.csv,True
SP500,2024-09-23,1d,5711.9,5725.36,5704.22,5718.57,,0.28,0.11677375304188775,sp500.csv,True
SP500,2024-09-24,1d,5727.66,5735.32,5698.99,5732.93,,0.25,0.0920096514108737,sp500.csv,True
SP500,2024-09-25,1d,5733.65,5741.03,5712.06,5722.26,,-0.19,-0.1986518186495423,sp500.csv,True
SP500,2024-09-26,1d,5762.22,5767.37,5721.01,5745.37,,0.4,-0.29242201790282696,sp500.csv,True
SP500,2024-09-27,1d,5755.36,5763.78,5727.34,5738.17,,-0.13,-0.2986781018042284,sp500.csv,True
SP500,2024-09-30,1d,5726.52,5765.14,5703.53,5762.48,,0.42,0.6279555471734755,sp500.csv,True
SP500,2024-10-01,1d,5757.73,5757.73,5681.28,5708.75,,-0.93,-0.8506824738221397,sp500.csv,True
SP500,2024-10-02,1d,5698.14,5719.63,5674.0,5709.54,,0.01,0.20006528446123717,sp500.csv,True
SP500,2024-10-03,1d,5698.19,5718.78,5677.37,5699.94,,-0.17,0.030711506636316166,sp500.csv,True
SP500,2024-10-04,1d,5737.48,5753.21,5702.83,5751.07,,0.9,0.23686357076626585,sp500.csv,True
SP500,2024-10-07,1d,5737.8,5739.34,5686.85,5695.94,,-0.96,-0.7295479103489266,sp500.csv,True
SP500,2024-10-08,1d,5719.14,5757.6,5714.56,5751.13,,0.97,0.5593498323174462,sp500.csv,True
SP500,2024-10-09,1d,5751.8,5796.8,5745.02,5792.04,,0.71,0.6996070795229237,sp500.csv,True
SP500,2024-10-10,1d,5778.36,5795.03,5764.76,5780.05,,-0.21,0.029247052796987916,sp500.csv,True
SP500,2024-10-11,1d,5775.09,5822.13,5775.09,5815.03,,0.61,0.6915909535608833,sp500.csv,True
SP500,2024-10-14,1d,5829.81,5871.41,5829.57,5859.85,,0.77,0.5152826592976334,sp500.csv,True
SP500,2024-10-15,1d,5866.74,5870.36,5804.48,5815.26,,-0.76,-0.877489031387102,sp500.csv,True
SP500,2024-10-16,1d,5816.58,5846.52,5808.34,5842.47,,0.47,0.4451069184985057,sp500.csv,True
SP500,2024-10-17,1d,5875.62,5878.46,5840.25,5841.47,,-0.02,-0.5812152589854236,sp500.csv,True
SP500,2024-10-18,1d,5859.43,5872.17,5846.11,5864.67,,0.4,0.08942849389785845,sp500.csv,True
SP500,2024-10-21,1d,5857.82,5866.92,5824.79,5853.98,,-0.18,-0.06555339699751972,sp500.csv,True
SP500,2024-10-22,1d,5832.7,5863.04,5821.17,5851.2,,-0.05,0.3171772935347317,sp500.csv,True
SP500,2024-10-23,1d,5834.5,5834.85,5762.41,5797.42,,-0.92,-0.635530036849774,sp500.csv,True
SP500,2024-10-24,1d,5817.8,5817.8,5784.92,5809.86,,0.21,-0.13647770634949152,sp500.csv,True
SP500,2024-10-25,1d,5826.75,5862.82,5799.98,5808.12,,-0.03,-0.31973226927533016,sp500.csv,True
SP500,2024-10-28,1d,5833.93,5842.92,5823.08,5823.52,,0.27,-0.17843889110770172,sp500.csv,True
SP500,2024-10-29,1d,5819.68,5847.19,5802.17,5832.92,,0.16,0.22750391774117862,sp500.csv,True
SP500,2024-10-30,1d,5832.65,5850.94,5811.28,5813.67,,-0.33,-0.32540954797560806,sp500.csv,True
SP500,2024-10-31,1d,5775.34,5775.34,5702.86,5705.45,,-1.86,-1.2101452035724325,sp500.csv,True
SP500,2024-11-01,1d,5723.22,5772.52,5723.22,5728.8,,0.41,0.09749756256094422,sp500.csv,True
SP500,2024-11-04,1d,5725.15,5741.43,5696.51,5712.69,,-0.28,-0.21763621913836184,sp500.csv,True
SP500,2024-11-05,1d,5722.43,5783.44,5722.1,5782.76,,1.23,1.0542723982643665,sp500.csv,True
SP500,2024-11-06,1d,5864.89,5936.14,5864.89,5929.04,,2.53,1.093797155615861,sp500.csv,True
SP500,2024-11-07,1d,5947.21,5983.84,5947.21,5973.1,,0.74,0.43533018003401036,sp500.csv,True
SP500,2024-11-08,1d,5976.76,6012.45,5976.76,5995.54,,0.38,0.3142170674412137,sp500.csv,True
SP500,2024-11-11,1d,6008.86,6017.31,5986.69,6001.35,,0.1,-0.12498210975125934,sp500.csv,True
SP500,2024-11-12,1d,6003.6,6009.92,5960.08,5983.99,,-0.29,-0.3266373509227871,sp500.csv,True
SP500,2024-11-13,1d,5985.75,6008.19,5965.91,5985.38,,0.02,-0.006181347366662759,sp500.csv,True
SP500,2024-11-14,1d,5989.68,5993.88,5942.28,5949.17,,-0.6,-0.6763299541878709,sp500.csv,True
SP500,2024-11-15,1d,5912.79,5915.32,5853.01,5870.62,,-1.32,-0.7131996908396943,sp500.csv,True
SP500,2024-11-18,1d,5874.17,5908.12,5865.95,5893.62,,0.39,0.33111060796673364,sp500.csv,True
SP500,2024-11-19,1d,5870.05,5923.51,5855.29,5916.98,,0.4,0.799482116847372,sp500.csv,True
SP500,2024-11-20,1d,5914.34,5920.67,5860.56,5917.11,,0.0,0.0468353189028603,sp500.csv,True
SP500,2024-11-21,1d,5940.58,5963.32,5887.26,5948.71,,0.53,0.13685532389093868,sp500.csv,True
SP500,2024-11-22,1d,5944.36,5972.9,5944.36,5969.34,,0.35,0.42023026869166813,sp500.csv,True
SP500,2024-11-25,1d,5992.28,6020.75,5963.91,5987.37,,0.3,-0.08193876120607957,sp500.csv,True
SP500,2024-11-26,1d,6000.03,6025.42,5992.27,6021.63,,0.57,0.35999820000900407,sp500.csv,True
SP500,2024-11-27,1d,6014.11,6020.16,5984.87,5998.74,,-0.38,-0.2555656614195545,sp500.csv,True
SP500,2024-11-29,1d,6003.98,6044.17,6003.98,6032.38,,0.56,0.4730195636894363,sp500.csv,True
SP500,2024-12-02,1d,6040.11,6053.58,6035.33,6047.15,,0.24,0.11655416871547697,sp500.csv,True
SP500,2024-12-03,1d,6042.97,6052.07,6033.39,6049.88,,0.05,0.11434774622411936,sp500.csv,True
SP500,2024-12-04,1d,6069.39,6089.84,6061.06,6086.49,,0.61,0.2817416577283627,sp500.csv,True
SP500,2024-12-05,1d,6089.03,6094.55,6072.9,6075.11,,-0.19,-0.228607840657713,sp500.csv,True
SP500,2024-12-06,1d,6081.38,6099.97,6079.98,6090.27,,0.25,0.14618392535905578,sp500.csv,True
SP500,2024-12-09,1d,6083.01,6088.51,6048.63,6052.85,,-0.61,-0.49580717440872446,sp500.csv,True
SP500,2024-12-10,1d,6057.59,6065.4,6029.89,6034.91,,-0.3,-0.37440632330679735,sp500.csv,True
SP500,2024-12-11,1d,6060.15,6092.59,6060.15,6084.19,,0.82,0.3966898509112804,sp500.csv,True
SP500,2024-12-12,1d,6074.29,6079.68,6051.25,6051.25,,-0.54,-0.3793035893906893,sp500.csv,True
SP500,2024-12-13,1d,6068.17,6078.58,6035.77,6051.09,,0.0,-0.28146871297277665,sp500.csv,True
SP500,2024-12-16,1d,6063.79,6085.19,6059.14,6074.08,,0.38,0.16969585028505652,sp500.csv,True
SP500,2024-12-17,1d,6052.55,6057.68,6035.19,6050.61,,-0.39,-0.032052605926435884,sp500.csv,True
SP500,2024-12-18,1d,6047.65,6070.67,5867.79,5872.16,,-2.95,-2.901788297933905,sp500.csv,True
SP500,2024-12-19,1d,5912.71,5935.52,5866.07,5867.08,,-0.09,-0.771727346681983,sp500.csv,True
SP500,2024-12-20,1d,5842.0,5982.06,5832.3,5930.85,,1.09,1.5208832591578236,sp500.csv,True
SP500,2024-12-23,1d,5940.25,5978.25,5902.57,5974.07,,0.73,0.5693363073944635,sp500.csv,True
SP500,2024-12-24,1d,5984.63,6040.1,5981.44,6040.04,,1.1,0.9258717748632739,sp500.csv,True
SP500,2024-12-26,1d,6024.97,6049.75,6007.37,6037.59,,-0.04,0.20946162387529554,sp500.csv,True
SP500,2024-12-27,1d,6006.17,6006.17,5932.95,5970.84,,-1.11,-0.588228438422489,sp500.csv,True
SP500,2024-12-30,1d,5920.67,5940.79,5869.16,5906.94,,-1.07,-0.2318994303009747,sp500.csv,True
SP500,2024-12-31,1d,5919.74,5929.74,5868.86,5881.63,,-0.43,-0.6437782740458142,sp500.csv,True
