timestamp_utc,open,high,low,close,volume
2022-09-12T00:00:00Z,1409.0,1411.75,1404.0,1405.75,0
2022-09-12T01:00:00Z,1405.5,1406.0,1402.25,1403.75,0
2022-09-12T02:00:00Z,1404.0,1405.0,1402.75,1404.25,0
2022-09-12T03:00:00Z,1404.25,1405.0,1403.25,1404.5,0
2022-09-12T04:00:00Z,1404.25,1405.0,1404.0,1404.25,0
2022-09-12T05:00:00Z,1404.5,1407.0,1404.25,1406.25,0
2022-09-12T06:00:00Z,1406.25,1410.0,1406.0,1410.0,0
2022-09-12T07:00:00Z,1410.25,1413.5,1410.25,1413.5,0
2022-09-12T08:00:00Z,1413.5,1417.5,1412.0,1417.25,0
2022-09-12T09:00:00Z,1416.75,1419.75,1414.25,1418.5,0
2022-09-12T10:00:00Z,1418.25,1419.0,1415.25,1415.5,0
2022-09-12T11:00:00Z,1415.75,1417.0,1411.0,1411.25,0
2022-09-12T12:00:00Z,1411.25,1416.75,1411.0,1414.25,0
2022-09-12T13:00:00Z,1413.5,1422.25,1411.25,1414.75,0
2022-09-12T14:00:00Z,1415.0,1421.25,1412.0,1418.25,0
2022-09-12T15:00:00Z,1418.25,1424.75,1416.0,1424.25,0
2022-09-12T16:00:00Z,1424.75,1486.5,1423.0,1485.75,0
2022-09-12T17:00:00Z,1486.0,1490.25,1479.0,1486.75,0
2022-09-12T18:00:00Z,1486.75,1489.0,1485.0,1485.75,0
2022-09-13T00:00:00Z,1486.5,1488.25,1483.0,1486.25,0
2022-09-13T01:00:00Z,1485.75,1488.25,1480.25,1487.5,0
2022-09-13T02:00:00Z,1487.5,1489.0,1485.0,1488.5,0
2022-09-13T03:00:00Z,1489.0,1490.0,1487.25,1488.75,0
2022-09-13T04:00:00Z,1488.25,1492.5,1488.0,1490.5,0
2022-09-13T05:00:00Z,1490.75,1495.0,1490.25,1492.5,0
2022-09-13T06:00:00Z,1492.5,1497.25,1492.25,1495.0,0
2022-09-13T07:00:00Z,1494.75,1498.25,1494.25,1497.5,0
2022-09-13T08:00:00Z,1497.75,1505.0,1497.5,1504.5,0
2022-09-13T09:00:00Z,1504.25,1504.25,1497.25,1500.5,0
2022-09-13T10:00:00Z,1500.75,1502.25,1496.75,1500.0,0
2022-09-13T11:00:00Z,1500.25,1508.75,1500.25,1504.75,0
2022-09-13T12:00:00Z,1505.0,1505.5,1487.0,1491.75,0
2022-09-13T13:00:00Z,1486.75,1493.5,1484.25,1490.0,0
2022-09-13T14:00:00Z,1489.75,1494.0,1485.5,1490.75,0
2022-09-13T15:00:00Z,1491.0,1491.25,1480.25,1481.0,0
2022-09-13T16:00:00Z,1481.0,1487.25,1480.5,1485.25,0
2022-09-13T17:00:00Z,1485.25,1485.5,1475.75,1477.0,0
2022-09-13T18:00:00Z,1476.75,1479.5,1475.75,1477.25,0
2022-09-14T00:00:00Z,1475.0,1479.0,1473.0,1473.75,0
2022-09-14T01:00:00Z,1474.25,1480.0,1473.25,1476.75,0
2022-09-14T02:00:00Z,1476.75,1485.25,1476.0,1483.0,0
2022-09-14T03:00:00Z,1483.25,1484.0,1481.0,1481.5,0
2022-09-14T04:00:00Z,1481.75,1482.0,1480.0,1482.0,0
2022-09-14T05:00:00Z,1482.25,1482.25,1479.5,1480.75,0
2022-09-14T06:00:00Z,1480.5,1485.0,1480.25,1483.5,0
2022-09-14T07:00:00Z,1483.75,1485.0,1483.0,1483.25,0
2022-09-14T08:00:00Z,1483.5,1488.5,1483.0,1488.0,0
2022-09-14T09:00:00Z,1488.0,1489.5,1486.25,1488.5,0
2022-09-14T10:00:00Z,1488.25,1489.5,1486.5,1487.5,0
2022-09-14T11:00:00Z,1487.5,1487.5,1477.5,1478.75,0
2022-09-14T12:00:00Z,1478.5,1480.0,1472.25,1478.25,0
2022-09-14T13:00:00Z,1479.25,1487.5,1476.75,1479.5,0
2022-09-14T14:00:00Z,1479.5,1479.75,1468.0,1472.0,0
2022-09-14T15:00:00Z,1472.25,1473.25,1455.0,1456.75,0
2022-09-14T16:00:00Z,1457.0,1461.25,1454.0,1458.75,0
2022-09-14T17:00:00Z,1459.0,1459.75,1456.0,1456.0,0
2022-09-14T18:00:00Z,1456.0,1458.5,1453.5,1458.0,0
2022-09-15T00:00:00Z,1456.0,1460.5,1455.0,1458.5,0
2022-09-15T01:00:00Z,1458.75,1463.0,1457.25,1461.0,0
2022-09-15T02:00:00Z,1460.75,1463.75,1457.25,1458.25,0
2022-09-15T03:00:00Z,1457.0,1457.25,1451.75,1452.75,0
2022-09-15T04:00:00Z,1452.5,1453.75,1450.75,1451.5,0
2022-09-15T05:00:00Z,1451.25,1455.0,1450.0,1454.75,0
2022-09-15T06:00:00Z,1454.5,1457.25,1451.75,1453.75,0
2022-09-15T07:00:00Z,1453.25,1457.75,1452.25,1455.25,0
2022-09-15T08:00:00Z,1455.0,1459.75,1451.5,1459.0,0
2022-09-15T09:00:00Z,1459.0,1461.25,1456.25,1460.5,0
2022-09-15T10:00:00Z,1460.5,1462.5,1456.0,1458.75,0
2022-09-15T11:00:00Z,1459.0,1460.0,1455.0,1455.75,0
2022-09-15T12:00:00Z,1455.5,1457.75,1450.0,1455.25,0
2022-09-15T13:00:00Z,1452.75,1454.5,1444.0,1453.75,0
2022-09-15T14:00:00Z,1453.75,1468.5,1451.5,1453.5,0
2022-09-15T15:00:00Z,1453.5,1461.5,1446.75,1455.75,0
2022-09-15T16:00:00Z,1455.75,1463.0,1455.0,1458.25,0
2022-09-15T17:00:00Z,1458.25,1459.5,1451.25,1451.75,0
2022-09-15T18:00:00Z,1451.75,1454.5,1450.0,1451.0,0
2022-09-16T00:00:00Z,1449.0,1454.0,1446.25,1451.75,0
2022-09-16T01:00:00Z,1451.75,1455.0,1448.5,1449.0,0
2022-09-16T02:00:00Z,1449.25,1451.25,1446.5,1450.25,0
2022-09-16T03:00:00Z,1450.0,1450.5,1443.25,1445.75,0
2022-09-16T04:00:00Z,1446.0,1446.5,1445.0,1445.5,0
2022-09-16T05:00:00Z,1445.25,1446.0,1444.25,1445.5,0
2022-09-16T06:00:00Z,1445.5,1452.75,1445.25,1452.75,0
2022-09-16T07:00:00Z,1452.75,1453.5,1445.75,1446.75,0
2022-09-16T08:00:00Z,1446.75,1446.75,1442.25,1443.0,0
2022-09-16T09:00:00Z,1443.0,1446.25,1442.0,1442.0,0
2022-09-16T10:00:00Z,1442.25,1443.5,1440.25,1443.0,0
2022-09-16T11:00:00Z,1443.0,1449.5,1442.5,1448.0,0
2022-09-16T12:00:00Z,1448.0,1450.25,1445.0,1445.25,0
2022-09-16T13:00:00Z,1446.0,1448.75,1433.75,1438.5,0
2022-09-16T14:00:00Z,1438.5,1448.0,1437.5,1446.0,0
2022-09-16T15:00:00Z,1446.0,1454.0,1439.25,1449.5,0
2022-09-16T16:00:00Z,1449.75,1453.5,1439.5,1443.0,0
2022-09-16T17:00:00Z,1443.0,1453.5,1442.0,1447.5,0
2022-09-16T18:00:00Z,1447.25,1450.75,1445.75,1446.0,0
2022-09-19T00:00:00Z,1446.0,1453.0,1443.0,1452.0,0
2022-09-19T01:00:00Z,1451.75,1457.0,1451.75,1456.75,0
2022-09-19T02:00:00Z,1456.75,1465.75,1450.5,1463.25,0
2022-09-19T03:00:00Z,1463.5,1463.75,1458.5,1459.5,0
2022-09-19T04:00:00Z,1459.5,1459.75,1458.0,1458.0,0
2022-09-19T05:00:00Z,1458.0,1459.75,1455.0,1455.0,0
2022-09-19T06:00:00Z,1455.0,1455.75,1452.0,1453.75,0
2022-09-19T07:00:00Z,1453.75,1454.75,1450.75,1451.5,0
2022-09-19T08:00:00Z,1451.0,1453.25,1449.0,1450.0,0
2022-09-19T09:00:00Z,1450.5,1450.75,1448.0,1450.25,0
2022-09-19T10:00:00Z,1449.75,1454.5,1448.0,1453.5,0
2022-09-19T11:00:00Z,1453.25,1453.25,1447.0,1451.0,0
2022-09-19T12:00:00Z,1451.25,1451.25,1443.5,1445.0,0
2022-09-19T13:00:00Z,1441.75,1453.5,1438.25,1451.5,0
2022-09-19T14:00:00Z,1451.75,1465.0,1449.5,1461.5,0
2022-09-19T15:00:00Z,1461.5,1462.25,1451.25,1455.75,0
2022-09-19T16:00:00Z,1456.0,1459.5,1454.75,1457.75,0
2022-09-19T17:00:00Z,1457.5,1462.0,1457.0,1461.75,0
2022-09-19T18:00:00Z,1461.75,1462.0,1460.25,1461.5,0
2022-09-20T00:00:00Z,1461.75,1466.75,1459.0,1460.75,0
2022-09-20T01:00:00Z,1461.0,1465.25,1456.25,1463.5,0
2022-09-20T02:00:00Z,1463.5,1466.25,1463.0,1465.25,0
2022-09-20T03:00:00Z,1465.25,1466.25,1461.75,1461.75,0
2022-09-20T04:00:00Z,1461.5,1463.25,1460.75,1461.75,0
2022-09-20T05:00:00Z,1461.5,1466.0,1458.5,1463.5,0
2022-09-20T06:00:00Z,1463.75,1467.75,1461.25,1464.0,0
2022-09-20T07:00:00Z,1464.0,1467.0,1462.5,1465.75,0
2022-09-20T08:00:00Z,1465.5,1467.0,1463.25,1465.75,0
2022-09-20T09:00:00Z,1466.5,1466.75,1460.75,1462.25,0
2022-09-20T10:00:00Z,1461.75,1463.75,1460.5,1461.5,0
2022-09-20T11:00:00Z,1461.75,1461.75,1455.25,1456.0,0
2022-09-20T12:00:00Z,1456.0,1456.75,1452.0,1455.0,0
2022-09-20T13:00:00Z,1454.75,1460.75,1450.75,1458.5,0
2022-09-20T14:00:00Z,1458.25,1470.75,1456.75,1469.5,0
2022-09-20T15:00:00Z,1469.75,1484.5,1468.75,1482.5,0
2022-09-20T16:00:00Z,1482.75,1485.5,1479.0,1483.25,0
2022-09-20T17:00:00Z,1483.25,1483.5,1478.0,1479.25,0
2022-09-20T18:00:00Z,1479.25,1479.75,1476.25,1476.25,0
2022-09-21T00:00:00Z,1476.5,1478.5,1474.25,1474.25,0
2022-09-21T01:00:00Z,1474.25,1474.5,1472.0,1472.5,0
2022-09-21T02:00:00Z,1472.5,1478.5,1471.0,1478.0,0
2022-09-21T03:00:00Z,1477.75,1478.5,1475.25,1478.25,0
2022-09-21T04:00:00Z,1478.25,1479.25,1476.75,1477.5,0
2022-09-21T05:00:00Z,1477.75,1482.25,1477.0,1481.75,0
2022-09-21T06:00:00Z,1481.5,1488.75,1480.75,1484.0,0
2022-09-21T07:00:00Z,1483.25,1485.75,1479.0,1483.25,0
2022-09-21T08:00:00Z,1483.25,1484.75,1476.5,1478.5,0
2022-09-21T09:00:00Z,1478.25,1484.0,1478.0,1479.0,0
2022-09-21T10:00:00Z,1479.25,1484.75,1479.25,1483.5,0
2022-09-21T11:00:00Z,1483.25,1485.75,1481.0,1483.75,0
2022-09-21T12:00:00Z,1484.0,1484.0,1472.0,1472.25,0
2022-09-21T13:00:00Z,1474.0,1481.75,1468.75,1469.5,0
2022-09-21T14:00:00Z,1469.5,1469.75,1460.5,1465.0,0
2022-09-21T15:00:00Z,1464.75,1474.25,1464.25,1472.25,0
2022-09-21T16:00:00Z,1472.25,1472.5,1465.75,1467.0,0
2022-09-21T17:00:00Z,1467.25,1468.75,1462.5,1463.0,0
2022-09-21T18:00:00Z,1463.0,1463.75,1459.5,1461.0,0
2022-09-22T00:00:00Z,1456.5,1459.25,1448.75,1459.25,0
2022-09-22T01:00:00Z,1459.25,1468.5,1457.25,1468.5,0
2022-09-22T02:00:00Z,1468.25,1471.0,1461.75,1466.75,0
2022-09-22T03:00:00Z,1466.25,1474.0,1466.25,1467.25,0
2022-09-22T04:00:00Z,1467.5,1468.25,1465.0,1465.5,0
2022-09-22T05:00:00Z,1465.5,1475.75,1465.25,1473.75,0
2022-09-22T06:00:00Z,1474.25,1475.25,1470.0,1471.25,0
2022-09-22T07:00:00Z,1470.75,1474.75,1466.5,1472.75,0
2022-09-22T08:00:00Z,1472.75,1476.0,1472.0,1473.0,0
2022-09-22T09:00:00Z,1472.5,1476.0,1471.25,1471.5,0
2022-09-22T10:00:00Z,1471.5,1472.75,1466.5,1469.25,0
2022-09-22T11:00:00Z,1469.5,1469.75,1460.75,1468.0,0
2022-09-22T12:00:00Z,1467.75,1470.5,1460.25,1463.25,0
2022-09-22T13:00:00Z,1465.75,1470.0,1461.0,1462.25,0
2022-09-22T14:00:00Z,1462.25,1462.5,1453.0,1454.25,0
2022-09-22T15:00:00Z,1454.0,1461.75,1451.25,1458.25,0
2022-09-22T16:00:00Z,1458.25,1461.25,1455.75,1459.0,0
2022-09-22T17:00:00Z,1458.75,1460.75,1456.25,1459.75,0
2022-09-22T18:00:00Z,1460.0,1460.0,1455.0,1455.0,0
2022-09-23T00:00:00Z,1455.0,1455.0,1452.0,1454.5,0
2022-09-23T01:00:00Z,1454.0,1456.0,1450.0,1454.0,0
2022-09-23T02:00:00Z,1454.0,1455.5,1451.0,1452.25,0
2022-09-23T03:00:00Z,1452.25,1455.0,1451.0,1451.75,0
2022-09-23T04:00:00Z,1452.0,1452.25,1450.5,1451.25,0
2022-09-23T05:00:00Z,1451.25,1454.75,1449.5,1450.5,0
2022-09-23T06:00:00Z,1450.25,1453.75,1447.25,1450.0,0
2022-09-23T07:00:00Z,1450.25,1452.25,1446.5,1449.0,0
2022-09-23T08:00:00Z,1449.0,1449.25,1445.75,1447.75,0
2022-09-23T09:00:00Z,1447.75,1450.25,1446.5,1449.5,0
2022-09-23T10:00:00Z,1449.75,1451.25,1444.5,1444.75,0
2022-09-23T11:00:00Z,1444.75,1446.5,1443.5,1445.25,0
2022-09-23T12:00:00Z,1444.75,1444.75,1436.25,1438.5,0
2022-09-23T13:00:00Z,1438.0,1438.5,1420.5,1422.5,0
2022-09-23T14:00:00Z,1422.5,1430.75,1421.0,1428.0,0
2022-09-23T15:00:00Z,1428.0,1434.0,1427.0,1429.25,0
2022-09-23T16:00:00Z,1429.25,1430.0,1424.25,1426.5,0
2022-09-23T17:00:00Z,1426.25,1430.75,1426.25,1427.25,0
2022-09-23T18:00:00Z,1427.0,1431.0,1425.0,1426.0,0
2022-09-26T00:00:00Z,1424.5,1430.5,1420.0,1425.75,0
2022-09-26T01:00:00Z,1425.5,1432.0,1420.5,1420.75,0
2022-09-26T02:00:00Z,1420.75,1421.75,1413.0,1415.0,0
2022-09-26T03:00:00Z,1414.25,1414.75,1412.75,1412.75,0
2022-09-26T04:00:00Z,1412.75,1415.0,1412.25,1412.75,0
2022-09-26T05:00:00Z,1412.5,1414.5,1411.5,1412.0,0
2022-09-26T06:00:00Z,1412.5,1417.75,1411.0,1417.0,0
2022-09-26T07:00:00Z,1416.5,1426.25,1416.5,1426.25,0
2022-09-26T08:00:00Z,1426.25,1428.25,1422.75,1424.0,0
2022-09-26T09:00:00Z,1423.5,1426.75,1417.0,1417.5,0
2022-09-26T10:00:00Z,1417.75,1423.0,1417.5,1420.5,0
2022-09-26T11:00:00Z,1420.25,1425.75,1418.25,1423.25,0
2022-09-26T12:00:00Z,1423.0,1424.5,1419.75,1423.25,0
2022-09-26T13:00:00Z,1425.0,1433.75,1420.5,1425.25,0
2022-09-26T14:00:00Z,1425.0,1430.0,1422.0,1424.75,0
2022-09-26T15:00:00Z,1424.75,1426.25,1414.5,1416.5,0
2022-09-26T16:00:00Z,1416.25,1417.25,1412.25,1414.0,0
2022-09-26T17:00:00Z,1414.0,1416.75,1408.25,1411.0,0
2022-09-26T18:00:00Z,1411.0,1413.0,1410.5,1412.25,0
2022-09-27T00:00:00Z,1411.25,1419.0,1410.25,1418.5,0
2022-09-27T01:00:00Z,1418.75,1420.25,1411.5,1415.0,0
2022-09-27T02:00:00Z,1414.25,1416.5,1412.0,1415.5,0
2022-09-27T03:00:00Z,1416.0,1416.75,1413.25,1415.25,0
2022-09-27T04:00:00Z,1415.5,1417.0,1414.5,1414.75,0
2022-09-27T05:00:00Z,1415.0,1422.0,1414.25,1421.25,0
2022-09-27T06:00:00Z,1421.0,1424.25,1418.5,1420.5,0
2022-09-27T07:00:00Z,1420.5,1424.25,1418.75,1423.25,0
2022-09-27T08:00:00Z,1423.25,1424.5,1421.25,1422.0,0
2022-09-27T09:00:00Z,1421.75,1423.5,1420.25,1421.75,0
2022-09-27T10:00:00Z,1421.75,1424.25,1419.5,1422.0,0
2022-09-27T11:00:00Z,1422.25,1423.5,1420.5,1421.25,0
2022-09-27T12:00:00Z,1421.5,1427.5,1421.25,1427.0,0
2022-09-27T13:00:00Z,1426.75,1437.25,1421.0,1434.25,0
2022-09-27T14:00:00Z,1434.5,1435.0,1423.0,1426.0,0
2022-09-27T15:00:00Z,1425.75,1427.75,1419.75,1420.0,0
2022-09-27T16:00:00Z,1420.0,1420.5,1416.0,1417.0,0
2022-09-27T17:00:00Z,1417.0,1419.0,1411.5,1413.5,0
2022-09-27T18:00:00Z,1413.5,1413.75,1407.0,1408.5,0
2022-09-28T00:00:00Z,1409.0,1412.5,1407.5,1408.75,0
2022-09-28T01:00:00Z,1408.75,1412.5,1400.25,1400.5,0
2022-09-28T02:00:00Z,1400.75,1403.25,1400.0,1400.75,0
2022-09-28T03:00:00Z,1400.75,1405.5,1400.5,1401.0,0
2022-09-28T04:00:00Z,1401.0,1401.25,1400.0,1400.25,0
2022-09-28T05:00:00Z,1400.25,1406.0,1396.5,1402.25,0
2022-09-28T06:00:00Z,1402.25,1407.5,1402.0,1402.5,0
2022-09-28T07:00:00Z,1402.75,1403.25,1397.0,1398.5,0
2022-09-28T08:00:00Z,1398.5,1399.75,1396.75,1398.25,0
2022-09-28T09:00:00Z,1398.25,1400.0,1393.0,1393.0,0
2022-09-28T10:00:00Z,1393.0,1404.75,1392.25,1404.0,0
2022-09-28T11:00:00Z,1404.5,1406.0,1400.5,1401.5,0
2022-09-28T12:00:00Z,1401.25,1407.25,1398.0,1406.5,0
2022-09-28T13:00:00Z,1408.0,1411.5,1402.25,1405.25,0
2022-09-28T14:00:00Z,1405.0,1408.75,1398.5,1399.25,0
2022-09-28T15:00:00Z,1399.25,1400.25,1390.75,1399.0,0
2022-09-28T16:00:00Z,1399.0,1404.75,1397.25,1398.25,0
2022-09-28T17:00:00Z,1398.5,1411.0,1398.5,1408.5,0
2022-09-28T18:00:00Z,1408.25,1411.25,1407.75,1411.0,0
2022-09-29T00:00:00Z,1408.75,1411.0,1403.25,1406.25,0
2022-09-29T01:00:00Z,1406.25,1418.5,1404.0,1417.0,0
2022-09-29T02:00:00Z,1417.0,1418.25,1410.5,1417.75,0
2022-09-29T03:00:00Z,1418.0,1420.75,1416.5,1420.5,0
2022-09-29T04:00:00Z,1420.25,1422.0,1419.0,1419.75,0
2022-09-29T05:00:00Z,1419.75,1421.0,1413.5,1415.5,0
2022-09-29T06:00:00Z,1416.0,1418.5,1412.75,1416.25,0
2022-09-29T07:00:00Z,1416.25,1417.0,1404.0,1406.0,0
2022-09-29T08:00:00Z,1406.25,1410.25,1404.25,1409.5,0
2022-09-29T09:00:00Z,1409.5,1415.5,1408.75,1414.75,0
2022-09-29T10:00:00Z,1415.0,1421.25,1414.0,1420.25,0
2022-09-29T11:00:00Z,1420.25,1421.25,1417.5,1418.25,0
2022-09-29T12:00:00Z,1418.0,1418.5,1409.5,1414.25,0
2022-09-29T13:00:00Z,1417.75,1423.75,1412.75,1416.75,0
2022-09-29T14:00:00Z,1416.75,1417.0,1405.5,1412.0,0
2022-09-29T15:00:00Z,1411.75,1417.0,1409.75,1415.75,0
2022-09-29T16:00:00Z,1415.75,1416.0,1409.0,1413.5,0
2022-09-29T17:00:00Z,1413.75,1414.5,1409.5,1411.5,0
2022-09-29T18:00:00Z,1411.5,1413.25,1409.75,1410.0,0
2022-09-30T00:00:00Z,1410.5,1415.5,1409.25,1414.0,0
2022-09-30T01:00:00Z,1414.0,1417.75,1409.75,1416.5,0
2022-09-30T02:00:00Z,1416.5,1416.75,1409.5,1414.5,0
2022-09-30T03:00:00Z,1414.0,1414.0,1410.5,1411.25,0
2022-09-30T04:00:00Z,1411.0,1413.0,1410.0,1411.0,0
2022-09-30T05:00:00Z,1411.0,1415.0,1410.25,1414.25,0
2022-09-30T06:00:00Z,1414.5,1417.25,1412.25,1416.75,0
2022-09-30T07:00:00Z,1416.75,1419.75,1415.25,1419.0,0
2022-09-30T08:00:00Z,1419.25,1419.75,1416.5,1417.25,0
2022-09-30T09:00:00Z,1417.75,1419.75,1415.5,1416.0,0
2022-09-30T10:00:00Z,1415.75,1418.0,1415.0,1416.75,0
2022-09-30T11:00:00Z,1416.5,1417.75,1415.0,1417.0,0
2022-09-30T12:00:00Z,1417.0,1418.5,1412.5,1417.25,0
2022-09-30T13:00:00Z,1417.0,1417.25,1405.5,1415.25,0
2022-09-30T14:00:00Z,1415.5,1425.75,1411.75,1423.5,0
2022-09-30T15:00:00Z,1424.0,1425.5,1419.0,1419.25,0
2022-09-30T16:00:00Z,1420.25,1423.25,1377.5,1389.75,0
2022-09-30T17:00:00Z,1390.0,1392.5,1374.0,1374.25,0
2022-09-30T18:00:00Z,1374.5,1375.0,1363.25,1366.0,0
2022-10-03T00:00:00Z,1364.0,1375.5,1362.25,1373.5,0
2022-10-03T01:00:00Z,1373.25,1375.75,1370.75,1373.75,0
2022-10-03T02:00:00Z,1374.0,1374.25,1369.75,1370.0,0
2022-10-03T03:00:00Z,1370.5,1371.5,1369.25,1369.75,0
2022-10-03T04:00:00Z,1369.25,1371.25,1369.0,1370.25,0
2022-10-03T05:00:00Z,1369.75,1370.5,1366.5,1367.0,0
2022-10-03T06:00:00Z,1367.5,1372.5,1366.25,1370.25,0
2022-10-03T07:00:00Z,1370.0,1372.75,1368.0,1371.5,0
2022-10-03T08:00:00Z,1371.75,1373.25,1369.0,1371.5,0
2022-10-03T09:00:00Z,1371.25,1371.5,1364.5,1365.5,0
2022-10-03T10:00:00Z,1366.0,1367.25,1362.75,1363.0,0
2022-10-03T11:00:00Z,1362.75,1368.0,1362.75,1364.75,0
2022-10-03T12:00:00Z,1365.0,1369.5,1362.5,1368.25,0
2022-10-03T13:00:00Z,1370.75,1373.0,1361.25,1362.0,0
2022-10-03T14:00:00Z,1362.5,1372.0,1361.75,1368.25,0
2022-10-03T15:00:00Z,1368.0,1375.25,1367.75,1369.5,0
2022-10-03T16:00:00Z,1369.5,1373.5,1367.0,1373.5,0
2022-10-03T17:00:00Z,1373.5,1376.25,1371.5,1372.75,0
2022-10-03T18:00:00Z,1373.0,1376.5,1373.0,1375.25,0
2022-10-04T00:00:00Z,1373.75,1375.5,1371.75,1374.5,0
2022-10-04T01:00:00Z,1374.75,1376.75,1373.75,1375.0,0
2022-10-04T02:00:00Z,1375.25,1376.5,1374.25,1375.25,0
2022-10-04T03:00:00Z,1375.25,1375.25,1371.75,1373.75,0
2022-10-04T04:00:00Z,1373.75,1374.75,1373.25,1374.25,0
2022-10-04T05:00:00Z,1374.5,1375.25,1374.25,1375.0,0
2022-10-04T06:00:00Z,1375.0,1377.5,1374.25,1376.5,0
2022-10-04T07:00:00Z,1376.25,1378.75,1375.75,1378.25,0
2022-10-04T08:00:00Z,1378.25,1379.75,1378.0,1378.25,0
2022-10-04T09:00:00Z,1378.75,1379.75,1377.0,1379.25,0
2022-10-04T10:00:00Z,1379.25,1380.0,1378.25,1379.25,0
2022-10-04T11:00:00Z,1379.0,1380.0,1378.0,1378.75,0
2022-10-04T12:00:00Z,1378.75,1387.5,1378.25,1386.5,0
2022-10-04T13:00:00Z,1386.5,1395.0,1385.75,1389.75,0
2022-10-04T14:00:00Z,1390.0,1394.0,1385.75,1393.5,0
2022-10-04T15:00:00Z,1393.5,1394.5,1383.5,1385.0,0
2022-10-04T16:00:00Z,1385.0,1390.5,1381.75,1383.25,0
2022-10-04T17:00:00Z,1383.25,1387.5,1382.0,1386.5,0
2022-10-04T18:00:00Z,1387.0,1387.25,1382.5,1383.25,0
2022-10-05T00:00:00Z,1382.75,1383.5,1380.0,1381.75,0
2022-10-05T01:00:00Z,1382.0,1382.25,1379.0,1380.5,0
2022-10-05T02:00:00Z,1380.75,1383.25,1379.25,1381.25,0
2022-10-05T03:00:00Z,1381.25,1381.75,1379.75,1381.75,0
2022-10-05T04:00:00Z,1381.75,1382.0,1380.5,1381.75,0
2022-10-05T05:00:00Z,1381.75,1383.25,1381.0,1382.0,0
2022-10-05T06:00:00Z,1382.25,1385.25,1382.25,1383.25,0
2022-10-05T07:00:00Z,1383.25,1384.25,1378.0,1378.75,0
2022-10-05T08:00:00Z,1379.0,1379.5,1375.75,1376.0,0
2022-10-05T09:00:00Z,1376.25,1378.5,1375.25,1375.5,0
2022-10-05T10:00:00Z,1375.75,1376.25,1372.5,1373.75,0
2022-10-05T11:00:00Z,1373.25,1374.75,1371.5,1374.5,0
2022-10-05T12:00:00Z,1374.0,1374.0,1371.5,1373.0,0
2022-10-05T13:00:00Z,1373.5,1373.75,1365.0,1370.75,0
2022-10-05T14:00:00Z,1370.75,1376.75,1362.5,1369.0,0
2022-10-05T15:00:00Z,1369.25,1375.0,1367.75,1374.0,0
2022-10-05T16:00:00Z,1374.25,1379.5,1372.0,1372.5,0
2022-10-05T17:00:00Z,1372.5,1373.5,1368.25,1369.5,0
2022-10-05T18:00:00Z,1369.5,1372.0,1368.75,1371.75,0
2022-10-06T00:00:00Z,1369.5,1376.75,1368.5,1375.25,0
2022-10-06T01:00:00Z,1375.5,1376.75,1372.5,1373.75,0
2022-10-06T02:00:00Z,1374.0,1375.0,1371.0,1372.0,0
2022-10-06T03:00:00Z,1371.75,1372.5,1370.5,1371.25,0
2022-10-06T04:00:00Z,1370.75,1373.25,1370.5,1373.25,0
2022-10-06T05:00:00Z,1373.0,1373.0,1370.25,1371.25,0
2022-10-06T06:00:00Z,1371.0,1371.0,1365.25,1365.5,0
2022-10-06T07:00:00Z,1365.25,1369.25,1365.0,1368.0,0
2022-10-06T08:00:00Z,1368.0,1369.75,1362.0,1362.75,0
2022-10-06T09:00:00Z,1362.5,1364.5,1359.0,1361.0,0
2022-10-06T10:00:00Z,1361.0,1361.5,1357.5,1358.25,0
2022-10-06T11:00:00Z,1358.25,1359.5,1357.5,1357.75,0
2022-10-06T12:00:00Z,1357.75,1360.25,1356.25,1356.75,0
2022-10-06T13:00:00Z,1356.75,1359.0,1351.75,1353.5,0
2022-10-06T14:00:00Z,1353.5,1359.5,1350.0,1355.25,0
2022-10-06T15:00:00Z,1355.5,1358.5,1352.5,1355.0,0
2022-10-06T16:00:00Z,1355.0,1356.5,1352.75,1354.5,0
2022-10-06T17:00:00Z,1354.5,1357.5,1353.0,1357.25,0
2022-10-06T18:00:00Z,1357.5,1360.25,1356.25,1360.0,0
2022-10-07T00:00:00Z,1358.0,1360.0,1355.25,1356.25,0
2022-10-07T01:00:00Z,1356.25,1357.25,1355.0,1357.0,0
2022-10-07T02:00:00Z,1357.0,1359.75,1356.5,1358.5,0
2022-10-07T03:00:00Z,1358.75,1359.0,1355.0,1356.5,0
2022-10-07T04:00:00Z,1356.25,1357.25,1355.5,1356.0,0
2022-10-07T05:00:00Z,1355.75,1356.75,1355.25,1356.25,0
2022-10-07T06:00:00Z,1356.25,1357.0,1353.0,1353.5,0
2022-10-07T07:00:00Z,1353.25,1357.75,1353.25,1356.25,0
2022-10-07T08:00:00Z,1356.75,1360.5,1355.75,1359.75,0
2022-10-07T09:00:00Z,1360.0,1363.75,1359.5,1362.0,0
2022-10-07T10:00:00Z,1362.25,1363.75,1360.75,1361.5,0
2022-10-07T11:00:00Z,1361.5,1362.25,1359.0,1360.0,0
2022-10-07T12:00:00Z,1360.25,1360.5,1353.5,1354.25,0
2022-10-07T13:00:00Z,1354.25,1358.0,1351.25,1353.75,0
2022-10-07T14:00:00Z,1353.5,1367.0,1350.75,1363.0,0
2022-10-07T15:00:00Z,1363.0,1368.0,1356.0,1362.5,0
2022-10-07T16:00:00Z,1362.5,1369.0,1362.5,1367.5,0
2022-10-07T17:00:00Z,1367.75,1373.5,1367.0,1368.25,0
2022-10-07T18:00:00Z,1368.25,1370.0,1365.25,1365.75,0
2022-10-10T00:00:00Z,1367.0,1380.0,1366.5,1379.75,0
2022-10-10T01:00:00Z,1379.75,1396.75,1379.5,1391.5,0
2022-10-10T02:00:00Z,1391.5,1393.25,1387.75,1390.25,0
2022-10-10T03:00:00Z,1390.0,1392.0,1389.0,1390.5,0
2022-10-10T04:00:00Z,1390.5,1391.0,1388.0,1388.5,0
2022-10-10T05:00:00Z,1388.5,1391.25,1387.5,1387.75,0
2022-10-10T06:00:00Z,1387.75,1391.25,1387.75,1390.5,0
2022-10-10T07:00:00Z,1390.5,1393.0,1388.75,1390.0,0
2022-10-10T08:00:00Z,1389.75,1390.25,1386.75,1389.25,0
2022-10-10T09:00:00Z,1389.25,1392.5,1388.5,1391.75,0
2022-10-10T10:00:00Z,1391.5,1395.0,1391.5,1394.5,0
2022-10-10T11:00:00Z,1394.5,1396.0,1392.0,1392.75,0
2022-10-10T12:00:00Z,1392.5,1396.0,1392.25,1393.75,0
2022-10-10T13:00:00Z,1392.0,1398.75,1383.5,1391.0,0
2022-10-10T14:00:00Z,1391.25,1391.75,1373.75,1377.5,0
2022-10-10T15:00:00Z,1377.75,1383.0,1374.5,1379.0,0
2022-10-10T16:00:00Z,1379.0,1382.0,1373.5,1374.25,0
2022-10-10T17:00:00Z,1374.0,1375.5,1372.5,1373.0,0
2022-10-10T18:00:00Z,1373.0,1375.5,1373.0,1374.0,0
2022-10-11T00:00:00Z,1373.25,1374.75,1370.0,1372.75,0
2022-10-11T01:00:00Z,1372.75,1381.25,1372.0,1378.25,0
2022-10-11T02:00:00Z,1378.5,1380.0,1375.0,1377.5,0
2022-10-11T03:00:00Z,1377.25,1382.75,1377.25,1380.0,0
2022-10-11T04:00:00Z,1380.0,1381.75,1376.5,1376.75,0
2022-10-11T05:00:00Z,1376.75,1380.75,1375.25,1380.75,0
2022-10-11T06:00:00Z,1380.5,1381.75,1377.5,1377.75,0
2022-10-11T07:00:00Z,1377.5,1378.5,1371.5,1372.75,0
2022-10-11T08:00:00Z,1372.5,1376.25,1371.0,1371.0,0
2022-10-11T09:00:00Z,1371.0,1373.25,1370.0,1371.5,0
2022-10-11T10:00:00Z,1371.25,1371.25,1365.25,1370.0,0
2022-10-11T11:00:00Z,1370.0,1374.75,1369.5,1372.0,0
2022-10-11T12:00:00Z,1372.0,1372.5,1368.0,1369.5,0
2022-10-11T13:00:00Z,1370.5,1376.0,1366.25,1374.25,0
2022-10-11T14:00:00Z,1374.25,1382.0,1370.0,1378.75,0
2022-10-11T15:00:00Z,1379.0,1385.25,1376.0,1378.5,0
2022-10-11T16:00:00Z,1378.75,1379.25,1374.75,1378.25,0
2022-10-11T17:00:00Z,1378.5,1379.5,1376.5,1377.25,0
2022-10-11T18:00:00Z,1377.5,1378.25,1374.5,1374.75,0
2022-10-12T00:00:00Z,1373.0,1373.25,1367.5,1372.5,0
2022-10-12T01:00:00Z,1372.25,1375.0,1370.75,1372.75,0
2022-10-12T02:00:00Z,1372.5,1374.25,1369.25,1374.25,0
2022-10-12T03:00:00Z,1374.5,1374.5,1371.75,1374.0,0
2022-10-12T04:00:00Z,1373.25,1375.25,1373.25,1373.25,0
2022-10-12T05:00:00Z,1373.25,1381.0,1372.25,1380.0,0
2022-10-12T06:00:00Z,1380.5,1382.5,1379.0,1380.0,0
2022-10-12T07:00:00Z,1380.25,1380.75,1376.0,1378.0,0
2022-10-12T08:00:00Z,1378.25,1379.75,1373.75,1376.5,0
2022-10-12T09:00:00Z,1376.5,1377.25,1372.75,1375.0,0
2022-10-12T10:00:00Z,1375.0,1375.5,1373.0,1374.5,0
2022-10-12T11:00:00Z,1374.75,1377.75,1373.75,1376.0,0
2022-10-12T12:00:00Z,1376.0,1376.75,1368.75,1372.25,0
2022-10-12T13:00:00Z,1372.25,1381.5,1369.5,1379.25,0
2022-10-12T14:00:00Z,1379.5,1388.75,1375.75,1378.25,0
2022-10-12T15:00:00Z,1378.25,1381.5,1376.25,1376.5,0
2022-10-12T16:00:00Z,1377.0,1414.0,1376.5,1401.0,0
2022-10-12T17:00:00Z,1401.0,1402.75,1395.25,1396.5,0
2022-10-12T18:00:00Z,1396.5,1399.75,1394.75,1395.25,0
2022-10-13T00:00:00Z,1394.5,1397.5,1390.25,1397.5,0
2022-10-13T01:00:00Z,1396.75,1405.0,1395.0,1397.5,0
2022-10-13T02:00:00Z,1398.0,1399.75,1390.75,1391.75,0
2022-10-13T03:00:00Z,1391.5,1393.5,1390.0,1392.75,0
2022-10-13T04:00:00Z,1392.5,1393.75,1392.25,1393.0,0
2022-10-13T05:00:00Z,1393.0,1394.0,1390.25,1390.25,0
2022-10-13T06:00:00Z,1390.25,1393.0,1387.0,1387.25,0
2022-10-13T07:00:00Z,1387.25,1390.5,1386.25,1389.5,0
2022-10-13T08:00:00Z,1389.5,1389.75,1387.0,1389.0,0
2022-10-13T09:00:00Z,1388.5,1393.25,1388.0,1390.75,0
2022-10-13T10:00:00Z,1390.75,1393.5,1388.5,1392.75,0
2022-10-13T11:00:00Z,1393.25,1395.0,1391.75,1392.5,0
2022-10-13T12:00:00Z,1392.5,1392.75,1381.75,1382.75,0
2022-10-13T13:00:00Z,1383.0,1389.25,1378.75,1384.75,0
2022-10-13T14:00:00Z,1384.5,1390.25,1380.25,1388.25,0
2022-10-13T15:00:00Z,1388.0,1398.75,1386.75,1398.5,0
2022-10-13T16:00:00Z,1398.75,1401.0,1393.5,1394.5,0
2022-10-13T17:00:00Z,1394.25,1400.25,1393.75,1398.25,0
2022-10-13T18:00:00Z,1398.25,1398.75,1394.0,1394.0,0
2022-10-14T00:00:00Z,1394.0,1394.25,1389.75,1392.5,0
2022-10-14T01:00:00Z,1392.5,1405.5,1392.5,1404.0,0
2022-10-14T02:00:00Z,1404.0,1407.75,1403.25,1404.25,0
2022-10-14T03:00:00Z,1404.25,1404.5,1400.75,1400.75,0
2022-10-14T04:00:00Z,1401.25,1403.0,1401.25,1402.0,0
2022-10-14T05:00:00Z,1402.25,1408.5,1401.75,1405.5,0
2022-10-14T06:00:00Z,1405.25,1410.0,1404.75,1407.75,0
2022-10-14T07:00:00Z,1407.75,1407.75,1403.0,1406.0,0
2022-10-14T08:00:00Z,1406.0,1406.0,1399.5,1401.25,0
2022-10-14T09:00:00Z,1401.0,1402.5,1397.75,1399.25,0
2022-10-14T10:00:00Z,1399.25,1402.0,1398.5,1399.0,0
2022-10-14T11:00:00Z,1399.0,1400.25,1395.5,1396.25,0
2022-10-14T12:00:00Z,1396.25,1399.5,1394.25,1397.75,0
2022-10-14T13:00:00Z,1398.25,1406.0,1396.25,1402.0,0
2022-10-14T14:00:00Z,1401.75,1402.0,1392.25,1394.5,0
2022-10-14T15:00:00Z,1394.5,1395.5,1387.75,1389.5,0
2022-10-14T16:00:00Z,1389.25,1391.5,1386.0,1386.75,0
2022-10-14T17:00:00Z,1387.0,1389.25,1384.25,1385.5,0
2022-10-14T18:00:00Z,1385.5,1385.75,1382.75,1383.5,0
2022-10-17T00:00:00Z,1381.5,1386.5,1380.0,1384.5,0
2022-10-17T01:00:00Z,1384.5,1390.0,1383.25,1385.0,0
2022-10-17T02:00:00Z,1385.0,1386.25,1381.25,1382.25,0
2022-10-17T03:00:00Z,1382.0,1382.5,1376.25,1379.25,0
2022-10-17T04:00:00Z,1379.0,1379.25,1376.5,1378.0,0
2022-10-17T05:00:00Z,1377.75,1380.5,1377.5,1377.75,0
2022-10-17T06:00:00Z,1377.75,1381.25,1377.0,1379.75,0
2022-10-17T07:00:00Z,1379.75,1382.5,1377.5,1380.5,0
2022-10-17T08:00:00Z,1380.25,1381.75,1378.0,1381.0,0
2022-10-17T09:00:00Z,1381.25,1382.75,1379.25,1382.0,0
2022-10-17T10:00:00Z,1381.5,1384.25,1381.0,1383.0,0
2022-10-17T11:00:00Z,1383.0,1386.75,1381.75,1384.0,0
2022-10-17T12:00:00Z,1384.0,1389.0,1381.25,1387.25,0
2022-10-17T13:00:00Z,1387.0,1395.0,1384.5,1387.5,0
2022-10-17T14:00:00Z,1387.75,1389.5,1382.0,1387.0,0
2022-10-17T15:00:00Z,1387.25,1392.75,1383.75,1392.25,0
2022-10-17T16:00:00Z,1392.5,1393.75,1386.25,1386.25,0
2022-10-17T17:00:00Z,1386.25,1389.25,1384.75,1386.75,0
2022-10-17T18:00:00Z,1386.75,1387.25,1383.75,1384.0,0
2022-10-18T00:00:00Z,1390.0,1392.25,1388.25,1390.75,0
2022-10-18T01:00:00Z,1391.0,1391.5,1386.5,1386.5,0
2022-10-18T02:00:00Z,1386.5,1387.25,1384.75,1386.0,0
2022-10-18T03:00:00Z,1385.75,1390.0,1385.75,1388.0,0
2022-10-18T04:00:00Z,1388.0,1389.25,1387.75,1389.25,0
2022-10-18T05:00:00Z,1389.0,1390.5,1388.25,1388.25,0
2022-10-18T06:00:00Z,1387.75,1390.75,1386.0,1386.0,0
2022-10-18T07:00:00Z,1386.25,1388.75,1385.5,1388.0,0
2022-10-18T08:00:00Z,1388.0,1390.75,1386.5,1387.0,0
2022-10-18T09:00:00Z,1386.75,1389.5,1385.25,1387.75,0
2022-10-18T10:00:00Z,1388.0,1390.0,1387.5,1388.5,0
2022-10-18T11:00:00Z,1387.75,1389.0,1385.75,1387.5,0
2022-10-18T12:00:00Z,1388.0,1391.75,1387.0,1391.25,0
2022-10-18T13:00:00Z,1390.75,1397.0,1384.5,1386.5,0
2022-10-18T14:00:00Z,1386.75,1388.25,1375.75,1379.25,0
2022-10-18T15:00:00Z,1379.0,1379.75,1372.75,1379.0,0
2022-10-18T16:00:00Z,1379.0,1384.0,1377.75,1381.0,0
2022-10-18T17:00:00Z,1381.0,1386.0,1379.25,1383.25,0
2022-10-18T18:00:00Z,1383.25,1384.0,1381.0,1381.5,0
2022-10-19T00:00:00Z,1381.5,1387.5,1381.25,1385.5,0
2022-10-19T01:00:00Z,1385.5,1388.5,1383.0,1386.25,0
2022-10-19T02:00:00Z,1386.0,1387.5,1385.0,1385.5,0
2022-10-19T03:00:00Z,1384.75,1385.25,1383.5,1385.0,0
2022-10-19T04:00:00Z,1384.25,1386.0,1384.25,1385.25,0
2022-10-19T05:00:00Z,1385.0,1385.25,1383.0,1385.0,0
2022-10-19T06:00:00Z,1384.5,1385.25,1380.5,1381.25,0
2022-10-19T07:00:00Z,1381.75,1383.0,1379.25,1380.0,0
2022-10-19T08:00:00Z,1379.5,1379.5,1375.5,1376.75,0
2022-10-19T09:00:00Z,1376.5,1377.75,1375.5,1377.0,0
2022-10-19T10:00:00Z,1377.0,1377.0,1373.0,1373.5,0
2022-10-19T11:00:00Z,1373.25,1373.25,1370.0,1370.25,0
2022-10-19T12:00:00Z,1370.25,1372.5,1368.0,1371.5,0
2022-10-19T13:00:00Z,1372.0,1376.5,1366.75,1371.0,0
2022-10-19T14:00:00Z,1371.0,1380.0,1369.75,1374.75,0
2022-10-19T15:00:00Z,1374.75,1383.25,1372.75,1382.0,0
2022-10-19T16:00:00Z,1382.25,1384.75,1379.25,1381.25,0
2022-10-19T17:00:00Z,1381.0,1382.75,1379.0,1381.5,0
2022-10-19T18:00:00Z,1382.0,1384.5,1381.75,1382.75,0
2022-10-20T00:00:00Z,1381.75,1387.0,1380.75,1386.0,0
2022-10-20T01:00:00Z,1386.0,1387.0,1382.25,1382.25,0
2022-10-20T02:00:00Z,1382.5,1384.25,1380.0,1383.75,0
2022-10-20T03:00:00Z,1383.0,1385.0,1380.25,1383.75,0
2022-10-20T04:00:00Z,1383.25,1388.25,1383.25,1386.5,0
2022-10-20T05:00:00Z,1387.75,1389.0,1386.25,1387.75,0
2022-10-20T06:00:00Z,1387.0,1387.25,1381.0,1385.25,0
2022-10-20T07:00:00Z,1385.0,1388.75,1382.75,1388.0,0
2022-10-20T08:00:00Z,1388.25,1388.75,1382.5,1384.0,0
2022-10-20T09:00:00Z,1384.75,1387.75,1384.75,1387.25,0
2022-10-20T10:00:00Z,1387.25,1391.25,1386.75,1389.75,0
2022-10-20T11:00:00Z,1389.75,1392.25,1389.5,1391.0,0
2022-10-20T12:00:00Z,1391.25,1393.75,1390.5,1391.75,0
2022-10-20T13:00:00Z,1393.0,1400.75,1392.75,1399.75,0
2022-10-20T14:00:00Z,1400.0,1405.0,1397.0,1398.75,0
2022-10-20T15:00:00Z,1398.75,1401.75,1395.25,1398.5,0
2022-10-20T16:00:00Z,1398.75,1401.5,1396.25,1398.25,0
2022-10-20T17:00:00Z,1398.5,1402.75,1397.75,1402.0,0
2022-10-20T18:00:00Z,1402.0,1402.25,1399.25,1399.25,0
2022-10-21T00:00:00Z,1398.75,1399.5,1396.0,1396.0,0
2022-10-21T01:00:00Z,1396.5,1396.75,1392.5,1395.0,0
2022-10-21T02:00:00Z,1394.75,1397.25,1394.75,1397.25,0
2022-10-21T03:00:00Z,1396.75,1398.75,1394.75,1395.0,0
2022-10-21T04:00:00Z,1395.75,1396.75,1394.75,1396.5,0
2022-10-21T05:00:00Z,1396.5,1396.5,1392.75,1392.75,0
2022-10-21T06:00:00Z,1393.25,1394.0,1390.5,1390.75,0
2022-10-21T07:00:00Z,1390.75,1393.25,1390.5,1391.0,0
2022-10-21T08:00:00Z,1390.5,1391.25,1388.0,1390.0,0
2022-10-21T09:00:00Z,1389.75,1391.0,1388.25,1390.5,0
2022-10-21T10:00:00Z,1390.5,1391.75,1389.0,1390.75,0
2022-10-21T11:00:00Z,1390.75,1391.5,1388.75,1389.25,0
2022-10-21T12:00:00Z,1389.25,1390.5,1383.75,1385.25,0
2022-10-21T13:00:00Z,1385.0,1397.5,1383.75,1395.0,0
2022-10-21T14:00:00Z,1395.0,1401.75,1393.5,1398.75,0
2022-10-21T15:00:00Z,1399.0,1404.0,1397.5,1401.0,0
2022-10-21T16:00:00Z,1401.25,1405.0,1400.25,1404.0,0
2022-10-21T17:00:00Z,1404.25,1407.25,1403.75,1404.75,0
2022-10-21T18:00:00Z,1405.0,1406.75,1401.75,1401.75,0
2022-10-24T00:00:00Z,1402.75,1402.75,1396.5,1400.0,0
2022-10-24T01:00:00Z,1400.0,1401.0,1393.75,1396.0,0
2022-10-24T02:00:00Z,1396.0,1396.0,1391.75,1393.0,0
2022-10-24T03:00:00Z,1392.25,1393.5,1391.25,1392.0,0
2022-10-24T04:00:00Z,1392.0,1394.75,1391.5,1394.0,0
2022-10-24T05:00:00Z,1393.75,1393.75,1391.25,1391.75,0
2022-10-24T06:00:00Z,1391.75,1392.0,1389.0,1391.25,0
2022-10-24T07:00:00Z,1391.5,1393.0,1389.5,1391.0,0
2022-10-24T08:00:00Z,1390.75,1392.25,1388.25,1391.5,0
2022-10-24T09:00:00Z,1391.25,1392.25,1388.75,1391.75,0
2022-10-24T10:00:00Z,1391.75,1393.75,1388.5,1392.5,0
2022-10-24T11:00:00Z,1392.5,1393.5,1389.5,1391.75,0
2022-10-24T12:00:00Z,1392.0,1392.25,1387.0,1391.5,0
2022-10-24T13:00:00Z,1391.0,1392.0,1378.25,1380.5,0
2022-10-24T14:00:00Z,1380.5,1387.75,1377.75,1387.0,0
2022-10-24T15:00:00Z,1387.0,1390.0,1382.25,1389.75,0
2022-10-24T16:00:00Z,1389.75,1392.5,1388.5,1389.0,0
2022-10-24T17:00:00Z,1389.0,1390.0,1381.25,1382.75,0
2022-10-24T18:00:00Z,1383.0,1383.5,1380.5,1381.5,0
2022-10-25T00:00:00Z,1381.25,1386.0,1380.25,1383.75,0
2022-10-25T01:00:00Z,1383.5,1384.5,1375.5,1383.5,0
2022-10-25T02:00:00Z,1383.5,1385.0,1379.25,1381.5,0
2022-10-25T03:00:00Z,1381.5,1386.25,1380.75,1384.5,0
2022-10-25T04:00:00Z,1385.0,1385.0,1383.5,1384.25,0
2022-10-25T05:00:00Z,1384.25,1385.0,1381.25,1382.75,0
2022-10-25T06:00:00Z,1382.25,1385.25,1381.0,1381.25,0
2022-10-25T07:00:00Z,1381.25,1382.75,1379.75,1382.5,0
2022-10-25T08:00:00Z,1382.0,1386.0,1381.75,1383.0,0
2022-10-25T09:00:00Z,1382.75,1383.25,1380.75,1382.25,0
2022-10-25T10:00:00Z,1382.5,1383.5,1380.25,1381.0,0
2022-10-25T11:00:00Z,1381.0,1383.25,1379.0,1382.0,0
2022-10-25T12:00:00Z,1381.75,1383.0,1379.0,1381.25,0
2022-10-25T13:00:00Z,1383.75,1391.25,1381.75,1390.5,0
2022-10-25T14:00:00Z,1390.25,1396.25,1388.0,1394.5,0
2022-10-25T15:00:00Z,1394.75,1396.5,1390.5,1390.75,0
2022-10-25T16:00:00Z,1391.0,1393.0,1389.75,1390.5,0
2022-10-25T17:00:00Z,1390.5,1394.25,1390.5,1393.25,0
2022-10-25T18:00:00Z,1393.5,1394.0,1391.75,1393.0,0
2022-10-26T00:00:00Z,1391.75,1392.75,1389.0,1389.25,0
2022-10-26T01:00:00Z,1389.75,1394.0,1388.75,1392.75,0
2022-10-26T02:00:00Z,1392.75,1399.0,1392.75,1395.75,0
2022-10-26T03:00:00Z,1396.75,1397.0,1393.5,1396.0,0
2022-10-26T04:00:00Z,1396.0,1397.0,1394.75,1396.5,0
2022-10-26T05:00:00Z,1396.0,1399.25,1394.75,1396.75,0
2022-10-26T06:00:00Z,1396.75,1399.75,1396.5,1399.5,0
2022-10-26T07:00:00Z,1399.25,1401.5,1396.75,1401.0,0
2022-10-26T08:00:00Z,1401.0,1403.25,1400.0,1403.25,0
2022-10-26T09:00:00Z,1403.25,1403.5,1400.25,1401.25,0
2022-10-26T10:00:00Z,1400.75,1402.5,1399.5,1401.75,0
2022-10-26T11:00:00Z,1401.75,1405.5,1401.25,1402.5,0
2022-10-26T12:00:00Z,1402.5,1405.0,1400.5,1404.25,0
2022-10-26T13:00:00Z,1403.75,1409.0,1400.75,1402.0,0
2022-10-26T14:00:00Z,1402.0,1407.0,1398.75,1406.0,0
2022-10-26T15:00:00Z,1406.5,1407.5,1397.75,1398.25,0
2022-10-26T16:00:00Z,1398.25,1398.5,1393.5,1396.25,0
2022-10-26T17:00:00Z,1396.5,1396.5,1393.5,1394.25,0
2022-10-26T18:00:00Z,1394.25,1394.25,1391.5,1393.0,0
2022-10-27T00:00:00Z,1392.75,1398.5,1391.75,1397.75,0
2022-10-27T01:00:00Z,1397.5,1403.25,1397.5,1402.25,0
2022-10-27T02:00:00Z,1402.25,1402.75,1397.5,1400.5,0
2022-10-27T03:00:00Z,1400.25,1401.25,1398.75,1399.5,0
2022-10-27T04:00:00Z,1399.25,1399.25,1398.0,1399.0,0
2022-10-27T05:00:00Z,1398.5,1402.5,1397.5,1401.5,0
2022-10-27T06:00:00Z,1401.25,1401.5,1395.75,1396.75,0
2022-10-27T07:00:00Z,1397.0,1400.75,1397.0,1399.25,0
2022-10-27T08:00:00Z,1399.25,1402.0,1397.5,1398.75,0
2022-10-27T09:00:00Z,1398.75,1400.0,1396.0,1396.75,0
2022-10-27T10:00:00Z,1397.0,1401.0,1396.5,1400.0,0
2022-10-27T11:00:00Z,1400.0,1400.25,1395.0,1399.75,0
2022-10-27T12:00:00Z,1399.25,1401.0,1396.0,1399.5,0
2022-10-27T13:00:00Z,1399.5,1404.25,1395.25,1401.25,0
2022-10-27T14:00:00Z,1401.25,1405.0,1395.25,1396.75,0
2022-10-27T15:00:00Z,1396.5,1397.25,1389.0,1390.5,0
2022-10-27T16:00:00Z,1390.75,1396.0,1389.25,1394.25,0
2022-10-27T17:00:00Z,1394.5,1395.25,1392.25,1392.25,0
2022-10-27T18:00:00Z,1392.25,1395.25,1392.0,1395.0,0
2022-10-28T00:00:00Z,1393.0,1396.75,1390.0,1394.0,0
2022-10-28T01:00:00Z,1394.0,1398.75,1392.25,1397.5,0
2022-10-28T02:00:00Z,1397.5,1398.0,1388.0,1388.25,0
2022-10-28T03:00:00Z,1388.0,1389.75,1387.25,1388.75,0
2022-10-28T04:00:00Z,1388.75,1389.0,1387.25,1387.75,0
2022-10-28T05:00:00Z,1387.25,1388.0,1384.0,1386.75,0
2022-10-28T06:00:00Z,1387.0,1389.0,1382.75,1388.0,0
2022-10-28T07:00:00Z,1388.25,1388.25,1383.5,1384.0,0
2022-10-28T08:00:00Z,1384.0,1386.5,1383.0,1385.25,0
2022-10-28T09:00:00Z,1385.0,1387.75,1384.0,1386.0,0
2022-10-28T10:00:00Z,1386.25,1388.0,1385.5,1387.5,0
2022-10-28T11:00:00Z,1387.75,1388.0,1384.25,1386.25,0
2022-10-28T12:00:00Z,1386.25,1391.0,1383.25,1386.75,0
2022-10-28T13:00:00Z,1386.75,1390.0,1380.5,1388.5,0
2022-10-28T14:00:00Z,1388.5,1389.75,1380.5,1383.5,0
2022-10-28T15:00:00Z,1383.75,1397.0,1383.5,1395.0,0
2022-10-28T16:00:00Z,1395.0,1401.75,1395.0,1399.75,0
2022-10-28T17:00:00Z,1399.5,1400.75,1398.0,1400.5,0
2022-10-28T18:00:00Z,1400.75,1402.0,1399.25,1400.0,0
2022-10-31T00:00:00Z,1415.0,1424.0,1411.0,1414.0,0
2022-10-31T01:00:00Z,1414.0,1414.0,1407.25,1407.75,0
2022-10-31T02:00:00Z,1407.75,1413.0,1407.5,1409.75,0
2022-10-31T03:00:00Z,1409.5,1412.5,1408.75,1411.75,0
2022-10-31T04:00:00Z,1411.75,1412.75,1411.5,1412.25,0
2022-10-31T05:00:00Z,1412.5,1412.5,1409.5,1410.0,0
2022-10-31T06:00:00Z,1409.5,1411.75,1408.0,1411.0,0
2022-10-31T07:00:00Z,1411.25,1412.5,1409.25,1410.75,0
2022-10-31T08:00:00Z,1410.5,1412.0,1408.0,1412.0,0
2022-10-31T09:00:00Z,1411.75,1414.25,1410.25,1411.5,0
2022-10-31T10:00:00Z,1411.5,1412.0,1408.75,1409.75,0
2022-10-31T11:00:00Z,1410.0,1410.75,1404.0,1406.0,0
2022-10-31T12:00:00Z,1405.5,1410.0,1403.75,1408.0,0
2022-10-31T13:00:00Z,1405.25,1409.75,1401.75,1407.0,0
2022-10-31T14:00:00Z,1407.0,1413.25,1403.5,1405.25,0
2022-10-31T15:00:00Z,1405.0,1405.5,1400.25,1401.0,0
2022-10-31T16:00:00Z,1401.0,1403.5,1397.75,1403.0,0
2022-10-31T17:00:00Z,1403.25,1419.25,1403.0,1418.75,0
2022-10-31T18:00:00Z,1418.75,1420.25,1416.5,1418.5,0
2022-11-01T00:00:00Z,1417.0,1418.75,1416.0,1417.5,0
2022-11-01T01:00:00Z,1417.5,1427.0,1414.25,1425.25,0
2022-11-01T02:00:00Z,1425.5,1428.75,1423.5,1425.75,0
2022-11-01T03:00:00Z,1426.0,1429.5,1426.0,1427.5,0
2022-11-01T04:00:00Z,1428.0,1428.75,1427.0,1428.5,0
2022-11-01T05:00:00Z,1428.5,1433.5,1428.25,1433.5,0
2022-11-01T06:00:00Z,1433.25,1435.0,1432.25,1432.75,0
2022-11-01T07:00:00Z,1432.5,1435.0,1430.0,1434.75,0
2022-11-01T08:00:00Z,1434.5,1436.75,1428.25,1430.0,0
2022-11-01T09:00:00Z,1429.75,1432.75,1427.5,1431.25,0
2022-11-01T10:00:00Z,1431.5,1435.25,1431.25,1432.25,0
2022-11-01T11:00:00Z,1432.0,1437.5,1430.5,1436.5,0
2022-11-01T12:00:00Z,1437.0,1438.0,1433.25,1433.25,0
2022-11-01T13:00:00Z,1433.0,1446.75,1430.5,1445.75,0
2022-11-01T14:00:00Z,1446.0,1446.0,1433.5,1445.0,0
2022-11-01T15:00:00Z,1444.75,1447.5,1436.25,1439.0,0
2022-11-01T16:00:00Z,1438.75,1445.25,1438.0,1443.5,0
2022-11-01T17:00:00Z,1443.25,1449.0,1443.25,1448.25,0
2022-11-01T18:00:00Z,1448.25,1449.0,1446.0,1446.0,0
2022-11-02T00:00:00Z,1446.0,1453.75,1443.75,1451.0,0
2022-11-02T01:00:00Z,1450.75,1450.75,1441.5,1450.5,0
2022-11-02T02:00:00Z,1450.75,1455.5,1448.0,1453.75,0
2022-11-02T03:00:00Z,1453.5,1457.0,1452.5,1455.25,0
2022-11-02T04:00:00Z,1455.25,1456.75,1455.0,1455.25,0
2022-11-02T05:00:00Z,1456.0,1457.75,1450.5,1451.0,0
2022-11-02T06:00:00Z,1451.25,1451.75,1444.25,1446.75,0
2022-11-02T07:00:00Z,1446.75,1450.25,1443.75,1448.75,0
2022-11-02T08:00:00Z,1448.75,1451.25,1448.25,1449.0,0
2022-11-02T09:00:00Z,1449.0,1451.25,1448.25,1451.25,0
2022-11-02T10:00:00Z,1451.25,1451.25,1432.5,1434.5,0
2022-11-02T11:00:00Z,1433.75,1440.75,1431.0,1440.5,0
2022-11-02T12:00:00Z,1440.75,1441.25,1435.5,1437.0,0
2022-11-02T13:00:00Z,1435.25,1445.75,1433.25,1444.75,0
2022-11-02T14:00:00Z,1444.75,1445.25,1438.0,1440.75,0
2022-11-02T15:00:00Z,1440.75,1453.5,1440.0,1446.5,0
2022-11-02T16:00:00Z,1446.75,1453.5,1446.5,1451.0,0
2022-11-02T17:00:00Z,1451.25,1454.75,1449.0,1449.25,0
2022-11-02T18:00:00Z,1449.5,1454.75,1449.0,1454.5,0
2022-11-03T00:00:00Z,1453.0,1453.5,1445.25,1447.5,0
2022-11-03T01:00:00Z,1447.25,1453.25,1444.75,1449.0,0
2022-11-03T02:00:00Z,1449.25,1450.0,1446.5,1446.75,0
2022-11-03T03:00:00Z,1447.0,1448.5,1444.5,1447.0,0
2022-11-03T04:00:00Z,1447.5,1447.5,1444.75,1446.25,0
2022-11-03T05:00:00Z,1446.25,1448.75,1445.5,1448.25,0
2022-11-03T06:00:00Z,1447.5,1447.75,1444.0,1445.25,0
2022-11-03T07:00:00Z,1445.25,1445.5,1442.5,1444.25,0
2022-11-03T08:00:00Z,1444.25,1444.75,1438.5,1440.75,0
2022-11-03T09:00:00Z,1440.5,1442.25,1437.5,1441.0,0
2022-11-03T10:00:00Z,1441.25,1443.0,1440.5,1441.75,0
2022-11-03T11:00:00Z,1442.0,1442.25,1438.25,1440.25,0
2022-11-03T12:00:00Z,1440.0,1441.0,1436.5,1437.25,0
2022-11-03T13:00:00Z,1438.75,1441.5,1430.5,1431.5,0
2022-11-03T14:00:00Z,1431.75,1440.0,1428.0,1439.0,0
2022-11-03T15:00:00Z,1439.0,1443.0,1436.25,1438.0,0
2022-11-03T16:00:00Z,1437.75,1441.75,1435.5,1439.75,0
2022-11-03T17:00:00Z,1440.0,1442.75,1438.25,1438.5,0
2022-11-03T18:00:00Z,1438.5,1439.0,1436.5,1437.0,0
2022-11-04T00:00:00Z,1436.25,1440.75,1435.25,1437.75,0
2022-11-04T01:00:00Z,1438.0,1439.5,1431.5,1439.5,0
2022-11-04T02:00:00Z,1439.0,1442.75,1438.25,1442.0,0
2022-11-04T03:00:00Z,1442.0,1446.5,1442.0,1446.0,0
2022-11-04T04:00:00Z,1446.25,1449.0,1445.5,1448.5,0
2022-11-04T05:00:00Z,1448.75,1450.25,1446.5,1448.5,0
2022-11-04T06:00:00Z,1448.5,1452.0,1446.5,1451.0,0
2022-11-04T07:00:00Z,1451.0,1451.5,1445.25,1446.0,0
2022-11-04T08:00:00Z,1445.75,1448.75,1443.75,1447.0,0
2022-11-04T09:00:00Z,1446.75,1449.75,1446.5,1449.5,0
2022-11-04T10:00:00Z,1449.5,1451.5,1449.25,1450.75,0
2022-11-04T11:00:00Z,1451.0,1454.75,1450.25,1452.25,0
2022-11-04T12:00:00Z,1452.5,1455.25,1449.5,1453.25,0
2022-11-04T13:00:00Z,1455.0,1464.75,1454.75,1462.0,0
2022-11-04T14:00:00Z,1462.0,1465.5,1457.5,1462.5,0
2022-11-04T15:00:00Z,1462.5,1463.0,1457.5,1460.75,0
2022-11-04T16:00:00Z,1460.75,1464.0,1458.25,1460.25,0
2022-11-04T17:00:00Z,1460.25,1465.0,1460.0,1462.75,0
2022-11-04T18:00:00Z,1462.75,1463.5,1461.75,1462.5,0
2022-11-07T01:00:00Z,1455.0,1457.0,1448.0,1451.75,0
2022-11-07T02:00:00Z,1451.25,1453.75,1448.75,1453.75,0
2022-11-07T03:00:00Z,1453.5,1455.0,1451.0,1453.25,0
2022-11-07T04:00:00Z,1453.0,1454.0,1452.0,1453.5,0
2022-11-07T05:00:00Z,1453.75,1459.25,1453.5,1458.75,0
2022-11-07T06:00:00Z,1458.5,1458.75,1455.25,1456.0,0
2022-11-07T07:00:00Z,1455.75,1456.0,1450.75,1453.0,0
2022-11-07T08:00:00Z,1453.25,1458.0,1451.25,1458.0,0
2022-11-07T09:00:00Z,1458.0,1459.5,1456.75,1457.75,0
2022-11-07T10:00:00Z,1458.0,1460.0,1457.75,1459.25,0
2022-11-07T11:00:00Z,1459.25,1460.75,1458.25,1459.0,0
2022-11-07T12:00:00Z,1459.0,1460.75,1456.25,1459.0,0
2022-11-07T13:00:00Z,1459.25,1464.5,1457.5,1459.5,0
2022-11-07T14:00:00Z,1461.5,1469.0,1454.75,1456.75,0
2022-11-07T15:00:00Z,1456.75,1459.75,1451.5,1456.5,0
2022-11-07T16:00:00Z,1456.5,1459.0,1451.75,1452.25,0
2022-11-07T17:00:00Z,1452.25,1453.5,1450.5,1451.0,0
2022-11-07T18:00:00Z,1451.0,1451.75,1447.0,1449.0,0
2022-11-07T19:00:00Z,1449.25,1451.25,1448.5,1449.75,0
2022-11-08T01:00:00Z,1450.25,1452.75,1445.5,1448.5,0
2022-11-08T02:00:00Z,1448.25,1450.25,1447.0,1447.75,0
2022-11-08T03:00:00Z,1448.25,1449.25,1446.5,1447.25,0
2022-11-08T04:00:00Z,1447.25,1447.25,1446.0,1446.5,0
2022-11-08T05:00:00Z,1446.5,1449.0,1445.5,1447.75,0
2022-11-08T06:00:00Z,1447.75,1452.25,1447.75,1450.25,0
2022-11-08T07:00:00Z,1450.0,1451.75,1449.25,1449.75,0
2022-11-08T08:00:00Z,1450.0,1451.75,1448.5,1451.0,0
2022-11-08T09:00:00Z,1451.0,1451.25,1447.25,1447.25,0
2022-11-08T10:00:00Z,1447.25,1448.0,1445.0,1445.75,0
2022-11-08T11:00:00Z,1445.75,1449.25,1443.0,1447.5,0
2022-11-08T12:00:00Z,1447.5,1447.5,1440.5,1444.5,0
2022-11-08T13:00:00Z,1444.25,1448.5,1444.0,1444.75,0
2022-11-08T14:00:00Z,1445.5,1451.5,1444.75,1445.25,0
2022-11-08T15:00:00Z,1445.25,1453.5,1444.75,1449.5,0
2022-11-08T16:00:00Z,1449.5,1454.0,1448.0,1451.5,0
2022-11-08T17:00:00Z,1451.75,1452.5,1447.0,1447.5,0
2022-11-08T18:00:00Z,1447.75,1450.75,1444.75,1448.75,0
2022-11-08T19:00:00Z,1448.75,1449.0,1444.5,1447.0,0
2022-11-09T01:00:00Z,1445.0,1448.25,1443.0,1445.25,0
2022-11-09T02:00:00Z,1445.25,1448.25,1444.0,1446.5,0
2022-11-09T03:00:00Z,1446.75,1448.0,1444.0,1445.0,0
2022-11-09T04:00:00Z,1444.75,1446.25,1444.0,1445.5,0
2022-11-09T05:00:00Z,1445.5,1446.5,1444.0,1446.25,0
2022-11-09T06:00:00Z,1446.5,1450.25,1445.75,1449.75,0
2022-11-09T07:00:00Z,1449.75,1451.0,1448.75,1448.75,0
2022-11-09T08:00:00Z,1448.5,1451.0,1448.0,1449.75,0
2022-11-09T09:00:00Z,1450.0,1451.5,1447.75,1448.5,0
2022-11-09T10:00:00Z,1448.75,1449.75,1447.25,1448.75,0
2022-11-09T11:00:00Z,1449.0,1451.0,1448.25,1449.5,0
2022-11-09T12:00:00Z,1449.25,1449.25,1442.25,1444.25,0
2022-11-09T13:00:00Z,1444.25,1447.0,1441.5,1446.5,0
2022-11-09T14:00:00Z,1444.0,1448.75,1441.75,1446.25,0
2022-11-09T15:00:00Z,1446.0,1454.75,1441.0,1443.75,0
2022-11-09T16:00:00Z,1443.75,1454.0,1443.5,1453.5,0
2022-11-09T17:00:00Z,1453.5,1457.75,1433.5,1453.5,0
2022-11-09T18:00:00Z,1453.5,1455.0,1449.25,1449.75,0
2022-11-09T19:00:00Z,1450.0,1452.75,1449.25,1452.0,0
2022-11-10T01:00:00Z,1452.0,1459.25,1450.5,1451.75,0
2022-11-10T02:00:00Z,1451.5,1453.0,1446.75,1452.5,0
2022-11-10T03:00:00Z,1452.75,1453.0,1451.25,1452.0,0
2022-11-10T04:00:00Z,1452.0,1454.75,1451.75,1454.75,0
2022-11-10T05:00:00Z,1455.0,1457.25,1454.25,1456.75,0
2022-11-10T06:00:00Z,1456.75,1459.0,1454.0,1455.0,0
2022-11-10T07:00:00Z,1455.0,1455.5,1451.5,1451.75,0
2022-11-10T08:00:00Z,1451.25,1456.25,1450.5,1452.75,0
2022-11-10T09:00:00Z,1452.5,1455.75,1450.5,1453.75,0
2022-11-10T10:00:00Z,1453.75,1454.0,1449.5,1451.25,0
2022-11-10T11:00:00Z,1451.5,1451.75,1448.5,1448.75,0
2022-11-10T12:00:00Z,1448.75,1449.0,1443.25,1446.25,0
2022-11-10T13:00:00Z,1446.75,1455.0,1444.75,1450.0,0
2022-11-10T14:00:00Z,1451.0,1452.5,1438.25,1438.75,0
2022-11-10T15:00:00Z,1438.75,1441.0,1429.0,1431.75,0
2022-11-10T16:00:00Z,1431.5,1434.0,1426.5,1433.25,0
2022-11-10T17:00:00Z,1433.5,1433.75,1422.25,1422.5,0
2022-11-10T18:00:00Z,1422.5,1426.25,1421.75,1422.5,0
2022-11-10T19:00:00Z,1422.5,1424.5,1420.5,1422.25,0
2022-11-11T01:00:00Z,1424.5,1437.0,1424.25,1435.25,0
2022-11-11T02:00:00Z,1435.5,1439.25,1435.0,1438.75,0
2022-11-11T03:00:00Z,1438.75,1440.0,1433.5,1435.0,0
2022-11-11T04:00:00Z,1434.5,1435.25,1434.0,1434.75,0
2022-11-11T05:00:00Z,1435.0,1448.0,1434.25,1448.0,0
2022-11-11T06:00:00Z,1447.75,1453.75,1445.25,1452.75,0
2022-11-11T07:00:00Z,1452.75,1452.75,1446.5,1447.5,0
2022-11-11T08:00:00Z,1447.25,1451.0,1446.25,1449.25,0
2022-11-11T09:00:00Z,1449.5,1449.75,1444.75,1448.5,0
2022-11-11T10:00:00Z,1448.5,1450.0,1447.0,1447.25,0
2022-11-11T11:00:00Z,1447.5,1448.5,1444.75,1445.0,0
2022-11-11T12:00:00Z,1445.5,1445.75,1440.0,1441.0,0
2022-11-11T13:00:00Z,1441.25,1450.25,1441.25,1445.25,0
2022-11-11T14:00:00Z,1445.25,1453.0,1444.75,1452.75,0
2022-11-11T15:00:00Z,1452.5,1458.75,1452.5,1456.5,0
2022-11-11T16:00:00Z,1456.5,1458.0,1447.5,1448.0,0
2022-11-11T17:00:00Z,1448.0,1452.5,1445.0,1447.5,0
2022-11-11T18:00:00Z,1447.75,1450.0,1446.25,1448.25,0
2022-11-11T19:00:00Z,1448.25,1451.75,1447.25,1451.75,0
2022-11-14T01:00:00Z,1449.25,1455.25,1445.25,1445.5,0
2022-11-14T02:00:00Z,1445.5,1447.0,1444.0,1446.25,0
2022-11-14T03:00:00Z,1446.5,1447.0,1443.75,1444.0,0
2022-11-14T04:00:00Z,1444.0,1444.5,1442.25,1444.0,0
2022-11-14T05:00:00Z,1443.75,1444.0,1440.75,1441.75,0
2022-11-14T06:00:00Z,1441.75,1443.5,1439.25,1441.75,0
2022-11-14T07:00:00Z,1441.5,1443.5,1440.0,1443.5,0
2022-11-14T08:00:00Z,1443.5,1444.75,1441.0,1442.75,0
2022-11-14T09:00:00Z,1442.75,1442.75,1438.25,1438.5,0
2022-11-14T10:00:00Z,1438.5,1438.75,1437.0,1437.5,0
2022-11-14T11:00:00Z,1437.75,1439.0,1435.25,1439.0,0
2022-11-14T12:00:00Z,1438.75,1443.5,1437.75,1443.25,0
2022-11-14T13:00:00Z,1443.25,1446.75,1442.0,1444.5,0
2022-11-14T14:00:00Z,1443.5,1443.5,1436.5,1442.25,0
2022-11-14T15:00:00Z,1442.5,1448.75,1441.0,1442.25,0
2022-11-14T16:00:00Z,1442.25,1443.0,1435.25,1436.25,0
2022-11-14T17:00:00Z,1436.0,1439.0,1434.25,1435.75,0
2022-11-14T18:00:00Z,1435.75,1439.5,1435.0,1438.25,0
2022-11-14T19:00:00Z,1438.25,1443.0,1438.0,1442.0,0
2022-11-15T01:00:00Z,1440.0,1443.0,1439.25,1439.25,0
2022-11-15T02:00:00Z,1439.5,1443.25,1438.0,1443.25,0
2022-11-15T03:00:00Z,1443.25,1443.25,1439.25,1439.75,0
2022-11-15T04:00:00Z,1439.5,1440.0,1439.0,1439.0,0
2022-11-15T05:00:00Z,1438.75,1440.0,1435.0,1438.25,0
2022-11-15T06:00:00Z,1438.0,1440.25,1436.75,1440.0,0
2022-11-15T07:00:00Z,1440.25,1443.5,1440.0,1442.5,0
2022-11-15T08:00:00Z,1442.25,1443.0,1439.75,1440.5,0
2022-11-15T09:00:00Z,1440.25,1442.75,1433.5,1436.25,0
2022-11-15T10:00:00Z,1436.25,1437.25,1435.0,1436.25,0
2022-11-15T11:00:00Z,1436.5,1437.25,1433.0,1435.75,0
2022-11-15T12:00:00Z,1435.5,1436.0,1432.5,1434.5,0
2022-11-15T13:00:00Z,1434.75,1441.0,1434.5,1438.5,0
2022-11-15T14:00:00Z,1438.25,1440.75,1433.0,1438.5,0
2022-11-15T15:00:00Z,1438.75,1444.5,1436.75,1442.5,0
2022-11-15T16:00:00Z,1442.5,1449.0,1441.75,1445.25,0
2022-11-15T17:00:00Z,1445.5,1448.75,1442.75,1448.5,0
2022-11-15T18:00:00Z,1448.5,1464.75,1446.5,1453.75,0
2022-11-15T19:00:00Z,1454.0,1460.0,1453.75,1456.5,0
2022-11-16T01:00:00Z,1454.75,1455.0,1447.25,1449.75,0
2022-11-16T02:00:00Z,1449.5,1452.75,1447.5,1449.0,0
2022-11-16T03:00:00Z,1449.0,1449.0,1447.5,1448.5,0
2022-11-16T04:00:00Z,1448.25,1449.25,1447.5,1448.0,0
2022-11-16T05:00:00Z,1448.0,1450.0,1447.5,1449.5,0
2022-11-16T06:00:00Z,1449.25,1451.0,1446.0,1447.0,0
2022-11-16T07:00:00Z,1447.0,1449.25,1446.5,1448.5,0
2022-11-16T08:00:00Z,1448.5,1451.0,1448.0,1448.25,0
2022-11-16T09:00:00Z,1448.5,1451.0,1448.0,1448.5,0
2022-11-16T10:00:00Z,1448.75,1449.0,1446.25,1447.0,0
2022-11-16T11:00:00Z,1447.5,1447.5,1444.5,1444.5,0
2022-11-16T12:00:00Z,1444.25,1445.25,1442.5,1443.5,0
2022-11-16T13:00:00Z,1443.5,1443.5,1439.25,1442.0,0
2022-11-16T14:00:00Z,1441.5,1441.75,1432.75,1433.25,0
2022-11-16T15:00:00Z,1433.0,1436.0,1429.5,1434.0,0
2022-11-16T16:00:00Z,1433.75,1433.75,1427.75,1429.25,0
2022-11-16T17:00:00Z,1429.0,1431.25,1426.5,1427.75,0
2022-11-16T18:00:00Z,1427.75,1428.0,1423.25,1426.25,0
2022-11-16T19:00:00Z,1426.25,1431.25,1425.75,1430.25,0
2022-11-17T01:00:00Z,1430.0,1431.75,1425.5,1426.25,0
2022-11-17T02:00:00Z,1426.5,1428.75,1424.5,1426.0,0
2022-11-17T03:00:00Z,1425.75,1426.0,1423.0,1425.5,0
2022-11-17T04:00:00Z,1425.5,1425.75,1424.5,1425.25,0
2022-11-17T05:00:00Z,1425.25,1427.25,1424.25,1425.5,0
2022-11-17T06:00:00Z,1425.0,1427.5,1425.0,1426.75,0
2022-11-17T07:00:00Z,1426.75,1427.5,1423.25,1423.75,0
2022-11-17T08:00:00Z,1423.75,1425.25,1418.5,1418.5,0
2022-11-17T09:00:00Z,1418.75,1421.5,1418.25,1419.25,0
2022-11-17T10:00:00Z,1419.25,1420.5,1418.5,1419.0,0
2022-11-17T11:00:00Z,1419.0,1420.25,1417.0,1418.5,0
2022-11-17T12:00:00Z,1418.5,1419.0,1412.25,1413.5,0
2022-11-17T13:00:00Z,1413.5,1419.5,1412.0,1418.25,0
2022-11-17T14:00:00Z,1418.5,1421.75,1412.25,1417.25,0
2022-11-17T15:00:00Z,1417.5,1420.5,1411.5,1413.25,0
2022-11-17T16:00:00Z,1413.25,1415.75,1410.5,1415.75,0
2022-11-17T17:00:00Z,1415.5,1416.0,1406.75,1413.75,0
2022-11-17T18:00:00Z,1413.5,1417.75,1412.75,1415.5,0
2022-11-17T19:00:00Z,1415.75,1419.0,1415.5,1417.75,0
2022-11-18T01:00:00Z,1419.0,1425.0,1416.0,1417.25,0
2022-11-18T02:00:00Z,1417.0,1425.0,1417.0,1420.25,0
2022-11-18T03:00:00Z,1420.5,1425.25,1419.5,1423.75,0
2022-11-18T04:00:00Z,1424.0,1424.5,1423.5,1423.5,0
2022-11-18T05:00:00Z,1423.5,1424.0,1421.25,1422.5,0
2022-11-18T06:00:00Z,1422.75,1422.75,1419.25,1422.0,0
2022-11-18T07:00:00Z,1422.0,1423.25,1421.0,1422.0,0
2022-11-18T08:00:00Z,1422.0,1423.25,1421.0,1422.5,0
2022-11-18T09:00:00Z,1422.75,1425.0,1421.5,1423.5,0
2022-11-18T10:00:00Z,1423.25,1424.5,1422.25,1422.75,0
2022-11-18T11:00:00Z,1423.0,1423.25,1419.75,1422.25,0
2022-11-18T12:00:00Z,1422.5,1428.0,1422.5,1424.0,0
2022-11-18T13:00:00Z,1424.0,1425.5,1418.75,1419.25,0
2022-11-18T14:00:00Z,1418.0,1424.75,1412.25,1423.0,0
2022-11-18T15:00:00Z,1423.0,1429.5,1417.75,1427.25,0
2022-11-18T16:00:00Z,1427.5,1430.75,1422.75,1424.0,0
2022-11-18T17:00:00Z,1424.25,1428.0,1420.75,1428.0,0
2022-11-18T18:00:00Z,1427.75,1429.25,1426.0,1427.25,0
2022-11-18T19:00:00Z,1427.5,1428.75,1427.0,1427.5,0
2022-11-21T01:00:00Z,1427.25,1427.75,1418.25,1419.0,0
2022-11-21T02:00:00Z,1418.75,1420.0,1417.25,1419.0,0
2022-11-21T03:00:00Z,1418.75,1422.5,1418.5,1422.5,0
2022-11-21T04:00:00Z,1422.25,1422.25,1421.0,1422.0,0
2022-11-21T05:00:00Z,1422.0,1423.5,1421.25,1423.5,0
2022-11-21T06:00:00Z,1423.0,1424.0,1421.75,1423.75,0
2022-11-21T07:00:00Z,1423.5,1425.0,1422.5,1423.75,0
2022-11-21T08:00:00Z,1423.75,1424.5,1421.0,1422.75,0
2022-11-21T09:00:00Z,1422.75,1422.75,1419.5,1420.0,0
2022-11-21T10:00:00Z,1420.0,1421.0,1419.0,1420.25,0
2022-11-21T11:00:00Z,1420.25,1423.75,1420.0,1422.5,0
2022-11-21T12:00:00Z,1422.5,1426.5,1420.25,1424.0,0
2022-11-21T13:00:00Z,1424.0,1427.5,1423.5,1427.5,0
2022-11-21T14:00:00Z,1424.0,1429.75,1418.75,1425.0,0
2022-11-21T15:00:00Z,1425.25,1432.75,1422.5,1423.75,0
2022-11-21T16:00:00Z,1424.0,1431.75,1423.75,1427.75,0
2022-11-21T17:00:00Z,1428.0,1436.75,1427.75,1432.25,0
2022-11-21T18:00:00Z,1432.25,1437.5,1432.0,1434.75,0
2022-11-21T19:00:00Z,1434.75,1438.0,1434.5,1436.25,0
2022-11-22T01:00:00Z,1436.0,1438.75,1433.5,1437.75,0
2022-11-22T02:00:00Z,1438.0,1438.0,1435.0,1437.25,0
2022-11-22T03:00:00Z,1437.0,1437.25,1435.5,1436.25,0
2022-11-22T04:00:00Z,1436.5,1436.75,1435.75,1435.75,0
2022-11-22T05:00:00Z,1436.0,1436.75,1434.0,1435.0,0
2022-11-22T06:00:00Z,1434.75,1435.25,1431.5,1431.75,0
2022-11-22T07:00:00Z,1431.75,1432.5,1430.75,1432.0,0
2022-11-22T08:00:00Z,1431.5,1434.0,1430.5,1431.25,0
2022-11-22T09:00:00Z,1431.0,1435.25,1430.0,1434.5,0
2022-11-22T10:00:00Z,1434.5,1434.5,1432.75,1433.75,0
2022-11-22T11:00:00Z,1434.0,1436.75,1433.5,1434.75,0
2022-11-22T12:00:00Z,1435.0,1437.75,1433.25,1435.25,0
2022-11-22T13:00:00Z,1435.25,1440.25,1435.25,1438.0,0
2022-11-22T14:00:00Z,1437.0,1442.0,1433.25,1439.0,0
2022-11-22T15:00:00Z,1439.25,1443.5,1437.75,1438.25,0
2022-11-22T16:00:00Z,1438.25,1438.75,1433.5,1436.25,0
2022-11-22T17:00:00Z,1436.5,1438.0,1433.5,1433.75,0
2022-11-22T18:00:00Z,1433.75,1433.75,1428.25,1429.5,0
2022-11-22T19:00:00Z,1429.25,1432.75,1428.25,1432.5,0
2022-11-23T01:00:00Z,1431.5,1434.5,1430.25,1431.75,0
2022-11-23T02:00:00Z,1431.5,1432.25,1429.75,1431.25,0
2022-11-23T03:00:00Z,1431.0,1435.25,1430.0,1433.0,0
2022-11-23T04:00:00Z,1433.25,1433.25,1431.5,1432.5,0
2022-11-23T05:00:00Z,1432.5,1434.75,1432.25,1433.25,0
2022-11-23T06:00:00Z,1433.25,1435.25,1432.5,1434.25,0
2022-11-23T07:00:00Z,1434.5,1437.25,1433.75,1436.0,0
2022-11-23T08:00:00Z,1436.0,1437.75,1434.75,1437.0,0
2022-11-23T09:00:00Z,1437.25,1438.5,1436.5,1436.75,0
2022-11-23T10:00:00Z,1437.0,1437.0,1431.25,1431.25,0
2022-11-23T11:00:00Z,1431.25,1434.0,1429.25,1432.5,0
2022-11-23T12:00:00Z,1432.25,1432.5,1425.5,1427.0,0
2022-11-23T13:00:00Z,1427.25,1428.5,1425.5,1425.75,0
2022-11-23T14:00:00Z,1428.0,1431.25,1425.25,1428.75,0
2022-11-23T15:00:00Z,1428.75,1431.5,1422.25,1423.5,0
2022-11-23T16:00:00Z,1423.75,1429.0,1422.5,1429.0,0
2022-11-23T17:00:00Z,1428.75,1438.0,1428.75,1438.0,0
2022-11-23T18:00:00Z,1438.0,1441.0,1435.0,1436.0,0
2022-11-23T19:00:00Z,1436.0,1438.5,1435.25,1437.0,0
2022-11-25T14:00:00Z,1436.75,1448.0,1431.0,1440.0,0
2022-11-25T15:00:00Z,1440.0,1440.75,1432.0,1439.25,0
2022-11-25T16:00:00Z,1439.25,1441.25,1436.0,1437.75,0
2022-11-25T17:00:00Z,1437.75,1439.0,1433.75,1436.0,0
2022-11-25T18:00:00Z,1436.25,1436.5,1433.5,1433.5,0
2022-11-28T01:00:00Z,1428.25,1429.75,1424.0,1426.75,0
2022-11-28T02:00:00Z,1426.75,1429.0,1426.0,1428.5,0
2022-11-28T03:00:00Z,1428.5,1428.75,1425.75,1426.5,0
2022-11-28T04:00:00Z,1426.75,1427.0,1425.75,1425.75,0
2022-11-28T05:00:00Z,1425.75,1426.0,1424.0,1425.75,0
2022-11-28T06:00:00Z,1425.75,1426.5,1424.5,1424.75,0
2022-11-28T07:00:00Z,1424.75,1427.25,1424.5,1425.25,0
2022-11-28T08:00:00Z,1425.25,1427.75,1424.25,1427.75,0
2022-11-28T09:00:00Z,1427.25,1428.75,1426.25,1428.25,0
2022-11-28T10:00:00Z,1428.0,1429.75,1427.5,1427.75,0
2022-11-28T11:00:00Z,1427.5,1431.75,1427.5,1431.0,0
2022-11-28T12:00:00Z,1431.5,1434.5,1431.0,1433.0,0
2022-11-28T13:00:00Z,1433.0,1434.0,1429.0,1432.0,0
2022-11-28T14:00:00Z,1430.75,1438.25,1428.5,1435.25,0
2022-11-28T15:00:00Z,1435.25,1446.0,1435.0,1440.75,0
2022-11-28T16:00:00Z,1440.75,1446.0,1437.5,1446.0,0
2022-11-28T17:00:00Z,1446.0,1461.75,1446.0,1459.0,0
2022-11-28T18:00:00Z,1459.25,1459.5,1452.0,1455.25,0
2022-11-28T19:00:00Z,1455.0,1458.25,1453.5,1456.5,0
2022-11-29T01:00:00Z,1454.75,1460.0,1449.0,1459.75,0
2022-11-29T02:00:00Z,1459.75,1460.75,1458.0,1458.5,0
2022-11-29T03:00:00Z,1458.5,1463.0,1458.25,1461.5,0
2022-11-29T04:00:00Z,1461.75,1463.5,1461.75,1463.0,0
2022-11-29T05:00:00Z,1462.5,1468.0,1461.75,1465.25,0
2022-11-29T06:00:00Z,1465.25,1466.5,1463.0,1463.5,0
2022-11-29T07:00:00Z,1463.25,1465.0,1461.75,1461.75,0
2022-11-29T08:00:00Z,1461.5,1463.0,1460.75,1461.25,0
2022-11-29T09:00:00Z,1461.0,1462.25,1457.75,1460.25,0
2022-11-29T10:00:00Z,1460.25,1463.25,1460.0,1461.25,0
2022-11-29T11:00:00Z,1461.5,1462.5,1459.75,1461.0,0
2022-11-29T12:00:00Z,1461.0,1465.5,1459.25,1460.25,0
2022-11-29T13:00:00Z,1460.25,1462.0,1457.0,1461.0,0
2022-11-29T14:00:00Z,1461.75,1465.0,1456.5,1459.25,0
2022-11-29T15:00:00Z,1459.25,1466.25,1457.0,1466.25,0
2022-11-29T16:00:00Z,1466.5,1468.5,1456.0,1457.5,0
2022-11-29T17:00:00Z,1457.5,1458.25,1453.5,1455.0,0
2022-11-29T18:00:00Z,1455.25,1459.25,1454.0,1459.0,0
2022-11-29T19:00:00Z,1459.0,1460.0,1458.0,1459.0,0
2022-11-30T01:00:00Z,1457.25,1461.25,1457.25,1460.25,0
2022-11-30T02:00:00Z,1460.0,1462.25,1459.25,1461.75,0
2022-11-30T03:00:00Z,1462.25,1463.0,1461.5,1462.25,0
2022-11-30T04:00:00Z,1462.25,1463.0,1462.25,1462.75,0
2022-11-30T05:00:00Z,1463.0,1463.5,1462.0,1462.0,0
2022-11-30T06:00:00Z,1462.0,1464.25,1461.75,1464.0,0
2022-11-30T07:00:00Z,1464.0,1466.25,1463.5,1465.5,0
2022-11-30T08:00:00Z,1465.25,1466.0,1462.75,1464.5,0
2022-11-30T09:00:00Z,1464.5,1472.75,1464.5,1472.0,0
2022-11-30T10:00:00Z,1472.25,1472.75,1470.5,1471.75,0
2022-11-30T11:00:00Z,1471.5,1473.5,1470.25,1471.0,0
2022-11-30T12:00:00Z,1471.0,1472.75,1469.0,1471.0,0
2022-11-30T13:00:00Z,1471.0,1477.5,1471.0,1472.5,0
2022-11-30T14:00:00Z,1472.5,1478.5,1465.75,1466.0,0
2022-11-30T15:00:00Z,1465.75,1467.0,1460.25,1465.5,0
2022-11-30T16:00:00Z,1465.5,1467.5,1460.5,1467.0,0
2022-11-30T17:00:00Z,1467.25,1474.0,1467.0,1472.75,0
2022-11-30T18:00:00Z,1472.75,1474.75,1467.75,1470.75,0
2022-11-30T19:00:00Z,1471.0,1471.25,1468.0,1469.5,0
2022-12-01T01:00:00Z,1466.0,1467.75,1461.5,1465.5,0
2022-12-01T02:00:00Z,1465.5,1468.0,1464.25,1467.75,0
2022-12-01T03:00:00Z,1467.75,1468.0,1464.75,1465.5,0
2022-12-01T04:00:00Z,1465.5,1466.0,1464.75,1466.0,0
2022-12-01T05:00:00Z,1465.75,1466.25,1463.75,1464.5,0
2022-12-01T06:00:00Z,1464.0,1466.75,1463.25,1466.5,0
2022-12-01T07:00:00Z,1466.25,1466.5,1461.75,1462.25,0
2022-12-01T08:00:00Z,1462.5,1464.0,1461.0,1463.25,0
2022-12-01T09:00:00Z,1463.5,1463.75,1455.5,1456.75,0
2022-12-01T10:00:00Z,1456.75,1457.5,1455.0,1455.75,0
2022-12-01T11:00:00Z,1455.75,1460.0,1455.25,1459.0,0
2022-12-01T12:00:00Z,1459.25,1459.25,1455.75,1457.25,0
2022-12-01T13:00:00Z,1457.25,1466.25,1457.0,1464.25,0
2022-12-01T14:00:00Z,1466.0,1469.75,1456.0,1457.25,0
2022-12-01T15:00:00Z,1457.5,1458.0,1448.0,1450.0,0
2022-12-01T16:00:00Z,1450.25,1450.5,1426.0,1428.5,0
2022-12-01T17:00:00Z,1428.25,1432.5,1425.5,1429.75,0
2022-12-01T18:00:00Z,1429.75,1429.75,1425.25,1427.5,0
2022-12-01T19:00:00Z,1427.5,1432.0,1427.25,1431.5,0
2022-12-02T01:00:00Z,1432.0,1434.75,1430.0,1434.25,0
2022-12-02T02:00:00Z,1434.0,1435.25,1432.5,1435.0,0
2022-12-02T03:00:00Z,1434.75,1436.5,1432.75,1433.0,0
2022-12-02T04:00:00Z,1432.75,1433.75,1432.5,1433.25,0
2022-12-02T05:00:00Z,1433.5,1433.75,1432.0,1433.25,0
2022-12-02T06:00:00Z,1433.0,1434.0,1432.5,1433.25,0
2022-12-02T07:00:00Z,1433.5,1435.25,1431.5,1433.5,0
2022-12-02T08:00:00Z,1432.75,1432.75,1425.5,1425.75,0
2022-12-02T09:00:00Z,1425.75,1430.0,1425.75,1429.25,0
2022-12-02T10:00:00Z,1429.5,1431.0,1429.0,1430.0,0
2022-12-02T11:00:00Z,1430.0,1430.25,1426.0,1428.0,0
2022-12-02T12:00:00Z,1428.0,1430.75,1428.0,1430.25,0
2022-12-02T13:00:00Z,1431.0,1434.25,1425.5,1428.25,0
2022-12-02T14:00:00Z,1430.5,1437.25,1428.25,1433.25,0
2022-12-02T15:00:00Z,1433.0,1439.5,1431.75,1435.75,0
2022-12-02T16:00:00Z,1436.0,1443.0,1435.5,1439.25,0
2022-12-02T17:00:00Z,1439.0,1439.25,1432.5,1436.5,0
2022-12-02T18:00:00Z,1436.5,1438.5,1435.0,1436.0,0
2022-12-02T19:00:00Z,1436.25,1440.5,1435.75,1440.5,0
2022-12-05T01:00:00Z,1440.5,1446.0,1439.0,1444.75,0
2022-12-05T02:00:00Z,1444.75,1448.0,1443.5,1443.5,0
2022-12-05T03:00:00Z,1443.25,1446.75,1442.5,1444.5,0
2022-12-05T04:00:00Z,1444.5,1444.75,1442.25,1442.5,0
2022-12-05T05:00:00Z,1442.5,1445.25,1442.0,1442.75,0
2022-12-05T06:00:00Z,1442.5,1443.0,1439.0,1442.75,0
2022-12-05T07:00:00Z,1442.5,1444.25,1439.5,1439.5,0
2022-12-05T08:00:00Z,1439.5,1442.25,1439.0,1442.25,0
2022-12-05T09:00:00Z,1442.0,1447.0,1441.75,1445.25,0
2022-12-05T10:00:00Z,1445.25,1445.5,1442.75,1443.25,0
2022-12-05T11:00:00Z,1443.25,1445.0,1442.5,1443.0,0
2022-12-05T12:00:00Z,1443.25,1447.25,1443.25,1446.5,0
2022-12-05T13:00:00Z,1446.5,1448.75,1444.75,1446.5,0
2022-12-05T14:00:00Z,1447.0,1450.5,1444.0,1445.25,0
2022-12-05T15:00:00Z,1445.5,1451.0,1442.5,1444.75,0
2022-12-05T16:00:00Z,1444.75,1448.25,1441.0,1442.25,0
2022-12-05T17:00:00Z,1442.0,1442.25,1435.5,1437.75,0
2022-12-05T18:00:00Z,1437.75,1440.0,1435.5,1437.0,0
2022-12-05T19:00:00Z,1437.0,1440.5,1435.25,1440.0,0
2022-12-06T01:00:00Z,1437.5,1446.75,1437.0,1444.25,0
2022-12-06T02:00:00Z,1444.0,1446.5,1442.75,1443.0,0
2022-12-06T03:00:00Z,1443.0,1444.75,1442.0,1442.25,0
2022-12-06T04:00:00Z,1442.25,1443.0,1441.5,1442.25,0
2022-12-06T05:00:00Z,1442.0,1445.25,1440.5,1445.0,0
2022-12-06T06:00:00Z,1445.0,1449.0,1442.75,1447.5,0
2022-12-06T07:00:00Z,1447.5,1448.5,1446.5,1447.0,0
2022-12-06T08:00:00Z,1447.25,1447.75,1445.0,1447.25,0
2022-12-06T09:00:00Z,1447.0,1449.5,1446.75,1449.25,0
2022-12-06T10:00:00Z,1449.5,1450.0,1447.5,1448.0,0
2022-12-06T11:00:00Z,1447.75,1453.0,1447.25,1452.25,0
2022-12-06T12:00:00Z,1452.0,1454.75,1450.75,1453.25,0
2022-12-06T13:00:00Z,1453.5,1456.75,1450.25,1451.0,0
2022-12-06T14:00:00Z,1451.0,1470.5,1450.5,1468.0,0
2022-12-06T15:00:00Z,1468.0,1469.0,1460.75,1467.0,0
2022-12-06T16:00:00Z,1467.25,1472.5,1463.25,1466.5,0
2022-12-06T17:00:00Z,1466.5,1467.0,1457.0,1458.25,0
2022-12-06T18:00:00Z,1458.25,1458.25,1450.0,1455.25,0
2022-12-06T19:00:00Z,1455.5,1457.75,1454.5,1456.5,0
2022-12-07T01:00:00Z,1456.0,1460.0,1455.75,1459.5,0
2022-12-07T02:00:00Z,1459.5,1461.0,1457.5,1460.25,0
2022-12-07T03:00:00Z,1460.0,1460.5,1456.5,1458.25,0
2022-12-07T04:00:00Z,1458.25,1459.25,1456.75,1459.25,0
2022-12-07T05:00:00Z,1459.0,1462.75,1458.75,1459.5,0
2022-12-07T06:00:00Z,1459.5,1460.0,1456.75,1456.75,0
2022-12-07T07:00:00Z,1457.0,1460.25,1456.0,1459.0,0
2022-12-07T08:00:00Z,1459.0,1459.75,1457.0,1459.75,0
2022-12-07T09:00:00Z,1459.75,1460.0,1456.5,1457.5,0
2022-12-07T10:00:00Z,1457.25,1463.25,1457.0,1462.75,0
2022-12-07T11:00:00Z,1462.75,1462.75,1459.5,1460.0,0
2022-12-07T12:00:00Z,1460.25,1463.5,1459.0,1463.0,0
2022-12-07T13:00:00Z,1463.0,1466.75,1462.5,1463.75,0
2022-12-07T14:00:00Z,1463.75,1467.75,1461.0,1461.75,0
2022-12-07T15:00:00Z,1462.0,1470.0,1460.0,1461.25,0
2022-12-07T16:00:00Z,1461.25,1464.5,1457.25,1458.5,0
2022-12-07T17:00:00Z,1458.5,1467.75,1457.75,1466.75,0
2022-12-07T18:00:00Z,1467.0,1478.0,1466.75,1474.25,0
2022-12-07T19:00:00Z,1474.25,1474.75,1468.5,1473.5,0
2022-12-08T01:00:00Z,1471.0,1474.25,1468.0,1473.75,0
2022-12-08T02:00:00Z,1473.75,1476.5,1471.75,1476.25,0
2022-12-08T03:00:00Z,1476.25,1477.0,1473.25,1474.25,0
2022-12-08T04:00:00Z,1474.25,1476.75,1474.25,1476.75,0
2022-12-08T05:00:00Z,1476.75,1477.75,1475.0,1475.25,0
2022-12-08T06:00:00Z,1475.5,1480.0,1474.25,1479.75,0
2022-12-08T07:00:00Z,1479.5,1479.5,1474.75,1475.0,0
2022-12-08T08:00:00Z,1475.0,1477.5,1474.25,1477.5,0
2022-12-08T09:00:00Z,1477.25,1478.0,1475.5,1478.0,0
2022-12-08T10:00:00Z,1477.5,1479.5,1477.25,1478.75,0
2022-12-08T11:00:00Z,1479.0,1480.75,1476.25,1477.0,0
2022-12-08T12:00:00Z,1477.25,1477.5,1472.25,1474.75,0
2022-12-08T13:00:00Z,1475.0,1482.75,1475.0,1478.75,0
2022-12-08T14:00:00Z,1478.75,1481.5,1474.5,1476.25,0
2022-12-08T15:00:00Z,1476.0,1479.0,1472.0,1476.75,0
2022-12-08T16:00:00Z,1476.5,1492.25,1475.75,1490.5,0
2022-12-08T17:00:00Z,1490.75,1490.75,1484.75,1485.5,0
2022-12-08T18:00:00Z,1485.5,1486.5,1481.5,1485.0,0
2022-12-08T19:00:00Z,1485.0,1487.5,1483.5,1486.5,0
2022-12-09T01:00:00Z,1484.25,1486.25,1483.75,1485.75,0
2022-12-09T02:00:00Z,1485.25,1489.0,1485.0,1488.75,0
2022-12-09T03:00:00Z,1488.75,1489.25,1485.5,1487.5,0
2022-12-09T04:00:00Z,1487.75,1488.0,1486.0,1486.25,0
2022-12-09T05:00:00Z,1486.0,1488.75,1485.5,1488.25,0
2022-12-09T06:00:00Z,1487.75,1489.0,1486.5,1489.0,0
2022-12-09T07:00:00Z,1488.75,1488.75,1484.75,1486.25,0
2022-12-09T08:00:00Z,1486.5,1491.5,1486.0,1488.75,0
2022-12-09T09:00:00Z,1488.5,1492.75,1488.25,1492.25,0
2022-12-09T10:00:00Z,1492.25,1492.5,1489.75,1490.5,0
2022-12-09T11:00:00Z,1490.5,1491.0,1488.0,1488.5,0
2022-12-09T12:00:00Z,1488.25,1488.5,1486.5,1487.0,0
2022-12-09T13:00:00Z,1486.75,1488.75,1482.75,1485.25,0
2022-12-09T14:00:00Z,1482.75,1487.75,1480.75,1483.0,0
2022-12-09T15:00:00Z,1483.25,1487.75,1481.0,1484.25,0
2022-12-09T16:00:00Z,1484.25,1488.0,1482.5,1484.5,0
2022-12-09T17:00:00Z,1485.0,1491.0,1480.5,1482.5,0
2022-12-09T18:00:00Z,1482.5,1483.0,1477.75,1481.75,0
2022-12-09T19:00:00Z,1481.75,1485.25,1481.0,1482.5,0
2022-12-12T01:00:00Z,1483.5,1483.5,1470.5,1470.5,0
2022-12-12T02:00:00Z,1470.5,1472.75,1469.75,1470.0,0
2022-12-12T03:00:00Z,1470.0,1471.0,1468.5,1470.25,0
2022-12-12T04:00:00Z,1470.0,1470.5,1467.25,1467.5,0
2022-12-12T05:00:00Z,1467.25,1469.75,1466.0,1469.0,0
2022-12-12T06:00:00Z,1469.25,1469.5,1467.0,1468.0,0
2022-12-12T07:00:00Z,1468.25,1469.75,1467.5,1467.75,0
2022-12-12T08:00:00Z,1467.75,1467.75,1463.5,1463.5,0
2022-12-12T09:00:00Z,1463.5,1463.5,1457.75,1460.5,0
2022-12-12T10:00:00Z,1460.0,1464.0,1458.0,1463.5,0
2022-12-12T11:00:00Z,1463.5,1463.75,1461.75,1463.0,0
2022-12-12T12:00:00Z,1462.75,1466.0,1462.5,1463.25,0
2022-12-12T13:00:00Z,1463.5,1467.0,1462.5,1462.75,0
2022-12-12T14:00:00Z,1465.0,1466.0,1460.5,1461.75,0
2022-12-12T15:00:00Z,1462.0,1470.75,1460.5,1468.25,0
2022-12-12T16:00:00Z,1468.25,1468.5,1460.5,1464.5,0
2022-12-12T17:00:00Z,1464.25,1465.75,1458.5,1459.75,0
2022-12-12T18:00:00Z,1459.75,1462.75,1457.75,1460.0,0
2022-12-12T19:00:00Z,1460.0,1461.5,1458.75,1460.75,0
2022-12-13T01:00:00Z,1461.25,1465.0,1460.75,1464.25,0
2022-12-13T02:00:00Z,1464.5,1466.75,1463.75,1465.25,0
2022-12-13T03:00:00Z,1465.25,1465.75,1462.5,1464.75,0
2022-12-13T04:00:00Z,1464.25,1465.5,1464.0,1465.5,0
2022-12-13T05:00:00Z,1465.5,1466.25,1463.5,1464.0,0
2022-12-13T06:00:00Z,1464.25,1466.75,1462.75,1465.25,0
2022-12-13T07:00:00Z,1465.0,1466.5,1463.5,1464.75,0
2022-12-13T08:00:00Z,1465.0,1467.5,1464.25,1466.25,0
2022-12-13T09:00:00Z,1466.0,1466.5,1463.75,1464.0,0
2022-12-13T10:00:00Z,1464.25,1466.25,1463.5,1465.25,0
2022-12-13T11:00:00Z,1465.25,1468.25,1465.0,1466.5,0
2022-12-13T12:00:00Z,1466.5,1468.5,1466.0,1467.5,0
2022-12-13T13:00:00Z,1467.25,1474.5,1467.0,1473.75,0
2022-12-13T14:00:00Z,1474.5,1481.25,1471.5,1475.5,0
2022-12-13T15:00:00Z,1475.5,1481.0,1473.0,1479.75,0
2022-12-13T16:00:00Z,1480.0,1487.75,1477.75,1479.5,0
2022-12-13T17:00:00Z,1479.75,1482.5,1477.5,1478.5,0
2022-12-13T18:00:00Z,1478.75,1482.0,1477.0,1480.0,0
2022-12-13T19:00:00Z,1480.0,1481.0,1478.0,1480.5,0
2022-12-14T01:00:00Z,1479.5,1479.75,1473.5,1474.5,0
2022-12-14T02:00:00Z,1474.5,1475.25,1473.25,1475.25,0
2022-12-14T03:00:00Z,1474.75,1477.75,1474.75,1477.5,0
2022-12-14T04:00:00Z,1477.5,1477.5,1476.25,1476.75,0
2022-12-14T05:00:00Z,1477.0,1477.5,1473.0,1473.5,0
2022-12-14T06:00:00Z,1473.0,1473.0,1469.75,1470.25,0
2022-12-14T07:00:00Z,1470.0,1470.75,1468.0,1469.5,0
2022-12-14T08:00:00Z,1469.0,1471.0,1468.0,1470.75,0
2022-12-14T09:00:00Z,1470.5,1470.5,1468.75,1469.75,0
2022-12-14T10:00:00Z,1469.75,1471.75,1469.75,1471.25,0
2022-12-14T11:00:00Z,1471.25,1474.25,1470.25,1474.25,0
2022-12-14T12:00:00Z,1474.25,1474.25,1471.0,1473.25,0
2022-12-14T13:00:00Z,1473.0,1475.5,1470.5,1472.75,0
2022-12-14T14:00:00Z,1473.5,1481.25,1471.75,1481.0,0
2022-12-14T15:00:00Z,1481.0,1484.75,1475.0,1483.25,0
2022-12-14T16:00:00Z,1483.25,1486.75,1480.25,1483.25,0
2022-12-14T17:00:00Z,1483.25,1486.5,1481.0,1481.25,0
2022-12-14T18:00:00Z,1481.25,1487.0,1481.0,1483.25,0
2022-12-14T19:00:00Z,1483.25,1484.0,1480.25,1483.25,0
2022-12-15T01:00:00Z,1481.0,1481.75,1475.25,1476.5,0
2022-12-15T02:00:00Z,1476.25,1479.75,1476.25,1477.0,0
2022-12-15T03:00:00Z,1476.5,1479.5,1475.0,1477.75,0
2022-12-15T04:00:00Z,1477.75,1477.75,1476.5,1476.75,0
2022-12-15T05:00:00Z,1476.75,1479.25,1476.5,1478.25,0
2022-12-15T06:00:00Z,1478.25,1478.5,1475.75,1478.0,0
2022-12-15T07:00:00Z,1477.75,1478.5,1475.5,1476.5,0
2022-12-15T08:00:00Z,1476.0,1477.75,1475.25,1475.75,0
2022-12-15T09:00:00Z,1475.75,1479.75,1474.75,1479.0,0
2022-12-15T10:00:00Z,1479.0,1481.75,1479.0,1481.5,0
2022-12-15T11:00:00Z,1481.5,1485.0,1481.5,1484.0,0
2022-12-15T12:00:00Z,1483.75,1484.25,1478.25,1482.0,0
2022-12-15T13:00:00Z,1482.25,1486.0,1480.5,1482.0,0
2022-12-15T14:00:00Z,1482.25,1483.75,1472.25,1472.25,0
2022-12-15T15:00:00Z,1472.25,1476.75,1470.75,1473.75,0
2022-12-15T16:00:00Z,1473.75,1474.0,1468.0,1472.25,0
2022-12-15T17:00:00Z,1472.5,1475.5,1469.5,1475.0,0
2022-12-15T18:00:00Z,1475.25,1478.5,1473.5,1473.75,0
2022-12-15T19:00:00Z,1473.75,1474.75,1471.5,1472.25,0
2022-12-16T01:00:00Z,1476.75,1480.5,1475.25,1479.75,0
2022-12-16T02:00:00Z,1479.75,1484.5,1479.75,1482.0,0
2022-12-16T03:00:00Z,1482.0,1482.0,1479.25,1479.75,0
2022-12-16T04:00:00Z,1479.75,1479.75,1478.5,1479.0,0
2022-12-16T05:00:00Z,1478.75,1480.5,1478.25,1479.5,0
2022-12-16T06:00:00Z,1479.75,1480.75,1478.75,1480.25,0
2022-12-16T07:00:00Z,1479.75,1481.25,1478.5,1478.5,0
2022-12-16T08:00:00Z,1478.5,1478.75,1473.5,1474.0,0
2022-12-16T09:00:00Z,1473.75,1473.75,1470.5,1471.0,0
2022-12-16T10:00:00Z,1470.5,1472.25,1469.75,1470.0,0
2022-12-16T11:00:00Z,1469.5,1475.25,1469.25,1474.5,0
2022-12-16T12:00:00Z,1475.0,1476.5,1472.0,1474.0,0
2022-12-16T13:00:00Z,1474.25,1479.75,1472.25,1478.0,0
2022-12-16T14:00:00Z,1477.25,1482.5,1475.75,1479.0,0
2022-12-16T15:00:00Z,1479.0,1479.25,1474.25,1476.75,0
2022-12-16T16:00:00Z,1477.0,1485.25,1477.0,1481.75,0
2022-12-16T17:00:00Z,1482.0,1489.25,1482.0,1483.0,0
2022-12-16T18:00:00Z,1483.0,1486.25,1482.5,1484.5,0
2022-12-16T19:00:00Z,1484.75,1485.75,1482.25,1483.0,0
2022-12-19T01:00:00Z,1471.0,1471.0,1464.5,1464.75,0
2022-12-19T02:00:00Z,1465.0,1467.5,1464.0,1467.0,0
2022-12-19T03:00:00Z,1466.75,1467.75,1465.25,1466.5,0
2022-12-19T04:00:00Z,1466.5,1466.75,1465.5,1466.5,0
2022-12-19T05:00:00Z,1466.5,1468.0,1466.5,1466.5,0
2022-12-19T06:00:00Z,1467.0,1467.5,1465.25,1466.25,0
2022-12-19T07:00:00Z,1466.25,1466.75,1465.25,1466.0,0
2022-12-19T08:00:00Z,1466.0,1467.5,1465.0,1466.75,0
2022-12-19T09:00:00Z,1466.75,1471.25,1466.5,1469.5,0
2022-12-19T10:00:00Z,1469.5,1471.75,1469.25,1470.75,0
2022-12-19T11:00:00Z,1470.5,1476.75,1470.5,1475.25,0
2022-12-19T12:00:00Z,1475.0,1478.75,1472.5,1476.5,0
2022-12-19T13:00:00Z,1476.75,1477.5,1473.0,1476.0,0
2022-12-19T14:00:00Z,1476.5,1476.75,1467.0,1468.25,0
2022-12-19T15:00:00Z,1468.5,1470.5,1465.75,1467.25,0
2022-12-19T16:00:00Z,1466.75,1472.0,1463.75,1468.75,0
2022-12-19T17:00:00Z,1468.75,1469.0,1464.25,1466.5,0
2022-12-19T18:00:00Z,1466.5,1467.5,1463.0,1463.25,0
2022-12-19T19:00:00Z,1463.25,1465.25,1462.75,1464.5,0
2022-12-20T01:00:00Z,1464.0,1470.5,1463.5,1468.5,0
2022-12-20T02:00:00Z,1468.25,1468.25,1465.25,1467.5,0
2022-12-20T03:00:00Z,1467.5,1467.75,1463.25,1464.5,0
2022-12-20T04:00:00Z,1464.5,1465.0,1464.0,1464.75,0
2022-12-20T05:00:00Z,1464.75,1465.25,1463.0,1465.25,0
2022-12-20T06:00:00Z,1465.5,1467.5,1465.0,1466.0,0
2022-12-20T07:00:00Z,1466.5,1467.0,1464.5,1465.5,0
2022-12-20T08:00:00Z,1465.5,1465.75,1462.25,1464.0,0
2022-12-20T09:00:00Z,1464.0,1467.5,1463.25,1467.0,0
2022-12-20T10:00:00Z,1467.0,1468.0,1466.25,1467.5,0
2022-12-20T11:00:00Z,1467.75,1468.0,1465.75,1465.75,0
2022-12-20T12:00:00Z,1466.25,1467.75,1463.75,1466.75,0
2022-12-20T13:00:00Z,1466.75,1472.0,1466.75,1470.5,0
2022-12-20T14:00:00Z,1469.25,1485.0,1469.25,1484.75,0
2022-12-20T15:00:00Z,1484.75,1487.5,1481.5,1483.25,0
2022-12-20T16:00:00Z,1483.25,1483.75,1479.0,1481.0,0
2022-12-20T17:00:00Z,1480.75,1484.5,1478.0,1484.0,0
2022-12-20T18:00:00Z,1483.75,1483.75,1479.25,1480.0,0
2022-12-20T19:00:00Z,1480.0,1480.75,1478.25,1479.25,0
2022-12-21T01:00:00Z,1479.0,1483.5,1477.0,1482.5,0
2022-12-21T02:00:00Z,1482.75,1485.0,1482.0,1482.25,0
2022-12-21T03:00:00Z,1482.0,1482.5,1478.5,1482.5,0
2022-12-21T04:00:00Z,1482.25,1482.25,1480.75,1481.25,0
2022-12-21T05:00:00Z,1481.25,1481.75,1479.75,1481.25,0
2022-12-21T06:00:00Z,1481.25,1484.75,1481.0,1484.25,0
2022-12-21T07:00:00Z,1484.0,1485.25,1482.75,1483.75,0
2022-12-21T08:00:00Z,1483.5,1484.75,1482.25,1484.75,0
2022-12-21T09:00:00Z,1484.5,1487.25,1484.25,1487.0,0
2022-12-21T10:00:00Z,1487.0,1487.25,1485.5,1486.0,0
2022-12-21T11:00:00Z,1485.75,1487.5,1485.0,1486.5,0
2022-12-21T12:00:00Z,1486.5,1487.25,1484.75,1486.0,0
2022-12-21T13:00:00Z,1486.0,1490.75,1485.75,1486.5,0
2022-12-21T14:00:00Z,1486.5,1487.25,1481.0,1482.0,0
2022-12-21T15:00:00Z,1482.25,1488.75,1481.0,1484.25,0
2022-12-21T16:00:00Z,1483.75,1485.0,1480.5,1480.75,0
2022-12-21T17:00:00Z,1480.75,1487.25,1480.25,1483.0,0
2022-12-21T18:00:00Z,1483.0,1485.5,1482.0,1485.5,0
2022-12-21T19:00:00Z,1485.5,1485.5,1482.25,1484.5,0
2022-12-22T01:00:00Z,1483.75,1487.75,1483.0,1485.75,0
2022-12-22T02:00:00Z,1485.75,1487.0,1484.75,1485.0,0
2022-12-22T03:00:00Z,1485.0,1485.25,1483.25,1483.25,0
2022-12-22T04:00:00Z,1483.25,1483.25,1481.75,1481.75,0
2022-12-22T05:00:00Z,1481.75,1484.25,1481.25,1483.25,0
2022-12-22T06:00:00Z,1483.25,1484.75,1482.25,1483.0,0
2022-12-22T07:00:00Z,1482.5,1482.75,1480.75,1481.25,0
2022-12-22T08:00:00Z,1481.0,1482.25,1480.5,1482.25,0
2022-12-22T09:00:00Z,1482.25,1486.75,1482.0,1486.5,0
2022-12-22T10:00:00Z,1486.5,1487.25,1486.25,1486.75,0
2022-12-22T11:00:00Z,1486.5,1487.0,1482.75,1484.5,0
2022-12-22T12:00:00Z,1484.75,1484.75,1482.25,1483.5,0
2022-12-22T13:00:00Z,1483.5,1483.75,1478.25,1479.75,0
2022-12-22T14:00:00Z,1480.75,1481.5,1471.5,1474.0,0
2022-12-22T15:00:00Z,1474.0,1474.0,1468.0,1470.5,0
2022-12-22T16:00:00Z,1470.75,1475.75,1470.25,1475.25,0
2022-12-22T17:00:00Z,1475.25,1475.5,1469.0,1470.0,0
2022-12-22T18:00:00Z,1470.0,1472.25,1468.75,1471.0,0
2022-12-22T19:00:00Z,1470.75,1473.75,1470.5,1472.75,0
2022-12-23T01:00:00Z,1473.25,1476.0,1470.5,1475.5,0
2022-12-23T02:00:00Z,1475.5,1476.0,1473.25,1473.5,0
2022-12-23T03:00:00Z,1474.0,1475.75,1473.75,1474.75,0
2022-12-23T04:00:00Z,1475.25,1475.5,1474.5,1474.5,0
2022-12-23T05:00:00Z,1474.5,1476.0,1474.25,1474.75,0
2022-12-23T06:00:00Z,1474.5,1475.0,1472.75,1473.5,0
2022-12-23T07:00:00Z,1473.75,1476.5,1473.75,1475.75,0
2022-12-23T08:00:00Z,1475.5,1477.25,1475.0,1476.25,0
2022-12-23T09:00:00Z,1476.75,1478.5,1476.25,1478.5,0
2022-12-23T10:00:00Z,1478.5,1478.5,1476.0,1476.5,0
2022-12-23T11:00:00Z,1476.5,1478.0,1476.25,1477.25,0
2022-12-23T12:00:00Z,1477.0,1479.0,1476.25,1477.75,0
2022-12-23T13:00:00Z,1477.75,1482.25,1476.75,1480.25,0
2022-12-23T14:00:00Z,1480.25,1485.0,1478.25,1484.75,0
2022-12-23T15:00:00Z,1485.0,1488.5,1481.25,1482.75,0
2022-12-23T16:00:00Z,1483.0,1487.75,1481.0,1485.75,0
2022-12-23T17:00:00Z,1485.75,1488.75,1484.25,1487.75,0
2022-12-23T18:00:00Z,1487.75,1489.0,1484.25,1485.0,0
2022-12-23T19:00:00Z,1485.25,1486.5,1483.75,1485.75,0
2022-12-27T14:00:00Z,1495.75,1522.75,1495.25,1510.5,0
2022-12-27T15:00:00Z,1510.5,1513.5,1505.5,1505.5,0
2022-12-27T16:00:00Z,1505.75,1507.25,1487.75,1489.0,0
2022-12-27T17:00:00Z,1489.0,1494.5,1486.5,1489.0,0
2022-12-27T18:00:00Z,1489.0,1492.5,1488.0,1490.75,0
2022-12-27T19:00:00Z,1490.75,1492.0,1485.0,1488.0,0
2022-12-28T01:00:00Z,1490.25,1501.0,1489.5,1500.5,0
2022-12-28T02:00:00Z,1500.75,1503.5,1499.75,1501.75,0
2022-12-28T03:00:00Z,1502.0,1504.0,1501.5,1502.0,0
2022-12-28T04:00:00Z,1502.25,1502.5,1501.0,1502.25,0
2022-12-28T05:00:00Z,1502.5,1505.25,1502.25,1503.0,0
2022-12-28T06:00:00Z,1503.25,1505.75,1502.25,1504.25,0
2022-12-28T07:00:00Z,1504.5,1505.0,1499.75,1500.25,0
2022-12-28T08:00:00Z,1500.5,1502.75,1499.5,1501.0,0
2022-12-28T09:00:00Z,1501.25,1502.25,1500.0,1501.25,0
2022-12-28T10:00:00Z,1501.0,1502.75,1500.25,1501.25,0
2022-12-28T11:00:00Z,1501.5,1502.0,1499.0,1499.25,0
2022-12-28T12:00:00Z,1499.25,1504.5,1499.0,1503.5,0
2022-12-28T13:00:00Z,1503.25,1505.25,1500.0,1500.5,0
2022-12-28T14:00:00Z,1500.0,1504.0,1496.75,1502.5,0
2022-12-28T15:00:00Z,1502.5,1506.25,1496.5,1498.0,0
2022-12-28T16:00:00Z,1498.0,1506.0,1496.5,1504.5,0
2022-12-28T17:00:00Z,1504.5,1508.5,1502.5,1506.5,0
2022-12-28T18:00:00Z,1506.5,1513.75,1505.5,1512.5,0
2022-12-28T19:00:00Z,1512.5,1517.5,1511.0,1516.5,0
2022-12-29T01:00:00Z,1513.0,1514.0,1510.0,1513.5,0
2022-12-29T02:00:00Z,1513.5,1513.75,1512.0,1513.75,0
2022-12-29T03:00:00Z,1513.75,1515.0,1513.25,1513.75,0
2022-12-29T04:00:00Z,1513.5,1514.5,1513.25,1514.25,0
2022-12-29T05:00:00Z,1514.0,1515.25,1513.75,1515.0,0
2022-12-29T06:00:00Z,1514.75,1516.5,1514.5,1516.25,0
2022-12-29T07:00:00Z,1516.5,1516.5,1513.5,1515.25,0
2022-12-29T08:00:00Z,1515.0,1515.0,1511.0,1511.25,0
2022-12-29T09:00:00Z,1511.25,1513.5,1511.25,1513.25,0
2022-12-29T10:00:00Z,1513.25,1513.25,1509.75,1511.5,0
2022-12-29T11:00:00Z,1511.5,1513.0,1510.25,1510.75,0
2022-12-29T12:00:00Z,1510.5,1512.5,1509.0,1511.25,0
2022-12-29T13:00:00Z,1511.25,1515.0,1511.0,1514.75,0
2022-12-29T14:00:00Z,1514.0,1524.25,1513.5,1521.25,0
2022-12-29T15:00:00Z,1521.25,1524.0,1514.0,1514.5,0
2022-12-29T16:00:00Z,1514.5,1518.5,1512.5,1517.25,0
2022-12-29T17:00:00Z,1517.25,1518.5,1514.0,1515.25,0
2022-12-29T18:00:00Z,1515.5,1517.25,1514.25,1515.25,0
2022-12-29T19:00:00Z,1515.25,1517.25,1514.0,1516.5,0
2022-12-30T01:00:00Z,1515.5,1525.0,1514.25,1523.25,0
2022-12-30T02:00:00Z,1523.25,1526.25,1522.25,1526.0,0
2022-12-30T03:00:00Z,1526.25,1528.25,1524.0,1524.75,0
2022-12-30T04:00:00Z,1524.5,1526.25,1524.25,1526.25,0
2022-12-30T05:00:00Z,1526.25,1533.5,1525.75,1533.0,0
2022-12-30T06:00:00Z,1533.0,1535.0,1530.5,1534.25,0
2022-12-30T07:00:00Z,1533.75,1533.75,1529.5,1532.0,0
2022-12-30T08:00:00Z,1531.75,1533.75,1530.75,1532.5,0
2022-12-30T09:00:00Z,1532.5,1532.5,1526.5,1526.75,0
2022-12-30T10:00:00Z,1526.75,1528.75,1526.0,1527.75,0
2022-12-30T11:00:00Z,1528.0,1530.5,1527.75,1529.25,0
2022-12-30T12:00:00Z,1529.0,1530.75,1528.5,1529.5,0
2022-12-30T13:00:00Z,1529.25,1531.75,1528.25,1530.0,0
2022-12-30T14:00:00Z,1530.0,1534.5,1529.0,1533.5,0
2022-12-30T15:00:00Z,1533.75,1537.5,1527.5,1528.0,0
2022-12-30T16:00:00Z,1528.0,1528.75,1520.5,1522.25,0
2022-12-30T17:00:00Z,1522.25,1527.0,1521.75,1524.5,0
2022-12-30T18:00:00Z,1524.5,1527.0,1523.0,1524.0,0
2022-12-30T19:00:00Z,1524.0,1525.75,1523.0,1524.25,0
2023-01-03T14:00:00Z,1524.25,1529.0,1521.0,1523.5,0
2023-01-03T15:00:00Z,1523.25,1526.75,1503.25,1505.75,0
2023-01-03T16:00:00Z,1505.5,1505.75,1495.75,1496.25,0
2023-01-03T17:00:00Z,1496.5,1497.0,1490.5,1493.75,0
2023-01-03T18:00:00Z,1493.75,1499.0,1490.0,1491.25,0
2023-01-03T19:00:00Z,1491.25,1494.75,1490.0,1494.5,0
2023-01-04T01:00:00Z,1496.5,1501.25,1495.0,1499.25,0
2023-01-04T02:00:00Z,1499.0,1500.5,1497.0,1497.75,0
2023-01-04T03:00:00Z,1498.0,1500.75,1498.0,1498.75,0
2023-01-04T04:00:00Z,1499.0,1500.0,1498.5,1500.0,0
2023-01-04T05:00:00Z,1499.75,1503.25,1499.0,1502.75,0
2023-01-04T06:00:00Z,1502.5,1503.25,1499.5,1502.5,0
2023-01-04T07:00:00Z,1502.75,1504.0,1501.75,1503.5,0
2023-01-04T08:00:00Z,1503.75,1504.5,1502.25,1504.0,0
2023-01-04T09:00:00Z,1504.0,1506.0,1503.5,1504.25,0
2023-01-04T10:00:00Z,1504.0,1505.5,1502.5,1503.0,0
2023-01-04T11:00:00Z,1503.0,1504.25,1502.25,1503.5,0
2023-01-04T12:00:00Z,1503.75,1506.5,1497.75,1498.25,0
2023-01-04T13:00:00Z,1498.0,1500.0,1495.5,1499.5,0
2023-01-04T14:00:00Z,1497.0,1500.0,1491.25,1496.25,0
2023-01-04T15:00:00Z,1496.0,1497.25,1485.25,1486.0,0
2023-01-04T16:00:00Z,1486.0,1494.0,1484.25,1485.75,0
2023-01-04T17:00:00Z,1485.75,1487.75,1480.75,1485.5,0
2023-01-04T18:00:00Z,1485.25,1486.0,1482.75,1483.0,0
2023-01-04T19:00:00Z,1483.0,1485.25,1482.5,1484.75,0
2023-01-05T01:00:00Z,1485.75,1490.0,1485.25,1487.0,0
2023-01-05T02:00:00Z,1486.75,1487.5,1485.25,1485.5,0
2023-01-05T03:00:00Z,1485.25,1485.25,1482.5,1483.5,0
2023-01-05T04:00:00Z,1483.75,1485.5,1483.5,1485.0,0
2023-01-05T05:00:00Z,1485.25,1486.75,1485.0,1485.5,0
2023-01-05T06:00:00Z,1485.5,1487.5,1484.75,1486.75,0
2023-01-05T07:00:00Z,1486.25,1486.25,1484.0,1484.25,0
2023-01-05T08:00:00Z,1484.0,1484.75,1482.5,1483.5,0
2023-01-05T09:00:00Z,1483.25,1487.5,1483.0,1487.0,0
2023-01-05T10:00:00Z,1487.5,1487.75,1483.5,1483.75,0
2023-01-05T11:00:00Z,1484.0,1484.75,1482.75,1483.5,0
2023-01-05T12:00:00Z,1483.5,1485.0,1482.75,1483.5,0
2023-01-05T13:00:00Z,1483.75,1486.5,1477.75,1479.0,0
2023-01-05T14:00:00Z,1477.75,1481.0,1472.75,1472.75,0
2023-01-05T15:00:00Z,1472.75,1474.25,1470.5,1471.0,0
2023-01-05T16:00:00Z,1471.25,1478.0,1469.0,1469.5,0
2023-01-05T17:00:00Z,1469.75,1469.75,1465.0,1466.75,0
2023-01-05T18:00:00Z,1466.75,1473.75,1465.5,1470.0,0
2023-01-05T19:00:00Z,1470.0,1475.25,1470.0,1474.0,0
2023-01-06T01:00:00Z,1474.25,1476.25,1471.5,1475.25,0
2023-01-06T02:00:00Z,1475.0,1478.0,1474.5,1477.25,0
2023-01-06T03:00:00Z,1477.5,1479.25,1477.0,1478.5,0
2023-01-06T04:00:00Z,1478.5,1479.25,1477.75,1478.25,0
2023-01-06T05:00:00Z,1478.0,1478.25,1476.25,1476.5,0
2023-01-06T06:00:00Z,1476.5,1483.5,1476.5,1483.25,0
2023-01-06T07:00:00Z,1483.0,1483.0,1479.25,1479.25,0
2023-01-06T08:00:00Z,1479.5,1482.0,1477.75,1479.5,0
2023-01-06T09:00:00Z,1479.25,1480.75,1477.0,1480.5,0
2023-01-06T10:00:00Z,1480.25,1481.25,1479.5,1480.25,0
2023-01-06T11:00:00Z,1480.0,1481.75,1478.75,1478.75,0
2023-01-06T12:00:00Z,1478.75,1480.25,1477.0,1478.0,0
2023-01-06T13:00:00Z,1478.0,1483.75,1475.5,1483.25,0
2023-01-06T14:00:00Z,1482.0,1491.0,1482.0,1483.5,0
2023-01-06T15:00:00Z,1483.5,1492.0,1483.5,1488.75,0
2023-01-06T16:00:00Z,1489.0,1494.5,1485.25,1490.75,0
2023-01-06T17:00:00Z,1490.5,1495.75,1490.25,1495.75,0
2023-01-06T18:00:00Z,1495.5,1498.25,1492.75,1494.75,0
2023-01-06T19:00:00Z,1494.75,1495.25,1491.25,1492.0,0
2023-01-09T01:00:00Z,1500.0,1501.25,1492.5,1493.0,0
2023-01-09T02:00:00Z,1493.5,1495.0,1492.75,1494.25,0
2023-01-09T03:00:00Z,1494.25,1494.75,1493.5,1493.75,0
2023-01-09T04:00:00Z,1494.0,1494.75,1494.0,1494.0,0
2023-01-09T05:00:00Z,1494.25,1496.25,1494.0,1495.25,0
2023-01-09T06:00:00Z,1495.0,1498.25,1495.0,1498.25,0
2023-01-09T07:00:00Z,1498.0,1498.5,1495.25,1496.0,0
2023-01-09T08:00:00Z,1496.0,1501.75,1496.0,1499.75,0
2023-01-09T09:00:00Z,1499.75,1501.0,1498.0,1500.0,0
2023-01-09T10:00:00Z,1499.75,1500.5,1495.25,1498.0,0
2023-01-09T11:00:00Z,1498.25,1499.5,1495.75,1495.75,0
2023-01-09T12:00:00Z,1495.75,1497.75,1492.75,1494.0,0
2023-01-09T13:00:00Z,1494.25,1499.75,1494.0,1497.75,0
2023-01-09T14:00:00Z,1496.25,1497.75,1488.25,1491.5,0
2023-01-09T15:00:00Z,1491.75,1495.0,1486.75,1494.75,0
2023-01-09T16:00:00Z,1494.75,1499.5,1492.75,1496.25,0
2023-01-09T17:00:00Z,1496.25,1496.5,1492.75,1496.0,0
2023-01-09T18:00:00Z,1496.0,1496.0,1487.0,1487.5,0
2023-01-09T19:00:00Z,1487.75,1490.0,1487.25,1490.0,0
2023-01-10T01:00:00Z,1487.75,1489.0,1476.0,1477.75,0
2023-01-10T02:00:00Z,1477.75,1480.25,1475.25,1478.75,0
2023-01-10T03:00:00Z,1478.5,1480.5,1477.5,1477.5,0
2023-01-10T04:00:00Z,1477.5,1477.75,1476.5,1477.0,0
2023-01-10T05:00:00Z,1477.0,1478.5,1475.75,1475.75,0
2023-01-10T06:00:00Z,1475.75,1478.25,1474.5,1477.75,0
2023-01-10T07:00:00Z,1477.5,1477.5,1474.0,1475.75,0
2023-01-10T08:00:00Z,1476.0,1478.5,1474.5,1476.5,0
2023-01-10T09:00:00Z,1476.25,1479.5,1475.75,1477.75,0
2023-01-10T10:00:00Z,1477.75,1478.5,1476.0,1476.75,0
2023-01-10T11:00:00Z,1477.0,1480.0,1475.75,1479.75,0
2023-01-10T12:00:00Z,1479.75,1481.0,1477.5,1478.5,0
2023-01-10T13:00:00Z,1478.5,1478.75,1476.25,1477.5,0
2023-01-10T14:00:00Z,1477.5,1489.25,1477.5,1483.25,0
2023-01-10T15:00:00Z,1483.25,1493.0,1482.75,1489.75,0
2023-01-10T16:00:00Z,1490.0,1497.5,1487.75,1496.25,0
2023-01-10T17:00:00Z,1496.25,1500.75,1486.5,1487.75,0
2023-01-10T18:00:00Z,1487.75,1489.75,1484.5,1486.5,0
2023-01-10T19:00:00Z,1486.75,1487.5,1484.25,1485.75,0
2023-01-11T01:00:00Z,1485.0,1486.0,1482.0,1486.0,0
2023-01-11T02:00:00Z,1486.0,1488.75,1484.0,1487.5,0
2023-01-11T03:00:00Z,1487.5,1488.0,1484.25,1486.25,0
2023-01-11T04:00:00Z,1486.0,1486.75,1485.75,1486.5,0
2023-01-11T05:00:00Z,1486.25,1490.0,1486.0,1488.25,0
2023-01-11T06:00:00Z,1488.25,1490.5,1488.0,1489.25,0
2023-01-11T07:00:00Z,1489.25,1490.75,1489.0,1489.75,0
2023-01-11T08:00:00Z,1490.0,1491.5,1488.75,1490.5,0
2023-01-11T09:00:00Z,1490.75,1494.25,1490.5,1492.75,0
2023-01-11T10:00:00Z,1492.5,1493.75,1490.75,1493.75,0
2023-01-11T11:00:00Z,1493.75,1496.25,1493.0,1493.75,0
2023-01-11T12:00:00Z,1493.75,1495.0,1492.25,1493.5,0
2023-01-11T13:00:00Z,1493.75,1496.75,1493.0,1496.5,0
2023-01-11T14:00:00Z,1496.0,1500.0,1493.5,1494.75,0
2023-01-11T15:00:00Z,1494.25,1495.5,1488.25,1491.5,0
2023-01-11T16:00:00Z,1491.5,1496.5,1490.75,1492.0,0
2023-01-11T17:00:00Z,1492.0,1497.5,1490.5,1495.75,0
2023-01-11T18:00:00Z,1495.75,1497.75,1494.0,1494.0,0
2023-01-11T19:00:00Z,1494.25,1494.75,1492.5,1494.0,0
2023-01-12T01:00:00Z,1494.0,1507.25,1493.25,1505.0,0
2023-01-12T02:00:00Z,1504.75,1506.5,1502.75,1505.0,0
2023-01-12T03:00:00Z,1505.0,1505.25,1502.25,1503.75,0
2023-01-12T04:00:00Z,1503.75,1504.0,1502.75,1503.5,0
2023-01-12T05:00:00Z,1503.25,1505.0,1502.75,1504.75,0
2023-01-12T06:00:00Z,1504.75,1505.0,1502.25,1502.75,0
2023-01-12T07:00:00Z,1502.5,1504.5,1502.25,1504.0,0
2023-01-12T08:00:00Z,1504.0,1504.25,1502.0,1502.5,0
2023-01-12T09:00:00Z,1502.5,1506.75,1502.5,1506.75,0
2023-01-12T10:00:00Z,1506.75,1506.75,1503.0,1503.25,0
2023-01-12T11:00:00Z,1503.5,1505.25,1502.5,1503.75,0
2023-01-12T12:00:00Z,1504.0,1504.5,1501.0,1502.25,0
2023-01-12T13:00:00Z,1502.0,1506.0,1499.75,1504.25,0
2023-01-12T14:00:00Z,1503.25,1508.25,1502.0,1504.5,0
2023-01-12T15:00:00Z,1504.25,1506.0,1497.5,1500.5,0
2023-01-12T16:00:00Z,1500.5,1503.75,1496.0,1497.5,0
2023-01-12T17:00:00Z,1497.75,1527.0,1497.75,1521.0,0
2023-01-12T18:00:00Z,1521.0,1521.75,1515.75,1517.75,0
2023-01-12T19:00:00Z,1518.0,1521.5,1516.5,1519.25,0
2023-01-13T01:00:00Z,1518.0,1523.0,1516.5,1522.0,0
2023-01-13T02:00:00Z,1522.0,1522.5,1516.25,1517.25,0
2023-01-13T03:00:00Z,1517.5,1519.75,1516.75,1519.5,0
2023-01-13T04:00:00Z,1519.75,1520.0,1519.25,1519.5,0
2023-01-13T05:00:00Z,1519.5,1520.5,1517.75,1519.25,0
2023-01-13T06:00:00Z,1519.25,1521.5,1518.75,1521.5,0
2023-01-13T07:00:00Z,1521.0,1523.5,1519.75,1523.25,0
2023-01-13T08:00:00Z,1523.25,1524.0,1521.25,1522.75,0
2023-01-13T09:00:00Z,1522.75,1525.75,1522.25,1525.25,0
2023-01-13T10:00:00Z,1525.5,1528.25,1524.25,1527.75,0
2023-01-13T11:00:00Z,1527.5,1528.0,1524.25,1524.5,0
2023-01-13T12:00:00Z,1524.5,1524.75,1515.75,1516.5,0
2023-01-13T13:00:00Z,1516.5,1516.75,1513.25,1516.25,0
2023-01-13T14:00:00Z,1516.75,1524.5,1515.0,1524.0,0
2023-01-13T15:00:00Z,1523.75,1532.25,1521.0,1530.25,0
2023-01-13T16:00:00Z,1530.5,1533.0,1524.0,1525.0,0
2023-01-13T17:00:00Z,1525.0,1532.75,1524.25,1530.0,0
2023-01-13T18:00:00Z,1530.0,1531.75,1525.0,1527.0,0
2023-01-13T19:00:00Z,1527.0,1530.25,1526.0,1528.5,0
2023-01-17T01:00:00Z,1518.75,1521.0,1515.75,1519.5,0
2023-01-17T02:00:00Z,1519.25,1519.5,1515.75,1517.75,0
2023-01-17T03:00:00Z,1517.75,1519.0,1516.25,1517.0,0
2023-01-17T04:00:00Z,1517.25,1517.75,1516.25,1517.25,0
2023-01-17T05:00:00Z,1517.25,1518.75,1516.75,1518.25,0
2023-01-17T06:00:00Z,1518.0,1519.0,1516.0,1516.25,0
2023-01-17T07:00:00Z,1516.25,1517.0,1515.0,1515.25,0
2023-01-17T08:00:00Z,1515.25,1515.75,1514.0,1515.0,0
2023-01-17T09:00:00Z,1514.75,1518.25,1514.25,1515.0,0
2023-01-17T10:00:00Z,1515.0,1515.75,1513.0,1514.25,0
2023-01-17T11:00:00Z,1514.5,1519.0,1514.25,1519.0,0
2023-01-17T12:00:00Z,1519.0,1520.75,1517.0,1520.0,0
2023-01-17T13:00:00Z,1520.25,1521.25,1516.75,1517.0,0
2023-01-17T14:00:00Z,1517.25,1524.0,1512.5,1518.25,0
2023-01-17T15:00:00Z,1518.5,1526.0,1518.5,1525.0,0
2023-01-17T16:00:00Z,1525.25,1531.5,1524.5,1530.25,0
2023-01-17T17:00:00Z,1530.5,1534.5,1527.0,1534.0,0
2023-01-17T18:00:00Z,1534.0,1539.5,1533.5,1534.75,0
2023-01-17T19:00:00Z,1535.0,1541.0,1534.75,1539.75,0
2023-01-18T01:00:00Z,1537.0,1546.0,1536.0,1542.25,0
2023-01-18T02:00:00Z,1542.25,1546.0,1542.0,1545.0,0
2023-01-18T03:00:00Z,1545.0,1546.5,1543.75,1546.0,0
2023-01-18T04:00:00Z,1546.0,1546.75,1544.75,1546.25,0
2023-01-18T05:00:00Z,1546.25,1547.5,1545.0,1547.25,0
2023-01-18T06:00:00Z,1547.25,1548.5,1543.75,1544.5,0
2023-01-18T07:00:00Z,1544.75,1546.5,1543.75,1546.5,0
2023-01-18T08:00:00Z,1546.5,1548.0,1543.5,1545.0,0
2023-01-18T09:00:00Z,1545.0,1548.0,1544.25,1546.75,0
2023-01-18T10:00:00Z,1546.5,1548.0,1545.5,1546.0,0
2023-01-18T11:00:00Z,1546.25,1548.0,1544.5,1545.5,0
2023-01-18T12:00:00Z,1545.75,1546.0,1539.5,1539.75,0
2023-01-18T13:00:00Z,1539.75,1541.5,1530.0,1532.0,0
2023-01-18T14:00:00Z,1532.0,1540.5,1531.5,1535.75,0
2023-01-18T15:00:00Z,1536.0,1537.0,1530.5,1531.25,0
2023-01-18T16:00:00Z,1531.5,1532.75,1520.5,1523.25,0
2023-01-18T17:00:00Z,1523.5,1524.0,1515.0,1516.5,0
2023-01-18T18:00:00Z,1516.75,1521.25,1511.25,1519.75,0
2023-01-18T19:00:00Z,1520.0,1525.25,1519.75,1524.75,0
2023-01-19T01:00:00Z,1523.5,1524.75,1521.0,1522.0,0
2023-01-19T02:00:00Z,1522.0,1526.25,1521.5,1525.25,0
2023-01-19T03:00:00Z,1525.25,1525.5,1523.25,1524.25,0
2023-01-19T04:00:00Z,1524.0,1524.5,1523.0,1523.75,0
2023-01-19T05:00:00Z,1523.75,1525.0,1523.0,1523.75,0
2023-01-19T06:00:00Z,1523.0,1525.0,1522.25,1523.5,0
2023-01-19T07:00:00Z,1523.5,1523.75,1521.5,1522.5,0
2023-01-19T08:00:00Z,1522.5,1524.0,1522.25,1522.75,0
2023-01-19T09:00:00Z,1522.5,1524.25,1522.5,1523.25,0
2023-01-19T10:00:00Z,1523.5,1524.25,1520.75,1523.75,0
2023-01-19T11:00:00Z,1523.75,1523.75,1521.25,1521.25,0
2023-01-19T12:00:00Z,1521.25,1526.25,1519.0,1524.25,0
2023-01-19T13:00:00Z,1524.0,1524.25,1517.5,1519.0,0
2023-01-19T14:00:00Z,1519.25,1524.25,1517.5,1517.75,0
2023-01-19T15:00:00Z,1517.75,1528.5,1516.0,1517.0,0
2023-01-19T16:00:00Z,1517.0,1521.25,1514.25,1515.25,0
2023-01-19T17:00:00Z,1515.25,1516.25,1512.25,1512.5,0
2023-01-19T18:00:00Z,1512.5,1515.25,1509.0,1514.75,0
2023-01-19T19:00:00Z,1514.75,1515.5,1513.75,1515.5,0
2023-01-20T01:00:00Z,1514.25,1516.5,1512.75,1515.25,0
2023-01-20T02:00:00Z,1515.25,1515.5,1512.25,1512.75,0
2023-01-20T03:00:00Z,1512.75,1512.75,1510.5,1512.5,0
2023-01-20T04:00:00Z,1512.25,1512.25,1511.25,1511.25,0
2023-01-20T05:00:00Z,1511.25,1512.0,1511.0,1511.75,0
2023-01-20T06:00:00Z,1511.5,1512.25,1510.75,1511.5,0
2023-01-20T07:00:00Z,1511.25,1513.75,1511.0,1513.75,0
2023-01-20T08:00:00Z,1513.75,1517.0,1513.75,1516.0,0
2023-01-20T09:00:00Z,1516.0,1516.5,1514.5,1514.75,0
2023-01-20T10:00:00Z,1514.75,1516.25,1512.75,1515.75,0
2023-01-20T11:00:00Z,1515.5,1516.0,1514.5,1515.25,0
2023-01-20T12:00:00Z,1515.0,1519.25,1514.0,1518.5,0
2023-01-20T13:00:00Z,1518.75,1519.0,1513.5,1515.75,0
2023-01-20T14:00:00Z,1515.75,1521.75,1511.5,1512.5,0
2023-01-20T15:00:00Z,1512.75,1513.75,1507.0,1510.75,0
2023-01-20T16:00:00Z,1510.75,1516.5,1509.5,1514.25,0
2023-01-20T17:00:00Z,1514.5,1514.75,1505.75,1506.25,0
2023-01-20T18:00:00Z,1506.5,1508.0,1504.0,1506.5,0
2023-01-20T19:00:00Z,1506.75,1509.5,1504.0,1509.0,0
2023-01-23T01:00:00Z,1500.0,1503.0,1496.0,1496.75,0
2023-01-23T02:00:00Z,1497.0,1497.75,1495.25,1495.75,0
2023-01-23T03:00:00Z,1495.75,1497.0,1495.25,1496.75,0
2023-01-23T04:00:00Z,1496.5,1497.0,1496.25,1496.75,0
2023-01-23T05:00:00Z,1497.0,1498.0,1496.75,1497.5,0
2023-01-23T06:00:00Z,1497.25,1497.25,1496.25,1497.25,0
2023-01-23T07:00:00Z,1497.0,1497.25,1494.25,1494.5,0
2023-01-23T08:00:00Z,1494.5,1498.5,1493.0,1497.5,0
2023-01-23T09:00:00Z,1497.25,1498.0,1496.5,1496.75,0
2023-01-23T10:00:00Z,1496.5,1496.75,1493.75,1495.0,0
2023-01-23T11:00:00Z,1495.0,1495.25,1490.75,1493.75,0
2023-01-23T12:00:00Z,1493.75,1494.25,1489.75,1490.0,0
2023-01-23T13:00:00Z,1490.0,1492.0,1488.75,1490.25,0
2023-01-23T14:00:00Z,1491.25,1491.75,1479.75,1484.25,0
2023-01-23T15:00:00Z,1484.0,1492.25,1483.25,1488.25,0
2023-01-23T16:00:00Z,1488.5,1488.5,1481.5,1482.5,0
2023-01-23T17:00:00Z,1482.5,1485.75,1480.0,1484.75,0
2023-01-23T18:00:00Z,1485.0,1489.5,1484.25,1488.0,0
2023-01-23T19:00:00Z,1488.25,1491.75,1488.0,1491.5,0
2023-01-24T01:00:00Z,1491.5,1496.75,1490.5,1495.75,0
2023-01-24T02:00:00Z,1495.75,1495.75,1494.25,1494.5,0
2023-01-24T03:00:00Z,1494.5,1495.25,1494.25,1494.5,0
2023-01-24T04:00:00Z,1494.75,1495.0,1493.75,1494.75,0
2023-01-24T05:00:00Z,1494.75,1495.5,1494.5,1494.75,0
2023-01-24T06:00:00Z,1494.75,1495.75,1494.0,1495.0,0
2023-01-24T07:00:00Z,1495.0,1496.0,1494.25,1495.0,0
2023-01-24T08:00:00Z,1494.75,1496.25,1493.5,1494.0,0
2023-01-24T09:00:00Z,1494.0,1495.75,1491.25,1493.0,0
2023-01-24T10:00:00Z,1492.75,1496.0,1490.75,1496.0,0
2023-01-24T11:00:00Z,1496.0,1498.0,1495.25,1497.0,0
2023-01-24T12:00:00Z,1497.0,1499.25,1495.5,1498.5,0
2023-01-24T13:00:00Z,1498.75,1502.25,1497.25,1498.5,0
2023-01-24T14:00:00Z,1498.5,1506.5,1498.5,1501.75,0
2023-01-24T15:00:00Z,1501.75,1504.75,1490.5,1492.25,0
2023-01-24T16:00:00Z,1492.25,1495.5,1487.25,1490.0,0
2023-01-24T17:00:00Z,1489.75,1494.5,1487.5,1494.0,0
2023-01-24T18:00:00Z,1494.0,1494.0,1487.5,1489.75,0
2023-01-24T19:00:00Z,1489.75,1490.0,1487.0,1489.25,0
2023-01-25T01:00:00Z,1488.25,1491.0,1488.25,1490.75,0
2023-01-25T02:00:00Z,1490.75,1491.25,1488.0,1488.5,0
2023-01-25T03:00:00Z,1488.5,1490.25,1487.5,1489.75,0
2023-01-25T04:00:00Z,1490.0,1490.25,1489.5,1489.5,0
2023-01-25T05:00:00Z,1489.25,1490.25,1485.75,1486.5,0
2023-01-25T06:00:00Z,1486.5,1486.5,1484.0,1484.75,0
2023-01-25T07:00:00Z,1484.5,1485.25,1483.25,1483.25,0
2023-01-25T08:00:00Z,1483.25,1484.5,1481.25,1481.25,0
2023-01-25T09:00:00Z,1481.25,1485.75,1481.0,1483.5,0
2023-01-25T10:00:00Z,1483.25,1483.5,1480.75,1481.5,0
2023-01-25T11:00:00Z,1481.25,1482.75,1478.5,1482.75,0
2023-01-25T12:00:00Z,1482.75,1483.0,1480.25,1480.5,0
2023-01-25T13:00:00Z,1480.25,1483.5,1479.5,1482.25,0
2023-01-25T14:00:00Z,1482.75,1490.5,1478.25,1486.75,0
2023-01-25T15:00:00Z,1486.75,1498.5,1486.25,1493.25,0
2023-01-25T16:00:00Z,1493.25,1495.0,1489.5,1494.5,0
2023-01-25T17:00:00Z,1494.5,1496.5,1491.75,1492.5,0
2023-01-25T18:00:00Z,1492.75,1502.5,1492.25,1501.75,0
2023-01-25T19:00:00Z,1501.75,1504.75,1501.5,1503.5,0
2023-01-26T01:00:00Z,1506.5,1506.5,1500.0,1502.75,0
2023-01-26T02:00:00Z,1502.5,1505.0,1502.25,1503.5,0
2023-01-26T03:00:00Z,1503.25,1503.75,1501.5,1502.75,0
2023-01-26T04:00:00Z,1502.75,1504.25,1502.5,1504.25,0
2023-01-26T05:00:00Z,1504.0,1504.0,1502.25,1502.5,0
2023-01-26T06:00:00Z,1502.25,1503.75,1501.75,1502.5,0
2023-01-26T07:00:00Z,1502.5,1504.75,1501.75,1504.75,0
2023-01-26T08:00:00Z,1504.5,1506.0,1502.25,1503.5,0
2023-01-26T09:00:00Z,1503.25,1506.25,1501.25,1503.75,0
2023-01-26T10:00:00Z,1504.0,1509.75,1503.75,1509.5,0
2023-01-26T11:00:00Z,1509.75,1512.25,1508.25,1511.25,0
2023-01-26T12:00:00Z,1511.25,1511.75,1507.75,1508.25,0
2023-01-26T13:00:00Z,1508.25,1511.25,1508.25,1509.5,0
2023-01-26T14:00:00Z,1509.75,1521.0,1509.25,1512.5,0
2023-01-26T15:00:00Z,1512.75,1519.0,1508.0,1517.25,0
2023-01-26T16:00:00Z,1517.25,1523.5,1515.5,1516.25,0
2023-01-26T17:00:00Z,1516.25,1521.0,1515.0,1520.5,0
2023-01-26T18:00:00Z,1520.5,1524.75,1518.5,1524.5,0
2023-01-26T19:00:00Z,1524.75,1526.25,1522.5,1523.5,0
2023-01-27T01:00:00Z,1521.75,1525.0,1520.25,1524.0,0
2023-01-27T02:00:00Z,1524.25,1524.75,1522.25,1523.5,0
2023-01-27T03:00:00Z,1523.5,1524.5,1523.0,1523.5,0
2023-01-27T04:00:00Z,1523.75,1526.25,1523.5,1525.5,0
2023-01-27T05:00:00Z,1525.75,1526.0,1524.0,1524.5,0
2023-01-27T06:00:00Z,1524.75,1525.75,1522.5,1523.25,0
2023-01-27T07:00:00Z,1523.25,1523.75,1521.0,1521.25,0
2023-01-27T08:00:00Z,1521.5,1523.0,1520.25,1521.25,0
2023-01-27T09:00:00Z,1521.5,1523.5,1520.5,1521.5,0
2023-01-27T10:00:00Z,1521.25,1524.25,1520.75,1524.25,0
2023-01-27T11:00:00Z,1524.0,1527.0,1524.0,1526.25,0
2023-01-27T12:00:00Z,1526.25,1526.25,1521.0,1522.25,0
2023-01-27T13:00:00Z,1522.0,1523.0,1517.0,1518.0,0
2023-01-27T14:00:00Z,1516.75,1520.25,1514.75,1518.75,0
2023-01-27T15:00:00Z,1519.0,1521.25,1515.0,1518.5,0
2023-01-27T16:00:00Z,1518.5,1523.25,1514.25,1514.5,0
2023-01-27T17:00:00Z,1514.5,1514.75,1510.0,1511.25,0
2023-01-27T18:00:00Z,1511.25,1513.0,1508.75,1511.5,0
2023-01-27T19:00:00Z,1511.25,1512.25,1506.5,1512.25,0
2023-01-30T01:00:00Z,1516.25,1528.75,1516.25,1524.5,0
2023-01-30T02:00:00Z,1524.75,1526.5,1522.75,1524.75,0
2023-01-30T03:00:00Z,1525.0,1525.0,1522.75,1523.5,0
2023-01-30T04:00:00Z,1523.25,1526.0,1523.25,1525.75,0
2023-01-30T05:00:00Z,1525.5,1527.0,1523.75,1526.75,0
2023-01-30T06:00:00Z,1527.0,1527.0,1525.0,1526.0,0
2023-01-30T07:00:00Z,1525.75,1526.0,1524.25,1524.5,0
2023-01-30T08:00:00Z,1524.75,1527.75,1524.25,1526.0,0
2023-01-30T09:00:00Z,1526.0,1528.0,1525.25,1525.75,0
2023-01-30T10:00:00Z,1525.75,1528.5,1525.75,1528.25,0
2023-01-30T11:00:00Z,1528.25,1528.75,1526.75,1527.75,0
2023-01-30T12:00:00Z,1527.75,1530.0,1527.25,1528.5,0
2023-01-30T13:00:00Z,1528.5,1532.5,1525.25,1527.0,0
2023-01-30T14:00:00Z,1525.75,1535.5,1525.5,1528.0,0
2023-01-30T15:00:00Z,1528.0,1529.75,1522.25,1523.25,0
2023-01-30T16:00:00Z,1523.5,1532.75,1523.25,1530.5,0
2023-01-30T17:00:00Z,1530.75,1535.0,1530.0,1531.5,0
2023-01-30T18:00:00Z,1531.5,1538.0,1530.5,1535.0,0
2023-01-30T19:00:00Z,1535.0,1536.75,1533.0,1533.5,0
2023-01-31T01:00:00Z,1533.5,1536.75,1529.5,1535.0,0
2023-01-31T02:00:00Z,1535.0,1535.75,1532.5,1534.75,0
2023-01-31T03:00:00Z,1534.75,1535.0,1533.5,1534.0,0
2023-01-31T04:00:00Z,1534.0,1534.5,1533.0,1534.0,0
2023-01-31T05:00:00Z,1534.25,1536.0,1533.25,1535.0,0
2023-01-31T06:00:00Z,1535.0,1537.25,1533.25,1534.75,0
2023-01-31T07:00:00Z,1534.75,1534.75,1530.5,1530.5,0
2023-01-31T08:00:00Z,1530.5,1530.5,1527.25,1529.25,0
2023-01-31T09:00:00Z,1529.0,1530.5,1527.75,1529.75,0
2023-01-31T10:00:00Z,1529.5,1531.0,1528.5,1528.5,0
2023-01-31T11:00:00Z,1528.5,1530.25,1527.5,1530.0,0
2023-01-31T12:00:00Z,1529.75,1530.75,1527.75,1530.25,0
2023-01-31T13:00:00Z,1530.0,1530.75,1524.5,1530.25,0
2023-01-31T14:00:00Z,1529.5,1536.5,1525.25,1536.0,0
2023-01-31T15:00:00Z,1535.75,1542.75,1527.75,1536.25,0
2023-01-31T16:00:00Z,1536.25,1542.25,1535.0,1537.0,0
2023-01-31T17:00:00Z,1537.0,1543.75,1537.0,1540.75,0
2023-01-31T18:00:00Z,1540.75,1540.75,1535.5,1538.5,0
2023-01-31T19:00:00Z,1538.5,1539.5,1535.25,1538.0,0
2023-02-01T01:00:00Z,1537.5,1539.75,1536.0,1538.5,0
2023-02-01T02:00:00Z,1538.25,1539.0,1535.25,1536.25,0
2023-02-01T03:00:00Z,1536.0,1538.75,1535.5,1537.5,0
2023-02-01T04:00:00Z,1537.5,1537.5,1537.0,1537.25,0
2023-02-01T05:00:00Z,1537.25,1538.75,1537.0,1538.25,0
2023-02-01T06:00:00Z,1538.5,1539.25,1535.75,1536.0,0
2023-02-01T07:00:00Z,1536.0,1536.25,1533.5,1535.5,0
2023-02-01T08:00:00Z,1535.5,1535.5,1532.25,1534.25,0
2023-02-01T09:00:00Z,1534.5,1534.5,1531.25,1531.5,0
2023-02-01T10:00:00Z,1531.75,1535.5,1531.75,1535.0,0
2023-02-01T11:00:00Z,1534.75,1539.75,1534.75,1539.5,0
2023-02-01T12:00:00Z,1539.25,1541.0,1538.0,1539.0,0
2023-02-01T13:00:00Z,1539.25,1542.75,1534.75,1536.75,0
2023-02-01T14:00:00Z,1537.5,1537.75,1527.5,1528.75,0
2023-02-01T15:00:00Z,1529.0,1529.75,1522.5,1526.0,0
2023-02-01T16:00:00Z,1525.75,1525.75,1514.5,1515.0,0
2023-02-01T17:00:00Z,1515.0,1516.0,1510.75,1513.0,0
2023-02-01T18:00:00Z,1513.0,1521.5,1512.75,1520.0,0
2023-02-01T19:00:00Z,1520.25,1522.25,1518.75,1520.25,0
2023-02-02T01:00:00Z,1522.75,1528.0,1522.5,1526.75,0
2023-02-02T02:00:00Z,1526.75,1529.0,1526.25,1528.25,0
2023-02-02T03:00:00Z,1528.0,1528.75,1526.75,1528.0,0
2023-02-02T04:00:00Z,1528.25,1529.75,1527.75,1529.5,0
2023-02-02T05:00:00Z,1529.75,1530.25,1528.75,1529.75,0
2023-02-02T06:00:00Z,1529.75,1530.5,1526.75,1528.25,0
2023-02-02T07:00:00Z,1528.0,1528.75,1526.75,1527.0,0
2023-02-02T08:00:00Z,1527.25,1529.25,1526.25,1527.0,0
2023-02-02T09:00:00Z,1526.75,1527.25,1524.0,1526.0,0
2023-02-02T10:00:00Z,1525.75,1527.0,1525.75,1526.75,0
2023-02-02T11:00:00Z,1526.75,1529.0,1526.5,1528.75,0
2023-02-02T12:00:00Z,1529.0,1531.75,1527.5,1529.75,0
2023-02-02T13:00:00Z,1529.75,1533.5,1528.75,1530.25,0
2023-02-02T14:00:00Z,1530.75,1537.75,1527.0,1529.25,0
2023-02-02T15:00:00Z,1529.5,1535.0,1524.25,1533.5,0
2023-02-02T16:00:00Z,1533.5,1534.75,1524.75,1529.75,0
2023-02-02T17:00:00Z,1529.75,1533.75,1528.5,1533.75,0
2023-02-02T18:00:00Z,1533.75,1536.75,1533.5,1534.25,0
2023-02-02T19:00:00Z,1534.5,1536.0,1533.0,1534.25,0
2023-02-03T01:00:00Z,1533.5,1533.5,1526.5,1526.75,0
2023-02-03T02:00:00Z,1526.5,1527.25,1525.0,1526.5,0
2023-02-03T03:00:00Z,1526.25,1528.75,1526.25,1527.5,0
2023-02-03T04:00:00Z,1527.25,1527.25,1526.25,1526.75,0
2023-02-03T05:00:00Z,1526.75,1528.75,1526.25,1526.75,0
2023-02-03T06:00:00Z,1526.75,1532.5,1526.25,1532.25,0
2023-02-03T07:00:00Z,1532.0,1533.0,1530.75,1532.25,0
2023-02-03T08:00:00Z,1532.25,1533.5,1531.0,1533.0,0
2023-02-03T09:00:00Z,1532.75,1535.5,1531.75,1535.5,0
2023-02-03T10:00:00Z,1535.25,1538.75,1534.75,1538.0,0
2023-02-03T11:00:00Z,1537.75,1539.0,1537.0,1538.25,0
2023-02-03T12:00:00Z,1538.25,1538.25,1533.0,1533.25,0
2023-02-03T13:00:00Z,1533.25,1535.25,1528.5,1530.0,0
2023-02-03T14:00:00Z,1528.75,1539.75,1524.75,1537.75,0
2023-02-03T15:00:00Z,1537.75,1537.75,1526.5,1527.0,0
2023-02-03T16:00:00Z,1527.0,1533.0,1525.5,1528.25,0
2023-02-03T17:00:00Z,1528.25,1534.5,1527.25,1531.75,0
2023-02-03T18:00:00Z,1531.5,1535.5,1529.5,1532.0,0
2023-02-03T19:00:00Z,1532.0,1533.5,1530.5,1532.0,0
2023-02-06T01:00:00Z,1532.0,1535.5,1528.0,1531.75,0
2023-02-06T02:00:00Z,1532.0,1532.0,1529.25,1532.0,0
2023-02-06T03:00:00Z,1531.75,1533.5,1530.5,1531.0,0
2023-02-06T04:00:00Z,1530.75,1531.75,1530.25,1530.75,0
2023-02-06T05:00:00Z,1530.75,1534.0,1530.25,1532.0,0
2023-02-06T06:00:00Z,1532.5,1532.75,1529.5,1530.25,0
2023-02-06T07:00:00Z,1530.0,1530.75,1527.75,1528.0,0
2023-02-06T08:00:00Z,1528.25,1529.75,1527.0,1529.75,0
2023-02-06T09:00:00Z,1529.25,1529.25,1525.25,1526.25,0
2023-02-06T10:00:00Z,1526.25,1528.25,1525.5,1526.75,0
2023-02-06T11:00:00Z,1526.5,1526.5,1522.25,1524.5,0
2023-02-06T12:00:00Z,1524.5,1527.25,1523.75,1526.75,0
2023-02-06T13:00:00Z,1526.5,1529.75,1525.75,1528.25,0
2023-02-06T14:00:00Z,1527.75,1531.5,1523.5,1525.25,0
2023-02-06T15:00:00Z,1525.0,1526.0,1518.5,1520.25,0
2023-02-06T16:00:00Z,1520.25,1525.0,1518.75,1521.0,0
2023-02-06T17:00:00Z,1521.0,1523.0,1517.25,1517.5,0
2023-02-06T18:00:00Z,1517.5,1520.0,1516.75,1518.75,0
2023-02-06T19:00:00Z,1518.75,1521.75,1518.5,1521.0,0
2023-02-07T01:00:00Z,1521.0,1524.5,1519.75,1524.5,0
2023-02-07T02:00:00Z,1524.25,1526.0,1523.75,1525.5,0
2023-02-07T03:00:00Z,1525.25,1526.0,1523.5,1523.5,0
2023-02-07T04:00:00Z,1523.25,1523.75,1523.0,1523.25,0
2023-02-07T05:00:00Z,1523.0,1526.25,1523.0,1525.75,0
2023-02-07T06:00:00Z,1526.0,1527.5,1525.5,1527.25,0
2023-02-07T07:00:00Z,1527.5,1527.75,1525.5,1526.0,0
2023-02-07T08:00:00Z,1526.0,1526.75,1523.75,1526.0,0
2023-02-07T09:00:00Z,1525.75,1527.75,1525.5,1526.75,0
2023-02-07T10:00:00Z,1526.75,1529.5,1526.75,1528.5,0
2023-02-07T11:00:00Z,1528.75,1529.75,1527.75,1528.75,0
2023-02-07T12:00:00Z,1528.25,1530.5,1527.25,1528.0,0
2023-02-07T13:00:00Z,1528.25,1529.75,1523.75,1526.0,0
2023-02-07T14:00:00Z,1526.0,1526.25,1517.5,1518.0,0
2023-02-07T15:00:00Z,1517.75,1519.25,1511.0,1514.0,0
2023-02-07T16:00:00Z,1513.75,1525.25,1511.25,1523.25,0
2023-02-07T17:00:00Z,1523.25,1524.5,1519.75,1523.5,0
2023-02-07T18:00:00Z,1523.5,1524.25,1513.75,1514.25,0
2023-02-07T19:00:00Z,1514.5,1517.75,1514.0,1516.25,0
2023-02-08T01:00:00Z,1516.0,1519.25,1515.25,1518.0,0
2023-02-08T02:00:00Z,1517.75,1521.25,1517.25,1521.25,0
2023-02-08T03:00:00Z,1521.5,1521.5,1519.25,1520.75,0
2023-02-08T04:00:00Z,1520.75,1520.75,1519.25,1520.5,0
2023-02-08T05:00:00Z,1520.5,1522.25,1519.75,1521.5,0
2023-02-08T06:00:00Z,1521.75,1524.0,1521.75,1522.75,0
2023-02-08T07:00:00Z,1522.5,1524.0,1521.75,1523.5,0
2023-02-08T08:00:00Z,1523.5,1524.5,1521.25,1524.5,0
2023-02-08T09:00:00Z,1524.25,1526.5,1524.25,1526.25,0
2023-02-08T10:00:00Z,1526.5,1527.75,1526.0,1527.0,0
2023-02-08T11:00:00Z,1527.25,1527.25,1523.75,1524.25,0
2023-02-08T12:00:00Z,1524.25,1526.75,1524.0,1525.5,0
2023-02-08T13:00:00Z,1525.25,1527.0,1523.0,1525.25,0
2023-02-08T14:00:00Z,1524.5,1525.5,1515.25,1516.25,0
2023-02-08T15:00:00Z,1516.25,1523.75,1513.25,1521.5,0
2023-02-08T16:00:00Z,1521.5,1526.75,1519.75,1523.25,0
2023-02-08T17:00:00Z,1523.25,1523.25,1505.75,1511.0,0
2023-02-08T18:00:00Z,1511.0,1519.75,1510.75,1518.0,0
2023-02-08T19:00:00Z,1518.0,1520.25,1517.25,1519.75,0
2023-02-09T01:00:00Z,1518.5,1523.5,1515.5,1523.25,0
2023-02-09T02:00:00Z,1523.5,1523.5,1516.75,1516.75,0
2023-02-09T03:00:00Z,1516.75,1516.75,1512.0,1514.25,0
2023-02-09T04:00:00Z,1514.25,1514.5,1513.25,1514.25,0
2023-02-09T05:00:00Z,1514.0,1515.75,1514.0,1515.75,0
2023-02-09T06:00:00Z,1516.0,1517.5,1514.5,1516.5,0
2023-02-09T07:00:00Z,1516.25,1520.5,1515.5,1520.25,0
2023-02-09T08:00:00Z,1520.25,1526.25,1520.0,1525.5,0
2023-02-09T09:00:00Z,1525.25,1528.25,1525.25,1526.0,0
2023-02-09T10:00:00Z,1526.0,1533.0,1525.75,1532.5,0
2023-02-09T11:00:00Z,1532.75,1533.75,1530.0,1530.25,0
2023-02-09T12:00:00Z,1530.5,1532.75,1527.75,1529.0,0
2023-02-09T13:00:00Z,1528.75,1528.75,1525.5,1527.25,0
2023-02-09T14:00:00Z,1525.0,1530.75,1514.75,1515.0,0
2023-02-09T15:00:00Z,1515.0,1522.0,1513.0,1515.0,0
2023-02-09T16:00:00Z,1515.0,1518.25,1512.75,1517.25,0
2023-02-09T17:00:00Z,1517.25,1524.25,1515.75,1516.25,0
2023-02-09T18:00:00Z,1516.5,1522.0,1516.25,1518.5,0
2023-02-09T19:00:00Z,1518.75,1520.0,1517.0,1518.75,0
2023-02-10T01:00:00Z,1518.0,1520.75,1515.5,1517.0,0
2023-02-10T02:00:00Z,1517.0,1523.75,1516.5,1522.25,0
2023-02-10T03:00:00Z,1522.25,1523.75,1521.25,1522.5,0
2023-02-10T04:00:00Z,1522.0,1522.5,1521.25,1522.25,0
2023-02-10T05:00:00Z,1522.25,1525.5,1521.0,1525.0,0
2023-02-10T06:00:00Z,1525.25,1527.25,1525.25,1526.0,0
2023-02-10T07:00:00Z,1525.75,1526.75,1524.75,1526.5,0
2023-02-10T08:00:00Z,1526.25,1527.75,1526.0,1527.0,0
2023-02-10T09:00:00Z,1527.0,1528.0,1521.75,1521.75,0
2023-02-10T10:00:00Z,1522.0,1523.0,1520.25,1521.25,0
2023-02-10T11:00:00Z,1521.25,1522.5,1520.25,1522.0,0
2023-02-10T12:00:00Z,1522.25,1522.5,1519.75,1521.0,0
2023-02-10T13:00:00Z,1521.0,1525.0,1520.0,1524.25,0
2023-02-10T14:00:00Z,1524.0,1533.0,1523.0,1529.75,0
2023-02-10T15:00:00Z,1529.75,1539.5,1526.0,1537.5,0
2023-02-10T16:00:00Z,1537.75,1538.0,1527.0,1530.5,0
2023-02-10T17:00:00Z,1530.5,1539.0,1529.75,1538.5,0
2023-02-10T18:00:00Z,1538.5,1542.75,1536.5,1541.25,0
2023-02-10T19:00:00Z,1541.0,1543.25,1540.75,1543.25,0
2023-02-13T01:00:00Z,1542.0,1553.25,1539.5,1548.75,0
2023-02-13T02:00:00Z,1548.75,1550.5,1546.5,1547.0,0
2023-02-13T03:00:00Z,1546.75,1548.25,1546.75,1547.25,0
2023-02-13T04:00:00Z,1547.25,1547.25,1546.0,1546.0,0
2023-02-13T05:00:00Z,1546.0,1547.25,1544.5,1545.0,0
2023-02-13T06:00:00Z,1545.25,1545.5,1543.5,1543.75,0
2023-02-13T07:00:00Z,1543.75,1544.75,1542.25,1542.75,0
2023-02-13T08:00:00Z,1542.5,1544.25,1541.25,1541.25,0
2023-02-13T09:00:00Z,1541.0,1542.0,1537.0,1539.0,0
2023-02-13T10:00:00Z,1539.0,1541.75,1537.5,1541.75,0
2023-02-13T11:00:00Z,1541.75,1545.5,1541.25,1544.0,0
2023-02-13T12:00:00Z,1544.25,1545.0,1541.0,1541.5,0
2023-02-13T13:00:00Z,1541.5,1543.5,1540.0,1541.25,0
2023-02-13T14:00:00Z,1540.75,1549.75,1539.25,1549.5,0
2023-02-13T15:00:00Z,1549.5,1555.5,1541.25,1545.75,0
2023-02-13T16:00:00Z,1545.75,1551.0,1545.25,1551.0,0
2023-02-13T17:00:00Z,1551.0,1551.25,1537.0,1539.75,0
2023-02-13T18:00:00Z,1540.0,1543.75,1538.5,1541.25,0
2023-02-13T19:00:00Z,1541.5,1543.5,1541.25,1542.75,0
2023-02-14T01:00:00Z,1535.25,1536.0,1532.75,1533.5,0
2023-02-14T02:00:00Z,1533.25,1535.25,1532.0,1535.25,0
2023-02-14T03:00:00Z,1535.25,1535.75,1534.75,1535.75,0
2023-02-14T04:00:00Z,1535.5,1535.5,1534.75,1535.0,0
2023-02-14T05:00:00Z,1535.0,1536.0,1535.0,1535.75,0
2023-02-14T06:00:00Z,1536.0,1536.5,1534.0,1534.0,0
2023-02-14T07:00:00Z,1534.0,1534.25,1532.25,1533.5,0
2023-02-14T08:00:00Z,1533.25,1534.5,1533.0,1534.25,0
2023-02-14T09:00:00Z,1534.5,1535.0,1533.5,1534.25,0
2023-02-14T10:00:00Z,1534.5,1534.5,1532.5,1533.25,0
2023-02-14T11:00:00Z,1533.0,1533.25,1529.75,1531.5,0
2023-02-14T12:00:00Z,1531.5,1534.5,1531.25,1533.5,0
2023-02-14T13:00:00Z,1533.5,1534.5,1529.0,1530.25,0
2023-02-14T14:00:00Z,1529.75,1531.75,1526.0,1529.25,0
2023-02-14T15:00:00Z,1529.25,1535.75,1528.25,1532.5,0
2023-02-14T16:00:00Z,1532.5,1536.25,1529.25,1529.75,0
2023-02-14T17:00:00Z,1529.5,1530.5,1525.5,1526.75,0
2023-02-14T18:00:00Z,1526.75,1529.75,1526.5,1527.25,0
2023-02-14T19:00:00Z,1527.25,1530.75,1526.75,1529.25,0
2023-02-15T01:00:00Z,1528.75,1529.25,1522.25,1523.5,0
2023-02-15T02:00:00Z,1524.0,1524.25,1522.25,1523.25,0
2023-02-15T03:00:00Z,1522.75,1523.25,1522.25,1522.5,0
2023-02-15T04:00:00Z,1522.5,1522.75,1522.0,1522.5,0
2023-02-15T05:00:00Z,1522.25,1522.5,1521.5,1521.75,0
2023-02-15T06:00:00Z,1521.75,1522.25,1519.25,1520.5,0
2023-02-15T07:00:00Z,1520.25,1521.0,1518.25,1518.25,0
2023-02-15T08:00:00Z,1518.25,1520.75,1518.25,1520.75,0
2023-02-15T09:00:00Z,1520.5,1521.5,1519.5,1520.5,0
2023-02-15T10:00:00Z,1520.0,1521.5,1519.5,1521.0,0
2023-02-15T11:00:00Z,1520.5,1521.25,1518.5,1518.5,0
2023-02-15T12:00:00Z,1518.5,1520.25,1517.75,1518.25,0
2023-02-15T13:00:00Z,1518.25,1519.5,1515.5,1518.5,0
2023-02-15T14:00:00Z,1518.25,1518.75,1513.0,1513.5,0
2023-02-15T15:00:00Z,1513.5,1517.75,1511.25,1512.0,0
2023-02-15T16:00:00Z,1512.0,1517.75,1510.25,1515.0,0
2023-02-15T17:00:00Z,1514.75,1519.5,1513.0,1517.5,0
2023-02-15T18:00:00Z,1517.75,1520.5,1517.5,1518.25,0
2023-02-15T19:00:00Z,1518.5,1521.0,1518.0,1518.0,0
2023-02-16T01:00:00Z,1518.5,1521.5,1513.75,1521.25,0
2023-02-16T02:00:00Z,1521.0,1522.0,1519.5,1520.75,0
2023-02-16T03:00:00Z,1520.75,1520.75,1519.75,1520.0,0
2023-02-16T04:00:00Z,1520.0,1521.0,1520.0,1520.5,0
2023-02-16T05:00:00Z,1521.0,1521.25,1519.0,1520.25,0
2023-02-16T06:00:00Z,1520.75,1521.25,1518.75,1519.75,0
2023-02-16T07:00:00Z,1519.5,1520.0,1518.0,1518.0,0
2023-02-16T08:00:00Z,1518.0,1518.5,1515.25,1516.0,0
2023-02-16T09:00:00Z,1516.0,1517.5,1515.25,1515.5,0
2023-02-16T10:00:00Z,1515.5,1516.5,1515.25,1516.25,0
2023-02-16T11:00:00Z,1516.25,1517.75,1515.0,1515.0,0
2023-02-16T12:00:00Z,1515.25,1518.5,1515.25,1517.0,0
2023-02-16T13:00:00Z,1517.5,1519.25,1515.5,1516.0,0
2023-02-16T14:00:00Z,1516.5,1520.75,1515.5,1520.25,0
2023-02-16T15:00:00Z,1520.25,1524.0,1518.75,1521.5,0
2023-02-16T16:00:00Z,1521.75,1526.0,1517.75,1521.25,0
2023-02-16T17:00:00Z,1521.25,1522.0,1517.25,1517.5,0
2023-02-16T18:00:00Z,1517.5,1522.0,1517.25,1521.5,0
2023-02-16T19:00:00Z,1521.5,1522.0,1519.75,1521.25,0
2023-02-17T01:00:00Z,1521.0,1524.25,1519.0,1523.0,0
2023-02-17T02:00:00Z,1522.25,1526.75,1521.25,1526.75,0
2023-02-17T03:00:00Z,1526.5,1526.5,1523.0,1523.5,0
2023-02-17T04:00:00Z,1523.25,1523.75,1523.0,1523.75,0
2023-02-17T05:00:00Z,1523.5,1523.75,1522.75,1523.75,0
2023-02-17T06:00:00Z,1523.75,1525.0,1522.75,1523.5,0
2023-02-17T07:00:00Z,1523.75,1524.0,1520.5,1520.5,0
2023-02-17T08:00:00Z,1520.75,1522.25,1518.75,1522.25,0
2023-02-17T09:00:00Z,1521.75,1523.25,1521.25,1522.5,0
2023-02-17T10:00:00Z,1522.75,1524.5,1521.75,1523.5,0
2023-02-17T11:00:00Z,1523.75,1524.0,1522.5,1523.5,0
2023-02-17T12:00:00Z,1523.75,1525.75,1521.0,1525.5,0
2023-02-17T13:00:00Z,1525.75,1527.0,1524.0,1524.0,0
2023-02-17T14:00:00Z,1524.0,1525.25,1519.0,1520.5,0
2023-02-17T15:00:00Z,1520.5,1525.5,1519.25,1522.0,0
2023-02-17T16:00:00Z,1522.25,1526.25,1521.75,1523.75,0
2023-02-17T17:00:00Z,1523.5,1527.0,1521.0,1522.25,0
2023-02-17T18:00:00Z,1522.25,1523.75,1519.5,1523.75,0
2023-02-17T19:00:00Z,1523.75,1524.75,1521.0,1521.25,0
2023-02-21T01:00:00Z,1531.25,1535.0,1530.75,1532.5,0
2023-02-21T02:00:00Z,1532.75,1535.0,1532.0,1534.0,0
2023-02-21T03:00:00Z,1534.0,1534.5,1533.0,1533.25,0
2023-02-21T04:00:00Z,1533.5,1533.75,1533.0,1533.5,0
2023-02-21T05:00:00Z,1533.25,1535.0,1533.25,1535.0,0
2023-02-21T06:00:00Z,1534.75,1535.5,1534.25,1535.5,0
2023-02-21T07:00:00Z,1535.25,1535.25,1533.0,1533.25,0
2023-02-21T08:00:00Z,1533.5,1536.25,1533.0,1535.5,0
2023-02-21T09:00:00Z,1535.5,1536.75,1534.0,1536.5,0
2023-02-21T10:00:00Z,1536.25,1538.5,1536.0,1538.0,0
2023-02-21T11:00:00Z,1538.5,1538.5,1536.25,1536.75,0
2023-02-21T12:00:00Z,1536.5,1536.75,1534.5,1535.5,0
2023-02-21T13:00:00Z,1535.5,1537.0,1533.75,1534.75,0
2023-02-21T14:00:00Z,1535.0,1541.75,1531.75,1533.25,0
2023-02-21T15:00:00Z,1533.0,1537.75,1530.0,1536.5,0
2023-02-21T16:00:00Z,1536.5,1539.75,1532.0,1539.0,0
2023-02-21T17:00:00Z,1539.0,1543.25,1536.75,1542.75,0
2023-02-21T18:00:00Z,1542.5,1544.0,1541.0,1543.5,0
2023-02-21T19:00:00Z,1543.25,1544.5,1543.0,1544.0,0
2023-02-22T01:00:00Z,1542.0,1548.5,1541.0,1546.5,0
2023-02-22T02:00:00Z,1546.75,1548.25,1546.0,1547.5,0
2023-02-22T03:00:00Z,1547.5,1549.75,1547.25,1548.75,0
2023-02-22T04:00:00Z,1548.75,1549.0,1547.5,1547.75,0
2023-02-22T05:00:00Z,1547.75,1548.75,1547.25,1547.5,0
2023-02-22T06:00:00Z,1547.5,1547.75,1545.0,1545.0,0
2023-02-22T07:00:00Z,1544.75,1545.0,1542.0,1543.0,0
2023-02-22T08:00:00Z,1543.25,1544.0,1541.75,1542.25,0
2023-02-22T09:00:00Z,1542.25,1542.75,1539.5,1539.75,0
2023-02-22T10:00:00Z,1539.5,1540.5,1539.0,1540.25,0
2023-02-22T11:00:00Z,1540.25,1541.5,1537.5,1537.5,0
2023-02-22T12:00:00Z,1537.5,1541.0,1537.5,1540.25,0
2023-02-22T13:00:00Z,1540.5,1541.5,1539.25,1540.0,0
2023-02-22T14:00:00Z,1539.25,1540.0,1533.75,1537.0,0
2023-02-22T15:00:00Z,1537.25,1541.5,1535.5,1538.75,0
2023-02-22T16:00:00Z,1538.75,1542.0,1533.0,1534.5,0
2023-02-22T17:00:00Z,1534.25,1537.75,1533.25,1535.5,0
2023-02-22T18:00:00Z,1535.75,1537.0,1533.0,1533.75,0
2023-02-22T19:00:00Z,1533.5,1536.5,1533.25,1536.5,0
2023-02-23T01:00:00Z,1535.0,1537.75,1532.0,1537.5,0
2023-02-23T02:00:00Z,1537.5,1537.5,1533.5,1535.75,0
2023-02-23T03:00:00Z,1535.75,1536.5,1534.75,1535.5,0
2023-02-23T04:00:00Z,1535.5,1536.0,1534.75,1534.75,0
2023-02-23T05:00:00Z,1534.75,1535.0,1532.75,1533.5,0
2023-02-23T06:00:00Z,1533.5,1534.25,1532.0,1533.25,0
2023-02-23T07:00:00Z,1533.25,1534.75,1532.5,1534.25,0
2023-02-23T08:00:00Z,1534.5,1537.75,1534.25,1536.5,0
2023-02-23T09:00:00Z,1536.5,1537.25,1534.0,1534.25,0
2023-02-23T10:00:00Z,1534.25,1534.5,1529.5,1531.0,0
2023-02-23T11:00:00Z,1531.25,1531.5,1530.0,1530.0,0
2023-02-23T12:00:00Z,1530.0,1536.25,1529.75,1535.75,0
2023-02-23T13:00:00Z,1535.5,1535.75,1532.75,1534.0,0
2023-02-23T14:00:00Z,1533.25,1540.0,1531.5,1532.5,0
2023-02-23T15:00:00Z,1532.75,1536.25,1529.25,1530.75,0
2023-02-23T16:00:00Z,1530.5,1531.25,1528.25,1528.75,0
2023-02-23T17:00:00Z,1528.5,1532.5,1527.5,1527.5,0
2023-02-23T18:00:00Z,1527.5,1528.75,1526.25,1527.75,0
2023-02-23T19:00:00Z,1527.75,1528.75,1527.0,1527.5,0
2023-02-24T01:00:00Z,1528.0,1532.75,1527.5,1531.25,0
2023-02-24T02:00:00Z,1531.5,1533.5,1530.25,1530.25,0
2023-02-24T03:00:00Z,1530.25,1533.0,1530.0,1531.5,0
2023-02-24T04:00:00Z,1531.5,1532.5,1531.5,1532.0,0
2023-02-24T05:00:00Z,1532.0,1533.75,1530.75,1533.25,0
2023-02-24T06:00:00Z,1533.25,1535.0,1532.25,1533.5,0
2023-02-24T07:00:00Z,1533.75,1535.75,1533.0,1535.75,0
2023-02-24T08:00:00Z,1535.5,1536.0,1534.0,1534.25,0
2023-02-24T09:00:00Z,1534.0,1535.25,1533.75,1535.0,0
2023-02-24T10:00:00Z,1535.0,1536.25,1534.75,1536.0,0
2023-02-24T11:00:00Z,1535.75,1535.75,1533.5,1534.0,0
2023-02-24T12:00:00Z,1534.0,1534.0,1530.0,1531.5,0
2023-02-24T13:00:00Z,1531.25,1531.25,1524.75,1526.0,0
2023-02-24T14:00:00Z,1525.75,1526.0,1518.25,1525.0,0
2023-02-24T15:00:00Z,1525.0,1526.5,1517.5,1518.0,0
2023-02-24T16:00:00Z,1518.0,1530.5,1517.5,1522.0,0
2023-02-24T17:00:00Z,1521.75,1523.0,1517.0,1517.75,0
2023-02-24T18:00:00Z,1517.75,1520.75,1517.75,1519.0,0
2023-02-24T19:00:00Z,1519.0,1520.25,1518.5,1519.5,0
2023-02-27T01:00:00Z,1519.75,1521.0,1517.75,1519.0,0
2023-02-27T02:00:00Z,1519.25,1520.0,1518.5,1519.5,0
2023-02-27T03:00:00Z,1519.5,1519.5,1516.0,1516.75,0
2023-02-27T04:00:00Z,1516.5,1516.75,1516.0,1516.0,0
2023-02-27T05:00:00Z,1516.0,1517.75,1516.0,1516.25,0
2023-02-27T06:00:00Z,1516.5,1518.5,1516.0,1518.0,0
2023-02-27T07:00:00Z,1517.75,1520.0,1517.75,1518.75,0
2023-02-27T08:00:00Z,1519.0,1521.5,1518.75,1520.5,0
2023-02-27T09:00:00Z,1520.25,1522.5,1520.25,1521.75,0
2023-02-27T10:00:00Z,1521.75,1522.75,1521.25,1522.75,0
2023-02-27T11:00:00Z,1522.75,1523.0,1520.0,1520.25,0
2023-02-27T12:00:00Z,1520.25,1523.0,1520.0,1520.0,0
2023-02-27T13:00:00Z,1520.25,1524.75,1520.25,1524.5,0
2023-02-27T14:00:00Z,1524.0,1524.0,1513.25,1517.25,0
2023-02-27T15:00:00Z,1517.25,1518.25,1510.75,1513.0,0
2023-02-27T16:00:00Z,1513.0,1514.75,1510.0,1512.25,0
2023-02-27T17:00:00Z,1512.25,1512.25,1508.25,1509.25,0
2023-02-27T18:00:00Z,1509.25,1513.25,1508.5,1512.5,0
2023-02-27T19:00:00Z,1512.5,1513.5,1511.0,1512.75,0
2023-02-28T01:00:00Z,1512.5,1513.25,1507.0,1508.5,0
2023-02-28T02:00:00Z,1508.25,1509.0,1507.25,1507.5,0
2023-02-28T03:00:00Z,1507.5,1507.5,1505.5,1505.75,0
2023-02-28T04:00:00Z,1506.0,1506.0,1505.0,1505.5,0
2023-02-28T05:00:00Z,1505.5,1505.75,1502.5,1502.5,0
2023-02-28T06:00:00Z,1502.75,1503.75,1501.5,1503.5,0
2023-02-28T07:00:00Z,1503.5,1503.75,1502.5,1503.0,0
2023-02-28T08:00:00Z,1503.25,1507.75,1502.5,1507.0,0
2023-02-28T09:00:00Z,1507.0,1508.25,1506.25,1506.75,0
2023-02-28T10:00:00Z,1506.5,1506.5,1504.0,1505.0,0
2023-02-28T11:00:00Z,1505.0,1505.0,1502.25,1502.5,0
2023-02-28T12:00:00Z,1502.75,1502.75,1501.0,1501.25,0
2023-02-28T13:00:00Z,1501.25,1502.0,1493.0,1494.5,0
2023-02-28T14:00:00Z,1496.0,1496.75,1485.5,1487.0,0
2023-02-28T15:00:00Z,1487.0,1490.75,1483.25,1484.25,0
2023-02-28T16:00:00Z,1484.25,1488.25,1483.5,1486.0,0
2023-02-28T17:00:00Z,1486.0,1487.0,1482.5,1482.5,0
2023-02-28T18:00:00Z,1482.25,1483.75,1480.5,1480.75,0
2023-02-28T19:00:00Z,1480.75,1482.0,1477.75,1479.5,0
2023-03-01T01:00:00Z,1481.5,1489.25,1480.25,1489.25,0
2023-03-01T02:00:00Z,1489.0,1494.5,1487.5,1490.75,0
2023-03-01T03:00:00Z,1490.5,1492.5,1489.25,1492.0,0
2023-03-01T04:00:00Z,1492.25,1492.5,1490.75,1491.5,0
2023-03-01T05:00:00Z,1491.0,1491.75,1489.25,1489.75,0
2023-03-01T06:00:00Z,1489.75,1491.5,1489.5,1490.25,0
2023-03-01T07:00:00Z,1490.5,1491.0,1488.5,1488.75,0
2023-03-01T08:00:00Z,1488.75,1492.0,1488.75,1489.5,0
2023-03-01T09:00:00Z,1489.75,1490.25,1485.75,1487.0,0
2023-03-01T10:00:00Z,1486.75,1488.75,1486.5,1488.75,0
2023-03-01T11:00:00Z,1488.75,1490.0,1487.0,1488.25,0
2023-03-01T12:00:00Z,1488.75,1490.25,1487.5,1489.5,0
2023-03-01T13:00:00Z,1489.5,1492.75,1486.0,1486.75,0
2023-03-01T14:00:00Z,1486.25,1491.25,1483.75,1487.25,0
2023-03-01T15:00:00Z,1487.25,1490.0,1483.5,1489.5,0
2023-03-01T16:00:00Z,1489.5,1498.25,1489.0,1495.75,0
2023-03-01T17:00:00Z,1495.75,1498.0,1492.0,1496.75,0
2023-03-01T18:00:00Z,1496.75,1498.25,1494.25,1495.25,0
2023-03-01T19:00:00Z,1495.25,1497.5,1493.25,1494.5,0
2023-03-02T01:00:00Z,1494.5,1498.5,1492.5,1495.75,0
2023-03-02T02:00:00Z,1495.5,1496.0,1493.0,1494.5,0
2023-03-02T03:00:00Z,1494.25,1495.0,1493.25,1495.0,0
2023-03-02T04:00:00Z,1495.0,1495.5,1494.0,1495.5,0
2023-03-02T05:00:00Z,1495.5,1495.5,1493.25,1495.25,0
2023-03-02T06:00:00Z,1495.0,1497.25,1494.5,1496.0,0
2023-03-02T07:00:00Z,1496.25,1496.5,1494.25,1494.75,0
2023-03-02T08:00:00Z,1495.0,1498.75,1495.0,1497.5,0
2023-03-02T09:00:00Z,1497.5,1498.0,1496.25,1497.0,0
2023-03-02T10:00:00Z,1497.0,1498.0,1494.5,1495.0,0
2023-03-02T11:00:00Z,1495.0,1499.75,1495.0,1498.0,0
2023-03-02T12:00:00Z,1497.75,1498.75,1495.25,1497.25,0
2023-03-02T13:00:00Z,1497.0,1497.25,1492.0,1492.75,0
2023-03-02T14:00:00Z,1492.0,1500.0,1489.5,1498.25,0
2023-03-02T15:00:00Z,1498.5,1510.75,1498.0,1510.5,0
2023-03-02T16:00:00Z,1510.5,1514.75,1506.25,1507.25,0
2023-03-02T17:00:00Z,1507.25,1510.75,1507.0,1509.25,0
2023-03-02T18:00:00Z,1509.25,1511.75,1507.5,1510.5,0
2023-03-02T19:00:00Z,1510.75,1511.75,1507.75,1509.0,0
2023-03-03T01:00:00Z,1509.25,1511.75,1507.25,1507.75,0
2023-03-03T02:00:00Z,1507.75,1509.0,1507.25,1508.0,0
2023-03-03T03:00:00Z,1508.25,1510.0,1508.0,1508.5,0
2023-03-03T04:00:00Z,1508.5,1509.5,1508.5,1509.0,0
2023-03-03T05:00:00Z,1509.0,1511.0,1508.75,1510.25,0
2023-03-03T06:00:00Z,1510.25,1511.5,1510.25,1510.5,0
2023-03-03T07:00:00Z,1510.5,1511.5,1510.0,1510.25,0
2023-03-03T08:00:00Z,1510.25,1511.5,1510.0,1510.75,0
2023-03-03T09:00:00Z,1511.0,1512.0,1510.0,1511.5,0
2023-03-03T10:00:00Z,1511.75,1513.0,1511.0,1512.75,0
2023-03-03T11:00:00Z,1512.75,1514.0,1512.0,1513.75,0
2023-03-03T12:00:00Z,1513.75,1515.5,1513.25,1514.5,0
2023-03-03T13:00:00Z,1514.5,1516.75,1513.75,1515.5,0
2023-03-03T14:00:00Z,1514.5,1519.0,1513.0,1516.25,0
2023-03-03T15:00:00Z,1516.25,1519.75,1513.0,1519.25,0
2023-03-03T16:00:00Z,1519.5,1525.0,1517.75,1522.75,0
2023-03-03T17:00:00Z,1522.75,1523.5,1520.5,1522.5,0
2023-03-03T18:00:00Z,1522.25,1523.75,1518.75,1519.25,0
2023-03-03T19:00:00Z,1519.5,1520.25,1518.25,1519.5,0
2023-03-06T01:00:00Z,1520.0,1521.5,1516.0,1516.5,0
2023-03-06T02:00:00Z,1516.25,1516.25,1515.0,1515.75,0
2023-03-06T03:00:00Z,1515.75,1516.0,1515.0,1515.75,0
2023-03-06T04:00:00Z,1515.5,1516.0,1515.25,1515.25,0
2023-03-06T05:00:00Z,1515.25,1515.25,1514.0,1514.25,0
2023-03-06T06:00:00Z,1514.25,1514.75,1514.0,1514.0,0
2023-03-06T07:00:00Z,1514.0,1515.75,1513.5,1514.25,0
2023-03-06T08:00:00Z,1514.5,1515.75,1513.0,1515.0,0
2023-03-06T09:00:00Z,1514.75,1515.5,1513.25,1514.25,0
2023-03-06T10:00:00Z,1513.75,1514.25,1512.0,1512.25,0
2023-03-06T11:00:00Z,1512.25,1512.25,1510.75,1511.75,0
2023-03-06T12:00:00Z,1511.75,1514.75,1511.0,1512.0,0
2023-03-06T13:00:00Z,1512.0,1514.0,1511.0,1513.5,0
2023-03-06T14:00:00Z,1512.75,1524.75,1511.0,1524.25,0
2023-03-06T15:00:00Z,1524.25,1538.5,1523.5,1533.25,0
2023-03-06T16:00:00Z,1533.5,1535.75,1530.25,1530.75,0
2023-03-06T17:00:00Z,1530.5,1532.75,1527.0,1527.0,0
2023-03-06T18:00:00Z,1527.25,1529.5,1525.75,1529.5,0
2023-03-06T19:00:00Z,1529.5,1530.0,1528.0,1528.5,0
2023-03-07T01:00:00Z,1528.0,1530.75,1527.25,1528.25,0
2023-03-07T02:00:00Z,1527.75,1531.0,1527.5,1529.5,0
2023-03-07T03:00:00Z,1529.5,1529.5,1527.75,1529.0,0
2023-03-07T04:00:00Z,1529.0,1530.0,1528.75,1529.25,0
2023-03-07T05:00:00Z,1529.25,1529.75,1528.25,1528.5,0
2023-03-07T06:00:00Z,1528.75,1529.5,1528.0,1528.25,0
2023-03-07T07:00:00Z,1528.25,1530.75,1528.25,1529.0,0
2023-03-07T08:00:00Z,1529.0,1530.75,1527.5,1530.0,0
2023-03-07T09:00:00Z,1530.0,1531.0,1528.5,1529.0,0
2023-03-07T10:00:00Z,1529.0,1530.0,1528.25,1529.5,0
2023-03-07T11:00:00Z,1529.5,1530.25,1526.25,1527.0,0
2023-03-07T12:00:00Z,1527.0,1529.0,1523.75,1524.25,0
2023-03-07T13:00:00Z,1524.0,1525.0,1521.75,1524.75,0
2023-03-07T14:00:00Z,1524.75,1526.0,1520.75,1523.25,0
2023-03-07T15:00:00Z,1523.25,1523.25,1516.25,1516.75,0
2023-03-07T16:00:00Z,1516.75,1521.0,1516.5,1517.0,0
2023-03-07T17:00:00Z,1517.25,1520.25,1515.75,1517.0,0
2023-03-07T18:00:00Z,1516.75,1517.75,1514.0,1514.0,0
2023-03-07T19:00:00Z,1514.25,1516.75,1513.25,1516.25,0
2023-03-08T01:00:00Z,1515.0,1517.5,1513.0,1514.5,0
2023-03-08T02:00:00Z,1514.5,1515.0,1513.0,1513.75,0
2023-03-08T03:00:00Z,1513.75,1514.0,1513.0,1513.25,0
2023-03-08T04:00:00Z,1513.5,1515.5,1513.25,1515.0,0
2023-03-08T05:00:00Z,1514.75,1515.25,1514.0,1514.0,0
2023-03-08T06:00:00Z,1514.0,1515.25,1513.0,1514.0,0
2023-03-08T07:00:00Z,1514.0,1514.5,1513.0,1513.25,0
2023-03-08T08:00:00Z,1513.25,1514.0,1511.25,1513.25,0
2023-03-08T09:00:00Z,1513.0,1514.0,1511.75,1513.0,0
2023-03-08T10:00:00Z,1513.0,1513.5,1512.0,1513.0,0
2023-03-08T11:00:00Z,1512.75,1513.25,1511.5,1513.25,0
2023-03-08T12:00:00Z,1513.0,1513.0,1511.0,1511.0,0
2023-03-08T13:00:00Z,1511.0,1519.5,1511.0,1519.0,0
2023-03-08T14:00:00Z,1519.0,1520.5,1512.25,1516.75,0
2023-03-08T15:00:00Z,1517.0,1522.25,1513.5,1521.0,0
2023-03-08T16:00:00Z,1521.25,1525.25,1521.0,1524.5,0
2023-03-08T17:00:00Z,1524.5,1533.75,1517.25,1517.75,0
2023-03-08T18:00:00Z,1518.0,1519.5,1515.25,1518.0,0
2023-03-08T19:00:00Z,1518.0,1518.75,1515.75,1518.25,0
2023-03-09T01:00:00Z,1517.5,1519.75,1515.75,1518.5,0
2023-03-09T02:00:00Z,1518.5,1520.5,1518.5,1520.0,0
2023-03-09T03:00:00Z,1520.0,1520.5,1519.0,1519.5,0
2023-03-09T04:00:00Z,1519.5,1520.5,1519.25,1520.0,0
2023-03-09T05:00:00Z,1520.0,1520.75,1519.5,1520.0,0
2023-03-09T06:00:00Z,1520.0,1521.25,1519.5,1521.0,0
2023-03-09T07:00:00Z,1521.0,1523.25,1519.75,1522.25,0
2023-03-09T08:00:00Z,1522.5,1526.0,1522.25,1523.5,0
2023-03-09T09:00:00Z,1523.5,1523.75,1521.75,1522.5,0
2023-03-09T10:00:00Z,1522.5,1525.5,1522.5,1525.25,0
2023-03-09T11:00:00Z,1525.25,1528.75,1525.25,1528.25,0
2023-03-09T12:00:00Z,1528.25,1528.5,1523.25,1524.0,0
2023-03-09T13:00:00Z,1523.75,1526.75,1521.5,1525.25,0
2023-03-09T14:00:00Z,1525.25,1528.0,1516.75,1519.25,0
2023-03-09T15:00:00Z,1519.0,1519.75,1511.5,1514.0,0
2023-03-09T16:00:00Z,1513.75,1514.0,1505.5,1511.75,0
2023-03-09T17:00:00Z,1511.75,1518.75,1511.25,1517.5,0
2023-03-09T18:00:00Z,1517.25,1518.75,1510.0,1512.5,0
2023-03-09T19:00:00Z,1512.5,1513.75,1508.75,1513.25,0
2023-03-10T01:00:00Z,1512.25,1515.5,1508.5,1509.0,0
2023-03-10T02:00:00Z,1509.0,1510.0,1506.0,1508.0,0
2023-03-10T03:00:00Z,1508.0,1508.25,1506.75,1507.5,0
2023-03-10T04:00:00Z,1507.5,1508.25,1507.25,1507.75,0
2023-03-10T05:00:00Z,1507.75,1508.5,1507.25,1507.5,0
2023-03-10T06:00:00Z,1507.5,1507.5,1505.0,1505.25,0
2023-03-10T07:00:00Z,1505.25,1506.0,1505.0,1505.0,0
2023-03-10T08:00:00Z,1505.25,1506.0,1504.0,1505.75,0
2023-03-10T09:00:00Z,1505.5,1506.5,1504.0,1504.5,0
2023-03-10T10:00:00Z,1504.25,1504.5,1503.25,1503.25,0
2023-03-10T11:00:00Z,1503.25,1505.25,1503.25,1504.75,0
2023-03-10T12:00:00Z,1504.75,1505.5,1503.25,1503.5,0
2023-03-10T13:00:00Z,1503.5,1506.5,1498.0,1505.5,0
2023-03-10T14:00:00Z,1506.5,1506.5,1498.0,1502.25,0
2023-03-10T15:00:00Z,1502.5,1509.25,1500.5,1505.25,0
2023-03-10T16:00:00Z,1505.0,1506.0,1500.0,1501.75,0
2023-03-10T17:00:00Z,1501.75,1503.25,1500.0,1502.75,0
2023-03-10T18:00:00Z,1502.75,1506.5,1501.5,1506.25,0
2023-03-10T19:00:00Z,1506.25,1507.75,1505.75,1507.0,0
2023-03-13T00:00:00Z,1514.75,1516.5,1510.0,1510.25,0
2023-03-13T01:00:00Z,1510.5,1513.0,1509.0,1509.75,0
2023-03-13T02:00:00Z,1509.75,1514.5,1506.25,1513.5,0
2023-03-13T03:00:00Z,1513.75,1514.75,1513.25,1513.75,0
2023-03-13T04:00:00Z,1514.0,1514.25,1513.0,1513.25,0
2023-03-13T05:00:00Z,1513.0,1515.0,1513.0,1514.75,0
2023-03-13T06:00:00Z,1514.5,1515.0,1513.5,1513.5,0
2023-03-13T07:00:00Z,1513.25,1515.25,1512.5,1514.25,0
2023-03-13T08:00:00Z,1514.0,1514.0,1510.75,1511.25,0
2023-03-13T09:00:00Z,1511.25,1511.25,1503.25,1506.25,0
2023-03-13T10:00:00Z,1506.25,1508.75,1505.75,1508.0,0
2023-03-13T11:00:00Z,1507.75,1509.75,1504.25,1504.5,0
2023-03-13T12:00:00Z,1504.5,1505.0,1497.5,1499.5,0
2023-03-13T13:00:00Z,1498.25,1509.0,1495.5,1508.0,0
2023-03-13T14:00:00Z,1508.0,1512.75,1503.5,1507.25,0
2023-03-13T15:00:00Z,1507.0,1507.5,1497.0,1498.5,0
2023-03-13T16:00:00Z,1498.5,1502.75,1496.0,1497.25,0
2023-03-13T17:00:00Z,1497.5,1497.75,1492.0,1493.5,0
2023-03-13T18:00:00Z,1493.5,1494.75,1491.0,1491.5,0
2023-03-14T00:00:00Z,1490.0,1492.5,1490.0,1492.25,0
2023-03-14T01:00:00Z,1492.0,1496.75,1492.0,1494.0,0
2023-03-14T02:00:00Z,1494.0,1495.0,1491.0,1491.25,0
2023-03-14T03:00:00Z,1491.25,1492.0,1490.5,1490.5,0
2023-03-14T04:00:00Z,1490.75,1491.0,1489.0,1489.75,0
2023-03-14T05:00:00Z,1490.0,1490.75,1489.5,1490.75,0
2023-03-14T06:00:00Z,1490.5,1492.0,1490.25,1490.5,0
2023-03-14T07:00:00Z,1491.0,1491.75,1489.5,1490.75,0
2023-03-14T08:00:00Z,1490.25,1495.75,1490.25,1495.5,0
2023-03-14T09:00:00Z,1495.25,1495.25,1489.25,1489.75,0
2023-03-14T10:00:00Z,1490.0,1490.25,1486.25,1487.25,0
2023-03-14T11:00:00Z,1487.25,1488.25,1486.75,1488.25,0
2023-03-14T12:00:00Z,1488.25,1491.5,1487.5,1490.5,0
2023-03-14T13:00:00Z,1490.5,1491.75,1484.0,1488.75,0
2023-03-14T14:00:00Z,1488.75,1489.0,1484.75,1486.0,0
2023-03-14T15:00:00Z,1486.0,1491.75,1484.0,1486.75,0
2023-03-14T16:00:00Z,1487.0,1493.0,1485.25,1492.25,0
2023-03-14T17:00:00Z,1492.25,1496.0,1491.25,1496.0,0
2023-03-14T18:00:00Z,1496.0,1496.0,1493.5,1494.5,0
2023-03-15T00:00:00Z,1494.0,1500.0,1493.75,1499.0,0
2023-03-15T01:00:00Z,1498.75,1499.5,1496.5,1498.5,0
2023-03-15T02:00:00Z,1498.75,1499.75,1496.25,1496.75,0
2023-03-15T03:00:00Z,1497.0,1497.75,1496.5,1497.0,0
2023-03-15T04:00:00Z,1497.25,1497.5,1497.0,1497.5,0
2023-03-15T05:00:00Z,1497.5,1497.75,1495.75,1496.5,0
2023-03-15T06:00:00Z,1496.5,1497.25,1495.75,1496.5,0
2023-03-15T07:00:00Z,1496.5,1500.0,1496.5,1498.25,0
2023-03-15T08:00:00Z,1498.25,1499.25,1496.5,1498.5,0
2023-03-15T09:00:00Z,1498.25,1499.5,1497.5,1498.0,0
2023-03-15T10:00:00Z,1497.75,1497.75,1489.25,1489.75,0
2023-03-15T11:00:00Z,1489.5,1490.75,1485.5,1488.0,0
2023-03-15T12:00:00Z,1487.75,1490.0,1484.0,1488.0,0
2023-03-15T13:00:00Z,1485.75,1490.25,1482.75,1486.25,0
2023-03-15T14:00:00Z,1486.25,1487.25,1480.0,1481.5,0
2023-03-15T15:00:00Z,1481.5,1490.75,1480.0,1483.25,0
2023-03-15T16:00:00Z,1483.25,1491.75,1483.0,1488.0,0
2023-03-15T17:00:00Z,1488.0,1492.75,1486.5,1489.75,0
2023-03-15T18:00:00Z,1490.0,1491.0,1487.75,1488.25,0
2023-03-16T00:00:00Z,1489.25,1497.5,1489.25,1496.25,0
2023-03-16T01:00:00Z,1496.5,1498.0,1491.75,1491.75,0
2023-03-16T02:00:00Z,1492.0,1493.0,1488.5,1490.25,0
2023-03-16T03:00:00Z,1490.25,1492.25,1489.0,1491.75,0
2023-03-16T04:00:00Z,1492.25,1493.25,1492.25,1493.0,0
2023-03-16T05:00:00Z,1493.0,1493.5,1490.25,1490.5,0
2023-03-16T06:00:00Z,1490.25,1493.0,1489.75,1490.0,0
2023-03-16T07:00:00Z,1489.75,1494.5,1488.25,1494.0,0
2023-03-16T08:00:00Z,1493.75,1497.0,1493.5,1496.75,0
2023-03-16T09:00:00Z,1496.5,1497.5,1495.25,1496.5,0
2023-03-16T10:00:00Z,1496.5,1497.25,1495.0,1496.25,0
2023-03-16T11:00:00Z,1496.25,1497.25,1494.5,1495.25,0
2023-03-16T12:00:00Z,1495.5,1496.75,1493.5,1495.75,0
2023-03-16T13:00:00Z,1496.0,1496.5,1485.0,1487.25,0
2023-03-16T14:00:00Z,1487.25,1489.25,1478.0,1488.75,0
2023-03-16T15:00:00Z,1488.75,1490.0,1481.75,1485.25,0
2023-03-16T16:00:00Z,1485.25,1492.5,1484.0,1492.25,0
2023-03-16T17:00:00Z,1492.25,1492.5,1487.25,1491.5,0
2023-03-16T18:00:00Z,1491.75,1493.25,1489.25,1490.5,0
2023-03-17T00:00:00Z,1492.5,1495.75,1492.5,1494.5,0
2023-03-17T01:00:00Z,1494.75,1496.0,1491.75,1495.5,0
2023-03-17T02:00:00Z,1495.5,1496.0,1492.25,1492.25,0
2023-03-17T03:00:00Z,1492.0,1494.25,1491.0,1494.25,0
2023-03-17T04:00:00Z,1494.25,1495.5,1494.25,1495.5,0
2023-03-17T05:00:00Z,1495.75,1496.0,1494.5,1495.5,0
2023-03-17T06:00:00Z,1495.5,1495.5,1493.25,1493.75,0
2023-03-17T07:00:00Z,1493.75,1494.25,1492.25,1494.0,0
2023-03-17T08:00:00Z,1494.0,1496.5,1493.0,1493.75,0
2023-03-17T09:00:00Z,1494.0,1496.75,1494.0,1496.25,0
2023-03-17T10:00:00Z,1496.25,1498.0,1495.0,1497.0,0
2023-03-17T11:00:00Z,1497.0,1497.25,1494.5,1494.5,0
2023-03-17T12:00:00Z,1494.5,1494.5,1492.25,1493.0,0
2023-03-17T13:00:00Z,1493.0,1493.0,1480.5,1480.75,0
2023-03-17T14:00:00Z,1480.5,1482.5,1475.0,1475.75,0
2023-03-17T15:00:00Z,1475.75,1476.25,1470.0,1473.5,0
2023-03-17T16:00:00Z,1473.75,1478.0,1473.0,1476.75,0
2023-03-17T17:00:00Z,1476.5,1479.5,1475.75,1476.5,0
2023-03-17T18:00:00Z,1476.75,1478.0,1475.0,1476.0,0
2023-03-20T00:00:00Z,1473.0,1476.75,1472.0,1473.25,0
2023-03-20T01:00:00Z,1473.0,1478.25,1471.0,1471.5,0
2023-03-20T02:00:00Z,1471.5,1475.5,1471.5,1474.25,0
2023-03-20T03:00:00Z,1474.25,1474.25,1471.25,1471.5,0
2023-03-20T04:00:00Z,1471.5,1471.75,1470.0,1470.5,0
2023-03-20T05:00:00Z,1470.25,1471.25,1470.0,1470.25,0
2023-03-20T06:00:00Z,1470.25,1470.25,1464.5,1465.0,0
2023-03-20T07:00:00Z,1465.0,1467.25,1464.5,1465.0,0
2023-03-20T08:00:00Z,1464.75,1465.5,1462.0,1464.0,0
2023-03-20T09:00:00Z,1464.25,1465.0,1462.5,1463.25,0
2023-03-20T10:00:00Z,1463.25,1472.0,1463.0,1470.25,0
2023-03-20T11:00:00Z,1470.25,1471.25,1467.25,1468.5,0
2023-03-20T12:00:00Z,1468.5,1469.75,1467.75,1469.75,0
2023-03-20T13:00:00Z,1469.5,1471.0,1463.25,1467.0,0
2023-03-20T14:00:00Z,1466.75,1476.75,1466.5,1475.5,0
2023-03-20T15:00:00Z,1475.5,1487.25,1474.75,1485.0,0
2023-03-20T16:00:00Z,1485.25,1487.75,1482.0,1485.25,0
2023-03-20T17:00:00Z,1485.5,1487.25,1483.5,1484.25,0
2023-03-20T18:00:00Z,1484.25,1487.5,1484.0,1484.5,0
2023-03-21T00:00:00Z,1483.75,1486.0,1482.0,1484.25,0
2023-03-21T01:00:00Z,1484.25,1484.5,1481.25,1482.25,0
2023-03-21T02:00:00Z,1482.25,1483.75,1481.25,1481.25,0
2023-03-21T03:00:00Z,1481.5,1482.5,1480.5,1482.25,0
2023-03-21T04:00:00Z,1482.25,1482.75,1481.5,1482.5,0
2023-03-21T05:00:00Z,1482.5,1482.5,1481.25,1481.75,0
2023-03-21T06:00:00Z,1481.75,1482.25,1480.5,1481.5,0
2023-03-21T07:00:00Z,1481.25,1483.0,1481.0,1483.0,0
2023-03-21T08:00:00Z,1482.5,1487.25,1482.5,1486.75,0
2023-03-21T09:00:00Z,1486.75,1486.75,1483.25,1483.75,0
2023-03-21T10:00:00Z,1484.0,1486.25,1484.0,1486.25,0
2023-03-21T11:00:00Z,1486.25,1493.75,1486.0,1493.25,0
2023-03-21T12:00:00Z,1493.25,1496.0,1493.25,1495.75,0
2023-03-21T13:00:00Z,1494.25,1497.0,1489.25,1490.5,0
2023-03-21T14:00:00Z,1490.5,1490.75,1484.5,1488.5,0
2023-03-21T15:00:00Z,1488.5,1489.25,1483.25,1484.0,0
2023-03-21T16:00:00Z,1484.0,1484.25,1474.0,1475.75,0
2023-03-21T17:00:00Z,1475.5,1477.25,1466.5,1468.0,0
2023-03-21T18:00:00Z,1468.0,1468.0,1465.0,1466.75,0
2023-03-22T00:00:00Z,1467.75,1472.0,1467.75,1471.0,0
2023-03-22T01:00:00Z,1471.0,1472.0,1463.0,1464.5,0
2023-03-22T02:00:00Z,1464.75,1466.5,1461.25,1464.0,0
2023-03-22T03:00:00Z,1464.5,1464.5,1462.75,1464.0,0
2023-03-22T04:00:00Z,1463.75,1464.75,1463.25,1464.5,0
2023-03-22T05:00:00Z,1464.5,1465.0,1463.25,1464.25,0
2023-03-22T06:00:00Z,1464.5,1467.75,1463.5,1466.0,0
2023-03-22T07:00:00Z,1466.0,1466.0,1462.0,1462.5,0
2023-03-22T08:00:00Z,1462.75,1463.5,1460.0,1461.75,0
2023-03-22T09:00:00Z,1462.0,1464.25,1461.25,1462.25,0
2023-03-22T10:00:00Z,1462.25,1463.5,1460.0,1461.5,0
2023-03-22T11:00:00Z,1461.5,1462.0,1458.0,1460.5,0
2023-03-22T12:00:00Z,1460.5,1462.0,1459.25,1460.0,0
2023-03-22T13:00:00Z,1462.0,1463.5,1450.0,1451.5,0
2023-03-22T14:00:00Z,1451.25,1451.25,1443.25,1447.5,0
2023-03-22T15:00:00Z,1447.75,1457.25,1446.5,1457.0,0
2023-03-22T16:00:00Z,1456.75,1458.5,1451.75,1454.0,0
2023-03-22T17:00:00Z,1453.75,1453.75,1450.0,1451.5,0
2023-03-22T18:00:00Z,1451.5,1454.25,1446.75,1448.5,0
2023-03-23T00:00:00Z,1450.0,1451.25,1447.5,1448.0,0
2023-03-23T01:00:00Z,1448.25,1452.75,1445.25,1446.25,0
2023-03-23T02:00:00Z,1446.25,1451.5,1444.75,1451.0,0
2023-03-23T03:00:00Z,1450.75,1450.75,1449.0,1450.0,0
2023-03-23T04:00:00Z,1450.5,1452.25,1450.5,1451.75,0
2023-03-23T05:00:00Z,1451.75,1452.25,1449.75,1450.25,0
2023-03-23T06:00:00Z,1450.5,1452.25,1449.0,1449.75,0
2023-03-23T07:00:00Z,1450.0,1452.75,1450.0,1451.5,0
2023-03-23T08:00:00Z,1451.5,1454.25,1450.75,1451.0,0
2023-03-23T09:00:00Z,1451.25,1451.25,1446.0,1448.0,0
2023-03-23T10:00:00Z,1448.25,1450.5,1445.5,1450.25,0
2023-03-23T11:00:00Z,1450.25,1452.0,1445.25,1447.0,0
2023-03-23T12:00:00Z,1447.0,1450.25,1447.0,1449.0,0
2023-03-23T13:00:00Z,1448.75,1449.75,1432.25,1439.75,0
2023-03-23T14:00:00Z,1439.75,1440.0,1422.5,1426.5,0
2023-03-23T15:00:00Z,1426.5,1429.25,1421.5,1423.0,0
2023-03-23T16:00:00Z,1422.75,1425.25,1415.25,1422.0,0
2023-03-23T17:00:00Z,1421.75,1424.75,1417.5,1419.0,0
2023-03-23T18:00:00Z,1419.0,1421.25,1417.25,1418.0,0
2023-03-24T00:00:00Z,1419.5,1419.5,1409.5,1412.25,0
2023-03-24T01:00:00Z,1412.5,1413.0,1405.0,1410.75,0
2023-03-24T02:00:00Z,1411.0,1416.75,1411.0,1415.0,0
2023-03-24T03:00:00Z,1414.5,1416.25,1413.75,1415.5,0
2023-03-24T04:00:00Z,1415.5,1416.25,1415.0,1415.5,0
2023-03-24T05:00:00Z,1415.5,1420.75,1415.0,1420.25,0
2023-03-24T06:00:00Z,1420.25,1423.5,1419.25,1421.0,0
2023-03-24T07:00:00Z,1421.25,1422.25,1419.0,1419.25,0
2023-03-24T08:00:00Z,1419.5,1420.5,1414.0,1415.75,0
2023-03-24T09:00:00Z,1415.75,1420.75,1410.0,1410.75,0
2023-03-24T10:00:00Z,1410.75,1411.5,1405.5,1411.25,0
2023-03-24T11:00:00Z,1411.0,1411.25,1407.5,1409.5,0
2023-03-24T12:00:00Z,1409.5,1412.75,1406.75,1410.75,0
2023-03-24T13:00:00Z,1412.5,1426.25,1412.25,1423.75,0
2023-03-24T14:00:00Z,1423.75,1428.25,1420.5,1420.5,0
2023-03-24T15:00:00Z,1420.5,1427.5,1416.75,1424.75,0
2023-03-24T16:00:00Z,1424.75,1431.5,1423.75,1431.25,0
2023-03-24T17:00:00Z,1431.0,1432.0,1427.25,1429.5,0
2023-03-24T18:00:00Z,1429.5,1430.5,1427.5,1429.5,0
2023-03-27T00:00:00Z,1428.75,1432.25,1426.75,1429.0,0
2023-03-27T01:00:00Z,1429.0,1430.25,1425.5,1426.5,0
2023-03-27T02:00:00Z,1426.75,1428.25,1426.25,1426.75,0
2023-03-27T03:00:00Z,1427.0,1427.0,1425.0,1426.25,0
2023-03-27T04:00:00Z,1426.25,1426.25,1425.0,1425.75,0
2023-03-27T05:00:00Z,1425.5,1426.75,1424.5,1425.25,0
2023-03-27T06:00:00Z,1425.0,1427.0,1424.25,1427.0,0
2023-03-27T07:00:00Z,1426.5,1426.75,1424.25,1424.5,0
2023-03-27T08:00:00Z,1424.25,1426.0,1423.75,1424.25,0
2023-03-27T09:00:00Z,1424.25,1427.5,1423.25,1427.25,0
2023-03-27T10:00:00Z,1427.25,1430.75,1426.75,1430.5,0
2023-03-27T11:00:00Z,1430.0,1432.75,1430.0,1431.25,0
2023-03-27T12:00:00Z,1431.25,1435.5,1431.25,1433.0,0
2023-03-27T13:00:00Z,1430.75,1432.0,1423.75,1429.75,0
2023-03-27T14:00:00Z,1430.0,1438.75,1429.5,1438.0,0
2023-03-27T15:00:00Z,1438.0,1443.5,1434.5,1439.25,0
2023-03-27T16:00:00Z,1439.5,1441.5,1439.0,1440.75,0
2023-03-27T17:00:00Z,1441.0,1445.0,1441.0,1444.5,0
2023-03-27T18:00:00Z,1444.5,1445.5,1440.75,1441.5,0
2023-03-28T00:00:00Z,1441.5,1444.25,1440.5,1443.75,0
2023-03-28T01:00:00Z,1443.75,1445.75,1441.5,1442.75,0
2023-03-28T02:00:00Z,1442.5,1444.25,1442.25,1443.0,0
2023-03-28T03:00:00Z,1443.0,1443.5,1442.5,1442.5,0
2023-03-28T04:00:00Z,1442.5,1443.0,1442.0,1442.5,0
2023-03-28T05:00:00Z,1442.5,1442.75,1441.5,1442.25,0
2023-03-28T06:00:00Z,1442.25,1445.0,1441.5,1444.25,0
2023-03-28T07:00:00Z,1444.25,1445.0,1441.75,1442.75,0
2023-03-28T08:00:00Z,1442.5,1442.5,1439.75,1441.75,0
2023-03-28T09:00:00Z,1441.75,1445.5,1441.5,1444.5,0
2023-03-28T10:00:00Z,1444.5,1447.25,1444.25,1446.5,0
2023-03-28T11:00:00Z,1446.75,1451.75,1446.5,1450.0,0
2023-03-28T12:00:00Z,1450.5,1453.5,1450.0,1451.25,0
2023-03-28T13:00:00Z,1450.0,1455.0,1446.25,1451.0,0
2023-03-28T14:00:00Z,1451.25,1461.25,1451.0,1457.25,0
2023-03-28T15:00:00Z,1457.25,1460.0,1454.75,1459.75,0
2023-03-28T16:00:00Z,1459.75,1466.5,1458.5,1465.75,0
2023-03-28T17:00:00Z,1465.5,1469.75,1463.75,1467.5,0
2023-03-28T18:00:00Z,1467.75,1469.75,1466.25,1466.75,0
2023-03-29T00:00:00Z,1466.0,1470.0,1464.75,1467.5,0
2023-03-29T01:00:00Z,1467.5,1468.0,1464.0,1466.0,0
2023-03-29T02:00:00Z,1466.0,1466.5,1464.25,1464.75,0
2023-03-29T03:00:00Z,1465.0,1465.5,1463.0,1464.25,0
2023-03-29T04:00:00Z,1464.25,1465.0,1463.75,1464.5,0
2023-03-29T05:00:00Z,1464.75,1465.0,1463.0,1463.75,0
2023-03-29T06:00:00Z,1463.75,1464.0,1462.5,1463.0,0
2023-03-29T07:00:00Z,1463.0,1464.0,1462.5,1463.25,0
2023-03-29T08:00:00Z,1463.5,1464.75,1462.5,1463.25,0
2023-03-29T09:00:00Z,1463.5,1466.75,1462.75,1466.25,0
2023-03-29T10:00:00Z,1466.0,1468.75,1465.75,1468.25,0
2023-03-29T11:00:00Z,1468.25,1469.25,1466.75,1469.0,0
2023-03-29T12:00:00Z,1469.25,1472.5,1469.25,1470.25,0
2023-03-29T13:00:00Z,1468.25,1470.5,1464.25,1469.25,0
2023-03-29T14:00:00Z,1469.25,1474.5,1468.0,1473.25,0
2023-03-29T15:00:00Z,1473.5,1478.25,1473.0,1476.0,0
2023-03-29T16:00:00Z,1475.75,1478.0,1473.0,1473.75,0
2023-03-29T17:00:00Z,1473.75,1479.0,1473.5,1477.25,0
2023-03-29T18:00:00Z,1477.25,1479.75,1475.5,1475.5,0
2023-03-30T00:00:00Z,1476.5,1478.75,1475.0,1475.75,0
2023-03-30T01:00:00Z,1475.75,1476.0,1474.0,1474.0,0
2023-03-30T02:00:00Z,1474.0,1475.75,1473.5,1475.25,0
2023-03-30T03:00:00Z,1475.5,1477.0,1474.75,1476.25,0
2023-03-30T04:00:00Z,1476.25,1477.5,1476.0,1477.0,0
2023-03-30T05:00:00Z,1477.0,1479.0,1476.25,1478.0,0
2023-03-30T06:00:00Z,1478.0,1478.5,1474.5,1475.75,0
2023-03-30T07:00:00Z,1475.5,1477.75,1473.75,1477.25,0
2023-03-30T08:00:00Z,1477.25,1478.0,1475.25,1477.0,0
2023-03-30T09:00:00Z,1477.25,1478.5,1476.25,1477.5,0
2023-03-30T10:00:00Z,1477.25,1480.0,1477.25,1480.0,0
2023-03-30T11:00:00Z,1480.0,1481.75,1479.75,1481.25,0
2023-03-30T12:00:00Z,1481.25,1482.5,1480.0,1481.25,0
2023-03-30T13:00:00Z,1480.0,1483.5,1475.75,1478.5,0
2023-03-30T14:00:00Z,1478.75,1479.25,1471.0,1476.0,0
2023-03-30T15:00:00Z,1476.25,1480.0,1474.0,1475.0,0
2023-03-30T16:00:00Z,1475.0,1476.75,1474.25,1475.5,0
2023-03-30T17:00:00Z,1475.5,1476.25,1472.75,1475.0,0
2023-03-30T18:00:00Z,1475.5,1475.75,1473.75,1474.5,0
2023-03-31T00:00:00Z,1473.25,1475.5,1468.0,1474.5,0
2023-03-31T01:00:00Z,1474.75,1477.25,1473.5,1475.25,0
2023-03-31T02:00:00Z,1475.25,1475.75,1473.0,1473.5,0
2023-03-31T03:00:00Z,1473.25,1473.25,1471.5,1472.5,0
2023-03-31T04:00:00Z,1472.25,1472.5,1471.25,1471.5,0
2023-03-31T05:00:00Z,1471.5,1472.0,1470.25,1470.75,0
2023-03-31T06:00:00Z,1470.75,1473.5,1469.75,1472.5,0
2023-03-31T07:00:00Z,1472.5,1473.5,1469.0,1469.5,0
2023-03-31T08:00:00Z,1469.25,1474.0,1468.75,1473.5,0
2023-03-31T09:00:00Z,1472.75,1474.75,1472.5,1474.5,0
2023-03-31T10:00:00Z,1474.75,1479.25,1474.75,1477.75,0
2023-03-31T11:00:00Z,1477.75,1479.0,1477.0,1477.75,0
2023-03-31T12:00:00Z,1477.75,1479.5,1477.0,1478.25,0
2023-03-31T13:00:00Z,1477.0,1480.75,1472.0,1479.25,0
2023-03-31T14:00:00Z,1479.0,1491.75,1479.0,1490.75,0
2023-03-31T15:00:00Z,1491.0,1496.75,1487.25,1493.75,0
2023-03-31T16:00:00Z,1493.5,1513.75,1491.0,1504.75,0
2023-03-31T17:00:00Z,1505.0,1509.25,1498.75,1504.75,0
2023-03-31T18:00:00Z,1505.0,1507.5,1504.0,1505.0,0
2023-04-03T00:00:00Z,1510.0,1515.0,1509.75,1514.25,0
2023-04-03T01:00:00Z,1514.0,1517.25,1513.0,1515.0,0
2023-04-03T02:00:00Z,1515.0,1515.5,1513.5,1513.5,0
2023-04-03T03:00:00Z,1513.5,1514.5,1513.0,1513.5,0
2023-04-03T04:00:00Z,1513.5,1513.75,1512.75,1512.75,0
2023-04-03T05:00:00Z,1512.75,1513.5,1511.25,1512.0,0
2023-04-03T06:00:00Z,1512.0,1515.25,1511.5,1515.25,0
2023-04-03T07:00:00Z,1515.25,1515.75,1513.75,1514.0,0
2023-04-03T08:00:00Z,1514.0,1515.5,1511.75,1513.25,0
2023-04-03T09:00:00Z,1513.25,1516.25,1513.0,1513.25,0
2023-04-03T10:00:00Z,1513.5,1514.5,1512.5,1514.5,0
2023-04-03T11:00:00Z,1514.25,1518.5,1514.0,1517.75,0
2023-04-03T12:00:00Z,1518.0,1518.5,1516.0,1517.25,0
2023-04-03T13:00:00Z,1517.75,1521.0,1511.25,1520.25,0
2023-04-03T14:00:00Z,1520.25,1527.75,1519.75,1520.0,0
2023-04-03T15:00:00Z,1520.0,1521.25,1516.25,1519.0,0
2023-04-03T16:00:00Z,1519.0,1520.5,1516.0,1517.25,0
2023-04-03T17:00:00Z,1517.5,1522.0,1517.25,1521.25,0
2023-04-03T18:00:00Z,1521.25,1522.75,1519.25,1520.5,0
2023-04-04T00:00:00Z,1520.0,1522.0,1518.75,1520.75,0
2023-04-04T01:00:00Z,1520.75,1523.25,1519.5,1522.75,0
2023-04-04T02:00:00Z,1522.5,1523.0,1521.25,1522.5,0
2023-04-04T03:00:00Z,1522.25,1523.25,1522.0,1522.25,0
2023-04-04T04:00:00Z,1522.5,1523.75,1522.5,1523.0,0
2023-04-04T05:00:00Z,1523.0,1523.25,1520.5,1520.75,0
2023-04-04T06:00:00Z,1521.0,1522.5,1519.25,1522.5,0
2023-04-04T07:00:00Z,1522.5,1522.5,1518.5,1521.5,0
2023-04-04T08:00:00Z,1521.25,1523.75,1520.25,1521.75,0
2023-04-04T09:00:00Z,1521.75,1521.75,1520.0,1520.25,0
2023-04-04T10:00:00Z,1520.25,1521.0,1519.0,1519.75,0
2023-04-04T11:00:00Z,1519.75,1520.0,1516.75,1517.75,0
2023-04-04T12:00:00Z,1517.75,1517.75,1512.5,1514.25,0
2023-04-04T13:00:00Z,1514.25,1519.75,1512.25,1516.25,0
2023-04-04T14:00:00Z,1516.25,1519.5,1512.5,1515.75,0
2023-04-04T15:00:00Z,1515.75,1515.75,1507.25,1508.0,0
2023-04-04T16:00:00Z,1507.75,1511.25,1505.5,1510.0,0
2023-04-04T17:00:00Z,1510.25,1512.25,1508.5,1512.25,0
2023-04-04T18:00:00Z,1512.0,1519.75,1512.0,1519.0,0
2023-04-05T00:00:00Z,1517.5,1520.75,1517.5,1520.25,0
2023-04-05T01:00:00Z,1520.25,1521.5,1519.25,1521.0,0
2023-04-05T02:00:00Z,1521.25,1522.25,1520.75,1521.75,0
2023-04-05T03:00:00Z,1522.0,1522.25,1520.0,1520.0,0
2023-04-05T04:00:00Z,1520.0,1520.5,1519.5,1519.75,0
2023-04-05T05:00:00Z,1520.0,1520.75,1519.5,1519.5,0
2023-04-05T06:00:00Z,1519.75,1521.0,1519.0,1519.0,0
2023-04-05T07:00:00Z,1518.75,1519.25,1513.75,1514.0,0
2023-04-05T08:00:00Z,1514.25,1514.25,1511.5,1513.0,0
2023-04-05T09:00:00Z,1513.0,1513.0,1509.75,1511.0,0
2023-04-05T10:00:00Z,1511.25,1513.0,1509.25,1511.25,0
2023-04-05T11:00:00Z,1511.25,1511.75,1506.75,1509.25,0
2023-04-05T12:00:00Z,1509.0,1511.75,1507.5,1511.5,0
2023-04-05T13:00:00Z,1512.5,1522.5,1512.25,1520.5,0
2023-04-05T14:00:00Z,1520.75,1527.0,1516.0,1520.5,0
2023-04-05T15:00:00Z,1520.25,1520.75,1513.0,1513.25,0
2023-04-05T16:00:00Z,1513.25,1515.75,1510.0,1510.5,0
2023-04-05T17:00:00Z,1510.5,1511.25,1506.5,1511.0,0
2023-04-05T18:00:00Z,1511.0,1512.75,1508.75,1509.25,0
2023-04-06T00:00:00Z,1510.0,1510.25,1506.75,1507.75,0
2023-04-06T01:00:00Z,1507.25,1509.75,1506.5,1508.5,0
2023-04-06T02:00:00Z,1508.75,1510.0,1507.0,1507.5,0
2023-04-06T03:00:00Z,1507.5,1508.5,1505.0,1506.0,0
2023-04-06T04:00:00Z,1505.75,1506.0,1503.5,1505.5,0
2023-04-06T05:00:00Z,1505.5,1506.25,1503.75,1505.5,0
2023-04-06T06:00:00Z,1505.5,1506.25,1502.75,1503.0,0
2023-04-06T07:00:00Z,1503.25,1507.0,1502.75,1506.25,0
2023-04-06T08:00:00Z,1506.25,1507.25,1504.25,1505.5,0
2023-04-06T09:00:00Z,1505.5,1506.5,1503.0,1504.5,0
2023-04-06T10:00:00Z,1504.25,1505.0,1503.5,1503.75,0
2023-04-06T11:00:00Z,1503.75,1503.75,1501.25,1502.25,0
2023-04-06T12:00:00Z,1502.25,1502.5,1496.75,1498.75,0
2023-04-06T13:00:00Z,1497.75,1498.0,1483.25,1490.25,0
2023-04-06T14:00:00Z,1490.25,1496.25,1487.5,1493.0,0
2023-04-06T15:00:00Z,1493.0,1493.0,1486.75,1489.0,0
2023-04-06T16:00:00Z,1489.0,1493.25,1487.75,1490.75,0
2023-04-06T17:00:00Z,1491.0,1495.0,1488.25,1492.0,0
2023-04-06T18:00:00Z,1491.75,1494.0,1491.25,1493.5,0
2023-04-10T00:00:00Z,1493.25,1494.5,1490.0,1493.5,0
2023-04-10T01:00:00Z,1493.75,1496.75,1490.75,1496.75,0
2023-04-10T02:00:00Z,1497.0,1498.25,1494.5,1495.0,0
2023-04-10T03:00:00Z,1494.25,1497.5,1494.25,1497.0,0
2023-04-10T04:00:00Z,1497.0,1498.25,1496.0,1498.25,0
2023-04-10T05:00:00Z,1498.25,1499.75,1498.0,1499.5,0
2023-04-10T06:00:00Z,1499.75,1499.75,1498.0,1498.5,0
2023-04-10T07:00:00Z,1498.25,1498.5,1494.25,1496.0,0
2023-04-10T08:00:00Z,1496.0,1498.0,1494.5,1494.5,0
2023-04-10T09:00:00Z,1494.75,1495.0,1492.75,1492.75,0
2023-04-10T10:00:00Z,1492.75,1495.75,1492.5,1494.5,0
2023-04-10T11:00:00Z,1494.5,1498.0,1494.0,1497.25,0
2023-04-10T12:00:00Z,1497.5,1498.5,1493.25,1494.75,0
2023-04-10T13:00:00Z,1493.5,1495.0,1486.25,1491.0,0
2023-04-10T14:00:00Z,1491.0,1497.0,1488.75,1495.25,0
2023-04-10T15:00:00Z,1495.25,1498.25,1489.75,1491.25,0
2023-04-10T16:00:00Z,1491.25,1492.5,1485.5,1485.75,0
2023-04-10T17:00:00Z,1485.75,1486.75,1482.5,1483.75,0
2023-04-10T18:00:00Z,1484.0,1488.75,1483.5,1488.75,0
2023-04-11T00:00:00Z,1487.75,1490.0,1486.5,1486.5,0
2023-04-11T01:00:00Z,1487.0,1489.75,1486.25,1489.25,0
2023-04-11T02:00:00Z,1489.25,1493.0,1489.25,1490.5,0
2023-04-11T03:00:00Z,1490.75,1494.25,1490.25,1492.0,0
2023-04-11T04:00:00Z,1492.0,1492.5,1492.0,1492.0,0
2023-04-11T05:00:00Z,1492.25,1497.5,1492.0,1496.25,0
2023-04-11T06:00:00Z,1496.5,1501.5,1496.25,1499.75,0
2023-04-11T07:00:00Z,1499.5,1501.25,1497.5,1499.25,0
2023-04-11T08:00:00Z,1499.0,1500.5,1497.5,1498.0,0
2023-04-11T09:00:00Z,1497.75,1498.25,1496.0,1496.75,0
2023-04-11T10:00:00Z,1496.75,1497.75,1494.5,1495.5,0
2023-04-11T11:00:00Z,1495.25,1496.75,1494.5,1494.75,0
2023-04-11T12:00:00Z,1494.75,1497.0,1492.75,1497.0,0
2023-04-11T13:00:00Z,1496.0,1507.5,1493.5,1505.25,0
2023-04-11T14:00:00Z,1505.5,1507.25,1497.5,1497.75,0
2023-04-11T15:00:00Z,1497.75,1499.5,1492.75,1497.5,0
2023-04-11T16:00:00Z,1498.5,1504.0,1487.25,1490.0,0
2023-04-11T17:00:00Z,1490.0,1497.75,1489.75,1497.5,0
2023-04-11T18:00:00Z,1497.5,1499.0,1494.5,1497.5,0
2023-04-12T00:00:00Z,1497.5,1499.0,1494.5,1495.25,0
2023-04-12T01:00:00Z,1495.0,1496.0,1492.75,1494.0,0
2023-04-12T02:00:00Z,1494.25,1495.0,1491.5,1492.25,0
2023-04-12T03:00:00Z,1492.5,1492.5,1491.0,1492.0,0
2023-04-12T04:00:00Z,1492.0,1492.5,1491.75,1492.5,0
2023-04-12T05:00:00Z,1492.5,1493.5,1491.0,1493.25,0
2023-04-12T06:00:00Z,1493.25,1494.75,1492.0,1493.5,0
2023-04-12T07:00:00Z,1493.5,1494.75,1492.5,1494.0,0
2023-04-12T08:00:00Z,1494.0,1494.0,1491.0,1492.75,0
2023-04-12T09:00:00Z,1492.75,1495.5,1491.0,1495.25,0
2023-04-12T10:00:00Z,1495.0,1496.75,1494.5,1495.5,0
2023-04-12T11:00:00Z,1495.5,1496.25,1494.25,1496.0,0
2023-04-12T12:00:00Z,1496.0,1499.0,1494.5,1497.25,0
2023-04-12T13:00:00Z,1496.75,1502.75,1491.25,1501.25,0
2023-04-12T14:00:00Z,1501.5,1505.5,1496.25,1496.5,0
2023-04-12T15:00:00Z,1496.5,1504.5,1495.0,1503.5,0
2023-04-12T16:00:00Z,1503.75,1509.25,1502.25,1507.75,0
2023-04-12T17:00:00Z,1508.0,1510.5,1503.25,1504.5,0
2023-04-12T18:00:00Z,1504.5,1506.5,1503.0,1505.5,0
2023-04-13T00:00:00Z,1504.25,1508.5,1502.0,1508.25,0
2023-04-13T01:00:00Z,1508.0,1513.0,1507.0,1511.5,0
2023-04-13T02:00:00Z,1511.5,1513.25,1511.0,1512.5,0
2023-04-13T03:00:00Z,1512.75,1513.25,1512.25,1512.25,0
2023-04-13T04:00:00Z,1512.5,1513.0,1512.25,1512.75,0
2023-04-13T05:00:00Z,1513.0,1514.0,1512.25,1513.0,0
2023-04-13T06:00:00Z,1513.25,1515.0,1513.0,1513.25,0
2023-04-13T07:00:00Z,1513.0,1516.0,1512.5,1515.5,0
2023-04-13T08:00:00Z,1515.25,1516.0,1512.75,1513.0,0
2023-04-13T09:00:00Z,1513.0,1516.0,1512.75,1515.75,0
2023-04-13T10:00:00Z,1515.75,1516.0,1513.75,1515.75,0
2023-04-13T11:00:00Z,1515.75,1517.25,1514.75,1517.0,0
2023-04-13T12:00:00Z,1517.25,1518.0,1515.25,1515.25,0
2023-04-13T13:00:00Z,1516.25,1522.25,1511.75,1512.5,0
2023-04-13T14:00:00Z,1512.5,1516.75,1510.0,1510.5,0
2023-04-13T15:00:00Z,1510.75,1512.0,1502.0,1504.5,0
2023-04-13T16:00:00Z,1504.5,1505.75,1502.75,1504.25,0
2023-04-13T17:00:00Z,1504.25,1504.75,1500.75,1502.5,0
2023-04-13T18:00:00Z,1502.5,1504.25,1500.5,1503.0,0
2023-04-14T00:00:00Z,1502.0,1502.5,1499.25,1499.75,0
2023-04-14T01:00:00Z,1500.0,1503.75,1500.0,1503.0,0
2023-04-14T02:00:00Z,1503.0,1503.25,1498.5,1499.25,0
2023-04-14T03:00:00Z,1498.5,1499.25,1498.0,1498.0,0
2023-04-14T04:00:00Z,1497.75,1499.75,1497.5,1498.0,0
2023-04-14T05:00:00Z,1498.0,1500.25,1497.25,1499.25,0
2023-04-14T06:00:00Z,1499.5,1499.75,1496.5,1496.5,0
2023-04-14T07:00:00Z,1496.75,1498.25,1494.75,1495.0,0
2023-04-14T08:00:00Z,1494.5,1496.75,1494.0,1494.25,0
2023-04-14T09:00:00Z,1494.0,1495.0,1493.25,1494.25,0
2023-04-14T10:00:00Z,1494.0,1495.25,1494.0,1494.75,0
2023-04-14T11:00:00Z,1494.75,1497.5,1494.0,1496.75,0
2023-04-14T12:00:00Z,1496.75,1499.5,1496.75,1497.25,0
2023-04-14T13:00:00Z,1497.0,1499.75,1493.25,1498.0,0
2023-04-14T14:00:00Z,1497.75,1499.5,1490.5,1490.75,0
2023-04-14T15:00:00Z,1490.75,1496.5,1490.0,1495.75,0
2023-04-14T16:00:00Z,1496.0,1499.75,1494.75,1498.75,0
2023-04-14T17:00:00Z,1498.75,1501.5,1498.5,1499.75,0
2023-04-14T18:00:00Z,1499.75,1501.75,1498.5,1499.0,0
2023-04-17T00:00:00Z,1468.0,1469.75,1464.75,1465.0,0
2023-04-17T01:00:00Z,1464.75,1471.75,1463.75,1471.75,0
2023-04-17T02:00:00Z,1471.25,1471.5,1467.5,1471.25,0
2023-04-17T03:00:00Z,1471.25,1472.0,1470.25,1471.75,0
2023-04-17T04:00:00Z,1471.5,1471.5,1470.75,1470.75,0
2023-04-17T05:00:00Z,1470.75,1473.5,1470.25,1471.0,0
2023-04-17T06:00:00Z,1471.0,1474.75,1469.75,1474.5,0
2023-04-17T07:00:00Z,1474.0,1474.25,1471.25,1471.75,0
2023-04-17T08:00:00Z,1471.5,1473.25,1471.25,1471.75,0
2023-04-17T09:00:00Z,1471.75,1475.5,1471.75,1474.75,0
2023-04-17T10:00:00Z,1474.75,1477.5,1474.25,1476.5,0
2023-04-17T11:00:00Z,1476.75,1478.25,1476.0,1477.25,0
2023-04-17T12:00:00Z,1477.25,1478.25,1474.75,1474.75,0
2023-04-17T13:00:00Z,1475.25,1481.0,1475.25,1479.5,0
2023-04-17T14:00:00Z,1479.5,1481.0,1476.75,1479.75,0
2023-04-17T15:00:00Z,1479.75,1483.5,1477.25,1482.5,0
2023-04-17T16:00:00Z,1482.5,1486.0,1481.25,1485.25,0
2023-04-17T17:00:00Z,1485.0,1487.25,1485.0,1485.0,0
2023-04-17T18:00:00Z,1485.0,1486.0,1483.75,1484.75,0
2023-04-18T00:00:00Z,1485.0,1487.5,1483.25,1486.25,0
2023-04-18T01:00:00Z,1486.0,1492.75,1485.75,1492.75,0
2023-04-18T02:00:00Z,1492.75,1495.25,1491.75,1494.5,0
2023-04-18T03:00:00Z,1494.5,1495.5,1494.0,1494.0,0
2023-04-18T04:00:00Z,1494.0,1494.0,1492.75,1493.0,0
2023-04-18T05:00:00Z,1493.25,1497.0,1491.75,1497.0,0
2023-04-18T06:00:00Z,1496.75,1498.75,1495.75,1497.25,0
2023-04-18T07:00:00Z,1497.0,1498.5,1496.75,1497.75,0
2023-04-18T08:00:00Z,1497.75,1498.75,1497.25,1497.75,0
2023-04-18T09:00:00Z,1497.75,1501.0,1497.5,1498.75,0
2023-04-18T10:00:00Z,1499.0,1499.25,1497.0,1498.75,0
2023-04-18T11:00:00Z,1498.75,1499.25,1495.5,1495.75,0
2023-04-18T12:00:00Z,1496.0,1497.0,1493.25,1493.5,0
2023-04-18T13:00:00Z,1493.5,1494.5,1483.75,1486.25,0
2023-04-18T14:00:00Z,1486.25,1488.75,1483.75,1484.5,0
2023-04-18T15:00:00Z,1484.5,1489.5,1481.5,1485.0,0
2023-04-18T16:00:00Z,1485.25,1492.5,1485.25,1492.0,0
2023-04-18T17:00:00Z,1492.25,1493.0,1490.0,1492.0,0
2023-04-18T18:00:00Z,1491.75,1492.25,1489.25,1489.5,0
2023-04-19T00:00:00Z,1488.75,1491.0,1486.25,1487.75,0
2023-04-19T01:00:00Z,1487.75,1488.75,1486.75,1486.75,0
2023-04-19T02:00:00Z,1486.75,1488.0,1486.25,1487.0,0
2023-04-19T03:00:00Z,1487.25,1488.5,1486.75,1488.5,0
2023-04-19T04:00:00Z,1488.5,1488.5,1487.5,1487.75,0
2023-04-19T05:00:00Z,1488.0,1488.5,1487.5,1488.25,0
2023-04-19T06:00:00Z,1488.25,1489.0,1486.0,1488.25,0
2023-04-19T07:00:00Z,1488.25,1488.5,1486.75,1487.5,0
2023-04-19T08:00:00Z,1487.5,1487.5,1485.25,1485.75,0
2023-04-19T09:00:00Z,1485.5,1486.25,1485.0,1485.5,0
2023-04-19T10:00:00Z,1485.5,1487.0,1485.25,1485.75,0
2023-04-19T11:00:00Z,1485.75,1487.5,1484.75,1486.25,0
2023-04-19T12:00:00Z,1486.25,1486.75,1484.75,1486.0,0
2023-04-19T13:00:00Z,1484.25,1489.5,1480.5,1480.75,0
2023-04-19T14:00:00Z,1480.75,1490.25,1480.0,1490.25,0
2023-04-19T15:00:00Z,1490.5,1492.0,1488.25,1490.5,0
2023-04-19T16:00:00Z,1490.75,1493.25,1486.5,1486.75,0
2023-04-19T17:00:00Z,1486.75,1486.75,1477.5,1477.75,0
2023-04-19T18:00:00Z,1478.0,1480.0,1477.75,1478.5,0
2023-04-20T00:00:00Z,1476.5,1477.0,1474.25,1474.75,0
2023-04-20T01:00:00Z,1475.0,1477.0,1474.25,1476.75,0
2023-04-20T02:00:00Z,1476.5,1476.75,1472.75,1473.0,0
2023-04-20T03:00:00Z,1473.0,1473.5,1472.0,1472.75,0
2023-04-20T04:00:00Z,1472.75,1473.25,1472.25,1472.75,0
2023-04-20T05:00:00Z,1473.0,1474.0,1472.5,1472.75,0
2023-04-20T06:00:00Z,1473.0,1474.0,1472.25,1473.0,0
2023-04-20T07:00:00Z,1473.0,1473.0,1470.75,1471.5,0
2023-04-20T08:00:00Z,1471.25,1472.0,1468.5,1469.0,0
2023-04-20T09:00:00Z,1468.75,1470.5,1467.5,1469.5,0
2023-04-20T10:00:00Z,1469.75,1469.75,1467.5,1469.0,0
2023-04-20T11:00:00Z,1469.0,1469.5,1466.25,1467.0,0
2023-04-20T12:00:00Z,1467.0,1468.0,1465.25,1466.5,0
2023-04-20T13:00:00Z,1465.0,1471.0,1461.75,1467.0,0
2023-04-20T14:00:00Z,1467.0,1469.25,1460.75,1468.0,0
2023-04-20T15:00:00Z,1468.25,1471.25,1463.5,1464.25,0
2023-04-20T16:00:00Z,1464.25,1464.25,1461.0,1462.75,0
2023-04-20T17:00:00Z,1462.5,1471.0,1462.25,1469.25,0
2023-04-20T18:00:00Z,1469.25,1470.75,1467.5,1468.25,0
2023-04-21T00:00:00Z,1467.75,1469.5,1466.0,1466.25,0
2023-04-21T01:00:00Z,1466.5,1468.25,1464.0,1464.0,0
2023-04-21T02:00:00Z,1464.0,1465.0,1462.25,1464.25,0
2023-04-21T03:00:00Z,1464.5,1465.0,1463.0,1463.5,0
2023-04-21T04:00:00Z,1463.5,1464.5,1463.25,1463.5,0
2023-04-21T05:00:00Z,1463.5,1463.75,1462.25,1462.5,0
2023-04-21T06:00:00Z,1462.5,1463.5,1460.0,1460.5,0
2023-04-21T07:00:00Z,1460.5,1460.5,1458.0,1459.5,0
2023-04-21T08:00:00Z,1459.5,1461.5,1458.5,1459.0,0
2023-04-21T09:00:00Z,1459.25,1459.5,1457.0,1457.25,0
2023-04-21T10:00:00Z,1457.25,1458.75,1456.25,1457.0,0
2023-04-21T11:00:00Z,1457.0,1457.75,1455.75,1456.5,0
2023-04-21T12:00:00Z,1456.5,1457.25,1455.75,1457.25,0
2023-04-21T13:00:00Z,1457.25,1466.75,1454.75,1464.5,0
2023-04-21T14:00:00Z,1464.5,1465.0,1451.0,1457.25,0
2023-04-21T15:00:00Z,1457.25,1458.75,1448.5,1449.0,0
2023-04-21T16:00:00Z,1449.0,1449.75,1444.25,1445.75,0
2023-04-21T17:00:00Z,1445.5,1449.25,1445.25,1447.75,0
2023-04-21T18:00:00Z,1447.75,1449.75,1447.0,1449.25,0
2023-04-24T00:00:00Z,1450.25,1452.0,1445.5,1445.5,0
2023-04-24T01:00:00Z,1445.5,1451.75,1445.25,1446.75,0
2023-04-24T02:00:00Z,1446.75,1449.75,1446.0,1446.0,0
2023-04-24T03:00:00Z,1446.25,1447.25,1446.0,1446.5,0
2023-04-24T04:00:00Z,1446.5,1446.75,1445.75,1446.0,0
2023-04-24T05:00:00Z,1446.0,1448.5,1445.0,1448.25,0
2023-04-24T06:00:00Z,1448.0,1452.0,1448.0,1451.0,0
2023-04-24T07:00:00Z,1451.0,1453.25,1449.5,1453.0,0
2023-04-24T08:00:00Z,1453.0,1454.25,1452.0,1453.5,0
2023-04-24T09:00:00Z,1453.5,1453.5,1451.5,1451.75,0
2023-04-24T10:00:00Z,1452.0,1452.0,1449.25,1449.25,0
2023-04-24T11:00:00Z,1449.75,1451.5,1448.5,1450.5,0
2023-04-24T12:00:00Z,1450.75,1452.0,1449.5,1449.75,0
2023-04-24T13:00:00Z,1450.0,1455.75,1448.0,1454.75,0
2023-04-24T14:00:00Z,1454.5,1462.25,1454.25,1457.75,0
2023-04-24T15:00:00Z,1457.75,1459.0,1448.0,1448.25,0
2023-04-24T16:00:00Z,1448.5,1448.5,1441.25,1442.5,0
2023-04-24T17:00:00Z,1442.5,1443.25,1436.75,1438.0,0
2023-04-24T18:00:00Z,1437.75,1438.5,1434.0,1435.25,0
2023-04-25T00:00:00Z,1434.5,1437.5,1432.5,1436.5,0
2023-04-25T01:00:00Z,1436.75,1439.75,1433.5,1435.5,0
2023-04-25T02:00:00Z,1435.5,1436.25,1435.0,1436.0,0
2023-04-25T03:00:00Z,1436.25,1436.75,1435.25,1436.0,0
2023-04-25T04:00:00Z,1436.25,1436.5,1434.75,1434.75,0
2023-04-25T05:00:00Z,1435.0,1436.0,1433.75,1435.25,0
2023-04-25T06:00:00Z,1435.25,1439.0,1435.25,1436.5,0
2023-04-25T07:00:00Z,1436.5,1437.75,1435.0,1436.25,0
2023-04-25T08:00:00Z,1436.25,1437.0,1434.25,1436.5,0
2023-04-25T09:00:00Z,1436.75,1438.75,1436.25,1436.75,0
2023-04-25T10:00:00Z,1436.75,1436.75,1433.75,1433.75,0
2023-04-25T11:00:00Z,1433.75,1434.25,1431.0,1431.25,0
2023-04-25T12:00:00Z,1431.0,1431.25,1428.5,1430.5,0
2023-04-25T13:00:00Z,1431.0,1431.75,1414.5,1416.75,0
2023-04-25T14:00:00Z,1416.75,1419.75,1412.5,1415.5,0
2023-04-25T15:00:00Z,1415.75,1420.5,1411.25,1415.75,0
2023-04-25T16:00:00Z,1415.75,1424.0,1415.75,1421.25,0
2023-04-25T17:00:00Z,1421.0,1423.25,1417.5,1418.25,0
2023-04-25T18:00:00Z,1418.25,1419.5,1416.25,1417.75,0
2023-04-26T00:00:00Z,1417.75,1421.5,1417.0,1420.75,0
2023-04-26T01:00:00Z,1420.5,1428.25,1420.5,1428.0,0
2023-04-26T02:00:00Z,1428.0,1428.25,1425.5,1426.5,0
2023-04-26T03:00:00Z,1426.5,1427.0,1425.0,1425.0,0
2023-04-26T04:00:00Z,1425.0,1426.0,1424.75,1425.75,0
2023-04-26T05:00:00Z,1425.75,1426.25,1423.75,1424.0,0
2023-04-26T06:00:00Z,1424.0,1426.5,1423.0,1426.5,0
2023-04-26T07:00:00Z,1426.25,1426.25,1422.0,1422.75,0
2023-04-26T08:00:00Z,1422.75,1424.5,1421.75,1423.25,0
2023-04-26T09:00:00Z,1423.25,1423.25,1420.75,1422.25,0
2023-04-26T10:00:00Z,1422.0,1422.5,1420.25,1421.25,0
2023-04-26T11:00:00Z,1421.25,1422.0,1419.75,1420.75,0
2023-04-26T12:00:00Z,1421.0,1421.75,1419.25,1420.5,0
2023-04-26T13:00:00Z,1421.0,1421.25,1415.5,1417.5,0
2023-04-26T14:00:00Z,1417.5,1424.5,1415.25,1421.5,0
2023-04-26T15:00:00Z,1421.5,1423.5,1417.75,1418.75,0
2023-04-26T16:00:00Z,1418.75,1420.25,1414.0,1415.75,0
2023-04-26T17:00:00Z,1416.0,1417.5,1412.0,1413.25,0
2023-04-26T18:00:00Z,1413.25,1416.25,1413.0,1415.75,0
2023-04-27T00:00:00Z,1414.75,1417.25,1413.0,1413.75,0
2023-04-27T01:00:00Z,1414.0,1416.0,1412.0,1415.25,0
2023-04-27T02:00:00Z,1415.25,1416.5,1413.0,1415.5,0
2023-04-27T03:00:00Z,1415.25,1415.75,1413.75,1414.25,0
2023-04-27T04:00:00Z,1414.25,1414.75,1413.25,1414.0,0
2023-04-27T05:00:00Z,1413.75,1414.75,1413.0,1414.5,0
2023-04-27T06:00:00Z,1414.5,1416.25,1412.5,1413.0,0
2023-04-27T07:00:00Z,1412.75,1413.5,1411.5,1413.0,0
2023-04-27T08:00:00Z,1413.0,1413.0,1410.5,1411.5,0
2023-04-27T09:00:00Z,1411.25,1412.0,1408.5,1409.0,0
2023-04-27T10:00:00Z,1409.0,1409.0,1406.25,1408.25,0
2023-04-27T11:00:00Z,1408.0,1408.25,1405.5,1405.75,0
2023-04-27T12:00:00Z,1405.5,1408.75,1405.25,1408.75,0
2023-04-27T13:00:00Z,1408.0,1413.25,1404.0,1410.5,0
2023-04-27T14:00:00Z,1410.5,1415.25,1405.5,1408.0,0
2023-04-27T15:00:00Z,1407.75,1412.5,1406.25,1406.75,0
2023-04-27T16:00:00Z,1406.5,1409.0,1405.0,1406.25,0
2023-04-27T17:00:00Z,1406.25,1407.25,1401.75,1403.0,0
2023-04-27T18:00:00Z,1403.0,1406.25,1402.0,1405.75,0
2023-04-28T00:00:00Z,1406.5,1408.0,1403.0,1405.75,0
2023-04-28T01:00:00Z,1405.75,1409.5,1405.25,1408.75,0
2023-04-28T02:00:00Z,1409.0,1410.0,1407.75,1409.5,0
2023-04-28T03:00:00Z,1409.75,1410.75,1408.5,1410.25,0
2023-04-28T04:00:00Z,1410.5,1411.25,1410.0,1410.75,0
2023-04-28T05:00:00Z,1410.75,1411.75,1409.75,1410.25,0
2023-04-28T06:00:00Z,1410.0,1412.5,1408.5,1410.75,0
2023-04-28T07:00:00Z,1410.75,1411.25,1408.75,1409.75,0
2023-04-28T08:00:00Z,1410.0,1410.0,1406.0,1406.75,0
2023-04-28T09:00:00Z,1406.75,1411.5,1406.25,1410.0,0
2023-04-28T10:00:00Z,1410.0,1412.5,1409.5,1412.25,0
2023-04-28T11:00:00Z,1412.0,1412.25,1408.5,1410.5,0
2023-04-28T12:00:00Z,1410.5,1411.5,1407.5,1411.5,0
2023-04-28T13:00:00Z,1412.5,1413.0,1402.5,1404.0,0
2023-04-28T14:00:00Z,1404.0,1405.75,1397.5,1404.5,0
2023-04-28T15:00:00Z,1404.5,1416.25,1396.5,1414.25,0
2023-04-28T16:00:00Z,1414.25,1421.5,1414.0,1417.5,0
2023-04-28T17:00:00Z,1417.25,1423.5,1417.0,1420.0,0
2023-04-28T18:00:00Z,1420.0,1420.75,1418.0,1419.25,0
2023-05-01T00:00:00Z,1419.25,1423.25,1418.0,1418.75,0
2023-05-01T01:00:00Z,1418.5,1419.25,1415.0,1415.75,0
2023-05-01T02:00:00Z,1415.75,1417.5,1415.5,1417.0,0
2023-05-01T03:00:00Z,1417.0,1418.25,1416.5,1417.75,0
2023-05-01T04:00:00Z,1417.75,1418.25,1417.5,1418.0,0
2023-05-01T05:00:00Z,1418.0,1418.25,1417.5,1417.5,0
2023-05-01T06:00:00Z,1417.25,1418.25,1417.0,1417.25,0
2023-05-01T07:00:00Z,1417.25,1420.0,1416.5,1419.75,0
2023-05-01T08:00:00Z,1419.75,1421.0,1419.0,1419.25,0
2023-05-01T09:00:00Z,1419.25,1420.75,1419.0,1420.25,0
2023-05-01T10:00:00Z,1420.0,1422.75,1419.25,1422.75,0
2023-05-01T11:00:00Z,1422.5,1422.75,1419.25,1419.75,0
2023-05-01T12:00:00Z,1419.75,1422.75,1418.5,1422.0,0
2023-05-01T13:00:00Z,1421.75,1426.75,1413.0,1424.25,0
2023-05-01T14:00:00Z,1424.25,1425.0,1417.25,1423.25,0
2023-05-01T15:00:00Z,1423.0,1426.75,1421.25,1422.25,0
2023-05-01T16:00:00Z,1422.5,1426.0,1418.5,1418.5,0
2023-05-01T17:00:00Z,1418.75,1428.5,1418.0,1428.25,0
2023-05-01T18:00:00Z,1428.25,1429.25,1426.5,1427.25,0
2023-05-02T00:00:00Z,1427.0,1434.5,1426.5,1433.25,0
2023-05-02T01:00:00Z,1433.0,1435.0,1432.25,1434.25,0
2023-05-02T02:00:00Z,1434.5,1435.75,1433.5,1433.75,0
2023-05-02T03:00:00Z,1433.75,1438.0,1433.5,1437.25,0
2023-05-02T04:00:00Z,1437.25,1439.0,1435.75,1437.5,0
2023-05-02T05:00:00Z,1437.25,1437.75,1434.75,1435.25,0
2023-05-02T06:00:00Z,1435.0,1436.75,1434.75,1435.75,0
2023-05-02T07:00:00Z,1436.0,1437.0,1434.5,1434.75,0
2023-05-02T08:00:00Z,1434.5,1438.5,1434.0,1437.0,0
2023-05-02T09:00:00Z,1437.0,1438.25,1436.0,1438.25,0
2023-05-02T10:00:00Z,1438.25,1439.25,1436.75,1438.25,0
2023-05-02T11:00:00Z,1438.5,1440.0,1438.0,1438.0,0
2023-05-02T12:00:00Z,1437.75,1439.0,1434.0,1435.5,0
2023-05-02T13:00:00Z,1435.0,1436.5,1428.25,1433.75,0
2023-05-02T14:00:00Z,1433.5,1433.5,1424.5,1427.75,0
2023-05-02T15:00:00Z,1427.75,1428.5,1422.0,1424.25,0
2023-05-02T16:00:00Z,1424.25,1424.25,1417.25,1417.75,0
2023-05-02T17:00:00Z,1418.0,1418.0,1413.5,1415.5,0
2023-05-02T18:00:00Z,1415.75,1416.0,1408.0,1409.25,0
2023-05-03T00:00:00Z,1411.0,1411.75,1405.5,1407.5,0
2023-05-03T01:00:00Z,1407.25,1407.75,1405.0,1405.25,0
2023-05-03T02:00:00Z,1405.25,1405.5,1403.75,1403.75,0
2023-05-03T03:00:00Z,1403.75,1405.75,1403.5,1405.0,0
2023-05-03T04:00:00Z,1405.0,1405.75,1404.5,1404.5,0
2023-05-03T05:00:00Z,1404.75,1405.25,1404.25,1404.25,0
2023-05-03T06:00:00Z,1404.5,1405.0,1403.75,1403.75,0
2023-05-03T07:00:00Z,1403.75,1405.5,1401.25,1401.25,0
2023-05-03T08:00:00Z,1401.0,1403.25,1400.25,1403.0,0
2023-05-03T09:00:00Z,1402.75,1405.0,1402.0,1402.5,0
2023-05-03T10:00:00Z,1402.5,1402.75,1400.5,1402.25,0
2023-05-03T11:00:00Z,1402.25,1402.5,1397.5,1400.0,0
2023-05-03T12:00:00Z,1400.0,1404.5,1397.0,1402.5,0
2023-05-03T13:00:00Z,1403.0,1403.0,1393.0,1394.0,0
2023-05-03T14:00:00Z,1394.0,1403.25,1392.25,1402.5,0
2023-05-03T15:00:00Z,1402.5,1416.0,1402.5,1406.75,0
2023-05-03T16:00:00Z,1406.75,1410.75,1405.5,1407.75,0
2023-05-03T17:00:00Z,1408.0,1418.0,1407.0,1417.5,0
2023-05-03T18:00:00Z,1417.75,1418.75,1416.25,1417.0,0
2023-05-04T00:00:00Z,1415.25,1420.75,1414.5,1417.75,0
2023-05-04T01:00:00Z,1418.0,1420.75,1410.5,1420.25,0
2023-05-04T02:00:00Z,1420.25,1422.0,1417.0,1418.25,0
2023-05-04T03:00:00Z,1418.0,1419.5,1414.25,1416.25,0
2023-05-04T04:00:00Z,1416.25,1418.0,1416.0,1417.25,0
2023-05-04T05:00:00Z,1417.0,1419.0,1415.0,1418.75,0
2023-05-04T06:00:00Z,1418.75,1419.25,1414.75,1418.0,0
2023-05-04T07:00:00Z,1417.75,1417.75,1413.75,1417.0,0
2023-05-04T08:00:00Z,1416.75,1417.0,1413.25,1413.75,0
2023-05-04T09:00:00Z,1414.0,1415.25,1412.0,1413.25,0
2023-05-04T10:00:00Z,1413.0,1414.5,1412.25,1412.75,0
2023-05-04T11:00:00Z,1412.5,1413.75,1410.25,1410.75,0
2023-05-04T12:00:00Z,1410.75,1413.5,1410.5,1412.5,0
2023-05-04T13:00:00Z,1412.5,1413.25,1406.0,1411.25,0
2023-05-04T14:00:00Z,1411.25,1411.25,1405.0,1410.25,0
2023-05-04T15:00:00Z,1410.5,1414.25,1407.0,1408.25,0
2023-05-04T16:00:00Z,1408.25,1415.75,1406.25,1415.75,0
2023-05-04T17:00:00Z,1415.5,1423.5,1415.0,1419.0,0
2023-05-04T18:00:00Z,1419.0,1422.0,1416.0,1417.0,0
2023-05-05T00:00:00Z,1417.0,1419.5,1416.0,1418.5,0
2023-05-05T01:00:00Z,1418.5,1422.25,1417.25,1420.25,0
2023-05-05T02:00:00Z,1420.75,1421.5,1419.0,1421.5,0
2023-05-05T03:00:00Z,1421.5,1425.25,1421.25,1424.5,0
2023-05-05T04:00:00Z,1424.0,1425.5,1424.0,1424.5,0
2023-05-05T05:00:00Z,1424.75,1425.5,1423.75,1424.25,0
2023-05-05T06:00:00Z,1424.5,1426.5,1424.0,1426.0,0
2023-05-05T07:00:00Z,1425.75,1426.5,1424.25,1425.0,0
2023-05-05T08:00:00Z,1425.25,1427.0,1424.75,1426.75,0
2023-05-05T09:00:00Z,1426.75,1427.5,1425.5,1427.0,0
2023-05-05T10:00:00Z,1427.5,1429.0,1427.0,1427.25,0
2023-05-05T11:00:00Z,1427.25,1429.0,1426.25,1426.25,0
2023-05-05T12:00:00Z,1426.25,1426.75,1423.0,1425.5,0
2023-05-05T13:00:00Z,1428.0,1437.5,1426.25,1435.25,0
2023-05-05T14:00:00Z,1435.25,1438.75,1431.0,1432.75,0
2023-05-05T15:00:00Z,1432.75,1435.5,1431.0,1434.25,0
2023-05-05T16:00:00Z,1434.25,1438.0,1432.5,1437.0,0
2023-05-05T17:00:00Z,1437.25,1438.25,1434.5,1436.5,0
2023-05-05T18:00:00Z,1436.5,1437.5,1435.5,1436.75,0
2023-05-08T00:00:00Z,1436.5,1438.75,1433.75,1434.5,0
2023-05-08T01:00:00Z,1434.5,1435.75,1432.25,1433.75,0
2023-05-08T02:00:00Z,1433.5,1435.75,1432.5,1434.25,0
2023-05-08T03:00:00Z,1434.25,1436.25,1434.0,1435.5,0
2023-05-08T04:00:00Z,1435.5,1435.75,1434.75,1434.75,0
2023-05-08T05:00:00Z,1434.75,1439.75,1434.75,1438.0,0
2023-05-08T06:00:00Z,1438.0,1440.0,1437.25,1439.75,0
2023-05-08T07:00:00Z,1440.0,1445.5,1439.75,1445.5,0
2023-05-08T08:00:00Z,1445.25,1446.75,1442.75,1443.0,0
2023-05-08T09:00:00Z,1443.0,1445.75,1442.75,1444.0,0
2023-05-08T10:00:00Z,1444.0,1444.75,1442.5,1443.0,0
2023-05-08T11:00:00Z,1443.0,1446.0,1440.75,1446.0,0
2023-05-08T12:00:00Z,1445.75,1445.75,1442.5,1443.0,0
2023-05-08T13:00:00Z,1443.0,1446.75,1431.0,1432.5,0
2023-05-08T14:00:00Z,1432.25,1439.5,1430.5,1437.25,0
2023-05-08T15:00:00Z,1437.25,1437.25,1430.0,1431.75,0
2023-05-08T16:00:00Z,1431.75,1435.5,1431.5,1434.5,0
2023-05-08T17:00:00Z,1434.5,1436.5,1432.5,1434.5,0
2023-05-08T18:00:00Z,1434.75,1435.75,1432.25,1434.5,0
2023-05-09T00:00:00Z,1432.25,1432.5,1428.0,1428.5,0
2023-05-09T01:00:00Z,1428.75,1430.75,1426.0,1427.25,0
2023-05-09T02:00:00Z,1427.25,1429.75,1426.75,1428.5,0
2023-05-09T03:00:00Z,1428.5,1429.0,1427.5,1429.0,0
2023-05-09T04:00:00Z,1428.75,1429.5,1428.5,1428.75,0
2023-05-09T05:00:00Z,1428.5,1429.75,1426.75,1427.5,0
2023-05-09T06:00:00Z,1427.5,1427.75,1425.0,1425.75,0
2023-05-09T07:00:00Z,1426.0,1427.5,1425.0,1425.25,0
2023-05-09T08:00:00Z,1425.25,1427.0,1425.0,1426.0,0
2023-05-09T09:00:00Z,1426.0,1431.0,1426.0,1430.0,0
2023-05-09T10:00:00Z,1429.75,1431.75,1429.75,1430.75,0
2023-05-09T11:00:00Z,1430.5,1430.5,1421.5,1423.0,0
2023-05-09T12:00:00Z,1423.0,1424.0,1421.75,1422.5,0
2023-05-09T13:00:00Z,1421.75,1422.0,1410.5,1415.5,0
2023-05-09T14:00:00Z,1415.5,1417.5,1410.75,1414.0,0
2023-05-09T15:00:00Z,1414.25,1415.5,1410.5,1412.5,0
2023-05-09T16:00:00Z,1412.75,1417.5,1411.25,1414.75,0
2023-05-09T17:00:00Z,1414.75,1417.0,1412.75,1415.0,0
2023-05-09T18:00:00Z,1415.0,1415.25,1413.5,1414.0,0
2023-05-10T00:00:00Z,1414.5,1417.0,1413.0,1416.0,0
2023-05-10T01:00:00Z,1416.25,1418.25,1413.5,1414.25,0
2023-05-10T02:00:00Z,1414.5,1415.5,1412.5,1412.75,0
2023-05-10T03:00:00Z,1413.0,1413.75,1412.75,1413.75,0
2023-05-10T04:00:00Z,1413.5,1413.5,1413.0,1413.0,0
2023-05-10T05:00:00Z,1413.0,1413.0,1410.5,1412.0,0
2023-05-10T06:00:00Z,1412.0,1413.25,1411.0,1411.75,0
2023-05-10T07:00:00Z,1412.0,1414.5,1411.75,1411.75,0
2023-05-10T08:00:00Z,1411.5,1411.5,1406.5,1408.25,0
2023-05-10T09:00:00Z,1408.0,1408.0,1405.25,1405.75,0
2023-05-10T10:00:00Z,1406.0,1406.0,1404.25,1405.25,0
2023-05-10T11:00:00Z,1405.25,1405.75,1402.5,1403.75,0
2023-05-10T12:00:00Z,1403.75,1411.75,1403.0,1410.5,0
2023-05-10T13:00:00Z,1411.25,1418.25,1408.0,1413.5,0
2023-05-10T14:00:00Z,1413.75,1416.0,1408.5,1410.5,0
2023-05-10T15:00:00Z,1410.25,1417.0,1409.5,1413.0,0
2023-05-10T16:00:00Z,1412.75,1414.25,1410.5,1411.5,0
2023-05-10T17:00:00Z,1411.5,1411.5,1403.5,1405.0,0
2023-05-10T18:00:00Z,1405.0,1405.5,1403.0,1404.0,0
2023-05-11T00:00:00Z,1403.0,1404.75,1401.5,1404.5,0
2023-05-11T01:00:00Z,1404.25,1405.25,1398.75,1399.0,0
2023-05-11T02:00:00Z,1399.0,1399.5,1397.0,1398.75,0
2023-05-11T03:00:00Z,1398.75,1401.0,1398.25,1398.75,0
2023-05-11T04:00:00Z,1398.75,1399.0,1398.0,1398.25,0
2023-05-11T05:00:00Z,1398.25,1400.5,1397.75,1398.75,0
2023-05-11T06:00:00Z,1398.5,1400.5,1395.0,1395.75,0
2023-05-11T07:00:00Z,1395.5,1399.25,1395.5,1397.25,0
2023-05-11T08:00:00Z,1397.0,1400.25,1397.0,1400.25,0
2023-05-11T09:00:00Z,1400.25,1401.25,1399.0,1400.0,0
2023-05-11T10:00:00Z,1400.0,1400.0,1397.25,1397.5,0
2023-05-11T11:00:00Z,1397.5,1398.0,1396.0,1397.5,0
2023-05-11T12:00:00Z,1397.5,1397.5,1391.5,1392.0,0
2023-05-11T13:00:00Z,1391.75,1398.25,1385.25,1397.75,0
2023-05-11T14:00:00Z,1397.75,1409.75,1395.5,1407.75,0
2023-05-11T15:00:00Z,1407.75,1413.5,1406.5,1412.25,0
2023-05-11T16:00:00Z,1412.0,1413.5,1404.0,1404.75,0
2023-05-11T17:00:00Z,1404.75,1405.75,1401.75,1404.0,0
2023-05-11T18:00:00Z,1404.25,1407.0,1403.75,1407.0,0
2023-05-12T00:00:00Z,1405.25,1409.5,1404.0,1407.25,0
2023-05-12T01:00:00Z,1407.5,1409.0,1405.25,1406.5,0
2023-05-12T02:00:00Z,1406.5,1408.25,1405.5,1408.0,0
2023-05-12T03:00:00Z,1408.0,1409.25,1407.5,1409.0,0
2023-05-12T04:00:00Z,1409.0,1409.5,1408.5,1409.5,0
2023-05-12T05:00:00Z,1409.5,1409.75,1408.5,1409.5,0
2023-05-12T06:00:00Z,1409.5,1411.5,1408.75,1410.25,0
2023-05-12T07:00:00Z,1410.25,1416.75,1410.25,1413.0,0
2023-05-12T08:00:00Z,1412.75,1416.5,1412.75,1415.75,0
2023-05-12T09:00:00Z,1415.75,1416.25,1414.5,1415.5,0
2023-05-12T10:00:00Z,1415.25,1416.25,1412.75,1413.5,0
2023-05-12T11:00:00Z,1413.75,1415.0,1413.0,1414.0,0
2023-05-12T12:00:00Z,1414.25,1414.25,1408.25,1409.0,0
2023-05-12T13:00:00Z,1409.0,1410.5,1400.25,1400.5,0
2023-05-12T14:00:00Z,1400.5,1401.0,1394.25,1398.25,0
2023-05-12T15:00:00Z,1398.25,1402.25,1396.25,1401.25,0
2023-05-12T16:00:00Z,1400.5,1410.25,1388.5,1397.5,0
2023-05-12T17:00:00Z,1397.5,1398.5,1389.0,1389.75,0
2023-05-12T18:00:00Z,1389.75,1391.75,1388.5,1389.5,0
2023-05-15T00:00:00Z,1388.75,1396.5,1386.25,1395.5,0
2023-05-15T01:00:00Z,1395.5,1396.0,1386.5,1387.5,0
2023-05-15T02:00:00Z,1387.25,1389.0,1387.25,1387.75,0
2023-05-15T03:00:00Z,1388.0,1388.75,1387.75,1388.25,0
2023-05-15T04:00:00Z,1388.25,1389.25,1388.0,1388.25,0
2023-05-15T05:00:00Z,1388.5,1394.0,1388.0,1393.5,0
2023-05-15T06:00:00Z,1393.5,1395.75,1391.75,1395.75,0
2023-05-15T07:00:00Z,1395.5,1397.25,1394.0,1396.5,0
2023-05-15T08:00:00Z,1396.25,1397.75,1395.25,1395.5,0
2023-05-15T09:00:00Z,1395.5,1398.0,1395.25,1397.75,0
2023-05-15T10:00:00Z,1397.75,1401.0,1397.0,1400.75,0
2023-05-15T11:00:00Z,1400.75,1402.0,1398.25,1401.5,0
2023-05-15T12:00:00Z,1401.75,1404.75,1401.25,1404.5,0
2023-05-15T13:00:00Z,1405.0,1411.5,1404.75,1408.5,0
2023-05-15T14:00:00Z,1408.5,1410.5,1404.75,1406.0,0
2023-05-15T15:00:00Z,1406.0,1411.0,1406.0,1409.0,0
2023-05-15T16:00:00Z,1409.25,1409.5,1403.75,1406.75,0
2023-05-15T17:00:00Z,1406.5,1406.75,1400.0,1400.75,0
2023-05-15T18:00:00Z,1401.0,1401.75,1397.25,1400.25,0
2023-05-16T00:00:00Z,1400.0,1400.75,1398.5,1400.0,0
2023-05-16T01:00:00Z,1400.25,1401.0,1398.5,1401.0,0
2023-05-16T02:00:00Z,1400.75,1401.25,1397.5,1401.0,0
2023-05-16T03:00:00Z,1400.75,1401.75,1399.5,1399.75,0
2023-05-16T04:00:00Z,1399.5,1399.75,1397.75,1398.0,0
2023-05-16T05:00:00Z,1398.0,1398.5,1395.75,1397.0,0
2023-05-16T06:00:00Z,1397.0,1397.25,1394.75,1395.25,0
2023-05-16T07:00:00Z,1395.25,1398.25,1393.5,1397.5,0
2023-05-16T08:00:00Z,1397.25,1398.75,1395.5,1396.25,0
2023-05-16T09:00:00Z,1396.0,1398.25,1395.75,1397.0,0
2023-05-16T10:00:00Z,1396.75,1397.0,1394.75,1396.5,0
2023-05-16T11:00:00Z,1396.25,1396.25,1389.25,1389.75,0
2023-05-16T12:00:00Z,1389.75,1391.0,1388.5,1389.0,0
2023-05-16T13:00:00Z,1389.5,1389.75,1382.0,1382.25,0
2023-05-16T14:00:00Z,1382.25,1382.75,1366.25,1370.0,0
2023-05-16T15:00:00Z,1370.0,1370.5,1362.75,1363.5,0
2023-05-16T16:00:00Z,1363.5,1365.75,1359.0,1359.25,0
2023-05-16T17:00:00Z,1359.0,1362.75,1358.75,1362.0,0
2023-05-16T18:00:00Z,1362.0,1365.0,1361.5,1364.5,0
2023-05-17T00:00:00Z,1365.0,1365.75,1361.0,1361.75,0
2023-05-17T01:00:00Z,1361.5,1362.25,1356.0,1359.0,0
2023-05-17T02:00:00Z,1359.0,1360.0,1358.5,1359.5,0
2023-05-17T03:00:00Z,1359.5,1359.5,1358.25,1358.25,0
2023-05-17T04:00:00Z,1358.25,1358.5,1357.5,1357.75,0
2023-05-17T05:00:00Z,1358.0,1358.25,1355.5,1356.0,0
2023-05-17T06:00:00Z,1356.0,1356.5,1353.5,1355.25,0
2023-05-17T07:00:00Z,1355.25,1358.0,1354.5,1357.0,0
2023-05-17T08:00:00Z,1357.0,1360.25,1356.5,1359.75,0
2023-05-17T09:00:00Z,1359.5,1360.25,1357.25,1358.75,0
2023-05-17T10:00:00Z,1359.0,1361.0,1356.5,1357.75,0
2023-05-17T11:00:00Z,1357.75,1358.0,1354.0,1354.5,0
2023-05-17T12:00:00Z,1354.5,1354.75,1348.25,1352.25,0
2023-05-17T13:00:00Z,1353.0,1361.75,1349.5,1354.5,0
2023-05-17T14:00:00Z,1354.25,1357.5,1342.25,1342.75,0
2023-05-17T15:00:00Z,1342.5,1344.25,1334.0,1338.0,0
2023-05-17T16:00:00Z,1338.25,1341.75,1334.75,1341.5,0
2023-05-17T17:00:00Z,1341.5,1343.75,1338.25,1342.25,0
2023-05-17T18:00:00Z,1342.25,1343.25,1332.75,1333.0,0
2023-05-18T00:00:00Z,1336.5,1336.5,1330.25,1333.0,0
2023-05-18T01:00:00Z,1332.75,1338.75,1331.5,1338.25,0
2023-05-18T02:00:00Z,1338.25,1342.5,1338.0,1341.5,0
2023-05-18T03:00:00Z,1341.25,1341.25,1338.0,1338.25,0
2023-05-18T04:00:00Z,1338.25,1338.75,1336.75,1338.0,0
2023-05-18T05:00:00Z,1338.0,1338.0,1334.0,1335.0,0
2023-05-18T06:00:00Z,1335.25,1337.75,1333.75,1337.75,0
2023-05-18T07:00:00Z,1337.75,1338.25,1334.5,1335.5,0
2023-05-18T08:00:00Z,1335.5,1336.5,1332.0,1332.25,0
2023-05-18T09:00:00Z,1332.5,1333.25,1329.5,1330.25,0
2023-05-18T10:00:00Z,1330.0,1336.75,1328.75,1334.5,0
2023-05-18T11:00:00Z,1334.5,1335.25,1329.5,1329.75,0
2023-05-18T12:00:00Z,1329.5,1330.25,1325.25,1326.25,0
2023-05-18T13:00:00Z,1328.5,1347.5,1323.25,1346.5,0
2023-05-18T14:00:00Z,1346.5,1348.0,1334.5,1335.75,0
2023-05-18T15:00:00Z,1335.5,1336.25,1325.25,1328.25,0
2023-05-18T16:00:00Z,1328.25,1342.75,1327.25,1338.0,0
2023-05-18T17:00:00Z,1338.0,1342.25,1331.0,1332.5,0
2023-05-18T18:00:00Z,1332.75,1334.5,1331.5,1332.75,0
2023-05-19T00:00:00Z,1333.25,1336.5,1331.25,1332.5,0
2023-05-19T01:00:00Z,1332.5,1337.0,1330.25,1331.0,0
2023-05-19T02:00:00Z,1331.0,1337.0,1330.5,1336.0,0
2023-05-19T03:00:00Z,1336.0,1338.5,1334.75,1337.5,0
2023-05-19T04:00:00Z,1337.5,1339.5,1337.0,1338.75,0
2023-05-19T05:00:00Z,1339.0,1339.5,1336.75,1338.0,0
2023-05-19T06:00:00Z,1338.0,1339.5,1334.75,1335.0,0
2023-05-19T07:00:00Z,1335.25,1337.75,1334.5,1337.25,0
2023-05-19T08:00:00Z,1337.25,1341.25,1336.0,1340.75,0
2023-05-19T09:00:00Z,1340.75,1342.0,1339.25,1342.0,0
2023-05-19T10:00:00Z,1341.75,1343.0,1340.25,1340.75,0
2023-05-19T11:00:00Z,1341.0,1343.0,1337.25,1339.75,0
2023-05-19T12:00:00Z,1339.5,1342.5,1338.5,1341.25,0
2023-05-19T13:00:00Z,1341.5,1343.5,1335.25,1341.5,0
2023-05-19T14:00:00Z,1341.5,1345.0,1337.25,1338.0,0
2023-05-19T15:00:00Z,1338.0,1338.75,1326.75,1329.75,0
2023-05-19T16:00:00Z,1329.75,1330.25,1317.0,1318.75,0
2023-05-19T17:00:00Z,1319.0,1322.0,1306.25,1307.25,0
2023-05-19T18:00:00Z,1307.25,1309.5,1304.75,1305.25,0
2023-05-22T00:00:00Z,1308.25,1312.25,1305.25,1308.75,0
2023-05-22T01:00:00Z,1308.5,1316.75,1308.25,1308.5,0
2023-05-22T02:00:00Z,1308.75,1309.0,1306.25,1306.25,0
2023-05-22T03:00:00Z,1306.25,1308.0,1305.75,1307.0,0
2023-05-22T04:00:00Z,1307.25,1308.25,1306.25,1306.25,0
2023-05-22T05:00:00Z,1306.25,1307.25,1304.75,1306.0,0
2023-05-22T06:00:00Z,1306.0,1312.75,1305.5,1312.5,0
2023-05-22T07:00:00Z,1312.5,1315.75,1312.0,1315.5,0
2023-05-22T08:00:00Z,1315.25,1319.0,1314.25,1317.0,0
2023-05-22T09:00:00Z,1317.0,1318.75,1315.75,1317.75,0
2023-05-22T10:00:00Z,1317.5,1317.5,1313.5,1315.25,0
2023-05-22T11:00:00Z,1314.5,1317.75,1314.25,1317.5,0
2023-05-22T12:00:00Z,1317.5,1323.0,1317.0,1320.75,0
2023-05-22T13:00:00Z,1318.25,1339.75,1317.5,1339.25,0
2023-05-22T14:00:00Z,1339.0,1341.75,1331.75,1333.0,0
2023-05-22T15:00:00Z,1333.0,1340.5,1332.25,1337.5,0
2023-05-22T16:00:00Z,1337.5,1344.25,1337.0,1341.25,0
2023-05-22T17:00:00Z,1341.25,1343.5,1338.5,1342.5,0
2023-05-22T18:00:00Z,1342.5,1343.5,1339.5,1340.25,0
2023-05-23T00:00:00Z,1341.0,1341.0,1337.0,1337.5,0
2023-05-23T01:00:00Z,1337.25,1340.75,1336.25,1338.0,0
2023-05-23T02:00:00Z,1337.75,1338.75,1336.25,1338.5,0
2023-05-23T03:00:00Z,1338.25,1338.5,1333.5,1334.25,0
2023-05-23T04:00:00Z,1334.25,1336.25,1334.25,1334.5,0
2023-05-23T05:00:00Z,1334.5,1335.75,1332.5,1333.75,0
2023-05-23T06:00:00Z,1334.0,1335.25,1331.5,1332.0,0
2023-05-23T07:00:00Z,1331.75,1332.0,1329.25,1329.5,0
2023-05-23T08:00:00Z,1329.5,1329.5,1326.75,1327.25,0
2023-05-23T09:00:00Z,1327.25,1327.25,1324.25,1326.0,0
2023-05-23T10:00:00Z,1326.0,1336.5,1325.75,1336.0,0
2023-05-23T11:00:00Z,1336.5,1337.0,1333.5,1335.75,0
2023-05-23T12:00:00Z,1335.75,1341.25,1335.5,1338.0,0
2023-05-23T13:00:00Z,1339.0,1339.25,1325.25,1330.5,0
2023-05-23T14:00:00Z,1330.5,1331.25,1320.0,1320.0,0
2023-05-23T15:00:00Z,1320.0,1324.0,1315.5,1318.25,0
2023-05-23T16:00:00Z,1318.25,1329.25,1317.75,1328.5,0
2023-05-23T17:00:00Z,1328.25,1330.75,1320.25,1321.5,0
2023-05-23T18:00:00Z,1321.5,1323.25,1320.75,1322.0,0
2023-05-24T00:00:00Z,1322.5,1326.25,1322.0,1325.75,0
2023-05-24T01:00:00Z,1325.5,1328.25,1324.75,1327.0,0
2023-05-24T02:00:00Z,1326.75,1327.75,1325.5,1326.0,0
2023-05-24T03:00:00Z,1325.75,1327.0,1325.0,1326.25,0
2023-05-24T04:00:00Z,1326.25,1327.25,1326.0,1326.5,0
2023-05-24T05:00:00Z,1326.5,1328.0,1326.25,1326.25,0
2023-05-24T06:00:00Z,1326.0,1326.75,1322.5,1322.5,0
2023-05-24T07:00:00Z,1322.25,1323.5,1321.5,1322.75,0
2023-05-24T08:00:00Z,1323.0,1323.5,1320.0,1321.5,0
2023-05-24T09:00:00Z,1321.5,1324.0,1320.25,1320.5,0
2023-05-24T10:00:00Z,1320.5,1320.75,1317.25,1317.5,0
2023-05-24T11:00:00Z,1317.5,1318.5,1316.0,1317.5,0
2023-05-24T12:00:00Z,1317.5,1323.5,1317.5,1323.25,0
2023-05-24T13:00:00Z,1323.0,1334.75,1320.5,1334.25,0
2023-05-24T14:00:00Z,1333.75,1337.75,1331.25,1332.75,0
2023-05-24T15:00:00Z,1332.75,1332.75,1325.75,1327.75,0
2023-05-24T16:00:00Z,1327.75,1328.5,1320.25,1320.5,0
2023-05-24T17:00:00Z,1320.5,1324.25,1316.5,1323.75,0
2023-05-24T18:00:00Z,1323.75,1325.25,1323.25,1324.25,0
2023-05-25T00:00:00Z,1324.25,1325.5,1323.75,1324.25,0
2023-05-25T01:00:00Z,1324.25,1326.25,1320.25,1320.75,0
2023-05-25T02:00:00Z,1321.25,1324.0,1320.75,1321.25,0
2023-05-25T03:00:00Z,1321.5,1322.0,1319.75,1321.75,0
2023-05-25T04:00:00Z,1322.0,1322.75,1321.5,1321.5,0
2023-05-25T05:00:00Z,1321.75,1322.25,1320.0,1320.0,0
2023-05-25T06:00:00Z,1319.75,1323.0,1319.25,1320.0,0
2023-05-25T07:00:00Z,1319.75,1320.5,1317.75,1318.0,0
2023-05-25T08:00:00Z,1318.0,1319.5,1316.75,1317.5,0
2023-05-25T09:00:00Z,1317.5,1319.5,1316.75,1317.5,0
2023-05-25T10:00:00Z,1317.25,1324.5,1316.75,1323.25,0
2023-05-25T11:00:00Z,1323.5,1326.75,1320.25,1323.0,0
2023-05-25T12:00:00Z,1323.5,1325.75,1322.75,1324.0,0
2023-05-25T13:00:00Z,1322.75,1332.25,1318.5,1332.25,0
2023-05-25T14:00:00Z,1332.0,1333.5,1321.5,1325.25,0
2023-05-25T15:00:00Z,1325.0,1331.25,1314.5,1315.0,0
2023-05-25T16:00:00Z,1314.75,1320.75,1305.0,1319.75,0
2023-05-25T17:00:00Z,1319.5,1325.75,1319.0,1323.0,0
2023-05-25T18:00:00Z,1323.0,1328.0,1323.0,1326.25,0
2023-05-26T00:00:00Z,1323.75,1326.25,1322.0,1323.0,0
2023-05-26T01:00:00Z,1323.0,1326.75,1322.5,1326.0,0
2023-05-26T02:00:00Z,1326.25,1327.0,1324.75,1326.25,0
2023-05-26T03:00:00Z,1326.0,1328.0,1326.0,1327.5,0
2023-05-26T04:00:00Z,1327.5,1329.5,1327.5,1329.0,0
2023-05-26T05:00:00Z,1329.25,1332.0,1329.0,1330.5,0
2023-05-26T06:00:00Z,1330.5,1334.25,1330.25,1333.75,0
2023-05-26T07:00:00Z,1333.5,1335.0,1332.5,1334.5,0
2023-05-26T08:00:00Z,1334.75,1336.25,1333.0,1335.25,0
2023-05-26T09:00:00Z,1335.0,1335.75,1333.75,1335.25,0
2023-05-26T10:00:00Z,1335.0,1337.0,1335.0,1336.75,0
2023-05-26T11:00:00Z,1337.0,1339.75,1336.0,1337.25,0
2023-05-26T12:00:00Z,1337.25,1339.75,1335.5,1336.0,0
2023-05-26T13:00:00Z,1337.0,1339.0,1330.0,1336.25,0
2023-05-26T14:00:00Z,1336.0,1337.75,1328.75,1337.5,0
2023-05-26T15:00:00Z,1337.5,1343.5,1337.5,1340.25,0
2023-05-26T16:00:00Z,1340.0,1341.5,1335.75,1337.25,0
2023-05-26T17:00:00Z,1337.5,1339.25,1331.5,1337.75,0
2023-05-26T18:00:00Z,1337.75,1340.0,1334.5,1336.25,0
2023-05-30T00:00:00Z,1337.25,1337.25,1328.5,1330.75,0
2023-05-30T01:00:00Z,1330.25,1332.5,1325.0,1329.5,0
2023-05-30T02:00:00Z,1329.5,1330.25,1327.0,1327.25,0
2023-05-30T03:00:00Z,1327.25,1327.5,1323.0,1323.0,0
2023-05-30T04:00:00Z,1322.75,1324.75,1320.75,1322.0,0
2023-05-30T05:00:00Z,1321.75,1322.75,1320.5,1320.75,0
2023-05-30T06:00:00Z,1321.0,1323.0,1320.75,1321.75,0
2023-05-30T07:00:00Z,1321.75,1322.0,1318.25,1321.0,0
2023-05-30T08:00:00Z,1321.0,1325.25,1319.75,1323.75,0
2023-05-30T09:00:00Z,1323.75,1326.0,1322.25,1325.5,0
2023-05-30T10:00:00Z,1325.75,1326.5,1324.5,1325.25,0
2023-05-30T11:00:00Z,1325.0,1325.5,1323.75,1325.0,0
2023-05-30T12:00:00Z,1325.0,1325.5,1319.5,1321.0,0
2023-05-30T13:00:00Z,1320.25,1322.75,1313.75,1317.0,0
2023-05-30T14:00:00Z,1317.0,1318.75,1308.5,1310.0,0
2023-05-30T15:00:00Z,1310.0,1314.0,1306.0,1307.25,0
2023-05-30T16:00:00Z,1307.25,1307.25,1298.0,1300.25,0
2023-05-30T17:00:00Z,1300.25,1300.25,1294.25,1294.75,0
2023-05-30T18:00:00Z,1294.75,1297.5,1294.5,1295.75,0
2023-05-31T00:00:00Z,1298.0,1299.75,1295.25,1296.75,0
2023-05-31T01:00:00Z,1297.0,1299.0,1292.0,1294.75,0
2023-05-31T02:00:00Z,1294.75,1295.25,1286.0,1286.0,0
2023-05-31T03:00:00Z,1286.25,1287.75,1285.5,1285.5,0
2023-05-31T04:00:00Z,1285.5,1287.25,1285.5,1286.0,0
2023-05-31T05:00:00Z,1285.75,1286.75,1283.5,1286.25,0
2023-05-31T06:00:00Z,1286.25,1287.0,1284.0,1286.25,0
2023-05-31T07:00:00Z,1286.0,1287.5,1284.0,1284.0,0
2023-05-31T08:00:00Z,1284.0,1286.5,1281.75,1283.5,0
2023-05-31T09:00:00Z,1283.25,1289.0,1283.25,1286.75,0
2023-05-31T10:00:00Z,1286.75,1287.25,1280.0,1280.5,0
2023-05-31T11:00:00Z,1280.75,1281.25,1274.5,1276.0,0
2023-05-31T12:00:00Z,1276.0,1277.25,1270.75,1272.25,0
2023-05-31T13:00:00Z,1275.25,1289.5,1275.25,1288.25,0
2023-05-31T14:00:00Z,1288.75,1298.0,1283.5,1296.5,0
2023-05-31T15:00:00Z,1296.25,1296.5,1287.0,1290.75,0
2023-05-31T16:00:00Z,1290.5,1293.25,1287.0,1291.75,0
2023-05-31T17:00:00Z,1292.0,1298.75,1292.0,1297.75,0
2023-05-31T18:00:00Z,1297.75,1302.75,1297.25,1299.5,0
2023-06-01T00:00:00Z,1299.75,1303.75,1299.25,1302.5,0
2023-06-01T01:00:00Z,1302.5,1311.5,1302.25,1310.75,0
2023-06-01T02:00:00Z,1310.5,1311.75,1309.0,1311.5,0
2023-06-01T03:00:00Z,1311.25,1313.75,1311.0,1312.5,0
2023-06-01T04:00:00Z,1312.5,1312.75,1310.75,1311.5,0
2023-06-01T05:00:00Z,1311.25,1312.75,1310.75,1312.75,0
2023-06-01T06:00:00Z,1312.5,1314.75,1312.0,1314.25,0
2023-06-01T07:00:00Z,1314.25,1315.75,1313.25,1315.0,0
2023-06-01T08:00:00Z,1315.0,1315.75,1313.5,1314.5,0
2023-06-01T09:00:00Z,1314.5,1318.5,1313.5,1318.25,0
2023-06-01T10:00:00Z,1318.5,1321.75,1314.5,1314.5,0
2023-06-01T11:00:00Z,1314.25,1320.5,1314.25,1320.0,0
2023-06-01T12:00:00Z,1320.25,1323.0,1318.5,1322.0,0
2023-06-01T13:00:00Z,1321.25,1328.0,1317.5,1326.25,0
2023-06-01T14:00:00Z,1326.25,1335.25,1325.0,1331.5,0
2023-06-01T15:00:00Z,1331.5,1333.0,1326.25,1330.0,0
2023-06-01T16:00:00Z,1329.75,1330.25,1321.0,1327.75,0
2023-06-01T17:00:00Z,1327.75,1333.75,1327.0,1331.25,0
2023-06-01T18:00:00Z,1331.25,1333.5,1326.5,1327.0,0
2023-06-02T00:00:00Z,1329.0,1329.0,1324.0,1325.0,0
2023-06-02T01:00:00Z,1325.25,1326.25,1322.0,1323.25,0
2023-06-02T02:00:00Z,1323.25,1325.0,1322.5,1325.0,0
2023-06-02T03:00:00Z,1325.0,1327.25,1324.75,1327.0,0
2023-06-02T04:00:00Z,1327.25,1327.25,1325.5,1325.75,0
2023-06-02T05:00:00Z,1325.5,1328.75,1325.5,1328.75,0
2023-06-02T06:00:00Z,1328.5,1329.5,1327.0,1327.75,0
2023-06-02T07:00:00Z,1327.25,1328.0,1326.5,1327.0,0
2023-06-02T08:00:00Z,1327.0,1330.5,1326.25,1330.0,0
2023-06-02T09:00:00Z,1330.0,1332.0,1328.75,1331.5,0
2023-06-02T10:00:00Z,1331.25,1331.5,1328.5,1329.0,0
2023-06-02T11:00:00Z,1329.0,1331.5,1322.75,1323.75,0
2023-06-02T12:00:00Z,1323.5,1332.25,1323.25,1329.75,0
2023-06-02T13:00:00Z,1329.0,1344.5,1327.75,1342.5,0
2023-06-02T14:00:00Z,1342.5,1347.5,1339.75,1343.0,0
2023-06-02T15:00:00Z,1343.0,1349.5,1342.25,1349.5,0
2023-06-02T16:00:00Z,1349.5,1352.25,1347.0,1351.75,0
2023-06-02T17:00:00Z,1352.0,1355.25,1350.0,1352.75,0
2023-06-02T18:00:00Z,1352.75,1353.75,1351.0,1352.0,0
2023-06-05T00:00:00Z,1353.25,1358.5,1351.0,1355.75,0
2023-06-05T01:00:00Z,1355.75,1359.75,1353.25,1358.75,0
2023-06-05T02:00:00Z,1359.0,1361.5,1358.5,1360.25,0
2023-06-05T03:00:00Z,1360.25,1361.0,1359.0,1360.0,0
2023-06-05T04:00:00Z,1359.75,1361.0,1358.75,1360.75,0
2023-06-05T05:00:00Z,1360.5,1360.75,1358.0,1358.75,0
2023-06-05T06:00:00Z,1359.0,1360.75,1354.75,1355.5,0
2023-06-05T07:00:00Z,1355.5,1356.0,1352.0,1352.25,0
2023-06-05T08:00:00Z,1352.25,1355.25,1351.0,1354.5,0
2023-06-05T09:00:00Z,1354.5,1354.5,1347.75,1350.0,0
2023-06-05T10:00:00Z,1350.0,1351.25,1348.5,1350.25,0
2023-06-05T11:00:00Z,1350.0,1353.5,1348.5,1351.0,0
2023-06-05T12:00:00Z,1351.0,1356.25,1350.75,1354.0,0
2023-06-05T13:00:00Z,1354.75,1359.5,1348.25,1352.0,0
2023-06-05T14:00:00Z,1352.0,1359.0,1346.75,1349.25,0
2023-06-05T15:00:00Z,1349.25,1352.25,1343.5,1350.25,0
2023-06-05T16:00:00Z,1350.25,1352.5,1347.0,1350.75,0
2023-06-05T17:00:00Z,1350.5,1352.75,1347.25,1349.75,0
2023-06-05T18:00:00Z,1349.75,1353.0,1348.25,1349.0,0
2023-06-06T00:00:00Z,1352.0,1360.5,1351.0,1357.75,0
2023-06-06T01:00:00Z,1357.5,1359.0,1355.5,1355.75,0
2023-06-06T02:00:00Z,1356.0,1358.75,1355.5,1356.75,0
2023-06-06T03:00:00Z,1356.75,1358.0,1356.0,1357.75,0
2023-06-06T04:00:00Z,1357.75,1360.0,1357.25,1359.75,0
2023-06-06T05:00:00Z,1359.75,1360.0,1356.5,1359.0,0
2023-06-06T06:00:00Z,1358.75,1361.0,1353.5,1354.5,0
2023-06-06T07:00:00Z,1354.25,1354.5,1352.0,1352.75,0
2023-06-06T08:00:00Z,1352.75,1355.75,1351.5,1351.75,0
2023-06-06T09:00:00Z,1351.75,1359.0,1351.0,1357.75,0
2023-06-06T10:00:00Z,1357.5,1360.0,1357.0,1357.5,0
2023-06-06T11:00:00Z,1356.75,1357.25,1352.75,1354.5,0
2023-06-06T12:00:00Z,1354.5,1355.75,1351.0,1353.0,0
2023-06-06T13:00:00Z,1353.0,1354.25,1340.25,1347.75,0
2023-06-06T14:00:00Z,1347.5,1360.0,1347.5,1357.25,0
2023-06-06T15:00:00Z,1357.5,1364.0,1348.25,1349.0,0
2023-06-06T16:00:00Z,1349.25,1359.5,1348.25,1359.5,0
2023-06-06T17:00:00Z,1359.75,1363.0,1353.5,1355.75,0
2023-06-06T18:00:00Z,1355.5,1355.5,1350.75,1353.0,0
2023-06-07T00:00:00Z,1353.25,1360.5,1353.25,1360.25,0
2023-06-07T01:00:00Z,1360.5,1361.75,1357.5,1359.0,0
2023-06-07T02:00:00Z,1359.0,1359.25,1356.0,1356.25,0
2023-06-07T03:00:00Z,1356.25,1357.5,1354.75,1355.75,0
2023-06-07T04:00:00Z,1356.0,1356.25,1354.5,1355.25,0
2023-06-07T05:00:00Z,1355.25,1355.5,1353.25,1354.25,0
2023-06-07T06:00:00Z,1354.25,1354.75,1350.5,1352.5,0
2023-06-07T07:00:00Z,1352.25,1356.75,1350.0,1355.75,0
2023-06-07T08:00:00Z,1356.0,1360.25,1355.75,1358.25,0
2023-06-07T09:00:00Z,1358.5,1359.25,1355.75,1357.0,0
2023-06-07T10:00:00Z,1357.25,1360.75,1356.5,1359.75,0
2023-06-07T11:00:00Z,1359.75,1362.5,1357.25,1357.5,0
2023-06-07T12:00:00Z,1357.5,1358.5,1354.5,1355.0,0
2023-06-07T13:00:00Z,1354.5,1363.25,1351.5,1362.75,0
2023-06-07T14:00:00Z,1362.75,1364.75,1353.5,1354.5,0
2023-06-07T15:00:00Z,1354.75,1368.75,1354.0,1368.5,0
2023-06-07T16:00:00Z,1368.5,1370.75,1364.0,1365.0,0
2023-06-07T17:00:00Z,1365.0,1366.25,1358.5,1359.5,0
2023-06-07T18:00:00Z,1359.5,1362.0,1358.0,1359.75,0
2023-06-08T00:00:00Z,1358.0,1360.0,1354.0,1354.25,0
2023-06-08T01:00:00Z,1354.25,1358.25,1353.0,1355.25,0
2023-06-08T02:00:00Z,1355.25,1356.0,1353.25,1354.0,0
2023-06-08T03:00:00Z,1354.25,1354.25,1353.0,1353.5,0
2023-06-08T04:00:00Z,1353.5,1354.0,1352.25,1353.25,0
2023-06-08T05:00:00Z,1353.0,1356.0,1352.75,1353.5,0
2023-06-08T06:00:00Z,1353.5,1355.5,1352.0,1355.5,0
2023-06-08T07:00:00Z,1355.0,1356.75,1353.75,1355.25,0
2023-06-08T08:00:00Z,1355.0,1357.75,1353.75,1357.25,0
2023-06-08T09:00:00Z,1357.5,1360.0,1356.25,1359.0,0
2023-06-08T10:00:00Z,1358.5,1363.0,1357.25,1359.75,0
2023-06-08T11:00:00Z,1360.0,1365.25,1358.75,1364.75,0
2023-06-08T12:00:00Z,1364.75,1366.75,1360.0,1360.5,0
2023-06-08T13:00:00Z,1360.5,1366.25,1358.0,1365.25,0
2023-06-08T14:00:00Z,1365.5,1370.5,1361.5,1370.25,0
2023-06-08T15:00:00Z,1370.0,1371.75,1361.25,1362.5,0
2023-06-08T16:00:00Z,1363.0,1368.75,1362.75,1365.75,0
2023-06-08T17:00:00Z,1366.0,1368.75,1361.5,1367.5,0
2023-06-08T18:00:00Z,1367.5,1368.25,1359.75,1362.25,0
2023-06-09T00:00:00Z,1360.5,1360.5,1356.25,1358.5,0
2023-06-09T01:00:00Z,1358.25,1363.75,1358.25,1362.25,0
2023-06-09T02:00:00Z,1362.5,1363.0,1359.75,1361.75,0
2023-06-09T03:00:00Z,1362.0,1363.5,1361.25,1361.25,0
2023-06-09T04:00:00Z,1361.25,1361.25,1358.75,1360.5,0
2023-06-09T05:00:00Z,1360.5,1365.0,1359.25,1362.25,0
2023-06-09T06:00:00Z,1362.75,1363.25,1361.25,1363.0,0
2023-06-09T07:00:00Z,1362.75,1368.0,1362.75,1367.75,0
2023-06-09T08:00:00Z,1367.75,1369.0,1367.0,1368.0,0
2023-06-09T09:00:00Z,1368.25,1371.0,1367.25,1370.0,0
2023-06-09T10:00:00Z,1370.0,1371.5,1367.25,1370.0,0
2023-06-09T11:00:00Z,1370.0,1370.25,1367.75,1369.5,0
2023-06-09T12:00:00Z,1369.5,1372.0,1365.75,1366.5,0
2023-06-09T13:00:00Z,1366.5,1374.0,1366.25,1371.0,0
2023-06-09T14:00:00Z,1371.0,1381.0,1370.0,1380.75,0
2023-06-09T15:00:00Z,1381.0,1385.5,1378.0,1378.5,0
2023-06-09T16:00:00Z,1378.75,1387.5,1375.25,1382.5,0
2023-06-09T17:00:00Z,1382.75,1388.0,1379.5,1385.75,0
2023-06-09T18:00:00Z,1385.75,1388.0,1384.5,1387.75,0
2023-06-12T00:00:00Z,1390.0,1392.75,1383.5,1387.25,0
2023-06-12T01:00:00Z,1386.75,1388.5,1381.75,1382.75,0
2023-06-12T02:00:00Z,1382.5,1383.75,1381.5,1382.75,0
2023-06-12T03:00:00Z,1383.0,1383.25,1382.0,1382.75,0
2023-06-12T04:00:00Z,1382.75,1382.75,1381.5,1382.0,0
2023-06-12T05:00:00Z,1382.0,1383.75,1380.25,1381.25,0
2023-06-12T06:00:00Z,1381.25,1383.0,1380.5,1380.5,0
2023-06-12T07:00:00Z,1380.5,1386.5,1379.25,1383.75,0
2023-06-12T08:00:00Z,1383.5,1388.5,1383.5,1388.25,0
2023-06-12T09:00:00Z,1388.0,1389.5,1385.5,1388.75,0
2023-06-12T10:00:00Z,1388.5,1392.0,1387.75,1391.75,0
2023-06-12T11:00:00Z,1391.0,1391.75,1387.0,1388.75,0
2023-06-12T12:00:00Z,1388.75,1390.0,1384.75,1385.5,0
2023-06-12T13:00:00Z,1384.25,1392.25,1380.0,1382.0,0
2023-06-12T14:00:00Z,1382.25,1387.5,1378.0,1383.75,0
2023-06-12T15:00:00Z,1383.5,1385.75,1375.75,1376.5,0
2023-06-12T16:00:00Z,1376.75,1379.0,1372.5,1373.25,0
2023-06-12T17:00:00Z,1373.25,1374.5,1368.5,1374.0,0
2023-06-12T18:00:00Z,1374.0,1375.5,1371.75,1374.0,0
2023-06-13T00:00:00Z,1373.25,1374.5,1371.75,1372.75,0
2023-06-13T01:00:00Z,1372.75,1376.5,1372.75,1375.25,0
2023-06-13T02:00:00Z,1375.25,1376.0,1372.0,1375.75,0
2023-06-13T03:00:00Z,1375.75,1376.75,1374.25,1375.25,0
2023-06-13T04:00:00Z,1375.25,1375.25,1374.25,1374.75,0
2023-06-13T05:00:00Z,1374.5,1376.0,1373.5,1376.0,0
2023-06-13T06:00:00Z,1376.0,1379.0,1375.25,1378.25,0
2023-06-13T07:00:00Z,1378.0,1382.75,1377.5,1381.25,0
2023-06-13T08:00:00Z,1381.5,1384.5,1380.5,1383.5,0
2023-06-13T09:00:00Z,1383.5,1385.5,1383.0,1384.5,0
2023-06-13T10:00:00Z,1384.75,1388.75,1384.25,1388.5,0
2023-06-13T11:00:00Z,1388.5,1391.5,1387.5,1390.75,0
2023-06-13T12:00:00Z,1391.0,1395.0,1390.5,1393.5,0
2023-06-13T13:00:00Z,1393.0,1396.5,1386.5,1395.5,0
2023-06-13T14:00:00Z,1395.5,1398.75,1391.25,1396.75,0
2023-06-13T15:00:00Z,1396.75,1413.25,1396.75,1410.5,0
2023-06-13T16:00:00Z,1410.5,1415.5,1404.5,1405.0,0
2023-06-13T17:00:00Z,1405.0,1408.0,1401.5,1401.75,0
2023-06-13T18:00:00Z,1401.75,1402.5,1396.75,1399.0,0
2023-06-14T00:00:00Z,1398.75,1399.0,1395.25,1395.25,0
2023-06-14T01:00:00Z,1395.0,1397.5,1393.25,1396.5,0
2023-06-14T02:00:00Z,1396.5,1397.5,1395.25,1397.5,0
2023-06-14T03:00:00Z,1397.25,1397.5,1396.5,1397.0,0
2023-06-14T04:00:00Z,1397.0,1398.25,1396.5,1398.0,0
2023-06-14T05:00:00Z,1398.0,1398.25,1395.25,1395.5,0
2023-06-14T06:00:00Z,1395.5,1396.25,1394.0,1394.5,0
2023-06-14T07:00:00Z,1394.5,1397.5,1394.0,1397.0,0
2023-06-14T08:00:00Z,1397.0,1397.0,1391.0,1391.25,0
2023-06-14T09:00:00Z,1391.25,1393.25,1390.25,1392.75,0
2023-06-14T10:00:00Z,1392.75,1394.25,1391.25,1393.75,0
2023-06-14T11:00:00Z,1393.75,1395.25,1391.0,1391.25,0
2023-06-14T12:00:00Z,1391.5,1392.0,1389.75,1391.5,0
2023-06-14T13:00:00Z,1390.75,1392.5,1380.0,1387.75,0
2023-06-14T14:00:00Z,1387.5,1393.75,1385.75,1392.25,0
2023-06-14T15:00:00Z,1392.0,1395.5,1388.5,1389.5,0
2023-06-14T16:00:00Z,1389.5,1396.5,1387.75,1395.0,0
2023-06-14T17:00:00Z,1395.25,1395.5,1384.75,1387.25,0
2023-06-14T18:00:00Z,1387.5,1390.25,1385.25,1390.0,0
2023-06-15T00:00:00Z,1389.75,1393.0,1387.5,1388.5,0
2023-06-15T01:00:00Z,1388.5,1391.75,1388.25,1390.75,0
2023-06-15T02:00:00Z,1390.25,1392.25,1388.5,1390.5,0
2023-06-15T03:00:00Z,1390.5,1392.0,1389.75,1390.25,0
2023-06-15T04:00:00Z,1390.25,1391.0,1389.75,1390.75,0
2023-06-15T05:00:00Z,1390.5,1396.75,1389.5,1396.5,0
2023-06-15T06:00:00Z,1396.5,1401.75,1395.75,1400.75,0
2023-06-15T07:00:00Z,1400.75,1402.5,1398.0,1401.75,0
2023-06-15T08:00:00Z,1401.75,1408.0,1401.75,1405.75,0
2023-06-15T09:00:00Z,1405.75,1406.0,1402.75,1404.5,0
2023-06-15T10:00:00Z,1404.5,1404.75,1401.75,1403.5,0
2023-06-15T11:00:00Z,1403.5,1409.25,1402.5,1408.5,0
2023-06-15T12:00:00Z,1408.75,1409.25,1403.75,1405.75,0
2023-06-15T13:00:00Z,1406.0,1412.5,1405.5,1410.75,0
2023-06-15T14:00:00Z,1411.25,1423.0,1406.5,1420.25,0
2023-06-15T15:00:00Z,1420.5,1423.0,1412.0,1412.75,0
2023-06-15T16:00:00Z,1412.5,1426.0,1412.25,1423.75,0
2023-06-15T17:00:00Z,1424.0,1432.0,1421.75,1429.0,0
2023-06-15T18:00:00Z,1429.0,1429.5,1426.0,1428.0,0
2023-06-16T00:00:00Z,1290.5,1297.0,1289.5,1296.25,0
2023-06-16T01:00:00Z,1296.25,1298.75,1295.5,1298.25,0
2023-06-16T02:00:00Z,1298.25,1302.0,1298.0,1301.75,0
2023-06-16T03:00:00Z,1302.0,1306.0,1301.75,1303.25,0
2023-06-16T04:00:00Z,1303.25,1303.25,1301.75,1303.0,0
2023-06-16T05:00:00Z,1302.75,1306.0,1302.75,1305.5,0
2023-06-16T06:00:00Z,1305.5,1308.5,1303.25,1306.75,0
2023-06-16T07:00:00Z,1306.5,1312.0,1305.25,1311.75,0
2023-06-16T08:00:00Z,1311.5,1313.0,1309.25,1312.5,0
2023-06-16T09:00:00Z,1312.25,1313.25,1307.5,1309.0,0
2023-06-16T10:00:00Z,1309.0,1312.5,1308.5,1312.25,0
2023-06-16T11:00:00Z,1312.25,1317.25,1311.75,1313.75,0
2023-06-16T12:00:00Z,1313.5,1318.5,1312.5,1317.0,0
2023-06-16T13:00:00Z,1316.75,1337.0,1316.0,1330.0,0
2023-06-16T14:00:00Z,1330.0,1346.75,1328.25,1345.0,0
2023-06-16T15:00:00Z,1345.0,1347.25,1325.25,1333.0,0
2023-06-16T16:00:00Z,1333.0,1336.5,1328.0,1331.5,0
2023-06-16T17:00:00Z,1331.5,1340.0,1331.25,1338.25,0
2023-06-16T18:00:00Z,1338.25,1342.75,1337.5,1340.25,0
2023-06-20T00:00:00Z,1352.25,1364.75,1352.25,1361.75,0
2023-06-20T01:00:00Z,1361.75,1361.75,1349.25,1354.75,0
2023-06-20T02:00:00Z,1354.25,1358.0,1352.5,1356.75,0
2023-06-20T03:00:00Z,1357.0,1357.75,1353.75,1354.5,0
2023-06-20T04:00:00Z,1354.0,1354.0,1350.75,1351.25,0
2023-06-20T05:00:00Z,1351.25,1352.0,1348.5,1351.5,0
2023-06-20T06:00:00Z,1351.5,1351.75,1344.0,1351.25,0
2023-06-20T07:00:00Z,1351.5,1352.25,1337.75,1339.25,0
2023-06-20T08:00:00Z,1339.25,1339.75,1329.5,1330.0,0
2023-06-20T09:00:00Z,1329.75,1332.5,1328.5,1331.75,0
2023-06-20T10:00:00Z,1331.75,1335.0,1330.25,1332.25,0
2023-06-20T11:00:00Z,1332.25,1332.25,1327.5,1331.0,0
2023-06-20T12:00:00Z,1331.0,1339.5,1330.25,1338.25,0
2023-06-20T13:00:00Z,1336.75,1344.5,1324.25,1331.0,0
2023-06-20T14:00:00Z,1331.25,1348.0,1328.75,1346.25,0
2023-06-20T15:00:00Z,1346.25,1348.25,1338.25,1339.25,0
2023-06-20T16:00:00Z,1339.5,1341.25,1335.5,1340.5,0
2023-06-20T17:00:00Z,1340.5,1342.75,1338.25,1340.75,0
2023-06-20T18:00:00Z,1340.75,1344.0,1340.75,1344.0,0
2023-06-21T00:00:00Z,1358.0,1363.0,1346.0,1355.25,0
2023-06-21T01:00:00Z,1354.75,1354.75,1348.25,1350.0,0
2023-06-21T02:00:00Z,1350.0,1350.5,1342.25,1343.0,0
2023-06-21T03:00:00Z,1343.0,1348.0,1341.25,1346.5,0
2023-06-21T04:00:00Z,1346.0,1350.75,1346.0,1347.25,0
2023-06-21T05:00:00Z,1347.25,1347.5,1343.75,1343.75,0
2023-06-21T06:00:00Z,1343.75,1347.5,1343.25,1344.0,0
2023-06-21T07:00:00Z,1344.0,1349.75,1343.5,1349.75,0
2023-06-21T08:00:00Z,1350.0,1353.25,1349.75,1351.5,0
2023-06-21T09:00:00Z,1351.5,1353.5,1350.25,1352.5,0
2023-06-21T10:00:00Z,1352.25,1360.75,1352.0,1359.75,0
2023-06-21T11:00:00Z,1359.75,1361.0,1358.0,1359.75,0
2023-06-21T12:00:00Z,1359.75,1360.0,1355.75,1356.75,0
2023-06-21T13:00:00Z,1357.5,1372.0,1355.75,1370.0,0
2023-06-21T14:00:00Z,1370.0,1376.0,1362.5,1364.75,0
2023-06-21T15:00:00Z,1365.0,1372.25,1359.25,1371.5,0
2023-06-21T16:00:00Z,1371.5,1371.75,1358.25,1359.0,0
2023-06-21T17:00:00Z,1359.0,1371.5,1358.75,1371.0,0
2023-06-21T18:00:00Z,1371.0,1378.0,1369.5,1376.5,0
2023-06-22T00:00:00Z,1370.5,1373.5,1365.0,1369.5,0
2023-06-22T01:00:00Z,1369.5,1370.75,1368.0,1369.5,0
2023-06-22T02:00:00Z,1369.75,1370.0,1367.25,1370.0,0
2023-06-22T03:00:00Z,1370.0,1370.0,1368.0,1368.75,0
2023-06-22T04:00:00Z,1368.75,1368.75,1364.25,1365.0,0
2023-06-22T05:00:00Z,1364.75,1366.0,1363.25,1364.75,0
2023-06-22T06:00:00Z,1365.0,1365.0,1362.25,1363.75,0
2023-06-22T07:00:00Z,1363.5,1364.5,1360.0,1360.75,0
2023-06-22T08:00:00Z,1360.75,1363.75,1360.0,1361.5,0
2023-06-22T09:00:00Z,1361.75,1363.5,1358.5,1360.75,0
2023-06-22T10:00:00Z,1360.75,1362.0,1355.0,1357.25,0
2023-06-22T11:00:00Z,1357.25,1357.25,1348.5,1350.25,0
2023-06-22T12:00:00Z,1349.75,1350.5,1341.5,1345.25,0
2023-06-22T13:00:00Z,1345.25,1348.0,1335.5,1345.75,0
2023-06-22T14:00:00Z,1345.75,1346.0,1330.5,1331.5,0
2023-06-22T15:00:00Z,1331.75,1333.25,1322.75,1332.25,0
2023-06-22T16:00:00Z,1332.25,1336.75,1327.0,1336.5,0
2023-06-22T17:00:00Z,1336.5,1344.0,1335.75,1338.25,0
2023-06-22T18:00:00Z,1338.5,1340.25,1336.75,1339.5,0
2023-06-23T00:00:00Z,1335.25,1336.5,1329.5,1333.75,0
2023-06-23T01:00:00Z,1334.0,1335.0,1325.75,1326.5,0
2023-06-23T02:00:00Z,1326.0,1327.0,1318.25,1320.0,0
2023-06-23T03:00:00Z,1320.0,1320.75,1317.5,1318.5,0
2023-06-23T04:00:00Z,1318.5,1320.25,1317.0,1319.25,0
2023-06-23T05:00:00Z,1319.0,1322.5,1318.25,1321.75,0
2023-06-23T06:00:00Z,1322.0,1323.25,1319.5,1322.0,0
2023-06-23T07:00:00Z,1322.25,1322.25,1311.5,1314.0,0
2023-06-23T08:00:00Z,1314.0,1316.75,1307.75,1308.25,0
2023-06-23T09:00:00Z,1308.25,1315.5,1307.75,1315.0,0
2023-06-23T10:00:00Z,1315.25,1318.75,1313.5,1314.75,0
2023-06-23T11:00:00Z,1314.5,1319.0,1309.5,1311.0,0
2023-06-23T12:00:00Z,1311.0,1311.5,1303.25,1305.5,0
2023-06-23T13:00:00Z,1302.0,1312.75,1297.25,1300.25,0
2023-06-23T14:00:00Z,1300.0,1307.0,1290.75,1305.25,0
2023-06-23T15:00:00Z,1305.0,1312.5,1301.25,1307.0,0
2023-06-23T16:00:00Z,1307.0,1307.0,1296.25,1300.25,0
2023-06-23T17:00:00Z,1300.0,1311.25,1298.25,1308.75,0
2023-06-23T18:00:00Z,1308.5,1313.25,1303.5,1304.0,0
2023-06-26T00:00:00Z,1309.0,1310.0,1297.5,1305.5,0
2023-06-26T01:00:00Z,1305.75,1316.75,1303.75,1313.25,0
2023-06-26T02:00:00Z,1313.25,1314.25,1308.25,1310.5,0
2023-06-26T03:00:00Z,1310.75,1313.0,1309.25,1309.75,0
2023-06-26T04:00:00Z,1309.75,1311.5,1308.75,1310.5,0
2023-06-26T05:00:00Z,1310.5,1312.25,1308.25,1308.5,0
2023-06-26T06:00:00Z,1308.25,1315.75,1307.25,1314.25,0
2023-06-26T07:00:00Z,1314.0,1316.75,1307.5,1316.25,0
2023-06-26T08:00:00Z,1316.25,1320.75,1315.0,1316.75,0
2023-06-26T09:00:00Z,1316.75,1320.75,1316.5,1319.0,0
2023-06-26T10:00:00Z,1319.25,1323.5,1319.25,1319.75,0
2023-06-26T11:00:00Z,1319.25,1324.0,1316.5,1324.0,0
2023-06-26T12:00:00Z,1323.75,1326.25,1320.5,1321.0,0
2023-06-26T13:00:00Z,1320.5,1333.0,1318.25,1330.0,0
2023-06-26T14:00:00Z,1330.0,1331.5,1317.0,1318.25,0
2023-06-26T15:00:00Z,1318.5,1324.0,1313.5,1321.5,0
2023-06-26T16:00:00Z,1322.0,1322.75,1316.0,1319.0,0
2023-06-26T17:00:00Z,1319.0,1324.0,1315.5,1322.25,0
2023-06-26T18:00:00Z,1322.0,1324.0,1321.25,1322.75,0
2023-06-27T00:00:00Z,1324.0,1324.75,1311.0,1313.75,0
2023-06-27T01:00:00Z,1313.5,1315.25,1307.5,1311.5,0
2023-06-27T02:00:00Z,1312.0,1312.5,1307.5,1308.75,0
2023-06-27T03:00:00Z,1308.75,1312.5,1308.5,1311.5,0
2023-06-27T04:00:00Z,1311.25,1313.5,1309.75,1310.5,0
2023-06-27T05:00:00Z,1310.5,1311.5,1306.75,1311.0,0
2023-06-27T06:00:00Z,1310.75,1314.0,1301.75,1302.5,0
2023-06-27T07:00:00Z,1302.25,1302.25,1294.5,1296.25,0
2023-06-27T08:00:00Z,1296.25,1298.0,1292.75,1292.75,0
2023-06-27T09:00:00Z,1292.75,1294.75,1287.0,1289.75,0
2023-06-27T10:00:00Z,1289.75,1295.25,1289.0,1295.0,0
2023-06-27T11:00:00Z,1295.0,1295.75,1281.5,1285.5,0
2023-06-27T12:00:00Z,1285.25,1291.25,1284.0,1284.75,0
2023-06-27T13:00:00Z,1286.25,1293.25,1283.0,1285.75,0
2023-06-27T14:00:00Z,1286.0,1298.0,1284.0,1287.0,0
2023-06-27T15:00:00Z,1287.25,1293.25,1286.5,1289.5,0
2023-06-27T16:00:00Z,1289.5,1295.75,1288.75,1294.25,0
2023-06-27T17:00:00Z,1294.5,1302.5,1292.75,1298.25,0
2023-06-27T18:00:00Z,1298.0,1299.25,1293.0,1293.75,0
2023-06-28T00:00:00Z,1293.5,1293.75,1288.75,1291.75,0
2023-06-28T01:00:00Z,1291.5,1291.5,1284.25,1287.0,0
2023-06-28T02:00:00Z,1287.0,1292.25,1284.5,1291.0,0
2023-06-28T03:00:00Z,1291.25,1293.25,1289.75,1292.0,0
2023-06-28T04:00:00Z,1291.75,1295.5,1291.25,1292.0,0
2023-06-28T05:00:00Z,1291.75,1294.75,1291.25,1292.0,0
2023-06-28T06:00:00Z,1291.5,1294.0,1287.0,1287.75,0
2023-06-28T07:00:00Z,1287.75,1287.75,1280.25,1280.75,0
2023-06-28T08:00:00Z,1280.5,1281.0,1273.0,1276.25,0
2023-06-28T09:00:00Z,1276.25,1287.75,1275.0,1286.75,0
2023-06-28T10:00:00Z,1286.5,1286.5,1274.0,1275.5,0
2023-06-28T11:00:00Z,1275.25,1277.5,1270.25,1270.5,0
2023-06-28T12:00:00Z,1270.5,1270.5,1266.0,1267.25,0
2023-06-28T13:00:00Z,1267.0,1274.0,1261.5,1265.5,0
2023-06-28T14:00:00Z,1265.25,1266.75,1258.0,1262.25,0
2023-06-28T15:00:00Z,1262.0,1274.0,1261.25,1269.25,0
2023-06-28T16:00:00Z,1269.25,1271.5,1258.0,1259.75,0
2023-06-28T17:00:00Z,1259.75,1265.25,1256.75,1264.25,0
2023-06-28T18:00:00Z,1264.25,1266.75,1258.25,1265.25,0
2023-06-29T00:00:00Z,1262.0,1271.0,1261.5,1270.0,0
2023-06-29T01:00:00Z,1270.0,1275.75,1270.0,1273.75,0
2023-06-29T02:00:00Z,1274.0,1274.0,1267.75,1272.0,0
2023-06-29T03:00:00Z,1272.25,1273.0,1271.25,1272.0,0
2023-06-29T04:00:00Z,1272.0,1272.75,1269.75,1272.5,0
2023-06-29T05:00:00Z,1272.75,1273.0,1267.25,1268.75,0
2023-06-29T06:00:00Z,1268.75,1272.0,1267.25,1270.5,0
2023-06-29T07:00:00Z,1270.5,1272.0,1267.5,1268.0,0
2023-06-29T08:00:00Z,1267.25,1267.5,1263.0,1263.75,0
2023-06-29T09:00:00Z,1264.0,1270.0,1263.0,1269.0,0
2023-06-29T10:00:00Z,1268.75,1270.0,1263.75,1264.5,0
2023-06-29T11:00:00Z,1264.5,1265.25,1261.25,1262.25,0
2023-06-29T12:00:00Z,1262.5,1265.25,1260.0,1262.75,0
2023-06-29T13:00:00Z,1263.0,1272.0,1260.5,1267.75,0
2023-06-29T14:00:00Z,1267.75,1269.75,1263.0,1266.25,0
2023-06-29T15:00:00Z,1266.0,1274.25,1263.0,1265.5,0
2023-06-29T16:00:00Z,1265.5,1272.25,1265.0,1270.75,0
2023-06-29T17:00:00Z,1271.0,1271.75,1263.5,1264.75,0
2023-06-29T18:00:00Z,1264.75,1266.25,1262.5,1264.25,0
2023-06-30T00:00:00Z,1267.75,1274.5,1266.0,1272.5,0
2023-06-30T01:00:00Z,1272.5,1283.25,1272.5,1282.5,0
2023-06-30T02:00:00Z,1282.5,1282.75,1278.0,1279.25,0
2023-06-30T03:00:00Z,1279.5,1281.0,1279.0,1280.75,0
2023-06-30T04:00:00Z,1280.75,1281.0,1280.0,1280.5,0
2023-06-30T05:00:00Z,1280.75,1284.75,1280.75,1283.25,0
2023-06-30T06:00:00Z,1282.75,1283.25,1277.75,1281.75,0
2023-06-30T07:00:00Z,1281.75,1283.5,1279.5,1281.75,0
2023-06-30T08:00:00Z,1281.75,1286.5,1281.0,1284.0,0
2023-06-30T09:00:00Z,1284.5,1286.75,1282.0,1283.75,0
2023-06-30T10:00:00Z,1283.5,1285.5,1279.75,1282.0,0
2023-06-30T11:00:00Z,1282.0,1283.25,1278.5,1279.0,0
2023-06-30T12:00:00Z,1279.25,1282.75,1278.25,1281.5,0
2023-06-30T13:00:00Z,1281.5,1288.0,1279.75,1286.5,0
2023-06-30T14:00:00Z,1286.5,1292.25,1283.25,1285.5,0
2023-06-30T15:00:00Z,1285.75,1292.75,1284.5,1291.75,0
2023-06-30T16:00:00Z,1291.75,1351.75,1291.5,1343.0,0
2023-06-30T17:00:00Z,1343.0,1347.75,1339.5,1345.0,0
2023-06-30T18:00:00Z,1345.0,1349.5,1341.0,1342.5,0
2023-07-03T00:00:00Z,1343.75,1356.75,1343.25,1352.0,0
2023-07-03T01:00:00Z,1352.25,1369.0,1352.0,1368.0,0
2023-07-03T02:00:00Z,1367.5,1368.5,1363.5,1366.0,0
2023-07-03T03:00:00Z,1365.75,1371.75,1365.0,1371.5,0
2023-07-03T04:00:00Z,1371.5,1376.5,1370.75,1375.75,0
2023-07-03T05:00:00Z,1376.0,1379.25,1371.25,1378.5,0
2023-07-03T06:00:00Z,1378.5,1382.0,1377.0,1379.25,0
2023-07-03T07:00:00Z,1379.0,1381.5,1375.5,1380.5,0
2023-07-03T08:00:00Z,1380.5,1385.0,1379.25,1383.5,0
2023-07-03T09:00:00Z,1383.5,1391.75,1383.5,1388.25,0
2023-07-03T10:00:00Z,1388.25,1389.0,1383.5,1384.75,0
2023-07-03T11:00:00Z,1384.75,1384.75,1378.75,1381.75,0
2023-07-03T12:00:00Z,1381.5,1385.75,1380.75,1382.5,0
2023-07-03T13:00:00Z,1381.5,1383.25,1361.0,1361.5,0
2023-07-03T14:00:00Z,1361.75,1367.5,1354.25,1362.0,0
2023-07-03T15:00:00Z,1362.0,1374.5,1361.5,1369.0,0
2023-07-03T16:00:00Z,1369.0,1369.25,1362.5,1363.5,0
2023-07-03T17:00:00Z,1363.5,1363.75,1353.5,1354.0,0
2023-07-03T18:00:00Z,1354.0,1355.75,1352.75,1353.25,0
2023-07-05T13:30:00Z,1364.0,1378.75,1360.25,1361.5,0
2023-07-05T14:30:00Z,1361.75,1370.0,1341.0,1345.5,0
2023-07-05T15:30:00Z,1345.5,1355.75,1338.0,1352.5,0
2023-07-05T16:30:00Z,1352.5,1366.0,1349.5,1358.5,0
2023-07-05T17:30:00Z,1358.75,1364.0,1348.75,1350.5,0
2023-07-06T00:00:00Z,1352.25,1352.5,1341.25,1345.75,0
2023-07-06T01:00:00Z,1345.75,1359.0,1345.75,1358.25,0
2023-07-06T02:00:00Z,1358.0,1360.0,1355.75,1359.0,0
2023-07-06T03:00:00Z,1359.0,1360.25,1355.75,1355.75,0
2023-07-06T04:00:00Z,1355.75,1356.0,1353.25,1355.75,0
2023-07-06T05:00:00Z,1355.25,1358.0,1353.25,1357.0,0
2023-07-06T06:00:00Z,1357.0,1362.25,1356.25,1361.25,0
2023-07-06T07:00:00Z,1361.5,1362.75,1357.0,1357.25,0
2023-07-06T08:00:00Z,1356.75,1360.0,1351.0,1352.75,0
2023-07-06T09:00:00Z,1353.0,1357.25,1352.5,1353.25,0
2023-07-06T10:00:00Z,1353.25,1355.75,1352.0,1354.75,0
2023-07-06T11:00:00Z,1355.25,1360.75,1355.25,1360.5,0
2023-07-06T12:00:00Z,1360.75,1360.75,1349.0,1350.0,0
2023-07-06T13:00:00Z,1350.0,1350.0,1340.75,1345.0,0
2023-07-06T14:00:00Z,1344.5,1345.75,1335.25,1341.25,0
2023-07-06T15:00:00Z,1341.25,1345.5,1333.25,1337.0,0
2023-07-06T16:00:00Z,1337.0,1337.5,1331.0,1335.0,0
2023-07-06T17:00:00Z,1335.0,1338.25,1332.75,1336.25,0
2023-07-06T18:00:00Z,1336.5,1344.0,1336.5,1342.25,0
2023-07-07T00:00:00Z,1340.0,1340.0,1334.75,1337.25,0
2023-07-07T01:00:00Z,1337.5,1340.0,1333.0,1338.25,0
2023-07-07T02:00:00Z,1338.25,1339.25,1335.25,1338.5,0
2023-07-07T03:00:00Z,1338.5,1340.75,1338.0,1340.75,0
2023-07-07T04:00:00Z,1340.25,1340.75,1338.5,1340.0,0
2023-07-07T05:00:00Z,1339.75,1342.25,1338.25,1341.25,0
2023-07-07T06:00:00Z,1341.0,1343.0,1340.25,1341.0,0
2023-07-07T07:00:00Z,1341.5,1343.25,1325.0,1325.5,0
2023-07-07T08:00:00Z,1325.5,1332.5,1324.0,1332.0,0
2023-07-07T09:00:00Z,1332.0,1336.0,1330.75,1334.5,0
2023-07-07T10:00:00Z,1334.5,1336.75,1331.75,1334.25,0
2023-07-07T11:00:00Z,1334.0,1335.0,1331.75,1333.5,0
2023-07-07T12:00:00Z,1333.75,1336.0,1328.5,1331.75,0
2023-07-07T13:00:00Z,1331.5,1334.5,1326.5,1327.5,0
2023-07-07T14:00:00Z,1327.5,1332.0,1321.0,1326.5,0
2023-07-07T15:00:00Z,1326.25,1329.25,1322.5,1325.75,0
2023-07-07T16:00:00Z,1325.75,1327.0,1318.0,1319.0,0
2023-07-07T17:00:00Z,1318.75,1321.25,1317.25,1319.75,0
2023-07-07T18:00:00Z,1319.5,1320.5,1315.5,1319.25,0
2023-07-10T00:00:00Z,1328.0,1329.5,1317.75,1325.0,0
2023-07-10T01:00:00Z,1325.25,1328.5,1325.25,1326.5,0
2023-07-10T02:00:00Z,1326.5,1326.75,1319.75,1322.0,0
2023-07-10T03:00:00Z,1321.75,1324.0,1321.5,1322.5,0
2023-07-10T04:00:00Z,1322.5,1324.5,1322.0,1323.5,0
2023-07-10T05:00:00Z,1323.75,1326.0,1323.75,1324.75,0
2023-07-10T06:00:00Z,1324.75,1331.0,1324.5,1329.5,0
2023-07-10T07:00:00Z,1329.75,1335.75,1329.25,1335.0,0
2023-07-10T08:00:00Z,1334.75,1338.75,1334.25,1338.75,0
2023-07-10T09:00:00Z,1338.75,1342.0,1338.25,1340.0,0
2023-07-10T10:00:00Z,1340.0,1342.0,1337.5,1341.5,0
2023-07-10T11:00:00Z,1341.75,1343.5,1338.75,1339.75,0
2023-07-10T12:00:00Z,1340.0,1340.75,1333.75,1338.75,0
2023-07-10T13:00:00Z,1340.0,1344.75,1336.75,1338.25,0
2023-07-10T14:00:00Z,1338.5,1350.0,1336.5,1347.5,0
2023-07-10T15:00:00Z,1347.5,1353.0,1345.25,1348.25,0
2023-07-10T16:00:00Z,1348.25,1352.5,1347.25,1348.5,0
2023-07-10T17:00:00Z,1348.5,1353.5,1345.75,1346.75,0
2023-07-10T18:00:00Z,1346.75,1348.25,1342.5,1343.5,0
2023-07-11T00:00:00Z,1346.5,1360.0,1344.0,1357.0,0
2023-07-11T01:00:00Z,1357.0,1359.0,1349.75,1350.75,0
2023-07-11T02:00:00Z,1350.75,1354.5,1348.5,1354.25,0
2023-07-11T03:00:00Z,1354.5,1354.5,1351.5,1352.0,0
2023-07-11T04:00:00Z,1351.5,1353.75,1351.25,1353.25,0
2023-07-11T05:00:00Z,1353.25,1356.5,1353.0,1353.25,0
2023-07-11T06:00:00Z,1353.25,1356.75,1352.25,1354.25,0
2023-07-11T07:00:00Z,1354.0,1357.75,1353.0,1357.5,0
2023-07-11T08:00:00Z,1357.25,1364.75,1355.0,1359.0,0
2023-07-11T09:00:00Z,1359.0,1362.0,1358.75,1361.75,0
2023-07-11T10:00:00Z,1361.75,1363.0,1358.75,1359.75,0
2023-07-11T11:00:00Z,1359.75,1366.0,1359.25,1366.0,0
2023-07-11T12:00:00Z,1366.0,1367.25,1361.0,1364.5,0
2023-07-11T13:00:00Z,1361.25,1365.25,1353.25,1356.25,0
2023-07-11T14:00:00Z,1356.0,1359.25,1351.5,1351.75,0
2023-07-11T15:00:00Z,1351.75,1357.75,1350.5,1354.75,0
2023-07-11T16:00:00Z,1354.75,1360.25,1351.25,1355.25,0
2023-07-11T17:00:00Z,1355.25,1361.5,1354.75,1360.25,0
2023-07-11T18:00:00Z,1360.25,1361.0,1356.5,1360.25,0
2023-07-12T00:00:00Z,1359.5,1370.0,1359.0,1369.0,0
2023-07-12T01:00:00Z,1369.0,1376.0,1367.0,1375.0,0
2023-07-12T02:00:00Z,1375.0,1376.25,1374.0,1375.5,0
2023-07-12T03:00:00Z,1375.25,1377.5,1375.0,1375.25,0
2023-07-12T04:00:00Z,1375.5,1376.0,1374.5,1375.5,0
2023-07-12T05:00:00Z,1375.25,1376.75,1372.5,1372.5,0
2023-07-12T06:00:00Z,1372.5,1374.0,1369.75,1370.0,0
2023-07-12T07:00:00Z,1370.0,1372.75,1369.0,1369.75,0
2023-07-12T08:00:00Z,1369.75,1374.25,1368.5,1374.25,0
2023-07-12T09:00:00Z,1374.5,1375.75,1373.5,1374.25,0
2023-07-12T10:00:00Z,1374.75,1378.0,1373.75,1375.25,0
2023-07-12T11:00:00Z,1375.0,1375.5,1371.25,1372.25,0
2023-07-12T12:00:00Z,1372.5,1376.0,1370.0,1373.5,0
2023-07-12T13:00:00Z,1373.0,1377.0,1371.0,1374.5,0
2023-07-12T14:00:00Z,1374.75,1375.75,1365.5,1373.5,0
2023-07-12T15:00:00Z,1373.5,1375.5,1370.5,1372.0,0
2023-07-12T16:00:00Z,1371.75,1371.75,1325.5,1328.0,0
2023-07-12T17:00:00Z,1328.0,1339.0,1326.5,1327.75,0
2023-07-12T18:00:00Z,1327.75,1328.5,1325.0,1326.75,0
2023-07-13T00:00:00Z,1327.0,1333.5,1325.5,1332.0,0
2023-07-13T01:00:00Z,1331.75,1337.25,1326.25,1336.75,0
2023-07-13T02:00:00Z,1336.75,1341.25,1335.75,1340.75,0
2023-07-13T03:00:00Z,1340.75,1340.75,1337.5,1338.25,0
2023-07-13T04:00:00Z,1338.25,1339.0,1337.75,1338.0,0
2023-07-13T05:00:00Z,1337.75,1339.5,1335.5,1337.75,0
2023-07-13T06:00:00Z,1337.75,1344.0,1336.0,1343.25,0
2023-07-13T07:00:00Z,1343.5,1345.75,1340.0,1341.5,0
2023-07-13T08:00:00Z,1341.5,1346.75,1338.75,1346.0,0
2023-07-13T09:00:00Z,1346.25,1347.0,1340.0,1346.5,0
2023-07-13T10:00:00Z,1346.75,1347.0,1342.5,1346.0,0
2023-07-13T11:00:00Z,1346.0,1354.0,1344.0,1348.75,0
2023-07-13T12:00:00Z,1348.75,1351.5,1347.0,1348.5,0
2023-07-13T13:00:00Z,1349.25,1355.5,1346.0,1353.75,0
2023-07-13T14:00:00Z,1353.75,1358.0,1349.75,1354.25,0
2023-07-13T15:00:00Z,1354.25,1357.75,1347.5,1356.5,0
2023-07-13T16:00:00Z,1356.5,1365.25,1356.0,1362.25,0
2023-07-13T17:00:00Z,1362.5,1370.0,1359.75,1369.5,0
2023-07-13T18:00:00Z,1369.25,1370.75,1367.25,1368.25,0
2023-07-14T00:00:00Z,1367.75,1370.0,1365.0,1367.5,0
2023-07-14T01:00:00Z,1367.5,1369.75,1365.0,1368.25,0
2023-07-14T02:00:00Z,1368.5,1372.0,1367.75,1371.75,0
2023-07-14T03:00:00Z,1372.0,1374.5,1370.75,1373.75,0
2023-07-14T04:00:00Z,1373.75,1374.25,1371.25,1372.25,0
2023-07-14T05:00:00Z,1372.25,1372.5,1369.0,1372.25,0
2023-07-14T06:00:00Z,1372.5,1372.5,1362.0,1362.75,0
2023-07-14T07:00:00Z,1362.75,1363.5,1355.0,1360.75,0
2023-07-14T08:00:00Z,1360.5,1369.25,1360.5,1366.25,0
2023-07-14T09:00:00Z,1366.0,1375.0,1363.75,1374.5,0
2023-07-14T10:00:00Z,1374.25,1380.0,1372.5,1378.25,0
2023-07-14T11:00:00Z,1378.25,1384.0,1377.75,1383.0,0
2023-07-14T12:00:00Z,1382.75,1384.25,1376.0,1376.5,0
2023-07-14T13:00:00Z,1376.0,1378.75,1367.0,1371.5,0
2023-07-14T14:00:00Z,1371.25,1376.75,1363.25,1363.75,0
2023-07-14T15:00:00Z,1363.75,1368.5,1360.0,1362.5,0
2023-07-14T16:00:00Z,1362.75,1365.75,1359.75,1363.25,0
2023-07-14T17:00:00Z,1363.0,1372.5,1361.5,1369.5,0
2023-07-14T18:00:00Z,1369.5,1373.75,1369.0,1373.0,0
2023-07-17T00:00:00Z,1385.0,1388.75,1383.0,1384.25,0
2023-07-17T01:00:00Z,1384.25,1384.25,1378.25,1380.25,0
2023-07-17T02:00:00Z,1380.25,1384.75,1379.25,1383.25,0
2023-07-17T03:00:00Z,1383.0,1383.5,1380.0,1380.5,0
2023-07-17T04:00:00Z,1380.75,1382.25,1380.5,1382.0,0
2023-07-17T05:00:00Z,1382.25,1384.0,1382.0,1382.75,0
2023-07-17T06:00:00Z,1382.5,1382.75,1376.25,1377.25,0
2023-07-17T07:00:00Z,1377.75,1385.25,1377.25,1382.5,0
2023-07-17T08:00:00Z,1382.5,1385.75,1380.0,1383.0,0
2023-07-17T09:00:00Z,1383.0,1387.5,1382.25,1385.25,0
2023-07-17T10:00:00Z,1385.25,1387.5,1383.75,1386.5,0
2023-07-17T11:00:00Z,1386.25,1387.5,1382.5,1383.5,0
2023-07-17T12:00:00Z,1383.0,1386.75,1382.25,1383.0,0
2023-07-17T13:00:00Z,1382.75,1385.5,1375.25,1379.0,0
2023-07-17T14:00:00Z,1379.25,1380.0,1369.0,1376.0,0
2023-07-17T15:00:00Z,1376.0,1378.0,1373.5,1377.25,0
2023-07-17T16:00:00Z,1377.25,1381.25,1372.25,1379.0,0
2023-07-17T17:00:00Z,1379.25,1382.25,1378.75,1380.0,0
2023-07-17T18:00:00Z,1380.0,1380.75,1375.25,1376.0,0
2023-07-18T00:00:00Z,1371.5,1378.0,1368.25,1377.75,0
2023-07-18T01:00:00Z,1377.5,1382.25,1376.5,1381.75,0
2023-07-18T02:00:00Z,1381.5,1385.25,1380.5,1384.25,0
2023-07-18T03:00:00Z,1384.25,1385.0,1381.0,1381.75,0
2023-07-18T04:00:00Z,1382.0,1382.5,1379.0,1379.0,0
2023-07-18T05:00:00Z,1379.0,1381.25,1377.0,1378.0,0
2023-07-18T06:00:00Z,1378.0,1379.75,1374.25,1374.5,0
2023-07-18T07:00:00Z,1374.25,1382.25,1373.75,1379.25,0
2023-07-18T08:00:00Z,1378.5,1385.75,1378.0,1385.25,0
2023-07-18T09:00:00Z,1385.5,1386.5,1383.25,1385.25,0
2023-07-18T10:00:00Z,1385.25,1389.5,1385.25,1388.25,0
2023-07-18T11:00:00Z,1388.5,1390.5,1388.0,1389.5,0
2023-07-18T12:00:00Z,1389.5,1393.75,1388.5,1389.25,0
2023-07-18T13:00:00Z,1388.5,1394.5,1386.0,1389.75,0
2023-07-18T14:00:00Z,1390.0,1399.25,1390.0,1396.5,0
2023-07-18T15:00:00Z,1396.75,1397.25,1393.0,1393.25,0
2023-07-18T16:00:00Z,1393.25,1398.0,1390.5,1396.5,0
2023-07-18T17:00:00Z,1396.75,1405.0,1395.5,1402.5,0
2023-07-18T18:00:00Z,1402.5,1403.5,1394.0,1394.5,0
2023-07-19T00:00:00Z,1395.0,1402.0,1390.0,1399.75,0
2023-07-19T01:00:00Z,1399.75,1403.0,1398.0,1402.75,0
2023-07-19T02:00:00Z,1402.75,1402.75,1397.75,1397.75,0
2023-07-19T03:00:00Z,1397.5,1401.25,1397.0,1401.25,0
2023-07-19T04:00:00Z,1401.0,1401.0,1398.25,1399.0,0
2023-07-19T05:00:00Z,1399.0,1403.75,1398.0,1403.25,0
2023-07-19T06:00:00Z,1403.0,1404.75,1401.5,1402.5,0
2023-07-19T07:00:00Z,1402.5,1409.5,1398.5,1407.5,0
2023-07-19T08:00:00Z,1407.5,1413.0,1405.75,1405.75,0
2023-07-19T09:00:00Z,1406.0,1415.75,1405.5,1414.25,0
2023-07-19T10:00:00Z,1414.5,1416.75,1410.75,1411.75,0
2023-07-19T11:00:00Z,1412.0,1417.0,1412.0,1414.25,0
2023-07-19T12:00:00Z,1414.5,1425.5,1413.75,1422.75,0
2023-07-19T13:00:00Z,1421.75,1428.75,1412.75,1420.0,0
2023-07-19T14:00:00Z,1419.75,1423.0,1405.25,1410.25,0
2023-07-19T15:00:00Z,1410.5,1419.75,1407.75,1409.5,0
2023-07-19T16:00:00Z,1409.25,1413.5,1407.5,1412.0,0
2023-07-19T17:00:00Z,1412.0,1412.5,1400.5,1407.25,0
2023-07-19T18:00:00Z,1407.0,1410.0,1406.25,1407.0,0
2023-07-20T00:00:00Z,1405.0,1407.75,1398.75,1403.25,0
2023-07-20T01:00:00Z,1403.5,1409.75,1403.5,1407.25,0
2023-07-20T02:00:00Z,1407.5,1412.0,1407.5,1411.75,0
2023-07-20T03:00:00Z,1412.0,1412.5,1410.0,1411.25,0
2023-07-20T04:00:00Z,1411.25,1411.25,1409.5,1409.5,0
2023-07-20T05:00:00Z,1409.25,1410.25,1407.5,1408.75,0
2023-07-20T06:00:00Z,1408.5,1414.75,1405.5,1414.5,0
2023-07-20T07:00:00Z,1414.25,1414.5,1410.25,1412.25,0
2023-07-20T08:00:00Z,1412.0,1418.25,1411.75,1416.75,0
2023-07-20T09:00:00Z,1416.5,1416.5,1409.5,1413.75,0
2023-07-20T10:00:00Z,1413.5,1414.5,1405.75,1406.0,0
2023-07-20T11:00:00Z,1406.0,1410.0,1400.0,1403.75,0
2023-07-20T12:00:00Z,1403.25,1412.5,1400.75,1411.75,0
2023-07-20T13:00:00Z,1411.25,1414.25,1404.75,1407.0,0
2023-07-20T14:00:00Z,1407.0,1409.25,1398.5,1402.25,0
2023-07-20T15:00:00Z,1402.25,1413.5,1402.25,1413.25,0
2023-07-20T16:00:00Z,1413.25,1414.75,1406.75,1407.75,0
2023-07-20T17:00:00Z,1408.0,1408.25,1399.0,1401.25,0
2023-07-20T18:00:00Z,1401.25,1405.25,1401.25,1403.75,0
2023-07-21T00:00:00Z,1401.25,1404.0,1395.75,1402.0,0
2023-07-21T01:00:00Z,1402.25,1407.0,1399.25,1406.5,0
2023-07-21T02:00:00Z,1406.25,1408.75,1406.0,1407.75,0
2023-07-21T03:00:00Z,1407.75,1407.75,1400.5,1400.5,0
2023-07-21T04:00:00Z,1400.5,1401.25,1398.75,1399.5,0
2023-07-21T05:00:00Z,1399.0,1401.0,1396.25,1397.25,0
2023-07-21T06:00:00Z,1397.5,1398.75,1395.75,1396.5,0
2023-07-21T07:00:00Z,1396.25,1396.25,1389.25,1394.75,0
2023-07-21T08:00:00Z,1394.5,1399.5,1393.5,1396.0,0
2023-07-21T09:00:00Z,1396.5,1398.75,1391.5,1396.25,0
2023-07-21T10:00:00Z,1396.0,1397.75,1391.0,1391.0,0
2023-07-21T11:00:00Z,1391.5,1392.75,1388.25,1389.0,0
2023-07-21T12:00:00Z,1389.25,1394.0,1387.75,1388.75,0
2023-07-21T13:00:00Z,1388.25,1403.25,1385.25,1400.25,0
2023-07-21T14:00:00Z,1400.25,1404.25,1398.5,1401.5,0
2023-07-21T15:00:00Z,1401.75,1405.5,1397.5,1402.25,0
2023-07-21T16:00:00Z,1402.25,1406.75,1394.25,1400.25,0
2023-07-21T17:00:00Z,1400.25,1403.5,1397.75,1400.5,0
2023-07-21T18:00:00Z,1400.25,1403.5,1399.5,1402.0,0
2023-07-24T00:00:00Z,1410.0,1415.75,1407.25,1410.25,0
2023-07-24T01:00:00Z,1410.25,1410.25,1403.25,1405.25,0
2023-07-24T02:00:00Z,1405.0,1407.75,1405.0,1406.5,0
2023-07-24T03:00:00Z,1406.75,1407.5,1405.5,1406.0,0
2023-07-24T04:00:00Z,1406.0,1407.5,1405.0,1407.25,0
2023-07-24T05:00:00Z,1407.25,1407.75,1404.0,1406.0,0
2023-07-24T06:00:00Z,1405.5,1406.25,1401.5,1404.0,0
2023-07-24T07:00:00Z,1404.25,1412.75,1403.75,1411.0,0
2023-07-24T08:00:00Z,1410.75,1415.0,1409.0,1414.75,0
2023-07-24T09:00:00Z,1415.0,1422.5,1414.25,1421.75,0
2023-07-24T10:00:00Z,1422.0,1424.25,1416.75,1417.25,0
2023-07-24T11:00:00Z,1417.0,1420.75,1415.5,1416.75,0
2023-07-24T12:00:00Z,1416.5,1418.75,1412.0,1418.0,0
2023-07-24T13:00:00Z,1417.25,1420.75,1406.5,1407.75,0
2023-07-24T14:00:00Z,1408.0,1417.5,1403.5,1415.0,0
2023-07-24T15:00:00Z,1415.0,1422.75,1412.75,1422.5,0
2023-07-24T16:00:00Z,1422.5,1426.0,1419.5,1424.5,0
2023-07-24T17:00:00Z,1424.5,1435.0,1424.0,1425.5,0
2023-07-24T18:00:00Z,1425.5,1426.25,1423.5,1423.5,0
2023-07-25T00:00:00Z,1422.25,1428.75,1420.75,1428.75,0
2023-07-25T01:00:00Z,1428.25,1428.25,1418.5,1419.5,0
2023-07-25T02:00:00Z,1419.5,1425.25,1418.0,1424.0,0
2023-07-25T03:00:00Z,1424.0,1425.75,1422.0,1424.75,0
2023-07-25T04:00:00Z,1424.75,1425.5,1423.0,1423.0,0
2023-07-25T05:00:00Z,1422.75,1423.0,1416.25,1416.75,0
2023-07-25T06:00:00Z,1417.0,1419.5,1416.5,1417.75,0
2023-07-25T07:00:00Z,1418.0,1420.0,1404.75,1406.0,0
2023-07-25T08:00:00Z,1405.75,1409.0,1403.25,1406.5,0
2023-07-25T09:00:00Z,1406.5,1408.25,1402.75,1404.0,0
2023-07-25T10:00:00Z,1404.0,1411.0,1403.25,1407.5,0
2023-07-25T11:00:00Z,1407.75,1410.25,1405.0,1407.25,0
2023-07-25T12:00:00Z,1407.5,1409.75,1404.5,1406.5,0
2023-07-25T13:00:00Z,1409.25,1415.75,1408.75,1411.25,0
2023-07-25T14:00:00Z,1411.0,1416.0,1409.25,1412.25,0
2023-07-25T15:00:00Z,1412.0,1414.0,1406.0,1411.0,0
2023-07-25T16:00:00Z,1411.25,1420.5,1409.75,1414.5,0
2023-07-25T17:00:00Z,1414.5,1419.5,1413.25,1419.0,0
2023-07-25T18:00:00Z,1419.0,1421.25,1418.5,1419.0,0
2023-07-26T00:00:00Z,1416.25,1418.0,1408.0,1411.75,0
2023-07-26T01:00:00Z,1411.5,1412.5,1407.25,1409.0,0
2023-07-26T02:00:00Z,1409.25,1413.75,1408.25,1413.25,0
2023-07-26T03:00:00Z,1413.5,1416.0,1412.25,1414.5,0
2023-07-26T04:00:00Z,1414.25,1415.25,1413.25,1413.75,0
2023-07-26T05:00:00Z,1414.0,1415.25,1411.0,1413.75,0
2023-07-26T06:00:00Z,1413.75,1419.75,1413.25,1419.0,0
2023-07-26T07:00:00Z,1419.0,1426.5,1418.0,1422.75,0
2023-07-26T08:00:00Z,1422.5,1427.0,1421.0,1421.25,0
2023-07-26T09:00:00Z,1421.25,1421.25,1414.0,1418.5,0
2023-07-26T10:00:00Z,1418.75,1420.75,1417.75,1418.0,0
2023-07-26T11:00:00Z,1418.25,1423.75,1417.5,1421.5,0
2023-07-26T12:00:00Z,1421.25,1422.25,1414.75,1415.5,0
2023-07-26T13:00:00Z,1419.25,1424.75,1417.5,1420.75,0
2023-07-26T14:00:00Z,1420.5,1427.5,1417.5,1425.25,0
2023-07-26T15:00:00Z,1425.25,1428.0,1408.0,1415.5,0
2023-07-26T16:00:00Z,1415.5,1427.25,1415.0,1423.75,0
2023-07-26T17:00:00Z,1423.75,1424.0,1415.25,1417.5,0
2023-07-26T18:00:00Z,1417.75,1421.25,1417.0,1420.75,0
2023-07-27T00:00:00Z,1419.25,1426.0,1416.75,1426.0,0
2023-07-27T01:00:00Z,1426.25,1429.25,1422.75,1426.0,0
2023-07-27T02:00:00Z,1426.25,1428.0,1425.25,1426.25,0
2023-07-27T03:00:00Z,1426.25,1427.25,1423.5,1426.75,0
2023-07-27T04:00:00Z,1427.0,1430.0,1426.75,1429.5,0
2023-07-27T05:00:00Z,1429.75,1430.0,1426.0,1429.75,0
2023-07-27T06:00:00Z,1429.25,1429.75,1425.25,1428.0,0
2023-07-27T07:00:00Z,1428.0,1430.75,1427.75,1429.25,0
2023-07-27T08:00:00Z,1429.0,1430.0,1426.75,1428.5,0
2023-07-27T09:00:00Z,1428.25,1431.25,1422.5,1424.75,0
2023-07-27T10:00:00Z,1424.5,1426.75,1422.0,1425.0,0
2023-07-27T11:00:00Z,1425.0,1428.75,1422.75,1428.75,0
2023-07-27T12:00:00Z,1429.0,1429.5,1423.25,1428.25,0
2023-07-27T13:00:00Z,1428.0,1432.0,1419.25,1420.75,0
2023-07-27T14:00:00Z,1420.75,1426.0,1417.0,1417.25,0
2023-07-27T15:00:00Z,1417.0,1419.0,1401.0,1404.0,0
2023-07-27T16:00:00Z,1404.0,1410.5,1398.5,1410.0,0
2023-07-27T17:00:00Z,1409.75,1410.0,1402.0,1404.5,0
2023-07-27T18:00:00Z,1404.75,1404.75,1395.5,1396.25,0
2023-07-28T00:00:00Z,1397.75,1397.75,1388.0,1395.5,0
2023-07-28T01:00:00Z,1395.5,1401.5,1395.25,1398.0,0
2023-07-28T02:00:00Z,1397.75,1398.75,1392.25,1398.75,0
2023-07-28T03:00:00Z,1398.5,1399.25,1396.0,1398.25,0
2023-07-28T04:00:00Z,1398.5,1399.25,1395.5,1396.5,0
2023-07-28T05:00:00Z,1396.75,1398.25,1395.0,1395.75,0
2023-07-28T06:00:00Z,1395.75,1398.0,1394.25,1394.75,0
2023-07-28T07:00:00Z,1395.0,1396.5,1385.5,1389.25,0
2023-07-28T08:00:00Z,1389.5,1389.75,1386.5,1387.25,0
2023-07-28T09:00:00Z,1387.25,1390.0,1386.0,1387.25,0
2023-07-28T10:00:00Z,1387.25,1389.25,1383.0,1388.75,0
2023-07-28T11:00:00Z,1388.75,1390.0,1386.25,1386.5,0
2023-07-28T12:00:00Z,1386.5,1389.0,1382.25,1386.25,0
2023-07-28T13:00:00Z,1390.0,1390.0,1379.0,1386.5,0
2023-07-28T14:00:00Z,1386.75,1393.0,1381.25,1386.25,0
2023-07-28T15:00:00Z,1386.0,1398.0,1385.5,1387.5,0
2023-07-28T16:00:00Z,1387.25,1390.25,1382.25,1383.5,0
2023-07-28T17:00:00Z,1383.5,1385.75,1380.25,1382.0,0
2023-07-28T18:00:00Z,1382.0,1384.0,1381.0,1382.75,0
2023-07-31T00:00:00Z,1375.5,1375.5,1363.0,1364.5,0
2023-07-31T01:00:00Z,1364.5,1365.5,1362.0,1362.5,0
2023-07-31T02:00:00Z,1362.75,1364.5,1361.0,1361.75,0
2023-07-31T03:00:00Z,1361.75,1362.0,1357.0,1357.75,0
2023-07-31T04:00:00Z,1358.0,1358.0,1357.0,1357.75,0
2023-07-31T05:00:00Z,1357.5,1357.75,1353.5,1355.25,0
2023-07-31T06:00:00Z,1355.5,1358.0,1354.0,1357.75,0
2023-07-31T07:00:00Z,1358.0,1358.5,1355.5,1356.25,0
2023-07-31T08:00:00Z,1356.25,1358.75,1355.25,1358.5,0
2023-07-31T09:00:00Z,1358.5,1360.0,1356.5,1358.5,0
2023-07-31T10:00:00Z,1358.5,1359.5,1355.25,1356.0,0
2023-07-31T11:00:00Z,1356.25,1358.75,1354.0,1354.25,0
2023-07-31T12:00:00Z,1354.5,1355.5,1350.5,1353.0,0
2023-07-31T13:00:00Z,1355.0,1355.25,1347.0,1352.75,0
2023-07-31T14:00:00Z,1352.5,1354.75,1346.25,1350.75,0
2023-07-31T15:00:00Z,1350.75,1351.25,1334.0,1338.25,0
2023-07-31T16:00:00Z,1338.25,1339.25,1322.75,1324.75,0
2023-07-31T17:00:00Z,1324.5,1333.75,1323.5,1329.25,0
2023-07-31T18:00:00Z,1329.25,1334.25,1326.25,1331.0,0
2023-08-01T00:00:00Z,1335.0,1342.0,1330.5,1340.0,0
2023-08-01T01:00:00Z,1340.0,1344.0,1340.0,1342.5,0
2023-08-01T02:00:00Z,1342.75,1342.75,1338.75,1339.75,0
2023-08-01T03:00:00Z,1339.25,1341.5,1338.5,1338.75,0
2023-08-01T04:00:00Z,1338.75,1339.5,1338.0,1339.25,0
2023-08-01T05:00:00Z,1339.25,1339.5,1336.5,1338.25,0
2023-08-01T06:00:00Z,1338.0,1342.0,1338.0,1340.5,0
2023-08-01T07:00:00Z,1340.0,1340.0,1335.75,1335.75,0
2023-08-01T08:00:00Z,1335.75,1338.0,1335.0,1336.25,0
2023-08-01T09:00:00Z,1336.0,1336.5,1328.25,1331.75,0
2023-08-01T10:00:00Z,1332.0,1334.0,1329.5,1333.25,0
2023-08-01T11:00:00Z,1333.25,1336.0,1329.0,1336.0,0
2023-08-01T12:00:00Z,1335.75,1337.0,1331.0,1332.5,0
2023-08-01T13:00:00Z,1334.0,1339.5,1329.0,1339.0,0
2023-08-01T14:00:00Z,1339.0,1344.0,1328.5,1337.0,0
2023-08-01T15:00:00Z,1336.75,1337.75,1329.5,1330.75,0
2023-08-01T16:00:00Z,1330.75,1334.0,1326.25,1332.25,0
2023-08-01T17:00:00Z,1332.0,1340.5,1330.75,1340.25,0
2023-08-01T18:00:00Z,1340.25,1344.5,1339.0,1344.0,0
2023-08-02T00:00:00Z,1344.0,1348.5,1342.5,1347.0,0
2023-08-02T01:00:00Z,1346.75,1351.75,1344.75,1351.5,0
2023-08-02T02:00:00Z,1351.25,1354.0,1350.25,1354.0,0
2023-08-02T03:00:00Z,1353.75,1353.75,1350.25,1350.5,0
2023-08-02T04:00:00Z,1350.5,1351.75,1349.25,1350.25,0
2023-08-02T05:00:00Z,1350.25,1352.5,1349.75,1352.5,0
2023-08-02T06:00:00Z,1352.5,1353.5,1348.75,1349.25,0
2023-08-02T07:00:00Z,1349.0,1350.5,1337.0,1337.25,0
2023-08-02T08:00:00Z,1337.25,1342.25,1336.75,1341.75,0
2023-08-02T09:00:00Z,1341.75,1342.75,1335.5,1336.5,0
2023-08-02T10:00:00Z,1336.25,1337.75,1333.0,1333.5,0
2023-08-02T11:00:00Z,1333.5,1335.25,1323.0,1324.0,0
2023-08-02T12:00:00Z,1323.75,1330.5,1323.25,1328.25,0
2023-08-02T13:00:00Z,1328.25,1329.0,1315.0,1323.25,0
2023-08-02T14:00:00Z,1323.5,1326.5,1316.75,1317.5,0
2023-08-02T15:00:00Z,1317.5,1325.0,1315.5,1320.0,0
2023-08-02T16:00:00Z,1320.0,1329.5,1319.25,1329.5,0
2023-08-02T17:00:00Z,1329.25,1330.25,1318.5,1319.75,0
2023-08-02T18:00:00Z,1320.0,1322.0,1318.25,1320.5,0
2023-08-03T00:00:00Z,1321.5,1323.5,1318.5,1321.0,0
2023-08-03T01:00:00Z,1320.75,1326.75,1318.75,1325.0,0
2023-08-03T02:00:00Z,1324.75,1325.75,1321.25,1322.25,0
2023-08-03T03:00:00Z,1322.25,1322.25,1319.5,1320.75,0
2023-08-03T04:00:00Z,1320.75,1320.75,1319.25,1319.75,0
2023-08-03T05:00:00Z,1319.75,1323.0,1318.75,1323.0,0
2023-08-03T06:00:00Z,1323.25,1324.25,1319.0,1322.25,0
2023-08-03T07:00:00Z,1322.0,1328.25,1321.25,1325.75,0
2023-08-03T08:00:00Z,1325.5,1329.0,1324.75,1328.5,0
2023-08-03T09:00:00Z,1328.5,1330.5,1325.5,1327.25,0
2023-08-03T10:00:00Z,1327.25,1329.75,1325.75,1329.25,0
2023-08-03T11:00:00Z,1329.25,1330.0,1326.25,1327.75,0
2023-08-03T12:00:00Z,1327.5,1327.75,1325.0,1326.25,0
2023-08-03T13:00:00Z,1327.5,1333.0,1326.25,1327.75,0
2023-08-03T14:00:00Z,1328.25,1331.25,1326.0,1329.75,0
2023-08-03T15:00:00Z,1329.75,1332.5,1321.0,1324.25,0
2023-08-03T16:00:00Z,1324.25,1337.25,1323.5,1334.0,0
2023-08-03T17:00:00Z,1334.25,1334.5,1325.5,1326.25,0
2023-08-03T18:00:00Z,1326.0,1327.0,1324.5,1325.25,0
2023-08-04T00:00:00Z,1326.0,1328.5,1322.5,1328.0,0
2023-08-04T01:00:00Z,1327.75,1335.75,1327.75,1331.0,0
2023-08-04T02:00:00Z,1331.0,1334.0,1330.25,1333.0,0
2023-08-04T03:00:00Z,1332.75,1336.5,1332.5,1336.5,0
2023-08-04T04:00:00Z,1336.0,1337.0,1335.0,1336.25,0
2023-08-04T05:00:00Z,1336.25,1338.25,1335.0,1336.75,0
2023-08-04T06:00:00Z,1337.0,1339.25,1335.0,1337.25,0
2023-08-04T07:00:00Z,1337.25,1344.75,1335.5,1343.0,0
2023-08-04T08:00:00Z,1342.75,1345.75,1334.75,1336.0,0
2023-08-04T09:00:00Z,1335.5,1341.0,1335.5,1338.25,0
2023-08-04T10:00:00Z,1338.5,1339.5,1337.5,1338.5,0
2023-08-04T11:00:00Z,1338.5,1342.0,1337.0,1339.5,0
2023-08-04T12:00:00Z,1339.75,1342.0,1336.0,1341.25,0
2023-08-04T13:00:00Z,1341.25,1344.25,1335.0,1336.0,0
2023-08-04T14:00:00Z,1336.0,1337.75,1330.5,1337.0,0
2023-08-04T15:00:00Z,1337.0,1340.5,1334.0,1334.5,0
2023-08-04T16:00:00Z,1334.5,1338.5,1332.5,1332.75,0
2023-08-04T17:00:00Z,1332.75,1335.25,1330.75,1334.75,0
2023-08-04T18:00:00Z,1334.5,1334.5,1331.0,1331.0,0
2023-08-07T00:00:00Z,1324.5,1327.0,1310.25,1314.25,0
2023-08-07T01:00:00Z,1314.0,1316.75,1312.75,1315.75,0
2023-08-07T02:00:00Z,1316.0,1316.5,1309.25,1313.5,0
2023-08-07T03:00:00Z,1313.5,1314.5,1310.0,1310.25,0
2023-08-07T04:00:00Z,1310.5,1310.5,1307.5,1308.75,0
2023-08-07T05:00:00Z,1308.5,1310.75,1307.5,1310.25,0
2023-08-07T06:00:00Z,1309.75,1313.0,1309.5,1312.75,0
2023-08-07T07:00:00Z,1312.75,1313.0,1311.0,1311.0,0
2023-08-07T08:00:00Z,1310.75,1311.75,1305.0,1308.0,0
2023-08-07T09:00:00Z,1307.75,1311.5,1307.5,1309.0,0
2023-08-07T10:00:00Z,1308.5,1309.25,1306.25,1308.25,0
2023-08-07T11:00:00Z,1308.25,1310.0,1304.0,1304.75,0
2023-08-07T12:00:00Z,1304.75,1304.75,1299.0,1303.25,0
2023-08-07T13:00:00Z,1305.0,1307.5,1294.0,1296.0,0
2023-08-07T14:00:00Z,1296.0,1299.0,1291.0,1295.5,0
2023-08-07T15:00:00Z,1295.5,1301.75,1293.25,1296.0,0
2023-08-07T16:00:00Z,1296.0,1298.75,1293.25,1297.75,0
2023-08-07T17:00:00Z,1298.0,1303.25,1297.75,1301.75,0
2023-08-07T18:00:00Z,1301.75,1304.75,1301.25,1303.75,0
2023-08-08T00:00:00Z,1302.0,1307.5,1298.75,1304.25,0
2023-08-08T01:00:00Z,1304.0,1305.0,1298.75,1299.25,0
2023-08-08T02:00:00Z,1299.5,1300.25,1296.5,1299.75,0
2023-08-08T03:00:00Z,1299.5,1300.75,1297.5,1298.0,0
2023-08-08T04:00:00Z,1297.75,1298.0,1296.25,1297.0,0
2023-08-08T05:00:00Z,1297.0,1297.75,1294.75,1295.25,0
2023-08-08T06:00:00Z,1295.0,1295.25,1293.25,1293.75,0
2023-08-08T07:00:00Z,1293.5,1297.75,1288.25,1289.25,0
2023-08-08T08:00:00Z,1289.0,1290.25,1287.5,1289.75,0
2023-08-08T09:00:00Z,1290.0,1292.0,1286.5,1291.25,0
2023-08-08T10:00:00Z,1291.5,1291.75,1288.0,1289.75,0
2023-08-08T11:00:00Z,1289.5,1289.75,1283.5,1284.25,0
2023-08-08T12:00:00Z,1284.5,1287.75,1283.0,1286.25,0
2023-08-08T13:00:00Z,1287.5,1293.0,1282.25,1289.25,0
2023-08-08T14:00:00Z,1289.0,1296.5,1287.5,1295.25,0
2023-08-08T15:00:00Z,1295.25,1302.0,1295.25,1298.75,0
2023-08-08T16:00:00Z,1298.75,1308.0,1298.5,1306.75,0
2023-08-08T17:00:00Z,1307.0,1311.0,1306.5,1307.25,0
2023-08-08T18:00:00Z,1307.0,1308.75,1304.5,1305.25,0
2023-08-09T00:00:00Z,1306.75,1312.25,1306.25,1310.0,0
2023-08-09T01:00:00Z,1310.0,1314.25,1307.25,1313.25,0
2023-08-09T02:00:00Z,1313.25,1314.0,1311.75,1313.75,0
2023-08-09T03:00:00Z,1314.0,1316.25,1313.5,1316.0,0
2023-08-09T04:00:00Z,1315.75,1316.0,1314.75,1315.5,0
2023-08-09T05:00:00Z,1315.5,1319.5,1314.75,1319.5,0
2023-08-09T06:00:00Z,1319.25,1323.0,1318.25,1318.5,0
2023-08-09T07:00:00Z,1318.0,1319.0,1315.75,1318.75,0
2023-08-09T08:00:00Z,1318.5,1320.75,1315.75,1316.75,0
2023-08-09T09:00:00Z,1317.25,1321.0,1317.0,1318.5,0
2023-08-09T10:00:00Z,1318.25,1318.5,1314.25,1315.0,0
2023-08-09T11:00:00Z,1315.0,1317.25,1313.0,1316.5,0
2023-08-09T12:00:00Z,1316.5,1318.0,1313.5,1317.0,0
2023-08-09T13:00:00Z,1317.75,1318.0,1310.75,1311.5,0
2023-08-09T14:00:00Z,1311.5,1316.0,1308.0,1308.25,0
2023-08-09T15:00:00Z,1308.0,1313.25,1308.0,1311.75,0
2023-08-09T16:00:00Z,1311.75,1312.25,1307.5,1308.75,0
2023-08-09T17:00:00Z,1308.75,1310.75,1307.0,1308.5,0
2023-08-09T18:00:00Z,1308.5,1310.25,1307.5,1309.75,0
2023-08-10T00:00:00Z,1308.5,1308.5,1305.0,1306.75,0
2023-08-10T01:00:00Z,1306.5,1313.75,1306.5,1310.25,0
2023-08-10T02:00:00Z,1310.0,1312.0,1308.25,1310.75,0
2023-08-10T03:00:00Z,1310.75,1314.0,1310.5,1313.5,0
2023-08-10T04:00:00Z,1313.25,1313.75,1311.75,1312.5,0
2023-08-10T05:00:00Z,1312.5,1318.5,1312.0,1318.5,0
2023-08-10T06:00:00Z,1318.5,1318.5,1315.5,1318.0,0
2023-08-10T07:00:00Z,1317.5,1320.0,1315.5,1316.0,0
2023-08-10T08:00:00Z,1316.0,1316.75,1314.75,1315.25,0
2023-08-10T09:00:00Z,1315.25,1316.5,1314.0,1316.0,0
2023-08-10T10:00:00Z,1316.5,1319.5,1315.5,1319.0,0
2023-08-10T11:00:00Z,1319.5,1320.0,1315.5,1315.75,0
2023-08-10T12:00:00Z,1315.75,1319.75,1315.0,1317.5,0
2023-08-10T13:00:00Z,1316.75,1321.5,1314.5,1321.0,0
2023-08-10T14:00:00Z,1320.75,1328.0,1317.25,1321.25,0
2023-08-10T15:00:00Z,1321.25,1323.0,1318.0,1321.5,0
2023-08-10T16:00:00Z,1321.25,1321.5,1316.75,1318.5,0
2023-08-10T17:00:00Z,1318.75,1319.5,1315.0,1317.75,0
2023-08-10T18:00:00Z,1317.75,1320.75,1317.25,1319.5,0
2023-08-11T00:00:00Z,1319.25,1321.5,1317.75,1319.0,0
2023-08-11T01:00:00Z,1319.25,1325.0,1319.25,1321.75,0
2023-08-11T02:00:00Z,1322.0,1322.25,1320.0,1322.0,0
2023-08-11T03:00:00Z,1322.0,1323.0,1321.0,1321.75,0
2023-08-11T04:00:00Z,1321.75,1322.25,1320.75,1321.0,0
2023-08-11T05:00:00Z,1321.0,1324.5,1320.75,1323.0,0
2023-08-11T06:00:00Z,1323.0,1325.0,1322.0,1322.25,0
2023-08-11T07:00:00Z,1322.0,1325.75,1322.0,1325.0,0
2023-08-11T08:00:00Z,1325.0,1325.25,1323.0,1324.75,0
2023-08-11T09:00:00Z,1324.75,1325.5,1323.0,1324.5,0
2023-08-11T10:00:00Z,1324.25,1325.25,1323.25,1324.25,0
2023-08-11T11:00:00Z,1324.5,1325.25,1322.25,1322.75,0
2023-08-11T12:00:00Z,1323.0,1324.0,1318.5,1322.75,0
2023-08-11T13:00:00Z,1319.25,1319.75,1309.0,1309.25,0
2023-08-11T14:00:00Z,1309.5,1313.0,1305.0,1307.75,0
2023-08-11T15:00:00Z,1308.0,1311.75,1305.25,1307.75,0
2023-08-11T16:00:00Z,1307.5,1338.0,1307.5,1318.25,0
2023-08-11T17:00:00Z,1318.0,1320.0,1297.5,1306.25,0
2023-08-11T18:00:00Z,1306.5,1309.0,1303.0,1306.25,0
2023-08-14T00:00:00Z,1313.0,1317.75,1308.0,1308.5,0
2023-08-14T01:00:00Z,1308.5,1319.25,1308.0,1318.75,0
2023-08-14T02:00:00Z,1319.0,1319.0,1313.75,1314.5,0
2023-08-14T03:00:00Z,1314.0,1314.25,1311.0,1312.0,0
2023-08-14T04:00:00Z,1312.25,1313.5,1311.0,1311.75,0
2023-08-14T05:00:00Z,1311.75,1313.25,1311.0,1311.75,0
2023-08-14T06:00:00Z,1311.5,1316.25,1310.25,1315.0,0
2023-08-14T07:00:00Z,1314.5,1321.0,1314.0,1320.5,0
2023-08-14T08:00:00Z,1320.5,1322.5,1318.25,1321.5,0
2023-08-14T09:00:00Z,1321.25,1322.75,1320.25,1321.0,0
2023-08-14T10:00:00Z,1320.75,1321.75,1317.25,1319.5,0
2023-08-14T11:00:00Z,1319.25,1320.75,1315.75,1316.25,0
2023-08-14T12:00:00Z,1316.25,1318.0,1314.5,1317.25,0
2023-08-14T13:00:00Z,1319.25,1327.5,1318.0,1323.0,0
2023-08-14T14:00:00Z,1323.0,1328.5,1320.5,1323.5,0
2023-08-14T15:00:00Z,1323.5,1325.75,1321.0,1322.75,0
2023-08-14T16:00:00Z,1323.0,1327.75,1322.0,1325.25,0
2023-08-14T17:00:00Z,1325.5,1328.5,1324.0,1326.0,0
2023-08-14T18:00:00Z,1326.0,1327.25,1324.5,1324.75,0
2023-08-15T00:00:00Z,1317.5,1320.25,1314.5,1317.75,0
2023-08-15T01:00:00Z,1317.75,1321.5,1317.0,1320.25,0
2023-08-15T02:00:00Z,1319.5,1324.0,1318.0,1322.75,0
2023-08-15T03:00:00Z,1322.75,1324.75,1321.75,1323.25,0
2023-08-15T04:00:00Z,1323.25,1324.5,1321.75,1322.0,0
2023-08-15T05:00:00Z,1321.75,1329.25,1320.0,1327.75,0
2023-08-15T06:00:00Z,1327.5,1334.5,1327.25,1329.75,0
2023-08-15T07:00:00Z,1329.75,1331.0,1324.0,1324.0,0
2023-08-15T08:00:00Z,1324.0,1327.0,1322.5,1324.25,0
2023-08-15T09:00:00Z,1324.75,1325.25,1321.75,1322.5,0
2023-08-15T10:00:00Z,1322.5,1322.75,1318.25,1320.5,0
2023-08-15T11:00:00Z,1320.25,1320.75,1318.0,1319.75,0
2023-08-15T12:00:00Z,1319.5,1322.0,1317.0,1320.75,0
2023-08-15T13:00:00Z,1321.75,1325.25,1319.75,1323.25,0
2023-08-15T14:00:00Z,1323.25,1325.75,1316.25,1317.5,0
2023-08-15T15:00:00Z,1317.5,1317.5,1308.25,1313.5,0
2023-08-15T16:00:00Z,1313.25,1316.0,1304.5,1307.75,0
2023-08-15T17:00:00Z,1307.5,1313.0,1307.0,1307.0,0
2023-08-15T18:00:00Z,1307.25,1307.25,1303.0,1304.5,0
2023-08-16T00:00:00Z,1305.25,1307.25,1303.0,1307.25,0
2023-08-16T01:00:00Z,1307.0,1314.5,1307.0,1312.75,0
2023-08-16T02:00:00Z,1312.75,1315.0,1311.0,1313.75,0
2023-08-16T03:00:00Z,1313.75,1315.5,1313.0,1313.75,0
2023-08-16T04:00:00Z,1313.5,1314.0,1311.5,1312.75,0
2023-08-16T05:00:00Z,1312.75,1315.75,1312.25,1314.75,0
2023-08-16T06:00:00Z,1314.75,1315.25,1312.75,1313.25,0
2023-08-16T07:00:00Z,1313.25,1315.75,1313.25,1313.25,0
2023-08-16T08:00:00Z,1313.25,1316.0,1313.0,1314.25,0
2023-08-16T09:00:00Z,1314.0,1317.0,1314.0,1314.75,0
2023-08-16T10:00:00Z,1314.75,1315.75,1313.0,1313.75,0
2023-08-16T11:00:00Z,1313.5,1315.0,1311.75,1314.25,0
2023-08-16T12:00:00Z,1314.25,1318.0,1313.75,1314.75,0
2023-08-16T13:00:00Z,1315.5,1326.0,1315.5,1321.0,0
2023-08-16T14:00:00Z,1321.0,1325.5,1318.5,1325.0,0
2023-08-16T15:00:00Z,1325.0,1331.5,1324.25,1327.5,0
2023-08-16T16:00:00Z,1327.5,1329.0,1322.5,1324.0,0
2023-08-16T17:00:00Z,1323.75,1326.5,1322.0,1325.25,0
2023-08-16T18:00:00Z,1325.25,1326.0,1323.25,1325.0,0
2023-08-17T00:00:00Z,1324.25,1325.75,1321.5,1322.0,0
2023-08-17T01:00:00Z,1322.0,1328.5,1320.5,1328.5,0
2023-08-17T02:00:00Z,1328.75,1331.25,1328.0,1329.5,0
2023-08-17T03:00:00Z,1329.5,1332.0,1329.25,1329.5,0
2023-08-17T04:00:00Z,1329.5,1330.0,1328.5,1330.0,0
2023-08-17T05:00:00Z,1329.75,1330.75,1327.5,1329.0,0
2023-08-17T06:00:00Z,1328.75,1335.0,1328.75,1332.0,0
2023-08-17T07:00:00Z,1331.75,1332.75,1326.75,1328.75,0
2023-08-17T08:00:00Z,1328.5,1330.0,1326.75,1329.5,0
2023-08-17T09:00:00Z,1329.25,1329.25,1324.0,1324.75,0
2023-08-17T10:00:00Z,1324.75,1327.75,1324.75,1326.5,0
2023-08-17T11:00:00Z,1326.25,1327.5,1321.5,1323.25,0
2023-08-17T12:00:00Z,1323.25,1326.5,1322.0,1324.0,0
2023-08-17T13:00:00Z,1326.0,1334.0,1322.0,1328.75,0
2023-08-17T14:00:00Z,1328.75,1334.5,1326.25,1333.75,0
2023-08-17T15:00:00Z,1334.0,1341.0,1332.5,1333.5,0
2023-08-17T16:00:00Z,1333.5,1336.5,1331.5,1332.75,0
2023-08-17T17:00:00Z,1333.0,1334.0,1327.0,1329.5,0
2023-08-17T18:00:00Z,1329.5,1331.25,1327.5,1330.5,0
2023-08-18T00:00:00Z,1331.25,1339.5,1331.25,1339.0,0
2023-08-18T01:00:00Z,1339.0,1347.5,1339.0,1345.25,0
2023-08-18T02:00:00Z,1345.25,1349.0,1344.75,1347.75,0
2023-08-18T03:00:00Z,1347.5,1349.25,1344.5,1345.0,0
2023-08-18T04:00:00Z,1345.25,1345.75,1343.5,1344.0,0
2023-08-18T05:00:00Z,1344.0,1349.0,1343.25,1349.0,0
2023-08-18T06:00:00Z,1348.75,1349.75,1346.25,1348.75,0
2023-08-18T07:00:00Z,1348.75,1349.0,1342.75,1343.5,0
2023-08-18T08:00:00Z,1343.5,1346.0,1340.25,1342.75,0
2023-08-18T09:00:00Z,1343.25,1344.25,1340.0,1341.75,0
2023-08-18T10:00:00Z,1342.0,1344.25,1340.5,1343.0,0
2023-08-18T11:00:00Z,1342.75,1346.0,1342.5,1344.5,0
2023-08-18T12:00:00Z,1344.5,1346.75,1343.0,1345.75,0
2023-08-18T13:00:00Z,1346.5,1353.25,1343.25,1353.0,0
2023-08-18T14:00:00Z,1353.25,1354.0,1345.75,1347.25,0
2023-08-18T15:00:00Z,1347.5,1355.5,1346.25,1352.75,0
2023-08-18T16:00:00Z,1353.0,1353.75,1348.75,1350.0,0
2023-08-18T17:00:00Z,1350.0,1355.25,1349.0,1352.5,0
2023-08-18T18:00:00Z,1352.5,1354.5,1351.25,1354.0,0
2023-08-21T00:00:00Z,1362.25,1381.0,1362.25,1375.5,0
2023-08-21T01:00:00Z,1375.25,1378.75,1372.5,1373.25,0
2023-08-21T02:00:00Z,1373.0,1374.75,1371.75,1374.0,0
2023-08-21T03:00:00Z,1374.0,1376.5,1373.25,1375.5,0
2023-08-21T04:00:00Z,1375.25,1375.75,1375.0,1375.0,0
2023-08-21T05:00:00Z,1375.0,1376.0,1372.25,1372.25,0
2023-08-21T06:00:00Z,1372.0,1372.5,1370.0,1370.5,0
2023-08-21T07:00:00Z,1370.5,1374.5,1370.25,1373.75,0
2023-08-21T08:00:00Z,1373.5,1375.5,1373.25,1374.25,0
2023-08-21T09:00:00Z,1374.25,1378.0,1374.0,1376.75,0
2023-08-21T10:00:00Z,1376.25,1378.75,1376.0,1376.25,0
2023-08-21T11:00:00Z,1376.25,1377.75,1374.5,1377.25,0
2023-08-21T12:00:00Z,1377.5,1378.0,1374.75,1375.75,0
2023-08-21T13:00:00Z,1376.0,1380.75,1371.25,1372.25,0
2023-08-21T14:00:00Z,1372.25,1372.75,1363.5,1364.0,0
2023-08-21T15:00:00Z,1364.25,1364.75,1358.25,1359.5,0
2023-08-21T16:00:00Z,1359.5,1361.5,1355.5,1360.5,0
2023-08-21T17:00:00Z,1360.5,1366.75,1360.5,1361.0,0
2023-08-21T18:00:00Z,1361.0,1362.5,1359.0,1360.5,0
2023-08-22T00:00:00Z,1361.75,1367.25,1361.5,1365.75,0
2023-08-22T01:00:00Z,1365.75,1373.5,1364.25,1367.25,0
2023-08-22T02:00:00Z,1367.25,1368.25,1361.25,1362.75,0
2023-08-22T03:00:00Z,1362.5,1363.0,1357.5,1358.75,0
2023-08-22T04:00:00Z,1358.75,1359.75,1358.25,1359.0,0
2023-08-22T05:00:00Z,1358.75,1359.25,1354.25,1355.75,0
2023-08-22T06:00:00Z,1356.0,1359.5,1355.0,1355.5,0
2023-08-22T07:00:00Z,1355.5,1359.25,1355.25,1356.0,0
2023-08-22T08:00:00Z,1355.75,1358.5,1354.0,1355.5,0
2023-08-22T09:00:00Z,1355.5,1359.75,1354.0,1358.75,0
2023-08-22T10:00:00Z,1358.75,1362.25,1358.5,1360.75,0
2023-08-22T11:00:00Z,1361.0,1362.25,1356.75,1361.0,0
2023-08-22T12:00:00Z,1360.75,1364.75,1360.75,1363.25,0
2023-08-22T13:00:00Z,1363.75,1366.75,1356.5,1357.5,0
2023-08-22T14:00:00Z,1357.5,1358.0,1345.25,1345.5,0
2023-08-22T15:00:00Z,1345.75,1346.0,1340.0,1342.25,0
2023-08-22T16:00:00Z,1342.25,1345.0,1340.0,1343.25,0
2023-08-22T17:00:00Z,1343.25,1346.0,1339.0,1345.75,0
2023-08-22T18:00:00Z,1345.75,1347.75,1343.75,1344.5,0
2023-08-23T00:00:00Z,1346.0,1347.25,1339.0,1341.5,0
2023-08-23T01:00:00Z,1341.5,1346.0,1335.5,1342.25,0
2023-08-23T02:00:00Z,1342.25,1347.25,1340.5,1346.5,0
2023-08-23T03:00:00Z,1346.5,1348.25,1344.75,1346.25,0
2023-08-23T04:00:00Z,1346.5,1348.25,1346.0,1347.75,0
2023-08-23T05:00:00Z,1347.75,1348.25,1346.0,1346.25,0
2023-08-23T06:00:00Z,1346.5,1347.0,1342.75,1343.0,0
2023-08-23T07:00:00Z,1343.25,1345.25,1340.25,1340.75,0
2023-08-23T08:00:00Z,1340.75,1341.0,1337.0,1337.5,0
2023-08-23T09:00:00Z,1337.75,1338.0,1334.5,1335.5,0
2023-08-23T10:00:00Z,1335.25,1335.75,1332.5,1334.25,0
2023-08-23T11:00:00Z,1334.0,1343.75,1334.0,1342.0,0
2023-08-23T12:00:00Z,1342.25,1343.25,1338.75,1341.0,0
2023-08-23T13:00:00Z,1341.0,1349.0,1340.75,1345.0,0
2023-08-23T14:00:00Z,1345.0,1352.5,1342.75,1350.5,0
2023-08-23T15:00:00Z,1350.25,1355.0,1348.5,1354.75,0
2023-08-23T16:00:00Z,1355.0,1360.0,1351.5,1360.0,0
2023-08-23T17:00:00Z,1360.0,1364.25,1358.25,1361.5,0
2023-08-23T18:00:00Z,1361.5,1363.25,1360.25,1361.25,0
2023-08-24T00:00:00Z,1360.0,1371.5,1359.5,1366.5,0
2023-08-24T01:00:00Z,1366.5,1370.0,1363.25,1365.75,0
2023-08-24T02:00:00Z,1365.5,1370.5,1365.0,1370.0,0
2023-08-24T03:00:00Z,1370.0,1370.0,1368.0,1369.25,0
2023-08-24T04:00:00Z,1369.0,1371.0,1368.0,1370.25,0
2023-08-24T05:00:00Z,1370.5,1372.25,1369.25,1369.75,0
2023-08-24T06:00:00Z,1370.0,1370.0,1363.5,1363.5,0
2023-08-24T07:00:00Z,1364.0,1365.25,1361.0,1362.0,0
2023-08-24T08:00:00Z,1361.75,1369.5,1361.25,1369.0,0
2023-08-24T09:00:00Z,1369.0,1370.25,1363.5,1366.5,0
2023-08-24T10:00:00Z,1366.25,1368.0,1365.0,1367.0,0
2023-08-24T11:00:00Z,1367.0,1368.0,1366.0,1366.5,0
2023-08-24T12:00:00Z,1366.75,1367.0,1361.5,1363.0,0
2023-08-24T13:00:00Z,1363.0,1366.5,1362.0,1365.75,0
2023-08-24T14:00:00Z,1366.0,1369.75,1361.0,1365.0,0
2023-08-24T15:00:00Z,1365.25,1365.5,1356.5,1363.75,0
2023-08-24T16:00:00Z,1363.75,1370.75,1362.75,1370.5,0
2023-08-24T17:00:00Z,1370.5,1371.0,1366.75,1370.0,0
2023-08-24T18:00:00Z,1370.0,1373.0,1368.5,1372.25,0
2023-08-25T00:00:00Z,1370.0,1373.25,1368.0,1369.0,0
2023-08-25T01:00:00Z,1369.25,1373.25,1368.75,1371.5,0
2023-08-25T02:00:00Z,1371.5,1377.25,1370.0,1376.75,0
2023-08-25T03:00:00Z,1376.5,1377.0,1375.5,1375.5,0
2023-08-25T04:00:00Z,1375.25,1375.75,1374.25,1374.5,0
2023-08-25T05:00:00Z,1374.5,1377.25,1374.25,1377.0,0
2023-08-25T06:00:00Z,1377.0,1378.75,1376.25,1378.25,0
2023-08-25T07:00:00Z,1378.0,1378.75,1376.5,1378.0,0
2023-08-25T08:00:00Z,1378.0,1378.75,1377.5,1378.5,0
2023-08-25T09:00:00Z,1378.0,1379.25,1377.0,1378.5,0
2023-08-25T10:00:00Z,1378.5,1380.0,1378.25,1379.0,0
2023-08-25T11:00:00Z,1379.0,1381.0,1378.75,1380.75,0
2023-08-25T12:00:00Z,1380.5,1381.75,1379.0,1380.75,0
2023-08-25T13:00:00Z,1381.0,1390.5,1380.75,1388.75,0
2023-08-25T14:00:00Z,1389.0,1389.25,1378.0,1382.0,0
2023-08-25T15:00:00Z,1381.75,1386.5,1380.5,1382.25,0
2023-08-25T16:00:00Z,1382.25,1387.0,1381.75,1385.0,0
2023-08-25T17:00:00Z,1385.0,1388.25,1383.5,1386.25,0
2023-08-25T18:00:00Z,1386.25,1388.5,1385.0,1386.75,0
2023-08-28T00:00:00Z,1398.25,1408.25,1398.0,1405.75,0
2023-08-28T01:00:00Z,1405.5,1409.5,1403.0,1407.0,0
2023-08-28T02:00:00Z,1407.0,1408.5,1405.5,1406.25,0
2023-08-28T03:00:00Z,1406.25,1406.75,1403.25,1403.5,0
2023-08-28T04:00:00Z,1403.5,1405.5,1403.0,1404.25,0
2023-08-28T05:00:00Z,1404.25,1405.25,1399.25,1399.5,0
2023-08-28T06:00:00Z,1399.5,1401.25,1397.25,1398.75,0
2023-08-28T07:00:00Z,1398.75,1399.25,1397.0,1397.25,0
2023-08-28T08:00:00Z,1397.25,1398.75,1396.75,1396.75,0
2023-08-28T09:00:00Z,1396.75,1398.0,1396.0,1396.75,0
2023-08-28T10:00:00Z,1397.0,1400.75,1396.25,1400.0,0
2023-08-28T11:00:00Z,1400.25,1402.5,1398.75,1401.25,0
2023-08-28T12:00:00Z,1401.5,1401.75,1398.5,1399.5,0
2023-08-28T13:00:00Z,1399.5,1404.75,1394.75,1403.25,0
2023-08-28T14:00:00Z,1403.0,1407.25,1400.75,1402.75,0
2023-08-28T15:00:00Z,1402.75,1403.25,1398.0,1399.5,0
2023-08-28T16:00:00Z,1399.75,1402.75,1398.25,1399.5,0
2023-08-28T17:00:00Z,1399.75,1403.75,1399.75,1402.75,0
2023-08-28T18:00:00Z,1403.0,1406.75,1402.75,1406.0,0
2023-08-29T00:00:00Z,1393.0,1398.75,1392.0,1395.25,0
2023-08-29T01:00:00Z,1395.5,1398.5,1394.25,1395.75,0
2023-08-29T02:00:00Z,1395.5,1400.75,1395.0,1399.75,0
2023-08-29T03:00:00Z,1399.75,1402.0,1398.75,1399.75,0
2023-08-29T04:00:00Z,1400.0,1401.25,1398.75,1400.25,0
2023-08-29T05:00:00Z,1400.25,1402.5,1399.75,1400.75,0
2023-08-29T06:00:00Z,1400.75,1402.5,1396.25,1396.25,0
2023-08-29T07:00:00Z,1396.25,1398.75,1396.0,1397.0,0
2023-08-29T08:00:00Z,1397.0,1399.25,1396.75,1398.0,0
2023-08-29T09:00:00Z,1398.0,1401.0,1398.0,1399.5,0
2023-08-29T10:00:00Z,1399.5,1401.25,1398.75,1399.25,0
2023-08-29T11:00:00Z,1399.0,1399.5,1392.5,1394.0,0
2023-08-29T12:00:00Z,1393.75,1395.0,1392.0,1394.5,0
2023-08-29T13:00:00Z,1395.25,1402.75,1395.0,1398.5,0
2023-08-29T14:00:00Z,1398.5,1404.5,1398.25,1404.5,0
2023-08-29T15:00:00Z,1404.75,1405.0,1397.25,1397.5,0
2023-08-29T16:00:00Z,1397.5,1399.75,1393.5,1396.0,0
2023-08-29T17:00:00Z,1396.0,1399.0,1393.0,1393.5,0
2023-08-29T18:00:00Z,1393.5,1394.25,1392.0,1392.25,0
2023-08-30T00:00:00Z,1390.75,1394.0,1389.0,1393.75,0
2023-08-30T01:00:00Z,1393.75,1395.0,1389.5,1391.0,0
2023-08-30T02:00:00Z,1390.75,1390.75,1387.0,1387.25,0
2023-08-30T03:00:00Z,1387.5,1391.5,1386.75,1391.25,0
2023-08-30T04:00:00Z,1391.25,1391.5,1390.0,1390.75,0
2023-08-30T05:00:00Z,1390.75,1392.25,1390.25,1391.0,0
2023-08-30T06:00:00Z,1391.0,1391.25,1388.5,1389.0,0
2023-08-30T07:00:00Z,1388.75,1392.75,1388.25,1392.25,0
2023-08-30T08:00:00Z,1392.25,1398.0,1390.5,1397.75,0
2023-08-30T09:00:00Z,1397.75,1399.0,1396.5,1398.5,0
2023-08-30T10:00:00Z,1398.75,1400.75,1398.5,1399.25,0
2023-08-30T11:00:00Z,1399.25,1399.5,1398.25,1398.5,0
2023-08-30T12:00:00Z,1398.25,1401.0,1396.5,1398.75,0
2023-08-30T13:00:00Z,1400.0,1400.0,1394.0,1394.75,0
2023-08-30T14:00:00Z,1394.75,1394.75,1383.0,1386.25,0
2023-08-30T15:00:00Z,1386.5,1388.0,1380.5,1384.0,0
2023-08-30T16:00:00Z,1383.75,1387.75,1382.5,1385.5,0
2023-08-30T17:00:00Z,1385.5,1386.0,1381.25,1384.5,0
2023-08-30T18:00:00Z,1384.5,1387.5,1382.5,1386.0,0
2023-08-31T00:00:00Z,1386.75,1389.0,1386.0,1389.0,0
2023-08-31T01:00:00Z,1388.5,1392.0,1386.0,1387.0,0
2023-08-31T02:00:00Z,1387.0,1387.5,1385.0,1385.0,0
2023-08-31T03:00:00Z,1385.25,1385.5,1384.25,1385.0,0
2023-08-31T04:00:00Z,1384.75,1387.0,1384.75,1385.25,0
2023-08-31T05:00:00Z,1385.25,1387.25,1384.0,1387.25,0
2023-08-31T06:00:00Z,1387.5,1387.75,1383.0,1383.75,0
2023-08-31T07:00:00Z,1383.75,1385.5,1382.0,1385.25,0
2023-08-31T08:00:00Z,1385.0,1386.0,1383.25,1385.0,0
2023-08-31T09:00:00Z,1385.0,1385.5,1381.25,1381.25,0
2023-08-31T10:00:00Z,1381.25,1383.25,1380.5,1382.25,0
2023-08-31T11:00:00Z,1382.25,1389.5,1382.0,1388.25,0
2023-08-31T12:00:00Z,1388.25,1390.0,1384.0,1385.25,0
2023-08-31T13:00:00Z,1385.0,1385.25,1377.0,1382.5,0
2023-08-31T14:00:00Z,1382.5,1384.5,1379.0,1382.75,0
2023-08-31T15:00:00Z,1382.75,1385.25,1376.5,1379.25,0
2023-08-31T16:00:00Z,1379.25,1381.5,1376.25,1379.25,0
2023-08-31T17:00:00Z,1379.0,1379.5,1367.5,1370.25,0
2023-08-31T18:00:00Z,1370.25,1372.5,1367.25,1367.5,0
2023-09-01T00:00:00Z,1369.0,1371.75,1366.5,1368.75,0
2023-09-01T01:00:00Z,1369.0,1378.25,1369.0,1376.5,0
2023-09-01T02:00:00Z,1376.75,1378.25,1374.25,1376.0,0
2023-09-01T03:00:00Z,1376.0,1378.25,1375.5,1377.0,0
2023-09-01T04:00:00Z,1377.25,1377.75,1376.25,1376.5,0
2023-09-01T05:00:00Z,1376.75,1380.5,1376.5,1379.25,0
2023-09-01T06:00:00Z,1379.5,1383.25,1379.0,1382.75,0
2023-09-01T07:00:00Z,1382.75,1383.0,1380.75,1382.0,0
2023-09-01T08:00:00Z,1382.0,1382.25,1379.0,1379.5,0
2023-09-01T09:00:00Z,1380.0,1381.25,1378.5,1381.25,0
2023-09-01T10:00:00Z,1381.0,1381.75,1379.0,1381.5,0
2023-09-01T11:00:00Z,1381.25,1383.0,1380.75,1383.0,0
2023-09-01T12:00:00Z,1383.0,1384.0,1381.25,1382.5,0
2023-09-01T13:00:00Z,1381.5,1385.0,1374.25,1375.75,0
2023-09-01T14:00:00Z,1375.5,1376.25,1368.5,1372.75,0
2023-09-01T15:00:00Z,1372.5,1373.75,1366.0,1369.75,0
2023-09-01T16:00:00Z,1370.0,1373.75,1368.25,1373.5,0
2023-09-01T17:00:00Z,1373.25,1374.25,1368.25,1368.75,0
2023-09-01T18:00:00Z,1368.75,1370.5,1368.0,1368.5,0
2023-09-05T00:00:00Z,1369.0,1376.5,1366.25,1373.5,0
2023-09-05T01:00:00Z,1373.25,1373.25,1367.5,1370.0,0
2023-09-05T02:00:00Z,1369.75,1370.25,1367.5,1369.0,0
2023-09-05T03:00:00Z,1369.0,1371.25,1368.25,1370.75,0
2023-09-05T04:00:00Z,1371.0,1372.0,1370.25,1371.0,0
2023-09-05T05:00:00Z,1371.25,1371.5,1367.75,1368.25,0
2023-09-05T06:00:00Z,1368.0,1368.25,1364.75,1365.25,0
2023-09-05T07:00:00Z,1365.0,1365.5,1362.5,1362.5,0
2023-09-05T08:00:00Z,1362.25,1365.5,1361.75,1364.5,0
2023-09-05T09:00:00Z,1364.25,1366.0,1364.0,1364.25,0
2023-09-05T10:00:00Z,1364.25,1364.25,1362.25,1362.5,0
2023-09-05T11:00:00Z,1362.5,1365.0,1361.75,1363.75,0
2023-09-05T12:00:00Z,1363.5,1365.25,1362.5,1364.0,0
2023-09-05T13:00:00Z,1366.0,1371.0,1361.5,1370.5,0
2023-09-05T14:00:00Z,1370.25,1372.0,1362.5,1368.0,0
2023-09-05T15:00:00Z,1368.0,1372.0,1361.75,1361.75,0
2023-09-05T16:00:00Z,1361.75,1363.0,1358.0,1360.25,0
2023-09-05T17:00:00Z,1360.25,1366.25,1359.0,1361.25,0
2023-09-05T18:00:00Z,1361.5,1367.75,1361.0,1367.0,0
2023-09-06T00:00:00Z,1377.0,1381.0,1370.5,1371.75,0
2023-09-06T01:00:00Z,1372.0,1375.25,1371.5,1375.25,0
2023-09-06T02:00:00Z,1374.75,1375.25,1371.75,1373.25,0
2023-09-06T03:00:00Z,1373.0,1374.0,1372.5,1373.5,0
2023-09-06T04:00:00Z,1373.5,1374.25,1372.75,1373.0,0
2023-09-06T05:00:00Z,1372.5,1374.25,1371.75,1374.0,0
2023-09-06T06:00:00Z,1373.75,1374.0,1370.0,1370.5,0
2023-09-06T07:00:00Z,1370.25,1372.0,1370.0,1371.25,0
2023-09-06T08:00:00Z,1371.25,1374.25,1370.75,1374.25,0
2023-09-06T09:00:00Z,1374.5,1377.0,1373.5,1376.5,0
2023-09-06T10:00:00Z,1376.25,1378.5,1376.25,1378.0,0
2023-09-06T11:00:00Z,1378.0,1379.0,1377.5,1378.5,0
2023-09-06T12:00:00Z,1378.75,1379.0,1376.0,1377.0,0
2023-09-06T13:00:00Z,1376.5,1384.75,1374.75,1382.75,0
2023-09-06T14:00:00Z,1382.5,1383.25,1378.0,1379.5,0
2023-09-06T15:00:00Z,1379.5,1383.5,1376.25,1377.25,0
2023-09-06T16:00:00Z,1377.25,1377.25,1372.75,1373.0,0
2023-09-06T17:00:00Z,1373.25,1377.75,1370.75,1377.5,0
2023-09-06T18:00:00Z,1377.75,1377.75,1374.75,1375.0,0
2023-09-07T00:00:00Z,1376.25,1378.0,1372.75,1373.25,0
2023-09-07T01:00:00Z,1373.5,1375.25,1371.75,1374.25,0
2023-09-07T02:00:00Z,1374.5,1374.5,1372.75,1372.75,0
2023-09-07T03:00:00Z,1372.5,1373.25,1371.5,1372.5,0
2023-09-07T04:00:00Z,1372.25,1372.75,1371.5,1371.75,0
2023-09-07T05:00:00Z,1371.5,1372.25,1370.75,1371.25,0
2023-09-07T06:00:00Z,1371.25,1372.75,1371.0,1371.75,0
2023-09-07T07:00:00Z,1371.5,1372.0,1367.25,1368.5,0
2023-09-07T08:00:00Z,1368.5,1369.5,1366.75,1369.5,0
2023-09-07T09:00:00Z,1369.5,1370.0,1366.5,1368.0,0
2023-09-07T10:00:00Z,1368.25,1371.75,1368.0,1371.25,0
2023-09-07T11:00:00Z,1371.25,1372.5,1370.0,1372.25,0
2023-09-07T12:00:00Z,1372.25,1373.25,1370.75,1371.75,0
2023-09-07T13:00:00Z,1370.5,1371.0,1363.75,1367.5,0
2023-09-07T14:00:00Z,1367.5,1369.5,1363.75,1364.75,0
2023-09-07T15:00:00Z,1364.5,1365.75,1361.0,1361.5,0
2023-09-07T16:00:00Z,1361.5,1365.25,1359.75,1363.0,0
2023-09-07T17:00:00Z,1363.0,1363.5,1357.0,1359.25,0
2023-09-07T18:00:00Z,1359.25,1361.0,1359.0,1360.25,0
2023-09-08T00:00:00Z,1360.0,1361.75,1357.25,1359.75,0
2023-09-08T01:00:00Z,1359.75,1361.0,1353.5,1355.0,0
2023-09-08T02:00:00Z,1355.0,1356.75,1355.0,1355.75,0
2023-09-08T03:00:00Z,1355.5,1356.0,1354.5,1355.0,0
2023-09-08T04:00:00Z,1355.0,1355.0,1353.75,1354.0,0
2023-09-08T05:00:00Z,1354.25,1356.0,1352.5,1355.75,0
2023-09-08T06:00:00Z,1355.5,1357.25,1355.25,1356.0,0
2023-09-08T07:00:00Z,1355.75,1357.5,1355.5,1357.25,0
2023-09-08T08:00:00Z,1357.5,1358.25,1355.5,1355.75,0
2023-09-08T09:00:00Z,1355.5,1356.75,1354.25,1356.0,0
2023-09-08T10:00:00Z,1356.25,1359.25,1356.25,1358.5,0
2023-09-08T11:00:00Z,1358.5,1360.5,1358.25,1359.25,0
2023-09-08T12:00:00Z,1359.5,1362.0,1358.5,1361.25,0
2023-09-08T13:00:00Z,1361.25,1362.0,1352.5,1358.0,0
2023-09-08T14:00:00Z,1358.25,1363.75,1356.25,1361.75,0
2023-09-08T15:00:00Z,1361.75,1364.0,1358.5,1361.5,0
2023-09-08T16:00:00Z,1361.25,1363.0,1359.25,1360.5,0
2023-09-08T17:00:00Z,1360.75,1365.0,1360.0,1364.75,0
2023-09-08T18:00:00Z,1364.75,1365.0,1361.5,1364.0,0
2023-09-11T00:00:00Z,1363.0,1367.25,1362.25,1367.0,0
2023-09-11T01:00:00Z,1366.75,1369.5,1365.0,1367.0,0
2023-09-11T02:00:00Z,1366.75,1369.75,1366.75,1369.25,0
2023-09-11T03:00:00Z,1369.25,1369.75,1368.0,1368.5,0
2023-09-11T04:00:00Z,1368.5,1369.25,1368.0,1369.0,0
2023-09-11T05:00:00Z,1369.0,1370.0,1366.5,1366.75,0
2023-09-11T06:00:00Z,1366.75,1367.0,1365.5,1366.75,0
2023-09-11T07:00:00Z,1366.5,1368.5,1366.25,1368.0,0
2023-09-11T08:00:00Z,1367.75,1368.25,1364.0,1365.5,0
2023-09-11T09:00:00Z,1365.5,1366.75,1365.25,1366.0,0
2023-09-11T10:00:00Z,1366.0,1367.0,1364.75,1366.5,0
2023-09-11T11:00:00Z,1366.25,1369.0,1366.0,1367.0,0
2023-09-11T12:00:00Z,1367.25,1371.75,1367.25,1369.75,0
2023-09-11T13:00:00Z,1370.0,1373.0,1365.75,1367.0,0
2023-09-11T14:00:00Z,1366.75,1372.25,1366.0,1368.0,0
2023-09-11T15:00:00Z,1368.0,1370.5,1366.5,1369.0,0
2023-09-11T16:00:00Z,1369.25,1372.5,1367.0,1372.0,0
2023-09-11T17:00:00Z,1372.0,1373.25,1367.5,1367.5,0
2023-09-11T18:00:00Z,1367.5,1370.75,1367.5,1370.0,0
2023-09-12T00:00:00Z,1369.0,1371.75,1368.0,1370.5,0
2023-09-12T01:00:00Z,1370.25,1372.25,1368.0,1368.0,0
2023-09-12T02:00:00Z,1367.75,1369.75,1366.5,1366.5,0
2023-09-12T03:00:00Z,1366.5,1366.75,1365.5,1365.75,0
2023-09-12T04:00:00Z,1365.75,1366.0,1365.0,1365.5,0
2023-09-12T05:00:00Z,1365.25,1365.5,1362.75,1363.0,0
2023-09-12T06:00:00Z,1363.0,1364.0,1361.0,1363.0,0
2023-09-12T07:00:00Z,1362.75,1365.5,1362.25,1364.75,0
2023-09-12T08:00:00Z,1364.5,1366.25,1363.25,1363.5,0
2023-09-12T09:00:00Z,1363.5,1364.75,1362.75,1364.5,0
2023-09-12T10:00:00Z,1364.25,1365.5,1363.25,1363.75,0
2023-09-12T11:00:00Z,1363.5,1364.25,1360.25,1362.5,0
2023-09-12T12:00:00Z,1362.5,1364.25,1362.0,1364.0,0
2023-09-12T13:00:00Z,1363.0,1363.25,1352.75,1357.0,0
2023-09-12T14:00:00Z,1356.75,1358.0,1351.0,1357.75,0
2023-09-12T15:00:00Z,1357.75,1362.0,1356.5,1359.0,0
2023-09-12T16:00:00Z,1358.5,1360.0,1340.75,1345.75,0
2023-09-12T17:00:00Z,1345.5,1351.5,1345.0,1347.75,0
2023-09-12T18:00:00Z,1347.5,1348.25,1344.25,1344.75,0
2023-09-13T00:00:00Z,1344.75,1349.75,1343.25,1347.25,0
2023-09-13T01:00:00Z,1347.5,1350.0,1345.75,1346.75,0
2023-09-13T02:00:00Z,1346.5,1348.0,1342.5,1344.0,0
2023-09-13T03:00:00Z,1344.0,1344.75,1342.5,1343.5,0
2023-09-13T04:00:00Z,1343.5,1344.75,1342.75,1344.5,0
2023-09-13T05:00:00Z,1344.75,1345.0,1343.25,1343.75,0
2023-09-13T06:00:00Z,1343.75,1345.0,1343.0,1343.25,0
2023-09-13T07:00:00Z,1343.5,1350.25,1343.5,1349.5,0
2023-09-13T08:00:00Z,1349.75,1350.0,1346.5,1347.25,0
2023-09-13T09:00:00Z,1347.25,1347.25,1344.5,1346.25,0
2023-09-13T10:00:00Z,1346.25,1346.75,1343.75,1344.0,0
2023-09-13T11:00:00Z,1344.25,1346.75,1343.25,1344.75,0
2023-09-13T12:00:00Z,1344.5,1347.75,1343.25,1346.5,0
2023-09-13T13:00:00Z,1345.0,1349.25,1335.0,1339.75,0
2023-09-13T14:00:00Z,1340.0,1341.25,1333.75,1339.5,0
2023-09-13T15:00:00Z,1339.25,1342.0,1338.5,1341.25,0
2023-09-13T16:00:00Z,1341.25,1346.0,1339.75,1345.0,0
2023-09-13T17:00:00Z,1345.0,1349.5,1345.0,1349.25,0
2023-09-13T18:00:00Z,1349.5,1351.25,1347.75,1351.0,0
2023-09-14T00:00:00Z,1349.75,1355.0,1349.5,1353.0,0
2023-09-14T01:00:00Z,1353.0,1354.75,1351.25,1353.25,0
2023-09-14T02:00:00Z,1353.25,1353.75,1350.0,1350.75,0
2023-09-14T03:00:00Z,1351.0,1352.25,1350.25,1350.5,0
2023-09-14T04:00:00Z,1350.25,1351.5,1350.0,1350.75,0
2023-09-14T05:00:00Z,1350.75,1351.75,1350.0,1350.25,0
2023-09-14T06:00:00Z,1350.25,1350.5,1347.5,1348.5,0
2023-09-14T07:00:00Z,1348.5,1350.0,1347.0,1347.5,0
2023-09-14T08:00:00Z,1347.5,1350.0,1347.0,1349.0,0
2023-09-14T09:00:00Z,1349.25,1352.0,1349.0,1351.0,0
2023-09-14T10:00:00Z,1351.0,1352.25,1350.5,1351.5,0
2023-09-14T11:00:00Z,1351.75,1354.5,1351.75,1354.25,0
2023-09-14T12:00:00Z,1354.0,1354.5,1348.0,1350.25,0
2023-09-14T13:00:00Z,1349.25,1355.25,1347.5,1351.5,0
2023-09-14T14:00:00Z,1351.5,1356.25,1346.25,1356.25,0
2023-09-14T15:00:00Z,1356.25,1361.5,1355.75,1361.0,0
2023-09-14T16:00:00Z,1361.0,1363.5,1360.75,1362.75,0
2023-09-14T17:00:00Z,1362.75,1364.5,1359.5,1360.75,0
2023-09-14T18:00:00Z,1361.0,1362.0,1359.5,1361.25,0
2023-09-15T00:00:00Z,1360.5,1364.75,1360.5,1362.25,0
2023-09-15T01:00:00Z,1362.0,1363.5,1360.5,1361.75,0
2023-09-15T02:00:00Z,1361.75,1366.5,1361.75,1366.0,0
2023-09-15T03:00:00Z,1366.0,1366.75,1365.0,1366.5,0
2023-09-15T04:00:00Z,1366.5,1367.75,1366.0,1367.0,0
2023-09-15T05:00:00Z,1366.75,1367.5,1363.75,1364.0,0
2023-09-15T06:00:00Z,1364.0,1365.75,1363.0,1364.5,0
2023-09-15T07:00:00Z,1364.5,1364.5,1360.0,1360.5,0
2023-09-15T08:00:00Z,1360.25,1360.25,1357.25,1359.0,0
2023-09-15T09:00:00Z,1358.75,1359.0,1357.5,1357.75,0
2023-09-15T10:00:00Z,1357.75,1358.75,1355.5,1357.0,0
2023-09-15T11:00:00Z,1357.25,1357.5,1353.5,1353.5,0
2023-09-15T12:00:00Z,1353.5,1355.5,1352.25,1355.0,0
2023-09-15T13:00:00Z,1354.0,1354.75,1348.5,1353.25,0
2023-09-15T14:00:00Z,1353.5,1354.75,1346.5,1347.0,0
2023-09-15T15:00:00Z,1347.0,1349.75,1344.25,1344.75,0
2023-09-15T16:00:00Z,1344.5,1349.25,1344.25,1346.75,0
2023-09-15T17:00:00Z,1346.5,1347.5,1340.5,1341.25,0
2023-09-15T18:00:00Z,1341.25,1342.5,1338.25,1338.5,0
2023-09-18T00:00:00Z,1340.0,1343.5,1337.25,1343.0,0
2023-09-18T01:00:00Z,1343.25,1344.5,1339.5,1342.5,0
2023-09-18T02:00:00Z,1342.0,1342.0,1336.25,1336.5,0
2023-09-18T03:00:00Z,1336.75,1337.25,1335.25,1335.75,0
2023-09-18T04:00:00Z,1335.5,1337.0,1335.25,1336.25,0
2023-09-18T05:00:00Z,1336.25,1338.75,1336.0,1337.5,0
2023-09-18T06:00:00Z,1337.25,1339.0,1336.5,1338.0,0
2023-09-18T07:00:00Z,1338.25,1341.75,1338.0,1340.0,0
2023-09-18T08:00:00Z,1340.0,1341.25,1338.75,1339.0,0
2023-09-18T09:00:00Z,1339.0,1340.5,1337.25,1338.0,0
2023-09-18T10:00:00Z,1338.0,1339.0,1336.5,1336.75,0
2023-09-18T11:00:00Z,1336.75,1338.0,1336.0,1337.0,0
2023-09-18T12:00:00Z,1337.0,1337.75,1335.25,1337.75,0
2023-09-18T13:00:00Z,1337.5,1337.5,1323.5,1324.0,0
2023-09-18T14:00:00Z,1324.25,1324.5,1319.25,1319.75,0
2023-09-18T15:00:00Z,1319.5,1323.0,1317.5,1317.75,0
2023-09-18T16:00:00Z,1317.75,1320.5,1316.25,1317.75,0
2023-09-18T17:00:00Z,1317.75,1319.75,1316.25,1317.75,0
2023-09-18T18:00:00Z,1317.75,1318.5,1315.5,1315.5,0
2023-09-19T00:00:00Z,1315.0,1315.25,1312.5,1314.5,0
2023-09-19T01:00:00Z,1314.5,1315.5,1311.25,1311.5,0
2023-09-19T02:00:00Z,1311.5,1312.25,1309.75,1310.75,0
2023-09-19T03:00:00Z,1310.75,1311.75,1310.75,1311.5,0
2023-09-19T04:00:00Z,1311.5,1312.0,1310.0,1310.0,0
2023-09-19T05:00:00Z,1310.25,1310.5,1308.0,1308.25,0
2023-09-19T06:00:00Z,1308.25,1311.0,1308.0,1309.25,0
2023-09-19T07:00:00Z,1309.25,1310.5,1308.0,1310.0,0
2023-09-19T08:00:00Z,1310.0,1311.5,1309.5,1310.0,0
2023-09-19T09:00:00Z,1310.0,1312.25,1309.25,1310.75,0
2023-09-19T10:00:00Z,1311.25,1312.5,1310.5,1311.25,0
2023-09-19T11:00:00Z,1311.0,1312.5,1311.0,1312.25,0
2023-09-19T12:00:00Z,1312.25,1317.5,1312.0,1313.75,0
2023-09-19T13:00:00Z,1313.5,1319.5,1309.5,1319.0,0
2023-09-19T14:00:00Z,1319.0,1319.75,1310.0,1313.75,0
2023-09-19T15:00:00Z,1313.75,1317.0,1312.25,1315.25,0
2023-09-19T16:00:00Z,1315.0,1319.5,1314.0,1314.25,0
2023-09-19T17:00:00Z,1314.25,1316.5,1314.0,1316.5,0
2023-09-19T18:00:00Z,1316.25,1316.5,1314.25,1315.25,0
2023-09-20T00:00:00Z,1315.25,1317.5,1314.75,1315.5,0
2023-09-20T01:00:00Z,1315.5,1317.75,1315.0,1317.25,0
2023-09-20T02:00:00Z,1317.0,1317.25,1314.0,1314.75,0
2023-09-20T03:00:00Z,1314.75,1317.0,1314.75,1316.5,0
2023-09-20T04:00:00Z,1316.5,1317.25,1316.5,1316.75,0
2023-09-20T05:00:00Z,1316.75,1318.75,1316.5,1317.5,0
2023-09-20T06:00:00Z,1317.5,1320.0,1316.75,1317.75,0
2023-09-20T07:00:00Z,1317.5,1318.5,1315.0,1316.0,0
2023-09-20T08:00:00Z,1316.25,1318.25,1313.25,1318.0,0
2023-09-20T09:00:00Z,1317.75,1319.0,1317.25,1318.25,0
2023-09-20T10:00:00Z,1318.25,1318.5,1315.75,1316.5,0
2023-09-20T11:00:00Z,1316.5,1317.5,1315.5,1315.75,0
2023-09-20T12:00:00Z,1315.75,1317.5,1315.25,1317.0,0
2023-09-20T13:00:00Z,1318.0,1318.5,1310.25,1314.25,0
2023-09-20T14:00:00Z,1314.25,1315.75,1310.5,1314.75,0
2023-09-20T15:00:00Z,1315.0,1320.25,1315.0,1319.5,0
2023-09-20T16:00:00Z,1319.5,1322.75,1319.5,1320.5,0
2023-09-20T17:00:00Z,1320.75,1322.75,1319.25,1321.5,0
2023-09-20T18:00:00Z,1321.25,1321.75,1319.0,1319.75,0
2023-09-21T00:00:00Z,1319.75,1322.0,1316.0,1316.75,0
2023-09-21T01:00:00Z,1316.5,1317.0,1313.25,1313.5,0
2023-09-21T02:00:00Z,1313.5,1314.25,1310.5,1311.25,0
2023-09-21T03:00:00Z,1311.0,1311.75,1310.0,1311.0,0
2023-09-21T04:00:00Z,1311.0,1311.25,1309.0,1309.0,0
2023-09-21T05:00:00Z,1309.25,1310.0,1306.25,1306.5,0
2023-09-21T06:00:00Z,1306.5,1308.0,1306.25,1307.25,0
2023-09-21T07:00:00Z,1307.0,1308.75,1304.25,1305.75,0
2023-09-21T08:00:00Z,1306.0,1307.5,1305.75,1306.75,0
2023-09-21T09:00:00Z,1306.75,1310.0,1306.5,1308.0,0
2023-09-21T10:00:00Z,1308.0,1308.25,1305.25,1305.5,0
2023-09-21T11:00:00Z,1305.5,1307.5,1304.5,1306.75,0
2023-09-21T12:00:00Z,1306.5,1307.25,1302.0,1303.0,0
2023-09-21T13:00:00Z,1302.5,1304.25,1298.0,1299.5,0
2023-09-21T14:00:00Z,1299.5,1304.75,1298.25,1299.0,0
2023-09-21T15:00:00Z,1299.0,1302.5,1295.75,1295.75,0
2023-09-21T16:00:00Z,1296.0,1297.75,1294.5,1295.75,0
2023-09-21T17:00:00Z,1295.5,1298.75,1294.25,1297.0,0
2023-09-21T18:00:00Z,1297.0,1297.25,1293.0,1293.75,0
2023-09-22T00:00:00Z,1294.0,1294.25,1292.5,1293.75,0
2023-09-22T01:00:00Z,1293.75,1295.75,1292.5,1295.5,0
2023-09-22T02:00:00Z,1295.5,1299.0,1294.75,1298.25,0
2023-09-22T03:00:00Z,1298.5,1299.0,1297.25,1298.25,0
2023-09-22T04:00:00Z,1298.5,1299.0,1298.0,1298.0,0
2023-09-22T05:00:00Z,1298.25,1298.75,1297.0,1297.25,0
2023-09-22T06:00:00Z,1297.25,1299.75,1297.0,1298.75,0
2023-09-22T07:00:00Z,1298.5,1299.75,1296.5,1299.0,0
2023-09-22T08:00:00Z,1299.0,1300.25,1297.25,1299.75,0
2023-09-22T09:00:00Z,1299.5,1299.75,1298.0,1298.5,0
2023-09-22T10:00:00Z,1298.5,1301.25,1298.0,1299.25,0
2023-09-22T11:00:00Z,1299.25,1301.75,1298.75,1301.5,0
2023-09-22T12:00:00Z,1301.5,1303.0,1300.25,1300.25,0
2023-09-22T13:00:00Z,1301.0,1301.5,1295.75,1299.25,0
2023-09-22T14:00:00Z,1299.5,1300.0,1293.75,1297.75,0
2023-09-22T15:00:00Z,1297.75,1301.5,1297.5,1298.25,0
2023-09-22T16:00:00Z,1298.25,1301.25,1295.5,1300.5,0
2023-09-22T17:00:00Z,1300.5,1302.0,1296.25,1297.5,0
2023-09-22T18:00:00Z,1297.5,1297.75,1295.0,1295.25,0
2023-09-25T00:00:00Z,1295.25,1297.25,1293.5,1293.75,0
2023-09-25T01:00:00Z,1293.75,1294.25,1290.0,1290.25,0
2023-09-25T02:00:00Z,1290.0,1295.25,1290.0,1294.25,0
2023-09-25T03:00:00Z,1294.5,1295.5,1292.5,1292.5,0
2023-09-25T04:00:00Z,1292.75,1293.5,1292.0,1292.5,0
2023-09-25T05:00:00Z,1292.25,1293.0,1290.25,1290.75,0
2023-09-25T06:00:00Z,1290.5,1292.25,1290.0,1290.5,0
2023-09-25T07:00:00Z,1290.5,1293.25,1290.25,1292.0,0
2023-09-25T08:00:00Z,1291.75,1291.75,1290.0,1291.25,0
2023-09-25T09:00:00Z,1291.25,1292.5,1291.0,1292.5,0
2023-09-25T10:00:00Z,1292.5,1294.0,1291.75,1293.75,0
2023-09-25T11:00:00Z,1293.75,1296.0,1293.5,1295.75,0
2023-09-25T12:00:00Z,1295.75,1296.5,1293.75,1294.25,0
2023-09-25T13:00:00Z,1294.75,1295.75,1284.5,1289.5,0
2023-09-25T14:00:00Z,1289.5,1290.25,1285.0,1289.5,0
2023-09-25T15:00:00Z,1289.5,1293.75,1288.0,1290.75,0
2023-09-25T16:00:00Z,1290.75,1293.0,1288.75,1292.25,0
2023-09-25T17:00:00Z,1292.5,1297.75,1291.25,1297.5,0
2023-09-25T18:00:00Z,1297.5,1300.0,1296.0,1299.25,0
2023-09-26T00:00:00Z,1299.25,1306.5,1299.0,1302.5,0
2023-09-26T01:00:00Z,1302.5,1307.75,1301.5,1306.0,0
2023-09-26T02:00:00Z,1306.25,1307.0,1305.25,1306.25,0
2023-09-26T03:00:00Z,1306.25,1306.75,1304.5,1304.75,0
2023-09-26T04:00:00Z,1305.0,1305.5,1304.5,1305.5,0
2023-09-26T05:00:00Z,1305.5,1306.5,1301.25,1302.25,0
2023-09-26T06:00:00Z,1302.5,1302.75,1298.75,1299.75,0
2023-09-26T07:00:00Z,1299.75,1303.0,1299.25,1303.0,0
2023-09-26T08:00:00Z,1303.0,1305.75,1302.75,1305.0,0
2023-09-26T09:00:00Z,1304.75,1305.75,1303.5,1304.25,0
2023-09-26T10:00:00Z,1304.25,1305.5,1302.0,1303.75,0
2023-09-26T11:00:00Z,1303.5,1305.25,1301.75,1302.0,0
2023-09-26T12:00:00Z,1301.75,1302.25,1298.5,1300.5,0
2023-09-26T13:00:00Z,1300.25,1300.5,1293.0,1293.5,0
2023-09-26T14:00:00Z,1293.75,1294.25,1289.0,1293.0,0
2023-09-26T15:00:00Z,1292.75,1298.25,1292.0,1296.25,0
2023-09-26T16:00:00Z,1296.25,1297.0,1291.25,1292.75,0
2023-09-26T17:00:00Z,1292.75,1302.75,1292.75,1302.5,0
2023-09-26T18:00:00Z,1302.5,1304.25,1300.5,1304.0,0
2023-09-27T00:00:00Z,1302.75,1304.0,1298.5,1299.25,0
2023-09-27T01:00:00Z,1299.25,1304.5,1297.5,1304.5,0
2023-09-27T02:00:00Z,1304.5,1305.0,1302.5,1304.25,0
2023-09-27T03:00:00Z,1304.25,1304.5,1303.0,1303.25,0
2023-09-27T04:00:00Z,1303.5,1304.0,1302.75,1304.0,0
2023-09-27T05:00:00Z,1304.0,1306.25,1302.75,1306.25,0
2023-09-27T06:00:00Z,1306.25,1310.75,1305.0,1309.75,0
2023-09-27T07:00:00Z,1310.0,1311.75,1307.75,1310.5,0
2023-09-27T08:00:00Z,1310.25,1313.25,1310.25,1312.5,0
2023-09-27T09:00:00Z,1312.0,1312.25,1309.25,1309.5,0
2023-09-27T10:00:00Z,1309.75,1311.25,1309.5,1310.0,0
2023-09-27T11:00:00Z,1310.25,1310.75,1308.0,1308.0,0
2023-09-27T12:00:00Z,1308.25,1309.5,1306.0,1306.75,0
2023-09-27T13:00:00Z,1306.75,1311.5,1306.0,1308.5,0
2023-09-27T14:00:00Z,1308.5,1317.0,1308.5,1311.75,0
2023-09-27T15:00:00Z,1312.0,1314.0,1304.5,1304.5,0
2023-09-27T16:00:00Z,1304.5,1305.5,1301.5,1301.75,0
2023-09-27T17:00:00Z,1302.0,1304.5,1300.25,1303.5,0
2023-09-27T18:00:00Z,1303.5,1304.5,1302.25,1303.25,0
2023-09-28T00:00:00Z,1303.0,1304.0,1301.5,1303.5,0
2023-09-28T01:00:00Z,1303.5,1307.0,1302.5,1304.0,0
2023-09-28T02:00:00Z,1303.5,1304.0,1302.0,1303.25,0
2023-09-28T03:00:00Z,1303.0,1304.75,1302.25,1304.75,0
2023-09-28T04:00:00Z,1304.5,1305.25,1304.0,1305.0,0
2023-09-28T05:00:00Z,1305.25,1305.5,1303.5,1303.75,0
2023-09-28T06:00:00Z,1304.0,1304.25,1302.0,1302.75,0
2023-09-28T07:00:00Z,1302.75,1303.0,1300.25,1300.25,0
2023-09-28T08:00:00Z,1300.25,1300.25,1296.75,1298.5,0
2023-09-28T09:00:00Z,1298.5,1298.5,1296.5,1297.75,0
2023-09-28T10:00:00Z,1297.75,1297.75,1294.25,1294.75,0
2023-09-28T11:00:00Z,1294.75,1295.5,1292.0,1293.5,0
2023-09-28T12:00:00Z,1293.5,1295.5,1292.0,1294.25,0
2023-09-28T13:00:00Z,1295.0,1296.0,1287.0,1292.0,0
2023-09-28T14:00:00Z,1292.25,1294.75,1289.75,1293.5,0
2023-09-28T15:00:00Z,1293.5,1299.5,1293.25,1296.75,0
2023-09-28T16:00:00Z,1296.75,1303.25,1296.5,1301.25,0
2023-09-28T17:00:00Z,1301.25,1302.0,1297.5,1299.0,0
2023-09-28T18:00:00Z,1299.0,1302.5,1298.5,1301.75,0
2023-09-29T00:00:00Z,1300.5,1302.75,1300.25,1302.5,0
2023-09-29T01:00:00Z,1302.5,1302.75,1302.0,1302.75,0
2023-09-29T02:00:00Z,1302.75,1303.5,1302.5,1302.5,0
2023-09-29T03:00:00Z,1302.5,1303.5,1302.25,1303.25,0
2023-09-29T04:00:00Z,1303.0,1304.0,1303.0,1303.75,0
2023-09-29T05:00:00Z,1303.5,1304.0,1302.25,1302.75,0
2023-09-29T06:00:00Z,1302.75,1305.0,1302.75,1303.25,0
2023-09-29T07:00:00Z,1303.25,1305.5,1302.25,1303.75,0
2023-09-29T08:00:00Z,1304.25,1305.0,1302.5,1303.75,0
2023-09-29T09:00:00Z,1303.75,1304.75,1302.75,1303.75,0
2023-09-29T10:00:00Z,1303.5,1304.0,1302.25,1303.0,0
2023-09-29T11:00:00Z,1302.75,1303.0,1300.0,1300.25,0
2023-09-29T12:00:00Z,1300.25,1302.25,1299.25,1300.0,0
2023-09-29T13:00:00Z,1300.25,1302.5,1296.25,1302.0,0
2023-09-29T14:00:00Z,1301.75,1303.25,1294.0,1294.5,0
2023-09-29T15:00:00Z,1294.5,1295.75,1292.0,1295.25,0
2023-09-29T16:00:00Z,1295.5,1295.75,1272.5,1276.75,0
2023-09-29T17:00:00Z,1276.75,1282.5,1275.5,1276.0,0
2023-09-29T18:00:00Z,1276.25,1276.5,1274.25,1275.0,0
2023-10-02T00:00:00Z,1272.5,1274.5,1268.5,1270.75,0
2023-10-02T01:00:00Z,1270.75,1270.75,1266.5,1268.5,0
2023-10-02T02:00:00Z,1268.25,1268.5,1266.25,1267.0,0
2023-10-02T03:00:00Z,1266.75,1268.5,1266.75,1267.75,0
2023-10-02T04:00:00Z,1267.5,1269.0,1267.25,1267.75,0
2023-10-02T05:00:00Z,1267.75,1269.5,1267.5,1268.5,0
2023-10-02T06:00:00Z,1268.5,1270.75,1267.5,1270.25,0
2023-10-02T07:00:00Z,1270.25,1271.25,1267.75,1269.75,0
2023-10-02T08:00:00Z,1269.5,1270.5,1267.75,1268.75,0
2023-10-02T09:00:00Z,1268.75,1269.25,1266.5,1266.75,0
2023-10-02T10:00:00Z,1266.75,1269.0,1265.75,1268.0,0
2023-10-02T11:00:00Z,1268.0,1271.5,1268.0,1268.25,0
2023-10-02T12:00:00Z,1268.25,1270.75,1267.5,1270.0,0
2023-10-02T13:00:00Z,1270.75,1276.25,1266.75,1271.5,0
2023-10-02T14:00:00Z,1271.25,1276.75,1270.75,1274.75,0
2023-10-02T15:00:00Z,1274.75,1277.5,1270.5,1276.0,0
2023-10-02T16:00:00Z,1276.25,1276.5,1270.0,1274.25,0
2023-10-02T17:00:00Z,1274.25,1279.5,1274.25,1275.25,0
2023-10-02T18:00:00Z,1275.25,1277.75,1275.0,1276.5,0
2023-10-03T00:00:00Z,1276.5,1278.75,1271.25,1271.5,0
2023-10-03T01:00:00Z,1271.75,1271.75,1269.5,1269.5,0
2023-10-03T02:00:00Z,1269.25,1271.0,1268.75,1270.25,0
2023-10-03T03:00:00Z,1270.0,1271.0,1269.5,1270.5,0
2023-10-03T04:00:00Z,1270.5,1270.75,1269.25,1269.25,0
2023-10-03T05:00:00Z,1269.25,1269.75,1268.75,1269.25,0
2023-10-03T06:00:00Z,1269.5,1270.25,1268.0,1269.75,0
2023-10-03T07:00:00Z,1270.0,1274.25,1269.0,1272.75,0
2023-10-03T08:00:00Z,1272.5,1274.75,1271.0,1271.5,0
2023-10-03T09:00:00Z,1271.75,1272.5,1269.5,1270.25,0
2023-10-03T10:00:00Z,1270.25,1271.0,1266.5,1266.75,0
2023-10-03T11:00:00Z,1266.75,1267.25,1263.25,1266.5,0
2023-10-03T12:00:00Z,1266.5,1267.75,1265.0,1267.5,0
2023-10-03T13:00:00Z,1268.75,1269.75,1263.5,1267.75,0
2023-10-03T14:00:00Z,1267.75,1267.75,1257.25,1257.75,0
2023-10-03T15:00:00Z,1257.75,1264.25,1256.75,1263.25,0
2023-10-03T16:00:00Z,1263.0,1273.75,1262.0,1273.25,0
2023-10-03T17:00:00Z,1273.25,1273.25,1268.5,1270.75,0
2023-10-03T18:00:00Z,1270.75,1274.75,1270.25,1274.5,0
2023-10-04T00:00:00Z,1272.0,1280.0,1271.0,1279.25,0
2023-10-04T01:00:00Z,1279.5,1281.0,1279.0,1279.75,0
2023-10-04T02:00:00Z,1279.75,1280.75,1279.0,1280.25,0
2023-10-04T03:00:00Z,1280.25,1280.5,1280.0,1280.25,0
2023-10-04T04:00:00Z,1280.0,1282.25,1279.75,1281.75,0
2023-10-04T05:00:00Z,1281.75,1282.25,1280.5,1281.5,0
2023-10-04T06:00:00Z,1281.5,1283.0,1280.25,1281.25,0
2023-10-04T07:00:00Z,1281.25,1283.0,1279.5,1282.5,0
2023-10-04T08:00:00Z,1282.5,1285.0,1281.25,1284.5,0
2023-10-04T09:00:00Z,1284.0,1284.5,1281.75,1282.25,0
2023-10-04T10:00:00Z,1281.75,1282.0,1279.5,1280.25,0
2023-10-04T11:00:00Z,1280.25,1281.0,1279.0,1279.5,0
2023-10-04T12:00:00Z,1279.5,1280.75,1274.0,1274.5,0
2023-10-04T13:00:00Z,1274.0,1274.5,1268.75,1270.0,0
2023-10-04T14:00:00Z,1269.75,1274.5,1269.0,1273.0,0
2023-10-04T15:00:00Z,1273.25,1279.5,1273.0,1277.0,0
2023-10-04T16:00:00Z,1277.25,1278.0,1273.25,1274.75,0
2023-10-04T17:00:00Z,1274.5,1275.5,1272.0,1273.75,0
2023-10-04T18:00:00Z,1274.0,1274.0,1271.0,1272.5,0
2023-10-05T00:00:00Z,1271.75,1272.0,1269.5,1271.5,0
2023-10-05T01:00:00Z,1271.75,1272.25,1271.0,1271.75,0
2023-10-05T02:00:00Z,1271.5,1272.0,1271.25,1271.5,0
2023-10-05T03:00:00Z,1271.25,1272.25,1271.0,1272.25,0
2023-10-05T04:00:00Z,1272.25,1272.5,1271.5,1272.0,0
2023-10-05T05:00:00Z,1272.0,1272.0,1271.0,1271.25,0
2023-10-05T06:00:00Z,1271.25,1271.25,1269.0,1269.0,0
2023-10-05T07:00:00Z,1269.0,1269.0,1266.0,1267.0,0
2023-10-05T08:00:00Z,1267.0,1268.25,1264.0,1264.5,0
2023-10-05T09:00:00Z,1264.5,1265.75,1263.5,1264.0,0
2023-10-05T10:00:00Z,1264.0,1265.25,1263.5,1263.5,0
2023-10-05T11:00:00Z,1263.75,1265.0,1262.0,1263.25,0
2023-10-05T12:00:00Z,1263.25,1267.0,1263.0,1265.75,0
2023-10-05T13:00:00Z,1266.25,1271.0,1262.25,1269.0,0
2023-10-05T14:00:00Z,1269.0,1270.25,1265.25,1265.5,0
2023-10-05T15:00:00Z,1265.75,1275.5,1264.0,1274.5,0
2023-10-05T16:00:00Z,1274.5,1282.0,1274.25,1281.75,0
2023-10-05T17:00:00Z,1282.0,1283.75,1278.75,1280.5,0
2023-10-05T18:00:00Z,1280.25,1282.5,1279.25,1279.5,0
2023-10-06T00:00:00Z,1279.5,1285.0,1278.75,1283.75,0
2023-10-06T01:00:00Z,1283.5,1285.0,1280.75,1280.75,0
2023-10-06T02:00:00Z,1281.0,1283.0,1280.75,1283.0,0
2023-10-06T03:00:00Z,1282.75,1283.25,1282.25,1282.5,0
2023-10-06T04:00:00Z,1282.5,1283.0,1281.75,1282.5,0
2023-10-06T05:00:00Z,1282.5,1283.0,1280.5,1280.5,0
2023-10-06T06:00:00Z,1280.75,1281.0,1279.5,1280.5,0
2023-10-06T07:00:00Z,1280.5,1286.5,1279.5,1285.5,0
2023-10-06T08:00:00Z,1285.25,1285.25,1283.25,1284.25,0
2023-10-06T09:00:00Z,1284.0,1285.0,1282.75,1283.0,0
2023-10-06T10:00:00Z,1283.0,1286.5,1283.0,1286.25,0
2023-10-06T11:00:00Z,1286.25,1287.25,1284.25,1286.25,0
2023-10-06T12:00:00Z,1286.25,1286.5,1280.75,1282.25,0
2023-10-06T13:00:00Z,1282.0,1283.5,1271.0,1271.25,0
2023-10-06T14:00:00Z,1271.25,1273.75,1268.25,1269.25,0
2023-10-06T15:00:00Z,1269.5,1275.5,1268.75,1270.5,0
2023-10-06T16:00:00Z,1270.25,1270.5,1267.5,1268.0,0
2023-10-06T17:00:00Z,1267.75,1269.0,1266.0,1266.5,0
2023-10-06T18:00:00Z,1266.5,1268.0,1263.5,1263.75,0
2023-10-09T00:00:00Z,1267.0,1275.0,1266.25,1274.25,0
2023-10-09T01:00:00Z,1274.5,1277.5,1269.75,1276.0,0
2023-10-09T02:00:00Z,1276.0,1276.0,1274.0,1274.5,0
2023-10-09T03:00:00Z,1274.75,1274.75,1271.5,1271.75,0
2023-10-09T04:00:00Z,1272.0,1273.25,1272.0,1272.5,0
2023-10-09T05:00:00Z,1272.75,1274.75,1271.5,1274.75,0
2023-10-09T06:00:00Z,1274.5,1276.0,1271.5,1271.5,0
2023-10-09T07:00:00Z,1271.75,1272.5,1270.5,1272.0,0
2023-10-09T08:00:00Z,1271.75,1274.0,1270.0,1274.0,0
2023-10-09T09:00:00Z,1274.0,1275.0,1273.0,1274.25,0
2023-10-09T10:00:00Z,1274.5,1275.75,1273.75,1274.75,0
2023-10-09T11:00:00Z,1274.5,1275.0,1271.5,1271.75,0
2023-10-09T12:00:00Z,1271.75,1272.5,1270.5,1270.75,0
2023-10-09T13:00:00Z,1270.0,1271.25,1260.75,1260.75,0
2023-10-09T14:00:00Z,1260.75,1265.75,1258.25,1265.0,0
2023-10-09T15:00:00Z,1265.0,1268.0,1260.5,1263.25,0
2023-10-09T16:00:00Z,1263.25,1264.25,1260.0,1262.75,0
2023-10-09T17:00:00Z,1262.75,1269.75,1260.25,1267.75,0
2023-10-09T18:00:00Z,1267.75,1268.0,1263.5,1263.75,0
2023-10-10T00:00:00Z,1263.0,1263.25,1260.25,1262.25,0
2023-10-10T01:00:00Z,1262.5,1262.5,1257.0,1258.25,0
2023-10-10T02:00:00Z,1258.5,1259.0,1256.0,1258.0,0
2023-10-10T03:00:00Z,1258.0,1259.5,1257.5,1258.0,0
2023-10-10T04:00:00Z,1258.25,1258.25,1256.5,1257.5,0
2023-10-10T05:00:00Z,1257.75,1258.0,1256.25,1256.5,0
2023-10-10T06:00:00Z,1256.5,1256.75,1254.25,1255.0,0
2023-10-10T07:00:00Z,1255.0,1258.25,1255.0,1258.25,0
2023-10-10T08:00:00Z,1257.75,1262.0,1257.75,1261.25,0
2023-10-10T09:00:00Z,1261.0,1261.0,1257.75,1258.5,0
2023-10-10T10:00:00Z,1258.5,1259.0,1255.5,1255.75,0
2023-10-10T11:00:00Z,1255.75,1260.75,1255.5,1259.5,0
2023-10-10T12:00:00Z,1259.75,1263.0,1259.75,1261.75,0
2023-10-10T13:00:00Z,1261.0,1268.0,1257.75,1266.0,0
2023-10-10T14:00:00Z,1266.25,1273.25,1265.25,1267.5,0
2023-10-10T15:00:00Z,1267.75,1270.75,1266.75,1268.5,0
2023-10-10T16:00:00Z,1268.5,1269.5,1266.0,1269.25,0
2023-10-10T17:00:00Z,1269.25,1271.25,1267.25,1270.5,0
2023-10-10T18:00:00Z,1270.5,1272.75,1270.0,1272.75,0
2023-10-11T00:00:00Z,1271.5,1274.25,1270.25,1273.5,0
2023-10-11T01:00:00Z,1273.25,1274.0,1272.25,1272.5,0
2023-10-11T02:00:00Z,1272.5,1273.25,1270.25,1271.0,0
2023-10-11T03:00:00Z,1271.25,1272.25,1270.75,1271.25,0
2023-10-11T04:00:00Z,1271.25,1272.25,1271.0,1272.25,0
2023-10-11T05:00:00Z,1272.25,1272.5,1269.5,1271.0,0
2023-10-11T06:00:00Z,1270.75,1272.5,1268.75,1272.0,0
2023-10-11T07:00:00Z,1271.75,1272.5,1271.0,1271.5,0
2023-10-11T08:00:00Z,1271.5,1271.5,1268.0,1269.25,0
2023-10-11T09:00:00Z,1269.25,1271.25,1269.0,1271.0,0
2023-10-11T10:00:00Z,1271.0,1272.75,1270.0,1270.25,0
2023-10-11T11:00:00Z,1270.5,1273.0,1266.75,1268.0,0
2023-10-11T12:00:00Z,1268.25,1268.25,1264.75,1265.75,0
2023-10-11T13:00:00Z,1267.0,1269.75,1262.25,1262.75,0
2023-10-11T14:00:00Z,1262.75,1265.0,1256.0,1257.0,0
2023-10-11T15:00:00Z,1257.0,1258.25,1256.0,1257.25,0
2023-10-11T16:00:00Z,1257.5,1259.5,1251.0,1258.25,0
2023-10-11T17:00:00Z,1258.0,1259.5,1254.0,1254.25,0
2023-10-11T18:00:00Z,1254.25,1254.75,1252.0,1253.0,0
2023-10-12T00:00:00Z,1252.5,1255.0,1250.5,1253.25,0
2023-10-12T01:00:00Z,1253.25,1255.0,1252.75,1253.75,0
2023-10-12T02:00:00Z,1253.75,1255.25,1252.0,1255.25,0
2023-10-12T03:00:00Z,1255.25,1256.0,1254.25,1255.0,0
2023-10-12T04:00:00Z,1255.0,1256.75,1254.25,1256.25,0
2023-10-12T05:00:00Z,1256.25,1257.5,1256.0,1257.0,0
2023-10-12T06:00:00Z,1257.0,1261.0,1257.0,1260.75,0
2023-10-12T07:00:00Z,1260.5,1261.0,1258.75,1260.0,0
2023-10-12T08:00:00Z,1259.75,1259.75,1258.0,1258.5,0
2023-10-12T09:00:00Z,1258.5,1259.5,1257.5,1257.75,0
2023-10-12T10:00:00Z,1257.5,1257.75,1256.0,1256.25,0
2023-10-12T11:00:00Z,1256.5,1261.5,1255.75,1261.25,0
2023-10-12T12:00:00Z,1261.5,1262.5,1258.0,1259.0,0
2023-10-12T13:00:00Z,1258.0,1261.25,1253.75,1254.25,0
2023-10-12T14:00:00Z,1254.5,1258.75,1253.25,1254.0,0
2023-10-12T15:00:00Z,1254.0,1257.0,1253.0,1255.75,0
2023-10-12T16:00:00Z,1255.75,1299.75,1255.75,1299.5,0
2023-10-12T17:00:00Z,1299.5,1299.75,1289.75,1291.75,0
2023-10-12T18:00:00Z,1292.0,1292.25,1287.5,1288.0,0
2023-10-13T00:00:00Z,1286.75,1291.5,1285.5,1286.25,0
2023-10-13T01:00:00Z,1286.25,1289.25,1284.25,1288.5,0
2023-10-13T02:00:00Z,1288.75,1290.75,1288.0,1290.25,0
2023-10-13T03:00:00Z,1290.5,1290.5,1288.5,1289.75,0
2023-10-13T04:00:00Z,1289.75,1291.0,1289.75,1289.75,0
2023-10-13T05:00:00Z,1289.75,1290.5,1288.75,1289.5,0
2023-10-13T06:00:00Z,1289.75,1290.0,1287.75,1288.25,0
2023-10-13T07:00:00Z,1288.25,1291.75,1287.25,1290.0,0
2023-10-13T08:00:00Z,1290.0,1296.25,1290.0,1291.5,0
2023-10-13T09:00:00Z,1291.25,1295.5,1290.75,1295.5,0
2023-10-13T10:00:00Z,1295.25,1296.0,1294.25,1295.75,0
2023-10-13T11:00:00Z,1295.75,1296.75,1294.5,1296.25,0
2023-10-13T12:00:00Z,1296.25,1298.5,1293.0,1296.5,0
2023-10-13T13:00:00Z,1294.25,1296.25,1288.0,1288.5,0
2023-10-13T14:00:00Z,1288.25,1288.25,1273.5,1275.5,0
2023-10-13T15:00:00Z,1275.5,1279.75,1275.5,1278.25,0
2023-10-13T16:00:00Z,1278.5,1281.25,1277.25,1280.5,0
2023-10-13T17:00:00Z,1280.25,1281.75,1277.75,1278.75,0
2023-10-13T18:00:00Z,1278.75,1282.0,1278.75,1282.0,0
2023-10-16T00:00:00Z,1280.0,1289.0,1279.75,1285.25,0
2023-10-16T01:00:00Z,1285.25,1287.75,1282.5,1283.5,0
2023-10-16T02:00:00Z,1283.25,1286.25,1283.25,1286.0,0
2023-10-16T03:00:00Z,1286.25,1286.5,1284.25,1285.25,0
2023-10-16T04:00:00Z,1285.25,1286.0,1284.5,1285.5,0
2023-10-16T05:00:00Z,1285.5,1287.0,1284.75,1285.0,0
2023-10-16T06:00:00Z,1285.0,1287.75,1285.0,1286.25,0
2023-10-16T07:00:00Z,1286.25,1286.25,1281.25,1282.0,0
2023-10-16T08:00:00Z,1282.0,1283.25,1280.75,1281.75,0
2023-10-16T09:00:00Z,1282.0,1284.0,1282.0,1283.25,0
2023-10-16T10:00:00Z,1283.0,1284.0,1281.25,1281.25,0
2023-10-16T11:00:00Z,1281.25,1283.75,1281.0,1283.25,0
2023-10-16T12:00:00Z,1283.25,1284.25,1280.25,1280.75,0
2023-10-16T13:00:00Z,1280.5,1286.75,1280.25,1284.5,0
2023-10-16T14:00:00Z,1284.75,1286.0,1280.25,1282.5,0
2023-10-16T15:00:00Z,1282.5,1284.5,1279.5,1283.75,0
2023-10-16T16:00:00Z,1283.75,1287.75,1283.5,1285.5,0
2023-10-16T17:00:00Z,1285.5,1287.25,1283.5,1287.25,0
2023-10-16T18:00:00Z,1287.0,1287.5,1285.75,1287.0,0
2023-10-17T00:00:00Z,1286.0,1290.0,1285.5,1289.5,0
2023-10-17T01:00:00Z,1289.25,1289.25,1286.5,1288.25,0
2023-10-17T02:00:00Z,1288.5,1288.5,1286.75,1286.75,0
2023-10-17T03:00:00Z,1286.75,1288.75,1286.75,1288.0,0
2023-10-17T04:00:00Z,1288.0,1288.5,1287.25,1288.25,0
2023-10-17T05:00:00Z,1288.0,1288.75,1287.25,1288.25,0
2023-10-17T06:00:00Z,1288.5,1290.0,1287.75,1289.0,0
2023-10-17T07:00:00Z,1288.75,1290.5,1288.0,1288.25,0
2023-10-17T08:00:00Z,1288.25,1289.5,1286.25,1286.75,0
2023-10-17T09:00:00Z,1286.25,1290.5,1286.25,1290.25,0
2023-10-17T10:00:00Z,1290.25,1290.5,1289.25,1290.25,0
2023-10-17T11:00:00Z,1290.5,1291.25,1289.5,1290.5,0
2023-10-17T12:00:00Z,1290.75,1294.25,1290.5,1292.5,0
2023-10-17T13:00:00Z,1291.5,1297.0,1290.5,1295.5,0
2023-10-17T14:00:00Z,1295.25,1298.5,1294.25,1295.0,0
2023-10-17T15:00:00Z,1295.25,1299.0,1294.75,1297.75,0
2023-10-17T16:00:00Z,1297.5,1303.5,1297.5,1300.5,0
2023-10-17T17:00:00Z,1300.75,1301.0,1296.75,1297.0,0
2023-10-17T18:00:00Z,1297.25,1298.0,1296.0,1297.75,0
2023-10-18T00:00:00Z,1316.25,1325.75,1316.25,1325.0,0
2023-10-18T01:00:00Z,1324.5,1327.75,1323.75,1327.25,0
2023-10-18T02:00:00Z,1327.75,1328.75,1326.0,1327.0,0
2023-10-18T03:00:00Z,1327.0,1328.25,1326.75,1327.75,0
2023-10-18T04:00:00Z,1327.75,1328.75,1327.75,1328.0,0
2023-10-18T05:00:00Z,1328.0,1329.0,1327.0,1328.0,0
2023-10-18T06:00:00Z,1327.75,1328.0,1321.75,1322.0,0
2023-10-18T07:00:00Z,1322.25,1324.25,1322.0,1323.0,0
2023-10-18T08:00:00Z,1322.75,1324.25,1322.5,1323.0,0
2023-10-18T09:00:00Z,1322.75,1324.25,1321.75,1323.0,0
2023-10-18T10:00:00Z,1322.75,1325.25,1322.5,1322.5,0
2023-10-18T11:00:00Z,1322.5,1326.75,1322.25,1326.25,0
2023-10-18T12:00:00Z,1326.0,1326.25,1324.25,1325.5,0
2023-10-18T13:00:00Z,1323.0,1324.25,1318.0,1318.75,0
2023-10-18T14:00:00Z,1318.75,1322.25,1312.5,1313.5,0
2023-10-18T15:00:00Z,1313.5,1316.25,1312.25,1314.25,0
2023-10-18T16:00:00Z,1314.25,1321.75,1314.0,1321.75,0
2023-10-18T17:00:00Z,1321.75,1329.5,1320.75,1329.5,0
2023-10-18T18:00:00Z,1329.5,1331.0,1328.0,1331.0,0
2023-10-19T00:00:00Z,1328.75,1331.75,1326.0,1327.5,0
2023-10-19T01:00:00Z,1327.5,1329.0,1326.5,1327.25,0
2023-10-19T02:00:00Z,1327.25,1329.75,1326.75,1329.25,0
2023-10-19T03:00:00Z,1328.25,1328.25,1326.75,1327.25,0
2023-10-19T04:00:00Z,1327.0,1328.0,1327.0,1327.75,0
2023-10-19T05:00:00Z,1327.5,1328.25,1326.5,1328.25,0
2023-10-19T06:00:00Z,1328.0,1328.25,1326.0,1327.0,0
2023-10-19T07:00:00Z,1327.25,1329.25,1325.75,1326.25,0
2023-10-19T08:00:00Z,1325.75,1329.25,1325.75,1327.75,0
2023-10-19T09:00:00Z,1327.75,1330.75,1327.0,1329.5,0
2023-10-19T10:00:00Z,1330.0,1332.5,1329.25,1332.0,0
2023-10-19T11:00:00Z,1332.0,1333.0,1330.5,1332.25,0
2023-10-19T12:00:00Z,1332.25,1332.75,1327.5,1328.75,0
2023-10-19T13:00:00Z,1328.0,1331.0,1324.0,1325.25,0
2023-10-19T14:00:00Z,1325.25,1326.25,1317.5,1323.0,0
2023-10-19T15:00:00Z,1323.0,1327.0,1322.0,1326.0,0
2023-10-19T16:00:00Z,1326.25,1330.0,1323.5,1330.0,0
2023-10-19T17:00:00Z,1330.0,1333.25,1329.25,1330.5,0
2023-10-19T18:00:00Z,1330.5,1333.75,1330.5,1333.5,0
2023-10-20T00:00:00Z,1331.0,1334.0,1329.75,1332.5,0
2023-10-20T01:00:00Z,1332.0,1333.75,1331.0,1331.0,0
2023-10-20T02:00:00Z,1331.0,1331.75,1329.75,1330.25,0
2023-10-20T03:00:00Z,1330.0,1330.5,1329.25,1329.75,0
2023-10-20T04:00:00Z,1329.5,1330.0,1328.75,1329.25,0
2023-10-20T05:00:00Z,1329.5,1329.75,1328.5,1329.25,0
2023-10-20T06:00:00Z,1329.25,1329.5,1325.75,1325.75,0
2023-10-20T07:00:00Z,1325.5,1327.5,1321.5,1327.25,0
2023-10-20T08:00:00Z,1327.0,1330.0,1326.0,1327.5,0
2023-10-20T09:00:00Z,1327.25,1329.25,1325.75,1328.5,0
2023-10-20T10:00:00Z,1329.25,1329.5,1326.5,1329.5,0
2023-10-20T11:00:00Z,1329.5,1329.75,1325.5,1326.75,0
2023-10-20T12:00:00Z,1326.75,1328.0,1323.0,1327.25,0
2023-10-20T13:00:00Z,1326.75,1328.5,1319.75,1325.0,0
2023-10-20T14:00:00Z,1325.25,1329.75,1323.75,1327.75,0
2023-10-20T15:00:00Z,1327.75,1330.0,1324.75,1325.0,0
2023-10-20T16:00:00Z,1325.25,1325.5,1320.0,1321.75,0
2023-10-20T17:00:00Z,1321.75,1322.0,1319.5,1320.25,0
2023-10-20T18:00:00Z,1320.25,1322.25,1319.0,1319.75,0
2023-10-23T00:00:00Z,1320.0,1321.75,1317.5,1319.25,0
2023-10-23T01:00:00Z,1319.5,1320.5,1314.75,1315.0,0
2023-10-23T02:00:00Z,1315.0,1315.75,1313.5,1314.5,0
2023-10-23T03:00:00Z,1314.75,1316.25,1314.75,1315.75,0
2023-10-23T04:00:00Z,1315.75,1316.75,1315.0,1315.5,0
2023-10-23T05:00:00Z,1315.75,1316.25,1314.0,1314.25,0
2023-10-23T06:00:00Z,1314.25,1314.75,1312.5,1313.5,0
2023-10-23T07:00:00Z,1313.25,1313.5,1311.0,1311.5,0
2023-10-23T08:00:00Z,1311.25,1313.75,1311.0,1312.75,0
2023-10-23T09:00:00Z,1312.75,1313.5,1310.75,1311.25,0
2023-10-23T10:00:00Z,1311.0,1311.75,1309.75,1310.5,0
2023-10-23T11:00:00Z,1310.5,1313.25,1310.25,1311.75,0
2023-10-23T12:00:00Z,1312.0,1312.0,1307.5,1310.25,0
2023-10-23T13:00:00Z,1310.75,1311.75,1305.5,1307.75,0
2023-10-23T14:00:00Z,1307.75,1318.25,1307.0,1314.5,0
2023-10-23T15:00:00Z,1314.5,1318.75,1312.75,1315.25,0
2023-10-23T16:00:00Z,1315.5,1318.0,1312.0,1316.75,0
2023-10-23T17:00:00Z,1316.75,1317.0,1306.25,1307.25,0
2023-10-23T18:00:00Z,1307.25,1307.5,1305.0,1305.75,0
2023-10-24T00:00:00Z,1305.5,1307.25,1303.0,1306.75,0
2023-10-24T01:00:00Z,1307.25,1307.75,1300.75,1302.25,0
2023-10-24T02:00:00Z,1302.5,1304.5,1301.5,1303.25,0
2023-10-24T03:00:00Z,1303.5,1304.25,1300.25,1300.75,0
2023-10-24T04:00:00Z,1300.75,1302.75,1300.5,1302.25,0
2023-10-24T05:00:00Z,1302.5,1303.75,1299.25,1303.25,0
2023-10-24T06:00:00Z,1303.25,1307.0,1302.25,1306.25,0
2023-10-24T07:00:00Z,1306.25,1309.5,1303.75,1304.25,0
2023-10-24T08:00:00Z,1304.25,1305.5,1302.25,1304.25,0
2023-10-24T09:00:00Z,1304.0,1304.25,1301.75,1303.75,0
2023-10-24T10:00:00Z,1303.75,1304.25,1301.75,1302.5,0
2023-10-24T11:00:00Z,1302.75,1311.75,1301.75,1310.0,0
2023-10-24T12:00:00Z,1309.75,1311.0,1306.75,1308.0,0
2023-10-24T13:00:00Z,1308.0,1308.5,1303.25,1307.75,0
2023-10-24T14:00:00Z,1307.75,1311.25,1305.5,1309.25,0
2023-10-24T15:00:00Z,1309.5,1311.75,1307.75,1310.25,0
2023-10-24T16:00:00Z,1310.25,1314.0,1309.25,1314.0,0
2023-10-24T17:00:00Z,1314.0,1317.0,1312.5,1316.5,0
2023-10-24T18:00:00Z,1316.75,1317.0,1312.25,1313.0,0
2023-10-25T00:00:00Z,1312.75,1316.25,1310.75,1313.75,0
2023-10-25T01:00:00Z,1313.5,1317.5,1313.5,1315.0,0
2023-10-25T02:00:00Z,1315.25,1317.25,1314.25,1316.75,0
2023-10-25T03:00:00Z,1316.5,1316.5,1313.75,1314.0,0
2023-10-25T04:00:00Z,1314.0,1314.5,1313.5,1314.0,0
2023-10-25T05:00:00Z,1313.75,1315.0,1311.5,1312.0,0
2023-10-25T06:00:00Z,1312.0,1315.5,1310.5,1314.75,0
2023-10-25T07:00:00Z,1315.0,1316.75,1313.0,1316.75,0
2023-10-25T08:00:00Z,1316.5,1320.75,1315.5,1320.5,0
2023-10-25T09:00:00Z,1320.0,1320.0,1315.0,1315.75,0
2023-10-25T10:00:00Z,1315.75,1315.75,1313.0,1315.25,0
2023-10-25T11:00:00Z,1315.0,1315.75,1312.5,1313.25,0
2023-10-25T12:00:00Z,1313.25,1313.25,1309.5,1310.5,0
2023-10-25T13:00:00Z,1309.0,1310.25,1304.75,1305.25,0
2023-10-25T14:00:00Z,1305.25,1305.25,1297.5,1302.5,0
2023-10-25T15:00:00Z,1302.5,1310.0,1301.5,1309.0,0
2023-10-25T16:00:00Z,1308.75,1310.25,1306.0,1309.75,0
2023-10-25T17:00:00Z,1309.75,1311.25,1307.5,1310.25,0
2023-10-25T18:00:00Z,1310.25,1311.25,1307.25,1308.25,0
2023-10-26T00:00:00Z,1307.5,1307.75,1304.25,1304.75,0
2023-10-26T01:00:00Z,1305.0,1306.75,1304.25,1306.0,0
2023-10-26T02:00:00Z,1305.75,1308.25,1305.75,1306.75,0
2023-10-26T03:00:00Z,1307.0,1310.0,1307.0,1310.0,0
2023-10-26T04:00:00Z,1310.25,1310.25,1308.5,1308.75,0
2023-10-26T05:00:00Z,1309.0,1311.5,1308.5,1310.5,0
2023-10-26T06:00:00Z,1310.75,1312.5,1308.5,1311.25,0
2023-10-26T07:00:00Z,1311.25,1312.25,1309.5,1312.0,0
2023-10-26T08:00:00Z,1312.0,1312.25,1306.5,1311.25,0
2023-10-26T09:00:00Z,1311.25,1313.5,1309.75,1311.0,0
2023-10-26T10:00:00Z,1310.75,1310.75,1306.75,1307.5,0
2023-10-26T11:00:00Z,1307.5,1310.5,1307.25,1310.0,0
2023-10-26T12:00:00Z,1309.75,1314.0,1309.5,1313.25,0
2023-10-26T13:00:00Z,1313.0,1318.5,1311.75,1316.0,0
2023-10-26T14:00:00Z,1316.25,1316.25,1310.25,1313.25,0
2023-10-26T15:00:00Z,1313.25,1313.25,1298.0,1302.5,0
2023-10-26T16:00:00Z,1302.25,1305.75,1299.75,1304.25,0
2023-10-26T17:00:00Z,1304.25,1306.75,1300.5,1300.75,0
2023-10-26T18:00:00Z,1300.75,1300.75,1299.25,1299.5,0
2023-10-27T00:00:00Z,1300.0,1302.0,1298.5,1301.25,0
2023-10-27T01:00:00Z,1301.5,1303.75,1301.0,1302.0,0
2023-10-27T02:00:00Z,1302.0,1304.75,1300.5,1303.0,0
2023-10-27T03:00:00Z,1302.5,1303.25,1301.75,1303.0,0
2023-10-27T04:00:00Z,1303.0,1304.25,1302.75,1304.0,0
2023-10-27T05:00:00Z,1304.25,1306.0,1303.5,1306.0,0
2023-10-27T06:00:00Z,1306.0,1310.0,1305.5,1309.75,0
2023-10-27T07:00:00Z,1309.75,1310.75,1306.25,1310.0,0
2023-10-27T08:00:00Z,1309.5,1313.0,1308.25,1312.75,0
2023-10-27T09:00:00Z,1312.5,1313.25,1311.25,1312.0,0
2023-10-27T10:00:00Z,1312.0,1314.5,1311.5,1313.5,0
2023-10-27T11:00:00Z,1313.5,1314.0,1311.75,1313.25,0
2023-10-27T12:00:00Z,1313.25,1317.75,1312.75,1314.5,0
2023-10-27T13:00:00Z,1313.0,1321.0,1312.25,1317.75,0
2023-10-27T14:00:00Z,1317.5,1320.75,1314.5,1317.0,0
2023-10-27T15:00:00Z,1317.0,1325.25,1316.0,1324.25,0
2023-10-27T16:00:00Z,1324.5,1324.75,1318.75,1319.5,0
2023-10-27T17:00:00Z,1319.25,1320.5,1317.25,1318.0,0
2023-10-27T18:00:00Z,1318.0,1320.0,1317.25,1317.5,0
2023-10-30T00:00:00Z,1319.5,1324.25,1317.5,1323.5,0
2023-10-30T01:00:00Z,1323.5,1325.0,1322.5,1325.0,0
2023-10-30T02:00:00Z,1324.75,1330.25,1324.75,1330.0,0
2023-10-30T03:00:00Z,1330.0,1331.25,1328.5,1329.75,0
2023-10-30T04:00:00Z,1329.75,1330.25,1329.75,1330.25,0
2023-10-30T05:00:00Z,1330.0,1330.75,1329.0,1329.75,0
2023-10-30T06:00:00Z,1329.75,1330.5,1327.75,1328.25,0
2023-10-30T07:00:00Z,1328.25,1329.5,1327.5,1327.75,0
2023-10-30T08:00:00Z,1327.5,1330.25,1327.25,1328.5,0
2023-10-30T09:00:00Z,1328.0,1328.25,1325.0,1326.0,0
2023-10-30T10:00:00Z,1326.0,1326.25,1321.0,1322.75,0
2023-10-30T11:00:00Z,1322.75,1323.5,1320.75,1322.5,0
2023-10-30T12:00:00Z,1322.25,1323.25,1320.0,1320.25,0
2023-10-30T13:00:00Z,1320.0,1320.25,1313.75,1318.25,0
2023-10-30T14:00:00Z,1318.0,1319.0,1314.0,1315.0,0
2023-10-30T15:00:00Z,1315.25,1316.5,1310.5,1311.75,0
2023-10-30T16:00:00Z,1311.5,1312.0,1308.0,1308.5,0
2023-10-30T17:00:00Z,1308.75,1309.25,1305.5,1308.5,0
2023-10-30T18:00:00Z,1308.5,1308.75,1306.5,1308.25,0
2023-10-31T00:00:00Z,1307.25,1308.25,1304.5,1305.75,0
2023-10-31T01:00:00Z,1305.75,1307.75,1303.0,1305.0,0
2023-10-31T02:00:00Z,1305.0,1305.5,1302.5,1303.0,0
2023-10-31T03:00:00Z,1303.0,1303.0,1301.75,1301.75,0
2023-10-31T04:00:00Z,1302.0,1302.25,1300.5,1301.25,0
2023-10-31T05:00:00Z,1301.25,1301.75,1300.25,1300.5,0
2023-10-31T06:00:00Z,1300.75,1303.25,1300.0,1301.75,0
2023-10-31T07:00:00Z,1301.75,1302.0,1300.5,1301.25,0
2023-10-31T08:00:00Z,1301.25,1304.25,1300.75,1303.75,0
2023-10-31T09:00:00Z,1304.0,1306.75,1303.75,1305.0,0
2023-10-31T10:00:00Z,1305.0,1306.25,1303.75,1305.5,0
2023-10-31T11:00:00Z,1305.25,1308.0,1304.25,1306.5,0
2023-10-31T12:00:00Z,1306.75,1308.75,1304.75,1307.5,0
2023-10-31T13:00:00Z,1307.75,1313.75,1306.0,1307.75,0
2023-10-31T14:00:00Z,1308.0,1319.0,1307.0,1318.5,0
2023-10-31T15:00:00Z,1318.75,1321.5,1316.5,1317.25,0
2023-10-31T16:00:00Z,1317.25,1318.5,1312.25,1312.75,0
2023-10-31T17:00:00Z,1313.0,1315.5,1310.0,1312.5,0
2023-10-31T18:00:00Z,1312.75,1313.0,1310.0,1311.5,0
2023-11-01T00:00:00Z,1311.0,1314.5,1309.5,1309.75,0
2023-11-01T01:00:00Z,1309.75,1311.0,1306.25,1306.25,0
2023-11-01T02:00:00Z,1306.25,1308.5,1304.75,1307.75,0
2023-11-01T03:00:00Z,1307.75,1309.0,1307.25,1307.25,0
2023-11-01T04:00:00Z,1307.25,1308.0,1306.75,1307.25,0
2023-11-01T05:00:00Z,1307.0,1307.75,1306.25,1306.25,0
2023-11-01T06:00:00Z,1306.25,1311.5,1306.25,1310.75,0
2023-11-01T07:00:00Z,1311.0,1312.0,1308.5,1309.0,0
2023-11-01T08:00:00Z,1309.25,1310.75,1307.0,1308.75,0
2023-11-01T09:00:00Z,1308.75,1310.0,1307.25,1308.75,0
2023-11-01T10:00:00Z,1308.75,1309.75,1307.75,1309.0,0
2023-11-01T11:00:00Z,1309.25,1309.25,1307.0,1307.5,0
2023-11-01T12:00:00Z,1307.5,1311.75,1307.5,1311.0,0
2023-11-01T13:00:00Z,1311.0,1313.25,1306.0,1312.5,0
2023-11-01T14:00:00Z,1312.75,1319.25,1312.75,1319.0,0
2023-11-01T15:00:00Z,1319.25,1319.25,1314.75,1317.0,0
2023-11-01T16:00:00Z,1316.75,1318.0,1313.5,1314.75,0
2023-11-01T17:00:00Z,1315.0,1316.5,1312.75,1315.25,0
2023-11-01T18:00:00Z,1315.25,1317.75,1314.5,1317.0,0
2023-11-02T00:00:00Z,1315.25,1320.0,1315.0,1317.25,0
2023-11-02T01:00:00Z,1317.25,1319.5,1317.0,1319.0,0
2023-11-02T02:00:00Z,1318.75,1319.75,1318.0,1319.75,0
2023-11-02T03:00:00Z,1319.75,1320.0,1318.75,1319.0,0
2023-11-02T04:00:00Z,1319.0,1320.0,1319.0,1319.25,0
2023-11-02T05:00:00Z,1319.25,1322.25,1319.0,1321.75,0
2023-11-02T06:00:00Z,1321.75,1324.0,1321.0,1323.5,0
2023-11-02T07:00:00Z,1323.5,1324.5,1322.75,1324.5,0
2023-11-02T08:00:00Z,1324.5,1324.5,1323.25,1323.75,0
2023-11-02T09:00:00Z,1323.75,1326.5,1323.5,1325.5,0
2023-11-02T10:00:00Z,1325.25,1326.75,1324.75,1326.5,0
2023-11-02T11:00:00Z,1326.25,1327.0,1322.75,1323.0,0
2023-11-02T12:00:00Z,1323.0,1323.5,1321.5,1323.25,0
2023-11-02T13:00:00Z,1323.0,1329.0,1322.5,1327.75,0
2023-11-02T14:00:00Z,1327.75,1330.0,1321.75,1327.25,0
2023-11-02T15:00:00Z,1327.25,1327.75,1322.0,1327.25,0
2023-11-02T16:00:00Z,1327.0,1327.25,1320.5,1323.0,0
2023-11-02T17:00:00Z,1322.75,1328.0,1322.25,1327.75,0
2023-11-02T18:00:00Z,1327.5,1330.0,1326.75,1328.75,0
2023-11-03T00:00:00Z,1327.0,1329.25,1326.25,1326.75,0
2023-11-03T01:00:00Z,1327.0,1331.25,1327.0,1331.25,0
2023-11-03T02:00:00Z,1331.25,1334.75,1329.5,1334.0,0
2023-11-03T03:00:00Z,1334.0,1334.75,1332.5,1332.75,0
2023-11-03T04:00:00Z,1332.75,1333.5,1332.75,1333.5,0
2023-11-03T05:00:00Z,1333.5,1334.25,1330.75,1332.0,0
2023-11-03T06:00:00Z,1331.75,1334.5,1331.25,1334.0,0
2023-11-03T07:00:00Z,1333.75,1334.0,1330.0,1330.25,0
2023-11-03T08:00:00Z,1330.5,1331.75,1329.5,1331.25,0
2023-11-03T09:00:00Z,1331.25,1332.25,1330.5,1332.25,0
2023-11-03T10:00:00Z,1332.25,1332.75,1330.5,1332.0,0
2023-11-03T11:00:00Z,1332.0,1335.75,1332.0,1333.5,0
2023-11-03T12:00:00Z,1333.75,1339.75,1333.75,1338.25,0
2023-11-03T13:00:00Z,1337.25,1349.0,1337.25,1347.5,0
2023-11-03T14:00:00Z,1348.0,1350.75,1343.0,1343.5,0
2023-11-03T15:00:00Z,1343.5,1346.5,1339.25,1346.0,0
2023-11-03T16:00:00Z,1346.0,1351.75,1344.75,1349.75,0
2023-11-03T17:00:00Z,1349.75,1352.25,1347.5,1351.5,0
2023-11-03T18:00:00Z,1351.75,1355.0,1348.25,1354.0,0
2023-11-06T01:00:00Z,1352.0,1359.0,1352.0,1356.0,0
2023-11-06T02:00:00Z,1356.0,1358.5,1355.5,1357.75,0
2023-11-06T03:00:00Z,1358.0,1358.75,1357.5,1358.5,0
2023-11-06T04:00:00Z,1358.75,1359.25,1358.0,1358.25,0
2023-11-06T05:00:00Z,1358.0,1360.25,1357.75,1359.75,0
2023-11-06T06:00:00Z,1359.75,1363.75,1359.75,1363.0,0
2023-11-06T07:00:00Z,1363.0,1365.5,1362.5,1363.75,0
2023-11-06T08:00:00Z,1364.0,1369.75,1363.5,1369.0,0
2023-11-06T09:00:00Z,1368.75,1369.25,1362.75,1364.0,0
2023-11-06T10:00:00Z,1364.25,1367.0,1362.75,1365.5,0
2023-11-06T11:00:00Z,1365.5,1367.0,1364.0,1365.5,0
2023-11-06T12:00:00Z,1365.5,1367.25,1364.5,1365.25,0
2023-11-06T13:00:00Z,1365.25,1366.5,1363.5,1365.25,0
2023-11-06T14:00:00Z,1365.0,1369.5,1360.5,1361.0,0
2023-11-06T15:00:00Z,1361.0,1364.75,1358.5,1364.0,0
2023-11-06T16:00:00Z,1364.25,1368.5,1363.25,1366.0,0
2023-11-06T17:00:00Z,1366.0,1369.5,1364.75,1367.25,0
2023-11-06T18:00:00Z,1367.5,1368.75,1363.5,1364.5,0
2023-11-06T19:00:00Z,1364.75,1365.0,1362.0,1362.5,0
2023-11-07T01:00:00Z,1362.25,1365.0,1360.0,1362.5,0
2023-11-07T02:00:00Z,1362.5,1365.75,1361.0,1365.25,0
2023-11-07T03:00:00Z,1365.5,1366.25,1362.5,1362.5,0
2023-11-07T04:00:00Z,1362.5,1365.0,1362.5,1364.0,0
2023-11-07T05:00:00Z,1364.0,1365.5,1364.0,1365.25,0
2023-11-07T06:00:00Z,1365.5,1365.5,1361.25,1361.25,0
2023-11-07T07:00:00Z,1361.0,1361.25,1359.25,1360.75,0
2023-11-07T08:00:00Z,1360.75,1363.5,1360.75,1361.25,0
2023-11-07T09:00:00Z,1361.25,1362.5,1360.0,1360.75,0
2023-11-07T10:00:00Z,1360.75,1361.25,1359.25,1359.75,0
2023-11-07T11:00:00Z,1360.0,1360.5,1357.75,1359.75,0
2023-11-07T12:00:00Z,1359.75,1362.5,1359.25,1362.25,0
2023-11-07T13:00:00Z,1362.0,1366.75,1361.25,1366.25,0
2023-11-07T14:00:00Z,1366.25,1377.5,1366.25,1377.25,0
2023-11-07T15:00:00Z,1377.25,1380.0,1374.25,1375.0,0
2023-11-07T16:00:00Z,1375.0,1377.75,1366.0,1367.75,0
2023-11-07T17:00:00Z,1367.75,1370.25,1357.0,1358.75,0
2023-11-07T18:00:00Z,1358.75,1362.25,1356.75,1361.0,0
2023-11-07T19:00:00Z,1361.25,1364.0,1360.25,1363.0,0
2023-11-08T01:00:00Z,1362.0,1374.75,1361.0,1374.25,0
2023-11-08T02:00:00Z,1374.0,1375.25,1372.0,1374.5,0
2023-11-08T03:00:00Z,1374.25,1375.25,1372.75,1372.75,0
2023-11-08T04:00:00Z,1373.0,1374.0,1372.75,1374.0,0
2023-11-08T05:00:00Z,1374.0,1375.25,1372.5,1372.5,0
2023-11-08T06:00:00Z,1372.5,1375.75,1372.0,1374.0,0
2023-11-08T07:00:00Z,1373.75,1375.0,1373.0,1374.25,0
2023-11-08T08:00:00Z,1373.75,1374.75,1371.75,1373.75,0
2023-11-08T09:00:00Z,1373.5,1376.5,1373.5,1374.5,0
2023-11-08T10:00:00Z,1374.5,1376.5,1372.75,1376.25,0
2023-11-08T11:00:00Z,1376.5,1379.0,1376.25,1378.75,0
2023-11-08T12:00:00Z,1379.0,1382.25,1378.75,1380.75,0
2023-11-08T13:00:00Z,1381.0,1382.0,1377.25,1378.25,0
2023-11-08T14:00:00Z,1380.0,1384.5,1377.25,1380.25,0
2023-11-08T15:00:00Z,1380.25,1382.0,1375.75,1377.5,0
2023-11-08T16:00:00Z,1377.75,1381.75,1377.5,1379.25,0
2023-11-08T17:00:00Z,1379.25,1379.25,1365.75,1367.25,0
2023-11-08T18:00:00Z,1367.25,1367.75,1363.5,1364.75,0
2023-11-08T19:00:00Z,1364.5,1367.0,1363.75,1366.75,0
2023-11-09T01:00:00Z,1366.5,1369.75,1362.5,1368.0,0
2023-11-09T02:00:00Z,1368.25,1368.5,1366.75,1367.5,0
2023-11-09T03:00:00Z,1367.5,1369.5,1367.0,1367.75,0
2023-11-09T04:00:00Z,1367.5,1367.5,1366.0,1366.0,0
2023-11-09T05:00:00Z,1366.0,1370.5,1366.0,1370.25,0
2023-11-09T06:00:00Z,1370.5,1373.0,1368.75,1372.5,0
2023-11-09T07:00:00Z,1372.75,1372.75,1371.0,1371.0,0
2023-11-09T08:00:00Z,1370.75,1371.75,1367.25,1368.0,0
2023-11-09T09:00:00Z,1367.75,1371.5,1367.25,1368.75,0
2023-11-09T10:00:00Z,1368.75,1369.5,1366.75,1367.0,0
2023-11-09T11:00:00Z,1367.25,1367.25,1363.75,1364.75,0
2023-11-09T12:00:00Z,1365.0,1368.75,1364.0,1368.5,0
2023-11-09T13:00:00Z,1368.5,1368.5,1359.5,1362.25,0
2023-11-09T14:00:00Z,1367.0,1368.5,1356.5,1357.75,0
2023-11-09T15:00:00Z,1357.75,1361.0,1354.0,1359.0,0
2023-11-09T16:00:00Z,1359.25,1361.25,1354.0,1355.25,0
2023-11-09T17:00:00Z,1355.5,1356.25,1336.0,1346.5,0
2023-11-09T18:00:00Z,1346.25,1348.75,1342.5,1343.75,0
2023-11-09T19:00:00Z,1344.0,1346.25,1342.0,1345.5,0
2023-11-10T01:00:00Z,1345.75,1346.75,1342.75,1345.5,0
2023-11-10T02:00:00Z,1345.0,1345.25,1339.75,1340.5,0
2023-11-10T03:00:00Z,1340.75,1342.5,1340.5,1341.25,0
2023-11-10T04:00:00Z,1341.25,1342.0,1341.0,1341.5,0
2023-11-10T05:00:00Z,1341.25,1343.0,1340.75,1342.25,0
2023-11-10T06:00:00Z,1342.25,1343.0,1341.0,1342.0,0
2023-11-10T07:00:00Z,1342.0,1342.25,1340.75,1341.5,0
2023-11-10T08:00:00Z,1341.25,1341.25,1337.25,1338.75,0
2023-11-10T09:00:00Z,1338.75,1342.75,1338.25,1342.25,0
2023-11-10T10:00:00Z,1342.0,1342.5,1339.75,1340.5,0
2023-11-10T11:00:00Z,1340.25,1340.25,1337.5,1337.75,0
2023-11-10T12:00:00Z,1337.75,1343.5,1337.0,1343.0,0
2023-11-10T13:00:00Z,1343.25,1345.25,1341.5,1343.0,0
2023-11-10T14:00:00Z,1343.5,1347.75,1341.25,1344.5,0
2023-11-10T15:00:00Z,1344.5,1345.5,1339.0,1340.75,0
2023-11-10T16:00:00Z,1341.0,1346.25,1339.5,1346.0,0
2023-11-10T17:00:00Z,1346.0,1347.5,1341.5,1345.75,0
2023-11-10T18:00:00Z,1345.75,1349.75,1342.75,1348.75,0
2023-11-10T19:00:00Z,1348.75,1349.0,1346.75,1348.5,0
2023-11-13T01:00:00Z,1353.75,1355.75,1351.0,1353.75,0
2023-11-13T02:00:00Z,1353.75,1354.25,1351.0,1351.25,0
2023-11-13T03:00:00Z,1351.25,1352.25,1350.5,1351.75,0
2023-11-13T04:00:00Z,1351.5,1352.0,1351.5,1352.0,0
2023-11-13T05:00:00Z,1351.75,1353.75,1351.25,1352.0,0
2023-11-13T06:00:00Z,1352.0,1353.0,1350.25,1350.75,0
2023-11-13T07:00:00Z,1350.75,1353.5,1350.5,1353.5,0
2023-11-13T08:00:00Z,1353.75,1354.75,1352.75,1352.75,0
2023-11-13T09:00:00Z,1352.75,1357.75,1352.0,1355.5,0
2023-11-13T10:00:00Z,1355.25,1355.25,1352.0,1354.75,0
2023-11-13T11:00:00Z,1354.75,1355.0,1352.75,1354.0,0
2023-11-13T12:00:00Z,1353.75,1354.0,1351.0,1351.5,0
2023-11-13T13:00:00Z,1351.25,1355.5,1351.0,1355.0,0
2023-11-13T14:00:00Z,1355.75,1363.25,1352.5,1362.5,0
2023-11-13T15:00:00Z,1362.5,1375.75,1362.25,1375.5,0
2023-11-13T16:00:00Z,1375.5,1381.75,1375.25,1379.5,0
2023-11-13T17:00:00Z,1379.75,1383.75,1378.0,1378.75,0
2023-11-13T18:00:00Z,1378.75,1382.75,1378.0,1380.5,0
2023-11-13T19:00:00Z,1380.75,1386.0,1379.25,1385.5,0
2023-11-14T01:00:00Z,1382.75,1385.75,1374.25,1376.5,0
2023-11-14T02:00:00Z,1376.25,1382.25,1375.0,1380.75,0
2023-11-14T03:00:00Z,1380.75,1380.75,1378.25,1379.0,0
2023-11-14T04:00:00Z,1378.5,1379.25,1377.5,1377.75,0
2023-11-14T05:00:00Z,1377.75,1378.0,1376.0,1376.75,0
2023-11-14T06:00:00Z,1376.75,1377.75,1375.0,1375.5,0
2023-11-14T07:00:00Z,1375.75,1376.5,1373.5,1374.25,0
2023-11-14T08:00:00Z,1374.25,1374.25,1371.5,1373.0,0
2023-11-14T09:00:00Z,1373.0,1374.0,1372.5,1372.75,0
2023-11-14T10:00:00Z,1372.75,1373.0,1371.25,1371.5,0
2023-11-14T11:00:00Z,1371.75,1371.75,1368.5,1371.25,0
2023-11-14T12:00:00Z,1371.0,1375.5,1370.25,1375.25,0
2023-11-14T13:00:00Z,1375.25,1382.5,1372.75,1379.75,0
2023-11-14T14:00:00Z,1380.0,1385.0,1372.5,1377.0,0
2023-11-14T15:00:00Z,1377.0,1380.0,1373.0,1378.5,0
2023-11-14T16:00:00Z,1378.25,1382.0,1377.5,1380.5,0
2023-11-14T17:00:00Z,1380.5,1389.5,1379.75,1385.5,0
2023-11-14T18:00:00Z,1385.5,1388.75,1384.75,1388.75,0
2023-11-14T19:00:00Z,1388.5,1391.5,1387.25,1391.25,0
2023-11-15T01:00:00Z,1389.0,1392.25,1385.75,1389.0,0
2023-11-15T02:00:00Z,1389.0,1389.75,1386.5,1389.5,0
2023-11-15T03:00:00Z,1389.5,1390.0,1387.75,1388.0,0
2023-11-15T04:00:00Z,1388.0,1388.25,1387.25,1388.0,0
2023-11-15T05:00:00Z,1388.25,1388.5,1387.25,1387.5,0
2023-11-15T06:00:00Z,1387.75,1389.5,1386.0,1389.25,0
2023-11-15T07:00:00Z,1389.0,1391.75,1387.75,1391.75,0
2023-11-15T08:00:00Z,1391.5,1394.75,1391.5,1393.75,0
2023-11-15T09:00:00Z,1393.5,1397.0,1393.0,1396.75,0
2023-11-15T10:00:00Z,1396.75,1398.25,1396.25,1398.25,0
2023-11-15T11:00:00Z,1398.0,1398.5,1396.0,1397.0,0
2023-11-15T12:00:00Z,1397.0,1397.25,1391.75,1392.0,0
2023-11-15T13:00:00Z,1391.75,1391.75,1386.0,1388.5,0
2023-11-15T14:00:00Z,1387.25,1394.25,1387.25,1388.5,0
2023-11-15T15:00:00Z,1388.5,1392.0,1385.5,1385.5,0
2023-11-15T16:00:00Z,1385.75,1386.75,1379.5,1385.25,0
2023-11-15T17:00:00Z,1385.25,1386.5,1380.5,1382.0,0
2023-11-15T18:00:00Z,1382.0,1383.75,1380.25,1383.0,0
2023-11-15T19:00:00Z,1383.25,1386.5,1382.0,1385.75,0
2023-11-16T01:00:00Z,1385.0,1387.75,1382.5,1382.5,0
2023-11-16T02:00:00Z,1382.75,1384.25,1381.5,1384.0,0
2023-11-16T03:00:00Z,1384.25,1386.0,1381.75,1382.0,0
2023-11-16T04:00:00Z,1382.0,1383.75,1381.75,1383.5,0
2023-11-16T05:00:00Z,1383.75,1385.5,1383.0,1383.25,0
2023-11-16T06:00:00Z,1383.5,1386.5,1383.5,1386.0,0
2023-11-16T07:00:00Z,1386.0,1387.0,1385.0,1385.25,0
2023-11-16T08:00:00Z,1385.25,1386.5,1382.25,1382.75,0
2023-11-16T09:00:00Z,1382.75,1383.75,1377.75,1378.75,0
2023-11-16T10:00:00Z,1379.0,1379.25,1376.0,1376.75,0
2023-11-16T11:00:00Z,1376.5,1377.75,1374.25,1374.25,0
2023-11-16T12:00:00Z,1374.25,1375.0,1372.25,1373.75,0
2023-11-16T13:00:00Z,1374.0,1375.5,1370.75,1375.25,0
2023-11-16T14:00:00Z,1378.0,1378.0,1360.25,1360.5,0
2023-11-16T15:00:00Z,1360.25,1362.5,1353.75,1358.0,0
2023-11-16T16:00:00Z,1357.75,1365.5,1355.0,1365.0,0
2023-11-16T17:00:00Z,1365.0,1370.0,1363.25,1367.25,0
2023-11-16T18:00:00Z,1367.25,1370.5,1361.25,1362.75,0
2023-11-16T19:00:00Z,1362.75,1363.5,1359.25,1360.0,0
2023-11-17T01:00:00Z,1360.0,1361.5,1351.5,1351.75,0
2023-11-17T02:00:00Z,1351.5,1354.0,1351.5,1353.75,0
2023-11-17T03:00:00Z,1354.0,1356.75,1353.5,1355.25,0
2023-11-17T04:00:00Z,1355.5,1356.75,1355.25,1355.5,0
2023-11-17T05:00:00Z,1355.5,1356.75,1354.5,1356.0,0
2023-11-17T06:00:00Z,1355.75,1356.25,1353.5,1355.25,0
2023-11-17T07:00:00Z,1355.25,1356.0,1353.5,1355.75,0
2023-11-17T08:00:00Z,1356.0,1358.5,1353.5,1357.0,0
2023-11-17T09:00:00Z,1357.25,1357.5,1353.25,1354.5,0
2023-11-17T10:00:00Z,1354.5,1359.75,1354.5,1359.0,0
2023-11-17T11:00:00Z,1359.0,1359.0,1355.0,1355.75,0
2023-11-17T12:00:00Z,1356.0,1358.0,1355.75,1357.5,0
2023-11-17T13:00:00Z,1357.5,1359.0,1350.5,1352.5,0
2023-11-17T14:00:00Z,1352.5,1353.25,1346.25,1348.75,0
2023-11-17T15:00:00Z,1348.75,1351.0,1344.75,1346.75,0
2023-11-17T16:00:00Z,1346.75,1348.25,1339.5,1343.0,0
2023-11-17T17:00:00Z,1343.25,1346.0,1341.75,1343.0,0
2023-11-17T18:00:00Z,1343.25,1343.75,1340.25,1341.25,0
2023-11-17T19:00:00Z,1341.25,1344.0,1336.75,1344.0,0
2023-11-20T01:00:00Z,1339.25,1346.75,1327.0,1345.5,0
2023-11-20T02:00:00Z,1345.75,1350.25,1343.0,1348.75,0
2023-11-20T03:00:00Z,1348.75,1350.0,1347.25,1349.25,0
2023-11-20T04:00:00Z,1349.25,1351.0,1347.75,1347.75,0
2023-11-20T05:00:00Z,1347.75,1352.0,1347.5,1348.5,0
2023-11-20T06:00:00Z,1348.5,1350.75,1347.25,1349.25,0
2023-11-20T07:00:00Z,1349.0,1349.0,1342.75,1343.5,0
2023-11-20T08:00:00Z,1343.5,1344.0,1342.25,1343.25,0
2023-11-20T09:00:00Z,1343.25,1346.5,1342.75,1344.75,0
2023-11-20T10:00:00Z,1344.75,1347.5,1343.75,1346.0,0
2023-11-20T11:00:00Z,1346.0,1347.75,1344.25,1345.25,0
2023-11-20T12:00:00Z,1345.0,1347.75,1344.0,1346.75,0
2023-11-20T13:00:00Z,1346.75,1355.5,1346.75,1351.75,0
2023-11-20T14:00:00Z,1353.0,1357.0,1349.0,1349.25,0
2023-11-20T15:00:00Z,1349.25,1349.75,1346.25,1349.5,0
2023-11-20T16:00:00Z,1349.5,1354.75,1347.25,1354.25,0
2023-11-20T17:00:00Z,1354.25,1357.5,1353.75,1357.0,0
2023-11-20T18:00:00Z,1357.0,1366.0,1356.75,1364.5,0
2023-11-20T19:00:00Z,1364.5,1368.0,1364.5,1367.0,0
2023-11-21T01:00:00Z,1365.5,1377.75,1364.0,1376.25,0
2023-11-21T02:00:00Z,1376.25,1377.75,1375.0,1375.75,0
2023-11-21T03:00:00Z,1375.5,1376.0,1373.0,1374.0,0
2023-11-21T04:00:00Z,1374.25,1374.5,1373.25,1374.5,0
2023-11-21T05:00:00Z,1374.25,1377.25,1372.5,1374.25,0
2023-11-21T06:00:00Z,1374.0,1374.5,1371.5,1373.0,0
2023-11-21T07:00:00Z,1373.0,1374.5,1371.75,1372.75,0
2023-11-21T08:00:00Z,1372.75,1376.75,1372.5,1374.0,0
2023-11-21T09:00:00Z,1373.75,1375.25,1370.5,1371.75,0
2023-11-21T10:00:00Z,1371.75,1375.5,1371.0,1375.25,0
2023-11-21T11:00:00Z,1375.5,1375.75,1372.75,1375.5,0
2023-11-21T12:00:00Z,1375.75,1379.0,1372.75,1374.0,0
2023-11-21T13:00:00Z,1374.25,1382.0,1371.25,1381.25,0
2023-11-21T14:00:00Z,1379.5,1389.25,1378.5,1388.5,0
2023-11-21T15:00:00Z,1388.5,1388.75,1371.25,1372.75,0
2023-11-21T16:00:00Z,1372.75,1374.75,1364.75,1370.5,0
2023-11-21T17:00:00Z,1370.75,1372.5,1368.5,1371.25,0
2023-11-21T18:00:00Z,1371.0,1373.5,1368.5,1372.25,0
2023-11-21T19:00:00Z,1372.25,1377.75,1372.25,1375.75,0
2023-11-22T01:00:00Z,1377.0,1378.5,1371.75,1376.5,0
2023-11-22T02:00:00Z,1376.25,1377.5,1374.5,1375.5,0
2023-11-22T03:00:00Z,1375.75,1376.25,1373.25,1373.75,0
2023-11-22T04:00:00Z,1373.5,1374.0,1372.5,1373.5,0
2023-11-22T05:00:00Z,1373.5,1374.0,1369.75,1370.25,0
2023-11-22T06:00:00Z,1370.5,1370.75,1368.5,1369.5,0
2023-11-22T07:00:00Z,1369.5,1370.0,1367.25,1367.5,0
2023-11-22T08:00:00Z,1367.5,1367.75,1362.5,1365.25,0
2023-11-22T09:00:00Z,1365.25,1366.25,1364.5,1365.25,0
2023-11-22T10:00:00Z,1365.0,1367.25,1364.25,1364.25,0
2023-11-22T11:00:00Z,1364.25,1367.25,1363.75,1366.75,0
2023-11-22T12:00:00Z,1366.75,1369.0,1364.75,1366.25,0
2023-11-22T13:00:00Z,1366.5,1367.5,1360.0,1366.75,0
2023-11-22T14:00:00Z,1369.25,1371.25,1365.25,1368.25,0
2023-11-22T15:00:00Z,1368.25,1371.0,1366.5,1370.5,0
2023-11-22T16:00:00Z,1370.75,1372.5,1366.25,1366.25,0
2023-11-22T17:00:00Z,1366.25,1367.0,1354.25,1358.75,0
2023-11-22T18:00:00Z,1359.0,1360.75,1355.0,1356.75,0
2023-11-22T19:00:00Z,1357.0,1359.25,1355.5,1358.5,0
2023-11-24T14:30:00Z,1354.5,1355.0,1341.75,1344.5,0
2023-11-24T15:30:00Z,1344.25,1345.25,1333.5,1336.75,0
2023-11-24T16:30:00Z,1336.75,1339.5,1333.75,1334.25,0
2023-11-24T17:30:00Z,1334.25,1335.75,1329.5,1330.25,0
2023-11-27T01:00:00Z,1329.5,1337.75,1324.25,1334.75,0
2023-11-27T02:00:00Z,1334.5,1334.75,1324.5,1326.75,0
2023-11-27T03:00:00Z,1327.0,1328.0,1325.75,1325.75,0
2023-11-27T04:00:00Z,1325.75,1326.0,1323.5,1325.5,0
2023-11-27T05:00:00Z,1325.75,1332.5,1325.0,1331.0,0
2023-11-27T06:00:00Z,1331.0,1335.0,1330.75,1334.5,0
2023-11-27T07:00:00Z,1335.0,1336.25,1332.0,1332.5,0
2023-11-27T08:00:00Z,1332.5,1336.0,1332.25,1333.25,0
2023-11-27T09:00:00Z,1333.25,1335.75,1332.5,1334.75,0
2023-11-27T10:00:00Z,1334.75,1336.75,1334.5,1336.5,0
2023-11-27T11:00:00Z,1336.25,1338.0,1335.5,1337.5,0
2023-11-27T12:00:00Z,1337.5,1339.0,1335.0,1336.25,0
2023-11-27T13:00:00Z,1336.0,1338.75,1330.0,1331.5,0
2023-11-27T14:00:00Z,1334.0,1334.0,1328.25,1332.75,0
2023-11-27T15:00:00Z,1332.5,1334.25,1327.5,1328.0,0
2023-11-27T16:00:00Z,1328.0,1328.5,1325.0,1325.5,0
2023-11-27T17:00:00Z,1325.25,1333.75,1325.0,1330.5,0
2023-11-27T18:00:00Z,1330.75,1335.25,1329.75,1331.5,0
2023-11-27T19:00:00Z,1331.5,1331.5,1328.25,1329.5,0
2023-11-28T01:00:00Z,1330.25,1333.75,1329.5,1332.5,0
2023-11-28T02:00:00Z,1332.75,1335.75,1332.5,1334.5,0
2023-11-28T03:00:00Z,1334.5,1337.0,1334.25,1334.5,0
2023-11-28T04:00:00Z,1334.5,1335.25,1334.25,1334.5,0
2023-11-28T05:00:00Z,1334.25,1334.75,1332.25,1333.5,0
2023-11-28T06:00:00Z,1333.5,1336.75,1333.0,1334.25,0
2023-11-28T07:00:00Z,1334.25,1334.5,1331.25,1331.5,0
2023-11-28T08:00:00Z,1331.5,1333.5,1331.0,1333.25,0
2023-11-28T09:00:00Z,1333.0,1336.25,1332.25,1336.0,0
2023-11-28T10:00:00Z,1336.0,1339.0,1335.75,1336.75,0
2023-11-28T11:00:00Z,1337.0,1338.25,1336.0,1337.75,0
2023-11-28T12:00:00Z,1338.0,1339.75,1336.0,1336.25,0
2023-11-28T13:00:00Z,1336.25,1337.0,1334.0,1335.0,0
2023-11-28T14:00:00Z,1335.25,1341.5,1333.5,1337.75,0
2023-11-28T15:00:00Z,1337.5,1350.0,1337.0,1348.75,0
2023-11-28T16:00:00Z,1349.0,1350.0,1344.0,1349.5,0
2023-11-28T17:00:00Z,1349.25,1349.75,1345.0,1348.25,0
2023-11-28T18:00:00Z,1348.25,1350.0,1345.25,1345.75,0
2023-11-28T19:00:00Z,1345.75,1347.75,1345.0,1347.0,0
2023-11-29T01:00:00Z,1346.5,1352.0,1344.75,1345.5,0
2023-11-29T02:00:00Z,1345.5,1347.0,1340.75,1342.75,0
2023-11-29T03:00:00Z,1343.0,1345.5,1342.75,1343.5,0
2023-11-29T04:00:00Z,1343.25,1343.75,1342.5,1343.0,0
2023-11-29T05:00:00Z,1343.0,1346.75,1342.5,1346.75,0
2023-11-29T06:00:00Z,1346.5,1347.25,1343.5,1343.75,0
2023-11-29T07:00:00Z,1343.5,1343.75,1341.75,1342.0,0
2023-11-29T08:00:00Z,1342.0,1344.75,1341.75,1343.75,0
2023-11-29T09:00:00Z,1344.0,1346.25,1342.75,1343.25,0
2023-11-29T10:00:00Z,1343.25,1345.0,1342.25,1343.5,0
2023-11-29T11:00:00Z,1343.25,1348.5,1342.5,1347.75,0
2023-11-29T12:00:00Z,1347.5,1350.5,1346.75,1349.0,0
2023-11-29T13:00:00Z,1349.0,1351.75,1346.25,1351.5,0
2023-11-29T14:00:00Z,1349.5,1350.0,1337.0,1343.0,0
2023-11-29T15:00:00Z,1343.0,1347.75,1340.5,1346.75,0
2023-11-29T16:00:00Z,1346.5,1349.25,1343.0,1346.5,0
2023-11-29T17:00:00Z,1346.75,1350.0,1344.25,1350.0,0
2023-11-29T18:00:00Z,1350.0,1350.75,1345.5,1346.25,0
2023-11-29T19:00:00Z,1346.25,1348.0,1345.75,1347.25,0
2023-11-30T01:00:00Z,1347.0,1347.5,1343.75,1345.0,0
2023-11-30T02:00:00Z,1345.0,1349.25,1344.75,1348.25,0
2023-11-30T03:00:00Z,1348.5,1349.25,1347.0,1348.25,0
2023-11-30T04:00:00Z,1348.0,1349.0,1347.5,1349.0,0
2023-11-30T05:00:00Z,1349.0,1351.5,1348.5,1349.75,0
2023-11-30T06:00:00Z,1350.0,1350.5,1348.0,1348.25,0
2023-11-30T07:00:00Z,1348.25,1349.75,1347.25,1347.5,0
2023-11-30T08:00:00Z,1347.5,1349.25,1346.25,1346.5,0
2023-11-30T09:00:00Z,1346.5,1347.5,1346.25,1346.75,0
2023-11-30T10:00:00Z,1346.0,1347.75,1343.5,1345.75,0
2023-11-30T11:00:00Z,1345.75,1345.75,1342.5,1343.25,0
2023-11-30T12:00:00Z,1343.25,1346.75,1342.75,1344.0,0
2023-11-30T13:00:00Z,1343.75,1346.25,1340.5,1345.5,0
2023-11-30T14:00:00Z,1345.25,1346.75,1339.25,1346.25,0
2023-11-30T15:00:00Z,1346.0,1347.75,1339.25,1343.25,0
2023-11-30T16:00:00Z,1343.25,1349.0,1342.25,1343.75,0
2023-11-30T17:00:00Z,1343.75,1349.0,1342.25,1347.25,0
2023-11-30T18:00:00Z,1347.5,1347.75,1341.0,1342.5,0
2023-11-30T19:00:00Z,1342.5,1343.75,1341.0,1343.0,0
2023-12-01T01:00:00Z,1342.0,1343.5,1335.75,1336.75,0
2023-12-01T02:00:00Z,1336.5,1337.0,1335.0,1336.0,0
2023-12-01T03:00:00Z,1336.0,1336.0,1331.5,1332.0,0
2023-12-01T04:00:00Z,1332.0,1332.5,1328.75,1329.25,0
2023-12-01T05:00:00Z,1329.25,1330.25,1327.5,1328.75,0
2023-12-01T06:00:00Z,1328.75,1330.25,1327.75,1329.0,0
2023-12-01T07:00:00Z,1328.75,1330.25,1328.75,1329.75,0
2023-12-01T08:00:00Z,1330.0,1331.75,1329.75,1330.5,0
2023-12-01T09:00:00Z,1330.5,1332.5,1330.5,1331.75,0
2023-12-01T10:00:00Z,1331.75,1331.75,1327.5,1328.0,0
2023-12-01T11:00:00Z,1327.75,1328.25,1326.5,1326.5,0
2023-12-01T12:00:00Z,1326.5,1331.0,1326.0,1330.25,0
2023-12-01T13:00:00Z,1330.25,1333.0,1329.0,1330.5,0
2023-12-01T14:00:00Z,1330.5,1332.0,1326.0,1330.0,0
2023-12-01T15:00:00Z,1330.25,1335.25,1327.5,1330.5,0
2023-12-01T16:00:00Z,1330.5,1332.25,1326.75,1327.5,0
2023-12-01T17:00:00Z,1327.25,1336.5,1326.5,1335.25,0
2023-12-01T18:00:00Z,1335.5,1336.0,1328.25,1328.25,0
2023-12-01T19:00:00Z,1328.25,1329.0,1323.5,1323.75,0
2023-12-04T01:00:00Z,1322.5,1322.5,1314.25,1316.0,0
2023-12-04T02:00:00Z,1315.75,1316.75,1312.75,1315.75,0
2023-12-04T03:00:00Z,1315.5,1316.25,1314.0,1315.5,0
2023-12-04T04:00:00Z,1315.5,1315.75,1314.5,1315.25,0
2023-12-04T05:00:00Z,1315.0,1316.75,1314.0,1314.5,0
2023-12-04T06:00:00Z,1314.5,1315.75,1313.5,1313.75,0
2023-12-04T07:00:00Z,1313.75,1314.0,1311.5,1312.5,0
2023-12-04T08:00:00Z,1312.5,1314.25,1311.25,1313.5,0
2023-12-04T09:00:00Z,1313.5,1315.5,1311.5,1314.75,0
2023-12-04T10:00:00Z,1314.75,1317.25,1314.75,1317.0,0
2023-12-04T11:00:00Z,1317.0,1317.75,1314.25,1315.5,0
2023-12-04T12:00:00Z,1315.75,1316.5,1314.25,1315.25,0
2023-12-04T13:00:00Z,1315.25,1322.75,1315.0,1321.5,0
2023-12-04T14:00:00Z,1322.0,1327.25,1318.5,1324.75,0
2023-12-04T15:00:00Z,1324.75,1328.0,1323.0,1327.25,0
2023-12-04T16:00:00Z,1327.25,1329.25,1317.25,1319.75,0
2023-12-04T17:00:00Z,1319.5,1319.75,1305.5,1306.75,0
2023-12-04T18:00:00Z,1307.0,1307.0,1303.5,1305.5,0
2023-12-04T19:00:00Z,1305.5,1308.0,1304.5,1307.25,0
2023-12-05T01:00:00Z,1307.25,1312.5,1304.75,1308.75,0
2023-12-05T02:00:00Z,1309.0,1310.25,1307.5,1307.5,0
2023-12-05T03:00:00Z,1307.75,1308.75,1307.75,1308.5,0
2023-12-05T04:00:00Z,1308.75,1309.25,1307.75,1308.75,0
2023-12-05T05:00:00Z,1309.0,1310.5,1308.0,1310.5,0
2023-12-05T06:00:00Z,1310.5,1313.0,1309.75,1312.0,0
2023-12-05T07:00:00Z,1312.0,1312.75,1310.5,1311.5,0
2023-12-05T08:00:00Z,1311.25,1313.0,1309.75,1311.5,0
2023-12-05T09:00:00Z,1311.25,1312.5,1309.25,1309.25,0
2023-12-05T10:00:00Z,1309.5,1311.5,1309.0,1310.25,0
2023-12-05T11:00:00Z,1310.5,1312.5,1307.5,1307.5,0
2023-12-05T12:00:00Z,1307.25,1310.5,1307.0,1310.25,0
2023-12-05T13:00:00Z,1310.0,1315.25,1307.75,1314.25,0
2023-12-05T14:00:00Z,1314.0,1314.25,1306.5,1310.25,0
2023-12-05T15:00:00Z,1310.25,1313.75,1301.0,1303.5,0
2023-12-05T16:00:00Z,1303.5,1304.0,1298.5,1299.25,0
2023-12-05T17:00:00Z,1299.0,1300.0,1294.0,1296.25,0
2023-12-05T18:00:00Z,1296.25,1303.0,1294.75,1302.5,0
2023-12-05T19:00:00Z,1302.5,1308.75,1301.5,1308.5,0
2023-12-06T01:00:00Z,1309.25,1311.5,1300.75,1304.75,0
2023-12-06T02:00:00Z,1304.75,1307.5,1304.5,1305.75,0
2023-12-06T03:00:00Z,1305.25,1306.0,1304.5,1305.25,0
2023-12-06T04:00:00Z,1305.0,1306.0,1304.5,1305.0,0
2023-12-06T05:00:00Z,1305.25,1309.0,1304.75,1308.75,0
2023-12-06T06:00:00Z,1308.75,1310.0,1308.0,1309.5,0
2023-12-06T07:00:00Z,1309.5,1310.0,1309.0,1309.5,0
2023-12-06T08:00:00Z,1309.5,1312.25,1309.25,1312.25,0
2023-12-06T09:00:00Z,1312.0,1313.0,1310.5,1311.0,0
2023-12-06T10:00:00Z,1311.25,1311.5,1309.5,1311.25,0
2023-12-06T11:00:00Z,1311.5,1313.5,1310.5,1312.5,0
2023-12-06T12:00:00Z,1312.25,1313.0,1309.75,1309.75,0
2023-12-06T13:00:00Z,1309.75,1312.0,1307.0,1307.5,0
2023-12-06T14:00:00Z,1307.0,1307.25,1297.25,1297.5,0
2023-12-06T15:00:00Z,1297.5,1302.5,1296.75,1299.75,0
2023-12-06T16:00:00Z,1300.0,1302.75,1295.25,1297.0,0
2023-12-06T17:00:00Z,1297.0,1302.5,1294.25,1299.0,0
2023-12-06T18:00:00Z,1299.0,1299.25,1293.75,1296.25,0
2023-12-06T19:00:00Z,1296.5,1297.0,1295.0,1296.5,0
2023-12-07T01:00:00Z,1296.0,1298.0,1292.0,1295.75,0
2023-12-07T02:00:00Z,1295.75,1297.0,1294.5,1296.0,0
2023-12-07T03:00:00Z,1296.0,1298.75,1295.75,1298.25,0
2023-12-07T04:00:00Z,1298.0,1298.5,1297.75,1297.75,0
2023-12-07T05:00:00Z,1297.75,1302.75,1297.75,1302.5,0
2023-12-07T06:00:00Z,1302.5,1304.0,1301.75,1302.25,0
2023-12-07T07:00:00Z,1302.25,1303.5,1300.5,1303.5,0
2023-12-07T08:00:00Z,1303.5,1304.0,1299.5,1299.75,0
2023-12-07T09:00:00Z,1299.75,1301.0,1299.5,1301.0,0
2023-12-07T10:00:00Z,1301.0,1302.75,1300.75,1302.5,0
2023-12-07T11:00:00Z,1302.75,1306.75,1302.25,1305.5,0
2023-12-07T12:00:00Z,1305.75,1307.75,1303.5,1307.0,0
2023-12-07T13:00:00Z,1307.25,1310.0,1303.25,1304.5,0
2023-12-07T14:00:00Z,1302.0,1307.0,1301.0,1303.0,0
2023-12-07T15:00:00Z,1303.0,1304.25,1298.75,1303.0,0
2023-12-07T16:00:00Z,1302.75,1311.75,1301.0,1311.5,0
2023-12-07T17:00:00Z,1311.25,1312.5,1307.5,1309.0,0
2023-12-07T18:00:00Z,1309.0,1318.25,1309.0,1311.25,0
2023-12-07T19:00:00Z,1311.0,1313.25,1309.75,1310.5,0
2023-12-08T01:00:00Z,1312.5,1318.25,1310.5,1313.25,0
2023-12-08T02:00:00Z,1313.0,1316.5,1313.0,1315.0,0
2023-12-08T03:00:00Z,1315.0,1315.0,1313.0,1314.5,0
2023-12-08T04:00:00Z,1314.25,1315.25,1314.0,1314.75,0
2023-12-08T05:00:00Z,1314.75,1316.0,1314.25,1315.0,0
2023-12-08T06:00:00Z,1315.0,1317.0,1315.0,1316.0,0
2023-12-08T07:00:00Z,1315.75,1316.0,1314.25,1315.5,0
2023-12-08T08:00:00Z,1315.0,1316.0,1313.75,1315.5,0
2023-12-08T09:00:00Z,1315.5,1316.0,1314.75,1314.75,0
2023-12-08T10:00:00Z,1314.75,1315.5,1314.0,1315.25,0
2023-12-08T11:00:00Z,1315.25,1316.5,1314.5,1316.0,0
2023-12-08T12:00:00Z,1316.25,1320.75,1316.0,1319.5,0
2023-12-08T13:00:00Z,1319.75,1324.0,1318.25,1322.75,0
2023-12-08T14:00:00Z,1322.25,1330.75,1321.75,1326.75,0
2023-12-08T15:00:00Z,1327.0,1327.25,1320.5,1322.25,0
2023-12-08T16:00:00Z,1322.0,1323.25,1320.0,1321.25,0
2023-12-08T17:00:00Z,1321.0,1327.5,1301.25,1303.0,0
2023-12-08T18:00:00Z,1302.75,1303.25,1299.0,1300.0,0
2023-12-08T19:00:00Z,1300.0,1308.0,1299.75,1306.25,0
2023-12-11T01:00:00Z,1309.5,1314.25,1308.5,1312.75,0
2023-12-11T02:00:00Z,1312.75,1314.75,1310.75,1311.5,0
2023-12-11T03:00:00Z,1311.5,1312.25,1310.75,1312.0,0
2023-12-11T04:00:00Z,1312.0,1312.0,1310.75,1311.0,0
2023-12-11T05:00:00Z,1311.0,1311.5,1309.25,1310.75,0
2023-12-11T06:00:00Z,1310.75,1313.5,1309.75,1311.25,0
2023-12-11T07:00:00Z,1311.25,1313.0,1311.25,1312.75,0
2023-12-11T08:00:00Z,1312.75,1317.25,1312.75,1313.25,0
2023-12-11T09:00:00Z,1313.25,1313.5,1310.25,1310.25,0
2023-12-11T10:00:00Z,1310.25,1311.0,1308.25,1308.25,0
2023-12-11T11:00:00Z,1308.25,1310.0,1307.0,1309.75,0
2023-12-11T12:00:00Z,1310.0,1316.5,1309.75,1315.5,0
2023-12-11T13:00:00Z,1315.25,1317.0,1313.25,1317.0,0
2023-12-11T14:00:00Z,1317.25,1326.25,1316.5,1323.25,0
2023-12-11T15:00:00Z,1323.25,1327.5,1321.0,1324.5,0
2023-12-11T16:00:00Z,1324.75,1330.0,1322.0,1329.5,0
2023-12-11T17:00:00Z,1329.25,1334.0,1326.0,1330.25,0
2023-12-11T18:00:00Z,1330.5,1335.5,1330.0,1332.25,0
2023-12-11T19:00:00Z,1332.5,1338.5,1332.0,1337.75,0
2023-12-12T01:00:00Z,1337.25,1341.5,1335.0,1337.5,0
2023-12-12T02:00:00Z,1337.25,1337.75,1335.25,1335.5,0
2023-12-12T03:00:00Z,1335.25,1335.75,1333.25,1334.0,0
2023-12-12T04:00:00Z,1333.75,1334.0,1332.75,1333.0,0
2023-12-12T05:00:00Z,1333.0,1337.75,1332.75,1337.5,0
2023-12-12T06:00:00Z,1337.5,1341.75,1336.75,1341.0,0
2023-12-12T07:00:00Z,1340.75,1341.5,1340.25,1340.75,0
2023-12-12T08:00:00Z,1340.5,1344.0,1340.25,1342.25,0
2023-12-12T09:00:00Z,1342.0,1343.25,1340.5,1342.5,0
2023-12-12T10:00:00Z,1342.75,1344.0,1341.25,1341.25,0
2023-12-12T11:00:00Z,1341.25,1341.75,1337.5,1338.0,0
2023-12-12T12:00:00Z,1338.25,1339.5,1337.25,1337.25,0
2023-12-12T13:00:00Z,1337.25,1338.25,1333.75,1334.75,0
2023-12-12T14:00:00Z,1333.5,1334.25,1327.25,1328.0,0
2023-12-12T15:00:00Z,1328.0,1334.0,1326.25,1331.5,0
2023-12-12T16:00:00Z,1331.5,1336.0,1327.0,1327.0,0
2023-12-12T17:00:00Z,1327.25,1327.75,1320.5,1323.75,0
2023-12-12T18:00:00Z,1323.75,1325.75,1322.25,1324.0,0
2023-12-12T19:00:00Z,1324.0,1325.25,1323.25,1323.5,0
2023-12-13T01:00:00Z,1323.0,1323.5,1315.25,1319.75,0
2023-12-13T02:00:00Z,1320.0,1322.25,1319.75,1320.0,0
2023-12-13T03:00:00Z,1320.5,1322.5,1319.25,1321.5,0
2023-12-13T04:00:00Z,1321.5,1321.75,1320.5,1321.25,0
2023-12-13T05:00:00Z,1321.0,1322.5,1321.0,1322.0,0
2023-12-13T06:00:00Z,1321.75,1322.75,1319.75,1319.75,0
2023-12-13T07:00:00Z,1319.75,1320.0,1316.0,1316.0,0
2023-12-13T08:00:00Z,1316.0,1316.0,1314.0,1315.25,0
2023-12-13T09:00:00Z,1315.0,1315.5,1312.5,1313.0,0
2023-12-13T10:00:00Z,1313.0,1313.25,1311.25,1312.0,0
2023-12-13T11:00:00Z,1312.25,1314.5,1311.25,1313.0,0
2023-12-13T12:00:00Z,1313.0,1316.5,1312.0,1315.5,0
2023-12-13T13:00:00Z,1315.5,1317.5,1313.75,1314.25,0
2023-12-13T14:00:00Z,1315.5,1315.75,1304.0,1311.0,0
2023-12-13T15:00:00Z,1311.25,1311.25,1302.5,1303.25,0
2023-12-13T16:00:00Z,1303.25,1309.0,1302.75,1308.0,0
2023-12-13T17:00:00Z,1308.25,1309.0,1303.0,1304.25,0
2023-12-13T18:00:00Z,1304.0,1307.0,1303.75,1304.5,0
2023-12-13T19:00:00Z,1304.5,1309.0,1304.0,1308.75,0
2023-12-14T01:00:00Z,1311.0,1316.0,1309.25,1312.5,0
2023-12-14T02:00:00Z,1312.5,1312.75,1309.25,1310.0,0
2023-12-14T03:00:00Z,1309.5,1309.75,1306.5,1307.0,0
2023-12-14T04:00:00Z,1306.75,1309.25,1306.75,1308.25,0
2023-12-14T05:00:00Z,1308.25,1311.0,1307.25,1310.25,0
2023-12-14T06:00:00Z,1310.25,1311.5,1308.25,1309.0,0
2023-12-14T07:00:00Z,1308.75,1310.0,1307.75,1308.0,0
2023-12-14T08:00:00Z,1308.0,1310.25,1307.5,1308.75,0
2023-12-14T09:00:00Z,1308.75,1309.25,1306.0,1306.25,0
2023-12-14T10:00:00Z,1306.25,1306.25,1304.0,1305.0,0
2023-12-14T11:00:00Z,1305.25,1307.0,1304.75,1305.25,0
2023-12-14T12:00:00Z,1305.25,1312.0,1305.25,1310.0,0
2023-12-14T13:00:00Z,1310.25,1313.25,1309.75,1312.5,0
2023-12-14T14:00:00Z,1313.0,1319.25,1311.25,1314.75,0
2023-12-14T15:00:00Z,1315.0,1315.25,1308.5,1310.0,0
2023-12-14T16:00:00Z,1309.75,1313.0,1309.0,1311.0,0
2023-12-14T17:00:00Z,1311.25,1315.0,1309.5,1312.5,0
2023-12-14T18:00:00Z,1312.75,1314.75,1310.75,1312.25,0
2023-12-14T19:00:00Z,1312.25,1317.25,1311.0,1316.5,0
2023-12-15T01:00:00Z,1334.0,1336.5,1331.5,1332.25,0
2023-12-15T02:00:00Z,1332.0,1333.75,1332.0,1333.75,0
2023-12-15T03:00:00Z,1334.0,1334.5,1332.25,1333.25,0
2023-12-15T04:00:00Z,1333.0,1333.5,1332.25,1333.25,0
2023-12-15T05:00:00Z,1333.0,1333.5,1331.0,1331.0,0
2023-12-15T06:00:00Z,1331.25,1333.25,1331.0,1331.5,0
2023-12-15T07:00:00Z,1331.75,1335.75,1331.5,1335.5,0
2023-12-15T08:00:00Z,1335.75,1337.75,1335.0,1337.75,0
2023-12-15T09:00:00Z,1337.5,1337.5,1334.25,1334.25,0
2023-12-15T10:00:00Z,1334.25,1334.25,1331.5,1332.5,0
2023-12-15T11:00:00Z,1332.5,1332.75,1329.0,1331.25,0
2023-12-15T12:00:00Z,1331.25,1334.25,1331.25,1334.0,0
2023-12-15T13:00:00Z,1333.75,1335.25,1331.25,1333.5,0
2023-12-15T14:00:00Z,1335.0,1337.25,1326.5,1327.0,0
2023-12-15T15:00:00Z,1327.25,1331.0,1320.75,1322.25,0
2023-12-15T16:00:00Z,1322.25,1330.0,1322.0,1326.25,0
2023-12-15T17:00:00Z,1326.25,1327.5,1321.25,1327.25,0
2023-12-15T18:00:00Z,1327.5,1330.75,1326.25,1330.5,0
2023-12-15T19:00:00Z,1330.5,1332.75,1330.5,1332.5,0
2023-12-18T01:00:00Z,1332.75,1337.0,1327.25,1327.75,0
2023-12-18T02:00:00Z,1327.5,1328.25,1324.0,1325.25,0
2023-12-18T03:00:00Z,1325.25,1326.75,1324.5,1326.0,0
2023-12-18T04:00:00Z,1326.0,1327.25,1325.75,1326.25,0
2023-12-18T05:00:00Z,1325.75,1327.25,1324.0,1325.25,0
2023-12-18T06:00:00Z,1325.5,1328.75,1324.75,1328.25,0
2023-12-18T07:00:00Z,1328.25,1328.5,1326.0,1326.25,0
2023-12-18T08:00:00Z,1326.0,1330.5,1325.25,1325.25,0
2023-12-18T09:00:00Z,1325.25,1326.0,1322.75,1324.5,0
2023-12-18T10:00:00Z,1323.5,1327.25,1323.25,1326.0,0
2023-12-18T11:00:00Z,1325.75,1330.0,1325.5,1329.75,0
2023-12-18T12:00:00Z,1330.0,1330.5,1328.5,1329.25,0
2023-12-18T13:00:00Z,1329.5,1332.5,1328.25,1331.5,0
2023-12-18T14:00:00Z,1331.5,1333.25,1325.0,1330.0,0
2023-12-18T15:00:00Z,1330.0,1332.25,1327.25,1330.75,0
2023-12-18T16:00:00Z,1330.75,1336.0,1330.75,1332.5,0
2023-12-18T17:00:00Z,1332.5,1336.25,1330.75,1334.75,0
2023-12-18T18:00:00Z,1335.0,1339.75,1333.5,1338.25,0
2023-12-18T19:00:00Z,1338.25,1340.75,1338.0,1340.75,0
2023-12-19T01:00:00Z,1339.0,1340.5,1332.25,1332.75,0
2023-12-19T02:00:00Z,1332.5,1336.25,1332.5,1335.5,0
2023-12-19T03:00:00Z,1335.25,1335.5,1334.25,1334.75,0
2023-12-19T04:00:00Z,1334.5,1334.75,1333.75,1334.0,0
2023-12-19T05:00:00Z,1334.25,1334.25,1331.5,1332.75,0
2023-12-19T06:00:00Z,1332.75,1334.75,1332.25,1332.5,0
2023-12-19T07:00:00Z,1332.75,1333.0,1330.5,1330.5,0
2023-12-19T08:00:00Z,1331.0,1331.25,1329.0,1329.5,0
2023-12-19T09:00:00Z,1329.25,1330.75,1329.0,1330.25,0
2023-12-19T10:00:00Z,1330.0,1332.0,1329.0,1331.0,0
2023-12-19T11:00:00Z,1331.0,1331.0,1327.25,1328.25,0
2023-12-19T12:00:00Z,1328.25,1330.0,1327.0,1328.0,0
2023-12-19T13:00:00Z,1328.0,1330.25,1326.5,1329.0,0
2023-12-19T14:00:00Z,1329.5,1331.25,1320.25,1324.25,0
2023-12-19T15:00:00Z,1324.25,1329.25,1323.5,1325.5,0
2023-12-19T16:00:00Z,1325.25,1325.5,1322.25,1322.5,0
2023-12-19T17:00:00Z,1322.25,1323.75,1320.5,1323.0,0
2023-12-19T18:00:00Z,1323.0,1326.0,1321.25,1323.0,0
2023-12-19T19:00:00Z,1323.0,1323.25,1321.25,1322.25,0
2023-12-20T01:00:00Z,1322.25,1324.75,1320.5,1324.0,0
2023-12-20T02:00:00Z,1323.75,1326.25,1323.5,1325.5,0
2023-12-20T03:00:00Z,1325.5,1325.5,1324.25,1325.0,0
2023-12-20T04:00:00Z,1325.25,1325.5,1325.0,1325.0,0
2023-12-20T05:00:00Z,1325.25,1326.25,1325.0,1325.5,0
2023-12-20T06:00:00Z,1325.5,1326.25,1325.0,1325.0,0
2023-12-20T07:00:00Z,1325.0,1325.75,1324.5,1325.25,0
2023-12-20T08:00:00Z,1325.25,1325.5,1323.0,1323.5,0
2023-12-20T09:00:00Z,1323.25,1324.5,1322.75,1322.75,0
2023-12-20T10:00:00Z,1322.75,1324.75,1322.75,1324.5,0
2023-12-20T11:00:00Z,1324.75,1325.25,1322.5,1322.75,0
2023-12-20T12:00:00Z,1322.75,1325.75,1322.5,1324.25,0
2023-12-20T13:00:00Z,1324.5,1324.5,1319.25,1321.25,0
2023-12-20T14:00:00Z,1323.0,1328.25,1316.75,1319.25,0
2023-12-20T15:00:00Z,1319.25,1323.0,1319.0,1321.0,0
2023-12-20T16:00:00Z,1321.25,1323.25,1320.0,1321.0,0
2023-12-20T17:00:00Z,1321.0,1321.75,1311.25,1314.5,0
2023-12-20T18:00:00Z,1314.5,1317.75,1313.5,1317.0,0
2023-12-20T19:00:00Z,1317.25,1318.0,1315.25,1316.5,0
2023-12-21T01:00:00Z,1316.5,1316.75,1313.0,1314.0,0
2023-12-21T02:00:00Z,1314.0,1314.25,1310.5,1311.0,0
2023-12-21T03:00:00Z,1311.25,1311.75,1310.5,1311.25,0
2023-12-21T04:00:00Z,1311.25,1312.25,1311.0,1311.75,0
2023-12-21T05:00:00Z,1311.75,1312.75,1311.0,1312.5,0
2023-12-21T06:00:00Z,1312.75,1316.0,1312.75,1315.5,0
2023-12-21T07:00:00Z,1315.25,1315.75,1312.25,1312.25,0
2023-12-21T08:00:00Z,1312.0,1313.75,1311.75,1313.25,0
2023-12-21T09:00:00Z,1313.0,1313.0,1311.0,1311.0,0
2023-12-21T10:00:00Z,1311.25,1311.25,1310.0,1310.25,0
2023-12-21T11:00:00Z,1310.0,1311.25,1310.0,1310.75,0
2023-12-21T12:00:00Z,1311.0,1315.75,1310.75,1315.5,0
2023-12-21T13:00:00Z,1315.25,1316.0,1310.5,1312.75,0
2023-12-21T14:00:00Z,1313.0,1313.0,1303.25,1303.5,0
2023-12-21T15:00:00Z,1303.75,1305.75,1299.25,1303.5,0
2023-12-21T16:00:00Z,1303.5,1309.75,1303.0,1307.25,0
2023-12-21T17:00:00Z,1307.25,1309.0,1305.25,1306.5,0
2023-12-21T18:00:00Z,1306.75,1307.25,1303.0,1303.25,0
2023-12-21T19:00:00Z,1303.5,1304.75,1300.0,1300.0,0
2023-12-22T01:00:00Z,1301.0,1303.75,1298.25,1303.0,0
2023-12-22T02:00:00Z,1303.25,1303.5,1299.75,1300.5,0
2023-12-22T03:00:00Z,1300.5,1305.0,1300.0,1303.25,0
2023-12-22T04:00:00Z,1303.0,1303.5,1302.5,1303.0,0
2023-12-22T05:00:00Z,1302.75,1304.75,1302.25,1302.75,0
2023-12-22T06:00:00Z,1302.5,1303.25,1301.5,1302.5,0
2023-12-22T07:00:00Z,1302.5,1303.0,1301.0,1301.75,0
2023-12-22T08:00:00Z,1301.5,1304.0,1301.5,1302.25,0
2023-12-22T09:00:00Z,1302.25,1303.75,1302.25,1303.5,0
2023-12-22T10:00:00Z,1303.5,1304.5,1302.25,1304.25,0
2023-12-22T11:00:00Z,1304.25,1305.0,1303.0,1303.5,0
2023-12-22T12:00:00Z,1303.25,1304.75,1302.75,1302.75,0
2023-12-22T13:00:00Z,1303.0,1307.5,1303.0,1306.25,0
2023-12-22T14:00:00Z,1305.5,1307.75,1302.75,1303.25,0
2023-12-22T15:00:00Z,1303.25,1310.5,1303.0,1305.75,0
2023-12-22T16:00:00Z,1305.5,1308.75,1304.75,1305.75,0
2023-12-22T17:00:00Z,1305.75,1308.0,1304.25,1307.5,0
2023-12-22T18:00:00Z,1307.5,1309.0,1306.0,1308.75,0
2023-12-22T19:00:00Z,1308.75,1309.5,1305.0,1305.75,0
2023-12-26T14:30:00Z,1307.0,1313.75,1302.5,1305.75,0
2023-12-26T15:30:00Z,1305.75,1308.25,1302.75,1303.0,0
2023-12-26T16:30:00Z,1303.25,1307.75,1303.0,1307.5,0
2023-12-26T17:30:00Z,1307.75,1315.75,1307.0,1315.25,0
2023-12-26T18:30:00Z,1315.0,1319.75,1314.75,1318.0,0
2023-12-27T01:00:00Z,1317.25,1318.5,1313.75,1317.75,0
2023-12-27T02:00:00Z,1317.75,1318.0,1316.5,1316.75,0
2023-12-27T03:00:00Z,1316.75,1317.75,1315.75,1317.5,0
2023-12-27T04:00:00Z,1317.5,1318.0,1317.25,1317.75,0
2023-12-27T05:00:00Z,1317.75,1318.0,1315.5,1317.0,0
2023-12-27T06:00:00Z,1317.25,1319.25,1316.25,1319.25,0
2023-12-27T07:00:00Z,1319.0,1319.25,1317.5,1318.25,0
2023-12-27T08:00:00Z,1318.25,1318.75,1317.0,1318.0,0
2023-12-27T09:00:00Z,1318.0,1318.0,1316.0,1317.25,0
2023-12-27T10:00:00Z,1317.25,1317.75,1315.25,1316.25,0
2023-12-27T11:00:00Z,1316.0,1316.5,1315.0,1315.5,0
2023-12-27T12:00:00Z,1315.5,1315.5,1311.75,1314.0,0
2023-12-27T13:00:00Z,1313.75,1316.25,1312.25,1315.75,0
2023-12-27T14:00:00Z,1315.5,1316.0,1311.0,1312.25,0
2023-12-27T15:00:00Z,1312.5,1314.25,1309.0,1312.5,0
2023-12-27T16:00:00Z,1312.5,1313.25,1310.25,1313.0,0
2023-12-27T17:00:00Z,1312.75,1316.75,1312.5,1316.25,0
2023-12-27T18:00:00Z,1316.25,1322.25,1315.75,1319.5,0
2023-12-27T19:00:00Z,1319.75,1322.75,1319.5,1320.75,0
2023-12-28T01:00:00Z,1319.5,1323.0,1318.0,1321.25,0
2023-12-28T02:00:00Z,1321.5,1321.5,1318.75,1319.75,0
2023-12-28T03:00:00Z,1319.75,1320.0,1318.5,1319.5,0
2023-12-28T04:00:00Z,1319.5,1320.0,1319.25,1319.25,0
2023-12-28T05:00:00Z,1319.25,1321.75,1319.0,1321.5,0
2023-12-28T06:00:00Z,1321.25,1322.25,1320.75,1321.5,0
2023-12-28T07:00:00Z,1321.5,1321.5,1319.75,1321.25,0
2023-12-28T08:00:00Z,1321.5,1321.75,1318.25,1318.5,0
2023-12-28T09:00:00Z,1318.5,1319.0,1317.75,1318.25,0
2023-12-28T10:00:00Z,1318.5,1319.0,1317.0,1318.25,0
2023-12-28T11:00:00Z,1318.25,1320.0,1318.0,1318.75,0
2023-12-28T12:00:00Z,1318.75,1320.5,1318.25,1320.5,0
2023-12-28T13:00:00Z,1320.5,1324.0,1320.5,1323.5,0
2023-12-28T14:00:00Z,1323.25,1327.5,1323.0,1325.75,0
2023-12-28T15:00:00Z,1325.75,1326.0,1322.0,1323.0,0
2023-12-28T16:00:00Z,1323.0,1323.0,1317.5,1318.0,0
2023-12-28T17:00:00Z,1318.25,1319.0,1313.0,1315.0,0
2023-12-28T18:00:00Z,1314.75,1315.0,1309.0,1311.5,0
2023-12-28T19:00:00Z,1311.5,1312.5,1310.75,1311.5,0
2023-12-29T01:00:00Z,1311.25,1314.0,1311.25,1312.25,0
2023-12-29T02:00:00Z,1312.25,1314.5,1312.25,1314.0,0
2023-12-29T03:00:00Z,1313.75,1315.0,1313.0,1314.0,0
2023-12-29T04:00:00Z,1313.75,1314.75,1313.75,1314.5,0
2023-12-29T05:00:00Z,1314.5,1316.75,1314.5,1315.75,0
2023-12-29T06:00:00Z,1316.0,1316.0,1312.0,1312.25,0
2023-12-29T07:00:00Z,1312.25,1313.5,1311.25,1311.5,0
2023-12-29T08:00:00Z,1311.25,1311.75,1309.25,1311.0,0
2023-12-29T09:00:00Z,1311.0,1311.5,1309.25,1309.75,0
2023-12-29T10:00:00Z,1309.5,1312.0,1309.5,1311.25,0
2023-12-29T11:00:00Z,1311.25,1311.75,1310.5,1310.5,0
2023-12-29T12:00:00Z,1310.5,1310.75,1308.0,1308.5,0
2023-12-29T13:00:00Z,1308.75,1310.5,1308.0,1309.75,0
2023-12-29T14:00:00Z,1310.5,1310.5,1303.0,1304.5,0
2023-12-29T15:00:00Z,1304.5,1307.0,1303.0,1303.75,0
2023-12-29T16:00:00Z,1303.75,1303.75,1298.5,1300.5,0
2023-12-29T17:00:00Z,1300.5,1301.75,1296.75,1297.5,0
2023-12-29T18:00:00Z,1297.5,1300.5,1297.5,1299.75,0
2023-12-29T19:00:00Z,1299.5,1299.75,1296.75,1297.5,0
2024-01-02T14:30:00Z,1290.5,1290.75,1272.0,1274.5,0
2024-01-02T15:30:00Z,1274.25,1274.25,1267.75,1270.25,0
2024-01-02T16:30:00Z,1270.5,1273.5,1267.25,1272.75,0
2024-01-02T17:30:00Z,1272.75,1276.0,1272.25,1274.25,0
2024-01-02T18:30:00Z,1274.0,1275.75,1271.25,1273.5,0
2024-01-03T01:00:00Z,1273.5,1275.25,1271.25,1274.5,0
2024-01-03T02:00:00Z,1274.25,1275.0,1270.5,1270.5,0
2024-01-03T03:00:00Z,1270.5,1271.5,1269.75,1271.5,0
2024-01-03T04:00:00Z,1271.75,1272.0,1270.25,1270.75,0
2024-01-03T05:00:00Z,1270.5,1272.5,1270.5,1271.5,0
2024-01-03T06:00:00Z,1271.5,1273.5,1271.25,1273.0,0
2024-01-03T07:00:00Z,1273.25,1273.5,1271.0,1272.0,0
2024-01-03T08:00:00Z,1271.75,1272.25,1267.75,1268.25,0
2024-01-03T09:00:00Z,1268.25,1270.5,1267.75,1269.25,0
2024-01-03T10:00:00Z,1269.5,1270.25,1268.5,1268.75,0
2024-01-03T11:00:00Z,1269.0,1270.0,1268.25,1269.75,0
2024-01-03T12:00:00Z,1269.75,1273.0,1268.75,1273.0,0
2024-01-03T13:00:00Z,1272.75,1274.5,1271.0,1273.25,0
2024-01-03T14:00:00Z,1274.0,1274.25,1265.75,1267.25,0
2024-01-03T15:00:00Z,1267.25,1277.0,1267.0,1275.5,0
2024-01-03T16:00:00Z,1275.5,1277.75,1273.25,1277.5,0
2024-01-03T17:00:00Z,1277.75,1280.0,1277.0,1278.75,0
2024-01-03T18:00:00Z,1278.75,1280.0,1276.25,1276.75,0
2024-01-03T19:00:00Z,1276.75,1278.25,1276.0,1277.0,0
2024-01-04T01:00:00Z,1277.0,1280.75,1276.0,1277.25,0
2024-01-04T02:00:00Z,1277.25,1277.5,1274.25,1275.25,0
2024-01-04T03:00:00Z,1275.5,1275.5,1274.0,1274.0,0
2024-01-04T04:00:00Z,1274.0,1275.0,1273.5,1274.5,0
2024-01-04T05:00:00Z,1274.5,1275.5,1274.0,1274.5,0
2024-01-04T06:00:00Z,1274.75,1276.25,1274.5,1274.75,0
2024-01-04T07:00:00Z,1274.5,1276.5,1274.5,1275.75,0
2024-01-04T08:00:00Z,1275.75,1276.25,1273.5,1274.5,0
2024-01-04T09:00:00Z,1274.5,1275.75,1273.75,1275.0,0
2024-01-04T10:00:00Z,1275.0,1275.25,1273.75,1274.5,0
2024-01-04T11:00:00Z,1274.5,1275.25,1273.75,1274.5,0
2024-01-04T12:00:00Z,1274.25,1274.75,1272.0,1272.75,0
2024-01-04T13:00:00Z,1272.75,1274.75,1271.75,1272.25,0
2024-01-04T14:00:00Z,1272.0,1272.25,1265.0,1266.25,0
2024-01-04T15:00:00Z,1266.25,1274.75,1266.0,1271.5,0
2024-01-04T16:00:00Z,1271.5,1273.0,1265.5,1266.25,0
2024-01-04T17:00:00Z,1266.25,1269.0,1265.0,1266.75,0
2024-01-04T18:00:00Z,1267.0,1268.25,1266.25,1267.5,0
2024-01-04T19:00:00Z,1267.5,1268.75,1266.0,1267.0,0
2024-01-05T01:00:00Z,1267.25,1271.5,1265.5,1270.25,0
2024-01-05T02:00:00Z,1270.0,1270.0,1267.5,1269.25,0
2024-01-05T03:00:00Z,1269.0,1269.5,1268.25,1269.25,0
2024-01-05T04:00:00Z,1269.25,1269.5,1268.0,1268.0,0
2024-01-05T05:00:00Z,1268.25,1268.75,1267.75,1268.5,0
2024-01-05T06:00:00Z,1268.5,1269.0,1266.25,1266.75,0
2024-01-05T07:00:00Z,1266.75,1267.5,1266.25,1266.5,0
2024-01-05T08:00:00Z,1266.25,1267.75,1264.5,1264.75,0
2024-01-05T09:00:00Z,1264.75,1265.25,1264.25,1264.5,0
2024-01-05T10:00:00Z,1264.5,1265.25,1263.75,1265.0,0
2024-01-05T11:00:00Z,1265.0,1265.75,1263.25,1264.75,0
2024-01-05T12:00:00Z,1264.5,1265.5,1263.25,1264.5,0
2024-01-05T13:00:00Z,1264.5,1265.0,1259.0,1260.0,0
2024-01-05T14:00:00Z,1261.75,1262.0,1257.5,1260.0,0
2024-01-05T15:00:00Z,1260.0,1266.0,1259.5,1262.0,0
2024-01-05T16:00:00Z,1262.0,1263.0,1259.0,1259.75,0
2024-01-05T17:00:00Z,1259.75,1261.0,1258.0,1258.5,0
2024-01-05T18:00:00Z,1258.5,1259.25,1255.5,1256.0,0
2024-01-05T19:00:00Z,1256.25,1257.75,1255.0,1257.0,0
2024-01-08T01:00:00Z,1258.0,1261.0,1255.5,1255.75,0
2024-01-08T02:00:00Z,1256.25,1257.0,1254.25,1256.5,0
2024-01-08T03:00:00Z,1256.25,1258.5,1256.25,1258.5,0
2024-01-08T04:00:00Z,1258.25,1258.75,1257.75,1258.5,0
2024-01-08T05:00:00Z,1258.25,1258.25,1256.5,1256.75,0
2024-01-08T06:00:00Z,1256.75,1257.5,1254.75,1255.25,0
2024-01-08T07:00:00Z,1255.25,1256.5,1255.0,1256.0,0
2024-01-08T08:00:00Z,1256.0,1256.0,1254.5,1255.0,0
2024-01-08T09:00:00Z,1255.0,1255.25,1252.75,1252.75,0
2024-01-08T10:00:00Z,1252.75,1253.5,1251.0,1253.5,0
2024-01-08T11:00:00Z,1253.5,1253.75,1250.5,1251.0,0
2024-01-08T12:00:00Z,1251.0,1252.75,1249.5,1252.0,0
2024-01-08T13:00:00Z,1252.0,1252.0,1245.5,1246.75,0
2024-01-08T14:00:00Z,1246.75,1247.25,1236.0,1237.5,0
2024-01-08T15:00:00Z,1237.25,1245.25,1236.0,1243.5,0
2024-01-08T16:00:00Z,1243.5,1245.0,1238.5,1240.0,0
2024-01-08T17:00:00Z,1240.25,1245.0,1239.5,1242.75,0
2024-01-08T18:00:00Z,1242.75,1246.0,1242.75,1245.75,0
2024-01-08T19:00:00Z,1246.0,1246.5,1243.75,1245.75,0
2024-01-09T01:00:00Z,1245.25,1249.5,1245.25,1248.75,0
2024-01-09T02:00:00Z,1248.5,1249.5,1248.0,1249.5,0
2024-01-09T03:00:00Z,1249.25,1250.0,1248.25,1248.75,0
2024-01-09T04:00:00Z,1248.75,1249.25,1248.25,1249.0,0
2024-01-09T05:00:00Z,1248.75,1249.5,1247.75,1247.75,0
2024-01-09T06:00:00Z,1247.75,1248.75,1247.0,1247.25,0
2024-01-09T07:00:00Z,1247.25,1247.5,1245.5,1245.75,0
2024-01-09T08:00:00Z,1246.0,1248.0,1245.0,1247.75,0
2024-01-09T09:00:00Z,1248.0,1249.5,1247.75,1248.75,0
2024-01-09T10:00:00Z,1248.5,1249.25,1248.0,1249.25,0
2024-01-09T11:00:00Z,1249.25,1250.5,1248.5,1248.75,0
2024-01-09T12:00:00Z,1249.25,1250.0,1247.75,1248.75,0
2024-01-09T13:00:00Z,1249.0,1251.0,1246.25,1246.75,0
2024-01-09T14:00:00Z,1246.5,1246.75,1234.0,1239.25,0
2024-01-09T15:00:00Z,1239.25,1245.25,1237.75,1244.25,0
2024-01-09T16:00:00Z,1244.25,1249.5,1244.25,1247.0,0
2024-01-09T17:00:00Z,1247.25,1249.25,1244.0,1248.5,0
2024-01-09T18:00:00Z,1248.75,1251.5,1246.75,1248.75,0
2024-01-09T19:00:00Z,1248.5,1249.25,1246.75,1247.75,0
2024-01-10T01:00:00Z,1249.0,1250.0,1246.5,1247.75,0
2024-01-10T02:00:00Z,1247.75,1248.5,1246.75,1246.75,0
2024-01-10T03:00:00Z,1246.75,1247.25,1244.5,1244.75,0
2024-01-10T04:00:00Z,1244.75,1246.75,1244.5,1246.5,0
2024-01-10T05:00:00Z,1246.25,1247.25,1244.5,1246.5,0
2024-01-10T06:00:00Z,1246.5,1247.75,1245.25,1245.25,0
2024-01-10T07:00:00Z,1245.25,1245.25,1242.5,1242.5,0
2024-01-10T08:00:00Z,1242.75,1243.25,1240.75,1240.75,0
2024-01-10T09:00:00Z,1241.0,1243.5,1240.75,1241.25,0
2024-01-10T10:00:00Z,1241.25,1244.0,1241.0,1242.0,0
2024-01-10T11:00:00Z,1241.75,1243.5,1241.0,1242.5,0
2024-01-10T12:00:00Z,1243.0,1245.25,1242.5,1243.5,0
2024-01-10T13:00:00Z,1243.25,1243.75,1240.25,1242.0,0
2024-01-10T14:00:00Z,1243.0,1243.0,1235.25,1239.75,0
2024-01-10T15:00:00Z,1239.5,1242.0,1237.75,1240.25,0
2024-01-10T16:00:00Z,1240.25,1246.5,1238.75,1245.25,0
2024-01-10T17:00:00Z,1245.25,1245.25,1237.75,1239.0,0
2024-01-10T18:00:00Z,1239.0,1239.75,1236.5,1238.25,0
2024-01-10T19:00:00Z,1238.25,1238.5,1235.5,1235.5,0
2024-01-11T01:00:00Z,1236.25,1244.75,1236.0,1244.25,0
2024-01-11T02:00:00Z,1244.5,1244.5,1242.5,1244.5,0
2024-01-11T03:00:00Z,1244.25,1247.5,1244.0,1247.5,0
2024-01-11T04:00:00Z,1247.5,1247.5,1246.5,1247.5,0
2024-01-11T05:00:00Z,1247.75,1249.75,1247.25,1249.25,0
2024-01-11T06:00:00Z,1249.0,1249.5,1247.0,1247.0,0
2024-01-11T07:00:00Z,1247.0,1247.75,1246.25,1246.5,0
2024-01-11T08:00:00Z,1246.25,1247.5,1245.75,1247.25,0
2024-01-11T09:00:00Z,1247.25,1247.5,1245.25,1245.25,0
2024-01-11T10:00:00Z,1245.25,1245.75,1243.5,1244.0,0
2024-01-11T11:00:00Z,1244.0,1244.75,1243.75,1244.75,0
2024-01-11T12:00:00Z,1244.75,1245.0,1242.25,1242.5,0
2024-01-11T13:00:00Z,1242.75,1245.75,1239.5,1240.0,0
2024-01-11T14:00:00Z,1238.0,1243.25,1234.25,1242.0,0
2024-01-11T15:00:00Z,1242.25,1242.5,1236.25,1237.0,0
2024-01-11T16:00:00Z,1237.0,1241.75,1236.25,1240.25,0
2024-01-11T17:00:00Z,1240.5,1241.75,1238.25,1238.75,0
2024-01-11T18:00:00Z,1239.0,1241.25,1238.0,1238.5,0
2024-01-11T19:00:00Z,1238.5,1239.0,1235.5,1236.75,0
2024-01-12T01:00:00Z,1237.0,1243.25,1237.0,1242.5,0
2024-01-12T02:00:00Z,1242.5,1243.75,1241.75,1243.5,0
2024-01-12T03:00:00Z,1243.5,1244.5,1241.25,1242.0,0
2024-01-12T04:00:00Z,1241.75,1242.0,1239.5,1241.0,0
2024-01-12T05:00:00Z,1240.75,1241.75,1240.5,1241.25,0
2024-01-12T06:00:00Z,1241.0,1242.75,1241.0,1242.5,0
2024-01-12T07:00:00Z,1242.75,1243.75,1242.0,1242.25,0
2024-01-12T08:00:00Z,1242.25,1243.75,1241.75,1242.0,0
2024-01-12T09:00:00Z,1242.25,1243.5,1242.0,1243.0,0
2024-01-12T10:00:00Z,1243.0,1243.75,1242.5,1242.75,0
2024-01-12T11:00:00Z,1242.75,1244.25,1242.75,1243.75,0
2024-01-12T12:00:00Z,1244.0,1244.5,1242.25,1243.5,0
2024-01-12T13:00:00Z,1243.25,1246.75,1242.25,1245.0,0
2024-01-12T14:00:00Z,1243.5,1243.75,1236.0,1239.0,0
2024-01-12T15:00:00Z,1238.75,1241.5,1235.5,1238.0,0
2024-01-12T16:00:00Z,1237.75,1239.5,1233.25,1234.5,0
2024-01-12T17:00:00Z,1234.75,1234.75,1203.0,1210.5,0
2024-01-12T18:00:00Z,1210.5,1226.75,1210.25,1218.75,0
2024-01-12T19:00:00Z,1218.5,1227.75,1218.25,1226.25,0
2024-01-16T01:00:00Z,1227.0,1233.25,1224.25,1227.75,0
2024-01-16T02:00:00Z,1228.0,1232.0,1227.5,1231.5,0
2024-01-16T03:00:00Z,1231.5,1232.25,1230.25,1231.5,0
2024-01-16T04:00:00Z,1231.75,1232.75,1231.25,1232.25,0
2024-01-16T05:00:00Z,1232.0,1232.25,1230.75,1231.5,0
2024-01-16T06:00:00Z,1231.5,1234.0,1231.25,1233.75,0
2024-01-16T07:00:00Z,1233.5,1234.5,1232.5,1233.5,0
2024-01-16T08:00:00Z,1233.25,1233.5,1229.25,1229.5,0
2024-01-16T09:00:00Z,1229.5,1230.5,1228.25,1230.25,0
2024-01-16T10:00:00Z,1230.0,1232.25,1229.5,1232.0,0
2024-01-16T11:00:00Z,1231.75,1233.5,1230.75,1233.5,0
2024-01-16T12:00:00Z,1233.5,1235.5,1230.75,1233.25,0
2024-01-16T13:00:00Z,1233.5,1237.75,1232.75,1235.25,0
2024-01-16T14:00:00Z,1233.75,1235.0,1228.5,1231.0,0
2024-01-16T15:00:00Z,1231.0,1233.5,1222.75,1223.75,0
2024-01-16T16:00:00Z,1223.75,1230.75,1221.25,1229.0,0
2024-01-16T17:00:00Z,1229.0,1232.25,1224.0,1224.75,0
2024-01-16T18:00:00Z,1225.0,1225.25,1220.75,1223.75,0
2024-01-16T19:00:00Z,1224.0,1229.25,1223.75,1227.5,0
2024-01-17T01:00:00Z,1227.25,1231.0,1226.25,1226.5,0
2024-01-17T02:00:00Z,1226.5,1227.75,1225.5,1226.0,0
2024-01-17T03:00:00Z,1225.75,1226.0,1223.75,1223.75,0
2024-01-17T04:00:00Z,1224.0,1225.0,1223.25,1224.75,0
2024-01-17T05:00:00Z,1224.75,1225.0,1223.0,1224.5,0
2024-01-17T06:00:00Z,1224.5,1224.5,1222.5,1223.0,0
2024-01-17T07:00:00Z,1223.25,1224.0,1222.5,1223.75,0
2024-01-17T08:00:00Z,1223.75,1226.0,1222.5,1223.75,0
2024-01-17T09:00:00Z,1223.75,1224.25,1221.25,1222.0,0
2024-01-17T10:00:00Z,1222.0,1222.5,1219.25,1220.0,0
2024-01-17T11:00:00Z,1220.25,1221.5,1220.0,1220.75,0
2024-01-17T12:00:00Z,1220.5,1221.0,1217.75,1219.75,0
2024-01-17T13:00:00Z,1219.25,1219.25,1213.75,1215.0,0
2024-01-17T14:00:00Z,1214.0,1215.0,1207.0,1212.75,0
2024-01-17T15:00:00Z,1213.0,1217.25,1210.0,1214.75,0
2024-01-17T16:00:00Z,1215.0,1217.5,1208.5,1210.0,0
2024-01-17T17:00:00Z,1209.75,1211.75,1207.25,1208.0,0
2024-01-17T18:00:00Z,1208.0,1208.5,1205.0,1206.25,0
2024-01-17T19:00:00Z,1206.25,1208.5,1205.0,1205.75,0
2024-01-18T01:00:00Z,1206.0,1212.25,1205.0,1211.25,0
2024-01-18T02:00:00Z,1211.25,1211.25,1203.75,1204.5,0
2024-01-18T03:00:00Z,1204.5,1208.0,1204.5,1207.5,0
2024-01-18T04:00:00Z,1207.5,1208.0,1206.75,1207.0,0
2024-01-18T05:00:00Z,1207.0,1208.75,1206.75,1208.5,0
2024-01-18T06:00:00Z,1208.5,1210.75,1208.5,1209.5,0
2024-01-18T07:00:00Z,1210.0,1211.0,1208.75,1209.5,0
2024-01-18T08:00:00Z,1209.5,1211.0,1208.25,1210.5,0
2024-01-18T09:00:00Z,1210.5,1213.25,1210.25,1212.25,0
2024-01-18T10:00:00Z,1212.25,1213.75,1212.0,1213.5,0
2024-01-18T11:00:00Z,1213.75,1214.5,1212.25,1213.5,0
2024-01-18T12:00:00Z,1213.75,1214.0,1211.0,1211.5,0
2024-01-18T13:00:00Z,1211.5,1212.5,1205.75,1206.0,0
2024-01-18T14:00:00Z,1205.5,1210.0,1203.75,1207.25,0
2024-01-18T15:00:00Z,1207.25,1209.0,1201.0,1206.25,0
2024-01-18T16:00:00Z,1206.25,1208.0,1205.0,1206.75,0
2024-01-18T17:00:00Z,1206.5,1209.5,1204.75,1207.25,0
2024-01-18T18:00:00Z,1207.5,1216.0,1207.25,1214.5,0
2024-01-18T19:00:00Z,1214.75,1216.0,1212.75,1213.25,0
2024-01-19T01:00:00Z,1213.0,1218.0,1212.75,1217.0,0
2024-01-19T02:00:00Z,1217.0,1219.75,1216.5,1219.5,0
2024-01-19T03:00:00Z,1219.75,1220.5,1219.25,1219.25,0
2024-01-19T04:00:00Z,1219.25,1219.25,1217.5,1217.5,0
2024-01-19T05:00:00Z,1217.5,1219.75,1217.5,1219.5,0
2024-01-19T06:00:00Z,1219.5,1220.25,1218.0,1219.75,0
2024-01-19T07:00:00Z,1219.75,1220.5,1218.75,1218.75,0
2024-01-19T08:00:00Z,1218.75,1219.75,1218.0,1219.75,0
2024-01-19T09:00:00Z,1219.5,1220.5,1219.25,1220.0,0
2024-01-19T10:00:00Z,1220.0,1220.75,1219.0,1220.0,0
2024-01-19T11:00:00Z,1219.75,1221.25,1219.0,1221.0,0
2024-01-19T12:00:00Z,1221.0,1222.75,1220.25,1221.25,0
2024-01-19T13:00:00Z,1221.5,1225.75,1221.25,1224.25,0
2024-01-19T14:00:00Z,1224.25,1227.0,1220.75,1221.75,0
2024-01-19T15:00:00Z,1221.75,1222.75,1216.5,1217.5,0
2024-01-19T16:00:00Z,1217.5,1219.5,1215.75,1217.0,0
2024-01-19T17:00:00Z,1217.0,1218.5,1215.25,1216.25,0
2024-01-19T18:00:00Z,1216.25,1217.0,1210.75,1212.75,0
2024-01-19T19:00:00Z,1212.75,1214.25,1212.0,1214.0,0
2024-01-22T01:00:00Z,1216.75,1220.75,1215.5,1217.0,0
2024-01-22T02:00:00Z,1216.75,1219.75,1216.25,1219.25,0
2024-01-22T03:00:00Z,1219.0,1221.5,1219.0,1220.5,0
2024-01-22T04:00:00Z,1220.75,1220.75,1218.5,1218.75,0
2024-01-22T05:00:00Z,1218.5,1219.5,1217.75,1218.25,0
2024-01-22T06:00:00Z,1218.5,1218.5,1214.25,1215.25,0
2024-01-22T07:00:00Z,1215.25,1216.75,1214.5,1214.5,0
2024-01-22T08:00:00Z,1214.5,1214.5,1210.5,1212.0,0
2024-01-22T09:00:00Z,1212.0,1214.25,1210.5,1212.0,0
2024-01-22T10:00:00Z,1212.0,1214.5,1211.25,1212.75,0
2024-01-22T11:00:00Z,1213.0,1214.5,1211.75,1211.75,0
2024-01-22T12:00:00Z,1211.5,1212.75,1210.0,1210.25,0
2024-01-22T13:00:00Z,1210.0,1217.25,1209.5,1213.5,0
2024-01-22T14:00:00Z,1213.0,1217.75,1210.5,1215.25,0
2024-01-22T15:00:00Z,1215.25,1220.75,1214.75,1217.25,0
2024-01-22T16:00:00Z,1217.25,1220.75,1215.25,1220.75,0
2024-01-22T17:00:00Z,1220.75,1223.5,1219.75,1221.0,0
2024-01-22T18:00:00Z,1220.75,1224.25,1219.75,1222.75,0
2024-01-22T19:00:00Z,1222.75,1225.75,1222.75,1223.75,0
2024-01-23T01:00:00Z,1224.25,1225.0,1221.5,1225.0,0
2024-01-23T02:00:00Z,1225.0,1226.5,1223.5,1223.75,0
2024-01-23T03:00:00Z,1224.0,1226.5,1223.0,1226.5,0
2024-01-23T04:00:00Z,1226.25,1226.5,1225.5,1225.5,0
2024-01-23T05:00:00Z,1225.75,1225.75,1224.0,1225.0,0
2024-01-23T06:00:00Z,1225.0,1226.5,1224.0,1226.5,0
2024-01-23T07:00:00Z,1226.25,1228.25,1224.75,1226.75,0
2024-01-23T08:00:00Z,1226.5,1228.25,1225.75,1227.5,0
2024-01-23T09:00:00Z,1227.25,1227.75,1226.25,1227.0,0
2024-01-23T10:00:00Z,1227.0,1228.0,1226.5,1227.5,0
2024-01-23T11:00:00Z,1227.25,1229.5,1226.25,1229.0,0
2024-01-23T12:00:00Z,1228.75,1231.0,1228.0,1230.75,0
2024-01-23T13:00:00Z,1230.75,1234.0,1230.25,1232.75,0
2024-01-23T14:00:00Z,1232.0,1234.75,1230.0,1231.0,0
2024-01-23T15:00:00Z,1231.0,1234.0,1227.0,1228.75,0
2024-01-23T16:00:00Z,1229.0,1231.5,1227.5,1230.0,0
2024-01-23T17:00:00Z,1230.25,1233.5,1229.5,1232.75,0
2024-01-23T18:00:00Z,1232.5,1236.25,1230.75,1236.0,0
2024-01-23T19:00:00Z,1236.0,1240.5,1236.0,1239.25,0
2024-01-24T01:00:00Z,1239.0,1241.5,1237.75,1241.5,0
2024-01-24T02:00:00Z,1241.75,1242.25,1239.75,1240.75,0
2024-01-24T03:00:00Z,1240.75,1240.75,1237.0,1237.5,0
2024-01-24T04:00:00Z,1237.25,1237.25,1236.0,1236.75,0
2024-01-24T05:00:00Z,1236.75,1237.75,1236.25,1237.25,0
2024-01-24T06:00:00Z,1237.25,1239.5,1236.0,1239.25,0
2024-01-24T07:00:00Z,1239.0,1243.0,1238.75,1242.5,0
2024-01-24T08:00:00Z,1242.0,1243.75,1242.0,1243.25,0
2024-01-24T09:00:00Z,1243.25,1244.75,1242.0,1242.25,0
2024-01-24T10:00:00Z,1242.0,1242.75,1241.0,1241.5,0
2024-01-24T11:00:00Z,1241.25,1242.5,1240.0,1241.75,0
2024-01-24T12:00:00Z,1241.75,1242.25,1237.5,1237.75,0
2024-01-24T13:00:00Z,1237.75,1244.0,1237.5,1243.0,0
2024-01-24T14:00:00Z,1243.75,1246.0,1237.25,1238.25,0
2024-01-24T15:00:00Z,1238.25,1240.75,1235.25,1238.25,0
2024-01-24T16:00:00Z,1238.25,1244.5,1237.75,1244.25,0
2024-01-24T17:00:00Z,1244.25,1245.75,1242.0,1245.0,0
2024-01-24T18:00:00Z,1244.75,1245.5,1240.25,1240.75,0
2024-01-24T19:00:00Z,1240.5,1241.5,1239.0,1239.5,0
2024-01-25T01:00:00Z,1240.0,1244.25,1239.25,1243.75,0
2024-01-25T02:00:00Z,1243.75,1247.5,1242.5,1245.5,0
2024-01-25T03:00:00Z,1245.5,1247.25,1245.25,1245.25,0
2024-01-25T04:00:00Z,1245.25,1245.25,1244.75,1245.0,0
2024-01-25T05:00:00Z,1245.0,1245.25,1243.25,1243.25,0
2024-01-25T06:00:00Z,1243.25,1244.0,1241.75,1243.25,0
2024-01-25T07:00:00Z,1243.25,1243.5,1242.25,1242.75,0
2024-01-25T08:00:00Z,1242.75,1244.0,1242.5,1243.75,0
2024-01-25T09:00:00Z,1243.5,1244.25,1242.0,1243.25,0
2024-01-25T10:00:00Z,1243.25,1243.5,1241.5,1242.5,0
2024-01-25T11:00:00Z,1242.75,1243.75,1241.5,1242.0,0
2024-01-25T12:00:00Z,1242.25,1243.5,1240.0,1241.25,0
2024-01-25T13:00:00Z,1241.25,1241.75,1236.5,1237.0,0
2024-01-25T14:00:00Z,1237.5,1238.5,1225.75,1232.75,0
2024-01-25T15:00:00Z,1232.5,1232.5,1220.0,1222.75,0
2024-01-25T16:00:00Z,1223.0,1223.0,1215.5,1220.25,0
2024-01-25T17:00:00Z,1220.25,1224.0,1219.75,1221.0,0
2024-01-25T18:00:00Z,1221.0,1224.0,1220.25,1223.0,0
2024-01-25T19:00:00Z,1222.75,1223.75,1222.0,1222.75,0
2024-01-26T01:00:00Z,1223.5,1225.0,1221.25,1223.0,0
2024-01-26T02:00:00Z,1223.0,1226.0,1223.0,1226.0,0
2024-01-26T03:00:00Z,1226.0,1227.25,1225.75,1226.0,0
2024-01-26T04:00:00Z,1226.25,1226.5,1225.5,1226.0,0
2024-01-26T05:00:00Z,1225.75,1230.75,1225.75,1230.25,0
2024-01-26T06:00:00Z,1230.25,1230.5,1226.0,1226.5,0
2024-01-26T07:00:00Z,1226.75,1226.75,1220.75,1221.25,0
2024-01-26T08:00:00Z,1221.5,1222.5,1220.75,1221.75,0
2024-01-26T09:00:00Z,1221.5,1221.75,1218.5,1219.5,0
2024-01-26T10:00:00Z,1219.5,1221.75,1218.5,1221.5,0
2024-01-26T11:00:00Z,1221.5,1222.0,1218.75,1218.75,0
2024-01-26T12:00:00Z,1218.75,1219.75,1212.5,1213.75,0
2024-01-26T13:00:00Z,1213.75,1214.75,1210.5,1212.25,0
2024-01-26T14:00:00Z,1212.0,1214.0,1208.5,1212.0,0
2024-01-26T15:00:00Z,1212.0,1218.0,1211.25,1216.75,0
2024-01-26T16:00:00Z,1217.0,1217.5,1212.25,1213.5,0
2024-01-26T17:00:00Z,1213.75,1214.0,1209.0,1209.75,0
2024-01-26T18:00:00Z,1210.0,1212.0,1209.25,1209.25,0
2024-01-26T19:00:00Z,1209.5,1209.75,1208.5,1208.75,0
2024-01-29T01:00:00Z,1210.75,1212.5,1207.0,1211.25,0
2024-01-29T02:00:00Z,1211.25,1211.25,1209.0,1210.0,0
2024-01-29T03:00:00Z,1210.0,1210.75,1207.75,1209.0,0
2024-01-29T04:00:00Z,1209.0,1210.5,1208.75,1209.75,0
2024-01-29T05:00:00Z,1209.75,1210.75,1208.5,1209.25,0
2024-01-29T06:00:00Z,1209.5,1210.25,1205.75,1206.0,0
2024-01-29T07:00:00Z,1206.0,1207.75,1205.0,1205.25,0
2024-01-29T08:00:00Z,1205.5,1206.5,1204.0,1204.0,0
2024-01-29T09:00:00Z,1204.0,1204.5,1198.25,1198.5,0
2024-01-29T10:00:00Z,1198.5,1203.0,1198.0,1201.75,0
2024-01-29T11:00:00Z,1201.75,1202.75,1200.0,1201.0,0
2024-01-29T12:00:00Z,1200.75,1204.25,1200.0,1203.5,0
2024-01-29T13:00:00Z,1203.5,1206.25,1202.0,1202.0,0
2024-01-29T14:00:00Z,1199.75,1200.5,1194.25,1197.0,0
2024-01-29T15:00:00Z,1197.0,1202.25,1194.5,1201.5,0
2024-01-29T16:00:00Z,1201.5,1207.5,1195.5,1197.75,0
2024-01-29T17:00:00Z,1197.75,1201.0,1192.75,1194.75,0
2024-01-29T18:00:00Z,1194.5,1195.75,1191.5,1193.75,0
2024-01-29T19:00:00Z,1193.75,1195.0,1193.0,1193.5,0
2024-01-30T01:00:00Z,1193.75,1195.0,1190.5,1191.25,0
2024-01-30T02:00:00Z,1191.0,1191.75,1190.5,1190.75,0
2024-01-30T03:00:00Z,1190.5,1192.75,1190.25,1190.5,0
2024-01-30T04:00:00Z,1190.5,1190.5,1189.25,1190.25,0
2024-01-30T05:00:00Z,1190.25,1191.0,1189.25,1189.75,0
2024-01-30T06:00:00Z,1189.75,1190.75,1188.25,1189.75,0
2024-01-30T07:00:00Z,1189.75,1192.75,1187.75,1192.75,0
2024-01-30T08:00:00Z,1192.75,1197.25,1192.75,1194.75,0
2024-01-30T09:00:00Z,1194.75,1195.5,1192.25,1192.25,0
2024-01-30T10:00:00Z,1192.25,1193.5,1191.5,1193.0,0
2024-01-30T11:00:00Z,1193.25,1193.25,1192.0,1192.5,0
2024-01-30T12:00:00Z,1192.5,1195.5,1191.25,1195.5,0
2024-01-30T13:00:00Z,1195.5,1198.25,1195.25,1197.0,0
2024-01-30T14:00:00Z,1197.0,1203.5,1195.5,1201.0,0
2024-01-30T15:00:00Z,1201.0,1205.25,1198.25,1205.25,0
2024-01-30T16:00:00Z,1205.0,1210.5,1204.5,1209.75,0
2024-01-30T17:00:00Z,1209.5,1214.5,1209.0,1211.25,0
2024-01-30T18:00:00Z,1211.25,1218.75,1209.5,1218.0,0
2024-01-30T19:00:00Z,1217.75,1221.25,1216.75,1220.25,0
2024-01-31T01:00:00Z,1218.75,1219.0,1215.0,1216.5,0
2024-01-31T02:00:00Z,1216.5,1216.75,1214.75,1216.0,0
2024-01-31T03:00:00Z,1216.25,1216.75,1215.0,1215.25,0
2024-01-31T04:00:00Z,1215.25,1216.25,1215.25,1215.75,0
2024-01-31T05:00:00Z,1215.75,1216.0,1212.5,1212.75,0
2024-01-31T06:00:00Z,1213.0,1213.25,1211.25,1213.0,0
2024-01-31T07:00:00Z,1212.75,1212.75,1209.5,1209.5,0
2024-01-31T08:00:00Z,1209.75,1210.0,1207.0,1208.0,0
2024-01-31T09:00:00Z,1207.75,1209.75,1206.75,1207.75,0
2024-01-31T10:00:00Z,1208.0,1209.75,1207.75,1208.25,0
2024-01-31T11:00:00Z,1208.5,1209.75,1208.25,1209.25,0
2024-01-31T12:00:00Z,1209.25,1213.0,1209.25,1211.75,0
2024-01-31T13:00:00Z,1211.75,1214.5,1211.25,1212.75,0
2024-01-31T14:00:00Z,1212.25,1217.0,1208.25,1214.0,0
2024-01-31T15:00:00Z,1214.0,1216.75,1209.5,1210.5,0
2024-01-31T16:00:00Z,1210.25,1211.25,1206.75,1209.75,0
2024-01-31T17:00:00Z,1209.75,1215.75,1209.75,1213.0,0
2024-01-31T18:00:00Z,1213.0,1221.75,1211.25,1221.0,0
2024-01-31T19:00:00Z,1220.75,1223.0,1218.75,1222.25,0
2024-02-01T01:00:00Z,1221.25,1221.75,1215.0,1217.75,0
2024-02-01T02:00:00Z,1217.75,1221.0,1217.5,1219.75,0
2024-02-01T03:00:00Z,1219.5,1221.5,1217.25,1217.75,0
2024-02-01T04:00:00Z,1217.75,1218.75,1217.75,1218.75,0
2024-02-01T05:00:00Z,1218.75,1218.75,1216.0,1216.0,0
2024-02-01T06:00:00Z,1216.25,1217.0,1214.75,1216.75,0
2024-02-01T07:00:00Z,1216.5,1217.5,1214.25,1215.75,0
2024-02-01T08:00:00Z,1215.75,1216.5,1214.0,1215.5,0
2024-02-01T09:00:00Z,1215.5,1218.0,1214.75,1215.0,0
2024-02-01T10:00:00Z,1215.0,1215.75,1211.75,1211.75,0
2024-02-01T11:00:00Z,1211.75,1213.25,1210.25,1211.0,0
2024-02-01T12:00:00Z,1211.0,1212.75,1209.0,1212.25,0
2024-02-01T13:00:00Z,1212.25,1213.0,1207.25,1208.0,0
2024-02-01T14:00:00Z,1209.5,1210.5,1202.75,1204.0,0
2024-02-01T15:00:00Z,1204.0,1214.75,1203.75,1207.75,0
2024-02-01T16:00:00Z,1207.5,1208.0,1202.5,1203.5,0
2024-02-01T17:00:00Z,1203.5,1205.25,1199.5,1201.0,0
2024-02-01T18:00:00Z,1200.75,1204.75,1199.75,1203.5,0
2024-02-01T19:00:00Z,1203.75,1204.25,1202.0,1203.25,0
2024-02-02T01:00:00Z,1203.25,1207.0,1201.0,1206.25,0
2024-02-02T02:00:00Z,1206.25,1206.25,1203.5,1204.75,0
2024-02-02T03:00:00Z,1204.75,1206.0,1204.25,1205.5,0
2024-02-02T04:00:00Z,1205.25,1205.25,1203.25,1203.75,0
2024-02-02T05:00:00Z,1203.75,1204.0,1202.25,1202.25,0
2024-02-02T06:00:00Z,1202.25,1203.25,1199.5,1200.75,0
2024-02-02T07:00:00Z,1200.5,1204.25,1200.5,1204.0,0
2024-02-02T08:00:00Z,1204.0,1205.5,1201.0,1201.25,0
2024-02-02T09:00:00Z,1201.0,1202.5,1200.75,1202.25,0
2024-02-02T10:00:00Z,1202.25,1203.75,1202.0,1202.25,0
2024-02-02T11:00:00Z,1202.0,1206.5,1201.75,1206.25,0
2024-02-02T12:00:00Z,1206.25,1208.25,1204.0,1205.0,0
2024-02-02T13:00:00Z,1204.75,1207.75,1200.0,1202.0,0
2024-02-02T14:00:00Z,1201.25,1203.75,1196.5,1199.0,0
2024-02-02T15:00:00Z,1199.0,1202.25,1195.5,1196.25,0
2024-02-02T16:00:00Z,1196.25,1196.5,1192.25,1195.75,0
2024-02-02T17:00:00Z,1195.5,1195.5,1189.5,1193.25,0
2024-02-02T18:00:00Z,1193.0,1193.75,1187.25,1187.75,0
2024-02-02T19:00:00Z,1187.75,1189.75,1186.75,1188.0,0
2024-02-05T01:00:00Z,1190.0,1192.0,1183.25,1191.5,0
2024-02-05T02:00:00Z,1191.5,1192.0,1189.0,1189.5,0
2024-02-05T03:00:00Z,1189.75,1194.5,1189.5,1192.25,0
2024-02-05T04:00:00Z,1192.25,1196.0,1192.0,1193.5,0
2024-02-05T05:00:00Z,1193.5,1195.25,1192.5,1194.0,0
2024-02-05T06:00:00Z,1193.5,1194.0,1190.75,1190.75,0
2024-02-05T07:00:00Z,1190.5,1191.75,1188.25,1189.5,0
2024-02-05T08:00:00Z,1189.5,1190.75,1188.5,1189.5,0
2024-02-05T09:00:00Z,1189.25,1190.25,1185.5,1187.5,0
2024-02-05T10:00:00Z,1187.5,1188.0,1186.25,1187.75,0
2024-02-05T11:00:00Z,1187.75,1188.25,1186.0,1186.75,0
2024-02-05T12:00:00Z,1186.75,1186.75,1182.25,1183.0,0
2024-02-05T13:00:00Z,1183.25,1184.75,1181.25,1182.5,0
2024-02-05T14:00:00Z,1183.0,1185.5,1179.5,1184.0,0
2024-02-05T15:00:00Z,1183.75,1192.0,1183.5,1191.0,0
2024-02-05T16:00:00Z,1191.25,1194.75,1187.75,1188.25,0
2024-02-05T17:00:00Z,1188.25,1196.25,1187.5,1196.0,0
2024-02-05T18:00:00Z,1195.75,1197.0,1192.75,1196.0,0
2024-02-05T19:00:00Z,1195.75,1198.5,1194.75,1197.5,0
2024-02-06T01:00:00Z,1196.0,1198.75,1194.25,1197.25,0
2024-02-06T02:00:00Z,1197.25,1198.5,1194.25,1194.25,0
2024-02-06T03:00:00Z,1194.25,1196.5,1193.75,1195.75,0
2024-02-06T04:00:00Z,1195.5,1197.25,1195.25,1196.5,0
2024-02-06T05:00:00Z,1196.75,1198.5,1196.25,1197.0,0
2024-02-06T06:00:00Z,1197.0,1198.25,1196.0,1197.75,0
2024-02-06T07:00:00Z,1197.75,1198.5,1196.75,1197.5,0
2024-02-06T08:00:00Z,1197.5,1198.0,1194.5,1195.5,0
2024-02-06T09:00:00Z,1195.5,1198.75,1194.5,1194.5,0
2024-02-06T10:00:00Z,1194.75,1197.25,1194.25,1197.0,0
2024-02-06T11:00:00Z,1196.75,1200.5,1196.5,1200.0,0
2024-02-06T12:00:00Z,1200.0,1201.5,1199.0,1199.75,0
2024-02-06T13:00:00Z,1200.0,1204.0,1199.75,1202.25,0
2024-02-06T14:00:00Z,1200.25,1204.0,1196.5,1198.0,0
2024-02-06T15:00:00Z,1198.25,1203.25,1196.5,1200.5,0
2024-02-06T16:00:00Z,1200.5,1205.5,1197.5,1201.0,0
2024-02-06T17:00:00Z,1201.0,1201.75,1197.0,1197.75,0
2024-02-06T18:00:00Z,1197.75,1199.0,1195.75,1198.25,0
2024-02-06T19:00:00Z,1198.5,1200.25,1197.0,1199.75,0
2024-02-07T01:00:00Z,1199.0,1202.0,1198.5,1200.0,0
2024-02-07T02:00:00Z,1200.0,1201.0,1193.0,1193.25,0
2024-02-07T03:00:00Z,1193.0,1193.0,1189.75,1191.0,0
2024-02-07T04:00:00Z,1190.75,1191.0,1188.75,1189.0,0
2024-02-07T05:00:00Z,1189.0,1190.0,1187.25,1188.25,0
2024-02-07T06:00:00Z,1188.5,1190.0,1186.5,1189.25,0
2024-02-07T07:00:00Z,1189.0,1190.0,1187.5,1187.75,0
2024-02-07T08:00:00Z,1188.0,1190.5,1188.0,1188.75,0
2024-02-07T09:00:00Z,1188.75,1190.0,1187.25,1189.25,0
2024-02-07T10:00:00Z,1189.5,1189.5,1186.0,1186.75,0
2024-02-07T11:00:00Z,1186.75,1188.5,1185.75,1186.75,0
2024-02-07T12:00:00Z,1186.75,1186.75,1183.5,1185.5,0
2024-02-07T13:00:00Z,1185.5,1187.25,1183.5,1184.0,0
2024-02-07T14:00:00Z,1182.75,1185.0,1179.25,1185.0,0
2024-02-07T15:00:00Z,1185.0,1195.0,1183.25,1193.75,0
2024-02-07T16:00:00Z,1193.75,1194.25,1183.75,1185.5,0
2024-02-07T17:00:00Z,1185.25,1187.75,1183.5,1184.0,0
2024-02-07T18:00:00Z,1183.75,1189.0,1183.75,1186.75,0
2024-02-07T19:00:00Z,1186.75,1190.5,1186.25,1189.75,0
2024-02-08T01:00:00Z,1187.0,1191.0,1184.5,1190.25,0
2024-02-08T02:00:00Z,1190.0,1190.75,1188.0,1189.75,0
2024-02-08T03:00:00Z,1189.5,1190.0,1188.25,1188.25,0
2024-02-08T04:00:00Z,1188.5,1190.0,1188.5,1188.75,0
2024-02-08T05:00:00Z,1188.5,1189.5,1188.0,1188.25,0
2024-02-08T06:00:00Z,1188.0,1191.0,1188.0,1190.5,0
2024-02-08T07:00:00Z,1190.75,1191.25,1190.0,1190.75,0
2024-02-08T08:00:00Z,1190.5,1191.25,1189.75,1190.75,0
2024-02-08T09:00:00Z,1190.75,1191.5,1190.0,1191.25,0
2024-02-08T10:00:00Z,1191.5,1191.75,1190.0,1191.5,0
2024-02-08T11:00:00Z,1191.5,1191.75,1188.25,1190.5,0
2024-02-08T12:00:00Z,1190.75,1196.75,1190.75,1194.0,0
2024-02-08T13:00:00Z,1193.75,1196.25,1192.25,1193.25,0
2024-02-08T14:00:00Z,1191.5,1200.75,1190.75,1199.25,0
2024-02-08T15:00:00Z,1199.5,1204.75,1198.5,1201.25,0
2024-02-08T16:00:00Z,1201.25,1202.25,1196.75,1199.5,0
2024-02-08T17:00:00Z,1199.0,1199.0,1184.5,1187.0,0
2024-02-08T18:00:00Z,1187.0,1187.75,1180.5,1187.25,0
2024-02-08T19:00:00Z,1187.25,1195.75,1187.25,1195.5,0
2024-02-09T01:00:00Z,1195.0,1198.0,1193.0,1194.0,0
2024-02-09T02:00:00Z,1193.75,1193.75,1192.0,1193.25,0
2024-02-09T03:00:00Z,1193.25,1193.5,1191.25,1192.0,0
2024-02-09T04:00:00Z,1192.0,1192.25,1191.5,1191.5,0
2024-02-09T05:00:00Z,1191.5,1193.0,1190.25,1190.25,0
2024-02-09T06:00:00Z,1190.25,1191.0,1190.0,1190.75,0
2024-02-09T07:00:00Z,1190.75,1191.75,1190.5,1191.75,0
2024-02-09T08:00:00Z,1192.0,1192.0,1188.25,1188.25,0
2024-02-09T09:00:00Z,1188.25,1189.25,1186.75,1186.75,0
2024-02-09T10:00:00Z,1186.5,1186.75,1183.5,1183.75,0
2024-02-09T11:00:00Z,1183.75,1184.75,1183.0,1183.75,0
2024-02-09T12:00:00Z,1183.75,1186.25,1182.5,1184.0,0
2024-02-09T13:00:00Z,1184.25,1187.75,1183.75,1185.75,0
2024-02-09T14:00:00Z,1185.0,1193.5,1183.75,1191.0,0
2024-02-09T15:00:00Z,1190.75,1191.5,1181.5,1184.5,0
2024-02-09T16:00:00Z,1184.25,1186.75,1181.5,1184.25,0
2024-02-09T17:00:00Z,1184.5,1187.75,1183.75,1186.0,0
2024-02-09T18:00:00Z,1186.0,1188.75,1183.5,1184.75,0
2024-02-09T19:00:00Z,1184.75,1185.5,1183.0,1184.75,0
2024-02-12T01:00:00Z,1183.75,1187.5,1182.5,1187.5,0
2024-02-12T02:00:00Z,1187.5,1188.0,1186.5,1187.0,0
2024-02-12T03:00:00Z,1187.25,1188.25,1186.75,1188.25,0
2024-02-12T04:00:00Z,1188.25,1189.0,1187.5,1188.0,0
2024-02-12T05:00:00Z,1188.25,1188.75,1188.0,1188.25,0
2024-02-12T06:00:00Z,1188.25,1188.5,1186.75,1187.0,0
2024-02-12T07:00:00Z,1186.75,1189.75,1186.5,1189.25,0
2024-02-12T08:00:00Z,1189.25,1191.5,1188.75,1190.0,0
2024-02-12T09:00:00Z,1190.25,1190.25,1187.5,1188.5,0
2024-02-12T10:00:00Z,1188.25,1188.75,1187.5,1188.0,0
2024-02-12T11:00:00Z,1188.25,1189.5,1187.25,1189.5,0
2024-02-12T12:00:00Z,1189.5,1192.5,1187.75,1192.5,0
2024-02-12T13:00:00Z,1192.5,1194.25,1191.0,1193.0,0
2024-02-12T14:00:00Z,1192.0,1196.5,1188.75,1193.0,0
2024-02-12T15:00:00Z,1193.25,1195.0,1190.5,1191.25,0
2024-02-12T16:00:00Z,1191.5,1196.5,1190.0,1193.5,0
2024-02-12T17:00:00Z,1193.75,1196.75,1192.0,1194.75,0
2024-02-12T18:00:00Z,1194.75,1196.0,1192.75,1194.0,0
2024-02-12T19:00:00Z,1193.75,1194.25,1192.25,1192.75,0
2024-02-13T01:00:00Z,1191.75,1192.0,1188.5,1190.75,0
2024-02-13T02:00:00Z,1190.5,1190.5,1189.0,1189.5,0
2024-02-13T03:00:00Z,1189.5,1189.5,1187.5,1187.5,0
2024-02-13T04:00:00Z,1187.5,1189.0,1187.5,1189.0,0
2024-02-13T05:00:00Z,1188.75,1189.25,1188.25,1188.25,0
2024-02-13T06:00:00Z,1188.25,1188.5,1187.0,1187.5,0
2024-02-13T07:00:00Z,1187.5,1189.5,1187.0,1188.75,0
2024-02-13T08:00:00Z,1189.0,1191.0,1187.75,1190.0,0
2024-02-13T09:00:00Z,1190.25,1192.25,1188.75,1191.75,0
2024-02-13T10:00:00Z,1191.75,1192.5,1190.0,1190.5,0
2024-02-13T11:00:00Z,1190.75,1190.75,1188.25,1190.25,0
2024-02-13T12:00:00Z,1190.5,1194.25,1190.0,1194.25,0
2024-02-13T13:00:00Z,1194.25,1195.5,1191.75,1193.25,0
2024-02-13T14:00:00Z,1191.5,1197.5,1188.5,1194.0,0
2024-02-13T15:00:00Z,1193.75,1194.75,1186.25,1189.75,0
2024-02-13T16:00:00Z,1190.0,1191.75,1188.0,1189.5,0
2024-02-13T17:00:00Z,1189.25,1190.25,1183.75,1184.25,0
2024-02-13T18:00:00Z,1184.25,1186.25,1183.0,1184.25,0
2024-02-13T19:00:00Z,1184.25,1187.25,1183.5,1187.0,0
2024-02-14T01:00:00Z,1186.25,1186.25,1177.0,1179.75,0
2024-02-14T02:00:00Z,1179.5,1180.0,1178.75,1179.5,0
2024-02-14T03:00:00Z,1179.5,1179.75,1178.5,1178.75,0
2024-02-14T04:00:00Z,1179.0,1180.5,1178.75,1179.25,0
2024-02-14T05:00:00Z,1179.0,1179.0,1177.75,1177.75,0
2024-02-14T06:00:00Z,1178.25,1178.25,1175.75,1178.0,0
2024-02-14T07:00:00Z,1178.0,1179.0,1178.0,1178.25,0
2024-02-14T08:00:00Z,1178.25,1179.25,1177.25,1177.5,0
2024-02-14T09:00:00Z,1177.75,1179.5,1176.75,1179.25,0
2024-02-14T10:00:00Z,1179.25,1180.0,1178.0,1179.5,0
2024-02-14T11:00:00Z,1179.5,1180.5,1178.25,1179.0,0
2024-02-14T12:00:00Z,1179.25,1179.75,1177.5,1178.0,0
2024-02-14T13:00:00Z,1177.75,1183.5,1177.25,1183.0,0
2024-02-14T14:00:00Z,1181.25,1190.0,1181.25,1187.25,0
2024-02-14T15:00:00Z,1187.0,1188.75,1181.5,1184.75,0
2024-02-14T16:00:00Z,1184.75,1184.75,1177.0,1177.25,0
2024-02-14T17:00:00Z,1177.0,1178.25,1170.0,1171.75,0
2024-02-14T18:00:00Z,1171.75,1173.25,1170.75,1171.5,0
2024-02-14T19:00:00Z,1171.5,1172.0,1168.25,1168.25,0
2024-02-15T01:00:00Z,1174.25,1174.75,1171.75,1173.25,0
2024-02-15T02:00:00Z,1173.25,1173.25,1171.75,1173.25,0
2024-02-15T03:00:00Z,1173.25,1174.5,1172.75,1173.75,0
2024-02-15T04:00:00Z,1173.75,1174.5,1173.75,1174.25,0
2024-02-15T05:00:00Z,1174.25,1174.25,1173.5,1173.75,0
2024-02-15T06:00:00Z,1173.0,1173.25,1171.75,1172.75,0
2024-02-15T07:00:00Z,1172.75,1173.25,1171.75,1172.25,0
2024-02-15T08:00:00Z,1172.0,1174.0,1171.75,1172.25,0
2024-02-15T09:00:00Z,1172.0,1174.25,1172.0,1173.0,0
2024-02-15T10:00:00Z,1173.0,1174.0,1172.75,1173.75,0
2024-02-15T11:00:00Z,1174.0,1174.5,1172.5,1172.75,0
2024-02-15T12:00:00Z,1172.75,1177.5,1170.0,1176.0,0
2024-02-15T13:00:00Z,1176.0,1176.25,1171.5,1172.25,0
2024-02-15T14:00:00Z,1172.5,1178.5,1168.5,1177.75,0
2024-02-15T15:00:00Z,1177.75,1179.5,1172.75,1173.25,0
2024-02-15T16:00:00Z,1173.0,1173.25,1167.25,1170.0,0
2024-02-15T17:00:00Z,1169.75,1170.0,1164.25,1166.0,0
2024-02-15T18:00:00Z,1166.0,1171.5,1165.75,1168.25,0
2024-02-15T19:00:00Z,1168.25,1168.25,1165.0,1166.5,0
2024-02-16T01:00:00Z,1167.5,1170.0,1166.75,1170.0,0
2024-02-16T02:00:00Z,1170.0,1170.25,1168.75,1169.0,0
2024-02-16T03:00:00Z,1168.75,1170.0,1168.75,1169.5,0
2024-02-16T04:00:00Z,1169.75,1170.5,1169.75,1170.25,0
2024-02-16T05:00:00Z,1170.5,1170.75,1170.0,1170.0,0
2024-02-16T06:00:00Z,1169.75,1170.5,1169.5,1169.75,0
2024-02-16T07:00:00Z,1170.0,1170.25,1168.75,1169.75,0
2024-02-16T08:00:00Z,1170.0,1172.5,1170.0,1170.75,0
2024-02-16T09:00:00Z,1170.5,1172.0,1170.0,1170.0,0
2024-02-16T10:00:00Z,1170.0,1170.25,1168.75,1168.75,0
2024-02-16T11:00:00Z,1168.75,1171.0,1168.75,1171.0,0
2024-02-16T12:00:00Z,1171.0,1172.75,1168.25,1168.25,0
2024-02-16T13:00:00Z,1168.5,1169.0,1165.75,1166.75,0
2024-02-16T14:00:00Z,1166.75,1170.25,1165.5,1168.5,0
2024-02-16T15:00:00Z,1168.5,1174.5,1168.25,1173.75,0
2024-02-16T16:00:00Z,1173.75,1175.25,1171.25,1172.25,0
2024-02-16T17:00:00Z,1172.5,1175.0,1171.0,1174.25,0
2024-02-16T18:00:00Z,1174.25,1175.0,1171.5,1174.25,0
2024-02-16T19:00:00Z,1174.5,1177.5,1173.75,1177.5,0
2024-02-20T01:00:00Z,1180.0,1190.0,1179.75,1184.75,0
2024-02-20T02:00:00Z,1184.5,1186.25,1183.75,1184.5,0
2024-02-20T03:00:00Z,1184.75,1189.75,1184.25,1188.25,0
2024-02-20T04:00:00Z,1188.25,1188.5,1186.5,1186.75,0
2024-02-20T05:00:00Z,1186.75,1188.75,1186.0,1188.0,0
2024-02-20T06:00:00Z,1188.25,1189.75,1186.0,1186.5,0
2024-02-20T07:00:00Z,1186.5,1186.5,1183.5,1185.75,0
2024-02-20T08:00:00Z,1185.75,1187.75,1184.5,1186.75,0
2024-02-20T09:00:00Z,1186.75,1187.75,1184.5,1184.75,0
2024-02-20T10:00:00Z,1184.75,1187.0,1184.25,1186.75,0
2024-02-20T11:00:00Z,1186.5,1187.25,1185.0,1186.75,0
2024-02-20T12:00:00Z,1187.0,1187.0,1183.75,1186.25,0
2024-02-20T13:00:00Z,1186.0,1189.5,1186.0,1188.75,0
2024-02-20T14:00:00Z,1189.0,1192.0,1187.5,1190.0,0
2024-02-20T15:00:00Z,1190.0,1190.75,1178.25,1179.5,0
2024-02-20T16:00:00Z,1179.5,1184.25,1177.25,1183.5,0
2024-02-20T17:00:00Z,1183.5,1184.25,1181.25,1182.25,0
2024-02-20T18:00:00Z,1182.5,1183.0,1180.25,1182.0,0
2024-02-20T19:00:00Z,1182.25,1183.75,1181.0,1183.5,0
2024-02-21T01:00:00Z,1183.5,1184.0,1177.25,1179.5,0
2024-02-21T02:00:00Z,1179.25,1182.0,1178.75,1181.5,0
2024-02-21T03:00:00Z,1181.5,1183.0,1181.0,1182.0,0
2024-02-21T04:00:00Z,1181.75,1181.75,1180.0,1180.25,0
2024-02-21T05:00:00Z,1180.25,1182.5,1179.25,1180.25,0
2024-02-21T06:00:00Z,1180.25,1181.25,1179.5,1180.0,0
2024-02-21T07:00:00Z,1179.75,1180.0,1178.5,1179.25,0
2024-02-21T08:00:00Z,1179.0,1179.25,1175.5,1176.75,0
2024-02-21T09:00:00Z,1177.0,1177.25,1175.5,1176.5,0
2024-02-21T10:00:00Z,1176.25,1177.25,1175.5,1176.25,0
2024-02-21T11:00:00Z,1176.25,1177.25,1175.25,1176.25,0
2024-02-21T12:00:00Z,1176.5,1176.75,1173.5,1173.75,0
2024-02-21T13:00:00Z,1173.5,1177.0,1173.5,1175.5,0
2024-02-21T14:00:00Z,1175.0,1175.25,1170.5,1172.75,0
2024-02-21T15:00:00Z,1172.75,1174.25,1168.25,1169.25,0
2024-02-21T16:00:00Z,1169.25,1174.5,1168.0,1170.0,0
2024-02-21T17:00:00Z,1170.25,1172.25,1166.5,1167.75,0
2024-02-21T18:00:00Z,1168.0,1170.5,1167.5,1168.0,0
2024-02-21T19:00:00Z,1168.0,1168.5,1162.25,1164.25,0
2024-02-22T01:00:00Z,1165.0,1167.0,1163.0,1166.25,0
2024-02-22T02:00:00Z,1166.25,1166.75,1164.0,1164.25,0
2024-02-22T03:00:00Z,1164.5,1166.25,1163.5,1165.25,0
2024-02-22T04:00:00Z,1165.25,1165.5,1164.25,1165.25,0
2024-02-22T05:00:00Z,1165.0,1166.5,1164.75,1165.5,0
2024-02-22T06:00:00Z,1165.5,1168.5,1165.0,1167.75,0
2024-02-22T07:00:00Z,1167.75,1169.5,1167.25,1169.25,0
2024-02-22T08:00:00Z,1169.25,1170.5,1168.75,1169.25,0
2024-02-22T09:00:00Z,1169.25,1169.25,1165.75,1167.75,0
2024-02-22T10:00:00Z,1167.5,1167.75,1165.0,1165.75,0
2024-02-22T11:00:00Z,1165.5,1168.25,1164.75,1167.5,0
2024-02-22T12:00:00Z,1167.75,1172.0,1167.0,1167.75,0
2024-02-22T13:00:00Z,1168.25,1168.5,1162.0,1162.25,0
2024-02-22T14:00:00Z,1162.5,1166.25,1159.25,1161.75,0
2024-02-22T15:00:00Z,1161.5,1162.5,1159.0,1159.5,0
2024-02-22T16:00:00Z,1159.5,1161.25,1158.0,1159.25,0
2024-02-22T17:00:00Z,1159.0,1160.25,1157.5,1158.25,0
2024-02-22T18:00:00Z,1158.25,1158.75,1152.5,1153.5,0
2024-02-22T19:00:00Z,1153.25,1153.75,1151.75,1152.75,0
2024-02-23T01:00:00Z,1153.0,1158.25,1153.0,1157.25,0
2024-02-23T02:00:00Z,1157.25,1157.5,1154.75,1155.25,0
2024-02-23T03:00:00Z,1155.25,1157.0,1155.25,1155.75,0
2024-02-23T04:00:00Z,1155.5,1155.75,1155.25,1155.5,0
2024-02-23T05:00:00Z,1155.5,1157.75,1155.0,1157.25,0
2024-02-23T06:00:00Z,1157.5,1158.5,1156.5,1156.5,0
2024-02-23T07:00:00Z,1156.5,1156.5,1155.5,1155.75,0
2024-02-23T08:00:00Z,1155.75,1157.5,1155.5,1156.0,0
2024-02-23T09:00:00Z,1156.0,1157.0,1154.0,1154.0,0
2024-02-23T10:00:00Z,1154.0,1154.5,1152.75,1153.25,0
2024-02-23T11:00:00Z,1153.25,1154.5,1152.5,1154.5,0
2024-02-23T12:00:00Z,1154.25,1155.25,1152.75,1152.75,0
2024-02-23T13:00:00Z,1152.75,1153.5,1145.5,1146.75,0
2024-02-23T14:00:00Z,1145.25,1150.0,1144.75,1145.0,0
2024-02-23T15:00:00Z,1145.0,1146.5,1140.25,1140.5,0
2024-02-23T16:00:00Z,1140.5,1146.5,1138.25,1144.25,0
2024-02-23T17:00:00Z,1144.0,1144.5,1139.5,1140.75,0
2024-02-23T18:00:00Z,1140.75,1142.75,1138.25,1141.5,0
2024-02-23T19:00:00Z,1141.5,1143.5,1140.25,1143.5,0
2024-02-26T01:00:00Z,1145.0,1151.0,1144.0,1149.0,0
2024-02-26T02:00:00Z,1149.0,1149.0,1147.0,1148.25,0
2024-02-26T03:00:00Z,1148.25,1148.25,1144.25,1144.5,0
2024-02-26T04:00:00Z,1144.5,1145.25,1143.5,1144.5,0
2024-02-26T05:00:00Z,1144.5,1146.0,1143.25,1143.25,0
2024-02-26T06:00:00Z,1143.5,1145.0,1142.5,1144.0,0
2024-02-26T07:00:00Z,1143.75,1145.75,1143.5,1144.5,0
2024-02-26T08:00:00Z,1144.5,1145.25,1143.0,1144.0,0
2024-02-26T09:00:00Z,1143.75,1144.5,1141.25,1142.25,0
2024-02-26T10:00:00Z,1142.25,1143.25,1139.0,1139.5,0
2024-02-26T11:00:00Z,1139.5,1139.75,1138.0,1138.75,0
2024-02-26T12:00:00Z,1138.75,1142.0,1135.75,1138.75,0
2024-02-26T13:00:00Z,1138.75,1145.0,1138.25,1144.25,0
2024-02-26T14:00:00Z,1142.0,1149.0,1141.25,1143.75,0
2024-02-26T15:00:00Z,1143.75,1145.5,1138.0,1139.0,0
2024-02-26T16:00:00Z,1139.25,1139.25,1133.5,1135.0,0
2024-02-26T17:00:00Z,1135.0,1142.0,1134.5,1139.75,0
2024-02-26T18:00:00Z,1139.75,1146.0,1139.5,1145.75,0
2024-02-26T19:00:00Z,1145.5,1146.75,1143.5,1143.5,0
2024-02-27T01:00:00Z,1145.0,1157.0,1144.0,1155.75,0
2024-02-27T02:00:00Z,1155.75,1157.0,1155.0,1155.0,0
2024-02-27T03:00:00Z,1155.0,1156.25,1154.75,1156.25,0
2024-02-27T04:00:00Z,1156.0,1157.0,1155.75,1156.5,0
2024-02-27T05:00:00Z,1156.5,1158.0,1156.25,1156.25,0
2024-02-27T06:00:00Z,1156.5,1156.5,1155.25,1155.5,0
2024-02-27T07:00:00Z,1155.5,1157.75,1155.5,1157.25,0
2024-02-27T08:00:00Z,1157.25,1159.5,1156.75,1159.0,0
2024-02-27T09:00:00Z,1159.0,1159.75,1158.5,1159.5,0
2024-02-27T10:00:00Z,1159.5,1159.5,1155.0,1157.25,0
2024-02-27T11:00:00Z,1157.25,1157.5,1155.75,1157.25,0
2024-02-27T12:00:00Z,1157.25,1158.0,1155.0,1157.0,0
2024-02-27T13:00:00Z,1157.25,1159.75,1156.5,1157.5,0
2024-02-27T14:00:00Z,1157.75,1161.5,1156.0,1157.0,0
2024-02-27T15:00:00Z,1157.0,1158.0,1150.75,1153.75,0
2024-02-27T16:00:00Z,1153.75,1153.75,1148.25,1149.5,0
2024-02-27T17:00:00Z,1149.5,1150.0,1141.0,1142.25,0
2024-02-27T18:00:00Z,1142.25,1143.25,1140.0,1141.5,0
2024-02-27T19:00:00Z,1141.5,1143.75,1138.5,1143.25,0
2024-02-28T01:00:00Z,1141.5,1147.75,1141.5,1143.0,0
2024-02-28T02:00:00Z,1143.25,1145.5,1142.0,1145.0,0
2024-02-28T03:00:00Z,1145.25,1145.5,1142.75,1143.0,0
2024-02-28T04:00:00Z,1143.25,1144.5,1142.75,1142.75,0
2024-02-28T05:00:00Z,1142.75,1144.0,1142.0,1143.0,0
2024-02-28T06:00:00Z,1143.25,1143.5,1141.25,1143.0,0
2024-02-28T07:00:00Z,1143.0,1143.0,1140.25,1140.5,0
2024-02-28T08:00:00Z,1140.25,1140.25,1136.25,1136.25,0
2024-02-28T09:00:00Z,1136.25,1137.25,1135.75,1136.5,0
2024-02-28T10:00:00Z,1136.5,1140.75,1136.25,1138.75,0
2024-02-28T11:00:00Z,1138.75,1139.5,1137.25,1139.0,0
2024-02-28T12:00:00Z,1139.25,1141.5,1138.25,1140.25,0
2024-02-28T13:00:00Z,1140.5,1143.0,1139.5,1140.25,0
2024-02-28T14:00:00Z,1140.25,1140.5,1134.0,1139.0,0
2024-02-28T15:00:00Z,1138.75,1142.5,1137.0,1141.75,0
2024-02-28T16:00:00Z,1141.75,1151.5,1141.0,1148.0,0
2024-02-28T17:00:00Z,1148.0,1149.25,1144.25,1145.25,0
2024-02-28T18:00:00Z,1145.0,1145.25,1142.75,1143.75,0
2024-02-28T19:00:00Z,1143.75,1147.0,1143.5,1146.25,0
2024-02-29T01:00:00Z,1144.75,1146.25,1139.0,1139.5,0
2024-02-29T02:00:00Z,1139.5,1144.0,1139.25,1142.5,0
2024-02-29T03:00:00Z,1142.25,1144.25,1141.0,1141.25,0
2024-02-29T04:00:00Z,1141.25,1141.5,1140.5,1141.25,0
2024-02-29T05:00:00Z,1141.25,1142.0,1139.75,1140.5,0
2024-02-29T06:00:00Z,1140.75,1142.25,1139.25,1140.5,0
2024-02-29T07:00:00Z,1140.75,1140.75,1139.0,1139.25,0
2024-02-29T08:00:00Z,1139.25,1141.0,1138.25,1140.5,0
2024-02-29T09:00:00Z,1140.5,1143.25,1138.75,1139.75,0
2024-02-29T10:00:00Z,1140.0,1140.0,1136.75,1137.0,0
2024-02-29T11:00:00Z,1136.75,1137.75,1136.25,1136.25,0
2024-02-29T12:00:00Z,1136.5,1136.5,1130.25,1130.5,0
2024-02-29T13:00:00Z,1130.75,1134.5,1130.25,1132.25,0
2024-02-29T14:00:00Z,1133.5,1137.25,1128.5,1137.0,0
2024-02-29T15:00:00Z,1136.75,1145.0,1135.25,1144.75,0
2024-02-29T16:00:00Z,1144.75,1148.75,1140.25,1144.5,0
2024-02-29T17:00:00Z,1144.5,1145.75,1138.0,1139.5,0
2024-02-29T18:00:00Z,1139.25,1144.75,1138.75,1143.25,0
2024-02-29T19:00:00Z,1143.0,1143.5,1139.0,1139.5,0
2024-03-01T01:00:00Z,1139.0,1142.75,1137.25,1142.5,0
2024-03-01T02:00:00Z,1142.5,1145.25,1141.25,1144.75,0
2024-03-01T03:00:00Z,1144.5,1145.75,1144.5,1145.25,0
2024-03-01T04:00:00Z,1145.0,1145.75,1145.0,1145.5,0
2024-03-01T05:00:00Z,1145.5,1149.25,1145.5,1148.75,0
2024-03-01T06:00:00Z,1148.75,1149.5,1146.75,1147.25,0
2024-03-01T07:00:00Z,1147.0,1148.25,1146.5,1147.5,0
2024-03-01T08:00:00Z,1147.75,1150.25,1147.75,1149.25,0
2024-03-01T09:00:00Z,1149.25,1151.25,1149.0,1150.5,0
2024-03-01T10:00:00Z,1150.5,1150.75,1145.75,1146.5,0
2024-03-01T11:00:00Z,1146.25,1149.5,1146.25,1147.0,0
2024-03-01T12:00:00Z,1147.0,1148.5,1146.0,1147.0,0
2024-03-01T13:00:00Z,1147.25,1152.0,1146.75,1147.25,0
2024-03-01T14:00:00Z,1147.0,1147.25,1140.5,1141.0,0
2024-03-01T15:00:00Z,1141.0,1144.0,1138.5,1142.5,0
2024-03-01T16:00:00Z,1142.5,1146.0,1140.75,1144.5,0
2024-03-01T17:00:00Z,1144.5,1148.5,1143.5,1144.5,0
2024-03-01T18:00:00Z,1145.0,1151.0,1143.25,1150.0,0
2024-03-01T19:00:00Z,1150.0,1152.25,1149.0,1149.75,0
2024-03-04T01:00:00Z,1152.25,1159.0,1151.75,1158.75,0
2024-03-04T02:00:00Z,1158.75,1160.25,1157.5,1160.25,0
2024-03-04T03:00:00Z,1160.25,1161.0,1159.25,1160.0,0
2024-03-04T04:00:00Z,1159.75,1160.25,1159.25,1159.75,0
2024-03-04T05:00:00Z,1159.75,1160.0,1158.25,1159.75,0
2024-03-04T06:00:00Z,1160.0,1161.0,1159.25,1160.5,0
2024-03-04T07:00:00Z,1160.5,1163.25,1160.5,1162.0,0
2024-03-04T08:00:00Z,1161.75,1162.0,1158.5,1159.25,0
2024-03-04T09:00:00Z,1159.25,1159.5,1158.0,1158.5,0
2024-03-04T10:00:00Z,1158.5,1160.75,1156.75,1158.5,0
2024-03-04T11:00:00Z,1158.75,1160.0,1157.5,1159.75,0
2024-03-04T12:00:00Z,1159.75,1162.5,1158.25,1160.5,0
2024-03-04T13:00:00Z,1160.75,1162.0,1159.5,1160.5,0
2024-03-04T14:00:00Z,1159.5,1164.0,1157.25,1161.75,0
2024-03-04T15:00:00Z,1161.75,1165.75,1161.0,1162.75,0
2024-03-04T16:00:00Z,1162.5,1162.75,1152.5,1154.5,0
2024-03-04T17:00:00Z,1154.25,1157.5,1151.0,1156.25,0
2024-03-04T18:00:00Z,1156.25,1156.5,1152.5,1154.5,0
2024-03-04T19:00:00Z,1154.5,1155.5,1153.75,1154.5,0
2024-03-05T01:00:00Z,1155.0,1156.5,1149.25,1153.75,0
2024-03-05T02:00:00Z,1154.0,1154.25,1150.5,1151.25,0
2024-03-05T03:00:00Z,1151.5,1152.25,1150.75,1151.25,0
2024-03-05T04:00:00Z,1151.25,1152.0,1150.25,1150.25,0
2024-03-05T05:00:00Z,1150.5,1151.5,1148.25,1151.5,0
2024-03-05T06:00:00Z,1151.75,1155.0,1151.75,1153.5,0
2024-03-05T07:00:00Z,1153.5,1153.5,1150.75,1151.75,0
2024-03-05T08:00:00Z,1151.5,1152.0,1149.25,1150.0,0
2024-03-05T09:00:00Z,1150.25,1150.5,1148.75,1150.0,0
2024-03-05T10:00:00Z,1149.75,1151.75,1149.5,1150.5,0
2024-03-05T11:00:00Z,1150.5,1153.0,1149.25,1152.25,0
2024-03-05T12:00:00Z,1152.25,1152.5,1148.25,1149.75,0
2024-03-05T13:00:00Z,1150.0,1154.0,1147.75,1150.5,0
2024-03-05T14:00:00Z,1149.25,1156.25,1146.75,1154.0,0
2024-03-05T15:00:00Z,1154.25,1158.75,1150.5,1157.0,0
2024-03-05T16:00:00Z,1157.0,1158.75,1149.25,1151.0,0
2024-03-05T17:00:00Z,1151.0,1152.75,1149.5,1150.75,0
2024-03-05T18:00:00Z,1151.0,1151.25,1147.0,1149.25,0
2024-03-05T19:00:00Z,1149.25,1149.5,1147.5,1148.75,0
2024-03-06T01:00:00Z,1149.25,1153.5,1149.0,1149.75,0
2024-03-06T02:00:00Z,1149.75,1150.5,1148.0,1149.75,0
2024-03-06T03:00:00Z,1149.75,1152.0,1149.5,1150.75,0
2024-03-06T04:00:00Z,1150.75,1151.25,1150.0,1150.25,0
2024-03-06T05:00:00Z,1150.5,1151.5,1150.0,1151.25,0
2024-03-06T06:00:00Z,1151.5,1153.0,1149.75,1150.0,0
2024-03-06T07:00:00Z,1150.0,1150.0,1146.0,1146.75,0
2024-03-06T08:00:00Z,1146.5,1147.5,1145.75,1146.5,0
2024-03-06T09:00:00Z,1146.75,1148.0,1145.25,1146.25,0
2024-03-06T10:00:00Z,1146.25,1150.0,1145.75,1149.25,0
2024-03-06T11:00:00Z,1149.5,1150.5,1148.5,1149.0,0
2024-03-06T12:00:00Z,1149.5,1149.75,1147.0,1147.0,0
2024-03-06T13:00:00Z,1147.25,1150.0,1146.0,1147.25,0
2024-03-06T14:00:00Z,1147.0,1148.75,1140.25,1141.25,0
2024-03-06T15:00:00Z,1141.25,1147.5,1140.25,1146.25,0
2024-03-06T16:00:00Z,1146.25,1146.25,1142.0,1143.5,0
2024-03-06T17:00:00Z,1143.75,1148.5,1143.0,1148.25,0
2024-03-06T18:00:00Z,1148.25,1149.5,1146.0,1147.75,0
2024-03-06T19:00:00Z,1147.75,1149.5,1147.5,1149.5,0
2024-03-07T01:00:00Z,1149.0,1150.0,1147.0,1148.5,0
2024-03-07T02:00:00Z,1148.5,1152.0,1147.5,1151.75,0
2024-03-07T03:00:00Z,1151.5,1152.0,1150.75,1152.0,0
2024-03-07T04:00:00Z,1152.0,1152.5,1151.75,1152.0,0
2024-03-07T05:00:00Z,1152.0,1152.25,1150.75,1151.0,0
2024-03-07T06:00:00Z,1151.0,1153.5,1150.5,1152.0,0
2024-03-07T07:00:00Z,1152.0,1154.25,1151.5,1154.0,0
2024-03-07T08:00:00Z,1153.75,1154.5,1153.25,1153.5,0
2024-03-07T09:00:00Z,1153.5,1155.5,1153.25,1154.75,0
2024-03-07T10:00:00Z,1154.5,1156.0,1154.0,1156.0,0
2024-03-07T11:00:00Z,1156.0,1159.5,1155.75,1157.25,0
2024-03-07T12:00:00Z,1157.25,1162.0,1157.0,1161.5,0
2024-03-07T13:00:00Z,1161.75,1163.5,1160.5,1160.75,0
2024-03-07T14:00:00Z,1160.25,1164.25,1157.25,1163.5,0
2024-03-07T15:00:00Z,1163.25,1165.25,1156.25,1157.25,0
2024-03-07T16:00:00Z,1157.25,1163.0,1156.75,1162.25,0
2024-03-07T17:00:00Z,1162.25,1163.75,1157.75,1159.75,0
2024-03-07T18:00:00Z,1159.75,1163.0,1159.0,1162.5,0
2024-03-07T19:00:00Z,1162.75,1167.0,1162.5,1166.0,0
2024-03-08T01:00:00Z,1165.0,1172.0,1163.0,1169.0,0
2024-03-08T02:00:00Z,1169.25,1169.5,1167.0,1168.75,0
2024-03-08T03:00:00Z,1168.75,1170.5,1168.25,1170.0,0
2024-03-08T04:00:00Z,1170.0,1172.0,1170.0,1171.25,0
2024-03-08T05:00:00Z,1171.0,1174.0,1171.0,1173.25,0
2024-03-08T06:00:00Z,1173.25,1174.75,1172.0,1174.75,0
2024-03-08T07:00:00Z,1174.75,1174.75,1169.5,1170.75,0
2024-03-08T08:00:00Z,1170.75,1171.25,1168.5,1169.25,0
2024-03-08T09:00:00Z,1169.5,1171.0,1169.0,1169.5,0
2024-03-08T10:00:00Z,1169.25,1169.25,1167.0,1168.5,0
2024-03-08T11:00:00Z,1168.25,1168.5,1165.0,1166.0,0
2024-03-08T12:00:00Z,1166.0,1167.5,1164.25,1165.5,0
2024-03-08T13:00:00Z,1165.5,1167.25,1163.5,1164.5,0
2024-03-08T14:00:00Z,1164.0,1164.5,1160.5,1160.75,0
2024-03-08T15:00:00Z,1160.75,1161.0,1153.75,1159.0,0
2024-03-08T16:00:00Z,1159.0,1161.0,1154.25,1159.0,0
2024-03-08T17:00:00Z,1159.5,1173.75,1157.5,1171.0,0
2024-03-08T18:00:00Z,1171.25,1181.75,1169.25,1181.5,0
2024-03-08T19:00:00Z,1181.5,1185.0,1180.5,1184.75,0
2024-03-11T00:00:00Z,1185.25,1189.25,1183.5,1184.0,0
2024-03-11T01:00:00Z,1184.0,1187.25,1179.75,1180.75,0
2024-03-11T02:00:00Z,1180.5,1182.5,1179.5,1180.0,0
2024-03-11T03:00:00Z,1179.75,1180.75,1179.5,1180.0,0
2024-03-11T04:00:00Z,1180.0,1181.25,1179.75,1180.25,0
2024-03-11T05:00:00Z,1180.5,1180.75,1178.0,1179.5,0
2024-03-11T06:00:00Z,1179.25,1180.5,1178.75,1179.75,0
2024-03-11T07:00:00Z,1179.5,1180.0,1178.25,1179.5,0
2024-03-11T08:00:00Z,1179.5,1180.75,1177.25,1179.0,0
2024-03-11T09:00:00Z,1179.25,1181.75,1178.25,1181.5,0
2024-03-11T10:00:00Z,1181.5,1181.5,1177.75,1177.75,0
2024-03-11T11:00:00Z,1177.75,1178.0,1176.0,1176.5,0
2024-03-11T12:00:00Z,1176.5,1178.25,1175.0,1177.0,0
2024-03-11T13:00:00Z,1177.25,1183.5,1177.0,1183.5,0
2024-03-11T14:00:00Z,1183.75,1186.0,1177.25,1184.0,0
2024-03-11T15:00:00Z,1183.75,1185.25,1176.5,1180.0,0
2024-03-11T16:00:00Z,1180.25,1180.5,1176.25,1177.75,0
2024-03-11T17:00:00Z,1178.0,1181.5,1178.0,1179.5,0
2024-03-11T18:00:00Z,1179.5,1180.25,1177.5,1179.75,0
2024-03-12T00:00:00Z,1179.0,1181.25,1178.25,1181.25,0
2024-03-12T01:00:00Z,1181.25,1182.0,1179.5,1180.25,0
2024-03-12T02:00:00Z,1180.0,1182.5,1179.75,1181.75,0
2024-03-12T03:00:00Z,1181.75,1183.25,1181.0,1182.5,0
2024-03-12T04:00:00Z,1182.5,1183.75,1182.5,1182.75,0
2024-03-12T05:00:00Z,1183.0,1184.25,1182.0,1182.5,0
2024-03-12T06:00:00Z,1182.5,1183.25,1179.5,1179.75,0
2024-03-12T07:00:00Z,1179.5,1180.0,1177.0,1177.25,0
2024-03-12T08:00:00Z,1177.5,1178.25,1175.75,1176.75,0
2024-03-12T09:00:00Z,1176.5,1179.75,1176.25,1178.5,0
2024-03-12T10:00:00Z,1178.5,1180.0,1176.5,1176.5,0
2024-03-12T11:00:00Z,1176.25,1178.25,1176.0,1177.25,0
2024-03-12T12:00:00Z,1177.25,1183.0,1177.25,1182.25,0
2024-03-12T13:00:00Z,1181.5,1183.75,1175.75,1182.0,0
2024-03-12T14:00:00Z,1181.75,1191.75,1181.75,1191.5,0
2024-03-12T15:00:00Z,1191.25,1196.5,1187.0,1188.0,0
2024-03-12T16:00:00Z,1188.25,1191.5,1184.25,1188.75,0
2024-03-12T17:00:00Z,1188.75,1194.25,1186.5,1192.25,0
2024-03-12T18:00:00Z,1192.0,1196.5,1191.75,1194.0,0
2024-03-13T00:00:00Z,1192.25,1195.0,1190.25,1193.25,0
2024-03-13T01:00:00Z,1193.25,1194.25,1190.75,1190.75,0
2024-03-13T02:00:00Z,1190.75,1191.5,1189.75,1190.5,0
2024-03-13T03:00:00Z,1190.0,1190.75,1189.0,1189.25,0
2024-03-13T04:00:00Z,1189.25,1189.75,1188.0,1188.5,0
2024-03-13T05:00:00Z,1188.5,1189.25,1188.0,1188.5,0
2024-03-13T06:00:00Z,1188.75,1189.25,1187.5,1188.25,0
2024-03-13T07:00:00Z,1188.0,1189.5,1187.75,1189.5,0
2024-03-13T08:00:00Z,1189.75,1190.5,1188.25,1189.5,0
2024-03-13T09:00:00Z,1189.75,1192.5,1189.0,1190.25,0
2024-03-13T10:00:00Z,1190.25,1190.25,1186.5,1189.0,0
2024-03-13T11:00:00Z,1189.25,1189.75,1183.5,1184.5,0
2024-03-13T12:00:00Z,1184.5,1187.75,1183.75,1186.75,0
2024-03-13T13:00:00Z,1186.0,1190.25,1182.75,1188.0,0
2024-03-13T14:00:00Z,1188.0,1191.25,1185.0,1187.75,0
2024-03-13T15:00:00Z,1187.5,1193.0,1185.25,1190.75,0
2024-03-13T16:00:00Z,1191.0,1193.0,1188.5,1191.5,0
2024-03-13T17:00:00Z,1191.5,1199.25,1189.75,1197.0,0
2024-03-13T18:00:00Z,1197.25,1197.5,1195.75,1196.25,0
2024-03-14T00:00:00Z,1196.0,1196.25,1193.75,1194.5,0
2024-03-14T01:00:00Z,1194.25,1199.0,1193.5,1198.0,0
2024-03-14T02:00:00Z,1198.25,1200.5,1198.25,1198.5,0
2024-03-14T03:00:00Z,1198.5,1200.0,1198.0,1198.75,0
2024-03-14T04:00:00Z,1198.75,1199.0,1198.5,1199.0,0
2024-03-14T05:00:00Z,1199.0,1200.5,1197.75,1200.0,0
2024-03-14T06:00:00Z,1200.25,1201.0,1197.5,1199.25,0
2024-03-14T07:00:00Z,1199.25,1202.75,1198.75,1201.25,0
2024-03-14T08:00:00Z,1201.25,1201.75,1199.75,1200.25,0
2024-03-14T09:00:00Z,1200.25,1203.5,1199.75,1203.25,0
2024-03-14T10:00:00Z,1203.25,1204.75,1202.0,1202.0,0
2024-03-14T11:00:00Z,1202.0,1202.5,1199.25,1201.5,0
2024-03-14T12:00:00Z,1201.5,1201.5,1197.25,1198.25,0
2024-03-14T13:00:00Z,1198.75,1216.0,1198.0,1213.5,0
2024-03-14T14:00:00Z,1213.75,1217.5,1203.5,1203.5,0
2024-03-14T15:00:00Z,1203.75,1204.25,1193.75,1194.25,0
2024-03-14T16:00:00Z,1194.25,1199.75,1191.5,1198.75,0
2024-03-14T17:00:00Z,1198.75,1199.25,1193.75,1196.25,0
2024-03-14T18:00:00Z,1196.25,1197.25,1194.5,1195.5,0
2024-03-15T00:00:00Z,1194.5,1195.75,1192.25,1195.25,0
2024-03-15T01:00:00Z,1195.25,1197.0,1191.75,1195.75,0
2024-03-15T02:00:00Z,1195.5,1196.0,1193.25,1194.0,0
2024-03-15T03:00:00Z,1194.0,1196.5,1194.0,1195.5,0
2024-03-15T04:00:00Z,1195.5,1197.0,1195.25,1196.25,0
2024-03-15T05:00:00Z,1196.5,1198.75,1196.0,1198.0,0
2024-03-15T06:00:00Z,1197.75,1199.75,1196.75,1199.0,0
2024-03-15T07:00:00Z,1199.25,1200.0,1197.25,1197.5,0
2024-03-15T08:00:00Z,1197.5,1198.5,1193.5,1193.5,0
2024-03-15T09:00:00Z,1193.75,1194.75,1188.5,1191.75,0
2024-03-15T10:00:00Z,1191.75,1192.5,1188.25,1188.75,0
2024-03-15T11:00:00Z,1188.5,1189.25,1187.0,1187.5,0
2024-03-15T12:00:00Z,1187.5,1188.75,1186.5,1187.75,0
2024-03-15T13:00:00Z,1187.25,1190.0,1183.5,1186.25,0
2024-03-15T14:00:00Z,1186.25,1197.25,1184.75,1196.0,0
2024-03-15T15:00:00Z,1196.25,1196.5,1188.5,1190.25,0
2024-03-15T16:00:00Z,1190.25,1193.0,1188.0,1192.75,0
2024-03-15T17:00:00Z,1192.75,1196.25,1191.75,1193.0,0
2024-03-15T18:00:00Z,1193.25,1199.0,1193.25,1198.5,0
2024-03-18T00:00:00Z,1198.5,1206.0,1198.25,1204.5,0
2024-03-18T01:00:00Z,1204.5,1205.75,1202.25,1203.0,0
2024-03-18T02:00:00Z,1203.25,1203.75,1199.5,1200.5,0
2024-03-18T03:00:00Z,1200.25,1200.5,1197.5,1198.25,0
2024-03-18T04:00:00Z,1198.25,1199.0,1197.5,1197.5,0
2024-03-18T05:00:00Z,1197.75,1199.0,1197.5,1198.75,0
2024-03-18T06:00:00Z,1199.0,1199.25,1193.75,1193.75,0
2024-03-18T07:00:00Z,1193.75,1195.25,1193.0,1195.25,0
2024-03-18T08:00:00Z,1195.0,1196.75,1194.5,1194.75,0
2024-03-18T09:00:00Z,1194.75,1196.5,1194.0,1195.0,0
2024-03-18T10:00:00Z,1195.0,1196.0,1192.75,1193.5,0
2024-03-18T11:00:00Z,1193.75,1194.75,1191.0,1192.5,0
2024-03-18T12:00:00Z,1192.5,1196.25,1191.5,1195.25,0
2024-03-18T13:00:00Z,1197.25,1201.75,1192.0,1192.75,0
2024-03-18T14:00:00Z,1193.0,1199.5,1189.75,1190.75,0
2024-03-18T15:00:00Z,1190.75,1193.75,1188.0,1188.75,0
2024-03-18T16:00:00Z,1189.0,1194.5,1188.25,1192.0,0
2024-03-18T17:00:00Z,1192.0,1192.75,1188.75,1189.25,0
2024-03-18T18:00:00Z,1189.25,1189.5,1186.75,1188.25,0
2024-03-19T00:00:00Z,1188.0,1189.0,1186.0,1186.5,0
2024-03-19T01:00:00Z,1186.5,1190.0,1186.5,1189.5,0
2024-03-19T02:00:00Z,1189.25,1190.5,1186.5,1188.75,0
2024-03-19T03:00:00Z,1189.0,1190.25,1187.75,1188.0,0
2024-03-19T04:00:00Z,1188.0,1188.5,1187.5,1187.75,0
2024-03-19T05:00:00Z,1187.75,1188.0,1185.25,1185.5,0
2024-03-19T06:00:00Z,1185.5,1192.25,1184.5,1190.25,0
2024-03-19T07:00:00Z,1190.5,1191.5,1189.75,1191.0,0
2024-03-19T08:00:00Z,1191.0,1191.0,1186.75,1186.75,0
2024-03-19T09:00:00Z,1187.0,1187.25,1184.25,1184.75,0
2024-03-19T10:00:00Z,1185.0,1187.75,1185.0,1186.0,0
2024-03-19T11:00:00Z,1186.0,1188.75,1185.25,1185.75,0
2024-03-19T12:00:00Z,1185.75,1186.0,1181.25,1183.75,0
2024-03-19T13:00:00Z,1183.75,1188.75,1181.0,1184.0,0
2024-03-19T14:00:00Z,1184.25,1186.0,1181.75,1185.25,0
2024-03-19T15:00:00Z,1185.5,1189.5,1183.5,1188.0,0
2024-03-19T16:00:00Z,1187.75,1188.75,1185.0,1185.5,0
2024-03-19T17:00:00Z,1185.5,1186.5,1184.25,1185.0,0
2024-03-19T18:00:00Z,1184.75,1186.5,1183.5,1185.75,0
2024-03-20T00:00:00Z,1185.5,1187.0,1185.25,1186.0,0
2024-03-20T01:00:00Z,1185.75,1187.25,1183.75,1185.25,0
2024-03-20T02:00:00Z,1185.25,1185.25,1183.5,1185.0,0
2024-03-20T03:00:00Z,1184.75,1187.5,1184.5,1185.5,0
2024-03-20T04:00:00Z,1185.5,1186.5,1185.25,1186.0,0
2024-03-20T05:00:00Z,1186.0,1188.0,1185.75,1187.25,0
2024-03-20T06:00:00Z,1187.5,1190.0,1186.5,1189.75,0
2024-03-20T07:00:00Z,1190.0,1190.0,1188.25,1188.5,0
2024-03-20T08:00:00Z,1188.5,1189.0,1185.5,1187.5,0
2024-03-20T09:00:00Z,1187.5,1190.0,1185.75,1189.75,0
2024-03-20T10:00:00Z,1190.0,1193.0,1188.5,1192.75,0
2024-03-20T11:00:00Z,1192.75,1193.75,1191.25,1192.75,0
2024-03-20T12:00:00Z,1192.75,1193.25,1190.5,1192.25,0
2024-03-20T13:00:00Z,1191.0,1199.0,1191.0,1192.5,0
2024-03-20T14:00:00Z,1192.75,1195.0,1189.75,1191.0,0
2024-03-20T15:00:00Z,1191.0,1195.0,1190.75,1194.75,0
2024-03-20T16:00:00Z,1194.75,1202.5,1194.5,1200.25,0
2024-03-20T17:00:00Z,1200.25,1206.75,1198.75,1206.5,0
2024-03-20T18:00:00Z,1206.5,1211.75,1206.25,1210.25,0
2024-03-21T00:00:00Z,1209.0,1226.75,1207.0,1220.75,0
2024-03-21T01:00:00Z,1221.0,1222.25,1215.25,1221.0,0
2024-03-21T02:00:00Z,1221.0,1221.25,1218.25,1220.25,0
2024-03-21T03:00:00Z,1220.0,1221.75,1219.25,1219.5,0
2024-03-21T04:00:00Z,1219.5,1220.0,1219.25,1219.5,0
2024-03-21T05:00:00Z,1219.5,1221.25,1219.25,1219.75,0
2024-03-21T06:00:00Z,1219.75,1221.75,1216.5,1217.0,0
2024-03-21T07:00:00Z,1216.75,1219.0,1216.75,1218.75,0
2024-03-21T08:00:00Z,1218.75,1219.5,1215.5,1216.0,0
2024-03-21T09:00:00Z,1216.0,1217.5,1215.75,1216.75,0
2024-03-21T10:00:00Z,1217.0,1217.75,1214.5,1215.75,0
2024-03-21T11:00:00Z,1215.5,1216.25,1212.5,1212.75,0
2024-03-21T12:00:00Z,1212.75,1215.0,1211.0,1214.0,0
2024-03-21T13:00:00Z,1214.0,1216.0,1205.75,1207.25,0
2024-03-21T14:00:00Z,1207.25,1212.0,1205.5,1206.5,0
2024-03-21T15:00:00Z,1206.5,1209.25,1204.0,1205.75,0
2024-03-21T16:00:00Z,1205.75,1211.5,1205.0,1208.25,0
2024-03-21T17:00:00Z,1208.25,1212.75,1207.75,1212.0,0
2024-03-21T18:00:00Z,1212.0,1214.5,1211.25,1211.25,0
2024-03-22T00:00:00Z,1211.0,1211.25,1207.0,1208.5,0
2024-03-22T01:00:00Z,1208.25,1209.25,1204.0,1204.25,0
2024-03-22T02:00:00Z,1204.25,1205.25,1200.75,1201.0,0
2024-03-22T03:00:00Z,1201.25,1203.0,1201.0,1201.0,0
2024-03-22T04:00:00Z,1201.0,1201.0,1199.5,1200.0,0
2024-03-22T05:00:00Z,1200.0,1200.75,1199.5,1199.75,0
2024-03-22T06:00:00Z,1199.75,1201.0,1198.75,1199.0,0
2024-03-22T07:00:00Z,1199.0,1199.5,1197.25,1198.0,0
2024-03-22T08:00:00Z,1198.25,1199.75,1197.25,1197.5,0
2024-03-22T09:00:00Z,1197.25,1201.0,1197.25,1199.0,0
2024-03-22T10:00:00Z,1199.25,1201.25,1198.0,1200.25,0
2024-03-22T11:00:00Z,1200.25,1201.0,1197.25,1198.0,0
2024-03-22T12:00:00Z,1198.0,1202.0,1198.0,1201.25,0
2024-03-22T13:00:00Z,1199.75,1200.0,1193.75,1194.5,0
2024-03-22T14:00:00Z,1194.5,1196.75,1192.0,1192.25,0
2024-03-22T15:00:00Z,1192.25,1196.75,1189.25,1194.75,0
2024-03-22T16:00:00Z,1194.75,1197.25,1192.5,1195.25,0
2024-03-22T17:00:00Z,1195.5,1196.25,1192.5,1192.75,0
2024-03-22T18:00:00Z,1192.5,1193.0,1191.5,1192.0,0
2024-03-25T00:00:00Z,1194.0,1196.5,1192.25,1193.25,0
2024-03-25T01:00:00Z,1192.75,1195.0,1191.5,1193.25,0
2024-03-25T02:00:00Z,1193.25,1193.25,1188.5,1190.25,0
2024-03-25T03:00:00Z,1190.5,1191.5,1189.75,1191.25,0
2024-03-25T04:00:00Z,1191.0,1192.25,1191.0,1192.0,0
2024-03-25T05:00:00Z,1192.0,1193.25,1191.5,1192.75,0
2024-03-25T06:00:00Z,1192.5,1195.0,1190.25,1195.0,0
2024-03-25T07:00:00Z,1195.0,1196.75,1194.75,1196.25,0
2024-03-25T08:00:00Z,1196.5,1197.25,1193.0,1193.5,0
2024-03-25T09:00:00Z,1193.5,1194.75,1191.25,1193.75,0
2024-03-25T10:00:00Z,1193.5,1194.75,1191.75,1194.5,0
2024-03-25T11:00:00Z,1194.25,1196.25,1193.5,1195.75,0
2024-03-25T12:00:00Z,1195.75,1197.75,1195.25,1196.25,0
2024-03-25T13:00:00Z,1197.25,1203.75,1196.5,1201.25,0
2024-03-25T14:00:00Z,1201.25,1208.5,1200.5,1205.75,0
2024-03-25T15:00:00Z,1205.75,1210.0,1203.5,1205.0,0
2024-03-25T16:00:00Z,1205.0,1208.25,1204.0,1206.0,0
2024-03-25T17:00:00Z,1205.75,1208.25,1205.75,1207.25,0
2024-03-25T18:00:00Z,1207.25,1210.0,1206.75,1207.75,0
2024-03-26T00:00:00Z,1207.5,1208.0,1203.75,1205.0,0
2024-03-26T01:00:00Z,1204.75,1205.5,1203.0,1204.25,0
2024-03-26T02:00:00Z,1204.0,1205.0,1202.5,1203.0,0
2024-03-26T03:00:00Z,1203.25,1203.75,1202.25,1203.25,0
2024-03-26T04:00:00Z,1203.25,1203.5,1202.5,1202.5,0
2024-03-26T05:00:00Z,1202.75,1203.25,1202.0,1203.0,0
2024-03-26T06:00:00Z,1203.0,1204.0,1200.75,1201.0,0
2024-03-26T07:00:00Z,1201.0,1202.0,1199.75,1200.25,0
2024-03-26T08:00:00Z,1200.25,1202.0,1199.5,1201.75,0
2024-03-26T09:00:00Z,1201.5,1203.75,1201.25,1203.25,0
2024-03-26T10:00:00Z,1203.25,1205.75,1202.25,1204.0,0
2024-03-26T11:00:00Z,1203.75,1205.0,1201.5,1202.0,0
2024-03-26T12:00:00Z,1202.0,1203.25,1199.5,1202.5,0
2024-03-26T13:00:00Z,1200.75,1208.0,1200.0,1206.25,0
2024-03-26T14:00:00Z,1206.25,1206.75,1199.75,1200.75,0
2024-03-26T15:00:00Z,1200.5,1202.75,1199.0,1200.5,0
2024-03-26T16:00:00Z,1200.75,1202.25,1199.75,1200.5,0
2024-03-26T17:00:00Z,1200.5,1204.0,1199.5,1200.25,0
2024-03-26T18:00:00Z,1200.25,1200.75,1197.75,1198.0,0
2024-03-27T00:00:00Z,1196.75,1197.0,1193.0,1196.25,0
2024-03-27T01:00:00Z,1196.25,1196.5,1194.25,1195.0,0
2024-03-27T02:00:00Z,1195.0,1195.0,1192.25,1192.5,0
2024-03-27T03:00:00Z,1192.75,1193.0,1192.0,1192.25,0
2024-03-27T04:00:00Z,1192.25,1192.5,1191.75,1192.0,0
2024-03-27T05:00:00Z,1192.0,1194.0,1191.25,1193.0,0
2024-03-27T06:00:00Z,1193.25,1194.75,1193.0,1194.0,0
2024-03-27T07:00:00Z,1193.75,1194.75,1192.5,1194.5,0
2024-03-27T08:00:00Z,1194.5,1194.75,1193.25,1193.25,0
2024-03-27T09:00:00Z,1193.5,1194.75,1192.0,1192.25,0
2024-03-27T10:00:00Z,1192.5,1193.75,1192.0,1193.75,0
2024-03-27T11:00:00Z,1193.75,1194.75,1192.5,1193.25,0
2024-03-27T12:00:00Z,1193.0,1193.75,1192.0,1192.25,0
2024-03-27T13:00:00Z,1191.75,1194.25,1189.5,1193.0,0
2024-03-27T14:00:00Z,1193.25,1197.5,1192.25,1194.5,0
2024-03-27T15:00:00Z,1194.25,1196.25,1192.25,1196.0,0
2024-03-27T16:00:00Z,1196.25,1198.0,1192.5,1194.0,0
2024-03-27T17:00:00Z,1194.0,1195.75,1191.0,1193.5,0
2024-03-27T18:00:00Z,1193.5,1194.0,1191.5,1192.25,0
2024-03-28T00:00:00Z,1191.75,1194.0,1190.25,1193.75,0
2024-03-28T01:00:00Z,1194.0,1194.5,1188.25,1188.75,0
2024-03-28T02:00:00Z,1189.25,1191.5,1188.25,1191.25,0
2024-03-28T03:00:00Z,1191.0,1191.25,1189.0,1189.0,0
2024-03-28T04:00:00Z,1189.0,1190.5,1188.5,1189.75,0
2024-03-28T05:00:00Z,1189.75,1190.25,1188.25,1188.5,0
2024-03-28T06:00:00Z,1188.5,1189.25,1187.75,1189.0,0
2024-03-28T07:00:00Z,1188.75,1189.25,1186.75,1188.0,0
2024-03-28T08:00:00Z,1187.75,1189.5,1187.5,1189.0,0
2024-03-28T09:00:00Z,1188.75,1189.5,1187.5,1188.25,0
2024-03-28T10:00:00Z,1188.25,1189.25,1186.5,1186.5,0
2024-03-28T11:00:00Z,1186.75,1189.0,1186.25,1188.5,0
2024-03-28T12:00:00Z,1188.75,1190.75,1187.75,1188.0,0
2024-03-28T13:00:00Z,1188.0,1189.75,1182.0,1185.0,0
2024-03-28T14:00:00Z,1185.25,1188.25,1182.5,1187.5,0
2024-03-28T15:00:00Z,1187.25,1187.25,1177.0,1180.0,0
2024-03-28T16:00:00Z,1180.0,1199.5,1178.25,1197.75,0
2024-03-28T17:00:00Z,1197.75,1198.25,1186.75,1189.0,0
2024-03-28T18:00:00Z,1189.0,1192.5,1189.0,1192.0,0
2024-04-01T00:00:00Z,1196.25,1198.0,1191.5,1193.5,0
2024-04-01T01:00:00Z,1193.5,1198.25,1191.0,1197.5,0
2024-04-01T02:00:00Z,1197.75,1199.0,1196.5,1199.0,0
2024-04-01T03:00:00Z,1198.75,1199.0,1197.0,1197.25,0
2024-04-01T04:00:00Z,1197.5,1197.5,1195.75,1197.25,0
2024-04-01T05:00:00Z,1197.5,1197.5,1196.0,1197.25,0
2024-04-01T06:00:00Z,1197.5,1201.75,1197.5,1201.25,0
2024-04-01T07:00:00Z,1201.5,1201.5,1198.5,1198.75,0
2024-04-01T08:00:00Z,1198.75,1199.0,1196.75,1196.75,0
2024-04-01T09:00:00Z,1196.75,1197.75,1196.25,1197.5,0
2024-04-01T10:00:00Z,1197.75,1199.0,1196.5,1199.0,0
2024-04-01T11:00:00Z,1198.75,1198.75,1195.5,1197.25,0
2024-04-01T12:00:00Z,1197.0,1198.0,1193.5,1195.0,0
2024-04-01T13:00:00Z,1194.25,1197.75,1187.75,1194.75,0
2024-04-01T14:00:00Z,1194.75,1194.75,1184.5,1185.25,0
2024-04-01T15:00:00Z,1185.0,1187.25,1181.5,1186.25,0
2024-04-01T16:00:00Z,1186.5,1188.75,1183.75,1184.0,0
2024-04-01T17:00:00Z,1184.0,1188.0,1183.25,1187.25,0
2024-04-01T18:00:00Z,1187.25,1187.25,1184.5,1185.5,0
2024-04-02T00:00:00Z,1185.5,1188.5,1184.25,1188.25,0
2024-04-02T01:00:00Z,1188.0,1189.75,1186.5,1189.0,0
2024-04-02T02:00:00Z,1189.0,1189.0,1185.0,1188.0,0
2024-04-02T03:00:00Z,1188.0,1189.0,1186.75,1187.25,0
2024-04-02T04:00:00Z,1187.25,1187.5,1186.25,1187.0,0
2024-04-02T05:00:00Z,1187.0,1187.0,1184.5,1185.0,0
2024-04-02T06:00:00Z,1185.0,1186.75,1184.5,1185.5,0
2024-04-02T07:00:00Z,1185.5,1185.5,1183.0,1183.75,0
2024-04-02T08:00:00Z,1183.75,1184.0,1182.0,1183.0,0
2024-04-02T09:00:00Z,1183.25,1187.25,1182.75,1187.0,0
2024-04-02T10:00:00Z,1187.0,1189.25,1186.5,1188.25,0
2024-04-02T11:00:00Z,1188.25,1189.5,1184.5,1186.75,0
2024-04-02T12:00:00Z,1186.75,1190.5,1186.5,1187.75,0
2024-04-02T13:00:00Z,1187.75,1196.75,1185.75,1193.5,0
2024-04-02T14:00:00Z,1193.75,1199.75,1190.75,1191.5,0
2024-04-02T15:00:00Z,1191.5,1192.0,1185.5,1188.5,0
2024-04-02T16:00:00Z,1188.5,1188.75,1180.75,1184.25,0
2024-04-02T17:00:00Z,1184.25,1185.5,1171.0,1174.25,0
2024-04-02T18:00:00Z,1174.0,1176.0,1173.5,1175.5,0
2024-04-03T00:00:00Z,1175.5,1176.25,1170.25,1170.75,0
2024-04-03T01:00:00Z,1170.75,1173.0,1168.75,1172.0,0
2024-04-03T02:00:00Z,1172.0,1173.0,1171.5,1171.75,0
2024-04-03T03:00:00Z,1171.75,1174.75,1171.75,1174.5,0
2024-04-03T04:00:00Z,1174.25,1175.0,1173.0,1173.0,0
2024-04-03T05:00:00Z,1173.25,1174.0,1172.0,1173.25,0
2024-04-03T06:00:00Z,1173.25,1178.0,1173.0,1177.75,0
2024-04-03T07:00:00Z,1177.75,1177.75,1175.0,1175.25,0
2024-04-03T08:00:00Z,1175.25,1176.0,1173.5,1173.75,0
2024-04-03T09:00:00Z,1174.0,1175.25,1170.75,1171.5,0
2024-04-03T10:00:00Z,1171.5,1177.25,1170.75,1177.0,0
2024-04-03T11:00:00Z,1176.75,1180.5,1175.25,1180.0,0
2024-04-03T12:00:00Z,1180.0,1180.0,1176.0,1176.25,0
2024-04-03T13:00:00Z,1176.5,1178.0,1169.0,1170.5,0
2024-04-03T14:00:00Z,1170.75,1175.75,1170.0,1170.0,0
2024-04-03T15:00:00Z,1170.0,1173.0,1168.5,1171.5,0
2024-04-03T16:00:00Z,1171.25,1184.75,1170.0,1184.5,0
2024-04-03T17:00:00Z,1184.5,1186.75,1181.25,1181.75,0
2024-04-03T18:00:00Z,1181.75,1183.75,1180.5,1183.0,0
2024-04-04T00:00:00Z,1182.25,1186.0,1182.25,1185.5,0
2024-04-04T01:00:00Z,1185.5,1186.75,1185.0,1185.5,0
2024-04-04T02:00:00Z,1185.25,1185.25,1183.5,1184.25,0
2024-04-04T03:00:00Z,1184.25,1184.5,1183.0,1183.5,0
2024-04-04T04:00:00Z,1183.5,1184.5,1182.75,1184.25,0
2024-04-04T05:00:00Z,1184.0,1185.75,1183.5,1185.5,0
2024-04-04T06:00:00Z,1185.25,1185.25,1181.25,1181.25,0
2024-04-04T07:00:00Z,1181.0,1184.5,1181.0,1183.0,0
2024-04-04T08:00:00Z,1183.0,1185.25,1182.75,1184.75,0
2024-04-04T09:00:00Z,1184.75,1185.5,1181.75,1182.75,0
2024-04-04T10:00:00Z,1182.75,1183.75,1181.25,1182.5,0
2024-04-04T11:00:00Z,1182.5,1184.75,1180.0,1180.25,0
2024-04-04T12:00:00Z,1180.0,1180.75,1174.5,1175.5,0
2024-04-04T13:00:00Z,1173.5,1177.0,1170.25,1175.5,0
2024-04-04T14:00:00Z,1175.75,1181.25,1175.75,1179.0,0
2024-04-04T15:00:00Z,1178.75,1180.0,1175.0,1177.0,0
2024-04-04T16:00:00Z,1176.75,1177.0,1173.5,1174.75,0
2024-04-04T17:00:00Z,1174.75,1179.75,1174.0,1179.75,0
2024-04-04T18:00:00Z,1179.75,1181.5,1179.25,1180.25,0
2024-04-05T00:00:00Z,1178.0,1180.75,1176.25,1176.25,0
2024-04-05T01:00:00Z,1176.25,1176.75,1174.75,1174.75,0
2024-04-05T02:00:00Z,1174.75,1175.25,1174.75,1175.0,0
2024-04-05T03:00:00Z,1174.75,1175.75,1174.75,1175.75,0
2024-04-05T04:00:00Z,1175.75,1175.75,1174.0,1174.5,0
2024-04-05T05:00:00Z,1174.75,1174.75,1174.0,1174.5,0
2024-04-05T06:00:00Z,1174.5,1175.25,1174.0,1174.25,0
2024-04-05T07:00:00Z,1174.5,1175.25,1173.75,1174.0,0
2024-04-05T08:00:00Z,1174.0,1174.0,1173.0,1174.0,0
2024-04-05T09:00:00Z,1174.25,1176.5,1173.5,1176.25,0
2024-04-05T10:00:00Z,1176.25,1181.75,1176.25,1181.5,0
2024-04-05T11:00:00Z,1181.5,1184.5,1180.75,1182.25,0
2024-04-05T12:00:00Z,1182.5,1183.5,1177.75,1178.5,0
2024-04-05T13:00:00Z,1179.25,1187.75,1177.75,1183.5,0
2024-04-05T14:00:00Z,1183.75,1187.75,1181.25,1187.0,0
2024-04-05T15:00:00Z,1187.0,1188.25,1181.5,1183.75,0
2024-04-05T16:00:00Z,1183.5,1190.75,1183.5,1188.5,0
2024-04-05T17:00:00Z,1188.5,1188.75,1183.75,1185.0,0
2024-04-05T18:00:00Z,1185.25,1187.5,1183.0,1187.25,0
2024-04-08T00:00:00Z,1187.75,1188.25,1183.25,1185.5,0
2024-04-08T01:00:00Z,1185.25,1186.25,1183.25,1186.25,0
2024-04-08T02:00:00Z,1186.0,1189.5,1185.75,1188.5,0
2024-04-08T03:00:00Z,1188.5,1189.25,1187.0,1187.75,0
2024-04-08T04:00:00Z,1187.75,1189.25,1187.75,1188.75,0
2024-04-08T05:00:00Z,1188.5,1190.0,1186.75,1187.25,0
2024-04-08T06:00:00Z,1187.5,1187.5,1184.5,1184.5,0
2024-04-08T07:00:00Z,1184.75,1186.5,1184.25,1185.5,0
2024-04-08T08:00:00Z,1185.5,1186.25,1182.5,1185.25,0
2024-04-08T09:00:00Z,1185.25,1186.0,1182.25,1184.0,0
2024-04-08T10:00:00Z,1184.0,1185.5,1183.0,1184.75,0
2024-04-08T11:00:00Z,1184.75,1187.0,1184.75,1186.75,0
2024-04-08T12:00:00Z,1186.75,1190.0,1186.0,1188.75,0
2024-04-08T13:00:00Z,1188.5,1193.25,1185.25,1185.5,0
2024-04-08T14:00:00Z,1185.5,1187.75,1181.5,1183.0,0
2024-04-08T15:00:00Z,1183.0,1187.5,1182.5,1182.75,0
2024-04-08T16:00:00Z,1183.0,1189.25,1182.75,1186.75,0
2024-04-08T17:00:00Z,1186.75,1187.0,1181.75,1181.75,0
2024-04-08T18:00:00Z,1181.75,1182.25,1180.5,1181.5,0
2024-04-09T00:00:00Z,1181.5,1181.75,1178.0,1180.25,0
2024-04-09T01:00:00Z,1180.0,1181.5,1179.0,1180.0,0
2024-04-09T02:00:00Z,1179.75,1181.25,1178.25,1181.0,0
2024-04-09T03:00:00Z,1181.0,1184.25,1180.75,1181.75,0
2024-04-09T04:00:00Z,1181.75,1182.5,1180.75,1181.0,0
2024-04-09T05:00:00Z,1181.0,1181.5,1179.5,1179.75,0
2024-04-09T06:00:00Z,1179.5,1183.75,1179.5,1182.25,0
2024-04-09T07:00:00Z,1182.25,1183.0,1180.5,1180.75,0
2024-04-09T08:00:00Z,1180.75,1182.25,1179.0,1179.5,0
2024-04-09T09:00:00Z,1179.5,1180.75,1179.25,1180.0,0
2024-04-09T10:00:00Z,1179.75,1180.0,1176.75,1177.25,0
2024-04-09T11:00:00Z,1177.25,1178.25,1176.25,1176.25,0
2024-04-09T12:00:00Z,1176.5,1178.0,1175.75,1177.0,0
2024-04-09T13:00:00Z,1177.0,1177.0,1172.75,1174.5,0
2024-04-09T14:00:00Z,1174.5,1178.25,1172.0,1172.5,0
2024-04-09T15:00:00Z,1172.5,1184.25,1172.25,1180.5,0
2024-04-09T16:00:00Z,1180.75,1181.0,1175.75,1177.25,0
2024-04-09T17:00:00Z,1177.25,1178.0,1173.0,1174.0,0
2024-04-09T18:00:00Z,1174.25,1175.5,1173.0,1175.25,0
2024-04-10T00:00:00Z,1174.75,1180.25,1174.5,1180.0,0
2024-04-10T01:00:00Z,1180.0,1180.75,1177.5,1178.5,0
2024-04-10T02:00:00Z,1178.5,1180.75,1177.5,1179.75,0
2024-04-10T03:00:00Z,1180.0,1180.5,1179.0,1179.5,0
2024-04-10T04:00:00Z,1179.5,1180.25,1179.25,1180.25,0
2024-04-10T05:00:00Z,1180.0,1180.25,1177.5,1178.25,0
2024-04-10T06:00:00Z,1178.0,1180.0,1177.75,1178.0,0
2024-04-10T07:00:00Z,1177.75,1179.0,1177.25,1178.5,0
2024-04-10T08:00:00Z,1178.5,1180.0,1176.25,1179.75,0
2024-04-10T09:00:00Z,1180.0,1180.5,1178.0,1179.0,0
2024-04-10T10:00:00Z,1179.25,1179.5,1177.5,1178.0,0
2024-04-10T11:00:00Z,1178.0,1178.75,1175.75,1176.25,0
2024-04-10T12:00:00Z,1176.25,1177.75,1174.0,1174.5,0
2024-04-10T13:00:00Z,1173.5,1175.75,1167.0,1167.25,0
2024-04-10T14:00:00Z,1167.5,1170.5,1164.25,1166.0,0
2024-04-10T15:00:00Z,1165.75,1169.25,1164.0,1166.5,0
2024-04-10T16:00:00Z,1166.25,1168.75,1164.5,1166.0,0
2024-04-10T17:00:00Z,1166.0,1168.5,1163.0,1165.25,0
2024-04-10T18:00:00Z,1165.25,1166.25,1163.5,1163.75,0
2024-04-11T00:00:00Z,1163.75,1165.0,1162.5,1163.25,0
2024-04-11T01:00:00Z,1163.25,1166.25,1162.5,1165.0,0
2024-04-11T02:00:00Z,1165.0,1165.75,1164.0,1164.5,0
2024-04-11T03:00:00Z,1164.75,1165.25,1163.75,1164.25,0
2024-04-11T04:00:00Z,1164.25,1164.5,1163.0,1163.25,0
2024-04-11T05:00:00Z,1163.5,1163.75,1162.25,1162.5,0
2024-04-11T06:00:00Z,1162.75,1163.5,1162.0,1162.25,0
2024-04-11T07:00:00Z,1162.25,1163.5,1161.25,1163.25,0
2024-04-11T08:00:00Z,1163.0,1164.25,1162.0,1162.0,0
2024-04-11T09:00:00Z,1162.0,1163.25,1160.5,1163.0,0
2024-04-11T10:00:00Z,1163.25,1163.25,1160.75,1161.25,0
2024-04-11T11:00:00Z,1161.5,1162.0,1158.25,1159.0,0
2024-04-11T12:00:00Z,1159.25,1163.5,1159.0,1161.5,0
2024-04-11T13:00:00Z,1163.25,1164.0,1159.25,1162.0,0
2024-04-11T14:00:00Z,1161.75,1164.25,1159.25,1160.5,0
2024-04-11T15:00:00Z,1160.75,1161.25,1155.75,1158.5,0
2024-04-11T16:00:00Z,1158.5,1164.75,1151.0,1161.25,0
2024-04-11T17:00:00Z,1161.25,1164.0,1156.75,1157.25,0
2024-04-11T18:00:00Z,1157.5,1160.25,1157.0,1159.25,0
2024-04-12T00:00:00Z,1158.5,1159.25,1155.5,1156.25,0
2024-04-12T01:00:00Z,1156.25,1156.75,1154.0,1155.5,0
2024-04-12T02:00:00Z,1155.5,1157.0,1155.5,1156.75,0
2024-04-12T03:00:00Z,1156.75,1157.25,1155.75,1156.0,0
2024-04-12T04:00:00Z,1156.0,1156.25,1154.75,1155.25,0
2024-04-12T05:00:00Z,1155.25,1156.75,1154.75,1156.5,0
2024-04-12T06:00:00Z,1156.25,1159.25,1156.0,1158.5,0
2024-04-12T07:00:00Z,1158.25,1159.5,1156.75,1157.5,0
2024-04-12T08:00:00Z,1157.5,1162.0,1157.25,1161.5,0
2024-04-12T09:00:00Z,1161.25,1163.5,1161.0,1162.5,0
2024-04-12T10:00:00Z,1162.75,1164.25,1162.5,1162.5,0
2024-04-12T11:00:00Z,1162.75,1167.0,1161.0,1166.0,0
2024-04-12T12:00:00Z,1166.0,1166.5,1161.25,1162.0,0
2024-04-12T13:00:00Z,1162.5,1176.75,1162.25,1176.75,0
2024-04-12T14:00:00Z,1177.0,1179.75,1171.5,1171.75,0
2024-04-12T15:00:00Z,1171.75,1171.75,1164.75,1169.5,0
2024-04-12T16:00:00Z,1169.5,1172.0,1167.5,1169.5,0
2024-04-12T17:00:00Z,1169.75,1171.5,1168.25,1170.75,0
2024-04-12T18:00:00Z,1170.5,1174.75,1170.5,1172.0,0
2024-04-15T00:00:00Z,1173.25,1176.0,1172.5,1173.75,0
2024-04-15T01:00:00Z,1173.75,1174.5,1171.0,1172.75,0
2024-04-15T02:00:00Z,1172.5,1174.5,1171.5,1174.0,0
2024-04-15T03:00:00Z,1174.0,1175.0,1173.25,1173.25,0
2024-04-15T04:00:00Z,1173.0,1173.5,1172.5,1173.25,0
2024-04-15T05:00:00Z,1173.0,1173.5,1172.0,1172.5,0
2024-04-15T06:00:00Z,1172.25,1172.25,1168.25,1169.0,0
2024-04-15T07:00:00Z,1169.25,1170.25,1168.0,1169.25,0
2024-04-15T08:00:00Z,1169.5,1170.5,1168.25,1169.5,0
2024-04-15T09:00:00Z,1169.5,1170.0,1168.0,1169.5,0
2024-04-15T10:00:00Z,1169.75,1171.25,1169.5,1171.0,0
2024-04-15T11:00:00Z,1171.0,1174.0,1170.0,1170.5,0
2024-04-15T12:00:00Z,1170.75,1171.25,1166.75,1169.0,0
2024-04-15T13:00:00Z,1169.0,1169.75,1158.25,1159.25,0
2024-04-15T14:00:00Z,1159.25,1162.75,1156.75,1160.75,0
2024-04-15T15:00:00Z,1160.75,1164.0,1159.25,1160.25,0
2024-04-15T16:00:00Z,1160.0,1162.75,1158.5,1159.75,0
2024-04-15T17:00:00Z,1159.75,1161.0,1155.5,1159.75,0
2024-04-15T18:00:00Z,1159.75,1160.5,1157.0,1158.5,0
2024-04-16T00:00:00Z,1157.25,1159.0,1156.5,1157.0,0
2024-04-16T01:00:00Z,1157.0,1163.0,1157.0,1162.25,0
2024-04-16T02:00:00Z,1162.25,1163.0,1160.5,1161.0,0
2024-04-16T03:00:00Z,1161.0,1161.5,1159.75,1160.0,0
2024-04-16T04:00:00Z,1160.0,1160.0,1159.5,1160.0,0
2024-04-16T05:00:00Z,1159.75,1160.25,1158.5,1159.0,0
2024-04-16T06:00:00Z,1159.0,1159.75,1156.0,1157.0,0
2024-04-16T07:00:00Z,1157.0,1158.75,1155.25,1155.25,0
2024-04-16T08:00:00Z,1155.5,1158.25,1154.0,1155.75,0
2024-04-16T09:00:00Z,1155.75,1157.25,1154.75,1156.75,0
2024-04-16T10:00:00Z,1156.75,1159.5,1155.0,1159.25,0
2024-04-16T11:00:00Z,1159.25,1160.25,1157.25,1157.25,0
2024-04-16T12:00:00Z,1157.5,1157.75,1153.5,1155.25,0
2024-04-16T13:00:00Z,1155.25,1157.5,1152.25,1157.0,0
2024-04-16T14:00:00Z,1157.25,1157.5,1147.75,1148.25,0
2024-04-16T15:00:00Z,1148.25,1153.75,1147.75,1148.5,0
2024-04-16T16:00:00Z,1148.25,1149.25,1144.0,1144.25,0
2024-04-16T17:00:00Z,1144.0,1147.75,1143.25,1145.0,0
2024-04-16T18:00:00Z,1145.25,1146.75,1144.25,1145.0,0
2024-04-17T00:00:00Z,1160.5,1162.5,1159.75,1161.25,0
2024-04-17T01:00:00Z,1161.25,1162.0,1158.25,1159.75,0
2024-04-17T02:00:00Z,1159.75,1161.25,1158.25,1160.25,0
2024-04-17T03:00:00Z,1160.0,1160.25,1159.25,1159.75,0
2024-04-17T04:00:00Z,1160.0,1160.0,1159.0,1159.25,0
2024-04-17T05:00:00Z,1159.5,1159.75,1157.5,1158.0,0
2024-04-17T06:00:00Z,1158.25,1158.25,1157.0,1158.0,0
2024-04-17T07:00:00Z,1157.75,1158.0,1156.75,1157.5,0
2024-04-17T08:00:00Z,1157.75,1159.5,1157.25,1158.75,0
2024-04-17T09:00:00Z,1159.0,1160.25,1158.5,1159.75,0
2024-04-17T10:00:00Z,1160.25,1161.25,1159.25,1159.25,0
2024-04-17T11:00:00Z,1159.25,1161.0,1158.25,1160.75,0
2024-04-17T12:00:00Z,1160.5,1162.25,1158.0,1159.0,0
2024-04-17T13:00:00Z,1159.0,1166.0,1157.0,1165.0,0
2024-04-17T14:00:00Z,1165.0,1168.0,1162.5,1166.0,0
2024-04-17T15:00:00Z,1166.0,1169.5,1163.5,1164.0,0
2024-04-17T16:00:00Z,1164.0,1164.5,1161.0,1164.25,0
2024-04-17T17:00:00Z,1164.0,1165.75,1163.25,1164.0,0
2024-04-17T18:00:00Z,1164.25,1164.75,1163.25,1163.75,0
2024-04-18T00:00:00Z,1164.0,1164.25,1162.0,1163.5,0
2024-04-18T01:00:00Z,1163.75,1164.25,1161.0,1161.0,0
2024-04-18T02:00:00Z,1161.0,1164.25,1161.0,1164.0,0
2024-04-18T03:00:00Z,1164.0,1164.5,1163.5,1164.0,0
2024-04-18T04:00:00Z,1163.75,1164.25,1163.25,1163.25,0
2024-04-18T05:00:00Z,1163.25,1163.5,1162.0,1162.0,0
2024-04-18T06:00:00Z,1162.0,1164.0,1162.0,1163.0,0
2024-04-18T07:00:00Z,1163.0,1163.5,1159.75,1160.25,0
2024-04-18T08:00:00Z,1160.0,1161.0,1159.25,1160.0,0
2024-04-18T09:00:00Z,1159.75,1160.75,1159.25,1159.75,0
2024-04-18T10:00:00Z,1159.75,1160.25,1157.5,1157.5,0
2024-04-18T11:00:00Z,1157.5,1158.0,1156.0,1156.5,0
2024-04-18T12:00:00Z,1156.75,1157.25,1154.25,1156.25,0
2024-04-18T13:00:00Z,1158.0,1158.75,1152.75,1157.0,0
2024-04-18T14:00:00Z,1157.0,1160.75,1154.75,1156.25,0
2024-04-18T15:00:00Z,1156.0,1156.0,1152.0,1153.0,0
2024-04-18T16:00:00Z,1153.0,1154.75,1150.75,1152.0,0
2024-04-18T17:00:00Z,1152.25,1153.25,1150.75,1150.75,0
2024-04-18T18:00:00Z,1150.75,1150.75,1147.75,1148.0,0
2024-04-19T00:00:00Z,1148.25,1148.75,1145.75,1146.75,0
2024-04-19T01:00:00Z,1146.75,1154.5,1146.5,1154.5,0
2024-04-19T02:00:00Z,1154.5,1158.5,1153.75,1157.0,0
2024-04-19T03:00:00Z,1157.0,1157.5,1154.5,1154.75,0
2024-04-19T04:00:00Z,1155.0,1155.5,1153.75,1153.75,0
2024-04-19T05:00:00Z,1154.0,1155.75,1153.0,1155.25,0
2024-04-19T06:00:00Z,1155.5,1157.0,1154.25,1155.0,0
2024-04-19T07:00:00Z,1154.75,1155.0,1152.5,1153.25,0
2024-04-19T08:00:00Z,1153.25,1153.25,1152.0,1152.5,0
2024-04-19T09:00:00Z,1152.25,1154.0,1151.5,1152.25,0
2024-04-19T10:00:00Z,1152.5,1152.5,1150.75,1150.75,0
2024-04-19T11:00:00Z,1150.75,1151.75,1148.75,1149.0,0
2024-04-19T12:00:00Z,1149.0,1152.5,1148.5,1151.25,0
2024-04-19T13:00:00Z,1152.5,1156.75,1150.5,1150.5,0
2024-04-19T14:00:00Z,1150.25,1161.75,1150.25,1160.25,0
2024-04-19T15:00:00Z,1160.25,1165.0,1160.25,1163.75,0
2024-04-19T16:00:00Z,1163.75,1166.5,1160.75,1166.25,0
2024-04-19T17:00:00Z,1166.5,1168.0,1164.0,1166.0,0
2024-04-19T18:00:00Z,1166.0,1166.25,1164.25,1165.5,0
2024-04-22T00:00:00Z,1162.5,1169.25,1162.5,1164.5,0
2024-04-22T01:00:00Z,1164.25,1165.25,1162.5,1164.75,0
2024-04-22T02:00:00Z,1164.75,1165.25,1161.25,1161.25,0
2024-04-22T03:00:00Z,1161.25,1162.75,1160.75,1162.25,0
2024-04-22T04:00:00Z,1162.0,1162.0,1161.5,1161.75,0
2024-04-22T05:00:00Z,1161.75,1162.5,1161.0,1161.25,0
2024-04-22T06:00:00Z,1161.5,1162.5,1161.0,1161.5,0
2024-04-22T07:00:00Z,1161.25,1161.25,1160.25,1160.25,0
2024-04-22T08:00:00Z,1160.25,1162.0,1159.75,1161.5,0
2024-04-22T09:00:00Z,1161.25,1162.0,1159.75,1160.0,0
2024-04-22T10:00:00Z,1160.25,1164.25,1160.0,1162.5,0
2024-04-22T11:00:00Z,1162.75,1163.75,1161.5,1161.75,0
2024-04-22T12:00:00Z,1162.0,1164.5,1161.0,1161.5,0
2024-04-22T13:00:00Z,1162.75,1168.5,1159.75,1167.0,0
2024-04-22T14:00:00Z,1167.25,1173.25,1166.25,1172.25,0
2024-04-22T15:00:00Z,1172.0,1178.5,1170.75,1173.5,0
2024-04-22T16:00:00Z,1173.75,1180.5,1172.75,1179.75,0
2024-04-22T17:00:00Z,1179.75,1182.25,1178.25,1179.0,0
2024-04-22T18:00:00Z,1179.0,1179.5,1175.25,1176.75,0
2024-04-23T00:00:00Z,1176.5,1178.5,1173.25,1177.75,0
2024-04-23T01:00:00Z,1177.75,1179.5,1176.0,1179.25,0
2024-04-23T02:00:00Z,1179.25,1184.25,1178.5,1183.25,0
2024-04-23T03:00:00Z,1183.25,1183.5,1179.5,1180.75,0
2024-04-23T04:00:00Z,1181.0,1181.25,1180.0,1180.25,0
2024-04-23T05:00:00Z,1180.5,1181.75,1179.0,1179.5,0
2024-04-23T06:00:00Z,1179.5,1180.25,1177.0,1178.25,0
2024-04-23T07:00:00Z,1178.5,1183.25,1178.25,1183.25,0
2024-04-23T08:00:00Z,1183.0,1183.75,1180.75,1181.5,0
2024-04-23T09:00:00Z,1181.75,1182.0,1178.25,1178.25,0
2024-04-23T10:00:00Z,1178.5,1179.25,1177.25,1178.75,0
2024-04-23T11:00:00Z,1178.5,1179.5,1175.0,1175.0,0
2024-04-23T12:00:00Z,1175.25,1176.0,1173.25,1173.75,0
2024-04-23T13:00:00Z,1174.5,1182.25,1173.0,1179.0,0
2024-04-23T14:00:00Z,1179.25,1182.75,1175.25,1179.5,0
2024-04-23T15:00:00Z,1179.75,1181.5,1177.75,1180.25,0
2024-04-23T16:00:00Z,1180.25,1181.5,1179.0,1180.75,0
2024-04-23T17:00:00Z,1180.75,1183.25,1179.5,1183.25,0
2024-04-23T18:00:00Z,1183.25,1183.5,1180.75,1181.0,0
2024-04-24T00:00:00Z,1181.0,1184.0,1180.25,1183.5,0
2024-04-24T01:00:00Z,1183.25,1186.0,1183.25,1185.5,0
2024-04-24T02:00:00Z,1185.5,1186.0,1183.25,1183.75,0
2024-04-24T03:00:00Z,1183.75,1185.5,1183.5,1184.5,0
2024-04-24T04:00:00Z,1184.25,1184.75,1183.75,1184.0,0
2024-04-24T05:00:00Z,1184.0,1184.5,1183.0,1184.5,0
2024-04-24T06:00:00Z,1184.75,1185.0,1182.5,1183.25,0
2024-04-24T07:00:00Z,1183.25,1183.25,1181.75,1182.0,0
2024-04-24T08:00:00Z,1182.0,1182.75,1180.25,1180.25,0
2024-04-24T09:00:00Z,1180.25,1182.0,1179.25,1180.0,0
2024-04-24T10:00:00Z,1180.0,1181.25,1179.25,1180.5,0
2024-04-24T11:00:00Z,1180.75,1181.75,1179.5,1181.0,0
2024-04-24T12:00:00Z,1180.75,1185.0,1180.0,1181.75,0
2024-04-24T13:00:00Z,1181.5,1189.5,1180.75,1184.75,0
2024-04-24T14:00:00Z,1185.0,1187.0,1181.5,1186.5,0
2024-04-24T15:00:00Z,1186.5,1191.75,1183.0,1185.0,0
2024-04-24T16:00:00Z,1184.75,1187.25,1182.0,1184.5,0
2024-04-24T17:00:00Z,1184.25,1185.75,1179.25,1180.5,0
2024-04-24T18:00:00Z,1180.75,1182.5,1180.0,1181.25,0
2024-04-25T00:00:00Z,1180.25,1180.75,1176.25,1176.5,0
2024-04-25T01:00:00Z,1176.5,1178.0,1175.0,1175.5,0
2024-04-25T02:00:00Z,1175.5,1176.5,1174.5,1174.75,0
2024-04-25T03:00:00Z,1174.75,1175.5,1173.25,1174.25,0
2024-04-25T04:00:00Z,1174.5,1174.5,1174.0,1174.0,0
2024-04-25T05:00:00Z,1174.25,1174.5,1173.5,1173.75,0
2024-04-25T06:00:00Z,1173.75,1176.0,1173.5,1176.0,0
2024-04-25T07:00:00Z,1176.0,1176.25,1173.5,1175.25,0
2024-04-25T08:00:00Z,1175.25,1179.25,1175.25,1178.5,0
2024-04-25T09:00:00Z,1178.25,1179.0,1176.0,1177.5,0
2024-04-25T10:00:00Z,1177.25,1177.25,1173.25,1174.0,0
2024-04-25T11:00:00Z,1174.0,1177.0,1174.0,1175.75,0
2024-04-25T12:00:00Z,1175.75,1177.5,1172.0,1173.25,0
2024-04-25T13:00:00Z,1172.5,1175.0,1169.0,1174.5,0
2024-04-25T14:00:00Z,1174.75,1175.5,1169.25,1169.5,0
2024-04-25T15:00:00Z,1169.5,1171.75,1166.75,1171.0,0
2024-04-25T16:00:00Z,1171.25,1177.0,1170.0,1176.0,0
2024-04-25T17:00:00Z,1175.75,1183.5,1175.75,1182.25,0
2024-04-25T18:00:00Z,1182.0,1182.25,1178.25,1179.25,0
2024-04-26T00:00:00Z,1179.0,1180.75,1178.0,1179.5,0
2024-04-26T01:00:00Z,1179.75,1180.25,1178.5,1179.75,0
2024-04-26T02:00:00Z,1180.0,1181.0,1179.0,1179.5,0
2024-04-26T03:00:00Z,1179.5,1180.25,1179.0,1179.75,0
2024-04-26T04:00:00Z,1179.75,1180.5,1179.0,1179.0,0
2024-04-26T05:00:00Z,1179.0,1180.0,1179.0,1180.0,0
2024-04-26T06:00:00Z,1179.75,1180.0,1178.5,1179.0,0
2024-04-26T07:00:00Z,1179.0,1179.5,1177.0,1177.0,0
2024-04-26T08:00:00Z,1176.75,1176.75,1175.0,1175.5,0
2024-04-26T09:00:00Z,1175.25,1176.5,1174.75,1175.75,0
2024-04-26T10:00:00Z,1175.5,1176.25,1175.0,1175.0,0
2024-04-26T11:00:00Z,1175.25,1177.75,1172.5,1174.25,0
2024-04-26T12:00:00Z,1174.5,1175.5,1172.5,1175.0,0
2024-04-26T13:00:00Z,1175.25,1180.0,1173.5,1176.25,0
2024-04-26T14:00:00Z,1176.5,1179.5,1175.25,1176.5,0
2024-04-26T15:00:00Z,1176.5,1179.0,1176.0,1177.5,0
2024-04-26T16:00:00Z,1177.5,1178.75,1175.75,1178.0,0
2024-04-26T17:00:00Z,1178.0,1178.0,1172.75,1174.5,0
2024-04-26T18:00:00Z,1174.75,1178.0,1174.0,1177.0,0
2024-04-29T00:00:00Z,1176.0,1180.5,1175.75,1180.25,0
2024-04-29T01:00:00Z,1180.25,1183.75,1176.0,1177.25,0
2024-04-29T02:00:00Z,1177.0,1181.25,1177.0,1181.0,0
2024-04-29T03:00:00Z,1180.75,1180.75,1179.75,1180.0,0
2024-04-29T04:00:00Z,1180.0,1181.25,1179.75,1181.25,0
2024-04-29T05:00:00Z,1181.0,1181.75,1180.25,1181.5,0
2024-04-29T06:00:00Z,1181.5,1181.75,1179.0,1179.0,0
2024-04-29T07:00:00Z,1179.0,1179.75,1178.0,1178.25,0
2024-04-29T08:00:00Z,1178.5,1181.75,1178.25,1181.0,0
2024-04-29T09:00:00Z,1181.0,1182.75,1178.75,1182.25,0
2024-04-29T10:00:00Z,1182.0,1182.5,1181.5,1182.25,0
2024-04-29T11:00:00Z,1182.5,1183.5,1181.5,1182.5,0
2024-04-29T12:00:00Z,1182.75,1187.0,1181.5,1182.0,0
2024-04-29T13:00:00Z,1182.25,1189.5,1181.75,1183.5,0
2024-04-29T14:00:00Z,1183.5,1184.0,1177.25,1180.25,0
2024-04-29T15:00:00Z,1180.5,1181.75,1175.0,1178.0,0
2024-04-29T16:00:00Z,1178.0,1189.0,1177.75,1188.75,0
2024-04-29T17:00:00Z,1188.75,1190.25,1183.5,1183.75,0
2024-04-29T18:00:00Z,1183.75,1184.0,1180.75,1183.5,0
2024-04-30T00:00:00Z,1182.0,1184.0,1176.0,1177.5,0
2024-04-30T01:00:00Z,1177.5,1178.0,1176.0,1176.5,0
2024-04-30T02:00:00Z,1176.5,1177.0,1174.0,1174.75,0
2024-04-30T03:00:00Z,1174.75,1175.25,1173.75,1174.5,0
2024-04-30T04:00:00Z,1174.5,1174.5,1174.0,1174.25,0
2024-04-30T05:00:00Z,1174.0,1174.25,1172.5,1173.75,0
2024-04-30T06:00:00Z,1173.75,1179.25,1173.5,1179.0,0
2024-04-30T07:00:00Z,1179.0,1179.5,1176.5,1177.75,0
2024-04-30T08:00:00Z,1177.5,1181.0,1177.0,1179.5,0
2024-04-30T09:00:00Z,1179.25,1182.5,1179.25,1180.25,0
2024-04-30T10:00:00Z,1180.0,1183.5,1179.75,1182.5,0
2024-04-30T11:00:00Z,1182.0,1183.0,1179.25,1180.25,0
2024-04-30T12:00:00Z,1180.25,1180.5,1177.0,1178.25,0
2024-04-30T13:00:00Z,1177.5,1180.0,1171.0,1171.5,0
2024-04-30T14:00:00Z,1171.75,1172.25,1161.0,1161.0,0
2024-04-30T15:00:00Z,1161.25,1165.75,1161.0,1164.25,0
2024-04-30T16:00:00Z,1164.5,1164.5,1158.75,1160.0,0
2024-04-30T17:00:00Z,1160.0,1164.75,1159.75,1163.25,0
2024-04-30T18:00:00Z,1163.25,1165.0,1162.5,1162.5,0
2024-05-01T00:00:00Z,1161.0,1161.0,1156.25,1158.0,0
2024-05-01T01:00:00Z,1158.0,1159.0,1157.75,1158.75,0
2024-05-01T02:00:00Z,1158.5,1159.25,1158.25,1159.25,0
2024-05-01T03:00:00Z,1159.0,1159.0,1158.5,1158.5,0
2024-05-01T04:00:00Z,1158.75,1159.75,1158.5,1159.5,0
2024-05-01T05:00:00Z,1159.5,1159.5,1157.5,1157.5,0
2024-05-01T06:00:00Z,1157.75,1159.25,1157.25,1158.0,0
2024-05-01T07:00:00Z,1158.0,1158.5,1157.5,1158.0,0
2024-05-01T08:00:00Z,1158.0,1158.5,1157.0,1157.75,0
2024-05-01T09:00:00Z,1158.0,1158.25,1156.25,1156.25,0
2024-05-01T10:00:00Z,1156.5,1159.0,1156.25,1156.75,0
2024-05-01T11:00:00Z,1157.0,1159.0,1157.0,1157.5,0
2024-05-01T12:00:00Z,1157.75,1161.75,1157.75,1160.5,0
2024-05-01T13:00:00Z,1161.25,1166.5,1160.5,1165.75,0
2024-05-01T14:00:00Z,1165.75,1167.75,1163.0,1165.25,0
2024-05-01T15:00:00Z,1165.0,1171.5,1162.25,1169.0,0
2024-05-01T16:00:00Z,1169.0,1169.5,1165.0,1168.25,0
2024-05-01T17:00:00Z,1168.5,1171.5,1166.0,1171.0,0
2024-05-01T18:00:00Z,1171.0,1171.25,1168.75,1169.75,0
2024-05-02T00:00:00Z,1170.25,1178.5,1170.25,1176.0,0
2024-05-02T01:00:00Z,1176.0,1177.75,1175.25,1175.25,0
2024-05-02T02:00:00Z,1175.25,1176.5,1175.25,1175.5,0
2024-05-02T03:00:00Z,1175.75,1176.75,1175.0,1176.0,0
2024-05-02T04:00:00Z,1176.0,1178.25,1176.0,1177.75,0
2024-05-02T05:00:00Z,1177.75,1178.5,1177.5,1177.75,0
2024-05-02T06:00:00Z,1177.5,1179.0,1177.5,1178.5,0
2024-05-02T07:00:00Z,1178.5,1181.75,1178.0,1181.75,0
2024-05-02T08:00:00Z,1182.0,1183.0,1180.5,1182.0,0
2024-05-02T09:00:00Z,1181.5,1182.75,1180.5,1181.25,0
2024-05-02T10:00:00Z,1181.0,1181.75,1179.75,1179.75,0
2024-05-02T11:00:00Z,1179.5,1185.5,1179.5,1183.75,0
2024-05-02T12:00:00Z,1183.5,1185.75,1183.0,1183.75,0
2024-05-02T13:00:00Z,1183.5,1188.0,1180.25,1187.5,0
2024-05-02T14:00:00Z,1187.5,1192.0,1186.25,1189.5,0
2024-05-02T15:00:00Z,1189.5,1191.5,1186.25,1190.5,0
2024-05-02T16:00:00Z,1190.5,1201.75,1190.25,1196.5,0
2024-05-02T17:00:00Z,1196.5,1200.25,1194.75,1197.75,0
2024-05-02T18:00:00Z,1197.75,1201.0,1196.25,1200.0,0
2024-05-03T00:00:00Z,1198.25,1202.0,1197.75,1199.5,0
2024-05-03T01:00:00Z,1199.25,1202.25,1199.0,1201.0,0
2024-05-03T02:00:00Z,1201.25,1207.25,1200.0,1206.5,0
2024-05-03T03:00:00Z,1206.5,1207.0,1204.5,1205.5,0
2024-05-03T04:00:00Z,1205.25,1207.0,1205.0,1206.5,0
2024-05-03T05:00:00Z,1206.25,1208.5,1205.75,1207.0,0
2024-05-03T06:00:00Z,1206.75,1208.75,1206.0,1208.5,0
2024-05-03T07:00:00Z,1208.5,1212.5,1204.75,1205.5,0
2024-05-03T08:00:00Z,1205.75,1205.75,1202.5,1204.25,0
2024-05-03T09:00:00Z,1204.25,1210.0,1204.0,1207.25,0
2024-05-03T10:00:00Z,1207.25,1208.75,1205.75,1207.0,0
2024-05-03T11:00:00Z,1207.0,1211.75,1205.75,1211.5,0
2024-05-03T12:00:00Z,1211.25,1212.0,1205.0,1209.0,0
2024-05-03T13:00:00Z,1208.75,1213.75,1205.25,1212.5,0
2024-05-03T14:00:00Z,1212.75,1214.75,1205.0,1208.5,0
2024-05-03T15:00:00Z,1208.0,1208.75,1202.5,1204.0,0
2024-05-03T16:00:00Z,1204.25,1209.0,1203.5,1208.75,0
2024-05-03T17:00:00Z,1209.0,1215.25,1208.5,1213.75,0
2024-05-03T18:00:00Z,1213.75,1216.5,1212.75,1216.25,0
2024-05-06T00:00:00Z,1214.75,1219.0,1210.75,1212.0,0
2024-05-06T01:00:00Z,1211.75,1213.5,1208.75,1209.75,0
2024-05-06T02:00:00Z,1209.75,1210.0,1208.75,1208.75,0
2024-05-06T03:00:00Z,1208.75,1209.25,1208.0,1208.25,0
2024-05-06T04:00:00Z,1208.25,1208.5,1208.0,1208.25,0
2024-05-06T05:00:00Z,1208.25,1208.75,1208.0,1208.5,0
2024-05-06T06:00:00Z,1208.5,1208.75,1207.25,1208.25,0
2024-05-06T07:00:00Z,1208.0,1209.5,1207.75,1207.75,0
2024-05-06T08:00:00Z,1208.0,1210.0,1207.0,1209.75,0
2024-05-06T09:00:00Z,1210.0,1210.25,1209.5,1210.0,0
2024-05-06T10:00:00Z,1210.25,1213.25,1208.0,1213.25,0
2024-05-06T11:00:00Z,1213.0,1214.25,1211.75,1213.5,0
2024-05-06T12:00:00Z,1213.25,1215.25,1210.5,1213.75,0
2024-05-06T13:00:00Z,1215.75,1232.25,1215.5,1229.75,0
2024-05-06T14:00:00Z,1229.75,1239.0,1228.75,1238.5,0
2024-05-06T15:00:00Z,1238.5,1241.0,1231.75,1240.5,0
2024-05-06T16:00:00Z,1240.5,1247.5,1239.25,1243.25,0
2024-05-06T17:00:00Z,1243.25,1250.75,1241.5,1250.75,0
2024-05-06T18:00:00Z,1250.75,1251.25,1245.5,1245.75,0
2024-05-07T00:00:00Z,1247.0,1255.0,1244.5,1245.25,0
2024-05-07T01:00:00Z,1245.5,1248.0,1244.0,1245.75,0
2024-05-07T02:00:00Z,1245.5,1246.75,1244.75,1246.25,0
2024-05-07T03:00:00Z,1246.0,1247.5,1244.75,1247.25,0
2024-05-07T04:00:00Z,1247.25,1248.75,1247.0,1247.5,0
2024-05-07T05:00:00Z,1247.5,1250.75,1247.5,1249.5,0
2024-05-07T06:00:00Z,1249.5,1249.5,1246.0,1249.0,0
2024-05-07T07:00:00Z,1249.0,1251.5,1248.25,1249.25,0
2024-05-07T08:00:00Z,1249.5,1250.5,1243.25,1246.0,0
2024-05-07T09:00:00Z,1245.75,1246.25,1241.5,1243.0,0
2024-05-07T10:00:00Z,1243.0,1244.0,1241.5,1242.5,0
2024-05-07T11:00:00Z,1242.5,1246.0,1242.25,1243.75,0
2024-05-07T12:00:00Z,1243.75,1243.75,1240.25,1241.75,0
2024-05-07T13:00:00Z,1244.0,1251.5,1242.5,1247.0,0
2024-05-07T14:00:00Z,1247.0,1256.5,1246.0,1248.0,0
2024-05-07T15:00:00Z,1248.0,1250.75,1244.75,1246.25,0
2024-05-07T16:00:00Z,1246.25,1248.75,1243.5,1247.5,0
2024-05-07T17:00:00Z,1247.5,1250.25,1245.25,1247.0,0
2024-05-07T18:00:00Z,1247.25,1248.0,1244.75,1245.25,0
2024-05-08T00:00:00Z,1244.0,1244.75,1239.75,1241.5,0
2024-05-08T01:00:00Z,1241.75,1242.0,1240.5,1241.0,0
2024-05-08T02:00:00Z,1240.75,1242.5,1240.25,1242.25,0
2024-05-08T03:00:00Z,1242.25,1243.0,1241.0,1241.0,0
2024-05-08T04:00:00Z,1241.0,1241.25,1240.25,1240.5,0
2024-05-08T05:00:00Z,1240.75,1242.25,1240.0,1241.5,0
2024-05-08T06:00:00Z,1241.5,1243.5,1240.5,1243.25,0
2024-05-08T07:00:00Z,1243.25,1244.0,1240.75,1241.25,0
2024-05-08T08:00:00Z,1241.5,1247.5,1240.75,1247.25,0
2024-05-08T09:00:00Z,1247.0,1248.0,1244.75,1245.25,0
2024-05-08T10:00:00Z,1245.25,1246.0,1244.25,1244.25,0
2024-05-08T11:00:00Z,1244.5,1245.0,1242.5,1242.5,0
2024-05-08T12:00:00Z,1242.75,1243.25,1238.5,1239.25,0
2024-05-08T13:00:00Z,1239.5,1240.0,1231.25,1239.0,0
2024-05-08T14:00:00Z,1238.75,1242.0,1235.75,1238.25,0
2024-05-08T15:00:00Z,1238.25,1243.0,1236.5,1238.25,0
2024-05-08T16:00:00Z,1238.25,1240.5,1231.75,1232.25,0
2024-05-08T17:00:00Z,1232.0,1233.5,1226.25,1227.5,0
2024-05-08T18:00:00Z,1227.25,1229.5,1225.5,1228.75,0
2024-05-09T00:00:00Z,1227.75,1232.0,1227.0,1232.0,0
2024-05-09T01:00:00Z,1231.75,1233.0,1229.5,1233.0,0
2024-05-09T02:00:00Z,1232.75,1234.0,1232.25,1234.0,0
2024-05-09T03:00:00Z,1233.75,1234.75,1233.25,1234.0,0
2024-05-09T04:00:00Z,1234.0,1234.25,1233.5,1234.25,0
2024-05-09T05:00:00Z,1234.25,1235.0,1233.25,1235.0,0
2024-05-09T06:00:00Z,1234.75,1236.75,1231.25,1232.0,0
2024-05-09T07:00:00Z,1232.0,1232.0,1227.5,1230.25,0
2024-05-09T08:00:00Z,1230.25,1232.5,1229.25,1232.25,0
2024-05-09T09:00:00Z,1232.25,1233.5,1230.75,1231.25,0
2024-05-09T10:00:00Z,1231.5,1234.75,1231.5,1234.25,0
2024-05-09T11:00:00Z,1234.25,1234.75,1230.5,1230.5,0
2024-05-09T12:00:00Z,1230.5,1231.0,1223.0,1224.5,0
2024-05-09T13:00:00Z,1226.0,1226.5,1218.25,1220.0,0
2024-05-09T14:00:00Z,1220.0,1221.0,1210.75,1213.5,0
2024-05-09T15:00:00Z,1213.25,1215.5,1209.25,1210.25,0
2024-05-09T16:00:00Z,1210.5,1214.0,1209.0,1210.5,0
2024-05-09T17:00:00Z,1210.5,1211.25,1206.25,1208.75,0
2024-05-09T18:00:00Z,1208.75,1210.25,1208.0,1209.75,0
2024-05-10T00:00:00Z,1210.25,1213.25,1210.25,1212.5,0
2024-05-10T01:00:00Z,1212.25,1213.0,1207.0,1208.25,0
2024-05-10T02:00:00Z,1208.5,1210.0,1207.75,1208.25,0
2024-05-10T03:00:00Z,1208.25,1208.75,1207.25,1208.25,0
2024-05-10T04:00:00Z,1208.25,1209.5,1208.0,1209.0,0
2024-05-10T05:00:00Z,1209.0,1209.75,1208.25,1209.5,0
2024-05-10T06:00:00Z,1209.25,1211.5,1208.25,1210.25,0
2024-05-10T07:00:00Z,1209.75,1213.5,1209.25,1212.75,0
2024-05-10T08:00:00Z,1212.75,1213.0,1210.5,1212.25,0
2024-05-10T09:00:00Z,1212.0,1212.75,1210.0,1211.75,0
2024-05-10T10:00:00Z,1211.75,1213.5,1211.5,1211.75,0
2024-05-10T11:00:00Z,1211.5,1212.75,1209.0,1209.75,0
2024-05-10T12:00:00Z,1209.75,1210.75,1208.5,1209.25,0
2024-05-10T13:00:00Z,1210.0,1213.75,1209.0,1212.25,0
2024-05-10T14:00:00Z,1212.25,1214.5,1209.5,1210.75,0
2024-05-10T15:00:00Z,1210.5,1214.75,1209.75,1212.0,0
2024-05-10T16:00:00Z,1212.5,1222.5,1204.5,1214.5,0
2024-05-10T17:00:00Z,1214.5,1219.0,1212.75,1217.75,0
2024-05-10T18:00:00Z,1218.0,1220.0,1216.0,1218.75,0
2024-05-13T00:00:00Z,1219.0,1221.25,1211.5,1213.0,0
2024-05-13T01:00:00Z,1213.0,1216.0,1211.5,1215.75,0
2024-05-13T02:00:00Z,1216.0,1218.25,1214.75,1217.0,0
2024-05-13T03:00:00Z,1216.75,1216.75,1215.0,1215.0,0
2024-05-13T04:00:00Z,1215.0,1216.5,1214.75,1215.75,0
2024-05-13T05:00:00Z,1215.5,1216.0,1214.5,1214.75,0
2024-05-13T06:00:00Z,1214.75,1216.75,1213.5,1216.5,0
2024-05-13T07:00:00Z,1216.5,1218.5,1216.0,1217.5,0
2024-05-13T08:00:00Z,1217.25,1218.75,1216.25,1218.25,0
2024-05-13T09:00:00Z,1218.5,1218.75,1215.0,1215.25,0
2024-05-13T10:00:00Z,1215.25,1215.5,1213.5,1213.75,0
2024-05-13T11:00:00Z,1214.0,1215.5,1212.5,1214.25,0
2024-05-13T12:00:00Z,1214.25,1215.5,1213.5,1214.5,0
2024-05-13T13:00:00Z,1215.0,1226.0,1214.5,1222.75,0
2024-05-13T14:00:00Z,1222.75,1224.5,1217.0,1224.25,0
2024-05-13T15:00:00Z,1224.25,1227.0,1222.5,1225.5,0
2024-05-13T16:00:00Z,1225.5,1228.25,1221.75,1224.25,0
2024-05-13T17:00:00Z,1224.25,1224.25,1220.75,1221.75,0
2024-05-13T18:00:00Z,1221.75,1222.75,1218.75,1219.25,0
2024-05-14T00:00:00Z,1219.25,1222.5,1218.5,1220.25,0
2024-05-14T01:00:00Z,1220.25,1221.5,1217.25,1217.5,0
2024-05-14T02:00:00Z,1217.5,1217.75,1212.5,1213.75,0
2024-05-14T03:00:00Z,1214.0,1214.5,1213.25,1214.25,0
2024-05-14T04:00:00Z,1214.25,1214.5,1213.5,1213.75,0
2024-05-14T05:00:00Z,1213.75,1216.0,1213.75,1215.75,0
2024-05-14T06:00:00Z,1215.75,1218.25,1214.0,1215.0,0
2024-05-14T07:00:00Z,1215.25,1216.0,1213.5,1214.5,0
2024-05-14T08:00:00Z,1214.5,1216.0,1212.75,1214.25,0
2024-05-14T09:00:00Z,1214.0,1215.5,1211.75,1212.75,0
2024-05-14T10:00:00Z,1212.75,1214.0,1211.25,1211.75,0
2024-05-14T11:00:00Z,1212.0,1213.25,1210.25,1211.5,0
2024-05-14T12:00:00Z,1211.5,1212.0,1207.0,1208.25,0
2024-05-14T13:00:00Z,1207.75,1210.25,1203.5,1207.5,0
2024-05-14T14:00:00Z,1207.5,1211.0,1206.0,1210.25,0
2024-05-14T15:00:00Z,1210.5,1214.75,1209.5,1212.75,0
2024-05-14T16:00:00Z,1212.5,1214.75,1211.75,1212.0,0
2024-05-14T17:00:00Z,1211.75,1218.0,1210.75,1217.25,0
2024-05-14T18:00:00Z,1217.0,1217.5,1214.0,1214.5,0
2024-05-15T00:00:00Z,1215.0,1216.0,1214.75,1214.75,0
2024-05-15T01:00:00Z,1214.75,1215.75,1212.5,1215.75,0
2024-05-15T02:00:00Z,1215.5,1217.75,1215.5,1216.25,0
2024-05-15T03:00:00Z,1216.25,1217.5,1216.0,1216.5,0
2024-05-15T04:00:00Z,1216.5,1217.25,1216.0,1216.0,0
2024-05-15T05:00:00Z,1216.25,1217.5,1216.0,1217.25,0
2024-05-15T06:00:00Z,1217.0,1219.5,1215.0,1219.5,0
2024-05-15T07:00:00Z,1219.25,1221.75,1218.5,1221.0,0
2024-05-15T08:00:00Z,1221.0,1223.5,1220.75,1223.0,0
2024-05-15T09:00:00Z,1223.0,1223.25,1221.5,1221.75,0
2024-05-15T10:00:00Z,1221.75,1221.75,1219.25,1221.25,0
2024-05-15T11:00:00Z,1221.25,1222.0,1218.75,1219.0,0
2024-05-15T12:00:00Z,1218.75,1226.25,1217.25,1225.0,0
2024-05-15T13:00:00Z,1225.5,1232.25,1225.25,1227.75,0
2024-05-15T14:00:00Z,1227.75,1229.75,1217.0,1220.0,0
2024-05-15T15:00:00Z,1220.0,1224.25,1218.5,1222.0,0
2024-05-15T16:00:00Z,1222.0,1223.5,1216.0,1217.75,0
2024-05-15T17:00:00Z,1217.5,1218.0,1209.5,1211.75,0
2024-05-15T18:00:00Z,1211.75,1214.5,1210.75,1214.25,0
2024-05-16T00:00:00Z,1214.0,1216.25,1213.0,1215.75,0
2024-05-16T01:00:00Z,1215.75,1216.75,1213.5,1215.5,0
2024-05-16T02:00:00Z,1215.75,1216.5,1215.0,1215.75,0
2024-05-16T03:00:00Z,1215.75,1216.25,1215.25,1215.25,0
2024-05-16T04:00:00Z,1215.25,1216.25,1215.25,1215.75,0
2024-05-16T05:00:00Z,1215.5,1216.0,1214.5,1214.75,0
2024-05-16T06:00:00Z,1214.5,1214.75,1211.5,1211.75,0
2024-05-16T07:00:00Z,1211.75,1212.5,1211.0,1211.5,0
2024-05-16T08:00:00Z,1211.5,1211.75,1210.5,1211.5,0
2024-05-16T09:00:00Z,1211.5,1211.5,1210.0,1210.25,0
2024-05-16T10:00:00Z,1210.25,1213.5,1210.25,1213.25,0
2024-05-16T11:00:00Z,1213.25,1215.75,1212.5,1214.0,0
2024-05-16T12:00:00Z,1214.25,1215.25,1213.25,1214.25,0
2024-05-16T13:00:00Z,1214.25,1218.75,1213.0,1213.0,0
2024-05-16T14:00:00Z,1213.0,1215.25,1210.5,1215.0,0
2024-05-16T15:00:00Z,1215.0,1217.75,1212.75,1217.75,0
2024-05-16T16:00:00Z,1217.75,1219.75,1213.0,1214.75,0
2024-05-16T17:00:00Z,1214.5,1216.75,1214.5,1215.75,0
2024-05-16T18:00:00Z,1215.75,1216.75,1214.5,1216.5,0
2024-05-17T00:00:00Z,1216.5,1218.0,1215.25,1216.75,0
2024-05-17T01:00:00Z,1216.75,1226.25,1216.5,1226.25,0
2024-05-17T02:00:00Z,1226.5,1227.0,1224.25,1224.75,0
2024-05-17T03:00:00Z,1224.75,1225.25,1224.5,1224.75,0
2024-05-17T04:00:00Z,1225.0,1226.75,1224.25,1226.0,0
2024-05-17T05:00:00Z,1226.0,1229.0,1225.25,1228.25,0
2024-05-17T06:00:00Z,1228.25,1230.0,1227.5,1229.25,0
2024-05-17T07:00:00Z,1229.0,1230.0,1228.5,1229.25,0
2024-05-17T08:00:00Z,1229.25,1229.5,1227.5,1229.25,0
2024-05-17T09:00:00Z,1229.0,1229.5,1226.25,1227.25,0
2024-05-17T10:00:00Z,1227.0,1227.75,1226.25,1227.0,0
2024-05-17T11:00:00Z,1227.25,1227.75,1222.75,1226.5,0
2024-05-17T12:00:00Z,1226.5,1228.25,1226.0,1228.25,0
2024-05-17T13:00:00Z,1228.0,1231.0,1225.25,1226.75,0
2024-05-17T14:00:00Z,1226.75,1228.5,1219.5,1221.25,0
2024-05-17T15:00:00Z,1221.0,1226.75,1219.0,1223.75,0
2024-05-17T16:00:00Z,1223.75,1227.0,1223.0,1226.0,0
2024-05-17T17:00:00Z,1226.25,1231.25,1225.75,1227.25,0
2024-05-17T18:00:00Z,1227.25,1228.5,1226.25,1227.25,0
2024-05-20T00:00:00Z,1227.25,1230.5,1225.5,1229.0,0
2024-05-20T01:00:00Z,1229.0,1229.0,1224.25,1226.5,0
2024-05-20T02:00:00Z,1226.5,1228.0,1225.25,1225.75,0
2024-05-20T03:00:00Z,1225.5,1225.75,1224.5,1225.0,0
2024-05-20T04:00:00Z,1225.0,1225.0,1224.0,1224.25,0
2024-05-20T05:00:00Z,1224.25,1227.75,1224.0,1227.75,0
2024-05-20T06:00:00Z,1227.75,1229.5,1227.0,1229.5,0
2024-05-20T07:00:00Z,1229.5,1231.75,1227.75,1231.0,0
2024-05-20T08:00:00Z,1231.0,1232.0,1230.0,1231.5,0
2024-05-20T09:00:00Z,1231.75,1234.0,1231.25,1233.75,0
2024-05-20T10:00:00Z,1234.0,1235.5,1232.75,1233.0,0
2024-05-20T11:00:00Z,1232.75,1234.0,1231.5,1234.0,0
2024-05-20T12:00:00Z,1234.25,1234.75,1231.0,1231.5,0
2024-05-20T13:00:00Z,1233.0,1242.25,1228.75,1242.25,0
2024-05-20T14:00:00Z,1242.25,1250.0,1241.5,1243.0,0
2024-05-20T15:00:00Z,1243.25,1246.25,1241.0,1245.75,0
2024-05-20T16:00:00Z,1246.0,1249.75,1242.25,1247.5,0
2024-05-20T17:00:00Z,1247.5,1250.75,1247.25,1248.0,0
2024-05-20T18:00:00Z,1248.25,1249.0,1246.75,1246.75,0
2024-05-21T00:00:00Z,1246.5,1249.25,1244.0,1246.25,0
2024-05-21T01:00:00Z,1245.75,1247.75,1242.25,1243.0,0
2024-05-21T02:00:00Z,1243.0,1244.0,1242.5,1243.0,0
2024-05-21T03:00:00Z,1243.0,1243.25,1242.25,1243.0,0
2024-05-21T04:00:00Z,1242.75,1243.0,1242.25,1243.0,0
2024-05-21T05:00:00Z,1242.75,1243.25,1239.75,1240.5,0
2024-05-21T06:00:00Z,1240.25,1240.5,1235.5,1235.75,0
2024-05-21T07:00:00Z,1235.75,1238.75,1235.75,1238.25,0
2024-05-21T08:00:00Z,1238.25,1238.75,1235.25,1236.5,0
2024-05-21T09:00:00Z,1236.5,1237.25,1234.75,1235.5,0
2024-05-21T10:00:00Z,1235.5,1237.75,1234.75,1237.5,0
2024-05-21T11:00:00Z,1237.5,1239.75,1237.25,1238.25,0
2024-05-21T12:00:00Z,1238.5,1239.75,1236.0,1238.0,0
2024-05-21T13:00:00Z,1238.75,1242.5,1237.5,1237.75,0
2024-05-21T14:00:00Z,1237.75,1240.75,1233.0,1233.75,0
2024-05-21T15:00:00Z,1233.75,1236.5,1232.25,1232.5,0
2024-05-21T16:00:00Z,1232.5,1234.0,1230.0,1231.75,0
2024-05-21T17:00:00Z,1231.75,1237.75,1231.5,1236.5,0
2024-05-21T18:00:00Z,1236.75,1237.25,1234.5,1235.75,0
2024-05-22T00:00:00Z,1235.0,1238.0,1233.25,1236.75,0
2024-05-22T01:00:00Z,1236.75,1241.0,1236.75,1241.0,0
2024-05-22T02:00:00Z,1241.0,1241.75,1239.75,1241.0,0
2024-05-22T03:00:00Z,1241.0,1242.25,1240.75,1240.75,0
2024-05-22T04:00:00Z,1241.0,1241.5,1240.5,1240.75,0
2024-05-22T05:00:00Z,1240.75,1241.25,1238.5,1239.75,0
2024-05-22T06:00:00Z,1239.75,1242.75,1238.75,1241.75,0
2024-05-22T07:00:00Z,1241.75,1242.25,1239.25,1240.25,0
2024-05-22T08:00:00Z,1240.5,1242.0,1239.0,1241.75,0
2024-05-22T09:00:00Z,1241.5,1241.5,1239.5,1241.25,0
2024-05-22T10:00:00Z,1241.25,1241.25,1239.5,1239.5,0
2024-05-22T11:00:00Z,1239.5,1240.75,1237.25,1238.25,0
2024-05-22T12:00:00Z,1238.25,1238.25,1233.75,1236.25,0
2024-05-22T13:00:00Z,1236.5,1242.25,1235.75,1237.75,0
2024-05-22T14:00:00Z,1237.75,1244.25,1234.25,1242.5,0
2024-05-22T15:00:00Z,1242.75,1245.5,1238.5,1239.0,0
2024-05-22T16:00:00Z,1238.75,1248.75,1237.5,1247.0,0
2024-05-22T17:00:00Z,1247.0,1249.75,1245.0,1246.0,0
2024-05-22T18:00:00Z,1246.0,1247.75,1245.0,1247.25,0
2024-05-23T00:00:00Z,1245.75,1247.5,1244.75,1246.0,0
2024-05-23T01:00:00Z,1246.0,1248.25,1243.5,1244.25,0
2024-05-23T02:00:00Z,1244.25,1246.0,1243.5,1244.75,0
2024-05-23T03:00:00Z,1244.75,1245.25,1243.75,1244.75,0
2024-05-23T04:00:00Z,1244.5,1244.5,1243.0,1243.75,0
2024-05-23T05:00:00Z,1243.25,1243.75,1239.75,1240.0,0
2024-05-23T06:00:00Z,1240.0,1242.75,1239.5,1242.5,0
2024-05-23T07:00:00Z,1242.5,1242.5,1240.75,1242.0,0
2024-05-23T08:00:00Z,1242.25,1245.25,1242.0,1244.5,0
2024-05-23T09:00:00Z,1244.25,1247.25,1244.0,1246.5,0
2024-05-23T10:00:00Z,1246.5,1249.5,1246.25,1248.25,0
2024-05-23T11:00:00Z,1248.25,1253.0,1248.0,1252.75,0
2024-05-23T12:00:00Z,1252.5,1254.0,1251.5,1252.5,0
2024-05-23T13:00:00Z,1251.75,1258.25,1247.0,1247.5,0
2024-05-23T14:00:00Z,1247.0,1250.5,1242.25,1243.25,0
2024-05-23T15:00:00Z,1243.25,1243.5,1237.75,1239.25,0
2024-05-23T16:00:00Z,1239.25,1243.75,1236.0,1241.25,0
2024-05-23T17:00:00Z,1241.25,1241.5,1239.0,1240.75,0
2024-05-23T18:00:00Z,1240.5,1241.5,1237.75,1239.0,0
2024-05-24T00:00:00Z,1239.0,1240.0,1237.5,1239.0,0
2024-05-24T01:00:00Z,1239.0,1242.5,1237.5,1241.75,0
2024-05-24T02:00:00Z,1241.75,1242.0,1239.75,1241.25,0
2024-05-24T03:00:00Z,1241.5,1242.0,1240.5,1241.75,0
2024-05-24T04:00:00Z,1241.5,1242.0,1241.5,1242.0,0
2024-05-24T05:00:00Z,1242.0,1242.5,1241.5,1242.25,0
2024-05-24T06:00:00Z,1242.25,1243.25,1237.25,1237.75,0
2024-05-24T07:00:00Z,1237.75,1239.5,1236.0,1239.25,0
2024-05-24T08:00:00Z,1239.0,1239.25,1237.0,1238.25,0
2024-05-24T09:00:00Z,1238.0,1239.75,1237.5,1239.5,0
2024-05-24T10:00:00Z,1239.5,1241.25,1239.5,1240.0,0
2024-05-24T11:00:00Z,1239.75,1240.5,1238.0,1240.5,0
2024-05-24T12:00:00Z,1240.25,1242.0,1239.5,1241.0,0
2024-05-24T13:00:00Z,1241.25,1243.75,1238.25,1240.25,0
2024-05-24T14:00:00Z,1240.25,1249.5,1240.25,1249.5,0
2024-05-24T15:00:00Z,1249.25,1250.0,1246.25,1249.75,0
2024-05-24T16:00:00Z,1250.0,1251.0,1244.5,1247.25,0
2024-05-24T17:00:00Z,1247.25,1248.75,1246.0,1247.25,0
2024-05-24T18:00:00Z,1247.5,1249.5,1246.5,1249.5,0
2024-05-28T00:00:00Z,1250.25,1254.75,1249.75,1250.5,0
2024-05-28T01:00:00Z,1250.5,1254.0,1248.5,1249.5,0
2024-05-28T02:00:00Z,1249.5,1250.75,1248.25,1249.75,0
2024-05-28T03:00:00Z,1249.5,1250.75,1249.0,1250.25,0
2024-05-28T04:00:00Z,1250.5,1251.0,1250.0,1250.25,0
2024-05-28T05:00:00Z,1250.25,1252.0,1250.0,1251.75,0
2024-05-28T06:00:00Z,1251.75,1252.0,1245.5,1246.25,0
2024-05-28T07:00:00Z,1246.5,1247.25,1245.5,1246.25,0
2024-05-28T08:00:00Z,1246.0,1246.0,1242.75,1243.75,0
2024-05-28T09:00:00Z,1243.75,1245.0,1243.0,1245.0,0
2024-05-28T10:00:00Z,1245.0,1246.25,1244.0,1244.75,0
2024-05-28T11:00:00Z,1244.75,1245.5,1241.75,1241.75,0
2024-05-28T12:00:00Z,1241.75,1242.25,1238.75,1241.25,0
2024-05-28T13:00:00Z,1241.25,1242.5,1232.25,1234.25,0
2024-05-28T14:00:00Z,1234.0,1234.5,1228.5,1229.0,0
2024-05-28T15:00:00Z,1229.0,1232.25,1228.0,1229.25,0
2024-05-28T16:00:00Z,1229.25,1231.75,1228.25,1228.25,0
2024-05-28T17:00:00Z,1228.0,1231.5,1226.25,1228.75,0
2024-05-28T18:00:00Z,1228.75,1230.75,1228.5,1230.0,0
2024-05-29T00:00:00Z,1229.0,1231.25,1222.25,1222.5,0
2024-05-29T01:00:00Z,1222.5,1223.25,1221.25,1223.0,0
2024-05-29T02:00:00Z,1223.0,1225.25,1222.5,1223.25,0
2024-05-29T03:00:00Z,1223.0,1224.0,1222.5,1223.25,0
2024-05-29T04:00:00Z,1223.0,1224.0,1222.75,1223.75,0
2024-05-29T05:00:00Z,1223.75,1224.25,1223.25,1224.0,0
2024-05-29T06:00:00Z,1224.0,1226.75,1223.75,1226.0,0
2024-05-29T07:00:00Z,1226.25,1227.0,1225.5,1225.75,0
2024-05-29T08:00:00Z,1225.75,1227.25,1224.25,1224.5,0
2024-05-29T09:00:00Z,1224.75,1228.25,1224.75,1228.0,0
2024-05-29T10:00:00Z,1227.75,1229.0,1227.25,1227.75,0
2024-05-29T11:00:00Z,1228.0,1228.0,1221.25,1221.5,0
2024-05-29T12:00:00Z,1221.25,1222.75,1220.75,1222.25,0
2024-05-29T13:00:00Z,1224.25,1225.75,1217.5,1218.5,0
2024-05-29T14:00:00Z,1218.5,1223.5,1217.25,1221.5,0
2024-05-29T15:00:00Z,1221.25,1221.5,1216.5,1220.0,0
2024-05-29T16:00:00Z,1219.75,1220.0,1214.0,1216.5,0
2024-05-29T17:00:00Z,1216.5,1217.0,1214.75,1216.5,0
2024-05-29T18:00:00Z,1216.25,1216.75,1212.5,1213.0,0
2024-05-30T00:00:00Z,1213.0,1214.5,1210.25,1214.25,0
2024-05-30T01:00:00Z,1214.5,1218.75,1214.25,1216.0,0
2024-05-30T02:00:00Z,1216.0,1216.25,1213.5,1214.75,0
2024-05-30T03:00:00Z,1214.75,1215.0,1212.75,1214.0,0
2024-05-30T04:00:00Z,1214.0,1215.0,1213.75,1214.25,0
2024-05-30T05:00:00Z,1214.25,1214.5,1212.0,1213.5,0
2024-05-30T06:00:00Z,1213.25,1217.0,1212.25,1213.25,0
2024-05-30T07:00:00Z,1213.0,1214.75,1212.75,1214.5,0
2024-05-30T08:00:00Z,1214.25,1216.25,1213.75,1215.75,0
2024-05-30T09:00:00Z,1215.75,1216.75,1214.0,1215.25,0
2024-05-30T10:00:00Z,1215.25,1215.5,1212.25,1213.5,0
2024-05-30T11:00:00Z,1213.75,1215.75,1212.25,1214.25,0
2024-05-30T12:00:00Z,1214.25,1216.25,1212.75,1215.25,0
2024-05-30T13:00:00Z,1215.25,1217.25,1211.75,1214.5,0
2024-05-30T14:00:00Z,1214.5,1220.0,1211.25,1214.75,0
2024-05-30T15:00:00Z,1214.75,1216.5,1209.25,1211.5,0
2024-05-30T16:00:00Z,1211.25,1214.0,1208.25,1210.25,0
2024-05-30T17:00:00Z,1210.25,1212.75,1208.75,1208.75,0
2024-05-30T18:00:00Z,1209.0,1210.5,1207.25,1210.5,0
2024-05-31T00:00:00Z,1209.75,1214.25,1209.0,1213.25,0
2024-05-31T01:00:00Z,1214.0,1215.75,1212.75,1213.5,0
2024-05-31T02:00:00Z,1213.5,1215.0,1212.5,1213.0,0
2024-05-31T03:00:00Z,1213.0,1214.75,1212.75,1214.0,0
2024-05-31T04:00:00Z,1214.25,1214.75,1214.25,1214.5,0
2024-05-31T05:00:00Z,1214.75,1218.75,1214.25,1218.25,0
2024-05-31T06:00:00Z,1218.25,1219.5,1218.0,1219.5,0
2024-05-31T07:00:00Z,1219.25,1219.5,1218.25,1218.25,0
2024-05-31T08:00:00Z,1218.75,1221.25,1217.25,1221.25,0
2024-05-31T09:00:00Z,1221.25,1222.0,1218.75,1219.25,0
2024-05-31T10:00:00Z,1219.25,1220.5,1218.0,1220.0,0
2024-05-31T11:00:00Z,1220.0,1223.0,1218.5,1223.0,0
2024-05-31T12:00:00Z,1223.25,1223.75,1221.75,1222.25,0
2024-05-31T13:00:00Z,1221.0,1222.75,1216.0,1216.5,0
2024-05-31T14:00:00Z,1216.75,1220.75,1211.5,1211.5,0
2024-05-31T15:00:00Z,1211.5,1213.75,1206.0,1207.25,0
2024-05-31T16:00:00Z,1207.25,1210.0,1205.25,1209.0,0
2024-05-31T17:00:00Z,1208.75,1209.25,1202.75,1206.25,0
2024-05-31T18:00:00Z,1206.0,1206.75,1204.0,1205.0,0
2024-06-03T00:00:00Z,1204.25,1205.5,1196.25,1196.75,0
2024-06-03T01:00:00Z,1196.75,1197.5,1194.0,1195.75,0
2024-06-03T02:00:00Z,1195.5,1196.25,1194.0,1195.5,0
2024-06-03T03:00:00Z,1195.5,1196.0,1193.0,1193.75,0
2024-06-03T04:00:00Z,1193.75,1194.75,1193.5,1194.25,0
2024-06-03T05:00:00Z,1194.25,1194.25,1192.5,1193.5,0
2024-06-03T06:00:00Z,1193.5,1194.0,1191.75,1193.5,0
2024-06-03T07:00:00Z,1193.5,1193.5,1191.25,1191.5,0
2024-06-03T08:00:00Z,1191.5,1193.5,1191.0,1192.5,0
2024-06-03T09:00:00Z,1192.75,1194.75,1192.0,1194.5,0
2024-06-03T10:00:00Z,1194.25,1195.75,1194.0,1195.25,0
2024-06-03T11:00:00Z,1195.25,1196.25,1194.5,1194.75,0
2024-06-03T12:00:00Z,1195.0,1199.25,1193.25,1197.25,0
2024-06-03T13:00:00Z,1198.0,1198.0,1192.25,1192.25,0
2024-06-03T14:00:00Z,1192.5,1196.75,1191.5,1191.5,0
2024-06-03T15:00:00Z,1191.5,1193.0,1187.5,1189.0,0
2024-06-03T16:00:00Z,1189.0,1190.5,1185.25,1185.5,0
2024-06-03T17:00:00Z,1185.75,1186.25,1182.5,1183.75,0
2024-06-03T18:00:00Z,1184.0,1185.25,1183.0,1184.5,0
2024-06-04T00:00:00Z,1184.0,1187.5,1182.0,1187.0,0
2024-06-04T01:00:00Z,1187.0,1187.5,1182.75,1185.5,0
2024-06-04T02:00:00Z,1185.75,1187.75,1184.75,1187.0,0
2024-06-04T03:00:00Z,1186.75,1187.75,1186.5,1186.75,0
2024-06-04T04:00:00Z,1186.75,1187.25,1186.5,1186.75,0
2024-06-04T05:00:00Z,1186.5,1187.25,1186.0,1186.5,0
2024-06-04T06:00:00Z,1186.5,1189.5,1186.5,1187.75,0
2024-06-04T07:00:00Z,1187.5,1187.5,1186.0,1186.0,0
2024-06-04T08:00:00Z,1186.25,1187.5,1185.0,1185.0,0
2024-06-04T09:00:00Z,1185.25,1186.25,1184.0,1185.0,0
2024-06-04T10:00:00Z,1185.0,1185.0,1182.0,1182.25,0
2024-06-04T11:00:00Z,1182.0,1184.5,1180.75,1184.0,0
2024-06-04T12:00:00Z,1184.0,1184.75,1181.5,1183.5,0
2024-06-04T13:00:00Z,1182.5,1183.75,1176.0,1178.25,0
2024-06-04T14:00:00Z,1178.5,1188.0,1178.5,1187.25,0
2024-06-04T15:00:00Z,1187.25,1189.5,1180.75,1180.75,0
2024-06-04T16:00:00Z,1180.75,1185.25,1180.5,1181.75,0
2024-06-04T17:00:00Z,1181.75,1182.75,1178.75,1180.0,0
2024-06-04T18:00:00Z,1180.0,1180.5,1178.5,1179.5,0
2024-06-05T00:00:00Z,1180.25,1183.5,1179.75,1183.25,0
2024-06-05T01:00:00Z,1183.25,1187.0,1183.25,1186.25,0
2024-06-05T02:00:00Z,1186.5,1188.5,1185.5,1188.25,0
2024-06-05T03:00:00Z,1188.25,1188.75,1186.75,1188.25,0
2024-06-05T04:00:00Z,1188.0,1188.0,1187.0,1187.5,0
2024-06-05T05:00:00Z,1187.5,1188.5,1187.0,1188.0,0
2024-06-05T06:00:00Z,1188.0,1188.75,1185.25,1186.5,0
2024-06-05T07:00:00Z,1186.5,1187.25,1183.75,1184.25,0
2024-06-05T08:00:00Z,1184.25,1184.5,1182.25,1184.0,0
2024-06-05T09:00:00Z,1184.25,1185.25,1181.25,1181.75,0
2024-06-05T10:00:00Z,1181.75,1182.75,1181.0,1181.75,0
2024-06-05T11:00:00Z,1181.5,1182.5,1180.25,1181.75,0
2024-06-05T12:00:00Z,1182.0,1186.0,1180.5,1185.5,0
2024-06-05T13:00:00Z,1185.5,1187.25,1180.25,1181.75,0
2024-06-05T14:00:00Z,1181.75,1187.25,1176.75,1183.25,0
2024-06-05T15:00:00Z,1183.5,1191.75,1182.5,1184.5,0
2024-06-05T16:00:00Z,1184.75,1185.0,1176.0,1176.75,0
2024-06-05T17:00:00Z,1176.5,1181.75,1176.25,1177.75,0
2024-06-05T18:00:00Z,1177.75,1178.5,1175.25,1176.0,0
2024-06-06T00:00:00Z,1176.5,1180.75,1176.0,1179.0,0
2024-06-06T01:00:00Z,1179.0,1181.0,1178.5,1180.5,0
2024-06-06T02:00:00Z,1180.75,1181.75,1179.75,1181.25,0
2024-06-06T03:00:00Z,1181.25,1182.25,1180.75,1181.75,0
2024-06-06T04:00:00Z,1181.75,1183.0,1181.75,1182.0,0
2024-06-06T05:00:00Z,1182.25,1183.5,1182.0,1183.25,0
2024-06-06T06:00:00Z,1183.5,1184.0,1181.75,1183.5,0
2024-06-06T07:00:00Z,1183.25,1183.5,1182.0,1183.25,0
2024-06-06T08:00:00Z,1183.0,1183.5,1180.5,1181.25,0
2024-06-06T09:00:00Z,1181.25,1181.5,1179.75,1180.5,0
2024-06-06T10:00:00Z,1180.5,1182.25,1179.5,1182.25,0
2024-06-06T11:00:00Z,1182.25,1186.75,1182.25,1186.0,0
2024-06-06T12:00:00Z,1186.0,1188.0,1184.75,1185.0,0
2024-06-06T13:00:00Z,1184.5,1197.25,1184.0,1194.5,0
2024-06-06T14:00:00Z,1194.75,1200.0,1193.25,1199.25,0
2024-06-06T15:00:00Z,1199.25,1204.5,1197.5,1202.0,0
2024-06-06T16:00:00Z,1202.25,1203.0,1198.0,1202.0,0
2024-06-06T17:00:00Z,1201.75,1204.25,1199.75,1203.75,0
2024-06-06T18:00:00Z,1203.75,1204.0,1198.75,1200.0,0
2024-06-07T00:00:00Z,1200.5,1202.25,1198.0,1198.75,0
2024-06-07T01:00:00Z,1198.75,1202.5,1198.25,1199.25,0
2024-06-07T02:00:00Z,1199.25,1199.5,1196.25,1196.5,0
2024-06-07T03:00:00Z,1196.5,1198.0,1196.25,1196.75,0
2024-06-07T04:00:00Z,1196.75,1197.25,1196.75,1197.0,0
2024-06-07T05:00:00Z,1196.75,1197.25,1195.25,1195.25,0
2024-06-07T06:00:00Z,1195.25,1197.0,1195.0,1196.5,0
2024-06-07T07:00:00Z,1196.25,1196.5,1191.5,1192.5,0
2024-06-07T08:00:00Z,1192.75,1193.5,1191.5,1193.5,0
2024-06-07T09:00:00Z,1193.25,1193.75,1192.25,1193.0,0
2024-06-07T10:00:00Z,1192.75,1194.75,1192.25,1194.0,0
2024-06-07T11:00:00Z,1194.0,1194.0,1189.5,1189.75,0
2024-06-07T12:00:00Z,1189.75,1190.25,1185.5,1188.5,0
2024-06-07T13:00:00Z,1189.5,1190.5,1183.0,1183.75,0
2024-06-07T14:00:00Z,1183.75,1187.75,1182.5,1183.75,0
2024-06-07T15:00:00Z,1183.5,1184.75,1180.5,1181.0,0
2024-06-07T16:00:00Z,1180.75,1182.75,1174.25,1178.5,0
2024-06-07T17:00:00Z,1178.75,1182.0,1178.75,1179.75,0
2024-06-07T18:00:00Z,1180.0,1180.75,1177.0,1177.5,0
2024-06-10T00:00:00Z,1179.25,1182.0,1175.5,1178.0,0
2024-06-10T01:00:00Z,1177.75,1180.0,1177.5,1180.0,0
2024-06-10T02:00:00Z,1180.0,1180.0,1178.25,1178.75,0
2024-06-10T03:00:00Z,1179.0,1179.25,1178.0,1178.0,0
2024-06-10T04:00:00Z,1178.0,1178.75,1177.75,1178.25,0
2024-06-10T05:00:00Z,1178.5,1178.75,1177.25,1177.75,0
2024-06-10T06:00:00Z,1177.5,1179.5,1177.25,1178.25,0
2024-06-10T07:00:00Z,1178.5,1178.5,1175.75,1177.75,0
2024-06-10T08:00:00Z,1178.0,1180.0,1176.25,1177.5,0
2024-06-10T09:00:00Z,1177.5,1182.75,1177.25,1180.75,0
2024-06-10T10:00:00Z,1181.0,1182.75,1181.0,1182.5,0
2024-06-10T11:00:00Z,1182.5,1184.25,1181.25,1182.5,0
2024-06-10T12:00:00Z,1182.25,1185.25,1181.0,1184.5,0
2024-06-10T13:00:00Z,1184.5,1185.25,1176.5,1184.25,0
2024-06-10T14:00:00Z,1184.25,1186.0,1181.0,1181.5,0
2024-06-10T15:00:00Z,1181.75,1187.25,1180.25,1185.75,0
2024-06-10T16:00:00Z,1185.75,1188.0,1184.25,1187.5,0
2024-06-10T17:00:00Z,1187.25,1190.75,1186.25,1187.75,0
2024-06-10T18:00:00Z,1187.75,1189.0,1186.5,1188.0,0
2024-06-11T00:00:00Z,1188.25,1192.5,1187.75,1191.5,0
2024-06-11T01:00:00Z,1191.25,1193.0,1189.75,1191.75,0
2024-06-11T02:00:00Z,1191.75,1191.75,1186.5,1187.5,0
2024-06-11T03:00:00Z,1187.75,1187.75,1185.25,1187.5,0
2024-06-11T04:00:00Z,1187.5,1189.25,1187.25,1188.5,0
2024-06-11T05:00:00Z,1188.25,1188.75,1185.25,1185.5,0
2024-06-11T06:00:00Z,1185.75,1186.5,1184.25,1184.5,0
2024-06-11T07:00:00Z,1184.5,1186.5,1184.25,1185.25,0
2024-06-11T08:00:00Z,1185.0,1186.75,1184.5,1185.25,0
2024-06-11T09:00:00Z,1185.0,1187.25,1183.5,1184.5,0
2024-06-11T10:00:00Z,1184.5,1187.0,1183.0,1185.75,0
2024-06-11T11:00:00Z,1185.75,1185.75,1183.0,1183.0,0
2024-06-11T12:00:00Z,1183.0,1185.25,1182.0,1184.75,0
2024-06-11T13:00:00Z,1185.0,1186.75,1180.5,1182.5,0
2024-06-11T14:00:00Z,1182.25,1192.75,1181.25,1188.25,0
2024-06-11T15:00:00Z,1188.5,1190.5,1185.5,1186.5,0
2024-06-11T16:00:00Z,1186.5,1190.25,1185.0,1187.0,0
2024-06-11T17:00:00Z,1187.0,1187.25,1178.25,1179.75,0
2024-06-11T18:00:00Z,1179.75,1180.5,1177.0,1177.0,0
2024-06-12T00:00:00Z,1177.25,1179.75,1176.5,1179.5,0
2024-06-12T01:00:00Z,1179.5,1181.0,1179.0,1180.5,0
2024-06-12T02:00:00Z,1180.25,1181.5,1177.25,1181.25,0
2024-06-12T03:00:00Z,1181.25,1181.5,1179.5,1180.75,0
2024-06-12T04:00:00Z,1180.5,1181.0,1180.0,1180.25,0
2024-06-12T05:00:00Z,1180.5,1184.0,1180.0,1183.75,0
2024-06-12T06:00:00Z,1183.75,1185.0,1183.0,1184.0,0
2024-06-12T07:00:00Z,1184.0,1185.5,1183.75,1185.5,0
2024-06-12T08:00:00Z,1185.5,1185.75,1183.5,1184.5,0
2024-06-12T09:00:00Z,1184.5,1185.5,1183.75,1184.0,0
2024-06-12T10:00:00Z,1183.75,1184.5,1182.25,1183.0,0
2024-06-12T11:00:00Z,1183.0,1183.25,1179.5,1179.75,0
2024-06-12T12:00:00Z,1179.75,1184.0,1178.5,1181.5,0
2024-06-12T13:00:00Z,1183.0,1183.75,1176.5,1177.25,0
2024-06-12T14:00:00Z,1177.5,1179.25,1175.5,1176.5,0
2024-06-12T15:00:00Z,1176.25,1178.0,1173.0,1177.0,0
2024-06-12T16:00:00Z,1177.25,1186.5,1171.0,1179.0,0
2024-06-12T17:00:00Z,1179.0,1181.0,1176.25,1177.75,0
2024-06-12T18:00:00Z,1177.75,1178.5,1175.25,1177.25,0
2024-06-13T00:00:00Z,1177.0,1180.5,1177.0,1178.75,0
2024-06-13T01:00:00Z,1178.5,1180.25,1173.25,1176.25,0
2024-06-13T02:00:00Z,1176.25,1177.75,1174.0,1174.25,0
2024-06-13T03:00:00Z,1174.25,1174.75,1173.0,1173.0,0
2024-06-13T04:00:00Z,1172.75,1174.25,1172.5,1174.25,0
2024-06-13T05:00:00Z,1174.25,1176.5,1173.0,1175.5,0
2024-06-13T06:00:00Z,1175.75,1177.0,1171.0,1172.0,0
2024-06-13T07:00:00Z,1172.25,1175.0,1172.0,1174.75,0
2024-06-13T08:00:00Z,1175.0,1175.0,1172.5,1174.0,0
2024-06-13T09:00:00Z,1174.0,1176.0,1173.75,1175.25,0
2024-06-13T10:00:00Z,1175.0,1177.0,1174.25,1176.75,0
2024-06-13T11:00:00Z,1177.0,1178.75,1176.5,1178.0,0
2024-06-13T12:00:00Z,1178.0,1180.0,1175.5,1179.5,0
2024-06-13T13:00:00Z,1179.5,1184.0,1177.5,1183.5,0
2024-06-13T14:00:00Z,1183.75,1187.0,1181.75,1185.25,0
2024-06-13T15:00:00Z,1185.25,1191.0,1183.5,1188.0,0
2024-06-13T16:00:00Z,1188.0,1188.75,1184.75,1187.25,0
2024-06-13T17:00:00Z,1187.0,1191.0,1186.0,1190.75,0
2024-06-13T18:00:00Z,1191.0,1191.25,1188.0,1188.75,0
2024-06-14T00:00:00Z,1160.0,1160.0,1153.25,1156.0,0
2024-06-14T01:00:00Z,1155.75,1157.5,1155.0,1155.75,0
2024-06-14T02:00:00Z,1155.75,1156.5,1154.75,1156.0,0
2024-06-14T03:00:00Z,1156.0,1156.75,1154.75,1155.25,0
2024-06-14T04:00:00Z,1155.0,1155.5,1154.75,1155.25,0
2024-06-14T05:00:00Z,1155.0,1156.5,1154.5,1156.5,0
2024-06-14T06:00:00Z,1156.75,1159.0,1156.25,1157.0,0
2024-06-14T07:00:00Z,1157.0,1157.0,1155.25,1156.0,0
2024-06-14T08:00:00Z,1156.25,1156.75,1155.0,1155.0,0
2024-06-14T09:00:00Z,1155.0,1155.5,1153.0,1154.0,0
2024-06-14T10:00:00Z,1154.0,1155.5,1152.25,1152.75,0
2024-06-14T11:00:00Z,1153.0,1154.0,1152.25,1152.25,0
2024-06-14T12:00:00Z,1152.25,1155.0,1151.25,1154.75,0
2024-06-14T13:00:00Z,1154.75,1156.25,1152.25,1154.5,0
2024-06-14T14:00:00Z,1154.25,1157.0,1153.0,1155.25,0
2024-06-14T15:00:00Z,1155.25,1156.0,1153.5,1155.0,0
2024-06-14T16:00:00Z,1155.0,1155.5,1153.25,1153.25,0
2024-06-14T17:00:00Z,1153.0,1153.25,1147.75,1150.0,0
2024-06-14T18:00:00Z,1150.0,1150.75,1147.75,1149.0,0
2024-06-17T00:00:00Z,1149.75,1149.75,1144.25,1149.0,0
2024-06-17T01:00:00Z,1148.75,1149.25,1144.5,1145.25,0
2024-06-17T02:00:00Z,1145.0,1145.25,1142.25,1143.5,0
2024-06-17T03:00:00Z,1143.5,1144.25,1141.75,1142.75,0
2024-06-17T04:00:00Z,1142.5,1142.5,1140.0,1140.25,0
2024-06-17T05:00:00Z,1140.0,1140.5,1136.0,1137.0,0
2024-06-17T06:00:00Z,1137.0,1139.5,1135.25,1139.0,0
2024-06-17T07:00:00Z,1139.0,1139.5,1137.5,1138.5,0
2024-06-17T08:00:00Z,1138.5,1139.25,1138.25,1139.0,0
2024-06-17T09:00:00Z,1139.0,1139.0,1137.5,1138.25,0
2024-06-17T10:00:00Z,1138.25,1138.75,1137.5,1137.75,0
2024-06-17T11:00:00Z,1137.5,1141.25,1137.5,1139.5,0
2024-06-17T12:00:00Z,1139.5,1140.0,1135.5,1136.75,0
2024-06-17T13:00:00Z,1137.5,1137.75,1132.0,1134.75,0
2024-06-17T14:00:00Z,1134.75,1135.0,1130.75,1133.5,0
2024-06-17T15:00:00Z,1133.5,1134.5,1130.75,1131.25,0
2024-06-17T16:00:00Z,1131.25,1133.5,1130.75,1132.25,0
2024-06-17T17:00:00Z,1132.25,1132.75,1130.5,1131.25,0
2024-06-17T18:00:00Z,1131.0,1131.0,1129.5,1130.25,0
2024-06-18T00:00:00Z,1130.25,1134.75,1130.0,1134.5,0
2024-06-18T01:00:00Z,1134.5,1136.5,1134.0,1136.0,0
2024-06-18T02:00:00Z,1136.0,1137.25,1135.5,1136.25,0
2024-06-18T03:00:00Z,1136.25,1137.0,1135.5,1136.75,0
2024-06-18T04:00:00Z,1137.0,1138.0,1137.0,1137.25,0
2024-06-18T05:00:00Z,1137.0,1138.0,1135.75,1136.0,0
2024-06-18T06:00:00Z,1136.0,1136.75,1133.25,1133.25,0
2024-06-18T07:00:00Z,1133.25,1133.75,1132.5,1132.75,0
2024-06-18T08:00:00Z,1132.75,1133.0,1128.5,1130.0,0
2024-06-18T09:00:00Z,1130.5,1133.75,1130.25,1133.0,0
2024-06-18T10:00:00Z,1133.0,1134.0,1132.5,1133.5,0
2024-06-18T11:00:00Z,1133.75,1133.75,1132.0,1133.25,0
2024-06-18T12:00:00Z,1133.25,1134.0,1131.75,1133.5,0
2024-06-18T13:00:00Z,1132.25,1138.5,1131.75,1133.25,0
2024-06-18T14:00:00Z,1133.5,1138.5,1133.0,1137.75,0
2024-06-18T15:00:00Z,1137.75,1137.75,1134.25,1135.25,0
2024-06-18T16:00:00Z,1135.5,1135.75,1133.5,1134.0,0
2024-06-18T17:00:00Z,1134.0,1135.0,1131.5,1133.5,0
2024-06-18T18:00:00Z,1133.5,1134.25,1131.0,1131.5,0
2024-06-20T00:00:00Z,1132.5,1136.0,1131.25,1134.0,0
2024-06-20T01:00:00Z,1133.75,1136.0,1132.75,1133.0,0
2024-06-20T02:00:00Z,1132.75,1134.0,1132.0,1133.5,0
2024-06-20T03:00:00Z,1133.75,1135.0,1133.0,1134.0,0
2024-06-20T04:00:00Z,1134.0,1134.5,1132.25,1132.25,0
2024-06-20T05:00:00Z,1132.25,1132.25,1130.5,1131.0,0
2024-06-20T06:00:00Z,1131.0,1134.75,1131.0,1134.25,0
2024-06-20T07:00:00Z,1134.0,1134.75,1131.0,1131.75,0
2024-06-20T08:00:00Z,1132.0,1132.0,1129.0,1129.25,0
2024-06-20T09:00:00Z,1129.25,1131.0,1129.25,1130.5,0
2024-06-20T10:00:00Z,1130.75,1131.25,1129.25,1129.25,0
2024-06-20T11:00:00Z,1129.25,1129.5,1126.5,1126.75,0
2024-06-20T12:00:00Z,1126.75,1127.0,1125.0,1125.25,0
2024-06-20T13:00:00Z,1127.0,1128.75,1120.25,1120.75,0
2024-06-20T14:00:00Z,1121.0,1127.25,1118.5,1124.5,0
2024-06-20T15:00:00Z,1124.75,1125.25,1121.5,1122.25,0
2024-06-20T16:00:00Z,1122.25,1122.25,1116.25,1116.75,0
2024-06-20T17:00:00Z,1116.75,1119.75,1115.0,1118.0,0
2024-06-20T18:00:00Z,1118.0,1118.5,1116.25,1116.25,0
2024-06-21T00:00:00Z,1116.5,1119.5,1116.0,1117.75,0
2024-06-21T01:00:00Z,1118.0,1119.0,1116.75,1118.0,0
2024-06-21T02:00:00Z,1118.25,1119.25,1117.75,1119.0,0
2024-06-21T03:00:00Z,1118.75,1119.0,1117.75,1118.75,0
2024-06-21T04:00:00Z,1118.75,1119.0,1118.75,1119.0,0
2024-06-21T05:00:00Z,1118.75,1119.5,1118.25,1118.25,0
2024-06-21T06:00:00Z,1118.25,1119.75,1117.75,1119.5,0
2024-06-21T07:00:00Z,1119.5,1120.25,1118.5,1119.25,0
2024-06-21T08:00:00Z,1119.0,1119.75,1118.0,1118.75,0
2024-06-21T09:00:00Z,1118.75,1119.0,1117.5,1117.5,0
2024-06-21T10:00:00Z,1117.5,1118.75,1117.5,1118.75,0
2024-06-21T11:00:00Z,1118.75,1122.0,1118.5,1121.25,0
2024-06-21T12:00:00Z,1121.5,1122.25,1118.25,1118.25,0
2024-06-21T13:00:00Z,1118.25,1120.25,1113.25,1115.25,0
2024-06-21T14:00:00Z,1115.25,1122.0,1115.0,1121.5,0
2024-06-21T15:00:00Z,1121.75,1125.75,1119.25,1125.75,0
2024-06-21T16:00:00Z,1125.5,1125.75,1121.5,1123.0,0
2024-06-21T17:00:00Z,1123.0,1123.0,1119.75,1120.75,0
2024-06-21T18:00:00Z,1120.75,1121.0,1119.75,1121.0,0
2024-06-24T00:00:00Z,1121.5,1123.75,1119.25,1119.5,0
2024-06-24T01:00:00Z,1119.25,1124.75,1119.0,1124.25,0
2024-06-24T02:00:00Z,1124.0,1124.0,1122.75,1123.75,0
2024-06-24T03:00:00Z,1123.75,1126.25,1123.75,1125.0,0
2024-06-24T04:00:00Z,1125.0,1125.75,1124.75,1124.75,0
2024-06-24T05:00:00Z,1125.0,1125.5,1123.5,1124.0,0
2024-06-24T06:00:00Z,1124.0,1124.25,1121.25,1122.0,0
2024-06-24T07:00:00Z,1122.0,1125.5,1121.75,1125.5,0
2024-06-24T08:00:00Z,1125.25,1125.25,1122.25,1122.25,0
2024-06-24T09:00:00Z,1122.5,1124.5,1122.25,1123.5,0
2024-06-24T10:00:00Z,1123.25,1124.25,1122.5,1122.75,0
2024-06-24T11:00:00Z,1122.5,1124.25,1119.5,1120.5,0
2024-06-24T12:00:00Z,1120.5,1120.5,1116.0,1117.0,0
2024-06-24T13:00:00Z,1118.0,1118.5,1111.5,1117.0,0
2024-06-24T14:00:00Z,1116.75,1121.25,1114.5,1117.75,0
2024-06-24T15:00:00Z,1117.5,1122.5,1117.5,1120.5,0
2024-06-24T16:00:00Z,1120.5,1129.75,1118.0,1127.0,0
2024-06-24T17:00:00Z,1126.75,1130.25,1126.25,1129.5,0
2024-06-24T18:00:00Z,1129.75,1132.75,1129.25,1130.0,0
2024-06-25T00:00:00Z,1130.0,1131.5,1128.25,1130.25,0
2024-06-25T01:00:00Z,1130.0,1130.25,1127.0,1127.25,0
2024-06-25T02:00:00Z,1127.25,1128.25,1127.25,1128.0,0
2024-06-25T03:00:00Z,1128.0,1129.25,1127.5,1128.75,0
2024-06-25T04:00:00Z,1128.5,1129.0,1127.25,1127.5,0
2024-06-25T05:00:00Z,1127.25,1128.25,1127.0,1127.5,0
2024-06-25T06:00:00Z,1127.25,1129.5,1125.25,1128.0,0
2024-06-25T07:00:00Z,1128.0,1128.0,1125.25,1126.0,0
2024-06-25T08:00:00Z,1125.75,1126.25,1124.25,1125.0,0
2024-06-25T09:00:00Z,1125.0,1125.0,1122.75,1123.25,0
2024-06-25T10:00:00Z,1123.5,1124.0,1122.25,1123.5,0
2024-06-25T11:00:00Z,1123.75,1124.0,1120.75,1121.25,0
2024-06-25T12:00:00Z,1121.0,1123.0,1120.0,1122.0,0
2024-06-25T13:00:00Z,1123.0,1123.25,1114.25,1115.0,0
2024-06-25T14:00:00Z,1115.0,1116.25,1112.25,1112.5,0
2024-06-25T15:00:00Z,1112.5,1113.5,1107.0,1113.0,0
2024-06-25T16:00:00Z,1113.0,1114.0,1109.75,1112.0,0
2024-06-25T17:00:00Z,1112.0,1113.5,1111.25,1112.75,0
2024-06-25T18:00:00Z,1113.0,1113.5,1110.5,1111.25,0
2024-06-26T00:00:00Z,1111.25,1114.75,1110.75,1114.5,0
2024-06-26T01:00:00Z,1114.25,1114.75,1112.75,1113.25,0
2024-06-26T02:00:00Z,1113.0,1116.75,1113.0,1116.25,0
2024-06-26T03:00:00Z,1116.5,1119.0,1116.25,1118.75,0
2024-06-26T04:00:00Z,1118.5,1118.75,1118.0,1118.0,0
2024-06-26T05:00:00Z,1118.0,1119.5,1117.5,1118.0,0
2024-06-26T06:00:00Z,1118.0,1118.25,1113.75,1115.0,0
2024-06-26T07:00:00Z,1115.25,1115.25,1113.25,1114.5,0
2024-06-26T08:00:00Z,1114.5,1115.25,1113.0,1114.5,0
2024-06-26T09:00:00Z,1114.25,1115.0,1114.0,1114.5,0
2024-06-26T10:00:00Z,1114.5,1116.0,1114.25,1114.5,0
2024-06-26T11:00:00Z,1114.5,1116.25,1114.0,1115.0,0
2024-06-26T12:00:00Z,1115.0,1115.75,1110.5,1110.75,0
2024-06-26T13:00:00Z,1109.75,1110.5,1103.0,1106.5,0
2024-06-26T14:00:00Z,1106.75,1113.25,1105.75,1111.25,0
2024-06-26T15:00:00Z,1111.25,1112.25,1108.25,1111.25,0
2024-06-26T16:00:00Z,1111.25,1112.75,1109.0,1111.5,0
2024-06-26T17:00:00Z,1111.5,1111.5,1108.0,1109.25,0
2024-06-26T18:00:00Z,1109.25,1109.5,1106.0,1106.5,0
2024-06-27T00:00:00Z,1106.75,1107.75,1105.75,1107.25,0
2024-06-27T01:00:00Z,1107.5,1110.25,1107.0,1107.25,0
2024-06-27T02:00:00Z,1107.0,1109.5,1107.0,1109.25,0
2024-06-27T03:00:00Z,1109.25,1110.0,1108.75,1109.75,0
2024-06-27T04:00:00Z,1109.75,1109.75,1107.5,1108.0,0
2024-06-27T05:00:00Z,1108.0,1108.0,1106.0,1106.25,0
2024-06-27T06:00:00Z,1106.25,1107.5,1105.25,1106.0,0
2024-06-27T07:00:00Z,1105.75,1106.25,1104.5,1106.25,0
2024-06-27T08:00:00Z,1106.25,1110.0,1105.75,1109.25,0
2024-06-27T09:00:00Z,1109.25,1111.0,1107.5,1107.5,0
2024-06-27T10:00:00Z,1107.5,1108.75,1107.25,1108.5,0
2024-06-27T11:00:00Z,1108.25,1108.5,1106.0,1107.5,0
2024-06-27T12:00:00Z,1107.75,1110.75,1107.5,1109.75,0
2024-06-27T13:00:00Z,1109.5,1109.5,1105.75,1107.5,0
2024-06-27T14:00:00Z,1107.25,1108.0,1104.0,1106.75,0
2024-06-27T15:00:00Z,1106.75,1109.25,1101.5,1101.75,0
2024-06-27T16:00:00Z,1101.75,1107.0,1101.0,1105.5,0
2024-06-27T17:00:00Z,1105.25,1107.25,1102.5,1103.5,0
2024-06-27T18:00:00Z,1103.5,1105.75,1103.0,1105.0,0
2024-06-28T00:00:00Z,1105.0,1108.0,1104.0,1106.5,0
2024-06-28T01:00:00Z,1106.75,1110.0,1106.25,1109.0,0
2024-06-28T02:00:00Z,1109.0,1110.0,1109.0,1109.75,0
2024-06-28T03:00:00Z,1110.0,1111.5,1109.75,1110.75,0
2024-06-28T04:00:00Z,1110.75,1110.75,1108.75,1109.0,0
2024-06-28T05:00:00Z,1109.0,1110.25,1108.75,1109.25,0
2024-06-28T06:00:00Z,1109.25,1112.25,1108.75,1110.25,0
2024-06-28T07:00:00Z,1110.0,1112.75,1110.0,1112.5,0
2024-06-28T08:00:00Z,1112.5,1113.25,1111.75,1113.0,0
2024-06-28T09:00:00Z,1113.0,1114.5,1112.5,1113.0,0
2024-06-28T10:00:00Z,1113.0,1113.0,1111.25,1113.0,0
2024-06-28T11:00:00Z,1112.75,1113.25,1107.75,1108.5,0
2024-06-28T12:00:00Z,1108.75,1111.0,1107.75,1110.0,0
2024-06-28T13:00:00Z,1108.5,1108.5,1102.5,1105.0,0
2024-06-28T14:00:00Z,1104.75,1111.25,1104.0,1111.25,0
2024-06-28T15:00:00Z,1111.25,1114.75,1110.25,1114.75,0
2024-06-28T16:00:00Z,1114.5,1125.0,1100.75,1111.25,0
2024-06-28T17:00:00Z,1111.5,1112.5,1101.0,1101.0,0
2024-06-28T18:00:00Z,1101.0,1106.5,1100.0,1105.5,0
2024-07-01T00:00:00Z,1104.0,1107.0,1098.75,1107.0,0
2024-07-01T01:00:00Z,1107.25,1109.0,1102.25,1105.25,0
2024-07-01T02:00:00Z,1105.5,1105.75,1103.5,1104.5,0
2024-07-01T03:00:00Z,1104.0,1105.75,1104.0,1105.0,0
2024-07-01T04:00:00Z,1105.0,1105.25,1103.75,1104.75,0
2024-07-01T05:00:00Z,1104.5,1104.75,1102.75,1103.5,0
2024-07-01T06:00:00Z,1103.25,1108.5,1103.25,1108.25,0
2024-07-01T07:00:00Z,1108.25,1109.5,1107.0,1107.0,0
2024-07-01T08:00:00Z,1106.75,1107.25,1104.25,1104.5,0
2024-07-01T09:00:00Z,1104.75,1105.75,1102.0,1104.0,0
2024-07-01T10:00:00Z,1104.0,1104.0,1101.5,1101.75,0
2024-07-01T11:00:00Z,1101.75,1103.5,1100.25,1103.25,0
2024-07-01T12:00:00Z,1103.5,1104.0,1100.25,1101.0,0
2024-07-01T13:00:00Z,1103.0,1103.0,1097.0,1098.5,0
2024-07-01T14:00:00Z,1098.25,1107.25,1098.0,1102.75,0
2024-07-01T15:00:00Z,1102.75,1108.75,1102.25,1103.25,0
2024-07-01T16:00:00Z,1103.0,1107.0,1101.75,1106.0,0
2024-07-01T17:00:00Z,1106.25,1110.0,1105.0,1109.0,0
2024-07-01T18:00:00Z,1109.0,1113.0,1108.75,1111.25,0
2024-07-02T00:00:00Z,1110.75,1112.5,1108.75,1109.75,0
2024-07-02T01:00:00Z,1109.5,1114.0,1109.5,1114.0,0
2024-07-02T02:00:00Z,1114.0,1114.25,1112.25,1112.5,0
2024-07-02T03:00:00Z,1112.25,1113.75,1112.25,1113.0,0
2024-07-02T04:00:00Z,1113.0,1113.0,1112.25,1112.25,0
2024-07-02T05:00:00Z,1112.25,1116.25,1112.25,1116.25,0
2024-07-02T06:00:00Z,1116.25,1116.75,1114.0,1116.5,0
2024-07-02T07:00:00Z,1116.5,1116.75,1115.0,1116.0,0
2024-07-02T08:00:00Z,1116.0,1117.25,1115.75,1116.75,0
2024-07-02T09:00:00Z,1116.75,1118.0,1116.25,1117.0,0
2024-07-02T10:00:00Z,1117.0,1119.5,1116.25,1117.25,0
2024-07-02T11:00:00Z,1117.0,1121.0,1117.0,1121.0,0
2024-07-02T12:00:00Z,1121.25,1122.75,1119.0,1119.25,0
2024-07-02T13:00:00Z,1118.5,1124.0,1118.0,1123.0,0
2024-07-02T14:00:00Z,1123.0,1124.0,1117.25,1120.0,0
2024-07-02T15:00:00Z,1120.25,1120.75,1115.75,1116.0,0
2024-07-02T16:00:00Z,1116.0,1116.5,1109.75,1111.75,0
2024-07-02T17:00:00Z,1111.75,1113.75,1111.5,1112.25,0
2024-07-02T18:00:00Z,1112.25,1113.5,1111.5,1113.0,0
2024-07-03T00:00:00Z,1113.5,1115.5,1113.0,1114.75,0
2024-07-03T01:00:00Z,1114.75,1116.0,1113.5,1114.25,0
2024-07-03T02:00:00Z,1114.0,1114.5,1110.75,1111.5,0
2024-07-03T03:00:00Z,1111.5,1113.25,1111.25,1112.5,0
2024-07-03T04:00:00Z,1112.25,1113.5,1111.75,1112.0,0
2024-07-03T05:00:00Z,1112.25,1114.0,1111.5,1113.75,0
2024-07-03T06:00:00Z,1113.75,1114.75,1113.25,1114.25,0
2024-07-03T07:00:00Z,1114.25,1117.0,1114.0,1116.75,0
2024-07-03T08:00:00Z,1116.75,1119.5,1116.5,1118.75,0
2024-07-03T09:00:00Z,1118.5,1119.0,1117.0,1118.25,0
2024-07-03T10:00:00Z,1118.25,1118.25,1115.5,1116.75,0
2024-07-03T11:00:00Z,1116.75,1119.0,1116.25,1119.0,0
2024-07-03T12:00:00Z,1118.75,1119.25,1117.75,1118.25,0
2024-07-03T13:00:00Z,1117.0,1121.5,1116.75,1121.25,0
2024-07-03T14:00:00Z,1121.25,1126.25,1120.25,1124.5,0
2024-07-03T15:00:00Z,1124.5,1125.0,1119.25,1123.0,0
2024-07-03T16:00:00Z,1123.0,1125.25,1121.75,1124.25,0
2024-07-03T17:00:00Z,1124.0,1124.5,1119.25,1120.75,0
2024-07-03T18:00:00Z,1121.0,1122.5,1120.0,1122.5,0
2024-07-05T13:30:00Z,1120.0,1123.5,1114.0,1122.75,0
2024-07-05T14:30:00Z,1123.0,1131.0,1123.0,1130.5,0
2024-07-05T15:30:00Z,1130.25,1132.75,1129.0,1132.25,0
2024-07-05T16:30:00Z,1132.0,1133.75,1128.25,1130.0,0
2024-07-05T17:30:00Z,1130.0,1131.5,1129.0,1131.5,0
2024-07-08T00:00:00Z,1124.5,1125.25,1119.75,1120.0,0
2024-07-08T01:00:00Z,1119.75,1122.0,1118.25,1119.25,0
2024-07-08T02:00:00Z,1119.25,1120.5,1118.25,1118.75,0
2024-07-08T03:00:00Z,1118.5,1119.0,1118.0,1118.5,0
2024-07-08T04:00:00Z,1118.25,1118.75,1117.5,1118.0,0
2024-07-08T05:00:00Z,1117.75,1118.0,1116.0,1116.25,0
2024-07-08T06:00:00Z,1116.25,1117.0,1115.25,1115.25,0
2024-07-08T07:00:00Z,1115.25,1115.75,1114.25,1114.25,0
2024-07-08T08:00:00Z,1114.25,1114.5,1112.5,1113.25,0
2024-07-08T09:00:00Z,1113.25,1113.5,1111.75,1112.25,0
2024-07-08T10:00:00Z,1112.5,1113.0,1111.25,1112.25,0
2024-07-08T11:00:00Z,1112.25,1113.0,1110.5,1110.5,0
2024-07-08T12:00:00Z,1110.75,1111.25,1110.0,1110.5,0
2024-07-08T13:00:00Z,1110.25,1110.75,1101.0,1102.5,0
2024-07-08T14:00:00Z,1102.75,1104.25,1098.0,1099.0,0
2024-07-08T15:00:00Z,1099.0,1100.25,1094.25,1097.75,0
2024-07-08T16:00:00Z,1097.5,1098.75,1096.0,1098.0,0
2024-07-08T17:00:00Z,1098.0,1101.5,1097.5,1100.0,0
2024-07-08T18:00:00Z,1100.0,1100.75,1098.5,1099.5,0
2024-07-09T00:00:00Z,1098.0,1101.0,1097.0,1098.5,0
2024-07-09T01:00:00Z,1098.5,1099.0,1096.0,1097.75,0
2024-07-09T02:00:00Z,1097.5,1097.75,1094.5,1094.5,0
2024-07-09T03:00:00Z,1094.5,1095.25,1093.25,1093.75,0
2024-07-09T04:00:00Z,1093.75,1094.25,1093.5,1094.0,0
2024-07-09T05:00:00Z,1094.0,1096.0,1093.25,1095.5,0
2024-07-09T06:00:00Z,1095.25,1095.75,1093.75,1094.25,0
2024-07-09T07:00:00Z,1094.5,1096.5,1094.5,1095.0,0
2024-07-09T08:00:00Z,1095.0,1095.25,1092.75,1093.25,0
2024-07-09T09:00:00Z,1093.25,1093.75,1091.75,1092.75,0
2024-07-09T10:00:00Z,1093.0,1096.25,1093.0,1095.25,0
2024-07-09T11:00:00Z,1095.0,1095.75,1093.25,1094.75,0
2024-07-09T12:00:00Z,1094.75,1097.5,1094.5,1096.25,0
2024-07-09T13:00:00Z,1096.25,1099.0,1091.75,1093.0,0
2024-07-09T14:00:00Z,1093.0,1094.5,1087.5,1090.25,0
2024-07-09T15:00:00Z,1090.0,1090.5,1083.5,1084.0,0
2024-07-09T16:00:00Z,1084.0,1086.5,1082.25,1083.75,0
2024-07-09T17:00:00Z,1084.0,1085.5,1079.0,1081.75,0
2024-07-09T18:00:00Z,1081.5,1082.0,1077.5,1077.75,0
2024-07-10T00:00:00Z,1079.25,1080.75,1078.0,1080.25,0
2024-07-10T01:00:00Z,1080.0,1080.75,1075.0,1075.75,0
2024-07-10T02:00:00Z,1075.5,1076.0,1073.75,1074.0,0
2024-07-10T03:00:00Z,1073.75,1074.0,1072.0,1072.75,0
2024-07-10T04:00:00Z,1073.0,1074.0,1072.75,1074.0,0
2024-07-10T05:00:00Z,1074.25,1074.75,1072.75,1073.5,0
2024-07-10T06:00:00Z,1073.5,1074.75,1073.5,1073.75,0
2024-07-10T07:00:00Z,1074.0,1077.5,1073.0,1074.75,0
2024-07-10T08:00:00Z,1074.5,1078.0,1074.25,1077.5,0
2024-07-10T09:00:00Z,1077.5,1078.0,1075.0,1077.0,0
2024-07-10T10:00:00Z,1077.0,1078.25,1076.5,1077.25,0
2024-07-10T11:00:00Z,1077.25,1079.0,1076.25,1078.5,0
2024-07-10T12:00:00Z,1078.75,1083.25,1078.75,1081.75,0
2024-07-10T13:00:00Z,1083.25,1085.5,1077.75,1078.75,0
2024-07-10T14:00:00Z,1078.75,1079.5,1074.75,1075.0,0
2024-07-10T15:00:00Z,1075.0,1077.5,1072.75,1077.0,0
2024-07-10T16:00:00Z,1076.75,1076.75,1071.25,1072.0,0
2024-07-10T17:00:00Z,1072.25,1072.75,1068.25,1070.0,0
2024-07-10T18:00:00Z,1070.25,1070.5,1066.0,1066.25,0
2024-07-11T00:00:00Z,1067.5,1070.0,1067.0,1069.75,0
2024-07-11T01:00:00Z,1069.75,1071.0,1067.5,1068.0,0
2024-07-11T02:00:00Z,1068.25,1070.25,1068.25,1070.0,0
2024-07-11T03:00:00Z,1069.75,1070.5,1068.25,1070.0,0
2024-07-11T04:00:00Z,1070.0,1070.5,1069.5,1069.5,0
2024-07-11T05:00:00Z,1069.5,1070.0,1068.25,1068.25,0
2024-07-11T06:00:00Z,1068.25,1069.25,1065.5,1066.25,0
2024-07-11T07:00:00Z,1066.0,1067.5,1065.5,1067.25,0
2024-07-11T08:00:00Z,1067.0,1069.25,1066.75,1068.5,0
2024-07-11T09:00:00Z,1068.25,1071.75,1068.25,1071.25,0
2024-07-11T10:00:00Z,1071.25,1072.25,1069.75,1070.0,0
2024-07-11T11:00:00Z,1070.25,1073.75,1070.0,1073.5,0
2024-07-11T12:00:00Z,1073.25,1076.0,1072.25,1074.5,0
2024-07-11T13:00:00Z,1073.75,1074.25,1067.5,1073.25,0
2024-07-11T14:00:00Z,1073.25,1075.5,1070.25,1072.5,0
2024-07-11T15:00:00Z,1072.5,1073.75,1066.0,1066.75,0
2024-07-11T16:00:00Z,1067.0,1068.5,1061.5,1063.0,0
2024-07-11T17:00:00Z,1063.0,1068.0,1062.75,1067.25,0
2024-07-11T18:00:00Z,1067.25,1068.75,1066.75,1068.25,0
2024-07-12T00:00:00Z,1068.75,1071.0,1067.0,1068.25,0
2024-07-12T01:00:00Z,1068.25,1070.5,1068.25,1069.5,0
2024-07-12T02:00:00Z,1069.5,1072.25,1069.5,1071.0,0
2024-07-12T03:00:00Z,1071.0,1071.75,1069.75,1070.5,0
2024-07-12T04:00:00Z,1070.5,1071.0,1070.0,1070.5,0
2024-07-12T05:00:00Z,1070.25,1070.25,1067.25,1067.25,0
2024-07-12T06:00:00Z,1067.25,1068.25,1065.25,1065.25,0
2024-07-12T07:00:00Z,1065.5,1066.25,1064.5,1065.75,0
2024-07-12T08:00:00Z,1065.75,1066.75,1065.0,1066.5,0
2024-07-12T09:00:00Z,1066.5,1066.5,1063.5,1064.25,0
2024-07-12T10:00:00Z,1064.25,1064.75,1063.75,1064.25,0
2024-07-12T11:00:00Z,1064.0,1066.75,1064.0,1064.5,0
2024-07-12T12:00:00Z,1064.5,1068.75,1064.5,1067.5,0
2024-07-12T13:00:00Z,1067.5,1068.0,1060.5,1062.25,0
2024-07-12T14:00:00Z,1062.25,1063.75,1059.75,1060.5,0
2024-07-12T15:00:00Z,1060.25,1064.0,1059.5,1063.0,0
2024-07-12T16:00:00Z,1063.5,1073.5,1063.25,1069.5,0
2024-07-12T17:00:00Z,1069.5,1070.0,1066.25,1068.5,0
2024-07-12T18:00:00Z,1068.5,1069.75,1064.0,1064.5,0
2024-07-15T00:00:00Z,1057.0,1064.0,1055.5,1056.75,0
2024-07-15T01:00:00Z,1056.5,1056.5,1052.75,1054.0,0
2024-07-15T02:00:00Z,1054.0,1054.5,1052.0,1053.0,0
2024-07-15T03:00:00Z,1053.0,1054.5,1052.75,1053.25,0
2024-07-15T04:00:00Z,1053.5,1053.5,1051.5,1052.75,0
2024-07-15T05:00:00Z,1052.75,1053.25,1050.75,1051.25,0
2024-07-15T06:00:00Z,1051.25,1052.0,1050.25,1051.0,0
2024-07-15T07:00:00Z,1051.0,1051.5,1050.0,1051.0,0
2024-07-15T08:00:00Z,1050.75,1051.5,1048.75,1049.25,0
2024-07-15T09:00:00Z,1049.25,1050.5,1049.0,1049.75,0
2024-07-15T10:00:00Z,1049.75,1050.0,1047.5,1048.75,0
2024-07-15T11:00:00Z,1048.75,1050.5,1047.0,1047.25,0
2024-07-15T12:00:00Z,1047.25,1047.75,1044.0,1045.75,0
2024-07-15T13:00:00Z,1046.25,1047.5,1043.0,1046.25,0
2024-07-15T14:00:00Z,1046.0,1046.75,1042.5,1045.5,0
2024-07-15T15:00:00Z,1045.75,1047.75,1044.0,1044.25,0
2024-07-15T16:00:00Z,1044.25,1046.0,1040.75,1041.25,0
2024-07-15T17:00:00Z,1041.5,1042.0,1039.5,1040.5,0
2024-07-15T18:00:00Z,1040.75,1041.0,1038.5,1038.75,0
2024-07-16T00:00:00Z,1040.0,1047.0,1040.0,1045.5,0
2024-07-16T01:00:00Z,1045.5,1046.25,1041.25,1041.5,0
2024-07-16T02:00:00Z,1041.75,1043.75,1040.0,1042.75,0
2024-07-16T03:00:00Z,1042.5,1043.0,1041.25,1041.75,0
2024-07-16T04:00:00Z,1041.75,1042.0,1041.25,1041.75,0
2024-07-16T05:00:00Z,1041.75,1042.5,1040.5,1041.25,0
2024-07-16T06:00:00Z,1041.0,1041.0,1039.0,1040.0,0
2024-07-16T07:00:00Z,1040.25,1042.25,1039.5,1040.5,0
2024-07-16T08:00:00Z,1040.5,1042.75,1037.5,1042.75,0
2024-07-16T09:00:00Z,1042.5,1044.75,1042.5,1043.75,0
2024-07-16T10:00:00Z,1043.5,1044.5,1043.5,1043.5,0
2024-07-16T11:00:00Z,1043.5,1043.75,1040.75,1040.75,0
2024-07-16T12:00:00Z,1040.75,1043.75,1040.0,1041.5,0
2024-07-16T13:00:00Z,1041.0,1042.25,1037.25,1040.5,0
2024-07-16T14:00:00Z,1040.5,1052.0,1040.25,1047.75,0
2024-07-16T15:00:00Z,1048.0,1048.75,1044.0,1047.25,0
2024-07-16T16:00:00Z,1047.0,1047.5,1043.5,1044.75,0
2024-07-16T17:00:00Z,1044.75,1046.75,1041.5,1041.75,0
2024-07-16T18:00:00Z,1042.0,1044.75,1041.5,1044.5,0
2024-07-17T00:00:00Z,1043.25,1047.75,1043.25,1047.25,0
2024-07-17T01:00:00Z,1047.0,1048.0,1044.75,1046.5,0
2024-07-17T02:00:00Z,1046.5,1047.5,1046.25,1046.75,0
2024-07-17T03:00:00Z,1046.75,1046.75,1043.75,1045.0,0
2024-07-17T04:00:00Z,1044.75,1044.75,1044.0,1044.25,0
2024-07-17T05:00:00Z,1044.5,1045.25,1043.25,1044.0,0
2024-07-17T06:00:00Z,1044.0,1046.0,1042.75,1045.25,0
2024-07-17T07:00:00Z,1045.5,1047.25,1045.25,1046.25,0
2024-07-17T08:00:00Z,1046.25,1046.75,1044.75,1046.5,0
2024-07-17T09:00:00Z,1046.25,1048.75,1046.25,1047.5,0
2024-07-17T10:00:00Z,1047.25,1049.0,1046.5,1048.0,0
2024-07-17T11:00:00Z,1048.25,1050.5,1048.25,1048.5,0
2024-07-17T12:00:00Z,1048.5,1048.5,1045.5,1047.5,0
2024-07-17T13:00:00Z,1047.5,1048.75,1042.25,1047.5,0
2024-07-17T14:00:00Z,1047.25,1047.75,1041.5,1043.25,0
2024-07-17T15:00:00Z,1043.0,1043.5,1041.0,1041.75,0
2024-07-17T16:00:00Z,1041.75,1042.25,1038.0,1040.25,0
2024-07-17T17:00:00Z,1040.25,1043.5,1039.75,1043.0,0
2024-07-17T18:00:00Z,1043.0,1043.25,1040.0,1042.25,0
2024-07-18T00:00:00Z,1042.0,1043.75,1042.0,1043.75,0
2024-07-18T01:00:00Z,1043.5,1044.5,1036.25,1036.25,0
2024-07-18T02:00:00Z,1036.0,1036.5,1034.0,1034.75,0
2024-07-18T03:00:00Z,1034.75,1035.25,1033.75,1033.75,0
2024-07-18T04:00:00Z,1033.75,1034.0,1031.75,1033.25,0
2024-07-18T05:00:00Z,1033.25,1033.75,1032.0,1032.5,0
2024-07-18T06:00:00Z,1032.25,1037.0,1032.25,1036.75,0
2024-07-18T07:00:00Z,1036.75,1037.0,1032.5,1034.25,0
2024-07-18T08:00:00Z,1034.25,1035.0,1032.5,1034.25,0
2024-07-18T09:00:00Z,1034.25,1034.5,1032.5,1034.5,0
2024-07-18T10:00:00Z,1034.25,1035.0,1033.25,1034.75,0
2024-07-18T11:00:00Z,1034.75,1037.25,1034.75,1036.75,0
2024-07-18T12:00:00Z,1036.75,1038.0,1034.75,1036.5,0
2024-07-18T13:00:00Z,1037.75,1040.5,1034.0,1036.25,0
2024-07-18T14:00:00Z,1036.75,1045.0,1034.0,1043.75,0
2024-07-18T15:00:00Z,1043.75,1045.5,1039.75,1042.75,0
2024-07-18T16:00:00Z,1042.75,1046.25,1042.0,1042.75,0
2024-07-18T17:00:00Z,1042.5,1044.25,1042.0,1043.0,0
2024-07-18T18:00:00Z,1043.25,1044.0,1041.75,1043.75,0
2024-07-19T00:00:00Z,1043.0,1043.75,1040.25,1042.25,0
2024-07-19T01:00:00Z,1042.0,1043.5,1041.25,1043.5,0
2024-07-19T02:00:00Z,1043.0,1047.25,1043.0,1047.25,0
2024-07-19T03:00:00Z,1047.0,1048.0,1046.25,1047.5,0
2024-07-19T04:00:00Z,1047.75,1048.0,1047.25,1048.0,0
2024-07-19T05:00:00Z,1047.75,1048.0,1044.5,1045.5,0
2024-07-19T06:00:00Z,1045.25,1046.0,1044.0,1044.5,0
2024-07-19T07:00:00Z,1044.5,1044.5,1042.25,1042.75,0
2024-07-19T08:00:00Z,1042.75,1044.25,1042.5,1044.25,0
2024-07-19T09:00:00Z,1044.0,1045.25,1043.0,1044.75,0
2024-07-19T10:00:00Z,1044.5,1047.5,1043.25,1047.0,0
2024-07-19T11:00:00Z,1046.75,1047.5,1045.5,1047.5,0
2024-07-19T12:00:00Z,1047.25,1049.0,1046.0,1048.0,0
2024-07-19T13:00:00Z,1047.75,1049.0,1044.25,1047.25,0
2024-07-19T14:00:00Z,1047.0,1048.75,1044.75,1045.25,0
2024-07-19T15:00:00Z,1045.25,1045.5,1041.5,1043.0,0
2024-07-19T16:00:00Z,1043.0,1043.75,1037.5,1038.5,0
2024-07-19T17:00:00Z,1038.5,1038.75,1037.0,1038.0,0
2024-07-19T18:00:00Z,1038.0,1038.0,1035.25,1035.5,0
2024-07-22T00:00:00Z,1040.75,1048.5,1040.5,1048.25,0
2024-07-22T01:00:00Z,1048.0,1050.0,1047.25,1049.5,0
2024-07-22T02:00:00Z,1049.25,1053.5,1048.75,1053.0,0
2024-07-22T03:00:00Z,1053.0,1054.25,1051.5,1052.5,0
2024-07-22T04:00:00Z,1052.5,1052.5,1051.5,1052.5,0
2024-07-22T05:00:00Z,1052.5,1052.5,1051.25,1052.0,0
2024-07-22T06:00:00Z,1051.5,1054.0,1051.5,1052.75,0
2024-07-22T07:00:00Z,1052.75,1053.75,1052.0,1053.75,0
2024-07-22T08:00:00Z,1053.75,1055.0,1053.25,1054.5,0
2024-07-22T09:00:00Z,1054.25,1055.75,1053.0,1053.25,0
2024-07-22T10:00:00Z,1053.25,1057.5,1053.25,1055.25,0
2024-07-22T11:00:00Z,1055.0,1056.5,1053.5,1053.75,0
2024-07-22T12:00:00Z,1053.5,1054.0,1051.0,1052.25,0
2024-07-22T13:00:00Z,1052.25,1062.25,1051.0,1062.0,0
2024-07-22T14:00:00Z,1062.0,1064.75,1060.0,1064.5,0
2024-07-22T15:00:00Z,1064.75,1067.25,1064.25,1066.0,0
2024-07-22T16:00:00Z,1065.75,1067.0,1063.5,1064.25,0
2024-07-22T17:00:00Z,1064.25,1067.0,1063.5,1067.0,0
2024-07-22T18:00:00Z,1066.75,1069.75,1066.0,1069.25,0
2024-07-23T00:00:00Z,1067.0,1072.0,1066.5,1071.5,0
2024-07-23T01:00:00Z,1071.5,1074.75,1070.0,1073.75,0
2024-07-23T02:00:00Z,1073.5,1073.75,1070.5,1071.0,0
2024-07-23T03:00:00Z,1070.75,1071.25,1069.75,1070.75,0
2024-07-23T04:00:00Z,1070.75,1071.0,1068.0,1069.0,0
2024-07-23T05:00:00Z,1069.0,1069.25,1067.0,1067.25,0
2024-07-23T06:00:00Z,1067.5,1069.0,1065.25,1066.0,0
2024-07-23T07:00:00Z,1066.0,1066.75,1063.75,1064.25,0
2024-07-23T08:00:00Z,1064.0,1067.75,1064.0,1066.25,0
2024-07-23T09:00:00Z,1066.0,1070.75,1065.75,1069.0,0
2024-07-23T10:00:00Z,1068.75,1072.75,1068.75,1072.5,0
2024-07-23T11:00:00Z,1072.5,1073.5,1069.25,1070.75,0
2024-07-23T12:00:00Z,1070.75,1078.5,1067.75,1076.5,0
2024-07-23T13:00:00Z,1078.25,1083.0,1074.25,1074.25,0
2024-07-23T14:00:00Z,1074.25,1082.75,1073.75,1079.0,0
2024-07-23T15:00:00Z,1079.25,1086.75,1078.5,1082.5,0
2024-07-23T16:00:00Z,1082.75,1083.25,1075.5,1076.25,0
2024-07-23T17:00:00Z,1076.0,1078.0,1071.75,1075.25,0
2024-07-23T18:00:00Z,1075.5,1077.0,1074.25,1076.0,0
2024-07-24T00:00:00Z,1075.0,1076.75,1071.75,1071.75,0
2024-07-24T01:00:00Z,1071.75,1072.75,1068.75,1071.75,0
2024-07-24T02:00:00Z,1071.5,1072.25,1070.25,1071.5,0
2024-07-24T03:00:00Z,1071.5,1072.75,1071.0,1071.75,0
2024-07-24T04:00:00Z,1071.5,1071.5,1067.5,1067.5,0
2024-07-24T05:00:00Z,1067.5,1068.0,1063.0,1063.0,0
2024-07-24T06:00:00Z,1063.25,1068.25,1063.0,1066.0,0
2024-07-24T07:00:00Z,1066.0,1069.5,1066.0,1069.0,0
2024-07-24T08:00:00Z,1068.75,1069.5,1066.75,1068.75,0
2024-07-24T09:00:00Z,1068.75,1072.75,1067.5,1072.75,0
2024-07-24T10:00:00Z,1072.5,1073.25,1070.0,1071.0,0
2024-07-24T11:00:00Z,1071.0,1073.25,1070.25,1072.25,0
2024-07-24T12:00:00Z,1072.0,1072.0,1067.25,1069.25,0
2024-07-24T13:00:00Z,1068.5,1074.5,1068.5,1071.25,0
2024-07-24T14:00:00Z,1071.0,1078.0,1069.0,1077.0,0
2024-07-24T15:00:00Z,1077.0,1080.25,1073.0,1074.0,0
2024-07-24T16:00:00Z,1073.75,1076.0,1072.25,1073.0,0
2024-07-24T17:00:00Z,1072.75,1073.5,1063.75,1064.0,0
2024-07-24T18:00:00Z,1064.25,1065.0,1062.75,1063.0,0
2024-07-25T00:00:00Z,1065.0,1066.0,1060.5,1062.75,0
2024-07-25T01:00:00Z,1062.5,1063.25,1059.75,1060.5,0
2024-07-25T02:00:00Z,1060.5,1062.25,1058.5,1058.75,0
2024-07-25T03:00:00Z,1059.0,1061.25,1058.75,1059.75,0
2024-07-25T04:00:00Z,1059.5,1060.25,1058.75,1059.5,0
2024-07-25T05:00:00Z,1059.25,1060.75,1058.75,1059.75,0
2024-07-25T06:00:00Z,1059.75,1063.25,1059.25,1060.25,0
2024-07-25T07:00:00Z,1060.25,1060.25,1057.75,1059.25,0
2024-07-25T08:00:00Z,1059.25,1062.5,1058.75,1060.75,0
2024-07-25T09:00:00Z,1060.5,1062.5,1060.0,1061.75,0
2024-07-25T10:00:00Z,1062.0,1063.5,1061.0,1061.75,0
2024-07-25T11:00:00Z,1061.75,1062.0,1060.25,1061.75,0
2024-07-25T12:00:00Z,1061.5,1067.0,1059.25,1066.5,0
2024-07-25T13:00:00Z,1067.0,1072.25,1066.0,1071.0,0
2024-07-25T14:00:00Z,1071.25,1080.75,1068.75,1079.5,0
2024-07-25T15:00:00Z,1079.5,1081.0,1076.5,1077.25,0
2024-07-25T16:00:00Z,1077.5,1082.5,1076.5,1079.0,0
2024-07-25T17:00:00Z,1079.0,1081.75,1078.5,1079.5,0
2024-07-25T18:00:00Z,1079.75,1080.0,1078.25,1078.75,0
2024-07-26T00:00:00Z,1077.75,1079.5,1075.0,1076.0,0
2024-07-26T01:00:00Z,1075.75,1080.5,1075.5,1079.0,0
2024-07-26T02:00:00Z,1079.0,1079.5,1077.5,1078.0,0
2024-07-26T03:00:00Z,1078.0,1079.0,1077.5,1077.75,0
2024-07-26T04:00:00Z,1077.5,1079.0,1077.5,1079.0,0
2024-07-26T05:00:00Z,1078.75,1079.75,1078.5,1079.5,0
2024-07-26T06:00:00Z,1079.25,1079.25,1075.0,1075.5,0
2024-07-26T07:00:00Z,1075.75,1077.25,1074.25,1075.25,0
2024-07-26T08:00:00Z,1075.25,1076.0,1074.25,1075.25,0
2024-07-26T09:00:00Z,1075.0,1075.25,1073.0,1074.0,0
2024-07-26T10:00:00Z,1074.25,1074.75,1072.5,1072.75,0
2024-07-26T11:00:00Z,1072.75,1073.5,1071.75,1071.75,0
2024-07-26T12:00:00Z,1072.0,1072.25,1067.5,1068.0,0
2024-07-26T13:00:00Z,1067.25,1067.75,1060.75,1062.0,0
2024-07-26T14:00:00Z,1062.0,1062.25,1055.0,1057.5,0
2024-07-26T15:00:00Z,1057.75,1060.0,1056.5,1058.25,0
2024-07-26T16:00:00Z,1058.25,1058.25,1052.5,1054.75,0
2024-07-26T17:00:00Z,1054.75,1055.0,1047.75,1048.25,0
2024-07-26T18:00:00Z,1048.0,1050.5,1045.0,1046.5,0
2024-07-29T00:00:00Z,1044.5,1044.5,1032.75,1032.75,0
2024-07-29T01:00:00Z,1032.75,1033.75,1027.5,1033.25,0
2024-07-29T02:00:00Z,1033.5,1035.25,1032.25,1035.0,0
2024-07-29T03:00:00Z,1034.75,1036.5,1034.25,1035.5,0
2024-07-29T04:00:00Z,1035.75,1037.5,1035.75,1037.25,0
2024-07-29T05:00:00Z,1037.25,1038.75,1036.5,1037.0,0
2024-07-29T06:00:00Z,1037.0,1038.5,1034.75,1035.25,0
2024-07-29T07:00:00Z,1035.5,1037.75,1034.25,1035.75,0
2024-07-29T08:00:00Z,1035.5,1036.25,1033.75,1035.25,0
2024-07-29T09:00:00Z,1035.0,1035.75,1033.5,1035.0,0
2024-07-29T10:00:00Z,1035.25,1035.25,1032.0,1032.0,0
2024-07-29T11:00:00Z,1032.0,1032.25,1026.75,1026.75,0
2024-07-29T12:00:00Z,1027.0,1030.25,1025.5,1027.25,0
2024-07-29T13:00:00Z,1027.5,1030.5,1021.25,1027.25,0
2024-07-29T14:00:00Z,1027.25,1027.25,1018.0,1023.25,0
2024-07-29T15:00:00Z,1023.25,1035.0,1023.0,1034.5,0
2024-07-29T16:00:00Z,1034.25,1038.0,1030.0,1034.5,0
2024-07-29T17:00:00Z,1034.75,1038.5,1033.75,1038.0,0
2024-07-29T18:00:00Z,1038.0,1040.75,1037.75,1040.25,0
2024-07-30T00:00:00Z,1037.75,1042.0,1035.5,1036.75,0
2024-07-30T01:00:00Z,1036.75,1036.75,1033.0,1033.0,0
2024-07-30T02:00:00Z,1033.0,1035.25,1032.75,1034.5,0
2024-07-30T03:00:00Z,1034.25,1035.25,1033.25,1034.25,0
2024-07-30T04:00:00Z,1034.0,1034.5,1033.75,1034.0,0
2024-07-30T05:00:00Z,1034.0,1034.25,1031.5,1032.5,0
2024-07-30T06:00:00Z,1032.5,1033.0,1030.25,1031.5,0
2024-07-30T07:00:00Z,1031.25,1032.75,1031.25,1031.75,0
2024-07-30T08:00:00Z,1031.75,1033.0,1031.25,1031.75,0
2024-07-30T09:00:00Z,1031.75,1031.75,1028.25,1028.75,0
2024-07-30T10:00:00Z,1028.75,1029.25,1026.5,1027.0,0
2024-07-30T11:00:00Z,1026.75,1027.0,1022.75,1023.25,0
2024-07-30T12:00:00Z,1023.25,1023.5,1020.75,1022.75,0
2024-07-30T13:00:00Z,1023.5,1025.5,1018.25,1022.0,0
2024-07-30T14:00:00Z,1022.0,1026.25,1019.5,1022.0,0
2024-07-30T15:00:00Z,1022.5,1023.5,1020.25,1021.0,0
2024-07-30T16:00:00Z,1021.0,1023.75,1019.75,1021.5,0
2024-07-30T17:00:00Z,1021.25,1027.0,1021.25,1024.5,0
2024-07-30T18:00:00Z,1024.5,1025.0,1019.25,1020.0,0
2024-07-31T00:00:00Z,1020.25,1024.0,1020.0,1021.5,0
2024-07-31T01:00:00Z,1021.25,1023.0,1019.5,1023.0,0
2024-07-31T02:00:00Z,1023.0,1024.25,1022.0,1024.25,0
2024-07-31T03:00:00Z,1024.25,1025.75,1023.75,1024.75,0
2024-07-31T04:00:00Z,1024.75,1025.5,1024.5,1025.5,0
2024-07-31T05:00:00Z,1025.25,1028.75,1024.5,1028.0,0
2024-07-31T06:00:00Z,1027.75,1029.5,1027.0,1029.25,0
2024-07-31T07:00:00Z,1029.0,1029.75,1028.25,1028.75,0
2024-07-31T08:00:00Z,1028.5,1030.75,1028.0,1030.5,0
2024-07-31T09:00:00Z,1030.25,1031.0,1028.0,1029.25,0
2024-07-31T10:00:00Z,1029.25,1029.5,1028.25,1029.0,0
2024-07-31T11:00:00Z,1029.25,1030.75,1028.5,1030.5,0
2024-07-31T12:00:00Z,1030.25,1030.5,1024.0,1025.75,0
2024-07-31T13:00:00Z,1026.5,1027.75,1019.5,1022.5,0
2024-07-31T14:00:00Z,1022.25,1022.75,1016.25,1016.75,0
2024-07-31T15:00:00Z,1016.5,1022.0,1015.0,1021.75,0
2024-07-31T16:00:00Z,1021.75,1024.75,1021.25,1022.25,0
2024-07-31T17:00:00Z,1022.25,1023.25,1020.75,1023.0,0
2024-07-31T18:00:00Z,1023.25,1025.0,1022.0,1023.5,0
2024-08-01T00:00:00Z,1023.0,1026.25,1022.5,1023.25,0
2024-08-01T01:00:00Z,1023.25,1025.0,1021.25,1021.25,0
2024-08-01T02:00:00Z,1021.5,1021.5,1017.25,1017.75,0
2024-08-01T03:00:00Z,1017.75,1018.5,1015.5,1017.75,0
2024-08-01T04:00:00Z,1018.0,1018.0,1017.25,1017.5,0
2024-08-01T05:00:00Z,1017.5,1020.5,1017.25,1020.5,0
2024-08-01T06:00:00Z,1020.5,1021.5,1017.5,1019.75,0
2024-08-01T07:00:00Z,1019.75,1021.0,1018.75,1019.25,0
2024-08-01T08:00:00Z,1019.5,1022.25,1019.0,1021.75,0
2024-08-01T09:00:00Z,1021.75,1022.25,1019.5,1019.5,0
2024-08-01T10:00:00Z,1019.5,1020.75,1018.75,1019.5,0
2024-08-01T11:00:00Z,1019.5,1021.0,1018.75,1020.75,0
2024-08-01T12:00:00Z,1020.75,1020.75,1016.5,1017.75,0
2024-08-01T13:00:00Z,1018.25,1023.75,1016.5,1023.0,0
2024-08-01T14:00:00Z,1023.25,1024.75,1013.25,1016.25,0
2024-08-01T15:00:00Z,1016.25,1017.5,1013.0,1015.5,0
2024-08-01T16:00:00Z,1015.75,1021.75,1013.25,1021.5,0
2024-08-01T17:00:00Z,1021.75,1022.25,1016.75,1017.25,0
2024-08-01T18:00:00Z,1017.25,1018.0,1015.25,1016.0,0
2024-08-02T00:00:00Z,1016.0,1018.0,1014.75,1017.5,0
2024-08-02T01:00:00Z,1017.25,1021.75,1015.75,1021.75,0
2024-08-02T02:00:00Z,1021.75,1022.0,1019.5,1020.75,0
2024-08-02T03:00:00Z,1021.0,1022.0,1020.5,1021.0,0
2024-08-02T04:00:00Z,1020.75,1021.75,1020.75,1021.0,0
2024-08-02T05:00:00Z,1021.0,1023.25,1020.0,1023.0,0
2024-08-02T06:00:00Z,1023.0,1025.75,1022.5,1024.75,0
2024-08-02T07:00:00Z,1024.75,1025.75,1022.5,1025.0,0
2024-08-02T08:00:00Z,1025.0,1025.25,1023.25,1024.75,0
2024-08-02T09:00:00Z,1024.5,1029.25,1024.5,1027.0,0
2024-08-02T10:00:00Z,1026.75,1030.0,1026.75,1029.75,0
2024-08-02T11:00:00Z,1029.75,1030.75,1028.0,1029.5,0
2024-08-02T12:00:00Z,1029.75,1030.0,1024.75,1025.0,0
2024-08-02T13:00:00Z,1026.0,1029.75,1025.25,1029.5,0
2024-08-02T14:00:00Z,1029.5,1030.75,1025.0,1029.5,0
2024-08-02T15:00:00Z,1029.75,1032.0,1026.75,1029.0,0
2024-08-02T16:00:00Z,1029.25,1030.0,1027.25,1029.25,0
2024-08-02T17:00:00Z,1029.25,1030.0,1025.75,1026.5,0
2024-08-02T18:00:00Z,1026.5,1029.0,1026.5,1029.0,0
2024-08-05T00:00:00Z,1029.0,1032.0,1028.0,1030.25,0
2024-08-05T01:00:00Z,1030.25,1037.0,1028.5,1034.5,0
2024-08-05T02:00:00Z,1034.5,1034.75,1031.0,1034.25,0
2024-08-05T03:00:00Z,1034.25,1035.75,1034.25,1035.0,0
2024-08-05T04:00:00Z,1034.75,1034.75,1030.0,1030.0,0
2024-08-05T05:00:00Z,1030.25,1032.0,1028.5,1029.25,0
2024-08-05T06:00:00Z,1029.25,1033.25,1027.0,1032.0,0
2024-08-05T07:00:00Z,1031.75,1034.5,1031.0,1033.5,0
2024-08-05T08:00:00Z,1033.25,1034.5,1030.25,1030.5,0
2024-08-05T09:00:00Z,1030.5,1031.5,1027.25,1027.75,0
2024-08-05T10:00:00Z,1027.75,1028.25,1025.0,1025.0,0
2024-08-05T11:00:00Z,1025.0,1025.25,1016.75,1017.25,0
2024-08-05T12:00:00Z,1017.5,1019.5,1015.5,1018.75,0
2024-08-05T13:00:00Z,1020.0,1028.0,1018.25,1023.0,0
2024-08-05T14:00:00Z,1023.0,1036.5,1022.75,1030.25,0
2024-08-05T15:00:00Z,1030.25,1032.0,1028.0,1031.0,0
2024-08-05T16:00:00Z,1031.0,1035.5,1030.75,1034.0,0
2024-08-05T17:00:00Z,1034.0,1041.0,1033.75,1040.5,0
2024-08-05T18:00:00Z,1040.5,1042.0,1038.0,1041.5,0
2024-08-06T00:00:00Z,1040.25,1041.75,1034.25,1034.75,0
2024-08-06T01:00:00Z,1034.5,1036.0,1031.75,1035.25,0
2024-08-06T02:00:00Z,1035.25,1035.5,1027.5,1027.5,0
2024-08-06T03:00:00Z,1027.75,1029.25,1026.5,1028.5,0
2024-08-06T04:00:00Z,1028.5,1029.0,1027.0,1027.0,0
2024-08-06T05:00:00Z,1027.25,1027.5,1025.25,1025.5,0
2024-08-06T06:00:00Z,1025.5,1027.25,1023.25,1024.5,0
2024-08-06T07:00:00Z,1024.5,1026.0,1023.25,1023.5,0
2024-08-06T08:00:00Z,1023.25,1026.25,1023.25,1023.75,0
2024-08-06T09:00:00Z,1023.5,1025.0,1022.75,1022.75,0
2024-08-06T10:00:00Z,1023.0,1029.25,1022.75,1027.0,0
2024-08-06T11:00:00Z,1027.0,1027.75,1021.0,1022.0,0
2024-08-06T12:00:00Z,1022.25,1027.75,1021.5,1026.5,0
2024-08-06T13:00:00Z,1026.5,1032.0,1026.25,1029.5,0
2024-08-06T14:00:00Z,1029.5,1033.25,1023.75,1028.0,0
2024-08-06T15:00:00Z,1027.75,1030.5,1025.0,1027.75,0
2024-08-06T16:00:00Z,1027.75,1031.75,1025.0,1028.25,0
2024-08-06T17:00:00Z,1028.0,1030.25,1026.25,1027.0,0
2024-08-06T18:00:00Z,1027.25,1028.0,1026.0,1026.75,0
2024-08-07T00:00:00Z,1026.75,1028.75,1025.75,1027.75,0
2024-08-07T01:00:00Z,1027.75,1028.0,1022.0,1022.25,0
2024-08-07T02:00:00Z,1022.25,1022.25,1018.5,1019.0,0
2024-08-07T03:00:00Z,1019.0,1019.5,1017.75,1018.5,0
2024-08-07T04:00:00Z,1018.5,1018.5,1017.75,1018.25,0
2024-08-07T05:00:00Z,1018.25,1019.0,1017.75,1018.0,0
2024-08-07T06:00:00Z,1018.0,1019.0,1016.25,1016.25,0
2024-08-07T07:00:00Z,1016.25,1017.25,1015.5,1016.75,0
2024-08-07T08:00:00Z,1016.75,1016.75,1015.75,1016.0,0
2024-08-07T09:00:00Z,1016.0,1016.75,1015.5,1016.25,0
2024-08-07T10:00:00Z,1016.0,1017.0,1015.25,1015.5,0
2024-08-07T11:00:00Z,1015.5,1016.75,1014.0,1016.5,0
2024-08-07T12:00:00Z,1016.5,1018.0,1016.0,1017.0,0
2024-08-07T13:00:00Z,1017.25,1024.0,1017.25,1021.5,0
2024-08-07T14:00:00Z,1021.75,1022.25,1018.0,1018.75,0
2024-08-07T15:00:00Z,1018.75,1021.75,1018.25,1021.0,0
2024-08-07T16:00:00Z,1020.75,1022.25,1019.25,1020.25,0
2024-08-07T17:00:00Z,1020.0,1020.5,1016.0,1018.0,0
2024-08-07T18:00:00Z,1018.25,1020.25,1016.75,1019.5,0
2024-08-08T00:00:00Z,1018.0,1020.75,1018.0,1020.5,0
2024-08-08T01:00:00Z,1020.75,1022.0,1019.5,1020.75,0
2024-08-08T02:00:00Z,1020.75,1025.75,1019.75,1022.25,0
2024-08-08T03:00:00Z,1022.25,1024.5,1022.0,1023.25,0
2024-08-08T04:00:00Z,1023.5,1023.5,1022.5,1023.25,0
2024-08-08T05:00:00Z,1023.0,1023.5,1022.0,1022.5,0
2024-08-08T06:00:00Z,1022.5,1023.0,1020.0,1020.0,0
2024-08-08T07:00:00Z,1020.0,1020.5,1015.75,1017.0,0
2024-08-08T08:00:00Z,1017.0,1018.5,1016.5,1018.0,0
2024-08-08T09:00:00Z,1018.25,1019.5,1017.25,1018.0,0
2024-08-08T10:00:00Z,1018.5,1019.0,1016.75,1017.5,0
2024-08-08T11:00:00Z,1017.25,1019.25,1016.5,1018.0,0
2024-08-08T12:00:00Z,1017.75,1023.0,1017.75,1021.0,0
2024-08-08T13:00:00Z,1022.0,1022.5,1016.5,1017.0,0
2024-08-08T14:00:00Z,1016.75,1017.25,1007.5,1010.0,0
2024-08-08T15:00:00Z,1010.0,1013.5,1009.0,1009.75,0
2024-08-08T16:00:00Z,1009.5,1017.0,1009.25,1013.25,0
2024-08-08T17:00:00Z,1013.25,1014.75,1011.25,1011.75,0
2024-08-08T18:00:00Z,1011.5,1011.75,1007.0,1007.75,0
2024-08-09T00:00:00Z,1008.0,1015.0,1008.0,1013.0,0
2024-08-09T01:00:00Z,1012.75,1013.0,1009.0,1011.75,0
2024-08-09T02:00:00Z,1011.75,1014.0,1010.75,1013.25,0
2024-08-09T03:00:00Z,1013.5,1014.75,1012.5,1013.5,0
2024-08-09T04:00:00Z,1013.5,1014.5,1013.5,1014.0,0
2024-08-09T05:00:00Z,1014.0,1015.0,1013.0,1014.75,0
2024-08-09T06:00:00Z,1014.5,1015.25,1011.75,1012.0,0
2024-08-09T07:00:00Z,1011.75,1013.25,1010.25,1013.25,0
2024-08-09T08:00:00Z,1013.25,1015.0,1011.25,1013.0,0
2024-08-09T09:00:00Z,1013.0,1014.75,1012.5,1013.75,0
2024-08-09T10:00:00Z,1013.75,1014.25,1012.25,1013.0,0
2024-08-09T11:00:00Z,1013.0,1015.0,1011.0,1012.75,0
2024-08-09T12:00:00Z,1012.75,1015.0,1012.0,1013.25,0
2024-08-09T13:00:00Z,1015.0,1015.75,1008.5,1010.0,0
2024-08-09T14:00:00Z,1009.75,1011.75,1007.25,1010.5,0
2024-08-09T15:00:00Z,1010.25,1011.0,1007.0,1008.0,0
2024-08-09T16:00:00Z,1008.25,1008.25,1004.0,1005.5,0
2024-08-09T17:00:00Z,1005.5,1006.5,1001.5,1003.25,0
2024-08-09T18:00:00Z,1003.0,1004.5,1001.25,1001.5,0
2024-08-12T00:00:00Z,1001.0,1002.5,998.5,999.25,0
2024-08-12T01:00:00Z,999.25,1001.0,996.75,1000.5,0
2024-08-12T02:00:00Z,1000.0,1000.5,998.25,999.5,0
2024-08-12T03:00:00Z,999.5,1000.25,998.75,998.75,0
2024-08-12T04:00:00Z,998.75,999.5,998.25,999.0,0
2024-08-12T05:00:00Z,999.25,1000.0,997.25,997.25,0
2024-08-12T06:00:00Z,997.5,999.75,996.5,999.25,0
2024-08-12T07:00:00Z,999.25,999.75,997.25,999.0,0
2024-08-12T08:00:00Z,999.0,999.0,997.25,997.5,0
2024-08-12T09:00:00Z,997.5,998.5,997.0,998.0,0
2024-08-12T10:00:00Z,998.25,998.25,997.0,997.25,0
2024-08-12T11:00:00Z,997.25,999.0,997.0,998.0,0
2024-08-12T12:00:00Z,997.75,998.0,994.5,997.25,0
2024-08-12T13:00:00Z,998.5,999.5,992.0,994.25,0
2024-08-12T14:00:00Z,994.0,997.5,993.25,996.5,0
2024-08-12T15:00:00Z,996.5,997.25,993.5,995.25,0
2024-08-12T16:00:00Z,995.0,995.0,975.5,980.5,0
2024-08-12T17:00:00Z,980.5,985.0,979.5,983.0,0
2024-08-12T18:00:00Z,983.0,988.0,983.0,988.0,0
2024-08-13T00:00:00Z,986.75,988.5,984.5,984.75,0
2024-08-13T01:00:00Z,985.0,988.25,982.0,982.5,0
2024-08-13T02:00:00Z,982.5,982.75,979.0,979.5,0
2024-08-13T03:00:00Z,979.5,980.0,976.5,976.75,0
2024-08-13T04:00:00Z,976.75,977.0,973.75,974.0,0
2024-08-13T05:00:00Z,973.75,974.25,968.75,969.0,0
2024-08-13T06:00:00Z,969.25,971.0,968.0,969.5,0
2024-08-13T07:00:00Z,969.75,971.75,968.25,970.0,0
2024-08-13T08:00:00Z,969.75,971.0,968.0,970.25,0
2024-08-13T09:00:00Z,970.0,971.5,969.0,970.5,0
2024-08-13T10:00:00Z,970.25,972.0,968.75,968.75,0
2024-08-13T11:00:00Z,968.75,971.5,968.5,970.75,0
2024-08-13T12:00:00Z,971.0,973.5,969.75,971.25,0
2024-08-13T13:00:00Z,970.75,971.0,966.25,970.5,0
2024-08-13T14:00:00Z,970.5,971.5,964.0,965.25,0
2024-08-13T15:00:00Z,965.25,969.5,965.0,965.25,0
2024-08-13T16:00:00Z,965.25,967.0,963.5,965.0,0
2024-08-13T17:00:00Z,965.0,966.25,961.75,962.0,0
2024-08-13T18:00:00Z,962.0,962.75,960.5,961.0,0
2024-08-14T00:00:00Z,960.75,963.5,959.25,959.5,0
2024-08-14T01:00:00Z,959.75,960.75,955.25,959.25,0
2024-08-14T02:00:00Z,959.25,960.0,956.75,958.75,0
2024-08-14T03:00:00Z,958.75,964.25,958.75,963.75,0
2024-08-14T04:00:00Z,963.75,966.5,963.75,964.75,0
2024-08-14T05:00:00Z,964.5,966.5,963.75,965.25,0
2024-08-14T06:00:00Z,965.5,966.25,964.0,964.75,0
2024-08-14T07:00:00Z,964.75,967.5,964.5,966.25,0
2024-08-14T08:00:00Z,966.5,967.75,966.0,967.0,0
2024-08-14T09:00:00Z,967.25,967.5,965.75,967.5,0
2024-08-14T10:00:00Z,967.25,967.5,966.25,967.0,0
2024-08-14T11:00:00Z,967.0,969.0,965.75,968.25,0
2024-08-14T12:00:00Z,968.0,970.0,967.25,967.5,0
2024-08-14T13:00:00Z,967.75,974.0,967.75,971.5,0
2024-08-14T14:00:00Z,971.25,971.25,967.5,969.5,0
2024-08-14T15:00:00Z,969.75,972.75,968.0,968.25,0
2024-08-14T16:00:00Z,968.0,970.0,964.5,967.5,0
2024-08-14T17:00:00Z,967.5,969.0,966.5,967.5,0
2024-08-14T18:00:00Z,967.75,969.5,966.75,968.75,0
2024-08-15T00:00:00Z,968.5,973.25,968.0,970.75,0
2024-08-15T01:00:00Z,970.75,973.25,970.0,972.25,0
2024-08-15T02:00:00Z,972.25,975.0,972.0,974.5,0
2024-08-15T03:00:00Z,974.75,975.25,972.5,973.25,0
2024-08-15T04:00:00Z,973.0,974.75,973.0,974.75,0
2024-08-15T05:00:00Z,974.5,974.5,972.25,973.5,0
2024-08-15T06:00:00Z,973.5,975.75,973.0,975.5,0
2024-08-15T07:00:00Z,975.75,976.75,974.0,976.0,0
2024-08-15T08:00:00Z,976.25,976.75,973.75,974.5,0
2024-08-15T09:00:00Z,974.5,976.75,974.25,974.5,0
2024-08-15T10:00:00Z,974.25,975.5,974.25,974.75,0
2024-08-15T11:00:00Z,974.75,974.75,971.75,972.25,0
2024-08-15T12:00:00Z,972.25,973.25,969.5,970.0,0
2024-08-15T13:00:00Z,970.5,974.0,968.5,973.5,0
2024-08-15T14:00:00Z,973.25,978.0,972.75,977.75,0
2024-08-15T15:00:00Z,977.75,978.25,974.0,974.75,0
2024-08-15T16:00:00Z,975.0,976.5,972.25,972.75,0
2024-08-15T17:00:00Z,972.5,973.5,968.5,969.0,0
2024-08-15T18:00:00Z,969.0,969.75,967.5,967.75,0
2024-08-16T00:00:00Z,968.0,970.25,966.25,966.75,0
2024-08-16T01:00:00Z,966.5,969.5,965.0,965.75,0
2024-08-16T02:00:00Z,965.75,967.0,963.75,966.25,0
2024-08-16T03:00:00Z,966.25,966.5,964.25,964.5,0
2024-08-16T04:00:00Z,964.25,964.75,964.0,964.5,0
2024-08-16T05:00:00Z,964.5,965.75,963.75,964.75,0
2024-08-16T06:00:00Z,964.5,966.25,962.25,963.0,0
2024-08-16T07:00:00Z,963.0,963.25,960.0,961.5,0
2024-08-16T08:00:00Z,961.5,962.0,960.5,961.25,0
2024-08-16T09:00:00Z,961.25,962.75,960.25,962.5,0
2024-08-16T10:00:00Z,962.5,963.0,960.0,960.5,0
2024-08-16T11:00:00Z,960.5,961.0,958.25,959.25,0
2024-08-16T12:00:00Z,959.25,963.0,959.25,960.5,0
2024-08-16T13:00:00Z,960.75,962.0,958.0,959.5,0
2024-08-16T14:00:00Z,959.25,961.5,956.0,956.0,0
2024-08-16T15:00:00Z,956.0,962.5,955.0,960.75,0
2024-08-16T16:00:00Z,961.0,964.25,960.5,961.25,0
2024-08-16T17:00:00Z,961.25,961.25,955.75,957.75,0
2024-08-16T18:00:00Z,957.75,958.5,955.25,955.25,0
2024-08-19T00:00:00Z,957.25,969.75,957.25,967.5,0
2024-08-19T01:00:00Z,967.5,969.0,965.75,968.5,0
2024-08-19T02:00:00Z,968.5,968.5,966.0,966.75,0
2024-08-19T03:00:00Z,966.75,967.75,966.25,967.5,0
2024-08-19T04:00:00Z,967.25,967.75,967.0,967.0,0
2024-08-19T05:00:00Z,966.75,967.0,964.0,965.0,0
2024-08-19T06:00:00Z,965.0,966.25,962.5,962.5,0
2024-08-19T07:00:00Z,962.5,964.25,960.75,961.75,0
2024-08-19T08:00:00Z,961.75,963.0,961.25,962.75,0
2024-08-19T09:00:00Z,962.75,963.5,961.5,961.75,0
2024-08-19T10:00:00Z,961.75,962.5,961.25,961.75,0
2024-08-19T11:00:00Z,961.5,963.0,960.5,962.25,0
2024-08-19T12:00:00Z,962.25,962.75,960.0,960.25,0
2024-08-19T13:00:00Z,961.0,966.25,959.0,963.75,0
2024-08-19T14:00:00Z,963.75,969.0,962.5,968.75,0
2024-08-19T15:00:00Z,969.0,972.5,967.75,969.75,0
2024-08-19T16:00:00Z,969.75,972.25,968.0,971.75,0
2024-08-19T17:00:00Z,971.5,975.5,971.0,974.75,0
2024-08-19T18:00:00Z,975.0,977.0,974.25,976.25,0
2024-08-20T00:00:00Z,975.0,979.25,973.75,977.5,0
2024-08-20T01:00:00Z,977.5,979.25,973.25,973.75,0
2024-08-20T02:00:00Z,973.5,974.5,973.0,974.25,0
2024-08-20T03:00:00Z,974.25,974.75,973.25,973.75,0
2024-08-20T04:00:00Z,973.5,975.75,973.5,975.75,0
2024-08-20T05:00:00Z,975.5,975.75,974.0,975.0,0
2024-08-20T06:00:00Z,975.0,975.25,973.25,974.0,0
2024-08-20T07:00:00Z,974.0,974.0,970.0,970.25,0
2024-08-20T08:00:00Z,970.25,972.75,970.0,972.25,0
2024-08-20T09:00:00Z,972.0,974.5,972.0,974.25,0
2024-08-20T10:00:00Z,974.25,974.5,972.5,972.75,0
2024-08-20T11:00:00Z,972.75,975.0,971.5,975.0,0
2024-08-20T12:00:00Z,974.75,975.5,971.75,974.25,0
2024-08-20T13:00:00Z,974.25,985.0,972.25,981.25,0
2024-08-20T14:00:00Z,981.25,982.75,973.5,974.0,0
2024-08-20T15:00:00Z,973.75,978.5,972.5,977.25,0
2024-08-20T16:00:00Z,977.25,979.0,975.5,976.75,0
2024-08-20T17:00:00Z,976.5,977.0,975.5,976.5,0
2024-08-20T18:00:00Z,976.75,977.5,975.5,977.0,0
2024-08-21T00:00:00Z,976.0,979.0,976.0,978.25,0
2024-08-21T01:00:00Z,978.25,978.5,975.25,975.5,0
2024-08-21T02:00:00Z,975.5,979.0,975.25,976.25,0
2024-08-21T03:00:00Z,976.25,977.25,974.0,976.5,0
2024-08-21T04:00:00Z,976.5,977.5,976.5,977.5,0
2024-08-21T05:00:00Z,977.5,980.0,977.0,979.0,0
2024-08-21T06:00:00Z,979.0,980.75,978.25,980.0,0
2024-08-21T07:00:00Z,979.75,979.75,978.5,979.25,0
2024-08-21T08:00:00Z,979.25,980.5,979.25,980.25,0
2024-08-21T09:00:00Z,980.25,981.25,980.0,980.5,0
2024-08-21T10:00:00Z,980.5,982.25,980.25,981.5,0
2024-08-21T11:00:00Z,981.5,982.75,981.25,982.0,0
2024-08-21T12:00:00Z,982.0,982.25,979.25,981.5,0
2024-08-21T13:00:00Z,982.0,984.75,978.75,980.25,0
2024-08-21T14:00:00Z,980.0,981.0,976.25,976.5,0
2024-08-21T15:00:00Z,976.5,979.5,975.75,978.5,0
2024-08-21T16:00:00Z,978.5,981.0,976.5,980.75,0
2024-08-21T17:00:00Z,981.0,981.25,974.75,980.0,0
2024-08-21T18:00:00Z,980.0,982.5,979.5,982.0,0
2024-08-22T00:00:00Z,981.0,981.5,977.5,978.75,0
2024-08-22T01:00:00Z,978.5,979.0,976.25,977.5,0
2024-08-22T02:00:00Z,977.75,978.5,975.25,978.25,0
2024-08-22T03:00:00Z,978.25,982.0,977.0,980.75,0
2024-08-22T04:00:00Z,981.0,981.25,980.25,980.5,0
2024-08-22T05:00:00Z,980.5,981.25,979.0,979.5,0
2024-08-22T06:00:00Z,979.25,979.25,975.5,976.5,0
2024-08-22T07:00:00Z,976.75,977.5,976.0,976.5,0
2024-08-22T08:00:00Z,976.5,977.5,976.0,976.75,0
2024-08-22T09:00:00Z,976.75,977.75,975.75,977.25,0
2024-08-22T10:00:00Z,977.0,977.25,974.5,974.75,0
2024-08-22T11:00:00Z,974.75,975.25,972.25,973.25,0
2024-08-22T12:00:00Z,973.5,973.5,971.5,973.0,0
2024-08-22T13:00:00Z,972.5,974.75,970.25,974.5,0
2024-08-22T14:00:00Z,974.5,975.0,963.5,964.25,0
2024-08-22T15:00:00Z,964.0,965.5,961.75,963.75,0
2024-08-22T16:00:00Z,964.0,966.25,961.5,962.25,0
2024-08-22T17:00:00Z,962.25,962.75,960.25,961.25,0
2024-08-22T18:00:00Z,961.5,962.0,960.75,961.25,0
2024-08-23T00:00:00Z,962.0,965.0,961.75,964.75,0
2024-08-23T01:00:00Z,964.75,968.0,964.0,966.5,0
2024-08-23T02:00:00Z,966.5,968.5,965.75,968.0,0
2024-08-23T03:00:00Z,968.0,968.25,966.75,967.0,0
2024-08-23T04:00:00Z,967.0,967.5,966.5,967.0,0
2024-08-23T05:00:00Z,966.75,968.0,966.25,968.0,0
2024-08-23T06:00:00Z,968.0,968.0,964.0,964.5,0
2024-08-23T07:00:00Z,964.25,966.0,964.25,965.5,0
2024-08-23T08:00:00Z,965.5,966.0,964.5,965.5,0
2024-08-23T09:00:00Z,965.5,966.75,963.75,964.0,0
2024-08-23T10:00:00Z,964.25,965.25,964.0,964.5,0
2024-08-23T11:00:00Z,964.5,967.0,963.75,967.0,0
2024-08-23T12:00:00Z,966.75,968.5,964.75,965.25,0
2024-08-23T13:00:00Z,965.25,969.0,964.5,966.0,0
2024-08-23T14:00:00Z,966.0,974.75,966.0,972.5,0
2024-08-23T15:00:00Z,972.25,974.0,971.0,972.25,0
2024-08-23T16:00:00Z,972.25,972.75,968.0,971.75,0
2024-08-23T17:00:00Z,971.75,974.0,970.75,971.5,0
2024-08-23T18:00:00Z,971.5,974.0,971.25,973.0,0
2024-08-26T00:00:00Z,965.0,966.5,960.5,964.75,0
2024-08-26T01:00:00Z,964.75,968.0,964.5,965.5,0
2024-08-26T02:00:00Z,965.25,965.25,961.25,961.25,0
2024-08-26T03:00:00Z,961.5,966.5,961.0,964.5,0
2024-08-26T04:00:00Z,964.75,965.5,964.5,964.75,0
2024-08-26T05:00:00Z,964.5,967.75,964.0,967.0,0
2024-08-26T06:00:00Z,966.75,970.75,966.75,970.5,0
2024-08-26T07:00:00Z,970.25,970.25,967.5,968.25,0
2024-08-26T08:00:00Z,968.25,969.0,967.0,967.25,0
2024-08-26T09:00:00Z,967.5,967.75,964.5,964.75,0
2024-08-26T10:00:00Z,964.75,965.5,964.0,965.25,0
2024-08-26T11:00:00Z,965.25,966.0,962.75,964.0,0
2024-08-26T12:00:00Z,963.75,965.25,962.25,965.0,0
2024-08-26T13:00:00Z,966.25,972.25,964.5,969.75,0
2024-08-26T14:00:00Z,969.5,975.0,969.5,974.75,0
2024-08-26T15:00:00Z,974.5,975.5,970.75,972.75,0
2024-08-26T16:00:00Z,972.75,977.0,972.5,975.0,0
2024-08-26T17:00:00Z,975.0,981.0,975.0,980.75,0
2024-08-26T18:00:00Z,980.75,982.25,980.5,981.0,0
2024-08-27T00:00:00Z,979.25,985.5,978.5,979.25,0
2024-08-27T01:00:00Z,979.25,980.0,977.5,978.75,0
2024-08-27T02:00:00Z,978.75,980.5,978.25,979.25,0
2024-08-27T03:00:00Z,979.5,981.25,979.5,980.0,0
2024-08-27T04:00:00Z,980.0,981.0,980.0,980.5,0
2024-08-27T05:00:00Z,980.5,982.75,980.5,982.25,0
2024-08-27T06:00:00Z,982.25,983.0,980.5,980.75,0
2024-08-27T07:00:00Z,980.75,980.75,979.25,979.5,0
2024-08-27T08:00:00Z,979.5,980.75,979.25,979.25,0
2024-08-27T09:00:00Z,979.25,979.5,977.25,977.75,0
2024-08-27T10:00:00Z,978.0,979.25,977.25,978.5,0
2024-08-27T11:00:00Z,978.5,981.0,978.25,978.75,0
2024-08-27T12:00:00Z,978.75,984.25,978.75,984.0,0
2024-08-27T13:00:00Z,984.0,989.75,983.0,985.25,0
2024-08-27T14:00:00Z,985.25,991.5,984.0,987.75,0
2024-08-27T15:00:00Z,987.75,988.75,983.5,984.5,0
2024-08-27T16:00:00Z,984.5,986.0,984.0,985.0,0
2024-08-27T17:00:00Z,984.75,986.5,984.25,985.75,0
2024-08-27T18:00:00Z,985.75,988.0,984.75,987.75,0
2024-08-28T00:00:00Z,986.5,988.0,983.25,986.0,0
2024-08-28T01:00:00Z,985.75,986.25,983.75,984.75,0
2024-08-28T02:00:00Z,984.5,985.75,982.0,982.25,0
2024-08-28T03:00:00Z,982.5,982.75,981.0,981.25,0
2024-08-28T04:00:00Z,981.25,981.5,980.75,981.25,0
2024-08-28T05:00:00Z,981.25,981.5,979.75,981.0,0
2024-08-28T06:00:00Z,981.25,983.75,980.5,983.5,0
2024-08-28T07:00:00Z,983.5,983.75,981.5,982.25,0
2024-08-28T08:00:00Z,982.25,982.5,979.75,980.75,0
2024-08-28T09:00:00Z,980.75,981.0,979.25,979.75,0
2024-08-28T10:00:00Z,979.75,980.0,978.0,979.25,0
2024-08-28T11:00:00Z,979.25,980.25,976.25,977.25,0
2024-08-28T12:00:00Z,977.5,977.5,975.0,976.0,0
2024-08-28T13:00:00Z,976.0,980.75,975.5,978.75,0
2024-08-28T14:00:00Z,979.0,984.25,979.0,981.0,0
2024-08-28T15:00:00Z,981.0,981.0,976.25,977.75,0
2024-08-28T16:00:00Z,977.5,980.25,976.75,977.75,0
2024-08-28T17:00:00Z,977.75,978.25,972.75,977.25,0
2024-08-28T18:00:00Z,977.25,977.5,976.0,976.5,0
2024-08-29T00:00:00Z,975.5,979.0,975.0,977.25,0
2024-08-29T01:00:00Z,977.75,979.75,976.75,979.25,0
2024-08-29T02:00:00Z,979.25,980.25,977.5,979.75,0
2024-08-29T03:00:00Z,980.0,980.5,979.0,979.25,0
2024-08-29T04:00:00Z,979.5,980.0,979.25,980.0,0
2024-08-29T05:00:00Z,980.0,982.75,979.5,982.25,0
2024-08-29T06:00:00Z,982.25,983.0,980.0,981.5,0
2024-08-29T07:00:00Z,981.25,983.5,981.0,983.25,0
2024-08-29T08:00:00Z,983.25,983.25,980.75,981.25,0
2024-08-29T09:00:00Z,981.5,987.0,981.25,987.0,0
2024-08-29T10:00:00Z,987.0,987.75,985.25,987.0,0
2024-08-29T11:00:00Z,987.0,989.0,986.0,988.25,0
2024-08-29T12:00:00Z,988.0,988.5,986.25,987.5,0
2024-08-29T13:00:00Z,986.25,990.75,985.25,985.75,0
2024-08-29T14:00:00Z,986.0,989.0,985.25,986.5,0
2024-08-29T15:00:00Z,986.5,990.5,983.25,989.75,0
2024-08-29T16:00:00Z,989.75,992.5,988.0,989.25,0
2024-08-29T17:00:00Z,989.25,992.25,988.5,991.5,0
2024-08-29T18:00:00Z,991.5,992.75,990.5,991.75,0
2024-08-30T00:00:00Z,991.0,994.0,990.5,992.25,0
2024-08-30T01:00:00Z,992.0,998.5,991.5,997.5,0
2024-08-30T02:00:00Z,997.5,1001.75,997.5,1001.5,0
2024-08-30T03:00:00Z,1001.5,1004.75,1001.25,1003.0,0
2024-08-30T04:00:00Z,1003.0,1004.0,1003.0,1003.5,0
2024-08-30T05:00:00Z,1003.5,1004.75,1003.5,1004.25,0
2024-08-30T06:00:00Z,1004.25,1004.75,1000.25,1002.0,0
2024-08-30T07:00:00Z,1001.75,1003.0,1001.25,1002.25,0
2024-08-30T08:00:00Z,1002.25,1002.25,999.25,1000.25,0
2024-08-30T09:00:00Z,1000.25,1001.5,999.75,1000.75,0
2024-08-30T10:00:00Z,1001.0,1001.5,999.25,1001.0,0
2024-08-30T11:00:00Z,1001.0,1004.0,1001.0,1003.75,0
2024-08-30T12:00:00Z,1003.75,1007.75,1003.75,1007.25,0
2024-08-30T13:00:00Z,1005.0,1007.25,995.0,996.25,0
2024-08-30T14:00:00Z,996.25,998.25,992.0,992.75,0
2024-08-30T15:00:00Z,992.75,994.5,989.5,994.0,0
2024-08-30T16:00:00Z,994.0,1001.0,994.0,999.75,0
2024-08-30T17:00:00Z,999.75,1002.75,998.75,1001.75,0
2024-08-30T18:00:00Z,1002.0,1002.75,998.5,999.0,0
2024-09-03T00:00:00Z,1000.0,1001.5,997.5,998.0,0
2024-09-03T01:00:00Z,998.0,999.0,995.25,998.25,0
2024-09-03T02:00:00Z,998.25,1001.75,998.0,999.25,0
2024-09-03T03:00:00Z,999.5,1002.25,996.5,998.5,0
2024-09-03T04:00:00Z,998.75,999.25,997.75,998.5,0
2024-09-03T05:00:00Z,998.5,1008.25,997.25,1001.5,0
2024-09-03T06:00:00Z,1001.5,1005.75,1001.5,1004.5,0
2024-09-03T07:00:00Z,1004.75,1006.25,1004.25,1004.5,0
2024-09-03T08:00:00Z,1004.5,1005.0,1002.0,1003.25,0
2024-09-03T09:00:00Z,1003.0,1003.0,997.5,999.5,0
2024-09-03T10:00:00Z,999.5,1000.25,997.25,998.75,0
2024-09-03T11:00:00Z,998.75,1002.25,998.75,1000.5,0
2024-09-03T12:00:00Z,1000.5,1008.0,1000.5,1007.0,0
2024-09-03T13:00:00Z,1005.75,1011.0,1001.5,1002.75,0
2024-09-03T14:00:00Z,1003.0,1005.0,999.5,1001.5,0
2024-09-03T15:00:00Z,1001.5,1014.0,1001.0,1014.0,0
2024-09-03T16:00:00Z,1013.75,1024.5,1013.5,1018.5,0
2024-09-03T17:00:00Z,1018.25,1018.25,1009.5,1010.25,0
2024-09-03T18:00:00Z,1010.25,1013.5,1009.5,1012.5,0
2024-09-04T00:00:00Z,1012.0,1012.75,1010.0,1010.75,0
2024-09-04T01:00:00Z,1010.5,1013.0,1009.0,1011.75,0
2024-09-04T02:00:00Z,1012.0,1013.0,1009.5,1010.5,0
2024-09-04T03:00:00Z,1010.75,1011.0,1006.75,1007.5,0
2024-09-04T04:00:00Z,1007.5,1007.75,1007.25,1007.25,0
2024-09-04T05:00:00Z,1007.5,1007.5,1004.25,1004.75,0
2024-09-04T06:00:00Z,1004.5,1004.75,1000.75,1002.5,0
2024-09-04T07:00:00Z,1002.25,1004.0,1002.0,1003.25,0
2024-09-04T08:00:00Z,1003.25,1005.75,1003.0,1003.75,0
2024-09-04T09:00:00Z,1003.75,1004.75,1003.25,1003.5,0
2024-09-04T10:00:00Z,1003.75,1007.5,1003.5,1007.0,0
2024-09-04T11:00:00Z,1007.0,1008.0,1006.25,1006.75,0
2024-09-04T12:00:00Z,1006.5,1008.25,1005.25,1007.75,0
2024-09-04T13:00:00Z,1007.5,1019.25,1007.5,1012.25,0
2024-09-04T14:00:00Z,1012.5,1018.75,1011.5,1016.75,0
2024-09-04T15:00:00Z,1016.75,1017.75,1012.75,1015.5,0
2024-09-04T16:00:00Z,1015.5,1021.5,1015.25,1020.0,0
2024-09-04T17:00:00Z,1019.75,1023.0,1019.0,1021.0,0
2024-09-04T18:00:00Z,1020.75,1022.25,1018.75,1020.75,0
2024-09-05T00:00:00Z,1020.0,1021.75,1016.0,1017.75,0
2024-09-05T01:00:00Z,1017.75,1018.25,1015.25,1016.5,0
2024-09-05T02:00:00Z,1016.75,1017.75,1015.0,1016.75,0
2024-09-05T03:00:00Z,1016.5,1016.75,1015.0,1015.0,0
2024-09-05T04:00:00Z,1015.0,1015.25,1014.75,1015.25,0
2024-09-05T05:00:00Z,1015.25,1016.0,1014.25,1015.75,0
2024-09-05T06:00:00Z,1015.5,1016.5,1014.5,1015.0,0
2024-09-05T07:00:00Z,1015.0,1016.0,1014.25,1014.75,0
2024-09-05T08:00:00Z,1014.75,1016.75,1014.5,1015.75,0
2024-09-05T09:00:00Z,1016.0,1017.0,1015.25,1015.5,0
2024-09-05T10:00:00Z,1015.5,1015.75,1012.25,1012.75,0
2024-09-05T11:00:00Z,1012.75,1012.75,1010.0,1010.5,0
2024-09-05T12:00:00Z,1010.25,1013.75,1010.0,1012.5,0
2024-09-05T13:00:00Z,1013.5,1017.5,1013.0,1016.5,0
2024-09-05T14:00:00Z,1016.5,1018.5,1013.0,1014.5,0
2024-09-05T15:00:00Z,1014.25,1018.0,1013.0,1017.25,0
2024-09-05T16:00:00Z,1017.25,1020.5,1016.25,1019.75,0
2024-09-05T17:00:00Z,1019.75,1021.75,1019.0,1021.75,0
2024-09-05T18:00:00Z,1021.5,1024.75,1021.25,1024.25,0
2024-09-06T00:00:00Z,1022.0,1024.0,1020.75,1021.25,0
2024-09-06T01:00:00Z,1021.0,1024.0,1019.75,1023.0,0
2024-09-06T02:00:00Z,1023.25,1023.25,1021.0,1021.75,0
2024-09-06T03:00:00Z,1021.75,1021.75,1019.75,1020.25,0
2024-09-06T04:00:00Z,1020.25,1020.25,1019.5,1019.5,0
2024-09-06T05:00:00Z,1019.5,1019.75,1018.0,1018.5,0
2024-09-06T06:00:00Z,1018.25,1022.5,1017.75,1022.5,0
2024-09-06T07:00:00Z,1022.5,1022.5,1021.0,1021.75,0
2024-09-06T08:00:00Z,1021.75,1022.0,1020.25,1021.0,0
2024-09-06T09:00:00Z,1021.0,1022.25,1020.5,1021.75,0
2024-09-06T10:00:00Z,1022.0,1022.5,1019.5,1019.75,0
2024-09-06T11:00:00Z,1019.25,1020.5,1018.75,1019.5,0
2024-09-06T12:00:00Z,1019.25,1026.5,1018.5,1025.75,0
2024-09-06T13:00:00Z,1025.0,1031.25,1025.0,1026.5,0
2024-09-06T14:00:00Z,1026.5,1027.25,1012.0,1012.0,0
2024-09-06T15:00:00Z,1012.0,1014.75,1007.0,1009.25,0
2024-09-06T16:00:00Z,1009.25,1011.5,1007.75,1010.0,0
2024-09-06T17:00:00Z,1010.0,1010.25,1005.5,1006.25,0
2024-09-06T18:00:00Z,1006.0,1006.75,1003.5,1004.5,0
2024-09-09T00:00:00Z,1002.25,1007.75,1001.75,1006.25,0
2024-09-09T01:00:00Z,1006.25,1007.75,1002.5,1003.5,0
2024-09-09T02:00:00Z,1003.5,1005.75,1002.5,1002.5,0
2024-09-09T03:00:00Z,1002.5,1003.5,1002.5,1003.0,0
2024-09-09T04:00:00Z,1003.0,1003.5,1003.0,1003.25,0
2024-09-09T05:00:00Z,1003.5,1005.25,1002.5,1003.75,0
2024-09-09T06:00:00Z,1003.75,1009.5,1003.75,1009.0,0
2024-09-09T07:00:00Z,1009.0,1009.75,1008.25,1008.75,0
2024-09-09T08:00:00Z,1008.5,1009.75,1007.75,1008.25,0
2024-09-09T09:00:00Z,1008.25,1011.75,1008.0,1011.0,0
2024-09-09T10:00:00Z,1011.0,1011.25,1009.0,1009.5,0
2024-09-09T11:00:00Z,1009.5,1015.25,1009.5,1015.0,0
2024-09-09T12:00:00Z,1015.0,1015.0,1012.25,1013.5,0
2024-09-09T13:00:00Z,1013.25,1020.25,1012.25,1017.75,0
2024-09-09T14:00:00Z,1017.75,1019.25,1014.5,1018.25,0
2024-09-09T15:00:00Z,1018.25,1020.0,1017.5,1018.75,0
2024-09-09T16:00:00Z,1018.75,1019.5,1015.75,1017.0,0
2024-09-09T17:00:00Z,1017.0,1018.25,1015.0,1017.25,0
2024-09-09T18:00:00Z,1017.5,1018.75,1017.0,1018.75,0
2024-09-10T00:00:00Z,1017.25,1017.25,1013.75,1014.25,0
2024-09-10T01:00:00Z,1014.5,1018.75,1014.25,1014.5,0
2024-09-10T02:00:00Z,1014.5,1015.25,1012.75,1013.25,0
2024-09-10T03:00:00Z,1013.25,1014.75,1013.0,1013.75,0
2024-09-10T04:00:00Z,1013.75,1014.0,1013.25,1013.75,0
2024-09-10T05:00:00Z,1013.75,1014.25,1010.5,1010.75,0
2024-09-10T06:00:00Z,1011.0,1012.0,1008.25,1008.5,0
2024-09-10T07:00:00Z,1008.5,1009.5,1007.25,1008.0,0
2024-09-10T08:00:00Z,1008.0,1008.75,1006.0,1007.25,0
2024-09-10T09:00:00Z,1007.0,1007.0,1005.5,1005.75,0
2024-09-10T10:00:00Z,1005.75,1006.75,1005.5,1005.75,0
2024-09-10T11:00:00Z,1005.5,1008.0,1004.5,1007.5,0
2024-09-10T12:00:00Z,1007.75,1009.0,1005.25,1005.5,0
2024-09-10T13:00:00Z,1005.75,1006.0,998.5,1000.25,0
2024-09-10T14:00:00Z,1000.5,1002.0,996.5,1000.25,0
2024-09-10T15:00:00Z,1000.25,1002.25,999.0,999.75,0
2024-09-10T16:00:00Z,999.75,999.75,996.0,996.0,0
2024-09-10T17:00:00Z,996.0,999.0,995.75,998.25,0
2024-09-10T18:00:00Z,998.5,998.5,995.75,997.25,0
2024-09-11T00:00:00Z,996.5,999.75,995.75,999.5,0
2024-09-11T01:00:00Z,999.25,1003.0,997.25,1001.25,0
2024-09-11T02:00:00Z,1001.0,1002.25,1000.5,1001.5,0
2024-09-11T03:00:00Z,1001.5,1002.5,1000.75,1000.75,0
2024-09-11T04:00:00Z,1000.75,1002.25,1000.75,1002.25,0
2024-09-11T05:00:00Z,1002.25,1006.5,1001.75,1006.0,0
2024-09-11T06:00:00Z,1005.75,1008.0,1004.5,1007.25,0
2024-09-11T07:00:00Z,1007.0,1007.5,1005.25,1006.5,0
2024-09-11T08:00:00Z,1006.5,1007.5,1005.0,1007.25,0
2024-09-11T09:00:00Z,1007.25,1008.0,1006.0,1006.0,0
2024-09-11T10:00:00Z,1006.5,1007.5,1005.75,1006.25,0
2024-09-11T11:00:00Z,1006.5,1007.0,1004.0,1004.5,0
2024-09-11T12:00:00Z,1004.25,1006.5,1003.75,1004.25,0
2024-09-11T13:00:00Z,1003.5,1005.25,997.5,997.75,0
2024-09-11T14:00:00Z,997.75,998.75,995.5,998.25,0
2024-09-11T15:00:00Z,998.25,1002.0,998.25,1001.75,0
2024-09-11T16:00:00Z,1001.75,1005.5,1001.5,1002.5,0
2024-09-11T17:00:00Z,1002.75,1003.5,998.75,1000.75,0
2024-09-11T18:00:00Z,1000.75,1001.25,999.75,1000.75,0
2024-09-12T00:00:00Z,1001.0,1002.0,998.75,1001.75,0
2024-09-12T01:00:00Z,1001.75,1003.0,1001.0,1001.5,0
2024-09-12T02:00:00Z,1001.5,1002.0,998.5,1001.5,0
2024-09-12T03:00:00Z,1001.25,1003.5,1001.25,1002.5,0
2024-09-12T04:00:00Z,1002.5,1003.0,1002.25,1002.75,0
2024-09-12T05:00:00Z,1002.75,1005.5,1002.5,1003.0,0
2024-09-12T06:00:00Z,1002.75,1004.5,1002.5,1004.25,0
2024-09-12T07:00:00Z,1004.25,1005.0,1003.5,1004.25,0
2024-09-12T08:00:00Z,1004.5,1006.75,1004.0,1006.25,0
2024-09-12T09:00:00Z,1006.25,1007.0,1004.75,1005.75,0
2024-09-12T10:00:00Z,1005.75,1006.75,1005.25,1006.75,0
2024-09-12T11:00:00Z,1006.75,1008.75,1006.25,1008.75,0
2024-09-12T12:00:00Z,1008.75,1009.25,1005.75,1006.5,0
2024-09-12T13:00:00Z,1004.75,1008.0,1004.0,1005.0,0
2024-09-12T14:00:00Z,1005.25,1009.0,1004.75,1007.5,0
2024-09-12T15:00:00Z,1007.75,1009.75,1006.25,1008.0,0
2024-09-12T16:00:00Z,1008.25,1017.25,997.25,1006.5,0
2024-09-12T17:00:00Z,1006.5,1011.25,1005.75,1008.75,0
2024-09-12T18:00:00Z,1008.75,1012.75,1008.25,1011.75,0
2024-09-13T00:00:00Z,1011.5,1015.25,1011.25,1014.5,0
2024-09-13T01:00:00Z,1014.25,1020.75,1014.25,1018.75,0
2024-09-13T02:00:00Z,1018.5,1018.5,1013.75,1014.25,0
2024-09-13T03:00:00Z,1014.25,1014.5,1011.5,1012.75,0
2024-09-13T04:00:00Z,1012.75,1013.25,1012.0,1012.5,0
2024-09-13T05:00:00Z,1012.75,1013.75,1011.75,1013.0,0
2024-09-13T06:00:00Z,1013.0,1014.75,1012.25,1014.75,0
2024-09-13T07:00:00Z,1014.5,1014.5,1013.0,1014.25,0
2024-09-13T08:00:00Z,1014.25,1014.5,1012.5,1014.25,0
2024-09-13T09:00:00Z,1014.25,1016.25,1013.5,1013.5,0
2024-09-13T10:00:00Z,1013.75,1014.5,1013.0,1013.75,0
2024-09-13T11:00:00Z,1014.0,1016.0,1013.75,1015.75,0
2024-09-13T12:00:00Z,1015.5,1020.25,1015.5,1018.5,0
2024-09-13T13:00:00Z,1017.5,1021.0,1011.25,1015.0,0
2024-09-13T14:00:00Z,1014.75,1015.0,1008.5,1009.5,0
2024-09-13T15:00:00Z,1009.5,1010.5,1004.0,1005.5,0
2024-09-13T16:00:00Z,1005.5,1007.75,1002.25,1005.75,0
2024-09-13T17:00:00Z,1005.5,1006.25,1003.25,1006.0,0
2024-09-13T18:00:00Z,1006.25,1007.75,1005.25,1006.5,0
2024-09-16T00:00:00Z,1005.0,1008.5,1002.25,1003.25,0
2024-09-16T01:00:00Z,1003.25,1003.75,1001.0,1001.0,0
2024-09-16T02:00:00Z,1001.25,1002.75,1000.5,1001.5,0
2024-09-16T03:00:00Z,1001.5,1001.75,1001.0,1001.0,0
2024-09-16T04:00:00Z,1001.25,1001.75,1000.75,1000.75,0
2024-09-16T05:00:00Z,1000.75,1002.0,1000.75,1000.75,0
2024-09-16T06:00:00Z,1001.0,1001.75,1000.5,1001.0,0
2024-09-16T07:00:00Z,1001.25,1001.25,999.0,999.75,0
2024-09-16T08:00:00Z,999.75,1003.0,999.5,1002.75,0
2024-09-16T09:00:00Z,1002.75,1005.0,1002.5,1005.0,0
2024-09-16T10:00:00Z,1005.0,1006.5,1004.25,1004.25,0
2024-09-16T11:00:00Z,1004.25,1006.25,1004.0,1004.75,0
2024-09-16T12:00:00Z,1005.0,1007.25,1004.0,1004.5,0
2024-09-16T13:00:00Z,1004.5,1012.0,1004.25,1008.25,0
2024-09-16T14:00:00Z,1008.25,1009.75,1003.5,1009.75,0
2024-09-16T15:00:00Z,1009.75,1010.0,1003.5,1004.25,0
2024-09-16T16:00:00Z,1004.5,1005.5,1001.5,1001.5,0
2024-09-16T17:00:00Z,1001.5,1008.5,1001.0,1008.5,0
2024-09-16T18:00:00Z,1008.5,1008.5,1003.5,1004.5,0
2024-09-17T00:00:00Z,1003.75,1004.25,1002.75,1003.5,0
2024-09-17T01:00:00Z,1003.75,1005.75,1003.25,1005.25,0
2024-09-17T02:00:00Z,1005.25,1005.5,1004.5,1005.0,0
2024-09-17T03:00:00Z,1004.75,1005.0,1004.25,1004.75,0
2024-09-17T04:00:00Z,1004.5,1006.0,1004.5,1005.5,0
2024-09-17T05:00:00Z,1005.5,1007.0,1005.25,1006.5,0
2024-09-17T06:00:00Z,1006.5,1006.5,1005.5,1005.5,0
2024-09-17T07:00:00Z,1005.5,1006.0,1004.75,1005.25,0
2024-09-17T08:00:00Z,1005.0,1006.75,1004.5,1004.5,0
2024-09-17T09:00:00Z,1004.75,1005.5,1004.25,1004.25,0
2024-09-17T10:00:00Z,1004.5,1005.25,1002.0,1002.75,0
2024-09-17T11:00:00Z,1002.75,1007.0,1002.5,1006.75,0
2024-09-17T12:00:00Z,1006.5,1009.0,1006.0,1008.25,0
2024-09-17T13:00:00Z,1008.25,1011.0,1007.25,1008.75,0
2024-09-17T14:00:00Z,1009.0,1010.5,1006.25,1009.0,0
2024-09-17T15:00:00Z,1009.0,1009.25,1004.25,1007.25,0
2024-09-17T16:00:00Z,1007.25,1007.5,1003.5,1003.75,0
2024-09-17T17:00:00Z,1003.75,1004.75,1002.75,1004.5,0
2024-09-17T18:00:00Z,1004.5,1008.0,1004.0,1007.25,0
2024-09-18T00:00:00Z,1007.0,1009.5,1007.0,1008.5,0
2024-09-18T01:00:00Z,1009.0,1021.5,1009.0,1019.5,0
2024-09-18T02:00:00Z,1019.75,1021.0,1018.75,1019.0,0
2024-09-18T03:00:00Z,1019.0,1021.5,1019.0,1019.5,0
2024-09-18T04:00:00Z,1019.75,1020.25,1018.75,1019.0,0
2024-09-18T05:00:00Z,1019.0,1021.25,1018.5,1021.0,0
2024-09-18T06:00:00Z,1021.0,1022.0,1018.25,1019.75,0
2024-09-18T07:00:00Z,1019.75,1020.0,1018.25,1018.75,0
2024-09-18T08:00:00Z,1018.75,1018.75,1017.5,1017.75,0
2024-09-18T09:00:00Z,1018.0,1018.75,1017.5,1018.75,0
2024-09-18T10:00:00Z,1018.75,1020.0,1017.75,1018.0,0
2024-09-18T11:00:00Z,1018.0,1021.0,1018.0,1020.75,0
2024-09-18T12:00:00Z,1021.0,1021.5,1015.5,1016.25,0
2024-09-18T13:00:00Z,1017.0,1020.25,1015.75,1017.25,0
2024-09-18T14:00:00Z,1017.25,1021.0,1013.75,1014.25,0
2024-09-18T15:00:00Z,1014.0,1015.0,1006.25,1008.0,0
2024-09-18T16:00:00Z,1008.25,1011.0,1007.0,1009.5,0
2024-09-18T17:00:00Z,1009.5,1013.25,1009.0,1013.25,0
2024-09-18T18:00:00Z,1013.25,1016.0,1013.0,1015.0,0
2024-09-19T00:00:00Z,1015.0,1017.75,1010.25,1011.25,0
2024-09-19T01:00:00Z,1011.25,1011.5,1006.75,1008.0,0
2024-09-19T02:00:00Z,1008.0,1009.5,1007.25,1008.5,0
2024-09-19T03:00:00Z,1008.5,1011.5,1008.25,1011.25,0
2024-09-19T04:00:00Z,1011.0,1011.5,1010.0,1010.75,0
2024-09-19T05:00:00Z,1010.5,1012.0,1009.5,1009.75,0
2024-09-19T06:00:00Z,1009.75,1012.0,1009.25,1011.25,0
2024-09-19T07:00:00Z,1011.0,1016.75,1010.5,1015.25,0
2024-09-19T08:00:00Z,1015.5,1015.5,1013.0,1014.25,0
2024-09-19T09:00:00Z,1014.25,1014.75,1011.0,1011.0,0
2024-09-19T10:00:00Z,1011.25,1011.75,1007.5,1007.75,0
2024-09-19T11:00:00Z,1008.0,1009.25,1007.0,1009.25,0
2024-09-19T12:00:00Z,1009.0,1015.75,1008.25,1015.5,0
2024-09-19T13:00:00Z,1015.25,1018.25,1011.25,1016.75,0
2024-09-19T14:00:00Z,1017.0,1017.25,1009.0,1010.75,0
2024-09-19T15:00:00Z,1010.75,1014.75,1009.75,1014.75,0
2024-09-19T16:00:00Z,1014.75,1016.75,1014.5,1014.75,0
2024-09-19T17:00:00Z,1015.0,1015.5,1012.75,1013.5,0
2024-09-19T18:00:00Z,1013.5,1014.0,1012.5,1013.25,0
2024-09-20T00:00:00Z,1012.5,1017.25,1011.75,1016.0,0
2024-09-20T01:00:00Z,1016.0,1016.25,1013.25,1014.25,0
2024-09-20T02:00:00Z,1014.0,1017.0,1014.0,1016.0,0
2024-09-20T03:00:00Z,1016.25,1017.25,1015.75,1016.0,0
2024-09-20T04:00:00Z,1016.25,1016.5,1015.75,1016.0,0
2024-09-20T05:00:00Z,1016.0,1017.5,1014.25,1017.5,0
2024-09-20T06:00:00Z,1017.5,1018.0,1016.75,1017.75,0
2024-09-20T07:00:00Z,1017.75,1018.75,1017.0,1018.5,0
2024-09-20T08:00:00Z,1018.5,1019.0,1017.75,1018.25,0
2024-09-20T09:00:00Z,1018.25,1018.75,1016.25,1016.75,0
2024-09-20T10:00:00Z,1016.75,1016.75,1015.0,1015.5,0
2024-09-20T11:00:00Z,1015.5,1016.5,1011.25,1011.25,0
2024-09-20T12:00:00Z,1011.0,1011.0,1006.25,1006.5,0
2024-09-20T13:00:00Z,1006.25,1007.0,1001.25,1003.25,0
2024-09-20T14:00:00Z,1003.5,1006.75,1002.0,1005.0,0
2024-09-20T15:00:00Z,1005.0,1008.75,1003.5,1007.5,0
2024-09-20T16:00:00Z,1007.75,1014.0,1007.5,1013.0,0
2024-09-20T17:00:00Z,1012.75,1014.25,1010.5,1014.0,0
2024-09-20T18:00:00Z,1014.0,1014.25,1011.75,1013.5,0
2024-09-23T00:00:00Z,1012.0,1018.25,1012.0,1017.5,0
2024-09-23T01:00:00Z,1017.5,1019.5,1016.5,1017.25,0
2024-09-23T02:00:00Z,1017.0,1018.75,1015.75,1018.25,0
2024-09-23T03:00:00Z,1018.25,1022.5,1018.25,1022.0,0
2024-09-23T04:00:00Z,1021.75,1022.75,1021.5,1022.25,0
2024-09-23T05:00:00Z,1022.5,1024.75,1021.75,1022.25,0
2024-09-23T06:00:00Z,1022.25,1022.5,1018.5,1018.5,0
2024-09-23T07:00:00Z,1018.5,1021.0,1018.5,1021.0,0
2024-09-23T08:00:00Z,1021.0,1021.75,1020.25,1021.75,0
2024-09-23T09:00:00Z,1021.75,1024.25,1021.25,1022.5,0
2024-09-23T10:00:00Z,1022.5,1025.75,1022.5,1024.75,0
2024-09-23T11:00:00Z,1024.75,1026.5,1024.0,1025.75,0
2024-09-23T12:00:00Z,1026.0,1027.25,1023.75,1026.25,0
2024-09-23T13:00:00Z,1025.25,1041.75,1024.75,1039.0,0
2024-09-23T14:00:00Z,1039.0,1041.75,1032.75,1035.0,0
2024-09-23T15:00:00Z,1035.0,1037.75,1033.25,1037.25,0
2024-09-23T16:00:00Z,1037.25,1038.75,1033.25,1034.5,0
2024-09-23T17:00:00Z,1034.75,1039.5,1034.25,1038.25,0
2024-09-23T18:00:00Z,1038.25,1040.25,1036.75,1039.0,0
2024-09-24T00:00:00Z,1037.0,1038.0,1035.0,1036.5,0
2024-09-24T01:00:00Z,1036.25,1038.25,1035.5,1035.75,0
2024-09-24T02:00:00Z,1035.5,1035.5,1032.75,1034.0,0
2024-09-24T03:00:00Z,1033.75,1035.25,1033.5,1034.5,0
2024-09-24T04:00:00Z,1034.5,1035.0,1034.0,1035.0,0
2024-09-24T05:00:00Z,1034.75,1037.0,1034.75,1035.5,0
2024-09-24T06:00:00Z,1035.25,1038.75,1035.0,1038.5,0
2024-09-24T07:00:00Z,1038.5,1040.0,1038.0,1039.75,0
2024-09-24T08:00:00Z,1039.75,1040.5,1037.75,1039.0,0
2024-09-24T09:00:00Z,1039.0,1042.5,1038.75,1042.25,0
2024-09-24T10:00:00Z,1042.25,1044.5,1042.25,1044.0,0
2024-09-24T11:00:00Z,1044.0,1044.75,1042.25,1044.5,0
2024-09-24T12:00:00Z,1044.75,1053.25,1044.25,1053.0,0
2024-09-24T13:00:00Z,1052.25,1058.25,1049.5,1056.0,0
2024-09-24T14:00:00Z,1056.0,1057.25,1050.25,1050.75,0
2024-09-24T15:00:00Z,1051.0,1051.25,1041.5,1042.0,0
2024-09-24T16:00:00Z,1042.0,1046.75,1041.5,1042.5,0
2024-09-24T17:00:00Z,1042.5,1043.75,1038.75,1041.75,0
2024-09-24T18:00:00Z,1042.0,1043.75,1040.25,1042.75,0
2024-09-25T00:00:00Z,1042.0,1042.5,1037.25,1040.5,0
2024-09-25T01:00:00Z,1040.5,1046.0,1036.75,1039.75,0
2024-09-25T02:00:00Z,1039.75,1040.75,1038.25,1040.5,0
2024-09-25T03:00:00Z,1040.25,1040.75,1038.25,1038.75,0
2024-09-25T04:00:00Z,1038.75,1039.0,1038.0,1038.75,0
2024-09-25T05:00:00Z,1038.75,1040.0,1036.5,1037.0,0
2024-09-25T06:00:00Z,1036.75,1037.5,1035.5,1035.5,0
2024-09-25T07:00:00Z,1035.75,1037.0,1034.0,1035.25,0
2024-09-25T08:00:00Z,1035.25,1039.25,1034.75,1037.5,0
2024-09-25T09:00:00Z,1037.25,1038.25,1034.0,1035.0,0
2024-09-25T10:00:00Z,1035.0,1035.25,1031.75,1033.5,0
2024-09-25T11:00:00Z,1033.5,1034.0,1031.5,1032.75,0
2024-09-25T12:00:00Z,1032.75,1034.5,1031.25,1034.25,0
2024-09-25T13:00:00Z,1034.75,1042.0,1034.0,1041.25,0
2024-09-25T14:00:00Z,1041.25,1047.25,1038.75,1045.75,0
2024-09-25T15:00:00Z,1046.0,1049.0,1041.75,1043.5,0
2024-09-25T16:00:00Z,1043.5,1049.5,1043.5,1049.0,0
2024-09-25T17:00:00Z,1049.0,1053.75,1045.75,1053.25,0
2024-09-25T18:00:00Z,1053.25,1054.5,1051.75,1053.25,0
2024-09-26T00:00:00Z,1051.75,1053.75,1050.5,1052.0,0
2024-09-26T01:00:00Z,1052.0,1056.5,1050.75,1056.5,0
2024-09-26T02:00:00Z,1056.5,1057.0,1054.0,1054.5,0
2024-09-26T03:00:00Z,1054.5,1055.75,1054.25,1055.25,0
2024-09-26T04:00:00Z,1055.5,1055.75,1055.0,1055.0,0
2024-09-26T05:00:00Z,1055.0,1059.5,1054.25,1058.5,0
2024-09-26T06:00:00Z,1058.5,1059.0,1052.25,1056.5,0
2024-09-26T07:00:00Z,1056.25,1057.25,1056.25,1057.25,0
2024-09-26T08:00:00Z,1057.0,1057.0,1053.25,1053.5,0
2024-09-26T09:00:00Z,1053.25,1057.25,1052.75,1056.75,0
2024-09-26T10:00:00Z,1056.5,1061.75,1056.25,1059.5,0
2024-09-26T11:00:00Z,1059.75,1061.75,1058.0,1061.5,0
2024-09-26T12:00:00Z,1061.5,1064.75,1059.0,1059.5,0
2024-09-26T13:00:00Z,1059.5,1061.75,1053.25,1055.75,0
2024-09-26T14:00:00Z,1056.25,1063.75,1056.0,1061.25,0
2024-09-26T15:00:00Z,1061.25,1062.25,1051.0,1051.0,0
2024-09-26T16:00:00Z,1051.25,1051.25,1043.75,1045.25,0
2024-09-26T17:00:00Z,1045.0,1046.25,1041.25,1042.25,0
2024-09-26T18:00:00Z,1042.25,1043.0,1039.75,1040.25,0
2024-09-27T00:00:00Z,1039.75,1039.75,1034.25,1035.0,0
2024-09-27T01:00:00Z,1034.75,1040.0,1034.75,1039.25,0
2024-09-27T02:00:00Z,1039.25,1042.75,1038.75,1042.5,0
2024-09-27T03:00:00Z,1042.5,1045.0,1042.25,1042.75,0
2024-09-27T04:00:00Z,1043.0,1044.5,1043.0,1044.5,0
2024-09-27T05:00:00Z,1044.0,1044.75,1042.0,1043.25,0
2024-09-27T06:00:00Z,1043.25,1045.0,1043.25,1044.75,0
2024-09-27T07:00:00Z,1044.5,1047.0,1043.75,1046.5,0
2024-09-27T08:00:00Z,1046.5,1047.5,1044.5,1046.5,0
2024-09-27T09:00:00Z,1046.25,1047.25,1041.75,1044.5,0
2024-09-27T10:00:00Z,1044.5,1045.5,1043.5,1044.25,0
2024-09-27T11:00:00Z,1044.0,1044.25,1039.0,1044.25,0
2024-09-27T12:00:00Z,1044.0,1046.0,1040.5,1041.5,0
2024-09-27T13:00:00Z,1041.0,1046.25,1039.5,1044.25,0
2024-09-27T14:00:00Z,1044.25,1053.25,1044.0,1052.0,0
2024-09-27T15:00:00Z,1052.0,1057.5,1050.5,1054.75,0
2024-09-27T16:00:00Z,1055.0,1069.5,1055.0,1065.5,0
2024-09-27T17:00:00Z,1065.5,1069.25,1061.5,1062.75,0
2024-09-27T18:00:00Z,1063.0,1066.75,1062.5,1066.0,0
2024-09-30T00:00:00Z,1060.25,1061.75,1054.0,1054.75,0
2024-09-30T01:00:00Z,1054.75,1058.75,1052.0,1053.25,0
2024-09-30T02:00:00Z,1053.25,1054.5,1052.25,1053.0,0
2024-09-30T03:00:00Z,1053.0,1054.0,1052.25,1052.5,0
2024-09-30T04:00:00Z,1052.5,1054.5,1052.0,1053.5,0
2024-09-30T05:00:00Z,1053.5,1057.25,1052.5,1056.75,0
2024-09-30T06:00:00Z,1056.5,1060.75,1055.5,1057.5,0
2024-09-30T07:00:00Z,1057.5,1058.25,1053.0,1053.25,0
2024-09-30T08:00:00Z,1053.5,1057.25,1053.0,1056.75,0
2024-09-30T09:00:00Z,1056.75,1057.0,1054.25,1054.5,0
2024-09-30T10:00:00Z,1054.5,1056.75,1054.25,1056.5,0
2024-09-30T11:00:00Z,1056.25,1060.0,1056.25,1059.5,0
2024-09-30T12:00:00Z,1059.5,1064.0,1057.0,1058.0,0
2024-09-30T13:00:00Z,1058.0,1062.5,1057.75,1061.25,0
2024-09-30T14:00:00Z,1061.25,1065.0,1059.0,1063.0,0
2024-09-30T15:00:00Z,1062.75,1064.75,1061.5,1063.25,0
2024-09-30T16:00:00Z,1063.25,1069.75,1058.5,1069.0,0
2024-09-30T17:00:00Z,1069.0,1069.75,1058.5,1059.0,0
2024-09-30T18:00:00Z,1059.0,1061.25,1056.25,1056.75,0
2024-10-01T00:00:00Z,1055.75,1056.0,1049.5,1051.5,0
2024-10-01T01:00:00Z,1051.5,1052.0,1049.5,1049.75,0
2024-10-01T02:00:00Z,1049.5,1049.5,1047.25,1048.0,0
2024-10-01T03:00:00Z,1048.0,1050.0,1047.25,1049.75,0
2024-10-01T04:00:00Z,1049.75,1051.0,1049.25,1050.75,0
2024-10-01T05:00:00Z,1050.75,1052.0,1049.5,1049.75,0
2024-10-01T06:00:00Z,1049.5,1050.25,1047.75,1047.75,0
2024-10-01T07:00:00Z,1047.75,1048.25,1045.0,1045.25,0
2024-10-01T08:00:00Z,1045.25,1046.75,1045.25,1046.0,0
2024-10-01T09:00:00Z,1046.0,1046.75,1045.0,1045.25,0
2024-10-01T10:00:00Z,1045.5,1053.25,1045.5,1053.0,0
2024-10-01T11:00:00Z,1052.75,1053.0,1047.75,1049.5,0
2024-10-01T12:00:00Z,1049.5,1051.75,1046.25,1046.25,0
2024-10-01T13:00:00Z,1046.25,1056.0,1046.0,1055.5,0
2024-10-01T14:00:00Z,1055.75,1058.75,1050.5,1055.75,0
2024-10-01T15:00:00Z,1056.0,1060.75,1052.75,1058.0,0
2024-10-01T16:00:00Z,1058.0,1064.0,1054.75,1062.75,0
2024-10-01T17:00:00Z,1062.75,1065.5,1058.0,1058.75,0
2024-10-01T18:00:00Z,1059.0,1060.0,1055.75,1056.5,0
2024-10-02T00:00:00Z,1055.0,1056.75,1054.0,1056.25,0
2024-10-02T01:00:00Z,1056.5,1059.75,1056.25,1059.0,0
2024-10-02T02:00:00Z,1059.0,1060.0,1058.0,1059.0,0
2024-10-02T03:00:00Z,1059.0,1059.75,1058.75,1059.0,0
2024-10-02T04:00:00Z,1058.75,1060.0,1058.5,1059.5,0
2024-10-02T05:00:00Z,1059.5,1060.75,1059.5,1060.5,0
2024-10-02T06:00:00Z,1060.5,1063.0,1060.0,1062.5,0
2024-10-02T07:00:00Z,1062.25,1063.75,1061.25,1062.0,0
2024-10-02T08:00:00Z,1062.0,1062.5,1059.75,1062.25,0
2024-10-02T09:00:00Z,1062.0,1063.75,1060.75,1062.0,0
2024-10-02T10:00:00Z,1062.0,1063.75,1051.25,1051.75,0
2024-10-02T11:00:00Z,1052.0,1056.25,1050.0,1051.0,0
2024-10-02T12:00:00Z,1051.0,1051.75,1042.5,1045.75,0
2024-10-02T13:00:00Z,1045.5,1055.0,1043.5,1049.5,0
2024-10-02T14:00:00Z,1049.5,1052.25,1044.5,1049.5,0
2024-10-02T15:00:00Z,1049.5,1053.75,1049.0,1052.25,0
2024-10-02T16:00:00Z,1052.5,1056.0,1050.75,1054.5,0
2024-10-02T17:00:00Z,1054.5,1059.25,1054.25,1058.25,0
2024-10-02T18:00:00Z,1058.5,1058.75,1054.75,1054.75,0
2024-10-03T00:00:00Z,1053.75,1054.5,1051.5,1053.5,0
2024-10-03T01:00:00Z,1053.5,1054.0,1050.5,1051.5,0
2024-10-03T02:00:00Z,1051.5,1051.75,1050.5,1050.5,0
2024-10-03T03:00:00Z,1050.5,1050.75,1048.5,1049.25,0
2024-10-03T04:00:00Z,1049.25,1050.75,1049.25,1050.0,0
2024-10-03T05:00:00Z,1050.0,1050.5,1048.75,1049.0,0
2024-10-03T06:00:00Z,1049.0,1050.5,1048.75,1050.25,0
2024-10-03T07:00:00Z,1050.0,1051.0,1047.25,1047.5,0
2024-10-03T08:00:00Z,1047.5,1048.25,1046.25,1047.0,0
2024-10-03T09:00:00Z,1047.0,1048.75,1046.25,1048.0,0
2024-10-03T10:00:00Z,1048.25,1049.5,1047.25,1049.25,0
2024-10-03T11:00:00Z,1049.25,1049.25,1046.0,1046.25,0
2024-10-03T12:00:00Z,1046.25,1046.25,1041.75,1044.25,0
2024-10-03T13:00:00Z,1044.0,1048.25,1041.75,1043.5,0
2024-10-03T14:00:00Z,1043.5,1050.5,1043.25,1048.0,0
2024-10-03T15:00:00Z,1048.25,1049.5,1046.75,1048.75,0
2024-10-03T16:00:00Z,1048.75,1056.25,1048.5,1055.25,0
2024-10-03T17:00:00Z,1055.5,1055.75,1046.75,1047.25,0
2024-10-03T18:00:00Z,1047.5,1047.75,1045.0,1046.75,0
2024-10-04T00:00:00Z,1045.0,1048.0,1044.0,1047.75,0
2024-10-04T01:00:00Z,1048.0,1048.0,1044.75,1045.75,0
2024-10-04T02:00:00Z,1045.75,1046.75,1045.0,1046.5,0
2024-10-04T03:00:00Z,1046.5,1048.0,1046.25,1048.0,0
2024-10-04T04:00:00Z,1047.75,1049.5,1047.5,1048.5,0
2024-10-04T05:00:00Z,1048.5,1048.75,1047.75,1047.75,0
2024-10-04T06:00:00Z,1047.75,1049.25,1046.5,1046.5,0
2024-10-04T07:00:00Z,1046.5,1050.0,1046.25,1049.5,0
2024-10-04T08:00:00Z,1049.5,1050.5,1047.25,1050.25,0
2024-10-04T09:00:00Z,1050.25,1052.0,1049.5,1049.5,0
2024-10-04T10:00:00Z,1049.75,1055.25,1049.5,1053.5,0
2024-10-04T11:00:00Z,1053.75,1054.25,1049.75,1049.75,0
2024-10-04T12:00:00Z,1049.75,1050.25,1047.25,1047.75,0
2024-10-04T13:00:00Z,1047.75,1052.5,1045.5,1047.5,0
2024-10-04T14:00:00Z,1047.5,1051.0,1041.5,1041.75,0
2024-10-04T15:00:00Z,1041.75,1042.5,1037.75,1041.5,0
2024-10-04T16:00:00Z,1041.5,1043.25,1036.25,1037.75,0
2024-10-04T17:00:00Z,1038.0,1040.75,1036.75,1037.25,0
2024-10-04T18:00:00Z,1037.25,1038.75,1036.75,1037.75,0
2024-10-07T00:00:00Z,1033.5,1033.75,1026.5,1028.25,0
2024-10-07T01:00:00Z,1028.0,1029.25,1027.0,1027.25,0
2024-10-07T02:00:00Z,1027.25,1029.5,1026.75,1028.5,0
2024-10-07T03:00:00Z,1028.5,1029.25,1028.0,1028.25,0
2024-10-07T04:00:00Z,1028.5,1029.5,1028.5,1029.0,0
2024-10-07T05:00:00Z,1029.0,1029.25,1028.25,1028.25,0
2024-10-07T06:00:00Z,1028.25,1030.25,1028.25,1029.75,0
2024-10-07T07:00:00Z,1029.75,1030.25,1029.5,1030.25,0
2024-10-07T08:00:00Z,1030.25,1031.5,1029.0,1031.5,0
2024-10-07T09:00:00Z,1031.5,1031.75,1030.5,1031.0,0
2024-10-07T10:00:00Z,1031.0,1032.25,1030.0,1032.25,0
2024-10-07T11:00:00Z,1032.25,1033.25,1029.75,1032.5,0
2024-10-07T12:00:00Z,1032.25,1035.0,1031.5,1032.0,0
2024-10-07T13:00:00Z,1031.75,1036.25,1031.25,1033.5,0
2024-10-07T14:00:00Z,1033.5,1034.5,1030.75,1032.75,0
2024-10-07T15:00:00Z,1033.0,1039.0,1033.0,1034.5,0
2024-10-07T16:00:00Z,1034.25,1036.5,1034.0,1034.5,0
2024-10-07T17:00:00Z,1034.75,1036.75,1033.75,1036.5,0
2024-10-07T18:00:00Z,1036.5,1036.75,1033.5,1034.75,0
2024-10-08T00:00:00Z,1032.5,1037.25,1031.0,1035.75,0
2024-10-08T01:00:00Z,1036.0,1039.5,1032.5,1034.75,0
2024-10-08T02:00:00Z,1034.75,1035.25,1024.0,1025.25,0
2024-10-08T03:00:00Z,1025.0,1027.75,1025.0,1025.25,0
2024-10-08T04:00:00Z,1025.5,1026.0,1024.5,1025.25,0
2024-10-08T05:00:00Z,1025.25,1026.0,1021.25,1024.0,0
2024-10-08T06:00:00Z,1024.0,1025.25,1023.25,1023.5,0
2024-10-08T07:00:00Z,1023.5,1023.5,1021.5,1023.25,0
2024-10-08T08:00:00Z,1023.25,1024.5,1020.75,1021.0,0
2024-10-08T09:00:00Z,1021.0,1021.5,1016.0,1017.25,0
2024-10-08T10:00:00Z,1017.0,1021.0,1016.25,1020.5,0
2024-10-08T11:00:00Z,1020.25,1020.25,1017.5,1019.5,0
2024-10-08T12:00:00Z,1019.25,1020.0,1017.75,1018.5,0
2024-10-08T13:00:00Z,1020.0,1022.25,1017.0,1019.75,0
2024-10-08T14:00:00Z,1020.0,1021.75,1014.25,1015.75,0
2024-10-08T15:00:00Z,1015.75,1017.25,1014.0,1014.5,0
2024-10-08T16:00:00Z,1014.25,1015.25,1012.0,1012.25,0
2024-10-08T17:00:00Z,1012.5,1019.0,1011.5,1017.0,0
2024-10-08T18:00:00Z,1016.75,1018.0,1015.75,1016.25,0
2024-10-09T00:00:00Z,1015.0,1018.5,1013.75,1018.5,0
2024-10-09T01:00:00Z,1018.5,1022.5,1017.5,1017.75,0
2024-10-09T02:00:00Z,1017.75,1023.75,1017.25,1023.25,0
2024-10-09T03:00:00Z,1023.5,1025.0,1022.0,1024.5,0
2024-10-09T04:00:00Z,1024.5,1025.0,1023.75,1024.75,0
2024-10-09T05:00:00Z,1025.0,1027.25,1024.5,1025.5,0
2024-10-09T06:00:00Z,1025.5,1026.0,1021.0,1021.75,0
2024-10-09T07:00:00Z,1021.75,1022.5,1021.0,1021.75,0
2024-10-09T08:00:00Z,1021.5,1022.0,1020.25,1020.75,0
2024-10-09T09:00:00Z,1020.5,1022.25,1020.25,1021.25,0
2024-10-09T10:00:00Z,1021.25,1022.75,1020.75,1021.25,0
2024-10-09T11:00:00Z,1021.25,1023.75,1019.5,1020.5,0
2024-10-09T12:00:00Z,1020.5,1021.0,1018.0,1018.25,0
2024-10-09T13:00:00Z,1018.0,1018.25,1011.5,1013.75,0
2024-10-09T14:00:00Z,1013.75,1019.25,1012.5,1019.25,0
2024-10-09T15:00:00Z,1019.0,1024.0,1018.0,1022.25,0
2024-10-09T16:00:00Z,1022.5,1023.5,1020.5,1021.25,0
2024-10-09T17:00:00Z,1021.25,1022.0,1018.5,1021.25,0
2024-10-09T18:00:00Z,1021.0,1021.75,1019.75,1021.5,0
2024-10-10T00:00:00Z,1019.75,1024.75,1019.5,1023.75,0
2024-10-10T01:00:00Z,1023.5,1025.5,1022.25,1022.75,0
2024-10-10T02:00:00Z,1022.75,1023.25,1021.0,1021.75,0
2024-10-10T03:00:00Z,1021.75,1025.0,1021.75,1023.5,0
2024-10-10T04:00:00Z,1023.5,1024.25,1023.0,1023.5,0
2024-10-10T05:00:00Z,1023.5,1025.0,1021.75,1021.75,0
2024-10-10T06:00:00Z,1021.75,1025.5,1020.75,1021.5,0
2024-10-10T07:00:00Z,1021.5,1021.5,1020.0,1021.25,0
2024-10-10T08:00:00Z,1021.0,1021.75,1019.5,1019.75,0
2024-10-10T09:00:00Z,1019.75,1021.25,1019.0,1020.5,0
2024-10-10T10:00:00Z,1020.75,1021.25,1020.25,1020.25,0
2024-10-10T11:00:00Z,1020.25,1020.5,1015.75,1016.25,0
2024-10-10T12:00:00Z,1016.25,1019.25,1015.5,1017.25,0
2024-10-10T13:00:00Z,1017.25,1018.5,1013.75,1014.25,0
2024-10-10T14:00:00Z,1014.0,1016.0,1012.75,1014.0,0
2024-10-10T15:00:00Z,1014.25,1017.25,1013.5,1015.25,0
2024-10-10T16:00:00Z,1015.5,1018.5,1014.5,1015.0,0
2024-10-10T17:00:00Z,1014.75,1016.25,1011.75,1015.0,0
2024-10-10T18:00:00Z,1014.75,1015.75,1014.0,1014.25,0
2024-10-11T00:00:00Z,1014.5,1019.75,1014.5,1018.5,0
2024-10-11T01:00:00Z,1018.75,1020.75,1017.5,1018.75,0
2024-10-11T02:00:00Z,1018.5,1021.0,1016.0,1021.0,0
2024-10-11T03:00:00Z,1020.75,1021.0,1017.25,1018.75,0
2024-10-11T04:00:00Z,1018.5,1019.0,1018.0,1018.5,0
2024-10-11T05:00:00Z,1018.5,1020.5,1018.0,1018.75,0
2024-10-11T06:00:00Z,1018.75,1019.0,1015.5,1016.25,0
2024-10-11T07:00:00Z,1016.25,1018.0,1016.0,1017.25,0
2024-10-11T08:00:00Z,1017.25,1019.0,1017.0,1017.25,0
2024-10-11T09:00:00Z,1017.5,1019.25,1017.25,1018.25,0
2024-10-11T10:00:00Z,1018.0,1021.75,1018.0,1021.75,0
2024-10-11T11:00:00Z,1021.75,1022.0,1018.25,1019.25,0
2024-10-11T12:00:00Z,1019.25,1021.0,1017.75,1018.5,0
2024-10-11T13:00:00Z,1018.5,1023.5,1016.75,1020.75,0
2024-10-11T14:00:00Z,1020.75,1022.5,1019.5,1020.5,0
2024-10-11T15:00:00Z,1020.75,1023.75,1019.5,1021.5,0
2024-10-11T16:00:00Z,1021.5,1023.75,1007.25,1010.0,0
2024-10-11T17:00:00Z,1009.75,1010.25,1004.0,1008.0,0
2024-10-11T18:00:00Z,1008.0,1008.25,1004.0,1005.0,0
2024-10-14T00:00:00Z,1002.0,1004.0,998.0,1003.75,0
2024-10-14T01:00:00Z,1003.75,1003.75,999.5,1001.25,0
2024-10-14T02:00:00Z,1001.0,1005.75,998.75,1005.25,0
2024-10-14T03:00:00Z,1005.0,1007.0,1004.75,1005.0,0
2024-10-14T04:00:00Z,1004.75,1005.25,1004.25,1004.5,0
2024-10-14T05:00:00Z,1004.75,1005.5,1002.5,1003.0,0
2024-10-14T06:00:00Z,1002.75,1005.5,1002.5,1003.25,0
2024-10-14T07:00:00Z,1003.5,1003.5,1000.25,1000.25,0
2024-10-14T08:00:00Z,1000.5,1002.75,1000.25,1002.0,0
2024-10-14T09:00:00Z,1002.0,1002.25,1000.5,1001.5,0
2024-10-14T10:00:00Z,1001.5,1002.5,1000.75,1001.0,0
2024-10-14T11:00:00Z,1001.0,1002.5,999.5,1000.75,0
2024-10-14T12:00:00Z,1001.0,1001.75,998.5,999.5,0
2024-10-14T13:00:00Z,1000.25,1008.5,998.25,1007.25,0
2024-10-14T14:00:00Z,1007.0,1008.25,1002.75,1004.5,0
2024-10-14T15:00:00Z,1004.5,1007.25,1001.75,1004.0,0
2024-10-14T16:00:00Z,1004.0,1004.5,1000.25,1000.75,0
2024-10-14T17:00:00Z,1000.5,1001.0,997.0,997.0,0
2024-10-14T18:00:00Z,997.0,997.75,995.5,996.0,0
2024-10-15T00:00:00Z,995.0,996.0,991.0,991.75,0
2024-10-15T01:00:00Z,991.5,993.75,990.75,993.25,0
2024-10-15T02:00:00Z,993.0,994.5,992.0,992.25,0
2024-10-15T03:00:00Z,992.25,992.5,989.0,989.0,0
2024-10-15T04:00:00Z,989.0,989.5,988.25,988.25,0
2024-10-15T05:00:00Z,988.5,988.5,985.25,987.75,0
2024-10-15T06:00:00Z,987.75,990.0,986.75,988.5,0
2024-10-15T07:00:00Z,988.5,989.75,987.25,989.5,0
2024-10-15T08:00:00Z,989.5,990.5,988.75,989.25,0
2024-10-15T09:00:00Z,989.25,989.75,987.5,988.25,0
2024-10-15T10:00:00Z,988.25,988.75,987.0,987.25,0
2024-10-15T11:00:00Z,987.25,990.25,987.25,989.0,0
2024-10-15T12:00:00Z,989.0,989.5,985.75,986.75,0
2024-10-15T13:00:00Z,987.0,989.0,982.5,984.0,0
2024-10-15T14:00:00Z,984.0,986.75,981.0,982.75,0
2024-10-15T15:00:00Z,982.75,990.75,982.0,988.0,0
2024-10-15T16:00:00Z,988.0,993.25,987.25,990.5,0
2024-10-15T17:00:00Z,990.5,993.75,988.5,990.25,0
2024-10-15T18:00:00Z,990.5,993.0,990.25,992.5,0
2024-10-16T00:00:00Z,991.0,997.0,990.0,996.25,0
2024-10-16T01:00:00Z,996.25,998.25,995.75,998.25,0
2024-10-16T02:00:00Z,998.25,999.75,998.0,999.0,0
2024-10-16T03:00:00Z,999.25,999.25,998.0,999.0,0
2024-10-16T04:00:00Z,998.75,999.25,998.5,998.75,0
2024-10-16T05:00:00Z,998.75,999.0,997.25,997.75,0
2024-10-16T06:00:00Z,997.75,998.75,997.0,997.75,0
2024-10-16T07:00:00Z,997.75,999.0,997.25,997.5,0
2024-10-16T08:00:00Z,997.5,998.0,996.0,997.0,0
2024-10-16T09:00:00Z,997.25,999.5,996.75,998.5,0
2024-10-16T10:00:00Z,998.0,998.0,996.25,997.0,0
2024-10-16T11:00:00Z,997.0,998.5,996.75,998.0,0
2024-10-16T12:00:00Z,997.75,999.25,996.5,997.5,0
2024-10-16T13:00:00Z,998.0,1001.0,996.5,999.75,0
2024-10-16T14:00:00Z,999.75,1001.5,987.75,989.25,0
2024-10-16T15:00:00Z,989.0,990.0,982.5,984.0,0
2024-10-16T16:00:00Z,984.0,984.75,981.75,983.75,0
2024-10-16T17:00:00Z,983.75,985.0,981.5,982.25,0
2024-10-16T18:00:00Z,982.25,982.25,978.25,978.25,0
2024-10-17T00:00:00Z,978.75,984.0,978.0,982.5,0
2024-10-17T01:00:00Z,982.75,983.75,981.75,982.25,0
2024-10-17T02:00:00Z,982.5,983.0,977.25,977.5,0
2024-10-17T03:00:00Z,977.75,977.75,975.5,977.0,0
2024-10-17T04:00:00Z,977.0,977.75,976.75,977.5,0
2024-10-17T05:00:00Z,977.25,977.75,976.0,977.0,0
2024-10-17T06:00:00Z,977.0,977.0,973.25,974.0,0
2024-10-17T07:00:00Z,974.25,974.5,973.0,973.25,0
2024-10-17T08:00:00Z,973.25,974.75,973.25,974.25,0
2024-10-17T09:00:00Z,974.25,974.5,971.75,972.0,0
2024-10-17T10:00:00Z,972.0,973.25,970.25,970.75,0
2024-10-17T11:00:00Z,970.75,973.0,970.25,971.75,0
2024-10-17T12:00:00Z,971.5,973.25,969.0,973.0,0
2024-10-17T13:00:00Z,973.75,974.75,969.75,970.5,0
2024-10-17T14:00:00Z,970.75,972.0,968.25,970.25,0
2024-10-17T15:00:00Z,970.0,979.25,969.75,978.75,0
2024-10-17T16:00:00Z,978.5,981.75,975.25,981.5,0
2024-10-17T17:00:00Z,981.5,989.0,979.75,989.0,0
2024-10-17T18:00:00Z,989.25,991.25,988.25,990.0,0
2024-10-18T00:00:00Z,998.5,1004.0,998.5,1002.0,0
2024-10-18T01:00:00Z,1002.0,1003.75,1000.5,1002.25,0
2024-10-18T02:00:00Z,1002.25,1004.25,1001.0,1003.25,0
2024-10-18T03:00:00Z,1003.0,1003.0,998.0,999.5,0
2024-10-18T04:00:00Z,999.75,1001.25,999.75,1001.0,0
2024-10-18T05:00:00Z,1001.0,1002.5,1000.5,1002.0,0
2024-10-18T06:00:00Z,1002.0,1003.75,1000.25,1001.0,0
2024-10-18T07:00:00Z,1001.0,1002.25,999.75,1000.5,0
2024-10-18T08:00:00Z,1000.5,1001.75,999.75,999.75,0
2024-10-18T09:00:00Z,1000.0,1000.25,998.25,998.25,0
2024-10-18T10:00:00Z,998.75,1001.75,998.25,1001.5,0
2024-10-18T11:00:00Z,1001.25,1003.25,1000.25,1002.75,0
2024-10-18T12:00:00Z,1002.75,1003.25,999.25,1000.75,0
2024-10-18T13:00:00Z,1000.75,1003.0,995.5,997.5,0
2024-10-18T14:00:00Z,997.5,998.25,993.0,993.5,0
2024-10-18T15:00:00Z,993.5,994.75,991.0,991.0,0
2024-10-18T16:00:00Z,991.25,993.25,988.5,989.0,0
2024-10-18T17:00:00Z,989.0,990.25,982.75,983.5,0
2024-10-18T18:00:00Z,983.5,985.5,982.25,983.0,0
2024-10-21T00:00:00Z,982.5,988.0,981.75,987.25,0
2024-10-21T01:00:00Z,987.25,988.25,982.25,984.0,0
2024-10-21T02:00:00Z,984.0,989.5,983.75,988.25,0
2024-10-21T03:00:00Z,988.25,989.25,987.75,988.5,0
2024-10-21T04:00:00Z,988.25,988.25,987.0,987.0,0
2024-10-21T05:00:00Z,986.75,987.25,986.5,986.75,0
2024-10-21T06:00:00Z,986.25,988.0,985.5,987.25,0
2024-10-21T07:00:00Z,987.25,989.25,985.75,989.0,0
2024-10-21T08:00:00Z,988.75,990.25,988.0,989.25,0
2024-10-21T09:00:00Z,989.25,990.25,988.25,989.25,0
2024-10-21T10:00:00Z,989.0,990.0,988.75,989.0,0
2024-10-21T11:00:00Z,989.0,990.75,986.0,986.25,0
2024-10-21T12:00:00Z,986.0,986.5,984.5,985.5,0
2024-10-21T13:00:00Z,985.25,992.75,984.0,991.5,0
2024-10-21T14:00:00Z,991.5,993.25,988.5,989.25,0
2024-10-21T15:00:00Z,989.0,990.5,987.75,990.5,0
2024-10-21T16:00:00Z,990.5,991.0,988.5,990.75,0
2024-10-21T17:00:00Z,990.75,991.5,988.0,990.0,0
2024-10-21T18:00:00Z,989.75,991.0,988.75,989.25,0
2024-10-22T00:00:00Z,989.0,991.75,987.75,988.0,0
2024-10-22T01:00:00Z,988.25,991.0,987.5,988.75,0
2024-10-22T02:00:00Z,988.75,990.5,987.0,987.0,0
2024-10-22T03:00:00Z,987.25,989.0,987.25,988.0,0
2024-10-22T04:00:00Z,987.75,988.0,987.5,987.5,0
2024-10-22T05:00:00Z,987.5,988.5,986.75,987.25,0
2024-10-22T06:00:00Z,987.5,988.75,986.75,988.0,0
2024-10-22T07:00:00Z,988.0,988.75,986.75,987.5,0
2024-10-22T08:00:00Z,987.5,989.5,987.0,989.0,0
2024-10-22T09:00:00Z,988.75,991.0,988.25,990.5,0
2024-10-22T10:00:00Z,990.25,991.25,989.75,991.0,0
2024-10-22T11:00:00Z,991.0,991.0,989.0,990.0,0
2024-10-22T12:00:00Z,989.75,989.75,988.0,989.75,0
2024-10-22T13:00:00Z,990.0,996.0,989.25,996.0,0
2024-10-22T14:00:00Z,995.75,1000.75,995.5,997.5,0
2024-10-22T15:00:00Z,997.5,1000.25,995.0,1000.25,0
2024-10-22T16:00:00Z,1000.5,1003.75,998.5,998.5,0
2024-10-22T17:00:00Z,998.5,1000.5,998.0,998.25,0
2024-10-22T18:00:00Z,998.25,1001.5,998.0,1001.25,0
2024-10-23T00:00:00Z,1001.0,1005.5,1000.5,1002.0,0
2024-10-23T01:00:00Z,1002.0,1006.0,1001.0,1003.5,0
2024-10-23T02:00:00Z,1003.75,1004.5,1001.25,1002.0,0
2024-10-23T03:00:00Z,1001.5,1002.5,1001.5,1002.0,0
2024-10-23T04:00:00Z,1001.75,1002.25,1001.25,1001.75,0
2024-10-23T05:00:00Z,1001.75,1002.5,1001.25,1002.0,0
2024-10-23T06:00:00Z,1002.25,1002.5,998.25,999.75,0
2024-10-23T07:00:00Z,999.75,1000.25,998.75,998.75,0
2024-10-23T08:00:00Z,999.0,1000.0,998.5,999.0,0
2024-10-23T09:00:00Z,998.75,999.25,997.5,998.25,0
2024-10-23T10:00:00Z,998.25,998.5,995.25,995.5,0
2024-10-23T11:00:00Z,995.75,996.5,995.0,995.75,0
2024-10-23T12:00:00Z,996.0,996.75,994.25,996.75,0
2024-10-23T13:00:00Z,997.25,1003.0,996.75,1000.75,0
2024-10-23T14:00:00Z,1000.75,1002.75,998.0,999.0,0
2024-10-23T15:00:00Z,998.5,1006.75,997.75,1006.75,0
2024-10-23T16:00:00Z,1006.5,1007.5,1004.25,1006.5,0
2024-10-23T17:00:00Z,1006.5,1007.0,1004.75,1005.0,0
2024-10-23T18:00:00Z,1005.0,1005.5,1004.0,1005.25,0
2024-10-24T00:00:00Z,1005.0,1007.75,1004.25,1007.5,0
2024-10-24T01:00:00Z,1007.5,1008.0,1005.75,1006.5,0
2024-10-24T02:00:00Z,1006.25,1007.5,1005.25,1007.5,0
2024-10-24T03:00:00Z,1007.75,1008.0,1007.0,1007.5,0
2024-10-24T04:00:00Z,1007.25,1007.5,1006.75,1007.25,0
2024-10-24T05:00:00Z,1007.25,1007.25,1005.25,1005.75,0
2024-10-24T06:00:00Z,1005.75,1008.0,1005.5,1007.5,0
2024-10-24T07:00:00Z,1007.5,1010.0,1007.25,1009.0,0
2024-10-24T08:00:00Z,1009.0,1010.75,1009.0,1010.5,0
2024-10-24T09:00:00Z,1010.5,1011.75,1009.75,1011.75,0
2024-10-24T10:00:00Z,1011.75,1012.25,1010.5,1010.75,0
2024-10-24T11:00:00Z,1011.0,1013.0,1010.75,1012.5,0
2024-10-24T12:00:00Z,1012.5,1016.5,1010.75,1015.75,0
2024-10-24T13:00:00Z,1016.25,1018.0,1013.0,1013.5,0
2024-10-24T14:00:00Z,1013.75,1014.0,1006.75,1006.75,0
2024-10-24T15:00:00Z,1006.75,1008.75,1002.5,1008.25,0
2024-10-24T16:00:00Z,1008.0,1010.25,1006.25,1007.25,0
2024-10-24T17:00:00Z,1007.5,1009.75,1004.25,1005.0,0
2024-10-24T18:00:00Z,1005.0,1005.5,1003.25,1005.25,0
2024-10-25T00:00:00Z,1005.0,1005.25,1001.0,1002.0,0
2024-10-25T01:00:00Z,1001.75,1006.0,1001.75,1003.25,0
2024-10-25T02:00:00Z,1003.0,1003.5,1001.5,1001.75,0
2024-10-25T03:00:00Z,1001.75,1003.5,1001.0,1003.25,0
2024-10-25T04:00:00Z,1003.25,1003.5,1001.25,1001.25,0
2024-10-25T05:00:00Z,1001.25,1001.75,1001.0,1001.5,0
2024-10-25T06:00:00Z,1001.75,1001.75,999.25,999.75,0
2024-10-25T07:00:00Z,999.75,1000.25,998.75,999.25,0
2024-10-25T08:00:00Z,999.0,999.5,998.0,998.25,0
2024-10-25T09:00:00Z,998.25,999.0,997.75,998.0,0
2024-10-25T10:00:00Z,998.0,998.0,996.0,996.75,0
2024-10-25T11:00:00Z,996.75,999.25,996.5,999.25,0
2024-10-25T12:00:00Z,999.25,1002.5,999.25,1002.5,0
2024-10-25T13:00:00Z,1002.5,1003.75,998.5,1001.5,0
2024-10-25T14:00:00Z,1001.75,1002.5,995.5,996.25,0
2024-10-25T15:00:00Z,996.0,998.5,994.0,994.75,0
2024-10-25T16:00:00Z,994.75,998.5,994.75,996.75,0
2024-10-25T17:00:00Z,996.75,999.0,996.0,997.75,0
2024-10-25T18:00:00Z,998.0,998.0,996.75,997.75,0
2024-10-28T00:00:00Z,995.25,995.25,986.5,987.25,0
2024-10-28T01:00:00Z,987.25,990.0,986.0,988.5,0
2024-10-28T02:00:00Z,988.5,989.75,987.0,989.25,0
2024-10-28T03:00:00Z,989.0,992.25,989.0,990.5,0
2024-10-28T04:00:00Z,990.25,991.5,990.25,991.25,0
2024-10-28T05:00:00Z,991.0,992.75,989.5,992.0,0
2024-10-28T06:00:00Z,992.25,995.25,992.25,993.25,0
2024-10-28T07:00:00Z,993.0,994.25,992.25,992.25,0
2024-10-28T08:00:00Z,992.5,993.75,991.5,992.25,0
2024-10-28T09:00:00Z,992.25,992.25,990.25,990.25,0
2024-10-28T10:00:00Z,990.25,991.75,990.0,990.5,0
2024-10-28T11:00:00Z,990.5,991.75,990.25,990.75,0
2024-10-28T12:00:00Z,990.5,991.25,989.25,990.0,0
2024-10-28T13:00:00Z,990.75,990.75,986.0,989.0,0
2024-10-28T14:00:00Z,989.0,991.0,987.5,988.75,0
2024-10-28T15:00:00Z,988.75,992.0,987.0,991.75,0
2024-10-28T16:00:00Z,992.0,992.75,989.0,989.0,0
2024-10-28T17:00:00Z,989.0,990.25,986.5,989.5,0
2024-10-28T18:00:00Z,989.25,989.5,985.5,986.75,0
2024-10-29T00:00:00Z,986.75,989.25,986.75,987.25,0
2024-10-29T01:00:00Z,987.25,987.5,985.75,986.5,0
2024-10-29T02:00:00Z,986.5,988.75,986.5,987.0,0
2024-10-29T03:00:00Z,986.75,987.25,985.0,985.0,0
2024-10-29T04:00:00Z,985.0,986.5,985.0,986.25,0
2024-10-29T05:00:00Z,986.25,988.75,985.5,987.75,0
2024-10-29T06:00:00Z,988.0,989.75,987.0,988.5,0
2024-10-29T07:00:00Z,988.5,989.75,988.25,989.75,0
2024-10-29T08:00:00Z,989.75,990.5,988.25,989.75,0
2024-10-29T09:00:00Z,990.0,991.5,989.0,989.75,0
2024-10-29T10:00:00Z,989.75,991.25,989.75,990.25,0
2024-10-29T11:00:00Z,990.0,990.75,988.25,988.5,0
2024-10-29T12:00:00Z,988.25,988.5,986.0,987.25,0
2024-10-29T13:00:00Z,987.0,989.0,982.0,986.25,0
2024-10-29T14:00:00Z,986.25,988.0,983.0,985.0,0
2024-10-29T15:00:00Z,985.0,985.75,980.75,980.75,0
2024-10-29T16:00:00Z,980.75,984.25,980.0,981.5,0
2024-10-29T17:00:00Z,981.5,983.5,978.5,981.0,0
2024-10-29T18:00:00Z,980.75,980.75,978.75,980.0,0
2024-10-30T00:00:00Z,978.5,981.5,977.75,978.75,0
2024-10-30T01:00:00Z,978.5,982.25,977.25,982.25,0
2024-10-30T02:00:00Z,982.0,983.75,979.5,981.25,0
2024-10-30T03:00:00Z,981.0,981.75,979.25,979.5,0
2024-10-30T04:00:00Z,979.5,979.75,979.0,979.25,0
2024-10-30T05:00:00Z,979.25,981.75,978.5,981.25,0
2024-10-30T06:00:00Z,981.5,984.0,980.75,983.5,0
2024-10-30T07:00:00Z,983.5,983.5,982.25,982.5,0
2024-10-30T08:00:00Z,982.5,984.5,982.5,983.0,0
2024-10-30T09:00:00Z,983.0,983.5,981.5,982.5,0
2024-10-30T10:00:00Z,982.25,983.0,980.75,982.75,0
2024-10-30T11:00:00Z,982.75,983.75,981.5,983.25,0
2024-10-30T12:00:00Z,983.25,984.0,981.25,983.5,0
2024-10-30T13:00:00Z,984.0,988.25,981.0,988.0,0
2024-10-30T14:00:00Z,988.0,992.0,986.5,988.75,0
2024-10-30T15:00:00Z,989.0,991.0,987.5,990.0,0
2024-10-30T16:00:00Z,989.75,992.0,988.5,991.25,0
2024-10-30T17:00:00Z,991.25,992.75,989.25,989.25,0
2024-10-30T18:00:00Z,989.5,992.75,988.75,992.75,0
2024-10-31T00:00:00Z,991.25,992.25,988.75,990.75,0
2024-10-31T01:00:00Z,990.5,992.0,988.25,988.5,0
2024-10-31T02:00:00Z,988.5,990.75,988.25,988.5,0
2024-10-31T03:00:00Z,988.5,990.75,988.5,988.5,0
2024-10-31T04:00:00Z,988.75,989.75,988.75,989.25,0
2024-10-31T05:00:00Z,989.0,992.0,989.0,990.5,0
2024-10-31T06:00:00Z,990.5,991.5,990.0,990.25,0
2024-10-31T07:00:00Z,990.25,991.75,989.5,991.75,0
2024-10-31T08:00:00Z,991.75,995.75,991.5,994.75,0
2024-10-31T09:00:00Z,994.5,996.5,993.25,996.0,0
2024-10-31T10:00:00Z,995.75,997.0,994.5,994.5,0
2024-10-31T11:00:00Z,994.75,996.0,994.5,995.25,0
2024-10-31T12:00:00Z,995.0,997.75,994.5,997.5,0
2024-10-31T13:00:00Z,997.25,999.25,992.5,993.5,0
2024-10-31T14:00:00Z,993.25,999.0,992.75,997.75,0
2024-10-31T15:00:00Z,997.75,999.25,993.75,993.75,0
2024-10-31T16:00:00Z,993.75,994.0,991.5,991.75,0
2024-10-31T17:00:00Z,992.0,995.75,991.75,994.5,0
2024-10-31T18:00:00Z,994.25,996.5,993.5,996.5,0
2024-11-01T00:00:00Z,995.5,1001.25,995.0,1001.0,0
2024-11-01T01:00:00Z,1001.25,1005.0,1001.25,1004.75,0
2024-11-01T02:00:00Z,1004.5,1005.0,1002.0,1002.75,0
2024-11-01T03:00:00Z,1002.75,1003.5,1001.5,1002.25,0
2024-11-01T04:00:00Z,1002.0,1002.25,1001.75,1002.0,0
2024-11-01T05:00:00Z,1002.0,1002.75,1001.5,1002.0,0
2024-11-01T06:00:00Z,1002.25,1002.75,1000.75,1001.0,0
2024-11-01T07:00:00Z,1001.0,1002.25,1000.5,1002.25,0
2024-11-01T08:00:00Z,1002.0,1004.5,1001.75,1003.5,0
2024-11-01T09:00:00Z,1003.5,1004.75,1003.25,1004.25,0
2024-11-01T10:00:00Z,1004.25,1004.25,1001.5,1001.5,0
2024-11-01T11:00:00Z,1001.5,1001.5,999.5,1001.25,0
2024-11-01T12:00:00Z,1001.25,1003.0,1000.5,1002.5,0
2024-11-01T13:00:00Z,1002.5,1008.75,1001.75,1006.0,0
2024-11-01T14:00:00Z,1006.25,1006.5,996.75,998.0,0
2024-11-01T15:00:00Z,998.25,999.0,993.0,993.25,0
2024-11-01T16:00:00Z,993.25,994.5,988.75,992.0,0
2024-11-01T17:00:00Z,991.75,995.0,991.75,994.75,0
2024-11-01T18:00:00Z,994.5,995.75,992.75,995.25,0
2024-11-04T01:00:00Z,996.5,1003.5,995.5,1002.75,0
2024-11-04T02:00:00Z,1003.0,1005.0,1002.25,1004.75,0
2024-11-04T03:00:00Z,1004.75,1005.0,1002.0,1003.5,0
2024-11-04T04:00:00Z,1003.5,1004.5,1002.75,1003.0,0
2024-11-04T05:00:00Z,1003.25,1004.5,1003.0,1004.5,0
2024-11-04T06:00:00Z,1004.0,1005.0,1003.0,1004.5,0
2024-11-04T07:00:00Z,1004.25,1004.5,1001.75,1002.5,0
2024-11-04T08:00:00Z,1002.5,1005.25,1002.5,1004.75,0
2024-11-04T09:00:00Z,1004.5,1007.0,1004.5,1005.75,0
2024-11-04T10:00:00Z,1005.5,1006.75,1004.5,1006.25,0
2024-11-04T11:00:00Z,1006.5,1008.0,1006.25,1007.75,0
2024-11-04T12:00:00Z,1008.0,1008.0,1005.25,1006.25,0
2024-11-04T13:00:00Z,1006.25,1007.25,1004.25,1004.75,0
2024-11-04T14:00:00Z,1004.5,1007.0,1003.75,1006.0,0
2024-11-04T15:00:00Z,1006.25,1006.25,997.25,998.0,0
2024-11-04T16:00:00Z,998.25,999.5,995.25,997.25,0
2024-11-04T17:00:00Z,997.5,998.0,994.0,997.25,0
2024-11-04T18:00:00Z,997.0,998.25,996.25,997.0,0
2024-11-04T19:00:00Z,997.25,997.75,996.25,997.25,0
2024-11-05T01:00:00Z,997.0,1000.75,996.25,1000.5,0
2024-11-05T02:00:00Z,1000.25,1000.75,999.25,999.25,0
2024-11-05T03:00:00Z,999.25,1001.75,999.25,1001.5,0
2024-11-05T04:00:00Z,1001.25,1001.75,1000.75,1001.0,0
2024-11-05T05:00:00Z,1001.25,1001.25,998.0,998.75,0
2024-11-05T06:00:00Z,998.75,999.5,997.0,997.0,0
2024-11-05T07:00:00Z,997.0,999.75,996.5,999.75,0
2024-11-05T08:00:00Z,999.5,999.75,998.25,999.25,0
2024-11-05T09:00:00Z,999.5,1000.5,999.25,999.75,0
2024-11-05T10:00:00Z,999.5,999.75,998.25,999.0,0
2024-11-05T11:00:00Z,999.0,999.75,998.5,999.5,0
2024-11-05T12:00:00Z,999.5,1000.5,998.5,1000.0,0
2024-11-05T13:00:00Z,1000.0,1003.25,999.75,1002.25,0
2024-11-05T14:00:00Z,1001.5,1006.25,1000.75,1001.75,0
2024-11-05T15:00:00Z,1001.75,1003.25,998.5,1000.0,0
2024-11-05T16:00:00Z,1000.0,1004.25,999.25,1003.25,0
2024-11-05T17:00:00Z,1003.5,1005.5,1003.0,1003.25,0
2024-11-05T18:00:00Z,1003.0,1004.0,999.5,1000.5,0
2024-11-05T19:00:00Z,1000.25,1003.5,999.5,1003.5,0
2024-11-06T01:00:00Z,999.25,1002.0,996.25,1000.25,0
2024-11-06T02:00:00Z,1000.5,1000.5,990.0,990.5,0
2024-11-06T03:00:00Z,990.25,990.75,984.5,984.5,0
2024-11-06T04:00:00Z,984.5,986.0,982.0,982.75,0
2024-11-06T05:00:00Z,982.5,985.75,982.5,984.5,0
2024-11-06T06:00:00Z,984.5,989.0,984.0,988.25,0
2024-11-06T07:00:00Z,988.5,989.0,984.5,985.75,0
2024-11-06T08:00:00Z,985.5,988.5,985.0,988.0,0
2024-11-06T09:00:00Z,988.0,988.0,986.25,986.75,0
2024-11-06T10:00:00Z,986.75,987.0,985.75,985.75,0
2024-11-06T11:00:00Z,985.5,986.0,983.0,984.5,0
2024-11-06T12:00:00Z,984.5,984.75,982.25,983.75,0
2024-11-06T13:00:00Z,983.5,986.75,982.0,986.25,0
2024-11-06T14:00:00Z,986.5,997.5,985.0,997.5,0
2024-11-06T15:00:00Z,997.5,1002.75,996.75,1000.25,0
2024-11-06T16:00:00Z,1000.5,1002.5,999.0,1001.5,0
2024-11-06T17:00:00Z,1001.75,1003.5,1000.5,1003.0,0
2024-11-06T18:00:00Z,1003.0,1007.75,1001.5,1003.25,0
2024-11-06T19:00:00Z,1003.5,1005.0,1001.75,1004.75,0
2024-11-07T01:00:00Z,1004.0,1009.5,1004.0,1008.75,0
2024-11-07T02:00:00Z,1009.0,1010.75,1007.0,1010.75,0
2024-11-07T03:00:00Z,1010.75,1011.5,1007.25,1008.75,0
2024-11-07T04:00:00Z,1008.75,1009.25,1008.0,1008.5,0
2024-11-07T05:00:00Z,1008.5,1009.25,1007.25,1008.0,0
2024-11-07T06:00:00Z,1008.0,1009.0,1005.0,1008.75,0
2024-11-07T07:00:00Z,1008.5,1010.25,1008.0,1010.0,0
2024-11-07T08:00:00Z,1010.0,1011.75,1008.25,1008.75,0
2024-11-07T09:00:00Z,1008.75,1009.5,1007.5,1007.75,0
2024-11-07T10:00:00Z,1007.75,1011.0,1007.25,1010.75,0
2024-11-07T11:00:00Z,1010.75,1012.0,1010.25,1011.25,0
2024-11-07T12:00:00Z,1011.5,1014.25,1011.5,1013.75,0
2024-11-07T13:00:00Z,1014.0,1018.75,1012.0,1013.75,0
2024-11-07T14:00:00Z,1013.25,1015.0,1003.25,1004.25,0
2024-11-07T15:00:00Z,1004.25,1010.0,1000.5,1009.25,0
2024-11-07T16:00:00Z,1009.0,1013.5,1007.75,1012.75,0
2024-11-07T17:00:00Z,1012.5,1015.25,1010.75,1015.25,0
2024-11-07T18:00:00Z,1015.25,1023.75,1015.25,1022.75,0
2024-11-07T19:00:00Z,1022.5,1027.75,1022.5,1026.5,0
2024-11-08T01:00:00Z,1025.0,1027.0,1019.75,1021.75,0
2024-11-08T02:00:00Z,1021.75,1021.75,1020.0,1021.5,0
2024-11-08T03:00:00Z,1021.25,1022.75,1020.0,1020.75,0
2024-11-08T04:00:00Z,1020.75,1021.0,1020.5,1020.75,0
2024-11-08T05:00:00Z,1020.75,1021.0,1018.5,1019.25,0
2024-11-08T06:00:00Z,1019.0,1020.0,1017.75,1018.25,0
2024-11-08T07:00:00Z,1018.25,1020.0,1017.5,1020.0,0
2024-11-08T08:00:00Z,1020.0,1020.5,1017.5,1018.25,0
2024-11-08T09:00:00Z,1018.5,1021.0,1018.25,1020.5,0
2024-11-08T10:00:00Z,1020.5,1021.0,1019.0,1020.25,0
2024-11-08T11:00:00Z,1020.25,1021.75,1019.5,1020.5,0
2024-11-08T12:00:00Z,1020.25,1023.5,1019.5,1021.5,0
2024-11-08T13:00:00Z,1021.5,1023.5,1019.5,1022.25,0
2024-11-08T14:00:00Z,1022.5,1025.5,1019.25,1025.25,0
2024-11-08T15:00:00Z,1025.0,1025.5,1017.5,1018.75,0
2024-11-08T16:00:00Z,1018.75,1023.0,1018.25,1022.5,0
2024-11-08T17:00:00Z,1022.75,1044.0,1019.75,1028.75,0
2024-11-08T18:00:00Z,1028.75,1033.75,1026.5,1029.75,0
2024-11-08T19:00:00Z,1030.0,1031.5,1028.75,1031.0,0
2024-11-11T01:00:00Z,1030.0,1042.25,1030.0,1038.25,0
2024-11-11T02:00:00Z,1038.25,1038.25,1036.25,1037.25,0
2024-11-11T03:00:00Z,1037.5,1038.25,1036.75,1037.5,0
2024-11-11T04:00:00Z,1037.5,1038.75,1037.25,1038.75,0
2024-11-11T05:00:00Z,1038.75,1039.75,1037.5,1037.75,0
2024-11-11T06:00:00Z,1037.75,1039.0,1036.25,1038.75,0
2024-11-11T07:00:00Z,1038.75,1039.0,1036.25,1037.25,0
2024-11-11T08:00:00Z,1037.25,1039.5,1037.0,1038.75,0
2024-11-11T09:00:00Z,1038.5,1039.5,1037.25,1038.0,0
2024-11-11T10:00:00Z,1038.0,1038.5,1036.75,1036.75,0
2024-11-11T11:00:00Z,1037.0,1037.25,1035.25,1037.0,0
2024-11-11T12:00:00Z,1037.0,1037.0,1032.75,1033.25,0
2024-11-11T13:00:00Z,1033.5,1036.75,1033.5,1035.0,0
2024-11-11T14:00:00Z,1034.5,1036.75,1032.75,1035.75,0
2024-11-11T15:00:00Z,1036.0,1036.25,1026.0,1027.25,0
2024-11-11T16:00:00Z,1027.25,1027.25,1019.75,1020.5,0
2024-11-11T17:00:00Z,1020.75,1024.75,1020.75,1021.0,0
2024-11-11T18:00:00Z,1021.25,1022.25,1019.5,1021.75,0
2024-11-11T19:00:00Z,1021.5,1023.25,1020.0,1022.0,0
2024-11-12T01:00:00Z,1023.75,1027.5,1021.25,1021.5,0
2024-11-12T02:00:00Z,1021.5,1021.5,1017.75,1019.0,0
2024-11-12T03:00:00Z,1019.0,1021.25,1018.5,1019.5,0
2024-11-12T04:00:00Z,1019.5,1019.75,1019.25,1019.5,0
2024-11-12T05:00:00Z,1019.75,1020.5,1019.5,1019.5,0
2024-11-12T06:00:00Z,1019.5,1021.0,1019.0,1019.5,0
2024-11-12T07:00:00Z,1019.5,1019.5,1018.25,1018.5,0
2024-11-12T08:00:00Z,1018.25,1018.25,1013.0,1014.75,0
2024-11-12T09:00:00Z,1014.75,1016.5,1014.25,1014.5,0
2024-11-12T10:00:00Z,1014.5,1015.75,1014.25,1014.5,0
2024-11-12T11:00:00Z,1014.75,1016.0,1014.25,1015.0,0
2024-11-12T12:00:00Z,1015.0,1015.5,1012.25,1014.25,0
2024-11-12T13:00:00Z,1014.25,1020.75,1013.5,1020.25,0
2024-11-12T14:00:00Z,1020.25,1021.75,1012.75,1014.5,0
2024-11-12T15:00:00Z,1014.25,1016.75,1009.0,1009.5,0
2024-11-12T16:00:00Z,1009.75,1011.25,1007.25,1007.75,0
2024-11-12T17:00:00Z,1007.75,1008.75,1004.75,1005.25,0
2024-11-12T18:00:00Z,1005.25,1008.75,1003.75,1008.25,0
2024-11-12T19:00:00Z,1008.5,1012.75,1008.5,1012.25,0
2024-11-13T01:00:00Z,1011.5,1012.75,1006.75,1011.25,0
2024-11-13T02:00:00Z,1011.5,1012.0,1008.25,1009.25,0
2024-11-13T03:00:00Z,1009.5,1010.0,1006.0,1006.0,0
2024-11-13T04:00:00Z,1006.25,1007.0,1005.5,1006.5,0
2024-11-13T05:00:00Z,1006.5,1007.5,1005.75,1006.0,0
2024-11-13T06:00:00Z,1006.0,1006.25,1004.25,1004.75,0
2024-11-13T07:00:00Z,1004.75,1006.25,1003.25,1005.25,0
2024-11-13T08:00:00Z,1005.0,1008.5,1004.0,1007.25,0
2024-11-13T09:00:00Z,1007.25,1012.0,1007.25,1010.25,0
2024-11-13T10:00:00Z,1010.5,1011.0,1009.5,1009.75,0
2024-11-13T11:00:00Z,1010.0,1011.25,1009.5,1011.25,0
2024-11-13T12:00:00Z,1011.25,1012.25,1006.75,1007.25,0
2024-11-13T13:00:00Z,1007.0,1010.0,1006.0,1008.25,0
2024-11-13T14:00:00Z,1009.0,1009.5,1001.75,1004.5,0
2024-11-13T15:00:00Z,1004.25,1006.75,1002.25,1003.25,0
2024-11-13T16:00:00Z,1003.25,1005.75,1002.0,1003.25,0
2024-11-13T17:00:00Z,1003.25,1009.0,1002.75,1008.0,0
2024-11-13T18:00:00Z,1008.0,1009.25,1005.5,1007.75,0
2024-11-13T19:00:00Z,1007.5,1009.0,1006.25,1006.5,0
2024-11-14T01:00:00Z,1006.5,1011.75,1005.25,1011.0,0
2024-11-14T02:00:00Z,1011.0,1013.75,1010.5,1011.75,0
2024-11-14T03:00:00Z,1011.5,1012.75,1011.25,1011.75,0
2024-11-14T04:00:00Z,1011.75,1012.25,1011.5,1012.0,0
2024-11-14T05:00:00Z,1012.0,1013.25,1011.5,1013.0,0
2024-11-14T06:00:00Z,1012.75,1013.5,1011.0,1011.25,0
2024-11-14T07:00:00Z,1011.25,1012.0,1009.75,1010.25,0
2024-11-14T08:00:00Z,1010.25,1012.0,1010.0,1011.75,0
2024-11-14T09:00:00Z,1011.75,1012.0,1009.5,1010.25,0
2024-11-14T10:00:00Z,1010.25,1011.5,1009.25,1010.75,0
2024-11-14T11:00:00Z,1010.75,1011.0,1009.75,1009.75,0
2024-11-14T12:00:00Z,1009.75,1010.25,1008.75,1008.75,0
2024-11-14T13:00:00Z,1008.75,1009.0,1005.0,1007.25,0
2024-11-14T14:00:00Z,1007.25,1008.0,1001.75,1002.75,0
2024-11-14T15:00:00Z,1002.75,1003.5,993.0,995.0,0
2024-11-14T16:00:00Z,995.0,996.25,990.25,992.5,0
2024-11-14T17:00:00Z,992.5,994.5,991.25,992.25,0
2024-11-14T18:00:00Z,992.25,992.5,988.25,988.75,0
2024-11-14T19:00:00Z,989.0,989.25,986.25,988.5,0
2024-11-15T01:00:00Z,988.0,991.25,987.25,988.5,0
2024-11-15T02:00:00Z,988.25,991.25,988.0,990.75,0
2024-11-15T03:00:00Z,990.75,990.75,988.25,989.75,0
2024-11-15T04:00:00Z,989.75,991.0,989.75,990.25,0
2024-11-15T05:00:00Z,990.25,991.5,990.25,990.75,0
2024-11-15T06:00:00Z,990.5,991.75,989.25,990.75,0
2024-11-15T07:00:00Z,990.75,992.75,990.5,991.5,0
2024-11-15T08:00:00Z,991.5,992.5,990.75,992.5,0
2024-11-15T09:00:00Z,992.5,993.0,991.75,993.0,0
2024-11-15T10:00:00Z,992.75,994.0,991.75,993.75,0
2024-11-15T11:00:00Z,993.5,999.0,993.5,997.0,0
2024-11-15T12:00:00Z,997.0,997.5,995.75,996.5,0
2024-11-15T13:00:00Z,996.5,998.0,995.25,995.25,0
2024-11-15T14:00:00Z,995.25,998.75,992.5,997.0,0
2024-11-15T15:00:00Z,997.25,1002.5,995.5,1002.0,0
2024-11-15T16:00:00Z,1002.0,1004.75,1000.25,1003.5,0
2024-11-15T17:00:00Z,1003.75,1003.75,999.75,1002.5,0
2024-11-15T18:00:00Z,1002.5,1005.25,1000.5,1000.5,0
2024-11-15T19:00:00Z,1000.75,1001.0,998.0,998.25,0
2024-11-18T01:00:00Z,1002.5,1004.5,999.25,1000.0,0
2024-11-18T02:00:00Z,999.75,1001.25,994.25,994.5,0
2024-11-18T03:00:00Z,994.75,996.5,994.0,995.25,0
2024-11-18T04:00:00Z,995.25,996.5,995.0,996.5,0
2024-11-18T05:00:00Z,996.5,996.5,995.75,996.0,0
2024-11-18T06:00:00Z,996.0,996.25,993.0,993.5,0
2024-11-18T07:00:00Z,993.25,993.5,991.5,991.5,0
2024-11-18T08:00:00Z,991.75,993.75,991.5,992.0,0
2024-11-18T09:00:00Z,992.0,995.0,992.0,994.0,0
2024-11-18T10:00:00Z,994.0,995.5,993.0,994.75,0
2024-11-18T11:00:00Z,994.5,994.75,993.25,993.75,0
2024-11-18T12:00:00Z,993.75,994.5,991.5,991.5,0
2024-11-18T13:00:00Z,991.75,992.25,989.5,990.75,0
2024-11-18T14:00:00Z,990.75,1001.0,990.25,1000.25,0
2024-11-18T15:00:00Z,1000.25,1005.0,999.0,999.75,0
2024-11-18T16:00:00Z,999.75,1003.0,997.0,997.25,0
2024-11-18T17:00:00Z,997.25,1000.5,995.5,1000.0,0
2024-11-18T18:00:00Z,999.75,1006.25,999.25,1006.0,0
2024-11-18T19:00:00Z,1006.0,1011.5,1006.0,1010.0,0
2024-11-19T01:00:00Z,1009.75,1012.75,1007.25,1008.75,0
2024-11-19T02:00:00Z,1008.75,1009.0,1004.75,1005.0,0
2024-11-19T03:00:00Z,1005.0,1006.75,1005.0,1006.75,0
2024-11-19T04:00:00Z,1006.75,1006.75,1006.25,1006.25,0
2024-11-19T05:00:00Z,1006.25,1007.75,1005.5,1007.75,0
2024-11-19T06:00:00Z,1008.0,1008.75,1006.75,1007.5,0
2024-11-19T07:00:00Z,1007.25,1007.25,1005.0,1005.25,0
2024-11-19T08:00:00Z,1005.5,1006.5,1003.75,1004.25,0
2024-11-19T09:00:00Z,1004.25,1007.25,1002.75,1006.25,0
2024-11-19T10:00:00Z,1006.25,1007.25,1006.0,1006.5,0
2024-11-19T11:00:00Z,1006.5,1007.25,1006.25,1006.5,0
2024-11-19T12:00:00Z,1006.75,1008.25,1005.5,1006.0,0
2024-11-19T13:00:00Z,1006.0,1006.75,1003.25,1004.25,0
2024-11-19T14:00:00Z,1004.25,1007.0,1002.0,1003.25,0
2024-11-19T15:00:00Z,1003.25,1005.5,1000.75,1005.25,0
2024-11-19T16:00:00Z,1005.5,1009.5,1003.25,1005.75,0
2024-11-19T17:00:00Z,1005.75,1006.0,995.75,996.75,0
2024-11-19T18:00:00Z,996.75,1000.0,995.25,999.75,0
2024-11-19T19:00:00Z,999.5,999.75,997.75,998.5,0
2024-11-20T01:00:00Z,998.5,1001.5,994.25,996.5,0
2024-11-20T02:00:00Z,996.75,997.5,995.5,996.75,0
2024-11-20T03:00:00Z,996.75,997.0,995.0,995.0,0
2024-11-20T04:00:00Z,995.0,995.0,993.5,993.75,0
2024-11-20T05:00:00Z,993.5,994.25,993.25,993.5,0
2024-11-20T06:00:00Z,993.75,995.0,993.5,993.75,0
2024-11-20T07:00:00Z,993.5,994.25,992.75,993.5,0
2024-11-20T08:00:00Z,993.25,994.0,991.0,991.25,0
2024-11-20T09:00:00Z,991.0,991.5,989.25,990.5,0
2024-11-20T10:00:00Z,990.5,991.75,989.0,989.5,0
2024-11-20T11:00:00Z,989.25,990.75,988.75,990.75,0
2024-11-20T12:00:00Z,990.5,991.5,989.25,989.5,0
2024-11-20T13:00:00Z,989.5,990.75,989.0,989.75,0
2024-11-20T14:00:00Z,991.75,993.75,986.0,993.75,0
2024-11-20T15:00:00Z,993.75,994.75,987.5,988.0,0
2024-11-20T16:00:00Z,988.0,992.0,985.25,988.5,0
2024-11-20T17:00:00Z,988.75,995.25,987.75,995.0,0
2024-11-20T18:00:00Z,995.0,995.25,991.25,991.75,0
2024-11-20T19:00:00Z,991.5,991.5,990.0,991.0,0
2024-11-21T01:00:00Z,991.0,993.5,988.0,990.5,0
2024-11-21T02:00:00Z,990.75,994.0,989.0,990.25,0
2024-11-21T03:00:00Z,990.25,993.5,990.25,992.75,0
2024-11-21T04:00:00Z,992.75,993.5,992.5,993.25,0
2024-11-21T05:00:00Z,993.5,994.75,993.25,993.5,0
2024-11-21T06:00:00Z,993.5,994.75,992.25,992.5,0
2024-11-21T07:00:00Z,992.25,993.25,990.5,993.0,0
2024-11-21T08:00:00Z,993.0,994.75,993.0,993.5,0
2024-11-21T09:00:00Z,993.5,995.25,993.25,995.0,0
2024-11-21T10:00:00Z,995.25,998.25,995.25,997.5,0
2024-11-21T11:00:00Z,997.25,998.75,996.75,997.0,0
2024-11-21T12:00:00Z,997.0,997.25,991.0,991.0,0
2024-11-21T13:00:00Z,991.0,992.0,989.75,991.0,0
2024-11-21T14:00:00Z,990.5,990.5,982.5,986.5,0
2024-11-21T15:00:00Z,986.75,987.0,982.25,983.0,0
2024-11-21T16:00:00Z,983.0,983.0,979.0,980.25,0
2024-11-21T17:00:00Z,980.25,981.25,976.25,978.0,0
2024-11-21T18:00:00Z,977.75,981.5,977.25,979.25,0
2024-11-21T19:00:00Z,979.0,981.0,977.25,980.75,0
2024-11-22T01:00:00Z,980.75,983.5,979.75,980.75,0
2024-11-22T02:00:00Z,980.75,982.25,980.25,980.75,0
2024-11-22T03:00:00Z,980.75,981.75,978.75,979.25,0
2024-11-22T04:00:00Z,979.5,979.75,979.0,979.25,0
2024-11-22T05:00:00Z,979.25,979.5,977.75,978.0,0
2024-11-22T06:00:00Z,978.25,979.0,977.75,978.0,0
2024-11-22T07:00:00Z,977.75,980.75,977.75,979.0,0
2024-11-22T08:00:00Z,979.0,980.0,978.5,978.75,0
2024-11-22T09:00:00Z,978.5,978.75,975.25,975.75,0
2024-11-22T10:00:00Z,976.0,978.5,975.25,978.25,0
2024-11-22T11:00:00Z,978.25,978.25,975.75,975.75,0
2024-11-22T12:00:00Z,976.0,979.75,975.25,979.0,0
2024-11-22T13:00:00Z,978.75,984.0,977.25,983.0,0
2024-11-22T14:00:00Z,983.5,984.25,980.0,980.25,0
2024-11-22T15:00:00Z,980.5,982.0,977.25,977.5,0
2024-11-22T16:00:00Z,977.75,982.75,976.75,981.5,0
2024-11-22T17:00:00Z,981.5,985.25,981.0,981.75,0
2024-11-22T18:00:00Z,982.0,983.5,980.75,982.5,0
2024-11-22T19:00:00Z,982.5,985.0,981.5,984.75,0
2024-11-25T01:00:00Z,987.5,990.5,986.5,987.0,0
2024-11-25T02:00:00Z,986.75,989.5,986.75,988.5,0
2024-11-25T03:00:00Z,988.25,988.75,986.25,987.5,0
2024-11-25T04:00:00Z,987.75,988.5,987.25,987.5,0
2024-11-25T05:00:00Z,987.75,987.75,985.75,986.0,0
2024-11-25T06:00:00Z,985.75,993.25,985.5,991.25,0
2024-11-25T07:00:00Z,991.25,992.75,990.5,990.75,0
2024-11-25T08:00:00Z,990.75,990.75,988.25,989.0,0
2024-11-25T09:00:00Z,989.0,990.75,988.75,989.0,0
2024-11-25T10:00:00Z,989.0,990.75,988.75,990.25,0
2024-11-25T11:00:00Z,990.25,990.5,986.25,986.75,0
2024-11-25T12:00:00Z,986.5,988.25,985.75,986.75,0
2024-11-25T13:00:00Z,987.0,989.25,986.5,988.5,0
2024-11-25T14:00:00Z,988.5,990.75,985.0,985.25,0
2024-11-25T15:00:00Z,985.0,987.25,983.25,985.0,0
2024-11-25T16:00:00Z,985.0,986.5,983.5,985.25,0
2024-11-25T17:00:00Z,985.25,990.75,984.5,985.25,0
2024-11-25T18:00:00Z,985.5,987.25,983.0,984.0,0
2024-11-25T19:00:00Z,984.0,986.75,983.25,986.25,0
2024-11-26T01:00:00Z,980.0,989.0,980.0,984.0,0
2024-11-26T02:00:00Z,983.75,985.75,983.5,985.25,0
2024-11-26T03:00:00Z,985.25,987.5,984.75,986.25,0
2024-11-26T04:00:00Z,986.25,987.0,986.0,986.5,0
2024-11-26T05:00:00Z,986.5,987.75,986.25,987.5,0
2024-11-26T06:00:00Z,987.5,987.75,983.0,983.0,0
2024-11-26T07:00:00Z,983.25,985.0,981.25,981.75,0
2024-11-26T08:00:00Z,981.75,983.75,981.25,983.75,0
2024-11-26T09:00:00Z,983.75,988.0,983.5,988.0,0
2024-11-26T10:00:00Z,987.75,989.0,986.0,988.75,0
2024-11-26T11:00:00Z,988.5,991.25,988.5,990.75,0
2024-11-26T12:00:00Z,990.5,991.0,986.5,987.0,0
2024-11-26T13:00:00Z,987.25,990.75,987.0,987.25,0
2024-11-26T14:00:00Z,987.0,987.0,980.0,982.5,0
2024-11-26T15:00:00Z,982.75,985.5,981.25,982.75,0
2024-11-26T16:00:00Z,982.75,983.75,976.75,978.75,0
2024-11-26T17:00:00Z,978.5,981.25,977.5,980.0,0
2024-11-26T18:00:00Z,980.0,984.25,980.0,983.0,0
2024-11-26T19:00:00Z,983.25,984.5,982.25,983.0,0
2024-11-27T01:00:00Z,984.0,985.5,983.25,984.5,0
2024-11-27T02:00:00Z,984.5,988.75,984.25,988.5,0
2024-11-27T03:00:00Z,988.5,988.5,986.75,988.25,0
2024-11-27T04:00:00Z,988.5,989.0,987.75,988.5,0
2024-11-27T05:00:00Z,988.5,989.75,988.0,989.5,0
2024-11-27T06:00:00Z,989.5,992.5,989.5,990.5,0
2024-11-27T07:00:00Z,990.5,991.0,989.75,991.0,0
2024-11-27T08:00:00Z,990.75,990.75,988.5,989.5,0
2024-11-27T09:00:00Z,989.5,990.0,987.75,987.75,0
2024-11-27T10:00:00Z,988.0,989.25,987.0,988.75,0
2024-11-27T11:00:00Z,988.75,990.25,987.5,989.0,0
2024-11-27T12:00:00Z,989.0,990.0,987.5,988.5,0
2024-11-27T13:00:00Z,988.5,991.75,988.25,990.25,0
2024-11-27T14:00:00Z,989.75,994.25,987.75,990.75,0
2024-11-27T15:00:00Z,990.75,992.0,987.25,991.5,0
2024-11-27T16:00:00Z,991.75,994.0,990.0,990.0,0
2024-11-27T17:00:00Z,990.25,990.25,986.0,990.0,0
2024-11-27T18:00:00Z,989.75,992.25,988.5,988.75,0
2024-11-27T19:00:00Z,988.75,989.75,987.5,989.25,0
2024-11-29T14:30:00Z,993.25,998.0,983.0,983.75,0
2024-11-29T15:30:00Z,983.75,992.75,982.75,988.5,0
2024-11-29T16:30:00Z,988.5,988.75,986.0,988.0,0
2024-11-29T17:30:00Z,988.25,991.25,986.25,990.75,0
2024-12-02T01:00:00Z,989.5,990.5,986.75,988.75,0
2024-12-02T02:00:00Z,988.75,989.5,986.0,986.0,0
2024-12-02T03:00:00Z,986.25,987.0,985.25,986.25,0
2024-12-02T04:00:00Z,986.5,986.75,986.25,986.25,0
2024-12-02T05:00:00Z,986.25,987.75,985.75,987.25,0
2024-12-02T06:00:00Z,987.0,988.25,986.5,986.75,0
2024-12-02T07:00:00Z,986.5,987.25,985.25,985.5,0
2024-12-02T08:00:00Z,985.25,986.25,984.5,985.0,0
2024-12-02T09:00:00Z,985.0,988.0,985.0,988.0,0
2024-12-02T10:00:00Z,988.0,990.0,987.5,988.75,0
2024-12-02T11:00:00Z,988.75,990.0,987.75,990.0,0
2024-12-02T12:00:00Z,989.75,989.75,986.25,987.0,0
2024-12-02T13:00:00Z,987.25,987.5,984.0,984.5,0
2024-12-02T14:00:00Z,984.25,985.75,980.5,981.25,0
2024-12-02T15:00:00Z,981.25,986.0,978.75,980.0,0
2024-12-02T16:00:00Z,979.75,983.0,977.5,978.25,0
2024-12-02T17:00:00Z,978.0,985.75,978.0,983.75,0
2024-12-02T18:00:00Z,983.75,985.0,983.0,983.75,0
2024-12-02T19:00:00Z,983.75,986.5,983.75,985.5,0
2024-12-03T01:00:00Z,985.0,988.5,983.5,984.0,0
2024-12-03T02:00:00Z,984.0,987.25,983.75,985.5,0
2024-12-03T03:00:00Z,985.5,988.0,984.25,987.0,0
2024-12-03T04:00:00Z,987.25,987.5,986.75,987.25,0
2024-12-03T05:00:00Z,987.25,988.25,986.75,988.25,0
2024-12-03T06:00:00Z,988.0,989.75,987.75,988.0,0
2024-12-03T07:00:00Z,987.75,989.25,987.0,989.0,0
2024-12-03T08:00:00Z,989.0,991.0,988.25,990.0,0
2024-12-03T09:00:00Z,990.0,992.25,990.0,991.5,0
2024-12-03T10:00:00Z,991.75,992.0,990.25,991.25,0
2024-12-03T11:00:00Z,991.0,992.5,990.25,992.0,0
2024-12-03T12:00:00Z,992.25,993.75,991.5,993.0,0
2024-12-03T13:00:00Z,992.75,996.75,992.25,996.0,0
2024-12-03T14:00:00Z,996.0,999.0,990.0,990.25,0
2024-12-03T15:00:00Z,990.25,994.5,987.0,992.5,0
2024-12-03T16:00:00Z,992.5,993.5,989.0,992.5,0
2024-12-03T17:00:00Z,992.75,993.25,989.25,989.75,0
2024-12-03T18:00:00Z,990.0,991.75,987.5,991.75,0
2024-12-03T19:00:00Z,991.5,992.5,990.75,991.5,0
2024-12-04T01:00:00Z,991.5,992.0,987.0,987.5,0
2024-12-04T02:00:00Z,987.75,988.0,985.25,985.5,0
2024-12-04T03:00:00Z,985.5,986.25,985.0,985.75,0
2024-12-04T04:00:00Z,985.75,985.75,985.25,985.5,0
2024-12-04T05:00:00Z,985.25,986.25,984.75,986.25,0
2024-12-04T06:00:00Z,986.0,987.0,985.0,986.0,0
2024-12-04T07:00:00Z,986.0,988.0,985.75,986.75,0
2024-12-04T08:00:00Z,986.75,986.75,983.0,983.5,0
2024-12-04T09:00:00Z,983.75,984.25,982.5,983.25,0
2024-12-04T10:00:00Z,983.0,984.75,982.75,983.25,0
2024-12-04T11:00:00Z,983.25,985.25,982.5,984.25,0
2024-12-04T12:00:00Z,984.5,986.0,983.0,985.25,0
2024-12-04T13:00:00Z,985.0,987.0,984.5,986.0,0
2024-12-04T14:00:00Z,986.0,987.5,983.25,986.75,0
2024-12-04T15:00:00Z,986.5,987.0,980.5,981.5,0
2024-12-04T16:00:00Z,981.25,985.75,980.5,985.75,0
2024-12-04T17:00:00Z,985.75,986.25,984.0,984.5,0
2024-12-04T18:00:00Z,984.5,984.75,981.75,983.5,0
2024-12-04T19:00:00Z,983.5,985.25,982.75,984.0,0
2024-12-05T01:00:00Z,983.5,986.0,982.25,985.25,0
2024-12-05T02:00:00Z,985.5,987.25,985.25,986.75,0
2024-12-05T03:00:00Z,986.75,987.25,985.75,987.0,0
2024-12-05T04:00:00Z,987.0,987.0,986.25,986.5,0
2024-12-05T05:00:00Z,986.25,988.75,986.25,988.5,0
2024-12-05T06:00:00Z,988.5,990.0,988.0,988.25,0
2024-12-05T07:00:00Z,988.25,988.25,986.0,987.25,0
2024-12-05T08:00:00Z,987.0,988.25,986.75,987.75,0
2024-12-05T09:00:00Z,988.0,989.25,987.25,987.5,0
2024-12-05T10:00:00Z,987.25,989.25,987.0,987.75,0
2024-12-05T11:00:00Z,988.0,988.75,985.25,985.25,0
2024-12-05T12:00:00Z,985.25,985.25,983.0,985.0,0
2024-12-05T13:00:00Z,985.25,986.75,983.75,986.5,0
2024-12-05T14:00:00Z,987.0,992.5,986.5,990.5,0
2024-12-05T15:00:00Z,990.5,991.25,986.75,990.0,0
2024-12-05T16:00:00Z,990.0,993.0,988.25,992.5,0
2024-12-05T17:00:00Z,992.5,993.0,988.5,989.25,0
2024-12-05T18:00:00Z,989.25,991.0,988.25,991.0,0
2024-12-05T19:00:00Z,990.75,994.75,990.75,994.0,0
2024-12-06T01:00:00Z,993.0,993.5,991.25,992.0,0
2024-12-06T02:00:00Z,992.0,992.5,989.25,989.5,0
2024-12-06T03:00:00Z,990.0,991.25,989.75,990.75,0
2024-12-06T04:00:00Z,990.5,990.75,990.25,990.5,0
2024-12-06T05:00:00Z,990.25,991.25,989.75,991.25,0
2024-12-06T06:00:00Z,991.25,993.0,991.25,991.75,0
2024-12-06T07:00:00Z,991.5,991.5,990.25,991.25,0
2024-12-06T08:00:00Z,991.25,992.75,990.75,992.25,0
2024-12-06T09:00:00Z,992.25,994.75,992.25,994.25,0
2024-12-06T10:00:00Z,994.0,994.25,992.5,992.5,0
2024-12-06T11:00:00Z,992.5,994.25,992.0,994.0,0
2024-12-06T12:00:00Z,994.25,995.75,994.0,995.5,0
2024-12-06T13:00:00Z,995.25,997.0,995.0,996.25,0
2024-12-06T14:00:00Z,995.5,995.75,987.75,988.25,0
2024-12-06T15:00:00Z,988.0,992.25,988.0,991.75,0
2024-12-06T16:00:00Z,991.5,996.25,990.5,995.0,0
2024-12-06T17:00:00Z,995.0,997.5,993.25,995.5,0
2024-12-06T18:00:00Z,995.5,996.75,992.0,993.25,0
2024-12-06T19:00:00Z,993.5,995.25,993.0,994.75,0
2024-12-09T01:00:00Z,992.25,993.5,990.75,993.5,0
2024-12-09T02:00:00Z,993.5,993.5,990.75,991.25,0
2024-12-09T03:00:00Z,991.25,991.75,990.75,991.0,0
2024-12-09T04:00:00Z,991.0,991.25,990.75,991.25,0
2024-12-09T05:00:00Z,991.25,992.25,991.25,992.25,0
2024-12-09T06:00:00Z,992.25,993.75,991.75,993.5,0
2024-12-09T07:00:00Z,993.0,995.0,992.75,994.5,0
2024-12-09T08:00:00Z,994.75,995.5,993.5,994.5,0
2024-12-09T09:00:00Z,994.5,995.25,994.0,994.5,0
2024-12-09T10:00:00Z,994.5,994.5,993.0,993.5,0
2024-12-09T11:00:00Z,993.5,995.0,993.5,993.75,0
2024-12-09T12:00:00Z,993.75,996.0,993.75,995.75,0
2024-12-09T13:00:00Z,996.0,999.0,995.75,998.25,0
2024-12-09T14:00:00Z,998.0,1003.5,997.5,998.0,0
2024-12-09T15:00:00Z,998.0,1000.0,990.5,993.0,0
2024-12-09T16:00:00Z,993.0,994.75,985.75,987.0,0
2024-12-09T17:00:00Z,987.0,990.25,986.25,990.0,0
2024-12-09T18:00:00Z,990.0,990.0,987.5,988.25,0
2024-12-09T19:00:00Z,988.0,990.5,988.0,989.5,0
2024-12-10T01:00:00Z,990.0,991.5,988.5,990.25,0
2024-12-10T02:00:00Z,990.5,992.5,990.0,992.5,0
2024-12-10T03:00:00Z,992.5,992.5,990.75,991.0,0
2024-12-10T04:00:00Z,991.25,991.25,990.5,991.0,0
2024-12-10T05:00:00Z,991.0,991.5,990.0,991.5,0
2024-12-10T06:00:00Z,991.25,992.5,990.5,991.75,0
2024-12-10T07:00:00Z,991.5,992.0,991.0,991.25,0
2024-12-10T08:00:00Z,991.5,992.0,991.0,991.0,0
2024-12-10T09:00:00Z,991.25,992.0,990.75,991.5,0
2024-12-10T10:00:00Z,991.5,992.75,991.5,992.0,0
2024-12-10T11:00:00Z,992.0,992.75,991.5,992.75,0
2024-12-10T12:00:00Z,992.75,994.5,991.5,994.25,0
2024-12-10T13:00:00Z,994.25,995.5,993.5,994.0,0
2024-12-10T14:00:00Z,993.75,997.25,993.0,996.75,0
2024-12-10T15:00:00Z,997.0,1000.0,995.75,996.5,0
2024-12-10T16:00:00Z,996.25,997.0,993.25,995.5,0
2024-12-10T17:00:00Z,996.25,1000.0,990.5,994.75,0
2024-12-10T18:00:00Z,994.5,999.5,994.5,996.0,0
2024-12-10T19:00:00Z,996.0,996.5,993.75,995.25,0
2024-12-11T01:00:00Z,994.0,997.5,993.5,997.0,0
2024-12-11T02:00:00Z,996.75,997.5,995.5,996.25,0
2024-12-11T03:00:00Z,996.5,997.0,995.0,995.0,0
2024-12-11T04:00:00Z,995.25,995.25,994.75,994.75,0
2024-12-11T05:00:00Z,994.75,997.0,994.25,997.0,0
2024-12-11T06:00:00Z,997.25,997.5,995.75,996.75,0
2024-12-11T07:00:00Z,996.5,996.75,993.5,993.75,0
2024-12-11T08:00:00Z,993.5,994.5,993.25,993.75,0
2024-12-11T09:00:00Z,993.75,993.75,991.25,991.25,0
2024-12-11T10:00:00Z,991.5,992.5,991.25,992.25,0
2024-12-11T11:00:00Z,992.0,992.25,991.0,991.25,0
2024-12-11T12:00:00Z,991.0,993.5,988.25,988.25,0
2024-12-11T13:00:00Z,988.5,991.75,988.0,991.25,0
2024-12-11T14:00:00Z,991.25,997.0,990.75,996.25,0
2024-12-11T15:00:00Z,996.5,1001.0,996.0,997.5,0
2024-12-11T16:00:00Z,997.5,1000.75,997.25,999.5,0
2024-12-11T17:00:00Z,999.75,1000.0,997.0,999.5,0
2024-12-11T18:00:00Z,999.5,1000.0,996.25,997.75,0
2024-12-11T19:00:00Z,997.75,998.0,995.0,995.5,0
2024-12-12T01:00:00Z,995.0,995.5,990.25,991.5,0
2024-12-12T02:00:00Z,991.75,993.0,991.5,992.5,0
2024-12-12T03:00:00Z,992.5,995.0,992.5,994.5,0
2024-12-12T04:00:00Z,994.75,994.75,993.5,994.25,0
2024-12-12T05:00:00Z,994.5,994.75,993.75,994.5,0
2024-12-12T06:00:00Z,994.5,995.25,993.0,993.0,0
2024-12-12T07:00:00Z,993.0,994.0,992.0,992.25,0
2024-12-12T08:00:00Z,992.5,992.75,991.0,992.0,0
2024-12-12T09:00:00Z,992.0,993.0,991.5,992.75,0
2024-12-12T10:00:00Z,992.75,994.5,992.25,994.5,0
2024-12-12T11:00:00Z,994.5,996.0,994.0,994.75,0
2024-12-12T12:00:00Z,994.75,997.0,994.75,996.25,0
2024-12-12T13:00:00Z,996.25,998.25,994.5,996.25,0
2024-12-12T14:00:00Z,996.0,997.0,992.5,995.25,0
2024-12-12T15:00:00Z,995.25,997.5,992.5,993.5,0
2024-12-12T16:00:00Z,993.75,996.0,990.5,991.0,0
2024-12-12T17:00:00Z,990.75,991.25,988.5,989.75,0
2024-12-12T18:00:00Z,989.75,996.5,989.75,995.0,0
2024-12-12T19:00:00Z,995.0,996.5,994.25,995.25,0
2024-12-13T01:00:00Z,994.25,995.0,991.0,992.25,0
2024-12-13T02:00:00Z,992.25,993.0,990.5,992.25,0
2024-12-13T03:00:00Z,992.0,992.0,991.25,991.25,0
2024-12-13T04:00:00Z,991.5,991.5,991.0,991.25,0
2024-12-13T05:00:00Z,991.25,991.5,990.5,991.25,0
2024-12-13T06:00:00Z,990.75,991.25,990.5,991.0,0
2024-12-13T07:00:00Z,990.75,991.0,990.5,990.75,0
2024-12-13T08:00:00Z,990.75,991.25,990.25,990.25,0
2024-12-13T09:00:00Z,990.25,990.5,988.75,989.5,0
2024-12-13T10:00:00Z,989.75,990.75,988.0,990.75,0
2024-12-13T11:00:00Z,990.75,992.0,990.75,991.5,0
2024-12-13T12:00:00Z,991.5,994.25,991.5,993.5,0
2024-12-13T13:00:00Z,993.25,993.75,990.5,990.75,0
2024-12-13T14:00:00Z,990.5,992.0,988.25,989.5,0
2024-12-13T15:00:00Z,989.25,992.0,988.25,991.0,0
2024-12-13T16:00:00Z,990.75,991.0,986.25,987.25,0
2024-12-13T17:00:00Z,987.25,989.0,986.0,987.0,0
2024-12-13T18:00:00Z,987.0,989.25,986.25,988.5,0
2024-12-13T19:00:00Z,988.5,989.0,986.75,988.75,0
2024-12-16T01:00:00Z,987.5,991.25,987.0,989.25,0
2024-12-16T02:00:00Z,989.25,992.75,988.5,991.75,0
2024-12-16T03:00:00Z,991.5,992.5,991.25,991.5,0
2024-12-16T04:00:00Z,991.75,991.75,991.0,991.25,0
2024-12-16T05:00:00Z,991.25,991.25,990.75,991.0,0
2024-12-16T06:00:00Z,991.0,992.75,990.75,992.5,0
2024-12-16T07:00:00Z,992.25,992.5,991.75,992.5,0
2024-12-16T08:00:00Z,992.5,993.0,992.0,992.0,0
2024-12-16T09:00:00Z,992.0,993.5,991.5,993.0,0
2024-12-16T10:00:00Z,993.25,993.25,990.25,990.25,0
2024-12-16T11:00:00Z,990.5,993.0,990.25,992.25,0
2024-12-16T12:00:00Z,992.0,992.75,991.0,991.25,0
2024-12-16T13:00:00Z,991.25,992.5,990.75,992.25,0
2024-12-16T14:00:00Z,992.5,993.25,989.25,989.5,0
2024-12-16T15:00:00Z,989.5,993.25,984.5,984.5,0
2024-12-16T16:00:00Z,984.75,987.75,984.25,987.75,0
2024-12-16T17:00:00Z,987.75,988.5,984.5,985.25,0
2024-12-16T18:00:00Z,985.25,985.75,981.25,982.25,0
2024-12-16T19:00:00Z,982.25,983.25,981.0,982.75,0
2024-12-17T01:00:00Z,986.5,989.75,986.0,989.75,0
2024-12-17T02:00:00Z,989.25,990.0,987.75,988.5,0
2024-12-17T03:00:00Z,988.25,989.0,987.25,988.0,0
2024-12-17T04:00:00Z,987.75,987.75,986.75,986.75,0
2024-12-17T05:00:00Z,986.75,988.0,986.75,987.75,0
2024-12-17T06:00:00Z,987.75,989.25,987.75,989.25,0
2024-12-17T07:00:00Z,989.25,989.25,987.0,987.0,0
2024-12-17T08:00:00Z,987.0,988.25,984.25,984.75,0
2024-12-17T09:00:00Z,985.0,985.75,984.5,985.25,0
2024-12-17T10:00:00Z,985.25,986.25,984.5,985.25,0
2024-12-17T11:00:00Z,985.25,985.75,985.0,985.75,0
2024-12-17T12:00:00Z,985.5,986.0,984.75,984.75,0
2024-12-17T13:00:00Z,985.0,985.25,979.5,980.25,0
2024-12-17T14:00:00Z,980.5,981.25,977.25,977.25,0
2024-12-17T15:00:00Z,977.25,978.0,973.75,973.75,0
2024-12-17T16:00:00Z,973.75,976.25,972.0,976.25,0
2024-12-17T17:00:00Z,976.25,977.75,974.25,975.75,0
2024-12-17T18:00:00Z,975.75,977.75,975.25,976.5,0
2024-12-17T19:00:00Z,976.75,979.5,976.5,978.75,0
2024-12-18T01:00:00Z,978.75,979.5,976.0,976.5,0
2024-12-18T02:00:00Z,976.25,976.75,973.25,973.25,0
2024-12-18T03:00:00Z,973.0,974.5,971.25,971.5,0
2024-12-18T04:00:00Z,971.5,972.0,970.5,970.75,0
2024-12-18T05:00:00Z,970.75,972.0,970.75,971.75,0
2024-12-18T06:00:00Z,971.5,971.75,968.75,969.5,0
2024-12-18T07:00:00Z,969.75,970.25,968.5,968.75,0
2024-12-18T08:00:00Z,969.0,969.75,967.75,968.25,0
2024-12-18T09:00:00Z,968.25,968.5,967.0,968.5,0
2024-12-18T10:00:00Z,968.25,971.0,968.25,968.75,0
2024-12-18T11:00:00Z,968.5,968.75,967.75,968.0,0
2024-12-18T12:00:00Z,967.75,968.75,964.25,964.5,0
2024-12-18T13:00:00Z,964.75,965.5,963.75,965.0,0
2024-12-18T14:00:00Z,965.5,970.0,964.0,966.75,0
2024-12-18T15:00:00Z,966.5,967.0,958.75,959.25,0
2024-12-18T16:00:00Z,959.25,961.25,956.25,958.75,0
2024-12-18T17:00:00Z,958.5,960.75,954.5,955.25,0
2024-12-18T18:00:00Z,955.25,956.5,954.0,955.75,0
2024-12-18T19:00:00Z,955.75,956.25,952.0,953.0,0
2024-12-19T01:00:00Z,952.0,954.75,951.5,953.25,0
2024-12-19T02:00:00Z,953.25,953.5,951.75,952.0,0
2024-12-19T03:00:00Z,952.25,952.5,948.5,949.5,0
2024-12-19T04:00:00Z,949.75,950.25,949.5,949.5,0
2024-12-19T05:00:00Z,949.5,950.25,947.0,947.75,0
2024-12-19T06:00:00Z,947.75,953.0,947.5,952.0,0
2024-12-19T07:00:00Z,952.0,956.0,952.0,956.0,0
2024-12-19T08:00:00Z,955.75,957.25,953.5,955.0,0
2024-12-19T09:00:00Z,955.25,957.75,955.0,955.0,0
2024-12-19T10:00:00Z,955.25,955.75,952.5,952.5,0
2024-12-19T11:00:00Z,952.5,953.5,951.5,952.0,0
2024-12-19T12:00:00Z,952.25,955.25,951.25,951.25,0
2024-12-19T13:00:00Z,951.5,958.25,951.0,958.0,0
2024-12-19T14:00:00Z,956.0,961.75,955.75,957.75,0
2024-12-19T15:00:00Z,957.5,962.75,956.0,961.5,0
2024-12-19T16:00:00Z,961.5,962.25,958.5,960.75,0
2024-12-19T17:00:00Z,960.5,965.0,959.5,964.5,0
2024-12-19T18:00:00Z,964.5,967.5,963.5,967.0,0
2024-12-19T19:00:00Z,966.75,968.5,965.25,966.0,0
2024-12-20T01:00:00Z,966.0,967.75,964.0,964.25,0
2024-12-20T02:00:00Z,964.25,965.5,963.25,964.75,0
2024-12-20T03:00:00Z,964.75,969.5,964.0,967.25,0
2024-12-20T04:00:00Z,967.5,968.0,966.5,968.0,0
2024-12-20T05:00:00Z,968.0,970.5,967.5,970.0,0
2024-12-20T06:00:00Z,970.0,974.0,969.5,973.0,0
2024-12-20T07:00:00Z,973.0,973.75,972.0,973.75,0
2024-12-20T08:00:00Z,973.5,973.75,972.75,973.5,0
2024-12-20T09:00:00Z,973.5,974.5,973.0,974.5,0
2024-12-20T10:00:00Z,974.25,974.25,973.25,973.25,0
2024-12-20T11:00:00Z,973.5,974.0,972.0,972.0,0
2024-12-20T12:00:00Z,972.25,975.0,972.0,974.5,0
2024-12-20T13:00:00Z,974.25,975.25,973.25,974.0,0
2024-12-20T14:00:00Z,973.0,980.0,971.75,978.5,0
2024-12-20T15:00:00Z,978.75,980.0,977.5,978.5,0
2024-12-20T16:00:00Z,978.5,979.25,976.0,978.75,0
2024-12-20T17:00:00Z,978.75,981.5,977.0,980.5,0
2024-12-20T18:00:00Z,980.5,982.25,980.25,981.75,0
2024-12-20T19:00:00Z,981.75,982.0,979.0,979.75,0
2024-12-23T01:00:00Z,979.5,984.0,979.25,981.5,0
2024-12-23T02:00:00Z,981.5,982.0,980.25,981.75,0
2024-12-23T03:00:00Z,981.75,982.5,980.5,981.75,0
2024-12-23T04:00:00Z,982.0,982.25,980.75,980.75,0
2024-12-23T05:00:00Z,980.75,982.0,979.5,979.5,0
2024-12-23T06:00:00Z,980.0,980.5,979.25,980.0,0
2024-12-23T07:00:00Z,979.75,981.75,979.5,979.5,0
2024-12-23T08:00:00Z,979.5,981.0,979.0,981.0,0
2024-12-23T09:00:00Z,980.75,981.75,980.25,981.25,0
2024-12-23T10:00:00Z,981.5,982.0,980.25,981.0,0
2024-12-23T11:00:00Z,981.0,982.25,980.25,980.75,0
2024-12-23T12:00:00Z,981.0,981.75,979.75,979.75,0
2024-12-23T13:00:00Z,980.0,981.0,976.5,976.75,0
2024-12-23T14:00:00Z,976.75,980.0,976.5,978.0,0
2024-12-23T15:00:00Z,978.25,979.0,972.75,974.0,0
2024-12-23T16:00:00Z,974.0,977.5,973.75,976.25,0
2024-12-23T17:00:00Z,976.25,978.5,975.5,976.25,0
2024-12-23T18:00:00Z,976.25,977.5,975.5,977.0,0
2024-12-23T19:00:00Z,976.75,977.0,974.5,975.25,0
2024-12-24T01:00:00Z,974.5,977.75,974.25,976.75,0
2024-12-24T02:00:00Z,977.0,977.5,975.75,976.25,0
2024-12-24T03:00:00Z,976.25,976.5,972.0,972.25,0
2024-12-24T04:00:00Z,972.5,972.75,971.75,972.25,0
2024-12-24T05:00:00Z,972.5,974.0,971.75,974.0,0
2024-12-24T06:00:00Z,974.0,978.5,973.5,978.0,0
2024-12-24T07:00:00Z,977.75,979.75,977.5,978.75,0
2024-12-24T08:00:00Z,979.0,979.5,978.0,978.25,0
2024-12-24T09:00:00Z,978.5,979.25,977.0,979.25,0
2024-12-24T10:00:00Z,979.0,979.25,978.0,978.25,0
2024-12-24T11:00:00Z,978.5,979.75,978.25,979.5,0
2024-12-24T12:00:00Z,979.75,980.0,977.75,978.0,0
2024-12-24T13:00:00Z,978.0,979.0,976.5,978.5,0
2024-12-24T14:00:00Z,977.5,980.5,977.5,979.0,0
2024-12-24T15:00:00Z,979.0,980.0,977.75,979.25,0
2024-12-24T16:00:00Z,979.0,979.75,977.25,977.75,0
2024-12-24T17:00:00Z,977.75,981.75,977.5,981.25,0
2024-12-24T18:00:00Z,981.25,981.25,979.75,979.75,0
2024-12-26T14:30:00Z,985.0,991.75,981.0,990.75,0
2024-12-26T15:30:00Z,991.0,997.25,990.0,993.5,0
2024-12-26T16:30:00Z,993.75,996.75,993.25,994.0,0
2024-12-26T17:30:00Z,994.0,997.0,993.5,996.75,0
2024-12-26T18:30:00Z,996.75,998.0,995.25,996.75,0
2024-12-27T01:00:00Z,995.75,996.75,993.75,995.75,0
2024-12-27T02:00:00Z,995.75,998.0,995.25,997.5,0
2024-12-27T03:00:00Z,997.25,998.25,996.5,997.0,0
2024-12-27T04:00:00Z,997.0,997.0,996.5,996.75,0
2024-12-27T05:00:00Z,996.5,996.75,995.0,995.0,0
2024-12-27T06:00:00Z,994.75,995.25,994.0,994.25,0
2024-12-27T07:00:00Z,994.5,995.75,994.25,995.75,0
2024-12-27T08:00:00Z,995.75,997.5,994.25,996.75,0
2024-12-27T09:00:00Z,996.75,996.75,994.75,994.75,0
2024-12-27T10:00:00Z,994.5,995.0,994.0,994.75,0
2024-12-27T11:00:00Z,994.75,995.0,994.0,994.5,0
2024-12-27T12:00:00Z,994.25,995.0,993.5,994.75,0
2024-12-27T13:00:00Z,995.0,996.5,994.0,995.75,0
2024-12-27T14:00:00Z,995.5,997.25,992.75,994.5,0
2024-12-27T15:00:00Z,994.5,995.0,989.25,993.25,0
2024-12-27T16:00:00Z,993.25,993.25,989.75,992.25,0
2024-12-27T17:00:00Z,992.25,993.25,990.25,990.75,0
2024-12-27T18:00:00Z,991.0,991.25,988.5,989.25,0
2024-12-27T19:00:00Z,989.25,991.5,988.75,990.25,0
2024-12-30T01:00:00Z,994.25,996.25,989.75,990.25,0
2024-12-30T02:00:00Z,990.0,990.25,989.0,990.0,0
2024-12-30T03:00:00Z,989.75,990.25,989.25,990.0,0
2024-12-30T04:00:00Z,990.0,991.0,989.75,990.5,0
2024-12-30T05:00:00Z,990.5,991.0,989.25,990.5,0
2024-12-30T06:00:00Z,990.5,995.5,990.5,995.25,0
2024-12-30T07:00:00Z,995.0,996.5,994.75,996.5,0
2024-12-30T08:00:00Z,996.5,997.0,994.75,996.0,0
2024-12-30T09:00:00Z,996.25,996.25,993.75,995.0,0
2024-12-30T10:00:00Z,994.75,994.75,993.0,993.75,0
2024-12-30T11:00:00Z,994.0,994.75,993.5,994.75,0
2024-12-30T12:00:00Z,994.5,999.5,994.5,998.0,0
2024-12-30T13:00:00Z,998.25,1002.5,996.5,1002.25,0
2024-12-30T14:00:00Z,1002.5,1004.5,999.5,1000.25,0
2024-12-30T15:00:00Z,1000.25,1000.5,990.25,990.25,0
2024-12-30T16:00:00Z,990.25,991.5,987.5,989.5,0
2024-12-30T17:00:00Z,989.5,991.5,986.75,987.75,0
2024-12-30T18:00:00Z,987.75,990.5,987.0,989.75,0
2024-12-30T19:00:00Z,990.0,993.25,990.0,992.25,0
2024-12-31T01:00:00Z,991.0,993.5,991.0,992.75,0
2024-12-31T02:00:00Z,993.0,993.5,992.0,993.25,0
2024-12-31T03:00:00Z,993.0,993.5,992.5,992.5,0
2024-12-31T04:00:00Z,992.75,992.75,991.75,992.75,0
2024-12-31T05:00:00Z,992.5,992.5,991.0,991.25,0
2024-12-31T06:00:00Z,991.0,998.5,990.75,997.25,0
2024-12-31T07:00:00Z,997.25,997.25,994.5,995.0,0
2024-12-31T08:00:00Z,994.75,996.25,994.0,996.0,0
2024-12-31T09:00:00Z,995.75,997.0,994.5,997.0,0
2024-12-31T10:00:00Z,997.0,997.0,994.75,997.0,0
2024-12-31T11:00:00Z,996.75,996.75,995.25,996.5,0
2024-12-31T12:00:00Z,996.5,996.75,992.75,994.0,0
2024-12-31T13:00:00Z,994.0,997.0,993.5,995.75,0
2024-12-31T14:00:00Z,995.25,999.0,995.25,998.75,0
2024-12-31T15:00:00Z,998.75,1006.5,997.5,1003.75,0
2024-12-31T16:00:00Z,1003.75,1007.0,1002.25,1004.25,0
2024-12-31T17:00:00Z,1004.5,1004.75,1000.0,1004.0,0
2024-12-31T18:00:00Z,1004.0,1011.0,1003.75,1010.0,0
2024-12-31T19:00:00Z,1010.0,1012.0,1009.0,1010.0,0
2025-01-02T14:30:00Z,1010.0,1010.5,1003.5,1005.0,0
2025-01-02T15:30:00Z,1005.0,1015.75,1004.75,1014.5,0
2025-01-02T16:30:00Z,1014.25,1015.25,1008.25,1015.25,0
2025-01-02T17:30:00Z,1015.0,1015.75,1010.5,1010.5,0
2025-01-02T18:30:00Z,1010.75,1013.0,1010.25,1012.25,0
2025-01-03T01:00:00Z,1011.0,1014.75,1009.5,1011.25,0
2025-01-03T02:00:00Z,1011.0,1015.5,1010.5,1014.5,0
2025-01-03T03:00:00Z,1014.5,1015.0,1011.25,1013.0,0
2025-01-03T04:00:00Z,1013.25,1014.75,1013.25,1014.5,0
2025-01-03T05:00:00Z,1014.25,1014.25,1008.75,1010.0,0
2025-01-03T06:00:00Z,1009.75,1009.75,1007.0,1008.5,0
2025-01-03T07:00:00Z,1008.75,1008.75,1005.75,1006.0,0
2025-01-03T08:00:00Z,1006.0,1008.0,1006.0,1007.0,0
2025-01-03T09:00:00Z,1007.25,1007.5,1006.0,1006.75,0
2025-01-03T10:00:00Z,1006.5,1008.0,1006.5,1006.5,0
2025-01-03T11:00:00Z,1006.75,1007.0,1005.75,1006.0,0
2025-01-03T12:00:00Z,1006.0,1006.5,1003.5,1004.75,0
2025-01-03T13:00:00Z,1004.75,1006.25,1001.25,1005.5,0
2025-01-03T14:00:00Z,1007.75,1008.75,999.25,1000.5,0
2025-01-03T15:00:00Z,1000.25,1000.25,991.75,992.5,0
2025-01-03T16:00:00Z,992.75,994.5,990.0,992.0,0
2025-01-03T17:00:00Z,991.75,992.0,988.0,989.0,0
2025-01-03T18:00:00Z,989.0,993.5,988.75,990.5,0
2025-01-03T19:00:00Z,990.5,992.5,990.5,991.75,0
2025-01-06T01:00:00Z,993.75,1004.75,993.25,1003.25,0
2025-01-06T02:00:00Z,1003.5,1004.75,1002.0,1003.0,0
2025-01-06T03:00:00Z,1002.75,1003.0,1000.25,1001.0,0
2025-01-06T04:00:00Z,1001.0,1002.5,1001.0,1002.25,0
2025-01-06T05:00:00Z,1002.25,1002.5,999.75,1000.0,0
2025-01-06T06:00:00Z,1000.0,1000.75,999.5,1000.25,0
2025-01-06T07:00:00Z,1000.0,1001.5,999.0,1001.25,0
2025-01-06T08:00:00Z,1001.25,1004.5,1001.25,1003.25,0
2025-01-06T09:00:00Z,1003.25,1004.75,1003.25,1004.0,0
2025-01-06T10:00:00Z,1004.0,1005.0,1001.75,1002.25,0
2025-01-06T11:00:00Z,1002.25,1006.0,1001.5,1005.25,0
2025-01-06T12:00:00Z,1005.0,1008.5,1003.25,1007.5,0
2025-01-06T13:00:00Z,1007.5,1009.5,1007.5,1008.75,0
2025-01-06T14:00:00Z,1005.25,1008.75,1004.5,1006.5,0
2025-01-06T15:00:00Z,1006.5,1009.75,1001.75,1002.25,0
2025-01-06T16:00:00Z,1002.25,1004.5,1001.0,1002.5,0
2025-01-06T17:00:00Z,1002.5,1002.75,999.0,1001.0,0
2025-01-06T18:00:00Z,1001.25,1001.5,997.0,997.5,0
2025-01-06T19:00:00Z,997.75,998.25,995.25,996.25,0
2025-01-07T01:00:00Z,997.0,997.0,989.0,992.25,0
2025-01-07T02:00:00Z,992.0,992.75,990.75,992.5,0
2025-01-07T03:00:00Z,992.5,992.5,990.0,991.0,0
2025-01-07T04:00:00Z,991.0,991.5,990.75,991.25,0
2025-01-07T05:00:00Z,991.25,992.0,990.0,990.0,0
2025-01-07T06:00:00Z,990.0,990.75,988.5,989.25,0
2025-01-07T07:00:00Z,989.25,989.75,986.0,986.25,0
2025-01-07T08:00:00Z,986.25,987.75,985.5,986.25,0
2025-01-07T09:00:00Z,986.5,989.0,986.5,989.0,0
2025-01-07T10:00:00Z,989.5,990.75,987.0,990.5,0
2025-01-07T11:00:00Z,990.25,991.0,989.25,990.5,0
2025-01-07T12:00:00Z,990.5,991.25,987.75,988.25,0
2025-01-07T13:00:00Z,988.0,988.75,986.0,986.5,0
2025-01-07T14:00:00Z,987.25,993.0,986.25,990.25,0
2025-01-07T15:00:00Z,990.25,995.5,988.25,993.5,0
2025-01-07T16:00:00Z,993.5,995.75,990.75,993.5,0
2025-01-07T17:00:00Z,993.5,997.25,991.5,997.25,0
2025-01-07T18:00:00Z,997.25,998.25,996.0,998.0,0
2025-01-07T19:00:00Z,998.0,998.25,996.0,997.25,0
2025-01-08T01:00:00Z,996.75,997.25,994.0,995.25,0
2025-01-08T02:00:00Z,995.0,995.75,994.75,995.25,0
2025-01-08T03:00:00Z,995.25,996.0,994.5,995.5,0
2025-01-08T04:00:00Z,995.75,997.0,995.5,996.75,0
2025-01-08T05:00:00Z,996.75,999.5,996.75,999.25,0
2025-01-08T06:00:00Z,999.0,999.75,996.0,996.5,0
2025-01-08T07:00:00Z,996.25,997.0,995.0,995.0,0
2025-01-08T08:00:00Z,995.0,997.5,994.75,997.5,0
2025-01-08T09:00:00Z,997.5,999.75,997.0,999.75,0
2025-01-08T10:00:00Z,999.5,999.75,997.5,998.0,0
2025-01-08T11:00:00Z,998.0,1001.0,997.75,998.75,0
2025-01-08T12:00:00Z,998.75,999.25,995.25,995.5,0
2025-01-08T13:00:00Z,995.75,995.75,993.25,994.75,0
2025-01-08T14:00:00Z,994.5,997.0,992.25,995.75,0
2025-01-08T15:00:00Z,996.0,998.5,995.0,997.75,0
2025-01-08T16:00:00Z,997.75,999.25,995.5,997.0,0
2025-01-08T17:00:00Z,997.25,999.25,996.0,998.5,0
2025-01-08T18:00:00Z,998.25,998.5,991.75,993.75,0
2025-01-08T19:00:00Z,993.5,995.5,993.25,994.0,0
2025-01-09T01:00:00Z,994.0,994.75,991.0,991.75,0
2025-01-09T02:00:00Z,992.0,992.25,990.5,992.0,0
2025-01-09T03:00:00Z,992.0,992.75,991.5,991.75,0
2025-01-09T04:00:00Z,991.5,991.75,990.5,990.75,0
2025-01-09T05:00:00Z,990.5,990.75,989.25,989.5,0
2025-01-09T06:00:00Z,989.75,990.25,987.5,987.75,0
2025-01-09T07:00:00Z,987.75,988.0,986.75,986.75,0
2025-01-09T08:00:00Z,987.0,989.0,985.75,988.25,0
2025-01-09T09:00:00Z,988.5,989.25,988.0,988.25,0
2025-01-09T10:00:00Z,988.25,988.25,986.0,986.75,0
2025-01-09T11:00:00Z,986.75,989.0,986.5,987.5,0
2025-01-09T12:00:00Z,987.75,990.75,987.0,990.75,0
2025-01-09T13:00:00Z,990.5,991.25,988.75,990.0,0
2025-01-09T14:00:00Z,989.75,992.0,989.5,990.5,0
2025-01-09T15:00:00Z,990.5,995.5,989.5,991.75,0
2025-01-09T16:00:00Z,992.0,995.5,990.75,994.0,0
2025-01-09T17:00:00Z,993.75,1000.0,993.5,999.0,0
2025-01-09T18:00:00Z,999.0,999.25,995.75,996.75,0
2025-01-10T01:00:00Z,996.5,1004.25,996.5,1002.5,0
2025-01-10T02:00:00Z,1002.5,1003.75,999.75,1000.5,0
2025-01-10T03:00:00Z,1000.5,1001.0,999.0,1000.0,0
2025-01-10T04:00:00Z,1000.0,1000.5,999.75,1000.25,0
2025-01-10T05:00:00Z,1000.5,1002.75,1000.5,1001.75,0
2025-01-10T06:00:00Z,1001.75,1003.0,1000.25,1002.5,0
2025-01-10T07:00:00Z,1002.5,1005.0,1002.5,1004.5,0
2025-01-10T08:00:00Z,1004.5,1005.75,1002.75,1005.25,0
2025-01-10T09:00:00Z,1005.5,1005.75,1003.25,1005.25,0
2025-01-10T10:00:00Z,1005.0,1005.25,1004.0,1004.25,0
2025-01-10T11:00:00Z,1004.25,1006.75,1004.25,1006.5,0
2025-01-10T12:00:00Z,1006.25,1007.25,1001.25,1003.5,0
2025-01-10T13:00:00Z,1003.5,1004.0,1000.0,1002.0,0
2025-01-10T14:00:00Z,1001.25,1007.0,1001.0,1006.25,0
2025-01-10T15:00:00Z,1006.25,1007.5,1003.5,1003.75,0
2025-01-10T16:00:00Z,1003.75,1008.5,1001.25,1007.0,0
2025-01-10T17:00:00Z,1007.75,1033.5,1007.75,1019.5,0
2025-01-10T18:00:00Z,1019.5,1023.0,1015.75,1023.0,0
2025-01-10T19:00:00Z,1022.75,1027.0,1022.75,1026.5,0
2025-01-13T01:00:00Z,1024.75,1034.25,1024.25,1030.75,0
2025-01-13T02:00:00Z,1030.75,1033.0,1029.5,1032.25,0
2025-01-13T03:00:00Z,1032.25,1034.0,1031.5,1033.75,0
2025-01-13T04:00:00Z,1033.75,1034.75,1032.5,1033.5,0
2025-01-13T05:00:00Z,1033.75,1037.25,1033.5,1035.75,0
2025-01-13T06:00:00Z,1035.75,1037.0,1034.25,1034.75,0
2025-01-13T07:00:00Z,1034.75,1034.75,1031.0,1033.75,0
2025-01-13T08:00:00Z,1033.75,1035.25,1032.0,1034.0,0
2025-01-13T09:00:00Z,1033.75,1036.5,1032.0,1035.25,0
2025-01-13T10:00:00Z,1035.0,1036.5,1034.25,1036.25,0
2025-01-13T11:00:00Z,1036.25,1036.25,1034.0,1035.75,0
2025-01-13T12:00:00Z,1036.0,1036.25,1033.0,1033.25,0
2025-01-13T13:00:00Z,1033.25,1033.5,1026.5,1027.25,0
2025-01-13T14:00:00Z,1027.25,1033.75,1026.5,1032.25,0
2025-01-13T15:00:00Z,1032.25,1041.5,1032.25,1041.25,0
2025-01-13T16:00:00Z,1041.5,1046.5,1040.5,1044.75,0
2025-01-13T17:00:00Z,1044.75,1045.25,1040.5,1044.75,0
2025-01-13T18:00:00Z,1044.75,1050.75,1044.0,1050.0,0
2025-01-13T19:00:00Z,1050.25,1053.5,1050.0,1052.0,0
2025-01-14T01:00:00Z,1051.25,1051.5,1046.5,1051.0,0
2025-01-14T02:00:00Z,1051.0,1053.5,1049.75,1052.75,0
2025-01-14T03:00:00Z,1053.0,1054.75,1052.25,1053.25,0
2025-01-14T04:00:00Z,1053.0,1053.25,1052.0,1052.75,0
2025-01-14T05:00:00Z,1053.0,1054.0,1051.25,1053.75,0
2025-01-14T06:00:00Z,1053.75,1055.75,1051.5,1051.75,0
2025-01-14T07:00:00Z,1051.75,1054.75,1051.5,1054.75,0
2025-01-14T08:00:00Z,1054.75,1056.75,1054.5,1056.75,0
2025-01-14T09:00:00Z,1056.5,1056.75,1049.75,1050.25,0
2025-01-14T10:00:00Z,1050.5,1052.25,1049.25,1051.5,0
2025-01-14T11:00:00Z,1051.5,1052.25,1050.25,1052.25,0
2025-01-14T12:00:00Z,1052.0,1052.5,1048.5,1051.25,0
2025-01-14T13:00:00Z,1051.5,1053.25,1049.5,1050.0,0
2025-01-14T14:00:00Z,1050.0,1059.5,1048.0,1058.75,0
2025-01-14T15:00:00Z,1058.75,1064.0,1051.25,1052.0,0
2025-01-14T16:00:00Z,1052.0,1056.0,1049.5,1056.0,0
2025-01-14T17:00:00Z,1056.0,1056.25,1047.25,1048.25,0
2025-01-14T18:00:00Z,1048.25,1048.75,1043.75,1043.75,0
2025-01-14T19:00:00Z,1043.75,1048.0,1043.25,1046.25,0
2025-01-15T01:00:00Z,1046.0,1050.25,1044.0,1049.75,0
2025-01-15T02:00:00Z,1049.5,1050.25,1048.25,1049.75,0
2025-01-15T03:00:00Z,1049.5,1051.0,1049.0,1049.5,0
2025-01-15T04:00:00Z,1049.75,1050.0,1049.25,1049.5,0
2025-01-15T05:00:00Z,1049.5,1049.75,1049.0,1049.75,0
2025-01-15T06:00:00Z,1049.75,1051.0,1049.25,1050.5,0
2025-01-15T07:00:00Z,1050.25,1051.25,1049.75,1050.75,0
2025-01-15T08:00:00Z,1050.5,1051.0,1048.25,1049.0,0
2025-01-15T09:00:00Z,1048.75,1049.5,1046.5,1049.25,0
2025-01-15T10:00:00Z,1049.25,1050.75,1049.0,1050.5,0
2025-01-15T11:00:00Z,1050.25,1050.75,1049.0,1049.0,0
2025-01-15T12:00:00Z,1049.0,1049.75,1046.5,1049.0,0
2025-01-15T13:00:00Z,1049.25,1052.0,1048.25,1050.0,0
2025-01-15T14:00:00Z,1051.0,1054.0,1047.5,1048.25,0
2025-01-15T15:00:00Z,1048.0,1049.0,1044.5,1046.5,0
2025-01-15T16:00:00Z,1046.25,1050.5,1045.0,1050.25,0
2025-01-15T17:00:00Z,1050.5,1051.5,1046.75,1050.0,0
2025-01-15T18:00:00Z,1050.0,1050.25,1039.75,1040.75,0
2025-01-15T19:00:00Z,1040.75,1043.75,1039.75,1042.75,0
2025-01-16T01:00:00Z,1042.0,1042.75,1035.25,1035.25,0
2025-01-16T02:00:00Z,1035.5,1037.75,1035.25,1036.5,0
2025-01-16T03:00:00Z,1036.5,1036.5,1033.75,1034.25,0
2025-01-16T04:00:00Z,1034.25,1034.5,1033.5,1033.5,0
2025-01-16T05:00:00Z,1033.75,1034.0,1031.75,1033.5,0
2025-01-16T06:00:00Z,1033.5,1034.25,1030.0,1031.75,0
2025-01-16T07:00:00Z,1031.75,1032.75,1030.75,1031.25,0
2025-01-16T08:00:00Z,1031.25,1031.75,1028.5,1030.0,0
2025-01-16T09:00:00Z,1030.5,1032.5,1030.0,1031.75,0
2025-01-16T10:00:00Z,1032.0,1032.25,1029.25,1029.5,0
2025-01-16T11:00:00Z,1029.25,1030.25,1028.0,1029.0,0
2025-01-16T12:00:00Z,1029.25,1029.75,1026.5,1027.75,0
2025-01-16T13:00:00Z,1028.0,1029.25,1025.5,1028.0,0
2025-01-16T14:00:00Z,1028.5,1030.5,1026.0,1026.5,0
2025-01-16T15:00:00Z,1026.75,1028.5,1022.5,1024.0,0
2025-01-16T16:00:00Z,1024.0,1024.5,1020.25,1023.25,0
2025-01-16T17:00:00Z,1023.25,1025.5,1020.75,1023.0,0
2025-01-16T18:00:00Z,1022.75,1023.75,1020.25,1020.75,0
2025-01-16T19:00:00Z,1021.0,1021.75,1018.5,1020.0,0
2025-01-17T01:00:00Z,1019.0,1025.25,1019.0,1024.75,0
2025-01-17T02:00:00Z,1024.5,1025.75,1023.75,1025.0,0
2025-01-17T03:00:00Z,1025.0,1026.75,1024.5,1024.75,0
2025-01-17T04:00:00Z,1024.75,1025.0,1024.0,1024.0,0
2025-01-17T05:00:00Z,1024.0,1024.25,1022.75,1023.0,0
2025-01-17T06:00:00Z,1023.0,1025.75,1022.75,1023.25,0
2025-01-17T07:00:00Z,1023.25,1026.75,1022.75,1026.25,0
2025-01-17T08:00:00Z,1026.0,1026.5,1024.25,1025.0,0
2025-01-17T09:00:00Z,1025.25,1026.0,1024.25,1025.0,0
2025-01-17T10:00:00Z,1024.75,1025.0,1022.75,1023.75,0
2025-01-17T11:00:00Z,1024.0,1024.5,1022.0,1022.5,0
2025-01-17T12:00:00Z,1022.5,1023.0,1021.0,1022.75,0
2025-01-17T13:00:00Z,1022.75,1031.5,1019.0,1029.5,0
2025-01-17T14:00:00Z,1028.0,1029.5,1023.25,1027.5,0
2025-01-17T15:00:00Z,1027.25,1038.75,1026.5,1038.25,0
2025-01-17T16:00:00Z,1038.5,1039.0,1034.0,1037.75,0
2025-01-17T17:00:00Z,1037.75,1038.25,1030.25,1037.25,0
2025-01-17T18:00:00Z,1037.25,1037.5,1033.0,1033.25,0
2025-01-17T19:00:00Z,1033.0,1035.5,1032.0,1035.5,0
2025-01-21T01:00:00Z,1045.0,1045.5,1039.0,1044.0,0
2025-01-21T02:00:00Z,1043.75,1048.75,1043.5,1048.5,0
2025-01-21T03:00:00Z,1048.25,1049.0,1046.75,1047.0,0
2025-01-21T04:00:00Z,1047.0,1048.0,1046.75,1047.25,0
2025-01-21T05:00:00Z,1047.25,1051.5,1047.0,1051.0,0
2025-01-21T06:00:00Z,1050.75,1053.0,1049.5,1051.5,0
2025-01-21T07:00:00Z,1051.5,1051.5,1047.0,1047.0,0
2025-01-21T08:00:00Z,1047.25,1050.5,1047.25,1050.0,0
2025-01-21T09:00:00Z,1050.5,1053.0,1049.5,1052.0,0
2025-01-21T10:00:00Z,1052.0,1057.25,1052.0,1053.25,0
2025-01-21T11:00:00Z,1053.25,1054.5,1047.75,1048.25,0
2025-01-21T12:00:00Z,1048.25,1052.25,1047.75,1052.25,0
2025-01-21T13:00:00Z,1052.25,1057.0,1051.25,1055.5,0
2025-01-21T14:00:00Z,1055.0,1061.25,1047.0,1047.0,0
2025-01-21T15:00:00Z,1046.75,1051.75,1046.0,1048.5,0
2025-01-21T16:00:00Z,1048.5,1058.25,1048.5,1055.0,0
2025-01-21T17:00:00Z,1055.0,1059.0,1054.75,1058.75,0
2025-01-21T18:00:00Z,1059.0,1063.75,1057.75,1062.0,0
2025-01-21T19:00:00Z,1062.25,1068.0,1062.0,1067.5,0
2025-01-22T01:00:00Z,1066.0,1066.25,1056.75,1058.25,0
2025-01-22T02:00:00Z,1058.25,1063.75,1057.5,1062.75,0
2025-01-22T03:00:00Z,1062.75,1066.75,1062.75,1064.0,0
2025-01-22T04:00:00Z,1064.0,1066.5,1063.5,1065.5,0
2025-01-22T05:00:00Z,1065.5,1067.0,1064.75,1066.75,0
2025-01-22T06:00:00Z,1066.5,1066.5,1060.25,1062.0,0
2025-01-22T07:00:00Z,1061.5,1064.0,1061.5,1063.0,0
2025-01-22T08:00:00Z,1063.5,1064.75,1061.25,1064.5,0
2025-01-22T09:00:00Z,1064.5,1065.25,1062.5,1064.25,0
2025-01-22T10:00:00Z,1064.0,1064.75,1062.75,1062.75,0
2025-01-22T11:00:00Z,1063.0,1064.5,1062.0,1063.5,0
2025-01-22T12:00:00Z,1064.0,1064.5,1060.5,1061.0,0
2025-01-22T13:00:00Z,1061.25,1070.5,1061.25,1069.5,0
2025-01-22T14:00:00Z,1069.0,1073.5,1064.25,1065.0,0
2025-01-22T15:00:00Z,1065.25,1069.0,1061.0,1063.5,0
2025-01-22T16:00:00Z,1063.5,1063.75,1055.25,1060.0,0
2025-01-22T17:00:00Z,1059.75,1061.5,1051.75,1056.5,0
2025-01-22T18:00:00Z,1056.25,1059.5,1053.25,1054.0,0
2025-01-22T19:00:00Z,1054.25,1057.75,1053.75,1056.5,0
2025-01-23T01:00:00Z,1055.0,1058.75,1052.75,1057.0,0
2025-01-23T02:00:00Z,1056.75,1057.0,1050.25,1051.5,0
2025-01-23T03:00:00Z,1051.5,1054.0,1050.25,1052.75,0
2025-01-23T04:00:00Z,1052.75,1053.75,1052.25,1053.75,0
2025-01-23T05:00:00Z,1053.5,1054.0,1052.0,1052.75,0
2025-01-23T06:00:00Z,1053.0,1053.5,1050.5,1051.25,0
2025-01-23T07:00:00Z,1051.25,1052.0,1050.25,1050.25,0
2025-01-23T08:00:00Z,1050.5,1051.25,1047.75,1049.5,0
2025-01-23T09:00:00Z,1049.25,1051.75,1048.25,1050.75,0
2025-01-23T10:00:00Z,1051.25,1054.25,1051.0,1053.25,0
2025-01-23T11:00:00Z,1053.0,1055.25,1053.0,1054.25,0
2025-01-23T12:00:00Z,1054.25,1058.75,1052.25,1058.0,0
2025-01-23T13:00:00Z,1058.0,1060.75,1055.75,1058.25,0
2025-01-23T14:00:00Z,1058.25,1063.0,1057.25,1061.25,0
2025-01-23T15:00:00Z,1061.25,1067.0,1060.25,1064.5,0
2025-01-23T16:00:00Z,1064.25,1069.5,1064.0,1068.0,0
2025-01-23T17:00:00Z,1068.0,1072.25,1067.0,1072.0,0
2025-01-23T18:00:00Z,1072.0,1076.25,1067.0,1067.25,0
2025-01-23T19:00:00Z,1067.5,1069.0,1063.75,1064.0,0
2025-01-24T01:00:00Z,1051.0,1054.0,1046.75,1053.75,0
2025-01-24T02:00:00Z,1053.5,1055.5,1053.0,1054.75,0
2025-01-24T03:00:00Z,1055.0,1055.5,1054.25,1054.5,0
2025-01-24T04:00:00Z,1054.75,1055.75,1054.75,1055.0,0
2025-01-24T05:00:00Z,1054.75,1055.75,1053.0,1053.25,0
2025-01-24T06:00:00Z,1053.5,1057.0,1051.25,1052.0,0
2025-01-24T07:00:00Z,1051.75,1054.75,1051.25,1054.5,0
2025-01-24T08:00:00Z,1054.75,1055.75,1053.25,1055.25,0
2025-01-24T09:00:00Z,1055.0,1056.5,1054.5,1056.0,0
2025-01-24T10:00:00Z,1055.75,1055.75,1052.0,1052.5,0
2025-01-24T11:00:00Z,1052.75,1053.5,1049.0,1049.75,0
2025-01-24T12:00:00Z,1049.75,1052.75,1049.5,1050.5,0
2025-01-24T13:00:00Z,1050.75,1054.5,1048.0,1054.25,0
2025-01-24T14:00:00Z,1054.0,1060.5,1053.5,1055.25,0
2025-01-24T15:00:00Z,1055.25,1061.5,1054.5,1058.25,0
2025-01-24T16:00:00Z,1058.0,1063.0,1057.25,1057.25,0
2025-01-24T17:00:00Z,1057.25,1058.75,1054.25,1054.25,0
2025-01-24T18:00:00Z,1054.25,1056.75,1053.0,1056.5,0
2025-01-24T19:00:00Z,1056.75,1057.0,1054.0,1054.75,0
2025-01-27T01:00:00Z,1050.0,1050.0,1040.0,1042.0,0
2025-01-27T02:00:00Z,1041.75,1043.5,1041.0,1042.0,0
2025-01-27T03:00:00Z,1042.0,1048.5,1042.0,1047.25,0
2025-01-27T04:00:00Z,1047.25,1048.0,1046.5,1047.5,0
2025-01-27T05:00:00Z,1047.5,1049.0,1046.5,1048.25,0
2025-01-27T06:00:00Z,1048.5,1049.75,1046.75,1047.5,0
2025-01-27T07:00:00Z,1047.0,1047.25,1044.5,1045.25,0
2025-01-27T08:00:00Z,1045.25,1048.5,1045.0,1048.0,0
2025-01-27T09:00:00Z,1048.25,1049.0,1046.75,1048.25,0
2025-01-27T10:00:00Z,1048.0,1050.75,1048.0,1049.5,0
2025-01-27T11:00:00Z,1049.25,1051.0,1047.25,1047.25,0
2025-01-27T12:00:00Z,1047.5,1048.25,1045.25,1045.5,0
2025-01-27T13:00:00Z,1045.75,1046.5,1044.0,1045.25,0
2025-01-27T14:00:00Z,1044.25,1049.5,1042.75,1044.75,0
2025-01-27T15:00:00Z,1044.75,1047.0,1042.0,1043.25,0
2025-01-27T16:00:00Z,1043.25,1045.0,1042.0,1044.75,0
2025-01-27T17:00:00Z,1044.75,1049.5,1044.5,1046.25,0
2025-01-27T18:00:00Z,1046.0,1047.75,1044.25,1046.25,0
2025-01-27T19:00:00Z,1046.0,1046.5,1044.5,1045.5,0
2025-01-28T01:00:00Z,1042.75,1047.0,1042.0,1044.75,0
2025-01-28T02:00:00Z,1044.75,1047.25,1044.5,1045.0,0
2025-01-28T03:00:00Z,1045.25,1046.0,1044.25,1044.25,0
2025-01-28T04:00:00Z,1044.5,1045.25,1043.75,1045.0,0
2025-01-28T05:00:00Z,1045.0,1045.75,1044.25,1044.75,0
2025-01-28T06:00:00Z,1045.0,1045.25,1043.25,1043.25,0
2025-01-28T07:00:00Z,1043.0,1043.25,1041.0,1042.0,0
2025-01-28T08:00:00Z,1042.0,1043.0,1041.25,1042.5,0
2025-01-28T09:00:00Z,1042.25,1044.25,1041.25,1043.5,0
2025-01-28T10:00:00Z,1043.75,1044.25,1041.75,1043.25,0
2025-01-28T11:00:00Z,1043.25,1046.5,1042.5,1046.25,0
2025-01-28T12:00:00Z,1045.75,1049.25,1045.5,1047.75,0
2025-01-28T13:00:00Z,1047.75,1049.0,1046.75,1048.25,0
2025-01-28T14:00:00Z,1047.25,1050.75,1042.5,1044.5,0
2025-01-28T15:00:00Z,1044.5,1049.75,1041.75,1043.75,0
2025-01-28T16:00:00Z,1044.0,1046.0,1042.5,1043.25,0
2025-01-28T17:00:00Z,1043.25,1046.0,1042.25,1046.0,0
2025-01-28T18:00:00Z,1046.25,1050.25,1046.0,1047.25,0
2025-01-28T19:00:00Z,1047.5,1047.75,1044.5,1045.75,0
2025-01-29T01:00:00Z,1045.0,1048.5,1044.5,1048.5,0
2025-01-29T02:00:00Z,1048.5,1052.0,1048.25,1051.75,0
2025-01-29T03:00:00Z,1051.75,1053.75,1051.0,1053.0,0
2025-01-29T04:00:00Z,1052.75,1053.25,1052.5,1052.75,0
2025-01-29T05:00:00Z,1052.75,1053.25,1051.75,1052.25,0
2025-01-29T06:00:00Z,1052.0,1053.0,1052.0,1052.75,0
2025-01-29T07:00:00Z,1052.5,1052.75,1051.5,1051.5,0
2025-01-29T08:00:00Z,1051.5,1053.25,1051.25,1052.25,0
2025-01-29T09:00:00Z,1052.0,1052.25,1049.0,1049.5,0
2025-01-29T10:00:00Z,1049.75,1050.75,1049.25,1050.25,0
2025-01-29T11:00:00Z,1050.5,1053.25,1050.5,1053.0,0
2025-01-29T12:00:00Z,1053.0,1054.25,1051.5,1053.5,0
2025-01-29T13:00:00Z,1053.25,1054.5,1051.0,1052.75,0
2025-01-29T14:00:00Z,1052.5,1054.5,1049.5,1053.75,0
2025-01-29T15:00:00Z,1053.75,1059.5,1052.25,1056.5,0
2025-01-29T16:00:00Z,1056.75,1061.75,1056.0,1060.5,0
2025-01-29T17:00:00Z,1060.75,1061.0,1056.75,1057.5,0
2025-01-29T18:00:00Z,1057.5,1060.0,1056.25,1058.75,0
2025-01-29T19:00:00Z,1059.0,1061.75,1058.5,1059.75,0
2025-01-30T01:00:00Z,1060.0,1060.5,1056.5,1058.25,0
2025-01-30T02:00:00Z,1058.0,1058.0,1055.5,1056.25,0
2025-01-30T03:00:00Z,1055.75,1056.0,1055.0,1055.0,0
2025-01-30T04:00:00Z,1055.25,1055.25,1054.5,1054.75,0
2025-01-30T05:00:00Z,1054.75,1055.0,1053.75,1054.0,0
2025-01-30T06:00:00Z,1053.75,1054.0,1051.75,1053.0,0
2025-01-30T07:00:00Z,1052.75,1054.25,1052.75,1053.75,0
2025-01-30T08:00:00Z,1054.0,1055.5,1053.5,1055.25,0
2025-01-30T09:00:00Z,1055.25,1055.25,1052.75,1053.25,0
2025-01-30T10:00:00Z,1053.25,1053.75,1052.25,1053.0,0
2025-01-30T11:00:00Z,1053.0,1054.25,1052.5,1053.75,0
2025-01-30T12:00:00Z,1053.75,1053.75,1050.25,1050.75,0
2025-01-30T13:00:00Z,1051.0,1051.5,1048.5,1049.75,0
2025-01-30T14:00:00Z,1049.75,1052.0,1045.0,1046.0,0
2025-01-30T15:00:00Z,1046.0,1046.5,1043.0,1044.0,0
2025-01-30T16:00:00Z,1044.25,1046.25,1043.5,1044.0,0
2025-01-30T17:00:00Z,1043.75,1045.25,1042.0,1042.25,0
2025-01-30T18:00:00Z,1042.25,1046.25,1042.25,1043.5,0
2025-01-30T19:00:00Z,1043.75,1045.25,1043.5,1044.0,0
2025-01-31T01:00:00Z,1042.75,1045.75,1041.0,1043.75,0
2025-01-31T02:00:00Z,1044.0,1044.0,1040.75,1041.5,0
2025-01-31T03:00:00Z,1041.25,1042.0,1040.25,1041.0,0
2025-01-31T04:00:00Z,1041.0,1041.25,1040.5,1040.75,0
2025-01-31T05:00:00Z,1040.75,1041.5,1039.0,1040.25,0
2025-01-31T06:00:00Z,1040.5,1043.25,1040.5,1042.5,0
2025-01-31T07:00:00Z,1042.25,1044.0,1042.0,1043.0,0
2025-01-31T08:00:00Z,1043.0,1043.75,1040.25,1041.0,0
2025-01-31T09:00:00Z,1041.25,1041.5,1038.5,1038.75,0
2025-01-31T10:00:00Z,1039.0,1039.75,1038.0,1038.25,0
2025-01-31T11:00:00Z,1038.25,1038.75,1037.5,1037.5,0
2025-01-31T12:00:00Z,1037.5,1038.75,1036.0,1036.25,0
2025-01-31T13:00:00Z,1036.5,1036.75,1034.0,1034.75,0
2025-01-31T14:00:00Z,1034.0,1043.0,1034.0,1041.25,0
2025-01-31T15:00:00Z,1041.25,1048.0,1041.0,1046.0,0
2025-01-31T16:00:00Z,1046.25,1050.5,1045.25,1049.5,0
2025-01-31T17:00:00Z,1049.75,1052.0,1044.0,1047.25,0
2025-01-31T18:00:00Z,1047.25,1050.5,1038.5,1041.25,0
2025-01-31T19:00:00Z,1041.5,1045.0,1040.25,1044.5,0
2025-02-03T01:00:00Z,1032.0,1042.0,1032.0,1034.75,0
2025-02-03T02:00:00Z,1034.75,1035.75,1032.75,1035.25,0
2025-02-03T03:00:00Z,1035.25,1035.5,1031.75,1032.75,0
2025-02-03T04:00:00Z,1032.5,1035.0,1032.5,1033.5,0
2025-02-03T05:00:00Z,1033.25,1035.5,1033.25,1035.5,0
2025-02-03T06:00:00Z,1035.5,1035.5,1033.0,1033.0,0
2025-02-03T07:00:00Z,1032.75,1035.75,1032.75,1032.75,0
2025-02-03T08:00:00Z,1032.75,1036.25,1032.5,1035.25,0
2025-02-03T09:00:00Z,1035.0,1038.25,1034.75,1036.0,0
2025-02-03T10:00:00Z,1036.0,1036.5,1033.75,1035.0,0
2025-02-03T11:00:00Z,1035.25,1036.0,1034.25,1034.5,0
2025-02-03T12:00:00Z,1034.75,1037.25,1034.0,1035.0,0
2025-02-03T13:00:00Z,1035.25,1045.25,1035.25,1043.25,0
2025-02-03T14:00:00Z,1043.0,1049.0,1039.75,1046.0,0
2025-02-03T15:00:00Z,1045.75,1056.75,1042.25,1056.25,0
2025-02-03T16:00:00Z,1056.5,1060.25,1055.25,1055.75,0
2025-02-03T17:00:00Z,1055.75,1056.0,1051.0,1052.0,0
2025-02-03T18:00:00Z,1052.0,1059.25,1051.5,1057.75,0
2025-02-03T19:00:00Z,1057.75,1059.25,1055.75,1056.5,0
2025-02-04T01:00:00Z,1057.5,1058.0,1052.75,1057.0,0
2025-02-04T02:00:00Z,1056.75,1057.25,1052.5,1054.0,0
2025-02-04T03:00:00Z,1053.75,1054.25,1052.75,1053.5,0
2025-02-04T04:00:00Z,1053.5,1054.5,1053.25,1054.0,0
2025-02-04T05:00:00Z,1053.75,1053.75,1049.0,1049.5,0
2025-02-04T06:00:00Z,1049.75,1052.75,1048.25,1052.5,0
2025-02-04T07:00:00Z,1052.25,1056.25,1051.0,1055.5,0
2025-02-04T08:00:00Z,1055.25,1057.5,1054.25,1057.5,0
2025-02-04T09:00:00Z,1057.25,1057.25,1054.0,1054.25,0
2025-02-04T10:00:00Z,1054.0,1058.75,1053.75,1057.75,0
2025-02-04T11:00:00Z,1057.75,1060.25,1057.0,1060.25,0
2025-02-04T12:00:00Z,1060.0,1060.5,1054.0,1054.25,0
2025-02-04T13:00:00Z,1054.5,1055.75,1053.25,1055.25,0
2025-02-04T14:00:00Z,1054.0,1062.5,1053.5,1062.0,0
2025-02-04T15:00:00Z,1062.25,1071.0,1061.25,1066.75,0
2025-02-04T16:00:00Z,1066.75,1072.25,1065.5,1071.75,0
2025-02-04T17:00:00Z,1071.75,1075.5,1068.0,1073.75,0
2025-02-04T18:00:00Z,1073.75,1077.25,1072.5,1073.25,0
2025-02-04T19:00:00Z,1073.25,1076.0,1073.0,1075.25,0
2025-02-05T01:00:00Z,1073.5,1075.25,1070.5,1071.0,0
2025-02-05T02:00:00Z,1071.0,1072.25,1068.0,1068.75,0
2025-02-05T03:00:00Z,1068.75,1071.5,1068.75,1071.0,0
2025-02-05T04:00:00Z,1071.0,1072.75,1070.0,1072.5,0
2025-02-05T05:00:00Z,1072.75,1075.0,1072.25,1075.0,0
2025-02-05T06:00:00Z,1075.0,1078.0,1075.0,1076.75,0
2025-02-05T07:00:00Z,1076.75,1077.75,1076.0,1077.0,0
2025-02-05T08:00:00Z,1077.0,1079.75,1077.0,1078.0,0
2025-02-05T09:00:00Z,1077.75,1078.75,1076.5,1078.0,0
2025-02-05T10:00:00Z,1078.0,1078.0,1076.5,1077.5,0
2025-02-05T11:00:00Z,1077.5,1077.5,1071.75,1073.75,0
2025-02-05T12:00:00Z,1073.5,1075.5,1072.0,1074.75,0
2025-02-05T13:00:00Z,1075.0,1076.75,1066.5,1068.5,0
2025-02-05T14:00:00Z,1067.25,1068.75,1060.25,1062.25,0
2025-02-05T15:00:00Z,1062.25,1063.75,1057.0,1059.0,0
2025-02-05T16:00:00Z,1059.0,1062.25,1058.25,1058.5,0
2025-02-05T17:00:00Z,1058.5,1059.5,1054.5,1056.75,0
2025-02-05T18:00:00Z,1057.0,1057.5,1053.0,1053.75,0
2025-02-05T19:00:00Z,1053.5,1058.75,1053.0,1058.75,0
2025-02-06T01:00:00Z,1057.25,1058.75,1055.0,1056.0,0
2025-02-06T02:00:00Z,1056.0,1059.5,1055.75,1059.25,0
2025-02-06T03:00:00Z,1059.5,1060.0,1058.25,1059.25,0
2025-02-06T04:00:00Z,1059.0,1059.25,1058.25,1058.5,0
2025-02-06T05:00:00Z,1058.5,1060.25,1058.25,1059.75,0
2025-02-06T06:00:00Z,1060.0,1062.25,1060.0,1060.25,0
2025-02-06T07:00:00Z,1060.5,1064.25,1060.5,1062.75,0
2025-02-06T08:00:00Z,1062.75,1064.5,1062.0,1064.0,0
2025-02-06T09:00:00Z,1064.0,1066.25,1063.5,1064.75,0
2025-02-06T10:00:00Z,1065.0,1066.5,1064.75,1065.5,0
2025-02-06T11:00:00Z,1065.5,1066.5,1064.75,1065.75,0
2025-02-06T12:00:00Z,1065.75,1065.75,1062.5,1064.5,0
2025-02-06T13:00:00Z,1064.5,1064.75,1061.5,1062.25,0
2025-02-06T14:00:00Z,1061.25,1062.0,1049.75,1050.5,0
2025-02-06T15:00:00Z,1050.5,1056.5,1050.25,1051.5,0
2025-02-06T16:00:00Z,1051.5,1062.0,1051.0,1058.75,0
2025-02-06T17:00:00Z,1058.5,1059.0,1054.25,1057.75,0
2025-02-06T18:00:00Z,1057.5,1060.0,1055.5,1057.5,0
2025-02-06T19:00:00Z,1057.5,1062.0,1057.25,1061.75,0
2025-02-07T01:00:00Z,1060.5,1063.0,1057.75,1062.5,0
2025-02-07T02:00:00Z,1062.5,1063.0,1060.0,1062.5,0
2025-02-07T03:00:00Z,1062.5,1062.75,1060.0,1061.0,0
2025-02-07T04:00:00Z,1061.0,1061.25,1059.75,1061.0,0
2025-02-07T05:00:00Z,1061.0,1063.0,1060.75,1061.75,0
2025-02-07T06:00:00Z,1061.5,1063.75,1058.75,1059.5,0
2025-02-07T07:00:00Z,1059.5,1059.5,1057.5,1058.0,0
2025-02-07T08:00:00Z,1058.25,1059.75,1056.0,1057.5,0
2025-02-07T09:00:00Z,1057.75,1058.25,1056.25,1058.0,0
2025-02-07T10:00:00Z,1058.0,1058.75,1057.0,1057.75,0
2025-02-07T11:00:00Z,1058.0,1058.25,1055.75,1056.0,0
2025-02-07T12:00:00Z,1056.25,1056.25,1052.0,1052.25,0
2025-02-07T13:00:00Z,1052.25,1056.0,1051.0,1055.0,0
2025-02-07T14:00:00Z,1055.0,1055.75,1051.5,1053.0,0
2025-02-07T15:00:00Z,1053.0,1055.75,1047.75,1050.0,0
2025-02-07T16:00:00Z,1050.0,1051.0,1047.5,1049.25,0
2025-02-07T17:00:00Z,1049.5,1052.75,1048.5,1049.0,0
2025-02-07T18:00:00Z,1049.0,1050.0,1048.0,1048.75,0
2025-02-07T19:00:00Z,1049.0,1049.75,1048.25,1048.5,0
2025-02-10T01:00:00Z,1046.5,1051.25,1043.0,1050.25,0
2025-02-10T02:00:00Z,1050.25,1051.0,1047.75,1048.75,0
2025-02-10T03:00:00Z,1049.0,1049.0,1046.25,1046.25,0
2025-02-10T04:00:00Z,1046.0,1047.5,1046.0,1046.25,0
2025-02-10T05:00:00Z,1046.25,1048.75,1043.5,1044.5,0
2025-02-10T06:00:00Z,1044.5,1046.25,1043.5,1044.75,0
2025-02-10T07:00:00Z,1045.0,1046.5,1044.0,1044.0,0
2025-02-10T08:00:00Z,1044.0,1046.0,1044.0,1045.25,0
2025-02-10T09:00:00Z,1045.5,1049.0,1045.5,1046.75,0
2025-02-10T10:00:00Z,1046.5,1048.75,1046.5,1048.25,0
2025-02-10T11:00:00Z,1048.25,1049.0,1047.25,1048.25,0
2025-02-10T12:00:00Z,1048.25,1049.75,1046.5,1049.25,0
2025-02-10T13:00:00Z,1049.0,1050.0,1046.25,1047.0,0
2025-02-10T14:00:00Z,1047.75,1052.25,1046.25,1050.25,0
2025-02-10T15:00:00Z,1050.25,1051.75,1047.25,1049.0,0
2025-02-10T16:00:00Z,1049.0,1050.75,1047.25,1048.0,0
2025-02-10T17:00:00Z,1047.75,1050.5,1047.5,1050.0,0
2025-02-10T18:00:00Z,1049.75,1050.75,1047.75,1048.25,0
2025-02-10T19:00:00Z,1048.25,1050.0,1048.0,1049.25,0
2025-02-11T01:00:00Z,1049.0,1050.75,1046.0,1049.25,0
2025-02-11T02:00:00Z,1049.25,1050.0,1046.0,1048.25,0
2025-02-11T03:00:00Z,1048.0,1049.25,1047.25,1048.25,0
2025-02-11T04:00:00Z,1048.0,1048.75,1048.0,1048.25,0
2025-02-11T05:00:00Z,1048.25,1050.0,1048.0,1050.0,0
2025-02-11T06:00:00Z,1050.0,1052.25,1049.25,1049.5,0
2025-02-11T07:00:00Z,1049.25,1050.5,1048.5,1049.5,0
2025-02-11T08:00:00Z,1049.5,1051.75,1049.5,1050.75,0
2025-02-11T09:00:00Z,1050.5,1053.0,1050.5,1051.5,0
2025-02-11T10:00:00Z,1051.5,1053.0,1050.75,1052.25,0
2025-02-11T11:00:00Z,1052.0,1054.5,1051.0,1053.75,0
2025-02-11T12:00:00Z,1053.5,1054.25,1051.25,1053.5,0
2025-02-11T13:00:00Z,1053.75,1053.75,1047.5,1050.0,0
2025-02-11T14:00:00Z,1050.0,1053.25,1050.0,1052.25,0
2025-02-11T15:00:00Z,1052.0,1057.0,1051.5,1055.25,0
2025-02-11T16:00:00Z,1055.25,1056.75,1053.0,1055.0,0
2025-02-11T17:00:00Z,1055.25,1055.25,1045.75,1048.75,0
2025-02-11T18:00:00Z,1048.75,1049.0,1044.0,1045.75,0
2025-02-11T19:00:00Z,1045.75,1046.0,1041.5,1043.75,0
2025-02-12T01:00:00Z,1043.5,1047.0,1042.5,1045.25,0
2025-02-12T02:00:00Z,1045.5,1046.5,1045.25,1045.5,0
2025-02-12T03:00:00Z,1045.25,1045.5,1043.25,1044.0,0
2025-02-12T04:00:00Z,1044.0,1045.0,1043.75,1044.5,0
2025-02-12T05:00:00Z,1044.5,1044.5,1042.5,1043.0,0
2025-02-12T06:00:00Z,1043.0,1044.25,1042.25,1042.75,0
2025-02-12T07:00:00Z,1042.5,1043.75,1040.5,1042.25,0
2025-02-12T08:00:00Z,1042.0,1043.25,1037.75,1038.25,0
2025-02-12T09:00:00Z,1038.0,1039.75,1037.75,1038.5,0
2025-02-12T10:00:00Z,1038.75,1039.0,1037.0,1038.25,0
2025-02-12T11:00:00Z,1038.25,1039.75,1037.25,1038.5,0
2025-02-12T12:00:00Z,1038.5,1038.75,1035.25,1035.25,0
2025-02-12T13:00:00Z,1035.25,1036.25,1034.25,1034.75,0
2025-02-12T14:00:00Z,1035.25,1042.5,1033.5,1039.5,0
2025-02-12T15:00:00Z,1039.5,1039.75,1027.75,1029.25,0
2025-02-12T16:00:00Z,1029.0,1030.5,1025.75,1026.5,0
2025-02-12T17:00:00Z,1026.5,1029.25,1024.5,1026.75,0
2025-02-12T18:00:00Z,1026.75,1029.75,1025.5,1025.75,0
2025-02-12T19:00:00Z,1026.0,1028.75,1026.0,1028.25,0
2025-02-13T01:00:00Z,1028.5,1031.0,1028.25,1030.75,0
2025-02-13T02:00:00Z,1030.5,1031.75,1029.75,1031.25,0
2025-02-13T03:00:00Z,1031.0,1032.0,1029.75,1031.25,0
2025-02-13T04:00:00Z,1031.25,1031.5,1030.5,1031.5,0
2025-02-13T05:00:00Z,1031.5,1032.0,1030.0,1030.25,0
2025-02-13T06:00:00Z,1030.0,1031.75,1029.75,1031.0,0
2025-02-13T07:00:00Z,1030.75,1032.0,1030.25,1031.0,0
2025-02-13T08:00:00Z,1031.0,1032.5,1031.0,1032.0,0
2025-02-13T09:00:00Z,1032.0,1032.0,1029.0,1029.25,0
2025-02-13T10:00:00Z,1029.0,1029.0,1027.5,1027.75,0
2025-02-13T11:00:00Z,1027.75,1029.5,1027.5,1027.5,0
2025-02-13T12:00:00Z,1027.25,1029.5,1025.0,1025.5,0
2025-02-13T13:00:00Z,1025.5,1028.0,1024.0,1025.25,0
2025-02-13T14:00:00Z,1025.75,1030.0,1024.75,1028.25,0
2025-02-13T15:00:00Z,1028.25,1029.5,1025.0,1027.0,0
2025-02-13T16:00:00Z,1027.25,1029.25,1026.25,1027.5,0
2025-02-13T17:00:00Z,1027.5,1032.0,1027.25,1031.0,0
2025-02-13T18:00:00Z,1031.25,1031.5,1028.0,1029.5,0
2025-02-13T19:00:00Z,1029.5,1030.75,1029.0,1030.0,0
2025-02-14T01:00:00Z,1047.0,1048.5,1046.5,1047.75,0
2025-02-14T02:00:00Z,1047.5,1048.5,1046.75,1048.25,0
2025-02-14T03:00:00Z,1048.75,1049.0,1047.75,1048.0,0
2025-02-14T04:00:00Z,1048.0,1050.0,1047.75,1050.0,0
2025-02-14T05:00:00Z,1049.75,1052.0,1049.75,1051.25,0
2025-02-14T06:00:00Z,1051.25,1053.0,1051.0,1051.75,0
2025-02-14T07:00:00Z,1051.5,1054.5,1051.5,1054.0,0
2025-02-14T08:00:00Z,1054.25,1054.75,1053.5,1054.25,0
2025-02-14T09:00:00Z,1054.0,1055.75,1054.0,1055.5,0
2025-02-14T10:00:00Z,1055.5,1056.25,1055.25,1055.75,0
2025-02-14T11:00:00Z,1055.75,1057.5,1055.0,1057.0,0
2025-02-14T12:00:00Z,1056.75,1057.25,1054.0,1054.0,0
2025-02-14T13:00:00Z,1054.25,1055.5,1053.25,1054.0,0
2025-02-14T14:00:00Z,1053.25,1059.25,1053.25,1057.0,0
2025-02-14T15:00:00Z,1057.0,1062.5,1056.25,1059.25,0
2025-02-14T16:00:00Z,1059.25,1060.5,1057.0,1059.0,0
2025-02-14T17:00:00Z,1059.0,1059.0,1054.5,1056.25,0
2025-02-14T18:00:00Z,1056.25,1056.75,1052.5,1054.0,0
2025-02-14T19:00:00Z,1054.25,1055.5,1051.75,1053.5,0
2025-02-18T01:00:00Z,1049.0,1050.0,1045.25,1047.0,0
2025-02-18T02:00:00Z,1047.0,1047.0,1045.75,1046.25,0
2025-02-18T03:00:00Z,1046.5,1047.0,1045.25,1045.25,0
2025-02-18T04:00:00Z,1045.5,1045.5,1044.5,1044.75,0
2025-02-18T05:00:00Z,1044.5,1044.75,1043.25,1043.25,0
2025-02-18T06:00:00Z,1043.5,1044.25,1042.5,1043.75,0
2025-02-18T07:00:00Z,1044.0,1046.75,1044.0,1046.0,0
2025-02-18T08:00:00Z,1046.0,1048.75,1046.0,1048.0,0
2025-02-18T09:00:00Z,1048.5,1049.75,1048.0,1048.25,0
2025-02-18T10:00:00Z,1048.25,1050.0,1048.25,1048.5,0
2025-02-18T11:00:00Z,1048.75,1052.25,1048.75,1051.25,0
2025-02-18T12:00:00Z,1050.75,1051.75,1049.5,1051.0,0
2025-02-18T13:00:00Z,1051.25,1055.75,1051.0,1055.5,0
2025-02-18T14:00:00Z,1054.75,1058.0,1052.5,1053.5,0
2025-02-18T15:00:00Z,1053.75,1054.5,1051.25,1053.5,0
2025-02-18T16:00:00Z,1053.75,1056.75,1053.5,1056.5,0
2025-02-18T17:00:00Z,1056.5,1057.0,1053.75,1057.0,0
2025-02-18T18:00:00Z,1057.0,1058.25,1055.5,1056.0,0
2025-02-18T19:00:00Z,1055.75,1055.75,1053.75,1055.0,0
2025-02-19T01:00:00Z,1053.25,1055.75,1053.0,1053.75,0
2025-02-19T02:00:00Z,1054.0,1054.5,1053.25,1053.75,0
2025-02-19T03:00:00Z,1053.75,1054.5,1053.25,1054.5,0
2025-02-19T04:00:00Z,1054.25,1055.0,1054.0,1054.75,0
2025-02-19T05:00:00Z,1054.5,1056.5,1054.25,1055.75,0
2025-02-19T06:00:00Z,1055.75,1056.5,1054.75,1055.75,0
2025-02-19T07:00:00Z,1055.5,1056.0,1055.0,1055.25,0
2025-02-19T08:00:00Z,1055.25,1058.0,1055.25,1057.25,0
2025-02-19T09:00:00Z,1057.25,1058.5,1057.25,1057.25,0
2025-02-19T10:00:00Z,1057.25,1059.25,1056.75,1057.5,0
2025-02-19T11:00:00Z,1057.5,1059.5,1056.5,1059.25,0
2025-02-19T12:00:00Z,1059.25,1059.5,1054.75,1054.75,0
2025-02-19T13:00:00Z,1055.0,1055.75,1053.5,1054.25,0
2025-02-19T14:00:00Z,1054.5,1057.25,1053.75,1056.25,0
2025-02-19T15:00:00Z,1056.25,1064.0,1055.75,1063.0,0
2025-02-19T16:00:00Z,1063.0,1063.25,1058.0,1058.25,0
2025-02-19T17:00:00Z,1058.5,1059.0,1048.0,1050.0,0
2025-02-19T18:00:00Z,1050.0,1051.25,1045.75,1047.25,0
2025-02-19T19:00:00Z,1047.5,1049.25,1047.0,1049.0,0
2025-02-20T01:00:00Z,1049.0,1050.5,1048.25,1050.25,0
2025-02-20T02:00:00Z,1050.0,1053.5,1049.5,1053.5,0
2025-02-20T03:00:00Z,1053.0,1054.5,1052.75,1053.5,0
2025-02-20T04:00:00Z,1053.0,1053.75,1052.5,1053.25,0
2025-02-20T05:00:00Z,1053.5,1056.25,1053.25,1056.25,0
2025-02-20T06:00:00Z,1055.75,1056.75,1054.5,1055.75,0
2025-02-20T07:00:00Z,1055.5,1055.5,1054.5,1054.75,0
2025-02-20T08:00:00Z,1054.75,1056.25,1054.25,1054.5,0
2025-02-20T09:00:00Z,1054.25,1055.0,1053.5,1054.0,0
2025-02-20T10:00:00Z,1054.0,1054.25,1053.5,1054.0,0
2025-02-20T11:00:00Z,1054.25,1054.5,1053.0,1054.0,0
2025-02-20T12:00:00Z,1054.0,1056.5,1051.5,1051.75,0
2025-02-20T13:00:00Z,1052.25,1056.75,1052.0,1056.75,0
2025-02-20T14:00:00Z,1056.5,1058.5,1053.5,1056.75,0
2025-02-20T15:00:00Z,1056.75,1060.75,1055.75,1060.0,0
2025-02-20T16:00:00Z,1060.0,1062.5,1059.25,1059.75,0
2025-02-20T17:00:00Z,1059.75,1062.75,1058.0,1059.5,0
2025-02-20T18:00:00Z,1059.5,1060.5,1057.75,1060.0,0
2025-02-20T19:00:00Z,1060.0,1063.5,1059.5,1061.75,0
2025-02-21T01:00:00Z,1060.75,1065.0,1059.5,1063.25,0
2025-02-21T02:00:00Z,1063.25,1066.0,1062.5,1065.75,0
2025-02-21T03:00:00Z,1066.0,1066.5,1064.75,1065.5,0
2025-02-21T04:00:00Z,1065.25,1066.25,1065.25,1066.0,0
2025-02-21T05:00:00Z,1065.75,1066.75,1065.25,1066.0,0
2025-02-21T06:00:00Z,1066.0,1066.0,1061.75,1062.75,0
2025-02-21T07:00:00Z,1062.5,1065.25,1062.0,1062.5,0
2025-02-21T08:00:00Z,1062.75,1063.5,1060.5,1061.5,0
2025-02-21T09:00:00Z,1061.75,1063.0,1060.75,1061.0,0
2025-02-21T10:00:00Z,1061.5,1062.5,1061.25,1062.5,0
2025-02-21T11:00:00Z,1062.25,1064.0,1061.75,1062.25,0
2025-02-21T12:00:00Z,1062.25,1063.25,1059.0,1060.5,0
2025-02-21T13:00:00Z,1060.5,1063.0,1060.5,1062.75,0
2025-02-21T14:00:00Z,1061.0,1062.5,1055.5,1056.5,0
2025-02-21T15:00:00Z,1056.5,1058.0,1054.75,1056.75,0
2025-02-21T16:00:00Z,1056.5,1059.5,1056.0,1058.25,0
2025-02-21T17:00:00Z,1058.5,1059.25,1054.5,1056.25,0
2025-02-21T18:00:00Z,1056.25,1058.0,1055.25,1057.25,0
2025-02-21T19:00:00Z,1057.5,1057.75,1056.75,1057.25,0
2025-02-24T01:00:00Z,1056.0,1060.0,1055.25,1056.0,0
2025-02-24T02:00:00Z,1056.0,1058.75,1055.25,1057.25,0
2025-02-24T03:00:00Z,1057.5,1057.75,1055.5,1056.5,0
2025-02-24T04:00:00Z,1056.5,1056.5,1055.75,1056.0,0
2025-02-24T05:00:00Z,1056.0,1056.25,1054.25,1054.5,0
2025-02-24T06:00:00Z,1054.25,1055.5,1053.75,1054.75,0
2025-02-24T07:00:00Z,1055.0,1055.75,1053.25,1053.5,0
2025-02-24T08:00:00Z,1053.75,1054.25,1052.5,1053.0,0
2025-02-24T09:00:00Z,1053.25,1053.75,1052.0,1052.5,0
2025-02-24T10:00:00Z,1052.5,1053.75,1051.75,1051.75,0
2025-02-24T11:00:00Z,1051.75,1052.75,1051.75,1052.0,0
2025-02-24T12:00:00Z,1052.0,1055.75,1052.0,1053.75,0
2025-02-24T13:00:00Z,1053.75,1056.5,1053.5,1056.0,0
2025-02-24T14:00:00Z,1056.25,1061.0,1055.5,1056.75,0
2025-02-24T15:00:00Z,1056.5,1057.0,1050.75,1051.25,0
2025-02-24T16:00:00Z,1051.25,1052.0,1048.5,1049.0,0
2025-02-24T17:00:00Z,1049.25,1050.75,1047.0,1047.5,0
2025-02-24T18:00:00Z,1047.5,1051.0,1047.25,1047.75,0
2025-02-24T19:00:00Z,1047.5,1048.0,1045.75,1047.5,0
2025-02-25T01:00:00Z,1047.5,1050.5,1046.75,1049.75,0
2025-02-25T02:00:00Z,1050.0,1052.25,1049.75,1052.25,0
2025-02-25T03:00:00Z,1052.25,1052.75,1051.0,1051.0,0
2025-02-25T04:00:00Z,1051.25,1051.5,1050.75,1051.25,0
2025-02-25T05:00:00Z,1051.25,1053.25,1051.25,1052.75,0
2025-02-25T06:00:00Z,1052.75,1052.75,1050.5,1050.75,0
2025-02-25T07:00:00Z,1050.75,1051.75,1050.0,1050.25,0
2025-02-25T08:00:00Z,1050.25,1052.25,1049.5,1050.5,0
2025-02-25T09:00:00Z,1050.75,1051.75,1048.5,1049.0,0
2025-02-25T10:00:00Z,1049.0,1049.0,1046.75,1047.25,0
2025-02-25T11:00:00Z,1047.25,1047.25,1045.25,1046.0,0
2025-02-25T12:00:00Z,1045.75,1046.5,1043.25,1044.75,0
2025-02-25T13:00:00Z,1044.75,1047.5,1043.5,1045.5,0
2025-02-25T14:00:00Z,1045.5,1046.0,1037.25,1039.25,0
2025-02-25T15:00:00Z,1039.25,1049.0,1039.0,1046.5,0
2025-02-25T16:00:00Z,1046.5,1049.75,1045.5,1047.75,0
2025-02-25T17:00:00Z,1047.5,1047.75,1045.0,1046.75,0
2025-02-25T18:00:00Z,1047.0,1049.25,1046.0,1047.5,0
2025-02-25T19:00:00Z,1047.5,1049.25,1047.0,1049.25,0
2025-02-26T01:00:00Z,1048.0,1050.0,1046.5,1047.5,0
2025-02-26T02:00:00Z,1047.5,1048.25,1046.75,1047.75,0
2025-02-26T03:00:00Z,1047.75,1048.0,1046.25,1046.75,0
2025-02-26T04:00:00Z,1046.5,1046.5,1045.75,1046.0,0
2025-02-26T05:00:00Z,1046.0,1046.0,1044.75,1045.5,0
2025-02-26T06:00:00Z,1045.25,1046.0,1044.25,1046.0,0
2025-02-26T07:00:00Z,1045.75,1046.75,1045.25,1046.5,0
2025-02-26T08:00:00Z,1046.25,1048.25,1046.0,1048.25,0
2025-02-26T09:00:00Z,1048.25,1048.75,1047.0,1047.0,0
2025-02-26T10:00:00Z,1047.25,1048.0,1044.0,1045.0,0
2025-02-26T11:00:00Z,1045.0,1046.25,1042.75,1043.0,0
2025-02-26T12:00:00Z,1043.25,1044.0,1041.75,1043.5,0
2025-02-26T13:00:00Z,1043.75,1048.5,1043.5,1046.25,0
2025-02-26T14:00:00Z,1046.75,1048.5,1039.5,1040.5,0
2025-02-26T15:00:00Z,1040.5,1042.0,1037.75,1038.75,0
2025-02-26T16:00:00Z,1038.75,1042.0,1038.25,1040.5,0
2025-02-26T17:00:00Z,1040.5,1043.25,1040.25,1042.5,0
2025-02-26T18:00:00Z,1042.5,1043.0,1038.0,1040.75,0
2025-02-26T19:00:00Z,1041.0,1042.5,1040.0,1041.5,0
2025-02-27T01:00:00Z,1041.25,1043.75,1040.75,1042.5,0
2025-02-27T02:00:00Z,1042.75,1044.0,1041.5,1042.25,0
2025-02-27T03:00:00Z,1042.25,1045.0,1042.25,1043.25,0
2025-02-27T04:00:00Z,1043.0,1044.0,1042.75,1043.75,0
2025-02-27T05:00:00Z,1044.0,1044.5,1042.0,1044.25,0
2025-02-27T06:00:00Z,1044.25,1047.0,1044.0,1046.25,0
2025-02-27T07:00:00Z,1046.25,1046.5,1044.75,1045.5,0
2025-02-27T08:00:00Z,1045.5,1046.5,1045.0,1045.25,0
2025-02-27T09:00:00Z,1045.25,1048.5,1045.0,1048.0,0
2025-02-27T10:00:00Z,1047.75,1048.75,1047.25,1048.0,0
2025-02-27T11:00:00Z,1048.0,1048.75,1046.0,1046.0,0
2025-02-27T12:00:00Z,1046.0,1049.75,1045.25,1049.25,0
2025-02-27T13:00:00Z,1049.25,1051.25,1046.75,1047.0,0
2025-02-27T14:00:00Z,1044.25,1048.0,1040.75,1045.25,0
2025-02-27T15:00:00Z,1045.25,1047.5,1043.25,1043.5,0
2025-02-27T16:00:00Z,1043.75,1046.0,1043.0,1044.25,0
2025-02-27T17:00:00Z,1044.0,1045.0,1038.5,1042.5,0
2025-02-27T18:00:00Z,1042.5,1042.75,1035.0,1038.5,0
2025-02-27T19:00:00Z,1038.75,1039.0,1036.25,1038.25,0
2025-02-28T01:00:00Z,1037.75,1043.75,1037.5,1042.5,0
2025-02-28T02:00:00Z,1042.5,1044.75,1041.75,1044.0,0
2025-02-28T03:00:00Z,1043.75,1045.75,1042.5,1042.75,0
2025-02-28T04:00:00Z,1042.75,1043.25,1041.75,1042.25,0
2025-02-28T05:00:00Z,1042.25,1043.0,1041.25,1041.75,0
2025-02-28T06:00:00Z,1041.75,1043.75,1041.0,1042.75,0
2025-02-28T07:00:00Z,1042.5,1042.5,1038.75,1039.25,0
2025-02-28T08:00:00Z,1039.25,1041.25,1038.25,1040.5,0
2025-02-28T09:00:00Z,1040.75,1042.25,1040.5,1041.5,0
2025-02-28T10:00:00Z,1041.25,1041.25,1040.0,1040.75,0
2025-02-28T11:00:00Z,1040.75,1041.75,1040.0,1041.5,0
2025-02-28T12:00:00Z,1041.5,1041.5,1038.5,1040.5,0
2025-02-28T13:00:00Z,1040.25,1043.75,1040.25,1042.25,0
2025-02-28T14:00:00Z,1042.0,1044.25,1038.5,1038.5,0
2025-02-28T15:00:00Z,1038.75,1039.75,1028.25,1028.25,0
2025-02-28T16:00:00Z,1028.5,1030.5,1025.5,1029.75,0
2025-02-28T17:00:00Z,1029.75,1033.5,1026.5,1027.0,0
2025-02-28T18:00:00Z,1027.0,1028.25,1025.0,1027.25,0
2025-02-28T19:00:00Z,1027.5,1028.0,1025.0,1025.0,0
2025-03-03T01:00:00Z,1026.0,1031.25,1025.75,1029.25,0
2025-03-03T02:00:00Z,1029.0,1031.0,1029.0,1029.5,0
2025-03-03T03:00:00Z,1029.25,1029.5,1025.5,1026.75,0
2025-03-03T04:00:00Z,1027.0,1027.25,1026.25,1027.0,0
2025-03-03T05:00:00Z,1026.75,1028.0,1025.75,1027.25,0
2025-03-03T06:00:00Z,1027.25,1031.0,1026.0,1028.5,0
2025-03-03T07:00:00Z,1028.5,1028.5,1025.75,1026.25,0
2025-03-03T08:00:00Z,1026.25,1027.25,1025.25,1027.0,0
2025-03-03T09:00:00Z,1026.5,1027.0,1023.25,1024.0,0
2025-03-03T10:00:00Z,1024.25,1025.0,1023.25,1023.25,0
2025-03-03T11:00:00Z,1023.5,1025.75,1023.25,1024.5,0
2025-03-03T12:00:00Z,1024.5,1026.0,1021.5,1022.25,0
2025-03-03T13:00:00Z,1022.5,1025.0,1021.5,1022.0,0
2025-03-03T14:00:00Z,1022.25,1023.5,1016.5,1017.25,0
2025-03-03T15:00:00Z,1017.25,1018.25,1010.0,1010.5,0
2025-03-03T16:00:00Z,1010.5,1014.0,1008.75,1011.0,0
2025-03-03T17:00:00Z,1011.25,1012.75,1008.0,1011.5,0
2025-03-03T18:00:00Z,1011.5,1013.25,1008.25,1011.5,0
2025-03-03T19:00:00Z,1011.75,1014.25,1009.5,1010.75,0
2025-03-04T01:00:00Z,1010.75,1013.0,1003.25,1008.25,0
2025-03-04T02:00:00Z,1008.25,1009.5,1006.75,1008.75,0
2025-03-04T03:00:00Z,1008.75,1012.25,1008.75,1011.0,0
2025-03-04T04:00:00Z,1011.0,1011.5,1009.25,1009.75,0
2025-03-04T05:00:00Z,1009.5,1010.0,1001.0,1008.5,0
2025-03-04T06:00:00Z,1008.5,1009.0,1003.0,1003.75,0
2025-03-04T07:00:00Z,1004.0,1005.5,1003.0,1004.25,0
2025-03-04T08:00:00Z,1004.0,1006.25,1003.5,1004.25,0
2025-03-04T09:00:00Z,1004.25,1005.5,1002.0,1003.75,0
2025-03-04T10:00:00Z,1003.75,1004.5,995.25,996.0,0
2025-03-04T11:00:00Z,996.0,1004.0,995.75,1001.5,0
2025-03-04T12:00:00Z,1001.25,1001.25,997.25,997.25,0
2025-03-04T13:00:00Z,997.25,1002.25,996.25,998.25,0
2025-03-04T14:00:00Z,998.25,1003.0,993.5,995.5,0
2025-03-04T15:00:00Z,995.5,1001.25,992.5,994.25,0
2025-03-04T16:00:00Z,994.0,999.5,991.0,994.5,0
2025-03-04T17:00:00Z,994.5,1005.25,994.5,997.5,0
2025-03-04T18:00:00Z,997.75,1001.0,997.25,997.5,0
2025-03-04T19:00:00Z,997.5,1002.0,996.5,1001.75,0
2025-03-05T01:00:00Z,1004.0,1015.0,1003.25,1003.5,0
2025-03-05T02:00:00Z,1003.5,1004.0,999.75,1000.25,0
2025-03-05T03:00:00Z,1000.0,1002.25,999.0,1002.25,0
2025-03-05T04:00:00Z,1002.25,1003.25,1002.0,1002.0,0
2025-03-05T05:00:00Z,1002.0,1002.5,999.25,999.75,0
2025-03-05T06:00:00Z,999.75,1000.5,997.5,998.5,0
2025-03-05T07:00:00Z,998.5,1003.75,998.5,1002.5,0
2025-03-05T08:00:00Z,1002.25,1006.75,1002.25,1006.75,0
2025-03-05T09:00:00Z,1006.5,1006.5,1004.5,1005.25,0
2025-03-05T10:00:00Z,1005.25,1005.25,1002.75,1004.75,0
2025-03-05T11:00:00Z,1004.75,1008.25,1004.75,1005.75,0
2025-03-05T12:00:00Z,1005.75,1009.0,1005.0,1008.5,0
2025-03-05T13:00:00Z,1008.25,1009.75,1003.25,1004.25,0
2025-03-05T14:00:00Z,1001.5,1002.75,998.25,998.5,0
2025-03-05T15:00:00Z,998.5,1006.25,995.75,1004.5,0
2025-03-05T16:00:00Z,1004.5,1012.0,1004.0,1011.25,0
2025-03-05T17:00:00Z,1011.25,1011.25,1007.25,1009.75,0
2025-03-05T18:00:00Z,1009.5,1013.0,1008.5,1011.0,0
2025-03-05T19:00:00Z,1011.0,1013.75,1010.75,1012.25,0
2025-03-06T01:00:00Z,1015.5,1022.75,1013.75,1016.5,0
2025-03-06T02:00:00Z,1016.25,1019.25,1016.25,1018.75,0
2025-03-06T03:00:00Z,1018.75,1019.25,1017.0,1017.75,0
2025-03-06T04:00:00Z,1017.75,1019.5,1017.75,1019.25,0
2025-03-06T05:00:00Z,1019.25,1019.5,1018.0,1018.75,0
2025-03-06T06:00:00Z,1018.5,1020.75,1018.5,1018.75,0
2025-03-06T07:00:00Z,1019.0,1019.75,1018.25,1018.75,0
2025-03-06T08:00:00Z,1019.0,1019.75,1018.0,1018.75,0
2025-03-06T09:00:00Z,1018.75,1021.5,1017.75,1020.75,0
2025-03-06T10:00:00Z,1020.5,1021.0,1019.25,1020.5,0
2025-03-06T11:00:00Z,1020.5,1021.5,1020.25,1021.5,0
2025-03-06T12:00:00Z,1021.5,1022.0,1016.25,1017.75,0
2025-03-06T13:00:00Z,1017.5,1017.75,1014.5,1017.5,0
2025-03-06T14:00:00Z,1016.5,1021.5,1015.5,1016.0,0
2025-03-06T15:00:00Z,1015.75,1025.5,1014.5,1022.75,0
2025-03-06T16:00:00Z,1023.0,1036.5,1022.5,1026.75,0
2025-03-06T17:00:00Z,1026.75,1030.25,1023.5,1029.5,0
2025-03-06T18:00:00Z,1029.5,1032.5,1028.0,1028.25,0
2025-03-06T19:00:00Z,1028.25,1028.75,1026.75,1028.25,0
2025-03-07T01:00:00Z,1027.25,1029.5,1025.75,1027.75,0
2025-03-07T02:00:00Z,1027.5,1029.0,1027.25,1028.25,0
2025-03-07T03:00:00Z,1028.0,1028.75,1024.75,1024.75,0
2025-03-07T04:00:00Z,1025.0,1025.5,1024.25,1024.75,0
2025-03-07T05:00:00Z,1024.5,1025.5,1024.0,1025.25,0
2025-03-07T06:00:00Z,1025.0,1025.75,1023.5,1023.75,0
2025-03-07T07:00:00Z,1024.0,1025.75,1024.0,1025.0,0
2025-03-07T08:00:00Z,1024.75,1025.25,1023.0,1024.75,0
2025-03-07T09:00:00Z,1024.75,1028.5,1024.5,1027.75,0
2025-03-07T10:00:00Z,1027.75,1030.5,1026.5,1029.5,0
2025-03-07T11:00:00Z,1029.5,1029.5,1026.5,1026.5,0
2025-03-07T12:00:00Z,1026.5,1027.0,1024.75,1026.0,0
2025-03-07T13:00:00Z,1025.75,1027.75,1023.5,1024.5,0
2025-03-07T14:00:00Z,1025.0,1026.0,1021.0,1023.0,0
2025-03-07T15:00:00Z,1023.0,1030.5,1022.75,1027.5,0
2025-03-07T16:00:00Z,1027.5,1031.5,1025.25,1025.25,0
2025-03-07T17:00:00Z,1025.25,1026.75,1022.25,1023.0,0
2025-03-07T18:00:00Z,1023.0,1028.75,1022.75,1026.25,0
2025-03-07T19:00:00Z,1026.5,1026.75,1024.5,1025.25,0
2025-03-10T00:00:00Z,1029.25,1031.5,1026.0,1028.25,0
2025-03-10T01:00:00Z,1028.0,1032.5,1025.25,1026.5,0
2025-03-10T02:00:00Z,1026.5,1027.5,1023.25,1023.25,0
2025-03-10T03:00:00Z,1023.0,1023.75,1022.0,1023.0,0
2025-03-10T04:00:00Z,1023.25,1023.25,1022.0,1022.5,0
2025-03-10T05:00:00Z,1022.25,1022.5,1019.25,1020.0,0
2025-03-10T06:00:00Z,1020.0,1022.5,1019.75,1022.0,0
2025-03-10T07:00:00Z,1022.0,1022.5,1020.25,1020.5,0
2025-03-10T08:00:00Z,1020.5,1021.75,1019.0,1020.5,0
2025-03-10T09:00:00Z,1020.75,1023.0,1020.25,1022.25,0
2025-03-10T10:00:00Z,1022.25,1023.0,1019.75,1020.5,0
2025-03-10T11:00:00Z,1020.25,1023.75,1019.25,1023.5,0
2025-03-10T12:00:00Z,1023.75,1025.5,1023.5,1023.5,0
2025-03-10T13:00:00Z,1023.0,1025.0,1017.5,1017.5,0
2025-03-10T14:00:00Z,1017.5,1018.75,1014.0,1015.75,0
2025-03-10T15:00:00Z,1015.75,1018.25,1015.75,1017.0,0
2025-03-10T16:00:00Z,1017.0,1018.25,1014.5,1016.25,0
2025-03-10T17:00:00Z,1016.0,1016.25,1012.25,1015.0,0
2025-03-10T18:00:00Z,1015.25,1015.5,1013.25,1013.25,0
2025-03-11T00:00:00Z,1013.0,1015.25,1009.75,1013.5,0
2025-03-11T01:00:00Z,1013.5,1013.5,1010.75,1011.75,0
2025-03-11T02:00:00Z,1011.5,1013.5,1010.75,1012.75,0
2025-03-11T03:00:00Z,1013.0,1013.0,1011.5,1012.5,0
2025-03-11T04:00:00Z,1012.5,1012.75,1011.75,1012.25,0
2025-03-11T05:00:00Z,1012.25,1013.25,1011.0,1011.25,0
2025-03-11T06:00:00Z,1011.25,1012.5,1010.25,1012.0,0
2025-03-11T07:00:00Z,1011.75,1016.75,1011.75,1015.5,0
2025-03-11T08:00:00Z,1015.75,1018.5,1015.75,1018.25,0
2025-03-11T09:00:00Z,1018.25,1018.5,1016.5,1016.75,0
2025-03-11T10:00:00Z,1017.0,1019.0,1016.75,1018.5,0
2025-03-11T11:00:00Z,1018.75,1019.75,1016.25,1017.5,0
2025-03-11T12:00:00Z,1017.75,1019.75,1017.75,1017.75,0
2025-03-11T13:00:00Z,1017.5,1021.25,1015.5,1019.0,0
2025-03-11T14:00:00Z,1019.25,1021.25,1015.0,1015.75,0
2025-03-11T15:00:00Z,1015.5,1017.75,1014.75,1017.5,0
2025-03-11T16:00:00Z,1017.5,1019.25,1013.25,1016.25,0
2025-03-11T17:00:00Z,1016.25,1016.25,1013.0,1014.5,0
2025-03-11T18:00:00Z,1014.75,1015.0,1010.0,1010.0,0
2025-03-12T00:00:00Z,1011.0,1014.0,1010.75,1012.5,0
2025-03-12T01:00:00Z,1012.5,1012.75,1010.25,1010.5,0
2025-03-12T02:00:00Z,1010.25,1011.75,1009.75,1010.5,0
2025-03-12T03:00:00Z,1010.75,1011.5,1010.75,1011.0,0
2025-03-12T04:00:00Z,1011.0,1011.75,1010.75,1011.75,0
2025-03-12T05:00:00Z,1011.5,1012.0,1010.5,1012.0,0
2025-03-12T06:00:00Z,1012.0,1012.75,1008.0,1008.5,0
2025-03-12T07:00:00Z,1008.5,1009.0,1007.75,1008.0,0
2025-03-12T08:00:00Z,1007.75,1009.0,1005.25,1005.75,0
2025-03-12T09:00:00Z,1005.75,1005.75,1003.0,1003.5,0
2025-03-12T10:00:00Z,1003.5,1004.5,1002.0,1002.25,0
2025-03-12T11:00:00Z,1002.25,1006.25,1002.0,1006.0,0
2025-03-12T12:00:00Z,1006.0,1006.0,1001.75,1002.0,0
2025-03-12T13:00:00Z,1003.0,1006.25,1001.25,1002.75,0
2025-03-12T14:00:00Z,1002.75,1003.0,996.0,997.25,0
2025-03-12T15:00:00Z,997.25,998.0,994.0,997.75,0
2025-03-12T16:00:00Z,998.0,1000.75,996.75,997.0,0
2025-03-12T17:00:00Z,997.0,1001.25,996.25,999.5,0
2025-03-12T18:00:00Z,999.25,1002.25,998.75,1001.75,0
2025-03-13T00:00:00Z,1002.0,1004.0,1001.0,1001.5,0
2025-03-13T01:00:00Z,1001.5,1003.25,999.5,1002.5,0
2025-03-13T02:00:00Z,1002.5,1004.5,1002.0,1003.75,0
2025-03-13T03:00:00Z,1003.75,1005.0,1003.0,1004.5,0
2025-03-13T04:00:00Z,1004.75,1004.75,1003.75,1003.75,0
2025-03-13T05:00:00Z,1004.0,1005.5,1003.25,1004.75,0
2025-03-13T06:00:00Z,1004.5,1007.0,1004.25,1006.5,0
2025-03-13T07:00:00Z,1006.5,1008.5,1006.0,1006.25,0
2025-03-13T08:00:00Z,1006.25,1008.75,1006.25,1007.75,0
2025-03-13T09:00:00Z,1007.75,1008.25,1006.25,1008.0,0
2025-03-13T10:00:00Z,1007.75,1009.75,1007.25,1009.5,0
2025-03-13T11:00:00Z,1009.25,1011.0,1008.5,1010.75,0
2025-03-13T12:00:00Z,1010.75,1012.25,1010.0,1011.75,0
2025-03-13T13:00:00Z,1011.0,1016.0,1010.5,1015.5,0
2025-03-13T14:00:00Z,1015.5,1018.0,1013.5,1017.25,0
2025-03-13T15:00:00Z,1017.25,1017.75,1010.75,1013.0,0
2025-03-13T16:00:00Z,1013.25,1015.0,1012.0,1013.75,0
2025-03-13T17:00:00Z,1013.75,1014.25,1011.0,1012.0,0
2025-03-13T18:00:00Z,1012.25,1012.75,1008.25,1009.0,0
2025-03-14T00:00:00Z,1009.0,1009.0,1005.5,1006.25,0
2025-03-14T01:00:00Z,1006.5,1009.0,1005.5,1008.75,0
2025-03-14T02:00:00Z,1008.5,1009.25,1008.0,1009.25,0
2025-03-14T03:00:00Z,1009.5,1010.75,1009.25,1010.0,0
2025-03-14T04:00:00Z,1010.25,1010.75,1009.75,1010.5,0
2025-03-14T05:00:00Z,1010.5,1012.5,1010.0,1012.5,0
2025-03-14T06:00:00Z,1012.25,1012.5,1011.25,1011.5,0
2025-03-14T07:00:00Z,1011.25,1012.0,1010.75,1011.25,0
2025-03-14T08:00:00Z,1011.0,1011.0,1009.5,1009.75,0
2025-03-14T09:00:00Z,1009.75,1010.5,1008.5,1010.0,0
2025-03-14T10:00:00Z,1010.0,1011.5,1008.75,1009.25,0
2025-03-14T11:00:00Z,1009.25,1010.25,1008.0,1008.25,0
2025-03-14T12:00:00Z,1008.25,1011.75,1008.0,1011.25,0
2025-03-14T13:00:00Z,1010.75,1014.25,1009.0,1009.75,0
2025-03-14T14:00:00Z,1009.75,1012.25,1005.5,1012.0,0
2025-03-14T15:00:00Z,1011.75,1014.75,1009.5,1012.25,0
2025-03-14T16:00:00Z,1012.25,1016.25,1012.0,1015.75,0
2025-03-14T17:00:00Z,1015.75,1018.0,1014.25,1015.0,0
2025-03-14T18:00:00Z,1015.25,1017.75,1014.5,1017.0,0
2025-03-17T00:00:00Z,1016.25,1021.75,1016.0,1020.75,0
2025-03-17T01:00:00Z,1020.75,1021.75,1020.0,1020.0,0
2025-03-17T02:00:00Z,1020.0,1020.25,1019.0,1019.25,0
2025-03-17T03:00:00Z,1019.25,1020.0,1019.0,1019.5,0
2025-03-17T04:00:00Z,1019.5,1019.75,1019.25,1019.5,0
2025-03-17T05:00:00Z,1019.25,1019.5,1018.25,1018.5,0
2025-03-17T06:00:00Z,1018.5,1018.75,1016.75,1017.0,0
2025-03-17T07:00:00Z,1017.25,1017.75,1016.75,1017.0,0
2025-03-17T08:00:00Z,1016.75,1017.25,1015.5,1016.75,0
2025-03-17T09:00:00Z,1016.5,1017.5,1016.25,1016.5,0
2025-03-17T10:00:00Z,1016.75,1017.75,1015.0,1016.75,0
2025-03-17T11:00:00Z,1016.5,1017.75,1015.5,1017.5,0
2025-03-17T12:00:00Z,1017.5,1019.75,1017.0,1017.5,0
2025-03-17T13:00:00Z,1017.5,1019.0,1011.5,1011.75,0
2025-03-17T14:00:00Z,1011.5,1015.0,1011.25,1011.75,0
2025-03-17T15:00:00Z,1012.0,1015.75,1010.25,1015.25,0
2025-03-17T16:00:00Z,1015.5,1016.25,1011.0,1015.75,0
2025-03-17T17:00:00Z,1015.75,1017.5,1013.75,1015.75,0
2025-03-17T18:00:00Z,1016.0,1016.25,1013.5,1015.0,0
2025-03-18T00:00:00Z,1015.0,1018.0,1014.5,1016.75,0
2025-03-18T01:00:00Z,1016.75,1017.25,1015.5,1016.0,0
2025-03-18T02:00:00Z,1016.0,1017.5,1016.0,1016.25,0
2025-03-18T03:00:00Z,1016.25,1016.5,1015.25,1015.25,0
2025-03-18T04:00:00Z,1015.25,1016.25,1015.25,1016.0,0
2025-03-18T05:00:00Z,1015.75,1016.75,1014.25,1014.75,0
2025-03-18T06:00:00Z,1014.5,1016.75,1014.5,1016.25,0
2025-03-18T07:00:00Z,1016.0,1018.0,1016.0,1017.75,0
2025-03-18T08:00:00Z,1017.5,1018.25,1016.5,1017.75,0
2025-03-18T09:00:00Z,1017.5,1018.0,1014.25,1015.25,0
2025-03-18T10:00:00Z,1015.0,1016.25,1014.5,1016.25,0
2025-03-18T11:00:00Z,1016.25,1018.25,1016.0,1018.0,0
2025-03-18T12:00:00Z,1018.0,1018.75,1016.75,1017.5,0
2025-03-18T13:00:00Z,1017.5,1021.75,1016.5,1017.75,0
2025-03-18T14:00:00Z,1017.75,1018.25,1012.5,1015.25,0
2025-03-18T15:00:00Z,1015.25,1019.25,1014.25,1015.25,0
2025-03-18T16:00:00Z,1015.0,1017.5,1012.25,1012.5,0
2025-03-18T17:00:00Z,1012.75,1014.75,1011.25,1013.0,0
2025-03-18T18:00:00Z,1013.0,1014.25,1011.75,1012.75,0
2025-03-19T00:00:00Z,1012.0,1014.75,1012.0,1014.5,0
2025-03-19T01:00:00Z,1014.25,1014.75,1012.5,1013.75,0
2025-03-19T02:00:00Z,1013.75,1015.5,1013.25,1014.75,0
2025-03-19T03:00:00Z,1014.5,1015.25,1013.5,1014.75,0
2025-03-19T04:00:00Z,1014.5,1015.25,1014.25,1015.0,0
2025-03-19T05:00:00Z,1015.0,1015.5,1013.5,1014.0,0
2025-03-19T06:00:00Z,1013.75,1014.0,1011.0,1011.75,0
2025-03-19T07:00:00Z,1011.5,1012.25,1010.25,1011.25,0
2025-03-19T08:00:00Z,1011.0,1014.5,1011.0,1013.25,0
2025-03-19T09:00:00Z,1013.25,1013.25,1011.75,1013.25,0
2025-03-19T10:00:00Z,1013.0,1014.25,1011.75,1014.0,0
2025-03-19T11:00:00Z,1014.0,1016.0,1009.5,1009.75,0
2025-03-19T12:00:00Z,1010.0,1010.75,1008.5,1010.5,0
2025-03-19T13:00:00Z,1012.0,1013.75,1008.75,1010.25,0
2025-03-19T14:00:00Z,1010.25,1016.0,1009.25,1012.0,0
2025-03-19T15:00:00Z,1012.0,1012.5,1007.0,1008.75,0
2025-03-19T16:00:00Z,1008.75,1011.0,1007.0,1008.0,0
2025-03-19T17:00:00Z,1008.25,1009.0,1006.75,1006.75,0
2025-03-19T18:00:00Z,1006.5,1009.0,1006.5,1008.5,0
2025-03-20T00:00:00Z,1009.0,1012.25,1008.5,1010.75,0
2025-03-20T01:00:00Z,1010.75,1011.75,1008.75,1009.25,0
2025-03-20T02:00:00Z,1009.5,1012.75,1009.25,1011.5,0
2025-03-20T03:00:00Z,1011.5,1011.75,1011.0,1011.25,0
2025-03-20T04:00:00Z,1011.0,1011.25,1010.5,1010.75,0
2025-03-20T05:00:00Z,1010.5,1010.5,1007.0,1007.5,0
2025-03-20T06:00:00Z,1007.75,1008.5,1006.0,1006.25,0
2025-03-20T07:00:00Z,1006.25,1006.75,1005.5,1006.0,0
2025-03-20T08:00:00Z,1006.0,1006.0,1005.25,1005.25,0
2025-03-20T09:00:00Z,1005.25,1006.0,1004.5,1004.75,0
2025-03-20T10:00:00Z,1004.75,1005.5,1004.0,1004.75,0
2025-03-20T11:00:00Z,1004.5,1006.75,1004.0,1006.25,0
2025-03-20T12:00:00Z,1006.25,1006.25,1004.25,1005.25,0
2025-03-20T13:00:00Z,1005.75,1012.25,1004.25,1011.75,0
2025-03-20T14:00:00Z,1011.5,1013.0,1005.0,1005.25,0
2025-03-20T15:00:00Z,1005.25,1010.0,1005.25,1009.25,0
2025-03-20T16:00:00Z,1009.0,1012.5,1009.0,1012.25,0
2025-03-20T17:00:00Z,1012.0,1014.5,1010.5,1012.0,0
2025-03-20T18:00:00Z,1012.0,1014.25,1011.5,1013.75,0
2025-03-21T00:00:00Z,1013.5,1016.75,1013.5,1014.0,0
2025-03-21T01:00:00Z,1013.75,1014.0,1009.25,1009.75,0
2025-03-21T02:00:00Z,1009.75,1010.5,1009.0,1009.25,0
2025-03-21T03:00:00Z,1009.25,1009.75,1009.25,1009.25,0
2025-03-21T04:00:00Z,1009.5,1010.0,1009.25,1009.5,0
2025-03-21T05:00:00Z,1009.75,1010.25,1009.25,1009.25,0
2025-03-21T06:00:00Z,1009.25,1010.25,1009.25,1010.25,0
2025-03-21T07:00:00Z,1010.25,1012.5,1010.25,1012.25,0
2025-03-21T08:00:00Z,1012.25,1012.25,1010.5,1011.0,0
2025-03-21T09:00:00Z,1011.0,1013.0,1010.5,1012.0,0
2025-03-21T10:00:00Z,1012.25,1014.5,1012.0,1013.5,0
2025-03-21T11:00:00Z,1013.5,1014.25,1012.25,1013.75,0
2025-03-21T12:00:00Z,1013.5,1013.5,1009.75,1011.25,0
2025-03-21T13:00:00Z,1011.25,1013.5,1008.25,1011.75,0
2025-03-21T14:00:00Z,1011.5,1012.5,1005.25,1006.75,0
2025-03-21T15:00:00Z,1006.75,1008.5,1004.5,1004.75,0
2025-03-21T16:00:00Z,1004.5,1007.5,1004.25,1007.25,0
2025-03-21T17:00:00Z,1007.25,1011.0,1007.25,1010.5,0
2025-03-21T18:00:00Z,1010.5,1011.0,1009.25,1010.0,0
2025-03-24T00:00:00Z,1010.0,1011.5,1008.0,1008.75,0
2025-03-24T01:00:00Z,1008.75,1009.25,1005.75,1006.25,0
2025-03-24T02:00:00Z,1006.25,1007.0,1006.0,1006.25,0
2025-03-24T03:00:00Z,1006.25,1007.75,1006.0,1006.75,0
2025-03-24T04:00:00Z,1006.75,1007.25,1006.5,1007.0,0
2025-03-24T05:00:00Z,1006.75,1007.75,1006.75,1007.75,0
2025-03-24T06:00:00Z,1007.75,1007.75,1006.5,1007.0,0
2025-03-24T07:00:00Z,1007.0,1007.75,1006.25,1007.0,0
2025-03-24T08:00:00Z,1006.75,1007.5,1005.25,1005.5,0
2025-03-24T09:00:00Z,1005.5,1007.25,1005.0,1007.0,0
2025-03-24T10:00:00Z,1007.25,1009.5,1007.25,1008.75,0
2025-03-24T11:00:00Z,1008.75,1008.75,1004.75,1005.5,0
2025-03-24T12:00:00Z,1005.5,1007.0,1004.5,1006.5,0
2025-03-24T13:00:00Z,1006.5,1007.75,1003.25,1006.0,0
2025-03-24T14:00:00Z,1006.25,1007.75,1004.25,1005.5,0
2025-03-24T15:00:00Z,1005.5,1008.5,1005.25,1007.75,0
2025-03-24T16:00:00Z,1007.75,1010.5,1007.5,1009.25,0
2025-03-24T17:00:00Z,1009.25,1009.75,1006.75,1007.0,0
2025-03-24T18:00:00Z,1007.0,1008.0,1006.5,1007.0,0
2025-03-25T00:00:00Z,1007.0,1007.75,1004.0,1004.5,0
2025-03-25T01:00:00Z,1004.5,1006.75,1004.0,1006.5,0
2025-03-25T02:00:00Z,1006.5,1007.0,1005.0,1005.25,0
2025-03-25T03:00:00Z,1005.0,1006.0,1004.25,1005.25,0
2025-03-25T04:00:00Z,1005.25,1005.75,1005.0,1005.25,0
2025-03-25T05:00:00Z,1005.25,1005.75,1004.5,1005.0,0
2025-03-25T06:00:00Z,1005.0,1005.5,1004.75,1005.0,0
2025-03-25T07:00:00Z,1005.0,1005.75,1004.75,1004.75,0
2025-03-25T08:00:00Z,1004.5,1004.75,1002.0,1002.5,0
2025-03-25T09:00:00Z,1002.5,1003.25,1002.0,1003.0,0
2025-03-25T10:00:00Z,1003.0,1003.5,1001.5,1003.0,0
2025-03-25T11:00:00Z,1003.25,1004.0,1002.0,1002.5,0
2025-03-25T12:00:00Z,1002.5,1003.25,1000.75,1002.5,0
2025-03-25T13:00:00Z,1002.75,1007.75,1002.25,1003.25,0
2025-03-25T14:00:00Z,1003.25,1005.75,1002.0,1004.5,0
2025-03-25T15:00:00Z,1004.5,1005.75,999.5,1000.75,0
2025-03-25T16:00:00Z,1001.0,1001.0,998.25,999.75,0
2025-03-25T17:00:00Z,999.75,1002.5,999.0,1001.5,0
2025-03-25T18:00:00Z,1001.5,1002.75,1001.25,1002.25,0
2025-03-26T00:00:00Z,1002.75,1004.25,1001.75,1002.25,0
2025-03-26T01:00:00Z,1002.25,1003.5,1001.0,1003.25,0
2025-03-26T02:00:00Z,1003.25,1003.75,1000.25,1001.0,0
2025-03-26T03:00:00Z,1000.75,1001.0,999.5,999.75,0
2025-03-26T04:00:00Z,999.75,1000.0,999.5,999.75,0
2025-03-26T05:00:00Z,999.75,999.75,997.5,999.25,0
2025-03-26T06:00:00Z,999.25,1000.5,999.25,1000.0,0
2025-03-26T07:00:00Z,1000.0,1001.5,1000.0,1000.75,0
2025-03-26T08:00:00Z,1000.75,1002.0,1000.75,1001.5,0
2025-03-26T09:00:00Z,1001.5,1003.75,1001.0,1003.0,0
2025-03-26T10:00:00Z,1003.0,1003.75,1002.5,1003.0,0
2025-03-26T11:00:00Z,1003.0,1006.0,1002.5,1004.25,0
2025-03-26T12:00:00Z,1004.25,1005.25,1002.75,1004.75,0
2025-03-26T13:00:00Z,1004.0,1008.75,1003.25,1006.0,0
2025-03-26T14:00:00Z,1005.75,1008.0,1004.75,1005.25,0
2025-03-26T15:00:00Z,1005.25,1007.0,1004.0,1006.25,0
2025-03-26T16:00:00Z,1006.0,1006.25,1004.0,1005.75,0
2025-03-26T17:00:00Z,1005.5,1006.0,1000.75,1001.0,0
2025-03-26T18:00:00Z,1001.0,1001.75,1000.25,1000.75,0
2025-03-27T00:00:00Z,1001.0,1002.5,1000.25,1001.25,0
2025-03-27T01:00:00Z,1001.5,1002.5,999.75,1002.0,0
2025-03-27T02:00:00Z,1002.0,1003.5,1002.0,1003.25,0
2025-03-27T03:00:00Z,1003.25,1003.75,1003.0,1003.5,0
2025-03-27T04:00:00Z,1003.5,1003.75,1003.5,1003.5,0
2025-03-27T05:00:00Z,1003.25,1004.0,1003.25,1003.25,0
2025-03-27T06:00:00Z,1003.25,1004.0,1001.5,1001.5,0
2025-03-27T07:00:00Z,1001.5,1001.75,1000.75,1001.25,0
2025-03-27T08:00:00Z,1001.25,1002.0,1000.75,1001.75,0
2025-03-27T09:00:00Z,1001.75,1004.5,1001.5,1004.25,0
2025-03-27T10:00:00Z,1004.0,1005.25,1003.25,1003.75,0
2025-03-27T11:00:00Z,1003.5,1006.25,1003.5,1005.5,0
2025-03-27T12:00:00Z,1005.5,1009.75,1005.25,1008.75,0
2025-03-27T13:00:00Z,1008.75,1016.5,1007.0,1016.25,0
2025-03-27T14:00:00Z,1016.5,1016.75,1010.0,1012.75,0
2025-03-27T15:00:00Z,1012.75,1016.25,1011.75,1015.25,0
2025-03-27T16:00:00Z,1015.25,1017.0,1014.5,1014.75,0
2025-03-27T17:00:00Z,1014.5,1017.75,1014.0,1015.5,0
2025-03-27T18:00:00Z,1015.5,1017.0,1014.75,1015.75,0
2025-03-28T00:00:00Z,1015.0,1016.0,1014.25,1014.5,0
2025-03-28T01:00:00Z,1014.5,1016.0,1013.25,1013.25,0
2025-03-28T02:00:00Z,1013.25,1015.0,1013.0,1013.5,0
2025-03-28T03:00:00Z,1013.5,1014.5,1013.5,1014.5,0
2025-03-28T04:00:00Z,1014.25,1014.75,1014.25,1014.5,0
2025-03-28T05:00:00Z,1014.75,1015.0,1014.0,1015.0,0
2025-03-28T06:00:00Z,1015.0,1015.75,1014.0,1014.0,0
2025-03-28T07:00:00Z,1013.75,1015.0,1013.25,1013.75,0
2025-03-28T08:00:00Z,1013.75,1014.5,1012.5,1013.5,0
2025-03-28T09:00:00Z,1013.5,1014.0,1012.5,1012.5,0
2025-03-28T10:00:00Z,1012.75,1013.25,1012.25,1012.25,0
2025-03-28T11:00:00Z,1012.25,1012.5,1011.25,1011.5,0
2025-03-28T12:00:00Z,1011.5,1014.0,1011.0,1013.25,0
2025-03-28T13:00:00Z,1013.0,1013.75,1009.25,1011.0,0
2025-03-28T14:00:00Z,1011.0,1014.0,1009.0,1013.0,0
2025-03-28T15:00:00Z,1012.75,1017.0,1012.5,1016.0,0
2025-03-28T16:00:00Z,1016.0,1020.5,1015.5,1020.0,0
2025-03-28T17:00:00Z,1020.25,1023.25,1019.5,1021.5,0
2025-03-28T18:00:00Z,1021.75,1023.5,1021.75,1022.25,0
2025-03-31T00:00:00Z,1023.0,1024.0,1020.5,1022.25,0
2025-03-31T01:00:00Z,1022.5,1024.75,1022.5,1024.0,0
2025-03-31T02:00:00Z,1023.75,1026.0,1023.75,1025.5,0
2025-03-31T03:00:00Z,1025.5,1026.0,1024.75,1026.0,0
2025-03-31T04:00:00Z,1025.75,1026.75,1025.75,1026.25,0
2025-03-31T05:00:00Z,1026.25,1029.5,1026.25,1029.5,0
2025-03-31T06:00:00Z,1029.5,1031.5,1029.0,1031.0,0
2025-03-31T07:00:00Z,1031.25,1031.25,1028.75,1030.5,0
2025-03-31T08:00:00Z,1030.75,1031.0,1029.25,1030.5,0
2025-03-31T09:00:00Z,1030.25,1030.5,1027.0,1028.0,0
2025-03-31T10:00:00Z,1027.75,1028.25,1027.0,1027.75,0
2025-03-31T11:00:00Z,1027.75,1029.5,1027.0,1029.0,0
2025-03-31T12:00:00Z,1028.75,1030.25,1027.0,1027.25,0
2025-03-31T13:00:00Z,1027.25,1029.5,1024.25,1026.75,0
2025-03-31T14:00:00Z,1026.75,1030.75,1025.75,1028.0,0
2025-03-31T15:00:00Z,1028.0,1030.0,1025.0,1025.25,0
2025-03-31T16:00:00Z,1025.5,1031.0,1014.75,1015.25,0
2025-03-31T17:00:00Z,1015.25,1017.0,1013.5,1015.0,0
2025-03-31T18:00:00Z,1014.75,1015.5,1013.25,1014.0,0
2025-04-01T00:00:00Z,1014.75,1016.0,1012.5,1013.5,0
2025-04-01T01:00:00Z,1013.75,1014.0,1011.25,1013.0,0
2025-04-01T02:00:00Z,1013.25,1015.25,1013.0,1014.75,0
2025-04-01T03:00:00Z,1014.75,1015.5,1014.25,1015.0,0
2025-04-01T04:00:00Z,1015.0,1016.0,1014.75,1016.0,0
2025-04-01T05:00:00Z,1015.75,1015.75,1014.75,1014.75,0
2025-04-01T06:00:00Z,1014.75,1016.0,1013.25,1013.5,0
2025-04-01T07:00:00Z,1013.25,1013.5,1010.5,1012.0,0
2025-04-01T08:00:00Z,1012.0,1012.5,1011.25,1012.0,0
2025-04-01T09:00:00Z,1012.25,1017.0,1012.25,1016.75,0
2025-04-01T10:00:00Z,1016.75,1019.0,1016.0,1018.75,0
2025-04-01T11:00:00Z,1019.0,1019.25,1016.75,1018.25,0
2025-04-01T12:00:00Z,1018.25,1019.75,1017.0,1018.25,0
2025-04-01T13:00:00Z,1018.25,1023.0,1017.0,1023.0,0
2025-04-01T14:00:00Z,1023.0,1030.75,1022.75,1029.75,0
2025-04-01T15:00:00Z,1029.75,1034.0,1028.0,1033.0,0
2025-04-01T16:00:00Z,1033.0,1034.0,1029.5,1030.5,0
2025-04-01T17:00:00Z,1030.25,1032.5,1029.0,1032.0,0
2025-04-01T18:00:00Z,1032.25,1034.75,1030.5,1032.75,0
2025-04-02T00:00:00Z,1032.0,1032.25,1029.75,1030.25,0
2025-04-02T01:00:00Z,1030.25,1032.5,1029.75,1030.75,0
2025-04-02T02:00:00Z,1031.0,1032.25,1030.25,1032.25,0
2025-04-02T03:00:00Z,1032.0,1032.25,1030.75,1031.25,0
2025-04-02T04:00:00Z,1031.0,1031.5,1030.25,1031.25,0
2025-04-02T05:00:00Z,1031.0,1031.0,1029.5,1030.75,0
2025-04-02T06:00:00Z,1031.0,1032.5,1030.0,1030.5,0
2025-04-02T07:00:00Z,1030.5,1031.0,1029.0,1029.5,0
2025-04-02T08:00:00Z,1029.5,1030.25,1029.0,1029.5,0
2025-04-02T09:00:00Z,1029.25,1030.0,1028.0,1028.0,0
2025-04-02T10:00:00Z,1028.0,1028.5,1027.5,1028.0,0
2025-04-02T11:00:00Z,1027.75,1029.75,1027.25,1028.75,0
2025-04-02T12:00:00Z,1028.75,1030.75,1028.0,1029.5,0
2025-04-02T13:00:00Z,1029.25,1033.0,1025.75,1027.5,0
2025-04-02T14:00:00Z,1027.5,1028.5,1024.5,1026.75,0
2025-04-02T15:00:00Z,1026.75,1029.75,1024.5,1029.5,0
2025-04-02T16:00:00Z,1029.5,1032.5,1027.75,1029.0,0
2025-04-02T17:00:00Z,1029.0,1030.25,1027.25,1028.5,0
2025-04-02T18:00:00Z,1028.25,1030.0,1027.0,1029.25,0
2025-04-03T00:00:00Z,1011.0,1018.25,1008.0,1015.75,0
2025-04-03T01:00:00Z,1015.75,1018.25,1013.75,1014.25,0
2025-04-03T02:00:00Z,1014.25,1018.5,1013.25,1017.25,0
2025-04-03T03:00:00Z,1017.0,1017.0,1015.25,1016.75,0
2025-04-03T04:00:00Z,1017.0,1017.25,1016.25,1016.5,0
2025-04-03T05:00:00Z,1016.5,1016.5,1014.25,1015.25,0
2025-04-03T06:00:00Z,1015.25,1016.0,1013.75,1014.75,0
2025-04-03T07:00:00Z,1014.75,1014.75,1010.75,1011.75,0
2025-04-03T08:00:00Z,1012.0,1012.75,1011.0,1012.0,0
2025-04-03T09:00:00Z,1012.25,1013.0,1010.5,1011.5,0
2025-04-03T10:00:00Z,1011.5,1012.0,1007.0,1007.25,0
2025-04-03T11:00:00Z,1007.5,1008.25,1006.25,1007.25,0
2025-04-03T12:00:00Z,1007.5,1009.0,1006.5,1007.5,0
2025-04-03T13:00:00Z,1007.75,1013.25,1005.25,1010.5,0
2025-04-03T14:00:00Z,1010.75,1018.75,1009.75,1018.5,0
2025-04-03T15:00:00Z,1018.25,1020.25,1013.0,1015.5,0
2025-04-03T16:00:00Z,1015.5,1016.75,1012.25,1012.75,0
2025-04-03T17:00:00Z,1012.75,1014.0,1009.25,1011.75,0
2025-04-03T18:00:00Z,1011.5,1012.5,1009.5,1012.0,0
2025-04-04T00:00:00Z,1011.0,1012.75,1009.75,1009.75,0
2025-04-04T01:00:00Z,1009.5,1010.5,1009.0,1010.0,0
2025-04-04T02:00:00Z,1009.75,1010.25,1008.25,1009.5,0
2025-04-04T03:00:00Z,1009.75,1010.0,1009.25,1009.5,0
2025-04-04T04:00:00Z,1009.25,1011.0,1009.0,1011.0,0
2025-04-04T05:00:00Z,1010.75,1011.25,1009.75,1010.75,0
2025-04-04T06:00:00Z,1010.5,1010.75,1007.0,1007.25,0
2025-04-04T07:00:00Z,1007.25,1007.5,1005.25,1006.0,0
2025-04-04T08:00:00Z,1005.75,1008.25,1005.5,1005.75,0
2025-04-04T09:00:00Z,1006.0,1009.5,1005.75,1007.75,0
2025-04-04T10:00:00Z,1008.0,1008.0,986.5,990.0,0
2025-04-04T11:00:00Z,990.0,992.75,984.0,987.0,0
2025-04-04T12:00:00Z,986.75,989.75,985.75,988.0,0
2025-04-04T13:00:00Z,989.0,989.25,976.25,977.75,0
2025-04-04T14:00:00Z,977.75,983.0,970.25,974.0,0
2025-04-04T15:00:00Z,973.75,986.0,973.25,979.5,0
2025-04-04T16:00:00Z,979.75,987.25,979.5,985.75,0
2025-04-04T17:00:00Z,986.25,986.75,975.5,976.0,0
2025-04-04T18:00:00Z,976.25,978.0,974.5,977.25,0
2025-04-07T00:00:00Z,971.75,981.0,969.5,979.25,0
2025-04-07T01:00:00Z,979.25,989.0,977.0,984.75,0
2025-04-07T02:00:00Z,985.0,988.25,983.25,983.25,0
2025-04-07T03:00:00Z,983.5,984.5,982.25,982.25,0
2025-04-07T04:00:00Z,982.25,983.5,981.5,981.75,0
2025-04-07T05:00:00Z,981.75,983.0,979.25,981.0,0
2025-04-07T06:00:00Z,981.25,983.0,977.75,979.25,0
2025-04-07T07:00:00Z,979.0,979.5,972.25,972.75,0
2025-04-07T08:00:00Z,972.5,974.25,971.5,972.25,0
2025-04-07T09:00:00Z,972.0,973.25,971.25,971.25,0
2025-04-07T10:00:00Z,971.75,978.75,971.75,978.25,0
2025-04-07T11:00:00Z,978.25,980.5,977.25,978.0,0
2025-04-07T12:00:00Z,978.0,981.5,978.0,978.75,0
2025-04-07T13:00:00Z,978.25,982.75,975.0,982.75,0
2025-04-07T14:00:00Z,982.75,993.5,982.5,987.75,0
2025-04-07T15:00:00Z,987.75,990.5,978.0,978.5,0
2025-04-07T16:00:00Z,978.5,980.75,975.5,976.0,0
2025-04-07T17:00:00Z,976.25,983.0,975.5,980.25,0
2025-04-07T18:00:00Z,980.0,984.5,979.0,984.5,0
2025-04-08T00:00:00Z,983.25,989.5,982.5,987.0,0
2025-04-08T01:00:00Z,986.75,988.75,985.75,988.0,0
2025-04-08T02:00:00Z,988.0,990.75,987.5,990.5,0
2025-04-08T03:00:00Z,990.25,991.75,989.75,991.0,0
2025-04-08T04:00:00Z,991.0,991.75,990.75,991.0,0
2025-04-08T05:00:00Z,991.0,992.25,989.25,992.25,0
2025-04-08T06:00:00Z,992.25,997.25,992.25,996.25,0
2025-04-08T07:00:00Z,996.25,996.5,993.0,994.0,0
2025-04-08T08:00:00Z,994.0,998.75,993.25,997.75,0
2025-04-08T09:00:00Z,997.5,998.25,994.25,994.25,0
2025-04-08T10:00:00Z,994.25,994.5,991.0,991.0,0
2025-04-08T11:00:00Z,991.0,994.75,990.75,993.75,0
2025-04-08T12:00:00Z,994.0,994.0,992.25,993.75,0
2025-04-08T13:00:00Z,993.75,1001.75,993.0,1000.5,0
2025-04-08T14:00:00Z,1000.5,1001.75,996.25,998.5,0
2025-04-08T15:00:00Z,998.75,1002.25,997.5,1000.75,0
2025-04-08T16:00:00Z,1000.5,1000.75,991.75,991.75,0
2025-04-08T17:00:00Z,991.5,998.5,990.5,997.5,0
2025-04-08T18:00:00Z,997.25,997.75,992.0,992.5,0
2025-04-09T00:00:00Z,989.0,993.5,988.75,992.5,0
2025-04-09T01:00:00Z,992.75,997.5,991.5,996.5,0
2025-04-09T02:00:00Z,996.5,997.25,995.0,996.5,0
2025-04-09T03:00:00Z,996.25,996.5,992.75,993.0,0
2025-04-09T04:00:00Z,993.25,993.5,991.25,993.0,0
2025-04-09T05:00:00Z,993.0,994.5,991.75,992.5,0
2025-04-09T06:00:00Z,992.75,994.25,990.25,993.25,0
2025-04-09T07:00:00Z,993.0,999.0,993.0,997.0,0
2025-04-09T08:00:00Z,997.25,1000.25,995.5,999.25,0
2025-04-09T09:00:00Z,999.5,999.75,996.75,999.0,0
2025-04-09T10:00:00Z,998.75,1000.5,998.25,999.75,0
2025-04-09T11:00:00Z,999.5,999.5,987.5,995.75,0
2025-04-09T12:00:00Z,995.75,997.25,994.0,994.75,0
2025-04-09T13:00:00Z,994.75,1001.5,992.25,1001.0,0
2025-04-09T14:00:00Z,1001.0,1001.0,989.5,991.75,0
2025-04-09T15:00:00Z,991.75,995.25,989.25,993.5,0
2025-04-09T16:00:00Z,993.5,995.75,991.75,995.25,0
2025-04-09T17:00:00Z,995.5,1015.5,991.0,1010.0,0
2025-04-09T18:00:00Z,1010.25,1015.5,1009.5,1012.5,0
2025-04-10T00:00:00Z,1015.25,1022.25,1015.0,1017.0,0
2025-04-10T01:00:00Z,1017.25,1018.5,1010.75,1015.75,0
2025-04-10T02:00:00Z,1015.5,1016.5,1013.25,1014.75,0
2025-04-10T03:00:00Z,1014.75,1016.25,1014.75,1015.5,0
2025-04-10T04:00:00Z,1015.75,1016.75,1015.5,1016.75,0
2025-04-10T05:00:00Z,1016.5,1017.75,1016.25,1017.0,0
2025-04-10T06:00:00Z,1017.0,1017.0,1014.5,1016.25,0
2025-04-10T07:00:00Z,1016.5,1018.5,1015.5,1016.5,0
2025-04-10T08:00:00Z,1016.75,1018.5,1015.75,1016.0,0
2025-04-10T09:00:00Z,1016.0,1018.5,1016.0,1018.25,0
2025-04-10T10:00:00Z,1018.25,1020.5,1017.75,1019.0,0
2025-04-10T11:00:00Z,1019.0,1020.75,1017.75,1020.5,0
2025-04-10T12:00:00Z,1020.5,1021.5,1016.0,1016.0,0
2025-04-10T13:00:00Z,1015.75,1022.25,1013.0,1021.5,0
2025-04-10T14:00:00Z,1021.5,1025.25,1019.5,1025.25,0
2025-04-10T15:00:00Z,1025.0,1026.5,1022.5,1023.75,0
2025-04-10T16:00:00Z,1024.0,1029.5,1018.75,1026.25,0
2025-04-10T17:00:00Z,1026.25,1029.5,1024.5,1026.0,0
2025-04-10T18:00:00Z,1025.75,1029.5,1025.5,1028.0,0
2025-04-11T00:00:00Z,1026.5,1027.25,1023.5,1025.0,0
2025-04-11T01:00:00Z,1025.25,1025.25,1021.75,1023.5,0
2025-04-11T02:00:00Z,1023.25,1027.5,1022.25,1027.25,0
2025-04-11T03:00:00Z,1027.25,1029.5,1027.0,1028.0,0
2025-04-11T04:00:00Z,1028.0,1029.0,1026.75,1027.25,0
2025-04-11T05:00:00Z,1027.25,1029.75,1027.25,1028.0,0
2025-04-11T06:00:00Z,1028.25,1029.75,1027.75,1028.75,0
2025-04-11T07:00:00Z,1029.0,1031.5,1029.0,1031.0,0
2025-04-11T08:00:00Z,1031.0,1031.0,1024.5,1030.5,0
2025-04-11T09:00:00Z,1030.25,1032.0,1027.5,1031.75,0
2025-04-11T10:00:00Z,1031.75,1031.75,1028.5,1029.0,0
2025-04-11T11:00:00Z,1028.75,1030.25,1028.0,1028.75,0
2025-04-11T12:00:00Z,1028.75,1032.75,1028.25,1031.5,0
2025-04-11T13:00:00Z,1030.0,1033.75,1029.25,1031.75,0
2025-04-11T14:00:00Z,1031.75,1042.5,1031.0,1042.25,0
2025-04-11T15:00:00Z,1042.5,1044.5,1040.0,1041.5,0
2025-04-11T16:00:00Z,1041.75,1044.0,1041.0,1043.25,0
2025-04-11T17:00:00Z,1043.5,1044.25,1038.0,1039.5,0
2025-04-11T18:00:00Z,1039.75,1044.0,1039.25,1043.75,0
2025-04-14T00:00:00Z,1040.75,1043.0,1036.75,1036.75,0
2025-04-14T01:00:00Z,1037.0,1040.5,1037.0,1038.5,0
2025-04-14T02:00:00Z,1038.5,1040.5,1038.5,1040.0,0
2025-04-14T03:00:00Z,1040.0,1040.5,1039.25,1039.75,0
2025-04-14T04:00:00Z,1039.5,1039.5,1038.25,1038.5,0
2025-04-14T05:00:00Z,1038.25,1039.75,1038.25,1039.0,0
2025-04-14T06:00:00Z,1039.0,1041.0,1038.75,1040.5,0
2025-04-14T07:00:00Z,1040.5,1040.75,1038.75,1039.5,0
2025-04-14T08:00:00Z,1039.5,1041.75,1039.0,1040.75,0
2025-04-14T09:00:00Z,1040.75,1043.25,1040.75,1042.75,0
2025-04-14T10:00:00Z,1043.0,1043.5,1040.75,1041.25,0
2025-04-14T11:00:00Z,1041.5,1043.25,1041.0,1041.0,0
2025-04-14T12:00:00Z,1041.25,1044.0,1041.25,1042.5,0
2025-04-14T13:00:00Z,1042.5,1048.75,1042.5,1044.25,0
2025-04-14T14:00:00Z,1044.25,1049.5,1043.75,1046.0,0
2025-04-14T15:00:00Z,1045.75,1045.75,1040.75,1042.5,0
2025-04-14T16:00:00Z,1042.5,1043.75,1040.25,1042.75,0
2025-04-14T17:00:00Z,1042.75,1044.0,1041.0,1041.5,0
2025-04-14T18:00:00Z,1041.75,1042.5,1040.0,1041.25,0
2025-04-15T00:00:00Z,1040.5,1041.25,1039.25,1040.0,0
2025-04-15T01:00:00Z,1040.0,1040.0,1036.25,1037.0,0
2025-04-15T02:00:00Z,1037.0,1038.0,1036.75,1037.5,0
2025-04-15T03:00:00Z,1037.5,1037.5,1035.5,1035.75,0
2025-04-15T04:00:00Z,1035.75,1037.25,1035.25,1037.25,0
2025-04-15T05:00:00Z,1037.25,1038.25,1037.0,1037.75,0
2025-04-15T06:00:00Z,1037.75,1038.0,1035.5,1037.5,0
2025-04-15T07:00:00Z,1037.75,1038.75,1037.5,1038.5,0
2025-04-15T08:00:00Z,1038.75,1038.75,1037.25,1038.0,0
2025-04-15T09:00:00Z,1037.75,1037.75,1034.25,1034.5,0
2025-04-15T10:00:00Z,1034.25,1036.25,1033.75,1035.5,0
2025-04-15T11:00:00Z,1035.75,1036.75,1032.75,1033.0,0
2025-04-15T12:00:00Z,1033.25,1034.75,1032.0,1034.25,0
2025-04-15T13:00:00Z,1034.25,1035.5,1031.0,1032.25,0
2025-04-15T14:00:00Z,1032.25,1035.75,1030.75,1034.75,0
2025-04-15T15:00:00Z,1035.0,1036.0,1033.0,1035.5,0
2025-04-15T16:00:00Z,1035.5,1040.75,1035.5,1036.0,0
2025-04-15T17:00:00Z,1036.0,1036.0,1032.75,1034.25,0
2025-04-15T18:00:00Z,1034.25,1036.25,1033.0,1035.25,0
2025-04-16T00:00:00Z,1046.0,1046.0,1042.75,1043.0,0
2025-04-16T01:00:00Z,1043.25,1043.75,1041.75,1042.25,0
2025-04-16T02:00:00Z,1042.25,1043.0,1040.25,1040.25,0
2025-04-16T03:00:00Z,1040.5,1040.75,1039.5,1040.0,0
2025-04-16T04:00:00Z,1040.25,1041.5,1040.25,1041.25,0
2025-04-16T05:00:00Z,1041.0,1042.0,1040.0,1040.75,0
2025-04-16T06:00:00Z,1040.75,1040.75,1037.5,1037.5,0
2025-04-16T07:00:00Z,1038.0,1043.0,1038.0,1042.75,0
2025-04-16T08:00:00Z,1042.5,1048.75,1041.5,1044.25,0
2025-04-16T09:00:00Z,1044.0,1045.25,1043.25,1044.5,0
2025-04-16T10:00:00Z,1044.25,1046.5,1043.75,1045.75,0
2025-04-16T11:00:00Z,1045.75,1047.75,1044.75,1047.25,0
2025-04-16T12:00:00Z,1047.25,1050.75,1046.75,1049.0,0
2025-04-16T13:00:00Z,1049.25,1051.5,1046.0,1050.75,0
2025-04-16T14:00:00Z,1050.75,1057.25,1050.5,1052.75,0
2025-04-16T15:00:00Z,1052.75,1053.0,1048.5,1051.0,0
2025-04-16T16:00:00Z,1050.75,1052.25,1048.25,1051.75,0
2025-04-16T17:00:00Z,1051.75,1052.75,1047.75,1048.5,0
2025-04-16T18:00:00Z,1048.5,1050.5,1047.5,1049.25,0
2025-04-17T00:00:00Z,1049.25,1052.0,1048.0,1051.25,0
2025-04-17T01:00:00Z,1051.25,1052.5,1049.0,1052.25,0
2025-04-17T02:00:00Z,1052.0,1055.5,1051.25,1055.0,0
2025-04-17T03:00:00Z,1055.5,1055.75,1054.75,1055.5,0
2025-04-17T04:00:00Z,1055.75,1055.75,1055.0,1055.75,0
2025-04-17T05:00:00Z,1055.75,1056.25,1054.5,1055.25,0
2025-04-17T06:00:00Z,1055.5,1055.5,1053.0,1053.0,0
2025-04-17T07:00:00Z,1053.0,1053.5,1051.5,1052.75,0
2025-04-17T08:00:00Z,1052.75,1055.0,1051.75,1053.75,0
2025-04-17T09:00:00Z,1053.75,1053.75,1050.25,1051.25,0
2025-04-17T10:00:00Z,1051.5,1052.0,1051.0,1052.0,0
2025-04-17T11:00:00Z,1052.0,1053.5,1050.0,1050.5,0
2025-04-17T12:00:00Z,1050.5,1054.25,1049.0,1053.5,0
2025-04-17T13:00:00Z,1053.75,1056.5,1048.0,1048.25,0
2025-04-17T14:00:00Z,1048.5,1049.5,1044.0,1045.0,0
2025-04-17T15:00:00Z,1045.0,1046.75,1044.5,1045.75,0
2025-04-17T16:00:00Z,1045.75,1048.5,1045.5,1046.5,0
2025-04-17T17:00:00Z,1046.5,1047.25,1043.0,1045.0,0
2025-04-17T18:00:00Z,1044.75,1048.0,1044.5,1046.75,0
2025-04-21T00:00:00Z,1050.25,1054.75,1049.0,1052.25,0
2025-04-21T01:00:00Z,1052.5,1054.25,1051.5,1051.75,0
2025-04-21T02:00:00Z,1051.5,1051.75,1050.25,1050.5,0
2025-04-21T03:00:00Z,1050.5,1051.0,1049.75,1050.0,0
2025-04-21T04:00:00Z,1049.75,1050.0,1048.75,1049.75,0
2025-04-21T05:00:00Z,1049.75,1052.25,1049.75,1051.5,0
2025-04-21T06:00:00Z,1051.75,1051.75,1049.5,1051.5,0
2025-04-21T07:00:00Z,1051.25,1052.0,1051.25,1051.75,0
2025-04-21T08:00:00Z,1051.75,1052.0,1051.0,1051.25,0
2025-04-21T09:00:00Z,1051.25,1051.25,1050.0,1050.25,0
2025-04-21T10:00:00Z,1050.5,1051.25,1050.25,1051.0,0
2025-04-21T11:00:00Z,1051.0,1053.75,1050.5,1052.75,0
2025-04-21T12:00:00Z,1052.75,1053.25,1049.75,1050.75,0
2025-04-21T13:00:00Z,1051.0,1052.5,1044.0,1044.5,0
2025-04-21T14:00:00Z,1044.5,1046.5,1042.25,1043.5,0
2025-04-21T15:00:00Z,1043.75,1044.25,1041.25,1041.75,0
2025-04-21T16:00:00Z,1041.75,1044.5,1041.25,1042.0,0
2025-04-21T17:00:00Z,1041.75,1043.5,1040.75,1042.5,0
2025-04-21T18:00:00Z,1042.75,1043.25,1040.75,1041.5,0
2025-04-22T00:00:00Z,1042.0,1046.25,1041.75,1045.75,0
2025-04-22T01:00:00Z,1046.0,1047.0,1045.5,1046.25,0
2025-04-22T02:00:00Z,1046.5,1046.75,1045.5,1046.5,0
2025-04-22T03:00:00Z,1046.5,1047.0,1045.5,1046.0,0
2025-04-22T04:00:00Z,1046.0,1046.75,1045.75,1046.5,0
2025-04-22T05:00:00Z,1046.5,1051.25,1046.5,1051.0,0
2025-04-22T06:00:00Z,1051.0,1051.5,1048.75,1049.0,0
2025-04-22T07:00:00Z,1049.25,1049.5,1047.75,1049.25,0
2025-04-22T08:00:00Z,1049.25,1050.0,1048.75,1049.25,0
2025-04-22T09:00:00Z,1049.0,1049.75,1048.5,1049.0,0
2025-04-22T10:00:00Z,1049.0,1050.0,1048.5,1049.0,0
2025-04-22T11:00:00Z,1048.75,1048.75,1046.5,1048.0,0
2025-04-22T12:00:00Z,1048.0,1048.5,1045.0,1045.75,0
2025-04-22T13:00:00Z,1046.0,1046.75,1042.25,1042.75,0
2025-04-22T14:00:00Z,1042.5,1047.0,1041.0,1044.25,0
2025-04-22T15:00:00Z,1044.0,1049.75,1041.5,1047.75,0
2025-04-22T16:00:00Z,1047.5,1050.0,1047.5,1048.5,0
2025-04-22T17:00:00Z,1048.5,1050.5,1046.5,1047.25,0
2025-04-22T18:00:00Z,1047.5,1048.0,1045.5,1046.25,0
2025-04-23T00:00:00Z,1048.0,1056.5,1048.0,1056.5,0
2025-04-23T01:00:00Z,1056.5,1057.5,1053.25,1055.0,0
2025-04-23T02:00:00Z,1055.0,1055.5,1053.25,1054.75,0
2025-04-23T03:00:00Z,1055.0,1056.0,1055.0,1055.5,0
2025-04-23T04:00:00Z,1055.25,1055.5,1054.25,1054.25,0
2025-04-23T05:00:00Z,1054.25,1055.75,1053.5,1053.5,0
2025-04-23T06:00:00Z,1053.25,1055.0,1053.25,1054.25,0
2025-04-23T07:00:00Z,1054.5,1054.75,1053.0,1053.5,0
2025-04-23T08:00:00Z,1053.5,1053.75,1050.5,1052.5,0
2025-04-23T09:00:00Z,1052.75,1055.0,1051.75,1054.75,0
2025-04-23T10:00:00Z,1054.5,1054.5,1052.75,1053.0,0
2025-04-23T11:00:00Z,1053.25,1054.0,1045.25,1047.25,0
2025-04-23T12:00:00Z,1047.25,1049.75,1046.75,1048.25,0
2025-04-23T13:00:00Z,1047.75,1052.0,1047.0,1048.5,0
2025-04-23T14:00:00Z,1048.5,1055.5,1048.5,1054.75,0
2025-04-23T15:00:00Z,1054.75,1056.5,1051.75,1053.25,0
2025-04-23T16:00:00Z,1053.25,1055.25,1050.75,1051.5,0
2025-04-23T17:00:00Z,1051.25,1052.25,1048.0,1048.75,0
2025-04-23T18:00:00Z,1048.5,1052.0,1048.5,1051.5,0
2025-04-24T00:00:00Z,1049.75,1053.0,1048.5,1052.75,0
2025-04-24T01:00:00Z,1052.75,1053.5,1051.75,1052.0,0
2025-04-24T02:00:00Z,1051.75,1053.5,1051.0,1053.5,0
2025-04-24T03:00:00Z,1053.25,1056.25,1053.25,1054.0,0
2025-04-24T04:00:00Z,1054.0,1055.0,1053.75,1054.75,0
2025-04-24T05:00:00Z,1054.5,1055.25,1054.25,1054.75,0
2025-04-24T06:00:00Z,1055.0,1057.0,1054.75,1056.75,0
2025-04-24T07:00:00Z,1056.75,1057.5,1055.5,1056.5,0
2025-04-24T08:00:00Z,1056.75,1057.5,1055.5,1055.5,0
2025-04-24T09:00:00Z,1056.0,1056.75,1056.0,1056.5,0
2025-04-24T10:00:00Z,1056.5,1057.25,1056.25,1056.5,0
2025-04-24T11:00:00Z,1056.5,1057.0,1053.75,1054.0,0
2025-04-24T12:00:00Z,1054.25,1055.5,1053.0,1053.5,0
2025-04-24T13:00:00Z,1053.5,1055.0,1048.0,1049.5,0
2025-04-24T14:00:00Z,1049.75,1053.75,1049.25,1053.0,0
2025-04-24T15:00:00Z,1053.0,1056.5,1052.0,1053.25,0
2025-04-24T16:00:00Z,1053.25,1059.0,1052.25,1057.25,0
2025-04-24T17:00:00Z,1057.25,1062.75,1055.75,1061.75,0
2025-04-24T18:00:00Z,1061.75,1063.5,1059.5,1063.0,0
2025-04-25T00:00:00Z,1062.0,1066.0,1060.5,1066.0,0
2025-04-25T01:00:00Z,1065.75,1067.0,1065.0,1065.25,0
2025-04-25T02:00:00Z,1065.25,1066.0,1063.25,1064.25,0
2025-04-25T03:00:00Z,1064.0,1065.0,1064.0,1064.75,0
2025-04-25T04:00:00Z,1064.75,1066.0,1064.75,1065.0,0
2025-04-25T05:00:00Z,1065.25,1065.5,1063.5,1063.75,0
2025-04-25T06:00:00Z,1064.0,1064.25,1062.0,1063.5,0
2025-04-25T07:00:00Z,1063.75,1064.5,1063.25,1064.0,0
2025-04-25T08:00:00Z,1064.0,1064.0,1063.0,1063.5,0
2025-04-25T09:00:00Z,1063.75,1065.75,1062.75,1065.25,0
2025-04-25T10:00:00Z,1065.25,1067.5,1064.75,1065.25,0
2025-04-25T11:00:00Z,1065.25,1067.0,1064.75,1065.75,0
2025-04-25T12:00:00Z,1065.75,1066.0,1061.25,1061.75,0
2025-04-25T13:00:00Z,1061.5,1062.75,1056.5,1060.25,0
2025-04-25T14:00:00Z,1060.25,1061.0,1056.75,1057.0,0
2025-04-25T15:00:00Z,1057.25,1060.75,1057.0,1059.75,0
2025-04-25T16:00:00Z,1059.75,1061.5,1059.25,1060.5,0
2025-04-25T17:00:00Z,1060.25,1060.75,1058.0,1058.75,0
2025-04-25T18:00:00Z,1058.75,1059.75,1058.0,1059.25,0
2025-04-28T00:00:00Z,1058.5,1059.0,1054.75,1056.75,0
2025-04-28T01:00:00Z,1056.75,1057.25,1053.5,1054.0,0
2025-04-28T02:00:00Z,1054.25,1054.5,1053.5,1053.75,0
2025-04-28T03:00:00Z,1053.75,1054.5,1053.75,1053.75,0
2025-04-28T04:00:00Z,1053.75,1054.25,1053.75,1054.25,0
2025-04-28T05:00:00Z,1054.0,1054.25,1052.75,1053.75,0
2025-04-28T06:00:00Z,1053.75,1055.0,1053.75,1054.25,0
2025-04-28T07:00:00Z,1054.25,1054.25,1052.75,1053.25,0
2025-04-28T08:00:00Z,1053.25,1055.25,1053.0,1054.25,0
2025-04-28T09:00:00Z,1054.5,1055.25,1054.25,1054.75,0
2025-04-28T10:00:00Z,1054.75,1055.5,1054.0,1055.25,0
2025-04-28T11:00:00Z,1055.25,1055.5,1051.75,1052.75,0
2025-04-28T12:00:00Z,1053.0,1054.5,1051.5,1053.75,0
2025-04-28T13:00:00Z,1053.25,1055.0,1051.5,1052.25,0
2025-04-28T14:00:00Z,1052.25,1056.5,1051.5,1056.25,0
2025-04-28T15:00:00Z,1056.25,1061.0,1055.0,1060.5,0
2025-04-28T16:00:00Z,1060.5,1064.0,1059.25,1063.75,0
2025-04-28T17:00:00Z,1064.0,1064.0,1061.0,1061.25,0
2025-04-28T18:00:00Z,1061.5,1062.75,1061.0,1061.25,0
2025-04-29T00:00:00Z,1062.0,1063.25,1060.0,1062.0,0
2025-04-29T01:00:00Z,1062.0,1062.5,1061.0,1061.75,0
2025-04-29T02:00:00Z,1061.5,1062.25,1061.0,1061.0,0
2025-04-29T03:00:00Z,1061.0,1061.25,1059.0,1059.75,0
2025-04-29T04:00:00Z,1059.75,1059.75,1059.25,1059.5,0
2025-04-29T05:00:00Z,1059.25,1059.5,1058.5,1058.5,0
2025-04-29T06:00:00Z,1058.5,1060.5,1057.25,1058.0,0
2025-04-29T07:00:00Z,1058.0,1060.25,1057.75,1060.0,0
2025-04-29T08:00:00Z,1060.0,1060.75,1057.75,1058.75,0
2025-04-29T09:00:00Z,1058.75,1060.25,1058.75,1060.25,0
2025-04-29T10:00:00Z,1060.0,1060.25,1057.5,1058.0,0
2025-04-29T11:00:00Z,1058.0,1061.0,1057.25,1057.5,0
2025-04-29T12:00:00Z,1057.5,1060.25,1056.0,1059.0,0
2025-04-29T13:00:00Z,1060.75,1060.75,1051.75,1052.25,0
2025-04-29T14:00:00Z,1052.25,1053.25,1046.75,1046.75,0
2025-04-29T15:00:00Z,1046.75,1049.5,1045.75,1047.75,0
2025-04-29T16:00:00Z,1047.75,1049.5,1046.5,1049.5,0
2025-04-29T17:00:00Z,1049.75,1054.0,1049.75,1053.5,0
2025-04-29T18:00:00Z,1053.25,1053.75,1051.75,1052.5,0
2025-04-30T00:00:00Z,1052.5,1054.5,1050.75,1051.0,0
2025-04-30T01:00:00Z,1050.75,1051.0,1048.5,1049.25,0
2025-04-30T02:00:00Z,1049.5,1049.75,1046.0,1046.75,0
2025-04-30T03:00:00Z,1047.0,1047.5,1046.5,1047.5,0
2025-04-30T04:00:00Z,1047.25,1047.75,1047.0,1047.25,0
2025-04-30T05:00:00Z,1047.25,1047.75,1045.0,1045.5,0
2025-04-30T06:00:00Z,1045.5,1046.0,1045.0,1045.25,0
2025-04-30T07:00:00Z,1045.0,1045.75,1044.25,1045.5,0
2025-04-30T08:00:00Z,1045.5,1045.5,1044.25,1044.5,0
2025-04-30T09:00:00Z,1044.5,1045.75,1044.25,1044.5,0
2025-04-30T10:00:00Z,1044.25,1044.75,1043.5,1044.25,0
2025-04-30T11:00:00Z,1044.25,1046.5,1044.0,1044.25,0
2025-04-30T12:00:00Z,1044.25,1045.25,1041.75,1042.25,0
2025-04-30T13:00:00Z,1040.75,1046.0,1038.5,1044.5,0
2025-04-30T14:00:00Z,1044.25,1047.75,1043.25,1047.25,0
2025-04-30T15:00:00Z,1047.0,1047.5,1043.0,1044.5,0
2025-04-30T16:00:00Z,1044.5,1044.5,1040.5,1042.5,0
2025-04-30T17:00:00Z,1042.5,1043.75,1040.75,1041.25,0
2025-04-30T18:00:00Z,1041.25,1045.0,1041.25,1044.0,0
2025-05-01T00:00:00Z,1044.0,1045.0,1042.5,1043.75,0
2025-05-01T01:00:00Z,1043.5,1044.5,1043.25,1043.5,0
2025-05-01T02:00:00Z,1043.75,1044.75,1043.5,1044.25,0
2025-05-01T03:00:00Z,1044.25,1044.75,1044.0,1044.5,0
2025-05-01T04:00:00Z,1044.75,1045.25,1044.5,1045.25,0
2025-05-01T05:00:00Z,1045.0,1045.0,1043.75,1044.5,0
2025-05-01T06:00:00Z,1044.5,1046.25,1041.75,1042.25,0
2025-05-01T07:00:00Z,1043.0,1043.5,1040.5,1040.75,0
2025-05-01T08:00:00Z,1040.75,1041.25,1040.25,1040.5,0
2025-05-01T09:00:00Z,1040.5,1040.75,1036.75,1038.5,0
2025-05-01T10:00:00Z,1038.25,1040.0,1038.25,1039.75,0
2025-05-01T11:00:00Z,1039.5,1043.0,1038.0,1042.25,0
2025-05-01T12:00:00Z,1042.25,1045.25,1040.5,1045.0,0
2025-05-01T13:00:00Z,1044.5,1048.5,1043.25,1045.0,0
2025-05-01T14:00:00Z,1045.25,1045.25,1039.5,1043.0,0
2025-05-01T15:00:00Z,1043.25,1045.0,1040.5,1045.0,0
2025-05-01T16:00:00Z,1045.0,1050.75,1044.5,1050.5,0
2025-05-01T17:00:00Z,1050.5,1054.5,1049.5,1049.5,0
2025-05-01T18:00:00Z,1049.75,1051.75,1049.25,1050.25,0
2025-05-02T00:00:00Z,1050.25,1053.5,1050.0,1053.0,0
2025-05-02T01:00:00Z,1053.0,1053.5,1052.25,1052.5,0
2025-05-02T02:00:00Z,1052.75,1055.25,1052.75,1054.75,0
2025-05-02T03:00:00Z,1054.5,1056.25,1054.5,1056.0,0
2025-05-02T04:00:00Z,1056.0,1056.5,1054.75,1056.25,0
2025-05-02T05:00:00Z,1056.0,1057.75,1055.75,1056.75,0
2025-05-02T06:00:00Z,1056.5,1057.5,1055.75,1056.75,0
2025-05-02T07:00:00Z,1056.75,1057.0,1054.75,1056.25,0
2025-05-02T08:00:00Z,1056.25,1056.25,1051.25,1051.25,0
2025-05-02T09:00:00Z,1051.75,1054.75,1051.5,1054.75,0
2025-05-02T10:00:00Z,1054.5,1056.25,1051.5,1053.0,0
2025-05-02T11:00:00Z,1053.0,1054.5,1052.25,1054.5,0
2025-05-02T12:00:00Z,1054.5,1055.5,1052.75,1054.0,0
2025-05-02T13:00:00Z,1054.25,1058.0,1051.75,1057.25,0
2025-05-02T14:00:00Z,1057.0,1059.25,1054.75,1058.25,0
2025-05-02T15:00:00Z,1058.5,1060.0,1055.0,1055.75,0
2025-05-02T16:00:00Z,1055.75,1062.0,1055.5,1059.75,0
2025-05-02T17:00:00Z,1060.0,1060.5,1054.75,1055.75,0
2025-05-02T18:00:00Z,1055.75,1059.0,1055.0,1058.25,0
2025-05-05T00:00:00Z,1052.75,1055.0,1050.25,1051.5,0
2025-05-05T01:00:00Z,1051.25,1052.0,1050.75,1051.25,0
2025-05-05T02:00:00Z,1051.0,1051.75,1050.75,1051.0,0
2025-05-05T03:00:00Z,1050.75,1051.0,1049.5,1050.0,0
2025-05-05T04:00:00Z,1050.0,1050.5,1049.25,1049.75,0
2025-05-05T05:00:00Z,1049.75,1050.0,1049.0,1049.25,0
2025-05-05T06:00:00Z,1049.25,1050.25,1049.0,1049.25,0
2025-05-05T07:00:00Z,1049.5,1052.0,1049.25,1051.75,0
2025-05-05T08:00:00Z,1051.75,1053.25,1051.75,1052.25,0
2025-05-05T09:00:00Z,1052.0,1052.75,1051.25,1052.0,0
2025-05-05T10:00:00Z,1051.75,1052.5,1050.0,1050.75,0
2025-05-05T11:00:00Z,1050.75,1052.75,1050.25,1052.0,0
2025-05-05T12:00:00Z,1052.0,1055.0,1051.75,1053.75,0
2025-05-05T13:00:00Z,1053.5,1056.5,1051.5,1055.5,0
2025-05-05T14:00:00Z,1055.75,1057.0,1050.5,1051.0,0
2025-05-05T15:00:00Z,1051.0,1052.5,1049.5,1051.0,0
2025-05-05T16:00:00Z,1051.25,1051.75,1046.0,1046.25,0
2025-05-05T17:00:00Z,1046.25,1047.0,1045.0,1045.5,0
2025-05-05T18:00:00Z,1045.75,1047.0,1044.25,1046.0,0
2025-05-06T00:00:00Z,1045.25,1046.75,1042.25,1042.5,0
2025-05-06T01:00:00Z,1042.5,1044.5,1041.75,1042.5,0
2025-05-06T02:00:00Z,1042.75,1044.75,1042.5,1044.0,0
2025-05-06T03:00:00Z,1044.0,1044.75,1043.5,1044.25,0
2025-05-06T04:00:00Z,1044.25,1045.5,1044.25,1045.5,0
2025-05-06T05:00:00Z,1045.5,1045.75,1044.0,1044.0,0
2025-05-06T06:00:00Z,1043.75,1044.25,1041.5,1043.0,0
2025-05-06T07:00:00Z,1043.0,1044.5,1042.75,1043.0,0
2025-05-06T08:00:00Z,1043.25,1044.75,1042.75,1044.75,0
2025-05-06T09:00:00Z,1044.75,1045.0,1044.0,1045.0,0
2025-05-06T10:00:00Z,1044.75,1046.0,1043.75,1044.5,0
2025-05-06T11:00:00Z,1044.0,1044.5,1042.75,1043.75,0
2025-05-06T12:00:00Z,1043.75,1044.25,1042.5,1042.75,0
2025-05-06T13:00:00Z,1043.25,1043.5,1037.75,1041.0,0
2025-05-06T14:00:00Z,1041.0,1043.0,1039.25,1039.75,0
2025-05-06T15:00:00Z,1039.75,1041.5,1037.25,1037.5,0
2025-05-06T16:00:00Z,1037.5,1038.75,1036.5,1038.25,0
2025-05-06T17:00:00Z,1038.5,1043.0,1038.25,1041.75,0
2025-05-06T18:00:00Z,1041.75,1042.75,1040.25,1040.5,0
2025-05-07T00:00:00Z,1045.0,1050.5,1044.75,1050.0,0
2025-05-07T01:00:00Z,1049.75,1055.0,1048.75,1053.5,0
2025-05-07T02:00:00Z,1053.75,1055.0,1052.5,1052.5,0
2025-05-07T03:00:00Z,1052.5,1054.25,1052.5,1053.25,0
2025-05-07T04:00:00Z,1053.5,1055.0,1053.5,1054.25,0
2025-05-07T05:00:00Z,1054.0,1056.0,1054.0,1055.0,0
2025-05-07T06:00:00Z,1055.0,1056.0,1052.75,1053.25,0
2025-05-07T07:00:00Z,1053.0,1055.0,1053.0,1053.5,0
2025-05-07T08:00:00Z,1053.5,1055.25,1052.0,1054.75,0
2025-05-07T09:00:00Z,1054.5,1055.0,1052.5,1053.0,0
2025-05-07T10:00:00Z,1052.75,1054.5,1052.25,1054.0,0
2025-05-07T11:00:00Z,1054.0,1055.0,1052.0,1053.75,0
2025-05-07T12:00:00Z,1053.5,1054.75,1051.75,1051.75,0
2025-05-07T13:00:00Z,1051.0,1052.0,1048.0,1050.75,0
2025-05-07T14:00:00Z,1050.75,1051.0,1042.75,1043.75,0
2025-05-07T15:00:00Z,1043.5,1044.0,1041.25,1042.0,0
2025-05-07T16:00:00Z,1042.0,1042.75,1039.75,1040.75,0
2025-05-07T17:00:00Z,1040.75,1043.0,1039.5,1039.75,0
2025-05-07T18:00:00Z,1039.75,1040.0,1038.25,1039.25,0
2025-05-08T00:00:00Z,1039.0,1040.25,1036.5,1037.25,0
2025-05-08T01:00:00Z,1037.5,1039.25,1037.5,1038.5,0
2025-05-08T02:00:00Z,1038.75,1041.75,1038.5,1040.75,0
2025-05-08T03:00:00Z,1040.75,1041.5,1040.5,1040.75,0
2025-05-08T04:00:00Z,1040.75,1043.0,1040.75,1042.0,0
2025-05-08T05:00:00Z,1042.0,1042.25,1040.25,1041.5,0
2025-05-08T06:00:00Z,1041.5,1043.0,1041.0,1041.25,0
2025-05-08T07:00:00Z,1041.25,1043.0,1040.75,1042.25,0
2025-05-08T08:00:00Z,1042.5,1043.5,1042.25,1042.5,0
2025-05-08T09:00:00Z,1042.75,1045.0,1042.75,1044.75,0
2025-05-08T10:00:00Z,1044.5,1045.75,1044.25,1045.5,0
2025-05-08T11:00:00Z,1045.5,1046.5,1044.75,1045.75,0
2025-05-08T12:00:00Z,1045.75,1047.5,1045.75,1046.25,0
2025-05-08T13:00:00Z,1046.25,1048.0,1043.0,1045.5,0
2025-05-08T14:00:00Z,1045.5,1047.75,1040.75,1041.25,0
2025-05-08T15:00:00Z,1041.25,1043.5,1039.75,1042.0,0
2025-05-08T16:00:00Z,1042.0,1042.0,1039.25,1041.25,0
2025-05-08T17:00:00Z,1041.0,1045.0,1040.25,1045.0,0
2025-05-08T18:00:00Z,1045.0,1046.0,1044.0,1044.75,0
2025-05-09T00:00:00Z,1044.5,1045.5,1042.0,1043.0,0
2025-05-09T01:00:00Z,1043.25,1044.0,1041.5,1043.75,0
2025-05-09T02:00:00Z,1043.5,1044.75,1043.25,1043.75,0
2025-05-09T03:00:00Z,1044.0,1044.0,1042.25,1043.0,0
2025-05-09T04:00:00Z,1043.0,1043.5,1041.75,1041.75,0
2025-05-09T05:00:00Z,1041.75,1042.25,1041.0,1041.25,0
2025-05-09T06:00:00Z,1041.5,1042.0,1041.0,1041.25,0
2025-05-09T07:00:00Z,1041.0,1043.75,1040.5,1042.5,0
2025-05-09T08:00:00Z,1042.25,1044.75,1042.25,1044.75,0
2025-05-09T09:00:00Z,1045.0,1046.5,1044.0,1046.0,0
2025-05-09T10:00:00Z,1045.75,1047.75,1045.5,1047.75,0
2025-05-09T11:00:00Z,1048.0,1050.0,1047.5,1049.75,0
2025-05-09T12:00:00Z,1049.5,1050.75,1048.75,1050.0,0
2025-05-09T13:00:00Z,1049.0,1054.0,1047.0,1051.25,0
2025-05-09T14:00:00Z,1051.25,1055.25,1051.25,1052.25,0
2025-05-09T15:00:00Z,1052.25,1058.25,1052.25,1058.0,0
2025-05-09T16:00:00Z,1058.0,1058.0,1056.0,1056.25,0
2025-05-09T17:00:00Z,1056.25,1056.25,1050.25,1050.75,0
2025-05-09T18:00:00Z,1050.75,1052.5,1050.25,1052.25,0
2025-05-12T00:00:00Z,1064.0,1065.0,1057.25,1057.5,0
2025-05-12T01:00:00Z,1057.25,1058.0,1053.0,1053.0,0
2025-05-12T02:00:00Z,1053.25,1054.5,1052.5,1053.75,0
2025-05-12T03:00:00Z,1053.5,1055.0,1053.5,1055.0,0
2025-05-12T04:00:00Z,1055.0,1056.5,1054.75,1056.5,0
2025-05-12T05:00:00Z,1056.0,1059.5,1055.75,1059.25,0
2025-05-12T06:00:00Z,1059.25,1060.75,1057.75,1059.25,0
2025-05-12T07:00:00Z,1059.25,1065.75,1059.25,1063.5,0
2025-05-12T08:00:00Z,1063.5,1069.0,1063.0,1067.25,0
2025-05-12T09:00:00Z,1067.25,1067.5,1064.5,1067.0,0
2025-05-12T10:00:00Z,1066.75,1070.5,1066.75,1069.75,0
2025-05-12T11:00:00Z,1069.75,1072.0,1068.5,1071.25,0
2025-05-12T12:00:00Z,1071.25,1071.5,1068.0,1069.25,0
2025-05-12T13:00:00Z,1068.25,1070.0,1064.75,1068.0,0
2025-05-12T14:00:00Z,1068.25,1070.75,1059.5,1060.5,0
2025-05-12T15:00:00Z,1060.25,1061.0,1057.75,1059.0,0
2025-05-12T16:00:00Z,1058.75,1074.75,1058.75,1067.75,0
2025-05-12T17:00:00Z,1067.75,1071.5,1066.5,1071.25,0
2025-05-12T18:00:00Z,1071.25,1073.5,1070.0,1070.0,0
2025-05-13T00:00:00Z,1069.5,1069.5,1066.5,1069.0,0
2025-05-13T01:00:00Z,1068.75,1070.0,1067.75,1067.75,0
2025-05-13T02:00:00Z,1067.75,1069.5,1067.5,1069.0,0
2025-05-13T03:00:00Z,1068.75,1069.25,1068.0,1069.25,0
2025-05-13T04:00:00Z,1069.25,1070.0,1068.75,1069.75,0
2025-05-13T05:00:00Z,1069.75,1070.5,1067.75,1068.0,0
2025-05-13T06:00:00Z,1068.0,1068.25,1065.5,1066.5,0
2025-05-13T07:00:00Z,1066.75,1068.5,1066.0,1067.75,0
2025-05-13T08:00:00Z,1067.5,1068.5,1065.75,1066.25,0
2025-05-13T09:00:00Z,1066.25,1066.75,1065.25,1065.75,0
2025-05-13T10:00:00Z,1065.75,1066.5,1064.75,1066.25,0
2025-05-13T11:00:00Z,1066.25,1069.5,1066.25,1069.0,0
2025-05-13T12:00:00Z,1069.0,1069.75,1066.0,1067.75,0
2025-05-13T13:00:00Z,1068.0,1068.5,1063.25,1063.5,0
2025-05-13T14:00:00Z,1063.25,1063.5,1053.25,1056.0,0
2025-05-13T15:00:00Z,1056.25,1068.25,1056.25,1067.75,0
2025-05-13T16:00:00Z,1067.75,1075.0,1067.5,1075.0,0
2025-05-13T17:00:00Z,1074.75,1076.25,1070.75,1071.5,0
2025-05-13T18:00:00Z,1071.25,1075.25,1069.75,1075.0,0
2025-05-14T00:00:00Z,1073.5,1078.0,1073.5,1077.25,0
2025-05-14T01:00:00Z,1077.25,1080.0,1076.5,1079.5,0
2025-05-14T02:00:00Z,1079.5,1080.5,1078.5,1080.25,0
2025-05-14T03:00:00Z,1080.25,1081.5,1080.0,1081.5,0
2025-05-14T04:00:00Z,1081.5,1082.0,1080.75,1081.0,0
2025-05-14T05:00:00Z,1080.75,1081.25,1080.25,1080.5,0
2025-05-14T06:00:00Z,1080.5,1081.75,1080.0,1081.25,0
2025-05-14T07:00:00Z,1081.0,1081.25,1078.25,1078.25,0
2025-05-14T08:00:00Z,1078.0,1078.75,1073.5,1074.5,0
2025-05-14T09:00:00Z,1074.5,1076.25,1074.0,1075.0,0
2025-05-14T10:00:00Z,1074.75,1076.0,1074.5,1075.75,0
2025-05-14T11:00:00Z,1075.5,1075.75,1074.25,1075.0,0
2025-05-14T12:00:00Z,1074.75,1076.0,1072.0,1075.0,0
2025-05-14T13:00:00Z,1075.0,1076.0,1071.5,1074.25,0
2025-05-14T14:00:00Z,1074.25,1076.5,1072.0,1073.5,0
2025-05-14T15:00:00Z,1073.5,1079.0,1073.0,1076.0,0
2025-05-14T16:00:00Z,1076.0,1078.25,1075.5,1077.0,0
2025-05-14T17:00:00Z,1076.75,1079.25,1075.5,1079.0,0
2025-05-14T18:00:00Z,1079.0,1079.25,1075.75,1076.0,0
2025-05-15T00:00:00Z,1073.0,1073.25,1065.0,1067.25,0
2025-05-15T01:00:00Z,1067.0,1069.25,1066.5,1068.0,0
2025-05-15T02:00:00Z,1068.0,1069.25,1066.5,1067.5,0
2025-05-15T03:00:00Z,1067.5,1067.75,1066.25,1067.0,0
2025-05-15T04:00:00Z,1067.0,1068.5,1066.75,1068.0,0
2025-05-15T05:00:00Z,1067.75,1067.75,1066.0,1066.25,0
2025-05-15T06:00:00Z,1066.25,1068.75,1064.5,1068.0,0
2025-05-15T07:00:00Z,1068.0,1069.75,1067.0,1068.0,0
2025-05-15T08:00:00Z,1068.0,1068.0,1063.75,1064.0,0
2025-05-15T09:00:00Z,1064.25,1066.5,1062.5,1064.75,0
2025-05-15T10:00:00Z,1064.75,1065.0,1062.75,1062.75,0
2025-05-15T11:00:00Z,1062.5,1063.25,1060.5,1063.0,0
2025-05-15T12:00:00Z,1063.0,1065.0,1062.5,1063.0,0
2025-05-15T13:00:00Z,1064.5,1065.0,1058.0,1059.0,0
2025-05-15T14:00:00Z,1059.0,1059.25,1050.75,1052.0,0
2025-05-15T15:00:00Z,1052.0,1052.5,1046.75,1048.25,0
2025-05-15T16:00:00Z,1048.25,1049.0,1046.0,1048.5,0
2025-05-15T17:00:00Z,1048.75,1049.0,1047.5,1048.5,0
2025-05-15T18:00:00Z,1048.25,1054.5,1048.0,1053.25,0
2025-05-16T00:00:00Z,1052.5,1056.5,1050.0,1052.5,0
2025-05-16T01:00:00Z,1052.5,1057.0,1051.75,1054.75,0
2025-05-16T02:00:00Z,1054.75,1055.5,1053.25,1053.75,0
2025-05-16T03:00:00Z,1053.75,1055.0,1052.75,1053.0,0
2025-05-16T04:00:00Z,1053.0,1055.75,1052.75,1054.5,0
2025-05-16T05:00:00Z,1054.25,1055.0,1053.75,1054.5,0
2025-05-16T06:00:00Z,1054.5,1054.75,1052.5,1052.75,0
2025-05-16T07:00:00Z,1052.75,1053.5,1050.0,1050.5,0
2025-05-16T08:00:00Z,1050.5,1052.25,1049.0,1051.0,0
2025-05-16T09:00:00Z,1051.0,1054.75,1050.5,1052.25,0
2025-05-16T10:00:00Z,1052.25,1054.5,1052.0,1054.0,0
2025-05-16T11:00:00Z,1054.0,1054.5,1049.75,1050.75,0
2025-05-16T12:00:00Z,1050.75,1051.75,1048.75,1049.5,0
2025-05-16T13:00:00Z,1051.0,1059.75,1048.75,1056.5,0
2025-05-16T14:00:00Z,1056.5,1057.5,1047.25,1052.75,0
2025-05-16T15:00:00Z,1052.5,1053.75,1050.5,1051.0,0
2025-05-16T16:00:00Z,1050.75,1051.5,1047.5,1048.0,0
2025-05-16T17:00:00Z,1048.25,1052.25,1047.75,1050.25,0
2025-05-16T18:00:00Z,1050.25,1051.5,1049.0,1051.0,0
2025-05-19T00:00:00Z,1050.25,1052.75,1048.75,1052.5,0
2025-05-19T01:00:00Z,1052.25,1052.5,1048.25,1049.0,0
2025-05-19T02:00:00Z,1048.75,1050.0,1048.0,1049.75,0
2025-05-19T03:00:00Z,1050.0,1053.0,1050.0,1051.25,0
2025-05-19T04:00:00Z,1051.5,1051.5,1050.5,1050.75,0
2025-05-19T05:00:00Z,1050.5,1054.0,1050.5,1053.25,0
2025-05-19T06:00:00Z,1053.25,1054.75,1052.0,1052.5,0
2025-05-19T07:00:00Z,1052.5,1055.5,1052.5,1054.5,0
2025-05-19T08:00:00Z,1054.5,1055.0,1051.5,1053.0,0
2025-05-19T09:00:00Z,1053.25,1054.25,1052.5,1052.75,0
2025-05-19T10:00:00Z,1053.25,1053.5,1052.5,1053.25,0
2025-05-19T11:00:00Z,1053.25,1056.0,1052.75,1054.5,0
2025-05-19T12:00:00Z,1054.5,1055.5,1053.0,1053.75,0
2025-05-19T13:00:00Z,1054.5,1054.75,1047.25,1047.5,0
2025-05-19T14:00:00Z,1047.5,1050.5,1045.75,1050.0,0
2025-05-19T15:00:00Z,1050.0,1051.75,1047.75,1048.25,0
2025-05-19T16:00:00Z,1048.25,1052.75,1048.25,1050.25,0
2025-05-19T17:00:00Z,1050.0,1051.75,1046.75,1049.0,0
2025-05-19T18:00:00Z,1048.75,1052.5,1047.5,1051.25,0
2025-05-20T00:00:00Z,1050.75,1051.75,1046.25,1046.75,0
2025-05-20T01:00:00Z,1046.75,1047.25,1046.25,1047.0,0
2025-05-20T02:00:00Z,1047.25,1048.25,1046.75,1047.5,0
2025-05-20T03:00:00Z,1047.5,1048.25,1047.5,1048.0,0
2025-05-20T04:00:00Z,1048.0,1048.0,1046.5,1046.75,0
2025-05-20T05:00:00Z,1047.5,1050.0,1047.25,1048.75,0
2025-05-20T06:00:00Z,1048.75,1050.0,1048.25,1049.0,0
2025-05-20T07:00:00Z,1049.0,1050.0,1048.25,1049.25,0
2025-05-20T08:00:00Z,1049.25,1050.5,1049.0,1049.75,0
2025-05-20T09:00:00Z,1049.75,1052.75,1049.75,1052.5,0
2025-05-20T10:00:00Z,1052.75,1052.75,1051.75,1052.25,0
2025-05-20T11:00:00Z,1052.25,1053.0,1049.5,1050.5,0
2025-05-20T12:00:00Z,1050.5,1053.0,1050.5,1052.5,0
2025-05-20T13:00:00Z,1053.0,1053.75,1050.0,1052.25,0
2025-05-20T14:00:00Z,1052.25,1056.75,1050.75,1053.75,0
2025-05-20T15:00:00Z,1053.75,1054.25,1048.25,1048.5,0
2025-05-20T16:00:00Z,1048.5,1051.5,1048.25,1051.0,0
2025-05-20T17:00:00Z,1051.25,1053.75,1051.0,1053.0,0
2025-05-20T18:00:00Z,1053.25,1054.5,1052.5,1054.25,0
2025-05-21T00:00:00Z,1052.75,1058.0,1052.75,1055.25,0
2025-05-21T01:00:00Z,1055.25,1056.5,1054.25,1056.5,0
2025-05-21T02:00:00Z,1056.75,1057.25,1054.5,1055.0,0
2025-05-21T03:00:00Z,1055.0,1057.25,1055.0,1056.0,0
2025-05-21T04:00:00Z,1056.0,1056.5,1055.75,1056.0,0
2025-05-21T05:00:00Z,1056.25,1058.5,1056.25,1058.25,0
2025-05-21T06:00:00Z,1058.25,1061.0,1058.0,1060.0,0
2025-05-21T07:00:00Z,1059.75,1059.75,1056.25,1057.0,0
2025-05-21T08:00:00Z,1056.75,1058.0,1056.75,1057.5,0
2025-05-21T09:00:00Z,1057.5,1059.25,1057.5,1059.0,0
2025-05-21T10:00:00Z,1058.75,1060.75,1058.0,1058.5,0
2025-05-21T11:00:00Z,1058.5,1061.25,1058.25,1060.75,0
2025-05-21T12:00:00Z,1060.75,1061.25,1058.25,1060.25,0
2025-05-21T13:00:00Z,1060.0,1061.5,1056.0,1059.0,0
2025-05-21T14:00:00Z,1058.75,1066.5,1058.0,1063.0,0
2025-05-21T15:00:00Z,1062.75,1067.5,1059.75,1066.5,0
2025-05-21T16:00:00Z,1066.25,1067.0,1063.5,1064.75,0
2025-05-21T17:00:00Z,1064.75,1066.0,1061.0,1061.75,0
2025-05-21T18:00:00Z,1062.0,1064.25,1061.0,1061.75,0
2025-05-22T00:00:00Z,1057.0,1057.25,1051.0,1052.75,0
2025-05-22T01:00:00Z,1053.0,1054.5,1052.75,1053.0,0
2025-05-22T02:00:00Z,1053.0,1056.0,1052.0,1055.0,0
2025-05-22T03:00:00Z,1055.0,1055.25,1053.25,1053.25,0
2025-05-22T04:00:00Z,1053.5,1055.25,1053.5,1054.75,0
2025-05-22T05:00:00Z,1054.75,1058.0,1054.5,1058.0,0
2025-05-22T06:00:00Z,1057.75,1060.5,1057.75,1059.0,0
2025-05-22T07:00:00Z,1058.75,1059.0,1056.0,1057.5,0
2025-05-22T08:00:00Z,1057.75,1057.75,1056.0,1056.25,0
2025-05-22T09:00:00Z,1056.0,1057.5,1055.25,1057.25,0
2025-05-22T10:00:00Z,1057.25,1057.75,1055.5,1056.25,0
2025-05-22T11:00:00Z,1056.25,1061.25,1056.25,1060.25,0
2025-05-22T12:00:00Z,1060.25,1062.0,1058.75,1061.0,0
2025-05-22T13:00:00Z,1060.5,1068.75,1060.0,1068.25,0
2025-05-22T14:00:00Z,1068.25,1069.25,1065.25,1067.75,0
2025-05-22T15:00:00Z,1067.75,1070.75,1066.5,1068.75,0
2025-05-22T16:00:00Z,1069.0,1069.25,1064.5,1066.5,0
2025-05-22T17:00:00Z,1066.5,1069.0,1065.75,1067.0,0
2025-05-22T18:00:00Z,1066.75,1068.25,1066.25,1067.75,0
2025-05-23T00:00:00Z,1071.0,1073.25,1068.5,1069.5,0
2025-05-23T01:00:00Z,1069.5,1072.25,1068.75,1069.25,0
2025-05-23T02:00:00Z,1069.25,1070.25,1067.0,1068.5,0
2025-05-23T03:00:00Z,1068.5,1069.5,1068.5,1068.5,0
2025-05-23T04:00:00Z,1068.75,1069.75,1068.5,1069.0,0
2025-05-23T05:00:00Z,1069.0,1069.75,1068.5,1068.5,0
2025-05-23T06:00:00Z,1068.5,1069.25,1067.75,1068.25,0
2025-05-23T07:00:00Z,1068.25,1069.5,1067.75,1069.25,0
2025-05-23T08:00:00Z,1069.25,1069.5,1067.25,1067.25,0
2025-05-23T09:00:00Z,1067.25,1068.0,1066.5,1067.0,0
2025-05-23T10:00:00Z,1067.25,1067.75,1066.0,1067.0,0
2025-05-23T11:00:00Z,1066.75,1068.25,1059.0,1060.5,0
2025-05-23T12:00:00Z,1060.5,1061.25,1056.25,1059.5,0
2025-05-23T13:00:00Z,1060.0,1061.75,1057.75,1060.0,0
2025-05-23T14:00:00Z,1060.0,1061.75,1056.25,1056.5,0
2025-05-23T15:00:00Z,1056.5,1060.25,1055.5,1059.0,0
2025-05-23T16:00:00Z,1059.0,1061.0,1058.25,1059.0,0
2025-05-23T17:00:00Z,1058.75,1060.75,1058.5,1059.25,0
2025-05-23T18:00:00Z,1059.0,1061.0,1058.75,1060.75,0
2025-05-27T00:00:00Z,1061.25,1064.5,1059.0,1064.5,0
2025-05-27T01:00:00Z,1064.5,1064.5,1062.25,1062.75,0
2025-05-27T02:00:00Z,1063.0,1063.0,1062.0,1062.75,0
2025-05-27T03:00:00Z,1062.5,1065.0,1062.5,1063.75,0
2025-05-27T04:00:00Z,1063.75,1064.0,1063.5,1063.75,0
2025-05-27T05:00:00Z,1063.75,1064.25,1063.0,1064.25,0
2025-05-27T06:00:00Z,1064.5,1067.25,1064.25,1064.5,0
2025-05-27T07:00:00Z,1064.5,1065.25,1063.25,1063.5,0
2025-05-27T08:00:00Z,1063.75,1065.0,1063.5,1064.0,0
2025-05-27T09:00:00Z,1064.25,1066.5,1064.0,1064.5,0
2025-05-27T10:00:00Z,1064.5,1064.5,1062.5,1062.75,0
2025-05-27T11:00:00Z,1062.75,1066.0,1061.75,1065.25,0
2025-05-27T12:00:00Z,1065.0,1067.25,1063.5,1066.5,0
2025-05-27T13:00:00Z,1066.0,1067.75,1065.0,1065.75,0
2025-05-27T14:00:00Z,1065.75,1066.5,1060.25,1060.75,0
2025-05-27T15:00:00Z,1061.0,1064.5,1060.0,1063.0,0
2025-05-27T16:00:00Z,1062.75,1064.25,1060.25,1061.5,0
2025-05-27T17:00:00Z,1061.5,1063.25,1061.25,1061.5,0
2025-05-27T18:00:00Z,1061.75,1064.25,1061.0,1061.75,0
2025-05-28T00:00:00Z,1061.75,1064.0,1061.0,1062.25,0
2025-05-28T01:00:00Z,1062.0,1063.0,1061.5,1062.0,0
2025-05-28T02:00:00Z,1062.25,1064.25,1062.0,1063.0,0
2025-05-28T03:00:00Z,1063.0,1063.25,1061.25,1062.25,0
2025-05-28T04:00:00Z,1062.5,1063.0,1062.5,1062.5,0
2025-05-28T05:00:00Z,1062.5,1062.75,1060.75,1060.75,0
2025-05-28T06:00:00Z,1060.75,1062.0,1060.0,1061.0,0
2025-05-28T07:00:00Z,1061.0,1062.0,1060.0,1060.75,0
2025-05-28T08:00:00Z,1061.0,1062.0,1060.25,1061.75,0
2025-05-28T09:00:00Z,1061.75,1062.5,1060.75,1061.75,0
2025-05-28T10:00:00Z,1061.5,1062.25,1059.5,1059.75,0
2025-05-28T11:00:00Z,1059.75,1060.0,1058.0,1058.25,0
2025-05-28T12:00:00Z,1058.25,1060.75,1058.25,1058.5,0
2025-05-28T13:00:00Z,1058.5,1058.75,1054.0,1056.25,0
2025-05-28T14:00:00Z,1056.0,1056.75,1053.0,1053.75,0
2025-05-28T15:00:00Z,1053.5,1054.5,1050.25,1050.75,0
2025-05-28T16:00:00Z,1051.0,1051.0,1048.75,1049.0,0
2025-05-28T17:00:00Z,1049.0,1051.5,1048.25,1048.75,0
2025-05-28T18:00:00Z,1048.75,1049.75,1047.5,1048.5,0
2025-05-29T00:00:00Z,1055.5,1055.75,1049.25,1052.0,0
2025-05-29T01:00:00Z,1051.75,1052.75,1049.75,1052.75,0
2025-05-29T02:00:00Z,1053.0,1053.25,1051.0,1052.0,0
2025-05-29T03:00:00Z,1052.25,1052.75,1051.75,1051.75,0
2025-05-29T04:00:00Z,1051.75,1052.25,1051.25,1052.25,0
2025-05-29T05:00:00Z,1052.25,1053.5,1051.75,1052.75,0
2025-05-29T06:00:00Z,1053.0,1053.75,1052.5,1053.25,0
2025-05-29T07:00:00Z,1053.0,1053.75,1052.0,1053.5,0
2025-05-29T08:00:00Z,1053.5,1053.5,1051.75,1051.75,0
2025-05-29T09:00:00Z,1051.75,1052.0,1050.25,1050.25,0
2025-05-29T10:00:00Z,1050.5,1051.0,1049.75,1051.0,0
2025-05-29T11:00:00Z,1050.75,1051.25,1048.5,1048.5,0
2025-05-29T12:00:00Z,1048.5,1048.75,1043.25,1044.25,0
2025-05-29T13:00:00Z,1045.0,1045.0,1041.25,1042.75,0
2025-05-29T14:00:00Z,1042.5,1045.0,1040.0,1043.75,0
2025-05-29T15:00:00Z,1043.5,1045.75,1041.75,1045.25,0
2025-05-29T16:00:00Z,1045.25,1049.5,1044.75,1048.75,0
2025-05-29T17:00:00Z,1048.75,1050.25,1047.0,1050.0,0
2025-05-29T18:00:00Z,1050.0,1052.5,1050.0,1050.75,0
2025-05-30T00:00:00Z,1049.0,1049.75,1044.5,1045.5,0
2025-05-30T01:00:00Z,1045.5,1047.0,1045.5,1046.75,0
2025-05-30T02:00:00Z,1046.75,1047.0,1044.0,1045.0,0
2025-05-30T03:00:00Z,1044.75,1045.25,1044.25,1044.5,0
2025-05-30T04:00:00Z,1044.5,1044.75,1044.0,1044.0,0
2025-05-30T05:00:00Z,1044.0,1045.25,1043.75,1044.25,0
2025-05-30T06:00:00Z,1044.25,1047.5,1044.0,1046.75,0
2025-05-30T07:00:00Z,1046.5,1047.5,1044.75,1047.0,0
2025-05-30T08:00:00Z,1047.25,1049.5,1047.25,1048.5,0
2025-05-30T09:00:00Z,1048.25,1050.0,1048.25,1049.0,0
2025-05-30T10:00:00Z,1049.0,1050.5,1049.0,1050.0,0
2025-05-30T11:00:00Z,1049.75,1050.5,1046.75,1047.25,0
2025-05-30T12:00:00Z,1047.25,1048.0,1044.75,1047.0,0
2025-05-30T13:00:00Z,1046.5,1049.75,1045.25,1048.25,0
2025-05-30T14:00:00Z,1048.25,1049.0,1044.25,1045.25,0
2025-05-30T15:00:00Z,1045.25,1046.0,1041.0,1041.75,0
2025-05-30T16:00:00Z,1042.0,1042.5,1040.25,1041.5,0
2025-05-30T17:00:00Z,1041.5,1043.25,1041.25,1042.0,0
2025-05-30T18:00:00Z,1041.75,1043.0,1041.0,1042.25,0
2025-06-02T00:00:00Z,1042.25,1042.5,1039.25,1039.75,0
2025-06-02T01:00:00Z,1039.5,1040.5,1038.5,1038.75,0
2025-06-02T02:00:00Z,1038.75,1039.0,1037.75,1038.25,0
2025-06-02T03:00:00Z,1038.25,1038.25,1037.25,1037.5,0
2025-06-02T04:00:00Z,1037.25,1037.75,1037.0,1037.25,0
2025-06-02T05:00:00Z,1037.0,1037.75,1037.0,1037.25,0
2025-06-02T06:00:00Z,1037.25,1037.5,1035.5,1036.0,0
2025-06-02T07:00:00Z,1036.0,1037.0,1035.75,1036.25,0
2025-06-02T08:00:00Z,1036.0,1037.25,1034.5,1034.75,0
2025-06-02T09:00:00Z,1034.5,1035.25,1033.5,1034.75,0
2025-06-02T10:00:00Z,1034.75,1037.75,1034.25,1037.5,0
2025-06-02T11:00:00Z,1037.25,1038.0,1035.0,1036.0,0
2025-06-02T12:00:00Z,1036.0,1039.5,1036.0,1039.5,0
2025-06-02T13:00:00Z,1039.5,1042.75,1038.25,1040.5,0
2025-06-02T14:00:00Z,1040.75,1040.75,1032.5,1036.0,0
2025-06-02T15:00:00Z,1036.25,1037.5,1033.5,1035.25,0
2025-06-02T16:00:00Z,1035.25,1037.25,1034.5,1035.75,0
2025-06-02T17:00:00Z,1036.0,1037.0,1033.0,1033.25,0
2025-06-02T18:00:00Z,1033.5,1035.25,1033.0,1034.5,0
2025-06-03T00:00:00Z,1034.5,1036.25,1032.75,1034.25,0
2025-06-03T01:00:00Z,1034.25,1035.75,1033.75,1034.75,0
2025-06-03T02:00:00Z,1035.0,1035.25,1033.75,1034.25,0
2025-06-03T03:00:00Z,1034.5,1036.25,1034.25,1035.25,0
2025-06-03T04:00:00Z,1035.25,1035.75,1035.0,1035.5,0
2025-06-03T05:00:00Z,1035.25,1036.25,1034.75,1035.0,0
2025-06-03T06:00:00Z,1035.0,1035.75,1033.5,1035.0,0
2025-06-03T07:00:00Z,1034.75,1035.0,1033.75,1034.5,0
2025-06-03T08:00:00Z,1034.25,1034.75,1033.5,1034.25,0
2025-06-03T09:00:00Z,1034.25,1037.25,1033.75,1037.25,0
2025-06-03T10:00:00Z,1037.25,1037.75,1035.75,1036.75,0
2025-06-03T11:00:00Z,1036.75,1038.25,1036.75,1038.0,0
2025-06-03T12:00:00Z,1038.0,1040.5,1038.0,1039.75,0
2025-06-03T13:00:00Z,1039.75,1041.5,1035.5,1036.75,0
2025-06-03T14:00:00Z,1036.75,1044.0,1036.5,1042.25,0
2025-06-03T15:00:00Z,1042.25,1042.5,1037.5,1039.75,0
2025-06-03T16:00:00Z,1039.75,1042.0,1038.75,1041.0,0
2025-06-03T17:00:00Z,1041.25,1043.0,1039.5,1040.75,0
2025-06-03T18:00:00Z,1041.0,1042.0,1039.25,1041.0,0
2025-06-04T00:00:00Z,1040.5,1041.5,1039.25,1040.0,0
2025-06-04T01:00:00Z,1040.0,1040.25,1039.0,1039.25,0
2025-06-04T02:00:00Z,1039.25,1040.25,1039.25,1039.25,0
2025-06-04T03:00:00Z,1039.25,1040.0,1038.25,1039.25,0
2025-06-04T04:00:00Z,1039.5,1040.5,1039.25,1039.25,0
2025-06-04T05:00:00Z,1039.25,1039.5,1038.25,1038.25,0
2025-06-04T06:00:00Z,1038.5,1040.0,1037.75,1039.25,0
2025-06-04T07:00:00Z,1039.0,1042.0,1039.0,1041.75,0
2025-06-04T08:00:00Z,1041.75,1044.5,1041.25,1044.25,0
2025-06-04T09:00:00Z,1044.0,1044.75,1043.25,1044.0,0
2025-06-04T10:00:00Z,1044.0,1045.0,1043.5,1044.75,0
2025-06-04T11:00:00Z,1044.75,1047.25,1044.25,1047.0,0
2025-06-04T12:00:00Z,1047.0,1048.0,1046.0,1047.5,0
2025-06-04T13:00:00Z,1046.75,1050.75,1045.75,1050.5,0
2025-06-04T14:00:00Z,1050.5,1053.0,1048.75,1050.0,0
2025-06-04T15:00:00Z,1050.0,1050.5,1045.0,1050.0,0
2025-06-04T16:00:00Z,1050.25,1051.25,1048.25,1048.25,0
2025-06-04T17:00:00Z,1048.5,1048.75,1044.5,1044.75,0
2025-06-04T18:00:00Z,1044.75,1046.0,1043.75,1044.75,0
2025-06-05T00:00:00Z,1044.75,1045.75,1043.25,1044.75,0
2025-06-05T01:00:00Z,1044.75,1046.0,1044.0,1044.5,0
2025-06-05T02:00:00Z,1044.5,1044.75,1043.75,1044.0,0
2025-06-05T03:00:00Z,1044.0,1044.25,1043.25,1043.5,0
2025-06-05T04:00:00Z,1043.5,1043.75,1042.75,1043.25,0
2025-06-05T05:00:00Z,1043.5,1043.5,1042.75,1043.25,0
2025-06-05T06:00:00Z,1043.0,1043.25,1041.0,1042.75,0
2025-06-05T07:00:00Z,1042.75,1045.0,1042.75,1044.25,0
2025-06-05T08:00:00Z,1044.25,1044.75,1042.5,1043.25,0
2025-06-05T09:00:00Z,1043.5,1043.75,1041.5,1042.25,0
2025-06-05T10:00:00Z,1042.25,1043.5,1041.5,1043.0,0
2025-06-05T11:00:00Z,1043.0,1043.0,1040.0,1042.0,0
2025-06-05T12:00:00Z,1041.75,1042.75,1040.25,1041.75,0
2025-06-05T13:00:00Z,1043.75,1046.75,1040.75,1041.5,0
2025-06-05T14:00:00Z,1041.5,1050.75,1040.0,1049.75,0
2025-06-05T15:00:00Z,1049.75,1049.75,1046.0,1049.25,0
2025-06-05T16:00:00Z,1049.25,1056.5,1049.0,1052.5,0
2025-06-05T17:00:00Z,1052.5,1056.75,1052.5,1054.25,0
2025-06-05T18:00:00Z,1054.25,1054.5,1049.75,1050.5,0
2025-06-06T00:00:00Z,1050.75,1055.25,1050.75,1053.75,0
2025-06-06T01:00:00Z,1053.25,1056.25,1053.25,1054.75,0
2025-06-06T02:00:00Z,1054.75,1055.5,1054.5,1054.75,0
2025-06-06T03:00:00Z,1055.0,1055.75,1054.75,1055.5,0
2025-06-06T04:00:00Z,1055.75,1055.75,1055.25,1055.75,0
2025-06-06T05:00:00Z,1055.5,1055.75,1053.5,1054.5,0
2025-06-06T06:00:00Z,1054.25,1055.25,1053.75,1054.75,0
2025-06-06T07:00:00Z,1054.75,1055.25,1051.0,1051.25,0
2025-06-06T08:00:00Z,1051.25,1052.0,1049.25,1049.5,0
2025-06-06T09:00:00Z,1049.25,1050.0,1048.5,1048.75,0
2025-06-06T10:00:00Z,1048.5,1049.25,1047.0,1047.25,0
2025-06-06T11:00:00Z,1047.25,1049.75,1047.0,1049.75,0
2025-06-06T12:00:00Z,1049.75,1049.75,1048.0,1048.5,0
2025-06-06T13:00:00Z,1049.0,1054.5,1048.75,1054.25,0
2025-06-06T14:00:00Z,1054.0,1055.25,1050.0,1054.5,0
2025-06-06T15:00:00Z,1054.25,1059.5,1054.0,1058.5,0
2025-06-06T16:00:00Z,1058.75,1060.5,1057.75,1059.0,0
2025-06-06T17:00:00Z,1059.25,1060.0,1056.75,1056.75,0
2025-06-06T18:00:00Z,1056.75,1058.5,1056.75,1058.0,0
2025-06-09T00:00:00Z,1057.5,1058.25,1053.5,1056.25,0
2025-06-09T01:00:00Z,1056.0,1058.0,1055.0,1057.5,0
2025-06-09T02:00:00Z,1057.25,1058.75,1057.0,1058.75,0
2025-06-09T03:00:00Z,1058.75,1060.0,1058.5,1059.0,0
2025-06-09T04:00:00Z,1059.0,1059.25,1058.75,1059.25,0
2025-06-09T05:00:00Z,1059.0,1059.75,1059.0,1059.5,0
2025-06-09T06:00:00Z,1059.75,1061.75,1059.0,1061.25,0
2025-06-09T07:00:00Z,1061.5,1061.5,1059.5,1060.0,0
2025-06-09T08:00:00Z,1060.0,1060.25,1057.0,1057.0,0
2025-06-09T09:00:00Z,1057.0,1057.25,1056.0,1056.5,0
2025-06-09T10:00:00Z,1056.5,1060.0,1056.25,1057.75,0
2025-06-09T11:00:00Z,1057.75,1059.0,1057.5,1059.0,0
2025-06-09T12:00:00Z,1058.75,1059.75,1056.75,1057.5,0
2025-06-09T13:00:00Z,1057.5,1060.0,1055.25,1058.25,0
2025-06-09T14:00:00Z,1058.5,1060.75,1054.5,1056.5,0
2025-06-09T15:00:00Z,1056.5,1058.0,1055.25,1057.0,0
2025-06-09T16:00:00Z,1057.25,1058.25,1054.75,1055.75,0
2025-06-09T17:00:00Z,1056.0,1059.0,1055.0,1057.0,0
2025-06-09T18:00:00Z,1056.75,1057.25,1055.25,1055.75,0
2025-06-10T00:00:00Z,1057.25,1058.75,1055.75,1056.75,0
2025-06-10T01:00:00Z,1056.5,1061.25,1056.5,1061.25,0
2025-06-10T02:00:00Z,1061.0,1062.0,1060.75,1061.5,0
2025-06-10T03:00:00Z,1061.5,1062.0,1061.0,1061.25,0
2025-06-10T04:00:00Z,1061.25,1061.75,1061.0,1061.0,0
2025-06-10T05:00:00Z,1061.25,1061.5,1058.75,1060.75,0
2025-06-10T06:00:00Z,1060.5,1062.75,1060.25,1061.5,0
2025-06-10T07:00:00Z,1061.5,1061.75,1057.75,1058.0,0
2025-06-10T08:00:00Z,1058.25,1059.25,1057.5,1058.0,0
2025-06-10T09:00:00Z,1057.75,1059.25,1057.0,1058.0,0
2025-06-10T10:00:00Z,1058.25,1058.75,1056.5,1057.0,0
2025-06-10T11:00:00Z,1057.25,1057.75,1056.5,1057.5,0
2025-06-10T12:00:00Z,1057.75,1060.5,1057.5,1059.75,0
2025-06-10T13:00:00Z,1059.0,1061.25,1057.5,1061.25,0
2025-06-10T14:00:00Z,1061.0,1063.75,1059.75,1061.5,0
2025-06-10T15:00:00Z,1061.5,1062.0,1057.25,1058.25,0
2025-06-10T16:00:00Z,1058.25,1060.5,1056.5,1058.0,0
2025-06-10T17:00:00Z,1058.0,1059.0,1057.0,1057.25,0
2025-06-10T18:00:00Z,1057.25,1058.5,1057.0,1057.75,0
2025-06-11T00:00:00Z,1057.75,1058.75,1056.0,1056.25,0
2025-06-11T01:00:00Z,1056.0,1059.5,1056.0,1059.0,0
2025-06-11T02:00:00Z,1058.75,1059.25,1058.25,1058.75,0
2025-06-11T03:00:00Z,1058.5,1058.75,1057.25,1058.75,0
2025-06-11T04:00:00Z,1058.5,1059.25,1058.5,1058.75,0
2025-06-11T05:00:00Z,1059.0,1060.5,1058.75,1059.75,0
2025-06-11T06:00:00Z,1059.75,1060.75,1058.0,1059.5,0
2025-06-11T07:00:00Z,1059.75,1061.75,1059.5,1061.5,0
2025-06-11T08:00:00Z,1061.25,1062.25,1060.5,1060.5,0
2025-06-11T09:00:00Z,1060.25,1060.25,1058.25,1059.75,0
2025-06-11T10:00:00Z,1059.75,1061.0,1059.0,1060.75,0
2025-06-11T11:00:00Z,1060.75,1061.25,1059.25,1061.25,0
2025-06-11T12:00:00Z,1061.0,1062.75,1060.75,1061.25,0
2025-06-11T13:00:00Z,1061.0,1061.5,1053.5,1058.25,0
2025-06-11T14:00:00Z,1058.0,1058.75,1054.0,1054.75,0
2025-06-11T15:00:00Z,1054.5,1057.5,1052.25,1055.75,0
2025-06-11T16:00:00Z,1055.75,1056.0,1053.75,1055.25,0
2025-06-11T17:00:00Z,1055.0,1055.5,1051.25,1052.0,0
2025-06-11T18:00:00Z,1051.75,1052.0,1049.25,1049.75,0
2025-06-12T00:00:00Z,1049.0,1049.0,1044.5,1046.0,0
2025-06-12T01:00:00Z,1046.0,1049.0,1045.5,1047.75,0
2025-06-12T02:00:00Z,1047.5,1047.75,1046.5,1047.0,0
2025-06-12T03:00:00Z,1047.25,1048.25,1046.25,1047.75,0
2025-06-12T04:00:00Z,1047.75,1047.75,1047.25,1047.25,0
2025-06-12T05:00:00Z,1047.25,1047.25,1046.5,1047.0,0
2025-06-12T06:00:00Z,1047.0,1048.0,1045.5,1045.75,0
2025-06-12T07:00:00Z,1045.75,1045.75,1042.5,1043.25,0
2025-06-12T08:00:00Z,1043.5,1045.5,1043.25,1045.5,0
2025-06-12T09:00:00Z,1045.25,1046.5,1045.0,1045.75,0
2025-06-12T10:00:00Z,1045.75,1047.75,1045.75,1047.5,0
2025-06-12T11:00:00Z,1047.5,1049.25,1046.5,1049.0,0
2025-06-12T12:00:00Z,1049.25,1053.25,1048.75,1052.5,0
2025-06-12T13:00:00Z,1053.0,1056.25,1050.75,1053.0,0
2025-06-12T14:00:00Z,1053.0,1055.25,1049.75,1051.25,0
2025-06-12T15:00:00Z,1051.0,1051.0,1045.25,1047.25,0
2025-06-12T16:00:00Z,1047.75,1049.0,1038.5,1040.25,0
2025-06-12T17:00:00Z,1040.25,1043.5,1040.0,1043.25,0
2025-06-12T18:00:00Z,1043.25,1043.25,1041.25,1043.0,0
2025-06-13T00:00:00Z,1042.25,1045.5,1040.75,1045.25,0
2025-06-13T01:00:00Z,1045.0,1050.0,1045.0,1050.0,0
2025-06-13T02:00:00Z,1049.75,1052.5,1049.0,1052.0,0
2025-06-13T03:00:00Z,1052.0,1052.25,1049.25,1049.75,0
2025-06-13T04:00:00Z,1050.0,1050.0,1048.75,1048.75,0
2025-06-13T05:00:00Z,1048.75,1049.0,1046.75,1047.5,0
2025-06-13T06:00:00Z,1047.5,1048.25,1044.25,1044.75,0
2025-06-13T07:00:00Z,1044.75,1046.0,1043.5,1044.25,0
2025-06-13T08:00:00Z,1044.5,1047.0,1044.25,1046.5,0
2025-06-13T09:00:00Z,1046.25,1047.0,1045.0,1046.75,0
2025-06-13T10:00:00Z,1047.0,1047.25,1044.5,1044.5,0
2025-06-13T11:00:00Z,1044.75,1045.5,1043.75,1045.25,0
2025-06-13T12:00:00Z,1045.25,1046.5,1045.0,1046.5,0
2025-06-13T13:00:00Z,1046.5,1071.0,1045.25,1067.75,0
2025-06-13T14:00:00Z,1067.5,1070.0,1062.75,1064.75,0
2025-06-13T15:00:00Z,1064.5,1068.25,1062.5,1068.25,0
2025-06-13T16:00:00Z,1068.25,1069.5,1066.0,1068.75,0
2025-06-13T17:00:00Z,1068.75,1069.0,1065.0,1066.75,0
2025-06-13T18:00:00Z,1067.0,1070.25,1066.75,1068.5,0
2025-06-16T00:00:00Z,1054.75,1065.0,1054.75,1056.25,0
2025-06-16T01:00:00Z,1056.25,1056.75,1053.75,1056.0,0
2025-06-16T02:00:00Z,1055.75,1056.25,1053.5,1053.75,0
2025-06-16T03:00:00Z,1053.75,1056.0,1053.25,1056.0,0
2025-06-16T04:00:00Z,1056.0,1056.5,1055.75,1055.75,0
2025-06-16T05:00:00Z,1056.0,1057.75,1055.0,1056.5,0
2025-06-16T06:00:00Z,1056.5,1058.25,1056.0,1057.75,0
2025-06-16T07:00:00Z,1057.75,1060.0,1057.5,1058.0,0
2025-06-16T08:00:00Z,1058.0,1058.0,1055.0,1055.25,0
2025-06-16T09:00:00Z,1055.75,1056.5,1055.25,1056.0,0
2025-06-16T10:00:00Z,1056.0,1056.75,1055.5,1055.75,0
2025-06-16T11:00:00Z,1056.0,1062.0,1055.75,1061.75,0
2025-06-16T12:00:00Z,1061.5,1062.0,1059.75,1060.75,0
2025-06-16T13:00:00Z,1060.0,1064.5,1059.0,1059.25,0
2025-06-16T14:00:00Z,1059.25,1061.5,1052.25,1058.0,0
2025-06-16T15:00:00Z,1058.0,1058.5,1053.5,1057.5,0
2025-06-16T16:00:00Z,1057.5,1059.5,1055.75,1058.75,0
2025-06-16T17:00:00Z,1058.75,1061.75,1057.25,1061.75,0
2025-06-16T18:00:00Z,1061.75,1062.0,1059.75,1060.75,0
2025-06-17T00:00:00Z,1060.5,1061.75,1056.0,1056.75,0
2025-06-17T01:00:00Z,1056.75,1058.5,1056.25,1058.25,0
2025-06-17T02:00:00Z,1058.5,1061.0,1057.75,1060.75,0
2025-06-17T03:00:00Z,1061.0,1061.5,1059.0,1060.75,0
2025-06-17T04:00:00Z,1060.25,1060.5,1059.5,1059.75,0
2025-06-17T05:00:00Z,1060.0,1062.5,1059.25,1061.25,0
2025-06-17T06:00:00Z,1061.25,1062.25,1059.0,1060.5,0
2025-06-17T07:00:00Z,1060.75,1062.0,1060.75,1061.5,0
2025-06-17T08:00:00Z,1061.75,1062.25,1061.0,1061.5,0
2025-06-17T09:00:00Z,1061.75,1062.0,1060.25,1060.75,0
2025-06-17T10:00:00Z,1061.0,1061.25,1059.5,1060.25,0
2025-06-17T11:00:00Z,1060.5,1061.75,1059.25,1061.75,0
2025-06-17T12:00:00Z,1061.75,1063.0,1060.5,1063.0,0
2025-06-17T13:00:00Z,1062.0,1064.0,1058.5,1063.75,0
2025-06-17T14:00:00Z,1064.0,1067.25,1062.25,1065.75,0
2025-06-17T15:00:00Z,1065.5,1068.0,1065.0,1067.75,0
2025-06-17T16:00:00Z,1067.75,1068.75,1065.75,1066.75,0
2025-06-17T17:00:00Z,1066.75,1067.5,1065.5,1066.0,0
2025-06-17T18:00:00Z,1066.0,1068.5,1065.75,1068.0,0
2025-06-18T00:00:00Z,1064.5,1067.75,1063.75,1066.25,0
2025-06-18T01:00:00Z,1066.0,1068.5,1065.75,1067.0,0
2025-06-18T02:00:00Z,1067.0,1069.0,1066.75,1069.0,0
2025-06-18T03:00:00Z,1069.0,1069.0,1067.0,1067.5,0
2025-06-18T04:00:00Z,1067.75,1068.25,1067.75,1067.75,0
2025-06-18T05:00:00Z,1068.0,1068.0,1066.25,1067.0,0
2025-06-18T06:00:00Z,1067.25,1068.75,1066.25,1068.5,0
2025-06-18T07:00:00Z,1068.25,1069.0,1068.0,1068.5,0
2025-06-18T08:00:00Z,1068.5,1069.75,1068.5,1068.75,0
2025-06-18T09:00:00Z,1069.0,1069.0,1065.25,1065.5,0
2025-06-18T10:00:00Z,1065.75,1067.0,1065.25,1065.5,0
2025-06-18T11:00:00Z,1065.25,1068.5,1065.0,1068.5,0
2025-06-18T12:00:00Z,1068.25,1069.5,1066.25,1066.5,0
2025-06-18T13:00:00Z,1066.5,1068.25,1065.0,1067.5,0
2025-06-18T14:00:00Z,1067.25,1071.75,1066.75,1069.75,0
2025-06-18T15:00:00Z,1070.0,1071.75,1068.0,1070.0,0
2025-06-18T16:00:00Z,1070.25,1070.75,1068.5,1069.0,0
2025-06-18T17:00:00Z,1069.0,1069.75,1067.5,1067.75,0
2025-06-18T18:00:00Z,1067.75,1068.75,1066.25,1066.75,0
2025-06-20T00:00:00Z,1068.5,1069.0,1065.75,1067.75,0
2025-06-20T01:00:00Z,1067.75,1070.75,1067.25,1069.25,0
2025-06-20T02:00:00Z,1069.0,1070.0,1068.25,1068.5,0
2025-06-20T03:00:00Z,1068.5,1068.5,1065.5,1067.75,0
2025-06-20T04:00:00Z,1068.25,1069.25,1067.75,1067.75,0
2025-06-20T05:00:00Z,1067.5,1068.0,1066.25,1066.25,0
2025-06-20T06:00:00Z,1066.5,1068.25,1065.0,1067.75,0
2025-06-20T07:00:00Z,1067.5,1068.5,1065.75,1068.25,0
2025-06-20T08:00:00Z,1068.25,1071.75,1068.25,1071.5,0
2025-06-20T09:00:00Z,1071.25,1073.0,1071.0,1072.0,0
2025-06-20T10:00:00Z,1072.0,1072.5,1071.25,1071.75,0
2025-06-20T11:00:00Z,1072.0,1073.0,1071.25,1072.0,0
2025-06-20T12:00:00Z,1072.25,1074.25,1071.75,1072.5,0
2025-06-20T13:00:00Z,1072.0,1073.0,1066.5,1068.25,0
2025-06-20T14:00:00Z,1068.0,1069.75,1066.5,1069.25,0
2025-06-20T15:00:00Z,1069.25,1069.5,1065.25,1065.75,0
2025-06-20T16:00:00Z,1065.75,1066.25,1061.75,1063.5,0
2025-06-20T17:00:00Z,1063.5,1064.0,1059.75,1060.0,0
2025-06-20T18:00:00Z,1060.0,1061.25,1059.5,1060.5,0
2025-06-23T00:00:00Z,1065.75,1067.75,1062.0,1063.0,0
2025-06-23T01:00:00Z,1063.25,1064.25,1059.75,1060.75,0
2025-06-23T02:00:00Z,1061.0,1062.75,1060.5,1061.75,0
2025-06-23T03:00:00Z,1061.75,1062.25,1060.5,1062.0,0
2025-06-23T04:00:00Z,1062.0,1062.25,1061.25,1061.25,0
2025-06-23T05:00:00Z,1061.25,1061.75,1060.0,1061.75,0
2025-06-23T06:00:00Z,1061.5,1062.25,1058.25,1058.5,0
2025-06-23T07:00:00Z,1058.25,1059.0,1057.25,1058.5,0
2025-06-23T08:00:00Z,1058.5,1058.5,1056.75,1057.5,0
2025-06-23T09:00:00Z,1057.25,1058.75,1056.75,1058.25,0
2025-06-23T10:00:00Z,1058.5,1059.75,1058.25,1059.25,0
2025-06-23T11:00:00Z,1059.25,1059.75,1058.0,1058.5,0
2025-06-23T12:00:00Z,1058.25,1058.25,1054.75,1055.0,0
2025-06-23T13:00:00Z,1055.75,1057.75,1052.5,1054.5,0
2025-06-23T14:00:00Z,1054.25,1055.25,1052.25,1052.5,0
2025-06-23T15:00:00Z,1052.75,1052.75,1045.75,1046.5,0
2025-06-23T16:00:00Z,1046.75,1048.5,1044.5,1046.25,0
2025-06-23T17:00:00Z,1046.0,1047.0,1044.5,1046.0,0
2025-06-23T18:00:00Z,1046.0,1048.0,1044.0,1046.5,0
2025-06-24T00:00:00Z,1040.75,1046.0,1038.5,1041.25,0
2025-06-24T01:00:00Z,1041.25,1048.25,1041.0,1048.0,0
2025-06-24T02:00:00Z,1048.0,1049.75,1047.5,1049.25,0
2025-06-24T03:00:00Z,1049.25,1049.25,1047.75,1048.5,0
2025-06-24T04:00:00Z,1048.5,1048.5,1047.25,1048.0,0
2025-06-24T05:00:00Z,1048.0,1048.0,1045.75,1046.75,0
2025-06-24T06:00:00Z,1046.75,1047.0,1044.0,1045.5,0
2025-06-24T07:00:00Z,1045.5,1046.25,1043.25,1044.0,0
2025-06-24T08:00:00Z,1044.0,1044.25,1042.0,1042.25,0
2025-06-24T09:00:00Z,1042.25,1045.0,1042.25,1044.0,0
2025-06-24T10:00:00Z,1044.0,1044.75,1043.25,1044.0,0
2025-06-24T11:00:00Z,1043.75,1043.75,1039.5,1039.5,0
2025-06-24T12:00:00Z,1039.5,1041.25,1039.25,1041.0,0
2025-06-24T13:00:00Z,1040.75,1042.0,1039.0,1040.5,0
2025-06-24T14:00:00Z,1040.25,1042.0,1037.25,1039.5,0
2025-06-24T15:00:00Z,1039.5,1041.25,1038.25,1039.25,0
2025-06-24T16:00:00Z,1039.0,1039.5,1036.75,1037.0,0
2025-06-24T17:00:00Z,1037.0,1038.75,1036.75,1037.5,0
2025-06-24T18:00:00Z,1037.75,1038.0,1036.5,1037.0,0
2025-06-25T00:00:00Z,1037.0,1041.75,1035.75,1039.25,0
2025-06-25T01:00:00Z,1039.25,1040.25,1038.25,1040.25,0
2025-06-25T02:00:00Z,1040.0,1040.25,1038.25,1038.25,0
2025-06-25T03:00:00Z,1038.25,1040.25,1038.25,1039.75,0
2025-06-25T04:00:00Z,1039.75,1040.5,1039.25,1039.25,0
2025-06-25T05:00:00Z,1039.25,1040.0,1038.5,1038.75,0
2025-06-25T06:00:00Z,1038.75,1039.75,1038.25,1038.5,0
2025-06-25T07:00:00Z,1038.25,1040.25,1036.5,1037.25,0
2025-06-25T08:00:00Z,1037.25,1037.25,1035.75,1036.25,0
2025-06-25T09:00:00Z,1036.25,1036.25,1034.25,1034.75,0
2025-06-25T10:00:00Z,1034.75,1034.75,1032.75,1032.75,0
2025-06-25T11:00:00Z,1032.75,1032.75,1030.75,1031.0,0
2025-06-25T12:00:00Z,1031.0,1032.75,1030.0,1032.5,0
2025-06-25T13:00:00Z,1033.5,1033.75,1025.75,1028.5,0
2025-06-25T14:00:00Z,1028.25,1032.25,1027.0,1027.5,0
2025-06-25T15:00:00Z,1027.75,1029.0,1025.75,1026.5,0
2025-06-25T16:00:00Z,1026.25,1028.5,1023.5,1023.75,0
2025-06-25T17:00:00Z,1023.75,1024.0,1019.0,1019.25,0
2025-06-25T18:00:00Z,1019.25,1020.75,1017.0,1018.25,0
2025-06-26T00:00:00Z,1021.5,1022.5,1017.75,1018.25,0
2025-06-26T01:00:00Z,1018.5,1020.0,1016.75,1018.75,0
2025-06-26T02:00:00Z,1018.75,1021.25,1018.5,1020.5,0
2025-06-26T03:00:00Z,1020.5,1020.5,1018.75,1019.5,0
2025-06-26T04:00:00Z,1019.5,1019.5,1018.75,1019.5,0
2025-06-26T05:00:00Z,1019.25,1020.75,1018.75,1020.5,0
2025-06-26T06:00:00Z,1020.25,1020.75,1018.5,1019.0,0
2025-06-26T07:00:00Z,1019.0,1019.25,1016.0,1017.25,0
2025-06-26T08:00:00Z,1017.5,1021.5,1017.5,1021.25,0
2025-06-26T09:00:00Z,1021.25,1022.0,1019.75,1021.0,0
2025-06-26T10:00:00Z,1021.0,1022.25,1019.5,1020.0,0
2025-06-26T11:00:00Z,1020.0,1020.5,1016.0,1016.25,0
2025-06-26T12:00:00Z,1016.25,1021.75,1016.25,1021.25,0
2025-06-26T13:00:00Z,1021.5,1023.0,1015.5,1016.0,0
2025-06-26T14:00:00Z,1016.25,1019.75,1014.25,1015.75,0
2025-06-26T15:00:00Z,1015.75,1017.5,1014.5,1015.0,0
2025-06-26T16:00:00Z,1015.25,1019.0,1014.75,1016.0,0
2025-06-26T17:00:00Z,1016.0,1018.0,1015.5,1017.25,0
2025-06-26T18:00:00Z,1017.25,1017.75,1015.5,1016.25,0
2025-06-27T00:00:00Z,1017.5,1018.75,1013.25,1015.0,0
2025-06-27T01:00:00Z,1015.0,1017.0,1014.0,1016.25,0
2025-06-27T02:00:00Z,1016.25,1017.75,1015.75,1017.25,0
2025-06-27T03:00:00Z,1017.25,1017.5,1015.5,1015.75,0
2025-06-27T04:00:00Z,1015.75,1016.25,1015.25,1015.75,0
2025-06-27T05:00:00Z,1015.5,1017.25,1015.5,1016.5,0
2025-06-27T06:00:00Z,1016.75,1018.0,1016.25,1018.0,0
2025-06-27T07:00:00Z,1018.0,1022.5,1018.0,1020.5,0
2025-06-27T08:00:00Z,1020.5,1021.0,1019.25,1019.25,0
2025-06-27T09:00:00Z,1019.25,1021.25,1019.0,1020.25,0
2025-06-27T10:00:00Z,1020.25,1021.75,1020.0,1021.5,0
2025-06-27T11:00:00Z,1021.5,1022.75,1018.5,1018.5,0
2025-06-27T12:00:00Z,1018.5,1019.5,1016.75,1019.0,0
2025-06-27T13:00:00Z,1020.0,1022.75,1018.0,1019.0,0
2025-06-27T14:00:00Z,1019.25,1022.75,1018.25,1022.5,0
2025-06-27T15:00:00Z,1022.75,1025.75,1022.75,1024.75,0
2025-06-27T16:00:00Z,1024.75,1028.75,1024.75,1027.5,0
2025-06-27T17:00:00Z,1027.5,1032.0,1027.25,1029.0,0
2025-06-27T18:00:00Z,1029.25,1029.75,1023.5,1025.25,0
2025-06-30T00:00:00Z,1026.5,1029.25,1025.75,1027.0,0
2025-06-30T01:00:00Z,1027.0,1027.75,1024.25,1024.5,0
2025-06-30T02:00:00Z,1024.75,1027.0,1024.5,1027.0,0
2025-06-30T03:00:00Z,1026.75,1027.25,1026.25,1026.75,0
2025-06-30T04:00:00Z,1026.5,1027.0,1026.25,1026.75,0
2025-06-30T05:00:00Z,1026.5,1027.25,1026.25,1026.5,0
2025-06-30T06:00:00Z,1026.5,1027.5,1025.0,1027.0,0
2025-06-30T07:00:00Z,1027.0,1028.0,1025.5,1025.75,0
2025-06-30T08:00:00Z,1025.75,1029.5,1025.5,1028.75,0
2025-06-30T09:00:00Z,1028.75,1030.25,1027.25,1027.5,0
2025-06-30T10:00:00Z,1027.5,1029.25,1027.25,1029.0,0
2025-06-30T11:00:00Z,1029.0,1029.5,1027.5,1028.0,0
2025-06-30T12:00:00Z,1028.25,1031.0,1026.5,1030.75,0
2025-06-30T13:00:00Z,1028.75,1033.75,1028.5,1032.0,0
2025-06-30T14:00:00Z,1032.0,1038.25,1031.5,1036.75,0
2025-06-30T15:00:00Z,1037.0,1038.25,1035.75,1037.5,0
2025-06-30T16:00:00Z,1037.0,1038.0,1018.5,1028.25,0
2025-06-30T17:00:00Z,1028.5,1030.25,1026.0,1028.5,0
2025-06-30T18:00:00Z,1028.5,1030.0,1026.0,1027.5,0
2025-07-01T00:00:00Z,1023.25,1028.5,1022.75,1023.25,0
2025-07-01T01:00:00Z,1023.5,1025.5,1023.25,1023.75,0
2025-07-01T02:00:00Z,1023.75,1024.5,1023.25,1024.5,0
2025-07-01T03:00:00Z,1024.25,1024.25,1023.5,1024.25,0
2025-07-01T04:00:00Z,1024.25,1025.0,1024.0,1024.75,0
2025-07-01T05:00:00Z,1024.75,1024.75,1023.25,1024.25,0
2025-07-01T06:00:00Z,1023.75,1024.5,1022.5,1022.75,0
2025-07-01T07:00:00Z,1022.75,1023.25,1019.0,1020.0,0
2025-07-01T08:00:00Z,1020.25,1021.0,1018.75,1019.5,0
2025-07-01T09:00:00Z,1019.5,1020.75,1018.75,1019.75,0
2025-07-01T10:00:00Z,1019.5,1020.5,1019.5,1020.0,0
2025-07-01T11:00:00Z,1020.0,1022.25,1018.5,1018.75,0
2025-07-01T12:00:00Z,1018.5,1019.75,1015.75,1017.25,0
2025-07-01T13:00:00Z,1017.25,1020.75,1014.0,1020.25,0
2025-07-01T14:00:00Z,1020.25,1024.75,1019.75,1024.75,0
2025-07-01T15:00:00Z,1024.75,1027.0,1024.25,1025.75,0
2025-07-01T16:00:00Z,1025.75,1027.75,1025.25,1026.75,0
2025-07-01T17:00:00Z,1027.0,1029.25,1026.25,1027.75,0
2025-07-01T18:00:00Z,1027.75,1028.25,1025.5,1027.5,0
2025-07-02T00:00:00Z,1027.0,1028.75,1025.75,1026.25,0
2025-07-02T01:00:00Z,1026.0,1027.25,1025.25,1025.75,0
2025-07-02T02:00:00Z,1025.5,1026.25,1024.75,1025.0,0
2025-07-02T03:00:00Z,1025.0,1025.5,1024.75,1025.5,0
2025-07-02T04:00:00Z,1025.75,1026.25,1025.5,1026.0,0
2025-07-02T05:00:00Z,1025.75,1028.0,1025.75,1027.0,0
2025-07-02T06:00:00Z,1026.75,1027.75,1026.5,1026.75,0
2025-07-02T07:00:00Z,1026.75,1029.5,1026.0,1029.0,0
2025-07-02T08:00:00Z,1028.75,1032.5,1028.5,1031.75,0
2025-07-02T09:00:00Z,1031.5,1032.75,1030.75,1032.25,0
2025-07-02T10:00:00Z,1032.25,1032.5,1030.75,1032.25,0
2025-07-02T11:00:00Z,1032.25,1033.75,1031.5,1031.75,0
2025-07-02T12:00:00Z,1031.75,1034.0,1031.5,1033.75,0
2025-07-02T13:00:00Z,1033.0,1035.5,1030.5,1032.75,0
2025-07-02T14:00:00Z,1032.75,1037.75,1032.0,1035.0,0
2025-07-02T15:00:00Z,1034.75,1037.0,1033.75,1036.5,0
2025-07-02T16:00:00Z,1036.5,1046.75,1036.25,1044.25,0
2025-07-02T17:00:00Z,1044.25,1048.5,1043.25,1047.75,0
2025-07-02T18:00:00Z,1047.5,1048.25,1046.0,1047.75,0
2025-07-03T00:00:00Z,1046.5,1053.75,1046.0,1052.75,0
2025-07-03T01:00:00Z,1052.5,1052.5,1046.5,1047.0,0
2025-07-03T02:00:00Z,1047.0,1047.75,1046.5,1047.25,0
2025-07-03T03:00:00Z,1047.25,1047.5,1046.25,1046.25,0
2025-07-03T04:00:00Z,1046.5,1047.75,1046.25,1046.25,0
2025-07-03T05:00:00Z,1046.5,1047.5,1045.75,1047.0,0
2025-07-03T06:00:00Z,1047.0,1047.5,1044.25,1045.75,0
2025-07-03T07:00:00Z,1046.0,1049.25,1046.0,1049.25,0
2025-07-03T08:00:00Z,1049.25,1051.5,1049.0,1049.5,0
2025-07-03T09:00:00Z,1049.5,1053.0,1049.25,1052.75,0
2025-07-03T10:00:00Z,1052.75,1055.0,1052.75,1054.25,0
2025-07-03T11:00:00Z,1054.25,1054.5,1051.0,1052.25,0
2025-07-03T12:00:00Z,1052.25,1056.75,1051.5,1055.75,0
2025-07-03T13:00:00Z,1054.25,1057.75,1050.75,1054.25,0
2025-07-03T14:00:00Z,1054.25,1058.0,1053.25,1057.75,0
2025-07-03T15:00:00Z,1058.0,1058.5,1051.5,1053.75,0
2025-07-03T16:00:00Z,1053.75,1054.0,1049.25,1052.25,0
2025-07-03T17:00:00Z,1052.0,1053.0,1048.25,1049.5,0
2025-07-03T18:00:00Z,1049.5,1050.0,1047.75,1048.25,0
2025-07-07T00:00:00Z,1039.5,1039.5,1031.25,1035.75,0
2025-07-07T01:00:00Z,1035.75,1035.75,1033.0,1033.5,0
2025-07-07T02:00:00Z,1033.25,1034.25,1032.25,1033.25,0
2025-07-07T03:00:00Z,1033.25,1033.75,1032.25,1032.25,0
2025-07-07T04:00:00Z,1032.5,1033.25,1032.0,1032.25,0
2025-07-07T05:00:00Z,1032.25,1032.5,1030.25,1030.25,0
2025-07-07T06:00:00Z,1030.25,1030.5,1027.0,1027.0,0
2025-07-07T07:00:00Z,1027.25,1027.75,1024.75,1026.5,0
2025-07-07T08:00:00Z,1026.5,1027.75,1024.5,1027.25,0
2025-07-07T09:00:00Z,1027.25,1029.25,1026.75,1027.75,0
2025-07-07T10:00:00Z,1028.0,1029.75,1027.25,1027.75,0
2025-07-07T11:00:00Z,1027.75,1030.0,1027.25,1029.25,0
2025-07-07T12:00:00Z,1029.5,1030.0,1027.5,1027.5,0
2025-07-07T13:00:00Z,1027.25,1030.0,1023.25,1023.5,0
2025-07-07T14:00:00Z,1023.5,1025.75,1020.5,1020.75,0
2025-07-07T15:00:00Z,1021.0,1022.25,1019.75,1020.25,0
2025-07-07T16:00:00Z,1020.25,1021.5,1019.25,1019.5,0
2025-07-07T17:00:00Z,1019.5,1020.0,1017.5,1018.75,0
2025-07-07T18:00:00Z,1018.75,1021.5,1018.25,1020.75,0
2025-07-08T00:00:00Z,1020.75,1023.75,1019.5,1021.5,0
2025-07-08T01:00:00Z,1021.5,1022.75,1021.0,1022.5,0
2025-07-08T02:00:00Z,1022.5,1023.25,1021.0,1022.75,0
2025-07-08T03:00:00Z,1023.0,1023.25,1022.0,1023.0,0
2025-07-08T04:00:00Z,1023.25,1023.5,1022.5,1023.0,0
2025-07-08T05:00:00Z,1023.0,1024.0,1022.25,1023.5,0
2025-07-08T06:00:00Z,1023.25,1023.5,1022.0,1022.5,0
2025-07-08T07:00:00Z,1022.5,1023.25,1020.75,1020.75,0
2025-07-08T08:00:00Z,1020.75,1020.75,1018.75,1019.5,0
2025-07-08T09:00:00Z,1019.75,1020.5,1018.5,1018.5,0
2025-07-08T10:00:00Z,1018.75,1020.0,1018.5,1018.75,0
2025-07-08T11:00:00Z,1018.75,1019.0,1016.25,1016.5,0
2025-07-08T12:00:00Z,1016.5,1017.5,1015.25,1017.5,0
2025-07-08T13:00:00Z,1017.75,1018.75,1015.25,1017.5,0
2025-07-08T14:00:00Z,1017.25,1020.75,1014.0,1020.25,0
2025-07-08T15:00:00Z,1020.5,1022.0,1017.5,1017.75,0
2025-07-08T16:00:00Z,1017.75,1019.0,1017.25,1018.75,0
2025-07-08T17:00:00Z,1018.75,1019.5,1017.25,1017.5,0
2025-07-08T18:00:00Z,1017.25,1018.5,1017.25,1017.75,0
2025-07-09T00:00:00Z,1017.0,1020.25,1017.0,1019.5,0
2025-07-09T01:00:00Z,1019.5,1019.5,1017.25,1018.75,0
2025-07-09T02:00:00Z,1018.75,1019.5,1018.25,1018.5,0
2025-07-09T03:00:00Z,1018.5,1019.25,1018.5,1018.75,0
2025-07-09T04:00:00Z,1018.75,1018.75,1017.25,1018.5,0
2025-07-09T05:00:00Z,1018.5,1018.75,1017.5,1018.25,0
2025-07-09T06:00:00Z,1018.25,1018.5,1017.25,1017.25,0
2025-07-09T07:00:00Z,1017.25,1017.75,1016.5,1017.0,0
2025-07-09T08:00:00Z,1016.75,1021.0,1016.75,1020.75,0
2025-07-09T09:00:00Z,1020.75,1021.0,1019.75,1020.75,0
2025-07-09T10:00:00Z,1020.5,1020.5,1016.5,1016.75,0
2025-07-09T11:00:00Z,1016.75,1017.75,1014.0,1014.25,0
2025-07-09T12:00:00Z,1014.25,1015.0,1012.0,1013.0,0
2025-07-09T13:00:00Z,1013.0,1013.75,1008.5,1010.5,0
2025-07-09T14:00:00Z,1010.75,1012.0,1008.5,1008.5,0
2025-07-09T15:00:00Z,1008.5,1011.5,1007.5,1010.75,0
2025-07-09T16:00:00Z,1011.0,1012.75,1009.25,1012.25,0
2025-07-09T17:00:00Z,1012.0,1012.0,1008.25,1008.25,0
2025-07-09T18:00:00Z,1008.5,1008.5,1007.0,1007.25,0
2025-07-10T00:00:00Z,1005.0,1007.0,1002.25,1003.75,0
2025-07-10T01:00:00Z,1003.75,1008.5,1003.75,1006.75,0
2025-07-10T02:00:00Z,1006.75,1009.0,1006.75,1008.5,0
2025-07-10T03:00:00Z,1008.75,1009.5,1008.25,1008.25,0
2025-07-10T04:00:00Z,1008.0,1008.75,1008.0,1008.5,0
2025-07-10T05:00:00Z,1008.25,1008.75,1007.75,1008.0,0
2025-07-10T06:00:00Z,1008.25,1009.0,1005.0,1006.25,0
2025-07-10T07:00:00Z,1006.25,1008.0,1005.75,1005.75,0
2025-07-10T08:00:00Z,1005.75,1008.0,1005.5,1008.0,0
2025-07-10T09:00:00Z,1008.0,1008.5,1007.0,1007.5,0
2025-07-10T10:00:00Z,1007.5,1009.75,1007.5,1008.5,0
2025-07-10T11:00:00Z,1008.25,1009.5,1005.5,1005.75,0
2025-07-10T12:00:00Z,1005.75,1006.25,1004.25,1005.5,0
2025-07-10T13:00:00Z,1005.5,1008.0,1003.0,1004.25,0
2025-07-10T14:00:00Z,1004.25,1008.75,1004.0,1007.5,0
2025-07-10T15:00:00Z,1007.5,1008.5,1007.0,1008.0,0
2025-07-10T16:00:00Z,1008.0,1012.5,1007.75,1010.25,0
2025-07-10T17:00:00Z,1010.25,1014.75,1009.5,1014.0,0
2025-07-10T18:00:00Z,1014.0,1015.0,1013.5,1014.0,0
2025-07-11T00:00:00Z,1013.5,1015.0,1010.75,1012.25,0
2025-07-11T01:00:00Z,1012.0,1016.25,1012.0,1016.0,0
2025-07-11T02:00:00Z,1016.25,1017.0,1014.75,1015.5,0
2025-07-11T03:00:00Z,1015.25,1015.25,1013.75,1014.5,0
2025-07-11T04:00:00Z,1014.5,1015.0,1014.0,1014.0,0
2025-07-11T05:00:00Z,1014.0,1015.25,1013.75,1014.0,0
2025-07-11T06:00:00Z,1014.0,1015.5,1013.75,1014.0,0
2025-07-11T07:00:00Z,1013.75,1015.5,1013.75,1013.75,0
2025-07-11T08:00:00Z,1014.0,1016.0,1013.0,1013.5,0
2025-07-11T09:00:00Z,1013.75,1014.0,1012.5,1012.75,0
2025-07-11T10:00:00Z,1012.75,1014.25,1012.0,1012.5,0
2025-07-11T11:00:00Z,1012.75,1013.5,1010.75,1012.0,0
2025-07-11T12:00:00Z,1011.75,1013.25,1008.75,1010.5,0
2025-07-11T13:00:00Z,1011.0,1013.0,1008.0,1008.5,0
2025-07-11T14:00:00Z,1008.25,1013.25,1007.25,1012.75,0
2025-07-11T15:00:00Z,1013.0,1014.25,1010.75,1013.5,0
2025-07-11T16:00:00Z,1013.25,1013.5,1003.5,1010.0,0
2025-07-11T17:00:00Z,1010.0,1011.5,1007.5,1007.75,0
2025-07-11T18:00:00Z,1007.75,1008.0,1006.5,1007.5,0
2025-07-14T00:00:00Z,1003.0,1004.0,998.25,1003.0,0
2025-07-14T01:00:00Z,1002.75,1006.75,1001.25,1006.25,0
2025-07-14T02:00:00Z,1006.25,1008.0,1005.75,1007.5,0
2025-07-14T03:00:00Z,1007.5,1008.75,1007.25,1007.5,0
2025-07-14T04:00:00Z,1007.25,1008.75,1007.25,1008.5,0
2025-07-14T05:00:00Z,1008.5,1009.5,1008.5,1008.75,0
2025-07-14T06:00:00Z,1008.75,1010.0,1007.75,1008.0,0
2025-07-14T07:00:00Z,1007.75,1010.25,1007.0,1009.5,0
2025-07-14T08:00:00Z,1009.25,1012.0,1009.25,1011.75,0
2025-07-14T09:00:00Z,1011.75,1012.25,1011.25,1012.25,0
2025-07-14T10:00:00Z,1012.25,1012.75,1010.0,1011.25,0
2025-07-14T11:00:00Z,1011.25,1013.75,1011.25,1012.5,0
2025-07-14T12:00:00Z,1012.5,1014.5,1010.0,1010.5,0
2025-07-14T13:00:00Z,1011.5,1012.25,1007.25,1007.75,0
2025-07-14T14:00:00Z,1007.75,1009.5,1003.25,1008.5,0
2025-07-14T15:00:00Z,1008.5,1010.0,1004.75,1004.75,0
2025-07-14T16:00:00Z,1005.0,1006.75,1004.0,1006.0,0
2025-07-14T17:00:00Z,1006.0,1008.25,1004.75,1007.5,0
2025-07-14T18:00:00Z,1007.75,1008.25,1006.5,1007.25,0
2025-07-15T00:00:00Z,1003.0,1008.75,1002.5,1006.5,0
2025-07-15T01:00:00Z,1006.5,1008.0,1005.75,1008.0,0
2025-07-15T02:00:00Z,1007.75,1008.5,1006.0,1006.0,0
2025-07-15T03:00:00Z,1006.0,1006.25,1004.75,1005.25,0
2025-07-15T04:00:00Z,1005.5,1006.0,1004.5,1005.25,0
2025-07-15T05:00:00Z,1005.25,1005.75,1004.75,1005.25,0
2025-07-15T06:00:00Z,1005.0,1005.25,1004.0,1004.75,0
2025-07-15T07:00:00Z,1004.5,1006.25,1003.0,1004.5,0
2025-07-15T08:00:00Z,1004.5,1007.75,1004.5,1006.25,0
2025-07-15T09:00:00Z,1006.25,1006.75,1004.0,1004.0,0
2025-07-15T10:00:00Z,1003.75,1004.25,1002.75,1003.5,0
2025-07-15T11:00:00Z,1003.25,1005.5,1003.25,1004.5,0
2025-07-15T12:00:00Z,1004.5,1006.75,1003.5,1006.25,0
2025-07-15T13:00:00Z,1006.75,1009.5,1005.75,1006.0,0
2025-07-15T14:00:00Z,1006.0,1008.0,1004.25,1007.25,0
2025-07-15T15:00:00Z,1007.25,1010.0,1005.5,1006.5,0
2025-07-15T16:00:00Z,1006.5,1007.0,1003.25,1004.0,0
2025-07-15T17:00:00Z,1004.0,1004.5,1000.0,1000.25,0
2025-07-15T18:00:00Z,1000.5,1002.5,1000.0,1002.5,0
2025-07-16T00:00:00Z,1002.5,1005.75,1002.5,1005.5,0
2025-07-16T01:00:00Z,1005.5,1007.75,1005.5,1007.25,0
2025-07-16T02:00:00Z,1007.0,1010.25,1007.0,1008.0,0
2025-07-16T03:00:00Z,1008.25,1010.0,1007.75,1009.5,0
2025-07-16T04:00:00Z,1009.75,1009.75,1009.25,1009.75,0
2025-07-16T05:00:00Z,1009.75,1010.75,1009.75,1010.5,0
2025-07-16T06:00:00Z,1010.75,1011.5,1010.25,1011.25,0
2025-07-16T07:00:00Z,1011.0,1012.5,1010.5,1011.5,0
2025-07-16T08:00:00Z,1011.75,1013.0,1011.25,1012.0,0
2025-07-16T09:00:00Z,1012.0,1012.25,1009.0,1010.5,0
2025-07-16T10:00:00Z,1010.25,1010.75,1009.5,1010.5,0
2025-07-16T11:00:00Z,1010.5,1010.75,1008.75,1009.0,0
2025-07-16T12:00:00Z,1009.25,1012.0,1009.25,1011.5,0
2025-07-16T13:00:00Z,1011.5,1015.0,1009.75,1012.0,0
2025-07-16T14:00:00Z,1012.0,1017.0,1011.0,1015.5,0
2025-07-16T15:00:00Z,1015.5,1020.0,1015.25,1016.5,0
2025-07-16T16:00:00Z,1016.25,1018.0,1014.75,1017.25,0
2025-07-16T17:00:00Z,1017.5,1019.25,1017.0,1018.5,0
2025-07-16T18:00:00Z,1018.75,1021.75,1018.5,1019.75,0
2025-07-17T00:00:00Z,1019.25,1021.25,1018.0,1019.0,0
2025-07-17T01:00:00Z,1019.25,1020.75,1018.25,1018.75,0
2025-07-17T02:00:00Z,1018.75,1019.0,1016.0,1016.5,0
2025-07-17T03:00:00Z,1016.5,1017.75,1016.0,1016.25,0
2025-07-17T04:00:00Z,1016.25,1017.0,1016.25,1016.75,0
2025-07-17T05:00:00Z,1016.75,1017.25,1016.5,1016.75,0
2025-07-17T06:00:00Z,1016.75,1020.5,1016.5,1020.5,0
2025-07-17T07:00:00Z,1020.25,1023.25,1019.75,1022.0,0
2025-07-17T08:00:00Z,1022.25,1022.75,1019.75,1021.25,0
2025-07-17T09:00:00Z,1021.5,1021.5,1019.0,1019.25,0
2025-07-17T10:00:00Z,1019.25,1019.75,1018.25,1018.5,0
2025-07-17T11:00:00Z,1018.5,1022.25,1018.25,1022.25,0
2025-07-17T12:00:00Z,1022.25,1023.0,1020.0,1020.0,0
2025-07-17T13:00:00Z,1020.0,1024.25,1019.0,1020.75,0
2025-07-17T14:00:00Z,1020.75,1027.25,1019.25,1025.25,0
2025-07-17T15:00:00Z,1025.5,1027.75,1025.0,1027.25,0
2025-07-17T16:00:00Z,1027.5,1029.0,1025.0,1026.0,0
2025-07-17T17:00:00Z,1026.0,1027.0,1025.0,1027.0,0
2025-07-17T18:00:00Z,1026.75,1027.75,1026.25,1027.25,0
2025-07-18T00:00:00Z,1026.25,1028.75,1026.0,1026.5,0
2025-07-18T01:00:00Z,1026.5,1034.5,1026.5,1031.0,0
2025-07-18T02:00:00Z,1031.0,1032.5,1030.25,1032.25,0
2025-07-18T03:00:00Z,1032.0,1033.5,1032.0,1033.0,0
2025-07-18T04:00:00Z,1032.75,1033.75,1032.75,1033.75,0
2025-07-18T05:00:00Z,1033.75,1034.5,1033.25,1034.25,0
2025-07-18T06:00:00Z,1034.0,1035.5,1033.75,1035.0,0
2025-07-18T07:00:00Z,1034.75,1038.5,1034.75,1038.25,0
2025-07-18T08:00:00Z,1038.5,1040.75,1038.5,1039.25,0
2025-07-18T09:00:00Z,1039.25,1041.5,1039.25,1041.5,0
2025-07-18T10:00:00Z,1041.75,1042.25,1039.0,1039.0,0
2025-07-18T11:00:00Z,1039.0,1040.0,1039.0,1039.5,0
2025-07-18T12:00:00Z,1039.5,1039.75,1036.0,1036.75,0
2025-07-18T13:00:00Z,1035.75,1041.5,1035.5,1040.5,0
2025-07-18T14:00:00Z,1040.25,1042.5,1039.25,1041.75,0
2025-07-18T15:00:00Z,1041.75,1043.25,1033.25,1036.0,0
2025-07-18T16:00:00Z,1036.0,1037.75,1034.25,1035.0,0
2025-07-18T17:00:00Z,1034.75,1036.0,1033.5,1034.25,0
2025-07-18T18:00:00Z,1034.0,1036.25,1033.5,1035.0,0
2025-07-21T00:00:00Z,1031.25,1034.25,1028.75,1032.0,0
2025-07-21T01:00:00Z,1032.0,1032.75,1028.25,1028.25,0
2025-07-21T02:00:00Z,1028.5,1029.25,1028.0,1029.0,0
2025-07-21T03:00:00Z,1029.0,1029.5,1028.5,1029.25,0
2025-07-21T04:00:00Z,1029.0,1029.5,1029.0,1029.5,0
2025-07-21T05:00:00Z,1029.5,1031.0,1028.5,1029.75,0
2025-07-21T06:00:00Z,1029.5,1030.0,1028.0,1029.25,0
2025-07-21T07:00:00Z,1029.0,1029.0,1026.0,1027.0,0
2025-07-21T08:00:00Z,1027.0,1027.75,1026.0,1026.0,0
2025-07-21T09:00:00Z,1026.25,1027.5,1025.5,1027.5,0
2025-07-21T10:00:00Z,1027.0,1029.0,1027.0,1028.0,0
2025-07-21T11:00:00Z,1027.75,1030.0,1026.75,1029.5,0
2025-07-21T12:00:00Z,1029.75,1030.0,1028.0,1028.75,0
2025-07-21T13:00:00Z,1029.0,1029.75,1023.5,1024.0,0
2025-07-21T14:00:00Z,1024.25,1024.75,1021.5,1021.75,0
2025-07-21T15:00:00Z,1021.75,1023.0,1020.5,1022.0,0
2025-07-21T16:00:00Z,1022.0,1023.0,1021.25,1022.5,0
2025-07-21T17:00:00Z,1022.5,1025.0,1022.0,1024.25,0
2025-07-21T18:00:00Z,1024.25,1027.25,1024.0,1026.75,0
2025-07-22T00:00:00Z,1027.5,1029.5,1026.75,1027.0,0
2025-07-22T01:00:00Z,1027.25,1028.0,1026.0,1027.25,0
2025-07-22T02:00:00Z,1027.25,1028.25,1026.25,1027.5,0
2025-07-22T03:00:00Z,1027.5,1029.5,1026.25,1027.75,0
2025-07-22T04:00:00Z,1027.5,1027.5,1026.25,1026.75,0
2025-07-22T05:00:00Z,1027.0,1027.25,1025.0,1026.0,0
2025-07-22T06:00:00Z,1026.0,1030.0,1025.75,1029.0,0
2025-07-22T07:00:00Z,1029.0,1029.25,1025.25,1025.75,0
2025-07-22T08:00:00Z,1025.75,1027.0,1025.25,1026.25,0
2025-07-22T09:00:00Z,1026.25,1027.25,1025.0,1025.5,0
2025-07-22T10:00:00Z,1025.25,1025.75,1021.25,1022.0,0
2025-07-22T11:00:00Z,1022.0,1023.5,1020.25,1022.25,0
2025-07-22T12:00:00Z,1022.25,1024.5,1022.0,1023.25,0
2025-07-22T13:00:00Z,1023.75,1026.0,1020.75,1023.25,0
2025-07-22T14:00:00Z,1023.0,1026.5,1021.5,1025.5,0
2025-07-22T15:00:00Z,1025.25,1029.25,1025.25,1028.5,0
2025-07-22T16:00:00Z,1028.5,1029.25,1025.5,1025.5,0
2025-07-22T17:00:00Z,1025.5,1025.75,1023.75,1024.25,0
2025-07-22T18:00:00Z,1024.25,1027.0,1023.75,1026.0,0
2025-07-23T00:00:00Z,1025.5,1030.0,1025.5,1029.5,0
2025-07-23T01:00:00Z,1029.75,1033.75,1029.5,1030.0,0
2025-07-23T02:00:00Z,1030.0,1030.5,1028.75,1029.75,0
2025-07-23T03:00:00Z,1029.75,1032.5,1029.5,1031.75,0
2025-07-23T04:00:00Z,1031.75,1032.75,1031.75,1031.75,0
2025-07-23T05:00:00Z,1031.75,1033.0,1030.75,1031.25,0
2025-07-23T06:00:00Z,1031.5,1031.5,1029.0,1030.5,0
2025-07-23T07:00:00Z,1030.5,1031.25,1029.5,1030.0,0
2025-07-23T08:00:00Z,1030.0,1032.5,1029.0,1031.25,0
2025-07-23T09:00:00Z,1031.0,1032.0,1030.75,1031.75,0
2025-07-23T10:00:00Z,1031.5,1033.75,1030.75,1032.25,0
2025-07-23T11:00:00Z,1032.25,1033.75,1031.25,1033.5,0
2025-07-23T12:00:00Z,1033.25,1034.25,1031.0,1031.25,0
2025-07-23T13:00:00Z,1030.0,1035.5,1030.0,1031.0,0
2025-07-23T14:00:00Z,1031.25,1033.0,1026.0,1026.75,0
2025-07-23T15:00:00Z,1026.75,1030.25,1026.25,1030.0,0
2025-07-23T16:00:00Z,1030.25,1031.5,1028.0,1028.25,0
2025-07-23T17:00:00Z,1028.25,1029.25,1022.75,1023.25,0
2025-07-23T18:00:00Z,1023.25,1023.75,1021.75,1022.5,0
2025-07-24T00:00:00Z,1023.75,1026.0,1023.25,1025.5,0
2025-07-24T01:00:00Z,1025.5,1025.5,1022.25,1022.5,0
2025-07-24T02:00:00Z,1022.5,1024.5,1021.75,1023.0,0
2025-07-24T03:00:00Z,1023.25,1023.5,1022.0,1022.5,0
2025-07-24T04:00:00Z,1022.75,1023.25,1022.5,1022.5,0
2025-07-24T05:00:00Z,1022.5,1023.0,1022.0,1022.25,0
2025-07-24T06:00:00Z,1022.25,1025.75,1022.0,1025.5,0
2025-07-24T07:00:00Z,1025.5,1027.0,1025.25,1026.25,0
2025-07-24T08:00:00Z,1026.5,1027.5,1025.25,1027.25,0
2025-07-24T09:00:00Z,1027.25,1028.0,1027.0,1027.5,0
2025-07-24T10:00:00Z,1027.25,1028.5,1026.75,1027.75,0
2025-07-24T11:00:00Z,1027.75,1028.0,1025.75,1026.5,0
2025-07-24T12:00:00Z,1026.25,1027.0,1024.75,1026.0,0
2025-07-24T13:00:00Z,1027.75,1028.75,1021.5,1023.25,0
2025-07-24T14:00:00Z,1023.25,1024.75,1022.0,1023.0,0
2025-07-24T15:00:00Z,1022.75,1023.5,1019.25,1022.0,0
2025-07-24T16:00:00Z,1021.75,1022.25,1020.25,1021.0,0
2025-07-24T17:00:00Z,1021.0,1022.5,1020.5,1021.25,0
2025-07-24T18:00:00Z,1021.5,1025.5,1021.5,1025.0,0
2025-07-25T00:00:00Z,1024.5,1028.25,1024.5,1027.75,0
2025-07-25T01:00:00Z,1027.5,1028.25,1025.25,1025.5,0
2025-07-25T02:00:00Z,1025.75,1026.0,1023.5,1023.5,0
2025-07-25T03:00:00Z,1023.5,1024.25,1023.0,1023.75,0
2025-07-25T04:00:00Z,1023.75,1024.0,1023.0,1023.5,0
2025-07-25T05:00:00Z,1023.5,1024.75,1023.25,1023.25,0
2025-07-25T06:00:00Z,1023.25,1024.25,1021.5,1023.0,0
2025-07-25T07:00:00Z,1022.25,1022.25,1020.25,1020.75,0
2025-07-25T08:00:00Z,1020.75,1020.75,1019.0,1019.25,0
2025-07-25T09:00:00Z,1019.25,1020.25,1018.0,1019.25,0
2025-07-25T10:00:00Z,1019.25,1019.75,1017.75,1018.25,0
2025-07-25T11:00:00Z,1018.25,1018.75,1017.5,1017.75,0
2025-07-25T12:00:00Z,1017.75,1018.25,1016.75,1017.5,0
2025-07-25T13:00:00Z,1018.25,1020.25,1017.5,1019.0,0
2025-07-25T14:00:00Z,1019.0,1022.0,1017.5,1018.25,0
2025-07-25T15:00:00Z,1018.25,1019.5,1017.5,1018.5,0
2025-07-25T16:00:00Z,1018.25,1020.0,1018.25,1019.5,0
2025-07-25T17:00:00Z,1019.25,1021.25,1019.25,1020.5,0
2025-07-25T18:00:00Z,1020.75,1021.75,1020.25,1021.75,0
2025-07-28T00:00:00Z,1015.75,1018.25,1012.5,1013.75,0
2025-07-28T01:00:00Z,1013.25,1017.5,1012.5,1016.0,0
2025-07-28T02:00:00Z,1016.0,1018.25,1015.75,1018.25,0
2025-07-28T03:00:00Z,1018.0,1018.25,1016.5,1017.5,0
2025-07-28T04:00:00Z,1017.5,1018.25,1017.25,1018.0,0
2025-07-28T05:00:00Z,1018.0,1018.25,1016.0,1016.25,0
2025-07-28T06:00:00Z,1016.25,1016.25,1014.0,1014.75,0
2025-07-28T07:00:00Z,1014.5,1015.25,1013.25,1013.5,0
2025-07-28T08:00:00Z,1013.25,1013.5,1012.5,1013.25,0
2025-07-28T09:00:00Z,1013.25,1015.0,1013.0,1014.5,0
2025-07-28T10:00:00Z,1014.5,1016.0,1014.5,1015.25,0
2025-07-28T11:00:00Z,1015.25,1016.5,1014.0,1014.75,0
2025-07-28T12:00:00Z,1014.75,1016.5,1014.25,1014.75,0
2025-07-28T13:00:00Z,1016.0,1016.0,1011.0,1011.75,0
2025-07-28T14:00:00Z,1011.75,1015.0,1010.75,1013.5,0
2025-07-28T15:00:00Z,1013.5,1013.5,1011.75,1011.75,0
2025-07-28T16:00:00Z,1012.0,1013.0,1010.5,1012.75,0
2025-07-28T17:00:00Z,1013.0,1014.75,1011.25,1011.5,0
2025-07-28T18:00:00Z,1011.75,1012.0,1010.75,1011.5,0
2025-07-29T00:00:00Z,1010.0,1012.0,1009.25,1009.5,0
2025-07-29T01:00:00Z,1009.5,1010.0,1009.0,1009.0,0
2025-07-29T02:00:00Z,1009.0,1009.25,1008.25,1008.75,0
2025-07-29T03:00:00Z,1008.75,1009.25,1008.25,1009.0,0
2025-07-29T04:00:00Z,1008.75,1009.25,1008.75,1009.0,0
2025-07-29T05:00:00Z,1008.75,1013.75,1008.25,1013.0,0
2025-07-29T06:00:00Z,1012.75,1013.5,1011.0,1011.5,0
2025-07-29T07:00:00Z,1011.25,1012.0,1010.5,1011.5,0
2025-07-29T08:00:00Z,1011.25,1013.5,1011.25,1012.0,0
2025-07-29T09:00:00Z,1012.0,1012.5,1010.0,1010.0,0
2025-07-29T10:00:00Z,1010.25,1011.75,1010.0,1011.0,0
2025-07-29T11:00:00Z,1010.75,1010.75,1008.5,1009.0,0
2025-07-29T12:00:00Z,1009.0,1011.5,1008.75,1011.0,0
2025-07-29T13:00:00Z,1012.5,1013.75,1010.0,1010.75,0
2025-07-29T14:00:00Z,1011.0,1013.0,1009.25,1009.25,0
2025-07-29T15:00:00Z,1009.25,1012.25,1007.0,1011.25,0
2025-07-29T16:00:00Z,1011.0,1011.25,1004.5,1005.25,0
2025-07-29T17:00:00Z,1005.25,1012.0,1004.5,1009.0,0
2025-07-29T18:00:00Z,1008.75,1010.0,1008.0,1008.25,0
2025-07-30T00:00:00Z,1009.0,1009.0,1006.75,1007.75,0
2025-07-30T01:00:00Z,1008.0,1010.25,1006.75,1009.5,0
2025-07-30T02:00:00Z,1009.5,1011.25,1009.25,1010.75,0
2025-07-30T03:00:00Z,1010.5,1010.5,1008.5,1009.0,0
2025-07-30T04:00:00Z,1009.0,1009.0,1007.75,1007.75,0
2025-07-30T05:00:00Z,1007.75,1011.0,1007.5,1009.75,0
2025-07-30T06:00:00Z,1009.75,1011.25,1009.25,1010.75,0
2025-07-30T07:00:00Z,1010.5,1012.25,1010.25,1011.5,0
2025-07-30T08:00:00Z,1011.5,1012.0,1010.25,1011.5,0
2025-07-30T09:00:00Z,1011.25,1012.0,1010.0,1010.25,0
2025-07-30T10:00:00Z,1010.5,1010.75,1009.25,1010.0,0
2025-07-30T11:00:00Z,1009.75,1010.0,1007.25,1007.25,0
2025-07-30T12:00:00Z,1007.5,1008.25,1005.25,1006.0,0
2025-07-30T13:00:00Z,1006.25,1008.25,1004.0,1008.0,0
2025-07-30T14:00:00Z,1008.25,1009.5,1002.0,1003.0,0
2025-07-30T15:00:00Z,1003.0,1003.25,999.25,1001.75,0
2025-07-30T16:00:00Z,1002.0,1003.0,1000.25,1000.25,0
2025-07-30T17:00:00Z,1000.25,1001.0,998.0,998.25,0
2025-07-30T18:00:00Z,998.25,998.5,995.25,996.0,0
2025-07-31T00:00:00Z,996.0,1000.75,996.0,1000.25,0
2025-07-31T01:00:00Z,1000.0,1000.5,998.25,998.25,0
2025-07-31T02:00:00Z,998.25,998.5,996.75,998.0,0
2025-07-31T03:00:00Z,998.0,998.5,995.25,996.0,0
2025-07-31T04:00:00Z,996.25,996.25,995.75,995.75,0
2025-07-31T05:00:00Z,995.5,996.75,995.0,996.75,0
2025-07-31T06:00:00Z,996.75,996.75,994.75,995.5,0
2025-07-31T07:00:00Z,995.25,996.0,995.0,995.75,0
2025-07-31T08:00:00Z,995.5,998.5,995.25,997.75,0
2025-07-31T09:00:00Z,997.75,998.25,996.5,996.5,0
2025-07-31T10:00:00Z,996.5,996.75,995.0,995.25,0
2025-07-31T11:00:00Z,995.5,996.5,993.5,993.75,0
2025-07-31T12:00:00Z,993.75,995.0,993.0,994.25,0
2025-07-31T13:00:00Z,995.75,996.0,990.25,990.75,0
2025-07-31T14:00:00Z,990.5,994.5,990.25,992.0,0
2025-07-31T15:00:00Z,991.75,992.25,988.75,989.5,0
2025-07-31T16:00:00Z,989.5,991.0,988.0,988.25,0
2025-07-31T17:00:00Z,988.25,989.0,987.5,988.25,0
2025-07-31T18:00:00Z,988.25,990.5,988.0,990.25,0
2025-08-01T00:00:00Z,990.0,991.75,989.75,990.75,0
2025-08-01T01:00:00Z,990.75,993.0,990.25,992.0,0
2025-08-01T02:00:00Z,992.0,992.5,989.25,990.0,0
2025-08-01T03:00:00Z,990.0,991.25,989.5,991.25,0
2025-08-01T04:00:00Z,991.25,991.25,990.5,991.0,0
2025-08-01T05:00:00Z,991.0,992.0,990.0,990.75,0
2025-08-01T06:00:00Z,991.0,992.5,990.25,991.75,0
2025-08-01T07:00:00Z,991.5,992.0,990.25,990.5,0
2025-08-01T08:00:00Z,990.75,991.5,987.75,989.0,0
2025-08-01T09:00:00Z,988.75,989.25,987.5,988.75,0
2025-08-01T10:00:00Z,988.75,990.0,988.25,988.5,0
2025-08-01T11:00:00Z,988.75,990.0,986.25,986.5,0
2025-08-01T12:00:00Z,986.5,988.0,986.0,987.75,0
2025-08-01T13:00:00Z,988.75,991.75,987.0,987.0,0
2025-08-01T14:00:00Z,987.25,994.25,986.75,993.5,0
2025-08-01T15:00:00Z,993.75,994.5,991.0,991.75,0
2025-08-01T16:00:00Z,992.0,992.5,989.5,990.25,0
2025-08-01T17:00:00Z,990.5,993.0,989.75,991.5,0
2025-08-01T18:00:00Z,991.75,991.75,988.0,988.0,0
2025-08-04T00:00:00Z,990.5,993.5,989.0,991.75,0
2025-08-04T01:00:00Z,991.75,991.75,989.25,991.75,0
2025-08-04T02:00:00Z,991.75,992.5,990.25,992.25,0
2025-08-04T03:00:00Z,992.0,992.5,989.25,990.5,0
2025-08-04T04:00:00Z,990.5,990.75,990.0,990.5,0
2025-08-04T05:00:00Z,990.25,990.5,988.5,989.0,0
2025-08-04T06:00:00Z,989.0,991.75,988.75,991.75,0
2025-08-04T07:00:00Z,991.75,991.75,988.25,989.0,0
2025-08-04T08:00:00Z,989.0,989.25,987.5,988.0,0
2025-08-04T09:00:00Z,987.75,988.75,987.0,987.0,0
2025-08-04T10:00:00Z,987.0,987.5,986.25,986.75,0
2025-08-04T11:00:00Z,987.0,987.25,986.0,986.5,0
2025-08-04T12:00:00Z,986.25,989.5,986.0,989.0,0
2025-08-04T13:00:00Z,990.0,992.5,988.75,991.5,0
2025-08-04T14:00:00Z,991.5,996.75,990.25,995.75,0
2025-08-04T15:00:00Z,995.75,996.25,992.5,995.25,0
2025-08-04T16:00:00Z,995.25,996.25,994.5,994.75,0
2025-08-04T17:00:00Z,994.75,996.0,992.75,995.75,0
2025-08-04T18:00:00Z,995.5,996.0,993.5,994.5,0
2025-08-05T00:00:00Z,993.0,994.25,989.5,990.5,0
2025-08-05T01:00:00Z,990.75,992.75,990.5,991.5,0
2025-08-05T02:00:00Z,991.5,991.75,989.5,989.75,0
2025-08-05T03:00:00Z,989.75,991.5,989.75,991.0,0
2025-08-05T04:00:00Z,991.25,991.25,990.5,990.75,0
2025-08-05T05:00:00Z,990.5,992.0,990.0,991.0,0
2025-08-05T06:00:00Z,991.25,992.75,990.75,991.25,0
2025-08-05T07:00:00Z,991.0,995.5,991.0,995.0,0
2025-08-05T08:00:00Z,995.0,996.75,994.5,995.75,0
2025-08-05T09:00:00Z,995.75,996.5,995.25,996.25,0
2025-08-05T10:00:00Z,996.25,997.25,996.25,997.0,0
2025-08-05T11:00:00Z,997.0,999.75,996.75,999.75,0
2025-08-05T12:00:00Z,999.75,1000.0,998.25,999.5,0
2025-08-05T13:00:00Z,999.5,1002.25,997.75,1001.75,0
2025-08-05T14:00:00Z,1001.75,1002.0,994.5,995.0,0
2025-08-05T15:00:00Z,995.0,995.5,993.25,994.5,0
2025-08-05T16:00:00Z,994.5,995.75,992.0,992.5,0
2025-08-05T17:00:00Z,992.25,993.75,991.75,992.75,0
2025-08-05T18:00:00Z,992.5,992.75,989.75,990.5,0
2025-08-06T00:00:00Z,990.0,990.5,988.5,990.5,0
2025-08-06T01:00:00Z,990.5,993.0,990.5,992.75,0
2025-08-06T02:00:00Z,993.0,994.0,992.75,993.5,0
2025-08-06T03:00:00Z,993.5,994.0,992.75,993.25,0
2025-08-06T04:00:00Z,993.0,993.25,993.0,993.25,0
2025-08-06T05:00:00Z,993.25,993.5,992.5,993.25,0
2025-08-06T06:00:00Z,993.0,994.0,992.75,993.25,0
2025-08-06T07:00:00Z,993.0,994.5,992.5,993.5,0
2025-08-06T08:00:00Z,993.75,993.75,992.0,992.5,0
2025-08-06T09:00:00Z,992.5,993.25,990.75,991.25,0
2025-08-06T10:00:00Z,991.5,994.0,991.5,994.0,0
2025-08-06T11:00:00Z,993.75,995.0,993.0,994.75,0
2025-08-06T12:00:00Z,995.0,995.25,993.5,993.5,0
2025-08-06T13:00:00Z,993.0,995.0,991.25,991.75,0
2025-08-06T14:00:00Z,991.75,992.0,985.75,986.75,0
2025-08-06T15:00:00Z,986.75,986.75,981.75,981.75,0
2025-08-06T16:00:00Z,981.75,983.75,981.5,982.75,0
2025-08-06T17:00:00Z,982.5,984.25,981.25,983.75,0
2025-08-06T18:00:00Z,984.0,985.5,983.5,985.25,0
2025-08-07T00:00:00Z,985.25,986.5,984.25,985.5,0
2025-08-07T01:00:00Z,985.75,986.75,985.0,986.0,0
2025-08-07T02:00:00Z,986.0,986.75,985.5,986.25,0
2025-08-07T03:00:00Z,986.25,986.75,985.5,986.75,0
2025-08-07T04:00:00Z,986.75,986.75,986.0,986.25,0
2025-08-07T05:00:00Z,986.25,987.0,985.5,985.75,0
2025-08-07T06:00:00Z,986.0,986.75,986.0,986.5,0
2025-08-07T07:00:00Z,986.25,986.25,983.75,984.5,0
2025-08-07T08:00:00Z,984.75,984.75,983.5,983.75,0
2025-08-07T09:00:00Z,983.5,985.25,983.0,984.5,0
2025-08-07T10:00:00Z,984.5,985.0,983.5,984.0,0
2025-08-07T11:00:00Z,984.25,986.5,984.0,986.0,0
2025-08-07T12:00:00Z,986.0,989.5,986.0,989.0,0
2025-08-07T13:00:00Z,989.0,989.75,986.5,988.75,0
2025-08-07T14:00:00Z,988.75,991.0,987.25,989.25,0
2025-08-07T15:00:00Z,989.5,992.0,989.0,991.75,0
2025-08-07T16:00:00Z,991.5,994.5,991.25,993.75,0
2025-08-07T17:00:00Z,993.75,994.5,992.0,992.25,0
2025-08-07T18:00:00Z,992.5,994.75,992.5,994.5,0
2025-08-08T00:00:00Z,993.0,997.0,993.0,997.0,0
2025-08-08T01:00:00Z,997.0,997.25,996.0,996.25,0
2025-08-08T02:00:00Z,996.0,996.5,995.75,996.25,0
2025-08-08T03:00:00Z,996.25,998.0,996.0,997.25,0
2025-08-08T04:00:00Z,997.25,997.25,996.5,996.5,0
2025-08-08T05:00:00Z,996.5,997.0,996.25,996.75,0
2025-08-08T06:00:00Z,996.75,997.75,996.5,997.0,0
2025-08-08T07:00:00Z,996.75,997.75,995.5,997.75,0
2025-08-08T08:00:00Z,998.0,998.0,994.25,994.5,0
2025-08-08T09:00:00Z,994.75,995.5,993.0,993.25,0
2025-08-08T10:00:00Z,993.25,993.25,991.0,991.25,0
2025-08-08T11:00:00Z,991.25,993.25,990.75,992.25,0
2025-08-08T12:00:00Z,992.25,992.75,990.5,990.75,0
2025-08-08T13:00:00Z,992.0,994.75,988.5,994.25,0
2025-08-08T14:00:00Z,994.25,996.0,990.25,995.0,0
2025-08-08T15:00:00Z,994.75,994.75,991.5,993.5,0
2025-08-08T16:00:00Z,993.5,993.75,989.5,990.0,0
2025-08-08T17:00:00Z,990.0,990.5,986.0,987.0,0
2025-08-08T18:00:00Z,987.25,988.0,986.25,986.5,0
2025-08-11T00:00:00Z,987.5,988.75,984.5,985.0,0
2025-08-11T01:00:00Z,985.25,987.0,985.0,986.5,0
2025-08-11T02:00:00Z,986.5,987.75,985.75,987.5,0
2025-08-11T03:00:00Z,987.5,1006.5,987.5,1005.5,0
2025-08-11T04:00:00Z,1005.5,1011.25,1005.0,1009.0,0
2025-08-11T05:00:00Z,1009.0,1014.0,1007.75,1012.25,0
2025-08-11T06:00:00Z,1012.25,1015.0,1009.5,1012.25,0
2025-08-11T07:00:00Z,1012.25,1012.75,1009.0,1010.75,0
2025-08-11T08:00:00Z,1010.75,1012.0,1009.5,1010.75,0
2025-08-11T09:00:00Z,1010.75,1010.75,1008.25,1009.25,0
2025-08-11T10:00:00Z,1009.25,1010.5,1008.5,1009.25,0
2025-08-11T11:00:00Z,1008.75,1013.0,1007.75,1008.75,0
2025-08-11T12:00:00Z,1008.75,1009.5,1004.0,1004.25,0
2025-08-11T13:00:00Z,1003.5,1007.75,1002.0,1005.5,0
2025-08-11T14:00:00Z,1005.75,1010.25,1005.5,1009.5,0
2025-08-11T15:00:00Z,1009.25,1012.75,1007.0,1012.0,0
2025-08-11T16:00:00Z,1011.75,1013.5,1009.75,1010.75,0
2025-08-11T17:00:00Z,1010.5,1012.0,1009.75,1010.25,0
2025-08-11T18:00:00Z,1010.5,1012.0,1010.0,1010.25,0
2025-08-12T00:00:00Z,1009.5,1009.75,1006.25,1006.75,0
2025-08-12T01:00:00Z,1006.75,1008.0,1000.25,1000.5,0
2025-08-12T02:00:00Z,1000.5,1001.0,998.0,1000.5,0
2025-08-12T03:00:00Z,1000.5,1001.5,999.0,999.0,0
2025-08-12T04:00:00Z,999.0,1000.5,998.75,1000.25,0
2025-08-12T05:00:00Z,1000.25,1001.75,999.5,1001.75,0
2025-08-12T06:00:00Z,1002.0,1002.5,1000.5,1000.75,0
2025-08-12T07:00:00Z,1000.5,1000.5,998.5,998.5,0
2025-08-12T08:00:00Z,998.5,1000.0,998.0,998.75,0
2025-08-12T09:00:00Z,998.5,998.75,997.75,998.5,0
2025-08-12T10:00:00Z,998.75,999.5,998.25,999.0,0
2025-08-12T11:00:00Z,999.25,1002.5,998.25,1002.0,0
2025-08-12T12:00:00Z,1002.0,1002.0,997.75,998.25,0
2025-08-12T13:00:00Z,998.25,999.25,996.25,997.5,0
2025-08-12T14:00:00Z,997.75,1000.0,996.75,996.75,0
2025-08-12T15:00:00Z,997.0,999.75,995.5,996.0,0
2025-08-12T16:00:00Z,996.25,1035.0,994.0,1023.25,0
2025-08-12T17:00:00Z,1023.0,1029.5,1022.75,1028.25,0
2025-08-12T18:00:00Z,1028.25,1033.0,1027.25,1032.25,0
2025-08-13T00:00:00Z,1029.5,1037.0,1028.0,1036.5,0
2025-08-13T01:00:00Z,1036.75,1039.25,1036.0,1039.25,0
2025-08-13T02:00:00Z,1039.25,1039.75,1038.25,1039.0,0
2025-08-13T03:00:00Z,1039.0,1040.0,1038.25,1038.5,0
2025-08-13T04:00:00Z,1038.5,1038.75,1037.5,1037.5,0
2025-08-13T05:00:00Z,1037.75,1040.75,1037.0,1040.5,0
2025-08-13T06:00:00Z,1040.5,1040.5,1037.25,1037.75,0
2025-08-13T07:00:00Z,1037.5,1040.25,1037.5,1039.75,0
2025-08-13T08:00:00Z,1039.75,1040.75,1039.0,1040.75,0
2025-08-13T09:00:00Z,1040.75,1041.5,1039.0,1040.25,0
2025-08-13T10:00:00Z,1040.25,1042.5,1039.0,1042.5,0
2025-08-13T11:00:00Z,1042.5,1046.0,1041.75,1044.75,0
2025-08-13T12:00:00Z,1044.75,1045.0,1043.5,1044.25,0
2025-08-13T13:00:00Z,1043.5,1044.0,1039.0,1041.5,0
2025-08-13T14:00:00Z,1041.5,1045.75,1040.5,1040.75,0
2025-08-13T15:00:00Z,1040.75,1041.0,1035.25,1036.5,0
2025-08-13T16:00:00Z,1036.5,1043.75,1035.5,1043.25,0
2025-08-13T17:00:00Z,1043.0,1047.25,1043.0,1044.75,0
2025-08-13T18:00:00Z,1044.75,1045.5,1042.0,1042.0,0
2025-08-14T00:00:00Z,1041.5,1048.25,1041.0,1048.0,0
2025-08-14T01:00:00Z,1048.0,1049.25,1047.75,1047.75,0
2025-08-14T02:00:00Z,1047.75,1049.0,1046.75,1046.75,0
2025-08-14T03:00:00Z,1046.75,1047.75,1044.75,1045.75,0
2025-08-14T04:00:00Z,1045.75,1046.0,1045.5,1045.75,0
2025-08-14T05:00:00Z,1045.75,1045.75,1042.75,1044.5,0
2025-08-14T06:00:00Z,1044.5,1046.0,1042.5,1042.75,0
2025-08-14T07:00:00Z,1042.75,1044.5,1042.5,1043.25,0
2025-08-14T08:00:00Z,1043.5,1045.75,1042.0,1042.75,0
2025-08-14T09:00:00Z,1042.75,1043.75,1039.25,1039.75,0
2025-08-14T10:00:00Z,1039.75,1040.0,1037.25,1038.25,0
2025-08-14T11:00:00Z,1038.25,1040.25,1038.25,1039.0,0
2025-08-14T12:00:00Z,1039.25,1039.5,1036.5,1037.0,0
2025-08-14T13:00:00Z,1036.25,1038.75,1033.0,1035.75,0
2025-08-14T14:00:00Z,1035.75,1037.5,1030.5,1032.0,0
2025-08-14T15:00:00Z,1032.0,1035.75,1032.0,1033.0,0
2025-08-14T16:00:00Z,1032.75,1033.75,1030.0,1030.75,0
2025-08-14T17:00:00Z,1030.5,1030.5,1028.75,1029.0,0
2025-08-14T18:00:00Z,1029.0,1031.5,1027.75,1031.0,0
2025-08-15T00:00:00Z,1029.25,1033.75,1029.25,1031.5,0
2025-08-15T01:00:00Z,1031.5,1032.5,1028.75,1030.25,0
2025-08-15T02:00:00Z,1030.25,1030.25,1028.5,1028.5,0
2025-08-15T03:00:00Z,1028.75,1029.0,1027.5,1028.75,0
2025-08-15T04:00:00Z,1028.5,1029.75,1028.25,1029.0,0
2025-08-15T05:00:00Z,1029.0,1029.0,1027.0,1027.25,0
2025-08-15T06:00:00Z,1027.5,1033.0,1026.75,1032.25,0
2025-08-15T07:00:00Z,1032.0,1033.0,1030.75,1031.25,0
2025-08-15T08:00:00Z,1031.5,1033.25,1030.25,1032.25,0
2025-08-15T09:00:00Z,1032.25,1033.0,1031.5,1032.5,0
2025-08-15T10:00:00Z,1032.5,1033.25,1031.75,1032.75,0
2025-08-15T11:00:00Z,1032.5,1036.5,1032.25,1036.0,0
2025-08-15T12:00:00Z,1036.0,1037.25,1035.5,1036.25,0
2025-08-15T13:00:00Z,1036.0,1038.5,1033.25,1035.5,0
2025-08-15T14:00:00Z,1035.5,1039.0,1033.75,1038.25,0
2025-08-15T15:00:00Z,1038.25,1042.5,1038.0,1041.75,0
2025-08-15T16:00:00Z,1042.0,1042.25,1040.5,1041.25,0
2025-08-15T17:00:00Z,1041.5,1043.75,1041.25,1042.75,0
2025-08-15T18:00:00Z,1042.75,1043.25,1041.25,1042.75,0
2025-08-18T00:00:00Z,1042.0,1042.5,1035.25,1036.75,0
2025-08-18T01:00:00Z,1036.75,1038.75,1036.0,1038.25,0
2025-08-18T02:00:00Z,1038.5,1040.0,1038.0,1038.5,0
2025-08-18T03:00:00Z,1038.75,1039.5,1037.75,1039.25,0
2025-08-18T04:00:00Z,1039.5,1040.25,1039.5,1040.0,0
2025-08-18T05:00:00Z,1039.75,1040.5,1038.5,1038.75,0
2025-08-18T06:00:00Z,1039.0,1039.5,1037.25,1037.5,0
2025-08-18T07:00:00Z,1037.5,1037.75,1034.5,1035.25,0
2025-08-18T08:00:00Z,1035.5,1036.25,1034.5,1035.5,0
2025-08-18T09:00:00Z,1035.5,1038.5,1035.5,1038.25,0
2025-08-18T10:00:00Z,1038.0,1038.25,1036.75,1037.25,0
2025-08-18T11:00:00Z,1037.25,1038.25,1035.75,1038.0,0
2025-08-18T12:00:00Z,1038.25,1039.5,1037.0,1038.5,0
2025-08-18T13:00:00Z,1038.0,1046.75,1037.75,1046.75,0
2025-08-18T14:00:00Z,1046.75,1047.75,1040.0,1043.25,0
2025-08-18T15:00:00Z,1043.0,1044.75,1042.25,1044.5,0
2025-08-18T16:00:00Z,1044.25,1045.75,1042.25,1044.75,0
2025-08-18T17:00:00Z,1044.5,1045.0,1042.0,1043.0,0
2025-08-18T18:00:00Z,1043.0,1043.5,1040.0,1040.5,0
2025-08-19T00:00:00Z,1042.0,1045.25,1040.75,1044.75,0
2025-08-19T01:00:00Z,1044.75,1045.25,1042.0,1045.25,0
2025-08-19T02:00:00Z,1045.0,1045.5,1044.0,1044.75,0
2025-08-19T03:00:00Z,1044.75,1045.75,1044.5,1045.0,0
2025-08-19T04:00:00Z,1044.75,1046.0,1044.75,1045.25,0
2025-08-19T05:00:00Z,1045.5,1046.0,1043.5,1044.0,0
2025-08-19T06:00:00Z,1044.0,1045.5,1042.5,1044.75,0
2025-08-19T07:00:00Z,1044.75,1045.75,1043.75,1045.25,0
2025-08-19T08:00:00Z,1045.25,1045.5,1043.5,1043.75,0
2025-08-19T09:00:00Z,1043.75,1044.5,1042.25,1042.75,0
2025-08-19T10:00:00Z,1042.75,1042.75,1040.0,1040.5,0
2025-08-19T11:00:00Z,1040.5,1042.0,1040.0,1041.25,0
2025-08-19T12:00:00Z,1041.0,1041.25,1039.0,1039.75,0
2025-08-19T13:00:00Z,1039.25,1039.5,1032.5,1038.0,0
2025-08-19T14:00:00Z,1037.75,1038.5,1031.5,1031.5,0
2025-08-19T15:00:00Z,1031.75,1033.5,1030.5,1031.75,0
2025-08-19T16:00:00Z,1031.75,1033.5,1030.5,1030.75,0
2025-08-19T17:00:00Z,1031.0,1034.5,1031.0,1034.0,0
2025-08-19T18:00:00Z,1034.0,1035.0,1033.0,1033.25,0
2025-08-20T00:00:00Z,1034.0,1036.0,1032.0,1032.25,0
2025-08-20T01:00:00Z,1032.5,1034.5,1031.75,1034.5,0
2025-08-20T02:00:00Z,1034.75,1036.0,1033.75,1034.25,0
2025-08-20T03:00:00Z,1034.25,1035.0,1033.5,1033.75,0
2025-08-20T04:00:00Z,1033.75,1034.0,1033.25,1033.25,0
2025-08-20T05:00:00Z,1033.25,1034.25,1031.75,1034.0,0
2025-08-20T06:00:00Z,1034.25,1037.0,1034.0,1036.5,0
2025-08-20T07:00:00Z,1036.25,1038.0,1036.0,1037.75,0
2025-08-20T08:00:00Z,1037.75,1038.25,1034.5,1035.5,0
2025-08-20T09:00:00Z,1035.75,1036.25,1033.0,1033.5,0
2025-08-20T10:00:00Z,1033.5,1034.0,1032.25,1033.25,0
2025-08-20T11:00:00Z,1033.0,1034.5,1031.25,1032.25,0
2025-08-20T12:00:00Z,1032.25,1033.25,1031.75,1032.25,0
2025-08-20T13:00:00Z,1032.25,1037.0,1031.75,1036.75,0
2025-08-20T14:00:00Z,1036.5,1040.5,1035.5,1038.25,0
2025-08-20T15:00:00Z,1038.25,1039.5,1035.25,1036.0,0
2025-08-20T16:00:00Z,1035.75,1040.0,1035.0,1038.25,0
2025-08-20T17:00:00Z,1038.5,1038.75,1035.0,1035.75,0
2025-08-20T18:00:00Z,1036.0,1036.25,1035.0,1035.5,0
2025-08-21T00:00:00Z,1036.0,1038.5,1036.0,1037.5,0
2025-08-21T01:00:00Z,1037.5,1038.75,1036.25,1037.25,0
2025-08-21T02:00:00Z,1037.0,1037.0,1035.0,1035.25,0
2025-08-21T03:00:00Z,1035.25,1036.25,1034.0,1035.5,0
2025-08-21T04:00:00Z,1035.5,1036.0,1034.75,1035.5,0
2025-08-21T05:00:00Z,1035.25,1036.5,1035.0,1036.25,0
2025-08-21T06:00:00Z,1036.5,1038.0,1034.5,1034.75,0
2025-08-21T07:00:00Z,1034.75,1035.25,1033.75,1034.0,0
2025-08-21T08:00:00Z,1034.0,1034.5,1032.25,1032.5,0
2025-08-21T09:00:00Z,1032.5,1035.25,1032.25,1034.5,0
2025-08-21T10:00:00Z,1034.5,1036.25,1034.0,1036.0,0
2025-08-21T11:00:00Z,1036.0,1038.25,1035.5,1038.25,0
2025-08-21T12:00:00Z,1038.25,1040.0,1038.0,1039.5,0
2025-08-21T13:00:00Z,1039.75,1045.5,1038.25,1045.0,0
2025-08-21T14:00:00Z,1044.75,1050.75,1044.0,1045.75,0
2025-08-21T15:00:00Z,1045.75,1050.75,1045.0,1049.25,0
2025-08-21T16:00:00Z,1049.25,1056.25,1049.0,1053.75,0
2025-08-21T17:00:00Z,1053.75,1056.5,1053.5,1055.5,0
2025-08-21T18:00:00Z,1055.5,1056.75,1054.25,1055.0,0
2025-08-22T00:00:00Z,1054.75,1055.75,1053.75,1054.75,0
2025-08-22T01:00:00Z,1054.75,1055.25,1052.0,1054.5,0
2025-08-22T02:00:00Z,1054.5,1055.75,1053.5,1055.0,0
2025-08-22T03:00:00Z,1055.0,1055.75,1054.5,1054.5,0
2025-08-22T04:00:00Z,1054.5,1055.5,1054.25,1055.25,0
2025-08-22T05:00:00Z,1055.25,1056.25,1055.25,1056.0,0
2025-08-22T06:00:00Z,1056.25,1057.5,1054.25,1056.5,0
2025-08-22T07:00:00Z,1056.5,1057.25,1055.75,1056.5,0
2025-08-22T08:00:00Z,1056.5,1059.5,1056.25,1058.75,0
2025-08-22T09:00:00Z,1058.75,1059.5,1056.75,1057.25,0
2025-08-22T10:00:00Z,1057.0,1057.5,1055.75,1057.5,0
2025-08-22T11:00:00Z,1057.5,1059.0,1057.0,1058.5,0
2025-08-22T12:00:00Z,1058.5,1059.5,1057.5,1059.5,0
2025-08-22T13:00:00Z,1059.25,1060.5,1055.75,1058.5,0
2025-08-22T14:00:00Z,1058.75,1060.25,1055.5,1057.5,0
2025-08-22T15:00:00Z,1057.75,1062.75,1053.25,1061.75,0
2025-08-22T16:00:00Z,1061.5,1062.5,1057.5,1062.0,0
2025-08-22T17:00:00Z,1062.0,1062.25,1060.25,1060.5,0
2025-08-22T18:00:00Z,1060.75,1061.0,1057.5,1058.25,0
2025-08-25T00:00:00Z,1057.75,1060.5,1057.5,1059.0,0
2025-08-25T01:00:00Z,1059.0,1059.5,1057.0,1057.5,0
2025-08-25T02:00:00Z,1057.25,1060.25,1057.25,1057.75,0
2025-08-25T03:00:00Z,1057.75,1058.0,1056.5,1056.75,0
2025-08-25T04:00:00Z,1057.0,1057.25,1056.5,1056.75,0
2025-08-25T05:00:00Z,1056.5,1057.75,1055.5,1057.75,0
2025-08-25T06:00:00Z,1057.75,1058.0,1055.75,1056.0,0
2025-08-25T07:00:00Z,1056.25,1058.0,1056.0,1057.0,0
2025-08-25T08:00:00Z,1056.75,1057.5,1056.0,1057.25,0
2025-08-25T09:00:00Z,1057.0,1059.25,1056.5,1058.0,0
2025-08-25T10:00:00Z,1058.0,1058.75,1057.25,1057.5,0
2025-08-25T11:00:00Z,1057.75,1059.0,1057.25,1058.0,0
2025-08-25T12:00:00Z,1058.25,1061.75,1058.0,1060.5,0
2025-08-25T13:00:00Z,1060.0,1061.75,1051.25,1053.75,0
2025-08-25T14:00:00Z,1054.0,1056.5,1052.75,1052.75,0
2025-08-25T15:00:00Z,1052.75,1053.25,1050.0,1051.25,0
2025-08-25T16:00:00Z,1051.0,1051.5,1046.75,1048.0,0
2025-08-25T17:00:00Z,1047.75,1048.25,1046.0,1046.75,0
2025-08-25T18:00:00Z,1046.75,1048.25,1046.0,1047.75,0
2025-08-26T00:00:00Z,1047.0,1047.25,1041.75,1043.75,0
2025-08-26T01:00:00Z,1043.75,1048.25,1041.75,1047.75,0
2025-08-26T02:00:00Z,1047.5,1050.5,1047.5,1049.5,0
2025-08-26T03:00:00Z,1049.75,1050.25,1049.0,1049.5,0
2025-08-26T04:00:00Z,1049.25,1050.0,1049.25,1050.0,0
2025-08-26T05:00:00Z,1049.75,1054.75,1049.5,1054.75,0
2025-08-26T06:00:00Z,1054.25,1054.75,1052.75,1053.25,0
2025-08-26T07:00:00Z,1053.0,1054.25,1052.0,1052.25,0
2025-08-26T08:00:00Z,1052.0,1052.75,1050.5,1051.5,0
2025-08-26T09:00:00Z,1051.5,1054.0,1051.25,1054.0,0
2025-08-26T10:00:00Z,1053.5,1054.0,1050.5,1052.75,0
2025-08-26T11:00:00Z,1052.5,1055.0,1052.0,1053.75,0
2025-08-26T12:00:00Z,1054.0,1055.75,1053.0,1053.75,0
2025-08-26T13:00:00Z,1053.0,1055.25,1044.75,1045.5,0
2025-08-26T14:00:00Z,1045.5,1050.75,1044.5,1047.5,0
2025-08-26T15:00:00Z,1047.5,1048.75,1045.0,1047.5,0
2025-08-26T16:00:00Z,1047.5,1049.0,1046.0,1048.5,0
2025-08-26T17:00:00Z,1048.5,1049.75,1047.25,1048.75,0
2025-08-26T18:00:00Z,1048.5,1050.0,1048.25,1049.0,0
2025-08-27T00:00:00Z,1049.0,1054.0,1048.5,1052.25,0
2025-08-27T01:00:00Z,1052.25,1052.25,1048.25,1048.5,0
2025-08-27T02:00:00Z,1048.5,1049.25,1047.25,1049.25,0
2025-08-27T03:00:00Z,1049.25,1050.25,1049.0,1050.25,0
2025-08-27T04:00:00Z,1050.25,1051.0,1050.0,1050.25,0
2025-08-27T05:00:00Z,1050.0,1050.5,1048.5,1048.5,0
2025-08-27T06:00:00Z,1048.5,1049.0,1046.75,1048.25,0
2025-08-27T07:00:00Z,1048.25,1049.5,1048.0,1049.25,0
2025-08-27T08:00:00Z,1048.75,1052.0,1048.5,1050.25,0
2025-08-27T09:00:00Z,1050.25,1051.75,1049.5,1051.25,0
2025-08-27T10:00:00Z,1051.5,1053.25,1051.25,1052.0,0
2025-08-27T11:00:00Z,1051.75,1053.25,1049.5,1049.75,0
2025-08-27T12:00:00Z,1049.75,1050.75,1047.75,1048.75,0
2025-08-27T13:00:00Z,1049.0,1049.25,1044.25,1046.75,0
2025-08-27T14:00:00Z,1046.75,1049.25,1045.0,1049.0,0
2025-08-27T15:00:00Z,1048.75,1053.25,1047.75,1051.25,0
2025-08-27T16:00:00Z,1051.25,1052.75,1049.75,1050.0,0
2025-08-27T17:00:00Z,1050.0,1050.0,1046.0,1047.25,0
2025-08-27T18:00:00Z,1047.25,1048.5,1047.0,1048.25,0
2025-08-28T00:00:00Z,1047.75,1048.75,1045.5,1046.75,0
2025-08-28T01:00:00Z,1046.75,1047.5,1045.0,1047.0,0
2025-08-28T02:00:00Z,1046.75,1048.0,1045.0,1045.25,0
2025-08-28T03:00:00Z,1045.25,1047.25,1044.5,1046.75,0
2025-08-28T04:00:00Z,1046.5,1047.0,1046.0,1046.25,0
2025-08-28T05:00:00Z,1046.0,1046.5,1045.0,1045.5,0
2025-08-28T06:00:00Z,1045.5,1046.75,1045.25,1046.75,0
2025-08-28T07:00:00Z,1046.5,1048.25,1046.0,1047.0,0
2025-08-28T08:00:00Z,1047.25,1047.25,1044.5,1045.0,0
2025-08-28T09:00:00Z,1045.0,1045.75,1044.25,1045.25,0
2025-08-28T10:00:00Z,1045.5,1047.75,1045.25,1047.0,0
2025-08-28T11:00:00Z,1046.75,1048.75,1046.5,1048.0,0
2025-08-28T12:00:00Z,1047.75,1048.0,1046.75,1047.5,0
2025-08-28T13:00:00Z,1047.0,1047.75,1043.75,1045.75,0
2025-08-28T14:00:00Z,1045.75,1047.5,1043.5,1044.25,0
2025-08-28T15:00:00Z,1044.0,1045.0,1042.5,1043.0,0
2025-08-28T16:00:00Z,1043.0,1044.75,1039.75,1043.75,0
2025-08-28T17:00:00Z,1043.75,1048.5,1043.75,1047.75,0
2025-08-28T18:00:00Z,1047.5,1049.25,1047.0,1048.25,0
2025-08-29T00:00:00Z,1048.25,1052.0,1047.75,1050.0,0
2025-08-29T01:00:00Z,1049.75,1050.5,1048.5,1048.75,0
2025-08-29T02:00:00Z,1049.0,1051.0,1048.75,1049.75,0
2025-08-29T03:00:00Z,1049.75,1050.5,1049.75,1050.0,0
2025-08-29T04:00:00Z,1050.0,1050.0,1049.5,1049.75,0
2025-08-29T05:00:00Z,1049.75,1050.5,1049.0,1050.0,0
2025-08-29T06:00:00Z,1050.25,1050.25,1048.25,1048.5,0
2025-08-29T07:00:00Z,1048.25,1048.75,1047.0,1047.75,0
2025-08-29T08:00:00Z,1047.75,1048.5,1044.5,1045.0,0
2025-08-29T09:00:00Z,1045.0,1045.75,1044.0,1044.0,0
2025-08-29T10:00:00Z,1044.0,1044.5,1042.5,1043.5,0
2025-08-29T11:00:00Z,1043.75,1043.75,1042.5,1043.0,0
2025-08-29T12:00:00Z,1043.25,1045.25,1042.0,1044.75,0
2025-08-29T13:00:00Z,1045.0,1046.75,1043.0,1045.75,0
2025-08-29T14:00:00Z,1046.0,1048.0,1044.75,1047.5,0
2025-08-29T15:00:00Z,1047.25,1049.0,1044.25,1049.0,0
2025-08-29T16:00:00Z,1049.0,1053.0,1046.75,1047.5,0
2025-08-29T17:00:00Z,1047.75,1051.75,1047.75,1051.75,0
2025-08-29T18:00:00Z,1052.0,1055.0,1051.5,1053.0,0
2025-09-02T00:00:00Z,1052.25,1053.0,1046.5,1050.5,0
2025-09-02T01:00:00Z,1050.25,1051.25,1045.75,1046.25,0
2025-09-02T02:00:00Z,1046.25,1046.75,1045.5,1045.5,0
2025-09-02T03:00:00Z,1045.5,1046.5,1045.25,1046.0,0
2025-09-02T04:00:00Z,1046.0,1046.25,1045.25,1045.25,0
2025-09-02T05:00:00Z,1045.5,1047.0,1045.25,1046.25,0
2025-09-02T06:00:00Z,1046.0,1048.0,1046.0,1046.75,0
2025-09-02T07:00:00Z,1046.75,1048.0,1043.5,1044.0,0
2025-09-02T08:00:00Z,1044.0,1047.0,1044.0,1046.25,0
2025-09-02T09:00:00Z,1046.25,1047.5,1045.25,1047.0,0
2025-09-02T10:00:00Z,1047.0,1047.25,1044.5,1045.0,0
2025-09-02T11:00:00Z,1045.0,1045.25,1043.0,1043.0,0
2025-09-02T12:00:00Z,1043.0,1043.0,1040.5,1041.0,0
2025-09-02T13:00:00Z,1040.5,1041.25,1036.5,1039.5,0
2025-09-02T14:00:00Z,1039.25,1041.25,1036.25,1040.5,0
2025-09-02T15:00:00Z,1040.5,1040.75,1038.0,1038.5,0
2025-09-02T16:00:00Z,1038.5,1040.0,1037.5,1039.0,0
2025-09-02T17:00:00Z,1039.0,1040.0,1038.0,1038.75,0
2025-09-02T18:00:00Z,1038.5,1041.75,1038.5,1040.0,0
2025-09-03T00:00:00Z,1043.5,1047.75,1043.5,1044.25,0
2025-09-03T01:00:00Z,1044.5,1044.75,1042.5,1042.5,0
2025-09-03T02:00:00Z,1042.75,1043.0,1041.5,1041.75,0
2025-09-03T03:00:00Z,1041.5,1041.75,1040.5,1040.75,0
2025-09-03T04:00:00Z,1040.75,1041.5,1040.25,1040.75,0
2025-09-03T05:00:00Z,1040.75,1041.25,1040.25,1040.75,0
2025-09-03T06:00:00Z,1040.75,1043.5,1040.5,1042.25,0
2025-09-03T07:00:00Z,1042.0,1044.0,1041.75,1043.75,0
2025-09-03T08:00:00Z,1044.0,1044.5,1043.0,1044.0,0
2025-09-03T09:00:00Z,1044.0,1044.25,1040.75,1041.5,0
2025-09-03T10:00:00Z,1041.25,1041.5,1040.0,1041.0,0
2025-09-03T11:00:00Z,1041.0,1041.5,1037.5,1037.5,0
2025-09-03T12:00:00Z,1037.75,1038.0,1035.25,1037.5,0
2025-09-03T13:00:00Z,1038.0,1039.25,1035.25,1036.0,0
2025-09-03T14:00:00Z,1036.0,1037.75,1033.5,1033.75,0
2025-09-03T15:00:00Z,1033.75,1035.0,1032.5,1033.25,0
2025-09-03T16:00:00Z,1033.5,1033.75,1031.5,1032.5,0
2025-09-03T17:00:00Z,1032.25,1033.25,1030.75,1031.0,0
2025-09-03T18:00:00Z,1031.25,1031.75,1030.75,1031.75,0
2025-09-04T00:00:00Z,1031.5,1031.5,1029.5,1031.5,0
2025-09-04T01:00:00Z,1031.5,1032.5,1031.25,1031.75,0
2025-09-04T02:00:00Z,1031.75,1032.5,1030.5,1031.75,0
2025-09-04T03:00:00Z,1032.0,1032.5,1031.5,1032.0,0
2025-09-04T04:00:00Z,1031.75,1032.25,1031.5,1032.0,0
2025-09-04T05:00:00Z,1032.0,1034.25,1031.75,1033.5,0
2025-09-04T06:00:00Z,1033.25,1033.25,1030.0,1030.25,0
2025-09-04T07:00:00Z,1030.0,1031.5,1030.0,1030.25,0
2025-09-04T08:00:00Z,1030.5,1031.5,1027.75,1028.0,0
2025-09-04T09:00:00Z,1028.0,1028.75,1027.5,1027.75,0
2025-09-04T10:00:00Z,1028.0,1028.5,1026.0,1026.5,0
2025-09-04T11:00:00Z,1026.25,1027.25,1024.25,1024.25,0
2025-09-04T12:00:00Z,1024.5,1026.0,1023.75,1025.5,0
2025-09-04T13:00:00Z,1026.75,1027.25,1024.25,1025.0,0
2025-09-04T14:00:00Z,1025.0,1025.0,1021.5,1024.5,0
2025-09-04T15:00:00Z,1024.5,1027.75,1024.0,1026.75,0
2025-09-04T16:00:00Z,1026.75,1030.0,1026.5,1029.0,0
2025-09-04T17:00:00Z,1028.75,1030.0,1027.75,1029.75,0
2025-09-04T18:00:00Z,1030.0,1034.25,1029.75,1033.25,0
2025-09-05T00:00:00Z,1033.5,1036.25,1031.0,1031.5,0
2025-09-05T01:00:00Z,1031.5,1032.0,1030.75,1031.5,0
2025-09-05T02:00:00Z,1031.5,1032.5,1031.0,1031.75,0
2025-09-05T03:00:00Z,1031.5,1031.75,1030.5,1030.75,0
2025-09-05T04:00:00Z,1031.0,1031.25,1030.25,1030.25,0
2025-09-05T05:00:00Z,1030.5,1031.5,1030.0,1031.5,0
2025-09-05T06:00:00Z,1031.25,1034.0,1031.25,1032.0,0
2025-09-05T07:00:00Z,1032.0,1032.75,1031.25,1032.75,0
2025-09-05T08:00:00Z,1032.5,1036.0,1032.5,1035.75,0
2025-09-05T09:00:00Z,1035.75,1036.75,1034.75,1034.75,0
2025-09-05T10:00:00Z,1034.75,1036.5,1034.0,1036.0,0
2025-09-05T11:00:00Z,1036.0,1036.0,1032.25,1032.75,0
2025-09-05T12:00:00Z,1032.75,1034.75,1032.25,1032.75,0
2025-09-05T13:00:00Z,1033.0,1037.25,1031.75,1034.75,0
2025-09-05T14:00:00Z,1035.0,1035.0,1028.5,1032.5,0
2025-09-05T15:00:00Z,1032.5,1034.5,1032.0,1033.25,0
2025-09-05T16:00:00Z,1033.25,1033.25,1029.0,1030.25,0
2025-09-05T17:00:00Z,1030.25,1031.5,1029.0,1030.0,0
2025-09-05T18:00:00Z,1030.0,1030.5,1025.75,1026.75,0
2025-09-08T00:00:00Z,1027.0,1029.0,1025.5,1029.0,0
2025-09-08T01:00:00Z,1029.0,1031.0,1028.75,1030.75,0
2025-09-08T02:00:00Z,1030.5,1030.75,1027.0,1030.0,0
2025-09-08T03:00:00Z,1029.75,1030.75,1029.0,1029.5,0
2025-09-08T04:00:00Z,1029.25,1029.75,1029.0,1029.5,0
2025-09-08T05:00:00Z,1029.25,1030.0,1029.0,1029.75,0
2025-09-08T06:00:00Z,1029.5,1030.5,1028.25,1030.0,0
2025-09-08T07:00:00Z,1030.0,1030.0,1024.5,1025.75,0
2025-09-08T08:00:00Z,1025.5,1028.0,1025.5,1027.5,0
2025-09-08T09:00:00Z,1027.75,1029.5,1027.75,1029.0,0
2025-09-08T10:00:00Z,1029.0,1030.5,1028.75,1028.75,0
2025-09-08T11:00:00Z,1028.75,1029.0,1026.0,1028.25,0
2025-09-08T12:00:00Z,1028.5,1029.5,1027.5,1028.25,0
2025-09-08T13:00:00Z,1028.75,1029.5,1023.5,1024.5,0
2025-09-08T14:00:00Z,1024.5,1026.0,1023.75,1024.75,0
2025-09-08T15:00:00Z,1024.75,1028.5,1024.5,1027.75,0
2025-09-08T16:00:00Z,1027.75,1032.75,1027.5,1031.75,0
2025-09-08T17:00:00Z,1031.5,1034.75,1031.0,1034.5,0
2025-09-08T18:00:00Z,1034.5,1035.0,1032.75,1034.0,0
2025-09-09T00:00:00Z,1034.0,1035.75,1032.5,1033.5,0
2025-09-09T01:00:00Z,1033.5,1034.75,1031.75,1034.25,0
2025-09-09T02:00:00Z,1034.25,1034.75,1032.5,1032.75,0
2025-09-09T03:00:00Z,1033.0,1033.25,1032.0,1032.25,0
2025-09-09T04:00:00Z,1032.5,1033.0,1032.25,1032.5,0
2025-09-09T05:00:00Z,1032.75,1034.5,1031.75,1031.75,0
2025-09-09T06:00:00Z,1031.75,1032.5,1031.0,1031.25,0
2025-09-09T07:00:00Z,1031.25,1033.25,1031.0,1032.75,0
2025-09-09T08:00:00Z,1032.75,1034.0,1032.0,1033.25,0
2025-09-09T09:00:00Z,1033.25,1034.25,1032.25,1034.0,0
2025-09-09T10:00:00Z,1034.25,1036.0,1034.25,1035.5,0
2025-09-09T11:00:00Z,1035.5,1036.0,1033.0,1033.5,0
2025-09-09T12:00:00Z,1033.5,1033.75,1030.0,1032.0,0
2025-09-09T13:00:00Z,1032.0,1035.5,1029.25,1035.0,0
2025-09-09T14:00:00Z,1035.0,1036.0,1032.0,1035.25,0
2025-09-09T15:00:00Z,1035.25,1036.0,1031.0,1031.5,0
2025-09-09T16:00:00Z,1031.25,1031.5,1029.25,1030.25,0
2025-09-09T17:00:00Z,1030.25,1032.0,1029.75,1031.0,0
2025-09-09T18:00:00Z,1031.25,1032.75,1030.25,1030.5,0
2025-09-10T00:00:00Z,1031.0,1032.0,1027.5,1029.0,0
2025-09-10T01:00:00Z,1029.0,1029.5,1027.25,1028.0,0
2025-09-10T02:00:00Z,1028.0,1028.25,1027.25,1027.5,0
2025-09-10T03:00:00Z,1027.75,1028.5,1027.5,1028.0,0
2025-09-10T04:00:00Z,1027.75,1028.5,1027.75,1028.25,0
2025-09-10T05:00:00Z,1028.0,1028.25,1027.25,1027.25,0
2025-09-10T06:00:00Z,1027.25,1027.75,1026.75,1027.5,0
2025-09-10T07:00:00Z,1027.25,1028.25,1027.0,1028.25,0
2025-09-10T08:00:00Z,1028.25,1028.25,1026.5,1027.25,0
2025-09-10T09:00:00Z,1027.25,1027.5,1026.75,1026.75,0
2025-09-10T10:00:00Z,1026.75,1027.75,1026.75,1027.75,0
2025-09-10T11:00:00Z,1027.75,1029.5,1027.0,1029.25,0
2025-09-10T12:00:00Z,1029.25,1031.75,1029.25,1029.5,0
2025-09-10T13:00:00Z,1029.5,1031.5,1028.5,1028.75,0
2025-09-10T14:00:00Z,1029.0,1030.25,1026.5,1027.5,0
2025-09-10T15:00:00Z,1027.5,1028.5,1025.5,1028.25,0
2025-09-10T16:00:00Z,1028.25,1028.75,1024.75,1025.5,0
2025-09-10T17:00:00Z,1025.25,1025.75,1024.0,1025.0,0
2025-09-10T18:00:00Z,1025.25,1026.0,1024.0,1025.0,0
2025-09-11T00:00:00Z,1024.75,1025.25,1023.0,1024.75,0
2025-09-11T01:00:00Z,1025.0,1025.25,1022.75,1024.0,0
2025-09-11T02:00:00Z,1024.25,1025.75,1024.0,1025.5,0
2025-09-11T03:00:00Z,1025.5,1026.5,1025.25,1026.0,0
2025-09-11T04:00:00Z,1026.0,1026.0,1025.5,1025.75,0
2025-09-11T05:00:00Z,1025.5,1028.0,1025.5,1028.0,0
2025-09-11T06:00:00Z,1027.75,1030.5,1027.5,1030.0,0
2025-09-11T07:00:00Z,1029.75,1030.5,1028.75,1030.25,0
2025-09-11T08:00:00Z,1030.5,1031.0,1029.25,1029.5,0
2025-09-11T09:00:00Z,1029.5,1031.5,1029.5,1030.5,0
2025-09-11T10:00:00Z,1030.75,1030.75,1029.5,1030.5,0
2025-09-11T11:00:00Z,1030.25,1031.5,1030.0,1031.0,0
2025-09-11T12:00:00Z,1030.75,1032.0,1030.25,1031.75,0
2025-09-11T13:00:00Z,1032.0,1033.5,1029.5,1033.0,0
2025-09-11T14:00:00Z,1033.0,1035.5,1030.25,1033.0,0
2025-09-11T15:00:00Z,1033.0,1035.75,1032.0,1035.0,0
2025-09-11T16:00:00Z,1035.25,1035.5,1032.25,1034.25,0
2025-09-11T17:00:00Z,1034.25,1035.5,1033.5,1034.75,0
2025-09-11T18:00:00Z,1034.75,1035.0,1033.25,1034.0,0
2025-09-12T00:00:00Z,1034.5,1035.5,1033.0,1034.5,0
2025-09-12T01:00:00Z,1034.75,1035.75,1034.0,1034.0,0
2025-09-12T02:00:00Z,1034.0,1035.0,1034.0,1034.25,0
2025-09-12T03:00:00Z,1034.5,1034.75,1034.0,1034.25,0
2025-09-12T04:00:00Z,1034.25,1034.75,1034.25,1034.5,0
2025-09-12T05:00:00Z,1034.25,1034.75,1033.75,1033.75,0
2025-09-12T06:00:00Z,1033.75,1034.0,1032.25,1032.25,0
2025-09-12T07:00:00Z,1032.25,1034.0,1031.5,1033.75,0
2025-09-12T08:00:00Z,1034.0,1034.25,1032.0,1032.5,0
2025-09-12T09:00:00Z,1032.75,1033.25,1031.5,1031.5,0
2025-09-12T10:00:00Z,1031.75,1033.5,1031.25,1033.5,0
2025-09-12T11:00:00Z,1033.75,1034.5,1032.75,1033.0,0
2025-09-12T12:00:00Z,1033.0,1034.5,1032.0,1033.0,0
2025-09-12T13:00:00Z,1032.25,1039.25,1032.25,1039.25,0
2025-09-12T14:00:00Z,1039.0,1046.75,1039.0,1042.75,0
2025-09-12T15:00:00Z,1043.0,1044.75,1041.25,1042.25,0
2025-09-12T16:00:00Z,1042.25,1043.75,1028.0,1042.0,0
2025-09-12T17:00:00Z,1042.0,1049.0,1042.0,1045.25,0
2025-09-12T18:00:00Z,1045.5,1047.0,1044.75,1045.25,0
2025-09-15T00:00:00Z,1043.0,1045.5,1041.5,1043.25,0
2025-09-15T01:00:00Z,1043.0,1043.25,1041.25,1042.25,0
2025-09-15T02:00:00Z,1042.25,1043.0,1041.25,1043.0,0
2025-09-15T03:00:00Z,1043.0,1043.75,1042.5,1042.5,0
2025-09-15T04:00:00Z,1042.5,1043.25,1042.5,1043.25,0
2025-09-15T05:00:00Z,1043.0,1043.75,1042.75,1043.5,0
2025-09-15T06:00:00Z,1043.75,1044.0,1042.25,1043.0,0
2025-09-15T07:00:00Z,1043.0,1047.75,1042.75,1046.75,0
2025-09-15T08:00:00Z,1046.75,1046.75,1039.75,1041.25,0
2025-09-15T09:00:00Z,1041.5,1041.75,1040.25,1041.5,0
2025-09-15T10:00:00Z,1041.5,1042.5,1039.75,1041.0,0
2025-09-15T11:00:00Z,1041.25,1041.75,1040.25,1041.0,0
2025-09-15T12:00:00Z,1040.75,1047.25,1040.5,1046.75,0
2025-09-15T13:00:00Z,1046.75,1051.25,1046.75,1048.5,0
2025-09-15T14:00:00Z,1048.75,1050.25,1046.75,1048.5,0
2025-09-15T15:00:00Z,1048.5,1048.75,1043.25,1043.5,0
2025-09-15T16:00:00Z,1043.5,1046.0,1043.0,1044.0,0
2025-09-15T17:00:00Z,1044.0,1045.25,1042.25,1043.25,0
2025-09-15T18:00:00Z,1043.25,1043.75,1041.75,1043.25,0
2025-09-16T00:00:00Z,1043.0,1045.0,1041.75,1044.25,0
2025-09-16T01:00:00Z,1044.5,1046.75,1044.5,1045.75,0
2025-09-16T02:00:00Z,1046.0,1046.0,1042.5,1042.5,0
2025-09-16T03:00:00Z,1042.75,1043.0,1042.25,1042.5,0
2025-09-16T04:00:00Z,1042.5,1042.75,1042.25,1042.75,0
2025-09-16T05:00:00Z,1042.75,1043.0,1042.25,1043.0,0
2025-09-16T06:00:00Z,1043.0,1044.5,1042.75,1043.75,0
2025-09-16T07:00:00Z,1044.0,1045.75,1044.0,1044.5,0
2025-09-16T08:00:00Z,1044.5,1046.0,1044.25,1045.25,0
2025-09-16T09:00:00Z,1045.25,1046.5,1044.75,1046.0,0
2025-09-16T10:00:00Z,1045.75,1048.0,1045.5,1048.0,0
2025-09-16T11:00:00Z,1048.0,1049.25,1047.5,1048.75,0
2025-09-16T12:00:00Z,1048.5,1050.0,1048.25,1048.75,0
2025-09-16T13:00:00Z,1049.0,1052.5,1047.0,1047.75,0
2025-09-16T14:00:00Z,1048.0,1049.25,1046.25,1046.5,0
2025-09-16T15:00:00Z,1046.75,1050.5,1046.0,1050.25,0
2025-09-16T16:00:00Z,1050.5,1050.75,1048.75,1050.0,0
2025-09-16T17:00:00Z,1050.25,1052.25,1049.0,1050.5,0
2025-09-16T18:00:00Z,1050.5,1051.25,1048.25,1049.0,0
2025-09-17T00:00:00Z,1049.25,1052.0,1048.75,1051.25,0
2025-09-17T01:00:00Z,1051.25,1052.0,1047.75,1048.0,0
2025-09-17T02:00:00Z,1048.0,1048.0,1046.25,1047.0,0
2025-09-17T03:00:00Z,1046.75,1047.0,1045.5,1046.25,0
2025-09-17T04:00:00Z,1046.0,1046.25,1045.5,1046.25,0
2025-09-17T05:00:00Z,1046.25,1046.25,1044.0,1044.5,0
2025-09-17T06:00:00Z,1044.5,1046.0,1044.25,1045.5,0
2025-09-17T07:00:00Z,1045.25,1046.0,1043.25,1043.5,0
2025-09-17T08:00:00Z,1043.75,1045.75,1043.25,1045.5,0
2025-09-17T09:00:00Z,1045.5,1046.5,1044.75,1046.0,0
2025-09-17T10:00:00Z,1045.75,1047.0,1045.0,1045.5,0
2025-09-17T11:00:00Z,1045.25,1048.75,1045.0,1048.5,0
2025-09-17T12:00:00Z,1048.25,1052.25,1048.0,1051.0,0
2025-09-17T13:00:00Z,1051.0,1052.75,1048.25,1052.25,0
2025-09-17T14:00:00Z,1052.25,1052.5,1046.75,1047.5,0
2025-09-17T15:00:00Z,1047.5,1048.75,1043.5,1044.0,0
2025-09-17T16:00:00Z,1043.75,1044.5,1043.0,1043.25,0
2025-09-17T17:00:00Z,1043.25,1043.75,1042.0,1042.75,0
2025-09-17T18:00:00Z,1042.75,1044.0,1042.75,1044.0,0
2025-09-18T00:00:00Z,1043.75,1044.5,1041.0,1042.75,0
2025-09-18T01:00:00Z,1042.75,1043.0,1039.75,1042.5,0
2025-09-18T02:00:00Z,1042.5,1042.75,1041.5,1042.0,0
2025-09-18T03:00:00Z,1041.75,1042.25,1041.5,1041.5,0
2025-09-18T04:00:00Z,1041.5,1041.5,1040.5,1040.75,0
2025-09-18T05:00:00Z,1040.5,1040.75,1039.25,1039.25,0
2025-09-18T06:00:00Z,1039.5,1039.75,1038.0,1038.75,0
2025-09-18T07:00:00Z,1039.0,1040.0,1038.25,1039.5,0
2025-09-18T08:00:00Z,1039.5,1041.5,1039.5,1040.75,0
2025-09-18T09:00:00Z,1040.75,1041.25,1039.25,1039.5,0
2025-09-18T10:00:00Z,1039.5,1040.75,1039.25,1040.25,0
2025-09-18T11:00:00Z,1040.25,1041.0,1039.75,1039.75,0
2025-09-18T12:00:00Z,1039.5,1041.5,1039.25,1041.25,0
2025-09-18T13:00:00Z,1041.0,1041.25,1037.0,1040.25,0
2025-09-18T14:00:00Z,1040.0,1043.0,1037.5,1038.5,0
2025-09-18T15:00:00Z,1038.25,1040.25,1036.5,1036.5,0
2025-09-18T16:00:00Z,1036.75,1037.5,1035.25,1037.25,0
2025-09-18T17:00:00Z,1037.0,1037.75,1035.25,1035.75,0
2025-09-18T18:00:00Z,1035.75,1039.0,1035.25,1038.75,0
2025-09-19T00:00:00Z,1038.5,1042.75,1038.5,1042.0,0
2025-09-19T01:00:00Z,1042.0,1043.75,1042.0,1042.25,0
2025-09-19T02:00:00Z,1042.25,1043.5,1042.25,1043.25,0
2025-09-19T03:00:00Z,1043.25,1043.5,1042.5,1043.0,0
2025-09-19T04:00:00Z,1043.0,1043.0,1042.0,1042.25,0
2025-09-19T05:00:00Z,1042.25,1042.75,1041.5,1042.0,0
2025-09-19T06:00:00Z,1042.0,1043.75,1041.75,1043.0,0
2025-09-19T07:00:00Z,1042.75,1044.0,1042.5,1043.5,0
2025-09-19T08:00:00Z,1043.5,1044.0,1042.5,1043.0,0
2025-09-19T09:00:00Z,1043.0,1043.5,1042.0,1042.5,0
2025-09-19T10:00:00Z,1042.5,1042.5,1040.5,1041.0,0
2025-09-19T11:00:00Z,1041.0,1042.5,1040.25,1041.75,0
2025-09-19T12:00:00Z,1041.75,1044.0,1039.75,1040.5,0
2025-09-19T13:00:00Z,1040.5,1040.5,1037.0,1038.75,0
2025-09-19T14:00:00Z,1038.75,1047.75,1034.5,1035.25,0
2025-09-19T15:00:00Z,1035.25,1037.25,1027.5,1027.75,0
2025-09-19T16:00:00Z,1027.75,1029.25,1025.0,1025.5,0
2025-09-19T17:00:00Z,1025.75,1027.25,1024.5,1024.75,0
2025-09-19T18:00:00Z,1024.75,1026.25,1024.0,1026.0,0
2025-09-22T00:00:00Z,1024.25,1025.0,1020.0,1021.5,0
2025-09-22T01:00:00Z,1021.5,1024.25,1021.25,1023.5,0
2025-09-22T02:00:00Z,1023.5,1024.5,1023.0,1024.25,0
2025-09-22T03:00:00Z,1024.25,1024.75,1022.75,1024.25,0
2025-09-22T04:00:00Z,1024.25,1024.25,1023.25,1023.75,0
2025-09-22T05:00:00Z,1023.5,1024.0,1023.0,1023.25,0
2025-09-22T06:00:00Z,1023.25,1024.5,1023.0,1023.75,0
2025-09-22T07:00:00Z,1023.75,1024.25,1022.25,1022.5,0
2025-09-22T08:00:00Z,1022.25,1023.0,1019.5,1020.5,0
2025-09-22T09:00:00Z,1020.5,1020.75,1018.75,1019.5,0
2025-09-22T10:00:00Z,1019.5,1021.5,1019.25,1020.5,0
2025-09-22T11:00:00Z,1020.5,1021.0,1011.5,1012.25,0
2025-09-22T12:00:00Z,1012.5,1014.25,1010.25,1011.25,0
2025-09-22T13:00:00Z,1010.75,1011.25,1006.75,1009.75,0
2025-09-22T14:00:00Z,1009.5,1011.0,1006.25,1010.5,0
2025-09-22T15:00:00Z,1010.5,1012.0,1009.5,1010.5,0
2025-09-22T16:00:00Z,1010.25,1011.5,1009.5,1010.75,0
2025-09-22T17:00:00Z,1011.0,1011.5,1008.5,1010.0,0
2025-09-22T18:00:00Z,1009.75,1012.0,1009.25,1011.25,0
2025-09-23T00:00:00Z,1010.75,1011.0,1005.25,1007.0,0
2025-09-23T01:00:00Z,1007.0,1010.0,1006.25,1007.0,0
2025-09-23T02:00:00Z,1007.0,1007.5,1005.75,1007.5,0
2025-09-23T03:00:00Z,1007.25,1008.25,1005.75,1006.0,0
2025-09-23T04:00:00Z,1006.0,1006.0,1005.25,1005.5,0
2025-09-23T05:00:00Z,1005.5,1007.75,1005.5,1007.5,0
2025-09-23T06:00:00Z,1007.5,1009.25,1006.75,1007.25,0
2025-09-23T07:00:00Z,1007.25,1007.75,1006.0,1006.5,0
2025-09-23T08:00:00Z,1006.75,1006.75,1005.25,1006.75,0
2025-09-23T09:00:00Z,1006.5,1007.25,1005.0,1005.25,0
2025-09-23T10:00:00Z,1005.25,1006.5,1005.0,1006.5,0
2025-09-23T11:00:00Z,1006.5,1007.5,1005.0,1005.25,0
2025-09-23T12:00:00Z,1005.25,1007.5,1005.25,1007.0,0
2025-09-23T13:00:00Z,1006.75,1010.25,1005.25,1009.25,0
2025-09-23T14:00:00Z,1009.25,1015.5,1009.0,1014.5,0
2025-09-23T15:00:00Z,1014.5,1015.0,1011.0,1012.75,0
2025-09-23T16:00:00Z,1012.5,1013.0,1008.75,1009.5,0
2025-09-23T17:00:00Z,1009.25,1012.0,1009.25,1010.5,0
2025-09-23T18:00:00Z,1010.5,1012.75,1010.25,1012.5,0
2025-09-24T00:00:00Z,1011.25,1012.25,1007.5,1008.25,0
2025-09-24T01:00:00Z,1008.5,1009.5,1007.75,1008.75,0
2025-09-24T02:00:00Z,1008.75,1010.75,1008.75,1010.5,0
2025-09-24T03:00:00Z,1010.5,1011.25,1010.0,1011.25,0
2025-09-24T04:00:00Z,1011.0,1011.5,1010.75,1011.25,0
2025-09-24T05:00:00Z,1011.0,1012.5,1010.5,1012.0,0
2025-09-24T06:00:00Z,1012.0,1012.5,1009.25,1009.5,0
2025-09-24T07:00:00Z,1009.5,1011.5,1009.25,1011.0,0
2025-09-24T08:00:00Z,1010.75,1011.0,1007.5,1007.75,0
2025-09-24T09:00:00Z,1008.0,1008.5,1007.25,1007.25,0
2025-09-24T10:00:00Z,1007.25,1008.75,1007.25,1008.0,0
2025-09-24T11:00:00Z,1008.25,1008.75,1005.75,1007.0,0
2025-09-24T12:00:00Z,1006.75,1020.25,1006.0,1016.75,0
2025-09-24T13:00:00Z,1018.0,1020.0,1009.25,1011.0,0
2025-09-24T14:00:00Z,1011.25,1016.0,1010.75,1015.5,0
2025-09-24T15:00:00Z,1015.5,1016.0,1010.0,1010.5,0
2025-09-24T16:00:00Z,1010.5,1010.75,1008.5,1009.5,0
2025-09-24T17:00:00Z,1009.5,1010.75,1009.0,1009.75,0
2025-09-24T18:00:00Z,1009.75,1010.5,1008.25,1008.5,0
2025-09-25T00:00:00Z,1008.5,1011.0,1006.5,1010.75,0
2025-09-25T01:00:00Z,1010.75,1011.0,1009.25,1010.5,0
2025-09-25T02:00:00Z,1010.75,1012.75,1010.75,1012.5,0
2025-09-25T03:00:00Z,1012.5,1012.75,1012.0,1012.25,0
2025-09-25T04:00:00Z,1012.0,1012.25,1011.5,1012.0,0
2025-09-25T05:00:00Z,1012.0,1013.5,1012.0,1013.5,0
2025-09-25T06:00:00Z,1013.5,1014.0,1012.0,1012.25,0
2025-09-25T07:00:00Z,1012.25,1013.5,1011.5,1013.0,0
2025-09-25T08:00:00Z,1013.0,1014.75,1012.75,1014.25,0
2025-09-25T09:00:00Z,1014.25,1015.5,1014.0,1015.25,0
2025-09-25T10:00:00Z,1015.25,1015.75,1014.5,1015.75,0
2025-09-25T11:00:00Z,1015.5,1017.0,1013.75,1013.75,0
2025-09-25T12:00:00Z,1013.5,1016.0,1013.0,1015.0,0
2025-09-25T13:00:00Z,1015.75,1015.75,1012.25,1015.5,0
2025-09-25T14:00:00Z,1015.25,1015.5,1011.5,1014.25,0
2025-09-25T15:00:00Z,1014.25,1014.5,1011.25,1013.25,0
2025-09-25T16:00:00Z,1013.25,1013.5,1008.5,1008.75,0
2025-09-25T17:00:00Z,1009.0,1010.25,1007.75,1010.0,0
2025-09-25T18:00:00Z,1010.0,1012.75,1010.0,1012.0,0
2025-09-26T00:00:00Z,1012.0,1013.0,1011.25,1012.5,0
2025-09-26T01:00:00Z,1012.25,1014.0,1011.0,1011.0,0
2025-09-26T02:00:00Z,1011.0,1011.75,1010.0,1010.75,0
2025-09-26T03:00:00Z,1011.0,1011.5,1010.5,1011.0,0
2025-09-26T04:00:00Z,1011.0,1011.75,1011.0,1011.25,0
2025-09-26T05:00:00Z,1011.25,1011.5,1010.0,1010.75,0
2025-09-26T06:00:00Z,1010.5,1011.75,1008.75,1009.0,0
2025-09-26T07:00:00Z,1009.0,1011.25,1009.0,1009.5,0
2025-09-26T08:00:00Z,1009.25,1012.5,1009.0,1012.5,0
2025-09-26T09:00:00Z,1012.25,1012.25,1010.75,1011.0,0
2025-09-26T10:00:00Z,1011.0,1011.0,1010.0,1010.75,0
2025-09-26T11:00:00Z,1011.0,1012.0,1010.0,1011.0,0
2025-09-26T12:00:00Z,1011.25,1012.25,1010.75,1012.0,0
2025-09-26T13:00:00Z,1011.75,1013.25,1010.5,1011.5,0
2025-09-26T14:00:00Z,1011.5,1015.0,1010.75,1015.0,0
2025-09-26T15:00:00Z,1015.0,1015.75,1011.5,1012.75,0
2025-09-26T16:00:00Z,1013.0,1014.25,1012.25,1013.75,0
2025-09-26T17:00:00Z,1013.75,1013.75,1011.5,1012.25,0
2025-09-26T18:00:00Z,1012.5,1014.5,1012.0,1014.0,0
2025-09-29T00:00:00Z,1011.75,1013.75,1009.25,1012.0,0
2025-09-29T01:00:00Z,1012.0,1012.25,1010.0,1010.5,0
2025-09-29T02:00:00Z,1010.5,1011.75,1010.0,1010.75,0
2025-09-29T03:00:00Z,1010.75,1011.25,1010.25,1010.5,0
2025-09-29T04:00:00Z,1010.5,1011.0,1010.25,1010.75,0
2025-09-29T05:00:00Z,1010.5,1011.0,1010.25,1010.5,0
2025-09-29T06:00:00Z,1010.75,1011.5,1009.5,1010.25,0
2025-09-29T07:00:00Z,1010.25,1011.0,1009.25,1010.75,0
2025-09-29T08:00:00Z,1010.75,1011.25,1010.0,1011.0,0
2025-09-29T09:00:00Z,1011.25,1011.25,1009.5,1009.5,0
2025-09-29T10:00:00Z,1009.75,1010.5,1009.0,1009.5,0
2025-09-29T11:00:00Z,1009.75,1011.25,1009.75,1011.0,0
2025-09-29T12:00:00Z,1011.0,1011.0,1008.5,1008.75,0
2025-09-29T13:00:00Z,1009.25,1010.25,1006.0,1006.75,0
2025-09-29T14:00:00Z,1006.75,1012.0,1006.5,1008.0,0
2025-09-29T15:00:00Z,1008.25,1012.0,1008.0,1011.0,0
2025-09-29T16:00:00Z,1011.0,1011.0,1009.0,1011.0,0
2025-09-29T17:00:00Z,1011.0,1012.0,1009.5,1010.25,0
2025-09-29T18:00:00Z,1010.25,1011.25,1009.0,1009.25,0
2025-09-30T00:00:00Z,1009.25,1009.25,1007.0,1007.25,0
2025-09-30T01:00:00Z,1007.25,1007.75,1007.0,1007.25,0
2025-09-30T02:00:00Z,1007.25,1007.75,1006.75,1006.75,0
2025-09-30T03:00:00Z,1007.0,1007.0,1006.5,1006.75,0
2025-09-30T04:00:00Z,1006.75,1007.0,1006.5,1006.75,0
2025-09-30T05:00:00Z,1006.75,1007.0,1005.5,1005.75,0
2025-09-30T06:00:00Z,1005.75,1007.75,1005.75,1007.75,0
2025-09-30T07:00:00Z,1007.5,1008.0,1006.0,1006.75,0
2025-09-30T08:00:00Z,1006.75,1007.5,1005.75,1006.75,0
2025-09-30T09:00:00Z,1006.5,1007.0,1006.0,1006.75,0
2025-09-30T10:00:00Z,1006.5,1008.0,1006.25,1007.25,0
2025-09-30T11:00:00Z,1007.0,1007.5,1006.25,1007.25,0
2025-09-30T12:00:00Z,1007.25,1008.0,1006.5,1007.0,0
2025-09-30T13:00:00Z,1006.75,1007.0,1004.5,1005.75,0
2025-09-30T14:00:00Z,1005.75,1006.5,1002.5,1002.75,0
2025-09-30T15:00:00Z,1003.0,1005.0,1002.5,1003.75,0
2025-09-30T16:00:00Z,1004.0,1009.0,1000.5,1003.75,0
2025-09-30T17:00:00Z,1003.75,1004.75,1000.5,1001.5,0
2025-09-30T18:00:00Z,1001.75,1002.25,1000.5,1000.75,0
2025-10-01T00:00:00Z,1000.25,1000.5,995.75,995.75,0
2025-10-01T01:00:00Z,995.75,996.25,995.25,995.75,0
2025-10-01T02:00:00Z,995.75,995.75,994.25,995.25,0
2025-10-01T03:00:00Z,995.0,995.25,994.0,994.5,0
2025-10-01T04:00:00Z,994.5,994.75,994.0,994.5,0
2025-10-01T05:00:00Z,994.5,995.0,993.75,994.25,0
2025-10-01T06:00:00Z,994.5,995.25,994.25,995.0,0
2025-10-01T07:00:00Z,995.25,996.75,995.0,995.5,0
2025-10-01T08:00:00Z,995.5,996.25,995.0,996.0,0
2025-10-01T09:00:00Z,995.75,996.25,995.25,995.75,0
2025-10-01T10:00:00Z,995.75,997.0,995.75,996.25,0
2025-10-01T11:00:00Z,996.25,997.25,995.75,996.5,0
2025-10-01T12:00:00Z,996.5,997.5,996.0,996.25,0
2025-10-01T13:00:00Z,996.25,999.75,995.25,998.0,0
2025-10-01T14:00:00Z,998.0,1000.25,996.75,997.75,0
2025-10-01T15:00:00Z,998.0,998.5,996.25,997.25,0
2025-10-01T16:00:00Z,997.25,1000.0,997.0,999.5,0
2025-10-01T17:00:00Z,999.25,1017.25,998.5,1016.25,0
2025-10-01T18:00:00Z,1016.25,1020.0,1010.25,1015.0,0
2025-10-02T00:00:00Z,1013.0,1014.5,1009.5,1009.75,0
2025-10-02T01:00:00Z,1009.5,1010.25,1008.5,1010.25,0
2025-10-02T02:00:00Z,1010.25,1011.5,1010.25,1011.5,0
2025-10-02T03:00:00Z,1011.5,1012.0,1011.25,1011.75,0
2025-10-02T04:00:00Z,1011.5,1012.0,1011.25,1011.75,0
2025-10-02T05:00:00Z,1011.5,1012.0,1011.0,1011.25,0
2025-10-02T06:00:00Z,1011.25,1013.0,1010.75,1012.75,0
2025-10-02T07:00:00Z,1012.75,1014.0,1011.75,1012.5,0
2025-10-02T08:00:00Z,1012.25,1013.75,1011.75,1013.5,0
2025-10-02T09:00:00Z,1013.5,1014.0,1012.25,1012.5,0
2025-10-02T10:00:00Z,1012.5,1014.0,1012.25,1013.5,0
2025-10-02T11:00:00Z,1013.25,1015.0,1008.25,1011.0,0
2025-10-02T12:00:00Z,1011.0,1012.25,1009.5,1011.75,0
2025-10-02T13:00:00Z,1012.25,1014.75,1011.25,1012.75,0
2025-10-02T14:00:00Z,1012.75,1018.75,1011.0,1018.0,0
2025-10-02T15:00:00Z,1018.25,1019.5,1015.5,1016.0,0
2025-10-02T16:00:00Z,1016.0,1019.5,1015.75,1019.25,0
2025-10-02T17:00:00Z,1019.0,1025.5,1019.0,1024.25,0
2025-10-02T18:00:00Z,1024.25,1024.75,1022.0,1022.25,0
2025-10-03T00:00:00Z,1021.0,1023.0,1020.0,1022.0,0
2025-10-03T01:00:00Z,1022.0,1022.75,1021.25,1021.5,0
2025-10-03T02:00:00Z,1021.5,1022.5,1021.5,1022.25,0
2025-10-03T03:00:00Z,1022.25,1022.25,1021.5,1022.0,0
2025-10-03T04:00:00Z,1022.0,1022.25,1021.75,1022.25,0
2025-10-03T05:00:00Z,1022.0,1022.5,1021.25,1021.5,0
2025-10-03T06:00:00Z,1021.25,1023.5,1021.25,1022.5,0
2025-10-03T07:00:00Z,1022.75,1024.0,1022.75,1023.25,0
2025-10-03T08:00:00Z,1023.25,1023.75,1022.0,1023.25,0
2025-10-03T09:00:00Z,1023.5,1024.25,1021.75,1022.0,0
2025-10-03T10:00:00Z,1022.0,1022.75,1020.75,1022.5,0
2025-10-03T11:00:00Z,1022.75,1026.5,1022.5,1026.0,0
2025-10-03T12:00:00Z,1026.0,1026.0,1023.25,1023.5,0
2025-10-03T13:00:00Z,1023.0,1024.25,1018.5,1023.75,0
2025-10-03T14:00:00Z,1023.75,1025.5,1020.75,1025.25,0
2025-10-03T15:00:00Z,1025.0,1028.75,1024.5,1026.75,0
2025-10-03T16:00:00Z,1026.75,1028.0,1025.25,1026.75,0
2025-10-03T17:00:00Z,1026.75,1026.75,1021.25,1022.0,0
2025-10-03T18:00:00Z,1022.25,1022.25,1016.5,1017.0,0
2025-10-06T00:00:00Z,1015.25,1017.0,1014.0,1016.75,0
2025-10-06T01:00:00Z,1016.75,1018.0,1016.0,1017.75,0
2025-10-06T02:00:00Z,1017.75,1018.0,1017.0,1017.5,0
2025-10-06T03:00:00Z,1017.5,1018.0,1017.25,1017.75,0
2025-10-06T04:00:00Z,1017.75,1017.75,1017.5,1017.75,0
2025-10-06T05:00:00Z,1017.75,1017.75,1017.25,1017.5,0
2025-10-06T06:00:00Z,1017.5,1018.5,1017.25,1017.5,0
2025-10-06T07:00:00Z,1017.75,1019.25,1017.25,1017.5,0
2025-10-06T08:00:00Z,1017.25,1019.25,1016.75,1019.0,0
2025-10-06T09:00:00Z,1019.0,1020.5,1019.0,1020.5,0
2025-10-06T10:00:00Z,1020.5,1021.0,1020.0,1020.75,0
2025-10-06T11:00:00Z,1020.75,1023.25,1020.0,1022.0,0
2025-10-06T12:00:00Z,1022.0,1022.25,1019.5,1020.0,0
2025-10-06T13:00:00Z,1018.75,1021.75,1018.0,1021.0,0
2025-10-06T14:00:00Z,1020.75,1021.0,1016.0,1016.0,0
2025-10-06T15:00:00Z,1016.25,1018.25,1015.0,1017.75,0
2025-10-06T16:00:00Z,1018.0,1019.0,1016.5,1017.0,0
2025-10-06T17:00:00Z,1017.0,1019.0,1016.5,1018.0,0
2025-10-06T18:00:00Z,1018.0,1018.5,1017.5,1017.5,0
2025-10-07T00:00:00Z,1017.0,1018.0,1016.0,1017.25,0
2025-10-07T01:00:00Z,1017.25,1018.0,1016.5,1017.75,0
2025-10-07T02:00:00Z,1017.75,1018.25,1017.5,1017.75,0
2025-10-07T03:00:00Z,1017.75,1018.75,1017.75,1018.75,0
2025-10-07T04:00:00Z,1018.5,1019.0,1018.5,1018.5,0
2025-10-07T05:00:00Z,1018.75,1019.0,1018.75,1019.0,0
2025-10-07T06:00:00Z,1019.0,1019.75,1018.5,1019.25,0
2025-10-07T07:00:00Z,1019.25,1020.0,1018.0,1019.5,0
2025-10-07T08:00:00Z,1019.5,1020.0,1019.0,1019.5,0
2025-10-07T09:00:00Z,1019.5,1020.25,1019.0,1020.0,0
2025-10-07T10:00:00Z,1019.75,1020.5,1019.5,1020.25,0
2025-10-07T11:00:00Z,1020.25,1021.5,1020.25,1021.0,0
2025-10-07T12:00:00Z,1021.0,1021.75,1019.75,1021.5,0
2025-10-07T13:00:00Z,1020.5,1025.5,1020.25,1021.0,0
2025-10-07T14:00:00Z,1021.0,1023.5,1020.5,1021.0,0
2025-10-07T15:00:00Z,1021.25,1022.75,1019.0,1019.75,0
2025-10-07T16:00:00Z,1020.0,1024.5,1019.0,1023.25,0
2025-10-07T17:00:00Z,1023.25,1023.5,1021.25,1022.25,0
2025-10-07T18:00:00Z,1022.25,1022.5,1021.0,1021.0,0
2025-10-08T00:00:00Z,1021.25,1021.75,1020.25,1021.25,0
2025-10-08T01:00:00Z,1021.0,1021.75,1021.0,1021.0,0
2025-10-08T02:00:00Z,1020.75,1021.0,1020.0,1021.0,0
2025-10-08T03:00:00Z,1021.0,1022.0,1020.75,1021.25,0
2025-10-08T04:00:00Z,1021.5,1021.75,1021.0,1021.5,0
2025-10-08T05:00:00Z,1021.5,1022.75,1021.5,1022.25,0
2025-10-08T06:00:00Z,1022.25,1022.25,1021.25,1021.75,0
2025-10-08T07:00:00Z,1022.0,1023.25,1021.75,1022.5,0
2025-10-08T08:00:00Z,1022.5,1022.5,1021.0,1021.25,0
2025-10-08T09:00:00Z,1021.25,1023.75,1021.0,1023.0,0
2025-10-08T10:00:00Z,1023.0,1024.25,1023.0,1024.0,0
2025-10-08T11:00:00Z,1024.0,1026.75,1023.75,1026.25,0
2025-10-08T12:00:00Z,1026.0,1027.0,1024.5,1025.5,0
2025-10-08T13:00:00Z,1024.5,1029.0,1024.0,1027.75,0
2025-10-08T14:00:00Z,1027.75,1029.75,1025.0,1025.5,0
2025-10-08T15:00:00Z,1025.75,1029.5,1024.75,1029.0,0
2025-10-08T16:00:00Z,1028.75,1029.5,1027.0,1028.25,0
2025-10-08T17:00:00Z,1028.5,1029.0,1027.25,1028.5,0
2025-10-08T18:00:00Z,1028.25,1030.0,1027.5,1029.75,0
2025-10-09T00:00:00Z,1029.0,1030.0,1028.0,1028.5,0
2025-10-09T01:00:00Z,1028.5,1028.5,1025.5,1025.5,0
2025-10-09T02:00:00Z,1025.5,1026.75,1025.25,1026.0,0
2025-10-09T03:00:00Z,1026.25,1026.75,1026.0,1026.75,0
2025-10-09T04:00:00Z,1026.5,1027.25,1026.5,1027.25,0
2025-10-09T05:00:00Z,1027.25,1027.5,1026.25,1027.25,0
2025-10-09T06:00:00Z,1027.25,1027.5,1026.75,1027.0,0
2025-10-09T07:00:00Z,1027.25,1027.5,1026.25,1027.0,0
2025-10-09T08:00:00Z,1027.0,1027.25,1025.75,1026.25,0
2025-10-09T09:00:00Z,1026.0,1026.25,1025.0,1025.5,0
2025-10-09T10:00:00Z,1025.5,1026.5,1024.5,1025.0,0
2025-10-09T11:00:00Z,1025.0,1025.0,1023.0,1024.75,0
2025-10-09T12:00:00Z,1024.5,1025.25,1023.0,1023.75,0
2025-10-09T13:00:00Z,1023.75,1025.0,1020.75,1023.25,0
2025-10-09T14:00:00Z,1023.25,1027.5,1023.0,1026.75,0
2025-10-09T15:00:00Z,1027.0,1027.5,1024.75,1026.5,0
2025-10-09T16:00:00Z,1026.75,1027.25,1022.0,1022.5,0
2025-10-09T17:00:00Z,1022.25,1025.75,1021.0,1023.75,0
2025-10-09T18:00:00Z,1023.5,1023.75,1021.25,1021.75,0
2025-10-10T00:00:00Z,1021.5,1024.75,1020.5,1023.5,0
2025-10-10T01:00:00Z,1023.5,1024.0,1022.75,1023.5,0
2025-10-10T02:00:00Z,1023.25,1023.25,1022.5,1022.5,0
2025-10-10T03:00:00Z,1022.75,1023.0,1022.0,1023.0,0
2025-10-10T04:00:00Z,1023.25,1023.25,1020.75,1021.0,0
2025-10-10T05:00:00Z,1021.0,1022.0,1020.5,1021.0,0
2025-10-10T06:00:00Z,1021.0,1022.75,1020.5,1021.5,0
2025-10-10T07:00:00Z,1021.75,1021.75,1016.75,1017.0,0
2025-10-10T08:00:00Z,1017.0,1017.5,1016.5,1017.0,0
2025-10-10T09:00:00Z,1017.0,1017.0,1014.5,1014.5,0
2025-10-10T10:00:00Z,1014.5,1015.0,1013.75,1013.75,0
2025-10-10T11:00:00Z,1013.75,1015.25,1011.75,1011.75,0
2025-10-10T12:00:00Z,1012.0,1014.75,1011.25,1013.25,0
2025-10-10T13:00:00Z,1013.5,1015.75,1011.75,1012.75,0
2025-10-10T14:00:00Z,1012.75,1015.75,1008.25,1008.25,0
2025-10-10T15:00:00Z,1008.25,1009.0,1002.5,1003.75,0
2025-10-10T16:00:00Z,1004.0,1008.25,1003.0,1005.5,0
2025-10-10T17:00:00Z,1005.5,1007.25,1004.25,1004.5,0
2025-10-10T18:00:00Z,1004.5,1007.75,1004.25,1007.0,0
2025-10-13T00:00:00Z,1006.0,1011.0,1003.0,1009.75,0
2025-10-13T01:00:00Z,1010.0,1011.5,1009.0,1010.0,0
2025-10-13T02:00:00Z,1010.0,1010.25,1008.75,1009.25,0
2025-10-13T03:00:00Z,1009.25,1009.75,1008.75,1008.75,0
2025-10-13T04:00:00Z,1008.75,1009.0,1008.25,1008.25,0
2025-10-13T05:00:00Z,1008.25,1009.0,1008.0,1008.25,0
2025-10-13T06:00:00Z,1008.25,1010.25,1008.0,1009.5,0
2025-10-13T07:00:00Z,1009.25,1009.75,1008.0,1009.75,0
2025-10-13T08:00:00Z,1009.5,1010.25,1007.75,1009.25,0
2025-10-13T09:00:00Z,1009.25,1009.5,1008.25,1009.25,0
2025-10-13T10:00:00Z,1009.25,1009.5,1007.5,1009.0,0
2025-10-13T11:00:00Z,1009.0,1009.75,1007.25,1008.75,0
2025-10-13T12:00:00Z,1008.5,1010.0,1007.75,1009.5,0
2025-10-13T13:00:00Z,1010.0,1013.0,1008.0,1012.0,0
2025-10-13T14:00:00Z,1011.75,1012.25,1006.0,1008.25,0
2025-10-13T15:00:00Z,1008.5,1008.75,1005.75,1005.75,0
2025-10-13T16:00:00Z,1005.5,1007.5,1005.0,1007.0,0
2025-10-13T17:00:00Z,1007.25,1009.75,1007.0,1007.25,0
2025-10-13T18:00:00Z,1007.5,1008.5,1006.75,1008.25,0
2025-10-14T00:00:00Z,1007.0,1009.75,1006.75,1009.0,0
2025-10-14T01:00:00Z,1009.25,1009.75,1006.5,1007.5,0
2025-10-14T02:00:00Z,1007.5,1009.25,1005.5,1007.75,0
2025-10-14T03:00:00Z,1007.75,1008.0,1006.0,1007.5,0
2025-10-14T04:00:00Z,1007.25,1007.5,1004.5,1005.25,0
2025-10-14T05:00:00Z,1005.0,1005.25,1003.0,1004.0,0
2025-10-14T06:00:00Z,1003.75,1005.25,1003.5,1004.5,0
2025-10-14T07:00:00Z,1004.5,1004.75,1002.25,1003.5,0
2025-10-14T08:00:00Z,1003.75,1004.75,1003.5,1003.75,0
2025-10-14T09:00:00Z,1003.75,1004.75,1003.5,1004.0,0
2025-10-14T10:00:00Z,1003.75,1003.75,1002.0,1003.75,0
2025-10-14T11:00:00Z,1003.5,1004.0,1002.75,1004.0,0
2025-10-14T12:00:00Z,1004.25,1004.25,1002.5,1003.25,0
2025-10-14T13:00:00Z,1003.0,1004.75,1001.0,1004.25,0
2025-10-14T14:00:00Z,1004.25,1005.5,1002.0,1003.25,0
2025-10-14T15:00:00Z,1003.0,1007.25,1001.0,1004.75,0
2025-10-14T16:00:00Z,1005.0,1006.0,1003.75,1004.5,0
2025-10-14T17:00:00Z,1004.5,1007.0,1004.25,1006.0,0
2025-10-14T18:00:00Z,1006.25,1008.0,1005.75,1006.25,0
2025-10-15T00:00:00Z,1006.5,1009.0,1002.0,1005.0,0
2025-10-15T01:00:00Z,1005.0,1007.5,1005.0,1006.75,0
2025-10-15T02:00:00Z,1006.75,1007.75,1005.75,1006.75,0
2025-10-15T03:00:00Z,1006.75,1007.25,1006.25,1006.75,0
2025-10-15T04:00:00Z,1006.75,1007.0,1006.25,1006.5,0
2025-10-15T05:00:00Z,1006.5,1007.75,1006.5,1007.0,0
2025-10-15T06:00:00Z,1006.75,1006.75,1005.5,1006.0,0
2025-10-15T07:00:00Z,1006.25,1008.5,1006.0,1008.0,0
2025-10-15T08:00:00Z,1008.0,1008.25,1006.25,1006.25,0
2025-10-15T09:00:00Z,1006.25,1006.25,1003.5,1004.0,0
2025-10-15T10:00:00Z,1004.0,1004.0,1002.0,1002.5,0
2025-10-15T11:00:00Z,1002.5,1004.75,1002.0,1003.75,0
2025-10-15T12:00:00Z,1003.75,1005.0,1003.5,1004.25,0
2025-10-15T13:00:00Z,1005.0,1007.0,1003.25,1004.5,0
2025-10-15T14:00:00Z,1004.5,1009.75,1004.5,1007.75,0
2025-10-15T15:00:00Z,1007.5,1009.5,1006.75,1007.25,0
2025-10-15T16:00:00Z,1007.25,1011.75,1007.25,1009.5,0
2025-10-15T17:00:00Z,1009.75,1009.75,1006.75,1007.0,0
2025-10-15T18:00:00Z,1007.25,1007.5,1005.75,1007.0,0
2025-10-16T00:00:00Z,1006.25,1009.0,1006.0,1007.5,0
2025-10-16T01:00:00Z,1007.5,1009.5,1007.25,1008.25,0
2025-10-16T02:00:00Z,1008.25,1009.75,1008.25,1008.75,0
2025-10-16T03:00:00Z,1008.75,1010.0,1008.75,1008.75,0
2025-10-16T04:00:00Z,1009.0,1009.25,1008.75,1008.75,0
2025-10-16T05:00:00Z,1009.0,1009.75,1008.0,1009.75,0
2025-10-16T06:00:00Z,1009.75,1010.25,1009.25,1009.25,0
2025-10-16T07:00:00Z,1009.25,1012.0,1009.25,1010.0,0
2025-10-16T08:00:00Z,1009.75,1010.25,1009.0,1010.0,0
2025-10-16T09:00:00Z,1009.75,1010.0,1008.25,1008.75,0
2025-10-16T10:00:00Z,1009.0,1010.0,1009.0,1010.0,0
2025-10-16T11:00:00Z,1010.0,1011.5,1009.5,1010.0,0
2025-10-16T12:00:00Z,1010.0,1011.25,1009.5,1009.75,0
2025-10-16T13:00:00Z,1010.5,1013.75,1010.5,1011.75,0
2025-10-16T14:00:00Z,1012.0,1019.75,1010.25,1017.25,0
2025-10-16T15:00:00Z,1017.0,1017.75,1012.25,1013.0,0
2025-10-16T16:00:00Z,1013.0,1014.25,1010.0,1013.75,0
2025-10-16T17:00:00Z,1014.0,1014.0,1010.5,1010.75,0
2025-10-16T18:00:00Z,1010.75,1011.75,1010.0,1011.75,0
2025-10-17T00:00:00Z,1010.75,1014.25,1010.5,1013.5,0
2025-10-17T01:00:00Z,1013.25,1014.25,1011.5,1011.5,0
2025-10-17T02:00:00Z,1011.5,1013.75,1011.0,1013.25,0
2025-10-17T03:00:00Z,1013.25,1013.25,1012.0,1012.5,0
2025-10-17T04:00:00Z,1012.75,1013.0,1012.5,1013.0,0
2025-10-17T05:00:00Z,1013.0,1013.75,1012.75,1013.0,0
2025-10-17T06:00:00Z,1013.25,1014.0,1010.75,1010.75,0
2025-10-17T07:00:00Z,1010.75,1012.25,1010.5,1012.0,0
2025-10-17T08:00:00Z,1012.0,1014.0,1011.75,1013.5,0
2025-10-17T09:00:00Z,1013.25,1014.5,1013.25,1014.0,0
2025-10-17T10:00:00Z,1014.0,1015.0,1013.25,1013.5,0
2025-10-17T11:00:00Z,1013.75,1016.25,1011.0,1015.75,0
2025-10-17T12:00:00Z,1015.75,1016.75,1014.25,1016.25,0
2025-10-17T13:00:00Z,1016.25,1019.25,1015.25,1017.25,0
2025-10-17T14:00:00Z,1017.25,1018.5,1014.75,1016.25,0
2025-10-17T15:00:00Z,1016.25,1018.5,1016.25,1018.0,0
2025-10-17T16:00:00Z,1018.0,1019.25,1016.0,1018.25,0
2025-10-17T17:00:00Z,1018.5,1020.5,1018.25,1019.5,0
2025-10-17T18:00:00Z,1019.75,1021.5,1019.25,1021.0,0
2025-10-20T00:00:00Z,1037.25,1041.5,1037.0,1040.75,0
2025-10-20T01:00:00Z,1040.5,1041.75,1040.0,1041.75,0
2025-10-20T02:00:00Z,1041.75,1045.75,1041.75,1043.75,0
2025-10-20T03:00:00Z,1043.75,1044.75,1043.0,1044.5,0
2025-10-20T04:00:00Z,1044.5,1044.5,1043.75,1044.0,0
2025-10-20T05:00:00Z,1044.25,1044.75,1043.75,1044.75,0
2025-10-20T06:00:00Z,1044.5,1045.5,1043.75,1044.0,0
2025-10-20T07:00:00Z,1044.0,1044.75,1043.5,1044.75,0
2025-10-20T08:00:00Z,1044.75,1046.75,1044.75,1046.75,0
2025-10-20T09:00:00Z,1046.75,1046.75,1045.0,1045.0,0
2025-10-20T10:00:00Z,1045.0,1050.0,1044.75,1048.75,0
2025-10-20T11:00:00Z,1048.75,1048.75,1045.5,1046.0,0
2025-10-20T12:00:00Z,1046.25,1046.75,1045.0,1046.0,0
2025-10-20T13:00:00Z,1044.75,1046.75,1042.5,1043.75,0
2025-10-20T14:00:00Z,1043.5,1047.0,1043.5,1046.0,0
2025-10-20T15:00:00Z,1046.25,1047.75,1044.75,1046.25,0
2025-10-20T16:00:00Z,1046.25,1050.75,1045.5,1050.0,0
2025-10-20T17:00:00Z,1050.25,1051.5,1049.75,1050.5,0
2025-10-20T18:00:00Z,1050.5,1051.0,1049.5,1050.75,0
2025-10-21T00:00:00Z,1050.0,1053.25,1049.0,1052.75,0
2025-10-21T01:00:00Z,1052.75,1053.75,1052.5,1053.0,0
2025-10-21T02:00:00Z,1053.0,1053.5,1052.25,1052.75,0
2025-10-21T03:00:00Z,1052.5,1053.5,1052.5,1053.0,0
2025-10-21T04:00:00Z,1053.0,1053.0,1052.25,1052.5,0
2025-10-21T05:00:00Z,1052.5,1053.75,1052.0,1052.75,0
2025-10-21T06:00:00Z,1052.5,1053.75,1052.0,1052.0,0
2025-10-21T07:00:00Z,1052.25,1054.25,1052.0,1053.75,0
2025-10-21T08:00:00Z,1053.75,1054.75,1053.5,1054.75,0
2025-10-21T09:00:00Z,1054.75,1055.5,1054.25,1055.0,0
2025-10-21T10:00:00Z,1054.75,1055.0,1053.75,1054.75,0
2025-10-21T11:00:00Z,1055.0,1056.5,1054.25,1054.5,0
2025-10-21T12:00:00Z,1054.5,1054.5,1051.5,1051.75,0
2025-10-21T13:00:00Z,1051.0,1051.75,1046.25,1048.5,0
2025-10-21T14:00:00Z,1048.5,1052.0,1048.5,1051.0,0
2025-10-21T15:00:00Z,1051.25,1051.5,1048.75,1049.5,0
2025-10-21T16:00:00Z,1049.25,1051.25,1046.0,1046.5,0
2025-10-21T17:00:00Z,1046.5,1048.5,1046.25,1046.75,0
2025-10-21T18:00:00Z,1047.0,1048.75,1046.75,1048.5,0
2025-10-22T00:00:00Z,1047.25,1047.75,1045.25,1045.75,0
2025-10-22T01:00:00Z,1045.75,1046.75,1045.0,1045.75,0
2025-10-22T02:00:00Z,1045.75,1050.25,1045.5,1049.75,0
2025-10-22T03:00:00Z,1049.75,1050.75,1049.75,1050.0,0
2025-10-22T04:00:00Z,1050.0,1050.25,1049.75,1049.75,0
2025-10-22T05:00:00Z,1049.75,1050.75,1049.25,1049.25,0
2025-10-22T06:00:00Z,1049.0,1052.0,1049.0,1052.0,0
2025-10-22T07:00:00Z,1052.0,1052.25,1049.75,1051.0,0
2025-10-22T08:00:00Z,1051.25,1051.5,1050.25,1050.75,0
2025-10-22T09:00:00Z,1050.5,1051.0,1048.5,1050.75,0
2025-10-22T10:00:00Z,1050.5,1051.75,1050.5,1051.5,0
2025-10-22T11:00:00Z,1051.0,1052.75,1049.75,1052.5,0
2025-10-22T12:00:00Z,1052.5,1052.75,1051.5,1052.0,0
2025-10-22T13:00:00Z,1052.25,1052.5,1048.25,1048.5,0
2025-10-22T14:00:00Z,1048.75,1052.25,1048.25,1050.75,0
2025-10-22T15:00:00Z,1051.0,1054.25,1050.25,1052.0,0
2025-10-22T16:00:00Z,1052.0,1052.75,1044.5,1050.0,0
2025-10-22T17:00:00Z,1049.75,1050.25,1046.0,1048.25,0
2025-10-22T18:00:00Z,1047.75,1050.75,1047.75,1049.75,0
2025-10-23T00:00:00Z,1050.0,1051.75,1049.75,1051.75,0
2025-10-23T01:00:00Z,1051.5,1052.75,1050.25,1052.75,0
2025-10-23T02:00:00Z,1052.75,1053.0,1051.5,1052.25,0
2025-10-23T03:00:00Z,1052.5,1053.5,1052.0,1052.25,0
2025-10-23T04:00:00Z,1052.25,1052.75,1052.0,1052.25,0
2025-10-23T05:00:00Z,1052.5,1054.0,1052.5,1054.0,0
2025-10-23T06:00:00Z,1053.75,1055.0,1053.5,1054.0,0
2025-10-23T07:00:00Z,1054.0,1054.5,1053.0,1053.25,0
2025-10-23T08:00:00Z,1053.25,1055.0,1053.25,1054.75,0
2025-10-23T09:00:00Z,1054.75,1055.75,1054.25,1055.5,0
2025-10-23T10:00:00Z,1055.75,1056.0,1054.5,1055.25,0
2025-10-23T11:00:00Z,1055.25,1056.0,1054.25,1055.25,0
2025-10-23T12:00:00Z,1055.25,1055.5,1053.5,1054.0,0
2025-10-23T13:00:00Z,1053.5,1058.25,1053.5,1056.5,0
2025-10-23T14:00:00Z,1056.25,1057.5,1053.25,1056.5,0
2025-10-23T15:00:00Z,1056.5,1059.25,1055.5,1058.5,0
2025-10-23T16:00:00Z,1058.75,1060.75,1057.5,1060.5,0
2025-10-23T17:00:00Z,1060.25,1060.75,1058.5,1060.75,0
2025-10-23T18:00:00Z,1060.5,1062.25,1060.25,1061.25,0
2025-10-24T00:00:00Z,1061.5,1063.0,1060.75,1060.75,0
2025-10-24T01:00:00Z,1060.75,1062.5,1060.25,1061.75,0
2025-10-24T02:00:00Z,1061.75,1061.75,1060.25,1061.0,0
2025-10-24T03:00:00Z,1061.0,1061.5,1060.5,1061.0,0
2025-10-24T04:00:00Z,1060.75,1061.0,1060.75,1061.0,0
2025-10-24T05:00:00Z,1061.0,1061.25,1059.75,1059.75,0
2025-10-24T06:00:00Z,1060.0,1060.5,1059.5,1059.75,0
2025-10-24T07:00:00Z,1060.0,1062.5,1059.25,1062.5,0
2025-10-24T08:00:00Z,1062.25,1062.5,1060.5,1060.75,0
2025-10-24T09:00:00Z,1060.75,1060.75,1059.5,1060.0,0
2025-10-24T10:00:00Z,1060.25,1061.75,1060.25,1060.75,0
2025-10-24T11:00:00Z,1061.0,1061.5,1060.0,1060.5,0
2025-10-24T12:00:00Z,1060.75,1061.75,1060.25,1060.5,0
2025-10-24T13:00:00Z,1060.25,1062.25,1058.75,1061.75,0
2025-10-24T14:00:00Z,1061.75,1063.0,1060.5,1062.5,0
2025-10-24T15:00:00Z,1062.5,1062.5,1060.5,1061.25,0
2025-10-24T16:00:00Z,1061.25,1062.0,1060.0,1060.75,0
2025-10-24T17:00:00Z,1060.75,1061.5,1059.5,1060.0,0
2025-10-24T18:00:00Z,1059.75,1060.75,1059.5,1060.5,0
2025-10-27T00:00:00Z,1073.75,1078.75,1070.25,1073.75,0
2025-10-27T01:00:00Z,1073.75,1076.75,1072.25,1075.25,0
2025-10-27T02:00:00Z,1075.25,1078.0,1075.25,1076.5,0
2025-10-27T03:00:00Z,1076.5,1076.5,1074.75,1076.25,0
2025-10-27T04:00:00Z,1076.0,1076.75,1076.0,1076.25,0
2025-10-27T05:00:00Z,1076.0,1078.25,1076.0,1077.75,0
2025-10-27T06:00:00Z,1077.5,1078.25,1076.0,1077.0,0
2025-10-27T07:00:00Z,1077.0,1077.75,1076.25,1077.0,0
2025-10-27T08:00:00Z,1077.0,1077.5,1074.75,1077.25,0
2025-10-27T09:00:00Z,1077.5,1078.0,1076.75,1076.75,0
2025-10-27T10:00:00Z,1076.75,1079.0,1075.75,1078.75,0
2025-10-27T11:00:00Z,1078.75,1083.75,1078.25,1083.5,0
2025-10-27T12:00:00Z,1083.25,1084.75,1080.0,1081.5,0
2025-10-27T13:00:00Z,1080.5,1083.75,1078.75,1082.75,0
2025-10-27T14:00:00Z,1082.75,1084.0,1081.0,1083.25,0
2025-10-27T15:00:00Z,1083.25,1087.25,1083.25,1086.25,0
2025-10-27T16:00:00Z,1086.25,1089.75,1085.5,1087.25,0
2025-10-27T17:00:00Z,1087.25,1090.0,1085.5,1085.75,0
2025-10-27T18:00:00Z,1085.5,1086.25,1083.25,1083.5,0
2025-10-28T00:00:00Z,1084.0,1087.5,1083.0,1087.5,0
2025-10-28T01:00:00Z,1087.5,1090.5,1087.0,1090.5,0
2025-10-28T02:00:00Z,1090.25,1091.25,1089.25,1091.25,0
2025-10-28T03:00:00Z,1091.0,1091.75,1090.5,1091.0,0
2025-10-28T04:00:00Z,1091.0,1092.25,1090.75,1091.75,0
2025-10-28T05:00:00Z,1091.75,1094.0,1090.75,1094.0,0
2025-10-28T06:00:00Z,1094.0,1098.0,1094.0,1096.75,0
2025-10-28T07:00:00Z,1096.75,1097.75,1096.0,1096.5,0
2025-10-28T08:00:00Z,1096.75,1098.0,1095.5,1097.5,0
2025-10-28T09:00:00Z,1097.25,1097.5,1094.25,1096.5,0
2025-10-28T10:00:00Z,1096.5,1097.0,1094.0,1094.0,0
2025-10-28T11:00:00Z,1094.25,1096.25,1093.0,1094.0,0
2025-10-28T12:00:00Z,1094.25,1096.25,1093.5,1095.25,0
2025-10-28T13:00:00Z,1095.25,1098.75,1093.75,1097.25,0
2025-10-28T14:00:00Z,1097.5,1104.0,1097.0,1103.25,0
2025-10-28T15:00:00Z,1103.25,1108.0,1102.0,1106.5,0
2025-10-28T16:00:00Z,1106.25,1107.0,1094.0,1096.25,0
2025-10-28T17:00:00Z,1096.5,1097.25,1088.75,1092.25,0
2025-10-28T18:00:00Z,1092.25,1096.25,1092.0,1093.5,0
2025-10-29T00:00:00Z,1093.0,1093.0,1089.5,1090.0,0
2025-10-29T01:00:00Z,1090.0,1090.5,1088.25,1089.75,0
2025-10-29T02:00:00Z,1090.0,1090.5,1089.0,1089.75,0
2025-10-29T03:00:00Z,1089.75,1090.0,1087.25,1089.75,0
2025-10-29T04:00:00Z,1089.5,1090.25,1089.0,1089.5,0
2025-10-29T05:00:00Z,1089.25,1090.5,1087.0,1088.5,0
2025-10-29T06:00:00Z,1088.5,1090.25,1088.25,1089.75,0
2025-10-29T07:00:00Z,1090.0,1090.0,1088.75,1089.25,0
2025-10-29T08:00:00Z,1089.25,1089.5,1086.5,1087.25,0
2025-10-29T09:00:00Z,1087.25,1092.75,1086.75,1091.75,0
2025-10-29T10:00:00Z,1091.75,1091.75,1088.5,1089.25,0
2025-10-29T11:00:00Z,1089.0,1091.25,1088.75,1090.5,0
2025-10-29T12:00:00Z,1090.5,1091.25,1085.25,1086.0,0
2025-10-29T13:00:00Z,1086.0,1092.75,1086.0,1091.75,0
2025-10-29T14:00:00Z,1092.0,1096.5,1090.25,1090.75,0
2025-10-29T15:00:00Z,1091.0,1096.75,1090.25,1095.75,0
2025-10-29T16:00:00Z,1096.0,1097.0,1093.5,1094.75,0
2025-10-29T17:00:00Z,1094.5,1098.0,1091.5,1092.5,0
2025-10-29T18:00:00Z,1092.5,1094.75,1090.25,1093.25,0
2025-10-30T00:00:00Z,1092.25,1099.0,1091.25,1098.25,0
2025-10-30T01:00:00Z,1098.25,1099.5,1095.75,1097.75,0
2025-10-30T02:00:00Z,1097.75,1104.5,1097.0,1100.25,0
2025-10-30T03:00:00Z,1100.25,1105.5,1096.25,1097.25,0
2025-10-30T04:00:00Z,1097.5,1104.0,1070.5,1076.25,0
2025-10-30T05:00:00Z,1076.25,1084.75,1074.5,1080.5,0
2025-10-30T06:00:00Z,1080.0,1083.5,1079.25,1082.25,0
2025-10-30T07:00:00Z,1082.0,1085.0,1078.0,1079.25,0
2025-10-30T08:00:00Z,1079.5,1083.75,1077.0,1082.5,0
2025-10-30T09:00:00Z,1082.25,1082.5,1073.0,1076.5,0
2025-10-30T10:00:00Z,1076.75,1077.5,1073.25,1076.25,0
2025-10-30T11:00:00Z,1076.0,1107.0,1074.75,1101.0,0
2025-10-30T12:00:00Z,1101.25,1114.5,1100.0,1109.5,0
2025-10-30T13:00:00Z,1107.0,1108.5,1094.25,1094.75,0
2025-10-30T14:00:00Z,1094.75,1101.0,1091.25,1099.5,0
2025-10-30T15:00:00Z,1099.25,1107.0,1098.0,1105.25,0
2025-10-30T16:00:00Z,1105.25,1108.75,1104.25,1107.75,0
2025-10-30T17:00:00Z,1107.75,1111.5,1106.5,1107.0,0
2025-10-30T18:00:00Z,1107.25,1108.25,1104.75,1107.0,0
2025-10-31T00:00:00Z,1106.5,1108.25,1104.5,1105.0,0
2025-10-31T01:00:00Z,1105.25,1110.0,1104.75,1110.0,0
2025-10-31T02:00:00Z,1109.75,1112.5,1109.25,1112.5,0
2025-10-31T03:00:00Z,1112.25,1112.75,1110.75,1112.0,0
2025-10-31T04:00:00Z,1111.75,1112.5,1111.5,1112.0,0
2025-10-31T05:00:00Z,1111.75,1112.0,1108.25,1109.5,0
2025-10-31T06:00:00Z,1109.5,1111.25,1109.0,1109.25,0
2025-10-31T07:00:00Z,1109.25,1111.25,1107.5,1109.5,0
2025-10-31T08:00:00Z,1109.5,1109.5,1105.25,1106.75,0
2025-10-31T09:00:00Z,1106.5,1108.0,1106.0,1107.25,0
2025-10-31T10:00:00Z,1107.0,1108.25,1105.75,1106.25,0
2025-10-31T11:00:00Z,1106.25,1106.75,1101.0,1101.75,0
2025-10-31T12:00:00Z,1101.75,1105.0,1101.25,1104.25,0
2025-10-31T13:00:00Z,1103.5,1109.5,1103.25,1109.5,0
2025-10-31T14:00:00Z,1109.25,1111.75,1102.5,1104.25,0
2025-10-31T15:00:00Z,1104.0,1110.0,1103.5,1108.5,0
2025-10-31T16:00:00Z,1108.5,1112.75,1107.25,1112.5,0
2025-10-31T17:00:00Z,1112.5,1113.5,1109.75,1112.75,0
2025-10-31T18:00:00Z,1113.0,1115.75,1111.25,1115.0,0
2025-11-03T01:00:00Z,1114.0,1125.75,1114.0,1124.25,0
2025-11-03T02:00:00Z,1124.0,1128.75,1123.25,1126.0,0
2025-11-03T03:00:00Z,1125.5,1126.75,1125.0,1125.75,0
2025-11-03T04:00:00Z,1125.75,1127.0,1125.5,1127.0,0
2025-11-03T05:00:00Z,1127.0,1127.5,1125.25,1125.75,0
2025-11-03T06:00:00Z,1125.75,1125.75,1121.0,1121.25,0
2025-11-03T07:00:00Z,1121.25,1123.25,1121.0,1121.75,0
2025-11-03T08:00:00Z,1121.75,1122.75,1120.25,1122.0,0
2025-11-03T09:00:00Z,1121.75,1122.0,1120.0,1120.5,0
2025-11-03T10:00:00Z,1120.25,1124.0,1120.0,1121.25,0
2025-11-03T11:00:00Z,1121.5,1121.5,1119.25,1120.0,0
2025-11-03T12:00:00Z,1120.0,1121.0,1118.25,1118.25,0
2025-11-03T13:00:00Z,1118.25,1120.75,1118.0,1119.5,0
2025-11-03T14:00:00Z,1119.5,1123.75,1116.75,1120.75,0
2025-11-03T15:00:00Z,1121.0,1124.25,1114.5,1122.75,0
2025-11-03T16:00:00Z,1122.75,1127.0,1121.5,1126.75,0
2025-11-03T17:00:00Z,1126.75,1132.75,1126.25,1132.5,0
2025-11-03T18:00:00Z,1132.5,1135.0,1131.75,1133.75,0
2025-11-03T19:00:00Z,1134.0,1135.75,1132.25,1134.5,0
2025-11-04T01:00:00Z,1133.25,1135.0,1131.25,1133.0,0
2025-11-04T02:00:00Z,1133.25,1133.5,1131.5,1132.0,0
2025-11-04T03:00:00Z,1132.0,1132.25,1129.5,1130.75,0
2025-11-04T04:00:00Z,1130.5,1131.25,1130.25,1130.75,0
2025-11-04T05:00:00Z,1130.75,1131.75,1128.0,1128.25,0
2025-11-04T06:00:00Z,1128.5,1128.75,1124.75,1125.5,0
2025-11-04T07:00:00Z,1125.25,1127.75,1124.75,1127.5,0
2025-11-04T08:00:00Z,1127.5,1129.25,1126.25,1129.25,0
2025-11-04T09:00:00Z,1129.25,1130.0,1127.5,1128.5,0
2025-11-04T10:00:00Z,1128.25,1128.75,1127.0,1127.25,0
2025-11-04T11:00:00Z,1127.0,1128.0,1121.25,1122.5,0
2025-11-04T12:00:00Z,1122.5,1124.0,1119.0,1120.0,0
2025-11-04T13:00:00Z,1120.0,1121.0,1116.5,1117.0,0
2025-11-04T14:00:00Z,1117.0,1120.75,1115.5,1119.75,0
2025-11-04T15:00:00Z,1119.5,1120.0,1112.5,1116.25,0
2025-11-04T16:00:00Z,1116.5,1118.25,1112.5,1117.0,0
2025-11-04T17:00:00Z,1117.25,1120.0,1117.0,1117.5,0
2025-11-04T18:00:00Z,1117.25,1120.5,1115.25,1120.25,0
2025-11-04T19:00:00Z,1120.0,1121.75,1120.0,1120.25,0
2025-11-05T01:00:00Z,1120.0,1121.25,1116.25,1120.0,0
2025-11-05T02:00:00Z,1120.0,1121.5,1118.5,1120.5,0
2025-11-05T03:00:00Z,1120.5,1129.0,1120.5,1129.0,0
2025-11-05T04:00:00Z,1129.0,1130.75,1126.75,1127.25,0
2025-11-05T05:00:00Z,1127.25,1129.5,1127.0,1128.25,0
2025-11-05T06:00:00Z,1128.0,1129.75,1127.25,1129.0,0
2025-11-05T07:00:00Z,1129.0,1131.75,1128.5,1131.0,0
2025-11-05T08:00:00Z,1131.0,1132.0,1130.0,1130.0,0
2025-11-05T09:00:00Z,1130.0,1133.25,1129.75,1132.75,0
2025-11-05T10:00:00Z,1132.75,1134.0,1130.5,1130.75,0
2025-11-05T11:00:00Z,1130.75,1132.0,1127.25,1127.75,0
2025-11-05T12:00:00Z,1127.75,1130.0,1126.25,1128.25,0
2025-11-05T13:00:00Z,1128.25,1128.25,1123.5,1124.75,0
2025-11-05T14:00:00Z,1124.5,1129.25,1122.5,1127.0,0
2025-11-05T15:00:00Z,1127.0,1133.0,1125.5,1132.0,0
2025-11-05T16:00:00Z,1132.0,1132.5,1129.25,1131.5,0
2025-11-05T17:00:00Z,1131.25,1134.5,1129.5,1130.25,0
2025-11-05T18:00:00Z,1130.0,1133.5,1128.5,1133.5,0
2025-11-05T19:00:00Z,1133.25,1137.0,1133.25,1134.5,0
2025-11-06T01:00:00Z,1132.75,1133.25,1122.0,1123.25,0
2025-11-06T02:00:00Z,1123.0,1123.75,1122.0,1122.5,0
2025-11-06T03:00:00Z,1122.5,1124.0,1122.0,1123.0,0
2025-11-06T04:00:00Z,1123.25,1124.5,1122.25,1123.25,0
2025-11-06T05:00:00Z,1123.25,1123.75,1122.5,1123.25,0
2025-11-06T06:00:00Z,1123.25,1125.0,1122.75,1124.5,0
2025-11-06T07:00:00Z,1124.5,1124.75,1120.0,1121.5,0
2025-11-06T08:00:00Z,1121.5,1125.0,1121.0,1124.0,0
2025-11-06T09:00:00Z,1124.0,1124.75,1122.75,1123.0,0
2025-11-06T10:00:00Z,1123.25,1125.0,1123.25,1124.75,0
2025-11-06T11:00:00Z,1124.75,1126.75,1124.0,1124.75,0
2025-11-06T12:00:00Z,1124.75,1125.25,1122.25,1124.25,0
2025-11-06T13:00:00Z,1124.5,1125.75,1122.5,1122.75,0
2025-11-06T14:00:00Z,1122.5,1123.75,1117.5,1119.5,0
2025-11-06T15:00:00Z,1119.5,1119.75,1108.75,1109.0,0
2025-11-06T16:00:00Z,1109.0,1109.5,1103.5,1106.25,0
2025-11-06T17:00:00Z,1106.5,1109.75,1106.5,1109.25,0
2025-11-06T18:00:00Z,1109.5,1111.0,1106.75,1107.75,0
2025-11-06T19:00:00Z,1107.5,1109.0,1106.25,1108.0,0
2025-11-07T01:00:00Z,1108.0,1114.5,1108.0,1111.5,0
2025-11-07T02:00:00Z,1111.75,1114.0,1111.25,1113.75,0
2025-11-07T03:00:00Z,1113.5,1115.25,1112.0,1112.0,0
2025-11-07T04:00:00Z,1111.75,1113.25,1111.25,1113.0,0
2025-11-07T05:00:00Z,1112.75,1114.0,1112.5,1113.75,0
2025-11-07T06:00:00Z,1113.75,1116.0,1113.75,1114.25,0
2025-11-07T07:00:00Z,1114.25,1115.0,1112.0,1113.0,0
2025-11-07T08:00:00Z,1113.0,1113.75,1111.75,1112.5,0
2025-11-07T09:00:00Z,1112.5,1113.5,1111.5,1113.0,0
2025-11-07T10:00:00Z,1113.0,1113.25,1110.25,1110.5,0
2025-11-07T11:00:00Z,1110.5,1113.75,1110.25,1113.75,0
2025-11-07T12:00:00Z,1113.5,1116.75,1112.25,1114.5,0
2025-11-07T13:00:00Z,1114.5,1114.75,1110.5,1114.0,0
2025-11-07T14:00:00Z,1114.0,1118.25,1113.5,1116.25,0
2025-11-07T15:00:00Z,1116.25,1117.75,1113.75,1114.5,0
2025-11-07T16:00:00Z,1114.25,1117.75,1112.75,1117.5,0
2025-11-07T17:00:00Z,1117.5,1117.5,1112.75,1115.5,0
2025-11-07T18:00:00Z,1115.75,1117.75,1114.0,1117.0,0
2025-11-07T19:00:00Z,1117.25,1117.5,1116.0,1117.25,0
2025-11-10T01:00:00Z,1119.0,1124.0,1118.5,1121.25,0
2025-11-10T02:00:00Z,1121.5,1125.0,1119.75,1120.75,0
2025-11-10T03:00:00Z,1120.75,1122.0,1120.25,1121.5,0
2025-11-10T04:00:00Z,1121.75,1122.25,1121.25,1122.0,0
2025-11-10T05:00:00Z,1122.0,1123.5,1121.5,1123.25,0
2025-11-10T06:00:00Z,1123.25,1123.5,1122.5,1123.0,0
2025-11-10T07:00:00Z,1123.25,1127.5,1123.0,1125.75,0
2025-11-10T08:00:00Z,1125.75,1127.0,1125.5,1126.5,0
2025-11-10T09:00:00Z,1126.25,1127.25,1126.0,1126.25,0
2025-11-10T10:00:00Z,1126.25,1126.25,1121.75,1122.25,0
2025-11-10T11:00:00Z,1122.25,1124.0,1122.25,1123.5,0
2025-11-10T12:00:00Z,1123.75,1125.25,1122.25,1122.5,0
2025-11-10T13:00:00Z,1122.75,1125.0,1122.25,1124.5,0
2025-11-10T14:00:00Z,1123.25,1126.25,1122.0,1122.5,0
2025-11-10T15:00:00Z,1122.25,1127.0,1122.0,1126.75,0
2025-11-10T16:00:00Z,1126.5,1129.0,1122.75,1128.0,0
2025-11-10T17:00:00Z,1128.0,1129.75,1125.0,1128.75,0
2025-11-10T18:00:00Z,1128.75,1132.0,1126.5,1128.75,0
2025-11-10T19:00:00Z,1128.75,1130.75,1127.25,1127.5,0
2025-11-11T01:00:00Z,1128.0,1128.75,1124.75,1126.75,0
2025-11-11T02:00:00Z,1126.5,1129.0,1126.5,1127.5,0
2025-11-11T03:00:00Z,1127.5,1129.5,1127.5,1128.25,0
2025-11-11T04:00:00Z,1128.25,1129.0,1127.75,1129.0,0
2025-11-11T05:00:00Z,1129.0,1129.0,1127.75,1128.25,0
2025-11-11T06:00:00Z,1127.75,1128.25,1126.5,1128.25,0
2025-11-11T07:00:00Z,1128.25,1129.25,1127.75,1128.25,0
2025-11-11T08:00:00Z,1128.5,1128.75,1126.0,1127.5,0
2025-11-11T09:00:00Z,1127.5,1130.25,1127.5,1129.25,0
2025-11-11T10:00:00Z,1129.0,1129.75,1126.0,1126.75,0
2025-11-11T11:00:00Z,1126.75,1127.0,1126.25,1127.0,0
2025-11-11T12:00:00Z,1126.75,1127.0,1122.0,1122.75,0
2025-11-11T13:00:00Z,1122.75,1125.5,1122.25,1123.5,0
2025-11-11T14:00:00Z,1123.5,1127.5,1119.25,1126.5,0
2025-11-11T15:00:00Z,1126.5,1129.0,1126.0,1128.5,0
2025-11-11T16:00:00Z,1128.5,1128.75,1126.0,1127.5,0
2025-11-11T17:00:00Z,1127.5,1130.25,1127.0,1129.0,0
2025-11-11T18:00:00Z,1129.0,1129.75,1127.25,1128.0,0
2025-11-11T19:00:00Z,1128.0,1128.25,1126.0,1126.75,0
2025-11-12T01:00:00Z,1126.5,1131.75,1126.0,1131.0,0
2025-11-12T02:00:00Z,1130.75,1133.75,1130.5,1132.75,0
2025-11-12T03:00:00Z,1132.75,1134.5,1132.5,1132.5,0
2025-11-12T04:00:00Z,1132.75,1133.5,1132.0,1133.0,0
2025-11-12T05:00:00Z,1132.75,1133.5,1132.0,1132.25,0
2025-11-12T06:00:00Z,1132.25,1134.25,1132.25,1133.0,0
2025-11-12T07:00:00Z,1133.0,1133.5,1132.25,1132.5,0
2025-11-12T08:00:00Z,1132.75,1134.25,1132.5,1133.5,0
2025-11-12T09:00:00Z,1133.25,1133.5,1132.0,1132.25,0
2025-11-12T10:00:00Z,1132.25,1133.25,1131.75,1132.0,0
2025-11-12T11:00:00Z,1132.0,1132.75,1129.5,1130.0,0
2025-11-12T12:00:00Z,1129.75,1130.25,1125.5,1128.25,0
2025-11-12T13:00:00Z,1128.0,1130.5,1125.75,1126.75,0
2025-11-12T14:00:00Z,1125.5,1126.5,1122.0,1123.25,0
2025-11-12T15:00:00Z,1123.25,1126.75,1122.5,1126.0,0
2025-11-12T16:00:00Z,1126.0,1129.5,1125.25,1129.0,0
2025-11-12T17:00:00Z,1129.25,1131.25,1128.25,1130.5,0
2025-11-12T18:00:00Z,1130.5,1134.0,1130.25,1132.75,0
2025-11-12T19:00:00Z,1132.75,1134.5,1132.5,1134.0,0
2025-11-13T01:00:00Z,1133.0,1133.75,1129.75,1132.0,0
2025-11-13T02:00:00Z,1132.0,1138.75,1132.0,1138.5,0
2025-11-13T03:00:00Z,1138.25,1139.0,1137.0,1137.5,0
2025-11-13T04:00:00Z,1137.5,1137.75,1136.75,1137.5,0
2025-11-13T05:00:00Z,1137.5,1142.25,1137.5,1141.0,0
2025-11-13T06:00:00Z,1141.0,1142.0,1139.5,1141.5,0
2025-11-13T07:00:00Z,1141.5,1141.5,1139.25,1140.5,0
2025-11-13T08:00:00Z,1140.5,1141.5,1139.25,1140.0,0
2025-11-13T09:00:00Z,1139.75,1140.75,1134.5,1136.0,0
2025-11-13T10:00:00Z,1135.75,1139.25,1135.75,1138.25,0
2025-11-13T11:00:00Z,1138.25,1138.5,1136.0,1137.25,0
2025-11-13T12:00:00Z,1137.25,1139.5,1136.5,1139.0,0
2025-11-13T13:00:00Z,1138.75,1142.75,1138.0,1141.5,0
2025-11-13T14:00:00Z,1140.5,1144.75,1139.5,1144.0,0
2025-11-13T15:00:00Z,1144.0,1148.75,1143.75,1147.0,0
2025-11-13T16:00:00Z,1147.0,1147.75,1143.5,1146.25,0
2025-11-13T17:00:00Z,1146.0,1150.5,1144.75,1148.5,0
2025-11-13T18:00:00Z,1148.5,1148.75,1143.0,1145.25,0
2025-11-13T19:00:00Z,1145.25,1147.5,1144.25,1146.0,0
2025-11-14T01:00:00Z,1145.25,1145.75,1142.25,1145.0,0
2025-11-14T02:00:00Z,1144.75,1147.5,1144.25,1147.25,0
2025-11-14T03:00:00Z,1147.0,1149.0,1146.25,1148.75,0
2025-11-14T04:00:00Z,1148.75,1149.25,1147.75,1149.0,0
2025-11-14T05:00:00Z,1148.75,1150.5,1148.75,1150.25,0
2025-11-14T06:00:00Z,1150.25,1150.75,1150.0,1150.0,0
2025-11-14T07:00:00Z,1150.25,1150.75,1149.5,1150.0,0
2025-11-14T08:00:00Z,1150.25,1151.25,1149.5,1150.25,0
2025-11-14T09:00:00Z,1150.25,1151.0,1149.75,1150.0,0
2025-11-14T10:00:00Z,1150.0,1150.0,1148.25,1148.25,0
2025-11-14T11:00:00Z,1148.25,1150.75,1147.0,1150.0,0
2025-11-14T12:00:00Z,1150.0,1152.25,1148.5,1151.5,0
2025-11-14T13:00:00Z,1151.5,1152.0,1147.5,1148.5,0
2025-11-14T14:00:00Z,1148.0,1150.0,1145.25,1146.5,0
2025-11-14T15:00:00Z,1146.5,1149.0,1145.25,1147.25,0
2025-11-14T16:00:00Z,1147.25,1148.5,1144.0,1145.0,0
2025-11-14T17:00:00Z,1144.75,1150.75,1126.5,1128.5,0
2025-11-14T18:00:00Z,1128.5,1130.5,1123.25,1128.25,0
2025-11-14T19:00:00Z,1128.0,1129.25,1122.5,1122.5,0
2025-11-17T01:00:00Z,1120.0,1126.0,1114.25,1125.25,0
2025-11-17T02:00:00Z,1125.0,1126.5,1123.5,1126.0,0
2025-11-17T03:00:00Z,1126.0,1127.0,1125.5,1125.75,0
2025-11-17T04:00:00Z,1126.0,1127.0,1125.75,1127.0,0
2025-11-17T05:00:00Z,1127.0,1128.25,1126.5,1127.5,0
2025-11-17T06:00:00Z,1127.5,1129.75,1127.5,1129.5,0
2025-11-17T07:00:00Z,1129.5,1129.75,1128.75,1129.0,0
2025-11-17T08:00:00Z,1129.25,1130.0,1129.0,1129.25,0
2025-11-17T09:00:00Z,1129.25,1130.5,1129.0,1129.75,0
2025-11-17T10:00:00Z,1129.75,1131.75,1129.5,1131.75,0
2025-11-17T11:00:00Z,1131.75,1136.5,1131.75,1135.0,0
2025-11-17T12:00:00Z,1135.25,1136.5,1133.0,1133.75,0
2025-11-17T13:00:00Z,1133.75,1138.5,1133.25,1137.75,0
2025-11-17T14:00:00Z,1137.75,1145.75,1137.75,1144.0,0
2025-11-17T15:00:00Z,1144.25,1149.0,1140.75,1145.75,0
2025-11-17T16:00:00Z,1145.75,1155.75,1145.75,1155.25,0
2025-11-17T17:00:00Z,1155.5,1157.5,1152.75,1153.25,0
2025-11-17T18:00:00Z,1153.25,1160.25,1151.5,1157.25,0
2025-11-17T19:00:00Z,1157.5,1158.0,1155.0,1157.5,0
2025-11-18T01:00:00Z,1155.5,1160.5,1151.25,1152.25,0
2025-11-18T02:00:00Z,1152.25,1154.0,1152.0,1153.75,0
2025-11-18T03:00:00Z,1153.5,1155.5,1153.0,1154.75,0
2025-11-18T04:00:00Z,1154.75,1155.0,1152.75,1153.75,0
2025-11-18T05:00:00Z,1153.75,1156.0,1153.5,1155.0,0
2025-11-18T06:00:00Z,1155.0,1155.75,1153.25,1153.25,0
2025-11-18T07:00:00Z,1153.25,1156.5,1152.75,1155.75,0
2025-11-18T08:00:00Z,1155.75,1159.25,1155.75,1158.75,0
2025-11-18T09:00:00Z,1158.5,1158.5,1154.25,1154.75,0
2025-11-18T10:00:00Z,1154.5,1160.0,1154.25,1158.5,0
2025-11-18T11:00:00Z,1158.5,1161.25,1158.0,1160.25,0
2025-11-18T12:00:00Z,1160.0,1166.0,1158.0,1165.75,0
2025-11-18T13:00:00Z,1165.75,1169.5,1157.5,1157.5,0
2025-11-18T14:00:00Z,1157.0,1158.0,1147.75,1151.75,0
2025-11-18T15:00:00Z,1151.75,1156.75,1148.25,1154.0,0
2025-11-18T16:00:00Z,1153.75,1159.25,1153.75,1159.25,0
2025-11-18T17:00:00Z,1159.0,1160.0,1154.5,1156.75,0
2025-11-18T18:00:00Z,1156.75,1158.25,1153.25,1154.25,0
2025-11-18T19:00:00Z,1154.0,1154.25,1150.5,1150.5,0
2025-11-19T01:00:00Z,1152.25,1152.5,1147.75,1148.75,0
2025-11-19T02:00:00Z,1148.75,1151.5,1148.5,1150.25,0
2025-11-19T03:00:00Z,1150.25,1150.75,1148.75,1148.75,0
2025-11-19T04:00:00Z,1149.0,1150.5,1149.0,1150.25,0
2025-11-19T05:00:00Z,1150.25,1150.25,1149.0,1149.5,0
2025-11-19T06:00:00Z,1149.5,1150.25,1148.75,1149.0,0
2025-11-19T07:00:00Z,1149.0,1149.25,1142.0,1143.0,0
2025-11-19T08:00:00Z,1143.0,1143.75,1141.25,1143.0,0
2025-11-19T09:00:00Z,1143.25,1147.5,1143.0,1146.5,0
2025-11-19T10:00:00Z,1146.5,1148.75,1146.0,1147.25,0
2025-11-19T11:00:00Z,1147.25,1148.5,1145.0,1147.0,0
2025-11-19T12:00:00Z,1147.0,1147.0,1144.0,1145.25,0
2025-11-19T13:00:00Z,1145.25,1146.75,1142.5,1144.25,0
2025-11-19T14:00:00Z,1144.25,1144.5,1139.75,1140.5,0
2025-11-19T15:00:00Z,1140.5,1144.5,1138.5,1138.5,0
2025-11-19T16:00:00Z,1138.5,1143.0,1138.5,1141.0,0
2025-11-19T17:00:00Z,1141.0,1141.25,1135.25,1138.25,0
2025-11-19T18:00:00Z,1138.0,1138.75,1136.0,1137.25,0
2025-11-19T19:00:00Z,1137.25,1137.5,1135.0,1135.25,0
2025-11-20T01:00:00Z,1135.5,1137.75,1133.75,1135.25,0
2025-11-20T02:00:00Z,1135.0,1135.5,1133.75,1134.75,0
2025-11-20T03:00:00Z,1134.5,1136.0,1131.25,1131.5,0
2025-11-20T04:00:00Z,1131.75,1132.75,1131.5,1132.75,0
2025-11-20T05:00:00Z,1132.75,1133.25,1131.5,1132.25,0
2025-11-20T06:00:00Z,1132.0,1133.75,1130.75,1133.0,0
2025-11-20T07:00:00Z,1132.75,1137.75,1132.25,1137.25,0
2025-11-20T08:00:00Z,1137.25,1138.75,1137.0,1138.5,0
2025-11-20T09:00:00Z,1138.5,1138.75,1136.5,1137.75,0
2025-11-20T10:00:00Z,1138.0,1139.0,1136.75,1137.5,0
2025-11-20T11:00:00Z,1137.75,1137.75,1135.0,1136.0,0
2025-11-20T12:00:00Z,1136.0,1138.5,1136.0,1137.75,0
2025-11-20T13:00:00Z,1137.75,1142.75,1136.0,1141.75,0
2025-11-20T14:00:00Z,1142.75,1142.75,1132.75,1133.0,0
2025-11-20T15:00:00Z,1133.25,1135.0,1128.0,1133.25,0
2025-11-20T16:00:00Z,1133.5,1135.5,1129.0,1129.0,0
2025-11-20T17:00:00Z,1129.0,1129.5,1124.75,1126.75,0
2025-11-20T18:00:00Z,1126.75,1126.75,1121.5,1121.5,0
2025-11-20T19:00:00Z,1121.75,1123.75,1121.5,1123.0,0
2025-11-21T01:00:00Z,1122.5,1125.75,1122.25,1125.0,0
2025-11-21T02:00:00Z,1125.0,1125.5,1122.5,1123.0,0
2025-11-21T03:00:00Z,1122.75,1124.25,1122.25,1122.75,0
2025-11-21T04:00:00Z,1122.75,1123.0,1120.5,1122.25,0
2025-11-21T05:00:00Z,1122.25,1123.25,1122.25,1123.0,0
2025-11-21T06:00:00Z,1122.75,1124.75,1122.25,1124.5,0
2025-11-21T07:00:00Z,1124.25,1124.5,1120.5,1120.75,0
2025-11-21T08:00:00Z,1120.75,1122.0,1119.25,1119.25,0
2025-11-21T09:00:00Z,1119.25,1121.5,1118.75,1120.5,0
2025-11-21T10:00:00Z,1120.5,1120.5,1117.25,1118.25,0
2025-11-21T11:00:00Z,1118.25,1120.0,1118.25,1118.75,0
2025-11-21T12:00:00Z,1118.75,1122.0,1117.75,1121.5,0
2025-11-21T13:00:00Z,1121.25,1121.5,1118.5,1119.0,0
2025-11-21T14:00:00Z,1120.0,1120.5,1117.25,1119.25,0
2025-11-21T15:00:00Z,1119.25,1120.75,1113.25,1120.0,0
2025-11-21T16:00:00Z,1120.25,1124.75,1118.75,1124.25,0
2025-11-21T17:00:00Z,1124.25,1125.0,1122.75,1123.5,0
2025-11-21T18:00:00Z,1123.5,1127.5,1121.75,1125.25,0
2025-11-21T19:00:00Z,1125.25,1126.75,1124.25,1126.5,0
2025-11-24T01:00:00Z,1128.25,1128.75,1124.25,1125.25,0
2025-11-24T02:00:00Z,1125.25,1126.75,1125.0,1125.5,0
2025-11-24T03:00:00Z,1125.5,1126.0,1125.0,1125.5,0
2025-11-24T04:00:00Z,1125.5,1125.5,1125.0,1125.25,0
2025-11-24T05:00:00Z,1125.25,1126.75,1125.0,1126.0,0
2025-11-24T06:00:00Z,1126.25,1127.5,1125.0,1125.25,0
2025-11-24T07:00:00Z,1125.5,1126.0,1125.0,1125.5,0
2025-11-24T08:00:00Z,1125.5,1126.5,1123.25,1123.75,0
2025-11-24T09:00:00Z,1123.5,1123.75,1121.5,1122.25,0
2025-11-24T10:00:00Z,1122.0,1123.0,1121.5,1122.0,0
2025-11-24T11:00:00Z,1122.0,1124.5,1121.75,1122.25,0
2025-11-24T12:00:00Z,1122.25,1122.25,1118.5,1121.0,0
2025-11-24T13:00:00Z,1120.75,1121.5,1119.25,1120.75,0
2025-11-24T14:00:00Z,1121.5,1126.0,1116.25,1125.0,0
2025-11-24T15:00:00Z,1125.25,1128.25,1122.5,1123.5,0
2025-11-24T16:00:00Z,1123.75,1126.25,1121.25,1123.5,0
2025-11-24T17:00:00Z,1123.5,1131.0,1122.25,1125.5,0
2025-11-24T18:00:00Z,1125.75,1127.0,1124.5,1125.0,0
2025-11-24T19:00:00Z,1124.75,1125.0,1121.0,1121.25,0
2025-11-25T01:00:00Z,1121.75,1125.5,1121.5,1125.0,0
2025-11-25T02:00:00Z,1125.0,1127.75,1124.75,1126.5,0
2025-11-25T03:00:00Z,1126.25,1126.75,1125.75,1126.5,0
2025-11-25T04:00:00Z,1126.5,1127.75,1126.25,1127.75,0
2025-11-25T05:00:00Z,1127.5,1128.75,1127.25,1128.0,0
2025-11-25T06:00:00Z,1128.0,1128.0,1126.25,1126.25,0
2025-11-25T07:00:00Z,1126.25,1126.25,1122.5,1122.75,0
2025-11-25T08:00:00Z,1123.0,1125.5,1122.25,1124.25,0
2025-11-25T09:00:00Z,1124.25,1126.25,1123.0,1126.0,0
2025-11-25T10:00:00Z,1126.25,1126.5,1125.0,1125.5,0
2025-11-25T11:00:00Z,1125.5,1126.5,1123.75,1125.0,0
2025-11-25T12:00:00Z,1125.0,1125.25,1119.75,1119.75,0
2025-11-25T13:00:00Z,1120.0,1128.75,1120.0,1127.5,0
2025-11-25T14:00:00Z,1127.75,1128.25,1121.25,1122.25,0
2025-11-25T15:00:00Z,1122.5,1125.25,1120.0,1120.0,0
2025-11-25T16:00:00Z,1120.0,1123.25,1117.25,1122.5,0
2025-11-25T17:00:00Z,1122.75,1126.75,1122.5,1125.0,0
2025-11-25T18:00:00Z,1125.0,1126.0,1122.75,1123.5,0
2025-11-25T19:00:00Z,1123.75,1125.5,1123.5,1124.0,0
2025-11-26T01:00:00Z,1125.5,1127.75,1124.75,1127.0,0
2025-11-26T02:00:00Z,1127.0,1127.25,1126.0,1127.25,0
2025-11-26T03:00:00Z,1127.25,1127.75,1127.0,1127.0,0
2025-11-26T04:00:00Z,1127.25,1127.25,1125.75,1125.75,0
2025-11-26T05:00:00Z,1125.75,1127.25,1125.25,1126.5,0
2025-11-26T06:00:00Z,1126.75,1128.75,1126.5,1126.75,0
2025-11-26T07:00:00Z,1126.75,1127.25,1124.25,1124.75,0
2025-11-26T08:00:00Z,1124.75,1126.0,1124.5,1124.75,0
2025-11-26T09:00:00Z,1125.0,1125.25,1123.75,1123.75,0
2025-11-26T10:00:00Z,1124.0,1124.5,1123.25,1123.75,0
2025-11-26T11:00:00Z,1123.75,1125.75,1123.0,1125.25,0
2025-11-26T12:00:00Z,1125.25,1126.0,1124.5,1125.75,0
2025-11-26T13:00:00Z,1126.0,1128.75,1126.0,1127.0,0
2025-11-26T14:00:00Z,1125.75,1127.25,1122.75,1125.25,0
2025-11-26T15:00:00Z,1125.5,1130.75,1125.5,1129.5,0
2025-11-26T16:00:00Z,1129.75,1132.25,1128.25,1131.5,0
2025-11-26T17:00:00Z,1131.5,1135.25,1131.0,1133.0,0
2025-11-26T18:00:00Z,1133.0,1134.0,1128.5,1132.5,0
2025-11-26T19:00:00Z,1132.75,1133.5,1130.75,1132.25,0
2025-11-28T14:30:00Z,1131.75,1137.0,1129.75,1134.75,0
2025-11-28T15:30:00Z,1134.75,1136.75,1133.25,1136.5,0
2025-11-28T16:30:00Z,1136.25,1137.0,1135.0,1136.5,0
2025-11-28T17:30:00Z,1136.5,1138.75,1136.5,1137.25,0
2025-12-01T01:00:00Z,1140.0,1142.25,1135.25,1138.75,0
2025-12-01T02:00:00Z,1138.75,1139.5,1135.25,1135.5,0
2025-12-01T03:00:00Z,1135.25,1135.5,1133.25,1133.5,0
2025-12-01T04:00:00Z,1133.5,1133.5,1132.0,1132.5,0
2025-12-01T05:00:00Z,1132.25,1134.0,1132.25,1133.5,0
2025-12-01T06:00:00Z,1133.75,1133.75,1133.25,1133.75,0
2025-12-01T07:00:00Z,1133.5,1135.25,1133.25,1135.0,0
2025-12-01T08:00:00Z,1135.0,1135.75,1134.0,1134.5,0
2025-12-01T09:00:00Z,1134.5,1136.0,1134.25,1134.5,0
2025-12-01T10:00:00Z,1134.5,1134.75,1133.0,1133.5,0
2025-12-01T11:00:00Z,1133.5,1135.75,1133.25,1135.25,0
2025-12-01T12:00:00Z,1135.25,1136.75,1134.5,1135.5,0
2025-12-01T13:00:00Z,1135.25,1135.5,1132.75,1133.5,0
2025-12-01T14:00:00Z,1132.5,1136.75,1131.25,1134.5,0
2025-12-01T15:00:00Z,1134.75,1136.75,1128.25,1130.75,0
2025-12-01T16:00:00Z,1130.75,1134.0,1130.75,1131.25,0
2025-12-01T17:00:00Z,1131.25,1132.5,1129.0,1129.5,0
2025-12-01T18:00:00Z,1129.25,1129.75,1127.25,1128.0,0
2025-12-01T19:00:00Z,1128.0,1128.25,1127.0,1127.25,0
2025-12-02T01:00:00Z,1126.5,1129.25,1126.0,1127.75,0
2025-12-02T02:00:00Z,1127.75,1129.0,1127.0,1129.0,0
2025-12-02T03:00:00Z,1129.0,1130.5,1128.5,1130.0,0
2025-12-02T04:00:00Z,1130.25,1131.0,1130.0,1130.75,0
2025-12-02T05:00:00Z,1130.75,1133.25,1130.5,1132.5,0
2025-12-02T06:00:00Z,1132.5,1134.25,1132.0,1133.75,0
2025-12-02T07:00:00Z,1133.75,1133.75,1132.25,1132.75,0
2025-12-02T08:00:00Z,1133.0,1134.5,1133.0,1134.5,0
2025-12-02T09:00:00Z,1134.5,1135.75,1132.75,1132.75,0
2025-12-02T10:00:00Z,1132.75,1133.0,1131.25,1132.75,0
2025-12-02T11:00:00Z,1133.0,1135.0,1130.25,1135.0,0
2025-12-02T12:00:00Z,1135.0,1135.5,1132.5,1134.0,0
2025-12-02T13:00:00Z,1134.0,1134.75,1132.5,1133.25,0
2025-12-02T14:00:00Z,1133.25,1135.0,1128.0,1128.75,0
2025-12-02T15:00:00Z,1128.5,1132.5,1123.25,1125.0,0
2025-12-02T16:00:00Z,1125.0,1131.0,1125.0,1130.25,0
2025-12-02T17:00:00Z,1130.0,1130.75,1126.0,1126.75,0
2025-12-02T18:00:00Z,1126.5,1127.0,1123.5,1125.5,0
2025-12-02T19:00:00Z,1125.5,1125.75,1124.0,1124.0,0
2025-12-03T01:00:00Z,1125.25,1129.25,1123.75,1127.25,0
2025-12-03T02:00:00Z,1127.5,1127.75,1126.75,1126.75,0
2025-12-03T03:00:00Z,1126.75,1129.5,1126.75,1129.25,0
2025-12-03T04:00:00Z,1129.0,1129.0,1128.5,1128.75,0
2025-12-03T05:00:00Z,1128.75,1130.75,1128.75,1129.25,0
2025-12-03T06:00:00Z,1129.25,1129.75,1128.5,1128.75,0
2025-12-03T07:00:00Z,1128.75,1129.0,1126.75,1128.0,0
2025-12-03T08:00:00Z,1128.0,1128.75,1127.5,1128.75,0
2025-12-03T09:00:00Z,1128.75,1129.5,1127.75,1128.0,0
2025-12-03T10:00:00Z,1128.25,1128.25,1126.25,1127.5,0
2025-12-03T11:00:00Z,1127.5,1128.25,1126.75,1127.25,0
2025-12-03T12:00:00Z,1127.25,1127.75,1125.5,1125.75,0
2025-12-03T13:00:00Z,1126.0,1126.5,1124.75,1125.25,0
2025-12-03T14:00:00Z,1125.0,1125.75,1118.5,1120.0,0
2025-12-03T15:00:00Z,1119.75,1122.25,1119.5,1120.5,0
2025-12-03T16:00:00Z,1120.5,1123.25,1119.75,1122.25,0
2025-12-03T17:00:00Z,1122.0,1122.5,1118.5,1119.25,0
2025-12-03T18:00:00Z,1119.5,1119.5,1115.5,1116.5,0
2025-12-03T19:00:00Z,1116.75,1117.0,1115.5,1116.25,0
2025-12-04T01:00:00Z,1117.0,1119.5,1116.25,1117.75,0
2025-12-04T02:00:00Z,1117.75,1118.0,1116.0,1116.25,0
2025-12-04T03:00:00Z,1116.0,1116.75,1115.75,1116.75,0
2025-12-04T04:00:00Z,1116.5,1116.75,1116.0,1116.0,0
2025-12-04T05:00:00Z,1116.25,1116.25,1115.75,1116.0,0
2025-12-04T06:00:00Z,1116.25,1118.0,1116.25,1117.25,0
2025-12-04T07:00:00Z,1117.25,1117.5,1117.0,1117.25,0
2025-12-04T08:00:00Z,1117.25,1118.5,1117.0,1117.25,0
2025-12-04T09:00:00Z,1117.25,1118.25,1116.5,1118.0,0
2025-12-04T10:00:00Z,1117.75,1118.0,1117.25,1117.5,0
2025-12-04T11:00:00Z,1117.5,1119.75,1117.5,1118.5,0
2025-12-04T12:00:00Z,1118.25,1119.75,1118.0,1119.5,0
2025-12-04T13:00:00Z,1119.25,1121.5,1119.25,1119.75,0
2025-12-04T14:00:00Z,1119.75,1121.0,1114.25,1116.25,0
2025-12-04T15:00:00Z,1116.25,1122.75,1114.0,1119.5,0
2025-12-04T16:00:00Z,1119.25,1123.25,1118.5,1122.25,0
2025-12-04T17:00:00Z,1122.25,1124.5,1120.25,1121.75,0
2025-12-04T18:00:00Z,1121.75,1122.75,1119.5,1119.75,0
2025-12-04T19:00:00Z,1119.75,1120.75,1118.5,1119.75,0
2025-12-05T01:00:00Z,1119.25,1121.0,1117.75,1119.0,0
2025-12-05T02:00:00Z,1119.25,1119.25,1117.75,1118.25,0
2025-12-05T03:00:00Z,1118.25,1118.5,1117.0,1117.0,0
2025-12-05T04:00:00Z,1117.0,1117.75,1117.0,1117.75,0
2025-12-05T05:00:00Z,1117.5,1118.75,1117.5,1118.75,0
2025-12-05T06:00:00Z,1118.75,1118.75,1116.25,1116.5,0
2025-12-05T07:00:00Z,1116.5,1117.75,1116.5,1117.25,0
2025-12-05T08:00:00Z,1117.25,1118.75,1116.75,1116.75,0
2025-12-05T09:00:00Z,1116.5,1117.25,1116.25,1116.75,0
2025-12-05T10:00:00Z,1116.75,1117.0,1115.5,1116.75,0
2025-12-05T11:00:00Z,1116.5,1117.0,1115.75,1116.25,0
2025-12-05T12:00:00Z,1116.0,1118.0,1116.0,1117.75,0
2025-12-05T13:00:00Z,1118.0,1120.0,1117.0,1119.0,0
2025-12-05T14:00:00Z,1119.0,1120.5,1117.5,1119.5,0
2025-12-05T15:00:00Z,1119.5,1120.25,1108.25,1110.25,0
2025-12-05T16:00:00Z,1110.25,1113.5,1109.5,1109.5,0
2025-12-05T17:00:00Z,1109.25,1111.25,1106.5,1107.25,0
2025-12-05T18:00:00Z,1107.25,1108.5,1105.5,1106.0,0
2025-12-05T19:00:00Z,1106.0,1106.5,1104.5,1105.25,0
2025-12-08T01:00:00Z,1105.0,1105.0,1098.5,1100.25,0
2025-12-08T02:00:00Z,1100.25,1101.0,1097.75,1097.75,0
2025-12-08T03:00:00Z,1098.0,1098.0,1096.0,1096.5,0
2025-12-08T04:00:00Z,1096.5,1097.25,1096.0,1096.5,0
2025-12-08T05:00:00Z,1096.5,1096.75,1095.5,1096.25,0
2025-12-08T06:00:00Z,1096.25,1097.25,1095.25,1097.0,0
2025-12-08T07:00:00Z,1097.25,1098.25,1096.75,1097.0,0
2025-12-08T08:00:00Z,1097.25,1098.0,1096.0,1096.75,0
2025-12-08T09:00:00Z,1096.5,1099.0,1096.5,1098.75,0
2025-12-08T10:00:00Z,1098.5,1099.75,1098.0,1098.75,0
2025-12-08T11:00:00Z,1098.5,1099.0,1096.75,1098.75,0
2025-12-08T12:00:00Z,1098.75,1100.5,1096.5,1100.25,0
2025-12-08T13:00:00Z,1100.0,1107.5,1099.25,1106.0,0
2025-12-08T14:00:00Z,1106.5,1106.5,1096.0,1097.5,0
2025-12-08T15:00:00Z,1097.5,1097.75,1093.25,1094.0,0
2025-12-08T16:00:00Z,1093.75,1097.25,1092.75,1094.25,0
2025-12-08T17:00:00Z,1094.5,1096.25,1093.75,1094.75,0
2025-12-08T18:00:00Z,1094.75,1095.25,1092.25,1093.25,0
2025-12-08T19:00:00Z,1093.25,1094.25,1093.0,1093.75,0
2025-12-09T01:00:00Z,1093.75,1094.75,1091.75,1093.25,0
2025-12-09T02:00:00Z,1093.25,1094.0,1092.75,1093.0,0
2025-12-09T03:00:00Z,1092.75,1093.0,1092.25,1093.0,0
2025-12-09T04:00:00Z,1093.0,1093.25,1092.5,1092.75,0
2025-12-09T05:00:00Z,1092.75,1093.0,1092.5,1092.5,0
2025-12-09T06:00:00Z,1092.5,1093.5,1091.5,1091.75,0
2025-12-09T07:00:00Z,1091.5,1092.0,1090.5,1091.0,0
2025-12-09T08:00:00Z,1091.25,1093.5,1091.0,1092.75,0
2025-12-09T09:00:00Z,1092.5,1093.75,1092.25,1092.5,0
2025-12-09T10:00:00Z,1092.5,1094.0,1092.5,1092.75,0
2025-12-09T11:00:00Z,1093.0,1093.0,1091.5,1091.5,0
2025-12-09T12:00:00Z,1091.5,1091.5,1086.25,1087.5,0
2025-12-09T13:00:00Z,1087.5,1089.0,1086.5,1089.0,0
2025-12-09T14:00:00Z,1088.5,1091.75,1087.25,1089.75,0
2025-12-09T15:00:00Z,1089.5,1092.75,1088.25,1092.0,0
2025-12-09T16:00:00Z,1092.25,1092.75,1087.25,1088.0,0
2025-12-09T17:00:00Z,1088.5,1093.75,1084.5,1085.75,0
2025-12-09T18:00:00Z,1085.75,1087.25,1085.25,1086.0,0
2025-12-09T19:00:00Z,1086.0,1088.75,1086.0,1087.75,0
2025-12-10T01:00:00Z,1087.5,1087.75,1082.75,1084.25,0
2025-12-10T02:00:00Z,1084.25,1086.75,1084.0,1086.25,0
2025-12-10T03:00:00Z,1086.25,1086.75,1084.75,1085.0,0
2025-12-10T04:00:00Z,1085.0,1085.5,1084.5,1084.5,0
2025-12-10T05:00:00Z,1084.25,1084.75,1083.75,1084.25,0
2025-12-10T06:00:00Z,1084.5,1084.75,1083.25,1083.75,0
2025-12-10T07:00:00Z,1083.5,1084.25,1083.25,1084.0,0
2025-12-10T08:00:00Z,1084.0,1084.0,1082.0,1082.5,0
2025-12-10T09:00:00Z,1082.5,1083.25,1082.25,1082.75,0
2025-12-10T10:00:00Z,1082.75,1085.0,1082.5,1084.5,0
2025-12-10T11:00:00Z,1084.5,1084.5,1081.5,1082.0,0
2025-12-10T12:00:00Z,1082.25,1083.25,1081.5,1082.25,0
2025-12-10T13:00:00Z,1082.25,1083.25,1082.0,1083.25,0
2025-12-10T14:00:00Z,1083.5,1089.0,1082.25,1086.25,0
2025-12-10T15:00:00Z,1086.0,1089.75,1085.25,1089.25,0
2025-12-10T16:00:00Z,1089.5,1091.0,1087.0,1088.75,0
2025-12-10T17:00:00Z,1089.0,1092.0,1087.5,1090.75,0
2025-12-10T18:00:00Z,1090.75,1091.5,1089.5,1090.5,0
2025-12-10T19:00:00Z,1090.5,1093.25,1090.5,1092.0,0
2025-12-11T01:00:00Z,1091.0,1096.0,1090.25,1092.25,0
2025-12-11T02:00:00Z,1092.0,1092.5,1090.25,1091.25,0
2025-12-11T03:00:00Z,1091.25,1091.5,1090.0,1090.5,0
2025-12-11T04:00:00Z,1090.5,1091.5,1090.25,1091.25,0
2025-12-11T05:00:00Z,1091.25,1093.0,1090.5,1091.75,0
2025-12-11T06:00:00Z,1091.75,1092.0,1090.5,1091.75,0
2025-12-11T07:00:00Z,1091.75,1091.75,1088.75,1089.75,0
2025-12-11T08:00:00Z,1089.75,1091.75,1089.5,1091.0,0
2025-12-11T09:00:00Z,1090.75,1091.5,1089.75,1090.25,0
2025-12-11T10:00:00Z,1090.0,1093.0,1089.75,1092.75,0
2025-12-11T11:00:00Z,1092.75,1094.75,1092.5,1094.5,0
2025-12-11T12:00:00Z,1094.25,1094.25,1092.25,1093.75,0
2025-12-11T13:00:00Z,1094.0,1095.0,1093.0,1094.0,0
2025-12-11T14:00:00Z,1094.0,1095.0,1090.75,1092.0,0
2025-12-11T15:00:00Z,1091.75,1093.5,1086.25,1092.5,0
2025-12-11T16:00:00Z,1092.5,1094.0,1089.25,1090.75,0
2025-12-11T17:00:00Z,1090.75,1093.0,1089.5,1092.5,0
2025-12-11T18:00:00Z,1092.75,1094.0,1092.0,1093.5,0
2025-12-11T19:00:00Z,1093.5,1094.75,1093.0,1093.75,0
2025-12-12T01:00:00Z,1093.0,1094.0,1092.0,1092.75,0
2025-12-12T02:00:00Z,1093.0,1094.5,1092.5,1092.5,0
2025-12-12T03:00:00Z,1092.5,1093.25,1092.0,1092.5,0
2025-12-12T04:00:00Z,1092.25,1092.25,1091.25,1091.75,0
2025-12-12T05:00:00Z,1091.75,1092.5,1091.75,1092.25,0
2025-12-12T06:00:00Z,1092.0,1092.25,1090.75,1091.0,0
2025-12-12T07:00:00Z,1090.75,1091.75,1090.5,1091.25,0
2025-12-12T08:00:00Z,1091.0,1092.75,1088.5,1088.75,0
2025-12-12T09:00:00Z,1088.75,1089.25,1086.5,1087.0,0
2025-12-12T10:00:00Z,1087.0,1087.0,1085.25,1085.5,0
2025-12-12T11:00:00Z,1085.75,1086.0,1083.0,1083.5,0
2025-12-12T12:00:00Z,1083.75,1083.75,1082.5,1083.25,0
2025-12-12T13:00:00Z,1083.25,1085.25,1083.0,1084.5,0
2025-12-12T14:00:00Z,1085.0,1085.25,1078.25,1078.75,0
2025-12-12T15:00:00Z,1078.5,1080.5,1077.25,1078.25,0
2025-12-12T16:00:00Z,1078.5,1080.75,1077.75,1080.0,0
2025-12-12T17:00:00Z,1079.75,1082.25,1078.5,1080.25,0
2025-12-12T18:00:00Z,1080.5,1080.75,1077.0,1077.5,0
2025-12-12T19:00:00Z,1077.75,1078.25,1075.75,1076.25,0
2025-12-15T01:00:00Z,1074.5,1076.0,1073.5,1075.75,0
2025-12-15T02:00:00Z,1075.5,1076.0,1075.0,1076.0,0
2025-12-15T03:00:00Z,1076.25,1077.0,1076.0,1076.5,0
2025-12-15T04:00:00Z,1076.25,1076.75,1075.5,1075.5,0
2025-12-15T05:00:00Z,1075.5,1075.75,1074.75,1075.75,0
2025-12-15T06:00:00Z,1075.5,1077.0,1075.25,1076.5,0
2025-12-15T07:00:00Z,1076.25,1076.5,1075.0,1075.75,0
2025-12-15T08:00:00Z,1076.0,1078.0,1076.0,1077.5,0
2025-12-15T09:00:00Z,1077.25,1078.5,1077.0,1078.0,0
2025-12-15T10:00:00Z,1078.25,1078.5,1077.75,1078.5,0
2025-12-15T11:00:00Z,1078.5,1078.75,1077.5,1078.0,0
2025-12-15T12:00:00Z,1078.0,1080.0,1077.0,1079.5,0
2025-12-15T13:00:00Z,1079.5,1079.75,1077.25,1077.25,0
2025-12-15T14:00:00Z,1077.5,1077.5,1067.0,1067.75,0
2025-12-15T15:00:00Z,1067.75,1072.5,1067.75,1072.25,0
2025-12-15T16:00:00Z,1072.25,1075.5,1067.75,1068.75,0
2025-12-15T17:00:00Z,1068.5,1073.0,1068.0,1072.75,0
2025-12-15T18:00:00Z,1072.75,1073.0,1071.0,1072.75,0
2025-12-15T19:00:00Z,1072.75,1073.5,1071.25,1073.0,0
2025-12-16T01:00:00Z,1072.0,1073.5,1070.5,1073.0,0
2025-12-16T02:00:00Z,1073.0,1075.0,1072.75,1072.75,0
2025-12-16T03:00:00Z,1073.0,1073.75,1070.0,1071.0,0
2025-12-16T04:00:00Z,1071.0,1072.75,1071.0,1072.75,0
2025-12-16T05:00:00Z,1072.5,1072.75,1071.5,1072.75,0
2025-12-16T06:00:00Z,1072.75,1075.75,1072.25,1075.5,0
2025-12-16T07:00:00Z,1075.5,1076.25,1074.25,1074.75,0
2025-12-16T08:00:00Z,1075.0,1075.5,1073.5,1073.5,0
2025-12-16T09:00:00Z,1073.5,1075.25,1073.5,1074.25,0
2025-12-16T10:00:00Z,1074.5,1075.0,1073.75,1073.75,0
2025-12-16T11:00:00Z,1074.0,1074.0,1071.75,1072.75,0
2025-12-16T12:00:00Z,1072.75,1073.25,1070.5,1071.5,0
2025-12-16T13:00:00Z,1071.5,1073.75,1071.0,1072.5,0
2025-12-16T14:00:00Z,1073.5,1073.75,1067.0,1067.0,0
2025-12-16T15:00:00Z,1067.25,1067.5,1064.5,1064.5,0
2025-12-16T16:00:00Z,1064.5,1065.5,1060.25,1061.0,0
2025-12-16T17:00:00Z,1061.25,1062.5,1060.75,1061.75,0
2025-12-16T18:00:00Z,1062.0,1062.25,1059.5,1062.0,0
2025-12-16T19:00:00Z,1062.25,1063.5,1061.5,1063.25,0
2025-12-17T01:00:00Z,1072.0,1075.25,1072.0,1075.25,0
2025-12-17T02:00:00Z,1075.25,1076.75,1075.25,1076.25,0
2025-12-17T03:00:00Z,1076.25,1076.25,1075.0,1075.5,0
2025-12-17T04:00:00Z,1075.25,1075.25,1074.25,1074.25,0
2025-12-17T05:00:00Z,1074.5,1075.5,1074.5,1075.25,0
2025-12-17T06:00:00Z,1075.25,1075.75,1073.75,1074.0,0
2025-12-17T07:00:00Z,1073.75,1075.5,1073.25,1075.5,0
2025-12-17T08:00:00Z,1075.25,1075.5,1071.5,1071.5,0
2025-12-17T09:00:00Z,1071.75,1073.75,1071.75,1072.75,0
2025-12-17T10:00:00Z,1072.75,1073.5,1072.0,1072.5,0
2025-12-17T11:00:00Z,1072.5,1073.0,1070.75,1071.0,0
2025-12-17T12:00:00Z,1071.0,1072.75,1071.0,1072.0,0
2025-12-17T13:00:00Z,1072.0,1072.25,1070.75,1072.0,0
2025-12-17T14:00:00Z,1072.0,1073.0,1066.25,1068.5,0
2025-12-17T15:00:00Z,1068.5,1069.0,1064.25,1067.0,0
2025-12-17T16:00:00Z,1067.0,1068.5,1065.25,1065.75,0
2025-12-17T17:00:00Z,1066.0,1070.5,1065.25,1069.75,0
2025-12-17T18:00:00Z,1069.5,1072.5,1068.5,1071.75,0
2025-12-17T19:00:00Z,1071.75,1072.0,1068.5,1069.0,0
2025-12-18T01:00:00Z,1069.0,1071.75,1068.75,1070.25,0
2025-12-18T02:00:00Z,1070.5,1070.5,1069.0,1069.0,0
2025-12-18T03:00:00Z,1069.0,1069.75,1068.5,1068.75,0
2025-12-18T04:00:00Z,1069.0,1069.25,1068.75,1068.75,0
2025-12-18T05:00:00Z,1068.75,1069.25,1068.25,1068.25,0
2025-12-18T06:00:00Z,1068.5,1069.0,1068.5,1068.75,0
2025-12-18T07:00:00Z,1068.5,1068.5,1066.25,1067.0,0
2025-12-18T08:00:00Z,1067.25,1068.5,1066.5,1067.0,0
2025-12-18T09:00:00Z,1066.75,1068.25,1066.75,1068.0,0
2025-12-18T10:00:00Z,1068.0,1069.75,1067.75,1069.25,0
2025-12-18T11:00:00Z,1069.25,1070.25,1069.0,1069.25,0
2025-12-18T12:00:00Z,1069.0,1069.75,1066.5,1067.25,0
2025-12-18T13:00:00Z,1067.0,1069.0,1066.5,1068.25,0
2025-12-18T14:00:00Z,1068.5,1069.75,1062.0,1066.5,0
2025-12-18T15:00:00Z,1066.25,1067.75,1062.25,1063.25,0
2025-12-18T16:00:00Z,1063.25,1065.5,1062.75,1063.25,0
2025-12-18T17:00:00Z,1063.25,1064.0,1061.75,1062.0,0
2025-12-18T18:00:00Z,1062.25,1065.25,1062.25,1063.75,0
2025-12-18T19:00:00Z,1063.75,1065.0,1060.75,1061.25,0
2025-12-19T01:00:00Z,1062.0,1063.25,1058.5,1059.5,0
2025-12-19T02:00:00Z,1059.5,1060.0,1058.75,1058.75,0
2025-12-19T03:00:00Z,1058.75,1059.5,1058.5,1058.5,0
2025-12-19T04:00:00Z,1059.0,1059.5,1059.0,1059.5,0
2025-12-19T05:00:00Z,1059.5,1060.5,1059.0,1060.25,0
2025-12-19T06:00:00Z,1060.0,1060.5,1059.5,1059.75,0
2025-12-19T07:00:00Z,1059.75,1060.0,1058.25,1058.5,0
2025-12-19T08:00:00Z,1058.75,1060.0,1058.5,1058.75,0
2025-12-19T09:00:00Z,1059.0,1060.25,1058.5,1060.0,0
2025-12-19T10:00:00Z,1059.75,1060.25,1059.25,1060.25,0
2025-12-19T11:00:00Z,1060.25,1060.5,1058.75,1060.25,0
2025-12-19T12:00:00Z,1060.25,1060.75,1059.5,1059.75,0
2025-12-19T13:00:00Z,1059.75,1062.75,1059.75,1061.0,0
2025-12-19T14:00:00Z,1061.25,1063.75,1060.25,1063.25,0
2025-12-19T15:00:00Z,1063.25,1064.5,1057.25,1059.75,0
2025-12-19T16:00:00Z,1059.5,1060.5,1057.5,1058.0,0
2025-12-19T17:00:00Z,1058.0,1060.0,1057.75,1058.75,0
2025-12-19T18:00:00Z,1058.5,1061.5,1058.25,1061.0,0
2025-12-19T19:00:00Z,1061.0,1061.25,1059.25,1059.5,0
2025-12-22T01:00:00Z,1059.25,1062.0,1059.0,1061.75,0
2025-12-22T02:00:00Z,1061.75,1063.75,1061.75,1063.0,0
2025-12-22T03:00:00Z,1063.0,1063.25,1062.5,1063.25,0
2025-12-22T04:00:00Z,1063.0,1063.5,1063.0,1063.25,0
2025-12-22T05:00:00Z,1063.0,1064.75,1062.75,1064.0,0
2025-12-22T06:00:00Z,1064.0,1065.0,1064.0,1064.25,0
2025-12-22T07:00:00Z,1064.0,1064.75,1063.5,1064.5,0
2025-12-22T08:00:00Z,1064.25,1064.25,1063.0,1064.0,0
2025-12-22T09:00:00Z,1064.0,1064.5,1063.25,1063.5,0
2025-12-22T10:00:00Z,1063.5,1064.5,1063.5,1063.75,0
2025-12-22T11:00:00Z,1064.0,1064.5,1061.75,1062.5,0
2025-12-22T12:00:00Z,1062.5,1065.0,1062.25,1064.5,0
2025-12-22T13:00:00Z,1064.75,1066.25,1064.5,1065.75,0
2025-12-22T14:00:00Z,1065.75,1066.0,1060.75,1062.75,0
2025-12-22T15:00:00Z,1062.75,1066.75,1062.5,1065.0,0
2025-12-22T16:00:00Z,1065.25,1065.5,1062.25,1062.75,0
2025-12-22T17:00:00Z,1062.75,1064.0,1062.0,1063.75,0
2025-12-22T18:00:00Z,1063.75,1065.25,1063.25,1065.0,0
2025-12-22T19:00:00Z,1065.0,1065.25,1063.75,1064.0,0
2025-12-23T01:00:00Z,1065.0,1066.75,1063.5,1066.5,0
2025-12-23T02:00:00Z,1066.25,1066.25,1065.5,1066.0,0
2025-12-23T03:00:00Z,1066.25,1066.75,1065.75,1066.25,0
2025-12-23T04:00:00Z,1066.25,1066.25,1065.5,1065.75,0
2025-12-23T05:00:00Z,1065.5,1066.75,1065.25,1066.0,0
2025-12-23T06:00:00Z,1065.75,1067.0,1065.25,1067.0,0
2025-12-23T07:00:00Z,1066.75,1068.0,1066.75,1067.5,0
2025-12-23T08:00:00Z,1067.5,1067.75,1066.0,1066.25,0
2025-12-23T09:00:00Z,1066.5,1067.25,1066.0,1066.0,0
2025-12-23T10:00:00Z,1066.0,1067.25,1065.25,1066.75,0
2025-12-23T11:00:00Z,1066.75,1068.5,1066.75,1068.25,0
2025-12-23T12:00:00Z,1068.25,1068.5,1066.0,1067.25,0
2025-12-23T13:00:00Z,1067.5,1067.75,1066.25,1066.5,0
2025-12-23T14:00:00Z,1066.0,1068.75,1065.75,1067.0,0
2025-12-23T15:00:00Z,1067.25,1069.75,1064.75,1067.5,0
2025-12-23T16:00:00Z,1067.5,1068.75,1065.25,1065.75,0
2025-12-23T17:00:00Z,1066.0,1066.0,1062.75,1063.5,0
2025-12-23T18:00:00Z,1063.5,1066.25,1063.25,1064.75,0
2025-12-23T19:00:00Z,1064.75,1065.5,1062.5,1063.0,0
2025-12-24T01:00:00Z,1063.5,1069.5,1063.0,1069.25,0
2025-12-24T02:00:00Z,1069.0,1069.5,1068.0,1068.75,0
2025-12-24T03:00:00Z,1068.75,1068.75,1068.0,1068.25,0
2025-12-24T04:00:00Z,1068.25,1068.75,1068.0,1068.0,0
2025-12-24T05:00:00Z,1068.0,1069.75,1068.0,1069.5,0
2025-12-24T06:00:00Z,1069.5,1069.75,1068.5,1069.25,0
2025-12-24T07:00:00Z,1069.25,1069.5,1069.0,1069.5,0
2025-12-24T08:00:00Z,1069.25,1069.25,1068.25,1068.5,0
2025-12-24T09:00:00Z,1068.25,1069.25,1068.0,1068.5,0
2025-12-24T10:00:00Z,1068.5,1069.5,1068.0,1069.5,0
2025-12-24T11:00:00Z,1069.25,1070.0,1068.75,1069.0,0
2025-12-24T12:00:00Z,1069.25,1071.0,1069.0,1070.75,0
2025-12-24T13:00:00Z,1070.5,1071.75,1069.75,1070.0,0
2025-12-24T14:00:00Z,1070.0,1070.5,1068.75,1070.0,0
2025-12-24T15:00:00Z,1069.75,1073.0,1069.5,1072.25,0
2025-12-24T16:00:00Z,1072.25,1075.5,1071.25,1075.0,0
2025-12-24T17:00:00Z,1075.0,1077.75,1074.25,1076.25,0
2025-12-24T18:00:00Z,1076.5,1077.0,1075.75,1075.75,0
2025-12-26T14:30:00Z,1080.5,1082.5,1076.0,1078.25,0
2025-12-26T15:30:00Z,1078.0,1078.75,1074.0,1074.25,0
2025-12-26T16:30:00Z,1074.25,1074.25,1072.25,1072.75,0
2025-12-26T17:30:00Z,1073.0,1073.0,1070.75,1072.5,0
2025-12-26T18:30:00Z,1072.5,1073.5,1071.0,1071.75,0
2025-12-29T01:00:00Z,1075.0,1077.5,1071.25,1077.5,0
2025-12-29T02:00:00Z,1077.25,1077.5,1074.75,1075.0,0
2025-12-29T03:00:00Z,1075.25,1075.75,1074.5,1075.75,0
2025-12-29T04:00:00Z,1075.75,1075.75,1074.25,1074.25,0
2025-12-29T05:00:00Z,1074.25,1074.75,1073.5,1073.5,0
2025-12-29T06:00:00Z,1073.5,1075.0,1073.5,1074.5,0
2025-12-29T07:00:00Z,1074.5,1075.0,1072.5,1072.75,0
2025-12-29T08:00:00Z,1072.75,1073.0,1070.5,1070.75,0
2025-12-29T09:00:00Z,1071.0,1071.5,1070.25,1070.25,0
2025-12-29T10:00:00Z,1070.5,1070.5,1068.25,1068.75,0
2025-12-29T11:00:00Z,1068.75,1069.0,1066.75,1067.0,0
2025-12-29T12:00:00Z,1066.75,1066.75,1064.5,1065.25,0
2025-12-29T13:00:00Z,1065.25,1067.75,1065.25,1066.75,0
2025-12-29T14:00:00Z,1067.0,1067.75,1065.0,1067.5,0
2025-12-29T15:00:00Z,1067.5,1069.0,1065.0,1066.25,0
2025-12-29T16:00:00Z,1066.0,1066.75,1063.5,1063.75,0
2025-12-29T17:00:00Z,1063.75,1064.5,1063.0,1063.5,0
2025-12-29T18:00:00Z,1063.75,1064.5,1063.0,1063.5,0
2025-12-29T19:00:00Z,1063.75,1064.25,1063.0,1063.75,0
2025-12-30T01:00:00Z,1063.75,1066.0,1063.25,1064.5,0
2025-12-30T02:00:00Z,1064.5,1065.5,1063.5,1065.25,0
2025-12-30T03:00:00Z,1065.0,1066.0,1065.0,1065.25,0
2025-12-30T04:00:00Z,1065.0,1065.25,1064.75,1065.0,0
2025-12-30T05:00:00Z,1065.0,1067.0,1064.5,1066.5,0
2025-12-30T06:00:00Z,1066.5,1067.75,1066.0,1067.0,0
2025-12-30T07:00:00Z,1066.75,1067.75,1066.25,1067.5,0
2025-12-30T08:00:00Z,1067.25,1067.25,1066.0,1066.0,0
2025-12-30T09:00:00Z,1066.0,1066.75,1065.25,1066.25,0
2025-12-30T10:00:00Z,1066.25,1067.5,1065.75,1067.5,0
2025-12-30T11:00:00Z,1067.25,1067.5,1066.25,1067.0,0
2025-12-30T12:00:00Z,1067.0,1067.75,1066.25,1067.0,0
2025-12-30T13:00:00Z,1066.75,1067.75,1066.75,1067.25,0
2025-12-30T14:00:00Z,1067.0,1067.0,1063.5,1064.75,0
2025-12-30T15:00:00Z,1065.0,1065.75,1061.0,1062.75,0
2025-12-30T16:00:00Z,1063.0,1065.25,1062.5,1063.75,0
2025-12-30T17:00:00Z,1064.0,1064.5,1063.0,1063.25,0
2025-12-30T18:00:00Z,1063.25,1063.5,1061.25,1062.0,0
2025-12-30T19:00:00Z,1062.25,1062.5,1060.75,1060.75,0
2025-12-31T01:00:00Z,1061.25,1063.5,1059.5,1063.5,0
2025-12-31T02:00:00Z,1063.5,1064.0,1060.0,1060.0,0
2025-12-31T03:00:00Z,1060.0,1060.5,1059.5,1059.75,0
2025-12-31T04:00:00Z,1060.0,1060.25,1059.5,1059.5,0
2025-12-31T05:00:00Z,1059.5,1060.5,1059.5,1059.75,0
2025-12-31T06:00:00Z,1060.0,1060.75,1059.0,1059.25,0
2025-12-31T07:00:00Z,1059.25,1059.75,1058.5,1058.75,0
2025-12-31T08:00:00Z,1058.75,1059.25,1057.75,1058.0,0
2025-12-31T09:00:00Z,1058.0,1058.5,1057.25,1057.25,0
2025-12-31T10:00:00Z,1057.25,1058.25,1057.25,1057.75,0
2025-12-31T11:00:00Z,1057.75,1058.75,1057.75,1058.5,0
2025-12-31T12:00:00Z,1058.5,1060.0,1058.25,1060.0,0
2025-12-31T13:00:00Z,1060.0,1060.25,1058.75,1059.25,0
2025-12-31T14:00:00Z,1059.75,1060.0,1055.0,1055.5,0
2025-12-31T15:00:00Z,1055.25,1056.5,1053.75,1055.0,0
2025-12-31T16:00:00Z,1055.0,1055.25,1052.25,1052.5,0
2025-12-31T17:00:00Z,1052.25,1052.5,1050.0,1050.0,0
2025-12-31T18:00:00Z,1050.0,1050.5,1047.0,1047.25,0
2025-12-31T19:00:00Z,1047.25,1048.0,1047.0,1047.25,0
2026-01-02T14:30:00Z,1047.0,1047.0,1038.0,1039.5,0
2026-01-02T15:30:00Z,1039.5,1043.0,1038.5,1040.75,0
2026-01-02T16:30:00Z,1040.5,1045.75,1040.5,1044.5,0
2026-01-02T17:30:00Z,1044.5,1046.75,1044.0,1046.0,0
2026-01-02T18:30:00Z,1046.0,1046.5,1044.5,1046.0,0
2026-01-05T01:00:00Z,1045.75,1051.75,1045.5,1050.75,0
2026-01-05T02:00:00Z,1050.75,1051.75,1050.5,1051.5,0
2026-01-05T03:00:00Z,1051.5,1052.0,1051.25,1051.25,0
2026-01-05T04:00:00Z,1051.0,1051.5,1051.0,1051.5,0
2026-01-05T05:00:00Z,1051.5,1051.75,1049.5,1050.0,0
2026-01-05T06:00:00Z,1050.0,1052.5,1049.75,1052.0,0
2026-01-05T07:00:00Z,1051.75,1052.0,1050.75,1051.75,0
2026-01-05T08:00:00Z,1051.5,1051.5,1051.0,1051.5,0
2026-01-05T09:00:00Z,1051.25,1052.75,1051.0,1052.5,0
2026-01-05T10:00:00Z,1052.5,1053.25,1052.0,1052.25,0
2026-01-05T11:00:00Z,1052.5,1053.25,1052.25,1052.5,0
2026-01-05T12:00:00Z,1052.5,1053.75,1051.75,1052.5,0
2026-01-05T13:00:00Z,1052.5,1056.25,1052.5,1055.0,0
2026-01-05T14:00:00Z,1054.75,1056.25,1052.75,1055.75,0
2026-01-05T15:00:00Z,1055.5,1060.0,1055.0,1060.0,0
2026-01-05T16:00:00Z,1059.75,1062.0,1058.5,1061.0,0
2026-01-05T17:00:00Z,1061.0,1063.25,1060.25,1062.25,0
2026-01-05T18:00:00Z,1062.25,1063.0,1061.5,1062.0,0
2026-01-05T19:00:00Z,1062.0,1062.25,1061.25,1062.25,0
2026-01-06T01:00:00Z,1062.0,1064.0,1060.5,1063.75,0
2026-01-06T02:00:00Z,1063.5,1065.0,1063.25,1064.5,0
2026-01-06T03:00:00Z,1064.5,1065.75,1064.0,1065.5,0
2026-01-06T04:00:00Z,1065.5,1065.5,1064.75,1065.25,0
2026-01-06T05:00:00Z,1065.25,1065.5,1064.25,1064.5,0
2026-01-06T06:00:00Z,1064.75,1065.75,1064.5,1065.75,0
2026-01-06T07:00:00Z,1065.75,1065.75,1065.0,1065.25,0
2026-01-06T08:00:00Z,1065.0,1065.0,1063.5,1064.25,0
2026-01-06T09:00:00Z,1064.25,1065.0,1063.25,1063.25,0
2026-01-06T10:00:00Z,1063.5,1064.25,1063.5,1063.75,0
2026-01-06T11:00:00Z,1064.0,1064.25,1062.25,1063.75,0
2026-01-06T12:00:00Z,1063.75,1065.5,1063.0,1065.25,0
2026-01-06T13:00:00Z,1065.0,1067.0,1065.0,1066.5,0
2026-01-06T14:00:00Z,1066.5,1068.75,1064.0,1066.25,0
2026-01-06T15:00:00Z,1066.0,1066.5,1063.5,1064.75,0
2026-01-06T16:00:00Z,1064.75,1066.5,1064.25,1064.5,0
2026-01-06T17:00:00Z,1064.75,1064.75,1062.25,1062.5,0
2026-01-06T18:00:00Z,1062.5,1062.75,1058.5,1058.5,0
2026-01-06T19:00:00Z,1058.5,1059.0,1055.5,1056.5,0
2026-01-07T01:00:00Z,1056.75,1062.75,1056.5,1062.0,0
2026-01-07T02:00:00Z,1062.0,1064.75,1061.75,1063.75,0
2026-01-07T03:00:00Z,1063.5,1064.75,1063.25,1064.25,0
2026-01-07T04:00:00Z,1064.5,1064.5,1063.25,1063.75,0
2026-01-07T05:00:00Z,1063.5,1064.25,1062.5,1064.25,0
2026-01-07T06:00:00Z,1064.25,1067.5,1064.25,1066.0,0
2026-01-07T07:00:00Z,1065.75,1066.0,1063.75,1064.0,0
2026-01-07T08:00:00Z,1064.0,1065.0,1063.75,1064.25,0
2026-01-07T09:00:00Z,1064.25,1065.5,1064.0,1065.25,0
2026-01-07T10:00:00Z,1065.25,1065.5,1063.75,1065.0,0
2026-01-07T11:00:00Z,1065.0,1065.5,1064.5,1065.0,0
2026-01-07T12:00:00Z,1065.25,1067.25,1063.75,1067.0,0
2026-01-07T13:00:00Z,1066.75,1069.0,1066.25,1067.75,0
2026-01-07T14:00:00Z,1067.25,1069.0,1064.5,1065.25,0
2026-01-07T15:00:00Z,1065.0,1067.0,1063.75,1065.5,0
2026-01-07T16:00:00Z,1065.75,1069.0,1064.5,1067.75,0
2026-01-07T17:00:00Z,1068.0,1070.5,1067.0,1067.25,0
2026-01-07T18:00:00Z,1067.5,1069.5,1066.5,1068.0,0
2026-01-07T19:00:00Z,1068.0,1068.5,1065.75,1066.0,0
2026-01-08T01:00:00Z,1066.0,1067.25,1064.5,1066.75,0
2026-01-08T02:00:00Z,1066.5,1066.75,1063.5,1063.75,0
2026-01-08T03:00:00Z,1063.75,1064.0,1063.0,1063.5,0
2026-01-08T04:00:00Z,1063.5,1063.75,1063.25,1063.25,0
2026-01-08T05:00:00Z,1063.0,1063.75,1062.5,1063.25,0
2026-01-08T06:00:00Z,1063.0,1064.0,1062.0,1063.25,0
2026-01-08T07:00:00Z,1063.0,1063.25,1062.5,1062.75,0
2026-01-08T08:00:00Z,1062.75,1064.25,1062.0,1062.5,0
2026-01-08T09:00:00Z,1062.25,1065.0,1061.5,1064.25,0
2026-01-08T10:00:00Z,1064.25,1066.75,1063.75,1064.75,0
2026-01-08T11:00:00Z,1064.75,1066.5,1064.5,1066.0,0
2026-01-08T12:00:00Z,1066.0,1067.0,1065.0,1066.75,0
2026-01-08T13:00:00Z,1066.5,1066.5,1064.25,1066.0,0
2026-01-08T14:00:00Z,1065.25,1067.75,1063.0,1063.0,0
2026-01-08T15:00:00Z,1063.0,1065.5,1062.0,1064.75,0
2026-01-08T16:00:00Z,1064.75,1065.25,1062.5,1064.0,0
2026-01-08T17:00:00Z,1064.0,1064.5,1061.25,1062.0,0
2026-01-08T18:00:00Z,1062.0,1063.25,1060.75,1062.25,0
2026-01-08T19:00:00Z,1062.5,1062.5,1060.75,1061.25,0
2026-01-09T01:00:00Z,1061.5,1063.0,1061.5,1062.75,0
2026-01-09T02:00:00Z,1063.0,1065.0,1063.0,1064.0,0
2026-01-09T03:00:00Z,1064.0,1065.5,1063.75,1064.5,0
2026-01-09T04:00:00Z,1064.25,1066.5,1064.0,1066.25,0
2026-01-09T05:00:00Z,1066.25,1066.75,1065.5,1065.75,0
2026-01-09T06:00:00Z,1065.75,1069.0,1065.75,1067.25,0
2026-01-09T07:00:00Z,1067.25,1067.5,1066.5,1066.75,0
2026-01-09T08:00:00Z,1066.75,1066.75,1065.25,1066.0,0
2026-01-09T09:00:00Z,1066.0,1066.75,1065.25,1066.0,0
2026-01-09T10:00:00Z,1066.25,1066.5,1065.75,1066.25,0
2026-01-09T11:00:00Z,1066.5,1067.0,1065.5,1066.75,0
2026-01-09T12:00:00Z,1066.75,1067.25,1066.25,1066.25,0
2026-01-09T13:00:00Z,1066.0,1067.0,1065.25,1066.25,0
2026-01-09T14:00:00Z,1066.0,1066.75,1063.5,1066.0,0
2026-01-09T15:00:00Z,1065.75,1066.75,1063.0,1065.0,0
2026-01-09T16:00:00Z,1065.0,1067.25,1064.5,1065.75,0
2026-01-09T17:00:00Z,1065.5,1067.0,1063.25,1064.5,0
2026-01-09T18:00:00Z,1064.5,1065.0,1062.0,1063.0,0
2026-01-09T19:00:00Z,1063.0,1064.0,1062.25,1062.75,0
2026-01-12T01:00:00Z,1062.0,1065.5,1062.0,1064.0,0
2026-01-12T02:00:00Z,1064.0,1064.0,1061.75,1061.75,0
2026-01-12T03:00:00Z,1062.0,1062.5,1061.75,1061.75,0
2026-01-12T04:00:00Z,1061.75,1062.25,1061.75,1062.25,0
2026-01-12T05:00:00Z,1062.25,1063.0,1062.0,1062.75,0
2026-01-12T06:00:00Z,1062.75,1063.5,1061.5,1062.75,0
2026-01-12T07:00:00Z,1062.75,1064.0,1062.0,1063.75,0
2026-01-12T08:00:00Z,1064.0,1065.5,1063.5,1064.75,0
2026-01-12T09:00:00Z,1064.75,1067.0,1064.5,1066.5,0
2026-01-12T10:00:00Z,1066.5,1066.75,1066.0,1066.75,0
2026-01-12T11:00:00Z,1066.75,1067.5,1066.0,1066.25,0
2026-01-12T12:00:00Z,1066.0,1068.5,1065.75,1067.75,0
2026-01-12T13:00:00Z,1067.5,1068.5,1066.0,1067.75,0
2026-01-12T14:00:00Z,1067.0,1068.25,1064.25,1065.25,0
2026-01-12T15:00:00Z,1065.25,1069.5,1065.0,1069.25,0
2026-01-12T16:00:00Z,1069.0,1071.25,1068.0,1069.25,0
2026-01-12T17:00:00Z,1069.25,1069.25,1043.25,1048.75,0
2026-01-12T18:00:00Z,1048.75,1050.75,1045.5,1048.0,0
2026-01-12T19:00:00Z,1047.75,1051.0,1047.5,1050.5,0
2026-01-13T01:00:00Z,1050.0,1052.25,1047.0,1048.75,0
2026-01-13T02:00:00Z,1048.5,1050.25,1048.5,1049.75,0
2026-01-13T03:00:00Z,1049.75,1050.5,1048.5,1048.75,0
2026-01-13T04:00:00Z,1048.75,1049.0,1048.5,1049.0,0
2026-01-13T05:00:00Z,1049.25,1049.5,1047.5,1048.5,0
2026-01-13T06:00:00Z,1048.25,1048.25,1044.5,1045.75,0
2026-01-13T07:00:00Z,1045.5,1045.5,1043.25,1043.5,0
2026-01-13T08:00:00Z,1043.5,1044.25,1042.5,1043.75,0
2026-01-13T09:00:00Z,1044.0,1045.75,1043.5,1044.0,0
2026-01-13T10:00:00Z,1044.25,1044.75,1042.0,1042.5,0
2026-01-13T11:00:00Z,1042.5,1043.0,1041.5,1042.0,0
2026-01-13T12:00:00Z,1042.0,1043.25,1041.75,1042.75,0
2026-01-13T13:00:00Z,1043.0,1045.75,1043.0,1044.0,0
2026-01-13T14:00:00Z,1044.75,1046.75,1042.0,1043.5,0
2026-01-13T15:00:00Z,1043.75,1046.75,1043.25,1046.75,0
2026-01-13T16:00:00Z,1047.0,1047.0,1043.75,1044.75,0
2026-01-13T17:00:00Z,1044.5,1045.25,1038.75,1039.25,0
2026-01-13T18:00:00Z,1039.25,1039.75,1037.75,1038.75,0
2026-01-13T19:00:00Z,1038.5,1039.75,1038.25,1039.0,0
2026-01-14T01:00:00Z,1039.5,1042.0,1039.0,1041.75,0
2026-01-14T02:00:00Z,1041.75,1043.0,1041.0,1042.75,0
2026-01-14T03:00:00Z,1042.75,1043.0,1041.5,1042.25,0
2026-01-14T04:00:00Z,1042.0,1042.5,1041.75,1041.75,0
2026-01-14T05:00:00Z,1042.0,1042.5,1040.5,1040.75,0
2026-01-14T06:00:00Z,1040.5,1042.0,1040.25,1041.5,0
2026-01-14T07:00:00Z,1041.5,1042.25,1039.75,1040.0,0
2026-01-14T08:00:00Z,1040.0,1043.0,1040.0,1042.5,0
2026-01-14T09:00:00Z,1042.25,1043.75,1042.0,1043.75,0
2026-01-14T10:00:00Z,1043.25,1044.25,1043.0,1043.75,0
2026-01-14T11:00:00Z,1043.75,1044.0,1043.0,1043.0,0
2026-01-14T12:00:00Z,1043.25,1045.5,1043.0,1045.5,0
2026-01-14T13:00:00Z,1045.25,1048.5,1045.0,1048.5,0
2026-01-14T14:00:00Z,1047.75,1049.25,1043.75,1044.25,0
2026-01-14T15:00:00Z,1044.25,1047.5,1043.0,1044.75,0
2026-01-14T16:00:00Z,1044.75,1046.0,1043.5,1045.75,0
2026-01-14T17:00:00Z,1045.75,1048.0,1044.5,1045.0,0
2026-01-14T18:00:00Z,1045.0,1045.0,1041.0,1042.5,0
2026-01-14T19:00:00Z,1042.5,1043.25,1040.5,1042.5,0
2026-01-15T01:00:00Z,1043.5,1044.75,1042.75,1043.0,0
2026-01-15T02:00:00Z,1043.0,1043.5,1041.75,1043.0,0
2026-01-15T03:00:00Z,1042.75,1043.25,1042.0,1042.5,0
2026-01-15T04:00:00Z,1042.5,1042.75,1041.75,1041.75,0
2026-01-15T05:00:00Z,1041.5,1042.75,1041.5,1042.5,0
2026-01-15T06:00:00Z,1042.75,1043.0,1042.0,1042.25,0
2026-01-15T07:00:00Z,1042.0,1043.25,1041.75,1042.5,0
2026-01-15T08:00:00Z,1042.5,1043.5,1042.25,1043.25,0
2026-01-15T09:00:00Z,1043.25,1044.5,1042.75,1044.0,0
2026-01-15T10:00:00Z,1043.75,1045.75,1043.5,1045.0,0
2026-01-15T11:00:00Z,1045.0,1046.0,1044.75,1045.0,0
2026-01-15T12:00:00Z,1044.75,1045.5,1042.5,1043.0,0
2026-01-15T13:00:00Z,1043.0,1044.25,1042.5,1043.5,0
2026-01-15T14:00:00Z,1044.5,1057.0,1044.5,1057.0,0
2026-01-15T15:00:00Z,1057.0,1058.25,1051.75,1056.0,0
2026-01-15T16:00:00Z,1056.0,1056.5,1052.5,1054.75,0
2026-01-15T17:00:00Z,1055.0,1056.25,1052.75,1056.25,0
2026-01-15T18:00:00Z,1056.5,1056.75,1053.0,1053.5,0
2026-01-15T19:00:00Z,1053.5,1053.75,1051.75,1052.5,0
2026-01-16T01:00:00Z,1053.0,1056.25,1051.75,1055.0,0
2026-01-16T02:00:00Z,1055.0,1055.0,1052.5,1053.75,0
2026-01-16T03:00:00Z,1053.5,1055.0,1053.5,1054.0,0
2026-01-16T04:00:00Z,1054.25,1054.25,1053.75,1053.75,0
2026-01-16T05:00:00Z,1054.0,1054.25,1053.0,1053.0,0
2026-01-16T06:00:00Z,1053.25,1053.5,1051.75,1052.75,0
2026-01-16T07:00:00Z,1052.5,1053.0,1052.25,1052.25,0
2026-01-16T08:00:00Z,1052.25,1055.5,1052.0,1055.25,0
2026-01-16T09:00:00Z,1055.25,1056.25,1054.75,1055.5,0
2026-01-16T10:00:00Z,1055.75,1056.5,1055.0,1056.25,0
2026-01-16T11:00:00Z,1056.25,1056.5,1055.25,1055.75,0
2026-01-16T12:00:00Z,1055.75,1056.25,1053.75,1053.75,0
2026-01-16T13:00:00Z,1053.75,1053.75,1051.75,1052.0,0
2026-01-16T14:00:00Z,1051.5,1052.5,1047.75,1050.0,0
2026-01-16T15:00:00Z,1049.75,1053.5,1049.0,1051.25,0
2026-01-16T16:00:00Z,1051.5,1055.0,1051.5,1054.25,0
2026-01-16T17:00:00Z,1054.25,1056.75,1054.25,1055.75,0
2026-01-16T18:00:00Z,1055.5,1059.0,1055.25,1057.5,0
2026-01-16T19:00:00Z,1057.5,1058.0,1056.0,1056.25,0
2026-01-20T01:00:00Z,1053.0,1058.75,1053.0,1057.75,0
2026-01-20T02:00:00Z,1057.75,1059.75,1057.0,1059.75,0
2026-01-20T03:00:00Z,1059.5,1061.0,1059.25,1060.0,0
2026-01-20T04:00:00Z,1059.75,1060.0,1059.0,1059.25,0
2026-01-20T05:00:00Z,1059.25,1059.25,1057.75,1058.0,0
2026-01-20T06:00:00Z,1057.75,1057.75,1054.75,1055.75,0
2026-01-20T07:00:00Z,1055.75,1056.25,1054.25,1054.75,0
2026-01-20T08:00:00Z,1055.0,1055.5,1053.75,1054.0,0
2026-01-20T09:00:00Z,1054.0,1055.25,1053.0,1054.0,0
2026-01-20T10:00:00Z,1054.0,1054.75,1053.5,1054.5,0
2026-01-20T11:00:00Z,1054.5,1056.25,1054.25,1056.25,0
2026-01-20T12:00:00Z,1056.0,1057.25,1055.5,1057.0,0
2026-01-20T13:00:00Z,1057.0,1059.25,1055.0,1056.25,0
2026-01-20T14:00:00Z,1056.0,1059.5,1054.0,1057.5,0
2026-01-20T15:00:00Z,1057.25,1057.75,1052.75,1056.25,0
2026-01-20T16:00:00Z,1056.0,1060.0,1055.5,1060.0,0
2026-01-20T17:00:00Z,1060.0,1061.75,1057.5,1058.75,0
2026-01-20T18:00:00Z,1059.0,1059.0,1053.5,1053.75,0
2026-01-20T19:00:00Z,1054.0,1054.0,1052.0,1053.0,0
2026-01-21T01:00:00Z,1053.25,1057.25,1053.0,1055.5,0
2026-01-21T02:00:00Z,1055.75,1056.75,1055.25,1056.5,0
2026-01-21T03:00:00Z,1056.5,1057.5,1056.25,1056.75,0
2026-01-21T04:00:00Z,1057.0,1057.5,1056.25,1057.25,0
2026-01-21T05:00:00Z,1057.25,1058.75,1057.0,1058.5,0
2026-01-21T06:00:00Z,1058.25,1060.0,1058.25,1058.25,0
2026-01-21T07:00:00Z,1058.5,1059.5,1058.0,1058.5,0
2026-01-21T08:00:00Z,1058.25,1060.5,1058.0,1060.5,0
2026-01-21T09:00:00Z,1060.5,1062.5,1060.0,1061.5,0
2026-01-21T10:00:00Z,1061.75,1063.5,1060.75,1063.5,0
2026-01-21T11:00:00Z,1063.5,1064.0,1062.5,1063.0,0
2026-01-21T12:00:00Z,1063.0,1064.5,1063.0,1063.5,0
2026-01-21T13:00:00Z,1063.25,1065.25,1063.25,1063.75,0
2026-01-21T14:00:00Z,1063.5,1066.75,1062.75,1064.0,0
2026-01-21T15:00:00Z,1064.25,1065.75,1061.5,1065.75,0
2026-01-21T16:00:00Z,1065.75,1069.25,1064.75,1066.75,0
2026-01-21T17:00:00Z,1066.75,1067.5,1064.0,1066.0,0
2026-01-21T18:00:00Z,1065.75,1066.5,1065.0,1066.0,0
2026-01-21T19:00:00Z,1066.0,1066.0,1064.0,1065.0,0
2026-01-22T01:00:00Z,1064.5,1068.25,1064.25,1066.75,0
2026-01-22T02:00:00Z,1066.5,1068.5,1066.5,1067.0,0
2026-01-22T03:00:00Z,1066.75,1067.0,1065.75,1066.75,0
2026-01-22T04:00:00Z,1067.0,1067.0,1066.25,1066.5,0
2026-01-22T05:00:00Z,1066.25,1067.25,1063.25,1066.5,0
2026-01-22T06:00:00Z,1066.5,1067.0,1065.0,1066.25,0
2026-01-22T07:00:00Z,1066.5,1067.5,1066.25,1066.25,0
2026-01-22T08:00:00Z,1066.25,1068.0,1066.25,1067.25,0
2026-01-22T09:00:00Z,1067.5,1068.25,1066.5,1067.5,0
2026-01-22T10:00:00Z,1067.5,1067.5,1066.25,1066.5,0
2026-01-22T11:00:00Z,1066.75,1068.25,1065.25,1068.0,0
2026-01-22T12:00:00Z,1068.0,1070.0,1068.0,1068.25,0
2026-01-22T13:00:00Z,1068.0,1069.5,1067.25,1069.25,0
2026-01-22T14:00:00Z,1068.75,1072.5,1067.0,1067.5,0
2026-01-22T15:00:00Z,1067.75,1068.25,1064.0,1066.25,0
2026-01-22T16:00:00Z,1066.25,1067.0,1062.0,1063.25,0
2026-01-22T17:00:00Z,1063.25,1064.25,1061.75,1062.0,0
2026-01-22T18:00:00Z,1062.0,1064.0,1060.5,1063.25,0
2026-01-22T19:00:00Z,1063.25,1064.5,1063.25,1064.0,0
2026-01-23T01:00:00Z,1063.5,1065.75,1062.25,1065.25,0
2026-01-23T02:00:00Z,1065.0,1065.0,1062.25,1062.5,0
2026-01-23T03:00:00Z,1062.75,1062.75,1061.75,1062.25,0
2026-01-23T04:00:00Z,1062.0,1062.5,1062.0,1062.25,0
2026-01-23T05:00:00Z,1062.0,1063.0,1061.75,1062.5,0
2026-01-23T06:00:00Z,1062.25,1064.0,1061.75,1062.25,0
2026-01-23T07:00:00Z,1061.75,1062.0,1061.5,1061.75,0
2026-01-23T08:00:00Z,1061.5,1064.25,1061.25,1063.75,0
2026-01-23T09:00:00Z,1063.75,1065.5,1063.5,1065.25,0
2026-01-23T10:00:00Z,1065.25,1066.25,1064.75,1066.25,0
2026-01-23T11:00:00Z,1066.25,1067.75,1066.0,1067.25,0
2026-01-23T12:00:00Z,1067.0,1068.25,1066.75,1067.75,0
2026-01-23T13:00:00Z,1067.5,1068.5,1066.25,1068.0,0
2026-01-23T14:00:00Z,1068.75,1070.5,1067.75,1068.5,0
2026-01-23T15:00:00Z,1068.5,1071.5,1067.75,1069.5,0
2026-01-23T16:00:00Z,1069.75,1070.25,1067.25,1069.75,0
2026-01-23T17:00:00Z,1069.75,1070.5,1068.5,1069.75,0
2026-01-23T18:00:00Z,1069.75,1069.75,1066.0,1067.25,0
2026-01-23T19:00:00Z,1067.25,1068.25,1067.0,1067.5,0
2026-01-26T01:00:00Z,1067.75,1073.75,1067.5,1073.5,0
2026-01-26T02:00:00Z,1073.5,1075.0,1073.5,1074.25,0
2026-01-26T03:00:00Z,1074.0,1074.25,1073.75,1074.0,0
2026-01-26T04:00:00Z,1073.75,1074.25,1073.5,1074.25,0
2026-01-26T05:00:00Z,1074.25,1074.5,1073.75,1074.0,0
2026-01-26T06:00:00Z,1073.75,1076.25,1073.5,1074.5,0
2026-01-26T07:00:00Z,1074.5,1075.5,1073.75,1074.75,0
2026-01-26T08:00:00Z,1074.75,1075.75,1072.5,1073.0,0
2026-01-26T09:00:00Z,1073.0,1073.25,1071.75,1072.5,0
2026-01-26T10:00:00Z,1072.25,1072.75,1071.25,1071.75,0
2026-01-26T11:00:00Z,1071.75,1073.0,1071.25,1072.25,0
2026-01-26T12:00:00Z,1072.5,1072.5,1069.25,1069.75,0
2026-01-26T13:00:00Z,1070.0,1070.25,1066.25,1067.0,0
2026-01-26T14:00:00Z,1067.5,1070.0,1064.5,1068.5,0
2026-01-26T15:00:00Z,1068.25,1069.25,1063.25,1063.5,0
2026-01-26T16:00:00Z,1063.75,1065.0,1060.5,1063.25,0
2026-01-26T17:00:00Z,1063.25,1063.75,1061.75,1063.0,0
2026-01-26T18:00:00Z,1063.0,1063.5,1061.0,1061.5,0
2026-01-26T19:00:00Z,1061.25,1062.0,1059.75,1060.0,0
2026-01-27T01:00:00Z,1060.25,1062.25,1058.5,1058.5,0
2026-01-27T02:00:00Z,1058.5,1061.5,1058.5,1061.5,0
2026-01-27T03:00:00Z,1061.25,1061.25,1060.0,1060.75,0
2026-01-27T04:00:00Z,1060.5,1061.0,1060.0,1060.5,0
2026-01-27T05:00:00Z,1060.5,1062.25,1060.5,1062.25,0
2026-01-27T06:00:00Z,1062.25,1063.5,1062.0,1063.0,0
2026-01-27T07:00:00Z,1063.0,1063.25,1062.0,1062.5,0
2026-01-27T08:00:00Z,1062.5,1062.5,1060.75,1061.5,0
2026-01-27T09:00:00Z,1061.5,1063.75,1061.25,1063.5,0
2026-01-27T10:00:00Z,1063.5,1064.25,1063.25,1063.75,0
2026-01-27T11:00:00Z,1064.0,1064.0,1063.0,1063.5,0
2026-01-27T12:00:00Z,1063.25,1064.25,1062.5,1063.75,0
2026-01-27T13:00:00Z,1064.0,1067.75,1064.0,1067.5,0
2026-01-27T14:00:00Z,1067.25,1067.75,1064.75,1066.0,0
2026-01-27T15:00:00Z,1066.25,1069.5,1065.0,1068.5,0
2026-01-27T16:00:00Z,1068.5,1069.0,1067.25,1067.75,0
2026-01-27T17:00:00Z,1067.75,1068.25,1067.0,1067.5,0
2026-01-27T18:00:00Z,1067.5,1068.25,1066.5,1066.75,0
2026-01-27T19:00:00Z,1066.75,1068.0,1066.0,1067.5,0
2026-01-28T01:00:00Z,1067.25,1071.25,1067.0,1071.0,0
2026-01-28T02:00:00Z,1071.25,1074.0,1070.75,1072.5,0
2026-01-28T03:00:00Z,1072.75,1073.25,1072.25,1072.75,0
2026-01-28T04:00:00Z,1072.75,1073.75,1072.75,1073.75,0
2026-01-28T05:00:00Z,1073.75,1074.75,1073.5,1074.25,0
2026-01-28T06:00:00Z,1074.25,1075.0,1074.0,1075.0,0
2026-01-28T07:00:00Z,1074.75,1075.0,1073.0,1073.25,0
2026-01-28T08:00:00Z,1073.5,1075.25,1073.5,1074.25,0
2026-01-28T09:00:00Z,1074.0,1077.0,1073.5,1075.75,0
2026-01-28T10:00:00Z,1076.0,1077.25,1075.5,1077.25,0
2026-01-28T11:00:00Z,1077.25,1078.75,1076.5,1077.25,0
2026-01-28T12:00:00Z,1077.5,1078.0,1076.25,1077.25,0
2026-01-28T13:00:00Z,1077.25,1079.0,1076.75,1078.5,0
2026-01-28T14:00:00Z,1077.25,1084.75,1077.25,1080.5,0
2026-01-28T15:00:00Z,1080.5,1082.5,1074.25,1075.0,0
2026-01-28T16:00:00Z,1075.25,1079.25,1074.5,1078.0,0
2026-01-28T17:00:00Z,1078.25,1078.5,1075.25,1076.0,0
2026-01-28T18:00:00Z,1076.25,1076.5,1072.5,1075.0,0
2026-01-28T19:00:00Z,1075.0,1075.5,1073.75,1074.75,0
2026-01-29T01:00:00Z,1075.0,1078.75,1075.0,1077.75,0
2026-01-29T02:00:00Z,1077.5,1077.5,1075.0,1076.25,0
2026-01-29T03:00:00Z,1076.25,1077.75,1076.0,1077.75,0
2026-01-29T04:00:00Z,1077.5,1078.0,1077.25,1078.0,0
2026-01-29T05:00:00Z,1078.0,1078.5,1076.75,1078.0,0
2026-01-29T06:00:00Z,1078.0,1081.5,1077.75,1081.0,0
2026-01-29T07:00:00Z,1081.0,1081.5,1080.0,1080.5,0
2026-01-29T08:00:00Z,1080.5,1081.25,1080.0,1080.5,0
2026-01-29T09:00:00Z,1080.5,1081.5,1079.5,1081.25,0
2026-01-29T10:00:00Z,1081.25,1082.0,1080.75,1081.5,0
2026-01-29T11:00:00Z,1081.5,1082.0,1079.75,1080.0,0
2026-01-29T12:00:00Z,1080.0,1083.0,1079.5,1082.5,0
2026-01-29T13:00:00Z,1082.25,1083.75,1078.0,1080.5,0
2026-01-29T14:00:00Z,1080.5,1085.5,1079.0,1081.0,0
2026-01-29T15:00:00Z,1081.0,1081.25,1069.75,1071.5,0
2026-01-29T16:00:00Z,1071.5,1075.5,1070.75,1071.75,0
2026-01-29T17:00:00Z,1072.0,1075.0,1070.75,1072.25,0
2026-01-29T18:00:00Z,1072.0,1072.25,1069.0,1071.25,0
2026-01-29T19:00:00Z,1071.25,1072.75,1070.25,1072.0,0
2026-01-30T01:00:00Z,1072.5,1074.0,1067.75,1068.5,0
2026-01-30T02:00:00Z,1068.5,1068.75,1065.0,1066.5,0
2026-01-30T03:00:00Z,1066.75,1067.0,1065.5,1066.25,0
2026-01-30T04:00:00Z,1066.25,1067.0,1066.0,1067.0,0
2026-01-30T05:00:00Z,1067.0,1069.0,1066.75,1068.5,0
2026-01-30T06:00:00Z,1068.5,1069.75,1066.0,1067.0,0
2026-01-30T07:00:00Z,1067.0,1067.5,1066.0,1066.0,0
2026-01-30T08:00:00Z,1065.75,1066.25,1065.0,1065.25,0
2026-01-30T09:00:00Z,1065.5,1066.0,1062.75,1063.75,0
2026-01-30T10:00:00Z,1063.75,1066.0,1063.75,1065.25,0
2026-01-30T11:00:00Z,1065.5,1067.75,1065.0,1066.5,0
2026-01-30T12:00:00Z,1066.75,1067.25,1065.25,1066.5,0
2026-01-30T13:00:00Z,1066.25,1067.0,1064.5,1066.0,0
2026-01-30T14:00:00Z,1066.0,1070.25,1065.5,1068.75,0
2026-01-30T15:00:00Z,1069.0,1071.0,1063.5,1063.5,0
2026-01-30T16:00:00Z,1063.75,1067.0,1063.0,1066.75,0
2026-01-30T17:00:00Z,1066.75,1067.25,1061.75,1061.75,0
2026-01-30T18:00:00Z,1061.75,1063.25,1061.0,1062.5,0
2026-01-30T19:00:00Z,1062.25,1064.75,1062.0,1064.25,0
2026-02-02T01:00:00Z,1063.5,1064.0,1058.0,1059.75,0
2026-02-02T02:00:00Z,1060.0,1060.0,1055.75,1056.25,0
2026-02-02T03:00:00Z,1056.0,1056.5,1055.0,1055.5,0
2026-02-02T04:00:00Z,1055.5,1056.0,1055.25,1055.5,0
2026-02-02T05:00:00Z,1055.5,1056.0,1053.25,1053.5,0
2026-02-02T06:00:00Z,1053.5,1056.25,1051.75,1055.75,0
2026-02-02T07:00:00Z,1055.5,1057.25,1055.5,1056.75,0
2026-02-02T08:00:00Z,1056.75,1058.0,1056.0,1057.5,0
2026-02-02T09:00:00Z,1057.75,1058.5,1056.25,1058.25,0
2026-02-02T10:00:00Z,1058.5,1059.75,1057.5,1058.5,0
2026-02-02T11:00:00Z,1058.5,1059.0,1057.5,1058.5,0
2026-02-02T12:00:00Z,1058.75,1060.25,1058.0,1059.0,0
2026-02-02T13:00:00Z,1059.0,1059.5,1057.5,1058.5,0
2026-02-02T14:00:00Z,1058.0,1061.75,1057.25,1061.0,0
2026-02-02T15:00:00Z,1061.0,1061.5,1057.75,1060.75,0
2026-02-02T16:00:00Z,1060.5,1061.25,1058.0,1058.5,0
2026-02-02T17:00:00Z,1058.25,1060.0,1058.25,1059.0,0
2026-02-02T18:00:00Z,1059.0,1060.0,1058.25,1059.5,0
2026-02-02T19:00:00Z,1059.25,1060.75,1059.0,1060.0,0
2026-02-03T01:00:00Z,1060.5,1066.25,1060.0,1063.75,0
2026-02-03T02:00:00Z,1063.75,1063.75,1060.75,1061.5,0
2026-02-03T03:00:00Z,1061.75,1062.5,1061.25,1062.5,0
2026-02-03T04:00:00Z,1062.5,1063.0,1062.5,1062.75,0
2026-02-03T05:00:00Z,1063.0,1063.25,1062.0,1062.5,0
2026-02-03T06:00:00Z,1062.25,1063.5,1060.5,1060.75,0
2026-02-03T07:00:00Z,1060.5,1062.5,1060.5,1061.75,0
2026-02-03T08:00:00Z,1062.0,1064.0,1061.75,1062.75,0
2026-02-03T09:00:00Z,1062.5,1065.75,1062.0,1065.0,0
2026-02-03T10:00:00Z,1065.25,1067.25,1065.25,1067.0,0
2026-02-03T11:00:00Z,1066.75,1067.5,1066.25,1067.25,0
2026-02-03T12:00:00Z,1067.25,1070.5,1067.25,1069.5,0
2026-02-03T13:00:00Z,1069.75,1070.5,1068.0,1068.5,0
2026-02-03T14:00:00Z,1068.25,1071.0,1066.75,1068.0,0
2026-02-03T15:00:00Z,1068.25,1069.5,1065.5,1068.5,0
2026-02-03T16:00:00Z,1068.5,1068.75,1065.0,1066.25,0
2026-02-03T17:00:00Z,1066.0,1069.25,1064.75,1067.75,0
2026-02-03T18:00:00Z,1067.75,1068.25,1064.0,1064.75,0
2026-02-03T19:00:00Z,1065.0,1067.0,1062.75,1066.75,0
2026-02-04T01:00:00Z,1066.75,1069.0,1066.0,1067.25,0
2026-02-04T02:00:00Z,1067.25,1068.25,1065.0,1065.25,0
2026-02-04T03:00:00Z,1065.25,1065.5,1064.5,1065.0,0
2026-02-04T04:00:00Z,1065.0,1065.5,1064.75,1064.75,0
2026-02-04T05:00:00Z,1064.75,1065.0,1064.25,1064.5,0
2026-02-04T06:00:00Z,1064.5,1065.0,1064.25,1064.5,0
2026-02-04T07:00:00Z,1064.5,1065.5,1064.25,1064.5,0
2026-02-04T08:00:00Z,1064.25,1064.5,1062.25,1062.5,0
2026-02-04T09:00:00Z,1062.5,1062.5,1061.25,1061.5,0
2026-02-04T10:00:00Z,1061.75,1063.5,1061.0,1063.25,0
2026-02-04T11:00:00Z,1063.5,1063.5,1062.0,1063.0,0
2026-02-04T12:00:00Z,1063.0,1063.25,1061.5,1062.25,0
2026-02-04T13:00:00Z,1062.5,1064.5,1061.75,1063.0,0
2026-02-04T14:00:00Z,1063.0,1067.0,1062.25,1063.5,0
2026-02-04T15:00:00Z,1063.25,1095.5,1059.5,1091.5,0
2026-02-04T16:00:00Z,1091.75,1115.25,1090.0,1091.0,0
2026-02-04T17:00:00Z,1091.0,1097.75,1090.25,1090.75,0
2026-02-04T18:00:00Z,1091.0,1094.0,1088.0,1092.0,0
2026-02-04T19:00:00Z,1092.25,1093.25,1090.75,1092.0,0
2026-02-05T01:00:00Z,1090.25,1098.5,1089.0,1090.75,0
2026-02-05T02:00:00Z,1090.5,1090.5,1086.75,1087.75,0
2026-02-05T03:00:00Z,1087.75,1099.5,1087.25,1098.5,0
2026-02-05T04:00:00Z,1098.25,1102.25,1098.25,1100.0,0
2026-02-05T05:00:00Z,1099.75,1101.25,1099.25,1100.0,0
2026-02-05T06:00:00Z,1100.0,1100.5,1096.0,1098.0,0
2026-02-05T07:00:00Z,1097.75,1101.0,1097.75,1100.25,0
2026-02-05T08:00:00Z,1100.5,1102.25,1097.5,1101.5,0
2026-02-05T09:00:00Z,1101.5,1105.25,1100.75,1103.75,0
2026-02-05T10:00:00Z,1104.0,1105.0,1101.25,1102.75,0
2026-02-05T11:00:00Z,1102.5,1105.25,1101.75,1103.75,0
2026-02-05T12:00:00Z,1103.5,1106.0,1100.25,1101.0,0
2026-02-05T13:00:00Z,1100.75,1103.0,1099.25,1102.5,0
2026-02-05T14:00:00Z,1100.5,1109.0,1098.5,1107.0,0
2026-02-05T15:00:00Z,1107.0,1110.5,1105.25,1106.75,0
2026-02-05T16:00:00Z,1106.75,1111.75,1106.0,1109.0,0
2026-02-05T17:00:00Z,1109.25,1111.25,1107.5,1109.25,0
2026-02-05T18:00:00Z,1109.25,1113.25,1109.25,1111.75,0
2026-02-05T19:00:00Z,1111.75,1113.0,1110.5,1110.75,0
2026-02-06T01:00:00Z,1108.5,1109.0,1102.0,1106.75,0
2026-02-06T02:00:00Z,1106.5,1109.25,1106.0,1107.75,0
2026-02-06T03:00:00Z,1107.75,1108.25,1106.75,1107.5,0
2026-02-06T04:00:00Z,1107.25,1107.5,1106.25,1106.25,0
2026-02-06T05:00:00Z,1106.25,1108.5,1106.25,1107.5,0
2026-02-06T06:00:00Z,1107.75,1108.0,1103.25,1103.75,0
2026-02-06T07:00:00Z,1103.75,1105.75,1103.75,1104.75,0
2026-02-06T08:00:00Z,1104.75,1106.25,1104.0,1105.75,0
2026-02-06T09:00:00Z,1105.5,1110.0,1104.75,1109.5,0
2026-02-06T10:00:00Z,1109.25,1113.0,1108.75,1113.0,0
2026-02-06T11:00:00Z,1113.0,1116.5,1112.25,1115.5,0
2026-02-06T12:00:00Z,1115.25,1117.25,1114.75,1116.25,0
2026-02-06T13:00:00Z,1116.25,1120.0,1115.0,1118.0,0
2026-02-06T14:00:00Z,1118.25,1131.0,1118.0,1123.5,0
2026-02-06T15:00:00Z,1123.25,1137.75,1121.75,1136.25,0
2026-02-06T16:00:00Z,1136.0,1136.25,1124.5,1126.0,0
2026-02-06T17:00:00Z,1125.75,1126.0,1112.5,1113.0,0
2026-02-06T18:00:00Z,1113.0,1116.0,1110.5,1112.75,0
2026-02-06T19:00:00Z,1112.75,1115.75,1111.75,1114.75,0
2026-02-09T01:00:00Z,1112.25,1112.75,1108.0,1110.25,0
2026-02-09T02:00:00Z,1110.25,1112.5,1109.75,1110.75,0
2026-02-09T03:00:00Z,1110.5,1112.0,1110.25,1111.0,0
2026-02-09T04:00:00Z,1111.0,1111.5,1110.5,1111.5,0
2026-02-09T05:00:00Z,1111.25,1112.0,1111.0,1111.0,0
2026-02-09T06:00:00Z,1110.75,1110.75,1108.75,1109.75,0
2026-02-09T07:00:00Z,1109.75,1110.75,1109.5,1110.25,0
2026-02-09T08:00:00Z,1110.25,1113.5,1109.75,1112.5,0
2026-02-09T09:00:00Z,1112.75,1113.25,1107.25,1108.25,0
2026-02-09T10:00:00Z,1108.0,1110.75,1107.0,1110.0,0
2026-02-09T11:00:00Z,1110.25,1111.25,1109.5,1110.5,0
2026-02-09T12:00:00Z,1110.75,1114.75,1110.75,1113.25,0
2026-02-09T13:00:00Z,1113.5,1115.75,1112.25,1114.5,0
2026-02-09T14:00:00Z,1114.5,1116.25,1110.25,1114.25,0
2026-02-09T15:00:00Z,1114.0,1114.75,1108.0,1109.25,0
2026-02-09T16:00:00Z,1109.25,1112.25,1107.75,1109.0,0
2026-02-09T17:00:00Z,1109.0,1109.0,1106.5,1107.0,0
2026-02-09T18:00:00Z,1107.0,1111.0,1106.0,1111.0,0
2026-02-09T19:00:00Z,1110.75,1111.75,1109.75,1109.75,0
2026-02-10T01:00:00Z,1110.0,1111.75,1108.5,1111.5,0
2026-02-10T02:00:00Z,1111.75,1113.5,1111.75,1112.25,0
2026-02-10T03:00:00Z,1112.25,1112.5,1110.5,1111.5,0
2026-02-10T04:00:00Z,1111.75,1112.25,1111.25,1112.0,0
2026-02-10T05:00:00Z,1112.0,1112.5,1111.75,1111.75,0
2026-02-10T06:00:00Z,1111.75,1111.75,1109.75,1110.25,0
2026-02-10T07:00:00Z,1110.25,1110.25,1109.25,1110.25,0
2026-02-10T08:00:00Z,1110.0,1110.75,1109.0,1109.75,0
2026-02-10T09:00:00Z,1110.0,1110.0,1106.25,1107.0,0
2026-02-10T10:00:00Z,1107.0,1109.0,1106.75,1108.75,0
2026-02-10T11:00:00Z,1109.0,1114.75,1109.0,1113.25,0
2026-02-10T12:00:00Z,1113.25,1115.0,1112.5,1114.25,0
2026-02-10T13:00:00Z,1114.25,1117.25,1114.0,1114.75,0
2026-02-10T14:00:00Z,1113.75,1118.0,1113.25,1117.25,0
2026-02-10T15:00:00Z,1117.25,1123.5,1117.25,1121.75,0
2026-02-10T16:00:00Z,1122.0,1124.0,1119.0,1119.25,0
2026-02-10T17:00:00Z,1119.5,1123.0,1113.75,1119.5,0
2026-02-10T18:00:00Z,1119.5,1123.0,1118.5,1119.0,0
2026-02-10T19:00:00Z,1119.0,1123.75,1118.5,1123.25,0
2026-02-11T01:00:00Z,1122.5,1125.0,1120.5,1123.0,0
2026-02-11T02:00:00Z,1123.0,1125.0,1123.0,1124.75,0
2026-02-11T03:00:00Z,1124.75,1124.75,1121.75,1122.75,0
2026-02-11T04:00:00Z,1122.75,1123.25,1121.75,1122.25,0
2026-02-11T05:00:00Z,1122.5,1123.0,1122.25,1123.0,0
2026-02-11T06:00:00Z,1123.0,1124.5,1121.5,1121.75,0
2026-02-11T07:00:00Z,1121.75,1122.75,1120.75,1121.5,0
2026-02-11T08:00:00Z,1121.5,1122.5,1120.75,1121.75,0
2026-02-11T09:00:00Z,1121.75,1122.0,1117.75,1118.0,0
2026-02-11T10:00:00Z,1118.0,1119.5,1117.25,1119.0,0
2026-02-11T11:00:00Z,1118.75,1120.25,1117.75,1118.5,0
2026-02-11T12:00:00Z,1118.5,1122.25,1117.75,1121.75,0
2026-02-11T13:00:00Z,1121.75,1122.25,1118.0,1120.0,0
2026-02-11T14:00:00Z,1119.0,1121.25,1115.0,1116.25,0
2026-02-11T15:00:00Z,1116.0,1119.0,1113.0,1115.75,0
2026-02-11T16:00:00Z,1115.75,1118.75,1113.5,1118.25,0
2026-02-11T17:00:00Z,1118.25,1124.0,1117.75,1123.5,0
2026-02-11T18:00:00Z,1123.75,1128.25,1123.25,1124.5,0
2026-02-11T19:00:00Z,1124.25,1125.0,1123.0,1123.5,0
2026-02-12T01:00:00Z,1129.5,1141.0,1128.5,1133.5,0
2026-02-12T02:00:00Z,1133.75,1136.0,1133.25,1134.0,0
2026-02-12T03:00:00Z,1134.0,1135.5,1133.75,1134.25,0
2026-02-12T04:00:00Z,1134.5,1135.5,1134.5,1134.5,0
2026-02-12T05:00:00Z,1134.75,1136.75,1134.5,1136.5,0
2026-02-12T06:00:00Z,1136.5,1137.25,1132.0,1133.0,0
2026-02-12T07:00:00Z,1133.0,1134.25,1131.25,1132.0,0
2026-02-12T08:00:00Z,1132.25,1136.0,1132.25,1135.75,0
2026-02-12T09:00:00Z,1135.75,1137.0,1135.0,1136.5,0
2026-02-12T10:00:00Z,1136.25,1137.5,1134.75,1137.25,0
2026-02-12T11:00:00Z,1137.5,1139.5,1136.5,1136.75,0
2026-02-12T12:00:00Z,1136.75,1137.5,1134.0,1134.25,0
2026-02-12T13:00:00Z,1134.25,1136.0,1134.0,1135.0,0
2026-02-12T14:00:00Z,1134.75,1141.5,1134.25,1135.5,0
2026-02-12T15:00:00Z,1135.5,1138.75,1134.75,1138.0,0
2026-02-12T16:00:00Z,1138.0,1140.75,1134.75,1136.25,0
2026-02-12T17:00:00Z,1136.5,1137.25,1131.25,1134.0,0
2026-02-12T18:00:00Z,1134.0,1138.0,1133.5,1137.0,0
2026-02-12T19:00:00Z,1136.75,1139.25,1136.25,1136.5,0
2026-02-13T01:00:00Z,1150.5,1154.0,1149.75,1153.5,0
2026-02-13T02:00:00Z,1153.5,1154.5,1152.5,1154.5,0
2026-02-13T03:00:00Z,1154.5,1155.25,1151.75,1152.25,0
2026-02-13T04:00:00Z,1152.25,1153.0,1152.25,1153.0,0
2026-02-13T05:00:00Z,1152.75,1152.75,1149.75,1151.25,0
2026-02-13T06:00:00Z,1151.0,1152.25,1149.5,1150.0,0
2026-02-13T07:00:00Z,1149.75,1149.75,1146.75,1147.75,0
2026-02-13T08:00:00Z,1147.75,1149.75,1147.5,1148.75,0
2026-02-13T09:00:00Z,1148.5,1150.5,1146.25,1148.75,0
2026-02-13T10:00:00Z,1148.5,1149.0,1147.5,1148.75,0
2026-02-13T11:00:00Z,1148.5,1148.75,1145.0,1146.75,0
2026-02-13T12:00:00Z,1146.5,1148.5,1143.75,1144.5,0
2026-02-13T13:00:00Z,1144.5,1146.75,1142.25,1145.0,0
2026-02-13T14:00:00Z,1144.0,1147.75,1142.0,1142.75,0
2026-02-13T15:00:00Z,1143.0,1146.75,1137.75,1143.25,0
2026-02-13T16:00:00Z,1143.25,1147.0,1142.25,1146.5,0
2026-02-13T17:00:00Z,1146.5,1148.5,1145.25,1148.5,0
2026-02-13T18:00:00Z,1148.5,1151.25,1148.25,1150.75,0
2026-02-13T19:00:00Z,1150.75,1151.25,1147.5,1149.75,0
2026-02-17T01:00:00Z,1147.5,1147.75,1141.0,1144.25,0
2026-02-17T02:00:00Z,1144.25,1144.25,1142.0,1142.0,0
2026-02-17T03:00:00Z,1142.25,1142.5,1141.25,1142.25,0
2026-02-17T04:00:00Z,1142.25,1142.5,1141.5,1142.5,0
2026-02-17T05:00:00Z,1142.25,1142.75,1141.75,1142.0,0
2026-02-17T06:00:00Z,1142.0,1143.75,1142.0,1143.5,0
2026-02-17T07:00:00Z,1143.5,1143.5,1141.5,1143.5,0
2026-02-17T08:00:00Z,1143.5,1145.5,1143.5,1144.75,0
2026-02-17T09:00:00Z,1144.5,1146.75,1143.5,1146.0,0
2026-02-17T10:00:00Z,1146.5,1147.5,1146.25,1147.25,0
2026-02-17T11:00:00Z,1147.25,1148.5,1146.75,1147.75,0
2026-02-17T12:00:00Z,1147.5,1148.25,1145.0,1146.0,0
2026-02-17T13:00:00Z,1145.75,1146.0,1144.0,1145.25,0
2026-02-17T14:00:00Z,1145.0,1151.75,1142.75,1151.0,0
2026-02-17T15:00:00Z,1150.75,1151.75,1146.5,1148.5,0
2026-02-17T16:00:00Z,1149.0,1153.25,1148.75,1153.0,0
2026-02-17T17:00:00Z,1153.0,1153.75,1149.0,1149.5,0
2026-02-17T18:00:00Z,1149.25,1150.0,1147.5,1148.5,0
2026-02-17T19:00:00Z,1148.5,1150.0,1147.75,1150.0,0
2026-02-18T01:00:00Z,1149.25,1157.5,1149.25,1155.25,0
2026-02-18T02:00:00Z,1155.25,1155.75,1154.75,1155.25,0
2026-02-18T03:00:00Z,1155.5,1156.25,1155.0,1155.25,0
2026-02-18T04:00:00Z,1155.25,1155.75,1155.25,1155.5,0
2026-02-18T05:00:00Z,1155.5,1155.5,1154.5,1155.25,0
2026-02-18T06:00:00Z,1155.25,1156.5,1155.0,1156.0,0
2026-02-18T07:00:00Z,1156.0,1156.5,1155.0,1155.25,0
2026-02-18T08:00:00Z,1155.5,1157.25,1155.0,1155.25,0
2026-02-18T09:00:00Z,1155.25,1158.5,1155.25,1158.0,0
2026-02-18T10:00:00Z,1158.25,1158.75,1157.0,1157.5,0
2026-02-18T11:00:00Z,1157.5,1159.0,1157.25,1158.25,0
2026-02-18T12:00:00Z,1158.25,1158.5,1155.25,1156.0,0
2026-02-18T13:00:00Z,1155.75,1157.0,1153.5,1155.0,0
2026-02-18T14:00:00Z,1154.75,1157.5,1151.0,1155.0,0
2026-02-18T15:00:00Z,1155.25,1156.75,1150.0,1150.5,0
2026-02-18T16:00:00Z,1150.75,1153.25,1148.25,1150.5,0
2026-02-18T17:00:00Z,1150.5,1150.5,1143.25,1146.75,0
2026-02-18T18:00:00Z,1146.75,1149.5,1146.75,1148.25,0
2026-02-18T19:00:00Z,1148.0,1149.75,1147.75,1147.75,0
2026-02-19T01:00:00Z,1148.0,1149.75,1144.75,1149.25,0
2026-02-19T02:00:00Z,1149.0,1149.25,1148.5,1149.25,0
2026-02-19T03:00:00Z,1149.25,1151.0,1149.25,1151.0,0
2026-02-19T04:00:00Z,1151.0,1151.0,1149.5,1149.5,0
2026-02-19T05:00:00Z,1149.5,1150.0,1149.25,1150.0,0
2026-02-19T06:00:00Z,1149.75,1151.0,1149.75,1150.75,0
2026-02-19T07:00:00Z,1151.0,1151.0,1150.0,1150.5,0
2026-02-19T08:00:00Z,1150.5,1153.75,1150.0,1153.25,0
2026-02-19T09:00:00Z,1153.5,1153.75,1150.5,1152.75,0
2026-02-19T10:00:00Z,1152.75,1154.25,1151.75,1153.75,0
2026-02-19T11:00:00Z,1153.5,1153.5,1150.0,1150.75,0
2026-02-19T12:00:00Z,1150.75,1152.5,1148.5,1149.0,0
2026-02-19T13:00:00Z,1149.25,1150.25,1147.25,1149.75,0
2026-02-19T14:00:00Z,1149.0,1152.25,1146.5,1149.25,0
2026-02-19T15:00:00Z,1149.25,1153.0,1148.0,1150.0,0
2026-02-19T16:00:00Z,1150.0,1153.0,1148.75,1150.75,0
2026-02-19T17:00:00Z,1151.0,1154.0,1150.25,1153.5,0
2026-02-19T18:00:00Z,1153.5,1154.75,1152.25,1154.75,0
2026-02-19T19:00:00Z,1154.75,1157.0,1154.0,1156.5,0
2026-02-20T01:00:00Z,1155.0,1157.75,1153.0,1156.75,0
2026-02-20T02:00:00Z,1156.75,1157.25,1155.0,1156.25,0
2026-02-20T03:00:00Z,1156.0,1156.0,1154.25,1155.0,0
2026-02-20T04:00:00Z,1155.0,1155.0,1154.25,1154.75,0
2026-02-20T05:00:00Z,1154.75,1155.75,1154.75,1155.5,0
2026-02-20T06:00:00Z,1155.25,1155.75,1154.75,1155.25,0
2026-02-20T07:00:00Z,1155.0,1155.25,1153.0,1153.0,0
2026-02-20T08:00:00Z,1153.25,1154.25,1152.25,1152.25,0
2026-02-20T09:00:00Z,1152.25,1154.75,1152.0,1152.75,0
2026-02-20T10:00:00Z,1152.75,1153.75,1152.0,1153.5,0
2026-02-20T11:00:00Z,1153.25,1154.5,1152.75,1153.0,0
2026-02-20T12:00:00Z,1152.75,1157.25,1152.0,1156.75,0
2026-02-20T13:00:00Z,1157.0,1160.0,1155.0,1159.5,0
2026-02-20T14:00:00Z,1159.0,1162.5,1158.25,1161.75,0
2026-02-20T15:00:00Z,1161.75,1163.0,1136.5,1146.0,0
2026-02-20T16:00:00Z,1146.0,1153.25,1145.75,1151.75,0
2026-02-20T17:00:00Z,1152.0,1155.75,1150.5,1153.75,0
2026-02-20T18:00:00Z,1153.75,1154.5,1146.75,1152.75,0
2026-02-20T19:00:00Z,1152.75,1154.0,1151.75,1153.75,0
2026-02-23T01:00:00Z,1149.5,1149.75,1145.25,1147.0,0
2026-02-23T02:00:00Z,1147.0,1147.0,1145.0,1146.0,0
2026-02-23T03:00:00Z,1145.75,1146.25,1143.5,1145.0,0
2026-02-23T04:00:00Z,1145.0,1146.5,1145.0,1146.5,0
2026-02-23T05:00:00Z,1146.25,1146.75,1145.75,1146.25,0
2026-02-23T06:00:00Z,1146.5,1147.75,1146.5,1146.5,0
2026-02-23T07:00:00Z,1146.5,1147.0,1145.25,1146.0,0
2026-02-23T08:00:00Z,1146.25,1150.0,1145.25,1147.5,0
2026-02-23T09:00:00Z,1147.5,1149.0,1146.75,1146.75,0
2026-02-23T10:00:00Z,1146.5,1147.75,1144.25,1145.25,0
2026-02-23T11:00:00Z,1145.25,1146.5,1143.75,1144.25,0
2026-02-23T12:00:00Z,1144.25,1144.75,1143.0,1144.25,0
2026-02-23T13:00:00Z,1144.25,1148.25,1143.0,1147.0,0
2026-02-23T14:00:00Z,1146.75,1157.75,1146.75,1157.5,0
2026-02-23T15:00:00Z,1157.25,1162.0,1155.75,1159.5,0
2026-02-23T16:00:00Z,1159.5,1165.0,1159.0,1163.75,0
2026-02-23T17:00:00Z,1163.75,1163.75,1154.75,1155.25,0
2026-02-23T18:00:00Z,1155.0,1155.5,1148.0,1148.75,0
2026-02-23T19:00:00Z,1148.75,1150.75,1148.25,1150.25,0
2026-02-24T01:00:00Z,1150.0,1152.5,1145.5,1147.0,0
2026-02-24T02:00:00Z,1147.25,1148.75,1147.25,1148.0,0
2026-02-24T03:00:00Z,1147.75,1147.75,1146.5,1147.0,0
2026-02-24T04:00:00Z,1147.25,1147.5,1146.25,1146.5,0
2026-02-24T05:00:00Z,1146.25,1146.25,1144.5,1146.0,0
2026-02-24T06:00:00Z,1145.75,1146.5,1144.0,1144.75,0
2026-02-24T07:00:00Z,1144.75,1145.25,1144.0,1144.75,0
2026-02-24T08:00:00Z,1144.75,1148.75,1144.5,1145.5,0
2026-02-24T09:00:00Z,1145.5,1145.75,1144.25,1144.75,0
2026-02-24T10:00:00Z,1145.0,1145.25,1143.5,1145.25,0
2026-02-24T11:00:00Z,1145.25,1147.25,1144.75,1145.0,0
2026-02-24T12:00:00Z,1144.75,1145.75,1143.5,1144.5,0
2026-02-24T13:00:00Z,1144.75,1147.25,1144.5,1147.0,0
2026-02-24T14:00:00Z,1149.5,1156.0,1145.5,1154.75,0
2026-02-24T15:00:00Z,1154.5,1157.75,1152.0,1157.0,0
2026-02-24T16:00:00Z,1157.0,1157.25,1153.0,1156.0,0
2026-02-24T17:00:00Z,1156.0,1156.75,1154.0,1155.25,0
2026-02-24T18:00:00Z,1155.25,1156.5,1154.75,1155.5,0
2026-02-24T19:00:00Z,1155.5,1156.0,1154.25,1154.5,0
2026-02-25T01:00:00Z,1155.0,1164.5,1153.5,1161.75,0
2026-02-25T02:00:00Z,1161.75,1164.75,1161.5,1164.5,0
2026-02-25T03:00:00Z,1164.5,1165.5,1163.75,1164.25,0
2026-02-25T04:00:00Z,1164.25,1164.5,1163.0,1163.25,0
2026-02-25T05:00:00Z,1163.5,1165.0,1163.0,1164.25,0
2026-02-25T06:00:00Z,1164.0,1164.5,1163.0,1163.5,0
2026-02-25T07:00:00Z,1163.5,1164.0,1159.5,1159.75,0
2026-02-25T08:00:00Z,1160.0,1161.25,1158.25,1160.75,0
2026-02-25T09:00:00Z,1160.25,1161.5,1158.75,1159.25,0
2026-02-25T10:00:00Z,1159.0,1160.75,1158.5,1160.25,0
2026-02-25T11:00:00Z,1160.25,1160.5,1157.5,1158.25,0
2026-02-25T12:00:00Z,1158.0,1159.0,1157.0,1158.25,0
2026-02-25T13:00:00Z,1158.5,1159.5,1156.25,1156.25,0
2026-02-25T14:00:00Z,1156.0,1157.0,1148.25,1149.25,0
2026-02-25T15:00:00Z,1149.25,1156.5,1149.25,1153.25,0
2026-02-25T16:00:00Z,1153.5,1160.5,1152.75,1160.5,0
2026-02-25T17:00:00Z,1160.5,1164.0,1160.25,1162.25,0
2026-02-25T18:00:00Z,1162.5,1163.5,1161.0,1163.5,0
2026-02-25T19:00:00Z,1163.75,1166.0,1163.5,1165.25,0
2026-02-26T01:00:00Z,1164.5,1168.75,1163.25,1168.25,0
2026-02-26T02:00:00Z,1168.25,1168.75,1166.5,1167.5,0
2026-02-26T03:00:00Z,1167.5,1168.0,1167.0,1167.5,0
2026-02-26T04:00:00Z,1167.75,1168.75,1167.5,1168.25,0
2026-02-26T05:00:00Z,1168.25,1169.75,1168.0,1169.25,0
2026-02-26T06:00:00Z,1169.25,1169.25,1168.0,1168.75,0
2026-02-26T07:00:00Z,1168.75,1170.75,1168.75,1170.0,0
2026-02-26T08:00:00Z,1170.25,1170.25,1169.0,1169.5,0
2026-02-26T09:00:00Z,1169.25,1169.5,1166.0,1166.5,0
2026-02-26T10:00:00Z,1166.75,1168.5,1166.0,1167.75,0
2026-02-26T11:00:00Z,1167.75,1168.25,1166.25,1166.25,0
2026-02-26T12:00:00Z,1166.5,1172.5,1166.25,1170.75,0
2026-02-26T13:00:00Z,1170.75,1172.5,1170.5,1170.75,0
2026-02-26T14:00:00Z,1170.0,1172.75,1160.5,1162.0,0
2026-02-26T15:00:00Z,1162.0,1165.5,1145.75,1154.5,0
2026-02-26T16:00:00Z,1154.25,1161.5,1153.25,1161.0,0
2026-02-26T17:00:00Z,1160.75,1161.75,1155.0,1157.75,0
2026-02-26T18:00:00Z,1158.0,1161.0,1156.25,1161.0,0
2026-02-26T19:00:00Z,1161.25,1164.5,1161.0,1163.0,0
2026-02-27T01:00:00Z,1162.75,1165.25,1160.75,1164.5,0
2026-02-27T02:00:00Z,1164.5,1166.25,1163.75,1165.5,0
2026-02-27T03:00:00Z,1165.75,1166.25,1163.5,1164.75,0
2026-02-27T04:00:00Z,1164.75,1166.0,1164.75,1165.5,0
2026-02-27T05:00:00Z,1165.5,1166.25,1165.25,1166.25,0
2026-02-27T06:00:00Z,1166.0,1166.75,1166.0,1166.5,0
2026-02-27T07:00:00Z,1166.25,1166.75,1165.0,1166.0,0
2026-02-27T08:00:00Z,1166.0,1168.25,1165.75,1167.25,0
2026-02-27T09:00:00Z,1167.5,1167.75,1166.0,1166.75,0
2026-02-27T10:00:00Z,1167.0,1167.75,1166.0,1167.5,0
2026-02-27T11:00:00Z,1167.5,1168.75,1167.5,1168.0,0
2026-02-27T12:00:00Z,1167.75,1168.75,1167.25,1167.75,0
2026-02-27T13:00:00Z,1167.75,1169.75,1167.25,1169.25,0
2026-02-27T14:00:00Z,1168.25,1170.25,1164.25,1164.5,0
2026-02-27T15:00:00Z,1164.5,1167.75,1160.5,1161.0,0
2026-02-27T16:00:00Z,1161.0,1164.25,1160.5,1163.75,0
2026-02-27T17:00:00Z,1163.75,1168.25,1163.5,1167.75,0
2026-02-27T18:00:00Z,1168.0,1174.25,1167.75,1173.25,0
2026-02-27T19:00:00Z,1173.5,1175.0,1169.25,1170.0,0
2026-03-02T01:00:00Z,1178.5,1185.0,1168.75,1169.5,0
2026-03-02T02:00:00Z,1169.5,1170.75,1166.0,1168.75,0
2026-03-02T03:00:00Z,1168.75,1171.25,1168.75,1169.75,0
2026-03-02T04:00:00Z,1169.5,1170.75,1169.25,1170.25,0
2026-03-02T05:00:00Z,1170.0,1170.75,1169.0,1170.0,0
2026-03-02T06:00:00Z,1169.75,1171.25,1168.75,1170.25,0
2026-03-02T07:00:00Z,1170.25,1172.5,1170.0,1171.5,0
2026-03-02T08:00:00Z,1171.5,1172.0,1169.5,1169.75,0
2026-03-02T09:00:00Z,1169.5,1174.0,1167.75,1174.0,0
2026-03-02T10:00:00Z,1174.0,1174.25,1171.0,1171.75,0
2026-03-02T11:00:00Z,1172.0,1172.0,1167.0,1168.75,0
2026-03-02T12:00:00Z,1168.5,1168.75,1164.0,1164.5,0
2026-03-02T13:00:00Z,1164.5,1165.75,1164.0,1165.25,0
2026-03-02T14:00:00Z,1165.25,1166.5,1157.5,1160.75,0
2026-03-02T15:00:00Z,1160.5,1167.0,1160.5,1165.25,0
2026-03-02T16:00:00Z,1165.25,1165.75,1159.0,1162.75,0
2026-03-02T17:00:00Z,1163.0,1163.5,1160.0,1162.75,0
2026-03-02T18:00:00Z,1163.0,1165.75,1161.75,1164.25,0
2026-03-02T19:00:00Z,1164.0,1164.5,1161.5,1161.75,0
2026-03-03T01:00:00Z,1162.5,1169.25,1161.75,1165.75,0
2026-03-03T02:00:00Z,1165.75,1169.75,1164.75,1169.25,0
2026-03-03T03:00:00Z,1169.5,1169.75,1167.75,1169.5,0
2026-03-03T04:00:00Z,1169.5,1170.75,1168.5,1170.5,0
2026-03-03T05:00:00Z,1170.5,1173.5,1170.25,1172.75,0
2026-03-03T06:00:00Z,1173.0,1173.5,1168.25,1170.5,0
2026-03-03T07:00:00Z,1170.5,1172.25,1169.25,1171.75,0
2026-03-03T08:00:00Z,1171.75,1174.0,1171.0,1173.5,0
2026-03-03T09:00:00Z,1173.75,1176.75,1173.75,1176.25,0
2026-03-03T10:00:00Z,1176.5,1182.25,1176.25,1181.75,0
2026-03-03T11:00:00Z,1182.0,1183.0,1177.5,1178.75,0
2026-03-03T12:00:00Z,1178.5,1179.75,1175.5,1176.25,0
2026-03-03T13:00:00Z,1176.5,1177.75,1173.75,1175.0,0
2026-03-03T14:00:00Z,1173.5,1178.5,1168.75,1169.0,0
2026-03-03T15:00:00Z,1169.25,1170.0,1163.0,1166.25,0
2026-03-03T16:00:00Z,1166.25,1168.25,1160.5,1162.75,0
2026-03-03T17:00:00Z,1162.5,1164.75,1161.5,1163.5,0
2026-03-03T18:00:00Z,1163.5,1170.0,1163.0,1169.5,0
2026-03-03T19:00:00Z,1169.25,1171.75,1168.75,1171.5,0
2026-03-04T01:00:00Z,1171.0,1173.5,1167.0,1170.25,0
2026-03-04T02:00:00Z,1170.0,1170.5,1166.25,1169.0,0
2026-03-04T03:00:00Z,1168.75,1170.5,1167.25,1169.5,0
2026-03-04T04:00:00Z,1169.75,1170.0,1167.5,1168.0,0
2026-03-04T05:00:00Z,1167.75,1171.0,1167.75,1169.75,0
2026-03-04T06:00:00Z,1169.5,1173.0,1169.25,1171.75,0
2026-03-04T07:00:00Z,1171.25,1172.5,1171.0,1172.25,0
2026-03-04T08:00:00Z,1172.0,1175.75,1171.5,1174.5,0
2026-03-04T09:00:00Z,1174.25,1175.75,1173.25,1174.25,0
2026-03-04T10:00:00Z,1174.75,1175.5,1170.0,1171.0,0
2026-03-04T11:00:00Z,1171.0,1173.0,1170.5,1172.25,0
2026-03-04T12:00:00Z,1172.0,1174.75,1167.75,1169.0,0
2026-03-04T13:00:00Z,1169.25,1169.75,1166.5,1168.25,0
2026-03-04T14:00:00Z,1168.25,1173.75,1167.5,1169.75,0
2026-03-04T15:00:00Z,1170.0,1174.25,1169.5,1171.25,0
2026-03-04T16:00:00Z,1171.25,1172.5,1165.0,1167.75,0
2026-03-04T17:00:00Z,1167.75,1170.75,1166.75,1170.0,0
2026-03-04T18:00:00Z,1170.0,1171.25,1167.0,1168.5,0
2026-03-04T19:00:00Z,1168.75,1169.75,1166.25,1166.25,0
2026-03-05T01:00:00Z,1168.25,1171.0,1167.5,1170.5,0
2026-03-05T02:00:00Z,1170.5,1172.75,1170.0,1172.25,0
2026-03-05T03:00:00Z,1172.0,1173.25,1171.5,1172.5,0
2026-03-05T04:00:00Z,1172.5,1173.5,1172.5,1172.5,0
2026-03-05T05:00:00Z,1172.5,1173.5,1172.0,1172.0,0
2026-03-05T06:00:00Z,1171.75,1172.25,1170.0,1170.5,0
2026-03-05T07:00:00Z,1170.5,1173.0,1169.75,1172.75,0
2026-03-05T08:00:00Z,1172.5,1174.5,1171.75,1174.25,0
2026-03-05T09:00:00Z,1174.0,1174.75,1172.0,1173.5,0
2026-03-05T10:00:00Z,1173.5,1175.0,1172.75,1174.25,0
2026-03-05T11:00:00Z,1174.25,1174.5,1172.75,1173.25,0
2026-03-05T12:00:00Z,1173.0,1174.0,1171.25,1172.0,0
2026-03-05T13:00:00Z,1172.0,1173.5,1169.5,1171.0,0
2026-03-05T14:00:00Z,1171.5,1172.0,1167.75,1169.75,0
2026-03-05T15:00:00Z,1169.5,1171.25,1166.5,1171.25,0
2026-03-05T16:00:00Z,1171.0,1179.0,1168.25,1179.0,0
2026-03-05T17:00:00Z,1179.0,1179.75,1175.0,1178.25,0
2026-03-05T18:00:00Z,1178.25,1181.0,1175.75,1179.75,0
2026-03-05T19:00:00Z,1179.75,1180.75,1178.5,1179.0,0
2026-03-06T01:00:00Z,1179.0,1184.75,1177.0,1183.75,0
2026-03-06T02:00:00Z,1183.5,1184.75,1181.25,1183.25,0
2026-03-06T03:00:00Z,1183.25,1183.25,1181.75,1182.5,0
2026-03-06T04:00:00Z,1182.25,1183.0,1181.5,1182.5,0
2026-03-06T05:00:00Z,1182.25,1183.25,1181.75,1182.75,0
2026-03-06T06:00:00Z,1182.75,1186.25,1182.5,1185.0,0
2026-03-06T07:00:00Z,1185.0,1186.5,1183.75,1184.75,0
2026-03-06T08:00:00Z,1184.75,1188.5,1184.5,1187.75,0
2026-03-06T09:00:00Z,1187.5,1188.0,1186.25,1186.75,0
2026-03-06T10:00:00Z,1186.5,1187.5,1185.0,1186.0,0
2026-03-06T11:00:00Z,1186.0,1187.5,1186.0,1187.25,0
2026-03-06T12:00:00Z,1187.25,1192.5,1186.5,1187.25,0
2026-03-06T13:00:00Z,1187.0,1191.0,1185.5,1190.0,0
2026-03-06T14:00:00Z,1190.0,1202.75,1189.25,1196.75,0
2026-03-06T15:00:00Z,1196.75,1200.25,1192.5,1197.75,0
2026-03-06T16:00:00Z,1197.75,1201.0,1192.0,1195.25,0
2026-03-06T17:00:00Z,1195.25,1199.75,1194.0,1197.0,0
2026-03-06T18:00:00Z,1197.0,1202.0,1196.25,1201.5,0
2026-03-06T19:00:00Z,1201.75,1202.75,1200.0,1201.75,0
2026-03-09T00:00:00Z,1219.5,1226.75,1210.5,1225.75,0
2026-03-09T01:00:00Z,1225.5,1231.5,1223.25,1229.25,0
2026-03-09T02:00:00Z,1229.5,1231.5,1225.75,1227.25,0
2026-03-09T03:00:00Z,1227.25,1232.25,1223.25,1231.75,0
2026-03-09T04:00:00Z,1231.75,1233.75,1229.5,1232.25,0
2026-03-09T05:00:00Z,1232.25,1232.25,1217.0,1218.25,0
2026-03-09T06:00:00Z,1218.0,1223.25,1215.25,1217.75,0
2026-03-09T07:00:00Z,1218.0,1218.75,1216.0,1217.25,0
2026-03-09T08:00:00Z,1217.25,1220.0,1215.75,1219.0,0
2026-03-09T09:00:00Z,1218.75,1222.25,1214.0,1216.5,0
2026-03-09T10:00:00Z,1216.25,1220.5,1214.25,1219.75,0
2026-03-09T11:00:00Z,1219.5,1220.25,1213.5,1215.5,0
2026-03-09T12:00:00Z,1215.25,1216.25,1213.0,1215.75,0
2026-03-09T13:00:00Z,1215.75,1215.75,1206.5,1210.0,0
2026-03-09T14:00:00Z,1210.0,1215.75,1209.25,1210.25,0
2026-03-09T15:00:00Z,1210.5,1211.25,1196.5,1198.5,0
2026-03-09T16:00:00Z,1198.5,1200.75,1193.0,1194.75,0
2026-03-09T17:00:00Z,1195.0,1200.25,1194.25,1197.5,0
2026-03-09T18:00:00Z,1197.5,1197.5,1194.25,1196.25,0
2026-03-10T00:00:00Z,1185.5,1193.5,1177.75,1189.25,0
2026-03-10T01:00:00Z,1189.5,1196.25,1186.0,1187.75,0
2026-03-10T02:00:00Z,1188.25,1194.0,1188.25,1192.25,0
2026-03-10T03:00:00Z,1192.5,1193.0,1190.5,1190.75,0
2026-03-10T04:00:00Z,1191.25,1192.5,1189.5,1192.0,0
2026-03-10T05:00:00Z,1191.75,1192.0,1189.25,1190.5,0
2026-03-10T06:00:00Z,1190.75,1191.25,1188.5,1189.75,0
2026-03-10T07:00:00Z,1190.0,1194.0,1189.75,1191.0,0
2026-03-10T08:00:00Z,1191.0,1193.75,1189.25,1190.75,0
2026-03-10T09:00:00Z,1190.5,1193.0,1188.5,1192.75,0
2026-03-10T10:00:00Z,1192.5,1194.75,1192.0,1194.75,0
2026-03-10T11:00:00Z,1194.5,1200.0,1191.75,1199.0,0
2026-03-10T12:00:00Z,1199.25,1200.75,1195.75,1199.5,0
2026-03-10T13:00:00Z,1199.0,1206.0,1198.0,1202.5,0
2026-03-10T14:00:00Z,1202.75,1203.5,1194.0,1194.75,0
2026-03-10T15:00:00Z,1194.75,1203.5,1194.5,1202.5,0
2026-03-10T16:00:00Z,1202.25,1207.5,1195.75,1201.5,0
2026-03-10T17:00:00Z,1201.5,1203.25,1192.5,1198.75,0
2026-03-10T18:00:00Z,1198.5,1203.75,1197.75,1203.25,0
2026-03-11T00:00:00Z,1207.0,1212.75,1205.0,1206.75,0
2026-03-11T01:00:00Z,1206.75,1207.5,1203.5,1203.75,0
2026-03-11T02:00:00Z,1203.5,1209.75,1203.5,1208.5,0
2026-03-11T03:00:00Z,1208.5,1208.5,1205.25,1206.25,0
2026-03-11T04:00:00Z,1206.75,1206.75,1204.75,1205.0,0
2026-03-11T05:00:00Z,1205.0,1209.0,1205.0,1208.75,0
2026-03-11T06:00:00Z,1208.25,1211.5,1207.25,1209.5,0
2026-03-11T07:00:00Z,1209.25,1211.0,1207.75,1210.0,0
2026-03-11T08:00:00Z,1209.5,1211.0,1208.25,1209.75,0
2026-03-11T09:00:00Z,1210.25,1217.75,1209.75,1216.25,0
2026-03-11T10:00:00Z,1216.25,1216.25,1211.0,1212.5,0
2026-03-11T11:00:00Z,1212.75,1217.75,1212.0,1216.5,0
2026-03-11T12:00:00Z,1216.75,1222.75,1216.25,1222.5,0
2026-03-11T13:00:00Z,1221.25,1224.0,1214.25,1215.0,0
2026-03-11T14:00:00Z,1215.25,1225.25,1213.75,1222.25,0
2026-03-11T15:00:00Z,1222.5,1226.25,1219.25,1224.75,0
2026-03-11T16:00:00Z,1225.0,1227.75,1218.0,1222.0,0
2026-03-11T17:00:00Z,1221.75,1221.75,1213.25,1215.25,0
2026-03-11T18:00:00Z,1215.5,1216.25,1212.25,1214.25,0
2026-03-12T00:00:00Z,1220.0,1223.0,1216.0,1222.5,0
2026-03-12T01:00:00Z,1222.25,1224.5,1217.5,1220.5,0
2026-03-12T02:00:00Z,1220.0,1223.0,1219.25,1221.5,0
2026-03-12T03:00:00Z,1221.5,1224.75,1221.0,1223.5,0
2026-03-12T04:00:00Z,1223.5,1225.25,1222.5,1223.5,0
2026-03-12T05:00:00Z,1223.5,1224.25,1219.75,1220.0,0
2026-03-12T06:00:00Z,1220.0,1223.0,1218.5,1219.75,0
2026-03-12T07:00:00Z,1219.75,1225.25,1219.25,1222.25,0
2026-03-12T08:00:00Z,1222.25,1228.75,1222.25,1223.5,0
2026-03-12T09:00:00Z,1223.0,1225.75,1223.0,1224.25,0
2026-03-12T10:00:00Z,1224.0,1226.75,1223.25,1226.0,0
2026-03-12T11:00:00Z,1226.25,1231.25,1224.25,1230.0,0
2026-03-12T12:00:00Z,1229.75,1232.0,1227.25,1229.25,0
2026-03-12T13:00:00Z,1229.25,1232.5,1227.5,1229.75,0
2026-03-12T14:00:00Z,1229.5,1235.75,1227.5,1233.25,0
2026-03-12T15:00:00Z,1233.25,1238.75,1231.25,1234.5,0
2026-03-12T16:00:00Z,1234.75,1235.5,1225.5,1228.75,0
2026-03-12T17:00:00Z,1228.5,1232.75,1227.0,1227.25,0
2026-03-12T18:00:00Z,1227.25,1227.75,1225.25,1225.75,0
2026-03-13T00:00:00Z,1229.0,1229.75,1222.75,1224.25,0
2026-03-13T01:00:00Z,1224.25,1226.75,1221.75,1226.0,0
2026-03-13T02:00:00Z,1225.75,1228.25,1223.5,1226.75,0
2026-03-13T03:00:00Z,1226.75,1227.75,1225.25,1226.0,0
2026-03-13T04:00:00Z,1226.0,1226.75,1225.5,1226.75,0
2026-03-13T05:00:00Z,1226.75,1226.75,1221.75,1221.75,0
2026-03-13T06:00:00Z,1222.0,1222.5,1218.75,1219.0,0
2026-03-13T07:00:00Z,1218.75,1221.0,1218.25,1219.75,0
2026-03-13T08:00:00Z,1219.75,1219.75,1215.25,1217.25,0
2026-03-13T09:00:00Z,1217.0,1218.75,1216.75,1218.0,0
2026-03-13T10:00:00Z,1217.75,1218.25,1214.75,1215.5,0
2026-03-13T11:00:00Z,1215.75,1218.5,1215.0,1216.25,0
2026-03-13T12:00:00Z,1216.5,1220.25,1216.25,1217.5,0
2026-03-13T13:00:00Z,1217.0,1218.0,1211.0,1214.0,0
2026-03-13T14:00:00Z,1213.75,1215.0,1209.25,1213.0,0
2026-03-13T15:00:00Z,1213.25,1224.75,1212.75,1222.0,0
2026-03-13T16:00:00Z,1222.0,1228.5,1222.0,1225.75,0
2026-03-13T17:00:00Z,1225.75,1226.0,1217.5,1222.0,0
2026-03-13T18:00:00Z,1222.0,1225.75,1221.75,1223.75,0
2026-03-16T00:00:00Z,1214.0,1214.0,1193.0,1194.5,0
2026-03-16T01:00:00Z,1194.5,1202.75,1192.25,1202.0,0
2026-03-16T02:00:00Z,1202.0,1203.5,1199.25,1199.75,0
2026-03-16T03:00:00Z,1199.75,1201.75,1199.25,1201.0,0
2026-03-16T04:00:00Z,1201.0,1201.25,1200.25,1200.25,0
2026-03-16T05:00:00Z,1200.25,1202.25,1198.75,1199.5,0
2026-03-16T06:00:00Z,1199.0,1203.0,1198.75,1200.5,0
2026-03-16T07:00:00Z,1200.75,1202.75,1200.0,1200.0,0
2026-03-16T08:00:00Z,1200.25,1201.0,1197.0,1198.0,0
2026-03-16T09:00:00Z,1198.25,1198.5,1194.0,1194.25,0
2026-03-16T10:00:00Z,1194.25,1196.0,1191.0,1191.5,0
2026-03-16T11:00:00Z,1191.5,1194.75,1189.5,1192.5,0
2026-03-16T12:00:00Z,1192.5,1196.5,1191.75,1193.0,0
2026-03-16T13:00:00Z,1193.75,1194.25,1178.75,1179.25,0
2026-03-16T14:00:00Z,1179.25,1180.0,1171.5,1174.5,0
2026-03-16T15:00:00Z,1174.75,1175.5,1162.0,1163.75,0
2026-03-16T16:00:00Z,1163.75,1167.75,1161.25,1163.75,0
2026-03-16T17:00:00Z,1163.75,1164.0,1155.25,1155.25,0
2026-03-16T18:00:00Z,1155.25,1155.25,1155.25,1155.25,0
2026-03-17T00:00:00Z,1147.0,1156.5,1145.25,1155.5,0
2026-03-17T01:00:00Z,1155.25,1164.0,1155.25,1163.25,0
2026-03-17T02:00:00Z,1163.5,1164.5,1162.5,1163.5,0
2026-03-17T03:00:00Z,1163.75,1163.75,1161.75,1163.0,0
2026-03-17T04:00:00Z,1162.75,1163.25,1161.5,1162.25,0
2026-03-17T05:00:00Z,1162.25,1162.5,1159.5,1162.0,0
2026-03-17T06:00:00Z,1162.0,1162.5,1160.0,1160.5,0
2026-03-17T07:00:00Z,1160.5,1160.5,1157.5,1158.0,0
2026-03-17T08:00:00Z,1157.75,1158.0,1155.25,1156.0,0
2026-03-17T09:00:00Z,1155.75,1156.5,1147.25,1150.25,0
2026-03-17T10:00:00Z,1150.25,1153.75,1149.5,1152.5,0
2026-03-17T11:00:00Z,1152.25,1166.0,1152.25,1164.25,0
2026-03-17T12:00:00Z,1164.25,1164.25,1157.75,1159.5,0
2026-03-17T13:00:00Z,1159.25,1163.25,1156.0,1158.0,0
2026-03-17T14:00:00Z,1158.0,1161.25,1154.75,1157.75,0
2026-03-17T15:00:00Z,1157.5,1157.75,1153.75,1155.75,0
2026-03-17T16:00:00Z,1155.5,1170.5,1154.5,1163.25,0
2026-03-17T17:00:00Z,1163.0,1163.0,1158.25,1160.5,0
2026-03-17T18:00:00Z,1161.0,1161.0,1156.0,1156.5,0
2026-03-18T00:00:00Z,1156.25,1160.0,1153.0,1154.0,0
2026-03-18T01:00:00Z,1153.75,1155.5,1151.25,1152.25,0
2026-03-18T02:00:00Z,1152.5,1153.0,1149.5,1150.25,0
2026-03-18T03:00:00Z,1150.5,1152.75,1150.0,1150.25,0
2026-03-18T04:00:00Z,1150.25,1150.5,1149.0,1149.25,0
2026-03-18T05:00:00Z,1149.25,1151.5,1149.25,1151.0,0
2026-03-18T06:00:00Z,1151.25,1154.25,1150.0,1154.0,0
2026-03-18T07:00:00Z,1154.0,1154.75,1153.0,1154.0,0
2026-03-18T08:00:00Z,1154.0,1154.75,1151.75,1152.75,0
2026-03-18T09:00:00Z,1152.75,1155.25,1152.75,1154.0,0
2026-03-18T10:00:00Z,1154.0,1154.25,1151.5,1152.0,0
2026-03-18T11:00:00Z,1152.25,1152.5,1148.0,1149.25,0
2026-03-18T12:00:00Z,1149.25,1155.0,1149.0,1154.75,0
2026-03-18T13:00:00Z,1157.0,1161.25,1151.5,1153.25,0
2026-03-18T14:00:00Z,1153.25,1159.25,1151.25,1159.25,0
2026-03-18T15:00:00Z,1159.25,1161.75,1156.75,1159.5,0
2026-03-18T16:00:00Z,1159.25,1162.75,1158.0,1161.75,0
2026-03-18T17:00:00Z,1161.75,1165.25,1161.0,1161.25,0
2026-03-18T18:00:00Z,1161.25,1164.0,1160.25,1163.75,0
2026-03-19T00:00:00Z,1165.0,1170.0,1162.5,1168.0,0
2026-03-19T01:00:00Z,1167.75,1168.5,1166.0,1167.75,0
2026-03-19T02:00:00Z,1167.75,1168.0,1160.5,1161.0,0
2026-03-19T03:00:00Z,1161.0,1162.0,1160.0,1160.0,0
2026-03-19T04:00:00Z,1160.0,1160.75,1159.25,1159.5,0
2026-03-19T05:00:00Z,1159.5,1160.25,1157.0,1157.75,0
2026-03-19T06:00:00Z,1157.75,1160.75,1157.75,1160.5,0
2026-03-19T07:00:00Z,1160.5,1162.5,1159.75,1162.0,0
2026-03-19T08:00:00Z,1161.75,1167.25,1161.25,1166.75,0
2026-03-19T09:00:00Z,1166.5,1169.5,1166.0,1166.5,0
2026-03-19T10:00:00Z,1166.5,1168.5,1165.5,1166.5,0
2026-03-19T11:00:00Z,1166.25,1167.75,1164.5,1166.0,0
2026-03-19T12:00:00Z,1165.75,1165.75,1160.0,1163.75,0
2026-03-19T13:00:00Z,1163.0,1164.25,1160.0,1163.25,0
2026-03-19T14:00:00Z,1163.0,1166.0,1161.0,1165.0,0
2026-03-19T15:00:00Z,1165.0,1166.5,1160.75,1163.5,0
2026-03-19T16:00:00Z,1163.5,1168.75,1161.0,1168.5,0
2026-03-19T17:00:00Z,1168.5,1173.5,1167.25,1167.5,0
2026-03-19T18:00:00Z,1167.5,1168.75,1166.75,1168.5,0
2026-03-20T00:00:00Z,1166.0,1173.75,1165.0,1172.75,0
2026-03-20T01:00:00Z,1172.5,1172.5,1165.75,1167.75,0
2026-03-20T02:00:00Z,1167.75,1170.25,1166.75,1170.0,0
2026-03-20T03:00:00Z,1170.25,1173.5,1170.25,1172.75,0
2026-03-20T04:00:00Z,1172.75,1173.5,1172.0,1173.25,0
2026-03-20T05:00:00Z,1173.25,1174.5,1172.0,1173.75,0
2026-03-20T06:00:00Z,1173.75,1175.25,1172.25,1173.0,0
2026-03-20T07:00:00Z,1173.25,1175.25,1173.0,1175.25,0
2026-03-20T08:00:00Z,1175.25,1176.0,1173.25,1174.5,0
2026-03-20T09:00:00Z,1174.0,1174.5,1171.25,1172.0,0
2026-03-20T10:00:00Z,1172.25,1173.25,1169.75,1170.0,0
2026-03-20T11:00:00Z,1169.75,1170.75,1168.25,1169.0,0
2026-03-20T12:00:00Z,1169.25,1171.25,1167.0,1168.25,0
2026-03-20T13:00:00Z,1169.0,1174.25,1165.25,1170.0,0
2026-03-20T14:00:00Z,1169.75,1171.25,1162.5,1165.75,0
2026-03-20T15:00:00Z,1166.0,1166.75,1162.75,1163.25,0
2026-03-20T16:00:00Z,1163.25,1164.75,1161.25,1161.75,0
2026-03-20T17:00:00Z,1162.0,1162.75,1159.5,1160.25,0
2026-03-20T18:00:00Z,1160.5,1162.0,1159.75,1160.5,0
2026-03-23T00:00:00Z,1160.0,1160.25,1155.25,1158.75,0
2026-03-23T01:00:00Z,1158.75,1167.25,1157.75,1166.75,0
2026-03-23T02:00:00Z,1166.5,1167.0,1164.75,1166.75,0
2026-03-23T03:00:00Z,1166.75,1168.75,1166.75,1168.0,0
2026-03-23T04:00:00Z,1168.25,1168.75,1168.25,1168.5,0
2026-03-23T05:00:00Z,1168.75,1168.75,1165.75,1167.25,0
2026-03-23T06:00:00Z,1167.0,1170.25,1166.25,1170.0,0
2026-03-23T07:00:00Z,1170.25,1171.25,1168.25,1170.5,0
2026-03-23T08:00:00Z,1170.5,1171.5,1169.25,1169.25,0
2026-03-23T09:00:00Z,1169.25,1169.75,1167.0,1169.25,0
2026-03-23T10:00:00Z,1169.5,1169.75,1163.0,1164.25,0
2026-03-23T11:00:00Z,1164.25,1165.5,1152.5,1163.25,0
2026-03-23T12:00:00Z,1163.0,1165.5,1158.25,1158.75,0
2026-03-23T13:00:00Z,1158.0,1162.25,1156.25,1160.25,0
2026-03-23T14:00:00Z,1160.25,1166.5,1155.25,1163.25,0
2026-03-23T15:00:00Z,1163.25,1169.25,1159.5,1168.5,0
2026-03-23T16:00:00Z,1168.25,1169.0,1163.0,1164.25,0
2026-03-23T17:00:00Z,1164.5,1165.75,1162.75,1163.25,0
2026-03-23T18:00:00Z,1163.25,1165.25,1163.0,1164.5,0
2026-03-24T00:00:00Z,1164.25,1166.0,1161.5,1162.0,0
2026-03-24T01:00:00Z,1162.0,1166.5,1162.0,1165.75,0
2026-03-24T02:00:00Z,1165.75,1166.75,1164.5,1165.0,0
2026-03-24T03:00:00Z,1164.5,1165.25,1164.0,1164.0,0
2026-03-24T04:00:00Z,1164.25,1165.25,1164.0,1164.75,0
2026-03-24T05:00:00Z,1165.0,1165.5,1162.75,1162.75,0
2026-03-24T06:00:00Z,1162.5,1162.5,1160.5,1160.75,0
2026-03-24T07:00:00Z,1160.75,1161.25,1156.0,1156.75,0
2026-03-24T08:00:00Z,1156.75,1159.25,1156.0,1159.25,0
2026-03-24T09:00:00Z,1159.25,1161.75,1158.25,1160.0,0
2026-03-24T10:00:00Z,1160.0,1161.5,1159.25,1160.75,0
2026-03-24T11:00:00Z,1160.5,1160.5,1155.5,1158.5,0
2026-03-24T12:00:00Z,1158.25,1159.5,1155.75,1156.0,0
2026-03-24T13:00:00Z,1157.25,1162.25,1155.5,1160.75,0
2026-03-24T14:00:00Z,1160.5,1162.75,1157.25,1157.75,0
2026-03-24T15:00:00Z,1157.5,1161.25,1157.0,1159.0,0
2026-03-24T16:00:00Z,1158.75,1160.75,1158.25,1160.5,0
2026-03-24T17:00:00Z,1160.5,1162.0,1156.0,1157.5,0
2026-03-24T18:00:00Z,1157.25,1157.25,1153.75,1154.0,0
2026-03-25T00:00:00Z,1153.5,1156.0,1151.5,1154.75,0
2026-03-25T01:00:00Z,1155.0,1155.0,1151.75,1153.25,0
2026-03-25T02:00:00Z,1153.25,1154.75,1153.0,1153.75,0
2026-03-25T03:00:00Z,1153.75,1154.0,1152.25,1153.25,0
2026-03-25T04:00:00Z,1153.5,1153.75,1152.5,1153.0,0
2026-03-25T05:00:00Z,1153.0,1155.25,1152.75,1154.75,0
2026-03-25T06:00:00Z,1154.75,1155.5,1153.25,1153.75,0
2026-03-25T07:00:00Z,1153.75,1154.75,1153.25,1153.5,0
2026-03-25T08:00:00Z,1153.5,1156.5,1152.5,1156.0,0
2026-03-25T09:00:00Z,1155.75,1160.5,1155.75,1157.5,0
2026-03-25T10:00:00Z,1157.5,1161.75,1157.5,1158.5,0
2026-03-25T11:00:00Z,1158.5,1159.25,1157.5,1158.0,0
2026-03-25T12:00:00Z,1157.75,1161.25,1157.5,1158.5,0
2026-03-25T13:00:00Z,1159.5,1161.75,1157.25,1159.0,0
2026-03-25T14:00:00Z,1159.0,1163.25,1158.25,1160.25,0
2026-03-25T15:00:00Z,1160.5,1164.0,1159.75,1163.5,0
2026-03-25T16:00:00Z,1163.75,1165.0,1162.0,1163.0,0
2026-03-25T17:00:00Z,1163.25,1176.75,1163.0,1171.75,0
2026-03-25T18:00:00Z,1171.75,1174.0,1169.25,1173.5,0
2026-03-26T00:00:00Z,1173.0,1179.75,1172.0,1175.0,0
2026-03-26T01:00:00Z,1174.75,1175.5,1173.25,1174.5,0
2026-03-26T02:00:00Z,1174.25,1174.25,1171.5,1173.75,0
2026-03-26T03:00:00Z,1173.5,1175.0,1172.75,1175.0,0
2026-03-26T04:00:00Z,1174.75,1174.75,1173.5,1174.0,0
2026-03-26T05:00:00Z,1174.0,1174.25,1172.5,1174.0,0
2026-03-26T06:00:00Z,1174.0,1175.5,1173.25,1175.0,0
2026-03-26T07:00:00Z,1175.0,1175.75,1171.75,1173.25,0
2026-03-26T08:00:00Z,1173.25,1173.75,1172.0,1173.25,0
2026-03-26T09:00:00Z,1173.0,1174.0,1172.25,1172.75,0
2026-03-26T10:00:00Z,1172.75,1174.25,1171.75,1173.0,0
2026-03-26T11:00:00Z,1172.75,1173.5,1171.5,1172.25,0
2026-03-26T12:00:00Z,1172.5,1175.5,1170.5,1175.5,0
2026-03-26T13:00:00Z,1175.5,1176.0,1167.0,1167.75,0
2026-03-26T14:00:00Z,1168.0,1176.75,1168.0,1175.25,0
2026-03-26T15:00:00Z,1175.5,1177.0,1172.75,1176.25,0
2026-03-26T16:00:00Z,1176.25,1179.25,1173.0,1173.75,0
2026-03-26T17:00:00Z,1174.0,1179.0,1174.0,1175.0,0
2026-03-26T18:00:00Z,1175.25,1176.25,1170.5,1171.0,0
2026-03-27T00:00:00Z,1172.0,1174.0,1170.25,1173.75,0
2026-03-27T01:00:00Z,1174.0,1174.0,1171.0,1172.25,0
2026-03-27T02:00:00Z,1172.25,1173.75,1171.0,1173.5,0
2026-03-27T03:00:00Z,1173.25,1174.75,1173.25,1174.5,0
2026-03-27T04:00:00Z,1174.5,1176.0,1174.5,1175.75,0
2026-03-27T05:00:00Z,1175.75,1176.75,1174.5,1175.5,0
2026-03-27T06:00:00Z,1175.25,1176.25,1174.25,1176.0,0
2026-03-27T07:00:00Z,1175.75,1176.25,1175.25,1176.0,0
2026-03-27T08:00:00Z,1176.0,1177.75,1173.0,1177.25,0
2026-03-27T09:00:00Z,1177.0,1177.5,1175.5,1176.75,0
2026-03-27T10:00:00Z,1176.75,1178.25,1176.5,1177.75,0
2026-03-27T11:00:00Z,1177.75,1178.75,1175.5,1176.25,0
2026-03-27T12:00:00Z,1176.25,1176.5,1174.0,1174.25,0
2026-03-27T13:00:00Z,1174.75,1175.75,1171.25,1172.0,0
2026-03-27T14:00:00Z,1172.0,1173.75,1169.25,1169.25,0
2026-03-27T15:00:00Z,1169.25,1170.5,1164.25,1168.25,0
2026-03-27T16:00:00Z,1168.25,1174.5,1162.75,1164.25,0
2026-03-27T17:00:00Z,1164.5,1164.5,1155.75,1160.0,0
2026-03-27T18:00:00Z,1160.25,1160.5,1158.5,1159.5,0
2026-03-30T00:00:00Z,1165.0,1168.0,1158.25,1162.75,0
2026-03-30T01:00:00Z,1163.0,1167.75,1162.0,1162.25,0
2026-03-30T02:00:00Z,1162.0,1164.75,1161.75,1162.5,0
2026-03-30T03:00:00Z,1162.25,1163.25,1160.75,1163.0,0
2026-03-30T04:00:00Z,1163.0,1164.0,1162.75,1163.5,0
2026-03-30T05:00:00Z,1163.25,1163.75,1161.75,1162.0,0
2026-03-30T06:00:00Z,1162.5,1167.75,1162.25,1167.0,0
2026-03-30T07:00:00Z,1166.75,1168.75,1165.25,1168.0,0
2026-03-30T08:00:00Z,1167.75,1168.5,1164.25,1165.25,0
2026-03-30T09:00:00Z,1165.25,1166.5,1164.5,1165.5,0
2026-03-30T10:00:00Z,1165.5,1169.25,1165.5,1168.75,0
2026-03-30T11:00:00Z,1168.75,1170.0,1165.0,1166.25,0
2026-03-30T12:00:00Z,1166.0,1166.5,1161.75,1162.75,0
2026-03-30T13:00:00Z,1164.25,1169.75,1162.75,1166.25,0
2026-03-30T14:00:00Z,1166.25,1169.25,1163.0,1166.0,0
2026-03-30T15:00:00Z,1165.75,1168.0,1165.0,1166.0,0
2026-03-30T16:00:00Z,1166.0,1167.0,1163.5,1163.5,0
2026-03-30T17:00:00Z,1163.5,1165.25,1162.5,1162.5,0
2026-03-30T18:00:00Z,1162.5,1163.0,1158.5,1158.75,0
2026-03-31T00:00:00Z,1159.0,1162.5,1158.5,1159.25,0
2026-03-31T01:00:00Z,1159.25,1161.5,1157.25,1158.5,0
2026-03-31T02:00:00Z,1158.75,1159.25,1157.25,1158.25,0
2026-03-31T03:00:00Z,1158.75,1160.0,1158.25,1159.75,0
2026-03-31T04:00:00Z,1160.0,1162.0,1160.0,1161.0,0
2026-03-31T05:00:00Z,1161.0,1161.5,1160.0,1161.25,0
2026-03-31T06:00:00Z,1161.25,1161.75,1161.0,1161.25,0
2026-03-31T07:00:00Z,1161.0,1163.0,1161.0,1162.75,0
2026-03-31T08:00:00Z,1162.5,1164.0,1162.25,1163.5,0
2026-03-31T09:00:00Z,1163.25,1163.25,1161.25,1162.75,0
2026-03-31T10:00:00Z,1162.5,1163.25,1162.0,1162.25,0
2026-03-31T11:00:00Z,1162.5,1163.0,1160.25,1162.0,0
2026-03-31T12:00:00Z,1161.75,1164.25,1161.5,1163.75,0
2026-03-31T13:00:00Z,1163.0,1164.75,1159.75,1162.0,0
2026-03-31T14:00:00Z,1161.75,1163.25,1159.5,1159.75,0
2026-03-31T15:00:00Z,1159.75,1162.25,1156.25,1157.0,0
2026-03-31T16:00:00Z,1157.0,1175.25,1156.0,1169.25,0
2026-03-31T17:00:00Z,1169.5,1177.75,1168.25,1172.0,0
2026-03-31T18:00:00Z,1172.25,1172.5,1170.0,1172.25,0
2026-04-01T00:00:00Z,1171.5,1174.75,1171.5,1172.75,0
2026-04-01T01:00:00Z,1172.5,1173.25,1169.75,1173.0,0
2026-04-01T02:00:00Z,1172.75,1174.75,1172.25,1174.5,0
2026-04-01T03:00:00Z,1174.25,1174.5,1173.0,1173.25,0
2026-04-01T04:00:00Z,1173.0,1173.0,1172.0,1172.0,0
2026-04-01T05:00:00Z,1172.0,1172.0,1168.0,1168.0,0
2026-04-01T06:00:00Z,1168.25,1169.5,1164.25,1165.0,0
2026-04-01T07:00:00Z,1164.75,1166.5,1163.25,1166.0,0
2026-04-01T08:00:00Z,1165.75,1166.75,1164.5,1165.75,0
2026-04-01T09:00:00Z,1165.5,1166.5,1164.75,1165.5,0
2026-04-01T10:00:00Z,1165.5,1166.5,1164.75,1165.5,0
2026-04-01T11:00:00Z,1165.5,1166.0,1161.5,1161.75,0
2026-04-01T12:00:00Z,1161.75,1163.75,1160.25,1163.0,0
2026-04-01T13:00:00Z,1162.25,1163.5,1157.5,1160.0,0
2026-04-01T14:00:00Z,1159.75,1159.75,1153.0,1154.0,0
2026-04-01T15:00:00Z,1154.0,1160.5,1153.5,1158.25,0
2026-04-01T16:00:00Z,1158.5,1166.5,1158.5,1164.75,0
2026-04-01T17:00:00Z,1164.75,1169.0,1164.75,1168.5,0
2026-04-01T18:00:00Z,1168.25,1170.0,1166.75,1167.25,0
2026-04-02T00:00:00Z,1167.25,1168.25,1164.0,1164.5,0
2026-04-02T01:00:00Z,1164.5,1173.5,1163.25,1173.5,0
2026-04-02T02:00:00Z,1173.25,1173.25,1171.5,1172.25,0
2026-04-02T03:00:00Z,1172.0,1172.25,1170.75,1171.75,0
2026-04-02T04:00:00Z,1171.75,1173.0,1171.25,1172.5,0
2026-04-02T05:00:00Z,1172.5,1173.75,1171.75,1172.5,0
2026-04-02T06:00:00Z,1172.5,1172.5,1171.0,1171.25,0
2026-04-02T07:00:00Z,1171.25,1172.0,1170.75,1171.0,0
2026-04-02T08:00:00Z,1171.0,1173.75,1171.0,1173.25,0
2026-04-02T09:00:00Z,1173.5,1174.25,1171.5,1172.0,0
2026-04-02T10:00:00Z,1172.0,1173.0,1171.25,1172.75,0
2026-04-02T11:00:00Z,1173.0,1173.25,1171.25,1172.5,0
2026-04-02T12:00:00Z,1172.5,1172.5,1168.5,1171.0,0
2026-04-02T13:00:00Z,1170.75,1173.5,1170.25,1172.25,0
2026-04-02T14:00:00Z,1172.0,1172.5,1165.0,1165.75,0
2026-04-02T15:00:00Z,1165.75,1167.5,1163.5,1163.75,0
2026-04-02T16:00:00Z,1163.75,1167.0,1163.25,1165.75,0
2026-04-02T17:00:00Z,1165.75,1168.5,1165.0,1167.0,0
2026-04-02T18:00:00Z,1166.75,1167.0,1162.0,1162.75,0
2026-04-06T00:00:00Z,1164.5,1169.75,1160.25,1161.75,0
2026-04-06T01:00:00Z,1161.75,1161.75,1159.25,1159.5,0
2026-04-06T02:00:00Z,1159.25,1161.25,1159.25,1159.75,0
2026-04-06T03:00:00Z,1159.5,1160.5,1159.5,1159.75,0
2026-04-06T04:00:00Z,1159.5,1161.0,1158.75,1160.75,0
2026-04-06T05:00:00Z,1161.0,1162.25,1160.5,1162.25,0
2026-04-06T06:00:00Z,1162.25,1164.0,1162.25,1163.0,0
2026-04-06T07:00:00Z,1163.0,1165.0,1162.5,1164.0,0
2026-04-06T08:00:00Z,1163.75,1166.25,1163.5,1165.75,0
2026-04-06T09:00:00Z,1165.5,1167.25,1164.25,1167.0,0
2026-04-06T10:00:00Z,1167.0,1169.0,1166.25,1168.5,0
2026-04-06T11:00:00Z,1168.25,1169.5,1168.0,1168.75,0
2026-04-06T12:00:00Z,1168.5,1169.75,1168.0,1168.25,0
2026-04-06T13:00:00Z,1168.5,1169.25,1164.25,1167.75,0
2026-04-06T14:00:00Z,1167.5,1169.0,1164.5,1166.75,0
2026-04-06T15:00:00Z,1167.0,1169.0,1165.5,1166.75,0
2026-04-06T16:00:00Z,1167.0,1168.25,1165.5,1168.0,0
2026-04-06T17:00:00Z,1168.0,1169.5,1165.0,1166.0,0
2026-04-06T18:00:00Z,1166.0,1167.25,1164.75,1164.75,0
2026-04-07T00:00:00Z,1164.75,1167.0,1164.25,1165.25,0
2026-04-07T01:00:00Z,1165.5,1166.75,1163.75,1166.0,0
2026-04-07T02:00:00Z,1166.0,1168.25,1165.75,1167.75,0
2026-04-07T03:00:00Z,1167.75,1168.0,1167.0,1167.25,0
2026-04-07T04:00:00Z,1167.25,1167.75,1166.75,1166.75,0
2026-04-07T05:00:00Z,1166.75,1166.75,1164.75,1165.0,0
2026-04-07T06:00:00Z,1165.0,1169.0,1164.75,1168.0,0
2026-04-07T07:00:00Z,1167.75,1169.5,1167.25,1169.0,0
2026-04-07T08:00:00Z,1169.0,1169.0,1165.25,1166.75,0
2026-04-07T09:00:00Z,1166.75,1167.0,1164.0,1165.0,0
2026-04-07T10:00:00Z,1165.0,1169.0,1164.75,1168.75,0
2026-04-07T11:00:00Z,1169.0,1169.25,1167.25,1168.0,0
2026-04-07T12:00:00Z,1168.25,1169.0,1165.0,1168.0,0
2026-04-07T13:00:00Z,1168.0,1170.5,1165.25,1169.25,0
2026-04-07T14:00:00Z,1169.0,1169.5,1162.75,1163.75,0
2026-04-07T15:00:00Z,1164.0,1165.0,1156.5,1157.0,0
2026-04-07T16:00:00Z,1157.25,1158.0,1155.25,1157.75,0
2026-04-07T17:00:00Z,1157.75,1159.0,1157.0,1158.5,0
2026-04-07T18:00:00Z,1158.75,1159.5,1157.5,1158.0,0
2026-04-08T00:00:00Z,1152.0,1152.0,1140.5,1148.5,0
2026-04-08T01:00:00Z,1148.75,1156.75,1147.75,1156.25,0
2026-04-08T02:00:00Z,1156.25,1157.75,1156.0,1156.5,0
2026-04-08T03:00:00Z,1156.5,1156.5,1154.5,1155.0,0
2026-04-08T04:00:00Z,1155.0,1156.25,1154.5,1155.5,0
2026-04-08T05:00:00Z,1156.0,1156.5,1155.25,1155.75,0
2026-04-08T06:00:00Z,1155.75,1156.75,1154.5,1156.25,0
2026-04-08T07:00:00Z,1156.5,1158.0,1156.25,1157.0,0
2026-04-08T08:00:00Z,1156.75,1158.5,1155.75,1157.5,0
2026-04-08T09:00:00Z,1157.75,1160.0,1157.0,1160.0,0
2026-04-08T10:00:00Z,1160.0,1160.5,1158.75,1159.25,0
2026-04-08T11:00:00Z,1159.5,1161.25,1155.0,1157.5,0
2026-04-08T12:00:00Z,1157.25,1158.5,1154.5,1156.75,0
2026-04-08T13:00:00Z,1156.25,1160.0,1154.75,1159.75,0
2026-04-08T14:00:00Z,1159.75,1163.0,1159.25,1160.75,0
2026-04-08T15:00:00Z,1160.75,1161.5,1158.0,1160.5,0
2026-04-08T16:00:00Z,1160.5,1161.5,1159.0,1159.0,0
2026-04-08T17:00:00Z,1159.0,1162.25,1159.0,1162.25,0
2026-04-08T18:00:00Z,1162.0,1162.5,1161.0,1161.75,0
2026-04-09T00:00:00Z,1162.0,1164.25,1159.75,1163.5,0
2026-04-09T01:00:00Z,1163.25,1163.25,1160.5,1161.5,0
2026-04-09T02:00:00Z,1162.0,1162.5,1161.5,1162.25,0
2026-04-09T03:00:00Z,1162.0,1163.0,1162.0,1162.0,0
2026-04-09T04:00:00Z,1162.25,1162.5,1162.0,1162.5,0
2026-04-09T05:00:00Z,1162.25,1163.5,1162.25,1162.25,0
2026-04-09T06:00:00Z,1162.25,1163.25,1161.75,1162.0,0
2026-04-09T07:00:00Z,1162.0,1163.25,1161.75,1162.25,0
2026-04-09T08:00:00Z,1162.25,1164.75,1162.25,1164.5,0
2026-04-09T09:00:00Z,1164.25,1165.25,1163.5,1164.75,0
2026-04-09T10:00:00Z,1164.75,1166.5,1164.75,1165.25,0
2026-04-09T11:00:00Z,1165.25,1166.75,1164.75,1165.75,0
2026-04-09T12:00:00Z,1166.0,1167.5,1165.5,1167.0,0
2026-04-09T13:00:00Z,1167.0,1170.5,1167.0,1167.0,0
2026-04-09T14:00:00Z,1166.75,1168.75,1165.0,1167.5,0
2026-04-09T15:00:00Z,1167.5,1169.0,1165.5,1168.25,0
2026-04-09T16:00:00Z,1168.25,1169.0,1163.0,1163.0,0
2026-04-09T17:00:00Z,1163.25,1165.0,1161.25,1163.75,0
2026-04-09T18:00:00Z,1163.5,1166.25,1163.25,1164.25,0
2026-04-10T00:00:00Z,1166.5,1169.75,1165.0,1169.0,0
2026-04-10T01:00:00Z,1168.75,1169.25,1167.0,1168.75,0
2026-04-10T02:00:00Z,1169.0,1169.0,1167.25,1167.5,0
2026-04-10T03:00:00Z,1167.5,1168.75,1167.25,1167.75,0
2026-04-10T04:00:00Z,1167.5,1168.25,1167.25,1167.75,0
2026-04-10T05:00:00Z,1168.0,1169.25,1167.75,1168.75,0
2026-04-10T06:00:00Z,1169.0,1169.5,1168.0,1168.75,0
2026-04-10T07:00:00Z,1168.75,1171.75,1168.75,1171.5,0
2026-04-10T08:00:00Z,1171.0,1173.25,1171.0,1171.25,0
2026-04-10T09:00:00Z,1171.5,1171.5,1164.5,1166.0,0
2026-04-10T10:00:00Z,1166.0,1166.5,1164.75,1165.75,0
2026-04-10T11:00:00Z,1166.0,1169.25,1166.0,1168.5,0
2026-04-10T12:00:00Z,1168.5,1171.5,1167.75,1170.5,0
2026-04-10T13:00:00Z,1170.0,1174.5,1169.25,1170.75,0
2026-04-10T14:00:00Z,1170.75,1174.5,1169.75,1173.25,0
2026-04-10T15:00:00Z,1173.25,1175.75,1173.0,1175.25,0
2026-04-10T16:00:00Z,1175.25,1178.5,1174.25,1176.25,0
2026-04-10T17:00:00Z,1176.25,1179.25,1176.25,1178.0,0
2026-04-10T18:00:00Z,1177.75,1178.0,1174.25,1174.5,0
2026-04-13T00:00:00Z,1177.0,1183.75,1174.5,1181.75,0
2026-04-13T01:00:00Z,1181.75,1181.75,1175.0,1175.75,0
2026-04-13T02:00:00Z,1176.0,1177.0,1175.25,1176.25,0
2026-04-13T03:00:00Z,1176.25,1176.75,1175.5,1176.75,0
2026-04-13T04:00:00Z,1176.5,1176.75,1175.25,1176.0,0
2026-04-13T05:00:00Z,1175.75,1175.75,1172.25,1173.0,0
2026-04-13T06:00:00Z,1172.75,1173.5,1171.5,1172.25,0
2026-04-13T07:00:00Z,1172.25,1173.25,1171.5,1173.0,0
2026-04-13T08:00:00Z,1172.75,1175.75,1171.5,1175.25,0
2026-04-13T09:00:00Z,1175.0,1177.0,1174.5,1176.25,0
2026-04-13T10:00:00Z,1176.25,1176.75,1174.0,1175.5,0
2026-04-13T11:00:00Z,1175.25,1175.75,1173.75,1175.0,0
2026-04-13T12:00:00Z,1175.0,1175.5,1173.25,1174.75,0
2026-04-13T13:00:00Z,1174.0,1176.75,1169.25,1171.75,0
2026-04-13T14:00:00Z,1171.75,1173.5,1165.75,1166.0,0
2026-04-13T15:00:00Z,1166.0,1169.5,1165.75,1167.75,0
2026-04-13T16:00:00Z,1167.5,1169.0,1163.5,1166.25,0
2026-04-13T17:00:00Z,1166.5,1169.5,1162.75,1163.0,0
2026-04-13T18:00:00Z,1163.0,1163.5,1160.0,1160.75,0
2026-04-14T00:00:00Z,1160.5,1164.25,1158.25,1162.0,0
2026-04-14T01:00:00Z,1162.25,1164.75,1162.0,1163.25,0
2026-04-14T02:00:00Z,1163.25,1163.5,1162.25,1162.25,0
2026-04-14T03:00:00Z,1162.25,1164.5,1162.25,1162.75,0
2026-04-14T04:00:00Z,1162.5,1163.25,1162.0,1163.0,0
2026-04-14T05:00:00Z,1163.25,1163.25,1162.5,1163.25,0
2026-04-14T06:00:00Z,1163.25,1164.0,1162.5,1163.5,0
2026-04-14T07:00:00Z,1163.25,1164.75,1162.5,1164.25,0
2026-04-14T08:00:00Z,1164.5,1165.75,1164.25,1165.0,0
2026-04-14T09:00:00Z,1165.0,1165.0,1163.0,1163.75,0
2026-04-14T10:00:00Z,1163.5,1165.0,1162.5,1163.5,0
2026-04-14T11:00:00Z,1163.5,1167.75,1163.25,1166.5,0
2026-04-14T12:00:00Z,1166.25,1167.0,1165.0,1166.25,0
2026-04-14T13:00:00Z,1165.75,1168.5,1162.0,1167.75,0
2026-04-14T14:00:00Z,1167.5,1168.0,1163.5,1165.5,0
2026-04-14T15:00:00Z,1165.75,1166.25,1160.5,1161.75,0
2026-04-14T16:00:00Z,1161.5,1161.5,1157.25,1157.5,0
2026-04-14T17:00:00Z,1157.25,1161.25,1156.0,1159.0,0
2026-04-14T18:00:00Z,1159.0,1159.5,1156.0,1156.5,0
2026-04-15T00:00:00Z,1156.75,1160.0,1156.75,1159.75,0
2026-04-15T01:00:00Z,1160.0,1161.5,1159.25,1161.25,0
2026-04-15T02:00:00Z,1161.25,1162.25,1161.0,1161.5,0
2026-04-15T03:00:00Z,1161.5,1161.75,1160.75,1161.0,0
2026-04-15T04:00:00Z,1161.0,1161.0,1160.75,1161.0,0
2026-04-15T05:00:00Z,1161.25,1162.75,1161.0,1162.0,0
2026-04-15T06:00:00Z,1162.25,1163.75,1161.25,1163.5,0
2026-04-15T07:00:00Z,1163.5,1164.0,1162.0,1163.0,0
2026-04-15T08:00:00Z,1163.25,1164.75,1163.0,1164.25,0
2026-04-15T09:00:00Z,1164.25,1165.0,1163.75,1164.5,0
2026-04-15T10:00:00Z,1164.75,1164.75,1163.0,1164.0,0
2026-04-15T11:00:00Z,1164.0,1165.75,1161.75,1165.75,0
2026-04-15T12:00:00Z,1165.75,1168.0,1165.5,1166.5,0
2026-04-15T13:00:00Z,1165.25,1167.0,1163.75,1166.0,0
2026-04-15T14:00:00Z,1166.0,1167.25,1163.25,1166.25,0
2026-04-15T15:00:00Z,1166.0,1169.75,1165.5,1169.5,0
2026-04-15T16:00:00Z,1169.75,1171.0,1167.5,1170.0,0
2026-04-15T17:00:00Z,1169.75,1170.25,1166.25,1166.25,0
2026-04-15T18:00:00Z,1166.5,1168.0,1165.0,1165.25,0
2026-04-16T00:00:00Z,1165.75,1166.5,1164.0,1165.75,0
2026-04-16T01:00:00Z,1165.5,1167.0,1164.75,1166.5,0
2026-04-16T02:00:00Z,1166.5,1167.0,1166.0,1166.5,0
2026-04-16T03:00:00Z,1166.5,1167.25,1166.5,1166.75,0
2026-04-16T04:00:00Z,1167.0,1167.25,1166.5,1166.75,0
2026-04-16T05:00:00Z,1166.5,1166.5,1164.75,1165.25,0
2026-04-16T06:00:00Z,1165.0,1168.25,1164.75,1167.0,0
2026-04-16T07:00:00Z,1167.0,1169.25,1166.0,1169.0,0
2026-04-16T08:00:00Z,1169.0,1169.5,1166.25,1166.75,0
2026-04-16T09:00:00Z,1166.5,1166.75,1163.5,1163.75,0
2026-04-16T10:00:00Z,1163.5,1164.25,1163.0,1163.5,0
2026-04-16T11:00:00Z,1163.25,1166.0,1162.75,1165.0,0
2026-04-16T12:00:00Z,1165.0,1165.5,1163.75,1165.25,0
2026-04-16T13:00:00Z,1165.0,1169.5,1163.25,1168.0,0
2026-04-16T14:00:00Z,1168.0,1170.0,1166.5,1168.5,0
2026-04-16T15:00:00Z,1168.5,1169.0,1164.25,1167.0,0
2026-04-16T16:00:00Z,1167.0,1169.25,1165.75,1167.0,0
2026-04-16T17:00:00Z,1167.0,1167.0,1162.25,1162.75,0
2026-04-16T18:00:00Z,1162.75,1165.0,1162.25,1162.5,0
2026-04-17T00:00:00Z,1179.0,1181.5,1177.75,1181.0,0
2026-04-17T01:00:00Z,1181.5,1182.5,1179.5,1181.25,0
2026-04-17T02:00:00Z,1181.25,1181.5,1179.0,1179.25,0
2026-04-17T03:00:00Z,1179.5,1180.25,1179.25,1179.75,0
2026-04-17T04:00:00Z,1179.5,1180.0,1179.25,1179.25,0
2026-04-17T05:00:00Z,1179.25,1179.75,1178.0,1179.5,0
2026-04-17T06:00:00Z,1179.5,1179.75,1178.5,1179.25,0
2026-04-17T07:00:00Z,1178.5,1179.5,1178.25,1179.0,0
2026-04-17T08:00:00Z,1179.25,1179.75,1178.25,1178.5,0
2026-04-17T09:00:00Z,1178.5,1178.5,1176.0,1176.75,0
2026-04-17T10:00:00Z,1176.75,1178.5,1176.75,1177.75,0
2026-04-17T11:00:00Z,1177.5,1178.5,1175.25,1176.0,0
2026-04-17T12:00:00Z,1176.25,1177.0,1174.75,1175.5,0
2026-04-17T13:00:00Z,1174.75,1175.0,1168.0,1172.0,0
2026-04-17T14:00:00Z,1172.25,1176.5,1172.25,1176.25,0
2026-04-17T15:00:00Z,1176.5,1179.25,1175.75,1178.25,0
2026-04-17T16:00:00Z,1178.25,1179.75,1176.0,1179.25,0
2026-04-17T17:00:00Z,1179.5,1183.5,1179.25,1181.5,0
2026-04-17T18:00:00Z,1181.25,1183.25,1181.0,1181.5,0
2026-04-20T00:00:00Z,1183.25,1187.25,1181.75,1181.75,0
2026-04-20T01:00:00Z,1181.5,1183.25,1180.0,1180.75,0
2026-04-20T02:00:00Z,1181.0,1182.5,1180.75,1180.75,0
2026-04-20T03:00:00Z,1180.5,1182.0,1180.5,1181.75,0
2026-04-20T04:00:00Z,1181.75,1182.25,1181.0,1181.5,0
2026-04-20T05:00:00Z,1181.5,1182.5,1181.0,1182.0,0
2026-04-20T06:00:00Z,1182.0,1182.0,1180.75,1181.25,0
2026-04-20T07:00:00Z,1181.0,1181.5,1178.5,1178.5,0
2026-04-20T08:00:00Z,1178.75,1181.5,1178.75,1180.25,0
2026-04-20T09:00:00Z,1180.25,1183.75,1180.0,1183.75,0
2026-04-20T10:00:00Z,1184.0,1184.25,1182.25,1183.75,0
2026-04-20T11:00:00Z,1183.75,1184.0,1181.25,1182.25,0
2026-04-20T12:00:00Z,1182.25,1182.5,1180.0,1181.25,0
2026-04-20T13:00:00Z,1180.25,1181.25,1177.0,1179.75,0
2026-04-20T14:00:00Z,1179.5,1182.0,1177.25,1180.25,0
2026-04-20T15:00:00Z,1180.25,1182.75,1179.25,1182.25,0
2026-04-20T16:00:00Z,1182.5,1184.5,1181.5,1183.75,0
2026-04-20T17:00:00Z,1183.5,1184.25,1181.0,1182.75,0
2026-04-20T18:00:00Z,1183.0,1183.0,1180.5,1180.75,0
2026-04-21T00:00:00Z,1181.0,1183.25,1180.75,1182.5,0
2026-04-21T01:00:00Z,1182.75,1185.0,1182.25,1184.0,0
2026-04-21T02:00:00Z,1184.25,1184.75,1184.0,1184.5,0
2026-04-21T03:00:00Z,1184.5,1184.5,1183.75,1184.5,0
2026-04-21T04:00:00Z,1184.5,1184.5,1184.0,1184.25,0
2026-04-21T05:00:00Z,1184.25,1185.75,1184.25,1185.5,0
2026-04-21T06:00:00Z,1185.5,1188.75,1185.25,1188.25,0
2026-04-21T07:00:00Z,1188.5,1189.0,1187.25,1188.25,0
2026-04-21T08:00:00Z,1188.25,1188.5,1187.5,1188.0,0
2026-04-21T09:00:00Z,1188.25,1189.5,1187.75,1188.0,0
2026-04-21T10:00:00Z,1188.0,1188.25,1186.75,1187.0,0
2026-04-21T11:00:00Z,1187.25,1188.5,1186.0,1186.25,0
2026-04-21T12:00:00Z,1186.5,1188.0,1186.5,1187.75,0
2026-04-21T13:00:00Z,1188.0,1192.25,1186.5,1191.0,0
2026-04-21T14:00:00Z,1191.0,1194.75,1190.0,1194.5,0
2026-04-21T15:00:00Z,1194.5,1194.75,1192.0,1193.0,0
2026-04-21T16:00:00Z,1193.0,1193.5,1190.0,1191.75,0
2026-04-21T17:00:00Z,1191.5,1191.75,1189.0,1190.5,0
2026-04-21T18:00:00Z,1190.5,1192.25,1189.5,1190.5,0
2026-04-22T00:00:00Z,1191.5,1192.25,1189.0,1192.0,0
2026-04-22T01:00:00Z,1192.0,1196.0,1191.5,1196.0,0
2026-04-22T02:00:00Z,1196.0,1198.0,1195.75,1197.5,0
2026-04-22T03:00:00Z,1197.75,1201.25,1197.25,1199.0,0
2026-04-22T04:00:00Z,1199.0,1199.5,1198.75,1199.5,0
2026-04-22T05:00:00Z,1199.5,1199.5,1196.25,1197.0,0
2026-04-22T06:00:00Z,1197.0,1199.0,1196.5,1198.75,0
2026-04-22T07:00:00Z,1198.5,1200.0,1198.0,1199.75,0
2026-04-22T08:00:00Z,1199.75,1200.75,1198.5,1199.25,0
2026-04-22T09:00:00Z,1199.25,1199.75,1198.0,1199.25,0
2026-04-22T10:00:00Z,1199.25,1199.5,1198.0,1198.0,0
2026-04-22T11:00:00Z,1198.0,1198.0,1195.5,1196.5,0
2026-04-22T12:00:00Z,1196.75,1197.25,1193.0,1193.5,0
2026-04-22T13:00:00Z,1193.5,1195.0,1191.25,1193.0,0
2026-04-22T14:00:00Z,1193.0,1194.25,1190.25,1192.25,0
2026-04-22T15:00:00Z,1192.5,1192.5,1186.0,1187.75,0
2026-04-22T16:00:00Z,1187.5,1187.75,1185.0,1185.75,0
2026-04-22T17:00:00Z,1185.75,1186.0,1180.25,1180.75,0
2026-04-22T18:00:00Z,1180.75,1181.0,1178.0,1179.0,0
2026-04-23T00:00:00Z,1180.25,1183.75,1178.75,1179.75,0
2026-04-23T01:00:00Z,1180.0,1182.75,1178.5,1178.75,0
2026-04-23T02:00:00Z,1178.75,1181.25,1178.25,1181.25,0
2026-04-23T03:00:00Z,1181.0,1181.5,1180.0,1180.75,0
2026-04-23T04:00:00Z,1180.5,1180.75,1180.25,1180.5,0
2026-04-23T05:00:00Z,1180.25,1181.0,1180.25,1180.75,0
2026-04-23T06:00:00Z,1180.75,1181.0,1179.25,1180.25,0
2026-04-23T07:00:00Z,1180.25,1181.0,1179.0,1179.75,0
2026-04-23T08:00:00Z,1179.75,1182.0,1179.5,1181.0,0
2026-04-23T09:00:00Z,1181.25,1182.0,1180.25,1181.75,0
2026-04-23T10:00:00Z,1181.75,1181.75,1179.5,1179.5,0
2026-04-23T11:00:00Z,1179.75,1181.0,1176.5,1177.25,0
2026-04-23T12:00:00Z,1177.0,1178.25,1176.25,1177.25,0
2026-04-23T13:00:00Z,1177.0,1180.25,1174.5,1177.25,0
2026-04-23T14:00:00Z,1177.25,1179.0,1174.5,1174.75,0
2026-04-23T15:00:00Z,1174.75,1178.25,1174.0,1176.0,0
2026-04-23T16:00:00Z,1176.0,1176.0,1172.75,1174.25,0
2026-04-23T17:00:00Z,1174.0,1175.5,1173.0,1174.0,0
2026-04-23T18:00:00Z,1174.0,1176.25,1172.5,1174.75,0
2026-04-24T00:00:00Z,1175.0,1176.0,1173.0,1175.0,0
2026-04-24T01:00:00Z,1175.25,1176.5,1172.5,1173.0,0
2026-04-24T02:00:00Z,1173.0,1174.0,1171.25,1171.5,0
2026-04-24T03:00:00Z,1171.5,1173.25,1171.5,1173.0,0
2026-04-24T04:00:00Z,1173.25,1173.75,1173.0,1173.0,0
2026-04-24T05:00:00Z,1173.25,1175.0,1173.0,1174.25,0
2026-04-24T06:00:00Z,1174.5,1176.5,1172.75,1174.25,0
2026-04-24T07:00:00Z,1174.5,1177.0,1174.0,1176.5,0
2026-04-24T08:00:00Z,1176.5,1178.25,1176.5,1177.0,0
2026-04-24T09:00:00Z,1176.75,1178.25,1176.75,1177.75,0
2026-04-24T10:00:00Z,1177.75,1178.25,1177.0,1177.75,0
2026-04-24T11:00:00Z,1177.5,1177.5,1174.25,1175.5,0
2026-04-24T12:00:00Z,1175.25,1176.5,1174.75,1175.25,0
2026-04-24T13:00:00Z,1174.75,1176.25,1173.25,1174.5,0
2026-04-24T14:00:00Z,1174.25,1176.25,1172.0,1172.75,0
2026-04-24T15:00:00Z,1173.0,1174.25,1172.0,1173.75,0
2026-04-24T16:00:00Z,1173.75,1178.0,1173.25,1177.5,0
2026-04-24T17:00:00Z,1177.5,1178.75,1176.0,1178.25,0
2026-04-24T18:00:00Z,1178.25,1179.25,1176.75,1176.75,0
2026-04-27T00:00:00Z,1176.75,1184.0,1176.75,1182.25,0
2026-04-27T01:00:00Z,1182.25,1183.0,1180.0,1181.25,0
2026-04-27T02:00:00Z,1181.0,1181.0,1180.0,1180.25,0
2026-04-27T03:00:00Z,1180.25,1180.75,1179.75,1180.25,0
2026-04-27T04:00:00Z,1180.5,1181.0,1180.25,1181.0,0
2026-04-27T05:00:00Z,1181.25,1181.75,1180.5,1180.5,0
2026-04-27T06:00:00Z,1180.25,1181.0,1179.5,1180.25,0
2026-04-27T07:00:00Z,1180.25,1182.75,1180.25,1182.5,0
2026-04-27T08:00:00Z,1182.5,1182.75,1179.75,1180.25,0
2026-04-27T09:00:00Z,1180.25,1182.25,1180.0,1182.0,0
2026-04-27T10:00:00Z,1182.0,1182.25,1181.5,1182.0,0
2026-04-27T11:00:00Z,1181.75,1182.5,1179.75,1180.0,0
2026-04-27T12:00:00Z,1180.25,1181.0,1179.5,1181.0,0
2026-04-27T13:00:00Z,1181.25,1183.75,1179.25,1181.25,0
2026-04-27T14:00:00Z,1181.5,1188.5,1181.0,1187.75,0
2026-04-27T15:00:00Z,1187.5,1193.75,1187.25,1192.5,0
2026-04-27T16:00:00Z,1192.5,1194.5,1191.25,1192.5,0
2026-04-27T17:00:00Z,1192.5,1194.5,1191.75,1192.5,0
2026-04-27T18:00:00Z,1192.5,1193.25,1191.0,1191.25,0
2026-04-28T00:00:00Z,1191.0,1192.75,1190.25,1192.25,0
2026-04-28T01:00:00Z,1192.0,1192.25,1187.0,1187.25,0
2026-04-28T02:00:00Z,1187.25,1187.5,1185.0,1185.0,0
2026-04-28T03:00:00Z,1185.0,1187.25,1184.5,1187.25,0
2026-04-28T04:00:00Z,1187.25,1187.5,1186.75,1187.25,0
2026-04-28T05:00:00Z,1187.25,1188.25,1186.75,1187.75,0
2026-04-28T06:00:00Z,1187.75,1189.0,1187.25,1187.25,0
2026-04-28T07:00:00Z,1187.5,1190.0,1186.75,1189.25,0
2026-04-28T08:00:00Z,1189.5,1189.5,1187.5,1189.0,0
2026-04-28T09:00:00Z,1189.25,1191.0,1189.0,1190.5,0
2026-04-28T10:00:00Z,1190.0,1191.0,1189.75,1190.0,0
2026-04-28T11:00:00Z,1190.25,1192.5,1189.75,1190.5,0
2026-04-28T12:00:00Z,1190.5,1191.75,1188.25,1190.0,0
2026-04-28T13:00:00Z,1189.75,1190.5,1182.25,1184.75,0
2026-04-28T14:00:00Z,1185.0,1188.75,1183.0,1183.25,0
2026-04-28T15:00:00Z,1183.5,1190.0,1183.0,1189.75,0
2026-04-28T16:00:00Z,1189.75,1190.75,1185.25,1188.0,0
2026-04-28T17:00:00Z,1188.0,1191.0,1187.5,1190.5,0
2026-04-28T18:00:00Z,1190.25,1191.5,1188.5,1190.25,0
2026-04-29T00:00:00Z,1189.25,1192.5,1187.0,1192.0,0
2026-04-29T01:00:00Z,1191.75,1192.5,1190.0,1191.75,0
2026-04-29T02:00:00Z,1191.75,1192.75,1191.0,1191.25,0
2026-04-29T03:00:00Z,1191.25,1191.75,1190.75,1191.25,0
2026-04-29T04:00:00Z,1191.25,1191.5,1191.0,1191.25,0
2026-04-29T05:00:00Z,1191.25,1193.0,1190.25,1193.0,0
2026-04-29T06:00:00Z,1193.0,1195.25,1192.75,1194.75,0
2026-04-29T07:00:00Z,1195.0,1195.0,1193.5,1193.5,0
2026-04-29T08:00:00Z,1193.75,1195.75,1193.75,1194.5,0
2026-04-29T09:00:00Z,1194.75,1195.25,1193.0,1193.0,0
2026-04-29T10:00:00Z,1193.0,1194.0,1192.25,1192.5,0
2026-04-29T11:00:00Z,1192.5,1195.5,1192.25,1195.0,0
2026-04-29T12:00:00Z,1195.0,1195.75,1192.5,1194.25,0
2026-04-29T13:00:00Z,1194.25,1197.0,1193.25,1196.0,0
2026-04-29T14:00:00Z,1196.0,1197.0,1191.75,1196.75,0
2026-04-29T15:00:00Z,1196.5,1197.5,1192.75,1194.75,0
2026-04-29T16:00:00Z,1194.5,1197.75,1193.5,1197.0,0
2026-04-29T17:00:00Z,1197.25,1197.75,1194.25,1194.75,0
2026-04-29T18:00:00Z,1195.0,1198.25,1195.0,1197.75,0
2026-04-30T00:00:00Z,1197.0,1204.0,1195.25,1203.0,0
2026-04-30T01:00:00Z,1203.0,1204.0,1199.0,1199.5,0
2026-04-30T02:00:00Z,1199.5,1203.0,1199.5,1202.25,0
2026-04-30T03:00:00Z,1202.25,1203.75,1202.0,1203.25,0
2026-04-30T04:00:00Z,1203.25,1206.25,1203.0,1204.5,0
2026-04-30T05:00:00Z,1204.5,1204.5,1201.25,1201.5,0
2026-04-30T06:00:00Z,1201.25,1201.25,1198.75,1199.25,0
2026-04-30T07:00:00Z,1199.5,1200.25,1198.75,1198.75,0
2026-04-30T08:00:00Z,1199.0,1200.25,1198.5,1200.0,0
2026-04-30T09:00:00Z,1200.0,1202.0,1195.75,1196.5,0
2026-04-30T10:00:00Z,1196.5,1196.5,1193.5,1193.75,0
2026-04-30T11:00:00Z,1193.75,1193.75,1189.5,1192.5,0
2026-04-30T12:00:00Z,1192.5,1195.0,1191.5,1195.0,0
2026-04-30T13:00:00Z,1195.0,1196.0,1192.0,1193.25,0
2026-04-30T14:00:00Z,1193.25,1195.5,1190.75,1194.75,0
2026-04-30T15:00:00Z,1194.75,1198.0,1194.0,1196.5,0
2026-04-30T16:00:00Z,1196.5,1197.75,1195.0,1196.75,0
2026-04-30T17:00:00Z,1196.5,1198.75,1194.5,1195.0,0
2026-04-30T18:00:00Z,1195.0,1196.5,1195.0,1195.25,0
2026-05-01T00:00:00Z,1195.5,1200.0,1193.75,1199.5,0
2026-05-01T01:00:00Z,1199.5,1202.25,1199.5,1202.25,0
2026-05-01T02:00:00Z,1202.0,1203.75,1201.75,1202.75,0
2026-05-01T03:00:00Z,1202.75,1203.25,1202.5,1202.75,0
2026-05-01T04:00:00Z,1202.75,1202.75,1201.75,1201.75,0
2026-05-01T05:00:00Z,1201.75,1203.0,1201.75,1202.0,0
2026-05-01T06:00:00Z,1202.25,1203.5,1202.0,1203.0,0
2026-05-01T07:00:00Z,1203.25,1203.75,1200.25,1201.75,0
2026-05-01T08:00:00Z,1201.75,1202.0,1200.5,1201.25,0
2026-05-01T09:00:00Z,1201.25,1202.0,1200.25,1200.75,0
2026-05-01T10:00:00Z,1201.0,1203.0,1200.75,1202.75,0
2026-05-01T11:00:00Z,1202.5,1203.25,1201.0,1201.25,0
2026-05-01T12:00:00Z,1201.25,1201.75,1198.0,1200.25,0
2026-05-01T13:00:00Z,1200.0,1200.75,1196.25,1199.25,0
2026-05-01T14:00:00Z,1199.0,1201.75,1195.25,1199.5,0
2026-05-01T15:00:00Z,1199.75,1202.5,1196.5,1197.25,0
2026-05-01T16:00:00Z,1197.5,1201.5,1195.5,1199.5,0
2026-05-01T17:00:00Z,1199.5,1205.0,1199.25,1202.75,0
2026-05-01T18:00:00Z,1202.75,1203.5,1201.5,1201.5,0
2026-05-04T00:00:00Z,1203.0,1211.0,1202.25,1209.5,0
2026-05-04T01:00:00Z,1209.5,1212.25,1209.25,1209.5,0
2026-05-04T02:00:00Z,1209.5,1210.5,1209.25,1209.5,0
2026-05-04T03:00:00Z,1209.5,1211.0,1209.25,1209.75,0
2026-05-04T04:00:00Z,1209.75,1209.75,1208.75,1209.5,0
2026-05-04T05:00:00Z,1209.25,1209.25,1202.75,1205.25,0
2026-05-04T06:00:00Z,1205.25,1209.25,1205.0,1208.75,0
2026-05-04T07:00:00Z,1208.5,1209.75,1207.75,1209.5,0
2026-05-04T08:00:00Z,1209.5,1211.25,1208.75,1210.75,0
2026-05-04T09:00:00Z,1210.75,1211.75,1210.25,1210.5,0
2026-05-04T10:00:00Z,1210.75,1212.5,1207.75,1210.0,0
2026-05-04T11:00:00Z,1209.75,1212.5,1209.25,1211.0,0
2026-05-04T12:00:00Z,1211.25,1211.25,1208.0,1210.0,0
2026-05-04T13:00:00Z,1208.75,1212.75,1208.5,1211.25,0
2026-05-04T14:00:00Z,1211.0,1222.75,1210.5,1221.25,0
2026-05-04T15:00:00Z,1221.25,1226.25,1221.25,1222.5,0
2026-05-04T16:00:00Z,1222.5,1225.0,1218.75,1222.75,0
2026-05-04T17:00:00Z,1222.75,1223.25,1221.0,1223.25,0
2026-05-04T18:00:00Z,1223.25,1223.5,1221.75,1222.25,0
2026-05-05T00:00:00Z,1222.0,1223.5,1220.25,1222.5,0
2026-05-05T01:00:00Z,1222.5,1223.5,1222.25,1223.5,0
2026-05-05T02:00:00Z,1223.5,1223.5,1222.0,1223.25,0
2026-05-05T03:00:00Z,1223.0,1223.75,1223.0,1223.75,0
2026-05-05T04:00:00Z,1223.75,1224.0,1223.25,1223.25,0
2026-05-05T05:00:00Z,1223.25,1223.75,1223.0,1223.75,0
2026-05-05T06:00:00Z,1223.75,1226.0,1223.25,1225.75,0
2026-05-05T07:00:00Z,1225.75,1226.0,1220.25,1222.5,0
2026-05-05T08:00:00Z,1222.25,1222.75,1217.75,1218.0,0
2026-05-05T09:00:00Z,1218.0,1220.25,1218.0,1219.5,0
2026-05-05T10:00:00Z,1219.5,1221.0,1217.0,1217.75,0
2026-05-05T11:00:00Z,1217.75,1219.5,1217.25,1218.0,0
2026-05-05T12:00:00Z,1218.5,1219.75,1216.0,1218.0,0
2026-05-05T13:00:00Z,1218.0,1219.75,1214.5,1219.0,0
2026-05-05T14:00:00Z,1219.0,1222.0,1216.25,1216.5,0
2026-05-05T15:00:00Z,1216.5,1216.5,1210.25,1213.0,0
2026-05-05T16:00:00Z,1213.0,1213.25,1210.25,1211.25,0
2026-05-05T17:00:00Z,1211.0,1212.75,1210.75,1211.0,0
2026-05-05T18:00:00Z,1211.25,1212.5,1210.0,1210.25,0
2026-05-06T00:00:00Z,1211.5,1213.5,1208.5,1212.75,0
2026-05-06T01:00:00Z,1212.75,1214.0,1209.0,1211.0,0
2026-05-06T02:00:00Z,1211.0,1214.75,1211.0,1212.5,0
2026-05-06T03:00:00Z,1212.5,1212.5,1209.5,1210.25,0
2026-05-06T04:00:00Z,1210.25,1211.5,1210.25,1210.75,0
2026-05-06T05:00:00Z,1210.75,1211.25,1210.25,1210.5,0
2026-05-06T06:00:00Z,1210.25,1212.5,1209.25,1211.5,0
2026-05-06T07:00:00Z,1211.25,1212.75,1209.75,1209.75,0
2026-05-06T08:00:00Z,1209.75,1212.0,1203.5,1204.75,0
2026-05-06T09:00:00Z,1205.0,1208.75,1203.75,1205.75,0
2026-05-06T10:00:00Z,1205.25,1205.5,1196.75,1200.25,0
2026-05-06T11:00:00Z,1200.5,1204.5,1199.5,1203.5,0
2026-05-06T12:00:00Z,1203.5,1208.75,1202.5,1206.0,0
2026-05-06T13:00:00Z,1206.25,1208.25,1197.5,1198.5,0
2026-05-06T14:00:00Z,1198.5,1200.0,1192.25,1194.5,0
2026-05-06T15:00:00Z,1194.5,1195.0,1190.5,1191.75,0
2026-05-06T16:00:00Z,1191.75,1193.75,1189.75,1192.5,0
2026-05-06T17:00:00Z,1192.5,1196.75,1191.5,1195.75,0
2026-05-06T18:00:00Z,1195.75,1196.5,1194.0,1194.25,0
2026-05-07T00:00:00Z,1195.0,1196.5,1191.75,1196.25,0
2026-05-07T01:00:00Z,1196.25,1196.75,1189.75,1191.0,0
2026-05-07T02:00:00Z,1190.5,1190.5,1186.75,1188.0,0
2026-05-07T03:00:00Z,1187.75,1189.75,1187.75,1189.5,0
2026-05-07T04:00:00Z,1189.5,1191.25,1189.25,1191.25,0
2026-05-07T05:00:00Z,1191.0,1191.75,1190.5,1190.5,0
2026-05-07T06:00:00Z,1190.75,1191.75,1189.25,1190.0,0
2026-05-07T07:00:00Z,1190.0,1192.5,1187.75,1192.0,0
2026-05-07T08:00:00Z,1192.0,1193.75,1191.5,1192.25,0
2026-05-07T09:00:00Z,1192.0,1193.75,1191.5,1193.0,0
2026-05-07T10:00:00Z,1193.0,1196.25,1191.75,1192.75,0
2026-05-07T11:00:00Z,1192.75,1193.0,1189.75,1191.0,0
2026-05-07T12:00:00Z,1191.0,1192.0,1185.5,1185.75,0
2026-05-07T13:00:00Z,1185.75,1190.75,1184.25,1189.0,0
2026-05-07T14:00:00Z,1189.0,1189.0,1182.5,1183.75,0
2026-05-07T15:00:00Z,1183.5,1189.0,1183.25,1187.5,0
2026-05-07T16:00:00Z,1187.75,1194.25,1186.25,1192.0,0
2026-05-07T17:00:00Z,1192.0,1194.5,1190.0,1191.25,0
2026-05-07T18:00:00Z,1191.5,1192.75,1190.5,1191.0,0
2026-05-08T00:00:00Z,1195.25,1196.5,1192.25,1193.0,0
2026-05-08T01:00:00Z,1192.75,1193.5,1190.75,1193.5,0
2026-05-08T02:00:00Z,1193.5,1194.0,1191.25,1191.25,0
2026-05-08T03:00:00Z,1191.25,1191.5,1189.5,1190.0,0
2026-05-08T04:00:00Z,1190.25,1191.5,1190.0,1190.75,0
2026-05-08T05:00:00Z,1190.75,1191.25,1190.0,1190.5,0
2026-05-08T06:00:00Z,1190.75,1191.0,1189.5,1190.5,0
2026-05-08T07:00:00Z,1190.5,1192.25,1190.0,1191.5,0
2026-05-08T08:00:00Z,1191.75,1193.25,1191.0,1192.5,0
2026-05-08T09:00:00Z,1192.75,1194.0,1191.75,1193.25,0
2026-05-08T10:00:00Z,1193.0,1193.5,1190.5,1193.25,0
2026-05-08T11:00:00Z,1193.25,1195.0,1192.5,1194.25,0
2026-05-08T12:00:00Z,1194.25,1198.25,1194.0,1198.0,0
2026-05-08T13:00:00Z,1197.5,1198.0,1194.75,1197.5,0
2026-05-08T14:00:00Z,1197.5,1199.75,1194.5,1198.75,0
2026-05-08T15:00:00Z,1199.0,1207.25,1198.25,1206.75,0
2026-05-08T16:00:00Z,1206.75,1210.25,1206.25,1208.5,0
2026-05-08T17:00:00Z,1208.5,1209.5,1206.5,1207.5,0
2026-05-08T18:00:00Z,1207.75,1208.5,1206.0,1206.25,0
2026-05-11T00:00:00Z,1208.0,1215.75,1207.0,1214.0,0
2026-05-11T01:00:00Z,1213.75,1215.25,1209.75,1214.75,0
2026-05-11T02:00:00Z,1215.0,1216.0,1214.0,1215.5,0
2026-05-11T03:00:00Z,1215.5,1217.75,1215.5,1217.0,0
2026-05-11T04:00:00Z,1217.25,1217.25,1216.0,1217.25,0
2026-05-11T05:00:00Z,1217.0,1217.75,1216.25,1217.0,0
2026-05-11T06:00:00Z,1217.0,1218.25,1215.25,1215.75,0
2026-05-11T07:00:00Z,1215.75,1217.75,1215.75,1216.5,0
2026-05-11T08:00:00Z,1216.5,1218.5,1216.0,1218.0,0
2026-05-11T09:00:00Z,1218.0,1220.0,1217.75,1219.75,0
2026-05-11T10:00:00Z,1220.0,1222.5,1219.25,1221.0,0
2026-05-11T11:00:00Z,1221.0,1222.5,1220.0,1220.5,0
2026-05-11T12:00:00Z,1220.5,1220.5,1218.25,1218.5,0
2026-05-11T13:00:00Z,1218.0,1218.0,1210.25,1212.5,0
2026-05-11T14:00:00Z,1212.5,1217.0,1211.75,1216.0,0
2026-05-11T15:00:00Z,1215.75,1216.75,1213.0,1213.75,0
2026-05-11T16:00:00Z,1213.75,1214.75,1212.0,1214.5,0
2026-05-11T17:00:00Z,1214.5,1215.0,1212.5,1213.25,0
2026-05-11T18:00:00Z,1213.5,1214.25,1211.0,1211.0,0
2026-05-12T00:00:00Z,1211.75,1214.5,1211.25,1214.0,0
2026-05-12T01:00:00Z,1214.0,1215.5,1212.75,1215.25,0
2026-05-12T02:00:00Z,1215.5,1216.0,1215.0,1216.0,0
2026-05-12T03:00:00Z,1216.0,1216.5,1215.25,1216.25,0
2026-05-12T04:00:00Z,1216.25,1216.5,1215.75,1216.25,0
2026-05-12T05:00:00Z,1216.25,1216.25,1213.75,1214.0,0
2026-05-12T06:00:00Z,1214.0,1217.0,1213.75,1216.25,0
2026-05-12T07:00:00Z,1216.5,1216.5,1214.5,1215.25,0
2026-05-12T08:00:00Z,1215.25,1215.5,1211.5,1212.5,0
2026-05-12T09:00:00Z,1212.25,1214.25,1211.25,1214.25,0
2026-05-12T10:00:00Z,1214.25,1217.0,1214.25,1215.75,0
2026-05-12T11:00:00Z,1215.75,1219.0,1215.0,1218.0,0
2026-05-12T12:00:00Z,1218.0,1218.5,1215.75,1217.5,0
2026-05-12T13:00:00Z,1217.75,1220.75,1217.5,1219.25,0
2026-05-12T14:00:00Z,1219.25,1222.25,1218.5,1221.5,0
2026-05-12T15:00:00Z,1221.75,1223.75,1217.5,1219.0,0
2026-05-12T16:00:00Z,1219.25,1232.75,1219.25,1227.5,0
2026-05-12T17:00:00Z,1227.75,1228.75,1224.75,1226.25,0
2026-05-12T18:00:00Z,1226.25,1228.25,1224.75,1225.25,0
2026-05-13T00:00:00Z,1225.0,1229.0,1224.5,1228.5,0
2026-05-13T01:00:00Z,1228.25,1229.25,1225.5,1229.25,0
2026-05-13T02:00:00Z,1229.0,1229.25,1226.0,1226.5,0
2026-05-13T03:00:00Z,1226.5,1227.0,1225.75,1226.5,0
2026-05-13T04:00:00Z,1226.25,1226.75,1224.25,1224.5,0
2026-05-13T05:00:00Z,1224.5,1225.25,1222.0,1223.5,0
2026-05-13T06:00:00Z,1223.0,1225.25,1222.5,1224.5,0
2026-05-13T07:00:00Z,1224.75,1225.75,1224.5,1224.5,0
2026-05-13T08:00:00Z,1224.75,1229.5,1224.0,1229.5,0
2026-05-13T09:00:00Z,1229.5,1230.5,1227.75,1229.25,0
2026-05-13T10:00:00Z,1229.5,1230.5,1228.75,1229.5,0
2026-05-13T11:00:00Z,1229.5,1230.5,1228.75,1229.25,0
2026-05-13T12:00:00Z,1229.5,1229.5,1226.75,1228.25,0
2026-05-13T13:00:00Z,1226.5,1233.75,1225.75,1232.25,0
2026-05-13T14:00:00Z,1232.0,1234.5,1230.5,1234.0,0
2026-05-13T15:00:00Z,1234.0,1235.0,1226.75,1229.25,0
2026-05-13T16:00:00Z,1229.0,1234.0,1224.5,1231.5,0
2026-05-13T17:00:00Z,1231.5,1233.5,1230.75,1231.5,0
2026-05-13T18:00:00Z,1231.75,1231.75,1226.75,1227.25,0
2026-05-14T00:00:00Z,1225.5,1227.5,1222.25,1226.0,0
2026-05-14T01:00:00Z,1226.25,1227.75,1222.75,1223.25,0
2026-05-14T02:00:00Z,1223.25,1225.0,1222.75,1224.5,0
2026-05-14T03:00:00Z,1224.5,1225.75,1222.75,1224.5,0
2026-05-14T04:00:00Z,1224.25,1226.25,1223.75,1225.5,0
2026-05-14T05:00:00Z,1225.5,1227.25,1224.75,1226.0,0
2026-05-14T06:00:00Z,1226.0,1226.5,1215.0,1217.0,0
2026-05-14T07:00:00Z,1217.0,1220.75,1216.25,1219.75,0
2026-05-14T08:00:00Z,1219.75,1226.25,1218.75,1220.0,0
2026-05-14T09:00:00Z,1219.75,1222.0,1218.0,1218.0,0
2026-05-14T10:00:00Z,1218.25,1221.0,1206.0,1212.25,0
2026-05-14T11:00:00Z,1212.25,1213.25,1204.75,1206.5,0
2026-05-14T12:00:00Z,1206.5,1206.75,1196.25,1198.5,0
2026-05-14T13:00:00Z,1198.5,1200.75,1193.75,1198.25,0
2026-05-14T14:00:00Z,1198.25,1199.75,1192.0,1192.25,0
2026-05-14T15:00:00Z,1192.25,1194.5,1181.5,1188.25,0
2026-05-14T16:00:00Z,1188.5,1188.5,1184.0,1184.5,0
2026-05-14T17:00:00Z,1184.5,1192.0,1183.75,1191.25,0
2026-05-14T18:00:00Z,1191.0,1194.25,1191.0,1193.5,0
2026-05-15T00:00:00Z,1193.75,1201.0,1192.75,1197.0,0
2026-05-15T01:00:00Z,1197.0,1202.0,1194.75,1199.5,0
2026-05-15T02:00:00Z,1199.75,1199.75,1196.25,1197.25,0
2026-05-15T03:00:00Z,1197.25,1197.25,1195.75,1196.0,0
2026-05-15T04:00:00Z,1195.75,1196.5,1195.0,1195.25,0
2026-05-15T05:00:00Z,1195.0,1197.0,1194.0,1194.25,0
2026-05-15T06:00:00Z,1194.25,1194.5,1191.0,1191.75,0
2026-05-15T07:00:00Z,1191.5,1191.75,1190.25,1191.5,0
2026-05-15T08:00:00Z,1191.25,1193.0,1189.25,1191.25,0
2026-05-15T09:00:00Z,1191.25,1191.75,1187.0,1187.25,0
2026-05-15T10:00:00Z,1187.25,1192.75,1186.0,1189.0,0
2026-05-15T11:00:00Z,1188.75,1190.25,1183.5,1185.25,0
2026-05-15T12:00:00Z,1185.25,1185.5,1179.25,1180.25,0
2026-05-15T13:00:00Z,1184.75,1190.0,1182.0,1185.25,0
2026-05-15T14:00:00Z,1185.25,1185.25,1178.0,1178.75,0
2026-05-15T15:00:00Z,1178.5,1178.75,1172.75,1176.0,0
2026-05-15T16:00:00Z,1175.75,1176.75,1172.25,1176.0,0
2026-05-15T17:00:00Z,1176.0,1178.75,1175.0,1177.75,0
2026-05-15T18:00:00Z,1177.75,1178.0,1175.75,1177.25,0
2026-05-18T00:00:00Z,1202.25,1209.5,1191.0,1192.75,0
2026-05-18T01:00:00Z,1192.5,1196.25,1191.5,1193.75,0
2026-05-18T02:00:00Z,1194.0,1195.25,1193.75,1194.5,0
2026-05-18T03:00:00Z,1194.75,1198.0,1194.75,1197.75,0
2026-05-18T04:00:00Z,1197.5,1198.5,1197.0,1198.25,0
2026-05-18T05:00:00Z,1198.25,1198.25,1196.5,1197.0,0
2026-05-18T06:00:00Z,1197.0,1199.0,1195.75,1198.75,0
2026-05-18T07:00:00Z,1198.75,1199.5,1197.0,1198.5,0
2026-05-18T08:00:00Z,1198.25,1201.25,1197.75,1201.25,0
2026-05-18T09:00:00Z,1201.25,1203.25,1200.5,1200.5,0
2026-05-18T10:00:00Z,1200.5,1202.75,1200.0,1200.75,0
2026-05-18T11:00:00Z,1200.75,1204.25,1197.25,1199.75,0
2026-05-18T12:00:00Z,1199.75,1205.0,1199.75,1202.5,0
2026-05-18T13:00:00Z,1202.75,1207.75,1200.75,1207.25,0
2026-05-18T14:00:00Z,1207.0,1217.75,1206.75,1214.75,0
2026-05-18T15:00:00Z,1214.5,1217.0,1212.25,1214.75,0
2026-05-18T16:00:00Z,1215.0,1218.5,1214.75,1216.5,0
2026-05-18T17:00:00Z,1216.25,1216.75,1213.5,1214.0,0
2026-05-18T18:00:00Z,1214.25,1215.0,1211.75,1212.0,0
2026-05-19T00:00:00Z,1213.0,1214.75,1211.5,1212.0,0
2026-05-19T01:00:00Z,1212.0,1216.0,1212.0,1214.5,0
2026-05-19T02:00:00Z,1214.5,1215.25,1213.5,1215.0,0
2026-05-19T03:00:00Z,1215.0,1215.5,1214.5,1215.0,0
2026-05-19T04:00:00Z,1215.0,1215.25,1214.25,1214.25,0
2026-05-19T05:00:00Z,1214.5,1217.25,1214.5,1217.0,0
2026-05-19T06:00:00Z,1217.25,1220.75,1216.25,1220.0,0
2026-05-19T07:00:00Z,1220.25,1220.5,1218.0,1219.0,0
2026-05-19T08:00:00Z,1218.75,1220.25,1211.5,1214.0,0
2026-05-19T09:00:00Z,1214.0,1215.75,1212.75,1213.75,0
2026-05-19T10:00:00Z,1213.75,1214.5,1212.0,1213.5,0
2026-05-19T11:00:00Z,1213.5,1218.25,1213.5,1216.5,0
2026-05-19T12:00:00Z,1216.5,1216.5,1213.0,1213.75,0
2026-05-19T13:00:00Z,1214.5,1219.0,1213.0,1215.75,0
2026-05-19T14:00:00Z,1215.75,1216.75,1209.25,1210.75,0
2026-05-19T15:00:00Z,1210.75,1214.5,1210.75,1213.0,0
2026-05-19T16:00:00Z,1213.0,1214.0,1210.25,1213.75,0
2026-05-19T17:00:00Z,1214.0,1214.5,1208.0,1209.5,0
2026-05-19T18:00:00Z,1209.0,1210.75,1208.5,1210.25,0
2026-05-20T00:00:00Z,1210.0,1212.0,1205.75,1206.0,0
2026-05-20T01:00:00Z,1206.25,1209.5,1202.25,1202.75,0
2026-05-20T02:00:00Z,1202.75,1205.75,1202.75,1204.5,0
2026-05-20T03:00:00Z,1204.5,1205.75,1204.25,1204.75,0
2026-05-20T04:00:00Z,1204.75,1208.0,1204.25,1207.25,0
2026-05-20T05:00:00Z,1207.25,1211.0,1207.25,1210.25,0
2026-05-20T06:00:00Z,1210.25,1211.5,1206.5,1206.5,0
2026-05-20T07:00:00Z,1206.75,1208.0,1204.5,1206.25,0
2026-05-20T08:00:00Z,1206.25,1206.25,1201.25,1202.5,0
2026-05-20T09:00:00Z,1202.5,1207.5,1201.75,1207.5,0
2026-05-20T10:00:00Z,1207.25,1208.0,1204.75,1206.25,0
2026-05-20T11:00:00Z,1206.25,1208.0,1205.25,1206.25,0
2026-05-20T12:00:00Z,1206.0,1206.25,1202.5,1203.0,0
2026-05-20T13:00:00Z,1203.0,1204.0,1201.25,1202.75,0
2026-05-20T14:00:00Z,1202.75,1204.5,1197.25,1201.0,0
2026-05-20T15:00:00Z,1200.75,1202.75,1199.0,1199.5,0
2026-05-20T16:00:00Z,1199.5,1201.5,1197.75,1199.0,0
2026-05-20T17:00:00Z,1199.25,1199.75,1196.0,1197.25,0
2026-05-20T18:00:00Z,1197.5,1200.5,1197.0,1199.25,0
2026-05-21T00:00:00Z,1199.0,1200.75,1197.75,1199.0,0
2026-05-21T01:00:00Z,1198.75,1200.75,1198.0,1199.0,0
2026-05-21T02:00:00Z,1199.25,1199.5,1195.75,1196.5,0
2026-05-21T03:00:00Z,1196.5,1197.5,1196.0,1196.5,0
2026-05-21T04:00:00Z,1196.5,1197.5,1196.25,1196.75,0
2026-05-21T05:00:00Z,1196.75,1196.75,1195.5,1196.0,0
2026-05-21T06:00:00Z,1196.0,1197.0,1195.25,1196.25,0
2026-05-21T07:00:00Z,1196.5,1198.25,1196.5,1197.5,0
2026-05-21T08:00:00Z,1197.75,1198.75,1197.0,1197.25,0
2026-05-21T09:00:00Z,1197.25,1197.25,1192.25,1192.25,0
2026-05-21T10:00:00Z,1192.25,1201.0,1191.0,1200.5,0
2026-05-21T11:00:00Z,1200.5,1201.0,1197.0,1197.5,0
2026-05-21T12:00:00Z,1197.25,1202.0,1197.25,1199.75,0
2026-05-21T13:00:00Z,1200.0,1201.75,1193.25,1194.5,0
2026-05-21T14:00:00Z,1194.75,1199.25,1194.5,1198.75,0
2026-05-21T15:00:00Z,1199.0,1204.0,1198.5,1202.0,0
2026-05-21T16:00:00Z,1202.0,1202.0,1196.25,1197.75,0
2026-05-21T17:00:00Z,1197.75,1198.5,1191.25,1191.75,0
2026-05-21T18:00:00Z,1191.75,1194.75,1191.0,1193.5,0
2026-05-22T00:00:00Z,1193.75,1194.5,1190.5,1193.0,0
2026-05-22T01:00:00Z,1193.0,1195.5,1192.25,1194.5,0
2026-05-22T02:00:00Z,1194.5,1195.25,1193.75,1194.0,0
2026-05-22T03:00:00Z,1194.25,1195.0,1194.0,1194.5,0
2026-05-22T04:00:00Z,1194.5,1195.5,1193.75,1195.5,0
2026-05-22T05:00:00Z,1195.5,1195.5,1194.25,1194.75,0
2026-05-22T06:00:00Z,1195.0,1196.25,1194.0,1195.75,0
2026-05-22T07:00:00Z,1195.75,1199.25,1195.5,1198.0,0
2026-05-22T08:00:00Z,1198.0,1199.75,1198.0,1199.25,0
2026-05-22T09:00:00Z,1199.0,1200.25,1198.75,1199.5,0
2026-05-22T10:00:00Z,1199.5,1200.75,1198.75,1199.0,0
2026-05-22T11:00:00Z,1199.0,1199.5,1198.25,1199.25,0
2026-05-22T12:00:00Z,1199.0,1199.5,1196.0,1198.5,0
2026-05-22T13:00:00Z,1198.5,1201.5,1196.5,1199.75,0
2026-05-22T14:00:00Z,1199.5,1200.0,1196.25,1196.5,0
2026-05-22T15:00:00Z,1196.5,1198.25,1196.0,1196.25,0
2026-05-22T16:00:00Z,1196.25,1199.25,1196.0,1197.25,0
2026-05-22T17:00:00Z,1197.25,1197.75,1196.0,1196.75,0
2026-05-22T18:00:00Z,1196.75,1197.25,1196.25,1197.25,0
2026-05-26T00:00:00Z,1192.0,1192.0,1185.0,1185.75,0
2026-05-26T01:00:00Z,1186.0,1191.0,1185.25,1189.5,0
2026-05-26T02:00:00Z,1189.75,1191.0,1189.0,1189.0,0
2026-05-26T03:00:00Z,1189.0,1189.25,1188.25,1189.0,0
2026-05-26T04:00:00Z,1188.75,1190.25,1188.5,1190.25,0
2026-05-26T05:00:00Z,1190.25,1190.75,1189.0,1189.5,0
2026-05-26T06:00:00Z,1189.5,1189.5,1186.5,1187.25,0
2026-05-26T07:00:00Z,1187.25,1189.75,1186.5,1189.25,0
2026-05-26T08:00:00Z,1189.25,1193.5,1188.5,1192.5,0
2026-05-26T09:00:00Z,1192.25,1192.5,1190.5,1190.75,0
2026-05-26T10:00:00Z,1190.75,1190.75,1186.25,1186.5,0
2026-05-26T11:00:00Z,1186.75,1191.0,1186.25,1190.25,0
2026-05-26T12:00:00Z,1190.5,1191.75,1189.0,1190.75,0
2026-05-26T13:00:00Z,1191.5,1192.5,1188.5,1190.5,0
2026-05-26T14:00:00Z,1190.5,1191.25,1187.0,1189.5,0
2026-05-26T15:00:00Z,1189.5,1191.5,1188.5,1190.5,0
2026-05-26T16:00:00Z,1190.25,1191.25,1186.75,1188.25,0
2026-05-26T17:00:00Z,1188.25,1188.5,1184.5,1186.0,0
2026-05-26T18:00:00Z,1186.0,1187.0,1185.5,1185.5,0
2026-05-27T00:00:00Z,1185.5,1188.0,1184.25,1187.25,0
2026-05-27T01:00:00Z,1187.25,1187.75,1185.5,1186.75,0
2026-05-27T02:00:00Z,1186.75,1188.25,1186.5,1186.75,0
2026-05-27T03:00:00Z,1187.0,1187.25,1186.0,1186.5,0
2026-05-27T04:00:00Z,1186.75,1186.75,1185.75,1186.0,0
2026-05-27T05:00:00Z,1186.0,1186.75,1185.5,1185.5,0
2026-05-27T06:00:00Z,1185.5,1185.75,1183.75,1183.75,0
2026-05-27T07:00:00Z,1183.75,1185.75,1183.5,1185.0,0
2026-05-27T08:00:00Z,1185.0,1186.0,1184.0,1184.75,0
2026-05-27T09:00:00Z,1185.0,1187.5,1184.0,1186.75,0
2026-05-27T10:00:00Z,1186.75,1188.5,1184.5,1185.0,0
2026-05-27T11:00:00Z,1185.0,1185.75,1184.25,1185.75,0
2026-05-27T12:00:00Z,1185.75,1186.0,1179.75,1182.5,0
2026-05-27T13:00:00Z,1182.5,1188.0,1180.0,1187.0,0
2026-05-27T14:00:00Z,1187.0,1190.5,1186.25,1190.25,0
2026-05-27T15:00:00Z,1190.25,1191.25,1187.5,1189.25,0
2026-05-27T16:00:00Z,1189.25,1190.0,1187.0,1188.75,0
2026-05-27T17:00:00Z,1189.0,1189.25,1185.25,1185.5,0
2026-05-27T18:00:00Z,1185.75,1186.25,1184.75,1185.5,0
2026-05-28T00:00:00Z,1186.0,1190.0,1185.0,1189.5,0
2026-05-28T01:00:00Z,1189.5,1189.5,1187.0,1188.0,0
2026-05-28T02:00:00Z,1188.0,1189.75,1187.75,1188.75,0
2026-05-28T03:00:00Z,1189.0,1190.0,1189.0,1189.75,0
2026-05-28T04:00:00Z,1189.75,1190.5,1189.25,1189.75,0
2026-05-28T05:00:00Z,1189.75,1191.0,1189.25,1190.75,0
2026-05-28T06:00:00Z,1190.75,1194.5,1190.5,1193.75,0
2026-05-28T07:00:00Z,1193.5,1195.0,1192.5,1194.0,0
2026-05-28T08:00:00Z,1194.0,1194.0,1191.75,1193.0,0
2026-05-28T09:00:00Z,1193.0,1193.0,1191.5,1192.25,0
2026-05-28T10:00:00Z,1192.0,1195.25,1191.5,1194.0,0
2026-05-28T11:00:00Z,1194.0,1196.0,1193.75,1194.5,0
2026-05-28T12:00:00Z,1194.25,1195.25,1191.75,1192.25,0
2026-05-28T13:00:00Z,1192.0,1193.5,1190.5,1192.25,0
2026-05-28T14:00:00Z,1192.0,1193.25,1187.25,1191.25,0
2026-05-28T15:00:00Z,1191.25,1193.5,1189.5,1192.5,0
2026-05-28T16:00:00Z,1192.75,1195.5,1191.0,1191.25,0
2026-05-28T17:00:00Z,1191.25,1195.5,1191.25,1194.5,0
2026-05-28T18:00:00Z,1194.75,1196.0,1194.0,1195.75,0
2026-05-29T00:00:00Z,1198.0,1198.75,1194.75,1196.0,0
2026-05-29T01:00:00Z,1195.5,1198.5,1195.25,1197.25,0
2026-05-29T02:00:00Z,1197.25,1199.25,1196.75,1198.75,0
2026-05-29T03:00:00Z,1198.5,1199.25,1197.75,1199.0,0
2026-05-29T04:00:00Z,1199.25,1199.25,1198.25,1198.75,0
2026-05-29T05:00:00Z,1198.75,1199.5,1198.25,1199.0,0
2026-05-29T06:00:00Z,1199.0,1199.5,1195.75,1196.0,0
2026-05-29T07:00:00Z,1196.0,1200.25,1195.75,1199.75,0
2026-05-29T08:00:00Z,1199.75,1200.75,1198.5,1199.25,0
2026-05-29T09:00:00Z,1199.0,1199.0,1195.25,1196.25,0
2026-05-29T10:00:00Z,1196.25,1200.25,1196.25,1199.5,0
2026-05-29T11:00:00Z,1199.5,1199.75,1198.0,1198.25,0
2026-05-29T12:00:00Z,1198.25,1199.25,1196.75,1198.25,0
2026-05-29T13:00:00Z,1197.75,1198.75,1192.0,1194.0,0
2026-05-29T14:00:00Z,1194.0,1194.25,1186.5,1189.25,0
2026-05-29T15:00:00Z,1189.5,1189.5,1186.0,1186.5,0
2026-05-29T16:00:00Z,1186.5,1186.75,1183.75,1184.5,0
2026-05-29T17:00:00Z,1184.75,1185.25,1182.75,1185.0,0
2026-05-29T18:00:00Z,1185.25,1187.5,1185.0,1186.5,0
2026-06-01T00:00:00Z,1186.75,1190.5,1184.5,1189.75,0
2026-06-01T01:00:00Z,1189.75,1190.5,1188.0,1188.75,0
2026-06-01T02:00:00Z,1188.75,1190.0,1188.25,1189.5,0
2026-06-01T03:00:00Z,1189.25,1189.5,1188.25,1189.25,0
2026-06-01T04:00:00Z,1189.5,1189.5,1188.75,1189.25,0
2026-06-01T05:00:00Z,1189.25,1191.75,1189.0,1191.5,0
2026-06-01T06:00:00Z,1191.5,1192.25,1191.0,1191.75,0
2026-06-01T07:00:00Z,1191.75,1193.0,1191.25,1192.25,0
2026-06-01T08:00:00Z,1192.25,1193.0,1191.5,1191.75,0
2026-06-01T09:00:00Z,1191.75,1192.75,1191.5,1192.0,0
2026-06-01T10:00:00Z,1191.75,1192.75,1190.5,1190.5,0
2026-06-01T11:00:00Z,1190.5,1191.5,1189.25,1190.0,0
2026-06-01T12:00:00Z,1190.0,1194.0,1189.75,1192.0,0
2026-06-01T13:00:00Z,1193.0,1194.5,1184.5,1186.25,0
2026-06-01T14:00:00Z,1186.25,1190.0,1183.0,1184.75,0
2026-06-01T15:00:00Z,1184.75,1185.0,1181.5,1184.5,0
2026-06-01T16:00:00Z,1184.5,1184.75,1177.75,1179.0,0
2026-06-01T17:00:00Z,1178.75,1180.0,1178.0,1180.0,0
2026-06-01T18:00:00Z,1179.75,1181.5,1179.0,1181.25,0
2026-06-02T00:00:00Z,1181.5,1182.75,1175.5,1176.5,0
2026-06-02T01:00:00Z,1176.5,1178.75,1176.0,1177.75,0
2026-06-02T02:00:00Z,1177.5,1179.5,1177.25,1179.0,0
2026-06-02T03:00:00Z,1179.25,1180.0,1178.75,1179.25,0
2026-06-02T04:00:00Z,1179.25,1180.0,1179.0,1180.0,0
2026-06-02T05:00:00Z,1180.0,1180.5,1179.0,1179.5,0
2026-06-02T06:00:00Z,1179.75,1180.25,1178.25,1179.25,0
2026-06-02T07:00:00Z,1179.5,1180.25,1178.75,1179.25,0
2026-06-02T08:00:00Z,1179.25,1179.75,1177.5,1178.0,0
2026-06-02T09:00:00Z,1177.75,1178.0,1176.25,1176.5,0
2026-06-02T10:00:00Z,1176.25,1177.75,1175.5,1176.0,0
2026-06-02T11:00:00Z,1175.75,1178.25,1174.75,1178.0,0
2026-06-02T12:00:00Z,1178.0,1179.0,1176.75,1177.25,0
2026-06-02T13:00:00Z,1178.5,1178.5,1164.75,1165.0,0
2026-06-02T14:00:00Z,1165.0,1166.25,1163.0,1166.0,0
2026-06-02T15:00:00Z,1166.0,1174.0,1165.5,1168.25,0
2026-06-02T16:00:00Z,1168.25,1170.0,1167.0,1168.75,0
2026-06-02T17:00:00Z,1168.75,1170.25,1166.25,1166.25,0
2026-06-02T18:00:00Z,1166.5,1166.5,1164.25,1164.5,0
2026-06-03T00:00:00Z,1167.5,1167.5,1161.5,1164.25,0
2026-06-03T01:00:00Z,1164.25,1168.0,1163.75,1166.5,0
2026-06-03T02:00:00Z,1166.5,1167.25,1166.0,1167.0,0
2026-06-03T03:00:00Z,1167.25,1169.25,1166.75,1168.25,0
2026-06-03T04:00:00Z,1168.25,1168.75,1167.75,1167.75,0
2026-06-03T05:00:00Z,1167.75,1169.25,1167.25,1169.0,0
2026-06-03T06:00:00Z,1169.0,1169.75,1167.75,1168.0,0
2026-06-03T07:00:00Z,1168.0,1168.75,1166.75,1167.25,0
2026-06-03T08:00:00Z,1167.25,1169.75,1167.0,1168.0,0
2026-06-03T09:00:00Z,1168.0,1169.75,1167.5,1169.25,0
2026-06-03T10:00:00Z,1169.25,1170.25,1169.0,1169.0,0
2026-06-03T11:00:00Z,1168.75,1172.75,1168.75,1172.0,0
2026-06-03T12:00:00Z,1172.0,1172.75,1171.25,1171.75,0
2026-06-03T13:00:00Z,1171.75,1171.75,1161.25,1162.0,0
2026-06-03T14:00:00Z,1161.75,1167.25,1159.75,1165.25,0
2026-06-03T15:00:00Z,1165.0,1165.5,1159.0,1159.25,0
2026-06-03T16:00:00Z,1159.25,1160.0,1156.5,1156.5,0
2026-06-03T17:00:00Z,1156.5,1158.25,1152.75,1153.25,0
2026-06-03T18:00:00Z,1153.25,1154.5,1152.5,1153.5,0
2026-06-04T00:00:00Z,1153.25,1155.25,1153.0,1154.25,0
2026-06-04T01:00:00Z,1154.5,1154.75,1150.0,1151.0,0
2026-06-04T02:00:00Z,1151.0,1151.75,1149.75,1149.75,0
2026-06-04T03:00:00Z,1149.75,1151.0,1149.5,1150.0,0
2026-06-04T04:00:00Z,1150.0,1150.5,1150.0,1150.25,0
2026-06-04T05:00:00Z,1150.25,1150.5,1149.75,1149.75,0
2026-06-04T06:00:00Z,1149.75,1150.5,1148.5,1149.75,0
2026-06-04T07:00:00Z,1150.0,1150.0,1148.75,1149.25,0
2026-06-04T08:00:00Z,1149.25,1149.5,1146.75,1147.25,0
2026-06-04T09:00:00Z,1147.25,1148.25,1146.5,1147.5,0
2026-06-04T10:00:00Z,1147.75,1149.25,1147.25,1147.75,0
2026-06-04T11:00:00Z,1147.75,1148.5,1146.0,1147.25,0
2026-06-04T12:00:00Z,1147.25,1150.0,1147.0,1147.5,0
2026-06-04T13:00:00Z,1146.0,1147.0,1137.25,1137.75,0
2026-06-04T14:00:00Z,1137.75,1137.75,1127.0,1128.75,0
2026-06-04T15:00:00Z,1128.75,1129.0,1124.0,1124.75,0
2026-06-04T16:00:00Z,1124.75,1126.5,1122.0,1124.0,0
2026-06-04T17:00:00Z,1124.0,1124.75,1120.5,1124.25,0
2026-06-04T18:00:00Z,1124.25,1130.5,1123.5,1128.75,0
2026-06-05T00:00:00Z,1130.25,1131.75,1126.25,1127.75,0
2026-06-05T01:00:00Z,1127.75,1128.75,1125.0,1128.25,0
2026-06-05T02:00:00Z,1128.25,1132.25,1128.0,1130.25,0
2026-06-05T03:00:00Z,1130.0,1131.0,1129.0,1129.25,0
2026-06-05T04:00:00Z,1129.5,1129.75,1129.0,1129.5,0
2026-06-05T05:00:00Z,1129.5,1130.0,1128.0,1128.25,0
2026-06-05T06:00:00Z,1128.25,1129.0,1127.5,1127.75,0
2026-06-05T07:00:00Z,1127.75,1128.0,1125.0,1127.25,0
2026-06-05T08:00:00Z,1127.5,1129.25,1126.0,1129.0,0
2026-06-05T09:00:00Z,1129.25,1130.5,1127.75,1129.0,0
2026-06-05T10:00:00Z,1129.0,1129.25,1127.5,1128.0,0
2026-06-05T11:00:00Z,1128.0,1128.0,1126.0,1127.75,0
2026-06-05T12:00:00Z,1127.25,1130.25,1127.25,1130.25,0
2026-06-05T13:00:00Z,1131.0,1131.25,1124.25,1128.25,0
2026-06-05T14:00:00Z,1128.25,1130.5,1125.0,1130.5,0
2026-06-05T15:00:00Z,1130.25,1130.75,1125.0,1125.25,0
2026-06-05T16:00:00Z,1125.25,1125.5,1117.5,1118.5,0
2026-06-05T17:00:00Z,1118.5,1120.25,1117.5,1119.25,0
2026-06-05T18:00:00Z,1119.5,1122.25,1119.25,1122.25,0
2026-06-08T00:00:00Z,1122.25,1125.25,1116.0,1117.75,0
2026-06-08T01:00:00Z,1117.5,1122.25,1116.25,1120.5,0
2026-06-08T02:00:00Z,1120.75,1122.0,1120.0,1120.25,0
2026-06-08T03:00:00Z,1120.5,1121.0,1119.75,1120.25,0
2026-06-08T04:00:00Z,1120.0,1121.0,1120.0,1120.25,0
2026-06-08T05:00:00Z,1120.25,1120.25,1117.25,1117.25,0
2026-06-08T06:00:00Z,1117.25,1118.25,1115.75,1117.75,0
2026-06-08T07:00:00Z,1117.75,1120.25,1117.25,1118.5,0
2026-06-08T08:00:00Z,1118.5,1118.75,1114.75,1117.0,0
2026-06-08T09:00:00Z,1117.25,1119.5,1116.75,1119.0,0
2026-06-08T10:00:00Z,1119.25,1121.0,1115.25,1115.25,0
2026-06-08T11:00:00Z,1115.25,1116.5,1111.25,1115.0,0
2026-06-08T12:00:00Z,1115.25,1118.75,1115.25,1118.25,0
2026-06-08T13:00:00Z,1118.25,1118.25,1112.25,1114.5,0
2026-06-08T14:00:00Z,1114.5,1123.0,1114.25,1120.25,0
2026-06-08T15:00:00Z,1120.0,1120.25,1116.25,1117.25,0
2026-06-08T16:00:00Z,1117.0,1117.5,1114.25,1115.5,0
2026-06-08T17:00:00Z,1115.5,1118.25,1114.0,1116.5,0
2026-06-08T18:00:00Z,1116.5,1117.25,1115.0,1116.75,0
2026-06-09T00:00:00Z,1116.25,1117.0,1114.0,1115.25,0
2026-06-09T01:00:00Z,1115.25,1115.75,1113.5,1115.5,0
2026-06-09T02:00:00Z,1115.25,1115.25,1111.0,1112.25,0
2026-06-09T03:00:00Z,1112.5,1112.5,1111.5,1112.0,0
2026-06-09T04:00:00Z,1112.25,1112.75,1112.0,1112.25,0
2026-06-09T05:00:00Z,1112.25,1112.75,1111.5,1112.25,0
2026-06-09T06:00:00Z,1112.5,1113.75,1112.25,1113.0,0
2026-06-09T07:00:00Z,1113.0,1115.5,1113.0,1114.0,0
2026-06-09T08:00:00Z,1114.0,1114.25,1111.75,1112.75,0
2026-06-09T09:00:00Z,1113.0,1115.5,1111.75,1115.5,0
2026-06-09T10:00:00Z,1115.5,1116.5,1114.5,1115.25,0
2026-06-09T11:00:00Z,1115.0,1116.5,1113.5,1115.75,0
2026-06-09T12:00:00Z,1115.5,1116.75,1112.25,1115.25,0
2026-06-09T13:00:00Z,1115.0,1115.0,1110.25,1113.0,0
2026-06-09T14:00:00Z,1113.0,1118.5,1112.5,1116.25,0
2026-06-09T15:00:00Z,1116.25,1116.75,1112.25,1113.5,0
2026-06-09T16:00:00Z,1113.5,1117.25,1112.25,1115.0,0
2026-06-09T17:00:00Z,1115.0,1116.25,1111.25,1112.75,0
2026-06-09T18:00:00Z,1112.5,1115.0,1112.5,1114.0,0
2026-06-10T00:00:00Z,1113.75,1116.5,1113.0,1115.25,0
2026-06-10T01:00:00Z,1115.0,1116.75,1113.75,1116.5,0
2026-06-10T02:00:00Z,1116.5,1116.5,1115.25,1116.25,0
2026-06-10T03:00:00Z,1116.25,1117.5,1116.0,1116.75,0
2026-06-10T04:00:00Z,1116.75,1117.0,1115.5,1115.75,0
2026-06-10T05:00:00Z,1115.75,1116.0,1114.5,1116.0,0
2026-06-10T06:00:00Z,1116.0,1118.0,1115.75,1117.25,0
2026-06-10T07:00:00Z,1117.25,1120.0,1116.75,1118.75,0
2026-06-10T08:00:00Z,1118.75,1119.75,1118.25,1118.5,0
2026-06-10T09:00:00Z,1118.25,1119.25,1117.0,1118.75,0
2026-06-10T10:00:00Z,1118.75,1120.0,1117.75,1118.25,0
2026-06-10T11:00:00Z,1118.25,1123.0,1118.0,1120.75,0
2026-06-10T12:00:00Z,1120.75,1121.25,1119.0,1120.5,0
2026-06-10T13:00:00Z,1120.25,1124.75,1119.0,1124.5,0
2026-06-10T14:00:00Z,1124.25,1129.75,1123.75,1127.5,0
2026-06-10T15:00:00Z,1127.25,1128.75,1124.25,1127.25,0
2026-06-10T16:00:00Z,1127.25,1128.5,1124.5,1124.5,0
2026-06-10T17:00:00Z,1124.5,1125.5,1123.25,1124.25,0
2026-06-10T18:00:00Z,1124.5,1124.5,1122.5,1123.75,0
2026-06-11T00:00:00Z,1123.5,1124.25,1121.0,1123.75,0
2026-06-11T01:00:00Z,1123.5,1124.25,1121.25,1123.0,0
2026-06-11T02:00:00Z,1123.0,1123.75,1121.75,1123.25,0
2026-06-11T03:00:00Z,1123.0,1124.0,1123.0,1123.75,0
2026-06-11T04:00:00Z,1124.0,1124.5,1122.5,1122.5,0
2026-06-11T05:00:00Z,1122.5,1123.5,1122.25,1123.5,0
2026-06-11T06:00:00Z,1123.5,1124.75,1123.0,1123.5,0
2026-06-11T07:00:00Z,1123.75,1125.0,1122.0,1122.25,0
2026-06-11T08:00:00Z,1122.25,1122.5,1120.0,1121.25,0
2026-06-11T09:00:00Z,1121.0,1123.0,1120.75,1121.5,0
2026-06-11T10:00:00Z,1121.75,1122.5,1121.25,1122.0,0
2026-06-11T11:00:00Z,1122.0,1122.0,1119.0,1120.25,0
2026-06-11T12:00:00Z,1120.0,1123.0,1119.5,1121.75,0
2026-06-11T13:00:00Z,1121.75,1123.0,1118.25,1121.25,0
2026-06-11T14:00:00Z,1121.25,1122.0,1115.75,1119.25,0
2026-06-11T15:00:00Z,1119.5,1119.5,1117.5,1118.5,0
2026-06-11T16:00:00Z,1118.25,1122.0,1111.75,1113.25,0
2026-06-11T17:00:00Z,1113.0,1113.25,1108.25,1113.0,0
2026-06-11T18:00:00Z,1113.0,1116.25,1112.75,1115.75,0
2026-06-12T00:00:00Z,1115.0,1117.25,1113.5,1115.0,0
2026-06-12T01:00:00Z,1115.25,1115.25,1113.0,1113.25,0
2026-06-12T02:00:00Z,1113.25,1114.75,1113.0,1114.75,0
2026-06-12T03:00:00Z,1114.75,1115.75,1113.0,1113.0,0
2026-06-12T04:00:00Z,1113.0,1113.25,1112.5,1113.0,0
2026-06-12T05:00:00Z,1113.0,1115.0,1112.75,1115.0,0
2026-06-12T06:00:00Z,1115.25,1118.5,1115.0,1118.25,0
2026-06-12T07:00:00Z,1118.0,1118.25,1113.5,1114.25,0
2026-06-12T08:00:00Z,1114.0,1115.25,1109.25,1111.75,0
2026-06-12T09:00:00Z,1112.0,1114.0,1111.5,1112.75,0
2026-06-12T10:00:00Z,1113.0,1115.25,1112.5,1113.25,0
2026-06-12T11:00:00Z,1113.0,1115.25,1111.75,1114.75,0
2026-06-12T12:00:00Z,1114.75,1116.25,1112.25,1114.25,0
2026-06-12T13:00:00Z,1113.75,1119.25,1112.75,1118.5,0
2026-06-12T14:00:00Z,1118.75,1119.5,1114.75,1116.5,0
2026-06-12T15:00:00Z,1116.75,1119.75,1116.25,1117.25,0
2026-06-12T16:00:00Z,1117.25,1118.0,1113.25,1113.75,0
2026-06-12T17:00:00Z,1113.75,1115.25,1113.0,1113.25,0
2026-06-12T18:00:00Z,1113.25,1114.25,1112.75,1113.25,0
2026-06-15T00:00:00Z,1111.0,1113.75,1107.25,1112.5,0
2026-06-15T01:00:00Z,1112.5,1115.5,1110.0,1115.0,0
2026-06-15T02:00:00Z,1114.75,1115.25,1113.0,1113.75,0
2026-06-15T03:00:00Z,1114.0,1115.25,1113.75,1114.75,0
2026-06-15T04:00:00Z,1114.75,1115.0,1114.25,1114.75,0
2026-06-15T05:00:00Z,1115.0,1116.25,1114.0,1115.75,0
2026-06-15T06:00:00Z,1115.75,1116.75,1111.0,1112.0,0
2026-06-15T07:00:00Z,1112.25,1112.75,1109.0,1109.25,0
2026-06-15T08:00:00Z,1109.0,1109.75,1108.25,1109.5,0
2026-06-15T09:00:00Z,1109.25,1109.75,1109.0,1109.5,0
2026-06-15T10:00:00Z,1109.5,1110.25,1108.75,1108.75,0
2026-06-15T11:00:00Z,1108.5,1109.25,1107.5,1108.25,0
2026-06-15T12:00:00Z,1108.0,1108.5,1102.75,1102.75,0
2026-06-15T13:00:00Z,1103.25,1108.25,1102.5,1105.5,0
2026-06-15T14:00:00Z,1105.5,1117.25,1105.5,1116.75,0
2026-06-15T15:00:00Z,1116.75,1119.25,1115.0,1115.25,0
2026-06-15T16:00:00Z,1115.25,1119.5,1115.25,1116.5,0
2026-06-15T17:00:00Z,1116.25,1117.5,1115.75,1116.75,0
2026-06-15T18:00:00Z,1117.0,1119.75,1116.75,1118.75,0
2026-06-16T00:00:00Z,1134.25,1136.25,1131.5,1131.75,0
2026-06-16T01:00:00Z,1132.0,1132.5,1129.25,1130.75,0
2026-06-16T02:00:00Z,1130.75,1131.0,1128.5,1128.5,0
2026-06-16T03:00:00Z,1128.75,1129.25,1127.75,1127.75,0
2026-06-16T04:00:00Z,1127.75,1128.0,1126.5,1127.25,0
2026-06-16T05:00:00Z,1127.5,1127.75,1126.0,1127.5,0
2026-06-16T06:00:00Z,1127.25,1130.5,1127.0,1128.25,0
2026-06-16T07:00:00Z,1128.25,1128.25,1126.75,1126.75,0
2026-06-16T08:00:00Z,1126.75,1127.25,1124.0,1124.75,0
2026-06-16T09:00:00Z,1124.75,1127.25,1124.75,1127.0,0
2026-06-16T10:00:00Z,1127.0,1127.0,1125.75,1126.25,0
2026-06-16T11:00:00Z,1126.25,1128.5,1125.75,1126.75,0
2026-06-16T12:00:00Z,1126.75,1127.25,1124.5,1127.0,0
2026-06-16T13:00:00Z,1130.0,1154.75,1130.0,1151.5,0
2026-06-16T14:00:00Z,1151.5,1156.5,1143.0,1144.5,0
2026-06-16T15:00:00Z,1144.75,1148.25,1142.25,1144.5,0
2026-06-16T16:00:00Z,1144.5,1147.0,1143.5,1144.25,0
2026-06-16T17:00:00Z,1144.25,1146.5,1142.75,1146.0,0
2026-06-16T18:00:00Z,1146.5,1148.75,1145.5,1145.5,0
2026-06-17T00:00:00Z,1146.0,1151.25,1144.5,1149.25,0
2026-06-17T01:00:00Z,1149.0,1152.0,1147.25,1151.75,0
2026-06-17T02:00:00Z,1151.75,1153.0,1150.5,1152.25,0
2026-06-17T03:00:00Z,1152.5,1153.0,1151.25,1152.25,0
2026-06-17T04:00:00Z,1152.25,1154.0,1152.0,1153.25,0
2026-06-17T05:00:00Z,1153.5,1156.75,1153.0,1155.5,0
2026-06-17T06:00:00Z,1155.25,1155.25,1151.5,1152.0,0
2026-06-17T07:00:00Z,1152.0,1152.25,1148.75,1149.75,0
2026-06-17T08:00:00Z,1149.75,1153.0,1149.5,1149.75,0
2026-06-17T09:00:00Z,1149.75,1154.0,1148.5,1153.25,0
2026-06-17T10:00:00Z,1153.5,1153.5,1152.25,1153.0,0
2026-06-17T11:00:00Z,1152.5,1158.25,1152.25,1155.5,0
2026-06-17T12:00:00Z,1155.25,1158.25,1154.0,1156.25,0
2026-06-17T13:00:00Z,1156.0,1157.5,1151.25,1152.25,0
2026-06-17T14:00:00Z,1152.0,1154.0,1150.0,1151.0,0
2026-06-17T15:00:00Z,1151.0,1152.75,1149.0,1152.25,0
2026-06-17T16:00:00Z,1152.0,1153.5,1150.75,1151.0,0
2026-06-17T17:00:00Z,1150.75,1151.25,1149.0,1149.5,0
2026-06-17T18:00:00Z,1149.5,1150.75,1147.75,1150.5,0
2026-06-18T00:00:00Z,1149.25,1149.75,1147.25,1148.5,0
2026-06-18T01:00:00Z,1148.5,1150.5,1147.25,1148.0,0
2026-06-18T02:00:00Z,1148.25,1150.25,1148.0,1149.5,0
2026-06-18T03:00:00Z,1149.5,1149.5,1147.25,1147.5,0
2026-06-18T04:00:00Z,1147.5,1148.0,1147.0,1147.5,0
2026-06-18T05:00:00Z,1147.5,1149.0,1146.5,1149.0,0
2026-06-18T06:00:00Z,1149.0,1152.5,1148.0,1152.0,0
2026-06-18T07:00:00Z,1152.0,1152.75,1149.5,1149.5,0
2026-06-18T08:00:00Z,1149.75,1150.25,1145.75,1145.75,0
2026-06-18T09:00:00Z,1145.75,1146.75,1141.0,1141.0,0
2026-06-18T10:00:00Z,1141.0,1142.5,1140.25,1140.25,0
2026-06-18T11:00:00Z,1140.5,1141.0,1138.25,1139.5,0
2026-06-18T12:00:00Z,1139.75,1143.0,1138.5,1143.0,0
2026-06-18T13:00:00Z,1143.25,1146.75,1139.75,1144.0,0
2026-06-18T14:00:00Z,1144.0,1145.25,1141.0,1141.5,0
2026-06-18T15:00:00Z,1141.5,1145.25,1138.0,1141.75,0
2026-06-18T16:00:00Z,1141.5,1143.25,1140.25,1142.25,0
2026-06-18T17:00:00Z,1142.0,1145.0,1141.0,1141.25,0
2026-06-18T18:00:00Z,1141.25,1143.0,1140.75,1142.0,0
2026-06-22T00:00:00Z,1145.0,1149.75,1143.25,1147.75,0
2026-06-22T01:00:00Z,1148.0,1149.5,1144.5,1144.5,0
2026-06-22T02:00:00Z,1144.5,1146.25,1144.5,1145.5,0
2026-06-22T03:00:00Z,1145.5,1146.0,1145.25,1145.5,0
2026-06-22T04:00:00Z,1145.75,1145.75,1144.75,1144.75,0
2026-06-22T05:00:00Z,1144.75,1146.25,1143.5,1145.75,0
2026-06-22T06:00:00Z,1146.0,1148.75,1145.75,1148.0,0
2026-06-22T07:00:00Z,1147.75,1149.0,1146.25,1146.5,0
2026-06-22T08:00:00Z,1146.75,1148.25,1145.25,1145.5,0
2026-06-22T09:00:00Z,1145.5,1146.0,1144.75,1145.0,0
2026-06-22T10:00:00Z,1145.0,1145.0,1143.25,1143.75,0
2026-06-22T11:00:00Z,1144.0,1148.0,1143.25,1148.0,0
2026-06-22T12:00:00Z,1148.25,1148.75,1144.75,1145.5,0
2026-06-22T13:00:00Z,1146.0,1146.0,1141.0,1144.0,0
2026-06-22T14:00:00Z,1144.25,1145.5,1142.75,1145.0,0
2026-06-22T15:00:00Z,1144.75,1146.0,1142.0,1143.75,0
2026-06-22T16:00:00Z,1143.75,1146.75,1142.25,1145.0,0
2026-06-22T17:00:00Z,1145.0,1145.5,1140.5,1141.75,0
2026-06-22T18:00:00Z,1141.75,1142.5,1140.75,1141.5,0
2026-06-23T00:00:00Z,1141.75,1145.25,1141.5,1144.75,0
2026-06-23T01:00:00Z,1144.75,1147.0,1144.0,1146.0,0
2026-06-23T02:00:00Z,1146.0,1147.5,1145.5,1146.75,0
2026-06-23T03:00:00Z,1146.5,1146.5,1144.0,1144.5,0
2026-06-23T04:00:00Z,1144.25,1144.5,1142.25,1142.5,0
2026-06-23T05:00:00Z,1142.5,1142.5,1140.0,1141.25,0
2026-06-23T06:00:00Z,1141.0,1143.25,1139.5,1143.25,0
2026-06-23T07:00:00Z,1143.25,1146.25,1142.5,1145.0,0
2026-06-23T08:00:00Z,1145.25,1149.5,1145.25,1147.0,0
2026-06-23T09:00:00Z,1147.0,1149.0,1145.75,1148.5,0
2026-06-23T10:00:00Z,1148.25,1149.5,1147.75,1148.25,0
2026-06-23T11:00:00Z,1148.25,1149.25,1145.5,1146.25,0
2026-06-23T12:00:00Z,1146.25,1146.75,1144.5,1146.25,0
2026-06-23T13:00:00Z,1146.0,1147.25,1142.25,1144.75,0
2026-06-23T14:00:00Z,1144.5,1145.0,1141.0,1143.0,0
2026-06-23T15:00:00Z,1143.0,1144.75,1141.75,1143.0,0
2026-06-23T16:00:00Z,1143.25,1144.75,1141.5,1141.75,0
2026-06-23T17:00:00Z,1142.0,1145.25,1141.0,1141.5,0
2026-06-23T18:00:00Z,1141.25,1142.25,1140.25,1141.5,0
2026-06-24T00:00:00Z,1141.0,1144.25,1140.5,1143.25,0
2026-06-24T01:00:00Z,1143.5,1144.75,1142.5,1144.25,0
2026-06-24T02:00:00Z,1144.25,1144.75,1142.0,1142.0,0
2026-06-24T03:00:00Z,1142.0,1142.0,1140.75,1142.0,0
2026-06-24T04:00:00Z,1141.75,1142.25,1141.5,1142.25,0
2026-06-24T05:00:00Z,1142.5,1145.75,1142.5,1144.0,0
2026-06-24T06:00:00Z,1143.75,1145.25,1142.5,1144.5,0
2026-06-24T07:00:00Z,1144.5,1144.5,1140.0,1140.25,0
2026-06-24T08:00:00Z,1140.25,1144.0,1140.0,1144.0,0
2026-06-24T09:00:00Z,1144.0,1144.75,1143.5,1144.75,0
2026-06-24T10:00:00Z,1144.75,1145.5,1142.75,1143.5,0
2026-06-24T11:00:00Z,1143.5,1146.0,1143.0,1144.75,0
2026-06-24T12:00:00Z,1144.75,1144.75,1141.75,1142.0,0
2026-06-24T13:00:00Z,1141.25,1143.5,1139.0,1143.0,0
2026-06-24T14:00:00Z,1143.25,1145.75,1141.25,1142.5,0
2026-06-24T15:00:00Z,1142.5,1143.5,1139.25,1139.75,0
2026-06-24T16:00:00Z,1139.5,1139.75,1135.0,1138.25,0
2026-06-24T17:00:00Z,1138.25,1138.5,1135.75,1136.25,0
2026-06-24T18:00:00Z,1136.25,1136.5,1133.25,1134.0,0
2026-06-25T00:00:00Z,1133.5,1136.25,1131.75,1134.0,0
2026-06-25T01:00:00Z,1134.25,1135.25,1130.5,1131.25,0
2026-06-25T02:00:00Z,1131.25,1133.0,1130.0,1133.0,0
2026-06-25T03:00:00Z,1133.0,1133.25,1132.25,1132.5,0
2026-06-25T04:00:00Z,1132.75,1133.75,1132.5,1133.75,0
2026-06-25T05:00:00Z,1133.5,1134.75,1133.5,1134.25,0
2026-06-25T06:00:00Z,1134.25,1136.5,1133.0,1136.25,0
2026-06-25T07:00:00Z,1136.0,1138.75,1135.75,1138.0,0
2026-06-25T08:00:00Z,1138.0,1141.25,1138.0,1140.0,0
2026-06-25T09:00:00Z,1140.0,1140.0,1137.25,1137.75,0
2026-06-25T10:00:00Z,1138.0,1139.0,1137.5,1137.5,0
2026-06-25T11:00:00Z,1137.25,1140.25,1137.0,1139.0,0
2026-06-25T12:00:00Z,1139.0,1139.5,1135.0,1135.75,0
2026-06-25T13:00:00Z,1135.5,1144.75,1135.0,1141.75,0
2026-06-25T14:00:00Z,1141.75,1148.0,1140.5,1147.0,0
2026-06-25T15:00:00Z,1147.25,1151.5,1147.0,1151.5,0
2026-06-25T16:00:00Z,1151.75,1154.5,1151.25,1152.5,0
2026-06-25T17:00:00Z,1152.5,1160.0,1151.5,1158.25,0
2026-06-25T18:00:00Z,1158.0,1160.25,1156.25,1157.5,0
2026-06-26T00:00:00Z,1157.5,1157.5,1153.25,1154.0,0
2026-06-26T01:00:00Z,1154.0,1154.75,1152.0,1152.75,0
2026-06-26T02:00:00Z,1152.75,1153.0,1150.5,1150.75,0
2026-06-26T03:00:00Z,1150.75,1151.75,1149.25,1149.75,0
2026-06-26T04:00:00Z,1149.75,1150.25,1149.5,1149.75,0
2026-06-26T05:00:00Z,1149.5,1154.5,1149.5,1153.75,0
2026-06-26T06:00:00Z,1154.0,1154.25,1151.75,1153.0,0
2026-06-26T07:00:00Z,1152.5,1153.0,1151.0,1151.25,0
2026-06-26T08:00:00Z,1151.5,1151.5,1148.75,1149.0,0
2026-06-26T09:00:00Z,1148.75,1150.5,1148.0,1148.5,0
2026-06-26T10:00:00Z,1148.75,1151.25,1148.0,1151.0,0
2026-06-26T11:00:00Z,1151.25,1152.0,1149.75,1150.5,0
2026-06-26T12:00:00Z,1150.5,1151.25,1148.75,1149.25,0
2026-06-26T13:00:00Z,1149.5,1153.25,1148.75,1152.25,0
2026-06-26T14:00:00Z,1152.5,1156.25,1150.75,1155.75,0
2026-06-26T15:00:00Z,1156.0,1158.75,1154.75,1156.75,0
2026-06-26T16:00:00Z,1157.0,1158.5,1155.0,1156.5,0
2026-06-26T17:00:00Z,1156.25,1157.25,1154.75,1155.75,0
2026-06-26T18:00:00Z,1156.0,1156.75,1154.5,1155.0,0
2026-06-29T00:00:00Z,1155.0,1155.25,1148.75,1152.25,0
2026-06-29T01:00:00Z,1152.25,1153.0,1148.5,1149.0,0
2026-06-29T02:00:00Z,1149.25,1149.5,1147.5,1149.25,0
2026-06-29T03:00:00Z,1149.25,1149.5,1148.0,1148.5,0
2026-06-29T04:00:00Z,1148.25,1148.5,1147.0,1147.5,0
2026-06-29T05:00:00Z,1147.5,1149.0,1146.5,1148.75,0
2026-06-29T06:00:00Z,1148.5,1152.75,1148.25,1151.0,0
2026-06-29T07:00:00Z,1151.25,1152.25,1148.25,1149.75,0
2026-06-29T08:00:00Z,1150.0,1150.25,1147.5,1149.0,0
2026-06-29T09:00:00Z,1148.75,1148.75,1147.0,1147.75,0
2026-06-29T10:00:00Z,1147.5,1147.75,1145.5,1146.0,0
2026-06-29T11:00:00Z,1145.75,1147.25,1144.25,1147.25,0
2026-06-29T12:00:00Z,1147.0,1147.5,1145.5,1146.0,0
2026-06-29T13:00:00Z,1146.5,1149.75,1140.25,1141.5,0
2026-06-29T14:00:00Z,1141.25,1142.75,1138.5,1141.0,0
2026-06-29T15:00:00Z,1141.0,1142.0,1138.25,1138.75,0
2026-06-29T16:00:00Z,1138.75,1140.0,1137.25,1138.25,0
2026-06-29T17:00:00Z,1138.0,1139.75,1137.0,1139.5,0
2026-06-29T18:00:00Z,1139.5,1141.25,1137.5,1137.5,0
2026-06-30T00:00:00Z,1139.75,1140.75,1137.75,1138.75,0
2026-06-30T01:00:00Z,1138.75,1142.25,1138.0,1141.75,0
2026-06-30T02:00:00Z,1141.75,1142.5,1141.5,1141.75,0
2026-06-30T03:00:00Z,1142.0,1142.25,1140.75,1141.0,0
2026-06-30T04:00:00Z,1141.25,1141.5,1140.75,1141.5,0
2026-06-30T05:00:00Z,1141.25,1143.25,1140.75,1142.25,0
2026-06-30T06:00:00Z,1142.5,1142.75,1139.25,1139.75,0
2026-06-30T07:00:00Z,1139.5,1140.25,1139.25,1139.5,0
2026-06-30T08:00:00Z,1139.5,1140.25,1137.75,1137.75,0
2026-06-30T09:00:00Z,1138.0,1139.0,1137.75,1138.25,0
2026-06-30T10:00:00Z,1138.5,1139.25,1137.0,1137.0,0
2026-06-30T11:00:00Z,1137.0,1137.0,1135.0,1135.5,0
2026-06-30T12:00:00Z,1135.5,1135.75,1133.25,1135.5,0
2026-06-30T13:00:00Z,1135.0,1135.25,1132.0,1134.25,0
2026-06-30T14:00:00Z,1134.0,1134.5,1128.75,1129.5,0
2026-06-30T15:00:00Z,1129.5,1130.5,1124.75,1128.5,0
2026-06-30T16:00:00Z,1128.75,1156.5,1128.75,1137.25,0
2026-06-30T17:00:00Z,1137.25,1146.5,1136.5,1141.25,0
2026-06-30T18:00:00Z,1141.25,1144.75,1139.25,1143.5,0
2026-07-01T00:00:00Z,1143.0,1146.0,1141.25,1143.5,0
2026-07-01T01:00:00Z,1143.25,1143.25,1139.25,1140.5,0
2026-07-01T02:00:00Z,1140.5,1148.25,1140.5,1148.0,0
2026-07-01T03:00:00Z,1148.0,1149.75,1147.75,1149.75,0
2026-07-01T04:00:00Z,1149.25,1149.75,1148.5,1148.75,0
2026-07-01T05:00:00Z,1148.75,1149.75,1147.75,1147.75,0
2026-07-01T06:00:00Z,1147.75,1151.0,1146.25,1147.0,0
2026-07-01T07:00:00Z,1146.75,1147.25,1145.25,1146.25,0
2026-07-01T08:00:00Z,1146.25,1146.5,1144.25,1144.25,0
2026-07-01T09:00:00Z,1144.25,1144.75,1142.75,1144.25,0
2026-07-01T10:00:00Z,1144.5,1144.5,1142.75,1144.25,0
2026-07-01T11:00:00Z,1144.25,1161.25,1143.5,1158.75,0
2026-07-01T12:00:00Z,1159.0,1160.5,1151.25,1153.75,0
2026-07-01T13:00:00Z,1153.25,1156.0,1150.75,1154.75,0
2026-07-01T14:00:00Z,1154.75,1154.75,1146.75,1146.75,0
2026-07-01T15:00:00Z,1146.75,1149.5,1146.0,1148.5,0
2026-07-01T16:00:00Z,1148.75,1149.75,1147.0,1147.75,0
2026-07-01T17:00:00Z,1147.5,1151.0,1147.5,1150.0,0
2026-07-01T18:00:00Z,1150.25,1151.5,1148.75,1149.5,0
2026-07-02T00:00:00Z,1148.0,1151.75,1147.5,1151.5,0
2026-07-02T01:00:00Z,1151.5,1154.5,1151.25,1154.0,0
2026-07-02T02:00:00Z,1154.0,1155.0,1153.25,1154.25,0
2026-07-02T03:00:00Z,1154.0,1154.75,1153.75,1154.75,0
2026-07-02T04:00:00Z,1155.0,1155.5,1154.75,1154.75,0
2026-07-02T05:00:00Z,1154.75,1155.25,1151.75,1152.25,0
2026-07-02T06:00:00Z,1152.0,1152.75,1151.25,1152.0,0
2026-07-02T07:00:00Z,1152.0,1154.5,1151.75,1152.5,0
2026-07-02T08:00:00Z,1152.75,1154.75,1152.25,1154.25,0
2026-07-02T09:00:00Z,1154.5,1154.75,1153.25,1154.25,0
2026-07-02T10:00:00Z,1154.25,1155.0,1153.75,1154.5,0
2026-07-02T11:00:00Z,1154.25,1155.25,1154.0,1154.75,0
2026-07-02T12:00:00Z,1155.0,1156.25,1154.5,1155.25,0
2026-07-02T13:00:00Z,1155.0,1158.0,1153.75,1155.5,0
2026-07-02T14:00:00Z,1155.25,1156.0,1151.0,1152.5,0
2026-07-02T15:00:00Z,1152.5,1153.75,1147.75,1148.0,0
2026-07-02T16:00:00Z,1148.0,1150.5,1147.0,1148.0,0
2026-07-02T17:00:00Z,1148.0,1150.25,1147.0,1149.0,0
2026-07-02T18:00:00Z,1149.25,1149.25,1146.25,1146.75,0
2026-07-06T00:00:00Z,1153.0,1163.0,1153.0,1161.5,0
2026-07-06T01:00:00Z,1161.25,1169.25,1160.75,1169.0,0
2026-07-06T02:00:00Z,1169.25,1171.5,1168.75,1169.75,0
2026-07-06T03:00:00Z,1169.75,1170.25,1166.75,1168.0,0
2026-07-06T04:00:00Z,1168.0,1169.25,1168.0,1169.0,0
2026-07-06T05:00:00Z,1169.25,1171.75,1169.0,1171.25,0
2026-07-06T06:00:00Z,1171.25,1172.5,1170.25,1170.5,0
2026-07-06T07:00:00Z,1170.5,1176.0,1168.0,1175.5,0
2026-07-06T08:00:00Z,1175.5,1178.75,1175.0,1178.25,0
2026-07-06T09:00:00Z,1178.5,1183.5,1178.5,1181.75,0
2026-07-06T10:00:00Z,1182.0,1182.5,1179.5,1181.0,0
2026-07-06T11:00:00Z,1181.0,1183.25,1180.0,1181.75,0
2026-07-06T12:00:00Z,1181.75,1183.5,1179.25,1182.25,0
2026-07-06T13:00:00Z,1180.5,1186.5,1179.0,1185.0,0
2026-07-06T14:00:00Z,1185.25,1193.5,1185.0,1192.5,0
2026-07-06T15:00:00Z,1192.75,1197.0,1189.5,1195.25,0
2026-07-06T16:00:00Z,1195.25,1195.75,1188.5,1191.25,0
2026-07-06T17:00:00Z,1191.25,1196.0,1191.0,1192.75,0
2026-07-06T18:00:00Z,1193.0,1195.0,1190.25,1190.75,0
2026-07-07T00:00:00Z,1189.25,1193.0,1188.0,1191.25,0
2026-07-07T01:00:00Z,1191.0,1197.25,1190.75,1196.25,0
2026-07-07T02:00:00Z,1196.25,1196.5,1194.0,1194.25,0
2026-07-07T03:00:00Z,1194.0,1194.75,1191.0,1192.0,0
2026-07-07T04:00:00Z,1192.25,1193.0,1192.0,1192.0,0
2026-07-07T05:00:00Z,1192.25,1194.5,1191.25,1193.75,0
2026-07-07T06:00:00Z,1194.0,1195.0,1192.75,1193.0,0
2026-07-07T07:00:00Z,1193.0,1197.75,1192.25,1195.25,0
2026-07-07T08:00:00Z,1195.25,1196.5,1194.75,1195.0,0
2026-07-07T09:00:00Z,1195.0,1196.75,1193.25,1194.0,0
2026-07-07T10:00:00Z,1194.0,1195.0,1192.5,1194.5,0
2026-07-07T11:00:00Z,1194.75,1197.75,1194.75,1197.5,0
2026-07-07T12:00:00Z,1197.5,1198.0,1193.25,1193.5,0
2026-07-07T13:00:00Z,1193.25,1197.25,1190.0,1191.25,0
2026-07-07T14:00:00Z,1191.25,1191.5,1186.75,1189.25,0
2026-07-07T15:00:00Z,1189.0,1193.75,1188.5,1191.75,0
2026-07-07T16:00:00Z,1191.5,1193.75,1191.0,1193.5,0
2026-07-07T17:00:00Z,1193.5,1198.75,1193.5,1196.25,0
2026-07-07T18:00:00Z,1196.25,1198.0,1195.25,1196.5,0
2026-07-08T00:00:00Z,1195.75,1199.0,1194.5,1194.5,0
2026-07-08T01:00:00Z,1194.25,1196.75,1193.25,1195.25,0
2026-07-08T02:00:00Z,1195.5,1197.5,1195.0,1197.25,0
2026-07-08T03:00:00Z,1197.25,1199.25,1197.25,1198.5,0
2026-07-08T04:00:00Z,1198.75,1199.0,1198.0,1198.75,0
2026-07-08T05:00:00Z,1198.75,1199.5,1195.5,1196.75,0
2026-07-08T06:00:00Z,1196.5,1198.0,1195.25,1196.0,0
2026-07-08T07:00:00Z,1196.0,1199.25,1195.5,1198.0,0
2026-07-08T08:00:00Z,1198.0,1204.0,1197.75,1201.0,0
2026-07-08T09:00:00Z,1201.0,1202.75,1199.5,1202.0,0
2026-07-08T10:00:00Z,1201.75,1202.0,1199.25,1199.5,0
2026-07-08T11:00:00Z,1200.0,1201.25,1198.25,1200.5,0
2026-07-08T12:00:00Z,1200.5,1201.5,1199.5,1200.25,0
2026-07-08T13:00:00Z,1200.5,1203.5,1197.25,1199.25,0
2026-07-08T14:00:00Z,1199.25,1200.75,1196.0,1196.25,0
2026-07-08T15:00:00Z,1196.5,1199.25,1194.25,1197.25,0
2026-07-08T16:00:00Z,1197.5,1198.25,1192.5,1193.25,0
2026-07-08T17:00:00Z,1193.25,1193.75,1191.0,1192.0,0
2026-07-08T18:00:00Z,1192.25,1193.0,1188.0,1188.25,0
2026-07-09T00:00:00Z,1189.5,1192.75,1188.75,1192.5,0
2026-07-09T01:00:00Z,1192.5,1194.25,1192.0,1193.25,0
2026-07-09T02:00:00Z,1193.25,1193.5,1187.5,1188.75,0
2026-07-09T03:00:00Z,1188.75,1189.75,1187.0,1189.0,0
2026-07-09T04:00:00Z,1189.0,1190.0,1188.75,1190.0,0
2026-07-09T05:00:00Z,1190.0,1192.0,1189.0,1191.5,0
2026-07-09T06:00:00Z,1191.5,1192.0,1189.75,1190.25,0
2026-07-09T07:00:00Z,1190.25,1192.75,1185.75,1186.75,0
2026-07-09T08:00:00Z,1186.75,1188.5,1186.0,1187.0,0
2026-07-09T09:00:00Z,1187.25,1189.0,1187.25,1187.5,0
2026-07-09T10:00:00Z,1187.5,1190.0,1186.5,1188.75,0
2026-07-09T11:00:00Z,1188.5,1188.75,1187.5,1188.0,0
2026-07-09T12:00:00Z,1187.75,1191.0,1185.0,1185.5,0
2026-07-09T13:00:00Z,1187.25,1190.5,1184.0,1184.0,0
2026-07-09T14:00:00Z,1184.25,1186.75,1182.25,1186.0,0
2026-07-09T15:00:00Z,1186.0,1188.0,1184.25,1186.25,0
2026-07-09T16:00:00Z,1186.25,1187.0,1178.0,1181.5,0
2026-07-09T17:00:00Z,1181.5,1183.5,1180.25,1180.75,0
2026-07-09T18:00:00Z,1180.5,1182.0,1179.75,1180.0,0
2026-07-10T00:00:00Z,1182.5,1182.75,1178.5,1180.0,0
2026-07-10T01:00:00Z,1180.0,1181.5,1179.0,1180.0,0
2026-07-10T02:00:00Z,1180.0,1184.0,1179.5,1183.0,0
2026-07-10T03:00:00Z,1183.25,1183.5,1182.0,1182.25,0
2026-07-10T04:00:00Z,1182.25,1183.0,1182.0,1182.5,0
2026-07-10T05:00:00Z,1182.5,1182.75,1180.0,1180.5,0
2026-07-10T06:00:00Z,1180.5,1180.5,1177.5,1177.75,0
2026-07-10T07:00:00Z,1177.75,1177.75,1174.5,1175.0,0
2026-07-10T08:00:00Z,1175.0,1175.25,1172.75,1174.5,0
2026-07-10T09:00:00Z,1174.5,1174.75,1173.0,1173.25,0
2026-07-10T10:00:00Z,1173.0,1177.75,1172.75,1177.0,0
2026-07-10T11:00:00Z,1177.0,1179.0,1176.25,1177.75,0
2026-07-10T12:00:00Z,1178.0,1183.0,1177.5,1181.75,0
2026-07-10T13:00:00Z,1183.0,1188.0,1176.75,1180.75,0
2026-07-10T14:00:00Z,1180.75,1188.75,1180.5,1187.0,0
2026-07-10T15:00:00Z,1186.75,1189.25,1186.25,1188.25,0
2026-07-10T16:00:00Z,1188.5,1199.0,1187.0,1193.25,0
2026-07-10T17:00:00Z,1193.0,1194.0,1189.75,1191.0,0
2026-07-10T18:00:00Z,1191.25,1192.25,1189.25,1189.5,0
2026-07-13T00:00:00Z,1200.0,1207.25,1199.0,1203.0,0
2026-07-13T01:00:00Z,1203.0,1204.0,1196.25,1196.75,0
2026-07-13T02:00:00Z,1196.5,1198.25,1195.75,1196.0,0
2026-07-13T03:00:00Z,1196.0,1196.75,1195.0,1196.25,0
2026-07-13T04:00:00Z,1196.25,1196.5,1195.25,1196.0,0
2026-07-13T05:00:00Z,1196.0,1197.75,1194.5,1195.25,0
2026-07-13T06:00:00Z,1195.0,1195.75,1191.5,1192.75,0
2026-07-13T07:00:00Z,1192.75,1195.25,1192.75,1194.0,0
2026-07-13T08:00:00Z,1194.0,1196.0,1193.25,1195.75,0
2026-07-13T09:00:00Z,1195.75,1196.75,1195.25,1196.75,0
2026-07-13T10:00:00Z,1196.75,1199.75,1196.25,1198.5,0
2026-07-13T11:00:00Z,1198.25,1198.75,1196.5,1196.5,0
2026-07-13T12:00:00Z,1196.5,1196.75,1194.5,1194.5,0
2026-07-13T13:00:00Z,1194.25,1197.0,1191.25,1194.25,0
2026-07-13T14:00:00Z,1194.5,1197.0,1192.5,1195.0,0
2026-07-13T15:00:00Z,1194.75,1202.25,1194.75,1201.5,0
2026-07-13T16:00:00Z,1201.75,1203.0,1197.25,1198.0,0
2026-07-13T17:00:00Z,1198.25,1199.75,1196.75,1198.5,0
2026-07-13T18:00:00Z,1198.25,1199.0,1192.5,1193.5,0
2026-07-14T00:00:00Z,1191.5,1192.5,1188.0,1190.75,0
2026-07-14T01:00:00Z,1190.75,1192.25,1188.25,1189.0,0
2026-07-14T02:00:00Z,1188.5,1189.5,1187.5,1188.5,0
2026-07-14T03:00:00Z,1188.5,1189.5,1188.5,1188.75,0
2026-07-14T04:00:00Z,1188.75,1190.5,1188.75,1190.25,0
2026-07-14T05:00:00Z,1190.25,1190.25,1188.25,1189.25,0
2026-07-14T06:00:00Z,1189.0,1192.0,1188.75,1190.0,0
2026-07-14T07:00:00Z,1190.0,1190.5,1188.0,1188.25,0
2026-07-14T08:00:00Z,1188.25,1190.0,1187.0,1190.0,0
2026-07-14T09:00:00Z,1190.25,1192.0,1189.75,1190.25,0
2026-07-14T10:00:00Z,1190.25,1190.5,1186.5,1187.5,0
2026-07-14T11:00:00Z,1187.0,1188.0,1185.5,1186.0,0
2026-07-14T12:00:00Z,1185.75,1189.25,1185.75,1188.0,0
2026-07-14T13:00:00Z,1188.5,1194.0,1187.75,1193.0,0
2026-07-14T14:00:00Z,1193.25,1193.5,1187.75,1191.25,0
2026-07-14T15:00:00Z,1191.25,1193.5,1188.0,1193.25,0
2026-07-14T16:00:00Z,1192.75,1193.5,1190.25,1192.75,0
2026-07-14T17:00:00Z,1192.75,1192.75,1190.75,1191.5,0
2026-07-14T18:00:00Z,1191.25,1191.75,1190.5,1190.5,0
2026-07-15T00:00:00Z,1191.0,1196.75,1190.75,1196.0,0
2026-07-15T01:00:00Z,1195.75,1196.75,1194.75,1196.25,0
2026-07-15T02:00:00Z,1196.25,1196.75,1194.25,1194.75,0
2026-07-15T03:00:00Z,1195.0,1195.0,1193.25,1193.75,0
2026-07-15T04:00:00Z,1194.5,1194.5,1194.0,1194.0,0
2026-07-15T05:00:00Z,1194.0,1195.5,1194.0,1194.75,0
2026-07-15T06:00:00Z,1194.75,1195.0,1193.25,1194.0,0
2026-07-15T07:00:00Z,1194.0,1194.25,1189.5,1191.5,0
2026-07-15T08:00:00Z,1191.25,1198.0,1190.75,1196.5,0
2026-07-15T09:00:00Z,1196.75,1197.75,1194.75,1197.25,0
2026-07-15T10:00:00Z,1197.25,1198.5,1195.5,1195.75,0
2026-07-15T11:00:00Z,1196.0,1196.75,1193.5,1194.5,0
2026-07-15T12:00:00Z,1194.25,1194.25,1191.25,1192.25,0
2026-07-15T13:00:00Z,1191.5,1193.5,1184.75,1193.25,0
2026-07-15T14:00:00Z,1193.5,1203.25,1192.5,1202.5,0
2026-07-15T15:00:00Z,1202.5,1203.25,1194.0,1194.5,0
2026-07-15T16:00:00Z,1194.5,1199.25,1193.75,1196.75,0
2026-07-15T17:00:00Z,1196.75,1202.0,1196.5,1200.25,0
2026-07-15T18:00:00Z,1200.5,1202.5,1200.5,1201.75,0
2026-07-16T00:00:00Z,1200.5,1205.25,1200.25,1204.75,0
2026-07-16T01:00:00Z,1204.75,1205.0,1199.5,1199.75,0
2026-07-16T02:00:00Z,1199.75,1200.0,1196.75,1198.25,0
2026-07-16T03:00:00Z,1198.0,1199.5,1198.0,1199.5,0
2026-07-16T04:00:00Z,1199.75,1200.5,1199.75,1200.0,0
2026-07-16T05:00:00Z,1200.0,1200.25,1198.5,1199.25,0
2026-07-16T06:00:00Z,1199.0,1199.5,1198.5,1199.0,0
2026-07-16T07:00:00Z,1199.5,1206.75,1199.25,1205.75,0
2026-07-16T08:00:00Z,1206.0,1206.75,1203.25,1205.0,0
2026-07-16T09:00:00Z,1205.0,1206.25,1204.25,1206.25,0
2026-07-16T10:00:00Z,1205.75,1206.25,1204.75,1205.5,0
2026-07-16T11:00:00Z,1205.25,1205.75,1203.0,1204.75,0
2026-07-16T12:00:00Z,1205.0,1206.0,1198.5,1199.0,0
2026-07-16T13:00:00Z,1197.75,1202.75,1197.0,1202.25,0
2026-07-16T14:00:00Z,1202.25,1205.0,1197.25,1198.0,0
2026-07-16T15:00:00Z,1198.0,1202.75,1197.5,1199.0,0
2026-07-16T16:00:00Z,1199.25,1199.5,1195.0,1196.5,0
2026-07-16T17:00:00Z,1196.5,1197.0,1194.75,1196.5,0
2026-07-16T18:00:00Z,1196.25,1196.5,1193.75,1193.75,0
2026-07-17T00:00:00Z,1194.75,1199.75,1194.75,1199.0,0
2026-07-17T01:00:00Z,1199.0,1199.75,1192.5,1192.75,0
2026-07-17T02:00:00Z,1192.75,1195.5,1190.75,1191.5,0
2026-07-17T03:00:00Z,1191.5,1192.5,1190.75,1191.5,0
2026-07-17T04:00:00Z,1191.5,1191.75,1190.25,1191.25,0
2026-07-17T05:00:00Z,1191.25,1191.5,1186.75,1187.75,0
2026-07-17T06:00:00Z,1187.75,1188.25,1186.5,1187.5,0
2026-07-17T07:00:00Z,1187.75,1190.0,1187.25,1189.5,0
2026-07-17T08:00:00Z,1189.25,1191.25,1189.0,1190.0,0
2026-07-17T09:00:00Z,1190.0,1191.0,1188.75,1189.25,0
2026-07-17T10:00:00Z,1189.5,1194.25,1189.5,1194.25,0
2026-07-17T11:00:00Z,1194.25,1197.25,1193.75,1196.75,0
2026-07-17T12:00:00Z,1196.75,1199.25,1196.25,1198.5,0
2026-07-17T13:00:00Z,1198.25,1201.75,1196.5,1200.0,0
2026-07-17T14:00:00Z,1200.0,1201.75,1197.25,1198.75,0
2026-07-17T15:00:00Z,1199.0,1203.75,1198.5,1203.25,0
2026-07-17T16:00:00Z,1203.5,1204.0,1199.75,1200.0,0
2026-07-17T17:00:00Z,1200.0,1203.5,1199.25,1202.75,0
2026-07-17T18:00:00Z,1202.75,1204.0,1201.25,1202.5,0
2026-07-20T00:00:00Z,1210.0,1213.75,1209.0,1210.0,0
2026-07-20T01:00:00Z,1210.0,1212.5,1209.25,1212.5,0
2026-07-20T02:00:00Z,1212.5,1212.75,1208.5,1208.5,0
2026-07-20T03:00:00Z,1208.5,1209.25,1207.5,1208.0,0
2026-07-20T04:00:00Z,1208.0,1208.25,1207.5,1207.5,0
2026-07-20T05:00:00Z,1207.75,1208.25,1207.5,1207.75,0
2026-07-20T06:00:00Z,1207.75,1213.0,1207.5,1212.25,0
2026-07-20T07:00:00Z,1212.0,1215.25,1210.0,1210.75,0
2026-07-20T08:00:00Z,1210.75,1216.75,1210.0,1216.0,0
2026-07-20T09:00:00Z,1216.0,1217.75,1215.5,1217.0,0
2026-07-20T10:00:00Z,1217.25,1220.75,1216.25,1219.5,0
2026-07-20T11:00:00Z,1219.5,1220.75,1216.25,1219.0,0
2026-07-20T12:00:00Z,1219.0,1222.25,1218.75,1222.0,0
2026-07-20T13:00:00Z,1220.0,1222.75,1218.0,1222.0,0
2026-07-20T14:00:00Z,1222.0,1227.25,1221.75,1227.0,0
2026-07-20T15:00:00Z,1227.25,1231.0,1225.5,1230.0,0
2026-07-20T16:00:00Z,1230.25,1232.0,1226.25,1226.75,0
2026-07-20T17:00:00Z,1226.75,1228.0,1224.25,1224.75,0
2026-07-20T18:00:00Z,1225.0,1227.25,1224.5,1225.0,0
2026-07-21T00:00:00Z,1221.25,1224.75,1220.25,1224.5,0
2026-07-21T01:00:00Z,1224.75,1225.0,1220.75,1223.0,0
2026-07-21T02:00:00Z,1222.75,1223.75,1222.0,1222.5,0
2026-07-21T03:00:00Z,1222.25,1223.5,1221.5,1223.5,0
2026-07-21T04:00:00Z,1223.25,1224.5,1223.25,1224.25,0
2026-07-21T05:00:00Z,1224.25,1225.0,1223.75,1224.0,0
2026-07-21T06:00:00Z,1224.0,1226.5,1222.25,1226.5,0
2026-07-21T07:00:00Z,1226.75,1230.25,1225.5,1226.0,0
2026-07-21T08:00:00Z,1226.0,1228.0,1223.75,1226.0,0
2026-07-21T09:00:00Z,1226.25,1229.0,1225.25,1228.25,0
2026-07-21T10:00:00Z,1228.25,1228.75,1225.0,1227.5,0
2026-07-21T11:00:00Z,1227.5,1230.25,1226.0,1226.5,0
2026-07-21T12:00:00Z,1226.25,1226.25,1222.0,1222.75,0
2026-07-21T13:00:00Z,1222.5,1225.0,1221.25,1224.25,0
2026-07-21T14:00:00Z,1224.25,1224.5,1219.25,1220.0,0
2026-07-21T15:00:00Z,1220.25,1222.0,1217.25,1221.75,0
2026-07-21T16:00:00Z,1222.0,1224.5,1221.0,1222.5,0
2026-07-21T17:00:00Z,1222.5,1224.0,1222.0,1222.25,0
2026-07-21T18:00:00Z,1222.25,1223.25,1221.0,1222.25,0
2026-07-22T00:00:00Z,1222.5,1227.25,1222.0,1227.0,0
2026-07-22T01:00:00Z,1226.75,1229.5,1226.25,1226.25,0
2026-07-22T02:00:00Z,1226.25,1227.0,1222.75,1223.0,0
2026-07-22T03:00:00Z,1223.0,1224.5,1222.25,1224.25,0
2026-07-22T04:00:00Z,1224.25,1224.75,1223.75,1224.5,0
2026-07-22T05:00:00Z,1224.5,1224.75,1221.25,1222.0,0
2026-07-22T06:00:00Z,1222.0,1223.5,1217.75,1219.0,0
2026-07-22T07:00:00Z,1219.25,1226.75,1219.25,1224.75,0
2026-07-22T08:00:00Z,1224.5,1225.5,1223.5,1224.75,0
2026-07-22T09:00:00Z,1224.75,1225.25,1222.75,1224.75,0
2026-07-22T10:00:00Z,1224.75,1226.25,1224.25,1226.0,0
2026-07-22T11:00:00Z,1226.25,1229.5,1225.75,1228.75,0
2026-07-22T12:00:00Z,1228.75,1231.75,1228.5,1231.5,0
2026-07-22T13:00:00Z,1231.25,1234.0,1228.5,1232.5,0
2026-07-22T14:00:00Z,1232.75,1239.0,1232.75,1238.0,0
2026-07-22T15:00:00Z,1237.75,1240.0,1233.5,1238.5,0
2026-07-22T16:00:00Z,1238.5,1239.25,1232.5,1238.5,0
2026-07-22T17:00:00Z,1238.25,1238.25,1235.75,1237.5,0
2026-07-22T18:00:00Z,1237.25,1240.75,1237.25,1238.25,0
2026-07-23T00:00:00Z,1237.0,1243.25,1235.5,1242.75,0
2026-07-23T01:00:00Z,1242.75,1244.5,1240.75,1241.5,0
2026-07-23T02:00:00Z,1241.25,1242.5,1237.75,1240.5,0
2026-07-23T03:00:00Z,1240.5,1241.25,1239.75,1241.0,0
2026-07-23T04:00:00Z,1241.25,1242.0,1241.25,1241.5,0
2026-07-23T05:00:00Z,1241.5,1241.5,1239.75,1241.0,0
2026-07-23T06:00:00Z,1241.0,1243.0,1239.75,1241.0,0
2026-07-23T07:00:00Z,1240.75,1245.0,1240.5,1240.75,0
2026-07-23T08:00:00Z,1240.75,1241.25,1236.5,1240.25,0
2026-07-23T09:00:00Z,1240.25,1242.25,1239.5,1242.0,0
2026-07-23T10:00:00Z,1242.0,1244.75,1241.75,1244.0,0
2026-07-23T11:00:00Z,1244.0,1247.75,1242.75,1247.5,0
2026-07-23T12:00:00Z,1247.75,1248.0,1244.25,1247.5,0
2026-07-23T13:00:00Z,1245.75,1248.0,1242.75,1243.75,0
2026-07-23T14:00:00Z,1243.75,1249.0,1240.5,1242.5,0
2026-07-23T15:00:00Z,1242.75,1245.5,1240.5,1244.75,0
2026-07-23T16:00:00Z,1244.75,1246.5,1242.5,1246.0,0
2026-07-23T17:00:00Z,1246.0,1249.5,1245.0,1245.75,0
2026-07-23T18:00:00Z,1245.75,1246.0,1240.75,1241.0,0
2026-07-24T00:00:00Z,1242.0,1247.0,1240.0,1247.0,0
2026-07-24T01:00:00Z,1246.75,1246.75,1244.25,1245.5,0
2026-07-24T02:00:00Z,1245.5,1247.75,1244.75,1247.25,0
2026-07-24T03:00:00Z,1247.5,1248.0,1246.75,1247.5,0
2026-07-24T04:00:00Z,1247.5,1248.25,1247.25,1248.25,0
2026-07-24T05:00:00Z,1248.25,1250.5,1248.0,1250.0,0
2026-07-24T06:00:00Z,1250.0,1255.0,1250.0,1253.5,0
2026-07-24T07:00:00Z,1253.75,1253.75,1248.5,1249.5,0
2026-07-24T08:00:00Z,1249.75,1254.25,1249.5,1251.5,0
2026-07-24T09:00:00Z,1251.5,1251.75,1245.5,1249.75,0
2026-07-24T10:00:00Z,1249.5,1250.0,1248.5,1249.5,0
2026-07-24T11:00:00Z,1249.25,1249.25,1242.0,1243.25,0
2026-07-24T12:00:00Z,1243.25,1244.75,1240.25,1240.5,0
2026-07-24T13:00:00Z,1240.0,1246.0,1238.0,1243.0,0
2026-07-24T14:00:00Z,1243.0,1254.25,1241.5,1254.25,0
2026-07-24T15:00:00Z,1254.25,1256.25,1248.5,1254.0,0
2026-07-24T16:00:00Z,1254.25,1256.0,1250.75,1254.75,0
2026-07-24T17:00:00Z,1255.0,1256.5,1253.0,1253.5,0
2026-07-24T18:00:00Z,1253.5,1254.75,1251.75,1252.5,0
2026-07-27T00:00:00Z,1246.0,1250.0,1239.25,1239.5,0
2026-07-27T01:00:00Z,1239.5,1241.25,1238.5,1240.75,0
2026-07-27T02:00:00Z,1240.75,1243.0,1240.25,1242.0,0
2026-07-27T03:00:00Z,1242.0,1242.5,1240.75,1241.75,0
2026-07-27T04:00:00Z,1241.5,1241.5,1238.75,1239.5,0
2026-07-27T05:00:00Z,1239.75,1239.75,1237.0,1239.5,0
2026-07-27T06:00:00Z,1239.25,1239.25,1230.75,1231.0,0
2026-07-27T07:00:00Z,1231.0,1232.0,1222.75,1224.0,0
2026-07-27T08:00:00Z,1224.25,1224.75,1217.75,1219.5,0
2026-07-27T09:00:00Z,1219.25,1220.0,1215.0,1217.0,0
2026-07-27T10:00:00Z,1217.25,1220.0,1217.0,1218.25,0
2026-07-27T11:00:00Z,1218.5,1219.5,1214.5,1215.5,0
2026-07-27T12:00:00Z,1215.75,1221.5,1215.5,1220.25,0
2026-07-27T13:00:00Z,1221.25,1223.0,1213.75,1215.5,0
2026-07-27T14:00:00Z,1215.5,1219.25,1211.0,1218.5,0
2026-07-27T15:00:00Z,1218.5,1218.75,1212.5,1217.0,0
2026-07-27T16:00:00Z,1217.0,1218.0,1212.0,1212.0,0
2026-07-27T17:00:00Z,1212.25,1213.75,1211.25,1212.5,0
2026-07-27T18:00:00Z,1212.75,1215.0,1211.25,1211.5,0
2026-07-28T00:00:00Z,1215.5,1218.5,1213.75,1217.75,0
2026-07-28T01:00:00Z,1217.75,1218.0,1214.5,1215.5,0
2026-07-28T02:00:00Z,1215.5,1216.75,1211.5,1212.5,0
2026-07-28T03:00:00Z,1212.5,1213.75,1211.0,1212.5,0
2026-07-28T04:00:00Z,1212.5,1213.0,1211.5,1212.0,0
2026-07-28T05:00:00Z,1212.0,1212.5,1211.0,1211.25,0
2026-07-28T06:00:00Z,1211.25,1212.75,1206.75,1208.75,0
2026-07-28T07:00:00Z,1208.75,1210.25,1207.0,1207.5,0
2026-07-28T08:00:00Z,1207.25,1210.0,1206.25,1207.25,0
2026-07-28T09:00:00Z,1207.75,1210.0,1207.75,1209.0,0
2026-07-28T10:00:00Z,1209.0,1209.75,1206.5,1207.5,0
2026-07-28T11:00:00Z,1207.25,1209.0,1206.75,1208.5,0
2026-07-28T12:00:00Z,1208.75,1211.0,1207.75,1208.75,0
2026-07-28T13:00:00Z,1209.0,1215.0,1207.75,1212.5,0
2026-07-28T14:00:00Z,1212.75,1218.75,1212.75,1218.5,0
2026-07-28T15:00:00Z,1218.25,1225.0,1216.25,1222.75,0
2026-07-28T16:00:00Z,1223.0,1224.25,1220.0,1222.5,0
2026-07-28T17:00:00Z,1222.5,1222.5,1217.75,1218.5,0
2026-07-28T18:00:00Z,1218.5,1220.5,1218.25,1219.75,0
2026-07-29T00:00:00Z,1222.5,1225.0,1217.75,1218.5,0
2026-07-29T01:00:00Z,1218.75,1219.5,1215.25,1216.0,0
2026-07-29T02:00:00Z,1216.0,1217.75,1215.25,1216.0,0
2026-07-29T03:00:00Z,1216.0,1217.0,1215.5,1215.75,0
2026-07-29T04:00:00Z,1215.25,1215.75,1214.75,1215.5,0
2026-07-29T05:00:00Z,1215.5,1217.25,1215.5,1216.0,0
2026-07-29T06:00:00Z,1215.75,1218.0,1215.25,1216.0,0
2026-07-29T07:00:00Z,1216.0,1217.0,1211.25,1212.0,0
2026-07-29T08:00:00Z,1212.0,1213.25,1210.75,1212.75,0
2026-07-29T09:00:00Z,1212.5,1212.75,1207.5,1207.75,0
2026-07-29T10:00:00Z,1207.75,1208.75,1205.0,1206.75,0
2026-07-29T11:00:00Z,1206.75,1209.0,1205.25,1207.25,0
2026-07-29T12:00:00Z,1207.0,1208.5,1205.0,1206.75,0
2026-07-29T13:00:00Z,1207.5,1208.75,1200.5,1200.5,0
2026-07-29T14:00:00Z,1200.5,1201.5,1195.5,1197.0,0
2026-07-29T15:00:00Z,1197.0,1198.0,1192.0,1193.25,0
2026-07-29T16:00:00Z,1193.0,1194.25,1191.0,1192.0,0
2026-07-29T17:00:00Z,1192.0,1192.75,1190.0,1192.0,0
2026-07-29T18:00:00Z,1192.0,1193.5,1190.25,1191.5,0
2026-07-30T00:00:00Z,1192.5,1193.75,1184.25,1187.5,0
2026-07-30T01:00:00Z,1187.5,1191.5,1186.75,1190.75,0
2026-07-30T02:00:00Z,1190.75,1191.5,1189.75,1190.5,0
2026-07-30T03:00:00Z,1190.5,1190.75,1189.0,1189.25,0
2026-07-30T04:00:00Z,1189.0,1189.25,1187.5,1188.5,0
2026-07-30T05:00:00Z,1188.5,1190.5,1187.25,1189.0,0
2026-07-30T06:00:00Z,1188.75,1191.5,1187.75,1191.0,0
2026-07-30T07:00:00Z,1191.0,1195.25,1190.5,1194.5,0
2026-07-30T08:00:00Z,1194.25,1194.5,1191.75,1192.75,0
2026-07-30T09:00:00Z,1192.75,1196.75,1192.75,1196.0,0
2026-07-30T10:00:00Z,1196.0,1196.75,1194.25,1194.75,0
2026-07-30T11:00:00Z,1194.75,1197.0,1192.0,1192.25,0
2026-07-30T12:00:00Z,1192.25,1195.0,1192.25,1194.0,0
2026-07-30T13:00:00Z,1195.0,1198.5,1192.25,1197.25,0
2026-07-30T14:00:00Z,1197.5,1198.25,1193.0,1193.25,0
2026-07-30T15:00:00Z,1193.25,1194.0,1190.25,1192.0,0
2026-07-30T16:00:00Z,1192.0,1194.5,1191.5,1194.5,0
2026-07-30T17:00:00Z,1194.25,1195.75,1189.75,1191.25,0
2026-07-30T18:00:00Z,1191.5,1191.5,1188.0,1188.5,0
2026-07-31T00:00:00Z,1188.0,1193.25,1188.0,1190.75,0
2026-07-31T01:00:00Z,1190.5,1192.25,1189.0,1189.5,0
2026-07-31T02:00:00Z,1189.5,1194.75,1189.0,1193.25,0
2026-07-31T03:00:00Z,1193.25,1194.5,1192.0,1193.5,0
2026-07-31T04:00:00Z,1193.75,1194.0,1193.25,1193.5,0
2026-07-31T05:00:00Z,1193.5,1196.0,1193.25,1195.0,0
2026-07-31T06:00:00Z,1195.0,1195.5,1192.0,1192.0,0
2026-07-31T07:00:00Z,1192.0,1192.5,1190.5,1190.75,0
2026-07-31T08:00:00Z,1190.75,1191.5,1189.25,1189.75,0
2026-07-31T09:00:00Z,1189.5,1190.0,1186.0,1186.75,0
2026-07-31T10:00:00Z,1186.75,1189.0,1186.75,1188.5,0
2026-07-31T11:00:00Z,1188.5,1190.0,1187.5,1187.75,0
2026-07-31T12:00:00Z,1187.75,1191.25,1186.0,1191.0,0
2026-07-31T13:00:00Z,1192.0,1194.25,1187.75,1188.5,0
2026-07-31T14:00:00Z,1188.25,1192.5,1188.0,1189.75,0
2026-07-31T15:00:00Z,1189.75,1191.25,1186.5,1186.75,0
2026-07-31T16:00:00Z,1186.5,1187.0,1182.5,1184.0,0
2026-07-31T17:00:00Z,1183.75,1184.5,1180.5,1183.5,0
2026-07-31T18:00:00Z,1183.25,1188.75,1183.0,1188.25,0
2026-08-03T00:00:00Z,1182.25,1187.25,1175.25,1178.0,0
2026-08-03T01:00:00Z,1178.0,1183.0,1176.5,1182.5,0
2026-08-03T02:00:00Z,1182.25,1183.25,1180.75,1181.0,0
2026-08-03T03:00:00Z,1181.25,1183.0,1180.5,1181.75,0
2026-08-03T04:00:00Z,1182.0,1182.5,1181.0,1181.0,0
2026-08-03T05:00:00Z,1181.0,1184.75,1181.0,1184.25,0
2026-08-03T06:00:00Z,1184.5,1186.0,1182.75,1184.0,0
2026-08-03T07:00:00Z,1184.25,1186.25,1179.25,1180.0,0
2026-08-03T08:00:00Z,1179.75,1183.25,1179.5,1180.5,0
2026-08-03T09:00:00Z,1180.5,1184.5,1180.5,1182.75,0
2026-08-03T10:00:00Z,1183.0,1183.0,1179.5,1179.75,0
2026-08-03T11:00:00Z,1179.75,1182.5,1179.0,1181.0,0
2026-08-03T12:00:00Z,1180.75,1182.0,1177.25,1179.75,0
2026-08-03T13:00:00Z,1180.5,1183.0,1178.0,1181.75,0
2026-08-03T14:00:00Z,1181.5,1187.75,1180.0,1187.5,0
2026-08-03T15:00:00Z,1187.5,1191.75,1186.75,1190.25,0
2026-08-03T16:00:00Z,1190.5,1191.5,1189.5,1190.75,0
2026-08-03T17:00:00Z,1191.0,1194.5,1190.75,1193.75,0
2026-08-03T18:00:00Z,1193.75,1194.0,1191.0,1192.25,0
2026-08-04T00:00:00Z,1193.25,1195.25,1189.25,1189.5,0
2026-08-04T01:00:00Z,1189.75,1193.0,1188.5,1191.25,0
2026-08-04T02:00:00Z,1191.0,1193.0,1190.25,1192.25,0
2026-08-04T03:00:00Z,1192.25,1193.0,1191.25,1192.0,0
2026-08-04T04:00:00Z,1192.0,1192.75,1191.75,1192.5,0
2026-08-04T05:00:00Z,1192.5,1193.25,1190.0,1190.0,0
2026-08-04T06:00:00Z,1190.0,1190.75,1186.75,1187.75,0
2026-08-04T07:00:00Z,1187.75,1192.0,1187.0,1189.75,0
2026-08-04T08:00:00Z,1190.0,1190.25,1188.5,1189.75,0
2026-08-04T09:00:00Z,1189.25,1190.5,1187.75,1187.75,0
2026-08-04T10:00:00Z,1187.75,1188.75,1185.25,1186.0,0
2026-08-04T11:00:00Z,1186.25,1186.5,1180.25,1180.75,0
2026-08-04T12:00:00Z,1180.75,1183.25,1179.0,1179.25,0
2026-08-04T13:00:00Z,1179.75,1180.0,1176.25,1177.0,0
2026-08-04T14:00:00Z,1177.0,1177.25,1173.0,1174.25,0
2026-08-04T15:00:00Z,1174.0,1174.75,1170.0,1172.0,0
2026-08-04T16:00:00Z,1172.0,1174.25,1170.75,1173.75,0
2026-08-04T17:00:00Z,1173.75,1179.0,1173.5,1179.0,0
2026-08-04T18:00:00Z,1179.0,1179.25,1176.75,1177.25,0
2026-08-05T00:00:00Z,1177.0,1178.0,1171.25,1171.75,0
2026-08-05T01:00:00Z,1172.0,1177.0,1171.25,1176.5,0
2026-08-05T02:00:00Z,1176.5,1178.25,1173.75,1178.0,0
2026-08-05T03:00:00Z,1178.25,1181.0,1177.75,1178.5,0
2026-08-05T04:00:00Z,1178.25,1179.5,1177.75,1179.0,0
2026-08-05T05:00:00Z,1178.75,1180.0,1178.5,1179.75,0
2026-08-05T06:00:00Z,1179.75,1180.25,1175.0,1176.25,0
2026-08-05T07:00:00Z,1176.5,1177.5,1175.0,1175.0,0
2026-08-05T08:00:00Z,1175.25,1175.75,1170.5,1171.0,0
2026-08-05T09:00:00Z,1171.0,1171.5,1169.25,1170.25,0
2026-08-05T10:00:00Z,1170.25,1172.5,1168.5,1168.75,0
2026-08-05T11:00:00Z,1169.0,1169.5,1167.25,1167.5,0
2026-08-05T12:00:00Z,1167.5,1171.5,1167.5,1170.0,0
2026-08-05T13:00:00Z,1171.0,1173.25,1167.5,1172.5,0
2026-08-05T14:00:00Z,1172.75,1175.5,1170.0,1170.25,0
2026-08-05T15:00:00Z,1170.0,1171.75,1169.5,1171.5,0
2026-08-05T16:00:00Z,1171.75,1175.5,1170.5,1174.25,0
2026-08-05T17:00:00Z,1174.25,1175.5,1172.75,1175.0,0
2026-08-05T18:00:00Z,1174.75,1177.0,1174.0,1176.75,0
2026-08-06T00:00:00Z,1175.25,1177.0,1173.25,1176.5,0
2026-08-06T01:00:00Z,1176.25,1177.75,1175.75,1176.5,0
2026-08-06T02:00:00Z,1176.5,1177.75,1175.75,1177.5,0
2026-08-06T03:00:00Z,1177.75,1177.75,1174.0,1175.25,0
2026-08-06T04:00:00Z,1175.0,1175.75,1174.25,1175.5,0
2026-08-06T05:00:00Z,1175.75,1177.75,1174.0,1177.25,0
2026-08-06T06:00:00Z,1177.25,1177.75,1175.5,1175.75,0
2026-08-06T07:00:00Z,1175.75,1176.0,1172.25,1175.0,0
2026-08-06T08:00:00Z,1175.25,1176.25,1174.25,1176.0,0
2026-08-06T09:00:00Z,1176.0,1176.25,1173.5,1174.0,0
2026-08-06T10:00:00Z,1174.0,1175.75,1172.5,1175.0,0
2026-08-06T11:00:00Z,1175.0,1176.25,1172.75,1173.0,0
2026-08-06T12:00:00Z,1173.0,1176.5,1172.25,1175.5,0
2026-08-06T13:00:00Z,1176.0,1179.0,1173.0,1177.5,0
2026-08-06T14:00:00Z,1177.5,1177.75,1173.0,1174.75,0
2026-08-06T15:00:00Z,1175.0,1178.0,1173.75,1174.0,0
2026-08-06T16:00:00Z,1173.75,1174.75,1170.5,1174.0,0
2026-08-06T17:00:00Z,1174.0,1178.75,1173.25,1178.25,0
2026-08-06T18:00:00Z,1178.0,1179.0,1176.75,1177.5,0
2026-08-07T00:00:00Z,1177.75,1179.75,1175.5,1175.5,0
2026-08-07T01:00:00Z,1175.75,1180.0,1175.75,1180.0,0
2026-08-07T02:00:00Z,1180.0,1184.5,1179.75,1182.5,0
2026-08-07T03:00:00Z,1182.25,1185.0,1180.75,1184.5,0
2026-08-07T04:00:00Z,1184.25,1184.5,1183.0,1184.25,0
2026-08-07T05:00:00Z,1184.25,1184.25,1182.0,1182.5,0
2026-08-07T06:00:00Z,1182.5,1185.0,1182.25,1183.25,0
2026-08-07T07:00:00Z,1183.0,1183.5,1181.5,1181.5,0
2026-08-07T08:00:00Z,1181.25,1184.25,1180.5,1181.0,0
2026-08-07T09:00:00Z,1181.0,1183.75,1180.5,1182.75,0
2026-08-07T10:00:00Z,1182.75,1183.25,1181.25,1181.25,0
2026-08-07T11:00:00Z,1181.25,1181.75,1178.75,1179.5,0
2026-08-07T12:00:00Z,1179.25,1183.0,1178.75,1181.75,0
2026-08-07T13:00:00Z,1182.5,1183.25,1179.0,1182.0,0
2026-08-07T14:00:00Z,1182.0,1182.25,1178.25,1179.0,0
2026-08-07T15:00:00Z,1179.0,1180.75,1178.25,1180.5,0
2026-08-07T16:00:00Z,1180.5,1180.75,1177.25,1178.25,0
2026-08-07T17:00:00Z,1178.0,1180.0,1177.25,1179.75,0
2026-08-07T18:00:00Z,1179.75,1179.75,1175.75,1176.0,0
2026-08-10T00:00:00Z,1177.0,1178.75,1175.0,1177.5,0
2026-08-10T01:00:00Z,1177.5,1180.5,1177.0,1180.25,0
2026-08-10T02:00:00Z,1180.0,1182.75,1179.75,1182.5,0
2026-08-10T03:00:00Z,1182.5,1183.75,1181.25,1183.5,0
2026-08-10T04:00:00Z,1183.0,1183.25,1182.75,1183.0,0
2026-08-10T05:00:00Z,1182.75,1183.75,1181.75,1182.5,0
2026-08-10T06:00:00Z,1182.5,1182.75,1180.5,1180.75,0
2026-08-10T07:00:00Z,1180.75,1181.75,1179.75,1180.5,0
2026-08-10T08:00:00Z,1180.25,1185.0,1180.25,1183.0,0
2026-08-10T09:00:00Z,1183.0,1185.0,1183.0,1184.0,0
2026-08-10T10:00:00Z,1183.75,1183.75,1181.0,1183.0,0
2026-08-10T11:00:00Z,1183.0,1183.75,1180.25,1182.75,0
2026-08-10T12:00:00Z,1183.0,1183.5,1181.75,1182.5,0
2026-08-10T13:00:00Z,1182.75,1183.75,1176.0,1176.75,0
2026-08-10T14:00:00Z,1176.75,1179.25,1176.0,1179.0,0
2026-08-10T15:00:00Z,1179.25,1181.75,1178.0,1181.5,0
2026-08-10T16:00:00Z,1181.5,1182.0,1178.75,1179.0,0
2026-08-10T17:00:00Z,1179.25,1181.0,1178.75,1179.25,0
2026-08-10T18:00:00Z,1179.25,1180.5,1179.0,1180.25,0
2026-08-11T00:00:00Z,1181.0,1182.75,1180.5,1181.25,0
2026-08-11T01:00:00Z,1181.25,1181.75,1180.25,1181.0,0
2026-08-11T02:00:00Z,1181.0,1181.0,1178.25,1179.25,0
2026-08-11T03:00:00Z,1179.25,1180.5,1179.0,1179.75,0
2026-08-11T04:00:00Z,1179.5,1180.25,1179.0,1180.25,0
2026-08-11T05:00:00Z,1180.25,1180.75,1179.0,1180.0,0
2026-08-11T06:00:00Z,1179.75,1181.0,1178.5,1179.0,0
2026-08-11T07:00:00Z,1179.0,1182.75,1179.0,1181.25,0
2026-08-11T08:00:00Z,1181.5,1181.75,1179.75,1180.0,0
2026-08-11T09:00:00Z,1179.75,1181.0,1178.0,1178.75,0
2026-08-11T10:00:00Z,1178.5,1180.75,1178.25,1179.75,0
2026-08-11T11:00:00Z,1179.75,1179.75,1176.75,1177.0,0
2026-08-11T12:00:00Z,1177.25,1178.25,1175.5,1175.5,0
2026-08-11T13:00:00Z,1176.0,1176.0,1171.5,1173.0,0
2026-08-11T14:00:00Z,1173.25,1173.75,1169.25,1169.25,0
2026-08-11T15:00:00Z,1169.0,1169.75,1165.25,1168.0,0
2026-08-11T16:00:00Z,1168.25,1172.25,1167.25,1167.5,0
2026-08-11T17:00:00Z,1167.5,1168.5,1166.25,1167.25,0
2026-08-11T18:00:00Z,1167.25,1169.25,1166.25,1167.75,0
2026-08-12T00:00:00Z,1168.5,1170.0,1167.5,1168.5,0
2026-08-12T01:00:00Z,1168.5,1171.75,1168.5,1171.5,0
2026-08-12T02:00:00Z,1171.5,1173.75,1170.5,1172.75,0
2026-08-12T03:00:00Z,1172.75,1173.25,1172.25,1173.0,0
2026-08-12T04:00:00Z,1173.0,1174.0,1172.5,1174.0,0
2026-08-12T05:00:00Z,1174.0,1175.75,1173.25,1175.75,0
2026-08-12T06:00:00Z,1175.75,1177.5,1174.75,1177.0,0
2026-08-12T07:00:00Z,1176.75,1177.25,1172.25,1172.5,0
2026-08-12T08:00:00Z,1172.25,1174.5,1172.25,1174.0,0
2026-08-12T09:00:00Z,1174.0,1174.5,1172.5,1174.5,0
2026-08-12T10:00:00Z,1174.5,1175.75,1174.0,1174.0,0
2026-08-12T11:00:00Z,1174.5,1174.75,1172.5,1173.5,0
2026-08-12T12:00:00Z,1173.5,1174.0,1172.25,1172.5,0
2026-08-12T13:00:00Z,1171.25,1175.25,1169.75,1173.5,0
2026-08-12T14:00:00Z,1173.5,1176.25,1172.25,1174.25,0
2026-08-12T15:00:00Z,1174.5,1178.25,1174.0,1177.75,0
2026-08-12T16:00:00Z,1177.75,1198.75,1171.5,1178.0,0
2026-08-12T17:00:00Z,1178.25,1184.5,1177.5,1182.75,0
2026-08-12T18:00:00Z,1182.75,1184.5,1181.75,1183.25,0
2026-08-13T00:00:00Z,1183.0,1186.25,1182.0,1183.75,0
2026-08-13T01:00:00Z,1183.5,1188.0,1182.5,1183.25,0
2026-08-13T02:00:00Z,1183.5,1183.5,1180.25,1182.0,0
2026-08-13T03:00:00Z,1181.75,1182.75,1181.5,1181.75,0
2026-08-13T04:00:00Z,1182.0,1182.25,1181.5,1181.75,0
2026-08-13T05:00:00Z,1181.75,1183.25,1181.5,1183.0,0
2026-08-13T06:00:00Z,1183.0,1185.5,1182.75,1184.75,0
2026-08-13T07:00:00Z,1184.75,1186.0,1181.25,1182.0,0
2026-08-13T08:00:00Z,1182.0,1184.25,1181.75,1183.25,0
2026-08-13T09:00:00Z,1183.25,1185.75,1182.25,1184.75,0
2026-08-13T10:00:00Z,1185.0,1185.75,1183.0,1184.0,0
2026-08-13T11:00:00Z,1184.0,1186.0,1183.5,1185.25,0
2026-08-13T12:00:00Z,1185.25,1185.25,1179.0,1180.0,0
2026-08-13T13:00:00Z,1180.0,1185.75,1178.75,1182.75,0
2026-08-13T14:00:00Z,1182.75,1185.5,1180.5,1182.0,0
2026-08-13T15:00:00Z,1181.75,1185.75,1181.0,1185.0,0
2026-08-13T16:00:00Z,1185.25,1187.75,1183.5,1187.5,0
2026-08-13T17:00:00Z,1187.75,1188.0,1182.75,1183.75,0
2026-08-13T18:00:00Z,1183.5,1183.5,1180.5,1183.0,0
2026-08-14T00:00:00Z,1183.5,1185.75,1182.5,1183.5,0
2026-08-14T01:00:00Z,1183.75,1185.25,1183.25,1183.75,0
2026-08-14T02:00:00Z,1183.5,1188.0,1183.25,1187.0,0
2026-08-14T03:00:00Z,1187.25,1187.75,1185.75,1187.25,0
2026-08-14T04:00:00Z,1187.25,1189.0,1187.0,1188.25,0
2026-08-14T05:00:00Z,1188.5,1190.25,1188.0,1189.75,0
2026-08-14T06:00:00Z,1189.75,1190.0,1188.25,1189.5,0
2026-08-14T07:00:00Z,1189.75,1190.75,1189.25,1190.25,0
2026-08-14T08:00:00Z,1190.25,1191.5,1189.75,1191.0,0
2026-08-14T09:00:00Z,1191.25,1191.25,1187.0,1187.5,0
2026-08-14T10:00:00Z,1187.0,1188.0,1185.5,1186.5,0
2026-08-14T11:00:00Z,1186.5,1189.75,1186.0,1189.5,0
2026-08-14T12:00:00Z,1189.5,1191.0,1187.75,1188.5,0
2026-08-14T13:00:00Z,1188.75,1190.0,1187.5,1189.5,0
2026-08-14T14:00:00Z,1189.5,1190.25,1185.75,1187.75,0
2026-08-14T15:00:00Z,1187.5,1188.75,1185.5,1186.0,0
2026-08-14T16:00:00Z,1186.0,1187.75,1184.25,1186.75,0
2026-08-14T17:00:00Z,1186.75,1187.0,1185.25,1186.0,0
2026-08-14T18:00:00Z,1186.0,1193.0,1186.0,1191.25,0
2026-08-17T00:00:00Z,1192.5,1193.75,1188.25,1192.5,0
2026-08-17T01:00:00Z,1192.75,1194.0,1189.75,1193.75,0
2026-08-17T02:00:00Z,1193.75,1194.25,1191.5,1192.25,0
2026-08-17T03:00:00Z,1192.25,1192.25,1189.75,1190.25,0
2026-08-17T04:00:00Z,1190.5,1192.25,1190.5,1192.0,0
2026-08-17T05:00:00Z,1192.0,1193.5,1192.0,1193.25,0
2026-08-17T06:00:00Z,1193.25,1196.25,1193.25,1195.5,0
2026-08-17T07:00:00Z,1195.5,1197.0,1194.75,1195.5,0
2026-08-17T08:00:00Z,1195.5,1197.25,1194.25,1195.75,0
2026-08-17T09:00:00Z,1195.75,1199.5,1195.75,1199.5,0
2026-08-17T10:00:00Z,1199.5,1200.5,1195.75,1195.75,0
2026-08-17T11:00:00Z,1196.0,1199.25,1194.5,1198.75,0
2026-08-17T12:00:00Z,1198.5,1200.0,1196.75,1197.75,0
2026-08-17T13:00:00Z,1198.0,1202.25,1196.75,1202.0,0
2026-08-17T14:00:00Z,1202.0,1209.5,1201.75,1209.5,0
2026-08-17T15:00:00Z,1209.5,1211.0,1208.0,1210.0,0
2026-08-17T16:00:00Z,1210.0,1216.5,1210.0,1216.0,0
2026-08-17T17:00:00Z,1216.0,1218.0,1215.25,1215.75,0
2026-08-17T18:00:00Z,1216.0,1217.25,1215.25,1216.0,0
2026-08-18T00:00:00Z,1215.0,1220.5,1213.0,1219.25,0
2026-08-18T01:00:00Z,1219.25,1222.0,1218.75,1220.75,0
2026-08-18T02:00:00Z,1221.0,1225.5,1221.0,1224.75,0
2026-08-18T03:00:00Z,1224.5,1225.0,1223.0,1224.75,0
2026-08-18T04:00:00Z,1224.5,1225.25,1224.25,1224.75,0
2026-08-18T05:00:00Z,1224.75,1225.0,1223.0,1224.0,0
2026-08-18T06:00:00Z,1223.75,1225.25,1223.25,1224.75,0
2026-08-18T07:00:00Z,1224.75,1224.75,1223.5,1224.5,0
2026-08-18T08:00:00Z,1224.25,1225.25,1223.75,1225.0,0
2026-08-18T09:00:00Z,1224.75,1225.0,1223.75,1224.25,0
2026-08-18T10:00:00Z,1224.0,1225.25,1223.75,1224.5,0
2026-08-18T11:00:00Z,1224.75,1225.5,1222.25,1222.75,0
2026-08-18T12:00:00Z,1223.0,1227.25,1221.5,1227.0,0
2026-08-18T13:00:00Z,1226.75,1231.25,1224.0,1231.25,0
2026-08-18T14:00:00Z,1231.0,1231.75,1223.25,1226.75,0
2026-08-18T15:00:00Z,1226.75,1228.25,1222.25,1224.0,0
2026-08-18T16:00:00Z,1224.0,1226.5,1219.25,1219.75,0
2026-08-18T17:00:00Z,1219.75,1220.5,1217.25,1218.5,0
2026-08-18T18:00:00Z,1218.75,1219.25,1214.5,1215.25,0
2026-08-19T00:00:00Z,1215.0,1216.75,1214.0,1215.75,0
2026-08-19T01:00:00Z,1215.75,1224.0,1215.75,1224.0,0
2026-08-19T02:00:00Z,1224.0,1224.0,1221.75,1223.75,0
2026-08-19T03:00:00Z,1223.75,1225.0,1222.75,1223.0,0
2026-08-19T04:00:00Z,1223.25,1223.75,1222.5,1223.25,0
2026-08-19T05:00:00Z,1223.25,1225.5,1222.75,1224.75,0
2026-08-19T06:00:00Z,1224.75,1226.75,1223.5,1224.75,0
2026-08-19T07:00:00Z,1224.25,1226.25,1223.75,1224.5,0
2026-08-19T08:00:00Z,1224.5,1225.25,1223.0,1225.25,0
2026-08-19T09:00:00Z,1225.25,1227.5,1225.0,1226.75,0
2026-08-19T10:00:00Z,1226.75,1228.75,1226.5,1227.25,0
2026-08-19T11:00:00Z,1227.25,1228.75,1227.25,1227.5,0
2026-08-19T12:00:00Z,1227.5,1229.5,1225.5,1226.25,0
2026-08-19T13:00:00Z,1225.5,1231.5,1225.5,1230.5,0
2026-08-19T14:00:00Z,1230.25,1236.5,1230.0,1235.5,0
2026-08-19T15:00:00Z,1235.75,1239.0,1235.0,1236.5,0
2026-08-19T16:00:00Z,1236.5,1239.5,1234.0,1234.0,0
2026-08-19T17:00:00Z,1234.25,1236.0,1232.75,1235.5,0
2026-08-19T18:00:00Z,1235.25,1237.75,1235.25,1236.0,0
2026-08-20T00:00:00Z,1236.5,1240.0,1235.5,1238.0,0
2026-08-20T01:00:00Z,1238.0,1240.5,1234.75,1235.75,0
2026-08-20T02:00:00Z,1236.0,1239.25,1234.5,1238.5,0
2026-08-20T03:00:00Z,1238.25,1239.75,1238.25,1239.5,0
2026-08-20T04:00:00Z,1239.5,1239.5,1237.75,1238.25,0
2026-08-20T05:00:00Z,1238.25,1240.0,1237.25,1238.0,0
2026-08-20T06:00:00Z,1238.25,1240.25,1237.5,1239.5,0
2026-08-20T07:00:00Z,1239.5,1243.25,1239.5,1243.0,0
2026-08-20T08:00:00Z,1242.75,1244.5,1242.25,1244.25,0
2026-08-20T09:00:00Z,1244.0,1244.0,1241.0,1242.25,0
2026-08-20T10:00:00Z,1242.25,1243.0,1240.75,1241.25,0
2026-08-20T11:00:00Z,1241.0,1241.25,1239.0,1240.75,0
2026-08-20T12:00:00Z,1240.75,1243.75,1240.25,1241.75,0
2026-08-20T13:00:00Z,1241.25,1242.75,1234.75,1236.5,0
2026-08-20T14:00:00Z,1236.25,1242.25,1235.0,1242.0,0
2026-08-20T15:00:00Z,1242.0,1243.5,1239.0,1240.75,0
2026-08-20T16:00:00Z,1241.0,1242.25,1236.0,1236.25,0
2026-08-20T17:00:00Z,1236.0,1238.75,1236.0,1237.0,0
2026-08-20T18:00:00Z,1237.0,1237.75,1235.5,1236.0,0
2026-08-21T00:00:00Z,1235.5,1235.5,1230.5,1233.5,0
2026-08-21T01:00:00Z,1233.75,1234.25,1228.25,1229.75,0
2026-08-21T02:00:00Z,1230.0,1231.5,1227.75,1228.5,0
2026-08-21T03:00:00Z,1228.5,1230.25,1228.25,1228.75,0
2026-08-21T04:00:00Z,1228.5,1229.75,1228.25,1228.5,0
2026-08-21T05:00:00Z,1228.25,1229.75,1226.5,1226.75,0
2026-08-21T06:00:00Z,1226.75,1228.0,1224.5,1228.0,0
2026-08-21T07:00:00Z,1228.0,1231.25,1227.0,1230.0,0
2026-08-21T08:00:00Z,1230.0,1232.5,1229.75,1231.0,0
2026-08-21T09:00:00Z,1231.0,1233.0,1230.75,1231.0,0
2026-08-21T10:00:00Z,1231.0,1233.0,1230.0,1232.5,0
2026-08-21T11:00:00Z,1232.5,1232.75,1228.5,1231.5,0
2026-08-21T12:00:00Z,1231.75,1233.5,1231.5,1233.25,0
2026-08-21T13:00:00Z,1234.5,1237.25,1232.25,1234.75,0
2026-08-21T14:00:00Z,1234.75,1237.75,1232.25,1236.5,0
2026-08-21T15:00:00Z,1236.25,1237.75,1229.25,1236.75,0
2026-08-21T16:00:00Z,1237.0,1239.0,1232.75,1236.5,0
2026-08-21T17:00:00Z,1236.75,1239.0,1235.5,1236.75,0
2026-08-21T18:00:00Z,1237.0,1240.5,1236.75,1240.25,0
2026-08-24T00:00:00Z,1239.5,1239.5,1231.5,1233.25,0
2026-08-24T01:00:00Z,1233.25,1234.75,1229.75,1233.75,0
2026-08-24T02:00:00Z,1233.75,1235.0,1232.5,1234.25,0
2026-08-24T03:00:00Z,1234.5,1235.0,1233.0,1233.0,0
2026-08-24T04:00:00Z,1233.0,1233.5,1232.25,1232.5,0
2026-08-24T05:00:00Z,1232.5,1234.5,1232.0,1234.0,0
2026-08-24T06:00:00Z,1233.75,1234.0,1231.0,1231.0,0
2026-08-24T07:00:00Z,1231.0,1233.75,1231.0,1233.0,0
2026-08-24T08:00:00Z,1233.0,1236.25,1231.25,1231.25,0
2026-08-24T09:00:00Z,1231.25,1237.75,1231.0,1237.25,0
2026-08-24T10:00:00Z,1237.5,1238.5,1236.0,1236.25,0
2026-08-24T11:00:00Z,1236.0,1236.25,1233.5,1235.75,0
2026-08-24T12:00:00Z,1235.75,1235.75,1229.75,1231.25,0
2026-08-24T13:00:00Z,1230.0,1232.75,1227.25,1230.5,0
2026-08-24T14:00:00Z,1230.75,1231.0,1218.25,1219.5,0
2026-08-24T15:00:00Z,1219.75,1223.5,1218.75,1221.75,0
2026-08-24T16:00:00Z,1222.0,1226.75,1222.0,1224.25,0
2026-08-24T17:00:00Z,1224.5,1227.0,1222.0,1224.0,0
2026-08-24T18:00:00Z,1223.75,1225.75,1223.25,1225.5,0
2026-08-25T00:00:00Z,1223.0,1228.5,1222.5,1223.25,0
2026-08-25T01:00:00Z,1223.25,1226.75,1222.5,1225.0,0
2026-08-25T02:00:00Z,1225.25,1225.5,1221.75,1222.0,0
2026-08-25T03:00:00Z,1222.0,1224.25,1222.0,1223.5,0
2026-08-25T04:00:00Z,1224.0,1225.25,1223.5,1224.75,0
2026-08-25T05:00:00Z,1225.0,1225.75,1223.25,1224.5,0
2026-08-25T06:00:00Z,1224.25,1226.75,1223.5,1226.0,0
2026-08-25T07:00:00Z,1226.0,1227.75,1223.0,1223.25,0
2026-08-25T08:00:00Z,1223.25,1224.0,1221.0,1221.75,0
2026-08-25T09:00:00Z,1221.75,1223.25,1219.5,1219.75,0
2026-08-25T10:00:00Z,1219.75,1220.25,1217.25,1218.5,0
2026-08-25T11:00:00Z,1218.5,1219.75,1217.0,1219.5,0
2026-08-25T12:00:00Z,1219.75,1220.75,1216.5,1217.25,0
2026-08-25T13:00:00Z,1217.25,1229.0,1216.25,1228.75,0
2026-08-25T14:00:00Z,1228.5,1229.75,1224.75,1226.0,0
2026-08-25T15:00:00Z,1226.25,1232.75,1225.75,1232.25,0
2026-08-25T16:00:00Z,1232.5,1235.5,1231.25,1233.75,0
2026-08-25T17:00:00Z,1234.0,1236.5,1232.75,1236.25,0
2026-08-25T18:00:00Z,1236.5,1239.0,1234.5,1238.75,0
2026-08-26T00:00:00Z,1238.0,1238.25,1232.75,1233.5,0
2026-08-26T01:00:00Z,1233.25,1238.75,1232.0,1238.25,0
2026-08-26T02:00:00Z,1238.25,1238.75,1236.0,1237.0,0
2026-08-26T03:00:00Z,1237.0,1237.0,1235.25,1236.0,0
2026-08-26T04:00:00Z,1235.75,1237.25,1235.75,1237.0,0
2026-08-26T05:00:00Z,1237.0,1243.5,1236.25,1242.25,0
2026-08-26T06:00:00Z,1242.25,1242.5,1238.0,1239.0,0
2026-08-26T07:00:00Z,1239.25,1241.0,1238.0,1240.25,0
2026-08-26T08:00:00Z,1240.5,1242.25,1238.75,1240.75,0
2026-08-26T09:00:00Z,1240.75,1242.5,1240.75,1242.25,0
2026-08-26T10:00:00Z,1242.25,1242.75,1239.75,1240.0,0
2026-08-26T11:00:00Z,1240.0,1246.25,1239.25,1243.5,0
2026-08-26T12:00:00Z,1243.75,1244.25,1240.5,1240.5,0
2026-08-26T13:00:00Z,1240.75,1245.5,1239.75,1245.0,0
2026-08-26T14:00:00Z,1245.0,1246.25,1241.5,1244.25,0
2026-08-26T15:00:00Z,1244.25,1250.25,1242.5,1249.5,0
2026-08-26T16:00:00Z,1249.75,1258.0,1249.5,1257.25,0
2026-08-26T17:00:00Z,1257.25,1268.75,1256.0,1268.0,0
2026-08-26T18:00:00Z,1268.25,1270.0,1261.25,1261.5,0
2026-08-27T00:00:00Z,1261.0,1264.5,1256.0,1262.25,0
2026-08-27T01:00:00Z,1262.0,1264.25,1258.5,1259.75,0
2026-08-27T02:00:00Z,1259.75,1265.75,1259.25,1263.5,0
2026-08-27T03:00:00Z,1263.5,1264.25,1261.75,1262.75,0
2026-08-27T04:00:00Z,1262.75,1264.5,1262.75,1263.75,0
2026-08-27T05:00:00Z,1263.75,1263.75,1258.75,1260.0,0
2026-08-27T06:00:00Z,1260.0,1263.5,1258.5,1262.75,0
2026-08-27T07:00:00Z,1262.75,1263.0,1259.25,1260.0,0
2026-08-27T08:00:00Z,1260.25,1263.25,1259.0,1260.75,0
2026-08-27T09:00:00Z,1260.5,1261.0,1258.5,1258.75,0
2026-08-27T10:00:00Z,1259.0,1259.75,1257.5,1259.25,0
2026-08-27T11:00:00Z,1259.25,1261.75,1259.0,1259.75,0
2026-08-27T12:00:00Z,1259.5,1262.5,1259.0,1259.75,0
2026-08-27T13:00:00Z,1259.0,1261.5,1250.75,1253.5,0
2026-08-27T14:00:00Z,1253.5,1266.0,1251.0,1261.75,0
2026-08-27T15:00:00Z,1261.75,1271.25,1260.5,1270.75,0
2026-08-27T16:00:00Z,1270.5,1271.25,1264.25,1267.5,0
2026-08-27T17:00:00Z,1267.5,1272.0,1267.25,1270.0,0
2026-08-27T18:00:00Z,1270.0,1270.75,1263.25,1263.5,0
2026-08-28T00:00:00Z,1270.0,1279.5,1270.0,1277.25,0
2026-08-28T01:00:00Z,1277.0,1278.5,1271.75,1274.0,0
2026-08-28T02:00:00Z,1273.25,1276.0,1272.25,1272.25,0
2026-08-28T03:00:00Z,1272.25,1273.25,1271.25,1272.75,0
2026-08-28T04:00:00Z,1272.5,1273.0,1271.75,1272.5,0
2026-08-28T05:00:00Z,1272.5,1274.75,1270.25,1274.25,0
2026-08-28T06:00:00Z,1274.25,1279.5,1272.5,1273.25,0
2026-08-28T07:00:00Z,1273.25,1274.75,1270.5,1274.25,0
2026-08-28T08:00:00Z,1274.25,1274.5,1269.25,1269.75,0
2026-08-28T09:00:00Z,1270.0,1276.5,1270.0,1275.25,0
2026-08-28T10:00:00Z,1275.25,1277.75,1274.0,1274.25,0
2026-08-28T11:00:00Z,1274.5,1278.5,1274.25,1275.5,0
2026-08-28T12:00:00Z,1275.75,1281.5,1274.0,1279.5,0
2026-08-28T13:00:00Z,1278.75,1283.25,1277.5,1280.0,0
2026-08-28T14:00:00Z,1280.25,1284.5,1276.75,1283.25,0
2026-08-28T15:00:00Z,1283.0,1287.0,1281.25,1284.25,0
2026-08-28T16:00:00Z,1284.5,1288.0,1282.75,1287.5,0
2026-08-28T17:00:00Z,1287.5,1288.25,1283.25,1287.0,0
2026-08-28T18:00:00Z,1287.25,1290.0,1285.25,1287.75,0
2026-08-31T00:00:00Z,1288.0,1288.5,1283.25,1285.0,0
2026-08-31T01:00:00Z,1285.0,1294.5,1282.75,1292.75,0
2026-08-31T02:00:00Z,1292.5,1292.75,1288.25,1288.5,0
2026-08-31T03:00:00Z,1288.5,1290.5,1288.25,1289.0,0
2026-08-31T04:00:00Z,1289.25,1289.25,1286.75,1287.5,0
2026-08-31T05:00:00Z,1287.25,1290.0,1283.0,1285.75,0
2026-08-31T06:00:00Z,1285.25,1287.5,1284.5,1284.5,0
2026-08-31T07:00:00Z,1284.5,1287.5,1284.0,1285.5,0
2026-08-31T08:00:00Z,1285.5,1289.75,1285.25,1288.0,0
2026-08-31T09:00:00Z,1287.75,1287.75,1284.5,1286.0,0
2026-08-31T10:00:00Z,1286.0,1286.25,1282.5,1283.0,0
2026-08-31T11:00:00Z,1283.0,1285.5,1280.5,1281.75,0
2026-08-31T12:00:00Z,1281.75,1285.25,1278.75,1279.0,0
2026-08-31T13:00:00Z,1278.5,1286.75,1277.25,1285.25,0
2026-08-31T14:00:00Z,1285.25,1288.25,1281.25,1283.75,0
2026-08-31T15:00:00Z,1284.0,1290.25,1282.0,1283.5,0
2026-08-31T16:00:00Z,1283.25,1291.0,1283.0,1290.75,0
2026-08-31T17:00:00Z,1290.75,1291.25,1287.5,1288.0,0
2026-08-31T18:00:00Z,1288.0,1289.5,1287.0,1287.75,0
2026-09-01T00:00:00Z,1291.25,1301.5,1290.0,1294.25,0
2026-09-01T01:00:00Z,1294.25,1296.75,1290.5,1292.25,0
2026-09-01T02:00:00Z,1292.5,1299.0,1292.0,1297.5,0
2026-09-01T03:00:00Z,1297.5,1298.25,1295.5,1298.0,0
2026-09-01T04:00:00Z,1297.75,1299.5,1297.0,1299.0,0
2026-09-01T05:00:00Z,1299.0,1304.0,1297.75,1301.0,0
2026-09-01T06:00:00Z,1301.0,1302.5,1298.25,1299.0,0
2026-09-01T07:00:00Z,1299.25,1304.5,1299.0,1303.75,0
2026-09-01T08:00:00Z,1303.75,1306.25,1302.25,1303.0,0
2026-09-01T09:00:00Z,1303.0,1303.0,1299.75,1300.0,0
2026-09-01T10:00:00Z,1300.0,1300.75,1297.0,1298.0,0
2026-09-01T11:00:00Z,1298.25,1299.75,1296.5,1296.5,0
2026-09-01T12:00:00Z,1296.75,1301.0,1295.75,1300.5,0
2026-09-01T13:00:00Z,1299.0,1311.0,1299.0,1310.75,0
2026-09-01T14:00:00Z,1310.5,1316.5,1310.0,1312.5,0
2026-09-01T15:00:00Z,1312.5,1316.75,1309.0,1314.0,0
2026-09-01T16:00:00Z,1314.0,1320.0,1313.75,1316.0,0
2026-09-01T17:00:00Z,1316.0,1320.0,1315.0,1319.75,0
2026-09-01T18:00:00Z,1319.75,1320.5,1316.25,1318.5,0
2026-09-02T00:00:00Z,1317.0,1324.0,1311.5,1314.75,0
2026-09-02T01:00:00Z,1315.0,1315.75,1304.75,1306.5,0
2026-09-02T02:00:00Z,1306.5,1308.75,1304.25,1304.5,0
2026-09-02T03:00:00Z,1304.25,1304.75,1301.25,1302.0,0
2026-09-02T04:00:00Z,1302.0,1303.0,1301.75,1302.0,0
2026-09-02T05:00:00Z,1302.0,1304.5,1300.75,1304.5,0
2026-09-02T06:00:00Z,1304.25,1304.5,1301.75,1303.25,0
2026-09-02T07:00:00Z,1303.5,1304.5,1302.0,1303.0,0
2026-09-02T08:00:00Z,1303.0,1303.75,1302.0,1302.5,0
2026-09-02T09:00:00Z,1302.5,1304.75,1302.0,1304.5,0
2026-09-02T10:00:00Z,1304.75,1305.5,1304.0,1304.25,0
2026-09-02T11:00:00Z,1304.0,1305.5,1302.75,1303.0,0
2026-09-02T12:00:00Z,1303.25,1304.25,1300.25,1303.25,0
2026-09-02T13:00:00Z,1303.0,1306.5,1300.0,1303.75,0
2026-09-02T14:00:00Z,1303.5,1316.5,1303.25,1314.25,0
2026-09-02T15:00:00Z,1314.5,1319.75,1313.75,1316.5,0
2026-09-02T16:00:00Z,1316.75,1319.0,1314.75,1317.5,0
2026-09-02T17:00:00Z,1317.5,1318.25,1310.5,1312.5,0
2026-09-02T18:00:00Z,1312.5,1314.0,1307.5,1308.75,0
2026-09-03T00:00:00Z,1308.5,1313.25,1305.0,1312.25,0
2026-09-03T01:00:00Z,1311.75,1314.25,1307.25,1312.5,0
2026-09-03T02:00:00Z,1312.5,1316.0,1310.5,1312.25,0
2026-09-03T03:00:00Z,1312.0,1315.75,1311.75,1314.0,0
2026-09-03T04:00:00Z,1313.75,1313.75,1313.0,1313.5,0
2026-09-03T05:00:00Z,1313.75,1314.25,1309.5,1309.75,0
2026-09-03T06:00:00Z,1309.75,1311.5,1304.5,1309.0,0
2026-09-03T07:00:00Z,1309.0,1309.25,1306.0,1307.0,0
2026-09-03T08:00:00Z,1307.0,1307.5,1299.25,1299.5,0
2026-09-03T09:00:00Z,1299.75,1300.0,1296.5,1296.5,0
2026-09-03T10:00:00Z,1296.75,1299.5,1295.0,1298.25,0
2026-09-03T11:00:00Z,1298.25,1301.0,1297.25,1298.75,0
2026-09-03T12:00:00Z,1298.5,1298.5,1295.0,1298.25,0
2026-09-03T13:00:00Z,1298.0,1298.25,1290.25,1292.75,0
2026-09-03T14:00:00Z,1292.75,1306.25,1291.0,1306.0,0
2026-09-03T15:00:00Z,1306.0,1315.5,1305.25,1315.25,0
2026-09-03T16:00:00Z,1315.5,1317.75,1313.75,1314.75,0
2026-09-03T17:00:00Z,1314.75,1316.0,1311.75,1314.75,0
2026-09-03T18:00:00Z,1314.5,1319.0,1314.5,1314.5,0
2026-09-04T00:00:00Z,1316.0,1316.75,1311.0,1312.0,0
2026-09-04T01:00:00Z,1312.25,1319.25,1310.0,1316.25,0
2026-09-04T02:00:00Z,1316.0,1318.0,1314.5,1316.5,0
2026-09-04T03:00:00Z,1316.25,1317.25,1314.25,1315.25,0
2026-09-04T04:00:00Z,1315.25,1316.0,1313.25,1313.75,0
2026-09-04T05:00:00Z,1313.5,1315.5,1312.75,1315.0,0
2026-09-04T06:00:00Z,1315.25,1320.75,1314.5,1315.25,0
2026-09-04T07:00:00Z,1315.5,1316.5,1310.0,1311.25,0
2026-09-04T08:00:00Z,1311.0,1311.5,1309.5,1311.0,0
2026-09-04T09:00:00Z,1311.25,1316.25,1310.5,1315.25,0
2026-09-04T10:00:00Z,1315.25,1318.0,1313.5,1314.5,0
2026-09-04T11:00:00Z,1314.0,1317.25,1312.75,1316.0,0
2026-09-04T12:00:00Z,1316.25,1316.25,1308.5,1310.5,0
2026-09-04T13:00:00Z,1310.0,1312.75,1306.25,1307.5,0
2026-09-04T14:00:00Z,1307.5,1316.5,1305.75,1314.5,0
2026-09-04T15:00:00Z,1314.25,1316.75,1308.5,1309.0,0
2026-09-04T16:00:00Z,1308.75,1313.0,1307.25,1311.75,0
2026-09-04T17:00:00Z,1311.5,1313.0,1309.0,1311.0,0
2026-09-04T18:00:00Z,1311.25,1311.75,1309.0,1310.25,0
2026-09-08T00:00:00Z,1315.25,1320.5,1313.0,1314.25,0
2026-09-08T01:00:00Z,1314.5,1317.75,1311.5,1312.0,0
2026-09-08T02:00:00Z,1311.75,1314.5,1310.5,1314.5,0
2026-09-08T03:00:00Z,1314.5,1317.0,1313.0,1316.0,0
2026-09-08T04:00:00Z,1316.25,1318.75,1316.0,1318.0,0
2026-09-08T05:00:00Z,1317.75,1320.75,1317.25,1319.5,0
2026-09-08T06:00:00Z,1319.75,1321.25,1310.75,1312.5,0
2026-09-08T07:00:00Z,1312.5,1314.25,1310.5,1313.75,0
2026-09-08T08:00:00Z,1313.5,1314.0,1310.5,1311.5,0
2026-09-08T09:00:00Z,1311.5,1312.25,1307.0,1310.25,0
2026-09-08T10:00:00Z,1310.5,1312.75,1309.5,1310.0,0
2026-09-08T11:00:00Z,1310.25,1312.25,1305.25,1306.0,0
2026-09-08T12:00:00Z,1305.5,1307.75,1304.0,1306.5,0
2026-09-08T13:00:00Z,1305.5,1313.25,1304.5,1310.25,0
2026-09-08T14:00:00Z,1310.0,1314.25,1305.75,1313.5,0
2026-09-08T15:00:00Z,1313.5,1315.0,1310.5,1312.5,0
2026-09-08T16:00:00Z,1312.5,1312.5,1308.5,1312.0,0
2026-09-08T17:00:00Z,1312.25,1315.25,1310.0,1314.5,0
2026-09-08T18:00:00Z,1314.5,1317.75,1314.5,1316.75,0
2026-09-09T00:00:00Z,1317.0,1318.5,1310.25,1311.0,0
2026-09-09T01:00:00Z,1311.0,1312.5,1308.0,1308.25,0
2026-09-09T02:00:00Z,1308.25,1311.75,1307.5,1311.25,0
2026-09-09T03:00:00Z,1311.0,1311.0,1309.25,1310.25,0
2026-09-09T04:00:00Z,1310.25,1310.5,1309.5,1310.0,0
2026-09-09T05:00:00Z,1310.0,1311.5,1308.75,1311.5,0
2026-09-09T06:00:00Z,1311.75,1317.25,1311.75,1316.5,0
2026-09-09T07:00:00Z,1316.5,1320.0,1315.5,1320.0,0
2026-09-09T08:00:00Z,1319.75,1320.75,1317.75,1317.75,0
2026-09-09T09:00:00Z,1318.0,1319.25,1316.5,1318.5,0
2026-09-09T10:00:00Z,1318.5,1320.25,1318.25,1318.5,0
2026-09-09T11:00:00Z,1318.5,1319.5,1314.5,1315.25,0
2026-09-09T12:00:00Z,1315.0,1315.75,1312.5,1313.5,0
2026-09-09T13:00:00Z,1313.0,1317.5,1308.0,1309.25,0
2026-09-09T14:00:00Z,1309.25,1313.25,1305.5,1312.25,0
2026-09-09T15:00:00Z,1312.0,1313.25,1306.0,1308.25,0
2026-09-09T16:00:00Z,1308.0,1312.75,1307.75,1310.0,0
2026-09-09T17:00:00Z,1309.75,1314.0,1309.75,1310.25,0
2026-09-09T18:00:00Z,1310.25,1311.75,1308.75,1308.75,0
2026-09-10T00:00:00Z,1309.5,1310.25,1307.25,1307.75,0
2026-09-10T01:00:00Z,1307.75,1309.75,1306.5,1307.0,0
2026-09-10T02:00:00Z,1307.0,1310.25,1306.25,1309.75,0
2026-09-10T03:00:00Z,1309.75,1309.75,1307.0,1308.0,0
2026-09-10T04:00:00Z,1308.0,1309.0,1307.25,1307.25,0
2026-09-10T05:00:00Z,1307.75,1309.5,1305.0,1308.25,0
2026-09-10T06:00:00Z,1308.25,1308.75,1306.5,1308.25,0
2026-09-10T07:00:00Z,1308.25,1310.0,1306.5,1310.0,0
2026-09-10T08:00:00Z,1310.0,1315.75,1309.75,1315.25,0
2026-09-10T09:00:00Z,1315.25,1316.75,1314.5,1316.5,0
2026-09-10T10:00:00Z,1316.5,1316.75,1314.25,1314.75,0
2026-09-10T11:00:00Z,1314.75,1318.5,1314.75,1318.25,0
2026-09-10T12:00:00Z,1318.5,1321.25,1317.75,1320.5,0
2026-09-10T13:00:00Z,1319.5,1321.25,1312.5,1316.0,0
